station,timestamp_utc,timestamp_th,timestamp_source,coverage_pct,max_dbz,echo_px,echo_px_ge35,qc_spike_px,qc_spike_az,qc_spike_type,qc_clutter_px,qc_removed_px,qc_removed_pct,sha256,raw_file
PHS,2026-09-02 11:45:02,2026-09-02 18:45:02,ocr-repaired,2.7907,40.9,15316,690,1631,178.0;178.5;179.0;179.5;180.0,rfi,0,1696,9.97,bb538cae035efd51,raw/PHS/2026/09/PHS_20260902_1145Z.jpg
PHS,2026-09-03 01:30:02,2026-09-03 08:30:02,ocr-repaired,0.0073,21.5,40,0,0,,,0,0,0.0,fa2b2a678156fb14,raw/PHS/2026/09/PHS_20260903_0130Z.jpg
PHS,2026-09-03 01:45:02,2026-09-03 08:45:02,ocr-repaired,0.0,,0,0,0,,,0,0,0.0,d35f75f8b6a39002,raw/PHS/2026/09/PHS_20260903_0145Z.jpg
PHS,2026-09-03 02:00:02,2026-09-03 09:00:02,ocr-repaired,0.0018,11.7,10,0,0,,,0,0,0.0,48a3c2d6adaa8f28,raw/PHS/2026/09/PHS_20260903_0200Z.jpg
PHS,2026-09-03 02:15:02,2026-09-03 09:15:02,ocr-repaired,0.0,,0,0,0,,,0,0,0.0,d9feda27a04b4229,raw/PHS/2026/09/PHS_20260903_0215Z.jpg
PHS,2026-09-03 02:30:02,2026-09-03 09:30:02,ocr-repaired,0.0,,0,0,0,,,0,0,0.0,cba6bb8fd2977cfe,raw/PHS/2026/09/PHS_20260903_0230Z.jpg
PHS,2026-09-03 02:45:02,2026-09-03 09:45:02,ocr-repaired,0.0,,0,0,0,,,0,0,0.0,32281a65409df146,raw/PHS/2026/09/PHS_20260903_0245Z.jpg
PHS,2026-09-03 03:00:02,2026-09-03 10:00:02,ocr-repaired,0.0,,0,0,0,,,0,0,0.0,1100caea75330408,raw/PHS/2026/09/PHS_20260903_0300Z.jpg
PHS,2026-09-03 03:15:02,2026-09-03 10:15:02,ocr-repaired,0.0091,21.5,50,0,0,,,0,0,0.0,ca59bc984501072a,raw/PHS/2026/09/PHS_20260903_0315Z.jpg
PHS,2026-09-03 03:30:02,2026-09-03 10:30:02,ocr-repaired,0.0098,21.5,54,0,0,,,0,0,0.0,d213da4379b26712,raw/PHS/2026/09/PHS_20260903_0330Z.jpg
PHS,2026-09-03 03:45:02,2026-09-03 10:45:02,ocr-repaired,0.0,,0,0,0,,,0,0,0.0,e33b12fb2dea517a,raw/PHS/2026/09/PHS_20260903_0345Z.jpg
PHS,2026-09-03 04:00:02,2026-09-03 11:00:02,ocr-repaired,0.0064,14.1,35,0,0,,,0,0,0.0,1b374e7e0e3d0fb7,raw/PHS/2026/09/PHS_20260903_0400Z.jpg
PHS,2026-09-03 04:15:02,2026-09-03 11:15:02,ocr-repaired,0.0,,0,0,0,,,0,0,0.0,c2e42edc3be9f88f,raw/PHS/2026/09/PHS_20260903_0415Z.jpg
PHS,2026-09-03 05:15:02,2026-09-03 12:15:02,ocr-repaired,0.117,38.5,642,25,0,,,0,0,0.0,d52c467b289f80ab,raw/PHS/2026/09/PHS_20260903_0515Z.jpg
PHS,2026-09-03 05:30:02,2026-09-03 12:30:02,ocr-repaired,0.1603,40.9,880,26,0,,,0,0,0.0,d3fcecd875e56bb9,raw/PHS/2026/09/PHS_20260903_0530Z.jpg
PHS,2026-09-03 05:45:02,2026-09-03 12:45:02,ocr-repaired,0.2505,36.1,1375,10,0,,,0,0,0.0,8036afc002969e78,raw/PHS/2026/09/PHS_20260903_0545Z.jpg
PHS,2026-09-03 06:00:02,2026-09-03 13:00:02,ocr-repaired,0.4515,43.4,2478,35,0,,,0,0,0.0,000bb235d3479c5f,raw/PHS/2026/09/PHS_20260903_0600Z.jpg
PHS,2026-09-03 06:15:02,2026-09-03 13:15:02,ocr-repaired,0.5027,40.9,2759,54,0,,,0,0,0.0,c56c2843ed5f3245,raw/PHS/2026/09/PHS_20260903_0615Z.jpg
PHS,2026-09-03 06:30:02,2026-09-03 13:30:02,ocr-repaired,0.5825,40.9,3197,114,264,178.0;178.5;179.0;179.5;180.0,rfi,0,296,8.47,b7bf8dd64b476b6f,raw/PHS/2026/09/PHS_20260903_0630Z.jpg
PHS,2026-09-03 06:45:02,2026-09-03 13:45:02,ocr-repaired,0.6091,40.9,3343,110,0,,,0,0,0.0,947b426cee9cee4f,raw/PHS/2026/09/PHS_20260903_0645Z.jpg
PHS,2026-09-03 07:00:02,2026-09-03 14:00:02,ocr-repaired,0.6694,40.9,3674,85,203,178.5;179.0;179.5,rfi,0,216,5.55,462556caa5e7575f,raw/PHS/2026/09/PHS_20260903_0700Z.jpg
PHS,2026-09-03 07:15:02,2026-09-03 14:15:02,ocr-repaired,0.719,40.9,3946,77,462,178.5;179.0;179.5;180.0;180.5,rfi,0,491,11.07,b9d4170f7b4508c7,raw/PHS/2026/09/PHS_20260903_0715Z.jpg
PHS,2026-09-03 07:30:02,2026-09-03 14:30:02,ocr-repaired,0.7995,40.9,4388,185,0,,,0,0,0.0,f84ed8d9b3d38f62,raw/PHS/2026/09/PHS_20260903_0730Z.jpg
PHS,2026-09-03 08:30:02,2026-09-03 15:30:02,ocr-repaired,0.7815,43.4,4289,222,405,179.0;179.5,rfi,0,443,9.36,301d502d4ed0ce83,raw/PHS/2026/09/PHS_20260903_0830Z.jpg
PHS,2026-09-03 09:00:02,2026-09-03 16:00:02,ocr-repaired,0.8556,40.9,4696,234,0,,,0,0,0.0,e9e9f490e4fddb0b,raw/PHS/2026/09/PHS_20260903_0900Z.jpg
PHS,2026-09-03 09:15:02,2026-09-03 16:15:02,ocr-repaired,0.8771,62.8,4814,256,0,,,0,0,0.0,7719236aba8a054f,raw/PHS/2026/09/PHS_20260903_0915Z.jpg
PHS,2026-09-03 09:30:02,2026-09-03 16:30:02,ocr-repaired,0.8946,40.9,4910,254,0,,,0,0,0.0,a5bcb8c0d3cae163,raw/PHS/2026/09/PHS_20260903_0930Z.jpg
PHS,2026-09-03 09:45:02,2026-09-03 16:45:02,ocr-repaired,1.0435,40.9,5727,194,0,,,0,0,0.0,f9814405636dc984,raw/PHS/2026/09/PHS_20260903_0945Z.jpg
PHS,2026-09-03 10:00:02,2026-09-03 17:00:02,ocr-repaired,1.006,40.9,5521,172,205,178.0;178.5;179.0;179.5,rfi,0,221,3.85,7f414ff7f3ba9b83,raw/PHS/2026/09/PHS_20260903_1000Z.jpg
PHS,2026-09-03 10:15:02,2026-09-03 17:15:02,ocr-repaired,0.8673,40.9,4760,97,439,178.0;178.5;179.0;179.5;180.0;180.5,rfi,0,458,8.78,f5c34e72783f9f49,raw/PHS/2026/09/PHS_20260903_1015Z.jpg
PHS,2026-09-03 10:30:02,2026-09-03 17:30:02,ocr-repaired,0.8941,40.9,4907,150,0,,,0,0,0.0,aae3130900a21a71,raw/PHS/2026/09/PHS_20260903_1030Z.jpg
PHS,2026-09-03 10:45:02,2026-09-03 17:45:02,ocr-repaired,0.9181,40.9,5039,217,1025,178.0;178.5;179.0;179.5;180.0;180.5;181.0,rfi,0,1087,17.74,afaaa3adddf1103d,raw/PHS/2026/09/PHS_20260903_1045Z.jpg
PHS,2026-09-03 11:00:02,2026-09-03 18:00:02,ocr-repaired,0.8735,43.4,4794,245,0,,,0,0,0.0,82a49ba52d0c38f2,raw/PHS/2026/09/PHS_20260903_1100Z.jpg
PHS,2026-09-03 11:30:02,2026-09-03 18:30:02,ocr-majority,0.7374,40.9,4047,170,0,,,0,0,0.0,888f0cf3d4ec7e93,raw/PHS/2026/09/PHS_20260903_1130Z.jpg
PHS,2026-09-03 11:45:02,2026-09-03 18:45:02,ocr-majority,0.7505,40.9,4119,108,522,178.0;178.5;179.0;179.5;180.0,rfi,0,558,11.93,dd71c8f9bf872e19,raw/PHS/2026/09/PHS_20260903_1145Z.jpg
PHS,2026-09-03 12:00:02,2026-09-03 19:00:02,ocr,0.8101,45.8,4446,108,0,,,0,0,0.0,ac4dde7877002ffb,raw/PHS/2026/09/PHS_20260903_1200Z.jpg
PHS,2026-09-03 12:15:02,2026-09-03 19:15:02,ocr,0.7973,62.8,4376,191,489,178.5;179.0;179.5;180.0;180.5,rfi,0,539,10.97,cd7fe92e1ef1f0ea,raw/PHS/2026/09/PHS_20260903_1215Z.jpg
PHS,2026-09-03 12:30:02,2026-09-03 19:30:02,ocr,0.7647,40.9,4197,153,1320,178.5;179.0;179.5;180.0;180.5,rfi,0,1376,24.69,114f5ab9737ff3dd,raw/PHS/2026/09/PHS_20260903_1230Z.jpg
PHS,2026-09-03 12:45:02,2026-09-03 19:45:02,ocr-majority,0.6133,40.9,3366,240,1288,178.0;178.5;179.0;179.5;180.0,rfi,0,1345,28.55,41214143deadeda2,raw/PHS/2026/09/PHS_20260903_1245Z.jpg
PHS,2026-09-03 13:00:02,2026-09-03 20:00:02,ocr,0.7724,40.9,4239,118,950,178.5;179.0;179.5;180.0,rfi,0,1023,19.44,acfa1e57813d825b,raw/PHS/2026/09/PHS_20260903_1300Z.jpg
PHS,2026-09-03 13:15:02,2026-09-03 20:15:02,ocr,0.8651,40.9,4748,73,193,179.0;179.5;180.0,rfi,0,232,4.66,17b3a60fb90d3b18,raw/PHS/2026/09/PHS_20260903_1315Z.jpg
PHS,2026-09-03 13:30:02,2026-09-03 20:30:02,ocr-majority,0.8959,38.5,4917,49,230,179.0;179.5,rfi,0,245,4.75,e7616c7137895762,raw/PHS/2026/09/PHS_20260903_1330Z.jpg
PHS,2026-09-03 13:45:02,2026-09-03 20:45:02,ocr-majority,0.9216,36.1,5058,10,235,178.5;179.0;179.5,rfi,0,253,4.76,11a5443928663870,raw/PHS/2026/09/PHS_20260903_1345Z.jpg
PHS,2026-09-03 14:00:02,2026-09-03 21:00:02,ocr,0.7862,36.1,4315,8,472,179.0;179.5,rfi,0,498,10.35,38b24389fd83238e,raw/PHS/2026/09/PHS_20260903_1400Z.jpg
PHS,2026-09-03 14:15:02,2026-09-03 21:15:02,ocr,0.6969,36.1,3825,14,0,,,0,0,0.0,cb2b5b5b8d9d8d0b,raw/PHS/2026/09/PHS_20260903_1415Z.jpg
PHS,2026-09-03 14:30:02,2026-09-03 21:30:02,ocr,0.7314,36.1,4014,5,308,179.0;179.5,rfi,0,331,7.62,b3b0fe4318944ccd,raw/PHS/2026/09/PHS_20260903_1430Z.jpg
PHS,2026-09-03 14:45:02,2026-09-03 21:45:02,ocr-majority,0.7095,43.4,3894,47,369,178.5;179.0;179.5,rfi,0,403,9.38,681fee1f202a8b6b,raw/PHS/2026/09/PHS_20260903_1445Z.jpg
PHS,2026-09-03 15:00:02,2026-09-03 22:00:02,ocr,0.7839,40.9,4302,19,849,178.5;179.0;179.5;180.0,rfi,0,905,17.38,6634d44f06e7d4c4,raw/PHS/2026/09/PHS_20260903_1500Z.jpg
PHS,2026-09-03 15:15:02,2026-09-03 22:15:02,ocr,0.6022,40.9,3305,37,0,,,0,0,0.0,cfea6fd6e9ad042e,raw/PHS/2026/09/PHS_20260903_1515Z.jpg
PHS,2026-09-03 15:30:02,2026-09-03 22:30:02,ocr,0.5796,36.1,3181,10,0,,,0,0,0.0,8088a545447b3b0c,raw/PHS/2026/09/PHS_20260903_1530Z.jpg
PHS,2026-09-03 15:45:02,2026-09-03 22:45:02,ocr-majority,0.6328,33.6,3473,0,0,,,0,0,0.0,ef8cf059bfb5968b,raw/PHS/2026/09/PHS_20260903_1545Z.jpg
PHS,2026-09-03 16:00:02,2026-09-03 23:00:02,ocr,0.6477,31.2,3555,0,0,,,0,0,0.0,9687810ac6dfbc4b,raw/PHS/2026/09/PHS_20260903_1600Z.jpg
PHS,2026-09-03 16:15:02,2026-09-03 23:15:02,ocr,0.61,40.9,3348,18,0,,,0,0,0.0,f35b63dc17feeeee,raw/PHS/2026/09/PHS_20260903_1615Z.jpg
PHS,2026-09-03 16:30:02,2026-09-03 23:30:02,ocr,0.6252,36.1,3431,13,0,,,0,0,0.0,0988c6d1b49cae99,raw/PHS/2026/09/PHS_20260903_1630Z.jpg
PHS,2026-09-03 16:45:02,2026-09-03 23:45:02,ocr-majority,0.6523,40.9,3580,29,0,,,0,0,0.0,6504e88dd35c39f6,raw/PHS/2026/09/PHS_20260903_1645Z.jpg
PHS,2026-09-03 17:00:02,2026-09-04 00:00:02,ocr,0.6636,40.9,3642,21,0,,,0,0,0.0,098df2b6686ea89d,raw/PHS/2026/09/PHS_20260903_1700Z.jpg
PHS,2026-09-03 17:15:02,2026-09-04 00:15:02,ocr,0.7518,45.8,4126,79,0,,,0,0,0.0,50cc3457618bee49,raw/PHS/2026/09/PHS_20260903_1715Z.jpg
PHS,2026-09-03 17:30:02,2026-09-04 00:30:02,ocr,0.7407,40.9,4065,20,0,,,0,0,0.0,d13e989c5e2d22ad,raw/PHS/2026/09/PHS_20260903_1730Z.jpg
PHS,2026-09-03 17:45:02,2026-09-04 00:45:02,ocr,0.9336,40.9,5124,24,0,,,0,0,0.0,5a88bde8f956f6f9,raw/PHS/2026/09/PHS_20260903_1745Z.jpg
PHS,2026-09-03 18:00:02,2026-09-04 01:00:02,ocr,0.8737,36.1,4795,6,467,179.0;179.5;180.0,rfi,0,522,9.82,09afe3072d996f41,raw/PHS/2026/09/PHS_20260903_1800Z.jpg
PHS,2026-09-03 18:15:02,2026-09-04 01:15:02,ocr,0.9998,40.9,5487,10,0,,,0,0,0.0,fa395d2658f1d596,raw/PHS/2026/09/PHS_20260903_1815Z.jpg
PHS,2026-09-03 18:30:02,2026-09-04 01:30:02,ocr-majority,1.2073,40.9,6626,30,0,,,0,0,0.0,63938e2d619e6967,raw/PHS/2026/09/PHS_20260903_1830Z.jpg
PHS,2026-09-03 18:45:02,2026-09-04 01:45:02,ocr-majority,1.3135,40.9,7209,11,0,,,0,0,0.0,837db0c78631d33a,raw/PHS/2026/09/PHS_20260903_1845Z.jpg
PHS,2026-09-03 19:00:02,2026-09-04 02:00:02,ocr,1.2339,36.1,6772,5,0,,,0,0,0.0,ee87a3ba23556d11,raw/PHS/2026/09/PHS_20260903_1900Z.jpg
PHS,2026-09-03 19:15:02,2026-09-04 02:15:02,ocr,1.1944,33.6,6555,0,0,,,0,0,0.0,b5490913b87c4506,raw/PHS/2026/09/PHS_20260903_1915Z.jpg
PHS,2026-09-03 19:30:02,2026-09-04 02:30:02,ocr,1.001,33.6,5494,0,0,,,0,0,0.0,bb54ccfe545e0444,raw/PHS/2026/09/PHS_20260903_1930Z.jpg
PHS,2026-09-03 19:45:02,2026-09-04 02:45:02,ocr,0.8372,33.6,4595,0,0,,,0,0,0.0,ed6ae3db89b269d7,raw/PHS/2026/09/PHS_20260903_1945Z.jpg
PHS,2026-09-03 20:00:02,2026-09-04 03:00:02,ocr,0.7002,26.3,3843,0,0,,,0,0,0.0,cb8694c378c4fda9,raw/PHS/2026/09/PHS_20260903_2000Z.jpg
PHS,2026-09-03 20:15:02,2026-09-04 03:15:02,ocr,0.5566,23.9,3055,0,0,,,0,0,0.0,655d841f926da2dd,raw/PHS/2026/09/PHS_20260903_2015Z.jpg
PHS,2026-09-03 20:30:02,2026-09-04 03:30:02,ocr,0.4364,26.3,2395,0,0,,,0,0,0.0,95876788b09ddc20,raw/PHS/2026/09/PHS_20260903_2030Z.jpg
PHS,2026-09-03 20:45:02,2026-09-04 03:45:02,ocr,0.3797,23.9,2084,0,0,,,0,0,0.0,f493e0dae54d6ee5,raw/PHS/2026/09/PHS_20260903_2045Z.jpg
PHS,2026-09-03 21:00:02,2026-09-04 04:00:02,ocr,0.2872,23.9,1576,0,0,,,0,0,0.0,1be10ee0d0f15975,raw/PHS/2026/09/PHS_20260903_2100Z.jpg
PHS,2026-09-03 21:15:02,2026-09-04 04:15:02,ocr,0.2746,23.9,1507,0,0,,,0,0,0.0,8b49c46255a7b412,raw/PHS/2026/09/PHS_20260903_2115Z.jpg
PHS,2026-09-03 21:30:02,2026-09-04 04:30:02,ocr,0.2861,26.3,1570,0,0,,,0,0,0.0,8ec4ed2a31c5c72e,raw/PHS/2026/09/PHS_20260903_2130Z.jpg
PHS,2026-09-03 21:45:02,2026-09-04 04:45:02,ocr,0.3063,26.3,1681,0,0,,,0,0,0.0,be85056a3dbfedc3,raw/PHS/2026/09/PHS_20260903_2145Z.jpg
PHS,2026-09-03 22:00:02,2026-09-04 05:00:02,ocr,0.3972,31.2,2180,0,0,,,0,0,0.0,ffd8b9e8760c70be,raw/PHS/2026/09/PHS_20260903_2200Z.jpg
PHS,2026-09-03 22:15:02,2026-09-04 05:15:02,ocr,0.5102,33.6,2800,0,232,179.0;179.5,rfi,0,238,7.83,10ce56ec66fb3ca5,raw/PHS/2026/09/PHS_20260903_2215Z.jpg
PHS,2026-09-03 22:30:02,2026-09-04 05:30:02,ocr,0.6463,36.1,3547,9,0,,,0,0,0.0,737e57ebb9dc9958,raw/PHS/2026/09/PHS_20260903_2230Z.jpg
PHS,2026-09-03 22:45:02,2026-09-04 05:45:02,ocr,0.8006,36.1,4394,8,1178,178.0;178.5;179.0;179.5;180.0;180.5;181.0,rfi,0,1223,21.77,daf680f67d553bd4,raw/PHS/2026/09/PHS_20260903_2245Z.jpg
PHS,2026-09-03 23:00:02,2026-09-04 06:00:02,ocr,0.8883,33.6,4875,0,1198,178.5;179.0;179.5;180.0;180.5,rfi,0,1250,20.41,c289fdd52da70530,raw/PHS/2026/09/PHS_20260903_2300Z.jpg
PHS,2026-09-03 23:15:02,2026-09-04 06:15:02,ocr,1.0604,36.1,5820,3,542,178.5;179.0;179.5;180.0,rfi,0,572,8.95,6b427525b3dcfdb3,raw/PHS/2026/09/PHS_20260903_2315Z.jpg
PHS,2026-09-03 23:30:02,2026-09-04 06:30:02,ocr,1.1782,33.6,6466,0,279,178.0;178.5;179.0;179.5,rfi,0,310,4.57,e669854450d1486e,raw/PHS/2026/09/PHS_20260903_2330Z.jpg
PHS,2026-09-03 23:45:02,2026-09-04 06:45:02,ocr,1.2689,36.1,6964,12,0,,,0,0,0.0,bea25b3cd29909ad,raw/PHS/2026/09/PHS_20260903_2345Z.jpg
PHS,2026-09-04 00:00:02,2026-09-04 07:00:02,ocr,1.3216,31.2,7253,0,0,,,0,0,0.0,0c27bf8fb7fc5811,raw/PHS/2026/09/PHS_20260904_0000Z.jpg
PHS,2026-09-04 00:15:02,2026-09-04 07:15:02,ocr,1.3396,36.1,7352,7,0,,,0,0,0.0,896b8bdc1780e4d8,raw/PHS/2026/09/PHS_20260904_0015Z.jpg
PHS,2026-09-04 00:30:02,2026-09-04 07:30:02,ocr,1.319,36.1,7239,10,242,178.5;179.0;179.5,rfi,0,251,3.35,404c414de3bd6b82,raw/PHS/2026/09/PHS_20260904_0030Z.jpg
PHS,2026-09-04 00:45:02,2026-09-04 07:45:02,ocr,1.1838,34.0,6497,0,0,,,0,0,0.0,50a76f601235f66a,raw/PHS/2026/09/PHS_20260904_0045Z.jpg
PHS,2026-09-04 01:00:02,2026-09-04 08:00:02,ocr,1.1441,34.0,6279,0,0,,,0,0,0.0,cd289a4617273354,raw/PHS/2026/09/PHS_20260904_0100Z.jpg
PHS,2026-09-04 01:15:02,2026-09-04 08:15:02,ocr,1.1466,34.0,6293,0,0,,,0,0,0.0,08d1fc65076b0f7d,raw/PHS/2026/09/PHS_20260904_0115Z.jpg
PHS,2026-09-04 01:30:02,2026-09-04 08:30:02,ocr,0.9362,26.5,5138,0,0,,,0,0,0.0,4c2bbc99c265ca8b,raw/PHS/2026/09/PHS_20260904_0130Z.jpg
PHS,2026-09-04 01:45:02,2026-09-04 08:45:02,ocr-majority,0.7984,26.5,4382,0,0,,,0,0,0.0,0bc8ac7a57e24cd6,raw/PHS/2026/09/PHS_20260904_0145Z.jpg
PHS,2026-09-04 02:00:02,2026-09-04 09:00:02,ocr,0.631,26.5,3463,0,0,,,0,0,0.0,b3acf47d70c73973,raw/PHS/2026/09/PHS_20260904_0200Z.jpg
PHS,2026-09-04 02:15:02,2026-09-04 09:15:02,ocr,0.53,24.0,2909,0,0,,,0,0,0.0,cb55ce189c45168f,raw/PHS/2026/09/PHS_20260904_0215Z.jpg
PHS,2026-09-04 02:30:02,2026-09-04 09:30:02,ocr,0.5116,46.5,2808,6,0,,,0,0,0.0,4fa6926bd41d58ec,raw/PHS/2026/09/PHS_20260904_0230Z.jpg
PHS,2026-09-04 02:45:02,2026-09-04 09:45:02,ocr-majority,0.6381,26.5,3502,0,0,,,0,0,0.0,bc0eedb4405fae4c,raw/PHS/2026/09/PHS_20260904_0245Z.jpg
PHS,2026-09-04 03:00:02,2026-09-04 10:00:02,ocr,0.7409,26.5,4066,0,0,,,0,0,0.0,46cb9a9d8054d566,raw/PHS/2026/09/PHS_20260904_0300Z.jpg
PHS,2026-09-04 03:15:02,2026-09-04 10:15:02,ocr,0.8761,34.0,4808,0,0,,,0,0,0.0,7566561145ee026e,raw/PHS/2026/09/PHS_20260904_0315Z.jpg
PHS,2026-09-04 03:30:02,2026-09-04 10:30:02,ocr,0.9531,41.5,5231,24,0,,,0,0,0.0,41e4946f4f46b539,raw/PHS/2026/09/PHS_20260904_0330Z.jpg
PHS,2026-09-04 03:45:02,2026-09-04 10:45:02,ocr,1.0195,41.5,5595,103,0,,,0,0,0.0,b0fc603006803f4c,raw/PHS/2026/09/PHS_20260904_0345Z.jpg
PHS,2026-09-04 04:00:02,2026-09-04 11:00:02,ocr,1.1102,36.5,6093,23,0,,,0,0,0.0,1511d8a933a5fe8f,raw/PHS/2026/09/PHS_20260904_0400Z.jpg
PHS,2026-09-04 04:15:02,2026-09-04 11:15:02,ocr,1.3392,41.5,7350,67,0,,,0,0,0.0,5d9e58d10d936ed8,raw/PHS/2026/09/PHS_20260904_0415Z.jpg
PHS,2026-09-04 04:30:02,2026-09-04 11:30:02,ocr-majority,1.4702,44.0,8069,229,0,,,0,0,0.0,4f3ab4f5cba06e53,raw/PHS/2026/09/PHS_20260904_0430Z.jpg
PHS,2026-09-04 04:45:02,2026-09-04 11:45:02,ocr-majority,1.5879,41.5,8715,254,0,,,0,0,0.0,cb27fbc4c64a1134,raw/PHS/2026/09/PHS_20260904_0445Z.jpg
PHS,2026-09-04 05:00:02,2026-09-04 12:00:02,ocr,2.0158,41.5,11063,229,0,,,0,0,0.0,6ea5f361ab3c9b74,raw/PHS/2026/09/PHS_20260904_0500Z.jpg
PHS,2026-09-04 05:15:02,2026-09-04 12:15:02,ocr,2.1371,41.5,11729,276,0,,,0,0,0.0,0e97a6653e303f4d,raw/PHS/2026/09/PHS_20260904_0515Z.jpg
PHS,2026-09-04 05:30:02,2026-09-04 12:30:02,ocr,2.2761,41.5,12492,264,0,,,0,0,0.0,58850766717167e8,raw/PHS/2026/09/PHS_20260904_0530Z.jpg
PHS,2026-09-04 05:45:02,2026-09-04 12:45:02,ocr-majority,2.4381,41.5,13381,247,0,,,0,0,0.0,658cf8f666f74b0e,raw/PHS/2026/09/PHS_20260904_0545Z.jpg
PHS,2026-09-04 06:00:02,2026-09-04 13:00:02,ocr,2.6549,44.0,14571,379,214,178.5;179.0,rfi,0,239,1.61,61b5c6935edf76ba,raw/PHS/2026/09/PHS_20260904_0600Z.jpg
PHS,2026-09-04 06:15:02,2026-09-04 13:15:02,ocr,3.0489,44.0,16733,432,175,179.0;179.5,rfi,0,190,1.12,9fb55af5e69db8a7,raw/PHS/2026/09/PHS_20260904_0615Z.jpg
PHS,2026-09-04 06:30:02,2026-09-04 13:30:02,ocr,3.5642,64.0,19561,377,0,,,0,0,0.0,d630963ec7f444b9,raw/PHS/2026/09/PHS_20260904_0630Z.jpg
PHS,2026-09-04 06:45:02,2026-09-04 13:45:02,ocr,3.4055,41.5,18690,458,0,,,0,0,0.0,4415240999a4b449,raw/PHS/2026/09/PHS_20260904_0645Z.jpg
PHS,2026-09-04 07:00:02,2026-09-04 14:00:02,ocr,3.1852,44.0,17481,353,260,178.5;179.0;179.5,rfi,0,292,1.64,a8e3498204252ad6,raw/PHS/2026/09/PHS_20260904_0700Z.jpg
PHS,2026-09-04 07:15:02,2026-09-04 14:15:02,ocr,2.4698,41.5,13555,504,0,,,0,0,0.0,9119775905d2a978,raw/PHS/2026/09/PHS_20260904_0715Z.jpg
PHS,2026-09-04 07:30:02,2026-09-04 14:30:02,ocr,2.7153,46.5,14902,678,481,178.5;179.0;179.5;180.0,rfi,0,520,3.37,a2aaaf3b785d7905,raw/PHS/2026/09/PHS_20260904_0730Z.jpg
PHS,2026-09-04 07:45:02,2026-09-04 14:45:02,ocr,2.8909,46.5,15866,948,878,178.5;179.0;179.5;180.0,rfi,0,949,5.64,d7a11e7fe13dd831,raw/PHS/2026/09/PHS_20260904_0745Z.jpg
PHS,2026-09-04 08:00:02,2026-09-04 15:00:02,ocr,2.7905,44.0,15315,803,0,,,0,0,0.0,c9167f55e4453006,raw/PHS/2026/09/PHS_20260904_0800Z.jpg
PHS,2026-09-04 08:15:02,2026-09-04 15:15:02,ocr,3.3171,44.0,18205,1119,0,,,0,0,0.0,67b62a4212c12cb3,raw/PHS/2026/09/PHS_20260904_0815Z.jpg
PHS,2026-09-04 08:30:02,2026-09-04 15:30:02,ocr-majority,3.7409,44.0,20531,1460,0,,,0,0,0.0,7ad79285f36457fc,raw/PHS/2026/09/PHS_20260904_0830Z.jpg
PHS,2026-09-04 08:45:02,2026-09-04 15:45:02,ocr-majority,3.5529,41.5,19499,1237,293,179.5;180.0;180.5;181.0,rfi,0,323,1.63,a3b8edde6f57ab3c,raw/PHS/2026/09/PHS_20260904_0845Z.jpg
PHS,2026-09-04 09:00:02,2026-09-04 16:00:02,ocr,3.4393,44.0,18876,1014,0,,,0,0,0.0,e2048d7188e42857,raw/PHS/2026/09/PHS_20260904_0900Z.jpg
PHS,2026-09-04 09:15:02,2026-09-04 16:15:02,ocr,3.7261,44.0,20450,927,1474,178.0;178.5;179.0;179.5;180.0;180.5,rfi,0,1548,7.04,d2f445e575cdfc12,raw/PHS/2026/09/PHS_20260904_0915Z.jpg
PHS,2026-09-04 09:30:02,2026-09-04 16:30:02,ocr,4.7215,41.5,25913,807,889,178.0;178.5;179.0;179.5;180.0,rfi,0,943,3.51,6e48da8e515f8220,raw/PHS/2026/09/PHS_20260904_0930Z.jpg
PHS,2026-09-04 09:45:02,2026-09-04 16:45:02,ocr,5.8722,44.0,32228,957,471,178.0;178.5;179.0;179.5;180.0,rfi,0,507,1.55,dcfd3cea3690eb6d,raw/PHS/2026/09/PHS_20260904_0945Z.jpg
PHS,2026-09-04 10:00:02,2026-09-04 17:00:02,ocr,6.2461,44.0,34280,718,1179,177.5;178.0;178.5;179.0;179.5;180.0;180.5,rfi,0,1240,3.49,69d0a0b42611daf0,raw/PHS/2026/09/PHS_20260904_1000Z.jpg
PHS,2026-09-04 10:15:02,2026-09-04 17:15:02,ocr,6.5986,64.0,36215,683,0,,,0,0,0.0,88a6473377e37eb9,raw/PHS/2026/09/PHS_20260904_1015Z.jpg
PHS,2026-09-04 10:30:02,2026-09-04 17:30:02,ocr,6.9252,44.0,38007,613,0,,,0,0,0.0,5f4a07fc7e1747e9,raw/PHS/2026/09/PHS_20260904_1030Z.jpg
PHS,2026-09-04 10:45:02,2026-09-04 17:45:02,ocr,7.0438,44.0,38658,648,0,,,0,0,0.0,c838e58eb98201d4,raw/PHS/2026/09/PHS_20260904_1045Z.jpg
PHS,2026-09-04 11:00:02,2026-09-04 18:00:02,ocr,7.4847,44.0,41078,889,493,179.0;179.5,rfi,0,513,1.23,e6f317b8fd021937,raw/PHS/2026/09/PHS_20260904_1100Z.jpg
PHS,2026-09-04 11:15:02,2026-09-04 18:15:02,ocr,7.9218,46.5,43477,936,0,,,0,0,0.0,f29dd8f7b723e4a5,raw/PHS/2026/09/PHS_20260904_1115Z.jpg
PHS,2026-09-04 11:30:02,2026-09-04 18:30:02,ocr-majority,7.318,44.0,40163,1240,0,,,0,0,0.0,31646890b5c06b76,raw/PHS/2026/09/PHS_20260904_1130Z.jpg
PHS,2026-09-04 11:45:02,2026-09-04 18:45:02,ocr-majority,6.3173,41.5,34671,1025,0,,,0,0,0.0,e5a7facb5c4d8671,raw/PHS/2026/09/PHS_20260904_1145Z.jpg
PHS,2026-09-04 12:00:02,2026-09-04 19:00:02,ocr,5.1055,44.0,28020,713,0,,,0,0,0.0,023b62e387d1a986,raw/PHS/2026/09/PHS_20260904_1200Z.jpg
PHS,2026-09-04 12:15:02,2026-09-04 19:15:02,ocr,4.2668,44.0,23417,624,296,178.5;179.0;179.5,rfi,0,323,1.36,4a5ab8f90f314fa9,raw/PHS/2026/09/PHS_20260904_1215Z.jpg
PHS,2026-09-04 12:30:02,2026-09-04 19:30:02,ocr,2.5571,41.5,14034,368,0,,,0,0,0.0,f03ec67e1a2cea77,raw/PHS/2026/09/PHS_20260904_1230Z.jpg
PHS,2026-09-04 12:45:02,2026-09-04 19:45:02,ocr-majority,1.4823,41.5,8135,284,366,179.0;179.5,rfi,0,383,4.5,2b12961e7f2d7fd2,raw/PHS/2026/09/PHS_20260904_1245Z.jpg
PHS,2026-09-04 13:00:02,2026-09-04 20:00:02,ocr,1.6082,44.0,8826,162,0,,,0,0,0.0,752fe2bbeda1e0b3,raw/PHS/2026/09/PHS_20260904_1300Z.jpg
PHS,2026-09-04 13:15:02,2026-09-04 20:15:02,ocr,1.6871,41.5,9259,29,0,,,0,0,0.0,8e123c853d989b24,raw/PHS/2026/09/PHS_20260904_1315Z.jpg
PHS,2026-09-04 13:30:02,2026-09-04 20:30:02,ocr-majority,1.5052,39.0,8261,36,649,178.5;179.0;179.5;180.0,rfi,0,687,7.68,952b18e5bbc9a0cd,raw/PHS/2026/09/PHS_20260904_1330Z.jpg
PHS,2026-09-04 13:45:02,2026-09-04 20:45:02,ocr-majority,1.2217,36.5,6705,3,1225,178.5;179.0;179.5;180.0,rfi,0,1290,16.14,6ca293ecad8871b0,raw/PHS/2026/09/PHS_20260904_1345Z.jpg
PHS,2026-09-04 14:00:02,2026-09-04 21:00:02,ocr,1.1122,34.0,6104,0,194,179.0;179.5,rfi,0,202,3.2,792aecf945937dd6,raw/PHS/2026/09/PHS_20260904_1400Z.jpg
PHS,2026-09-04 14:15:02,2026-09-04 21:15:02,ocr,0.9575,41.5,5255,14,0,,,0,0,0.0,60942b0348d797b2,raw/PHS/2026/09/PHS_20260904_1415Z.jpg
PHS,2026-09-04 14:30:02,2026-09-04 21:30:02,ocr-majority,0.7112,34.0,3903,0,0,,,0,0,0.0,71676573ea8f7feb,raw/PHS/2026/09/PHS_20260904_1430Z.jpg
PHS,2026-09-04 14:45:02,2026-09-04 21:45:02,ocr-majority,0.3194,24.0,1753,0,410,179.0;179.5,rfi,0,450,20.43,7017786688813ba6,raw/PHS/2026/09/PHS_20260904_1445Z.jpg
PHS,2026-09-04 15:00:02,2026-09-04 22:00:02,ocr,0.2146,24.0,1178,0,678,178.5;179.0;179.5;180.0,rfi,0,756,39.09,47c706c703e2ca3b,raw/PHS/2026/09/PHS_20260904_1500Z.jpg
PHS,2026-09-04 15:15:02,2026-09-04 22:15:02,ocr,0.1179,24.0,647,0,627,178.5;179.0;179.5;180.0,rfi,0,683,51.35,e36b447492a8d54d,raw/PHS/2026/09/PHS_20260904_1515Z.jpg
PHS,2026-09-04 15:30:02,2026-09-04 22:30:02,ocr,0.0696,24.0,382,0,1340,178.0;178.5;179.0;179.5;180.0,rfi,0,1405,78.62,b26b6f6d85eacc20,raw/PHS/2026/09/PHS_20260904_1530Z.jpg
PHS,2026-09-04 15:45:02,2026-09-04 22:45:02,ocr-majority,0.131,24.0,719,0,0,,,0,0,0.0,46e69fc309459ad0,raw/PHS/2026/09/PHS_20260904_1545Z.jpg
PHS,2026-09-04 16:00:02,2026-09-04 23:00:02,ocr,0.1563,24.0,858,0,257,179.0;179.5,rfi,0,271,24.0,588cc44617f95ce1,raw/PHS/2026/09/PHS_20260904_1600Z.jpg
PHS,2026-09-04 16:15:02,2026-09-04 23:15:02,ocr,0.1348,24.0,740,0,0,,,0,0,0.0,8505f7c2de50fec0,raw/PHS/2026/09/PHS_20260904_1615Z.jpg
PHS,2026-09-04 16:30:02,2026-09-04 23:30:02,ocr,0.1064,24.0,584,0,0,,,0,0,0.0,9f1b7efe81244fe0,raw/PHS/2026/09/PHS_20260904_1630Z.jpg
PHS,2026-09-04 16:45:02,2026-09-04 23:45:02,ocr-majority,0.1308,24.0,718,0,0,,,0,0,0.0,1d2627c4c62e987d,raw/PHS/2026/09/PHS_20260904_1645Z.jpg
PHS,2026-09-04 17:00:02,2026-09-05 00:00:02,ocr,0.0456,21.5,250,0,0,,,0,0,0.0,d01c81d38dcd1b49,raw/PHS/2026/09/PHS_20260904_1700Z.jpg
PHS,2026-09-04 17:15:02,2026-09-05 00:15:02,ocr,0.068,21.5,373,0,0,,,0,0,0.0,f8b702b710bf79a4,raw/PHS/2026/09/PHS_20260904_1715Z.jpg
PHS,2026-09-04 17:30:02,2026-09-05 00:30:02,ocr,0.0264,21.5,145,0,0,,,0,0,0.0,56fb99084c2f13aa,raw/PHS/2026/09/PHS_20260904_1730Z.jpg
PHS,2026-09-04 17:45:02,2026-09-05 00:45:02,ocr-majority,0.0849,21.5,466,0,0,,,0,0,0.0,aeb3b6ed90919ed6,raw/PHS/2026/09/PHS_20260904_1745Z.jpg
PHS,2026-09-04 18:00:02,2026-09-05 01:00:02,ocr-majority,0.1217,21.5,668,0,0,,,0,0,0.0,b9b721ca8c4315bb,raw/PHS/2026/09/PHS_20260904_1800Z.jpg
PHS,2026-09-04 18:15:02,2026-09-05 01:15:02,ocr,0.0585,21.5,321,0,0,,,0,0,0.0,ce9c1de35fd21965,raw/PHS/2026/09/PHS_20260904_1815Z.jpg
PHS,2026-09-04 18:30:02,2026-09-05 01:30:02,ocr-majority,0.0824,21.5,452,0,0,,,0,0,0.0,089db1dba1d9b609,raw/PHS/2026/09/PHS_20260904_1830Z.jpg
PHS,2026-09-04 18:45:02,2026-09-05 01:45:02,ocr-majority,0.0197,19.0,108,0,0,,,0,0,0.0,0c2328c9bed2c4b0,raw/PHS/2026/09/PHS_20260904_1845Z.jpg
PHS,2026-09-04 19:00:02,2026-09-05 02:00:02,ocr,0.0053,11.3,29,0,0,,,0,0,0.0,60bc8c3baead30fb,raw/PHS/2026/09/PHS_20260904_1900Z.jpg
PHS,2026-09-04 19:15:02,2026-09-05 02:15:02,ocr,0.0055,21.5,30,0,0,,,0,0,0.0,2475a528467a3fc1,raw/PHS/2026/09/PHS_20260904_1915Z.jpg
PHS,2026-09-04 19:30:02,2026-09-05 02:30:02,ocr,0.0366,24.0,201,0,0,,,0,0,0.0,bd0c2ed6960a3f5d,raw/PHS/2026/09/PHS_20260904_1930Z.jpg
PHS,2026-09-04 19:45:02,2026-09-05 02:45:02,ocr,0.0195,21.5,107,0,0,,,0,0,0.0,36151c51b6513388,raw/PHS/2026/09/PHS_20260904_1945Z.jpg
PHS,2026-09-04 20:00:02,2026-09-05 03:00:02,ocr,0.0029,21.5,16,0,0,,,0,0,0.0,5dcb7b366ea2b353,raw/PHS/2026/09/PHS_20260904_2000Z.jpg
PHS,2026-09-04 20:15:02,2026-09-05 03:15:02,ocr,0.0184,11.3,101,0,0,,,0,0,0.0,7986bbcf41ef9344,raw/PHS/2026/09/PHS_20260904_2015Z.jpg
PHS,2026-09-04 20:30:02,2026-09-05 03:30:02,ocr,0.0084,21.5,46,0,0,,,0,0,0.0,0fbe95dcabfe281d,raw/PHS/2026/09/PHS_20260904_2030Z.jpg
PHS,2026-09-04 20:45:02,2026-09-05 03:45:02,ocr,0.0,,0,0,0,,,0,0,0.0,1cb8547d1a4f7b60,raw/PHS/2026/09/PHS_20260904_2045Z.jpg
PHS,2026-09-04 21:00:02,2026-09-05 04:00:02,ocr,0.0663,21.5,364,0,362,178.5;179.0;179.5;180.0,rfi,0,401,52.42,2eaa5f4bd9f36867,raw/PHS/2026/09/PHS_20260904_2100Z.jpg
PHS,2026-09-04 21:15:02,2026-09-05 04:15:02,ocr,0.0189,21.5,104,0,0,,,0,0,0.0,344a9991062079e8,raw/PHS/2026/09/PHS_20260904_2115Z.jpg
PHS,2026-09-04 21:30:02,2026-09-05 04:30:02,ocr,0.0122,19.0,67,0,0,,,0,0,0.0,2d4098c921366d57,raw/PHS/2026/09/PHS_20260904_2130Z.jpg
PHS,2026-09-04 21:45:02,2026-09-05 04:45:02,ocr,0.0,,0,0,0,,,0,0,0.0,0b17a6faca6fe1e5,raw/PHS/2026/09/PHS_20260904_2145Z.jpg
PHS,2026-09-04 22:00:02,2026-09-05 05:00:02,ocr,0.0051,21.5,28,0,0,,,0,0,0.0,a544501c61f3b0c6,raw/PHS/2026/09/PHS_20260904_2200Z.jpg
PHS,2026-09-04 22:15:02,2026-09-05 05:15:02,ocr,0.0,,0,0,0,,,0,0,0.0,c8a05d6499a9113f,raw/PHS/2026/09/PHS_20260904_2215Z.jpg
PHS,2026-09-04 22:30:02,2026-09-05 05:30:02,ocr,0.0016,11.3,9,0,0,,,0,0,0.0,8444b4a487ad6ad1,raw/PHS/2026/09/PHS_20260904_2230Z.jpg
PHS,2026-09-04 22:45:02,2026-09-05 05:45:02,ocr,0.0,,0,0,0,,,0,0,0.0,27a45d4eac8e4839,raw/PHS/2026/09/PHS_20260904_2245Z.jpg
PHS,2026-09-04 23:00:02,2026-09-05 06:00:02,ocr,0.0131,21.5,72,0,0,,,0,0,0.0,ebc41f3a1bd2f4a9,raw/PHS/2026/09/PHS_20260904_2300Z.jpg
PHS,2026-09-04 23:15:02,2026-09-05 06:15:02,ocr,0.0219,21.5,120,0,0,,,0,0,0.0,3bea73016f5338dc,raw/PHS/2026/09/PHS_20260904_2315Z.jpg
PHS,2026-09-04 23:30:02,2026-09-05 06:30:02,ocr,0.0439,26.5,241,0,442,178.5;179.0;179.5,rfi,0,490,67.03,eb47e3618d7c747b,raw/PHS/2026/09/PHS_20260904_2330Z.jpg
PHS,2026-09-04 23:45:02,2026-09-05 06:45:02,ocr-majority,0.0831,26.5,456,0,0,,,0,0,0.0,00ba234ad4a408bd,raw/PHS/2026/09/PHS_20260904_2345Z.jpg
PHS,2026-09-05 00:00:02,2026-09-05 07:00:02,ocr,0.0661,24.0,363,0,200,179.0;179.5,rfi,0,220,37.74,04695536a55c4a4c,raw/PHS/2026/09/PHS_20260905_0000Z.jpg
PHS,2026-09-05 00:15:02,2026-09-05 07:15:02,ocr,0.0428,26.5,235,0,0,,,0,0,0.0,b608b92f25fbb360,raw/PHS/2026/09/PHS_20260905_0015Z.jpg
PHS,2026-09-05 00:30:02,2026-09-05 07:30:02,ocr,0.0599,24.0,329,0,0,,,0,0,0.0,b9c9ee238956356c,raw/PHS/2026/09/PHS_20260905_0030Z.jpg
PHS,2026-09-05 00:45:02,2026-09-05 07:45:02,ocr,0.0791,26.5,434,0,0,,,0,0,0.0,dc58633f520f0607,raw/PHS/2026/09/PHS_20260905_0045Z.jpg
PHS,2026-09-05 01:00:02,2026-09-05 08:00:02,ocr,0.1068,24.0,586,0,0,,,0,0,0.0,720a1e45b7558b72,raw/PHS/2026/09/PHS_20260905_0100Z.jpg
PHS,2026-09-05 01:15:02,2026-09-05 08:15:02,ocr,0.1232,26.5,676,0,0,,,0,0,0.0,f0647ac73d2446c8,raw/PHS/2026/09/PHS_20260905_0115Z.jpg
PHS,2026-09-05 01:30:02,2026-09-05 08:30:02,ocr,0.1306,26.5,717,0,0,,,0,0,0.0,c71c3c22617415ad,raw/PHS/2026/09/PHS_20260905_0130Z.jpg
PHS,2026-09-05 01:45:02,2026-09-05 08:45:02,ocr,0.1704,26.5,935,0,0,,,0,0,0.0,46f21389d9f21d5c,raw/PHS/2026/09/PHS_20260905_0145Z.jpg
PHS,2026-09-05 02:00:02,2026-09-05 09:00:02,ocr,0.1572,26.5,863,0,0,,,0,0,0.0,dcaf25e1ea611b4e,raw/PHS/2026/09/PHS_20260905_0200Z.jpg
PHS,2026-09-05 02:15:02,2026-09-05 09:15:02,ocr,0.1777,24.0,975,0,0,,,0,0,0.0,8f4fb9298cd4fc09,raw/PHS/2026/09/PHS_20260905_0215Z.jpg
PHS,2026-09-05 02:30:02,2026-09-05 09:30:02,ocr,0.1534,24.0,842,0,0,,,0,0,0.0,916e58a14a5adf87,raw/PHS/2026/09/PHS_20260905_0230Z.jpg
PHS,2026-09-05 02:45:02,2026-09-05 09:45:02,ocr,0.1529,24.0,839,0,0,,,0,0,0.0,0e8f1151f9440a7a,raw/PHS/2026/09/PHS_20260905_0245Z.jpg
PHS,2026-09-05 03:00:02,2026-09-05 10:00:02,ocr,0.154,26.5,845,0,0,,,0,0,0.0,cb327547a3b21535,raw/PHS/2026/09/PHS_20260905_0300Z.jpg
PHS,2026-09-05 03:15:02,2026-09-05 10:15:02,ocr,0.1676,41.5,920,6,0,,,0,0,0.0,e5de9d19f22956e8,raw/PHS/2026/09/PHS_20260905_0315Z.jpg
PHS,2026-09-05 03:30:02,2026-09-05 10:30:02,ocr,0.2423,26.5,1330,0,0,,,0,0,0.0,49c884a37f1b9a25,raw/PHS/2026/09/PHS_20260905_0330Z.jpg
PHS,2026-09-05 03:45:02,2026-09-05 10:45:02,ocr,0.1813,36.5,995,8,0,,,0,0,0.0,f7097dcd067deb4d,raw/PHS/2026/09/PHS_20260905_0345Z.jpg
PHS,2026-09-05 04:00:02,2026-09-05 11:00:02,ocr,0.1651,41.5,906,15,0,,,0,0,0.0,fa344809d41a52df,raw/PHS/2026/09/PHS_20260905_0400Z.jpg
PHS,2026-09-05 04:15:02,2026-09-05 11:15:02,ocr,0.2746,36.5,1507,7,0,,,0,0,0.0,189215a5d8d0fbe2,raw/PHS/2026/09/PHS_20260905_0415Z.jpg
PHS,2026-09-05 04:30:02,2026-09-05 11:30:02,ocr,0.3422,41.5,1878,99,0,,,0,0,0.0,fa94f22e8c4fc2c1,raw/PHS/2026/09/PHS_20260905_0430Z.jpg
PHS,2026-09-05 04:45:02,2026-09-05 11:45:02,ocr-majority,0.4969,41.5,2727,54,0,,,0,0,0.0,d97613ae4db38e64,raw/PHS/2026/09/PHS_20260905_0445Z.jpg
PHS,2026-09-05 05:00:02,2026-09-05 12:00:02,ocr,0.4792,41.5,2630,91,0,,,0,0,0.0,897d3b3d348488e7,raw/PHS/2026/09/PHS_20260905_0500Z.jpg
PHS,2026-09-05 05:15:02,2026-09-05 12:15:02,ocr,0.569,46.5,3123,39,316,178.5;179.0;179.5;180.0,rfi,0,352,10.13,5eef770a746c73ed,raw/PHS/2026/09/PHS_20260905_0515Z.jpg
PHS,2026-09-05 05:30:02,2026-09-05 12:30:02,ocr,0.7256,41.5,3982,77,0,,,0,0,0.0,5c902f4fd86755c4,raw/PHS/2026/09/PHS_20260905_0530Z.jpg
PHS,2026-09-05 05:45:02,2026-09-05 12:45:02,ocr,0.6765,41.5,3713,60,0,,,0,0,0.0,4d6c1b94900b41d4,raw/PHS/2026/09/PHS_20260905_0545Z.jpg
PHS,2026-09-05 06:00:02,2026-09-05 13:00:02,ocr,0.8187,44.0,4493,127,0,,,0,0,0.0,23ad64e44c518879,raw/PHS/2026/09/PHS_20260905_0600Z.jpg
PHS,2026-09-05 06:15:02,2026-09-05 13:15:02,ocr,0.9832,41.5,5396,149,0,,,0,0,0.0,f5bb8e226834e721,raw/PHS/2026/09/PHS_20260905_0615Z.jpg
PHS,2026-09-05 06:30:02,2026-09-05 13:30:02,ocr,1.1253,41.5,6176,196,0,,,0,0,0.0,ec75d7904a2f2794,raw/PHS/2026/09/PHS_20260905_0630Z.jpg
PHS,2026-09-05 06:45:02,2026-09-05 13:45:02,ocr,1.0335,44.0,5672,381,0,,,0,0,0.0,bd1818c67639767c,raw/PHS/2026/09/PHS_20260905_0645Z.jpg
PHS,2026-09-05 07:00:02,2026-09-05 14:00:02,ocr,1.0697,44.0,5871,430,0,,,0,0,0.0,7038204b46e6d6d0,raw/PHS/2026/09/PHS_20260905_0700Z.jpg
PHS,2026-09-05 07:15:02,2026-09-05 14:15:02,ocr,1.0619,46.5,5828,447,0,,,0,0,0.0,99808aaafb25abdb,raw/PHS/2026/09/PHS_20260905_0715Z.jpg
PHS,2026-09-05 07:30:02,2026-09-05 14:30:02,ocr,1.1938,46.5,6552,436,0,,,0,0,0.0,21cdbf98ca0250fa,raw/PHS/2026/09/PHS_20260905_0730Z.jpg
PHS,2026-09-05 07:45:02,2026-09-05 14:45:02,ocr,1.3935,41.5,7648,370,351,179.0;179.5;180.0,rfi,0,378,4.71,baeeb2202a283b7d,raw/PHS/2026/09/PHS_20260905_0745Z.jpg
PHS,2026-09-05 08:00:02,2026-09-05 15:00:02,ocr,1.6998,41.5,9329,384,282,179.0;179.5,rfi,0,297,3.09,83ac3cdf16b75584,raw/PHS/2026/09/PHS_20260905_0800Z.jpg
PHS,2026-09-05 08:15:01,2026-09-05 15:15:01,ocr-majority,1.7554,44.0,9634,503,0,,,0,0,0.0,f2b8a8ca10e8a8d4,raw/PHS/2026/09/PHS_20260905_0815Z.jpg
PHS,2026-09-05 08:30:02,2026-09-05 15:30:02,ocr,1.7957,44.0,9855,442,0,,,0,0,0.0,fa133d515d135e30,raw/PHS/2026/09/PHS_20260905_0830Z.jpg
PHS,2026-09-05 08:45:02,2026-09-05 15:45:02,ocr-majority,2.0945,44.0,11495,439,0,,,0,0,0.0,5e3f260008a67bd9,raw/PHS/2026/09/PHS_20260905_0845Z.jpg
PHS,2026-09-05 09:00:02,2026-09-05 16:00:02,ocr,2.0227,46.5,11101,424,0,,,0,0,0.0,6e8cfc1255009cb6,raw/PHS/2026/09/PHS_20260905_0900Z.jpg
PHS,2026-09-05 09:15:02,2026-09-05 16:15:02,ocr,1.9755,44.0,10842,326,0,,,0,0,0.0,3f516451aa4da482,raw/PHS/2026/09/PHS_20260905_0915Z.jpg
PHS,2026-09-05 09:30:02,2026-09-05 16:30:02,ocr,2.0116,41.5,11040,402,0,,,0,0,0.0,2230fe87741b341b,raw/PHS/2026/09/PHS_20260905_0930Z.jpg
PHS,2026-09-05 09:45:02,2026-09-05 16:45:02,ocr,2.0285,41.5,11133,312,0,,,0,0,0.0,bd9d0be4eba6f354,raw/PHS/2026/09/PHS_20260905_0945Z.jpg
PHS,2026-09-05 10:00:02,2026-09-05 17:00:02,ocr,1.7158,46.5,9417,279,508,178.5;179.0;179.5;180.0,rfi,0,556,5.58,03233568f259d1e4,raw/PHS/2026/09/PHS_20260905_1000Z.jpg
PHS,2026-09-05 10:15:02,2026-09-05 17:15:02,ocr,1.4577,44.0,8000,252,0,,,0,0,0.0,ef9da31f7135fb49,raw/PHS/2026/09/PHS_20260905_1015Z.jpg
PHS,2026-09-05 10:30:02,2026-09-05 17:30:02,ocr,1.2957,41.5,7111,135,447,178.5;179.0;179.5,rfi,0,492,6.47,1b4d8941f0ca09a3,raw/PHS/2026/09/PHS_20260905_1030Z.jpg
PHS,2026-09-05 10:45:02,2026-09-05 17:45:02,ocr,1.2029,44.0,6602,137,497,179.0;179.5,rfi,0,529,7.42,b12b1e3b107187e2,raw/PHS/2026/09/PHS_20260905_1045Z.jpg
PHS,2026-09-05 11:00:02,2026-09-05 18:00:02,ocr,1.1659,41.5,6399,119,0,,,0,0,0.0,3309fda62473dcba,raw/PHS/2026/09/PHS_20260905_1100Z.jpg
PHS,2026-09-05 11:15:02,2026-09-05 18:15:02,ocr,1.0072,46.5,5528,127,0,,,0,0,0.0,1267372aa2f71717,raw/PHS/2026/09/PHS_20260905_1115Z.jpg
PHS,2026-09-05 11:30:02,2026-09-05 18:30:02,ocr,0.8108,44.0,4450,191,1121,178.0;178.5;179.0;179.5,rfi,0,1149,20.52,495b21505ee822b6,raw/PHS/2026/09/PHS_20260905_1130Z.jpg
PHS,2026-09-05 11:45:02,2026-09-05 18:45:02,ocr-majority,0.7436,41.5,4081,221,1124,178.5;179.0;179.5;180.0;180.5,rfi,0,1194,22.64,942c838aa423a2e5,raw/PHS/2026/09/PHS_20260905_1145Z.jpg
PHS,2026-09-05 12:00:02,2026-09-05 19:00:02,ocr,0.856,41.5,4698,185,1588,178.0;178.5;179.0;179.5;180.0,rfi,0,1648,25.97,e2cb2e28e4ef60a1,raw/PHS/2026/09/PHS_20260905_1200Z.jpg
PHS,2026-09-05 12:15:02,2026-09-05 19:15:02,ocr,0.9152,41.5,5023,162,996,178.5;179.0;179.5;180.0;180.5,rfi,0,1054,17.34,505a82f6d2ff7c3f,raw/PHS/2026/09/PHS_20260905_1215Z.jpg
PHS,2026-09-05 12:30:02,2026-09-05 19:30:02,ocr,0.8423,41.5,4623,149,1148,178.0;178.5;179.0;179.5;180.0,rfi,0,1225,20.95,5809e687a026dcd4,raw/PHS/2026/09/PHS_20260905_1230Z.jpg
PHS,2026-09-05 12:45:02,2026-09-05 19:45:02,ocr-majority,0.9311,41.5,5110,165,0,,,0,0,0.0,2495de8918857bfd,raw/PHS/2026/09/PHS_20260905_1245Z.jpg
PHS,2026-09-05 13:00:02,2026-09-05 20:00:02,ocr,0.8136,41.5,4465,238,0,,,0,0,0.0,caaafc6ad3221d1e,raw/PHS/2026/09/PHS_20260905_1300Z.jpg
PHS,2026-09-05 13:15:02,2026-09-05 20:15:02,ocr,0.5289,41.5,2903,143,0,,,0,0,0.0,b97569107e61c3a6,raw/PHS/2026/09/PHS_20260905_1315Z.jpg
PHS,2026-09-05 13:30:02,2026-09-05 20:30:02,ocr,0.6671,44.0,3661,90,269,179.0;179.5,rfi,0,276,7.01,c0b4b77e2eb28fd1,raw/PHS/2026/09/PHS_20260905_1330Z.jpg
PHS,2026-09-05 13:45:02,2026-09-05 20:45:02,ocr-majority,0.9834,41.5,5397,136,1519,178.0;178.5;179.0;179.5;180.0,rfi,0,1584,22.69,585ba78b89f25269,raw/PHS/2026/09/PHS_20260905_1345Z.jpg
PHS,2026-09-05 14:00:02,2026-09-05 21:00:02,ocr,1.1126,41.5,6106,59,729,178.0;178.5;179.0;179.5,rfi,0,772,11.22,484de6c47cd3dad1,raw/PHS/2026/09/PHS_20260905_1400Z.jpg
PHS,2026-09-05 14:15:02,2026-09-05 21:15:02,ocr,1.3228,41.5,7260,77,1156,178.0;178.5;179.0;179.5;180.0;180.5,rfi,0,1218,14.37,9c4c937d83e1173e,raw/PHS/2026/09/PHS_20260905_1415Z.jpg
PHS,2026-09-05 14:30:02,2026-09-05 21:30:02,ocr,1.2574,41.5,6901,53,1383,178.0;178.5;179.0;179.5;180.0;180.5,rfi,0,1454,17.4,f92a5f98a2a6b041,raw/PHS/2026/09/PHS_20260905_1430Z.jpg
PHS,2026-09-05 14:45:02,2026-09-05 21:45:02,ocr-majority,1.282,41.5,7036,23,246,178.5;179.0;179.5;180.0,rfi,0,261,3.58,31fde02659f5fbd4,raw/PHS/2026/09/PHS_20260905_1445Z.jpg
PHS,2026-09-05 15:00:02,2026-09-05 22:00:02,ocr,1.1809,41.5,6481,47,232,179.0;179.5,rfi,0,251,3.73,d264aab54178bd3d,raw/PHS/2026/09/PHS_20260905_1500Z.jpg
PHS,2026-09-05 15:15:02,2026-09-05 22:15:02,ocr,0.8376,44.0,4597,25,1406,178.5;179.0;179.5;180.0,rfi,0,1492,24.5,f2e7401482e5c8d0,raw/PHS/2026/09/PHS_20260905_1515Z.jpg
PHS,2026-09-05 15:30:02,2026-09-05 22:30:02,ocr,0.4699,41.5,2579,13,1537,178.5;179.0;179.5;180.0;180.5,rfi,0,1613,38.48,97cee94704af42ed,raw/PHS/2026/09/PHS_20260905_1530Z.jpg
PHS,2026-09-05 15:45:02,2026-09-05 22:45:02,ocr-majority,0.4235,31.5,2324,0,230,179.0;179.5,rfi,0,246,9.57,4b038c9526bb715b,raw/PHS/2026/09/PHS_20260905_1545Z.jpg
PHS,2026-09-05 16:00:02,2026-09-05 23:00:02,ocr,0.3854,41.5,2115,45,0,,,0,0,0.0,8ab37447c20d5226,raw/PHS/2026/09/PHS_20260905_1600Z.jpg
PHS,2026-09-05 16:15:02,2026-09-05 23:15:02,ocr,0.3387,41.5,1859,15,1569,178.5;179.0;179.5;180.0,rfi,0,1650,47.02,4e7c9e9bfcd43037,raw/PHS/2026/09/PHS_20260905_1615Z.jpg
PHS,2026-09-05 16:30:02,2026-09-05 23:30:02,ocr,0.2977,41.5,1634,18,449,179.0;179.5,rfi,0,473,22.45,6e3f0afa911fcc6e,raw/PHS/2026/09/PHS_20260905_1630Z.jpg
PHS,2026-09-05 16:45:02,2026-09-05 23:45:02,ocr-majority,0.1804,41.5,990,32,812,178.0;178.5;179.0;179.5,rfi,0,856,46.37,fabbae83cb9bd0e3,raw/PHS/2026/09/PHS_20260905_1645Z.jpg
PHS,2026-09-05 17:00:02,2026-09-06 00:00:02,ocr,0.1323,41.5,726,24,1260,179.0;179.5;180.0;180.5,rfi,0,1302,64.2,860f72d2767ef141,raw/PHS/2026/09/PHS_20260905_1700Z.jpg
PHS,2026-09-05 17:15:02,2026-09-06 00:15:02,ocr,0.1419,34.0,779,0,227,179.0;179.5,rfi,0,247,24.07,e648c74b7ada091c,raw/PHS/2026/09/PHS_20260905_1715Z.jpg
PHS,2026-09-05 17:30:02,2026-09-06 00:30:02,ocr,0.1844,36.5,1012,1,880,178.5;179.0;179.5;180.0;180.5,rfi,0,951,48.45,c16fbe3ccf15502c,raw/PHS/2026/09/PHS_20260905_1730Z.jpg
PHS,2026-09-05 17:45:02,2026-09-06 00:45:02,ocr,0.2733,39.0,1500,7,1477,178.0;178.5;179.0;179.5;180.0;180.5,rfi,0,1566,51.08,547342ad0d2bafd1,raw/PHS/2026/09/PHS_20260905_1745Z.jpg
PHS,2026-09-05 18:00:02,2026-09-06 01:00:02,ocr,0.2633,64.0,1445,45,935,178.0;178.5;179.0;179.5;180.0;180.5,rfi,0,991,40.68,9ec8ba77d4ff56d4,raw/PHS/2026/09/PHS_20260905_1800Z.jpg
PHS,2026-09-05 18:15:02,2026-09-06 01:15:02,ocr,0.2992,41.5,1642,29,231,179.0;179.5,rfi,0,236,12.57,a08f696a493def7f,raw/PHS/2026/09/PHS_20260905_1815Z.jpg
PHS,2026-09-05 18:30:02,2026-09-06 01:30:02,ocr-majority,0.2801,41.5,1537,78,332,178.5;179.0;179.5;180.0,rfi,0,376,19.65,f89cfed54b2a44dd,raw/PHS/2026/09/PHS_20260905_1830Z.jpg
PHS,2026-09-05 18:45:02,2026-09-06 01:45:02,ocr-majority,0.248,36.5,1361,17,236,178.5;179.0;179.5,rfi,0,258,15.94,393c4ccefef25546,raw/PHS/2026/09/PHS_20260905_1845Z.jpg
PHS,2026-09-05 19:00:02,2026-09-06 02:00:02,ocr,0.3159,41.5,1734,14,360,178.5;179.0;179.5;180.0,rfi,0,403,18.86,ab4a4e5b1fdcccb8,raw/PHS/2026/09/PHS_20260905_1900Z.jpg
PHS,2026-09-05 19:15:02,2026-09-06 02:15:02,ocr,0.1973,36.5,1083,9,0,,,0,0,0.0,6d3ae467149b6c03,raw/PHS/2026/09/PHS_20260905_1915Z.jpg
PHS,2026-09-05 19:30:02,2026-09-06 02:30:02,ocr,0.1403,34.0,770,0,1614,178.5;179.0;179.5;180.0,rfi,0,1682,68.6,3933702e4a62abfa,raw/PHS/2026/09/PHS_20260905_1930Z.jpg
PHS,2026-09-05 19:45:02,2026-09-06 02:45:02,ocr,0.2482,34.0,1362,0,0,,,0,0,0.0,644689f45648101a,raw/PHS/2026/09/PHS_20260905_1945Z.jpg
PHS,2026-09-05 20:00:02,2026-09-06 03:00:02,ocr,0.1507,34.0,827,0,1212,178.0;178.5;179.0;179.5;180.0;180.5,rfi,0,1279,60.73,3f18d247a579a309,raw/PHS/2026/09/PHS_20260905_2000Z.jpg
PHS,2026-09-05 20:15:02,2026-09-06 03:15:02,ocr,0.1906,26.5,1046,0,0,,,0,0,0.0,3cbc6cdeb00406e6,raw/PHS/2026/09/PHS_20260905_2015Z.jpg
PHS,2026-09-05 20:30:02,2026-09-06 03:30:02,ocr,0.1627,34.0,893,0,0,,,0,0,0.0,1f353128808495a9,raw/PHS/2026/09/PHS_20260905_2030Z.jpg
PHS,2026-09-05 20:45:02,2026-09-06 03:45:02,ocr,0.1578,24.0,866,0,0,,,0,0,0.0,ef17dfa5ea3342f2,raw/PHS/2026/09/PHS_20260905_2045Z.jpg
PHS,2026-09-05 21:00:02,2026-09-06 04:00:02,ocr,0.2478,34.0,1360,0,0,,,0,0,0.0,33586d9141947bf4,raw/PHS/2026/09/PHS_20260905_2100Z.jpg
PHS,2026-09-05 21:15:02,2026-09-06 04:15:02,ocr,0.252,36.5,1383,3,0,,,0,0,0.0,9da49fc42e3e571c,raw/PHS/2026/09/PHS_20260905_2115Z.jpg
PHS,2026-09-05 21:30:02,2026-09-06 04:30:02,ocr,0.145,31.5,796,0,0,,,0,0,0.0,f64a5aa403460da8,raw/PHS/2026/09/PHS_20260905_2130Z.jpg
PHS,2026-09-05 21:45:02,2026-09-06 04:45:02,ocr,0.1673,24.0,918,0,0,,,0,0,0.0,42329c60fb825cc6,raw/PHS/2026/09/PHS_20260905_2145Z.jpg
PHS,2026-09-05 22:00:02,2026-09-06 05:00:02,ocr,0.2168,31.5,1190,0,371,178.5;179.0;179.5,rfi,0,404,25.35,acea717e80e3386f,raw/PHS/2026/09/PHS_20260905_2200Z.jpg
PHS,2026-09-05 22:15:02,2026-09-06 05:15:02,ocr,0.2586,34.0,1419,0,0,,,0,0,0.0,08f0f922de5ec1be,raw/PHS/2026/09/PHS_20260905_2215Z.jpg
PHS,2026-09-05 22:30:02,2026-09-06 05:30:02,ocr,0.2713,26.5,1489,0,0,,,0,0,0.0,fba697401d26db1c,raw/PHS/2026/09/PHS_20260905_2230Z.jpg
PHS,2026-09-05 22:45:02,2026-09-06 05:45:02,ocr,0.2312,24.0,1269,0,0,,,0,0,0.0,fb45e2f49021ef2b,raw/PHS/2026/09/PHS_20260905_2245Z.jpg
PHS,2026-09-05 23:00:02,2026-09-06 06:00:02,ocr,0.1756,24.0,964,0,0,,,0,0,0.0,d3c67cffab120413,raw/PHS/2026/09/PHS_20260905_2300Z.jpg
PHS,2026-09-05 23:15:02,2026-09-06 06:15:02,ocr,0.1438,31.5,789,0,500,178.5;179.0;179.5;180.0,rfi,0,554,41.25,75dd26a8cb9a97e6,raw/PHS/2026/09/PHS_20260905_2315Z.jpg
PHS,2026-09-05 23:30:02,2026-09-06 06:30:02,ocr-majority,0.2768,26.5,1519,0,0,,,0,0,0.0,110df2c0793bf48d,raw/PHS/2026/09/PHS_20260905_2330Z.jpg
PHS,2026-09-05 23:45:02,2026-09-06 06:45:02,ocr,0.4828,26.5,2650,0,0,,,0,0,0.0,80405fb1590723b5,raw/PHS/2026/09/PHS_20260905_2345Z.jpg
PHS,2026-09-06 00:00:02,2026-09-06 07:00:02,ocr,0.4965,34.0,2725,0,215,178.5;179.0;179.5;180.0,rfi,0,232,7.85,97f89748223122d9,raw/PHS/2026/09/PHS_20260906_0000Z.jpg
PHS,2026-09-06 00:15:02,2026-09-06 07:15:02,ocr,0.5302,36.5,2910,10,0,,,0,0,0.0,6565cf3a2f15c580,raw/PHS/2026/09/PHS_20260906_0015Z.jpg
PHS,2026-09-06 00:30:02,2026-09-06 07:30:02,ocr,0.6317,34.0,3467,0,0,,,0,0,0.0,ba00b2751eb20a66,raw/PHS/2026/09/PHS_20260906_0030Z.jpg
PHS,2026-09-06 00:45:02,2026-09-06 07:45:02,ocr,0.6937,31.5,3807,0,0,,,0,0,0.0,fab3260d737fe7a6,raw/PHS/2026/09/PHS_20260906_0045Z.jpg
PHS,2026-09-06 01:00:02,2026-09-06 08:00:02,ocr,0.7195,34.0,3949,0,0,,,0,0,0.0,cdd2ae568aeed684,raw/PHS/2026/09/PHS_20260906_0100Z.jpg
PHS,2026-09-06 01:15:02,2026-09-06 08:15:02,ocr,0.8065,34.0,4426,0,0,,,0,0,0.0,56f8e4b3db4ef781,raw/PHS/2026/09/PHS_20260906_0115Z.jpg
PHS,2026-09-06 01:30:02,2026-09-06 08:30:02,ocr,0.8349,34.0,4582,0,0,,,0,0,0.0,2cd7a4f2c682ef0b,raw/PHS/2026/09/PHS_20260906_0130Z.jpg
PHS,2026-09-06 01:45:02,2026-09-06 08:45:02,ocr,0.9438,36.5,5180,4,192,178.5;179.0;179.5,rfi,0,213,3.95,b78ecc9bf72bbbc4,raw/PHS/2026/09/PHS_20260906_0145Z.jpg
PHS,2026-09-06 02:00:02,2026-09-06 09:00:02,ocr,1.0415,36.5,5716,1,0,,,0,0,0.0,de45dbf2a0f87e99,raw/PHS/2026/09/PHS_20260906_0200Z.jpg
PHS,2026-09-06 02:15:02,2026-09-06 09:15:02,ocr,0.8764,34.0,4810,0,0,,,0,0,0.0,5c158b9ecfccfb72,raw/PHS/2026/09/PHS_20260906_0215Z.jpg
PHS,2026-09-06 02:30:02,2026-09-06 09:30:02,ocr,0.7316,34.0,4015,0,0,,,0,0,0.0,070bf307e64a6e39,raw/PHS/2026/09/PHS_20260906_0230Z.jpg
PHS,2026-09-06 02:45:02,2026-09-06 09:45:02,ocr,0.7953,31.5,4365,0,0,,,0,0,0.0,4ae87bc75a592bd3,raw/PHS/2026/09/PHS_20260906_0245Z.jpg
PHS,2026-09-06 03:00:02,2026-09-06 10:00:02,ocr,0.8921,34.0,4896,0,0,,,0,0,0.0,fa4183372490f4a7,raw/PHS/2026/09/PHS_20260906_0300Z.jpg
PHS,2026-09-06 03:15:02,2026-09-06 10:15:02,ocr,0.8536,34.0,4685,0,0,,,0,0,0.0,fde386d4cc00378f,raw/PHS/2026/09/PHS_20260906_0315Z.jpg
PHS,2026-09-06 03:30:02,2026-09-06 10:30:02,ocr,0.9169,41.5,5032,20,415,179.0;179.5,rfi,0,433,7.92,67fe5011fd7a4dc0,raw/PHS/2026/09/PHS_20260906_0330Z.jpg
PHS,2026-09-06 03:45:02,2026-09-06 10:45:02,ocr,1.032,41.5,5664,79,0,,,0,0,0.0,0c12cfcb03bc96fe,raw/PHS/2026/09/PHS_20260906_0345Z.jpg
PHS,2026-09-06 04:00:02,2026-09-06 11:00:02,ocr,1.0949,41.5,6009,67,0,,,0,0,0.0,4ce6395338ed1ab2,raw/PHS/2026/09/PHS_20260906_0400Z.jpg
PHS,2026-09-06 04:15:02,2026-09-06 11:15:02,ocr,1.4855,39.0,8153,59,0,,,0,0,0.0,f1c4d5f5f40fd871,raw/PHS/2026/09/PHS_20260906_0415Z.jpg
PHS,2026-09-06 04:30:02,2026-09-06 11:30:02,ocr,1.4414,41.5,7911,70,0,,,0,0,0.0,5e89864c5226feae,raw/PHS/2026/09/PHS_20260906_0430Z.jpg
PHS,2026-09-06 04:45:02,2026-09-06 11:45:02,ocr-majority,1.5227,41.5,8357,115,0,,,0,0,0.0,389f5ea06df54b5b,raw/PHS/2026/09/PHS_20260906_0445Z.jpg
PHS,2026-09-06 05:00:02,2026-09-06 12:00:02,ocr,1.7219,41.5,9450,179,0,,,0,0,0.0,24a8993c79c0ef65,raw/PHS/2026/09/PHS_20260906_0500Z.jpg
PHS,2026-09-06 05:15:02,2026-09-06 12:15:02,ocr,1.9562,41.5,10736,88,244,178.5;179.0;179.5,rfi,0,265,2.41,ff83551edd7a8e2d,raw/PHS/2026/09/PHS_20260906_0515Z.jpg
PHS,2026-09-06 05:30:02,2026-09-06 12:30:02,ocr,2.0983,41.5,11516,161,595,178.5;179.0;179.5;180.0,rfi,0,632,5.2,bebcd01bf6a45dc0,raw/PHS/2026/09/PHS_20260906_0530Z.jpg
PHS,2026-09-06 05:45:02,2026-09-06 12:45:02,ocr-majority,2.1386,41.5,11737,197,0,,,0,0,0.0,1d2342fb5248aa81,raw/PHS/2026/09/PHS_20260906_0545Z.jpg
PHS,2026-09-06 06:00:02,2026-09-06 13:00:02,ocr,1.9576,44.0,10744,234,216,179.0;179.5,rfi,0,232,2.11,d4c942b6ff1a10df,raw/PHS/2026/09/PHS_20260906_0600Z.jpg
PHS,2026-09-06 06:15:02,2026-09-06 13:15:02,ocr,1.9307,44.0,10596,314,0,,,0,0,0.0,514e92c768f0c96c,raw/PHS/2026/09/PHS_20260906_0615Z.jpg
PHS,2026-09-06 06:30:02,2026-09-06 13:30:02,ocr,1.8263,41.5,10023,445,0,,,0,0,0.0,977d67def6621462,raw/PHS/2026/09/PHS_20260906_0630Z.jpg
PHS,2026-09-06 06:45:02,2026-09-06 13:45:02,ocr,1.6632,46.5,9128,385,0,,,0,0,0.0,cd10343a651ab93a,raw/PHS/2026/09/PHS_20260906_0645Z.jpg
PHS,2026-09-06 07:00:02,2026-09-06 14:00:02,ocr,1.8057,41.5,9910,393,0,,,0,0,0.0,e89f209b7835e80d,raw/PHS/2026/09/PHS_20260906_0700Z.jpg
PHS,2026-09-06 07:15:02,2026-09-06 14:15:02,ocr,1.7957,44.0,9855,415,584,178.5;179.0;179.5;180.0,rfi,0,633,6.04,5854cf7166693146,raw/PHS/2026/09/PHS_20260906_0715Z.jpg
PHS,2026-09-06 07:30:02,2026-09-06 14:30:02,ocr,2.0817,44.0,11425,510,0,,,0,0,0.0,53b7b53f669b9615,raw/PHS/2026/09/PHS_20260906_0730Z.jpg
PHS,2026-09-06 07:45:02,2026-09-06 14:45:02,ocr,2.1457,46.5,11776,433,0,,,0,0,0.0,7f27f9030ed8e786,raw/PHS/2026/09/PHS_20260906_0745Z.jpg
PHS,2026-09-06 08:00:02,2026-09-06 15:00:02,ocr,2.3403,46.5,12844,676,0,,,0,0,0.0,e9a4703ac7958265,raw/PHS/2026/09/PHS_20260906_0800Z.jpg
PHS,2026-09-06 08:15:02,2026-09-06 15:15:02,ocr,2.4758,41.5,13588,634,0,,,0,0,0.0,6d7f0b233001f796,raw/PHS/2026/09/PHS_20260906_0815Z.jpg
PHS,2026-09-06 08:30:02,2026-09-06 15:30:02,ocr-majority,2.4514,46.5,13454,511,0,,,0,0,0.0,e1109be5a5cd2115,raw/PHS/2026/09/PHS_20260906_0830Z.jpg
PHS,2026-09-06 08:45:02,2026-09-06 15:45:02,ocr-majority,2.6588,44.0,14592,682,0,,,0,0,0.0,7fb83052e09f1d38,raw/PHS/2026/09/PHS_20260906_0845Z.jpg
PHS,2026-09-06 09:00:02,2026-09-06 16:00:02,ocr,2.4219,44.0,13292,578,0,,,0,0,0.0,bff198b59674560d,raw/PHS/2026/09/PHS_20260906_0900Z.jpg
PHS,2026-09-06 09:15:02,2026-09-06 16:15:02,ocr,2.5597,44.0,14048,474,0,,,0,0,0.0,77ede509543f07c3,raw/PHS/2026/09/PHS_20260906_0915Z.jpg
PHS,2026-09-06 09:30:02,2026-09-06 16:30:02,ocr,2.1989,44.0,12068,398,0,,,0,0,0.0,d749ca49b0edad28,raw/PHS/2026/09/PHS_20260906_0930Z.jpg
PHS,2026-09-06 09:45:02,2026-09-06 16:45:02,ocr,1.9394,46.5,10644,584,0,,,0,0,0.0,10fd3c4f6da73e3d,raw/PHS/2026/09/PHS_20260906_0945Z.jpg
PHS,2026-09-06 10:00:02,2026-09-06 17:00:02,ocr,1.7652,46.5,9688,662,630,178.5;179.0;179.5;180.0,rfi,0,669,6.46,b861fa893cc96f34,raw/PHS/2026/09/PHS_20260906_1000Z.jpg
PHS,2026-09-06 10:15:02,2026-09-06 17:15:02,ocr,1.9163,46.5,10517,670,0,,,0,0,0.0,a1dbe699321707d2,raw/PHS/2026/09/PHS_20260906_1015Z.jpg
PHS,2026-09-06 10:30:02,2026-09-06 17:30:02,ocr,2.0245,44.0,11111,596,0,,,0,0,0.0,30441c21cc184462,raw/PHS/2026/09/PHS_20260906_1030Z.jpg
PHS,2026-09-06 10:45:02,2026-09-06 17:45:02,ocr,1.7235,46.5,9459,572,0,,,0,0,0.0,6f04b90b71cc9b8e,raw/PHS/2026/09/PHS_20260906_1045Z.jpg
PHS,2026-09-06 11:00:02,2026-09-06 18:00:02,ocr,1.6894,44.0,9272,495,1156,178.0;178.5;179.0;179.5;180.0,rfi,0,1226,11.68,f2ad78f2b4f8449b,raw/PHS/2026/09/PHS_20260906_1100Z.jpg
PHS,2026-09-06 11:15:02,2026-09-06 18:15:02,ocr,1.911,41.5,10488,616,438,178.0;178.5;179.0;179.5,rfi,0,470,4.29,163868d648bfe2fe,raw/PHS/2026/09/PHS_20260906_1115Z.jpg
PHS,2026-09-06 11:30:02,2026-09-06 18:30:02,ocr-majority,2.0648,44.0,11332,594,456,178.5;179.0;179.5;180.0,rfi,0,471,3.99,8eb39395a090a620,raw/PHS/2026/09/PHS_20260906_1130Z.jpg
PHS,2026-09-06 11:45:02,2026-09-06 18:45:02,ocr-majority,2.2871,41.5,12552,422,309,179.0;179.5,rfi,0,323,2.51,0d62560b4e8b490b,raw/PHS/2026/09/PHS_20260906_1145Z.jpg
PHS,2026-09-06 12:00:02,2026-09-06 19:00:02,ocr,2.1118,44.0,11590,404,997,178.5;179.0;179.5;180.0,rfi,0,1076,8.5,c32193f9d332e960,raw/PHS/2026/09/PHS_20260906_1200Z.jpg
PHS,2026-09-06 12:15:02,2026-09-06 19:15:02,ocr,2.243,46.5,12310,586,0,,,0,0,0.0,2c916234db673a16,raw/PHS/2026/09/PHS_20260906_1215Z.jpg
PHS,2026-09-06 12:30:02,2026-09-06 19:30:02,ocr,1.9522,41.5,10714,607,0,,,0,0,0.0,332656a88572af84,raw/PHS/2026/09/PHS_20260906_1230Z.jpg
PHS,2026-09-06 12:45:02,2026-09-06 19:45:02,ocr-majority,1.9937,41.5,10942,727,0,,,0,0,0.0,312ed86624621592,raw/PHS/2026/09/PHS_20260906_1245Z.jpg
PHS,2026-09-06 13:00:02,2026-09-06 20:00:02,ocr,2.0258,44.0,11118,551,458,179.0;179.5,rfi,0,472,4.07,4036c122e939a3c7,raw/PHS/2026/09/PHS_20260906_1300Z.jpg
PHS,2026-09-06 13:15:02,2026-09-06 20:15:02,ocr,1.9691,44.0,10807,740,616,178.5;179.0;179.5;180.0,rfi,0,657,5.73,6ae9ad034471772d,raw/PHS/2026/09/PHS_20260906_1315Z.jpg
PHS,2026-09-06 13:30:02,2026-09-06 20:30:02,ocr,2.0393,41.5,11192,563,213,179.0;179.5,rfi,0,238,2.08,20c4c39ac60148f1,raw/PHS/2026/09/PHS_20260906_1330Z.jpg
PHS,2026-09-06 13:45:02,2026-09-06 20:45:02,ocr-majority,1.6247,46.5,8917,651,0,,,0,0,0.0,cd255a06d11053ba,raw/PHS/2026/09/PHS_20260906_1345Z.jpg
PHS,2026-09-06 14:00:02,2026-09-06 21:00:02,ocr,1.2906,41.5,7083,455,0,,,0,0,0.0,dd87f253b499c90f,raw/PHS/2026/09/PHS_20260906_1400Z.jpg
PHS,2026-09-06 14:15:02,2026-09-06 21:15:02,ocr,1.2809,41.5,7030,219,0,,,0,0,0.0,797a23a530b3834e,raw/PHS/2026/09/PHS_20260906_1415Z.jpg
PHS,2026-09-06 14:30:02,2026-09-06 21:30:02,ocr,1.6712,41.5,9172,254,0,,,0,0,0.0,b386ecb88bae0392,raw/PHS/2026/09/PHS_20260906_1430Z.jpg
PHS,2026-09-06 14:45:02,2026-09-06 21:45:02,ocr-majority,1.2827,41.5,7040,347,0,,,0,0,0.0,0f048176c30a3c30,raw/PHS/2026/09/PHS_20260906_1445Z.jpg
PHS,2026-09-06 15:00:02,2026-09-06 22:00:02,ocr,1.2908,41.5,7084,192,0,,,0,0,0.0,7eded4969d16b675,raw/PHS/2026/09/PHS_20260906_1500Z.jpg
PHS,2026-09-06 15:15:02,2026-09-06 22:15:02,ocr,1.5003,44.0,8234,247,0,,,0,0,0.0,609bb5e2b7f0a769,raw/PHS/2026/09/PHS_20260906_1515Z.jpg
PHS,2026-09-06 15:30:02,2026-09-06 22:30:02,ocr,1.6659,44.0,9143,337,0,,,0,0,0.0,822c416dbb335422,raw/PHS/2026/09/PHS_20260906_1530Z.jpg
PHS,2026-09-06 15:45:02,2026-09-06 22:45:02,ocr-majority,1.7004,41.5,9332,226,0,,,0,0,0.0,b32b9ad06445e5b8,raw/PHS/2026/09/PHS_20260906_1545Z.jpg
PHS,2026-09-06 16:00:02,2026-09-06 23:00:02,ocr,1.5335,41.5,8416,220,0,,,0,0,0.0,cbbd6a3e5a30fc98,raw/PHS/2026/09/PHS_20260906_1600Z.jpg
PHS,2026-09-06 16:15:02,2026-09-06 23:15:02,ocr,1.4085,39.0,7730,69,0,,,0,0,0.0,64018921aa20820f,raw/PHS/2026/09/PHS_20260906_1615Z.jpg
PHS,2026-09-06 16:30:02,2026-09-06 23:30:02,ocr,1.4691,41.5,8063,83,275,179.0;179.5,rfi,0,288,3.45,49aa89ba82a384e6,raw/PHS/2026/09/PHS_20260906_1630Z.jpg
PHS,2026-09-06 16:45:02,2026-09-06 23:45:02,ocr-majority,1.4398,41.5,7902,87,0,,,0,0,0.0,2d7c1a145c6d9486,raw/PHS/2026/09/PHS_20260906_1645Z.jpg
PHS,2026-09-06 17:00:02,2026-09-07 00:00:02,ocr,1.401,41.5,7689,74,0,,,0,0,0.0,1560a5ef47a2cd28,raw/PHS/2026/09/PHS_20260906_1700Z.jpg
PHS,2026-09-06 17:15:02,2026-09-07 00:15:02,ocr,1.7122,41.5,9397,113,0,,,0,0,0.0,f12338e3f9bf596c,raw/PHS/2026/09/PHS_20260906_1715Z.jpg
PHS,2026-09-06 17:30:02,2026-09-07 00:30:02,ocr,2.1825,41.5,11978,122,0,,,0,0,0.0,1813b0f595b7b7f3,raw/PHS/2026/09/PHS_20260906_1730Z.jpg
PHS,2026-09-06 17:45:02,2026-09-07 00:45:02,ocr,2.2873,41.5,12553,49,0,,,0,0,0.0,08d47adc85407bca,raw/PHS/2026/09/PHS_20260906_1745Z.jpg
PHS,2026-09-06 18:00:02,2026-09-07 01:00:02,ocr,2.138,41.5,11734,47,0,,,0,0,0.0,7140c496cb68a93e,raw/PHS/2026/09/PHS_20260906_1800Z.jpg
PHS,2026-09-06 18:15:02,2026-09-07 01:15:02,ocr,2.0218,39.0,11096,47,0,,,0,0,0.0,c990b90738512c69,raw/PHS/2026/09/PHS_20260906_1815Z.jpg
PHS,2026-09-06 18:30:02,2026-09-07 01:30:02,ocr-majority,1.7361,36.5,9528,30,0,,,0,0,0.0,77fed91c37f0d6d2,raw/PHS/2026/09/PHS_20260906_1830Z.jpg
PHS,2026-09-06 18:45:02,2026-09-07 01:45:02,ocr-majority,1.8315,41.5,10052,44,0,,,0,0,0.0,23cd1a09be3ee2c1,raw/PHS/2026/09/PHS_20260906_1845Z.jpg
PHS,2026-09-06 19:00:02,2026-09-07 02:00:02,ocr,2.3417,36.5,12852,40,0,,,0,0,0.0,ef633b58a55b620f,raw/PHS/2026/09/PHS_20260906_1900Z.jpg
PHS,2026-09-06 19:15:02,2026-09-07 02:15:02,ocr,2.7495,41.5,15090,105,0,,,0,0,0.0,28e0f08ff13349d7,raw/PHS/2026/09/PHS_20260906_1915Z.jpg
PHS,2026-09-06 19:30:02,2026-09-07 02:30:02,ocr,2.9288,41.5,16074,64,0,,,0,0,0.0,15c792d41c91f0a2,raw/PHS/2026/09/PHS_20260906_1930Z.jpg
PHS,2026-09-06 19:45:02,2026-09-07 02:45:02,ocr,2.8058,39.0,15399,11,0,,,0,0,0.0,5869764fb80b43cc,raw/PHS/2026/09/PHS_20260906_1945Z.jpg
PHS,2026-09-06 20:00:02,2026-09-07 03:00:02,ocr,2.4563,36.5,13481,8,0,,,0,0,0.0,94ad496afa388105,raw/PHS/2026/09/PHS_20260906_2000Z.jpg
PHS,2026-09-06 20:15:02,2026-09-07 03:15:02,ocr,2.1065,36.5,11561,9,0,,,0,0,0.0,5c80bc1e2836bbe8,raw/PHS/2026/09/PHS_20260906_2015Z.jpg
PHS,2026-09-06 20:30:02,2026-09-07 03:30:02,ocr,1.8999,34.0,10427,0,0,,,0,0,0.0,b1ce0ffee9f365c3,raw/PHS/2026/09/PHS_20260906_2030Z.jpg
PHS,2026-09-06 20:45:02,2026-09-07 03:45:02,ocr,1.9033,34.0,10446,0,0,,,0,0,0.0,c56209895c73255b,raw/PHS/2026/09/PHS_20260906_2045Z.jpg
PHS,2026-09-06 21:00:02,2026-09-07 04:00:02,ocr,1.7769,31.5,9752,0,0,,,0,0,0.0,a8be832b9d5f9714,raw/PHS/2026/09/PHS_20260906_2100Z.jpg
PHS,2026-09-06 21:15:02,2026-09-07 04:15:02,ocr,1.4292,31.5,7844,0,0,,,0,0,0.0,1840184fe92cd570,raw/PHS/2026/09/PHS_20260906_2115Z.jpg
PHS,2026-09-06 21:30:02,2026-09-07 04:30:02,ocr,1.147,34.0,6295,0,0,,,0,0,0.0,370eecab98048b5c,raw/PHS/2026/09/PHS_20260906_2130Z.jpg
PHS,2026-09-06 21:45:02,2026-09-07 04:45:02,ocr,0.9717,31.5,5333,0,0,,,0,0,0.0,0e3e80410b2b2cc0,raw/PHS/2026/09/PHS_20260906_2145Z.jpg
PHS,2026-09-06 22:00:02,2026-09-07 05:00:02,ocr,0.9092,34.0,4990,0,0,,,0,0,0.0,a62728f8ea4d9286,raw/PHS/2026/09/PHS_20260906_2200Z.jpg
PHS,2026-09-06 22:15:02,2026-09-07 05:15:02,ocr,0.9404,31.5,5161,0,0,,,0,0,0.0,f90abc190a7f5b6e,raw/PHS/2026/09/PHS_20260906_2215Z.jpg
PHS,2026-09-06 22:30:02,2026-09-07 05:30:02,ocr,0.8331,34.0,4572,0,0,,,0,0,0.0,a1009d8f7aca36cb,raw/PHS/2026/09/PHS_20260906_2230Z.jpg
PHS,2026-09-06 22:45:02,2026-09-07 05:45:02,ocr,0.8607,34.0,4724,0,0,,,0,0,0.0,49e083bb8d10f3a5,raw/PHS/2026/09/PHS_20260906_2245Z.jpg
PHS,2026-09-06 23:00:02,2026-09-07 06:00:02,ocr,0.9528,31.5,5229,0,0,,,0,0,0.0,426b53aba31e566d,raw/PHS/2026/09/PHS_20260906_2300Z.jpg
PHS,2026-09-06 23:15:02,2026-09-07 06:15:02,ocr,1.0395,26.5,5705,0,0,,,0,0,0.0,eeb60d4c0b0499e9,raw/PHS/2026/09/PHS_20260906_2315Z.jpg
PHS,2026-09-06 23:30:02,2026-09-07 06:30:02,ocr,1.088,24.0,5971,0,0,,,0,0,0.0,b34016d37df2af9e,raw/PHS/2026/09/PHS_20260906_2330Z.jpg
PHS,2026-09-06 23:45:02,2026-09-07 06:45:02,ocr,0.8425,26.5,4624,0,0,,,0,0,0.0,1c86f7fa035cd2f5,raw/PHS/2026/09/PHS_20260906_2345Z.jpg
PHS,2026-09-07 00:00:02,2026-09-07 07:00:02,ocr,0.5858,24.0,3215,0,0,,,0,0,0.0,69c9f4005c8ac2a8,raw/PHS/2026/09/PHS_20260907_0000Z.jpg
PHS,2026-09-07 00:15:02,2026-09-07 07:15:02,ocr,0.3912,24.0,2147,0,0,,,0,0,0.0,6fc6aa9c25522b99,raw/PHS/2026/09/PHS_20260907_0015Z.jpg
PHS,2026-09-07 00:30:02,2026-09-07 07:30:02,ocr,0.2228,24.0,1223,0,0,,,0,0,0.0,8693d9a8fc8d311e,raw/PHS/2026/09/PHS_20260907_0030Z.jpg
PHS,2026-09-07 00:45:02,2026-09-07 07:45:02,ocr,0.0884,24.0,485,0,0,,,0,0,0.0,e27fbbbddc8417c9,raw/PHS/2026/09/PHS_20260907_0045Z.jpg
PHS,2026-09-07 01:00:02,2026-09-07 08:00:02,ocr,0.0357,21.5,196,0,0,,,0,0,0.0,b145826dd2e75b35,raw/PHS/2026/09/PHS_20260907_0100Z.jpg
PHS,2026-09-07 01:15:02,2026-09-07 08:15:02,ocr,0.039,24.0,214,0,0,,,0,0,0.0,e9c510afbfe47fcc,raw/PHS/2026/09/PHS_20260907_0115Z.jpg
PHS,2026-09-07 01:30:02,2026-09-07 08:30:02,ocr,0.022,19.0,121,0,0,,,0,0,0.0,a30b08be866a43a5,raw/PHS/2026/09/PHS_20260907_0130Z.jpg
PHS,2026-09-07 01:45:02,2026-09-07 08:45:02,ocr,0.0293,21.5,161,0,0,,,0,0,0.0,4fe4848b3dc6aa52,raw/PHS/2026/09/PHS_20260907_0145Z.jpg
PHS,2026-09-07 02:00:02,2026-09-07 09:00:02,ocr,0.0053,11.3,29,0,0,,,0,0,0.0,69fe78bfbe44a80f,raw/PHS/2026/09/PHS_20260907_0200Z.jpg
PHS,2026-09-07 02:15:02,2026-09-07 09:15:02,ocr,0.0,,0,0,0,,,0,0,0.0,f46371a002f58c2c,raw/PHS/2026/09/PHS_20260907_0215Z.jpg
PHS,2026-09-07 02:30:02,2026-09-07 09:30:02,ocr,0.0029,21.5,16,0,0,,,0,0,0.0,f3d4b68b34eb906b,raw/PHS/2026/09/PHS_20260907_0230Z.jpg
PHS,2026-09-07 02:45:02,2026-09-07 09:45:02,ocr,0.0038,10.4,21,0,0,,,0,0,0.0,1ed23d8ffca0c7d1,raw/PHS/2026/09/PHS_20260907_0245Z.jpg
PHS,2026-09-07 03:00:02,2026-09-07 10:00:02,ocr,0.0456,21.5,250,0,0,,,0,0,0.0,dd54805d24e873d8,raw/PHS/2026/09/PHS_20260907_0300Z.jpg
PHS,2026-09-07 03:15:02,2026-09-07 10:15:02,ocr,0.0,,0,0,0,,,0,0,0.0,fc306b1b00144b8b,raw/PHS/2026/09/PHS_20260907_0315Z.jpg
PHS,2026-09-07 03:30:02,2026-09-07 10:30:02,ocr-majority,0.0011,21.5,6,0,0,,,0,0,0.0,4cc9666f4eaec94c,raw/PHS/2026/09/PHS_20260907_0330Z.jpg
PHS,2026-09-07 03:45:02,2026-09-07 10:45:02,ocr,0.0031,21.5,17,0,0,,,0,0,0.0,2ff1e9693a3e5536,raw/PHS/2026/09/PHS_20260907_0345Z.jpg
PHS,2026-09-07 04:00:02,2026-09-07 11:00:02,ocr,0.002,19.0,11,0,0,,,0,0,0.0,e362da16fa729d8a,raw/PHS/2026/09/PHS_20260907_0400Z.jpg
PHS,2026-09-07 04:15:02,2026-09-07 11:15:02,ocr,0.0106,24.0,58,0,0,,,0,0,0.0,29d3b0d07c4db2bf,raw/PHS/2026/09/PHS_20260907_0415Z.jpg
PHS,2026-09-07 04:30:02,2026-09-07 11:30:02,ocr,0.1004,24.0,551,0,0,,,0,0,0.0,89b2242ff7856993,raw/PHS/2026/09/PHS_20260907_0430Z.jpg
PHS,2026-09-07 04:45:02,2026-09-07 11:45:02,ocr-majority,0.0661,24.0,363,0,0,,,0,0,0.0,36daf1326ae87d34,raw/PHS/2026/09/PHS_20260907_0445Z.jpg
PHS,2026-09-07 05:00:02,2026-09-07 12:00:02,ocr,0.1164,34.0,639,0,0,,,0,0,0.0,2c5d07f073eadd4b,raw/PHS/2026/09/PHS_20260907_0500Z.jpg
PHS,2026-09-07 05:15:02,2026-09-07 12:15:02,ocr,0.0849,46.5,466,11,0,,,0,0,0.0,41ffdeaff2a96d1a,raw/PHS/2026/09/PHS_20260907_0515Z.jpg
PHS,2026-09-07 05:30:02,2026-09-07 12:30:02,ocr,0.1152,41.5,632,74,0,,,0,0,0.0,8344eb9bcefac65e,raw/PHS/2026/09/PHS_20260907_0530Z.jpg
PHS,2026-09-07 05:45:02,2026-09-07 12:45:02,ocr,0.1099,41.5,603,96,0,,,0,0,0.0,5ab53f7bdcf14836,raw/PHS/2026/09/PHS_20260907_0545Z.jpg
PHS,2026-09-07 06:15:02,2026-09-07 13:15:02,ocr,0.3657,41.5,2007,154,0,,,0,0,0.0,0f5d2d40d43cc575,raw/PHS/2026/09/PHS_20260907_0615Z.jpg
PHS,2026-09-07 06:30:02,2026-09-07 13:30:02,ocr,0.6004,44.0,3295,94,0,,,0,0,0.0,127f6e988a6e0500,raw/PHS/2026/09/PHS_20260907_0630Z.jpg
PHS,2026-09-07 06:45:02,2026-09-07 13:45:02,ocr,0.9278,41.5,5092,135,0,,,0,0,0.0,3523a6c6fd9043b2,raw/PHS/2026/09/PHS_20260907_0645Z.jpg
PHS,2026-09-07 07:00:02,2026-09-07 14:00:02,ocr,1.1678,41.5,6409,210,0,,,0,0,0.0,502f413a8ce5a805,raw/PHS/2026/09/PHS_20260907_0700Z.jpg
PHS,2026-09-07 07:15:02,2026-09-07 14:15:02,ocr,1.4148,44.0,7765,365,221,179.0;179.5,rfi,0,237,2.96,d5ad27f6d081fae9,raw/PHS/2026/09/PHS_20260907_0715Z.jpg
PHS,2026-09-07 07:30:02,2026-09-07 14:30:02,ocr,1.5721,44.0,8628,330,0,,,0,0,0.0,89b67e03355a39e3,raw/PHS/2026/09/PHS_20260907_0730Z.jpg
PHS,2026-09-07 07:45:02,2026-09-07 14:45:02,ocr,1.6402,46.5,9002,579,0,,,0,0,0.0,3d7fa28d4ee49920,raw/PHS/2026/09/PHS_20260907_0745Z.jpg
PHS,2026-09-07 08:00:02,2026-09-07 15:00:02,ocr,1.5912,44.0,8733,462,0,,,0,0,0.0,dd77565391bb12cc,raw/PHS/2026/09/PHS_20260907_0800Z.jpg
PHS,2026-09-07 08:15:02,2026-09-07 15:15:02,ocr,1.7319,44.0,9505,396,0,,,0,0,0.0,dcec733be1056b85,raw/PHS/2026/09/PHS_20260907_0815Z.jpg
PHS,2026-09-07 08:30:02,2026-09-07 15:30:02,ocr,1.7849,46.5,9796,441,0,,,0,0,0.0,c8f85bc131f1754e,raw/PHS/2026/09/PHS_20260907_0830Z.jpg
PHS,2026-09-07 08:45:02,2026-09-07 15:45:02,ocr,1.8392,44.0,10094,451,500,179.0;179.5;180.0,rfi,0,548,5.15,90793c693b52df3d,raw/PHS/2026/09/PHS_20260907_0845Z.jpg
PHS,2026-09-07 09:00:02,2026-09-07 16:00:02,ocr,1.8461,46.5,10132,470,0,,,0,0,0.0,49c022a7264c43f3,raw/PHS/2026/09/PHS_20260907_0900Z.jpg
PHS,2026-09-07 09:15:02,2026-09-07 16:15:02,ocr,1.9513,44.0,10709,492,0,,,0,0,0.0,e539b347f1b2c2e8,raw/PHS/2026/09/PHS_20260907_0915Z.jpg
PHS,2026-09-07 09:30:02,2026-09-07 16:30:02,ocr,2.0527,44.0,11266,372,382,179.0;179.5,rfi,0,414,3.54,3a30ce0f6f0fc19c,raw/PHS/2026/09/PHS_20260907_0930Z.jpg
PHS,2026-09-07 09:45:02,2026-09-07 16:45:02,ocr,2.038,41.5,11185,565,361,178.5;179.0;179.5;180.0,rfi,0,397,3.43,1cfa54081dc92ad0,raw/PHS/2026/09/PHS_20260907_0945Z.jpg
PHS,2026-09-07 10:00:02,2026-09-07 17:00:02,ocr,2.0471,46.5,11235,531,0,,,0,0,0.0,1feeedb4144c06f0,raw/PHS/2026/09/PHS_20260907_1000Z.jpg
PHS,2026-09-07 10:15:02,2026-09-07 17:15:02,ocr,2.1111,44.0,11586,619,448,178.0;178.5;179.0;179.5;180.0,rfi,0,490,4.06,454951b386cbb9d0,raw/PHS/2026/09/PHS_20260907_1015Z.jpg
PHS,2026-09-07 10:30:02,2026-09-07 17:30:02,ocr,2.3904,46.5,13119,906,0,,,0,0,0.0,56bc2c8f08a7a37f,raw/PHS/2026/09/PHS_20260907_1030Z.jpg
PHS,2026-09-07 10:45:02,2026-09-07 17:45:02,ocr,2.3337,41.5,12808,689,0,,,0,0,0.0,5aaf5912b72f8f4f,raw/PHS/2026/09/PHS_20260907_1045Z.jpg
PHS,2026-09-07 11:00:02,2026-09-07 18:00:02,ocr,2.6475,41.5,14530,773,215,178.5;179.0;179.5;180.0,rfi,0,232,1.57,029284a69f54f7d8,raw/PHS/2026/09/PHS_20260907_1100Z.jpg
PHS,2026-09-07 11:15:02,2026-09-07 18:15:02,ocr,2.5436,46.5,13960,447,0,,,0,0,0.0,27bf8ca8d45e6ea0,raw/PHS/2026/09/PHS_20260907_1115Z.jpg
PHS,2026-09-07 11:30:02,2026-09-07 18:30:02,ocr,2.8802,41.5,15807,624,0,,,0,0,0.0,25ccfda6d6b7dd71,raw/PHS/2026/09/PHS_20260907_1130Z.jpg
PHS,2026-09-07 11:45:02,2026-09-07 18:45:02,ocr-majority,3.0398,44.0,16683,584,0,,,0,0,0.0,238b4bad03bcef4e,raw/PHS/2026/09/PHS_20260907_1145Z.jpg
PHS,2026-09-07 12:00:02,2026-09-07 19:00:02,ocr,2.3984,41.5,13163,378,0,,,0,0,0.0,f1c8d81a4a706835,raw/PHS/2026/09/PHS_20260907_1200Z.jpg
PHS,2026-09-07 12:15:02,2026-09-07 19:15:02,ocr,3.5541,41.5,19506,374,0,,,0,0,0.0,d3f37d4d5c7804f3,raw/PHS/2026/09/PHS_20260907_1215Z.jpg
PHS,2026-09-07 12:30:02,2026-09-07 19:30:02,ocr,4.1352,41.5,22695,413,0,,,0,0,0.0,ef23a5da3abac7f8,raw/PHS/2026/09/PHS_20260907_1230Z.jpg
PHS,2026-09-07 12:45:02,2026-09-07 19:45:02,ocr-majority,4.0512,41.5,22234,644,447,178.5;179.0;179.5,rfi,0,490,2.16,8fc2d0be9fb1b3bb,raw/PHS/2026/09/PHS_20260907_1245Z.jpg
PHS,2026-09-07 13:00:02,2026-09-07 20:00:02,ocr,5.4316,41.5,29810,631,0,,,0,0,0.0,2c042fef5dcb19f1,raw/PHS/2026/09/PHS_20260907_1300Z.jpg
PHS,2026-09-07 13:15:02,2026-09-07 20:15:02,ocr,6.2198,41.5,34136,791,262,179.0;179.5,rfi,0,277,0.8,5f648000f5662d93,raw/PHS/2026/09/PHS_20260907_1315Z.jpg
PHS,2026-09-07 13:30:02,2026-09-07 20:30:02,ocr,6.583,44.0,36129,1049,421,178.5;179.0;179.5;180.0,rfi,0,465,1.27,97b3194f01c77830,raw/PHS/2026/09/PHS_20260907_1330Z.jpg
PHS,2026-09-07 13:45:02,2026-09-07 20:45:02,ocr-majority,6.4006,46.5,35128,1469,1584,178.0;178.5;179.0;179.5;180.0,rfi,0,1654,4.5,55f88d27c832acdf,raw/PHS/2026/09/PHS_20260907_1345Z.jpg
PHS,2026-09-07 14:00:02,2026-09-07 21:00:02,ocr,6.6344,46.5,36411,1134,935,178.0;178.5;179.0;179.5,rfi,0,988,2.64,2144a17682a35803,raw/PHS/2026/09/PHS_20260907_1400Z.jpg
PHS,2026-09-07 14:15:02,2026-09-07 21:15:02,ocr,6.9299,44.0,38033,1170,582,178.5;179.0;179.5;180.0,rfi,0,631,1.63,03ed410a3107ef63,raw/PHS/2026/09/PHS_20260907_1415Z.jpg
PHS,2026-09-07 14:30:02,2026-09-07 21:30:02,ocr,7.3843,41.5,40527,624,0,,,0,0,0.0,acd6d781c91e0bdd,raw/PHS/2026/09/PHS_20260907_1430Z.jpg
PHS,2026-09-07 14:45:02,2026-09-07 21:45:02,ocr-majority,8.4504,44.0,46378,619,0,,,0,0,0.0,761969ea4672ade5,raw/PHS/2026/09/PHS_20260907_1445Z.jpg
PHS,2026-09-07 15:00:02,2026-09-07 22:00:02,ocr,8.5051,44.0,46678,624,0,,,0,0,0.0,e23e11b4534b901e,raw/PHS/2026/09/PHS_20260907_1500Z.jpg
PHS,2026-09-07 15:15:02,2026-09-07 22:15:02,ocr,8.8722,46.5,48693,763,0,,,0,0,0.0,5895a3d33167f0cc,raw/PHS/2026/09/PHS_20260907_1515Z.jpg
PHS,2026-09-07 15:30:02,2026-09-07 22:30:02,ocr,8.623,44.0,47325,525,0,,,0,0,0.0,dec5a5214a11156b,raw/PHS/2026/09/PHS_20260907_1530Z.jpg
PHS,2026-09-07 15:45:02,2026-09-07 22:45:02,ocr-majority,7.7351,44.0,42452,445,0,,,0,0,0.0,2eeff8ada4e340e3,raw/PHS/2026/09/PHS_20260907_1545Z.jpg
PHS,2026-09-07 16:00:02,2026-09-07 23:00:02,ocr,7.5786,41.5,41593,342,0,,,0,0,0.0,3705ccf6edbe204e,raw/PHS/2026/09/PHS_20260907_1600Z.jpg
PHS,2026-09-07 16:15:02,2026-09-07 23:15:02,ocr,7.3158,41.5,40151,164,190,179.0;179.5,rfi,0,212,0.53,43776b7167672c55,raw/PHS/2026/09/PHS_20260907_1615Z.jpg
PHS,2026-09-07 16:30:02,2026-09-07 23:30:02,ocr,6.9204,36.5,37981,9,1402,178.5;179.0;179.5;180.0;180.5,rfi,0,1459,3.7,cbf88b4b79b72aed,raw/PHS/2026/09/PHS_20260907_1630Z.jpg
PHS,2026-09-07 16:45:02,2026-09-07 23:45:02,ocr-majority,6.6961,36.5,36750,9,1250,178.0;178.5;179.0;179.5,rfi,0,1289,3.39,76e2ccfc04700afa,raw/PHS/2026/09/PHS_20260907_1645Z.jpg
PHS,2026-09-07 17:00:02,2026-09-08 00:00:02,ocr,6.2399,36.5,34246,6,0,,,0,0,0.0,bdbd10047c8bad78,raw/PHS/2026/09/PHS_20260907_1700Z.jpg
PHS,2026-09-07 17:15:02,2026-09-08 00:15:02,ocr,5.2252,36.5,28677,12,605,178.5;179.0;179.5;180.0;180.5,rfi,0,675,2.3,543399ad2532affd,raw/PHS/2026/09/PHS_20260907_1715Z.jpg
PHS,2026-09-07 17:30:02,2026-09-08 00:30:02,ocr,4.3797,36.5,24037,11,0,,,0,0,0.0,9cf7a18df774a314,raw/PHS/2026/09/PHS_20260907_1730Z.jpg
PHS,2026-09-07 17:45:02,2026-09-08 00:45:02,ocr,3.6638,36.5,20108,29,0,,,0,0,0.0,3fb25e8fb30080df,raw/PHS/2026/09/PHS_20260907_1745Z.jpg
PHS,2026-09-07 18:00:02,2026-09-08 01:00:02,ocr,2.9846,41.5,16380,73,0,,,0,0,0.0,df9eb05daf93201e,raw/PHS/2026/09/PHS_20260907_1800Z.jpg
PHS,2026-09-07 18:15:02,2026-09-08 01:15:02,ocr,2.0079,34.0,11020,0,481,179.0;179.5;180.0,rfi,0,550,4.75,45b1505eb8bd8722,raw/PHS/2026/09/PHS_20260907_1815Z.jpg
PHS,2026-09-07 18:30:02,2026-09-08 01:30:02,ocr-majority,1.6286,36.5,8938,6,0,,,0,0,0.0,939f9025754953dd,raw/PHS/2026/09/PHS_20260907_1830Z.jpg
PHS,2026-09-07 18:45:02,2026-09-08 01:45:02,ocr-majority,1.2366,34.0,6787,0,0,,,0,0,0.0,2272548b97ad2925,raw/PHS/2026/09/PHS_20260907_1845Z.jpg
PHS,2026-09-07 19:00:02,2026-09-08 02:00:02,ocr,0.9741,36.5,5346,22,0,,,0,0,0.0,63819a97d13942b7,raw/PHS/2026/09/PHS_20260907_1900Z.jpg
PHS,2026-09-07 19:15:02,2026-09-08 02:15:02,ocr,0.7064,26.5,3877,0,0,,,0,0,0.0,0eca7a406bfa9f4d,raw/PHS/2026/09/PHS_20260907_1915Z.jpg
PHS,2026-09-07 19:30:02,2026-09-08 02:30:02,ocr,0.6233,24.0,3421,0,0,,,0,0,0.0,ea978093cc2419ea,raw/PHS/2026/09/PHS_20260907_1930Z.jpg
PHS,2026-09-07 19:45:02,2026-09-08 02:45:02,ocr,0.328,26.5,1800,0,0,,,0,0,0.0,4ab80934594f33c3,raw/PHS/2026/09/PHS_20260907_1945Z.jpg
PHS,2026-09-07 20:00:02,2026-09-08 03:00:02,ocr,0.2238,26.5,1228,0,0,,,0,0,0.0,63e93331470d18fb,raw/PHS/2026/09/PHS_20260907_2000Z.jpg
PHS,2026-09-07 20:15:02,2026-09-08 03:15:02,ocr,0.1398,24.0,767,0,219,179.0;179.5,rfi,0,246,24.28,3305053ac90586f8,raw/PHS/2026/09/PHS_20260907_2015Z.jpg
PHS,2026-09-07 20:30:02,2026-09-08 03:30:02,ocr,0.0355,26.5,195,0,0,,,0,0,0.0,f226054a9e5a23ea,raw/PHS/2026/09/PHS_20260907_2030Z.jpg
PHS,2026-09-07 20:45:02,2026-09-08 03:45:02,ocr,0.0319,24.0,175,0,0,,,0,0,0.0,c49e1cc2da16229c,raw/PHS/2026/09/PHS_20260907_2045Z.jpg
PHS,2026-09-07 21:00:02,2026-09-08 04:00:02,ocr,0.0443,26.5,243,0,0,,,0,0,0.0,9a2933fd4bae6cef,raw/PHS/2026/09/PHS_20260907_2100Z.jpg
PHS,2026-09-07 21:15:02,2026-09-08 04:15:02,ocr,0.0457,24.0,251,0,0,,,0,0,0.0,6360910fcd57e646,raw/PHS/2026/09/PHS_20260907_2115Z.jpg
PHS,2026-09-07 21:30:02,2026-09-08 04:30:02,ocr,0.0091,21.5,50,0,0,,,0,0,0.0,ff2b7df916c5e499,raw/PHS/2026/09/PHS_20260907_2130Z.jpg
PHS,2026-09-07 21:45:02,2026-09-08 04:45:02,ocr,0.0876,21.5,481,0,0,,,0,0,0.0,8f0fbe4ef4f6a914,raw/PHS/2026/09/PHS_20260907_2145Z.jpg
PHS,2026-09-07 22:00:02,2026-09-08 05:00:02,ocr,0.0468,21.5,257,0,0,,,0,0,0.0,c44970027b37c894,raw/PHS/2026/09/PHS_20260907_2200Z.jpg
PHS,2026-09-07 22:15:02,2026-09-08 05:15:02,ocr,0.0516,21.5,283,0,0,,,0,0,0.0,f2c70c3cafe259e1,raw/PHS/2026/09/PHS_20260907_2215Z.jpg
PHS,2026-09-07 22:30:02,2026-09-08 05:30:02,ocr,0.0587,24.0,322,0,0,,,0,0,0.0,463411ab7922910e,raw/PHS/2026/09/PHS_20260907_2230Z.jpg
PHS,2026-09-07 22:45:02,2026-09-08 05:45:02,ocr,0.0988,21.5,542,0,0,,,0,0,0.0,d46e6d8327e35851,raw/PHS/2026/09/PHS_20260907_2245Z.jpg
PHS,2026-09-07 23:00:02,2026-09-08 06:00:02,ocr,0.037,24.0,203,0,0,,,0,0,0.0,838345a6ee04c80d,raw/PHS/2026/09/PHS_20260907_2300Z.jpg
PHS,2026-09-07 23:15:02,2026-09-08 06:15:02,ocr,0.0049,10.4,27,0,1183,178.5;179.0;179.5;180.0,rfi,0,1255,97.89,c8eb3d6c68f51ad7,raw/PHS/2026/09/PHS_20260907_2315Z.jpg
PHS,2026-09-07 23:30:02,2026-09-08 06:30:02,ocr,0.0086,21.5,47,0,0,,,0,0,0.0,eb48a78c57ba25a1,raw/PHS/2026/09/PHS_20260907_2330Z.jpg
PHS,2026-09-07 23:45:02,2026-09-08 06:45:02,ocr,0.0044,10.4,24,0,0,,,0,0,0.0,3c66b8d9ef715c4d,raw/PHS/2026/09/PHS_20260907_2345Z.jpg
PHS,2026-09-08 00:00:02,2026-09-08 07:00:02,ocr-majority,0.0743,21.5,408,0,213,179.0;179.5,rfi,0,230,36.05,429ea1e5804dcd65,raw/PHS/2026/09/PHS_20260908_0000Z.jpg
PHS,2026-09-08 00:15:02,2026-09-08 07:15:02,ocr-majority,0.0277,21.5,152,0,0,,,0,0,0.0,43e7a4dc8cd76ccb,raw/PHS/2026/09/PHS_20260908_0015Z.jpg
PHS,2026-09-08 00:45:02,2026-09-08 07:45:02,ocr-majority,0.0,,0,0,0,,,0,0,0.0,b396ae80e0e1dabe,raw/PHS/2026/09/PHS_20260908_0045Z.jpg
PHS,2026-09-08 01:00:02,2026-09-08 08:00:02,ocr-majority,0.0016,10.4,9,0,0,,,0,0,0.0,471dbd489f34949d,raw/PHS/2026/09/PHS_20260908_0100Z.jpg
PHS,2026-09-08 01:30:02,2026-09-08 08:30:02,ocr,0.0,,0,0,0,,,0,0,0.0,4ec7ef7454f31b5f,raw/PHS/2026/09/PHS_20260908_0130Z.jpg
PHS,2026-09-08 01:45:02,2026-09-08 08:45:02,ocr-majority,0.0064,10.4,35,0,0,,,0,0,0.0,9a2692f18de6593d,raw/PHS/2026/09/PHS_20260908_0145Z.jpg
PHS,2026-09-08 02:15:02,2026-09-08 09:15:02,ocr,0.0,,0,0,0,,,0,0,0.0,13415b29fa417150,raw/PHS/2026/09/PHS_20260908_0215Z.jpg
PHS,2026-09-08 02:30:02,2026-09-08 09:30:02,ocr,0.0133,21.5,73,0,0,,,0,0,0.0,8ddebd14684597d5,raw/PHS/2026/09/PHS_20260908_0230Z.jpg
PHS,2026-09-08 03:15:02,2026-09-08 10:15:02,ocr-majority,0.0627,26.5,344,0,0,,,0,0,0.0,b191d6cc89911c08,raw/PHS/2026/09/PHS_20260908_0315Z.jpg
PHS,2026-09-08 03:45:02,2026-09-08 10:45:02,ocr-majority,0.1162,24.0,638,0,0,,,0,0,0.0,f050ab55d5f6853f,raw/PHS/2026/09/PHS_20260908_0345Z.jpg
PHS,2026-09-08 04:00:02,2026-09-08 11:00:02,ocr-majority,0.1771,34.0,972,0,0,,,0,0,0.0,537b78228587715f,raw/PHS/2026/09/PHS_20260908_0400Z.jpg
PHS,2026-09-08 04:15:02,2026-09-08 11:15:02,ocr,0.2615,36.5,1435,8,0,,,0,0,0.0,20026fb36aaa55ce,raw/PHS/2026/09/PHS_20260908_0415Z.jpg
PHS,2026-09-08 04:45:02,2026-09-08 11:45:02,ocr-majority,0.5058,41.5,2776,23,0,,,0,0,0.0,09d03b7a0fe90542,raw/PHS/2026/09/PHS_20260908_0445Z.jpg
PHS,2026-09-08 05:00:02,2026-09-08 12:00:02,ocr-majority,0.6519,41.5,3578,52,194,179.0;179.5,rfi,0,209,5.52,5a21ca049f753737,raw/PHS/2026/09/PHS_20260908_0500Z.jpg
PHS,2026-09-08 05:15:02,2026-09-08 12:15:02,ocr-majority,0.7071,41.5,3881,34,0,,,0,0,0.0,7497797a61a915a2,raw/PHS/2026/09/PHS_20260908_0515Z.jpg
PHS,2026-09-08 05:30:02,2026-09-08 12:30:02,ocr,0.979,41.5,5373,61,0,,,0,0,0.0,2f0e0b2336ad5d9a,raw/PHS/2026/09/PHS_20260908_0530Z.jpg
PHS,2026-09-08 05:45:02,2026-09-08 12:45:02,ocr-majority,1.0774,41.5,5913,73,0,,,0,0,0.0,899cbd5cc4fbdf4b,raw/PHS/2026/09/PHS_20260908_0545Z.jpg
PHS,2026-09-08 06:00:02,2026-09-08 13:00:02,ocr-majority,1.3762,41.5,7553,88,0,,,0,0,0.0,026d5b516b57cb3c,raw/PHS/2026/09/PHS_20260908_0600Z.jpg
PHS,2026-09-08 06:15:02,2026-09-08 13:15:02,ocr-majority,1.7926,44.0,9838,155,0,,,0,0,0.0,149495dd74472376,raw/PHS/2026/09/PHS_20260908_0615Z.jpg
PHS,2026-09-08 06:30:02,2026-09-08 13:30:02,ocr,1.7849,41.5,9796,195,0,,,0,0,0.0,ec10543868a07534,raw/PHS/2026/09/PHS_20260908_0630Z.jpg
PHS,2026-09-08 06:45:02,2026-09-08 13:45:02,ocr,1.9044,44.0,10452,452,0,,,0,0,0.0,36ca82b140cde9f6,raw/PHS/2026/09/PHS_20260908_0645Z.jpg
PHS,2026-09-08 07:00:02,2026-09-08 14:00:02,ocr-majority,2.0063,46.5,11011,503,0,,,0,0,0.0,8f26f9832396ccab,raw/PHS/2026/09/PHS_20260908_0700Z.jpg
PHS,2026-09-08 07:15:02,2026-09-08 14:15:02,ocr,2.1592,41.5,11850,418,0,,,0,0,0.0,0764683bc558023d,raw/PHS/2026/09/PHS_20260908_0715Z.jpg
PHS,2026-09-08 07:30:02,2026-09-08 14:30:02,ocr-weak,2.3241,41.5,12755,356,0,,,0,0,0.0,a15e8b6e5f48124b,raw/PHS/2026/09/PHS_20260908_0730Z.jpg
PHS,2026-09-08 07:45:02,2026-09-08 14:45:02,ocr-majority,2.7309,44.0,14988,472,0,,,0,0,0.0,61cfe85aee580288,raw/PHS/2026/09/PHS_20260908_0745Z.jpg
PHS,2026-09-08 08:00:02,2026-09-08 15:00:02,ocr-majority,2.859,44.0,15691,493,0,,,0,0,0.0,151991fa3eb16cc7,raw/PHS/2026/09/PHS_20260908_0800Z.jpg
PHS,2026-09-08 08:15:02,2026-09-08 15:15:02,ocr-majority,2.8228,44.0,15492,490,0,,,0,0,0.0,ecc4507e3a13b8ec,raw/PHS/2026/09/PHS_20260908_0815Z.jpg
PHS,2026-09-08 08:30:02,2026-09-08 15:30:02,ocr-majority,2.5961,41.5,14248,478,0,,,0,0,0.0,638caca98e257480,raw/PHS/2026/09/PHS_20260908_0830Z.jpg
PHS,2026-09-08 08:45:02,2026-09-08 15:45:02,ocr-majority,2.6447,46.5,14515,699,0,,,0,0,0.0,7f8251fc8ad4d6c8,raw/PHS/2026/09/PHS_20260908_0845Z.jpg
PHS,2026-09-08 09:00:02,2026-09-08 16:00:02,ocr-majority,2.4955,46.5,13696,893,0,,,0,0,0.0,1cc75cb4497afa6a,raw/PHS/2026/09/PHS_20260908_0900Z.jpg
PHS,2026-09-08 09:15:02,2026-09-08 16:15:02,ocr-majority,2.5458,46.5,13972,895,202,179.0;179.5,rfi,0,216,1.52,31d742dba1d8a6f1,raw/PHS/2026/09/PHS_20260908_0915Z.jpg
PHS,2026-09-08 09:30:02,2026-09-08 16:30:02,ocr-majority,3.0082,44.0,16510,698,0,,,0,0,0.0,48e8b4d5a27a0a28,raw/PHS/2026/09/PHS_20260908_0930Z.jpg
PHS,2026-09-08 09:45:02,2026-09-08 16:45:02,ocr-majority,3.2376,44.0,17769,768,957,178.0;178.5;179.0;179.5,rfi,0,1000,5.33,d7a280c0f35e273b,raw/PHS/2026/09/PHS_20260908_0945Z.jpg
PHS,2026-09-08 10:00:02,2026-09-08 17:00:02,ocr,3.1577,44.0,17330,732,0,,,0,0,0.0,571711e958a500eb,raw/PHS/2026/09/PHS_20260908_1000Z.jpg
PHS,2026-09-08 10:15:02,2026-09-08 17:15:02,ocr,2.695,46.5,14791,656,0,,,0,0,0.0,e42b5788a1c136da,raw/PHS/2026/09/PHS_20260908_1015Z.jpg
PHS,2026-09-08 10:30:02,2026-09-08 17:30:02,ocr,2.3989,44.0,13166,645,940,178.0;178.5;179.0;179.5;180.0;180.5;181.0,rfi,0,1030,7.26,fd6bb4a040ace1e6,raw/PHS/2026/09/PHS_20260908_1030Z.jpg
PHS,2026-09-08 10:45:02,2026-09-08 17:45:02,ocr-majority,2.4855,41.5,13641,439,948,177.5;178.0;178.5;179.0;179.5;180.0,rfi,0,1020,6.96,a7c25a536bf76101,raw/PHS/2026/09/PHS_20260908_1045Z.jpg
PHS,2026-09-08 11:00:02,2026-09-08 18:00:02,ocr,2.863,44.0,15713,519,327,178.5;179.0;179.5;180.0,rfi,0,350,2.18,26fdd3e32122b6da,raw/PHS/2026/09/PHS_20260908_1100Z.jpg
PHS,2026-09-08 11:30:02,2026-09-08 18:30:02,ocr-majority,2.5937,44.0,14235,330,0,,,0,0,0.0,d46b4219a954674c,raw/PHS/2026/09/PHS_20260908_1130Z.jpg
PHS,2026-09-08 11:45:02,2026-09-08 18:45:02,ocr-majority,2.7397,46.5,15036,240,0,,,0,0,0.0,2036f157b05fd8e3,raw/PHS/2026/09/PHS_20260908_1145Z.jpg
PHS,2026-09-08 12:00:02,2026-09-08 19:00:02,ocr,2.9853,41.5,16384,112,0,,,0,0,0.0,f947381e43210316,raw/PHS/2026/09/PHS_20260908_1200Z.jpg
PHS,2026-09-08 12:15:02,2026-09-08 19:15:02,ocr,3.5259,41.5,19351,77,0,,,0,0,0.0,728aaed475e52b57,raw/PHS/2026/09/PHS_20260908_1215Z.jpg
PHS,2026-09-08 12:30:02,2026-09-08 19:30:02,ocr,3.664,44.0,20109,193,177,179.0;179.5;180.0,rfi,0,193,0.95,f3045b8ea227c291,raw/PHS/2026/09/PHS_20260908_1230Z.jpg
PHS,2026-09-08 12:45:02,2026-09-08 19:45:02,ocr-majority,4.1868,44.0,22978,265,401,178.5;179.0;179.5;180.0;180.5,rfi,0,430,1.84,e5950f7a619b9bfa,raw/PHS/2026/09/PHS_20260908_1245Z.jpg
PHS,2026-09-08 13:00:02,2026-09-08 20:00:02,ocr,4.3619,41.5,23939,242,0,,,0,0,0.0,e5abb98e368b570c,raw/PHS/2026/09/PHS_20260908_1300Z.jpg
PHS,2026-09-08 13:15:02,2026-09-08 20:15:02,ocr-majority,4.0281,41.5,22107,136,284,178.5;179.0;179.5;180.0,rfi,0,298,1.33,b756e88dc41eb532,raw/PHS/2026/09/PHS_20260908_1315Z.jpg
PHS,2026-09-08 13:30:02,2026-09-08 20:30:02,ocr-majority,2.6509,41.5,14549,48,790,178.0;178.5;179.0;179.5;180.0,rfi,0,822,5.35,9b6792d0eda5767b,raw/PHS/2026/09/PHS_20260908_1330Z.jpg
PHS,2026-09-08 13:45:02,2026-09-08 20:45:02,ocr-majority,1.8237,41.5,10009,34,0,,,0,0,0.0,a52c3cbd5ffe0354,raw/PHS/2026/09/PHS_20260908_1345Z.jpg
PHS,2026-09-08 14:00:02,2026-09-08 21:00:02,ocr,1.2295,41.5,6748,58,0,,,0,0,0.0,edc2273bc7dfa8bb,raw/PHS/2026/09/PHS_20260908_1400Z.jpg
PHS,2026-09-08 14:15:02,2026-09-08 21:15:02,ocr,0.9655,34.0,5299,0,481,178.5;179.0;179.5;180.0;180.5,rfi,0,507,8.73,cce6566720bf3c05,raw/PHS/2026/09/PHS_20260908_1415Z.jpg
PHS,2026-09-08 14:30:02,2026-09-08 21:30:02,ocr,0.9289,39.0,5098,13,1193,178.0;178.5;179.0;179.5;180.0;180.5,rfi,0,1269,19.93,908a73c43152174a,raw/PHS/2026/09/PHS_20260908_1430Z.jpg
PHS,2026-09-08 14:45:02,2026-09-08 21:45:02,ocr-majority,0.883,34.0,4846,0,0,,,0,0,0.0,8a304fb59a685754,raw/PHS/2026/09/PHS_20260908_1445Z.jpg
PHS,2026-09-08 15:00:02,2026-09-08 22:00:02,ocr-majority,0.4974,26.5,2730,0,313,179.0;179.5;180.0,rfi,0,325,10.64,54e631d916aa6e2c,raw/PHS/2026/09/PHS_20260908_1500Z.jpg
PHS,2026-09-08 15:15:02,2026-09-08 22:15:02,ocr,0.3861,41.5,2119,21,0,,,0,0,0.0,63d3e685bf14d951,raw/PHS/2026/09/PHS_20260908_1515Z.jpg
PHS,2026-09-08 15:30:02,2026-09-08 22:30:02,ocr-majority,0.2412,41.5,1324,23,1373,178.0;178.5;179.0;179.5;180.0,rfi,0,1453,52.32,1ccec2cb9b4c8f25,raw/PHS/2026/09/PHS_20260908_1530Z.jpg
PHS,2026-09-08 15:45:02,2026-09-08 22:45:02,ocr-majority,0.2053,41.5,1127,18,0,,,0,0,0.0,0b939eec484f559c,raw/PHS/2026/09/PHS_20260908_1545Z.jpg
PHS,2026-09-08 16:00:02,2026-09-08 23:00:02,ocr,0.1787,41.5,981,9,0,,,0,0,0.0,77afc68664a4aee6,raw/PHS/2026/09/PHS_20260908_1600Z.jpg
PHS,2026-09-08 16:15:02,2026-09-08 23:15:02,ocr,0.344,34.0,1888,0,324,178.5;179.0;179.5;180.0,rfi,0,347,15.53,e796e091e33b5998,raw/PHS/2026/09/PHS_20260908_1615Z.jpg
PHS,2026-09-08 16:30:02,2026-09-08 23:30:02,ocr,0.4593,26.5,2521,0,326,178.5;179.0;179.5;180.0,rfi,0,365,12.65,e9e9a07cea6a5d86,raw/PHS/2026/09/PHS_20260908_1630Z.jpg
PHS,2026-09-08 16:45:02,2026-09-08 23:45:02,ocr-majority,0.4094,26.5,2247,0,254,178.5;179.0;179.5;180.0,rfi,0,267,10.62,91c2da9bc1778a84,raw/PHS/2026/09/PHS_20260908_1645Z.jpg
PHS,2026-09-08 17:00:02,2026-09-09 00:00:02,ocr,0.2141,24.0,1175,0,0,,,0,0,0.0,37899d6f7a689258,raw/PHS/2026/09/PHS_20260908_1700Z.jpg
PHS,2026-09-08 17:15:02,2026-09-09 00:15:02,ocr,0.141,24.0,774,0,0,,,0,0,0.0,301633d8a8717092,raw/PHS/2026/09/PHS_20260908_1715Z.jpg
PHS,2026-09-08 17:30:02,2026-09-09 00:30:02,ocr,0.0414,24.0,227,0,227,178.5;179.0;179.5,rfi,0,254,52.81,618142f32a2ccd8a,raw/PHS/2026/09/PHS_20260908_1730Z.jpg
PHS,2026-09-08 17:45:02,2026-09-09 00:45:02,ocr,0.0714,24.0,392,0,0,,,0,0,0.0,c51de6c10f3bdcac,raw/PHS/2026/09/PHS_20260908_1745Z.jpg
PHS,2026-09-08 18:00:02,2026-09-09 01:00:02,ocr-majority,0.1064,24.0,584,0,0,,,0,0,0.0,6295f0cbe3e932c5,raw/PHS/2026/09/PHS_20260908_1800Z.jpg
PHS,2026-09-08 18:15:02,2026-09-09 01:15:02,ocr,0.0335,21.5,184,0,0,,,0,0,0.0,aa7650da07e6b166,raw/PHS/2026/09/PHS_20260908_1815Z.jpg
PHS,2026-09-08 18:30:02,2026-09-09 01:30:02,ocr-majority,0.07,26.5,384,0,0,,,0,0,0.0,1149b70a96fc23e1,raw/PHS/2026/09/PHS_20260908_1830Z.jpg
PHS,2026-09-08 18:45:02,2026-09-09 01:45:02,ocr-majority,0.0962,24.0,528,0,0,,,0,0,0.0,60144b80df02029a,raw/PHS/2026/09/PHS_20260908_1845Z.jpg
PHS,2026-09-08 19:00:02,2026-09-09 02:00:02,ocr,0.078,24.0,428,0,0,,,0,0,0.0,ddd79f5ade2d5376,raw/PHS/2026/09/PHS_20260908_1900Z.jpg
PHS,2026-09-08 19:15:02,2026-09-09 02:15:02,ocr,0.0302,21.5,166,0,0,,,0,0,0.0,b4c17842fafdcfc4,raw/PHS/2026/09/PHS_20260908_1915Z.jpg
PHS,2026-09-08 19:30:02,2026-09-09 02:30:02,ocr,0.0233,24.0,128,0,0,,,0,0,0.0,669afefa62e88718,raw/PHS/2026/09/PHS_20260908_1930Z.jpg
PHS,2026-09-08 19:45:02,2026-09-09 02:45:02,ocr-majority,0.0,,0,0,0,,,0,0,0.0,9a2cac3a154921c0,raw/PHS/2026/09/PHS_20260908_1945Z.jpg
PHS,2026-09-08 20:00:02,2026-09-09 03:00:02,ocr,0.0271,11.3,149,0,0,,,0,0,0.0,45f524640ad5fd4a,raw/PHS/2026/09/PHS_20260908_2000Z.jpg
PHS,2026-09-08 20:15:02,2026-09-09 03:15:02,ocr-majority,0.0326,21.5,179,0,0,,,0,0,0.0,59a6a61764580289,raw/PHS/2026/09/PHS_20260908_2015Z.jpg
PHS,2026-09-08 20:30:02,2026-09-09 03:30:02,ocr,0.0663,21.5,364,0,0,,,0,0,0.0,a69e379b5794f6ef,raw/PHS/2026/09/PHS_20260908_2030Z.jpg
PHS,2026-09-08 20:45:02,2026-09-09 03:45:02,ocr-majority,0.0426,21.5,234,0,0,,,0,0,0.0,af4d19aae328148e,raw/PHS/2026/09/PHS_20260908_2045Z.jpg
PHS,2026-09-08 21:00:02,2026-09-09 04:00:02,ocr,0.0299,21.5,164,0,0,,,0,0,0.0,e55aa157604ba709,raw/PHS/2026/09/PHS_20260908_2100Z.jpg
PHS,2026-09-08 21:15:02,2026-09-09 04:15:02,ocr,0.0523,21.5,287,0,0,,,0,0,0.0,73d69b4ef55f7e67,raw/PHS/2026/09/PHS_20260908_2115Z.jpg
PHS,2026-09-08 21:30:02,2026-09-09 04:30:02,ocr,0.0711,24.0,390,0,0,,,0,0,0.0,44972f3016fa62e7,raw/PHS/2026/09/PHS_20260908_2130Z.jpg
PHS,2026-09-08 21:45:02,2026-09-09 04:45:02,ocr-majority,0.0527,24.0,289,0,0,,,0,0,0.0,8f1137da4206d8bb,raw/PHS/2026/09/PHS_20260908_2145Z.jpg
PHS,2026-09-08 22:00:02,2026-09-09 05:00:02,ocr,0.021,21.5,115,0,0,,,0,0,0.0,f0b7ad5ede4b3b02,raw/PHS/2026/09/PHS_20260908_2200Z.jpg
PHS,2026-09-08 22:15:02,2026-09-09 05:15:02,ocr,0.0359,21.5,197,0,0,,,0,0,0.0,b9cc7086fde9fe3b,raw/PHS/2026/09/PHS_20260908_2215Z.jpg
PHS,2026-09-08 22:30:02,2026-09-09 05:30:02,ocr,0.0255,21.5,140,0,0,,,0,0,0.0,7f7d445838926251,raw/PHS/2026/09/PHS_20260908_2230Z.jpg
PHS,2026-09-08 22:45:02,2026-09-09 05:45:02,ocr-majority,0.0306,21.5,168,0,0,,,0,0,0.0,c30100a8b7076f7d,raw/PHS/2026/09/PHS_20260908_2245Z.jpg
PHS,2026-09-08 23:00:02,2026-09-09 06:00:02,ocr-majority,0.0078,10.4,43,0,0,,,0,0,0.0,e4be01b8f03a158d,raw/PHS/2026/09/PHS_20260908_2300Z.jpg
PHS,2026-09-08 23:30:02,2026-09-09 06:30:02,ocr-majority,0.0208,11.3,114,0,0,,,0,0,0.0,37a1908e38f2163a,raw/PHS/2026/09/PHS_20260908_2330Z.jpg
PHS,2026-09-08 23:45:02,2026-09-09 06:45:02,ocr-majority,0.0317,21.5,174,0,0,,,0,0,0.0,1d7746c4df975487,raw/PHS/2026/09/PHS_20260908_2345Z.jpg
PHS,2026-09-09 00:00:02,2026-09-09 07:00:02,ocr,0.0681,24.0,374,0,0,,,0,0,0.0,d0b3103b3e687218,raw/PHS/2026/09/PHS_20260909_0000Z.jpg
PHS,2026-09-09 00:15:02,2026-09-09 07:15:02,ocr,0.0988,24.0,542,0,0,,,0,0,0.0,ef74ef5f91d0cd8e,raw/PHS/2026/09/PHS_20260909_0015Z.jpg
PHS,2026-09-09 00:30:02,2026-09-09 07:30:02,ocr,0.1613,24.0,885,0,0,,,0,0,0.0,c2c138074121a8a4,raw/PHS/2026/09/PHS_20260909_0030Z.jpg
PHS,2026-09-09 00:45:02,2026-09-09 07:45:02,ocr,0.1636,34.0,898,0,0,,,0,0,0.0,d47d1467d7ed26e3,raw/PHS/2026/09/PHS_20260909_0045Z.jpg
PHS,2026-09-09 01:00:02,2026-09-09 08:00:02,ocr,0.139,24.0,763,0,184,178.5;179.0;179.5,rfi,0,228,23.01,aff852e19c1d27d5,raw/PHS/2026/09/PHS_20260909_0100Z.jpg
PHS,2026-09-09 01:15:02,2026-09-09 08:15:02,ocr,0.1419,24.0,779,0,0,,,0,0,0.0,908f2ad367b3db30,raw/PHS/2026/09/PHS_20260909_0115Z.jpg
PHS,2026-09-09 01:30:02,2026-09-09 08:30:02,ocr,0.1068,26.5,586,0,0,,,0,0,0.0,aba0c5a706d95a13,raw/PHS/2026/09/PHS_20260909_0130Z.jpg
PHS,2026-09-09 01:45:02,2026-09-09 08:45:02,ocr,0.1246,24.0,684,0,0,,,0,0,0.0,5347be63c9b6ab32,raw/PHS/2026/09/PHS_20260909_0145Z.jpg
PHS,2026-09-09 02:00:02,2026-09-09 09:00:02,ocr,0.191,36.5,1048,1,0,,,0,0,0.0,8f56778be0e4ff11,raw/PHS/2026/09/PHS_20260909_0200Z.jpg
PHS,2026-09-09 02:15:02,2026-09-09 09:15:02,ocr,0.2567,34.0,1409,0,0,,,0,0,0.0,08d3b038f8c31b3e,raw/PHS/2026/09/PHS_20260909_0215Z.jpg
PHS,2026-09-09 02:30:02,2026-09-09 09:30:02,ocr,0.2866,26.5,1573,0,0,,,0,0,0.0,8c174498b900bb84,raw/PHS/2026/09/PHS_20260909_0230Z.jpg
PHS,2026-09-09 02:45:02,2026-09-09 09:45:02,ocr,0.2256,31.5,1238,0,0,,,0,0,0.0,a1c1861ead3f1ef3,raw/PHS/2026/09/PHS_20260909_0245Z.jpg
PHS,2026-09-09 03:00:02,2026-09-09 10:00:02,ocr,0.2698,36.5,1481,11,0,,,0,0,0.0,f4a50473c9c7d794,raw/PHS/2026/09/PHS_20260909_0300Z.jpg
PHS,2026-09-09 03:15:02,2026-09-09 10:15:02,ocr,0.2578,26.5,1415,0,0,,,0,0,0.0,bae6b31fa11ac365,raw/PHS/2026/09/PHS_20260909_0315Z.jpg
PHS,2026-09-09 03:30:02,2026-09-09 10:30:02,ocr,0.1385,26.5,760,0,0,,,0,0,0.0,596dcdf6c3695e17,raw/PHS/2026/09/PHS_20260909_0330Z.jpg
PHS,2026-09-09 03:45:02,2026-09-09 10:45:02,ocr,0.2203,26.5,1209,0,0,,,0,0,0.0,38a220b592ffccd9,raw/PHS/2026/09/PHS_20260909_0345Z.jpg
PHS,2026-09-09 04:00:02,2026-09-09 11:00:02,ocr,0.3963,34.0,2175,0,0,,,0,0,0.0,27829f180aaaceaa,raw/PHS/2026/09/PHS_20260909_0400Z.jpg
PHS,2026-09-09 04:15:02,2026-09-09 11:15:02,ocr,0.5843,26.5,3207,0,0,,,0,0,0.0,7492d09a481b3f0c,raw/PHS/2026/09/PHS_20260909_0415Z.jpg
PHS,2026-09-09 04:30:02,2026-09-09 11:30:02,ocr,0.5982,34.0,3283,0,0,,,0,0,0.0,f799f0080f5944b3,raw/PHS/2026/09/PHS_20260909_0430Z.jpg
PHS,2026-09-09 04:45:02,2026-09-09 11:45:02,ocr,0.6485,34.0,3559,0,0,,,0,0,0.0,274ca5edbd38a53d,raw/PHS/2026/09/PHS_20260909_0445Z.jpg
PHS,2026-09-09 05:00:02,2026-09-09 12:00:02,ocr,0.6459,41.5,3545,23,0,,,0,0,0.0,983161bb96c755b8,raw/PHS/2026/09/PHS_20260909_0500Z.jpg
PHS,2026-09-09 05:15:02,2026-09-09 12:15:02,ocr,0.7791,44.0,4276,51,0,,,0,0,0.0,e17cad79aeb393d4,raw/PHS/2026/09/PHS_20260909_0515Z.jpg
PHS,2026-09-09 05:30:02,2026-09-09 12:30:02,ocr,0.8577,41.5,4707,91,0,,,0,0,0.0,bf2f29aaca46730e,raw/PHS/2026/09/PHS_20260909_0530Z.jpg
PHS,2026-09-09 05:45:02,2026-09-09 12:45:02,ocr,0.9918,44.0,5443,99,252,179.0;179.5,rfi,0,258,4.53,9fa6dc0b3cb96e49,raw/PHS/2026/09/PHS_20260909_0545Z.jpg
PHS,2026-09-09 06:00:02,2026-09-09 13:00:02,ocr,1.2166,41.5,6677,64,0,,,0,0,0.0,ca196f264ad08657,raw/PHS/2026/09/PHS_20260909_0600Z.jpg
PHS,2026-09-09 06:15:02,2026-09-09 13:15:02,ocr,1.2778,41.5,7013,20,0,,,0,0,0.0,065f399adae0f3b6,raw/PHS/2026/09/PHS_20260909_0615Z.jpg
PHS,2026-09-09 06:30:02,2026-09-09 13:30:02,ocr,1.3365,41.5,7335,51,326,179.0;179.5;180.0,rfi,0,342,4.45,24fc14d385a74418,raw/PHS/2026/09/PHS_20260909_0630Z.jpg
PHS,2026-09-09 06:45:02,2026-09-09 13:45:02,ocr,1.555,44.0,8534,94,221,178.5;179.0;179.5,rfi,0,249,2.84,71c414c2f67bd87c,raw/PHS/2026/09/PHS_20260909_0645Z.jpg
PHS,2026-09-09 07:00:02,2026-09-09 14:00:02,ocr,1.8059,41.5,9911,137,0,,,0,0,0.0,9e9dd9c4edc94965,raw/PHS/2026/09/PHS_20260909_0700Z.jpg
PHS,2026-09-09 07:15:02,2026-09-09 14:15:02,ocr,1.8454,41.5,10128,164,0,,,0,0,0.0,f9cffdfd25ecbba4,raw/PHS/2026/09/PHS_20260909_0715Z.jpg
PHS,2026-09-09 07:30:02,2026-09-09 14:30:02,ocr,1.7166,41.5,9421,110,0,,,0,0,0.0,fe750ef5505f61aa,raw/PHS/2026/09/PHS_20260909_0730Z.jpg
PHS,2026-09-09 11:30:02,2026-09-09 18:30:02,ocr-majority,3.2663,44.0,17926,588,0,,,0,0,0.0,8eb2e265f07e51e3,raw/PHS/2026/09/PHS_20260909_1130Z.jpg
PHS,2026-09-09 11:45:02,2026-09-09 18:45:02,ocr,3.2291,46.5,17722,830,1189,178.5;179.0;179.5;180.0;180.5,rfi,0,1237,6.52,a4dce9c73b730ee2,raw/PHS/2026/09/PHS_20260909_1145Z.jpg
PHS,2026-09-09 12:00:02,2026-09-09 19:00:02,ocr,3.3727,44.0,18510,897,1559,177.5;178.0;178.5;179.0;179.5;180.0,rfi,0,1634,8.11,6a05e5a643094ba8,raw/PHS/2026/09/PHS_20260909_1200Z.jpg
PHS,2026-09-09 12:15:02,2026-09-09 19:15:02,ocr,3.6744,44.0,20166,861,1471,178.5;179.0;179.5;180.0;180.5,rfi,0,1528,7.04,c1b290db7454c133,raw/PHS/2026/09/PHS_20260909_1215Z.jpg
PHS,2026-09-09 12:30:02,2026-09-09 19:30:02,ocr,3.9499,44.0,21678,1074,439,178.0;178.5;179.0;179.5;180.0;180.5,rfi,0,469,2.12,120d6190d6db8e42,raw/PHS/2026/09/PHS_20260909_1230Z.jpg
PHS,2026-09-09 12:45:02,2026-09-09 19:45:02,ocr,4.4238,44.0,24279,937,1409,178.0;178.5;179.0;179.5;180.0;180.5,rfi,0,1488,5.77,73499901499f60c5,raw/PHS/2026/09/PHS_20260909_1245Z.jpg
PHS,2026-09-09 13:00:02,2026-09-09 20:00:02,ocr,4.7124,44.0,25863,1076,514,179.0;179.5;180.0;180.5,rfi,0,544,2.06,1b5993a67717a247,raw/PHS/2026/09/PHS_20260909_1300Z.jpg
PHS,2026-09-09 13:15:02,2026-09-09 20:15:02,ocr,4.6866,44.0,25721,1258,248,178.5;179.0;179.5;180.5,rfi,0,273,1.05,f706b4fe11edd556,raw/PHS/2026/09/PHS_20260909_1315Z.jpg
PHS,2026-09-09 13:30:02,2026-09-09 20:30:02,ocr,4.1753,44.0,22915,1233,970,178.5;179.0;179.5;180.0;180.5,rfi,0,1017,4.25,ddaca2f1b4cde21f,raw/PHS/2026/09/PHS_20260909_1330Z.jpg
PHS,2026-09-09 13:45:02,2026-09-09 20:45:02,ocr,4.105,44.0,22529,955,0,,,0,0,0.0,2847cb086fbdb0c0,raw/PHS/2026/09/PHS_20260909_1345Z.jpg
PHS,2026-09-09 14:00:02,2026-09-09 21:00:02,ocr,4.0295,41.5,22115,842,252,178.5;179.0;179.5,rfi,0,276,1.23,2c5b1b544df29847,raw/PHS/2026/09/PHS_20260909_1400Z.jpg
PHS,2026-09-09 14:15:02,2026-09-09 21:15:02,ocr,4.2161,44.0,23139,991,0,,,0,0,0.0,38d15cfb7e63a3ef,raw/PHS/2026/09/PHS_20260909_1415Z.jpg
PHS,2026-09-09 14:30:02,2026-09-09 21:30:02,ocr,4.7396,46.5,26012,1123,186,179.0;179.5,rfi,0,194,0.74,99a4d604e2b7e977,raw/PHS/2026/09/PHS_20260909_1430Z.jpg
PHS,2026-09-09 14:45:02,2026-09-09 21:45:02,ocr,5.5367,44.0,30387,1014,756,178.5;179.0;179.5;180.0;180.5;181.0,rfi,0,788,2.53,ba2054737a4a9dbb,raw/PHS/2026/09/PHS_20260909_1445Z.jpg
PHS,2026-09-09 15:00:02,2026-09-09 22:00:02,ocr,6.4177,44.0,35222,733,0,,,0,0,0.0,2ddd456bd18027f3,raw/PHS/2026/09/PHS_20260909_1500Z.jpg
PHS,2026-09-09 15:15:02,2026-09-09 22:15:02,ocr,6.4246,44.0,35260,619,0,,,0,0,0.0,c650c7ee3affc0e2,raw/PHS/2026/09/PHS_20260909_1515Z.jpg
PHS,2026-09-09 15:30:02,2026-09-09 22:30:02,ocr,7.7611,64.0,42595,614,0,,,0,0,0.0,d5b70433450900fa,raw/PHS/2026/09/PHS_20260909_1530Z.jpg
PHS,2026-09-09 15:45:02,2026-09-09 22:45:02,ocr,8.2595,41.5,45330,458,0,,,0,0,0.0,2c1c13e62e765eb8,raw/PHS/2026/09/PHS_20260909_1545Z.jpg
PHS,2026-09-09 16:00:02,2026-09-09 23:00:02,ocr,9.1889,41.5,50431,424,0,,,0,0,0.0,a3f7a14c512ae450,raw/PHS/2026/09/PHS_20260909_1600Z.jpg
PHS,2026-09-09 16:15:02,2026-09-09 23:15:02,ocr,9.5606,41.5,52471,386,0,,,0,0,0.0,21eeda21368dfab8,raw/PHS/2026/09/PHS_20260909_1615Z.jpg
PHS,2026-09-09 16:30:02,2026-09-09 23:30:02,ocr,9.3042,41.5,51064,224,0,,,0,0,0.0,340269a3ce75e934,raw/PHS/2026/09/PHS_20260909_1630Z.jpg
PHS,2026-09-09 16:45:02,2026-09-09 23:45:02,ocr,8.9156,41.5,48931,106,0,,,0,0,0.0,1ce1f3d7fb2d3f21,raw/PHS/2026/09/PHS_20260909_1645Z.jpg
PHS,2026-09-09 17:00:02,2026-09-10 00:00:02,ocr,10.9917,41.5,60325,125,0,,,0,0,0.0,f0a2aa93541d2977,raw/PHS/2026/09/PHS_20260909_1700Z.jpg
PHS,2026-09-09 17:15:02,2026-09-10 00:15:02,ocr,12.27,41.5,67341,99,0,,,0,0,0.0,943380e0b170597a,raw/PHS/2026/09/PHS_20260909_1715Z.jpg
PHS,2026-09-09 17:30:02,2026-09-10 00:30:02,ocr,12.1786,41.5,66839,169,0,,,0,0,0.0,9dfe9dae148f66f2,raw/PHS/2026/09/PHS_20260909_1730Z.jpg
PHS,2026-09-09 17:45:02,2026-09-10 00:45:02,ocr,12.0935,41.5,66372,270,0,,,0,0,0.0,6350c3cc3840bb62,raw/PHS/2026/09/PHS_20260909_1745Z.jpg
PHS,2026-09-09 18:00:02,2026-09-10 01:00:02,ocr-majority,11.8535,41.5,65055,277,0,,,0,0,0.0,1823282e1861efdc,raw/PHS/2026/09/PHS_20260909_1800Z.jpg
PHS,2026-09-09 18:15:02,2026-09-10 01:15:02,ocr,12.1563,41.5,66717,203,329,178.5;179.0;179.5,rfi,0,344,0.51,eda602df46b14315,raw/PHS/2026/09/PHS_20260909_1815Z.jpg
PHS,2026-09-09 18:30:02,2026-09-10 01:30:02,ocr-majority,12.1037,41.5,66428,158,0,,,0,0,0.0,45d07f9568b19a3d,raw/PHS/2026/09/PHS_20260909_1830Z.jpg
PHS,2026-09-09 18:45:02,2026-09-10 01:45:02,ocr,11.5341,41.5,63302,187,0,,,0,0,0.0,49b745b61a85ba86,raw/PHS/2026/09/PHS_20260909_1845Z.jpg
PHS,2026-09-09 19:00:02,2026-09-10 02:00:02,ocr,11.1976,41.5,61455,291,0,,,0,0,0.0,06b94471bac7412e,raw/PHS/2026/09/PHS_20260909_1900Z.jpg
PHS,2026-09-09 19:15:02,2026-09-10 02:15:02,ocr,10.2796,41.5,56417,383,0,,,0,0,0.0,f1dea47b1644b3aa,raw/PHS/2026/09/PHS_20260909_1915Z.jpg
PHS,2026-09-09 19:30:02,2026-09-10 02:30:02,ocr,9.4515,44.0,51872,437,0,,,0,0,0.0,96a8c9b590eead40,raw/PHS/2026/09/PHS_20260909_1930Z.jpg
PHS,2026-09-09 19:45:02,2026-09-10 02:45:02,ocr,7.7283,44.0,42415,539,0,,,0,0,0.0,a060243d7ab697e0,raw/PHS/2026/09/PHS_20260909_1945Z.jpg
PHS,2026-09-09 20:00:02,2026-09-10 03:00:02,ocr,5.9584,41.5,32701,477,0,,,0,0,0.0,db321abb51f30831,raw/PHS/2026/09/PHS_20260909_2000Z.jpg
PHS,2026-09-09 20:15:02,2026-09-10 03:15:02,ocr,4.6403,41.5,25467,437,0,,,0,0,0.0,17c12184f7ed2bea,raw/PHS/2026/09/PHS_20260909_2015Z.jpg
PHS,2026-09-09 20:30:02,2026-09-10 03:30:02,ocr,3.9282,41.5,21559,458,0,,,0,0,0.0,30655d72ffc66f28,raw/PHS/2026/09/PHS_20260909_2030Z.jpg
PHS,2026-09-09 20:45:02,2026-09-10 03:45:02,ocr,3.2249,41.5,17699,145,0,,,0,0,0.0,95f7760818052eb7,raw/PHS/2026/09/PHS_20260909_2045Z.jpg
PHS,2026-09-09 21:00:02,2026-09-10 04:00:02,ocr,2.89,39.0,15861,45,0,,,0,0,0.0,3487a29a5229af51,raw/PHS/2026/09/PHS_20260909_2100Z.jpg
PHS,2026-09-09 21:15:02,2026-09-10 04:15:02,ocr,2.8056,41.5,15398,103,305,178.5;179.0;179.5,rfi,0,331,2.1,80a021c413f83a5a,raw/PHS/2026/09/PHS_20260909_2115Z.jpg
PHS,2026-09-09 21:30:02,2026-09-10 04:30:02,ocr,2.6303,41.5,14436,181,0,,,0,0,0.0,769eb8ca9d0b86fe,raw/PHS/2026/09/PHS_20260909_2130Z.jpg
PHS,2026-09-09 21:45:02,2026-09-10 04:45:02,ocr,2.7987,44.0,15360,294,0,,,0,0,0.0,a7dd41281f078b50,raw/PHS/2026/09/PHS_20260909_2145Z.jpg
PHS,2026-09-09 22:00:02,2026-09-10 05:00:02,ocr,2.886,41.5,15839,258,0,,,0,0,0.0,204d35f798a3a005,raw/PHS/2026/09/PHS_20260909_2200Z.jpg
PHS,2026-09-09 22:15:02,2026-09-10 05:15:02,ocr,2.7993,41.5,15363,79,0,,,0,0,0.0,6e004526091c017b,raw/PHS/2026/09/PHS_20260909_2215Z.jpg
PHS,2026-09-09 22:30:02,2026-09-10 05:30:02,ocr,2.6329,41.5,14450,35,0,,,0,0,0.0,6ecc6db7b6a6814e,raw/PHS/2026/09/PHS_20260909_2230Z.jpg
PHS,2026-09-09 22:45:02,2026-09-10 05:45:02,ocr,2.3758,36.5,13039,12,0,,,0,0,0.0,f8be82d2d05c4434,raw/PHS/2026/09/PHS_20260909_2245Z.jpg
PHS,2026-09-09 23:00:02,2026-09-10 06:00:02,ocr,2.3651,36.5,12980,28,0,,,0,0,0.0,a4ab02f43864a627,raw/PHS/2026/09/PHS_20260909_2300Z.jpg
PHS,2026-09-09 23:15:02,2026-09-10 06:15:02,ocr,2.456,41.5,13479,34,659,178.5;179.0;179.5;180.0,rfi,0,725,5.1,e7786dc488a2f83f,raw/PHS/2026/09/PHS_20260909_2315Z.jpg
PHS,2026-09-09 23:30:02,2026-09-10 06:30:02,ocr,2.7451,41.5,15066,44,0,,,0,0,0.0,be91ced5095fb7a0,raw/PHS/2026/09/PHS_20260909_2330Z.jpg
PHS,2026-09-09 23:45:02,2026-09-10 06:45:02,ocr,3.2267,41.5,17709,65,1393,178.5;179.0;179.5;180.0;180.5,rfi,0,1450,7.57,a16640e2bb1b8e87,raw/PHS/2026/09/PHS_20260909_2345Z.jpg
PHS,2026-09-10 00:00:02,2026-09-10 07:00:02,ocr,3.7806,41.5,20749,91,0,,,0,0,0.0,1d1500b131b7461d,raw/PHS/2026/09/PHS_20260910_0000Z.jpg
PHS,2026-09-10 00:15:02,2026-09-10 07:15:02,ocr,3.8652,41.5,21213,112,0,,,0,0,0.0,cee76951d63eb84d,raw/PHS/2026/09/PHS_20260910_0015Z.jpg
PHS,2026-09-10 00:30:02,2026-09-10 07:30:02,ocr,4.2853,41.5,23519,148,591,178.5;179.0;179.5;180.0,rfi,0,631,2.61,8ee8a7322b634f3e,raw/PHS/2026/09/PHS_20260910_0030Z.jpg
PHS,2026-09-10 00:45:02,2026-09-10 07:45:02,ocr,4.0086,41.5,22000,169,0,,,0,0,0.0,78e8764aded4a65c,raw/PHS/2026/09/PHS_20260910_0045Z.jpg
PHS,2026-09-10 01:00:02,2026-09-10 08:00:02,ocr,3.4182,41.5,18760,257,296,25.5;26.0;26.5;27.0;27.5,rfi,0,321,1.68,4ae270dbb3b70d8d,raw/PHS/2026/09/PHS_20260910_0100Z.jpg
PHS,2026-09-10 01:15:02,2026-09-10 08:15:02,ocr,3.2107,44.0,17621,250,0,,,0,0,0.0,2d91635497b6ab79,raw/PHS/2026/09/PHS_20260910_0115Z.jpg
PHS,2026-09-10 01:30:02,2026-09-10 08:30:02,ocr,3.3468,41.5,18368,209,0,,,0,0,0.0,85144d709a88f3e8,raw/PHS/2026/09/PHS_20260910_0130Z.jpg
PHS,2026-09-10 01:45:02,2026-09-10 08:45:02,ocr,3.2887,41.5,18049,144,0,,,0,0,0.0,c4d57a2256879c6a,raw/PHS/2026/09/PHS_20260910_0145Z.jpg
PHS,2026-09-10 02:00:02,2026-09-10 09:00:02,ocr,3.4791,41.5,19094,137,0,,,0,0,0.0,4fb1d7025ed14ca7,raw/PHS/2026/09/PHS_20260910_0200Z.jpg
PHS,2026-09-10 02:15:02,2026-09-10 09:15:02,ocr,3.0773,36.5,16889,93,0,,,0,0,0.0,8ee99052e2a7e9a0,raw/PHS/2026/09/PHS_20260910_0215Z.jpg
PHS,2026-09-10 02:30:02,2026-09-10 09:30:02,ocr,2.8224,41.5,15490,103,0,,,0,0,0.0,f600120a301395bc,raw/PHS/2026/09/PHS_20260910_0230Z.jpg
PHS,2026-09-10 02:45:02,2026-09-10 09:45:02,ocr,2.8353,41.5,15561,93,0,,,0,0,0.0,00e979ac62c53d15,raw/PHS/2026/09/PHS_20260910_0245Z.jpg
PHS,2026-09-10 03:00:02,2026-09-10 10:00:02,ocr,2.503,41.5,13737,101,0,,,0,0,0.0,1697e2e9068b4540,raw/PHS/2026/09/PHS_20260910_0300Z.jpg
PHS,2026-09-10 03:15:02,2026-09-10 10:15:02,ocr,2.2874,41.5,12554,194,0,,,0,0,0.0,173c83ceec18a442,raw/PHS/2026/09/PHS_20260910_0315Z.jpg
PHS,2026-09-10 03:30:02,2026-09-10 10:30:02,ocr,2.2825,41.5,12527,143,0,,,0,0,0.0,6084a4f3d9298da2,raw/PHS/2026/09/PHS_20260910_0330Z.jpg
PHS,2026-09-10 03:45:02,2026-09-10 10:45:02,ocr,2.1643,41.5,11878,159,0,,,0,0,0.0,c7e64a3268f844f4,raw/PHS/2026/09/PHS_20260910_0345Z.jpg
PHS,2026-09-10 04:00:02,2026-09-10 11:00:02,ocr,2.1078,41.5,11568,278,0,,,0,0,0.0,a0eb75a9e8b12813,raw/PHS/2026/09/PHS_20260910_0400Z.jpg
PHS,2026-09-10 04:15:02,2026-09-10 11:15:02,ocr,2.2951,41.5,12596,245,0,,,0,0,0.0,fed4f9bae0e1fed3,raw/PHS/2026/09/PHS_20260910_0415Z.jpg
PHS,2026-09-10 04:30:02,2026-09-10 11:30:02,ocr,2.4835,41.5,13630,127,0,,,0,0,0.0,37c562acc644d61c,raw/PHS/2026/09/PHS_20260910_0430Z.jpg
PHS,2026-09-10 04:45:02,2026-09-10 11:45:02,ocr-majority,2.787,41.5,15296,117,0,,,0,0,0.0,b9196ed594f003d0,raw/PHS/2026/09/PHS_20260910_0445Z.jpg
PHS,2026-09-10 05:00:02,2026-09-10 12:00:02,ocr,2.841,41.5,15592,166,0,,,0,0,0.0,60a621f89d0cb58a,raw/PHS/2026/09/PHS_20260910_0500Z.jpg
PHS,2026-09-10 05:15:02,2026-09-10 12:15:02,ocr,2.6812,41.5,14715,149,0,,,0,0,0.0,8132a52e8323caf5,raw/PHS/2026/09/PHS_20260910_0515Z.jpg
PHS,2026-09-10 05:30:02,2026-09-10 12:30:02,ocr,2.576,41.5,14138,143,0,,,0,0,0.0,57e2838f8e2e8930,raw/PHS/2026/09/PHS_20260910_0530Z.jpg
PHS,2026-09-10 05:45:02,2026-09-10 12:45:02,ocr-majority,2.6413,41.5,14496,248,356,178.5;179.0;179.5,rfi,0,375,2.52,bd3788910b07e8c4,raw/PHS/2026/09/PHS_20260910_0545Z.jpg
PHS,2026-09-10 06:00:02,2026-09-10 13:00:02,ocr,2.4882,41.5,13656,359,0,,,0,0,0.0,9b85c398db7d9d26,raw/PHS/2026/09/PHS_20260910_0600Z.jpg
PHS,2026-09-10 06:15:02,2026-09-10 13:15:02,ocr,2.6287,44.0,14427,392,0,,,0,0,0.0,589cf7b7b369908b,raw/PHS/2026/09/PHS_20260910_0615Z.jpg
PHS,2026-09-10 06:30:02,2026-09-10 13:30:02,ocr,3.0946,41.5,16984,469,130,179.0;179.5,rfi,0,150,0.88,be49d79a4238faaa,raw/PHS/2026/09/PHS_20260910_0630Z.jpg
PHS,2026-09-10 06:45:02,2026-09-10 13:45:02,ocr,3.369,44.0,18490,798,0,,,0,0,0.0,04da38fc4ce49e6d,raw/PHS/2026/09/PHS_20260910_0645Z.jpg
PHS,2026-09-10 07:00:02,2026-09-10 14:00:02,ocr,3.5653,44.0,19567,560,0,,,0,0,0.0,ba71b3026ea37593,raw/PHS/2026/09/PHS_20260910_0700Z.jpg
PHS,2026-09-10 07:15:02,2026-09-10 14:15:02,ocr,3.4984,41.5,19200,488,197,179.0;179.5,rfi,0,206,1.06,be19b6686fababcc,raw/PHS/2026/09/PHS_20260910_0715Z.jpg
PHS,2026-09-10 07:30:02,2026-09-10 14:30:02,ocr,4.0246,46.5,22088,786,0,,,0,0,0.0,9d61694310b9bf5a,raw/PHS/2026/09/PHS_20260910_0730Z.jpg
PHS,2026-09-10 07:45:02,2026-09-10 14:45:02,ocr,4.4511,44.0,24429,1141,266,179.0;179.5,rfi,0,270,1.09,45d69b13c50c7696,raw/PHS/2026/09/PHS_20260910_0745Z.jpg
PHS,2026-09-10 08:00:02,2026-09-10 15:00:02,ocr,4.7241,44.0,25927,988,0,,,0,0,0.0,b03f10aba6a7e146,raw/PHS/2026/09/PHS_20260910_0800Z.jpg
PHS,2026-09-10 08:15:02,2026-09-10 15:15:02,ocr,5.0583,44.0,27761,1104,0,,,0,0,0.0,da7a92a5587ca2d0,raw/PHS/2026/09/PHS_20260910_0815Z.jpg
PHS,2026-09-10 08:30:02,2026-09-10 15:30:02,ocr-majority,5.0792,44.0,27876,1400,0,,,0,0,0.0,970d98c6dd3113fe,raw/PHS/2026/09/PHS_20260910_0830Z.jpg
PHS,2026-09-10 08:45:02,2026-09-10 15:45:02,ocr-majority,4.928,44.0,27046,1156,462,178.0;178.5;179.0;179.5;180.0,rfi,0,494,1.79,ddf3b83ffd288ce0,raw/PHS/2026/09/PHS_20260910_0845Z.jpg
PHS,2026-09-10 09:00:02,2026-09-10 16:00:02,ocr,4.8223,46.5,26466,1273,0,,,0,0,0.0,f203083cc890bfa1,raw/PHS/2026/09/PHS_20260910_0900Z.jpg
PHS,2026-09-10 09:15:02,2026-09-10 16:15:02,ocr,4.7875,46.5,26275,1309,0,,,0,0,0.0,c7ac0bd220259899,raw/PHS/2026/09/PHS_20260910_0915Z.jpg
PHS,2026-09-10 09:30:02,2026-09-10 16:30:02,ocr,4.6951,41.5,25768,1110,0,,,0,0,0.0,c2a03f116c702650,raw/PHS/2026/09/PHS_20260910_0930Z.jpg
PHS,2026-09-10 09:45:02,2026-09-10 16:45:02,ocr,4.7578,46.5,26112,880,0,,,0,0,0.0,e7fe914f80b2a288,raw/PHS/2026/09/PHS_20260910_0945Z.jpg
PHS,2026-09-10 10:00:02,2026-09-10 17:00:02,ocr,4.9814,44.0,27339,953,0,,,0,0,0.0,4b0dfa9776ec3016,raw/PHS/2026/09/PHS_20260910_1000Z.jpg
PHS,2026-09-10 10:15:02,2026-09-10 17:15:02,ocr,4.7642,41.5,26147,837,0,,,0,0,0.0,b1e8cb0000a0e077,raw/PHS/2026/09/PHS_20260910_1015Z.jpg
PHS,2026-09-10 10:30:02,2026-09-10 17:30:02,ocr,4.76,44.0,26124,740,0,,,0,0,0.0,ec48eec3dd43ca09,raw/PHS/2026/09/PHS_20260910_1030Z.jpg
PHS,2026-09-10 10:45:02,2026-09-10 17:45:02,ocr,4.5794,41.5,25133,828,0,,,0,0,0.0,679f893bad829ae8,raw/PHS/2026/09/PHS_20260910_1045Z.jpg
PHS,2026-09-10 11:00:02,2026-09-10 18:00:02,ocr,4.383,44.0,24055,890,0,,,0,0,0.0,2a6303addb410786,raw/PHS/2026/09/PHS_20260910_1100Z.jpg
PHS,2026-09-10 11:15:02,2026-09-10 18:15:02,ocr,4.4417,46.5,24377,1122,0,,,0,0,0.0,cc1d9f5e54c894b2,raw/PHS/2026/09/PHS_20260910_1115Z.jpg
PHS,2026-09-10 11:30:02,2026-09-10 18:30:02,ocr-majority,4.6279,44.0,25399,681,0,,,0,0,0.0,cb3daebe44c0fe10,raw/PHS/2026/09/PHS_20260910_1130Z.jpg
PHS,2026-09-10 11:45:02,2026-09-10 18:45:02,ocr-majority,4.3425,44.0,23833,781,0,,,0,0,0.0,462ddcb73bf0d44a,raw/PHS/2026/09/PHS_20260910_1145Z.jpg
PHS,2026-09-10 12:00:02,2026-09-10 19:00:02,ocr,4.487,41.5,24626,781,0,,,0,0,0.0,e5e05a2021999afb,raw/PHS/2026/09/PHS_20260910_1200Z.jpg
PHS,2026-09-10 12:15:02,2026-09-10 19:15:02,ocr,4.0521,41.5,22239,817,0,,,0,0,0.0,bd8f717ec26b10f2,raw/PHS/2026/09/PHS_20260910_1215Z.jpg
PHS,2026-09-10 12:30:02,2026-09-10 19:30:02,ocr,3.8499,44.0,21129,381,460,178.5;179.0;179.5;180.0,rfi,0,490,2.27,25a589e24756d5b2,raw/PHS/2026/09/PHS_20260910_1230Z.jpg
PHS,2026-09-10 12:45:02,2026-09-10 19:45:02,ocr-majority,3.9142,46.5,21482,505,267,178.0;178.5;179.0;179.5;180.0,rfi,0,289,1.33,2694c860b1e4074d,raw/PHS/2026/09/PHS_20260910_1245Z.jpg
PHS,2026-09-10 13:00:02,2026-09-10 20:00:02,ocr,3.6837,41.5,20217,790,0,,,0,0,0.0,57e5d0c5d1f0f13a,raw/PHS/2026/09/PHS_20260910_1300Z.jpg
PHS,2026-09-10 13:15:02,2026-09-10 20:15:02,ocr,3.4434,41.5,18898,426,357,178.5;179.0;179.5;180.0,rfi,0,393,2.04,375b07c4e401a184,raw/PHS/2026/09/PHS_20260910_1315Z.jpg
PHS,2026-09-10 13:30:02,2026-09-10 20:30:02,ocr-majority,3.3807,41.5,18554,345,243,178.5;179.0;179.5;180.0,rfi,0,263,1.4,8c6464e9564ba2c0,raw/PHS/2026/09/PHS_20260910_1330Z.jpg
PHS,2026-09-10 13:45:02,2026-09-10 20:45:02,ocr-majority,2.9979,41.5,16453,167,0,,,0,0,0.0,be67533092582c5f,raw/PHS/2026/09/PHS_20260910_1345Z.jpg
PHS,2026-09-10 14:00:02,2026-09-10 21:00:02,ocr,2.7193,41.5,14924,200,0,,,0,0,0.0,b7d100bc648e910c,raw/PHS/2026/09/PHS_20260910_1400Z.jpg
PHS,2026-09-10 14:15:02,2026-09-10 21:15:02,ocr,2.5844,39.0,14184,67,250,179.0;179.5,rfi,0,263,1.82,49433a7aeb213cbf,raw/PHS/2026/09/PHS_20260910_1415Z.jpg
PHS,2026-09-10 14:30:02,2026-09-10 21:30:02,ocr,1.8503,41.5,10155,68,761,178.5;179.0;179.5;180.0,rfi,0,814,7.42,6c595c31e52a6b2e,raw/PHS/2026/09/PHS_20260910_1430Z.jpg
PHS,2026-09-10 14:45:02,2026-09-10 21:45:02,ocr-majority,1.7625,41.5,9673,112,176,178.5;179.0;179.5;180.0,rfi,0,193,1.96,78e777804dfc96ce,raw/PHS/2026/09/PHS_20260910_1445Z.jpg
PHS,2026-09-10 15:00:01,2026-09-10 22:00:01,ocr-majority,1.8622,41.5,10220,200,500,179.0;179.5,rfi,0,525,4.89,8af2c9ede78e4ecb,raw/PHS/2026/09/PHS_20260910_1500Z.jpg
PHS,2026-09-10 15:15:02,2026-09-10 22:15:02,ocr,2.5804,44.0,14162,722,0,,,0,0,0.0,f2cb0d10d7f82f3f,raw/PHS/2026/09/PHS_20260910_1515Z.jpg
PHS,2026-09-10 15:30:02,2026-09-10 22:30:02,ocr,3.0427,41.5,16699,482,0,,,0,0,0.0,46997b0c5250fb13,raw/PHS/2026/09/PHS_20260910_1530Z.jpg
PHS,2026-09-10 15:45:02,2026-09-10 22:45:02,ocr-majority,3.6303,41.5,19924,891,0,,,0,0,0.0,11aee08f2f7daf65,raw/PHS/2026/09/PHS_20260910_1545Z.jpg
PHS,2026-09-10 16:00:02,2026-09-10 23:00:02,ocr,3.4146,44.0,18740,467,0,,,0,0,0.0,6bc7363df55f2c67,raw/PHS/2026/09/PHS_20260910_1600Z.jpg
PHS,2026-09-10 16:15:02,2026-09-10 23:15:02,ocr,3.6653,41.5,20116,661,0,,,0,0,0.0,bc46744dcd6818e0,raw/PHS/2026/09/PHS_20260910_1615Z.jpg
PHS,2026-09-10 16:30:02,2026-09-10 23:30:02,ocr,3.5602,41.5,19539,458,0,,,0,0,0.0,42e3f2a9208853e2,raw/PHS/2026/09/PHS_20260910_1630Z.jpg
PHS,2026-09-10 16:45:02,2026-09-10 23:45:02,ocr-majority,3.4062,41.5,18694,388,0,,,0,0,0.0,8c26d3ee647e2578,raw/PHS/2026/09/PHS_20260910_1645Z.jpg
PHS,2026-09-10 17:00:02,2026-09-11 00:00:02,ocr,3.6857,46.5,20228,685,0,,,0,0,0.0,3924305d773bc697,raw/PHS/2026/09/PHS_20260910_1700Z.jpg
PHS,2026-09-10 17:15:02,2026-09-11 00:15:02,ocr,3.8114,44.0,20918,653,0,,,0,0,0.0,aab055dd984e27c8,raw/PHS/2026/09/PHS_20260910_1715Z.jpg
PHS,2026-09-10 17:30:02,2026-09-11 00:30:02,ocr,3.6403,46.5,19979,1108,0,,,0,0,0.0,e671df3d976c1fe4,raw/PHS/2026/09/PHS_20260910_1730Z.jpg
PHS,2026-09-10 17:45:02,2026-09-11 00:45:02,ocr,3.7471,41.5,20565,1355,0,,,0,0,0.0,3d23288d3216a162,raw/PHS/2026/09/PHS_20260910_1745Z.jpg
PHS,2026-09-10 18:00:02,2026-09-11 01:00:02,ocr,3.6383,41.5,19968,1217,0,,,0,0,0.0,557b0cfcaa64258e,raw/PHS/2026/09/PHS_20260910_1800Z.jpg
PHS,2026-09-10 18:15:02,2026-09-11 01:15:02,ocr,3.6531,44.0,20049,808,0,,,0,0,0.0,069a85b4772b8a38,raw/PHS/2026/09/PHS_20260910_1815Z.jpg
PHS,2026-09-10 18:30:02,2026-09-11 01:30:02,ocr-majority,3.859,44.0,21179,949,0,,,0,0,0.0,63782aa9ab2ba20c,raw/PHS/2026/09/PHS_20260910_1830Z.jpg
PHS,2026-09-10 18:45:02,2026-09-11 01:45:02,ocr-majority,3.8457,44.0,21106,1101,0,,,0,0,0.0,1f7b8876519b1ec4,raw/PHS/2026/09/PHS_20260910_1845Z.jpg
PHS,2026-09-10 19:00:02,2026-09-11 02:00:02,ocr,3.9027,46.5,21419,1145,0,,,0,0,0.0,e6ec0218d081be40,raw/PHS/2026/09/PHS_20260910_1900Z.jpg
PHS,2026-09-10 19:15:02,2026-09-11 02:15:02,ocr,4.0182,44.0,22053,1523,0,,,0,0,0.0,7d1ff63849ce3609,raw/PHS/2026/09/PHS_20260910_1915Z.jpg
PHS,2026-09-10 19:30:02,2026-09-11 02:30:02,ocr,3.8969,44.0,21387,1488,0,,,0,0,0.0,9eab1be54b28b5d1,raw/PHS/2026/09/PHS_20260910_1930Z.jpg
PHS,2026-09-10 19:45:02,2026-09-11 02:45:02,ocr,4.0137,44.0,22028,1371,0,,,0,0,0.0,53968bb971b91b3c,raw/PHS/2026/09/PHS_20260910_1945Z.jpg
PHS,2026-09-10 20:00:02,2026-09-11 03:00:02,ocr,4.164,44.0,22853,1610,0,,,0,0,0.0,872aef50574c1585,raw/PHS/2026/09/PHS_20260910_2000Z.jpg
PHS,2026-09-10 20:15:02,2026-09-11 03:15:02,ocr,4.2596,44.0,23378,1333,0,,,0,0,0.0,c96a9b32f3f78c63,raw/PHS/2026/09/PHS_20260910_2015Z.jpg
PHS,2026-09-10 20:30:02,2026-09-11 03:30:02,ocr,4.2194,41.5,23157,1615,0,,,0,0,0.0,0a2012ad413c0686,raw/PHS/2026/09/PHS_20260910_2030Z.jpg
PHS,2026-09-10 20:45:02,2026-09-11 03:45:02,ocr,4.2268,44.0,23198,1493,0,,,0,0,0.0,6b6752c8c8613ac6,raw/PHS/2026/09/PHS_20260910_2045Z.jpg
PHS,2026-09-10 21:00:02,2026-09-11 04:00:02,ocr,4.256,44.0,23358,2041,0,,,0,0,0.0,0fa741207dbda4b8,raw/PHS/2026/09/PHS_20260910_2100Z.jpg
PHS,2026-09-10 21:15:02,2026-09-11 04:15:02,ocr,4.4127,44.0,24218,1861,424,178.0;178.5;179.0;179.5;180.0,rfi,0,470,1.9,1daff42313b92d0d,raw/PHS/2026/09/PHS_20260910_2115Z.jpg
PHS,2026-09-10 21:30:02,2026-09-11 04:30:02,ocr,4.3546,44.0,23899,1594,0,,,0,0,0.0,d6db9b15e18ff7ef,raw/PHS/2026/09/PHS_20260910_2130Z.jpg
PHS,2026-09-10 21:45:02,2026-09-11 04:45:02,ocr,4.2759,41.5,23467,1155,0,,,0,0,0.0,9c3be0003ac8b140,raw/PHS/2026/09/PHS_20260910_2145Z.jpg
PHS,2026-09-10 22:00:02,2026-09-11 05:00:02,ocr,4.2939,44.0,23566,1543,0,,,0,0,0.0,e0cacc568138bcbc,raw/PHS/2026/09/PHS_20260910_2200Z.jpg
PHS,2026-09-10 22:15:02,2026-09-11 05:15:02,ocr,4.1214,44.0,22619,1080,0,,,0,0,0.0,a1faa1c49f555382,raw/PHS/2026/09/PHS_20260910_2215Z.jpg
PHS,2026-09-10 22:30:02,2026-09-11 05:30:02,ocr,4.0869,44.0,22430,1022,250,178.0;178.5;179.0;179.5,rfi,0,262,1.15,d7a90266e1c60a30,raw/PHS/2026/09/PHS_20260910_2230Z.jpg
PHS,2026-09-10 22:45:02,2026-09-11 05:45:02,ocr,4.1066,46.5,22538,982,0,,,0,0,0.0,0e8e635f83b5c7b2,raw/PHS/2026/09/PHS_20260910_2245Z.jpg
PHS,2026-09-10 23:00:02,2026-09-11 06:00:02,ocr,4.406,41.5,24181,549,0,,,0,0,0.0,00db2082f1627acc,raw/PHS/2026/09/PHS_20260910_2300Z.jpg
PHS,2026-09-10 23:15:02,2026-09-11 06:15:02,ocr,4.272,44.0,23446,512,0,,,0,0,0.0,41990841fea8c83c,raw/PHS/2026/09/PHS_20260910_2315Z.jpg
PHS,2026-09-10 23:30:02,2026-09-11 06:30:02,ocr,3.7546,41.5,20606,489,240,179.0;179.5;180.0,rfi,0,253,1.21,918d288f519987d4,raw/PHS/2026/09/PHS_20260910_2330Z.jpg
PHS,2026-09-10 23:45:02,2026-09-11 06:45:02,ocr,3.4665,44.0,19025,410,211,178.5;179.0;179.5,rfi,0,229,1.19,53c8101284f6bb63,raw/PHS/2026/09/PHS_20260910_2345Z.jpg
PHS,2026-09-11 00:00:02,2026-09-11 07:00:02,ocr,3.539,44.0,19423,460,526,178.5;179.0;179.5;180.0;180.5,rfi,0,563,2.82,eb02c33b0e50da07,raw/PHS/2026/09/PHS_20260911_0000Z.jpg
PHS,2026-09-11 00:15:02,2026-09-11 07:15:02,ocr,3.6299,46.5,19922,519,0,,,0,0,0.0,4a2882984b4b072a,raw/PHS/2026/09/PHS_20260911_0015Z.jpg
PHS,2026-09-11 00:30:02,2026-09-11 07:30:02,ocr,3.6749,41.5,20169,576,0,,,0,0,0.0,2ceeeeaccaf89349,raw/PHS/2026/09/PHS_20260911_0030Z.jpg
PHS,2026-09-11 00:45:02,2026-09-11 07:45:02,ocr,3.7005,41.5,20309,342,0,,,0,0,0.0,59e9a1bd7fc099cf,raw/PHS/2026/09/PHS_20260911_0045Z.jpg
PHS,2026-09-11 01:00:02,2026-09-11 08:00:02,ocr,3.556,41.5,19516,178,0,,,0,0,0.0,fa381084702fd0e6,raw/PHS/2026/09/PHS_20260911_0100Z.jpg
PHS,2026-09-11 01:15:02,2026-09-11 08:15:02,ocr,3.1682,41.5,17388,85,0,,,0,0,0.0,a3a390156619061e,raw/PHS/2026/09/PHS_20260911_0115Z.jpg
PHS,2026-09-11 01:30:02,2026-09-11 08:30:02,ocr,2.5228,41.5,13846,37,0,,,0,0,0.0,f2a98f7dec902cf5,raw/PHS/2026/09/PHS_20260911_0130Z.jpg
PHS,2026-09-11 01:45:02,2026-09-11 08:45:02,ocr-majority,1.8051,41.5,9907,61,0,,,0,0,0.0,d0f7ef63e7748b68,raw/PHS/2026/09/PHS_20260911_0145Z.jpg
PHS,2026-09-11 02:00:02,2026-09-11 09:00:02,ocr,1.4919,41.5,8188,116,0,,,0,0,0.0,294255b0d624fd6d,raw/PHS/2026/09/PHS_20260911_0200Z.jpg
PHS,2026-09-11 02:15:02,2026-09-11 09:15:02,ocr,1.2392,41.5,6801,26,0,,,0,0,0.0,51beb3ade890429b,raw/PHS/2026/09/PHS_20260911_0215Z.jpg
PHS,2026-09-11 02:30:02,2026-09-11 09:30:02,ocr,0.8425,36.5,4624,2,0,,,0,0,0.0,b2abb7a9bbb6f88a,raw/PHS/2026/09/PHS_20260911_0230Z.jpg
PHS,2026-09-11 02:45:02,2026-09-11 09:45:02,ocr-majority,0.6297,41.5,3456,33,0,,,0,0,0.0,10c07915ebbad27b,raw/PHS/2026/09/PHS_20260911_0245Z.jpg
PHS,2026-09-11 03:00:02,2026-09-11 10:00:02,ocr,0.4542,41.5,2493,31,0,,,0,0,0.0,27a0ea255531366a,raw/PHS/2026/09/PHS_20260911_0300Z.jpg
PHS,2026-09-11 03:15:02,2026-09-11 10:15:02,ocr-majority,0.3108,41.5,1706,11,0,,,0,0,0.0,c12a561fcbecac7b,raw/PHS/2026/09/PHS_20260911_0315Z.jpg
PHS,2026-09-11 03:30:02,2026-09-11 10:30:02,ocr,0.2447,41.5,1343,24,263,178.5;179.0;179.5;180.0,rfi,0,299,18.21,0b83e5268723bb9d,raw/PHS/2026/09/PHS_20260911_0330Z.jpg
PHS,2026-09-11 03:45:02,2026-09-11 10:45:02,ocr-majority,0.1244,24.0,683,0,0,,,0,0,0.0,43bc0af5ffa44432,raw/PHS/2026/09/PHS_20260911_0345Z.jpg
PHS,2026-09-11 04:00:02,2026-09-11 11:00:02,ocr,0.1301,41.5,714,18,0,,,0,0,0.0,c3418b1045b3be4f,raw/PHS/2026/09/PHS_20260911_0400Z.jpg
PHS,2026-09-11 04:15:02,2026-09-11 11:15:02,ocr,0.0947,26.5,520,0,0,,,0,0,0.0,0de7d8d64c545972,raw/PHS/2026/09/PHS_20260911_0415Z.jpg
PHS,2026-09-11 06:00:02,2026-09-11 13:00:02,ocr,0.3868,44.0,2123,37,0,,,0,0,0.0,8d9676a498b2cf84,raw/PHS/2026/09/PHS_20260911_0600Z.jpg
PHS,2026-09-11 06:15:02,2026-09-11 13:15:02,ocr,0.5029,44.0,2760,100,0,,,0,0,0.0,5e643c772b60367f,raw/PHS/2026/09/PHS_20260911_0615Z.jpg
PHS,2026-09-11 06:30:02,2026-09-11 13:30:02,ocr,0.6425,41.5,3526,66,0,,,0,0,0.0,5c59f70a9268990d,raw/PHS/2026/09/PHS_20260911_0630Z.jpg
PHS,2026-09-11 06:45:02,2026-09-11 13:45:02,ocr-majority,0.4982,41.5,2734,43,0,,,0,0,0.0,75fe87f686ebd513,raw/PHS/2026/09/PHS_20260911_0645Z.jpg
PHS,2026-09-11 07:00:02,2026-09-11 14:00:02,ocr,0.6649,41.5,3649,134,0,,,0,0,0.0,d84f8440ff8f2209,raw/PHS/2026/09/PHS_20260911_0700Z.jpg
PHS,2026-09-11 07:15:02,2026-09-11 14:15:02,ocr,0.6793,41.5,3728,148,391,178.5;179.0;179.5;180.0,rfi,0,424,10.21,dd4cafeacce6c5a0,raw/PHS/2026/09/PHS_20260911_0715Z.jpg
PHS,2026-09-11 07:30:02,2026-09-11 14:30:02,ocr,0.8254,44.0,4530,227,0,,,0,0,0.0,2c749d7405cfe2b3,raw/PHS/2026/09/PHS_20260911_0730Z.jpg
PHS,2026-09-11 07:45:02,2026-09-11 14:45:02,ocr,0.7124,41.5,3910,242,0,,,0,0,0.0,46ac35dfb92bdeb9,raw/PHS/2026/09/PHS_20260911_0745Z.jpg
PHS,2026-09-11 08:00:02,2026-09-11 15:00:02,ocr,0.7729,41.5,4242,304,0,,,0,0,0.0,68e81789dddadc68,raw/PHS/2026/09/PHS_20260911_0800Z.jpg
PHS,2026-09-11 08:15:02,2026-09-11 15:15:02,ocr,0.7106,41.5,3900,129,0,,,0,0,0.0,524102b3ab6b01b8,raw/PHS/2026/09/PHS_20260911_0815Z.jpg
PHS,2026-09-11 08:30:02,2026-09-11 15:30:02,ocr,0.754,46.5,4138,223,0,,,0,0,0.0,9b882ee10bfe8e0b,raw/PHS/2026/09/PHS_20260911_0830Z.jpg
PHS,2026-09-11 08:45:02,2026-09-11 15:45:02,ocr-majority,0.7902,46.5,4337,156,0,,,0,0,0.0,a45a55a44985891a,raw/PHS/2026/09/PHS_20260911_0845Z.jpg
PHS,2026-09-11 09:00:02,2026-09-11 16:00:02,ocr,0.6623,51.5,3635,319,0,,,0,0,0.0,98b82f236039a1a8,raw/PHS/2026/09/PHS_20260911_0900Z.jpg
PHS,2026-09-11 09:15:02,2026-09-11 16:15:02,ocr,0.6452,41.5,3541,293,108,179.0;179.5,rfi,0,123,3.36,2bfceddfa43a4592,raw/PHS/2026/09/PHS_20260911_0915Z.jpg
PHS,2026-09-11 09:30:02,2026-09-11 16:30:02,ocr,0.6071,41.5,3332,205,0,,,0,0,0.0,4ca43c0cb4a966fe,raw/PHS/2026/09/PHS_20260911_0930Z.jpg
PHS,2026-09-11 09:45:02,2026-09-11 16:45:02,ocr,0.5572,46.5,3058,212,0,,,0,0,0.0,fdad31a355b779e0,raw/PHS/2026/09/PHS_20260911_0945Z.jpg
PHS,2026-09-11 10:00:02,2026-09-11 17:00:02,ocr,0.4914,41.5,2697,197,0,,,0,0,0.0,818478f12bb8d8b3,raw/PHS/2026/09/PHS_20260911_1000Z.jpg
PHS,2026-09-11 10:15:02,2026-09-11 17:15:02,ocr,0.5964,41.5,3273,221,0,,,0,0,0.0,c95113bcc982c8b3,raw/PHS/2026/09/PHS_20260911_1015Z.jpg
PHS,2026-09-11 10:30:02,2026-09-11 17:30:02,ocr,0.6069,41.5,3331,276,0,,,0,0,0.0,5be862111ffb412e,raw/PHS/2026/09/PHS_20260911_1030Z.jpg
PHS,2026-09-11 10:45:02,2026-09-11 17:45:02,ocr-majority,0.6866,41.5,3768,216,868,178.5;179.0;179.5;180.0;180.5;181.0,rfi,0,926,19.73,cc2f0274d594a370,raw/PHS/2026/09/PHS_20260911_1045Z.jpg
PHS,2026-09-11 11:00:02,2026-09-11 18:00:02,ocr,0.7075,41.5,3883,293,243,178.0;178.5;179.0;179.5,rfi,0,271,6.52,9d04089dd0256356,raw/PHS/2026/09/PHS_20260911_1100Z.jpg
PHS,2026-09-11 11:15:02,2026-09-11 18:15:02,ocr,0.658,44.0,3611,316,0,,,0,0,0.0,18a882f41edcac6a,raw/PHS/2026/09/PHS_20260911_1115Z.jpg
PHS,2026-09-11 11:30:02,2026-09-11 18:30:02,ocr-majority,0.592,41.5,3249,169,467,178.5;179.0;179.5;180.0,rfi,0,530,14.02,4390e40e8873ab37,raw/PHS/2026/09/PHS_20260911_1130Z.jpg
PHS,2026-09-11 11:45:02,2026-09-11 18:45:02,ocr-majority,0.6727,41.5,3692,337,861,178.0;178.5;179.0;179.5;180.0;180.5,rfi,0,928,20.09,16f9d3a488495334,raw/PHS/2026/09/PHS_20260911_1145Z.jpg
PHS,2026-09-11 12:00:02,2026-09-11 19:00:02,ocr,0.5539,41.5,3040,317,989,178.0;178.5;179.0;179.5,rfi,0,1024,25.2,1d6f128511304252,raw/PHS/2026/09/PHS_20260911_1200Z.jpg
PHS,2026-09-11 12:15:02,2026-09-11 19:15:02,ocr,0.7387,44.0,4054,532,789,178.0;178.5;179.0;179.5,rfi,0,828,16.96,a00ab1be9a0dc2c7,raw/PHS/2026/09/PHS_20260911_1215Z.jpg
PHS,2026-09-11 12:30:02,2026-09-11 19:30:02,ocr,0.8646,44.0,4745,747,769,178.0;178.5;179.0;179.5;180.0;180.5,rfi,0,846,15.13,0256c25ad6781782,raw/PHS/2026/09/PHS_20260911_1230Z.jpg
PHS,2026-09-11 12:45:02,2026-09-11 19:45:02,ocr-majority,0.8505,41.5,4668,783,1313,178.5;179.0;179.5;180.0;180.5,rfi,0,1370,22.69,f48185ac489c9276,raw/PHS/2026/09/PHS_20260911_1245Z.jpg
PHS,2026-09-11 13:00:02,2026-09-11 20:00:02,ocr,1.0238,44.0,5619,733,1574,178.0;178.5;179.0;179.5;180.0;180.5,rfi,0,1618,22.36,4b40d3c283cf6bae,raw/PHS/2026/09/PHS_20260911_1300Z.jpg
PHS,2026-09-11 13:15:02,2026-09-11 20:15:02,ocr,1.255,46.5,6888,883,1647,178.0;178.5;179.0;179.5;180.0;180.5,rfi,0,1713,19.92,d2aea9d9006ccd3c,raw/PHS/2026/09/PHS_20260911_1315Z.jpg
PHS,2026-09-11 13:30:02,2026-09-11 20:30:02,ocr-majority,1.657,44.0,9094,945,0,,,0,0,0.0,c0a2e157fb179a6a,raw/PHS/2026/09/PHS_20260911_1330Z.jpg
PHS,2026-09-11 13:45:02,2026-09-11 20:45:02,ocr-majority,1.5757,44.0,8648,937,1658,177.5;178.0;178.5;179.0;179.5;180.0,rfi,0,1747,16.81,c9f2e328400865da,raw/PHS/2026/09/PHS_20260911_1345Z.jpg
PHS,2026-09-11 14:00:02,2026-09-11 21:00:02,ocr,1.7969,44.0,9862,1027,793,178.0;178.5;179.0;179.5,rfi,0,849,7.93,820c45a3c151a215,raw/PHS/2026/09/PHS_20260911_1400Z.jpg
PHS,2026-09-11 14:15:02,2026-09-11 21:15:02,ocr,2.2645,44.0,12428,1049,801,178.0;178.5;179.0;179.5;180.0,rfi,0,842,6.35,10594b2e4603dba7,raw/PHS/2026/09/PHS_20260911_1415Z.jpg
PHS,2026-09-11 14:30:02,2026-09-11 21:30:02,ocr-majority,2.4509,44.0,13451,1046,875,178.5;179.0;179.5;180.0;180.5,rfi,0,913,6.36,73b34c2a0857deb8,raw/PHS/2026/09/PHS_20260911_1430Z.jpg
PHS,2026-09-11 14:45:02,2026-09-11 21:45:02,ocr-majority,2.4818,44.0,13621,890,1695,178.0;178.5;179.0;179.5;180.0,rfi,0,1776,11.53,724d67e105430665,raw/PHS/2026/09/PHS_20260911_1445Z.jpg
PHS,2026-09-11 15:00:02,2026-09-11 22:00:02,ocr,2.7459,41.5,15070,599,1217,178.0;178.5;179.0;179.5;180.5,rfi,0,1254,7.68,b43ed07d5d326146,raw/PHS/2026/09/PHS_20260911_1500Z.jpg
PHS,2026-09-11 15:15:02,2026-09-11 22:15:02,ocr,2.6178,41.5,14367,372,613,178.5;179.0;179.5;180.0,rfi,0,658,4.38,a854aa69b52fa60a,raw/PHS/2026/09/PHS_20260911_1515Z.jpg
PHS,2026-09-11 15:30:02,2026-09-11 22:30:02,ocr-majority,2.6307,41.5,14438,305,1573,178.0;178.5;179.0;179.5;180.0,rfi,0,1648,10.24,50e5ddb9311a0d34,raw/PHS/2026/09/PHS_20260911_1530Z.jpg
PHS,2026-09-11 15:45:02,2026-09-11 22:45:02,ocr-majority,2.5402,44.0,13941,292,1091,178.0;178.5;179.0;179.5;180.0;180.5,rfi,0,1170,7.74,5aa5fde0d775443a,raw/PHS/2026/09/PHS_20260911_1545Z.jpg
PHS,2026-09-11 16:00:02,2026-09-11 23:00:02,ocr,2.5197,41.5,13829,191,1337,178.0;178.5;179.0;179.5;180.0,rfi,0,1404,9.22,f3e2585e40c76fe1,raw/PHS/2026/09/PHS_20260911_1600Z.jpg
PHS,2026-09-11 16:15:02,2026-09-11 23:15:02,ocr,2.0526,41.5,11265,83,820,178.0;178.5;179.0;179.5;180.0,rfi,0,878,7.23,42eccc6a406b13f2,raw/PHS/2026/09/PHS_20260911_1615Z.jpg
PHS,2026-09-11 16:30:02,2026-09-11 23:30:02,ocr-majority,2.1675,41.5,11896,250,437,178.5;179.0;179.5;180.0;180.5,rfi,0,483,3.9,5394e3a33a7ed618,raw/PHS/2026/09/PHS_20260911_1630Z.jpg
PHS,2026-09-11 16:45:02,2026-09-11 23:45:02,ocr-majority,2.0449,41.5,11223,97,290,179.0;179.5;180.0,rfi,0,314,2.72,52020379b8a4be9e,raw/PHS/2026/09/PHS_20260911_1645Z.jpg
PHS,2026-09-11 17:00:02,2026-09-12 00:00:02,ocr,1.8769,44.0,10301,118,0,,,0,0,0.0,77dadc056242abff,raw/PHS/2026/09/PHS_20260911_1700Z.jpg
PHS,2026-09-11 17:15:02,2026-09-12 00:15:02,ocr,1.743,41.5,9566,153,0,,,0,0,0.0,6df5839b54c56149,raw/PHS/2026/09/PHS_20260911_1715Z.jpg
PHS,2026-09-11 17:30:02,2026-09-12 00:30:02,ocr-majority,2.0136,44.0,11051,415,0,,,0,0,0.0,d1562b6067850c3a,raw/PHS/2026/09/PHS_20260911_1730Z.jpg
PHS,2026-09-11 17:45:02,2026-09-12 00:45:02,ocr-majority,1.9491,41.5,10697,749,0,,,0,0,0.0,dfe900a924a59119,raw/PHS/2026/09/PHS_20260911_1745Z.jpg
PHS,2026-09-11 18:00:02,2026-09-12 01:00:02,ocr,2.2641,41.5,12426,666,0,,,0,0,0.0,76815ad776c98d17,raw/PHS/2026/09/PHS_20260911_1800Z.jpg
PHS,2026-09-11 18:15:02,2026-09-12 01:15:02,ocr,2.2289,44.0,12233,536,0,,,0,0,0.0,b9f3640c6bbcbdc4,raw/PHS/2026/09/PHS_20260911_1815Z.jpg
PHS,2026-09-11 18:30:02,2026-09-12 01:30:02,ocr-majority,2.4871,41.5,13650,947,0,,,0,0,0.0,06f5f3efb491bf18,raw/PHS/2026/09/PHS_20260911_1830Z.jpg
PHS,2026-09-11 18:45:02,2026-09-12 01:45:02,ocr-majority,2.4695,44.0,13553,1096,0,,,0,0,0.0,f78d7e44b1258810,raw/PHS/2026/09/PHS_20260911_1845Z.jpg
PHS,2026-09-11 19:00:02,2026-09-12 02:00:02,ocr,2.4458,41.5,13423,1298,0,,,0,0,0.0,2bd01938ce36b877,raw/PHS/2026/09/PHS_20260911_1900Z.jpg
PHS,2026-09-11 19:15:02,2026-09-12 02:15:02,ocr,2.3793,41.5,13058,396,193,178.5;179.0;179.5,rfi,0,199,1.5,7c6b36319f602044,raw/PHS/2026/09/PHS_20260911_1915Z.jpg
PHS,2026-09-11 19:30:02,2026-09-12 02:30:02,ocr,2.1612,41.5,11861,202,409,178.5;179.0;179.5;180.0;180.5,rfi,0,432,3.51,fa5108c29331ad5c,raw/PHS/2026/09/PHS_20260911_1930Z.jpg
PHS,2026-09-11 19:45:02,2026-09-12 02:45:02,ocr-majority,1.9757,41.5,10843,152,0,,,0,0,0.0,3f0d7d91579ac80e,raw/PHS/2026/09/PHS_20260911_1945Z.jpg
PHS,2026-09-11 20:00:02,2026-09-12 03:00:02,ocr,1.7501,36.5,9605,80,0,,,0,0,0.0,9a187a0916304361,raw/PHS/2026/09/PHS_20260911_2000Z.jpg
PHS,2026-09-11 20:15:02,2026-09-12 03:15:02,ocr,1.4529,36.5,7974,93,0,,,0,0,0.0,a35ad726d05aed0e,raw/PHS/2026/09/PHS_20260911_2015Z.jpg
PHS,2026-09-11 20:30:02,2026-09-12 03:30:02,ocr,1.3225,36.5,7258,15,0,,,0,0,0.0,c920df1c069cea55,raw/PHS/2026/09/PHS_20260911_2030Z.jpg
PHS,2026-09-11 20:45:02,2026-09-12 03:45:02,ocr,1.0138,41.5,5564,17,0,,,0,0,0.0,021c048eca074fa6,raw/PHS/2026/09/PHS_20260911_2045Z.jpg
PHS,2026-09-11 21:00:02,2026-09-12 04:00:02,ocr,0.9342,41.5,5127,112,0,,,0,0,0.0,93eb0f5fce5dce18,raw/PHS/2026/09/PHS_20260911_2100Z.jpg
PHS,2026-09-11 21:15:02,2026-09-12 04:15:02,ocr,0.5803,34.0,3185,0,0,,,0,0,0.0,2bca7e4e8d39ae0b,raw/PHS/2026/09/PHS_20260911_2115Z.jpg
PHS,2026-09-11 21:30:02,2026-09-12 04:30:02,ocr-majority,0.3185,26.5,1748,0,0,,,0,0,0.0,5f55821ccee0797f,raw/PHS/2026/09/PHS_20260911_2130Z.jpg
PHS,2026-09-11 21:45:02,2026-09-12 04:45:02,ocr,0.1272,26.5,698,0,0,,,0,0,0.0,00c526c23f2c17bc,raw/PHS/2026/09/PHS_20260911_2145Z.jpg
PHS,2026-09-11 22:00:02,2026-09-12 05:00:02,ocr,0.0798,34.0,438,0,0,,,0,0,0.0,87711a8f5f29d7a0,raw/PHS/2026/09/PHS_20260911_2200Z.jpg
PHS,2026-09-11 22:15:02,2026-09-12 05:15:02,ocr,0.0503,34.0,276,0,0,,,0,0,0.0,13b43337ede74526,raw/PHS/2026/09/PHS_20260911_2215Z.jpg
PHS,2026-09-11 22:30:02,2026-09-12 05:30:02,ocr,0.0277,34.0,152,0,0,,,0,0,0.0,25afd13867877dca,raw/PHS/2026/09/PHS_20260911_2230Z.jpg
PHS,2026-09-11 22:45:02,2026-09-12 05:45:02,ocr,0.0195,21.5,107,0,0,,,0,0,0.0,0b6db324dc4d97fa,raw/PHS/2026/09/PHS_20260911_2245Z.jpg
PHS,2026-09-11 23:00:02,2026-09-12 06:00:02,ocr,0.0108,21.5,59,0,0,,,0,0,0.0,3899123eadd8f451,raw/PHS/2026/09/PHS_20260911_2300Z.jpg
PHS,2026-09-11 23:15:02,2026-09-12 06:15:02,ocr,0.0151,21.5,83,0,0,,,0,0,0.0,a65cfc3da09d3400,raw/PHS/2026/09/PHS_20260911_2315Z.jpg
PHS,2026-09-11 23:30:02,2026-09-12 06:30:02,ocr,0.0,,0,0,0,,,0,0,0.0,db6c78eaec7b4722,raw/PHS/2026/09/PHS_20260911_2330Z.jpg
PHS,2026-09-11 23:45:02,2026-09-12 06:45:02,ocr,0.0,,0,0,0,,,0,0,0.0,aa283a508564c19d,raw/PHS/2026/09/PHS_20260911_2345Z.jpg
PHS,2026-09-12 00:00:02,2026-09-12 07:00:02,ocr,0.01,10.4,55,0,0,,,0,0,0.0,385b6d80134e2881,raw/PHS/2026/09/PHS_20260912_0000Z.jpg
PHS,2026-09-12 00:15:02,2026-09-12 07:15:02,ocr,0.0,,0,0,0,,,0,0,0.0,fbf9f3766f6b5335,raw/PHS/2026/09/PHS_20260912_0015Z.jpg
PHS,2026-09-12 00:30:02,2026-09-12 07:30:02,ocr,0.0087,24.0,48,0,0,,,0,0,0.0,3f0d6a4069f3f49b,raw/PHS/2026/09/PHS_20260912_0030Z.jpg
PHS,2026-09-12 00:45:02,2026-09-12 07:45:02,ocr,0.0,,0,0,0,,,0,0,0.0,63f0f73b2b32a878,raw/PHS/2026/09/PHS_20260912_0045Z.jpg
PHS,2026-09-12 01:00:02,2026-09-12 08:00:02,ocr,0.0401,21.5,220,0,0,,,0,0,0.0,6fcb9c18f59121ed,raw/PHS/2026/09/PHS_20260912_0100Z.jpg
PHS,2026-09-12 01:15:02,2026-09-12 08:15:02,ocr,0.0069,10.4,38,0,0,,,0,0,0.0,01d60982109132c5,raw/PHS/2026/09/PHS_20260912_0115Z.jpg
PHS,2026-09-12 01:30:02,2026-09-12 08:30:02,ocr,0.0301,21.5,165,0,207,179.0;179.5,rfi,0,214,56.46,3c1cd92056bb5861,raw/PHS/2026/09/PHS_20260912_0130Z.jpg
PHS,2026-09-12 01:45:02,2026-09-12 08:45:02,ocr-majority,0.0,,0,0,0,,,0,0,0.0,43635cd726171951,raw/PHS/2026/09/PHS_20260912_0145Z.jpg
PHS,2026-09-12 02:00:02,2026-09-12 09:00:02,ocr,0.0488,21.5,268,0,0,,,0,0,0.0,98cfb473fc65a97b,raw/PHS/2026/09/PHS_20260912_0200Z.jpg
PHS,2026-09-12 02:15:02,2026-09-12 09:15:02,ocr,0.0106,10.4,58,0,0,,,0,0,0.0,e13080f51c9d9cd0,raw/PHS/2026/09/PHS_20260912_0215Z.jpg
PHS,2026-09-12 02:30:02,2026-09-12 09:30:02,ocr,0.0031,10.4,17,0,0,,,0,0,0.0,6cf828fe7d3c214c,raw/PHS/2026/09/PHS_20260912_0230Z.jpg
PHS,2026-09-12 02:45:02,2026-09-12 09:45:02,ocr-majority,0.0035,21.5,19,0,0,,,0,0,0.0,64d420730085fbbf,raw/PHS/2026/09/PHS_20260912_0245Z.jpg
PHS,2026-09-12 03:00:02,2026-09-12 10:00:02,ocr,0.0,,0,0,0,,,0,0,0.0,8f9f883f105c7b11,raw/PHS/2026/09/PHS_20260912_0300Z.jpg
PHS,2026-09-12 03:15:02,2026-09-12 10:15:02,ocr,0.0333,21.5,183,0,0,,,0,0,0.0,928201934bd43b02,raw/PHS/2026/09/PHS_20260912_0315Z.jpg
PHS,2026-09-12 03:30:02,2026-09-12 10:30:02,ocr,0.035,21.5,192,0,408,178.5;179.0;179.5;180.0,rfi,0,452,70.19,a9fe9d6d97686b3e,raw/PHS/2026/09/PHS_20260912_0330Z.jpg
PHS,2026-09-12 03:45:02,2026-09-12 10:45:02,ocr-majority,0.045,21.5,247,0,0,,,0,0,0.0,7cf5c3c92d10827f,raw/PHS/2026/09/PHS_20260912_0345Z.jpg
PHS,2026-09-12 04:00:02,2026-09-12 11:00:02,ocr,0.008,21.5,44,0,0,,,0,0,0.0,d71281a0fd083402,raw/PHS/2026/09/PHS_20260912_0400Z.jpg
PHS,2026-09-12 04:15:02,2026-09-12 11:15:02,ocr,0.0055,21.5,30,0,1221,178.5;179.0;179.5;180.0,rfi,0,1276,97.7,66bbb538e6a7f09a,raw/PHS/2026/09/PHS_20260912_0415Z.jpg
PHS,2026-09-12 04:30:02,2026-09-12 11:30:02,ocr-majority,0.065,21.5,357,0,0,,,0,0,0.0,178c06cb89d61d8d,raw/PHS/2026/09/PHS_20260912_0430Z.jpg
PHS,2026-09-12 04:45:02,2026-09-12 11:45:02,ocr-majority,0.0261,26.5,143,0,0,,,0,0,0.0,da858c883a8c763c,raw/PHS/2026/09/PHS_20260912_0445Z.jpg
PHS,2026-09-12 05:00:02,2026-09-12 12:00:02,ocr,0.0089,34.0,49,0,0,,,0,0,0.0,e2c14debfacaefae,raw/PHS/2026/09/PHS_20260912_0500Z.jpg
PHS,2026-09-12 05:15:02,2026-09-12 12:15:02,ocr,0.0324,41.5,178,10,0,,,0,0,0.0,a15b494f9cec6b70,raw/PHS/2026/09/PHS_20260912_0515Z.jpg
PHS,2026-09-12 05:30:02,2026-09-12 12:30:02,ocr,0.062,21.5,340,0,0,,,0,0,0.0,8401997bc8109243,raw/PHS/2026/09/PHS_20260912_0530Z.jpg
PHS,2026-09-12 05:45:02,2026-09-12 12:45:02,ocr-majority,0.0233,34.0,128,0,0,,,0,0,0.0,711a045b090c0ea4,raw/PHS/2026/09/PHS_20260912_0545Z.jpg
PHS,2026-09-12 06:00:02,2026-09-12 13:00:02,ocr,0.0725,24.0,398,0,0,,,0,0,0.0,b50a9bcb58ee4392,raw/PHS/2026/09/PHS_20260912_0600Z.jpg
PHS,2026-09-12 06:15:02,2026-09-12 13:15:02,ocr,0.119,39.0,653,32,0,,,0,0,0.0,1ba9cea40838f226,raw/PHS/2026/09/PHS_20260912_0615Z.jpg
PHS,2026-09-12 06:30:02,2026-09-12 13:30:02,ocr,0.2265,41.5,1243,99,456,179.0;179.5,rfi,0,503,28.81,137b609db94c4073,raw/PHS/2026/09/PHS_20260912_0630Z.jpg
PHS,2026-09-12 06:45:02,2026-09-12 13:45:02,ocr,0.2977,36.5,1634,2,460,179.0;179.5,rfi,0,495,23.25,7a281b097b8578aa,raw/PHS/2026/09/PHS_20260912_0645Z.jpg
PHS,2026-09-12 07:00:02,2026-09-12 14:00:02,ocr,0.4375,41.5,2401,52,0,,,0,0,0.0,ea9e2c8bb5eeaa2c,raw/PHS/2026/09/PHS_20260912_0700Z.jpg
PHS,2026-09-12 07:15:02,2026-09-12 14:15:02,ocr,0.5277,41.5,2896,65,0,,,0,0,0.0,0d2a966ec0b1222d,raw/PHS/2026/09/PHS_20260912_0715Z.jpg
PHS,2026-09-12 07:30:02,2026-09-12 14:30:02,ocr,0.545,41.5,2991,113,0,,,0,0,0.0,25bacdbd55dcfc73,raw/PHS/2026/09/PHS_20260912_0730Z.jpg
PHS,2026-09-12 07:45:02,2026-09-12 14:45:02,ocr,0.662,36.5,3633,30,280,178.5;179.0;179.5;180.0,rfi,0,318,8.05,7c068310ce4d1c20,raw/PHS/2026/09/PHS_20260912_0745Z.jpg
PHS,2026-09-12 08:00:02,2026-09-12 15:00:02,ocr-majority,0.5271,44.0,2893,86,0,,,0,0,0.0,a3e8161a228b2367,raw/PHS/2026/09/PHS_20260912_0800Z.jpg
PHS,2026-09-12 08:15:02,2026-09-12 15:15:02,ocr,0.5971,41.5,3277,29,0,,,0,0,0.0,d743fa4debf9e055,raw/PHS/2026/09/PHS_20260912_0815Z.jpg
PHS,2026-09-12 08:30:02,2026-09-12 15:30:02,ocr-majority,0.5998,41.5,3292,103,0,,,0,0,0.0,31b68539e49f99a8,raw/PHS/2026/09/PHS_20260912_0830Z.jpg
PHS,2026-09-12 08:45:02,2026-09-12 15:45:02,ocr-majority,0.4863,41.5,2669,84,0,,,0,0,0.0,1ef8ea3f8044c2fc,raw/PHS/2026/09/PHS_20260912_0845Z.jpg
PHS,2026-09-12 09:00:02,2026-09-12 16:00:02,ocr,0.4681,41.5,2569,94,395,178.5;179.0;179.5;180.0,rfi,0,459,15.16,3f31ebb82b4b1366,raw/PHS/2026/09/PHS_20260912_0900Z.jpg
PHS,2026-09-12 09:15:02,2026-09-12 16:15:02,ocr,0.5583,46.5,3064,139,0,,,0,0,0.0,f028fdb82dc2eb2d,raw/PHS/2026/09/PHS_20260912_0915Z.jpg
PHS,2026-09-12 09:30:02,2026-09-12 16:30:02,ocr,0.4834,41.5,2653,97,0,,,0,0,0.0,1dce803d6c46ce7d,raw/PHS/2026/09/PHS_20260912_0930Z.jpg
PHS,2026-09-12 09:45:02,2026-09-12 16:45:02,ocr,0.5472,41.5,3003,106,870,178.5;179.0;179.5;180.0,rfi,0,918,23.41,14b5b97b4378057b,raw/PHS/2026/09/PHS_20260912_0945Z.jpg
PHS,2026-09-12 10:00:02,2026-09-12 17:00:02,ocr,0.6139,44.0,3369,217,0,,,0,0,0.0,e6516325577c05b6,raw/PHS/2026/09/PHS_20260912_1000Z.jpg
PHS,2026-09-12 10:15:02,2026-09-12 17:15:02,ocr,0.5976,44.0,3280,181,207,179.0;179.5,rfi,0,218,6.23,93c81c20d0f9be10,raw/PHS/2026/09/PHS_20260912_1015Z.jpg
PHS,2026-09-12 10:30:02,2026-09-12 17:30:02,ocr,0.6718,54.0,3687,190,0,,,0,0,0.0,2b9b8312440169d9,raw/PHS/2026/09/PHS_20260912_1030Z.jpg
PHS,2026-09-12 10:45:02,2026-09-12 17:45:02,ocr-majority,0.5597,41.5,3072,145,408,178.5;179.0;179.5,rfi,0,457,12.95,b20b42810b2587d9,raw/PHS/2026/09/PHS_20260912_1045Z.jpg
PHS,2026-09-12 11:00:02,2026-09-12 18:00:02,ocr,0.5045,41.5,2769,101,1001,178.5;179.0;179.5;180.0;180.5,rfi,0,1100,28.43,b38ea27421df91b4,raw/PHS/2026/09/PHS_20260912_1100Z.jpg
PHS,2026-09-12 11:15:02,2026-09-12 18:15:02,ocr,0.2828,44.0,1552,54,1380,178.5;179.0;179.5;180.0;180.5,rfi,0,1448,48.27,5270f505724843dd,raw/PHS/2026/09/PHS_20260912_1115Z.jpg
PHS,2026-09-12 11:30:02,2026-09-12 18:30:02,ocr-majority,0.2584,41.5,1418,19,1548,178.0;178.5;179.0;179.5;180.0,rfi,0,1626,53.42,2844a144a45bb362,raw/PHS/2026/09/PHS_20260912_1130Z.jpg
PHS,2026-09-12 11:45:02,2026-09-12 18:45:02,ocr-majority,0.3588,44.0,1969,134,1654,178.0;178.5;179.0;179.5;180.0;180.5,rfi,0,1710,46.48,3ea78025a6478139,raw/PHS/2026/09/PHS_20260912_1145Z.jpg
PHS,2026-09-12 12:00:02,2026-09-12 19:00:02,ocr,0.3564,41.5,1956,54,1268,178.5;179.0;179.5;180.0,rfi,0,1322,40.33,2a09e5f08772b46c,raw/PHS/2026/09/PHS_20260912_1200Z.jpg
PHS,2026-09-12 12:15:02,2026-09-12 19:15:02,ocr,0.3376,41.5,1853,97,1197,178.0;178.5;179.0;179.5;180.0;180.5,rfi,0,1259,40.46,f0e6cfee5913b578,raw/PHS/2026/09/PHS_20260912_1215Z.jpg
PHS,2026-09-12 12:30:02,2026-09-12 19:30:02,ocr,0.2924,41.5,1605,60,1531,178.5;179.0;179.5;180.0,rfi,0,1589,49.75,f28095024ddc36a3,raw/PHS/2026/09/PHS_20260912_1230Z.jpg
PHS,2026-09-12 12:45:02,2026-09-12 19:45:02,ocr-majority,0.4324,41.5,2373,101,1609,178.0;178.5;179.0;179.5;180.0;180.5,rfi,0,1702,41.77,23819fe0043fe0c7,raw/PHS/2026/09/PHS_20260912_1245Z.jpg
PHS,2026-09-12 13:00:02,2026-09-12 20:00:02,ocr,0.361,44.0,1981,137,1117,178.5;179.0;179.5;180.0;180.5,rfi,0,1158,36.89,a7739df42779eb02,raw/PHS/2026/09/PHS_20260912_1300Z.jpg
PHS,2026-09-12 13:15:02,2026-09-12 20:15:02,ocr,0.8932,41.5,4902,301,0,,,0,0,0.0,a638ae26f8b2fbc2,raw/PHS/2026/09/PHS_20260912_1315Z.jpg
PHS,2026-09-12 13:30:02,2026-09-12 20:30:02,ocr-majority,0.3775,41.5,2072,126,1230,178.0;178.5;179.0;179.5;180.0;180.5,rfi,0,1298,38.52,4e62a8f11c76f968,raw/PHS/2026/09/PHS_20260912_1330Z.jpg
PHS,2026-09-12 13:45:02,2026-09-12 20:45:02,ocr-majority,0.2545,41.5,1397,87,641,178.5;179.0;179.5;180.0;180.5,rfi,0,701,33.41,0755f715a9d7ac5b,raw/PHS/2026/09/PHS_20260912_1345Z.jpg
PHS,2026-09-12 14:00:02,2026-09-12 21:00:02,ocr,0.2917,39.0,1601,30,1091,178.0;178.5;179.0;179.5;180.0;180.5,rfi,0,1156,41.93,88c79db4d7a7ef65,raw/PHS/2026/09/PHS_20260912_1400Z.jpg
PHS,2026-09-12 14:15:02,2026-09-12 21:15:02,ocr,0.2504,41.5,1374,147,1209,178.0;178.5;179.0;179.5;180.0;180.5,rfi,0,1273,48.09,f76648e9a0753d7f,raw/PHS/2026/09/PHS_20260912_1415Z.jpg
PHS,2026-09-12 14:30:02,2026-09-12 21:30:02,ocr-majority,0.2555,41.5,1402,69,1196,178.5;179.0;179.5;180.0;180.5,rfi,0,1249,47.11,6bdeb9c25508cc72,raw/PHS/2026/09/PHS_20260912_1430Z.jpg
PHS,2026-09-12 14:45:02,2026-09-12 21:45:02,ocr-majority,0.4827,41.5,2649,126,264,178.5;179.0;179.5;180.0;180.5,rfi,0,270,9.25,5364323a4fa35aea,raw/PHS/2026/09/PHS_20260912_1445Z.jpg
PHS,2026-09-12 15:00:02,2026-09-12 22:00:02,ocr,0.3384,41.5,1857,109,1105,178.0;178.5;179.0;179.5;180.0;180.5,rfi,0,1185,38.95,5b16f70d5faaf4fc,raw/PHS/2026/09/PHS_20260912_1500Z.jpg
PHS,2026-09-12 15:15:02,2026-09-12 22:15:02,ocr,0.4865,41.5,2670,160,270,178.5;179.0;179.5;180.0;180.5,rfi,0,286,9.68,e512464d3a62e14a,raw/PHS/2026/09/PHS_20260912_1515Z.jpg
PHS,2026-09-12 15:30:02,2026-09-12 22:30:02,ocr,0.4663,44.0,2559,330,203,178.5;179.0;179.5;180.0,rfi,0,228,8.18,a694f9e3ed9f5213,raw/PHS/2026/09/PHS_20260912_1530Z.jpg
PHS,2026-09-12 15:45:02,2026-09-12 22:45:02,ocr-majority,0.4541,44.0,2492,401,1509,178.5;179.0;179.5;180.0;180.5,rfi,0,1588,38.92,08b180454e74b7e3,raw/PHS/2026/09/PHS_20260912_1545Z.jpg
PHS,2026-09-12 16:00:02,2026-09-12 23:00:02,ocr,0.5986,41.5,3285,414,1250,178.0;178.5;179.0;179.5;180.0;180.5,rfi,0,1310,28.51,9c440478bb8fd198,raw/PHS/2026/09/PHS_20260912_1600Z.jpg
PHS,2026-09-12 16:15:02,2026-09-12 23:15:02,ocr,0.7163,64.0,3931,281,1096,178.0;178.5;179.0;179.5;180.0;180.5;181.0,rfi,0,1166,22.88,b168d1dbcdd5bd4e,raw/PHS/2026/09/PHS_20260912_1615Z.jpg
PHS,2026-09-12 16:30:02,2026-09-12 23:30:02,ocr-majority,0.7778,41.5,4269,396,0,,,0,0,0.0,91f2d4437c9f45db,raw/PHS/2026/09/PHS_20260912_1630Z.jpg
PHS,2026-09-12 16:45:02,2026-09-12 23:45:02,ocr-majority,0.7782,41.5,4271,503,0,,,0,0,0.0,d0bbfc2a8d97161a,raw/PHS/2026/09/PHS_20260912_1645Z.jpg
PHS,2026-09-12 17:00:02,2026-09-13 00:00:02,ocr,0.8278,44.0,4543,343,0,,,0,0,0.0,e79e0907e79da196,raw/PHS/2026/09/PHS_20260912_1700Z.jpg
PHS,2026-09-12 17:15:02,2026-09-13 00:15:02,ocr,0.9107,41.5,4998,283,0,,,0,0,0.0,ac77440c44459207,raw/PHS/2026/09/PHS_20260912_1715Z.jpg
PHS,2026-09-12 17:30:02,2026-09-13 00:30:02,ocr,0.9099,41.5,4994,177,0,,,0,0,0.0,65df120a7200549b,raw/PHS/2026/09/PHS_20260912_1730Z.jpg
PHS,2026-09-12 17:45:02,2026-09-13 00:45:02,ocr-majority,0.8615,41.5,4728,109,498,178.5;179.0;179.5;180.0;180.5,rfi,0,535,10.17,e7aee78f2b541448,raw/PHS/2026/09/PHS_20260912_1745Z.jpg
PHS,2026-09-12 18:00:02,2026-09-13 01:00:02,ocr,0.5339,41.5,2930,44,0,,,0,0,0.0,fb21b32494542156,raw/PHS/2026/09/PHS_20260912_1800Z.jpg
PHS,2026-09-12 18:15:02,2026-09-13 01:15:02,ocr,0.4869,31.5,2672,0,0,,,0,0,0.0,7a73744636d23ee6,raw/PHS/2026/09/PHS_20260912_1815Z.jpg
PHS,2026-09-12 18:30:02,2026-09-13 01:30:02,ocr-majority,0.4092,31.5,2246,0,833,178.0;178.5;179.0;179.5;180.0;180.5,rfi,0,885,28.27,354d0787086a55f2,raw/PHS/2026/09/PHS_20260912_1830Z.jpg
PHS,2026-09-12 18:45:02,2026-09-13 01:45:02,ocr-majority,0.4378,26.5,2403,0,284,178.0;178.5;179.0;179.5,rfi,0,300,11.1,5865ff948cf79e04,raw/PHS/2026/09/PHS_20260912_1845Z.jpg
PHS,2026-09-12 19:00:02,2026-09-13 02:00:02,ocr,0.3185,26.5,1748,0,0,,,0,0,0.0,56507dc697ea0be0,raw/PHS/2026/09/PHS_20260912_1900Z.jpg
PHS,2026-09-12 19:15:02,2026-09-13 02:15:02,ocr,0.1716,24.0,942,0,0,,,0,0,0.0,fbcf76f2e6a8887f,raw/PHS/2026/09/PHS_20260912_1915Z.jpg
PHS,2026-09-12 19:30:02,2026-09-13 02:30:02,ocr,0.0428,21.5,235,0,0,,,0,0,0.0,f1ebb13d7e731937,raw/PHS/2026/09/PHS_20260912_1930Z.jpg
PHS,2026-09-12 20:00:02,2026-09-13 03:00:02,ocr,0.063,36.5,346,5,0,,,0,0,0.0,31675444abf35550,raw/PHS/2026/09/PHS_20260912_2000Z.jpg
PHS,2026-09-12 20:15:02,2026-09-13 03:15:02,ocr,0.0477,24.0,262,0,199,179.0;179.5,rfi,0,218,45.42,f3a5542dd27c59d6,raw/PHS/2026/09/PHS_20260912_2015Z.jpg
PHS,2026-09-12 20:30:02,2026-09-13 03:30:02,ocr,0.0457,24.0,251,0,0,,,0,0,0.0,3e163d782cd9e970,raw/PHS/2026/09/PHS_20260912_2030Z.jpg
PHS,2026-09-12 20:45:02,2026-09-13 03:45:02,ocr,0.0241,21.5,132,0,0,,,0,0,0.0,26382e4015c2e14d,raw/PHS/2026/09/PHS_20260912_2045Z.jpg
PHS,2026-09-12 21:00:02,2026-09-13 04:00:02,ocr,0.0403,24.0,221,0,0,,,0,0,0.0,3da352333771ee43,raw/PHS/2026/09/PHS_20260912_2100Z.jpg
PHS,2026-09-12 21:15:02,2026-09-13 04:15:02,ocr,0.0865,41.5,475,11,0,,,0,0,0.0,fd74fdf83142531f,raw/PHS/2026/09/PHS_20260912_2115Z.jpg
PHS,2026-09-12 21:30:02,2026-09-13 04:30:02,ocr,0.1551,41.5,851,18,0,,,0,0,0.0,0bd7874bc3abc119,raw/PHS/2026/09/PHS_20260912_2130Z.jpg
PHS,2026-09-12 21:45:02,2026-09-13 04:45:02,ocr,0.2217,36.5,1217,7,0,,,0,0,0.0,0e453d35175f29b3,raw/PHS/2026/09/PHS_20260912_2145Z.jpg
PHS,2026-09-12 22:00:02,2026-09-13 05:00:02,ocr,0.1547,36.5,849,25,0,,,0,0,0.0,8cd252cf95bf9f39,raw/PHS/2026/09/PHS_20260912_2200Z.jpg
PHS,2026-09-12 22:15:02,2026-09-13 05:15:02,ocr,0.1651,36.5,906,1,0,,,0,0,0.0,6246aa02bb33b1d1,raw/PHS/2026/09/PHS_20260912_2215Z.jpg
PHS,2026-09-12 22:30:02,2026-09-13 05:30:02,ocr,0.172,36.5,944,1,360,178.5;179.0;179.5;180.0,rfi,0,384,28.92,eb279934d464fc6c,raw/PHS/2026/09/PHS_20260912_2230Z.jpg
PHS,2026-09-12 22:45:02,2026-09-13 05:45:02,ocr,0.1275,24.0,700,0,0,,,0,0,0.0,ae6281372cd99959,raw/PHS/2026/09/PHS_20260912_2245Z.jpg
PHS,2026-09-12 23:00:02,2026-09-13 06:00:02,ocr,0.0973,24.0,534,0,0,,,0,0,0.0,422dce66ae9abfee,raw/PHS/2026/09/PHS_20260912_2300Z.jpg
PHS,2026-09-12 23:15:02,2026-09-13 06:15:02,ocr,0.0709,26.5,389,0,224,179.0;179.5,rfi,0,230,37.16,1117b3b2de7a2f63,raw/PHS/2026/09/PHS_20260912_2315Z.jpg
PHS,2026-09-12 23:30:02,2026-09-13 06:30:02,ocr,0.0811,24.0,445,0,0,,,0,0,0.0,bdb29f8b83f231f6,raw/PHS/2026/09/PHS_20260912_2330Z.jpg
PHS,2026-09-12 23:45:02,2026-09-13 06:45:02,ocr,0.0578,24.0,317,0,0,,,0,0,0.0,6d4e48a2503fa99f,raw/PHS/2026/09/PHS_20260912_2345Z.jpg
PHS,2026-09-13 00:00:02,2026-09-13 07:00:02,ocr,0.0343,21.5,188,0,0,,,0,0,0.0,64a0ea778f6948d6,raw/PHS/2026/09/PHS_20260913_0000Z.jpg
PHS,2026-09-13 00:30:02,2026-09-13 07:30:02,ocr,0.0262,21.5,144,0,0,,,0,0,0.0,34d2cd517a4a2b7c,raw/PHS/2026/09/PHS_20260913_0030Z.jpg
PHS,2026-09-13 00:45:02,2026-09-13 07:45:02,ocr,0.0169,21.5,93,0,0,,,0,0,0.0,8149fe1bff68a15e,raw/PHS/2026/09/PHS_20260913_0045Z.jpg
PHS,2026-09-13 01:00:02,2026-09-13 08:00:02,ocr,0.0547,24.0,300,0,201,179.0;179.5;180.0,rfi,0,217,41.97,bafc8726c2c2a86b,raw/PHS/2026/09/PHS_20260913_0100Z.jpg
PHS,2026-09-13 01:15:02,2026-09-13 08:15:02,ocr,0.0182,21.5,100,0,221,179.0;179.5;180.0,rfi,0,253,71.67,6880987e3f6b49f5,raw/PHS/2026/09/PHS_20260913_0115Z.jpg
PHS,2026-09-13 01:30:02,2026-09-13 08:30:02,ocr,0.0191,21.5,105,0,0,,,0,0,0.0,95d758d310de1940,raw/PHS/2026/09/PHS_20260913_0130Z.jpg
PHS,2026-09-13 01:45:02,2026-09-13 08:45:02,ocr,0.0,,0,0,0,,,0,0,0.0,b9c706441cb287e7,raw/PHS/2026/09/PHS_20260913_0145Z.jpg
PHS,2026-09-13 02:00:02,2026-09-13 09:00:02,ocr,0.0036,21.5,20,0,0,,,0,0,0.0,5f9de0160b94b464,raw/PHS/2026/09/PHS_20260913_0200Z.jpg
PHS,2026-09-13 02:15:02,2026-09-13 09:15:02,ocr,0.039,21.5,214,0,504,178.5;179.0;179.5;180.0,rfi,0,553,72.1,294304c7b97c2ba3,raw/PHS/2026/09/PHS_20260913_0215Z.jpg
PHS,2026-09-13 02:30:02,2026-09-13 09:30:02,ocr,0.0366,21.5,201,0,237,178.5;179.0;179.5,rfi,0,258,56.21,55bea27efad1341d,raw/PHS/2026/09/PHS_20260913_0230Z.jpg
PHS,2026-09-13 02:45:02,2026-09-13 09:45:02,ocr,0.0153,24.0,84,0,0,,,0,0,0.0,19989641b3c89e33,raw/PHS/2026/09/PHS_20260913_0245Z.jpg
PHS,2026-09-13 03:00:02,2026-09-13 10:00:02,ocr,0.0268,21.5,147,0,187,178.5;179.0;179.5,rfi,0,209,58.71,24f8bc27a5f7e36f,raw/PHS/2026/09/PHS_20260913_0300Z.jpg
PHS,2026-09-13 03:15:02,2026-09-13 10:15:02,ocr-majority,0.0137,21.5,75,0,0,,,0,0,0.0,ad1c7e45f6cebd1e,raw/PHS/2026/09/PHS_20260913_0315Z.jpg
PHS,2026-09-13 03:30:02,2026-09-13 10:30:02,ocr,0.0605,19.0,332,0,0,,,0,0,0.0,a5dc76e2fb5ec2e6,raw/PHS/2026/09/PHS_20260913_0330Z.jpg
PHS,2026-09-13 03:45:02,2026-09-13 10:45:02,ocr,0.0512,24.0,281,0,0,,,0,0,0.0,f7d0d48fbbd8a711,raw/PHS/2026/09/PHS_20260913_0345Z.jpg
PHS,2026-09-13 04:00:02,2026-09-13 11:00:02,ocr,0.0015,10.4,8,0,0,,,0,0,0.0,dd4d54d1fc3682c7,raw/PHS/2026/09/PHS_20260913_0400Z.jpg
PHS,2026-09-13 04:15:02,2026-09-13 11:15:02,ocr,0.0013,21.5,7,0,0,,,0,0,0.0,e88e2257a43b6c75,raw/PHS/2026/09/PHS_20260913_0415Z.jpg
PHS,2026-09-13 04:30:02,2026-09-13 11:30:02,ocr,0.0235,21.5,129,0,0,,,0,0,0.0,072221e15f4892e1,raw/PHS/2026/09/PHS_20260913_0430Z.jpg
PHS,2026-09-13 04:45:02,2026-09-13 11:45:02,ocr,0.016,26.5,88,0,0,,,0,0,0.0,f8ed399eddbe1e4a,raw/PHS/2026/09/PHS_20260913_0445Z.jpg
PHS,2026-09-13 05:00:02,2026-09-13 12:00:02,ocr,0.0364,24.0,200,0,269,179.0;179.5,rfi,0,282,58.51,3fe51e076bdc50f3,raw/PHS/2026/09/PHS_20260913_0500Z.jpg
PHS,2026-09-13 05:15:02,2026-09-13 12:15:02,ocr,0.0335,34.0,184,0,206,179.0;179.5,rfi,0,221,54.57,6d1e4faa395c81ef,raw/PHS/2026/09/PHS_20260913_0515Z.jpg
PHS,2026-09-13 05:30:02,2026-09-13 12:30:02,ocr,0.072,46.5,395,6,0,,,0,0,0.0,b1ce4d3b7e2c2ae1,raw/PHS/2026/09/PHS_20260913_0530Z.jpg
PHS,2026-09-13 05:45:02,2026-09-13 12:45:02,ocr,0.0869,41.5,477,4,243,178.5;179.0;179.5,rfi,0,279,36.9,7fd5ad0452383617,raw/PHS/2026/09/PHS_20260913_0545Z.jpg
PHS,2026-09-13 06:00:02,2026-09-13 13:00:02,ocr,0.1224,36.5,672,7,443,178.5;179.0;179.5;180.0,rfi,0,479,41.62,a7506dc35c2cd4d4,raw/PHS/2026/09/PHS_20260913_0600Z.jpg
PHS,2026-09-13 06:15:02,2026-09-13 13:15:02,ocr,0.1332,41.5,731,5,0,,,0,0,0.0,ca8ebc7a05f20833,raw/PHS/2026/09/PHS_20260913_0615Z.jpg
PHS,2026-09-13 06:30:02,2026-09-13 13:30:02,ocr,0.2132,39.0,1170,24,0,,,0,0,0.0,90e14ef7fcaa0482,raw/PHS/2026/09/PHS_20260913_0630Z.jpg
PHS,2026-09-13 06:45:02,2026-09-13 13:45:02,ocr,0.2432,41.5,1335,43,0,,,0,0,0.0,1d077fef98cb123e,raw/PHS/2026/09/PHS_20260913_0645Z.jpg
PHS,2026-09-13 07:00:02,2026-09-13 14:00:02,ocr,0.3349,39.0,1838,14,425,179.0;179.5,rfi,0,455,19.84,b8cc6dced2c8722d,raw/PHS/2026/09/PHS_20260913_0700Z.jpg
PHS,2026-09-13 07:15:02,2026-09-13 14:15:02,ocr,0.3845,41.5,2110,47,166,179.0;179.5,rfi,0,181,7.9,05d95270304f8d65,raw/PHS/2026/09/PHS_20260913_0715Z.jpg
PHS,2026-09-13 07:30:02,2026-09-13 14:30:02,ocr,0.4351,41.5,2388,69,173,178.5;179.0;179.5,rfi,0,180,7.01,05234a68c8f260ac,raw/PHS/2026/09/PHS_20260913_0730Z.jpg
PHS,2026-09-13 07:45:02,2026-09-13 14:45:02,ocr,0.4856,41.5,2665,120,0,,,0,0,0.0,a698d9abd250c68e,raw/PHS/2026/09/PHS_20260913_0745Z.jpg
PHS,2026-09-13 08:00:02,2026-09-13 15:00:02,ocr,0.6313,44.0,3465,212,1226,178.0;178.5;179.0;179.5;180.0,rfi,0,1280,26.98,d82e9c5233a09d81,raw/PHS/2026/09/PHS_20260913_0800Z.jpg
PHS,2026-09-13 08:15:02,2026-09-13 15:15:02,ocr,0.6672,41.5,3662,211,548,178.0;178.5;179.0;179.5;180.0,rfi,0,595,13.98,bed262c35fa8af59,raw/PHS/2026/09/PHS_20260913_0815Z.jpg
PHS,2026-09-13 08:30:02,2026-09-13 15:30:02,ocr,0.6835,41.5,3751,193,155,179.0;179.5,rfi,0,169,4.31,0f2b688522e7e710,raw/PHS/2026/09/PHS_20260913_0830Z.jpg
PHS,2026-09-13 08:45:02,2026-09-13 15:45:02,ocr,0.7122,41.5,3909,133,0,,,0,0,0.0,4ebd9ba5fb5b5298,raw/PHS/2026/09/PHS_20260913_0845Z.jpg
PHS,2026-09-13 09:00:02,2026-09-13 16:00:02,ocr,0.6472,44.0,3552,130,186,179.0;179.5,rfi,0,200,5.33,de3391d1c0ac673a,raw/PHS/2026/09/PHS_20260913_0900Z.jpg
PHS,2026-09-13 09:30:02,2026-09-13 16:30:02,ocr,0.7383,44.0,4052,221,426,179.0;179.5,rfi,0,447,9.94,bed1480ced610e97,raw/PHS/2026/09/PHS_20260913_0930Z.jpg
PHS,2026-09-13 09:45:02,2026-09-13 16:45:02,ocr,0.7634,44.0,4190,408,0,,,0,0,0.0,cfcc5c2a44d2e9a7,raw/PHS/2026/09/PHS_20260913_0945Z.jpg
PHS,2026-09-13 10:00:02,2026-09-13 17:00:02,ocr,0.7995,46.5,4388,473,329,178.5;179.0;179.5,rfi,0,355,7.48,8c8ffe499da41f7a,raw/PHS/2026/09/PHS_20260913_1000Z.jpg
PHS,2026-09-13 10:15:02,2026-09-13 17:15:02,ocr,0.8768,46.5,4812,584,458,179.0;179.5,rfi,0,491,9.26,703c5c6516cbb453,raw/PHS/2026/09/PHS_20260913_1015Z.jpg
PHS,2026-09-13 10:30:02,2026-09-13 17:30:02,ocr,0.8542,46.5,4688,445,1472,178.5;179.0;179.5;180.0,rfi,0,1542,24.75,95202081b99fe658,raw/PHS/2026/09/PHS_20260913_1030Z.jpg
PHS,2026-09-13 10:45:02,2026-09-13 17:45:02,ocr,1.085,46.5,5955,327,488,179.0;179.5,rfi,0,517,7.99,282c876ddaddd749,raw/PHS/2026/09/PHS_20260913_1045Z.jpg
PHS,2026-09-13 11:00:02,2026-09-13 18:00:02,ocr,1.0845,44.0,5952,316,1002,178.5;179.0;179.5;180.0;180.5,rfi,0,1062,15.14,3b66631ec2af3bab,raw/PHS/2026/09/PHS_20260913_1100Z.jpg
PHS,2026-09-13 11:15:02,2026-09-13 18:15:02,ocr,1.1073,46.5,6077,502,1278,178.5;179.0;179.5;180.0,rfi,0,1344,18.11,5c6a579b7cc340de,raw/PHS/2026/09/PHS_20260913_1115Z.jpg
PHS,2026-09-13 11:30:02,2026-09-13 18:30:02,ocr,1.1146,44.0,6117,386,1286,178.5;179.0;179.5;180.0;180.5,rfi,0,1347,18.05,91d9952e7ce298e5,raw/PHS/2026/09/PHS_20260913_1130Z.jpg
PHS,2026-09-13 11:45:02,2026-09-13 18:45:02,ocr,1.0129,46.5,5559,482,461,178.5;179.0;179.5,rfi,0,492,8.13,5387c5ef39f378a1,raw/PHS/2026/09/PHS_20260913_1145Z.jpg
PHS,2026-09-13 12:00:02,2026-09-13 19:00:02,ocr,0.9628,41.5,5284,464,978,178.5;179.0;179.5;180.0,rfi,0,1048,16.55,e64b6dbf78913d8f,raw/PHS/2026/09/PHS_20260913_1200Z.jpg
PHS,2026-09-13 12:15:02,2026-09-13 19:15:02,ocr,0.9375,41.5,5145,297,228,179.0;179.5;180.0,rfi,0,247,4.58,574a18ac364be40a,raw/PHS/2026/09/PHS_20260913_1215Z.jpg
PHS,2026-09-13 12:30:02,2026-09-13 19:30:02,ocr,0.9519,41.5,5224,162,1076,178.0;178.5;179.0;179.5,rfi,0,1116,17.6,90fdf0cc6a774d8d,raw/PHS/2026/09/PHS_20260913_1230Z.jpg
PHS,2026-09-13 12:45:02,2026-09-13 19:45:02,ocr,0.9785,41.5,5370,341,1364,178.5;179.0;179.5;180.0;180.5,rfi,0,1413,20.83,d39b2b4e47517ea0,raw/PHS/2026/09/PHS_20260913_1245Z.jpg
PHS,2026-09-13 13:00:02,2026-09-13 20:00:02,ocr,1.0098,41.5,5542,415,1295,178.5;179.0;179.5;180.0;180.5,rfi,0,1359,19.69,e378ee9314a7c640,raw/PHS/2026/09/PHS_20260913_1300Z.jpg
PHS,2026-09-13 13:15:02,2026-09-13 20:15:02,ocr,1.5313,41.5,8404,449,189,178.0;178.5;179.0;179.5;180.0,rfi,0,209,2.43,881df2fbbad5ed22,raw/PHS/2026/09/PHS_20260913_1315Z.jpg
PHS,2026-09-13 13:30:02,2026-09-13 20:30:02,ocr,1.2758,41.5,7002,457,1283,178.5;179.0;179.5;180.0;180.5,rfi,0,1348,16.14,e604cb7d556f944f,raw/PHS/2026/09/PHS_20260913_1330Z.jpg
PHS,2026-09-13 13:45:02,2026-09-13 20:45:02,ocr,1.6805,44.0,9223,551,701,178.5;179.0;179.5;180.0,rfi,0,755,7.57,7b2382277ca7dada,raw/PHS/2026/09/PHS_20260913_1345Z.jpg
PHS,2026-09-13 14:00:02,2026-09-13 21:00:02,ocr,2.0748,41.5,11387,626,484,179.0;179.5,rfi,0,510,4.29,3820b48a645f9001,raw/PHS/2026/09/PHS_20260913_1400Z.jpg
PHS,2026-09-13 14:15:02,2026-09-13 21:15:02,ocr,2.323,41.5,12749,719,185,179.0;179.5,rfi,0,197,1.52,2016c18633dde171,raw/PHS/2026/09/PHS_20260913_1415Z.jpg
PHS,2026-09-13 14:30:02,2026-09-13 21:30:02,ocr,2.3988,41.5,13165,376,286,179.0;179.5,rfi,0,297,2.21,b89def3c385668c1,raw/PHS/2026/09/PHS_20260913_1430Z.jpg
PHS,2026-09-13 14:45:02,2026-09-13 21:45:02,ocr,2.7133,41.5,14891,290,225,178.5;179.0;179.5,rfi,0,248,1.64,83ae9a285d8b14e7,raw/PHS/2026/09/PHS_20260913_1445Z.jpg
PHS,2026-09-13 15:00:02,2026-09-13 22:00:02,ocr,3.0008,41.5,16469,263,235,178.5;179.0;179.5,rfi,0,260,1.55,b3622506e35a3c7c,raw/PHS/2026/09/PHS_20260913_1500Z.jpg
PHS,2026-09-13 15:15:02,2026-09-13 22:15:02,ocr,3.2726,41.5,17961,181,0,,,0,0,0.0,edbac14caca43e75,raw/PHS/2026/09/PHS_20260913_1515Z.jpg
PHS,2026-09-13 15:30:02,2026-09-13 22:30:02,ocr,3.789,41.5,20795,37,0,,,0,0,0.0,a70ea93704cb9cdc,raw/PHS/2026/09/PHS_20260913_1530Z.jpg
PHS,2026-09-13 15:45:02,2026-09-13 22:45:02,ocr,4.3994,41.5,24145,66,0,,,0,0,0.0,d40b2fbd70f82934,raw/PHS/2026/09/PHS_20260913_1545Z.jpg
PHS,2026-09-13 16:00:02,2026-09-13 23:00:02,ocr,4.4552,41.5,24451,135,0,,,0,0,0.0,0ac59ef5d992d32e,raw/PHS/2026/09/PHS_20260913_1600Z.jpg
PHS,2026-09-13 16:15:02,2026-09-13 23:15:02,ocr,4.3622,41.5,23941,166,0,,,0,0,0.0,adc0c7598738555f,raw/PHS/2026/09/PHS_20260913_1615Z.jpg
PHS,2026-09-13 16:30:02,2026-09-13 23:30:02,ocr,4.2923,41.5,23557,261,0,,,0,0,0.0,7a35fdf38ef5e80a,raw/PHS/2026/09/PHS_20260913_1630Z.jpg
PHS,2026-09-13 16:45:02,2026-09-13 23:45:02,ocr,4.1137,41.5,22577,344,0,,,0,0,0.0,4cc08e8b2b94b49f,raw/PHS/2026/09/PHS_20260913_1645Z.jpg
PHS,2026-09-13 17:00:02,2026-09-14 00:00:02,ocr,3.5891,44.0,19698,290,0,,,0,0,0.0,149c0b63417edec3,raw/PHS/2026/09/PHS_20260913_1700Z.jpg
PHS,2026-09-13 17:15:02,2026-09-14 00:15:02,ocr,2.8268,44.0,15514,276,0,,,0,0,0.0,5783a2aa1bb01fb6,raw/PHS/2026/09/PHS_20260913_1715Z.jpg
PHS,2026-09-13 17:30:02,2026-09-14 00:30:02,ocr,2.2739,41.5,12480,225,262,179.0;179.5,rfi,0,285,2.23,9ec523ed8b04a9c5,raw/PHS/2026/09/PHS_20260913_1730Z.jpg
PHS,2026-09-13 17:45:02,2026-09-14 00:45:02,ocr,2.0243,41.5,11110,156,0,,,0,0,0.0,9a1247355b482729,raw/PHS/2026/09/PHS_20260913_1745Z.jpg
PHS,2026-09-13 18:00:02,2026-09-14 01:00:02,ocr,1.9545,41.5,10727,326,0,,,0,0,0.0,ca719cb8f153e078,raw/PHS/2026/09/PHS_20260913_1800Z.jpg
PHS,2026-09-13 18:15:02,2026-09-14 01:15:02,ocr,1.6676,41.5,9152,307,0,,,0,0,0.0,7c537d8584a9ef13,raw/PHS/2026/09/PHS_20260913_1815Z.jpg
PHS,2026-09-13 18:30:02,2026-09-14 01:30:02,ocr-majority,1.3773,46.5,7559,355,0,,,0,0,0.0,1b16c8740a5bc708,raw/PHS/2026/09/PHS_20260913_1830Z.jpg
PHS,2026-09-13 18:45:02,2026-09-14 01:45:02,ocr,1.2685,46.5,6962,378,0,,,0,0,0.0,223acc9d440bf5c1,raw/PHS/2026/09/PHS_20260913_1845Z.jpg
PHS,2026-09-13 19:00:02,2026-09-14 02:00:02,ocr,1.2578,41.5,6903,372,0,,,0,0,0.0,e3a220564487afbf,raw/PHS/2026/09/PHS_20260913_1900Z.jpg
PHS,2026-09-13 19:15:02,2026-09-14 02:15:02,ocr,1.4489,41.5,7952,281,0,,,0,0,0.0,65efca288fb9266b,raw/PHS/2026/09/PHS_20260913_1915Z.jpg
PHS,2026-09-13 19:30:02,2026-09-14 02:30:02,ocr,1.378,41.5,7563,137,0,,,0,0,0.0,50df4ee9a02bebbd,raw/PHS/2026/09/PHS_20260913_1930Z.jpg
PHS,2026-09-13 19:45:02,2026-09-14 02:45:02,ocr,1.3374,41.5,7340,203,0,,,0,0,0.0,5fea13dc4dddf3ff,raw/PHS/2026/09/PHS_20260913_1945Z.jpg
PHS,2026-09-13 20:00:02,2026-09-14 03:00:02,ocr,1.1089,41.5,6086,268,0,,,0,0,0.0,bd324e35585bc464,raw/PHS/2026/09/PHS_20260913_2000Z.jpg
PHS,2026-09-13 20:15:02,2026-09-14 03:15:02,ocr,0.9282,41.5,5094,167,0,,,0,0,0.0,b9a5feb3488455ef,raw/PHS/2026/09/PHS_20260913_2015Z.jpg
PHS,2026-09-13 20:30:02,2026-09-14 03:30:02,ocr,0.9331,39.0,5121,84,0,,,0,0,0.0,2af2a72422065ed8,raw/PHS/2026/09/PHS_20260913_2030Z.jpg
PHS,2026-09-13 20:45:02,2026-09-14 03:45:02,ocr,1.1761,41.5,6455,260,0,,,0,0,0.0,2361d77e3db450ad,raw/PHS/2026/09/PHS_20260913_2045Z.jpg
PHS,2026-09-13 21:00:02,2026-09-14 04:00:02,ocr,1.452,41.5,7969,248,0,,,0,0,0.0,a18fa6e00e6ae970,raw/PHS/2026/09/PHS_20260913_2100Z.jpg
PHS,2026-09-13 21:15:02,2026-09-14 04:15:02,ocr,1.5191,41.5,8337,241,0,,,0,0,0.0,2babec9d40a588be,raw/PHS/2026/09/PHS_20260913_2115Z.jpg
PHS,2026-09-13 21:30:02,2026-09-14 04:30:02,ocr,1.5639,41.5,8583,323,0,,,0,0,0.0,39f1171a71f0c6ee,raw/PHS/2026/09/PHS_20260913_2130Z.jpg
PHS,2026-09-13 21:45:02,2026-09-14 04:45:02,ocr,1.7191,41.5,9435,361,0,,,0,0,0.0,7c699de12988c8f9,raw/PHS/2026/09/PHS_20260913_2145Z.jpg
PHS,2026-09-13 22:00:02,2026-09-14 05:00:02,ocr,1.9075,41.5,10469,354,0,,,0,0,0.0,0eacb99a7cb40833,raw/PHS/2026/09/PHS_20260913_2200Z.jpg
PHS,2026-09-13 22:15:02,2026-09-14 05:15:02,ocr,1.923,41.5,10554,330,0,,,0,0,0.0,15a185aca35a3eeb,raw/PHS/2026/09/PHS_20260913_2215Z.jpg
PHS,2026-09-13 22:30:02,2026-09-14 05:30:02,ocr,1.9859,41.5,10899,324,0,,,0,0,0.0,9d688d4e9abef7b5,raw/PHS/2026/09/PHS_20260913_2230Z.jpg
PHS,2026-09-13 23:00:02,2026-09-14 06:00:02,ocr,1.9677,41.5,10799,512,0,,,0,0,0.0,959753f136069530,raw/PHS/2026/09/PHS_20260913_2300Z.jpg
PHS,2026-09-13 23:15:02,2026-09-14 06:15:02,ocr,2.1949,41.5,12046,602,0,,,0,0,0.0,505b9f8a97fdc5f9,raw/PHS/2026/09/PHS_20260913_2315Z.jpg
PHS,2026-09-13 23:30:02,2026-09-14 06:30:02,ocr,2.4463,44.0,13426,746,0,,,0,0,0.0,f9444ea12ebddc38,raw/PHS/2026/09/PHS_20260913_2330Z.jpg
PHS,2026-09-13 23:45:02,2026-09-14 06:45:02,ocr,2.2359,41.5,12271,783,0,,,0,0,0.0,0b0b392145259144,raw/PHS/2026/09/PHS_20260913_2345Z.jpg
PHS,2026-09-14 00:00:02,2026-09-14 07:00:02,ocr,2.108,41.5,11569,727,0,,,0,0,0.0,2f32dc9960c57e52,raw/PHS/2026/09/PHS_20260914_0000Z.jpg
PHS,2026-09-14 00:15:02,2026-09-14 07:15:02,ocr,2.1643,41.5,11878,892,0,,,0,0,0.0,e35ace6e8e4d9bb9,raw/PHS/2026/09/PHS_20260914_0015Z.jpg
PHS,2026-09-14 00:30:02,2026-09-14 07:30:02,ocr,2.085,41.5,11443,927,0,,,0,0,0.0,ca4fe9dda685d3f6,raw/PHS/2026/09/PHS_20260914_0030Z.jpg
PHS,2026-09-14 00:45:02,2026-09-14 07:45:02,ocr-majority,2.1468,41.5,11782,599,190,178.5;179.0;179.5,rfi,0,205,1.71,f521c923a92355a8,raw/PHS/2026/09/PHS_20260914_0045Z.jpg
PHS,2026-09-14 01:00:02,2026-09-14 08:00:02,ocr,2.368,41.5,12996,620,0,,,0,0,0.0,22e0899258e0d06e,raw/PHS/2026/09/PHS_20260914_0100Z.jpg
PHS,2026-09-14 01:30:02,2026-09-14 08:30:02,ocr,2.3716,41.5,13016,443,0,,,0,0,0.0,603c2a644b3de67b,raw/PHS/2026/09/PHS_20260914_0130Z.jpg
PHS,2026-09-14 01:45:02,2026-09-14 08:45:02,ocr-majority,2.2949,41.5,12595,326,0,,,0,0,0.0,d0ceb8ec9ce94160,raw/PHS/2026/09/PHS_20260914_0145Z.jpg
PHS,2026-09-14 02:15:02,2026-09-14 09:15:02,ocr,2.3862,36.5,13096,127,251,179.0;179.5,rfi,0,263,1.97,a97b4fac670f81a7,raw/PHS/2026/09/PHS_20260914_0215Z.jpg
PHS,2026-09-14 02:30:02,2026-09-14 09:30:02,ocr,2.4121,36.5,13238,71,598,179.0;179.5;180.0,rfi,0,628,4.53,5ee6930ce837d844,raw/PHS/2026/09/PHS_20260914_0230Z.jpg
PHS,2026-09-14 03:00:02,2026-09-14 10:00:02,ocr,2.1041,39.0,11548,79,0,,,0,0,0.0,f017f224cfb35063,raw/PHS/2026/09/PHS_20260914_0300Z.jpg
PHS,2026-09-14 03:15:02,2026-09-14 10:15:02,ocr,1.7696,36.5,9712,3,0,,,0,0,0.0,589558b2acef9dc0,raw/PHS/2026/09/PHS_20260914_0315Z.jpg
PHS,2026-09-14 03:45:02,2026-09-14 10:45:02,ocr-majority,1.3048,34.0,7161,0,0,,,0,0,0.0,fa8b069e8fd5caaa,raw/PHS/2026/09/PHS_20260914_0345Z.jpg
PHS,2026-09-14 04:00:02,2026-09-14 11:00:02,ocr,1.0054,26.5,5518,0,0,,,0,0,0.0,e0dff21f12c6ed0e,raw/PHS/2026/09/PHS_20260914_0400Z.jpg
PHS,2026-09-14 04:30:02,2026-09-14 11:30:02,ocr-majority,0.2414,26.5,1325,0,0,,,0,0,0.0,f999664649f6bb41,raw/PHS/2026/09/PHS_20260914_0430Z.jpg
PHS,2026-09-14 04:45:02,2026-09-14 11:45:02,ocr-majority,0.1613,34.0,885,0,0,,,0,0,0.0,4cd323fb59c6dc2a,raw/PHS/2026/09/PHS_20260914_0445Z.jpg
PHS,2026-09-14 05:15:02,2026-09-14 12:15:02,ocr,0.3172,41.5,1741,15,0,,,0,0,0.0,77c2d2b1d996cbec,raw/PHS/2026/09/PHS_20260914_0515Z.jpg
PHS,2026-09-14 08:15:02,2026-09-14 15:15:02,ocr,2.4175,44.0,13268,495,0,,,0,0,0.0,661850a2241002f5,raw/PHS/2026/09/PHS_20260914_0815Z.jpg
PHS,2026-09-14 08:30:02,2026-09-14 15:30:02,ocr,2.4911,46.5,13672,812,0,,,0,0,0.0,c31cb757f6fa1df4,raw/PHS/2026/09/PHS_20260914_0830Z.jpg
PHS,2026-09-14 08:45:02,2026-09-14 15:45:02,ocr-majority,2.6265,46.5,14415,1097,0,,,0,0,0.0,9522a9fcf6303f1d,raw/PHS/2026/09/PHS_20260914_0845Z.jpg
PHS,2026-09-14 09:00:02,2026-09-14 16:00:02,ocr,2.7736,44.0,15222,1132,0,,,0,0,0.0,93fe14fdf17bd539,raw/PHS/2026/09/PHS_20260914_0900Z.jpg
PHS,2026-09-14 09:15:02,2026-09-14 16:15:02,ocr,2.9906,44.0,16413,1132,0,,,0,0,0.0,574ce6bb5b0aa043,raw/PHS/2026/09/PHS_20260914_0915Z.jpg
PHS,2026-09-14 09:30:02,2026-09-14 16:30:02,ocr,3.1706,44.0,17401,841,179,179.0;179.5,rfi,0,186,1.06,ed569162d1af6fca,raw/PHS/2026/09/PHS_20260914_0930Z.jpg
PHS,2026-09-14 09:45:02,2026-09-14 16:45:02,ocr-majority,3.4264,46.5,18805,996,0,,,0,0,0.0,cfd75b3a693c2313,raw/PHS/2026/09/PHS_20260914_0945Z.jpg
PHS,2026-09-14 10:00:02,2026-09-14 17:00:02,ocr,3.4557,44.0,18966,1082,1302,178.5;179.0;179.5;180.0;180.5;181.0,rfi,0,1365,6.71,9a496c4ea7dad760,raw/PHS/2026/09/PHS_20260914_1000Z.jpg
PHS,2026-09-14 10:15:02,2026-09-14 17:15:02,ocr,3.003,41.5,16481,332,0,,,0,0,0.0,8635e6cb42d9a36a,raw/PHS/2026/09/PHS_20260914_1015Z.jpg
PHS,2026-09-14 10:30:02,2026-09-14 17:30:02,ocr,3.5563,41.5,19518,763,488,179.0;179.5;180.0,rfi,0,535,2.67,fc874a0c9c3292b9,raw/PHS/2026/09/PHS_20260914_1030Z.jpg
PHS,2026-09-14 10:45:02,2026-09-14 17:45:02,ocr-majority,4.2802,44.0,23491,1145,0,,,0,0,0.0,e3d137fdbb90d1f0,raw/PHS/2026/09/PHS_20260914_1045Z.jpg
PHS,2026-09-14 11:00:02,2026-09-14 18:00:02,ocr,4.6031,44.0,25263,1195,1080,178.5;179.0;179.5;180.0;180.5,rfi,0,1108,4.2,72080264284c6493,raw/PHS/2026/09/PHS_20260914_1100Z.jpg
PHS,2026-09-14 11:15:02,2026-09-14 18:15:02,ocr,5.2009,41.5,28544,1512,0,,,0,0,0.0,ac50c0b51118be92,raw/PHS/2026/09/PHS_20260914_1115Z.jpg
PHS,2026-09-14 11:30:02,2026-09-14 18:30:02,ocr-majority,5.1701,46.5,28375,1337,1299,178.0;178.5;179.0;179.5;180.0,rfi,0,1345,4.53,0c5214e036496879,raw/PHS/2026/09/PHS_20260914_1130Z.jpg
PHS,2026-09-14 11:45:02,2026-09-14 18:45:02,ocr-majority,5.6472,41.5,30993,1470,0,,,0,0,0.0,cfd7a6712b051c11,raw/PHS/2026/09/PHS_20260914_1145Z.jpg
PHS,2026-09-14 12:00:02,2026-09-14 19:00:02,ocr,5.7097,46.5,31336,1304,0,,,0,0,0.0,71f89146a7299e60,raw/PHS/2026/09/PHS_20260914_1200Z.jpg
PHS,2026-09-14 12:15:02,2026-09-14 19:15:02,ocr,5.6151,41.5,30817,1207,224,179.0;179.5,rfi,0,240,0.77,3be318d478b554c1,raw/PHS/2026/09/PHS_20260914_1215Z.jpg
PHS,2026-09-14 12:30:02,2026-09-14 19:30:02,ocr-majority,5.9582,41.5,32700,1288,0,,,0,2,0.01,f3ac7857a9bf6894,raw/PHS/2026/09/PHS_20260914_1230Z.jpg
PHS,2026-09-14 12:45:02,2026-09-14 19:45:02,ocr-majority,6.0874,54.0,33409,1374,187,178.5;179.0;179.5,rfi,0,205,0.61,7a51b27a2087b1f5,raw/PHS/2026/09/PHS_20260914_1245Z.jpg
PHS,2026-09-14 13:00:02,2026-09-14 20:00:02,ocr-majority,5.8177,41.5,31929,1162,0,,,0,0,0.0,0351b668f285aed6,raw/PHS/2026/09/PHS_20260914_1300Z.jpg
PHS,2026-09-14 13:15:02,2026-09-14 20:15:02,ocr,5.7621,64.0,31624,1254,0,,,0,0,0.0,fe3ee29b0c3d0aa7,raw/PHS/2026/09/PHS_20260914_1315Z.jpg
PHS,2026-09-14 13:30:02,2026-09-14 20:30:02,ocr-majority,5.505,46.5,30213,1613,0,,,0,0,0.0,034b082b6af169c8,raw/PHS/2026/09/PHS_20260914_1330Z.jpg
PHS,2026-09-14 13:45:02,2026-09-14 20:45:02,ocr-majority,5.1514,44.0,28272,1125,505,178.5;179.0;179.5;180.0;180.5,rfi,0,566,1.96,01b64c4f6177898b,raw/PHS/2026/09/PHS_20260914_1345Z.jpg
PHS,2026-09-14 14:00:02,2026-09-14 21:00:02,ocr,5.3523,44.0,29375,572,229,178.5;179.0;179.5,rfi,0,247,0.83,3a8574287915c440,raw/PHS/2026/09/PHS_20260914_1400Z.jpg
PHS,2026-09-14 14:15:02,2026-09-14 21:15:02,ocr,5.2884,44.0,29024,388,279,178.5;179.0;179.5;180.0,rfi,0,306,1.04,5799162b1a0627b7,raw/PHS/2026/09/PHS_20260914_1415Z.jpg
PHS,2026-09-14 14:30:02,2026-09-14 21:30:02,ocr-majority,4.8708,44.0,26732,424,198,179.0;179.5,rfi,0,202,0.75,4b7ea457d320d7f1,raw/PHS/2026/09/PHS_20260914_1430Z.jpg
PHS,2026-09-14 14:45:02,2026-09-14 21:45:02,ocr-majority,4.4429,44.0,24384,601,0,,,0,0,0.0,e38ff76b88852378,raw/PHS/2026/09/PHS_20260914_1445Z.jpg
PHS,2026-09-14 15:00:02,2026-09-14 22:00:02,ocr,4.2219,44.0,23171,547,0,,,0,0,0.0,846a0858d4f01cd7,raw/PHS/2026/09/PHS_20260914_1500Z.jpg
PHS,2026-09-14 15:15:02,2026-09-14 22:15:02,ocr,3.7686,44.0,20683,548,410,178.0;178.5;179.0;179.5;180.0,rfi,0,446,2.11,1af9c480b75ac18f,raw/PHS/2026/09/PHS_20260914_1515Z.jpg
PHS,2026-09-14 15:30:02,2026-09-14 22:30:02,ocr-majority,3.5525,41.5,19497,430,0,,,0,0,0.0,5620083acab56412,raw/PHS/2026/09/PHS_20260914_1530Z.jpg
PHS,2026-09-14 15:45:02,2026-09-14 22:45:02,ocr-majority,3.521,41.5,19324,438,0,,,0,0,0.0,26322cd42d1ded7c,raw/PHS/2026/09/PHS_20260914_1545Z.jpg
PHS,2026-09-14 16:00:02,2026-09-14 23:00:02,ocr,3.3233,41.5,18239,508,0,,,0,0,0.0,265e27cbbeff690a,raw/PHS/2026/09/PHS_20260914_1600Z.jpg
PHS,2026-09-14 16:15:02,2026-09-14 23:15:02,ocr,3.1137,41.5,17089,333,0,,,0,0,0.0,8b7ea2a34ed9c75a,raw/PHS/2026/09/PHS_20260914_1615Z.jpg
PHS,2026-09-14 16:30:02,2026-09-14 23:30:02,ocr-majority,2.9572,41.5,16230,207,0,,,0,0,0.0,539a3d3d36c09d91,raw/PHS/2026/09/PHS_20260914_1630Z.jpg
PHS,2026-09-14 16:45:02,2026-09-14 23:45:02,ocr-majority,2.9151,41.5,15999,209,0,,,0,0,0.0,9aa4a353c704eddf,raw/PHS/2026/09/PHS_20260914_1645Z.jpg
PHS,2026-09-14 17:00:02,2026-09-15 00:00:02,ocr,2.968,41.5,16289,175,0,,,0,0,0.0,f20c3cb9a473a246,raw/PHS/2026/09/PHS_20260914_1700Z.jpg
PHS,2026-09-14 17:30:02,2026-09-15 00:30:02,ocr-majority,2.7717,41.5,15212,253,0,,,0,0,0.0,79a3b96c6383c879,raw/PHS/2026/09/PHS_20260914_1730Z.jpg
PHS,2026-09-14 17:45:02,2026-09-15 00:45:02,ocr-majority,2.4387,41.5,13384,307,0,,,0,0,0.0,d2b97f7428654460,raw/PHS/2026/09/PHS_20260914_1745Z.jpg
PHS,2026-09-14 18:00:02,2026-09-15 01:00:02,ocr-majority,2.2116,41.5,12138,93,0,,,0,0,0.0,8ca117f4b292f144,raw/PHS/2026/09/PHS_20260914_1800Z.jpg
PHS,2026-09-14 18:15:02,2026-09-15 01:15:02,ocr,1.7158,41.5,9417,45,0,,,0,0,0.0,469e7aba50c821bb,raw/PHS/2026/09/PHS_20260914_1815Z.jpg
PHS,2026-09-14 18:30:02,2026-09-15 01:30:02,ocr-majority,1.3817,36.5,7583,48,0,,,0,0,0.0,79798336134ca468,raw/PHS/2026/09/PHS_20260914_1830Z.jpg
PHS,2026-09-14 18:45:02,2026-09-15 01:45:02,ocr-majority,0.9316,36.5,5113,38,0,,,0,0,0.0,b232778c23005fd7,raw/PHS/2026/09/PHS_20260914_1845Z.jpg
PHS,2026-09-14 19:00:02,2026-09-15 02:00:02,ocr,0.8999,36.5,4939,12,0,,,0,0,0.0,fa1cde26b5e665fc,raw/PHS/2026/09/PHS_20260914_1900Z.jpg
PHS,2026-09-14 19:15:02,2026-09-15 02:15:02,ocr,0.8693,36.5,4771,20,0,,,0,0,0.0,a724871c270bec2a,raw/PHS/2026/09/PHS_20260914_1915Z.jpg
PHS,2026-09-14 19:30:02,2026-09-15 02:30:02,ocr,0.8274,34.0,4541,0,0,,,0,0,0.0,f7ed0c5675956046,raw/PHS/2026/09/PHS_20260914_1930Z.jpg
PHS,2026-09-14 19:45:02,2026-09-15 02:45:02,ocr-majority,0.7915,36.5,4344,14,0,,,0,0,0.0,852fc5a099c62550,raw/PHS/2026/09/PHS_20260914_1945Z.jpg
PHS,2026-09-14 20:00:02,2026-09-15 03:00:02,ocr,0.7868,36.5,4318,4,0,,,0,0,0.0,43558a48181bd688,raw/PHS/2026/09/PHS_20260914_2000Z.jpg
PHS,2026-09-14 20:15:02,2026-09-15 03:15:02,ocr,0.7409,36.5,4066,16,0,,,0,0,0.0,75febea875105942,raw/PHS/2026/09/PHS_20260914_2015Z.jpg
PHS,2026-09-14 20:30:02,2026-09-15 03:30:02,ocr,0.7494,36.5,4113,25,0,,,0,0,0.0,a3828f1aef97f0d6,raw/PHS/2026/09/PHS_20260914_2030Z.jpg
PHS,2026-09-14 20:45:02,2026-09-15 03:45:02,ocr,0.6955,41.5,3817,32,0,,,0,0,0.0,8c78f16d4f618f3c,raw/PHS/2026/09/PHS_20260914_2045Z.jpg
PHS,2026-09-14 21:00:02,2026-09-15 04:00:02,ocr,0.7177,41.5,3939,61,0,,,0,0,0.0,89e801d01b3c0820,raw/PHS/2026/09/PHS_20260914_2100Z.jpg
PHS,2026-09-14 21:15:02,2026-09-15 04:15:02,ocr,0.6895,41.5,3784,86,0,,,0,0,0.0,dbe6b70d817f40dc,raw/PHS/2026/09/PHS_20260914_2115Z.jpg
PHS,2026-09-14 21:30:02,2026-09-15 04:30:02,ocr,0.7066,41.5,3878,78,235,179.0;179.5,rfi,0,256,6.19,9728c8198a240fb8,raw/PHS/2026/09/PHS_20260914_2130Z.jpg
PHS,2026-09-14 21:45:02,2026-09-15 04:45:02,ocr-majority,0.6977,41.5,3829,82,207,179.0;179.5,rfi,0,209,5.18,9c7c033bfdcafe85,raw/PHS/2026/09/PHS_20260914_2145Z.jpg
PHS,2026-09-14 22:00:02,2026-09-15 05:00:02,ocr,0.5062,44.0,2778,73,0,,,0,0,0.0,e9f1bc379ddf9cdb,raw/PHS/2026/09/PHS_20260914_2200Z.jpg
PHS,2026-09-14 22:15:02,2026-09-15 05:15:02,ocr,0.5419,41.5,2974,105,0,,,0,0,0.0,5c4914e0460e9bd7,raw/PHS/2026/09/PHS_20260914_2215Z.jpg
PHS,2026-09-14 22:30:02,2026-09-15 05:30:02,ocr,0.5342,41.5,2932,81,0,,,0,0,0.0,356b993ce2cca00d,raw/PHS/2026/09/PHS_20260914_2230Z.jpg
PHS,2026-09-14 23:00:02,2026-09-15 06:00:02,ocr,0.4767,41.5,2616,110,0,,,0,0,0.0,2d7dc0336923841b,raw/PHS/2026/09/PHS_20260914_2300Z.jpg
PHS,2026-09-14 23:15:02,2026-09-15 06:15:02,ocr,0.4767,64.0,2616,62,0,,,0,0,0.0,65aec43138e709a0,raw/PHS/2026/09/PHS_20260914_2315Z.jpg
PHS,2026-09-14 23:30:02,2026-09-15 06:30:02,ocr,0.5645,41.5,3098,66,0,,,0,0,0.0,1d2a48ed1224d7ef,raw/PHS/2026/09/PHS_20260914_2330Z.jpg
PHS,2026-09-14 23:45:02,2026-09-15 06:45:02,ocr-majority,0.5747,41.5,3154,99,0,,,0,0,0.0,8d7ce5befefb9746,raw/PHS/2026/09/PHS_20260914_2345Z.jpg
PHS,2026-09-15 00:00:02,2026-09-15 07:00:02,ocr,0.5195,41.5,2851,154,0,,,0,0,0.0,8ecc5012fda85181,raw/PHS/2026/09/PHS_20260915_0000Z.jpg
PHS,2026-09-15 00:15:02,2026-09-15 07:15:02,ocr,0.545,41.5,2991,156,0,,,0,0,0.0,204e523a0cf8fc2e,raw/PHS/2026/09/PHS_20260915_0015Z.jpg
PHS,2026-09-15 00:30:02,2026-09-15 07:30:02,ocr,0.6831,41.5,3749,165,0,,,0,0,0.0,5121ad118d5f5aea,raw/PHS/2026/09/PHS_20260915_0030Z.jpg
PHS,2026-09-15 00:45:02,2026-09-15 07:45:02,ocr,0.6973,46.5,3827,131,0,,,0,0,0.0,ef3a4a5edc76ac62,raw/PHS/2026/09/PHS_20260915_0045Z.jpg
PHS,2026-09-15 01:00:02,2026-09-15 08:00:02,ocr,0.617,41.5,3386,90,0,,,0,0,0.0,496003eba23d041c,raw/PHS/2026/09/PHS_20260915_0100Z.jpg
PHS,2026-09-15 01:15:02,2026-09-15 08:15:02,ocr,0.6725,41.5,3691,61,0,,,0,0,0.0,129ac5a9635304fc,raw/PHS/2026/09/PHS_20260915_0115Z.jpg
PHS,2026-09-15 01:30:02,2026-09-15 08:30:02,ocr,0.5022,36.5,2756,62,0,,,0,0,0.0,1b6301a3ce2fab94,raw/PHS/2026/09/PHS_20260915_0130Z.jpg
PHS,2026-09-15 01:45:02,2026-09-15 08:45:02,ocr-majority,0.5244,41.5,2878,40,0,,,0,0,0.0,952c1a0bc06c6ae7,raw/PHS/2026/09/PHS_20260915_0145Z.jpg
PHS,2026-09-15 02:00:02,2026-09-15 09:00:02,ocr,0.5222,41.5,2866,39,0,,,0,0,0.0,9f9c77dbd22bcf8d,raw/PHS/2026/09/PHS_20260915_0200Z.jpg
PHS,2026-09-15 02:15:02,2026-09-15 09:15:02,ocr,0.4446,41.5,2440,54,0,,,0,0,0.0,d95b111d3cb3d6c5,raw/PHS/2026/09/PHS_20260915_0215Z.jpg
PHS,2026-09-15 02:30:02,2026-09-15 09:30:02,ocr,0.4931,41.5,2706,91,0,,,0,0,0.0,1ef4a5ae21ad1d2b,raw/PHS/2026/09/PHS_20260915_0230Z.jpg
PHS,2026-09-15 02:45:02,2026-09-15 09:45:02,ocr-majority,0.5893,41.5,3234,107,0,,,0,0,0.0,925d42753cbcb907,raw/PHS/2026/09/PHS_20260915_0245Z.jpg
PHS,2026-09-15 03:00:02,2026-09-15 10:00:02,ocr,0.6691,41.5,3672,83,0,,,0,0,0.0,cf7af3f763272660,raw/PHS/2026/09/PHS_20260915_0300Z.jpg
PHS,2026-09-15 03:15:02,2026-09-15 10:15:02,ocr,0.6273,41.5,3443,34,0,,,0,0,0.0,b14be97b8eb51749,raw/PHS/2026/09/PHS_20260915_0315Z.jpg
PHS,2026-09-15 03:30:02,2026-09-15 10:30:02,ocr,0.7602,41.5,4172,16,0,,,0,0,0.0,e048200a36e42e07,raw/PHS/2026/09/PHS_20260915_0330Z.jpg
PHS,2026-09-15 03:45:02,2026-09-15 10:45:02,ocr,0.8591,41.5,4715,11,0,,,0,0,0.0,8349ea22dd1d824d,raw/PHS/2026/09/PHS_20260915_0345Z.jpg
PHS,2026-09-15 04:00:02,2026-09-15 11:00:02,ocr,0.8265,36.5,4536,32,212,178.5;179.0,rfi,0,237,4.97,3d5664abb76cdd1f,raw/PHS/2026/09/PHS_20260915_0400Z.jpg
PHS,2026-09-15 04:15:02,2026-09-15 11:15:02,ocr,0.9076,41.5,4981,47,0,,,0,0,0.0,a7076e893ad0c50a,raw/PHS/2026/09/PHS_20260915_0415Z.jpg
PHS,2026-09-15 04:30:02,2026-09-15 11:30:02,ocr-majority,1.2044,44.0,6610,158,0,,,0,0,0.0,a30e6902e76278ab,raw/PHS/2026/09/PHS_20260915_0430Z.jpg
PHS,2026-09-15 04:45:02,2026-09-15 11:45:02,ocr-majority,1.4256,41.5,7824,240,0,,,0,0,0.0,8088ae3a7a73fac4,raw/PHS/2026/09/PHS_20260915_0445Z.jpg
PHS,2026-09-15 05:00:02,2026-09-15 12:00:02,ocr,1.5528,41.5,8522,253,0,,,0,0,0.0,7b17cd9e8a7758a5,raw/PHS/2026/09/PHS_20260915_0500Z.jpg
PHS,2026-09-15 05:15:02,2026-09-15 12:15:02,ocr,1.9166,41.5,10519,289,0,,,0,0,0.0,376f92954cf12c95,raw/PHS/2026/09/PHS_20260915_0515Z.jpg
PHS,2026-09-15 05:30:02,2026-09-15 12:30:02,ocr,2.0294,41.5,11138,389,0,,,0,0,0.0,e658b0f7c8b8417b,raw/PHS/2026/09/PHS_20260915_0530Z.jpg
PHS,2026-09-15 05:45:02,2026-09-15 12:45:02,ocr-majority,2.1171,44.0,11619,564,0,,,0,0,0.0,6459f35ffc65292a,raw/PHS/2026/09/PHS_20260915_0545Z.jpg
PHS,2026-09-15 06:00:02,2026-09-15 13:00:02,ocr,2.2142,44.0,12152,609,0,,,0,0,0.0,4ba449307420ac5f,raw/PHS/2026/09/PHS_20260915_0600Z.jpg
PHS,2026-09-15 06:15:02,2026-09-15 13:15:02,ocr,2.4778,44.0,13599,676,0,,,0,0,0.0,627a3511c5946517,raw/PHS/2026/09/PHS_20260915_0615Z.jpg
PHS,2026-09-15 06:30:02,2026-09-15 13:30:02,ocr,2.5079,41.5,13764,637,0,,,0,0,0.0,51bc171b478f9114,raw/PHS/2026/09/PHS_20260915_0630Z.jpg
PHS,2026-09-15 06:45:02,2026-09-15 13:45:02,ocr,2.5525,46.5,14009,773,0,,,0,0,0.0,8a1f3a87e7ae1ff3,raw/PHS/2026/09/PHS_20260915_0645Z.jpg
PHS,2026-09-15 07:00:02,2026-09-15 14:00:02,ocr,2.6938,64.0,14784,1018,0,,,0,0,0.0,db941a6d4ce6f565,raw/PHS/2026/09/PHS_20260915_0700Z.jpg
PHS,2026-09-15 07:30:02,2026-09-15 14:30:02,ocr,3.2927,41.5,18071,1107,0,,,0,0,0.0,06ba9a47dc401a5d,raw/PHS/2026/09/PHS_20260915_0730Z.jpg
PHS,2026-09-15 07:45:02,2026-09-15 14:45:02,ocr,3.3896,44.0,18603,1272,0,,,0,0,0.0,3961e380addd3dc0,raw/PHS/2026/09/PHS_20260915_0745Z.jpg
PHS,2026-09-15 08:30:02,2026-09-15 15:30:02,ocr,3.8508,46.5,21134,1801,0,,,0,0,0.0,e8c0be405eefe2be,raw/PHS/2026/09/PHS_20260915_0830Z.jpg
PHS,2026-09-15 09:15:02,2026-09-15 16:15:02,ocr,4.5581,46.5,25016,1301,0,,,0,0,0.0,74c160658dcb4f68,raw/PHS/2026/09/PHS_20260915_0915Z.jpg
PHS,2026-09-15 09:30:02,2026-09-15 16:30:02,ocr,4.8629,46.5,26689,1255,0,,,0,0,0.0,b353b1b148ef3fd9,raw/PHS/2026/09/PHS_20260915_0930Z.jpg
PHS,2026-09-15 09:45:02,2026-09-15 16:45:02,ocr,4.9664,46.5,27257,1461,0,,,0,0,0.0,089ad82cc862ebd8,raw/PHS/2026/09/PHS_20260915_0945Z.jpg
PHS,2026-09-15 10:00:02,2026-09-15 17:00:02,ocr,5.6692,44.0,31114,1428,0,,,0,0,0.0,91705e05c50c4a8c,raw/PHS/2026/09/PHS_20260915_1000Z.jpg
PHS,2026-09-15 10:15:02,2026-09-15 17:15:02,ocr,5.5925,46.5,30693,1568,0,,,0,0,0.0,853de68476fcb9af,raw/PHS/2026/09/PHS_20260915_1015Z.jpg
PHS,2026-09-15 10:30:02,2026-09-15 17:30:02,ocr,5.5943,46.5,30703,1422,0,,,0,0,0.0,d6aedf87c147c0f5,raw/PHS/2026/09/PHS_20260915_1030Z.jpg
PHS,2026-09-15 10:45:02,2026-09-15 17:45:02,ocr-majority,6.0063,46.5,32964,1246,0,,,0,0,0.0,162816f556481c4a,raw/PHS/2026/09/PHS_20260915_1045Z.jpg
PHS,2026-09-15 11:00:02,2026-09-15 18:00:02,ocr,6.4651,44.0,35482,1158,0,,,0,0,0.0,4b83b6eb9d1e972e,raw/PHS/2026/09/PHS_20260915_1100Z.jpg
PHS,2026-09-15 11:15:02,2026-09-15 18:15:02,ocr,6.8802,41.5,37760,1162,891,178.0;178.5;179.0;179.5;180.0;180.5,rfi,0,937,2.42,f92f04b6e4a44421,raw/PHS/2026/09/PHS_20260915_1115Z.jpg
PHS,2026-09-15 11:30:02,2026-09-15 18:30:02,ocr-majority,7.2411,44.0,39741,929,519,178.5;179.0;179.5;180.0,rfi,0,558,1.38,5209527a1843f9e3,raw/PHS/2026/09/PHS_20260915_1130Z.jpg
PHS,2026-09-15 11:45:02,2026-09-15 18:45:02,ocr-majority,7.7274,41.5,42410,1068,566,178.5;179.0;179.5;180.0;180.5,rfi,0,591,1.37,4d7d3c5466e68726,raw/PHS/2026/09/PHS_20260915_1145Z.jpg
PHS,2026-09-15 12:00:02,2026-09-15 19:00:02,ocr,7.9209,46.5,43472,849,0,,,0,0,0.0,97da9a9b158ac6d0,raw/PHS/2026/09/PHS_20260915_1200Z.jpg
PHS,2026-09-15 12:15:02,2026-09-15 19:15:02,ocr,7.9805,41.5,43799,825,0,,,0,0,0.0,6f951bb67589d422,raw/PHS/2026/09/PHS_20260915_1215Z.jpg
PHS,2026-09-15 12:30:02,2026-09-15 19:30:02,ocr,7.6259,41.5,41853,677,0,,,0,0,0.0,2ba6aa9dee398114,raw/PHS/2026/09/PHS_20260915_1230Z.jpg
PHS,2026-09-15 12:45:02,2026-09-15 19:45:02,ocr-majority,7.1609,41.5,39301,455,0,,,0,0,0.0,90a012bf6533bf52,raw/PHS/2026/09/PHS_20260915_1245Z.jpg
PHS,2026-09-15 13:00:02,2026-09-15 20:00:02,ocr,7.0605,41.5,38750,308,0,,,0,0,0.0,b7a2c6118b5dbb83,raw/PHS/2026/09/PHS_20260915_1300Z.jpg
PHS,2026-09-15 13:15:02,2026-09-15 20:15:02,ocr,7.0288,41.5,38576,151,0,,,0,0,0.0,d0df2bde15ba20fd,raw/PHS/2026/09/PHS_20260915_1315Z.jpg
PHS,2026-09-15 13:30:02,2026-09-15 20:30:02,ocr-majority,7.2808,41.5,39959,103,0,,,0,0,0.0,5c89486ec7c5e8eb,raw/PHS/2026/09/PHS_20260915_1330Z.jpg
PHS,2026-09-15 13:45:02,2026-09-15 20:45:02,ocr-majority,6.5279,39.0,35827,80,0,,,0,0,0.0,648e8c08249f4857,raw/PHS/2026/09/PHS_20260915_1345Z.jpg
PHS,2026-09-15 14:00:02,2026-09-15 21:00:02,ocr,5.8091,39.0,31882,24,0,,,0,0,0.0,b93b1d65e4ee9da4,raw/PHS/2026/09/PHS_20260915_1400Z.jpg
PHS,2026-09-15 14:15:02,2026-09-15 21:15:02,ocr,5.2314,36.5,28711,47,0,,,0,0,0.0,477051b882031351,raw/PHS/2026/09/PHS_20260915_1415Z.jpg
PHS,2026-09-15 14:30:02,2026-09-15 21:30:02,ocr-majority,4.6468,46.5,25503,121,141,179.0;179.5,rfi,0,147,0.57,0ce456778773c3bc,raw/PHS/2026/09/PHS_20260915_1430Z.jpg
PHS,2026-09-15 14:45:02,2026-09-15 21:45:02,ocr-majority,4.2316,41.5,23224,51,0,,,0,0,0.0,8dc0df70e05107b1,raw/PHS/2026/09/PHS_20260915_1445Z.jpg
PHS,2026-09-15 15:00:02,2026-09-15 22:00:02,ocr,3.1535,36.5,17307,41,0,,,0,0,0.0,20105d39f8d7e4c2,raw/PHS/2026/09/PHS_20260915_1500Z.jpg
PHS,2026-09-15 15:15:02,2026-09-15 22:15:02,ocr,2.7081,41.5,14863,78,0,,,0,0,0.0,1efe8d208dcd1154,raw/PHS/2026/09/PHS_20260915_1515Z.jpg
PHS,2026-09-15 15:30:02,2026-09-15 22:30:02,ocr,2.3519,39.0,12908,38,0,,,0,0,0.0,25765cf8313e7879,raw/PHS/2026/09/PHS_20260915_1530Z.jpg
PHS,2026-09-15 15:45:02,2026-09-15 22:45:02,ocr-majority,1.9015,41.5,10436,9,253,178.5;179.0;179.5;180.0,rfi,0,269,2.51,66933cc213781cdd,raw/PHS/2026/09/PHS_20260915_1545Z.jpg
PHS,2026-09-15 16:00:02,2026-09-15 23:00:02,ocr,1.4578,34.0,8001,0,0,,,0,0,0.0,e259c00bb3c6ec49,raw/PHS/2026/09/PHS_20260915_1600Z.jpg
PHS,2026-09-15 16:15:02,2026-09-15 23:15:02,ocr,1.3389,34.0,7348,0,0,,,0,0,0.0,1517c671d349cae7,raw/PHS/2026/09/PHS_20260915_1615Z.jpg
PHS,2026-09-15 16:30:02,2026-09-15 23:30:02,ocr-majority,1.1228,41.5,6162,15,0,,,0,0,0.0,c9d089fbb6af6744,raw/PHS/2026/09/PHS_20260915_1630Z.jpg
PHS,2026-09-15 16:45:02,2026-09-15 23:45:02,ocr-majority,0.7777,41.5,4268,12,0,,,0,0,0.0,970ba1b0367891ba,raw/PHS/2026/09/PHS_20260915_1645Z.jpg
PHS,2026-09-15 17:00:02,2026-09-16 00:00:02,ocr,0.7252,41.5,3980,40,0,,,0,0,0.0,be26f74adce79495,raw/PHS/2026/09/PHS_20260915_1700Z.jpg
PHS,2026-09-15 17:15:02,2026-09-16 00:15:02,ocr,0.6226,41.5,3417,34,591,178.5;179.0;179.5;180.0,rfi,0,636,15.69,e0a481314dabbef1,raw/PHS/2026/09/PHS_20260915_1715Z.jpg
PHS,2026-09-15 17:30:02,2026-09-16 00:30:02,ocr,0.5767,41.5,3165,85,0,,,0,0,0.0,48018ce8f8f9d329,raw/PHS/2026/09/PHS_20260915_1730Z.jpg
PHS,2026-09-15 17:45:02,2026-09-16 00:45:02,ocr-majority,0.6689,41.5,3671,54,247,179.0;179.5,rfi,0,263,6.69,dc88ddb0712b2617,raw/PHS/2026/09/PHS_20260915_1745Z.jpg
PHS,2026-09-15 18:00:02,2026-09-16 01:00:02,ocr,0.6479,41.5,3556,48,0,,,0,0,0.0,72b7e93f20de94bc,raw/PHS/2026/09/PHS_20260915_1800Z.jpg
PHS,2026-09-15 18:15:02,2026-09-16 01:15:02,ocr,0.6095,41.5,3345,52,0,,,0,0,0.0,f2925e98b07d3a44,raw/PHS/2026/09/PHS_20260915_1815Z.jpg
PHS,2026-09-15 18:30:02,2026-09-16 01:30:02,ocr-majority,0.5843,41.5,3207,74,0,,,0,0,0.0,ce3f0c46764c6c4d,raw/PHS/2026/09/PHS_20260915_1830Z.jpg
PHS,2026-09-15 18:45:02,2026-09-16 01:45:02,ocr-majority,0.6616,41.5,3631,36,0,,,0,0,0.0,a40793309807f79b,raw/PHS/2026/09/PHS_20260915_1845Z.jpg
PHS,2026-09-15 19:00:02,2026-09-16 02:00:02,ocr,0.6691,36.5,3672,9,0,,,0,0,0.0,da5287d6ee7c6827,raw/PHS/2026/09/PHS_20260915_1900Z.jpg
PHS,2026-09-15 19:15:02,2026-09-16 02:15:02,ocr,0.6742,34.0,3700,0,0,,,0,0,0.0,c3454d2e989c311d,raw/PHS/2026/09/PHS_20260915_1915Z.jpg
PHS,2026-09-15 19:30:02,2026-09-16 02:30:02,ocr,0.6122,36.5,3360,3,0,,,0,0,0.0,9577b518eff77f41,raw/PHS/2026/09/PHS_20260915_1930Z.jpg
PHS,2026-09-15 19:45:02,2026-09-16 02:45:02,ocr,0.5687,36.5,3121,8,0,,,0,0,0.0,e27fdb7ae0ab319e,raw/PHS/2026/09/PHS_20260915_1945Z.jpg
PHS,2026-09-15 20:00:02,2026-09-16 03:00:02,ocr,0.6299,39.0,3457,56,0,,,0,0,0.0,0581b9c4fb332d0f,raw/PHS/2026/09/PHS_20260915_2000Z.jpg
PHS,2026-09-15 20:15:02,2026-09-16 03:15:02,ocr,0.6979,36.5,3830,94,0,,,0,0,0.0,106d8de155ace83a,raw/PHS/2026/09/PHS_20260915_2015Z.jpg
PHS,2026-09-15 20:30:02,2026-09-16 03:30:02,ocr,0.7582,41.5,4161,73,0,,,0,0,0.0,858853d13ee9c3eb,raw/PHS/2026/09/PHS_20260915_2030Z.jpg
PHS,2026-09-15 20:45:02,2026-09-16 03:45:02,ocr,0.7033,36.5,3860,60,0,,,0,0,0.0,23a3a64f56d83f2c,raw/PHS/2026/09/PHS_20260915_2045Z.jpg
PHS,2026-09-15 21:00:02,2026-09-16 04:00:02,ocr,0.7835,36.5,4300,43,0,,,0,0,0.0,c0165a3e34a7e421,raw/PHS/2026/09/PHS_20260915_2100Z.jpg
PHS,2026-09-15 21:15:02,2026-09-16 04:15:02,ocr,0.803,41.5,4407,37,198,179.0;179.5,rfi,0,215,4.65,4bbcafa1b7818c7d,raw/PHS/2026/09/PHS_20260915_2115Z.jpg
PHS,2026-09-15 21:30:02,2026-09-16 04:30:02,ocr,0.8028,41.5,4406,37,0,,,0,0,0.0,52fc5566a3e99e93,raw/PHS/2026/09/PHS_20260915_2130Z.jpg
PHS,2026-09-15 21:45:02,2026-09-16 04:45:02,ocr,0.8083,39.0,4436,65,0,,,0,0,0.0,280a7438b46f2aa6,raw/PHS/2026/09/PHS_20260915_2145Z.jpg
PHS,2026-09-15 22:00:02,2026-09-16 05:00:02,ocr,0.9054,36.5,4969,60,0,,,0,0,0.0,fb34ae679d80942a,raw/PHS/2026/09/PHS_20260915_2200Z.jpg
PHS,2026-09-15 22:15:02,2026-09-16 05:15:02,ocr,1.1461,41.5,6290,120,0,,,0,0,0.0,b0d191601e460532,raw/PHS/2026/09/PHS_20260915_2215Z.jpg
PHS,2026-09-15 22:30:02,2026-09-16 05:30:02,ocr,1.4032,41.5,7701,121,349,178.5;179.0;179.5,rfi,0,371,4.6,d04cf940a5bb88e1,raw/PHS/2026/09/PHS_20260915_2230Z.jpg
PHS,2026-09-15 22:45:02,2026-09-16 05:45:02,ocr,1.4999,41.5,8232,159,0,,,0,0,0.0,cdfe4c111140235d,raw/PHS/2026/09/PHS_20260915_2245Z.jpg
PHS,2026-09-15 23:00:02,2026-09-16 06:00:02,ocr,1.6322,41.5,8958,73,0,,,0,0,0.0,e93dfcab5e0135ed,raw/PHS/2026/09/PHS_20260915_2300Z.jpg
PHS,2026-09-15 23:15:02,2026-09-16 06:15:02,ocr,1.882,41.5,10329,91,0,,,0,0,0.0,8b7bc76bdf005ae1,raw/PHS/2026/09/PHS_20260915_2315Z.jpg
PHS,2026-09-15 23:30:02,2026-09-16 06:30:02,ocr,2.0274,39.0,11127,167,0,,,0,0,0.0,ac07b51376512685,raw/PHS/2026/09/PHS_20260915_2330Z.jpg
PHS,2026-09-15 23:45:02,2026-09-16 06:45:02,ocr,2.2805,41.5,12516,143,0,,,0,0,0.0,9a7c526995f2494f,raw/PHS/2026/09/PHS_20260915_2345Z.jpg
PHS,2026-09-16 00:00:02,2026-09-16 07:00:02,ocr,2.62,41.5,14379,185,0,,,0,0,0.0,f355f348ddb5c601,raw/PHS/2026/09/PHS_20260916_0000Z.jpg
PHS,2026-09-16 00:15:02,2026-09-16 07:15:02,ocr,2.8661,41.5,15730,218,0,,,0,0,0.0,a24cd311aa28ad68,raw/PHS/2026/09/PHS_20260916_0015Z.jpg
PHS,2026-09-16 00:30:02,2026-09-16 07:30:02,ocr,2.7803,41.5,15259,306,0,,,0,0,0.0,8f545a98a8d257b0,raw/PHS/2026/09/PHS_20260916_0030Z.jpg
PHS,2026-09-16 00:45:02,2026-09-16 07:45:02,ocr,3.0691,41.5,16844,230,0,,,0,0,0.0,568f300d480bcf65,raw/PHS/2026/09/PHS_20260916_0045Z.jpg
PHS,2026-09-16 01:00:02,2026-09-16 08:00:02,ocr,3.3705,41.5,18498,257,0,,,0,0,0.0,1c203e5353d502e2,raw/PHS/2026/09/PHS_20260916_0100Z.jpg
PHS,2026-09-16 01:15:02,2026-09-16 08:15:02,ocr,3.713,41.5,20378,237,0,,,0,0,0.0,4fd1757ed68a668c,raw/PHS/2026/09/PHS_20260916_0115Z.jpg
PHS,2026-09-16 01:30:02,2026-09-16 08:30:02,ocr,3.6675,41.5,20128,241,0,,,0,0,0.0,4a347692866831e1,raw/PHS/2026/09/PHS_20260916_0130Z.jpg
PHS,2026-09-16 01:45:02,2026-09-16 08:45:02,ocr,4.3378,41.5,23807,229,0,,,0,0,0.0,abbfdd5440fb5b1b,raw/PHS/2026/09/PHS_20260916_0145Z.jpg
PHS,2026-09-16 02:00:02,2026-09-16 09:00:02,ocr,4.8032,41.5,26361,184,0,,,0,0,0.0,68dcde4ac0e58f90,raw/PHS/2026/09/PHS_20260916_0200Z.jpg
PHS,2026-09-16 02:15:02,2026-09-16 09:15:02,ocr,5.3389,36.5,29301,121,0,,,0,0,0.0,59e4b99d11c16d4c,raw/PHS/2026/09/PHS_20260916_0215Z.jpg
PHS,2026-09-16 02:30:02,2026-09-16 09:30:02,ocr,5.874,41.5,32238,67,0,,,0,0,0.0,0611546f8b21d176,raw/PHS/2026/09/PHS_20260916_0230Z.jpg
PHS,2026-09-16 02:45:02,2026-09-16 09:45:02,ocr,5.903,64.0,32397,147,0,,,0,0,0.0,d199c5f360e6c264,raw/PHS/2026/09/PHS_20260916_0245Z.jpg
PHS,2026-09-16 03:00:02,2026-09-16 10:00:02,ocr,6.0427,64.0,33164,108,0,,,0,0,0.0,778954c781dc33d1,raw/PHS/2026/09/PHS_20260916_0300Z.jpg
PHS,2026-09-16 03:15:02,2026-09-16 10:15:02,ocr-majority,6.181,41.5,33923,60,0,,,0,0,0.0,809211a6f1b0131f,raw/PHS/2026/09/PHS_20260916_0315Z.jpg
PHS,2026-09-16 03:30:02,2026-09-16 10:30:02,ocr,5.6801,36.5,31174,88,0,,,0,0,0.0,b864af587b0c2240,raw/PHS/2026/09/PHS_20260916_0330Z.jpg
PHS,2026-09-16 03:45:02,2026-09-16 10:45:02,ocr,5.0078,41.5,27484,154,0,,,0,0,0.0,b21166e4b910697c,raw/PHS/2026/09/PHS_20260916_0345Z.jpg
PHS,2026-09-16 04:00:02,2026-09-16 11:00:02,ocr,4.6592,41.5,25571,158,0,,,0,0,0.0,a908a73de66dc3fa,raw/PHS/2026/09/PHS_20260916_0400Z.jpg
PHS,2026-09-16 04:15:02,2026-09-16 11:15:02,ocr,4.1498,44.0,22775,141,378,178.5;179.0;179.5;180.0,rfi,0,422,1.82,661acb309a317e27,raw/PHS/2026/09/PHS_20260916_0415Z.jpg
PHS,2026-09-16 04:30:02,2026-09-16 11:30:02,ocr,3.8052,41.5,20884,169,0,,,0,0,0.0,b8ca6db037768283,raw/PHS/2026/09/PHS_20260916_0430Z.jpg
PHS,2026-09-16 04:45:02,2026-09-16 11:45:02,ocr,3.4842,41.5,19122,135,0,,,0,0,0.0,037bd669cd52deb7,raw/PHS/2026/09/PHS_20260916_0445Z.jpg
PHS,2026-09-16 05:00:02,2026-09-16 12:00:02,ocr,3.1061,41.5,17047,54,260,178.5;179.0;179.5,rfi,0,286,1.65,fdeac0b6b48984b8,raw/PHS/2026/09/PHS_20260916_0500Z.jpg
PHS,2026-09-16 05:15:02,2026-09-16 12:15:02,ocr,3.1615,44.0,17351,67,0,,,0,0,0.0,3138e3c663223c08,raw/PHS/2026/09/PHS_20260916_0515Z.jpg
PHS,2026-09-16 05:30:02,2026-09-16 12:30:02,ocr,2.745,39.0,15065,36,0,,,0,0,0.0,5a79e9193da22931,raw/PHS/2026/09/PHS_20260916_0530Z.jpg
PHS,2026-09-16 05:45:02,2026-09-16 12:45:02,ocr,2.0588,41.5,11299,66,0,,,0,0,0.0,107326c76802b3f3,raw/PHS/2026/09/PHS_20260916_0545Z.jpg
PHS,2026-09-16 06:00:02,2026-09-16 13:00:02,ocr,1.8654,41.5,10238,86,1594,68.0;68.5;69.0;69.5;70.0;70.5,rfi,0,1676,14.07,5d6213d04b61ad42,raw/PHS/2026/09/PHS_20260916_0600Z.jpg
PHS,2026-09-16 06:15:02,2026-09-16 13:15:02,ocr,2.1511,41.5,11806,129,1470,178.5;179.0;179.5;180.0,rfi,0,1537,11.52,1a8dac5b43050262,raw/PHS/2026/09/PHS_20260916_0615Z.jpg
PHS,2026-09-16 06:30:02,2026-09-16 13:30:02,ocr,2.321,41.5,12738,179,0,,,0,0,0.0,906fa2f652041ee7,raw/PHS/2026/09/PHS_20260916_0630Z.jpg
PHS,2026-09-16 06:45:02,2026-09-16 13:45:02,ocr,2.0475,41.5,11237,329,0,,,0,0,0.0,b1ffdb1fcc510ab3,raw/PHS/2026/09/PHS_20260916_0645Z.jpg
PHS,2026-09-16 07:00:02,2026-09-16 14:00:02,ocr,1.766,64.0,9692,305,352,179.0;179.5;180.0;180.5,rfi,0,373,3.71,faf5dbc0bee17f26,raw/PHS/2026/09/PHS_20260916_0700Z.jpg
PHS,2026-09-16 07:15:02,2026-09-16 14:15:02,ocr,1.5858,41.5,8703,439,1461,178.5;179.0;179.5;180.0;180.5,rfi,0,1511,14.79,6df6ab101f08dee1,raw/PHS/2026/09/PHS_20260916_0715Z.jpg
PHS,2026-09-16 07:30:02,2026-09-16 14:30:02,ocr,1.5688,41.5,8610,345,0,,,0,0,0.0,528c5b232edd973c,raw/PHS/2026/09/PHS_20260916_0730Z.jpg
PHS,2026-09-16 07:45:02,2026-09-16 14:45:02,ocr,1.5245,44.0,8367,354,490,178.5;179.0;179.5,rfi,0,534,6.0,d36160020e1c2da9,raw/PHS/2026/09/PHS_20260916_0745Z.jpg
PHS,2026-09-16 08:00:02,2026-09-16 15:00:02,ocr,1.489,41.5,8172,230,168,179.0;179.5,rfi,0,189,2.26,e4f52a183f31155c,raw/PHS/2026/09/PHS_20260916_0800Z.jpg
PHS,2026-09-16 08:15:02,2026-09-16 15:15:02,ocr,1.6176,41.5,8878,371,820,178.5;179.0;179.5;180.0,rfi,0,877,8.99,7c15f56d0e97b9fa,raw/PHS/2026/09/PHS_20260916_0815Z.jpg
PHS,2026-09-16 08:30:02,2026-09-16 15:30:02,ocr,1.4804,44.0,8125,438,0,,,0,0,0.0,f36b246b48059cec,raw/PHS/2026/09/PHS_20260916_0830Z.jpg
PHS,2026-09-16 08:45:02,2026-09-16 15:45:02,ocr,1.4081,44.0,7728,526,0,,,0,0,0.0,8762f26d09e49087,raw/PHS/2026/09/PHS_20260916_0845Z.jpg
PHS,2026-09-16 09:00:02,2026-09-16 16:00:02,ocr,1.5581,41.5,8551,404,225,178.5;179.0;179.5,rfi,0,230,2.62,e7216c7d8b3ad3d7,raw/PHS/2026/09/PHS_20260916_0900Z.jpg
PHS,2026-09-16 09:15:02,2026-09-16 16:15:02,ocr,1.563,46.5,8578,422,570,178.5;179.0;179.5;180.0,rfi,0,632,6.86,bfd961659a9bb65e,raw/PHS/2026/09/PHS_20260916_0915Z.jpg
PHS,2026-09-16 09:30:02,2026-09-16 16:30:02,ocr,1.9146,44.0,10508,710,0,,,0,0,0.0,f8912648f9af212d,raw/PHS/2026/09/PHS_20260916_0930Z.jpg
PHS,2026-09-16 09:45:02,2026-09-16 16:45:02,ocr,2.0735,46.5,11380,572,207,178.5;179.0;179.5,rfi,0,227,1.96,0af93575e3b0fc00,raw/PHS/2026/09/PHS_20260916_0945Z.jpg
PHS,2026-09-16 10:00:02,2026-09-16 17:00:02,ocr,1.9713,44.0,10819,809,0,,,0,0,0.0,f98cd1d72bb5ba28,raw/PHS/2026/09/PHS_20260916_1000Z.jpg
PHS,2026-09-16 10:15:02,2026-09-16 17:15:02,ocr,2.3306,44.0,12791,777,0,,,0,0,0.0,d6784bdbb12e8921,raw/PHS/2026/09/PHS_20260916_1015Z.jpg
PHS,2026-09-16 10:30:02,2026-09-16 17:30:02,ocr,2.3685,44.0,12999,727,0,,,0,0,0.0,04d26fbb66945c52,raw/PHS/2026/09/PHS_20260916_1030Z.jpg
PHS,2026-09-16 10:45:02,2026-09-16 17:45:02,ocr,2.2907,46.5,12572,774,0,,,0,0,0.0,41247cb32c8c94ae,raw/PHS/2026/09/PHS_20260916_1045Z.jpg
PHS,2026-09-16 11:15:02,2026-09-16 18:15:02,ocr,3.0367,46.5,16666,623,0,,,0,0,0.0,b71796b8db5631ec,raw/PHS/2026/09/PHS_20260916_1115Z.jpg
PHS,2026-09-16 11:45:02,2026-09-16 18:45:02,ocr,3.7524,46.5,20594,499,666,178.0;178.5;179.0;179.5,rfi,0,709,3.33,8b69515783698ef2,raw/PHS/2026/09/PHS_20260916_1145Z.jpg
PHS,2026-09-16 12:00:02,2026-09-16 19:00:02,ocr,4.7979,44.0,26332,391,0,,,0,0,0.0,9bfc94bc29a34600,raw/PHS/2026/09/PHS_20260916_1200Z.jpg
PHS,2026-09-16 12:15:02,2026-09-16 19:15:02,ocr,5.2319,46.5,28714,290,0,,,0,0,0.0,a7964b16434338f2,raw/PHS/2026/09/PHS_20260916_1215Z.jpg
PHS,2026-09-16 12:30:02,2026-09-16 19:30:02,ocr,5.6085,46.5,30781,415,0,,,0,0,0.0,43bf627a8c192859,raw/PHS/2026/09/PHS_20260916_1230Z.jpg
PHS,2026-09-16 12:45:02,2026-09-16 19:45:02,ocr,5.9768,46.5,32802,528,0,,,0,0,0.0,7a0c6fc478056dbf,raw/PHS/2026/09/PHS_20260916_1245Z.jpg
PHS,2026-09-16 13:00:02,2026-09-16 20:00:02,ocr,6.3969,41.5,35108,595,0,,,0,0,0.0,e22eedc60183f830,raw/PHS/2026/09/PHS_20260916_1300Z.jpg
PHS,2026-09-16 13:15:02,2026-09-16 20:15:02,ocr,6.6859,41.5,36694,465,0,,,0,0,0.0,9a7660f72ffd4033,raw/PHS/2026/09/PHS_20260916_1315Z.jpg
PHS,2026-09-16 13:30:02,2026-09-16 20:30:02,ocr,6.628,46.5,36376,496,0,,,0,0,0.0,f387079edfc566db,raw/PHS/2026/09/PHS_20260916_1330Z.jpg
PHS,2026-09-16 13:45:02,2026-09-16 20:45:02,ocr,6.5103,41.5,35730,408,0,,,0,0,0.0,0bdca6f3a31be06d,raw/PHS/2026/09/PHS_20260916_1345Z.jpg
PHS,2026-09-16 14:00:02,2026-09-16 21:00:02,ocr,6.8412,41.5,37546,421,0,,,0,0,0.0,4e590d9044d7bac1,raw/PHS/2026/09/PHS_20260916_1400Z.jpg
PHS,2026-09-16 14:15:02,2026-09-16 21:15:02,ocr,7.0771,41.5,38841,1240,0,,,0,0,0.0,d6198bc20bf7ec5b,raw/PHS/2026/09/PHS_20260916_1415Z.jpg
PHS,2026-09-16 14:30:02,2026-09-16 21:30:02,ocr,6.6928,41.5,36732,329,0,,,0,0,0.0,313f8c6f21d7d7c6,raw/PHS/2026/09/PHS_20260916_1430Z.jpg
PHS,2026-09-16 14:45:02,2026-09-16 21:45:02,ocr,6.1118,41.5,33543,361,328,178.0;178.5;179.0;179.5;180.0,rfi,0,345,1.02,7d6725a76c180f3d,raw/PHS/2026/09/PHS_20260916_1445Z.jpg
PHS,2026-09-16 15:00:02,2026-09-16 22:00:02,ocr,5.5074,44.0,30226,710,437,177.5;178.0;178.5;179.0;179.5,rfi,0,461,1.5,a755ca04b2e24a73,raw/PHS/2026/09/PHS_20260916_1500Z.jpg
PHS,2026-09-16 15:15:02,2026-09-16 22:15:02,ocr,5.1084,41.5,28036,315,134,178.5;179.0;179.5,rfi,0,141,0.5,ba96df5bbeb8afbf,raw/PHS/2026/09/PHS_20260916_1515Z.jpg
PHS,2026-09-16 15:30:02,2026-09-16 22:30:02,ocr,4.7614,41.5,26132,144,0,,,0,0,0.0,a513a9897fb89304,raw/PHS/2026/09/PHS_20260916_1530Z.jpg
PHS,2026-09-16 15:45:02,2026-09-16 22:45:02,ocr,4.182,41.5,22952,102,0,,,0,0,0.0,2e7bbce668f38b73,raw/PHS/2026/09/PHS_20260916_1545Z.jpg
PHS,2026-09-16 16:00:02,2026-09-16 23:00:02,ocr,3.6919,41.5,20262,113,0,,,0,0,0.0,7c14489b9ffcfdd5,raw/PHS/2026/09/PHS_20260916_1600Z.jpg
PHS,2026-09-16 16:15:02,2026-09-16 23:15:02,ocr,3.2152,41.5,17646,104,0,,,0,0,0.0,ca0c8561020f9f77,raw/PHS/2026/09/PHS_20260916_1615Z.jpg
PHS,2026-09-16 16:30:02,2026-09-16 23:30:02,ocr,2.9642,41.5,16268,115,190,179.0;179.5,rfi,0,200,1.21,6fe35097682c359e,raw/PHS/2026/09/PHS_20260916_1630Z.jpg
PHS,2026-09-16 16:45:02,2026-09-16 23:45:02,ocr,2.5649,41.5,14077,92,0,,,0,0,0.0,acd11ced4df5cd69,raw/PHS/2026/09/PHS_20260916_1645Z.jpg
PHS,2026-09-16 17:00:02,2026-09-17 00:00:02,ocr,2.0548,41.5,11277,113,0,,,0,0,0.0,0aa6336a6626e2c4,raw/PHS/2026/09/PHS_20260916_1700Z.jpg
PHS,2026-09-16 17:15:02,2026-09-17 00:15:02,ocr,1.6189,36.5,8885,77,0,,,0,0,0.0,d4a0941aa24f7531,raw/PHS/2026/09/PHS_20260916_1715Z.jpg
PHS,2026-09-16 17:30:02,2026-09-17 00:30:02,ocr,1.4941,36.5,8200,1,223,178.5;179.0;179.5;180.0,rfi,0,236,2.8,8845df8a8a44478a,raw/PHS/2026/09/PHS_20260916_1730Z.jpg
PHS,2026-09-16 17:45:02,2026-09-17 00:45:02,ocr,1.3334,36.5,7318,10,0,,,0,0,0.0,08a4b5ae9f727593,raw/PHS/2026/09/PHS_20260916_1745Z.jpg
PHS,2026-09-16 18:00:02,2026-09-17 01:00:02,ocr,1.4287,36.5,7841,2,0,,,0,0,0.0,1a208dfed3124682,raw/PHS/2026/09/PHS_20260916_1800Z.jpg
PHS,2026-09-16 18:15:02,2026-09-17 01:15:02,ocr,1.4513,39.0,7965,17,0,,,0,0,0.0,0afc56f0991eab4b,raw/PHS/2026/09/PHS_20260916_1815Z.jpg
PHS,2026-09-16 18:30:02,2026-09-17 01:30:02,ocr-majority,1.0572,36.5,5802,22,0,,,0,0,0.0,1ac5c638d246e0c1,raw/PHS/2026/09/PHS_20260916_1830Z.jpg
PHS,2026-09-16 18:45:02,2026-09-17 01:45:02,ocr,0.9304,36.5,5106,1,0,,,0,0,0.0,5d2e500290d5af43,raw/PHS/2026/09/PHS_20260916_1845Z.jpg
PHS,2026-09-16 19:00:02,2026-09-17 02:00:02,ocr,0.8447,36.5,4636,11,0,,,0,0,0.0,ab63d90f0789564b,raw/PHS/2026/09/PHS_20260916_1900Z.jpg
PHS,2026-09-16 19:15:02,2026-09-17 02:15:02,ocr,0.6928,36.5,3802,15,0,,,0,0,0.0,f6e76506908a4d40,raw/PHS/2026/09/PHS_20260916_1915Z.jpg
PHS,2026-09-16 19:30:02,2026-09-17 02:30:02,ocr,0.6051,36.5,3321,20,0,,,0,0,0.0,4bd6c192f62ebd8f,raw/PHS/2026/09/PHS_20260916_1930Z.jpg
PHS,2026-09-16 19:45:02,2026-09-17 02:45:02,ocr,0.4843,34.0,2658,0,0,,,0,0,0.0,7559b961a458f323,raw/PHS/2026/09/PHS_20260916_1945Z.jpg
PHS,2026-09-16 20:00:02,2026-09-17 03:00:02,ocr,0.3837,36.5,2106,6,0,,,0,0,0.0,98c17e4d8cecb2d0,raw/PHS/2026/09/PHS_20260916_2000Z.jpg
PHS,2026-09-16 20:15:02,2026-09-17 03:15:02,ocr,0.3664,41.5,2011,8,0,,,0,0,0.0,0a2bc2d273d12394,raw/PHS/2026/09/PHS_20260916_2015Z.jpg
PHS,2026-09-16 20:30:02,2026-09-17 03:30:02,ocr,0.3347,34.0,1837,0,0,,,0,0,0.0,0159e3c41fb67b49,raw/PHS/2026/09/PHS_20260916_2030Z.jpg
PHS,2026-09-16 20:45:02,2026-09-17 03:45:02,ocr,0.2766,26.5,1518,0,0,,,0,0,0.0,a9d2734ba9d98fd9,raw/PHS/2026/09/PHS_20260916_2045Z.jpg
PHS,2026-09-16 21:00:02,2026-09-17 04:00:02,ocr,0.2872,24.0,1576,0,0,,,0,0,0.0,7e96b997fb88d0b8,raw/PHS/2026/09/PHS_20260916_2100Z.jpg
PHS,2026-09-16 21:15:02,2026-09-17 04:15:02,ocr,0.2691,24.0,1477,0,0,,,0,0,0.0,3b0ef84214f54d6b,raw/PHS/2026/09/PHS_20260916_2115Z.jpg
PHS,2026-09-16 21:30:02,2026-09-17 04:30:02,ocr,0.1993,26.5,1094,0,0,,,0,0,0.0,a45a6200e483799d,raw/PHS/2026/09/PHS_20260916_2130Z.jpg
PHS,2026-09-16 21:45:02,2026-09-17 04:45:02,ocr,0.1638,26.5,899,0,0,,,0,0,0.0,2e6ae9dc84350dde,raw/PHS/2026/09/PHS_20260916_2145Z.jpg
PHS,2026-09-16 22:00:02,2026-09-17 05:00:02,ocr,0.197,24.0,1081,0,534,178.5;179.0;179.5;180.0;180.5,rfi,0,587,35.19,ddfe9d9317650dd0,raw/PHS/2026/09/PHS_20260916_2200Z.jpg
PHS,2026-09-16 22:15:02,2026-09-17 05:15:02,ocr,0.0989,36.5,543,7,0,,,0,0,0.0,b74dcc20d4b36b85,raw/PHS/2026/09/PHS_20260916_2215Z.jpg
PHS,2026-09-16 22:30:02,2026-09-17 05:30:02,ocr,0.0968,34.0,531,0,0,,,0,0,0.0,be6c539d0992a581,raw/PHS/2026/09/PHS_20260916_2230Z.jpg
PHS,2026-09-16 22:45:02,2026-09-17 05:45:02,ocr,0.1416,36.5,777,3,0,,,0,0,0.0,0529b31e1d8fc8bf,raw/PHS/2026/09/PHS_20260916_2245Z.jpg
PHS,2026-09-16 23:00:02,2026-09-17 06:00:02,ocr,0.2285,36.5,1254,1,0,,,0,0,0.0,ec644a6bc036abc7,raw/PHS/2026/09/PHS_20260916_2300Z.jpg
PHS,2026-09-16 23:15:02,2026-09-17 06:15:02,ocr,0.3619,36.5,1986,3,224,179.0;179.5,rfi,0,249,11.14,ce0165dcfb2347c4,raw/PHS/2026/09/PHS_20260916_2315Z.jpg
PHS,2026-09-16 23:30:02,2026-09-17 06:30:02,ocr,0.4748,41.5,2606,48,0,,,0,0,0.0,ccf605b22594d00f,raw/PHS/2026/09/PHS_20260916_2330Z.jpg
PHS,2026-09-16 23:45:02,2026-09-17 06:45:02,ocr,0.5255,36.5,2884,53,0,,,0,0,0.0,c63305824aa2b7ef,raw/PHS/2026/09/PHS_20260916_2345Z.jpg
PHS,2026-09-17 00:00:02,2026-09-17 07:00:02,ocr,0.6594,36.5,3619,26,0,,,0,0,0.0,8fd0459e3c244643,raw/PHS/2026/09/PHS_20260917_0000Z.jpg
PHS,2026-09-17 00:15:02,2026-09-17 07:15:02,ocr,0.7746,36.5,4251,12,0,,,0,0,0.0,df2f6b8ea6527f1c,raw/PHS/2026/09/PHS_20260917_0015Z.jpg
PHS,2026-09-17 00:30:02,2026-09-17 07:30:02,ocr,0.7842,36.5,4304,19,0,,,0,0,0.0,03c29cc0d9252317,raw/PHS/2026/09/PHS_20260917_0030Z.jpg
PHS,2026-09-17 00:45:02,2026-09-17 07:45:02,ocr,0.8649,36.5,4747,37,0,,,0,0,0.0,a4a31fc698bb8b48,raw/PHS/2026/09/PHS_20260917_0045Z.jpg
PHS,2026-09-17 01:00:02,2026-09-17 08:00:02,ocr,0.9537,41.5,5234,8,0,,,0,0,0.0,120580d20aa1ab72,raw/PHS/2026/09/PHS_20260917_0100Z.jpg
PHS,2026-09-17 01:15:02,2026-09-17 08:15:02,ocr,1.1151,36.5,6120,18,0,,,0,0,0.0,db38c8f0cccc0e77,raw/PHS/2026/09/PHS_20260917_0115Z.jpg
PHS,2026-09-17 01:30:02,2026-09-17 08:30:02,ocr,1.1989,41.5,6580,30,0,,,0,0,0.0,0e8c0919a636fe55,raw/PHS/2026/09/PHS_20260917_0130Z.jpg
PHS,2026-09-17 01:45:02,2026-09-17 08:45:02,ocr,1.3689,36.5,7513,65,202,179.0;179.5,rfi,0,213,2.76,d04a805231122c5e,raw/PHS/2026/09/PHS_20260917_0145Z.jpg
PHS,2026-09-17 02:00:02,2026-09-17 09:00:02,ocr,1.4646,36.5,8038,42,0,,,0,0,0.0,43cfaa57c8676f23,raw/PHS/2026/09/PHS_20260917_0200Z.jpg
PHS,2026-09-17 02:15:02,2026-09-17 09:15:02,ocr,1.6371,36.5,8985,49,239,178.5;179.0;179.5,rfi,0,263,2.84,3d4a50ba4127ad8c,raw/PHS/2026/09/PHS_20260917_0215Z.jpg
PHS,2026-09-17 02:30:02,2026-09-17 09:30:02,ocr,1.6448,36.5,9027,18,239,178.5;179.0;179.5,rfi,0,266,2.86,32c0c4e4a071ecfc,raw/PHS/2026/09/PHS_20260917_0230Z.jpg
PHS,2026-09-17 02:45:02,2026-09-17 09:45:02,ocr,1.8449,36.5,10125,53,0,,,0,0,0.0,34389eb1db415fab,raw/PHS/2026/09/PHS_20260917_0245Z.jpg
PHS,2026-09-17 03:00:02,2026-09-17 10:00:02,ocr,1.9578,36.5,10745,50,0,,,0,0,0.0,7e8dd0e6f0a9dc57,raw/PHS/2026/09/PHS_20260917_0300Z.jpg
PHS,2026-09-17 03:15:02,2026-09-17 10:15:02,ocr-majority,1.9134,41.5,10501,49,0,,,0,0,0.0,d3eec7a14232f284,raw/PHS/2026/09/PHS_20260917_0315Z.jpg
PHS,2026-09-17 03:30:02,2026-09-17 10:30:02,ocr,2.1101,36.5,11581,25,0,,,0,0,0.0,51b63e51b4b42389,raw/PHS/2026/09/PHS_20260917_0330Z.jpg
PHS,2026-09-17 03:45:02,2026-09-17 10:45:02,ocr,2.1952,41.5,12048,34,0,,,0,0,0.0,6d5f4594995ce696,raw/PHS/2026/09/PHS_20260917_0345Z.jpg
PHS,2026-09-17 04:00:02,2026-09-17 11:00:02,ocr,2.4206,46.5,13285,123,419,179.0;179.5,rfi,0,441,3.21,541a2e2c145208b5,raw/PHS/2026/09/PHS_20260917_0400Z.jpg
PHS,2026-09-17 04:15:02,2026-09-17 11:15:02,ocr,2.6746,41.5,14679,111,0,,,0,0,0.0,dc160d4d3463be9b,raw/PHS/2026/09/PHS_20260917_0415Z.jpg
PHS,2026-09-17 04:30:02,2026-09-17 11:30:02,ocr,2.8898,41.5,15860,98,0,,,0,0,0.0,52b17e8ea778fec9,raw/PHS/2026/09/PHS_20260917_0430Z.jpg
PHS,2026-09-17 04:45:02,2026-09-17 11:45:02,ocr,3.1609,41.5,17348,254,0,,,0,0,0.0,80551b5582423b28,raw/PHS/2026/09/PHS_20260917_0445Z.jpg
PHS,2026-09-17 05:00:02,2026-09-17 12:00:02,ocr,3.042,44.0,16695,389,0,,,0,0,0.0,5bfa9a62edf17a28,raw/PHS/2026/09/PHS_20260917_0500Z.jpg
PHS,2026-09-17 05:15:02,2026-09-17 12:15:02,ocr,3.297,41.5,18095,266,0,,,0,0,0.0,cc690fbdd24c4f9b,raw/PHS/2026/09/PHS_20260917_0515Z.jpg
PHS,2026-09-17 05:30:02,2026-09-17 12:30:02,ocr,3.2094,41.5,17614,345,0,,,0,0,0.0,905772122812f70e,raw/PHS/2026/09/PHS_20260917_0530Z.jpg
PHS,2026-09-17 05:45:02,2026-09-17 12:45:02,ocr,3.0906,41.5,16962,375,310,178.5;179.0;179.5;180.0,rfi,0,345,1.99,2db1c01953721a1e,raw/PHS/2026/09/PHS_20260917_0545Z.jpg
PHS,2026-09-17 06:00:02,2026-09-17 13:00:02,ocr,3.0762,41.5,16883,596,0,,,0,0,0.0,fd4db0a7e8500b57,raw/PHS/2026/09/PHS_20260917_0600Z.jpg
PHS,2026-09-17 06:15:02,2026-09-17 13:15:02,ocr,3.289,44.0,18051,775,0,,,0,0,0.0,c17744dceb948fc4,raw/PHS/2026/09/PHS_20260917_0615Z.jpg
PHS,2026-09-17 06:30:02,2026-09-17 13:30:02,ocr,3.5237,44.0,19339,709,0,,,0,0,0.0,bf0ee238e4f38f67,raw/PHS/2026/09/PHS_20260917_0630Z.jpg
PHS,2026-09-17 06:45:02,2026-09-17 13:45:02,ocr,3.7852,44.0,20774,666,0,,,0,0,0.0,2a77d258f6a5229c,raw/PHS/2026/09/PHS_20260917_0645Z.jpg
PHS,2026-09-17 07:00:02,2026-09-17 14:00:02,ocr,4.0445,44.0,22197,816,250,178.5;179.0;179.5,rfi,0,291,1.29,315f112688468808,raw/PHS/2026/09/PHS_20260917_0700Z.jpg
PHS,2026-09-17 07:15:02,2026-09-17 14:15:02,ocr,4.6829,44.0,25701,915,0,,,0,0,0.0,eb9c213e1b6b8472,raw/PHS/2026/09/PHS_20260917_0715Z.jpg
PHS,2026-09-17 07:30:02,2026-09-17 14:30:02,ocr,5.0162,46.5,27530,996,0,,,0,0,0.0,5f54c5ea35fbd7f8,raw/PHS/2026/09/PHS_20260917_0730Z.jpg
PHS,2026-09-17 07:45:02,2026-09-17 14:45:02,ocr,5.2882,41.5,29023,1255,206,179.0;179.5,rfi,0,224,0.77,9fdd7f17b5407cb3,raw/PHS/2026/09/PHS_20260917_0745Z.jpg
PHS,2026-09-17 08:00:02,2026-09-17 15:00:02,ocr,5.0267,46.5,27588,1189,0,,,0,0,0.0,5464f2985b730b1b,raw/PHS/2026/09/PHS_20260917_0800Z.jpg
PHS,2026-09-17 08:15:02,2026-09-17 15:15:02,ocr,5.0974,44.0,27976,1373,0,,,0,0,0.0,b75bce65d67b3746,raw/PHS/2026/09/PHS_20260917_0815Z.jpg
PHS,2026-09-17 08:30:02,2026-09-17 15:30:02,ocr,5.0892,51.5,27931,1642,0,,,0,0,0.0,13f2a80a9bc47640,raw/PHS/2026/09/PHS_20260917_0830Z.jpg
PHS,2026-09-17 08:45:02,2026-09-17 15:45:02,ocr,5.8131,44.0,31904,1242,0,,,0,0,0.0,1f75bae106efe471,raw/PHS/2026/09/PHS_20260917_0845Z.jpg
PHS,2026-09-17 09:00:02,2026-09-17 16:00:02,ocr,5.8587,46.5,32154,1224,0,,,0,0,0.0,2c04a38e2929556d,raw/PHS/2026/09/PHS_20260917_0900Z.jpg
PHS,2026-09-17 09:15:02,2026-09-17 16:15:02,ocr,5.8922,51.5,32338,1239,0,,,0,0,0.0,51d8b164feb7600e,raw/PHS/2026/09/PHS_20260917_0915Z.jpg
PHS,2026-09-17 09:30:02,2026-09-17 16:30:02,ocr,5.8649,44.0,32188,1081,0,,,0,0,0.0,d5c9123b2e1eecc7,raw/PHS/2026/09/PHS_20260917_0930Z.jpg
PHS,2026-09-17 09:45:02,2026-09-17 16:45:02,ocr,5.6034,46.5,30753,1102,0,,,0,0,0.0,5386810d31d87348,raw/PHS/2026/09/PHS_20260917_0945Z.jpg
PHS,2026-09-17 10:00:02,2026-09-17 17:00:02,ocr,5.3177,44.0,29185,936,0,,,0,0,0.0,2f390ffb155d0f6a,raw/PHS/2026/09/PHS_20260917_1000Z.jpg
PHS,2026-09-17 10:15:02,2026-09-17 17:15:02,ocr,5.3449,44.0,29334,735,0,,,0,0,0.0,aaac081f058df895,raw/PHS/2026/09/PHS_20260917_1015Z.jpg
PHS,2026-09-17 10:30:02,2026-09-17 17:30:02,ocr,5.9243,46.5,32514,652,0,,,0,0,0.0,55dbf89775166725,raw/PHS/2026/09/PHS_20260917_1030Z.jpg
PHS,2026-09-17 10:45:02,2026-09-17 17:45:02,ocr,5.8199,46.5,31941,564,0,,,0,0,0.0,b8b9bc56a9420865,raw/PHS/2026/09/PHS_20260917_1045Z.jpg
PHS,2026-09-17 11:00:02,2026-09-17 18:00:02,ocr,5.5766,41.5,30606,391,0,,,0,0,0.0,05a9c5119ed969c3,raw/PHS/2026/09/PHS_20260917_1100Z.jpg
PHS,2026-09-17 11:15:02,2026-09-17 18:15:02,ocr,6.6333,46.5,36405,673,476,178.5;179.0;179.5,rfi,0,516,1.4,a960c39556234a5a,raw/PHS/2026/09/PHS_20260917_1115Z.jpg
PHS,2026-09-17 11:30:02,2026-09-17 18:30:02,ocr,7.3134,41.5,40138,499,1063,178.0;178.5;179.0;179.5;180.0,rfi,0,1115,2.7,27174b74ec44a279,raw/PHS/2026/09/PHS_20260917_1130Z.jpg
PHS,2026-09-17 11:45:02,2026-09-17 18:45:02,ocr,9.1541,44.0,50240,831,0,,,0,0,0.0,7d62dbb6e6a12dea,raw/PHS/2026/09/PHS_20260917_1145Z.jpg
PHS,2026-09-17 12:00:02,2026-09-17 19:00:02,ocr,9.192,44.0,50448,778,199,178.0;178.5;179.0;179.5;180.0,rfi,0,216,0.43,31220c15c60d0695,raw/PHS/2026/09/PHS_20260917_1200Z.jpg
PHS,2026-09-17 12:15:02,2026-09-17 19:15:02,ocr,9.3992,44.0,51585,378,237,179.0;179.5,rfi,0,252,0.49,b8139413258c4c59,raw/PHS/2026/09/PHS_20260917_1215Z.jpg
PHS,2026-09-17 12:30:02,2026-09-17 19:30:02,ocr,9.3387,46.5,51253,392,0,,,0,0,0.0,61bf12639b400c75,raw/PHS/2026/09/PHS_20260917_1230Z.jpg
PHS,2026-09-17 12:45:02,2026-09-17 19:45:02,ocr,9.2826,44.0,50945,457,541,178.0;178.5;179.0;179.5;180.0,rfi,0,573,1.11,596810ed15f0fe82,raw/PHS/2026/09/PHS_20260917_1245Z.jpg
PHS,2026-09-17 13:00:02,2026-09-17 20:00:02,ocr,9.4434,44.0,51828,905,945,178.0;178.5;179.0;179.5;180.0,rfi,0,1024,1.94,524b854e59fb681b,raw/PHS/2026/09/PHS_20260917_1300Z.jpg
PHS,2026-09-17 13:15:02,2026-09-17 20:15:02,ocr,9.262,46.5,50832,686,227,179.0;179.5,rfi,0,246,0.48,b713f92ac53c6ea3,raw/PHS/2026/09/PHS_20260917_1315Z.jpg
PHS,2026-09-17 13:30:02,2026-09-17 20:30:02,ocr,8.856,41.5,48604,745,0,,,0,0,0.0,bc1200f978e91793,raw/PHS/2026/09/PHS_20260917_1330Z.jpg
PHS,2026-09-17 13:45:02,2026-09-17 20:45:02,ocr,8.5031,41.5,46667,799,336,178.5;179.0;179.5;180.0,rfi,0,361,0.77,16d5ddc2044f7e70,raw/PHS/2026/09/PHS_20260917_1345Z.jpg
PHS,2026-09-17 14:00:02,2026-09-17 21:00:02,ocr,7.9437,46.5,43597,900,0,,,0,0,0.0,f44cac27397afbe2,raw/PHS/2026/09/PHS_20260917_1400Z.jpg
PHS,2026-09-17 14:15:02,2026-09-17 21:15:02,ocr,7.8295,41.5,42970,884,0,,,0,0,0.0,2de7cd1bffe4c84d,raw/PHS/2026/09/PHS_20260917_1415Z.jpg
PHS,2026-09-17 14:30:02,2026-09-17 21:30:02,ocr,7.6374,41.5,41916,460,0,,,0,0,0.0,2f03f42f35fc45fe,raw/PHS/2026/09/PHS_20260917_1430Z.jpg
PHS,2026-09-17 14:45:02,2026-09-17 21:45:02,ocr,6.9875,41.5,38349,234,0,,,0,0,0.0,6a2192832965d1dc,raw/PHS/2026/09/PHS_20260917_1445Z.jpg
PHS,2026-09-17 15:00:02,2026-09-17 22:00:02,ocr,6.4558,41.5,35431,238,0,,,0,0,0.0,520f787e38d9445e,raw/PHS/2026/09/PHS_20260917_1500Z.jpg
PHS,2026-09-17 15:15:02,2026-09-17 22:15:02,ocr,6.054,41.5,33226,109,0,,,0,0,0.0,27aee1d4ef8b48f4,raw/PHS/2026/09/PHS_20260917_1515Z.jpg
PHS,2026-09-17 15:30:02,2026-09-17 22:30:02,ocr,5.7829,39.0,31738,33,0,,,0,0,0.0,7061b6230fb01b73,raw/PHS/2026/09/PHS_20260917_1530Z.jpg
PHS,2026-09-17 15:45:02,2026-09-17 22:45:02,ocr,5.5205,41.5,30298,64,200,179.0;179.5,rfi,0,219,0.72,7aebab4498b11591,raw/PHS/2026/09/PHS_20260917_1545Z.jpg
PHS,2026-09-17 16:00:02,2026-09-17 23:00:02,ocr,5.0745,41.5,27850,120,483,179.0;179.5,rfi,0,512,1.81,abe0854bcbeea2a0,raw/PHS/2026/09/PHS_20260917_1600Z.jpg
PHS,2026-09-17 16:15:02,2026-09-17 23:15:02,ocr,4.3613,41.5,23936,108,0,,,0,0,0.0,9da695c42fca7bbb,raw/PHS/2026/09/PHS_20260917_1615Z.jpg
PHS,2026-09-17 16:30:02,2026-09-17 23:30:02,ocr,3.4973,39.0,19194,44,0,,,0,0,0.0,e098ebca4d06dd56,raw/PHS/2026/09/PHS_20260917_1630Z.jpg
PHS,2026-09-17 16:45:02,2026-09-17 23:45:02,ocr,2.5602,41.5,14051,57,0,,,0,0,0.0,475d870442c5d7d1,raw/PHS/2026/09/PHS_20260917_1645Z.jpg
PHS,2026-09-17 17:00:02,2026-09-18 00:00:02,ocr,1.8971,36.5,10412,39,0,,,0,0,0.0,8a0cb7c42cc5b079,raw/PHS/2026/09/PHS_20260917_1700Z.jpg
PHS,2026-09-17 17:15:02,2026-09-18 00:15:02,ocr,1.5426,36.5,8466,28,0,,,0,0,0.0,18b82da9861298da,raw/PHS/2026/09/PHS_20260917_1715Z.jpg
PHS,2026-09-17 17:30:02,2026-09-18 00:30:02,ocr,1.5163,36.5,8322,21,0,,,0,0,0.0,5a36bb0d0673dd02,raw/PHS/2026/09/PHS_20260917_1730Z.jpg
PHS,2026-09-17 17:45:02,2026-09-18 00:45:02,ocr,1.2931,41.5,7097,31,0,,,0,0,0.0,339b3904b8c03943,raw/PHS/2026/09/PHS_20260917_1745Z.jpg
PHS,2026-09-17 18:00:02,2026-09-18 01:00:02,ocr,1.2412,36.5,6812,28,0,,,0,0,0.0,cd3e1985e8bfac3f,raw/PHS/2026/09/PHS_20260917_1800Z.jpg
PHS,2026-09-17 18:15:02,2026-09-18 01:15:02,ocr,0.9744,36.5,5348,5,0,,,0,0,0.0,e1d8814588868de2,raw/PHS/2026/09/PHS_20260917_1815Z.jpg
PHS,2026-09-17 18:30:02,2026-09-18 01:30:02,ocr-majority,0.7778,36.5,4269,1,0,,,0,0,0.0,273c87a9e96942c0,raw/PHS/2026/09/PHS_20260917_1830Z.jpg
PHS,2026-09-17 18:45:02,2026-09-18 01:45:02,ocr,0.6035,31.5,3312,0,0,,,0,0,0.0,c6163bb8cb9e6561,raw/PHS/2026/09/PHS_20260917_1845Z.jpg
PHS,2026-09-17 19:00:02,2026-09-18 02:00:02,ocr,0.6262,36.5,3437,9,0,,,0,0,0.0,708ffd58b5db8e20,raw/PHS/2026/09/PHS_20260917_1900Z.jpg
PHS,2026-09-17 19:15:02,2026-09-18 02:15:02,ocr,0.6928,34.0,3802,0,0,,,0,0,0.0,405c8b0a7a36d035,raw/PHS/2026/09/PHS_20260917_1915Z.jpg
PHS,2026-09-17 19:30:02,2026-09-18 02:30:02,ocr,0.7953,34.0,4365,0,0,,,0,0,0.0,da561e7071ecfa04,raw/PHS/2026/09/PHS_20260917_1930Z.jpg
PHS,2026-09-17 19:45:02,2026-09-18 02:45:02,ocr,1.0304,36.5,5655,5,0,,,0,0,0.0,848fee6151b9f3d6,raw/PHS/2026/09/PHS_20260917_1945Z.jpg
PHS,2026-09-17 20:00:02,2026-09-18 03:00:02,ocr,1.2538,34.0,6881,0,0,,,0,0,0.0,54e11444e7a290f4,raw/PHS/2026/09/PHS_20260917_2000Z.jpg
PHS,2026-09-17 20:15:02,2026-09-18 03:15:02,ocr,1.3046,36.5,7160,10,0,,,0,0,0.0,4e41675429150ece,raw/PHS/2026/09/PHS_20260917_2015Z.jpg
PHS,2026-09-17 20:30:02,2026-09-18 03:30:02,ocr,1.3882,36.5,7619,29,0,,,0,0,0.0,5671282240c40824,raw/PHS/2026/09/PHS_20260917_2030Z.jpg
PHS,2026-09-17 20:45:02,2026-09-18 03:45:02,ocr,1.5038,36.5,8253,17,0,,,0,0,0.0,660bf1ee3a007b36,raw/PHS/2026/09/PHS_20260917_2045Z.jpg
PHS,2026-09-17 21:00:02,2026-09-18 04:00:02,ocr,1.6109,36.5,8841,19,0,,,0,0,0.0,57f2e3c23cd03e9a,raw/PHS/2026/09/PHS_20260917_2100Z.jpg
PHS,2026-09-17 21:15:02,2026-09-18 04:15:02,ocr,1.872,36.5,10274,11,0,,,0,0,0.0,c63e6123bfe568cf,raw/PHS/2026/09/PHS_20260917_2115Z.jpg
PHS,2026-09-17 21:30:02,2026-09-18 04:30:02,ocr,1.8295,64.0,10041,21,0,,,0,0,0.0,6c7738f6693e68ac,raw/PHS/2026/09/PHS_20260917_2130Z.jpg
PHS,2026-09-17 21:45:02,2026-09-18 04:45:02,ocr,1.9052,36.5,10456,19,0,,,0,0,0.0,637f3f3fec9df77b,raw/PHS/2026/09/PHS_20260917_2145Z.jpg
PHS,2026-09-17 22:00:02,2026-09-18 05:00:02,ocr,2.079,36.5,11410,56,0,,,0,0,0.0,40528967bf97daaf,raw/PHS/2026/09/PHS_20260917_2200Z.jpg
PHS,2026-09-17 22:15:02,2026-09-18 05:15:02,ocr,2.2422,36.5,12306,47,0,,,0,0,0.0,3d7d985c644e7d29,raw/PHS/2026/09/PHS_20260917_2215Z.jpg
PHS,2026-09-17 22:30:02,2026-09-18 05:30:02,ocr,2.4139,36.5,13248,55,0,,,0,0,0.0,ae47f5e322a732b7,raw/PHS/2026/09/PHS_20260917_2230Z.jpg
PHS,2026-09-17 22:45:02,2026-09-18 05:45:02,ocr,2.7245,36.5,14953,32,0,,,0,0,0.0,c88ecc750e372f6b,raw/PHS/2026/09/PHS_20260917_2245Z.jpg
PHS,2026-09-17 23:00:02,2026-09-18 06:00:02,ocr,3.0574,36.5,16780,21,0,,,0,0,0.0,3d7ef44b6105f8b9,raw/PHS/2026/09/PHS_20260917_2300Z.jpg
PHS,2026-09-17 23:15:02,2026-09-18 06:15:02,ocr,3.3216,36.5,18230,18,0,,,0,0,0.0,76704ad149532ad4,raw/PHS/2026/09/PHS_20260917_2315Z.jpg
PHS,2026-09-17 23:30:02,2026-09-18 06:30:02,ocr,3.5162,36.5,19298,35,0,,,0,0,0.0,cd4146df950b98a0,raw/PHS/2026/09/PHS_20260917_2330Z.jpg
PHS,2026-09-17 23:45:02,2026-09-18 06:45:02,ocr,3.7507,36.5,20585,54,0,,,0,0,0.0,5f9c30cb1f215478,raw/PHS/2026/09/PHS_20260917_2345Z.jpg
PHS,2026-09-18 00:00:02,2026-09-18 07:00:02,ocr-majority,3.8353,36.5,21049,60,0,,,0,0,0.0,8bccce9fadbc880a,raw/PHS/2026/09/PHS_20260918_0000Z.jpg
PHS,2026-09-18 00:15:02,2026-09-18 07:15:02,ocr-majority,3.7586,41.5,20628,58,0,,,0,0,0.0,3e1c59b041a4324f,raw/PHS/2026/09/PHS_20260918_0015Z.jpg
PHS,2026-09-18 00:30:02,2026-09-18 07:30:02,ocr-majority,3.8012,41.5,20862,54,0,,,0,0,0.0,e6fe9aa3d1a50b6b,raw/PHS/2026/09/PHS_20260918_0030Z.jpg
PHS,2026-09-18 00:45:02,2026-09-18 07:45:02,ocr-majority,3.8021,41.5,20867,18,0,,,0,0,0.0,47d0be94e0abd4b3,raw/PHS/2026/09/PHS_20260918_0045Z.jpg
PHS,2026-09-18 01:00:02,2026-09-18 08:00:02,ocr-majority,3.6259,41.5,19900,43,0,,,0,0,0.0,16a0dd36d5c5e405,raw/PHS/2026/09/PHS_20260918_0100Z.jpg
PHS,2026-09-18 01:15:02,2026-09-18 08:15:02,ocr,3.4721,39.0,19056,34,0,,,0,0,0.0,a0523e6cb6cd395b,raw/PHS/2026/09/PHS_20260918_0115Z.jpg
PHS,2026-09-18 01:30:02,2026-09-18 08:30:02,ocr,3.3876,36.5,18592,18,0,,,0,0,0.0,31bf706d8af03eb5,raw/PHS/2026/09/PHS_20260918_0130Z.jpg
PHS,2026-09-18 01:45:02,2026-09-18 08:45:02,ocr-majority,3.3486,36.5,18378,35,0,,,0,0,0.0,873d0ca55c8baa61,raw/PHS/2026/09/PHS_20260918_0145Z.jpg
PHS,2026-09-18 02:00:02,2026-09-18 09:00:02,ocr,3.1075,39.0,17055,127,0,,,0,0,0.0,f35372502493b8bd,raw/PHS/2026/09/PHS_20260918_0200Z.jpg
PHS,2026-09-18 02:15:02,2026-09-18 09:15:02,ocr,2.9611,36.5,16251,60,0,,,0,0,0.0,30a2fa0d2235964d,raw/PHS/2026/09/PHS_20260918_0215Z.jpg
PHS,2026-09-18 02:30:02,2026-09-18 09:30:02,ocr-majority,2.47,39.0,13556,21,0,,,0,0,0.0,77e042406c1da371,raw/PHS/2026/09/PHS_20260918_0230Z.jpg
PHS,2026-09-18 02:45:02,2026-09-18 09:45:02,ocr-majority,2.0773,36.5,11401,47,0,,,0,0,0.0,b84212e0461e4150,raw/PHS/2026/09/PHS_20260918_0245Z.jpg
PHS,2026-09-18 03:00:02,2026-09-18 10:00:02,ocr-majority,1.9361,36.5,10626,21,0,,,0,0,0.0,2c881eb2919d1429,raw/PHS/2026/09/PHS_20260918_0300Z.jpg
PHS,2026-09-18 03:15:02,2026-09-18 10:15:02,ocr-majority,1.9309,36.5,10597,4,0,,,0,0,0.0,c40113c1c853f915,raw/PHS/2026/09/PHS_20260918_0315Z.jpg
PHS,2026-09-18 03:30:02,2026-09-18 10:30:02,ocr-majority,1.8303,36.5,10045,19,0,,,0,0,0.0,c019aaa2077eefa5,raw/PHS/2026/09/PHS_20260918_0330Z.jpg
PHS,2026-09-18 03:45:02,2026-09-18 10:45:02,ocr-majority,1.9367,39.0,10629,29,0,,,0,0,0.0,72af1796a099c1bb,raw/PHS/2026/09/PHS_20260918_0345Z.jpg
PHS,2026-09-18 04:00:02,2026-09-18 11:00:02,ocr-majority,2.1633,36.5,11873,29,214,179.0;179.5,rfi,0,229,1.89,97096b157ccf0827,raw/PHS/2026/09/PHS_20260918_0400Z.jpg
PHS,2026-09-18 04:15:02,2026-09-18 11:15:02,ocr,2.2359,36.5,12271,59,0,,,0,0,0.0,4f8472949fb08c1e,raw/PHS/2026/09/PHS_20260918_0415Z.jpg
PHS,2026-09-18 04:30:02,2026-09-18 11:30:02,ocr-majority,2.095,41.5,11498,120,0,,,0,0,0.0,3b29666189d89c8d,raw/PHS/2026/09/PHS_20260918_0430Z.jpg
PHS,2026-09-18 04:45:02,2026-09-18 11:45:02,ocr-majority,2.1943,36.5,12043,39,0,,,0,0,0.0,af684a7832ef6fec,raw/PHS/2026/09/PHS_20260918_0445Z.jpg
PHS,2026-09-18 05:00:02,2026-09-18 12:00:02,ocr-majority,2.2825,36.5,12527,40,445,178.0;179.0;179.5,rfi,0,491,3.77,36e4155595b88fb3,raw/PHS/2026/09/PHS_20260918_0500Z.jpg
PHS,2026-09-18 05:15:02,2026-09-18 12:15:02,ocr,2.3481,41.5,12887,56,0,,,0,0,0.0,f2a4874f4f777ca6,raw/PHS/2026/09/PHS_20260918_0515Z.jpg
PHS,2026-09-18 05:30:02,2026-09-18 12:30:02,ocr-majority,2.4044,41.5,13196,105,0,,,0,0,0.0,c96981e9fd9506bc,raw/PHS/2026/09/PHS_20260918_0530Z.jpg
PHS,2026-09-18 05:45:02,2026-09-18 12:45:02,ocr-majority,2.5391,36.5,13935,87,0,,,0,0,0.0,0097382e8c56d751,raw/PHS/2026/09/PHS_20260918_0545Z.jpg
PHS,2026-09-18 06:00:02,2026-09-18 13:00:02,ocr-majority,2.7091,41.5,14868,198,0,,,0,0,0.0,b359761cc849d174,raw/PHS/2026/09/PHS_20260918_0600Z.jpg
PHS,2026-09-18 06:15:02,2026-09-18 13:15:02,ocr-majority,2.8157,41.5,15453,174,0,,,0,0,0.0,66ca3db2603566c2,raw/PHS/2026/09/PHS_20260918_0615Z.jpg
PHS,2026-09-18 06:30:02,2026-09-18 13:30:02,ocr-majority,2.9498,41.5,16189,123,0,,,0,0,0.0,f2d70d671dd6dfae,raw/PHS/2026/09/PHS_20260918_0630Z.jpg
PHS,2026-09-18 06:45:02,2026-09-18 13:45:02,ocr-majority,3.144,41.5,17255,116,0,,,0,0,0.0,000a2de6aaddbfd4,raw/PHS/2026/09/PHS_20260918_0645Z.jpg
PHS,2026-09-18 07:00:02,2026-09-18 14:00:02,ocr-majority,3.2251,44.0,17700,215,1194,178.5;179.0;179.5;180.0,rfi,0,1268,6.68,0445388aadf8ffe0,raw/PHS/2026/09/PHS_20260918_0700Z.jpg
PHS,2026-09-18 07:15:02,2026-09-18 14:15:02,ocr,3.3291,41.5,18271,373,0,,,0,0,0.0,543c45b9b8f01fce,raw/PHS/2026/09/PHS_20260918_0715Z.jpg
PHS,2026-09-18 07:30:02,2026-09-18 14:30:02,ocr-majority,3.4246,41.5,18795,372,0,,,0,0,0.0,fd25d23b6a623d1c,raw/PHS/2026/09/PHS_20260918_0730Z.jpg
PHS,2026-09-18 07:45:02,2026-09-18 14:45:02,ocr,3.4153,41.5,18744,342,0,,,0,0,0.0,5253ac8a59149228,raw/PHS/2026/09/PHS_20260918_0745Z.jpg
PHS,2026-09-18 08:00:02,2026-09-18 15:00:02,ocr-majority,3.6644,44.0,20111,609,530,178.0;178.5;179.0;179.5,rfi,0,556,2.69,8b19c4ba88b07d4b,raw/PHS/2026/09/PHS_20260918_0800Z.jpg
PHS,2026-09-18 08:15:02,2026-09-18 15:15:02,ocr,3.9278,41.5,21557,764,248,179.0;179.5,rfi,0,275,1.26,2e6b9c90ebcb7d19,raw/PHS/2026/09/PHS_20260918_0815Z.jpg
PHS,2026-09-18 08:30:02,2026-09-18 15:30:02,ocr-majority,4.1372,41.5,22706,697,0,,,0,0,0.0,012bd75cbd32c9c3,raw/PHS/2026/09/PHS_20260918_0830Z.jpg
PHS,2026-09-18 08:45:02,2026-09-18 15:45:02,ocr-majority,4.0592,44.0,22278,448,408,178.5;179.0;179.5;180.0,rfi,0,440,1.94,496593b1b4403d5a,raw/PHS/2026/09/PHS_20260918_0845Z.jpg
PHS,2026-09-18 09:00:02,2026-09-18 16:00:02,ocr-majority,3.8127,41.5,20925,322,237,178.5;179.0;179.5,rfi,0,266,1.26,e0158b92f5d86c80,raw/PHS/2026/09/PHS_20260918_0900Z.jpg
PHS,2026-09-18 09:15:02,2026-09-18 16:15:02,ocr,4.0935,44.0,22466,302,182,179.0;179.5,rfi,0,199,0.88,a62618fe94229635,raw/PHS/2026/09/PHS_20260918_0915Z.jpg
PHS,2026-09-18 09:30:02,2026-09-18 16:30:02,ocr-majority,3.8559,41.5,21162,374,0,,,0,0,0.0,958045c8de47c0b3,raw/PHS/2026/09/PHS_20260918_0930Z.jpg
PHS,2026-09-18 09:45:02,2026-09-18 16:45:02,ocr-majority,4.0523,41.5,22240,388,0,,,0,0,0.0,395808fee3bd8f1e,raw/PHS/2026/09/PHS_20260918_0945Z.jpg
PHS,2026-09-18 10:00:02,2026-09-18 17:00:02,ocr,3.887,44.0,21333,498,0,,,0,0,0.0,3d4dcfce8389c251,raw/PHS/2026/09/PHS_20260918_1000Z.jpg
PHS,2026-09-18 10:15:02,2026-09-18 17:15:02,ocr,3.3382,41.5,18321,628,0,,,0,0,0.0,aee86c66fa45b04c,raw/PHS/2026/09/PHS_20260918_1015Z.jpg
PHS,2026-09-18 10:30:02,2026-09-18 17:30:02,ocr-majority,3.3501,46.5,18386,963,0,,,0,0,0.0,bf44a23db2244b07,raw/PHS/2026/09/PHS_20260918_1030Z.jpg
PHS,2026-09-18 10:45:02,2026-09-18 17:45:02,ocr-majority,3.5798,44.0,19647,998,259,179.0;179.5,rfi,0,274,1.38,532e950a8142b4e4,raw/PHS/2026/09/PHS_20260918_1045Z.jpg
PHS,2026-09-18 11:00:02,2026-09-18 18:00:02,ocr-majority,3.6214,44.0,19875,1180,0,,,0,0,0.0,6bf1b5972ddb647d,raw/PHS/2026/09/PHS_20260918_1100Z.jpg
PHS,2026-09-18 11:15:02,2026-09-18 18:15:02,ocr,3.6751,44.0,20170,1062,199,179.0;179.5,rfi,0,210,1.03,aeec261b0c4b3399,raw/PHS/2026/09/PHS_20260918_1115Z.jpg
PHS,2026-09-18 11:30:02,2026-09-18 18:30:02,ocr-majority,3.6766,46.5,20178,1013,0,,,0,0,0.0,a7fef3875d02e93a,raw/PHS/2026/09/PHS_20260918_1130Z.jpg
PHS,2026-09-18 11:45:02,2026-09-18 18:45:02,ocr-majority,3.6604,46.5,20089,1206,193,179.0;179.5,rfi,0,204,1.01,519a6bcf1b8f2fc3,raw/PHS/2026/09/PHS_20260918_1145Z.jpg
PHS,2026-09-18 12:00:02,2026-09-18 19:00:02,ocr-majority,3.7458,46.5,20558,1024,430,178.5;179.0;179.5,rfi,0,473,2.25,6c4850a5d5ae6069,raw/PHS/2026/09/PHS_20260918_1200Z.jpg
PHS,2026-09-18 12:15:02,2026-09-18 19:15:02,ocr,4.1066,46.5,22538,1132,215,178.5;179.0;179.5,rfi,0,230,1.01,d2c4f1a36a464695,raw/PHS/2026/09/PHS_20260918_1215Z.jpg
PHS,2026-09-18 12:30:02,2026-09-18 19:30:02,ocr-majority,4.6381,46.5,25455,1122,206,179.0;179.5,rfi,0,215,0.84,7788e12b3f5cc908,raw/PHS/2026/09/PHS_20260918_1230Z.jpg
PHS,2026-09-18 12:45:02,2026-09-18 19:45:02,ocr-majority,5.041,44.0,27666,1379,282,178.5;179.0;179.5,rfi,0,309,1.1,8c8441335f72a9de,raw/PHS/2026/09/PHS_20260918_1245Z.jpg
PHS,2026-09-18 13:00:02,2026-09-18 20:00:02,ocr-majority,5.7089,46.5,31332,1647,830,178.0;178.5;179.0;179.5,rfi,0,891,2.77,d7362adc53308f43,raw/PHS/2026/09/PHS_20260918_1300Z.jpg
PHS,2026-09-18 13:15:02,2026-09-18 20:15:02,ocr,5.8252,46.5,31970,1602,776,178.0;178.5;179.0;179.5,rfi,0,813,2.48,6cdc636fbd603686,raw/PHS/2026/09/PHS_20260918_1315Z.jpg
PHS,2026-09-18 13:30:02,2026-09-18 20:30:02,ocr-majority,6.0296,46.5,33092,1342,1075,178.0;178.5;179.0;179.5;180.0;180.5,rfi,0,1140,3.33,46577530f48a5f2f,raw/PHS/2026/09/PHS_20260918_1330Z.jpg
PHS,2026-09-18 13:45:02,2026-09-18 20:45:02,ocr-majority,6.6229,44.0,36348,1947,291,179.0;179.5;180.0,rfi,0,317,0.86,a5467913905ae349,raw/PHS/2026/09/PHS_20260918_1345Z.jpg
PHS,2026-09-18 14:00:02,2026-09-18 21:00:02,ocr,7.2632,46.5,39862,1738,254,178.5;179.0;179.5,rfi,0,269,0.67,101633eb52daa4fc,raw/PHS/2026/09/PHS_20260918_1400Z.jpg
PHS,2026-09-18 14:15:02,2026-09-18 21:15:02,ocr,7.4747,44.0,41023,1473,0,,,0,0,0.0,f3b1bad85a961045,raw/PHS/2026/09/PHS_20260918_1415Z.jpg
PHS,2026-09-18 14:30:02,2026-09-18 21:30:02,ocr-majority,8.275,46.5,45415,1446,545,178.5;179.0;179.5;180.0,rfi,0,592,1.29,0de506ab9e14f80b,raw/PHS/2026/09/PHS_20260918_1430Z.jpg
PHS,2026-09-18 14:45:02,2026-09-18 21:45:02,ocr-majority,8.3289,46.5,45711,1560,245,178.5;179.0;179.5,rfi,0,277,0.6,68f13ba291d3f352,raw/PHS/2026/09/PHS_20260918_1445Z.jpg
PHS,2026-09-18 15:00:02,2026-09-18 22:00:02,ocr,8.7999,64.0,48296,1265,184,179.0;179.5,rfi,0,195,0.4,67e09fe91578d4e7,raw/PHS/2026/09/PHS_20260918_1500Z.jpg
PHS,2026-09-18 15:15:02,2026-09-18 22:15:02,ocr,8.9706,44.0,49233,1033,0,,,0,0,0.0,f0889703927f5143,raw/PHS/2026/09/PHS_20260918_1515Z.jpg
PHS,2026-09-18 15:30:02,2026-09-18 22:30:02,ocr-majority,9.0524,44.0,49682,1311,0,,,0,0,0.0,c8e18fd1086f2497,raw/PHS/2026/09/PHS_20260918_1530Z.jpg
PHS,2026-09-18 15:45:02,2026-09-18 22:45:02,ocr-majority,8.8992,44.0,48841,1430,0,,,0,0,0.0,20391b0ebbadbff1,raw/PHS/2026/09/PHS_20260918_1545Z.jpg
PHS,2026-09-18 16:00:02,2026-09-18 23:00:02,ocr-majority,8.8644,46.5,48650,1557,0,,,0,0,0.0,7704687f112bb8e9,raw/PHS/2026/09/PHS_20260918_1600Z.jpg
PHS,2026-09-18 16:15:02,2026-09-18 23:15:02,ocr,8.8598,44.0,48625,1759,0,,,0,0,0.0,2cda57861108badd,raw/PHS/2026/09/PHS_20260918_1615Z.jpg
PHS,2026-09-18 16:30:02,2026-09-18 23:30:02,ocr-majority,8.8746,44.0,48706,1297,0,,,0,0,0.0,b8a0c4d730d2511d,raw/PHS/2026/09/PHS_20260918_1630Z.jpg
PHS,2026-09-18 16:45:02,2026-09-18 23:45:02,ocr-majority,9.8232,44.0,53912,1717,0,,,0,0,0.0,7c60314e362364d3,raw/PHS/2026/09/PHS_20260918_1645Z.jpg
PHS,2026-09-18 17:00:02,2026-09-19 00:00:02,ocr-majority,10.665,41.5,58532,1722,0,,,0,0,0.0,371a0857a5ab5141,raw/PHS/2026/09/PHS_20260918_1700Z.jpg
PHS,2026-09-18 17:15:02,2026-09-19 00:15:02,ocr,11.6143,41.5,63742,1596,0,,,0,0,0.0,abc4215617ae9207,raw/PHS/2026/09/PHS_20260918_1715Z.jpg
PHS,2026-09-18 17:30:02,2026-09-19 00:30:02,ocr-majority,11.7715,44.0,64605,1568,0,,,0,0,0.0,2437027153aff405,raw/PHS/2026/09/PHS_20260918_1730Z.jpg
PHS,2026-09-18 17:45:02,2026-09-19 00:45:02,ocr-majority,11.9617,41.5,65649,1227,0,,,0,0,0.0,263499ae8273b6d5,raw/PHS/2026/09/PHS_20260918_1745Z.jpg
PHS,2026-09-18 18:00:02,2026-09-19 01:00:02,ocr-weak,12.113,41.5,66479,1042,0,,,0,0,0.0,cc4c428c6daca1c8,raw/PHS/2026/09/PHS_20260918_1800Z.jpg
PHS,2026-09-18 18:15:02,2026-09-19 01:15:02,ocr,12.4143,41.5,68133,855,1471,178.5;179.0;179.5;180.0;180.5,rfi,0,1537,2.21,21b4d229fac9b979,raw/PHS/2026/09/PHS_20260918_1815Z.jpg
PHS,2026-09-18 18:30:02,2026-09-19 01:30:02,ocr-majority,13.0373,41.5,71552,751,0,,,0,0,0.0,7030fe61d837a2c3,raw/PHS/2026/09/PHS_20260918_1830Z.jpg
PHS,2026-09-18 18:45:02,2026-09-19 01:45:02,ocr-majority,14.0517,41.5,77119,569,0,,,0,0,0.0,a75322b98bdca840,raw/PHS/2026/09/PHS_20260918_1845Z.jpg
PHS,2026-09-18 19:00:02,2026-09-19 02:00:02,ocr-majority,14.3572,41.5,78796,349,0,,,0,0,0.0,365881104b58a6ee,raw/PHS/2026/09/PHS_20260918_1900Z.jpg
PHS,2026-09-18 19:15:02,2026-09-19 02:15:02,ocr,14.7116,41.5,80741,396,0,,,0,0,0.0,33e17362a5d6fb62,raw/PHS/2026/09/PHS_20260918_1915Z.jpg
PHS,2026-09-18 19:30:02,2026-09-19 02:30:02,ocr-majority,14.5533,41.5,79872,439,0,,,0,0,0.0,e461051ecd3e5e71,raw/PHS/2026/09/PHS_20260918_1930Z.jpg
PHS,2026-09-18 19:45:02,2026-09-19 02:45:02,ocr-majority,14.7067,41.5,80714,390,0,,,0,0,0.0,8174aae14f6976d0,raw/PHS/2026/09/PHS_20260918_1945Z.jpg
PHS,2026-09-18 20:00:02,2026-09-19 03:00:02,ocr-majority,14.7411,41.5,80903,316,0,,,0,0,0.0,5ef068b59c457e7f,raw/PHS/2026/09/PHS_20260918_2000Z.jpg
PHS,2026-09-18 20:15:02,2026-09-19 03:15:02,ocr-majority,14.595,41.5,80101,479,0,,,0,0,0.0,5436d9d538efcb8f,raw/PHS/2026/09/PHS_20260918_2015Z.jpg
PHS,2026-09-18 20:30:02,2026-09-19 03:30:02,ocr-majority,11.216,64.0,61556,234,0,,,0,0,0.0,9b2c9b8a1531c470,raw/PHS/2026/09/PHS_20260918_2030Z.jpg
PHS,2026-09-18 20:45:02,2026-09-19 03:45:02,ocr,8.7855,41.5,48217,83,0,,,0,0,0.0,59377058cca78ca8,raw/PHS/2026/09/PHS_20260918_2045Z.jpg
PHS,2026-09-18 21:00:02,2026-09-19 04:00:02,ocr-majority,6.3035,41.5,34595,62,0,,,0,0,0.0,2142380fe3d6372d,raw/PHS/2026/09/PHS_20260918_2100Z.jpg
PHS,2026-09-18 21:15:02,2026-09-19 04:15:02,ocr,7.1617,41.5,39305,117,0,,,0,0,0.0,26183a6018384dbd,raw/PHS/2026/09/PHS_20260918_2115Z.jpg
PHS,2026-09-18 21:30:02,2026-09-19 04:30:02,ocr-majority,7.7382,41.5,42469,218,0,,,0,0,0.0,62d2439dff50b19a,raw/PHS/2026/09/PHS_20260918_2130Z.jpg
PHS,2026-09-18 21:45:02,2026-09-19 04:45:02,ocr-majority,8.2281,41.5,45158,387,0,,,0,0,0.0,8d3eda3bc305c51f,raw/PHS/2026/09/PHS_20260918_2145Z.jpg
PHS,2026-09-18 22:00:02,2026-09-19 05:00:02,ocr-majority,8.3294,41.5,45714,387,0,,,0,0,0.0,fb12772cbb7b06b5,raw/PHS/2026/09/PHS_20260918_2200Z.jpg
PHS,2026-09-18 22:15:02,2026-09-19 05:15:02,ocr,8.9464,64.0,49100,440,0,,,0,0,0.0,86874f31c5926a34,raw/PHS/2026/09/PHS_20260918_2215Z.jpg
PHS,2026-09-18 22:30:02,2026-09-19 05:30:02,ocr-majority,8.8117,41.5,48361,414,0,,,0,0,0.0,8310b84d72566446,raw/PHS/2026/09/PHS_20260918_2230Z.jpg
PHS,2026-09-18 22:45:02,2026-09-19 05:45:02,ocr,9.3676,41.5,51412,488,0,,,0,0,0.0,631b157eeea7be64,raw/PHS/2026/09/PHS_20260918_2245Z.jpg
PHS,2026-09-18 23:00:02,2026-09-19 06:00:02,ocr-majority,9.7131,41.5,53308,442,0,,,0,0,0.0,70491ff25634d781,raw/PHS/2026/09/PHS_20260918_2300Z.jpg
PHS,2026-09-18 23:15:02,2026-09-19 06:15:02,ocr-majority,10.1471,41.5,55690,614,0,,,0,0,0.0,3a94063b847c46ec,raw/PHS/2026/09/PHS_20260918_2315Z.jpg
PHS,2026-09-18 23:30:02,2026-09-19 06:30:02,ocr-majority,9.8233,41.5,53913,660,0,,,0,0,0.0,2d0604509ca9de71,raw/PHS/2026/09/PHS_20260918_2330Z.jpg
PHS,2026-09-18 23:45:02,2026-09-19 06:45:02,ocr,9.2097,41.5,50545,454,0,,,0,0,0.0,1c7c54fb12977129,raw/PHS/2026/09/PHS_20260918_2345Z.jpg
PHS,2026-09-19 00:00:02,2026-09-19 07:00:02,ocr,9.0009,41.5,49399,364,161,179.0;179.5;180.0,rfi,0,201,0.41,0a0528c695091aa8,raw/PHS/2026/09/PHS_20260919_0000Z.jpg
PHS,2026-09-19 00:15:02,2026-09-19 07:15:02,ocr,8.0623,39.0,44248,224,357,179.0;179.5,rfi,0,365,0.82,eae0c8ea3e889b12,raw/PHS/2026/09/PHS_20260919_0015Z.jpg
PHS,2026-09-19 00:30:02,2026-09-19 07:30:02,ocr,7.0259,41.5,38560,49,218,179.0;179.5,rfi,0,232,0.6,fe6d11c70683a9ab,raw/PHS/2026/09/PHS_20260919_0030Z.jpg
PHS,2026-09-19 00:45:02,2026-09-19 07:45:02,ocr,5.9862,41.5,32854,31,0,,,0,0,0.0,ce037368492a446f,raw/PHS/2026/09/PHS_20260919_0045Z.jpg
PHS,2026-09-19 01:00:02,2026-09-19 08:00:02,ocr,6.2091,41.5,34077,88,0,,,0,0,0.0,9ad2e8e4f6d25e03,raw/PHS/2026/09/PHS_20260919_0100Z.jpg
PHS,2026-09-19 01:15:02,2026-09-19 08:15:02,ocr,6.1078,41.5,33521,107,0,,,0,0,0.0,9f79cfb1040af7f4,raw/PHS/2026/09/PHS_20260919_0115Z.jpg
PHS,2026-09-19 01:30:02,2026-09-19 08:30:02,ocr,5.8102,36.5,31888,29,0,,,0,0,0.0,bb2e4c29a664ddee,raw/PHS/2026/09/PHS_20260919_0130Z.jpg
PHS,2026-09-19 01:45:02,2026-09-19 08:45:02,ocr,5.3995,36.5,29634,18,0,,,0,0,0.0,d979d512a7e28344,raw/PHS/2026/09/PHS_20260919_0145Z.jpg
PHS,2026-09-19 02:00:02,2026-09-19 09:00:02,ocr,4.8187,36.5,26446,20,0,,,0,0,0.0,bcd81f53e42dd477,raw/PHS/2026/09/PHS_20260919_0200Z.jpg
PHS,2026-09-19 02:15:02,2026-09-19 09:15:02,ocr,3.9974,39.0,21939,50,0,,,0,0,0.0,8f03d884d17e3365,raw/PHS/2026/09/PHS_20260919_0215Z.jpg
PHS,2026-09-19 02:30:02,2026-09-19 09:30:02,ocr,3.488,36.5,19143,36,0,,,0,0,0.0,2946c80bb15074e7,raw/PHS/2026/09/PHS_20260919_0230Z.jpg
PHS,2026-09-19 02:45:02,2026-09-19 09:45:02,ocr,2.6686,34.0,14646,0,0,,,0,0,0.0,1bfae9a6019e8009,raw/PHS/2026/09/PHS_20260919_0245Z.jpg
PHS,2026-09-19 03:00:02,2026-09-19 10:00:02,ocr,2.0837,34.0,11436,0,173,178.5;179.0;179.5;180.0,rfi,0,201,1.73,149eb537c1596c84,raw/PHS/2026/09/PHS_20260919_0300Z.jpg
PHS,2026-09-19 03:15:02,2026-09-19 10:15:02,ocr,1.2319,34.0,6761,0,0,,,0,0,0.0,9be72d3cbc48f0b7,raw/PHS/2026/09/PHS_20260919_0315Z.jpg
PHS,2026-09-19 03:30:02,2026-09-19 10:30:02,ocr,0.399,34.0,2190,0,0,,,0,0,0.0,a932f7275406c07d,raw/PHS/2026/09/PHS_20260919_0330Z.jpg
PHS,2026-09-19 03:45:02,2026-09-19 10:45:02,ocr,0.1385,26.5,760,0,0,,,0,0,0.0,b05b7832f4e31d6e,raw/PHS/2026/09/PHS_20260919_0345Z.jpg
PHS,2026-09-19 04:00:02,2026-09-19 11:00:02,ocr,0.1133,34.0,622,0,0,,,0,0,0.0,08e1db308bb28e6a,raw/PHS/2026/09/PHS_20260919_0400Z.jpg
PHS,2026-09-19 04:15:02,2026-09-19 11:15:02,ocr,0.2083,41.5,1143,28,0,,,0,0,0.0,f347ee1cf4074019,raw/PHS/2026/09/PHS_20260919_0415Z.jpg
PHS,2026-09-19 04:30:02,2026-09-19 11:30:02,ocr,0.274,41.5,1504,16,0,,,0,0,0.0,53e4b7d1cbb82a08,raw/PHS/2026/09/PHS_20260919_0430Z.jpg
PHS,2026-09-19 04:45:02,2026-09-19 11:45:02,ocr-majority,0.3344,36.5,1835,40,179,179.0;179.5,rfi,0,183,9.07,acb95402f41d1461,raw/PHS/2026/09/PHS_20260919_0445Z.jpg
PHS,2026-09-19 05:00:01,2026-09-19 12:00:01,ocr-majority,0.3626,41.5,1990,74,0,,,0,0,0.0,1e0b353b5d21adda,raw/PHS/2026/09/PHS_20260919_0500Z.jpg
PHS,2026-09-19 05:15:02,2026-09-19 12:15:02,ocr,0.3462,41.5,1900,102,137,179.0;179.5,rfi,0,148,7.23,748aae7beb0ab7aa,raw/PHS/2026/09/PHS_20260919_0515Z.jpg
PHS,2026-09-19 05:30:02,2026-09-19 12:30:02,ocr,0.4138,41.5,2271,100,0,,,0,0,0.0,11b79bddcda8a939,raw/PHS/2026/09/PHS_20260919_0530Z.jpg
PHS,2026-09-19 05:45:02,2026-09-19 12:45:02,ocr,0.5422,41.5,2976,136,0,,,0,0,0.0,f26983b7a8c2a6a4,raw/PHS/2026/09/PHS_20260919_0545Z.jpg
PHS,2026-09-19 06:00:02,2026-09-19 13:00:02,ocr,0.6711,41.5,3683,96,0,,,0,0,0.0,328955776884b0b6,raw/PHS/2026/09/PHS_20260919_0600Z.jpg
PHS,2026-09-19 06:15:02,2026-09-19 13:15:02,ocr,0.8611,41.5,4726,122,0,,,0,0,0.0,6e548e0c6c595681,raw/PHS/2026/09/PHS_20260919_0615Z.jpg
PHS,2026-09-19 06:30:02,2026-09-19 13:30:02,ocr,0.8795,41.5,4827,182,197,178.5;179.0;179.5,rfi,0,231,4.57,6f3363588ea4abb9,raw/PHS/2026/09/PHS_20260919_0630Z.jpg
PHS,2026-09-19 06:45:02,2026-09-19 13:45:02,ocr,1.0535,64.0,5782,222,0,,,0,0,0.0,a280cd99179f575a,raw/PHS/2026/09/PHS_20260919_0645Z.jpg
PHS,2026-09-19 07:00:02,2026-09-19 14:00:02,ocr,1.2029,41.5,6602,381,0,,,0,0,0.0,8469abb3a035f424,raw/PHS/2026/09/PHS_20260919_0700Z.jpg
PHS,2026-09-19 07:30:02,2026-09-19 14:30:02,ocr,1.5471,46.5,8491,451,227,179.0;179.5,rfi,0,256,2.93,cdbaad2e0b38b75f,raw/PHS/2026/09/PHS_20260919_0730Z.jpg
PHS,2026-09-19 07:45:02,2026-09-19 14:45:02,ocr,1.7171,41.5,9424,464,0,,,0,0,0.0,89fe9dfd132ff0ca,raw/PHS/2026/09/PHS_20260919_0745Z.jpg
PHS,2026-09-19 08:00:02,2026-09-19 15:00:02,ocr-majority,1.7468,44.0,9587,618,1063,178.5;179.0;179.5;180.0;180.5,rfi,0,1117,10.44,8c4643c30a6b744f,raw/PHS/2026/09/PHS_20260919_0800Z.jpg
PHS,2026-09-19 08:15:01,2026-09-19 15:15:01,ocr,1.7246,46.5,9465,661,1636,178.0;178.5;179.0;179.5;180.0;180.5;181.0,rfi,0,1701,15.23,7538eccbd4ea48c5,raw/PHS/2026/09/PHS_20260919_0815Z.jpg
PHS,2026-09-19 08:30:02,2026-09-19 15:30:02,ocr,1.8357,46.5,10075,834,208,178.5;179.0;179.5;180.0;180.5,rfi,0,242,2.35,cc31452e0049e851,raw/PHS/2026/09/PHS_20260919_0830Z.jpg
PHS,2026-09-19 08:45:02,2026-09-19 15:45:02,ocr-majority,1.9875,64.0,10908,836,0,,,0,0,0.0,1f365164c37e72ee,raw/PHS/2026/09/PHS_20260919_0845Z.jpg
PHS,2026-09-19 09:00:02,2026-09-19 16:00:02,ocr,1.7816,44.0,9778,957,476,178.5;179.0;179.5;180.0,rfi,0,508,4.94,db2f8ae4478658d1,raw/PHS/2026/09/PHS_20260919_0900Z.jpg
PHS,2026-09-19 09:15:02,2026-09-19 16:15:02,ocr,1.8039,44.0,9900,944,254,178.5;179.0;179.5;180.0,rfi,0,298,2.92,b441929232ff7f2e,raw/PHS/2026/09/PHS_20260919_0915Z.jpg
PHS,2026-09-19 09:30:02,2026-09-19 16:30:02,ocr,1.8213,44.0,9996,832,0,,,0,0,0.0,2aa6fd00419387bf,raw/PHS/2026/09/PHS_20260919_0930Z.jpg
PHS,2026-09-19 09:45:02,2026-09-19 16:45:02,ocr,1.7056,46.5,9361,760,901,178.0;178.5;179.0;179.5;180.0;180.5,rfi,0,959,9.29,c1b79391b3526203,raw/PHS/2026/09/PHS_20260919_0945Z.jpg
PHS,2026-09-19 10:00:02,2026-09-19 17:00:02,ocr,1.5697,44.0,8615,687,204,179.0;179.5,rfi,0,215,2.43,e4bf563972cbad12,raw/PHS/2026/09/PHS_20260919_1000Z.jpg
PHS,2026-09-19 10:15:02,2026-09-19 17:15:02,ocr,1.5819,44.0,8682,862,0,,,0,0,0.0,d7cc33bdb3ad2144,raw/PHS/2026/09/PHS_20260919_1015Z.jpg
PHS,2026-09-19 10:30:02,2026-09-19 17:30:02,ocr,1.487,44.0,8161,1088,0,,,0,0,0.0,be91a171e471011e,raw/PHS/2026/09/PHS_20260919_1030Z.jpg
PHS,2026-09-19 10:45:02,2026-09-19 17:45:02,ocr,1.505,44.0,8260,889,0,,,0,0,0.0,d742bcf2c3b2a084,raw/PHS/2026/09/PHS_20260919_1045Z.jpg
PHS,2026-09-19 11:00:02,2026-09-19 18:00:02,ocr,1.5092,46.5,8283,811,0,,,0,0,0.0,4660ce1d5f85efb9,raw/PHS/2026/09/PHS_20260919_1100Z.jpg
PHS,2026-09-19 11:15:02,2026-09-19 18:15:02,ocr,1.7226,44.0,9454,860,331,178.5;179.0;179.5;180.0,rfi,0,335,3.42,be38804c4bee9fdf,raw/PHS/2026/09/PHS_20260919_1115Z.jpg
PHS,2026-09-19 11:30:02,2026-09-19 18:30:02,ocr,1.6882,41.5,9265,788,322,179.0;179.5;180.0;180.5,rfi,0,337,3.51,d197c58d1489a30c,raw/PHS/2026/09/PHS_20260919_1130Z.jpg
PHS,2026-09-19 11:45:02,2026-09-19 18:45:02,ocr,1.7537,44.0,9625,676,563,178.5;179.0;179.5;180.0,rfi,0,583,5.71,6617b3e2f2191c47,raw/PHS/2026/09/PHS_20260919_1145Z.jpg
PHS,2026-09-19 12:00:02,2026-09-19 19:00:02,ocr,1.7643,41.5,9683,624,1364,178.0;178.5;179.0;179.5;180.0;180.5,rfi,0,1429,12.86,f9d2979438828f81,raw/PHS/2026/09/PHS_20260919_1200Z.jpg
PHS,2026-09-19 12:15:02,2026-09-19 19:15:02,ocr,1.626,41.5,8924,302,1080,178.5;179.0;179.5;180.0;180.5,rfi,0,1137,11.3,79f6d0cc1af2497b,raw/PHS/2026/09/PHS_20260919_1215Z.jpg
PHS,2026-09-19 12:30:02,2026-09-19 19:30:02,ocr,2.0043,41.5,11000,127,1345,178.5;179.0;179.5;180.0;180.5,rfi,0,1412,11.38,f28d5f8fec3425dd,raw/PHS/2026/09/PHS_20260919_1230Z.jpg
PHS,2026-09-19 12:45:02,2026-09-19 19:45:02,ocr,2.4064,64.0,13207,321,288,178.5;179.0;179.5,rfi,0,302,2.24,f01e272b6cb3f9e0,raw/PHS/2026/09/PHS_20260919_1245Z.jpg
PHS,2026-09-19 13:00:02,2026-09-19 20:00:02,ocr,2.5881,41.5,14204,289,1610,178.5;179.0;179.5;180.0,rfi,0,1671,10.53,fc45dd4abc7c07b6,raw/PHS/2026/09/PHS_20260919_1300Z.jpg
PHS,2026-09-19 13:15:02,2026-09-19 20:15:02,ocr,2.5033,41.5,13739,283,1526,178.5;179.0;179.5;180.0;180.5,rfi,0,1578,10.3,ab71c4287188c194,raw/PHS/2026/09/PHS_20260919_1315Z.jpg
PHS,2026-09-19 13:30:02,2026-09-19 20:30:02,ocr,2.7016,41.5,14827,323,1693,178.0;178.5;179.0;179.5;180.0,rfi,0,1766,10.64,acb158e25e519cce,raw/PHS/2026/09/PHS_20260919_1330Z.jpg
PHS,2026-09-19 13:45:02,2026-09-19 20:45:02,ocr-majority,3.003,41.5,16481,500,1495,178.0;178.5;179.0;179.5;180.0;180.5,rfi,0,1587,8.78,7078f02e50381de9,raw/PHS/2026/09/PHS_20260919_1345Z.jpg
PHS,2026-09-19 14:00:02,2026-09-19 21:00:02,ocr,3.4084,44.0,18706,738,520,178.5;179.0;179.5;180.0;180.5;181.0,rfi,0,534,2.78,64162f8ff27e6ebe,raw/PHS/2026/09/PHS_20260919_1400Z.jpg
PHS,2026-09-19 14:15:02,2026-09-19 21:15:02,ocr,3.5489,41.5,19477,1013,912,178.0;178.5;179.0;179.5;180.0;180.5;181.0,rfi,0,966,4.73,00d70bee5d895400,raw/PHS/2026/09/PHS_20260919_1415Z.jpg
PHS,2026-09-19 14:30:02,2026-09-19 21:30:02,ocr,3.2495,44.0,17834,1177,1204,178.0;178.5;179.0;179.5;180.0;180.5,rfi,0,1282,6.71,cf3e846ba371b668,raw/PHS/2026/09/PHS_20260919_1430Z.jpg
PHS,2026-09-19 14:45:02,2026-09-19 21:45:02,ocr-majority,2.8709,46.5,15756,1074,411,178.0;178.5;179.0;179.5,rfi,0,439,2.71,d2d21297d5b6b89f,raw/PHS/2026/09/PHS_20260919_1445Z.jpg
PHS,2026-09-19 15:00:02,2026-09-19 22:00:02,ocr,2.8525,64.0,15655,1382,0,,,0,0,0.0,7329d01e40f50222,raw/PHS/2026/09/PHS_20260919_1500Z.jpg
PHS,2026-09-19 15:15:02,2026-09-19 22:15:02,ocr,2.8512,44.0,15648,1192,338,178.5;179.0;179.5,rfi,0,369,2.3,efb03f908720d4f6,raw/PHS/2026/09/PHS_20260919_1515Z.jpg
PHS,2026-09-19 15:30:02,2026-09-19 22:30:02,ocr,2.7471,44.0,15077,1181,0,,,0,0,0.0,81f23c62a673b059,raw/PHS/2026/09/PHS_20260919_1530Z.jpg
PHS,2026-09-19 15:45:02,2026-09-19 22:45:02,ocr-majority,2.6943,41.5,14787,942,0,,,0,0,0.0,6b214cfa82554e3c,raw/PHS/2026/09/PHS_20260919_1545Z.jpg
PHS,2026-09-19 16:00:02,2026-09-19 23:00:02,ocr,2.8741,41.5,15774,881,0,,,0,0,0.0,fe663e3a435e5ff1,raw/PHS/2026/09/PHS_20260919_1600Z.jpg
PHS,2026-09-19 16:15:02,2026-09-19 23:15:02,ocr,3.2526,44.0,17851,1095,0,,,0,0,0.0,dfc7d131e921adc0,raw/PHS/2026/09/PHS_20260919_1615Z.jpg
PHS,2026-09-19 16:30:02,2026-09-19 23:30:02,ocr,3.9721,41.5,21800,1230,0,,,0,0,0.0,e654901bd1434bbd,raw/PHS/2026/09/PHS_20260919_1630Z.jpg
PHS,2026-09-19 16:45:02,2026-09-19 23:45:02,ocr-majority,4.9081,46.5,26937,1732,0,,,0,0,0.0,9065d512cc7418c2,raw/PHS/2026/09/PHS_20260919_1645Z.jpg
PHS,2026-09-19 17:00:02,2026-09-20 00:00:02,ocr,5.8115,44.0,31895,1933,0,,,0,0,0.0,2d6605df92a5d635,raw/PHS/2026/09/PHS_20260919_1700Z.jpg
PHS,2026-09-19 17:15:02,2026-09-20 00:15:02,ocr,6.4866,44.0,35600,1710,0,,,0,0,0.0,9b8e54376b513827,raw/PHS/2026/09/PHS_20260919_1715Z.jpg
PHS,2026-09-19 17:30:02,2026-09-20 00:30:02,ocr,7.005,46.5,38445,2024,0,,,0,0,0.0,31ccb84ec9755cc3,raw/PHS/2026/09/PHS_20260919_1730Z.jpg
PHS,2026-09-19 17:45:02,2026-09-20 00:45:02,ocr,7.9583,44.0,43677,1918,277,179.0;179.5,rfi,0,293,0.67,d862fd8c644d61e1,raw/PHS/2026/09/PHS_20260919_1745Z.jpg
PHS,2026-09-19 18:00:02,2026-09-20 01:00:02,ocr-majority,8.8075,44.0,48338,2065,0,,,0,0,0.0,716c25aba8a35f48,raw/PHS/2026/09/PHS_20260919_1800Z.jpg
PHS,2026-09-19 18:15:01,2026-09-20 01:15:01,ocr-majority,9.6195,46.5,52794,2198,0,,,0,0,0.0,19c0f5e12d5e6b8c,raw/PHS/2026/09/PHS_20260919_1815Z.jpg
PHS,2026-09-19 18:30:02,2026-09-20 01:30:02,ocr-majority,9.9653,46.5,54692,2447,0,,,0,0,0.0,482504149678eadc,raw/PHS/2026/09/PHS_20260919_1830Z.jpg
PHS,2026-09-19 18:45:02,2026-09-20 01:45:02,ocr-majority,10.9115,46.5,59885,2572,0,,,0,0,0.0,a8fa2f005e195d32,raw/PHS/2026/09/PHS_20260919_1845Z.jpg
PHS,2026-09-19 19:00:02,2026-09-20 02:00:02,ocr,11.6332,64.0,63846,2184,0,,,0,0,0.0,050a8834247b458d,raw/PHS/2026/09/PHS_20260919_1900Z.jpg
PHS,2026-09-19 19:15:02,2026-09-20 02:15:02,ocr,12.5741,44.0,69010,2044,1056,178.0;178.5;179.0;179.5;180.0,rfi,0,1119,1.6,537e76dbb25a9070,raw/PHS/2026/09/PHS_20260919_1915Z.jpg
PHS,2026-09-19 19:30:02,2026-09-20 02:30:02,ocr,12.8504,44.0,70526,1802,0,,,0,0,0.0,15f6ad5dce5d3ef4,raw/PHS/2026/09/PHS_20260919_1930Z.jpg
PHS,2026-09-19 19:45:02,2026-09-20 02:45:02,ocr,12.8719,44.0,70644,1541,0,,,0,0,0.0,6c61d1a066c4a005,raw/PHS/2026/09/PHS_20260919_1945Z.jpg
PHS,2026-09-19 20:00:02,2026-09-20 03:00:02,ocr,12.8181,41.5,70349,1383,0,,,0,0,0.0,0236fa5acdd461a4,raw/PHS/2026/09/PHS_20260919_2000Z.jpg
PHS,2026-09-19 20:15:02,2026-09-20 03:15:02,ocr,12.4176,41.5,68151,1003,0,,,0,0,0.0,4d81d5d2ac534361,raw/PHS/2026/09/PHS_20260919_2015Z.jpg
PHS,2026-09-19 20:30:02,2026-09-20 03:30:02,ocr,11.4175,41.5,62662,800,0,,,0,0,0.0,ce352100af55ad33,raw/PHS/2026/09/PHS_20260919_2030Z.jpg
PHS,2026-09-19 20:45:02,2026-09-20 03:45:02,ocr,10.3,41.5,56529,419,0,,,0,0,0.0,28b1fbbeb8f902e5,raw/PHS/2026/09/PHS_20260919_2045Z.jpg
PHS,2026-09-19 21:00:02,2026-09-20 04:00:02,ocr,9.0985,41.5,49935,355,0,,,0,0,0.0,e950d74b2750e50a,raw/PHS/2026/09/PHS_20260919_2100Z.jpg
PHS,2026-09-19 21:15:02,2026-09-20 04:15:02,ocr,8.4929,41.5,46611,392,0,,,0,0,0.0,b1f28fded6434a88,raw/PHS/2026/09/PHS_20260919_2115Z.jpg
PHS,2026-09-19 21:30:02,2026-09-20 04:30:02,ocr,8.315,41.5,45635,331,246,178.5;179.0;179.5;180.0,rfi,0,283,0.62,cfa77996a1423d51,raw/PHS/2026/09/PHS_20260919_2130Z.jpg
PHS,2026-09-19 21:45:02,2026-09-20 04:45:02,ocr,8.0869,41.5,44383,471,0,,,0,0,0.0,226d608de2a337dc,raw/PHS/2026/09/PHS_20260919_2145Z.jpg
PHS,2026-09-19 22:00:02,2026-09-20 05:00:02,ocr,7.4457,41.5,40864,483,0,,,0,0,0.0,4dac0ceca14b5ad4,raw/PHS/2026/09/PHS_20260919_2200Z.jpg
PHS,2026-09-19 22:15:02,2026-09-20 05:15:02,ocr,6.5351,41.5,35866,545,0,,,0,0,0.0,37265dab4f6bdf22,raw/PHS/2026/09/PHS_20260919_2215Z.jpg
PHS,2026-09-19 22:30:02,2026-09-20 05:30:02,ocr,5.7209,41.5,31398,627,0,,,0,0,0.0,91e98120d83a43e0,raw/PHS/2026/09/PHS_20260919_2230Z.jpg
PHS,2026-09-19 22:45:02,2026-09-20 05:45:02,ocr,5.0244,41.5,27575,406,0,,,0,0,0.0,587f068e2f8ee5ad,raw/PHS/2026/09/PHS_20260919_2245Z.jpg
PHS,2026-09-19 23:00:02,2026-09-20 06:00:02,ocr,4.3395,41.5,23816,267,411,178.5;179.0;179.5;180.0,rfi,0,454,1.87,9a3df13a4f12f049,raw/PHS/2026/09/PHS_20260919_2300Z.jpg
PHS,2026-09-19 23:15:02,2026-09-20 06:15:02,ocr,3.8803,41.5,21296,382,0,,,0,0,0.0,a635a9ed8c362e48,raw/PHS/2026/09/PHS_20260919_2315Z.jpg
PHS,2026-09-19 23:30:02,2026-09-20 06:30:02,ocr,3.2052,41.5,17591,304,0,,,0,0,0.0,8dccdd7fe68bb088,raw/PHS/2026/09/PHS_20260919_2330Z.jpg
PHS,2026-09-19 23:45:02,2026-09-20 06:45:02,ocr,2.6424,41.5,14502,269,0,,,0,0,0.0,44c5a8d4368bd53b,raw/PHS/2026/09/PHS_20260919_2345Z.jpg
PHS,2026-09-20 00:00:02,2026-09-20 07:00:02,ocr,2.3046,41.5,12648,333,0,,,0,0,0.0,354f214a6a448bf8,raw/PHS/2026/09/PHS_20260920_0000Z.jpg
PHS,2026-09-20 00:15:02,2026-09-20 07:15:02,ocr,2.3313,41.5,12795,320,1139,178.0;178.5;179.0;179.5;180.0,rfi,0,1191,8.52,4beb11ecec1062e6,raw/PHS/2026/09/PHS_20260920_0015Z.jpg
PHS,2026-09-20 00:30:02,2026-09-20 07:30:02,ocr,2.4512,41.5,13453,109,0,,,0,0,0.0,0cad50d564c6e604,raw/PHS/2026/09/PHS_20260920_0030Z.jpg
PHS,2026-09-20 00:45:02,2026-09-20 07:45:02,ocr,2.4981,41.5,13710,51,0,,,0,0,0.0,c46e0e54a1906b7f,raw/PHS/2026/09/PHS_20260920_0045Z.jpg
PHS,2026-09-20 01:00:02,2026-09-20 08:00:02,ocr,2.1697,39.0,11908,34,0,,,0,0,0.0,c8a1de9447cb4284,raw/PHS/2026/09/PHS_20260920_0100Z.jpg
PHS,2026-09-20 01:15:02,2026-09-20 08:15:02,ocr,2.0981,36.5,11515,5,0,,,0,0,0.0,5a026bc25f21d74f,raw/PHS/2026/09/PHS_20260920_0115Z.jpg
PHS,2026-09-20 01:30:02,2026-09-20 08:30:02,ocr,2.1415,41.5,11753,23,0,,,0,0,0.0,158b76c29d948dd9,raw/PHS/2026/09/PHS_20260920_0130Z.jpg
PHS,2026-09-20 01:45:02,2026-09-20 08:45:02,ocr,2.0152,36.5,11060,28,0,,,0,0,0.0,150dc2bef1d00d0a,raw/PHS/2026/09/PHS_20260920_0145Z.jpg
PHS,2026-09-20 02:00:02,2026-09-20 09:00:02,ocr,1.8485,36.5,10145,52,0,,,0,0,0.0,00fe5e9bd13f0128,raw/PHS/2026/09/PHS_20260920_0200Z.jpg
PHS,2026-09-20 02:15:02,2026-09-20 09:15:02,ocr,1.3762,36.5,7553,22,0,,,0,0,0.0,d312e07f3ca3bbd8,raw/PHS/2026/09/PHS_20260920_0215Z.jpg
PHS,2026-09-20 02:30:02,2026-09-20 09:30:02,ocr,0.916,36.5,5027,6,0,,,0,0,0.0,8b594511492beb66,raw/PHS/2026/09/PHS_20260920_0230Z.jpg
PHS,2026-09-20 02:45:02,2026-09-20 09:45:02,ocr,0.5561,36.5,3052,4,0,,,0,0,0.0,80b98a1a862bb34f,raw/PHS/2026/09/PHS_20260920_0245Z.jpg
PHS,2026-09-20 03:00:02,2026-09-20 10:00:02,ocr,0.4368,34.0,2397,0,0,,,0,0,0.0,9b530315c3a93bda,raw/PHS/2026/09/PHS_20260920_0300Z.jpg
PHS,2026-09-20 03:15:02,2026-09-20 10:15:02,ocr-majority,0.4719,39.0,2590,18,0,,,0,0,0.0,7281462b0cdbac78,raw/PHS/2026/09/PHS_20260920_0315Z.jpg
PHS,2026-09-20 03:30:02,2026-09-20 10:30:02,ocr,0.6018,41.5,3303,115,0,,,0,0,0.0,8b75aa9314f03045,raw/PHS/2026/09/PHS_20260920_0330Z.jpg
PHS,2026-09-20 03:45:02,2026-09-20 10:45:02,ocr,0.6723,41.5,3690,69,0,,,0,0,0.0,881190289f4a0f8e,raw/PHS/2026/09/PHS_20260920_0345Z.jpg
PHS,2026-09-20 04:00:02,2026-09-20 11:00:02,ocr,0.8001,41.5,4391,113,0,,,0,0,0.0,c3c88bab48791139,raw/PHS/2026/09/PHS_20260920_0400Z.jpg
PHS,2026-09-20 04:15:02,2026-09-20 11:15:02,ocr,0.9019,39.0,4950,45,0,,,0,0,0.0,812c7bf7cea3812f,raw/PHS/2026/09/PHS_20260920_0415Z.jpg
PHS,2026-09-20 04:30:02,2026-09-20 11:30:02,ocr,1.1856,41.5,6507,48,0,,,0,0,0.0,ea93fbf9d604ae8b,raw/PHS/2026/09/PHS_20260920_0430Z.jpg
PHS,2026-09-20 04:45:02,2026-09-20 11:45:02,ocr-majority,1.3157,41.5,7221,114,0,,,0,0,0.0,34ed2ea43d261231,raw/PHS/2026/09/PHS_20260920_0445Z.jpg
PHS,2026-09-20 05:00:02,2026-09-20 12:00:02,ocr,1.4868,41.5,8160,122,0,,,0,0,0.0,3dbb54f05c7efd91,raw/PHS/2026/09/PHS_20260920_0500Z.jpg
PHS,2026-09-20 05:15:02,2026-09-20 12:15:02,ocr,1.471,41.5,8073,136,0,,,0,0,0.0,c3c8fc4d0ced03ad,raw/PHS/2026/09/PHS_20260920_0515Z.jpg
PHS,2026-09-20 05:30:02,2026-09-20 12:30:02,ocr,1.4739,41.5,8089,132,0,,,0,0,0.0,e3fdc519f8929690,raw/PHS/2026/09/PHS_20260920_0530Z.jpg
PHS,2026-09-20 05:45:02,2026-09-20 12:45:02,ocr-majority,1.6544,41.5,9080,97,0,,,0,0,0.0,79fbdc9f12c2d36a,raw/PHS/2026/09/PHS_20260920_0545Z.jpg
PHS,2026-09-20 06:00:02,2026-09-20 13:00:02,ocr,1.6566,41.5,9092,128,0,,,0,0,0.0,8e1eb0216de1d7ee,raw/PHS/2026/09/PHS_20260920_0600Z.jpg
PHS,2026-09-20 06:15:02,2026-09-20 13:15:02,ocr,1.6654,46.5,9140,120,484,178.5;179.0;179.5,rfi,0,509,5.28,1e85c4ffe2d622f3,raw/PHS/2026/09/PHS_20260920_0615Z.jpg
PHS,2026-09-20 06:30:02,2026-09-20 13:30:02,ocr,1.7056,41.5,9361,139,477,179.0;179.5;180.0;180.5,rfi,0,505,5.12,1bb8241fe166c5ac,raw/PHS/2026/09/PHS_20260920_0630Z.jpg
PHS,2026-09-20 06:45:02,2026-09-20 13:45:02,ocr,1.5397,41.5,8450,344,239,179.0;179.5,rfi,0,267,3.06,e7fda7c8cfbeea65,raw/PHS/2026/09/PHS_20260920_0645Z.jpg
PHS,2026-09-20 07:00:02,2026-09-20 14:00:02,ocr,1.5477,41.5,8494,194,176,178.5;179.0;179.5;180.0,rfi,0,186,2.14,b5f853d6bc97c2c9,raw/PHS/2026/09/PHS_20260920_0700Z.jpg
PHS,2026-09-20 07:15:02,2026-09-20 14:15:02,ocr,2.048,44.0,11240,456,205,178.5;179.0;179.5,rfi,0,226,1.97,1d7640f36b29531b,raw/PHS/2026/09/PHS_20260920_0715Z.jpg
PHS,2026-09-20 07:30:02,2026-09-20 14:30:02,ocr,2.2685,44.0,12450,603,0,,,0,0,0.0,8cfb178f69c7a0a6,raw/PHS/2026/09/PHS_20260920_0730Z.jpg
PHS,2026-09-20 07:45:02,2026-09-20 14:45:02,ocr,2.4046,44.0,13197,609,0,,,0,0,0.0,f4fce9c31334643a,raw/PHS/2026/09/PHS_20260920_0745Z.jpg
PHS,2026-09-20 08:00:02,2026-09-20 15:00:02,ocr,2.2688,44.0,12452,508,0,,,0,0,0.0,8faf1a158f6e74b0,raw/PHS/2026/09/PHS_20260920_0800Z.jpg
PHS,2026-09-20 08:15:02,2026-09-20 15:15:02,ocr,2.2747,44.0,12484,569,0,,,0,0,0.0,4ffdb523bfe0e527,raw/PHS/2026/09/PHS_20260920_0815Z.jpg
PHS,2026-09-20 08:30:02,2026-09-20 15:30:02,ocr-majority,1.8046,44.0,9904,562,0,,,0,0,0.0,344a543940de506a,raw/PHS/2026/09/PHS_20260920_0830Z.jpg
PHS,2026-09-20 08:45:02,2026-09-20 15:45:02,ocr-majority,1.5781,41.5,8661,251,0,,,0,0,0.0,ad578b02d9af1252,raw/PHS/2026/09/PHS_20260920_0845Z.jpg
PHS,2026-09-20 09:00:02,2026-09-20 16:00:02,ocr,1.356,41.5,7442,119,0,,,0,0,0.0,034655e217af6b85,raw/PHS/2026/09/PHS_20260920_0900Z.jpg
PHS,2026-09-20 09:15:02,2026-09-20 16:15:02,ocr,1.6991,41.5,9325,527,953,178.5;179.0;179.5;180.0;180.5,rfi,0,1028,9.93,848e7a2dc7c326c1,raw/PHS/2026/09/PHS_20260920_0915Z.jpg
PHS,2026-09-20 09:30:02,2026-09-20 16:30:02,ocr,1.9391,41.5,10642,662,153,178.5;179.0;179.5,rfi,0,176,1.63,c85e2b852a5ae4c5,raw/PHS/2026/09/PHS_20260920_0930Z.jpg
PHS,2026-09-20 10:00:02,2026-09-20 17:00:02,ocr,2.3654,46.5,12982,703,523,177.5;178.0;178.5;179.0;179.5,rfi,0,548,4.05,8b5c72de6f81e028,raw/PHS/2026/09/PHS_20260920_1000Z.jpg
PHS,2026-09-20 10:15:02,2026-09-20 17:15:02,ocr,2.8071,46.5,15406,630,349,177.5;178.0;178.5;179.0;179.5;180.0,rfi,0,352,2.23,b098cce2825b606c,raw/PHS/2026/09/PHS_20260920_1015Z.jpg
PHS,2026-09-20 10:30:02,2026-09-20 17:30:02,ocr,3.0154,44.0,16549,677,370,178.0;178.5;179.0;179.5;180.0,rfi,0,383,2.26,7b1002aa50d2d2e9,raw/PHS/2026/09/PHS_20260920_1030Z.jpg
PHS,2026-09-20 10:45:02,2026-09-20 17:45:02,ocr,2.865,44.0,15724,697,401,178.5;179.0;179.5;180.0;180.5,rfi,0,405,2.51,0eec8339927a8aa0,raw/PHS/2026/09/PHS_20260920_1045Z.jpg
PHS,2026-09-20 11:00:02,2026-09-20 18:00:02,ocr,3.2825,44.0,18015,826,0,,,0,0,0.0,a74ce488f679d68e,raw/PHS/2026/09/PHS_20260920_1100Z.jpg
PHS,2026-09-20 11:15:02,2026-09-20 18:15:02,ocr,3.2515,41.5,17845,576,1265,178.0;178.5;179.0;179.5;180.0;180.5,rfi,0,1324,6.91,319b5a5b282c2fc9,raw/PHS/2026/09/PHS_20260920_1115Z.jpg
PHS,2026-09-20 11:30:02,2026-09-20 18:30:02,ocr-majority,3.5636,41.5,19558,474,443,178.5;179.0;179.5,rfi,0,479,2.39,82d0bc286a9afafa,raw/PHS/2026/09/PHS_20260920_1130Z.jpg
PHS,2026-09-20 12:00:02,2026-09-20 19:00:02,ocr,4.4419,44.0,24378,574,372,178.5;179.0;179.5,rfi,0,383,1.55,e7a533d491a13c7f,raw/PHS/2026/09/PHS_20260920_1200Z.jpg
PHS,2026-09-20 12:45:02,2026-09-20 19:45:02,ocr-majority,4.8675,44.0,26714,749,0,,,0,0,0.0,4509e9d9b69ab2e5,raw/PHS/2026/09/PHS_20260920_1245Z.jpg
PHS,2026-09-20 13:00:02,2026-09-20 20:00:02,ocr,5.1457,44.0,28241,671,0,,,0,0,0.0,3aad4a8f81a7a301,raw/PHS/2026/09/PHS_20260920_1300Z.jpg
PHS,2026-09-20 13:30:02,2026-09-20 20:30:02,ocr,5.6632,41.5,31081,757,239,179.0;179.5;180.0;180.5,rfi,0,249,0.79,068dd2dd9d1f0d05,raw/PHS/2026/09/PHS_20260920_1330Z.jpg
PHS,2026-09-20 14:15:02,2026-09-20 21:15:02,ocr,6.21,44.0,34082,1095,0,,,0,0,0.0,31cd05a00388a4c6,raw/PHS/2026/09/PHS_20260920_1415Z.jpg
PHS,2026-09-20 14:30:02,2026-09-20 21:30:02,ocr,6.4057,46.5,35156,1296,390,177.5;178.0;178.5;179.0;179.5,rfi,0,411,1.16,24bf0bb69b0ed5d1,raw/PHS/2026/09/PHS_20260920_1430Z.jpg
PHS,2026-09-20 14:45:02,2026-09-20 21:45:02,ocr-majority,6.0866,46.5,33405,1328,0,,,0,0,0.0,a376bbb95763aa81,raw/PHS/2026/09/PHS_20260920_1445Z.jpg
PHS,2026-09-20 15:00:02,2026-09-20 22:00:02,ocr,6.3545,44.0,34875,1556,0,,,0,0,0.0,06c953147c20629d,raw/PHS/2026/09/PHS_20260920_1500Z.jpg
PHS,2026-09-20 15:15:02,2026-09-20 22:15:02,ocr,6.5576,46.5,35990,1407,0,,,0,0,0.0,d3af3ea8c7be08ec,raw/PHS/2026/09/PHS_20260920_1515Z.jpg
PHS,2026-09-20 15:30:02,2026-09-20 22:30:02,ocr,6.5861,44.0,36146,1177,0,,,0,0,0.0,c5480d5bf2a1bb37,raw/PHS/2026/09/PHS_20260920_1530Z.jpg
PHS,2026-09-20 15:45:02,2026-09-20 22:45:02,ocr-majority,6.4306,44.0,35293,699,187,179.0;179.5,rfi,0,199,0.56,10dae5b680ed5389,raw/PHS/2026/09/PHS_20260920_1545Z.jpg
PHS,2026-09-20 16:00:02,2026-09-20 23:00:02,ocr,6.5629,41.5,36019,934,0,,,0,0,0.0,96341610012ab65a,raw/PHS/2026/09/PHS_20260920_1600Z.jpg
PHS,2026-09-20 16:15:02,2026-09-20 23:15:02,ocr,6.4146,44.0,35205,994,0,,,0,0,0.0,25dba55039a654df,raw/PHS/2026/09/PHS_20260920_1615Z.jpg
PHS,2026-09-20 16:30:02,2026-09-20 23:30:02,ocr,7.1236,64.0,39096,1118,405,178.5;179.0;179.5;180.0,rfi,0,443,1.12,081f91d0f2f3177d,raw/PHS/2026/09/PHS_20260920_1630Z.jpg
PHS,2026-09-20 16:45:02,2026-09-20 23:45:02,ocr-majority,8.1711,44.0,44845,1341,0,,,0,0,0.0,d060aebb304e67c6,raw/PHS/2026/09/PHS_20260920_1645Z.jpg
PHS,2026-09-20 17:00:02,2026-09-21 00:00:02,ocr,8.1822,64.0,44906,1441,0,,,0,0,0.0,13288a00a673333b,raw/PHS/2026/09/PHS_20260920_1700Z.jpg
PHS,2026-09-20 17:15:02,2026-09-21 00:15:02,ocr,8.106,41.5,44488,939,0,,,0,0,0.0,a3c2f3029397d85a,raw/PHS/2026/09/PHS_20260920_1715Z.jpg
PHS,2026-09-20 17:30:02,2026-09-21 00:30:02,ocr,6.3845,41.5,35040,248,0,,,0,0,0.0,ff70e87313627acb,raw/PHS/2026/09/PHS_20260920_1730Z.jpg
PHS,2026-09-20 17:45:02,2026-09-21 00:45:02,ocr,8.5856,41.5,47120,673,0,,,0,0,0.0,4c9475d508be356a,raw/PHS/2026/09/PHS_20260920_1745Z.jpg
PHS,2026-09-20 18:00:02,2026-09-21 01:00:02,ocr,9.643,41.5,52923,958,0,,,0,0,0.0,5453701b82137c37,raw/PHS/2026/09/PHS_20260920_1800Z.jpg
PHS,2026-09-20 18:15:02,2026-09-21 01:15:02,ocr-majority,10.7767,41.5,59145,747,0,,,0,0,0.0,58cfed6763fb6e35,raw/PHS/2026/09/PHS_20260920_1815Z.jpg
PHS,2026-09-20 18:30:02,2026-09-21 01:30:02,ocr-majority,10.2947,41.5,56500,281,0,,,0,0,0.0,2a5feab07f25085b,raw/PHS/2026/09/PHS_20260920_1830Z.jpg
PHS,2026-09-20 18:45:02,2026-09-21 01:45:02,ocr-majority,11.6667,41.5,64030,378,0,,,0,0,0.0,e463c3b9afd79fca,raw/PHS/2026/09/PHS_20260920_1845Z.jpg
PHS,2026-09-20 19:00:02,2026-09-21 02:00:02,ocr,12.4054,41.5,68084,685,178,179.0;179.5,rfi,0,187,0.27,be6307b6fa615abe,raw/PHS/2026/09/PHS_20260920_1900Z.jpg
PHS,2026-09-20 19:15:02,2026-09-21 02:15:02,ocr,12.85,41.5,70524,712,0,,,0,0,0.0,f6558ae58c71aab4,raw/PHS/2026/09/PHS_20260920_1915Z.jpg
PHS,2026-09-20 19:30:02,2026-09-21 02:30:02,ocr,13.2612,41.5,72781,415,0,,,0,0,0.0,1bcbfd4066fe138c,raw/PHS/2026/09/PHS_20260920_1930Z.jpg
PHS,2026-09-20 19:45:02,2026-09-21 02:45:02,ocr,13.8718,41.5,76132,201,0,,,0,0,0.0,c4fa10fb15ae4867,raw/PHS/2026/09/PHS_20260920_1945Z.jpg
PHS,2026-09-20 20:00:02,2026-09-21 03:00:02,ocr,14.2459,41.5,78185,157,0,,,0,0,0.0,1762eca0a1328f96,raw/PHS/2026/09/PHS_20260920_2000Z.jpg
PHS,2026-09-20 20:15:02,2026-09-21 03:15:02,ocr,16.158,41.5,88679,706,0,,,0,0,0.0,bda21d84501fba63,raw/PHS/2026/09/PHS_20260920_2015Z.jpg
PHS,2026-09-20 20:30:02,2026-09-21 03:30:02,ocr,16.1496,41.5,88633,848,0,,,0,0,0.0,9a7396edd607b8ce,raw/PHS/2026/09/PHS_20260920_2030Z.jpg
PHS,2026-09-20 20:45:02,2026-09-21 03:45:02,ocr,16.6887,64.0,91592,900,0,,,0,0,0.0,d83fd98f9593c80c,raw/PHS/2026/09/PHS_20260920_2045Z.jpg
PHS,2026-09-20 21:00:02,2026-09-21 04:00:02,ocr,17.0315,41.5,93473,734,0,,,0,0,0.0,6f8ca799ab9a0538,raw/PHS/2026/09/PHS_20260920_2100Z.jpg
PHS,2026-09-20 21:15:02,2026-09-21 04:15:02,ocr,16.4741,41.5,90414,915,0,,,0,0,0.0,ad27b2e7051e9e23,raw/PHS/2026/09/PHS_20260920_2115Z.jpg
PHS,2026-09-20 21:30:02,2026-09-21 04:30:02,ocr,15.66,41.5,85946,646,0,,,0,0,0.0,be29dc189ff60be7,raw/PHS/2026/09/PHS_20260920_2130Z.jpg
PHS,2026-09-20 21:45:02,2026-09-21 04:45:02,ocr,14.6797,41.5,80566,696,0,,,0,0,0.0,2cb57839915a736a,raw/PHS/2026/09/PHS_20260920_2145Z.jpg
PHS,2026-09-20 22:00:02,2026-09-21 05:00:02,ocr,13.7426,41.5,75423,727,0,,,0,0,0.0,fc35fece94d7b8c0,raw/PHS/2026/09/PHS_20260920_2200Z.jpg
PHS,2026-09-20 22:15:02,2026-09-21 05:15:02,ocr,12.8465,41.5,70505,686,0,,,0,0,0.0,42899c7ad2ff8051,raw/PHS/2026/09/PHS_20260920_2215Z.jpg
PHS,2026-09-20 22:30:02,2026-09-21 05:30:02,ocr,11.7487,41.5,64480,712,0,,,0,0,0.0,067dad3d5c08c5e0,raw/PHS/2026/09/PHS_20260920_2230Z.jpg
PHS,2026-09-20 22:45:02,2026-09-21 05:45:02,ocr,10.2707,41.5,56368,667,0,,,0,0,0.0,dea3e09163e55861,raw/PHS/2026/09/PHS_20260920_2245Z.jpg
PHS,2026-09-20 23:00:02,2026-09-21 06:00:02,ocr,9.4792,41.5,52024,910,0,,,0,0,0.0,40e543483111cbe7,raw/PHS/2026/09/PHS_20260920_2300Z.jpg
PHS,2026-09-20 23:15:02,2026-09-21 06:15:02,ocr,8.5548,41.5,46951,892,0,,,0,0,0.0,44727ae983319e03,raw/PHS/2026/09/PHS_20260920_2315Z.jpg
PHS,2026-09-20 23:30:02,2026-09-21 06:30:02,ocr,7.734,41.5,42446,575,0,,,0,0,0.0,60094dc58b828845,raw/PHS/2026/09/PHS_20260920_2330Z.jpg
PHS,2026-09-20 23:45:02,2026-09-21 06:45:02,ocr,6.9616,41.5,38207,491,260,178.5;179.0;179.5;180.0,rfi,0,298,0.77,ad7fec2e9046b24a,raw/PHS/2026/09/PHS_20260920_2345Z.jpg
PHS,2026-09-21 00:00:02,2026-09-21 07:00:02,ocr,5.8379,41.5,32040,485,165,178.5;179.0;179.5,rfi,0,184,0.57,5252a82762e0527f,raw/PHS/2026/09/PHS_20260921_0000Z.jpg
PHS,2026-09-21 00:15:02,2026-09-21 07:15:02,ocr,5.006,41.5,27474,226,0,,,0,0,0.0,7c8f974e66c0795e,raw/PHS/2026/09/PHS_20260921_0015Z.jpg
PHS,2026-09-21 00:30:02,2026-09-21 07:30:02,ocr,4.082,64.0,22403,144,0,,,0,0,0.0,eefd4d15e52f76c5,raw/PHS/2026/09/PHS_20260921_0030Z.jpg
PHS,2026-09-21 00:45:02,2026-09-21 07:45:02,ocr,3.7584,41.5,20627,226,0,,,0,0,0.0,ef736685c51ef9f9,raw/PHS/2026/09/PHS_20260921_0045Z.jpg
PHS,2026-09-21 01:00:02,2026-09-21 08:00:02,ocr,3.2861,41.5,18035,169,116,179.0;179.5,rfi,0,125,0.69,e6723548362df01a,raw/PHS/2026/09/PHS_20260921_0100Z.jpg
PHS,2026-09-21 01:15:02,2026-09-21 08:15:02,ocr,2.5371,41.5,13924,184,0,,,0,0,0.0,e22796c8f865be3b,raw/PHS/2026/09/PHS_20260921_0115Z.jpg
PHS,2026-09-21 01:30:02,2026-09-21 08:30:02,ocr,2.189,41.5,12014,39,0,,,0,0,0.0,a71e433a49688eae,raw/PHS/2026/09/PHS_20260921_0130Z.jpg
PHS,2026-09-21 01:45:02,2026-09-21 08:45:02,ocr-majority,1.7497,26.5,9603,0,0,,,0,0,0.0,613a66b03f4cfd4d,raw/PHS/2026/09/PHS_20260921_0145Z.jpg
PHS,2026-09-21 02:00:02,2026-09-21 09:00:02,ocr,0.9194,26.5,5046,0,0,,,0,0,0.0,dd1aba458e9e8dd4,raw/PHS/2026/09/PHS_20260921_0200Z.jpg
PHS,2026-09-21 02:15:02,2026-09-21 09:15:02,ocr,0.492,24.0,2700,0,0,,,0,0,0.0,7479b66ac3026826,raw/PHS/2026/09/PHS_20260921_0215Z.jpg
PHS,2026-09-21 02:30:02,2026-09-21 09:30:02,ocr,0.2329,24.0,1278,0,0,,,0,0,0.0,3fd37aac319d7fa6,raw/PHS/2026/09/PHS_20260921_0230Z.jpg
PHS,2026-09-21 02:45:02,2026-09-21 09:45:02,ocr-majority,0.0893,24.0,490,0,0,,,0,0,0.0,db403cc7fc05023a,raw/PHS/2026/09/PHS_20260921_0245Z.jpg
PHS,2026-09-21 03:00:02,2026-09-21 10:00:02,ocr,0.0505,21.5,277,0,593,179.0;179.5;180.0,rfi,0,634,69.59,2af25ee4acf7e337,raw/PHS/2026/09/PHS_20260921_0300Z.jpg
PHS,2026-09-21 03:15:02,2026-09-21 10:15:02,ocr-majority,0.0279,21.5,153,0,0,,,0,0,0.0,1c92e087502fdef8,raw/PHS/2026/09/PHS_20260921_0315Z.jpg
PHS,2026-09-21 03:30:02,2026-09-21 10:30:02,ocr,0.0465,21.5,255,0,208,178.5;179.0;179.5,rfi,0,216,45.86,af53c94ba2fa4b72,raw/PHS/2026/09/PHS_20260921_0330Z.jpg
PHS,2026-09-21 03:45:02,2026-09-21 10:45:02,ocr-majority,0.0426,21.5,234,0,185,179.0;179.5,rfi,0,197,45.71,56aede3196ad176e,raw/PHS/2026/09/PHS_20260921_0345Z.jpg
PHS,2026-09-21 04:00:02,2026-09-21 11:00:02,ocr,0.0321,24.0,176,0,0,,,0,0,0.0,fe715abcb690b8ec,raw/PHS/2026/09/PHS_20260921_0400Z.jpg
PHS,2026-09-21 04:15:02,2026-09-21 11:15:02,ocr,0.0567,31.5,311,0,0,,,0,0,0.0,ee0e50e5d573fa95,raw/PHS/2026/09/PHS_20260921_0415Z.jpg
PHS,2026-09-21 04:30:02,2026-09-21 11:30:02,ocr-majority,0.0962,26.5,528,0,0,,,0,0,0.0,ae39c76a36e50d15,raw/PHS/2026/09/PHS_20260921_0430Z.jpg
PHS,2026-09-21 04:45:02,2026-09-21 11:45:02,ocr-majority,0.1849,36.5,1015,7,0,,,0,0,0.0,3c744c907ba2855a,raw/PHS/2026/09/PHS_20260921_0445Z.jpg
PHS,2026-09-21 05:00:02,2026-09-21 12:00:02,ocr,0.2744,34.0,1506,0,416,179.5;180.0,rfi,0,446,22.85,9c48a7c582dbb052,raw/PHS/2026/09/PHS_20260921_0500Z.jpg
PHS,2026-09-21 05:15:02,2026-09-21 12:15:02,ocr,0.3604,34.0,1978,0,0,,,0,0,0.0,eaece462e9f33fa7,raw/PHS/2026/09/PHS_20260921_0515Z.jpg
PHS,2026-09-21 05:30:02,2026-09-21 12:30:02,ocr,0.4787,41.5,2627,15,278,179.0;179.5,rfi,0,300,10.25,fc4b085d0ff3675f,raw/PHS/2026/09/PHS_20260921_0530Z.jpg
PHS,2026-09-21 05:45:02,2026-09-21 12:45:02,ocr-majority,0.5769,41.5,3166,38,0,,,0,0,0.0,ed6f087c338bd522,raw/PHS/2026/09/PHS_20260921_0545Z.jpg
PHS,2026-09-21 06:00:02,2026-09-21 13:00:02,ocr,0.828,39.0,4544,25,0,,,0,0,0.0,8e5611d463db7f1b,raw/PHS/2026/09/PHS_20260921_0600Z.jpg
PHS,2026-09-21 06:15:02,2026-09-21 13:15:02,ocr,0.9307,41.5,5108,40,0,,,0,0,0.0,29db3d3c87a98462,raw/PHS/2026/09/PHS_20260921_0615Z.jpg
PHS,2026-09-21 06:30:02,2026-09-21 13:30:02,ocr,1.0799,41.5,5927,52,185,179.0;179.5,rfi,0,206,3.36,1d9899a2216041e1,raw/PHS/2026/09/PHS_20260921_0630Z.jpg
PHS,2026-09-21 06:45:02,2026-09-21 13:45:02,ocr-majority,1.1224,41.5,6160,65,0,,,0,0,0.0,e46bde440064bdf2,raw/PHS/2026/09/PHS_20260921_0645Z.jpg
PHS,2026-09-21 07:00:02,2026-09-21 14:00:02,ocr,1.1253,41.5,6176,83,193,178.5;179.0;179.5,rfi,0,201,3.15,4ac00af6d5ee0044,raw/PHS/2026/09/PHS_20260921_0700Z.jpg
PHS,2026-09-21 07:15:02,2026-09-21 14:15:02,ocr,1.1814,44.0,6484,80,1169,178.5;179.0;179.5;180.0,rfi,0,1233,15.98,b8cfd1275484ce32,raw/PHS/2026/09/PHS_20260921_0715Z.jpg
PHS,2026-09-21 07:30:02,2026-09-21 14:30:02,ocr,1.348,41.5,7398,105,0,,,0,0,0.0,da1ea0d5a8f5c0ce,raw/PHS/2026/09/PHS_20260921_0730Z.jpg
PHS,2026-09-21 07:45:02,2026-09-21 14:45:02,ocr,1.3935,41.5,7648,134,0,,,0,0,0.0,af0f2184d9ba58df,raw/PHS/2026/09/PHS_20260921_0745Z.jpg
PHS,2026-09-21 08:00:02,2026-09-21 15:00:02,ocr-majority,1.5123,41.5,8300,95,0,,,0,0,0.0,453ad313f5b12aa1,raw/PHS/2026/09/PHS_20260921_0800Z.jpg
PHS,2026-09-21 08:15:02,2026-09-21 15:15:02,ocr,1.6499,41.5,9055,169,0,,,0,0,0.0,43c813033c69470d,raw/PHS/2026/09/PHS_20260921_0815Z.jpg
PHS,2026-09-21 08:30:02,2026-09-21 15:30:02,ocr,1.8161,41.5,9967,147,0,,,0,0,0.0,efc1158d542af40b,raw/PHS/2026/09/PHS_20260921_0830Z.jpg
PHS,2026-09-21 08:45:02,2026-09-21 15:45:02,ocr-majority,2.1036,46.5,11545,275,0,,,0,0,0.0,e5095e2278c54c6f,raw/PHS/2026/09/PHS_20260921_0845Z.jpg
PHS,2026-09-21 09:00:02,2026-09-21 16:00:02,ocr,2.4434,41.5,13410,336,0,,,0,0,0.0,5370a50557958387,raw/PHS/2026/09/PHS_20260921_0900Z.jpg
PHS,2026-09-21 09:15:02,2026-09-21 16:15:02,ocr,2.575,41.5,14132,416,0,,,0,0,0.0,04cfc149116e9b4b,raw/PHS/2026/09/PHS_20260921_0915Z.jpg
PHS,2026-09-21 09:30:02,2026-09-21 16:30:02,ocr,2.4492,41.5,13442,375,194,179.0;179.5,rfi,0,215,1.57,8152466bdb30829c,raw/PHS/2026/09/PHS_20260921_0930Z.jpg
PHS,2026-09-21 09:45:02,2026-09-21 16:45:02,ocr,2.7563,44.0,15127,442,295,178.5;179.0;179.5;180.0,rfi,0,323,2.09,a2a1c2b8e195eee7,raw/PHS/2026/09/PHS_20260921_0945Z.jpg
PHS,2026-09-21 10:00:02,2026-09-21 17:00:02,ocr,2.9846,44.0,16380,494,0,,,0,0,0.0,929d13b772727e33,raw/PHS/2026/09/PHS_20260921_1000Z.jpg
PHS,2026-09-21 10:15:02,2026-09-21 17:15:02,ocr,2.9029,44.0,15932,530,0,,,0,0,0.0,55cbda0095ea5f55,raw/PHS/2026/09/PHS_20260921_1015Z.jpg
PHS,2026-09-21 10:30:02,2026-09-21 17:30:02,ocr,2.636,46.5,14467,611,0,,,0,0,0.0,8b63bb6c6d98638a,raw/PHS/2026/09/PHS_20260921_1030Z.jpg
PHS,2026-09-21 10:45:02,2026-09-21 17:45:02,ocr-majority,2.306,44.0,12656,680,0,,,0,0,0.0,e8645260de9eebe6,raw/PHS/2026/09/PHS_20260921_1045Z.jpg
PHS,2026-09-21 11:00:02,2026-09-21 18:00:02,ocr,2.1218,46.5,11645,670,0,,,0,0,0.0,3198825cc2ead00c,raw/PHS/2026/09/PHS_20260921_1100Z.jpg
PHS,2026-09-21 11:15:02,2026-09-21 18:15:02,ocr,2.4521,41.5,13458,594,0,,,0,0,0.0,5898f015b4dc632c,raw/PHS/2026/09/PHS_20260921_1115Z.jpg
PHS,2026-09-21 11:30:02,2026-09-21 18:30:02,ocr-majority,2.3457,44.0,12874,408,0,,,0,0,0.0,c18384664e808a83,raw/PHS/2026/09/PHS_20260921_1130Z.jpg
PHS,2026-09-21 11:45:02,2026-09-21 18:45:02,ocr-majority,2.3248,41.5,12759,517,0,,,0,0,0.0,61d9a6d0da60c9c9,raw/PHS/2026/09/PHS_20260921_1145Z.jpg
PHS,2026-09-21 12:00:02,2026-09-21 19:00:02,ocr,2.736,44.0,15016,444,0,,,0,0,0.0,7ec2dd2345ec66db,raw/PHS/2026/09/PHS_20260921_1200Z.jpg
PHS,2026-09-21 12:15:02,2026-09-21 19:15:02,ocr,2.6562,41.5,14578,413,312,178.5;179.0;179.5;180.0,rfi,0,331,2.22,b9b0e5b4d9dd70e5,raw/PHS/2026/09/PHS_20260921_1215Z.jpg
PHS,2026-09-21 12:30:02,2026-09-21 19:30:02,ocr,2.7337,41.5,15003,490,503,178.5;179.0;179.5;180.0,rfi,0,538,3.46,55c1a1bb83d3d47b,raw/PHS/2026/09/PHS_20260921_1230Z.jpg
PHS,2026-09-21 12:45:02,2026-09-21 19:45:02,ocr-majority,2.6774,44.0,14694,465,0,,,0,0,0.0,7e2ef4d047f6c817,raw/PHS/2026/09/PHS_20260921_1245Z.jpg
PHS,2026-09-21 13:00:02,2026-09-21 20:00:02,ocr,2.7304,41.5,14985,272,225,178.5;179.0;179.5,rfi,0,245,1.61,e5556de44d9ffd20,raw/PHS/2026/09/PHS_20260921_1300Z.jpg
PHS,2026-09-21 13:15:02,2026-09-21 20:15:02,ocr,2.7331,41.5,15000,130,243,178.5;179.0;179.5;180.0,rfi,0,254,1.67,1787ff1fe0edc2e8,raw/PHS/2026/09/PHS_20260921_1315Z.jpg
PHS,2026-09-21 13:30:02,2026-09-21 20:30:02,ocr-majority,2.8913,41.5,15868,133,0,,,0,0,0.0,1d64a7ba7f253ced,raw/PHS/2026/09/PHS_20260921_1330Z.jpg
PHS,2026-09-21 13:45:02,2026-09-21 20:45:02,ocr-majority,2.9427,64.0,16150,205,0,,,0,0,0.0,f1a01b4fac071c7b,raw/PHS/2026/09/PHS_20260921_1345Z.jpg
PHS,2026-09-21 14:00:02,2026-09-21 21:00:02,ocr,2.6877,41.5,14751,122,498,178.5;179.0;179.5;180.0,rfi,0,515,3.37,0be0e989957d686b,raw/PHS/2026/09/PHS_20260921_1400Z.jpg
PHS,2026-09-21 14:15:02,2026-09-21 21:15:02,ocr,2.5711,64.0,14111,89,689,178.0;178.5;179.0;179.5;180.0;180.5,rfi,0,712,4.8,b42131f617029565,raw/PHS/2026/09/PHS_20260921_1415Z.jpg
PHS,2026-09-21 14:30:02,2026-09-21 21:30:02,ocr-majority,2.3927,36.5,13132,71,149,178.5;179.0;179.5;180.0;180.5,rfi,0,163,1.23,d21e588e82e23ad4,raw/PHS/2026/09/PHS_20260921_1430Z.jpg
PHS,2026-09-21 14:45:02,2026-09-21 21:45:02,ocr-majority,2.0258,36.5,11118,24,0,,,0,0,0.0,d85cd4eb81d16734,raw/PHS/2026/09/PHS_20260921_1445Z.jpg
PHS,2026-09-21 15:00:02,2026-09-21 22:00:02,ocr,1.8746,41.5,10288,96,129,178.5;179.0;179.5;180.0;180.5,rfi,0,143,1.37,f5bcd3595f0c1bd8,raw/PHS/2026/09/PHS_20260921_1500Z.jpg
PHS,2026-09-21 15:15:02,2026-09-21 22:15:02,ocr,1.5389,41.5,8446,91,0,,,0,0,0.0,caa003b5599d122e,raw/PHS/2026/09/PHS_20260921_1515Z.jpg
PHS,2026-09-21 15:30:02,2026-09-21 22:30:02,ocr-majority,1.1532,41.5,6329,140,0,,,0,0,0.0,4b404d33057819e3,raw/PHS/2026/09/PHS_20260921_1530Z.jpg
PHS,2026-09-21 15:45:02,2026-09-21 22:45:02,ocr-majority,0.9535,41.5,5233,255,0,,,0,0,0.0,1d02b3ffefc2e291,raw/PHS/2026/09/PHS_20260921_1545Z.jpg
PHS,2026-09-21 16:00:02,2026-09-21 23:00:02,ocr,0.6873,41.5,3772,97,208,179.0;179.5;180.0,rfi,0,221,5.53,48fbc4308c7cc68a,raw/PHS/2026/09/PHS_20260921_1600Z.jpg
PHS,2026-09-21 16:15:02,2026-09-21 23:15:02,ocr,0.6315,41.5,3466,46,0,,,0,0,0.0,656f1fdc279545e5,raw/PHS/2026/09/PHS_20260921_1615Z.jpg
PHS,2026-09-21 16:30:02,2026-09-21 23:30:02,ocr-majority,0.6293,44.0,3454,93,210,179.0;179.5,rfi,0,236,6.4,d8a341eb6dfa3167,raw/PHS/2026/09/PHS_20260921_1630Z.jpg
PHS,2026-09-21 16:45:02,2026-09-21 23:45:02,ocr-majority,0.5583,41.5,3064,131,0,,,0,0,0.0,f0a195d9202576ed,raw/PHS/2026/09/PHS_20260921_1645Z.jpg
PHS,2026-09-21 17:00:02,2026-09-22 00:00:02,ocr,0.4801,41.5,2635,120,0,,,0,0,0.0,96f37bb201209ea6,raw/PHS/2026/09/PHS_20260921_1700Z.jpg
PHS,2026-09-21 17:15:02,2026-09-22 00:15:02,ocr,0.5512,41.5,3025,113,0,,,0,0,0.0,a6d51b9857f8f9bd,raw/PHS/2026/09/PHS_20260921_1715Z.jpg
PHS,2026-09-21 17:30:02,2026-09-22 00:30:02,ocr-majority,0.6867,41.5,3769,136,157,179.0;179.5,rfi,0,169,4.29,dc7024e704628836,raw/PHS/2026/09/PHS_20260921_1730Z.jpg
PHS,2026-09-21 17:45:02,2026-09-22 00:45:02,ocr-majority,0.8008,41.5,4395,77,367,178.5;179.0;179.5;180.0,rfi,0,396,8.27,cdc4fef52d543b2f,raw/PHS/2026/09/PHS_20260921_1745Z.jpg
PHS,2026-09-21 18:00:02,2026-09-22 01:00:02,ocr,0.8753,41.5,4804,32,0,,,0,0,0.0,170de2b88809086b,raw/PHS/2026/09/PHS_20260921_1800Z.jpg
PHS,2026-09-21 18:15:02,2026-09-22 01:15:02,ocr,0.8966,41.5,4921,32,417,179.0;179.5,rfi,0,442,8.24,3fec6b3f45b9ef12,raw/PHS/2026/09/PHS_20260921_1815Z.jpg
PHS,2026-09-21 18:30:02,2026-09-22 01:30:02,ocr-majority,0.9874,41.5,5419,64,0,,,0,0,0.0,331bd93c9435df79,raw/PHS/2026/09/PHS_20260921_1830Z.jpg
PHS,2026-09-21 18:45:02,2026-09-22 01:45:02,ocr-majority,0.8491,41.5,4660,145,0,,,0,0,0.0,407f673eb25d853e,raw/PHS/2026/09/PHS_20260921_1845Z.jpg
PHS,2026-09-21 19:00:02,2026-09-22 02:00:02,ocr,0.8536,44.0,4685,126,0,,,0,0,0.0,6e2e27ff52f9c6e9,raw/PHS/2026/09/PHS_20260921_1900Z.jpg
PHS,2026-09-21 19:15:02,2026-09-22 02:15:02,ocr,0.8473,41.5,4650,103,0,,,0,0,0.0,43eba18f2b0fa84d,raw/PHS/2026/09/PHS_20260921_1915Z.jpg
PHS,2026-09-21 19:30:02,2026-09-22 02:30:02,ocr,0.6793,41.5,3728,120,0,,,0,0,0.0,c6866f032b276324,raw/PHS/2026/09/PHS_20260921_1930Z.jpg
PHS,2026-09-21 19:45:02,2026-09-22 02:45:02,ocr-majority,0.6421,41.5,3524,130,0,,,0,0,0.0,bc466a0e35d4a949,raw/PHS/2026/09/PHS_20260921_1945Z.jpg
PHS,2026-09-21 20:00:02,2026-09-22 03:00:02,ocr,0.639,41.5,3507,103,0,,,0,0,0.0,7c3762bddacb96a0,raw/PHS/2026/09/PHS_20260921_2000Z.jpg
PHS,2026-09-21 20:15:02,2026-09-22 03:15:02,ocr,0.6499,41.5,3567,37,0,,,0,0,0.0,ee059b15c1d48ff0,raw/PHS/2026/09/PHS_20260921_2015Z.jpg
PHS,2026-09-21 20:30:02,2026-09-22 03:30:02,ocr,0.5825,36.5,3197,24,1511,178.5;179.0;179.5;180.0,rfi,0,1571,32.95,4d2bbfeec26e8c67,raw/PHS/2026/09/PHS_20260921_2030Z.jpg
PHS,2026-09-21 20:45:02,2026-09-22 03:45:02,ocr,0.4566,36.5,2506,2,0,,,0,0,0.0,e7f7fc9db5eae941,raw/PHS/2026/09/PHS_20260921_2045Z.jpg
PHS,2026-09-21 21:00:02,2026-09-22 04:00:02,ocr,0.4331,36.5,2377,14,0,,,0,0,0.0,3f132c18ca8e6685,raw/PHS/2026/09/PHS_20260921_2100Z.jpg
PHS,2026-09-21 21:30:02,2026-09-22 04:30:02,ocr,0.4111,41.5,2256,64,0,,,0,0,0.0,3c4daefde1514497,raw/PHS/2026/09/PHS_20260921_2130Z.jpg
PHS,2026-09-21 21:45:02,2026-09-22 04:45:02,ocr,0.5911,41.5,3244,88,493,178.5;179.0;179.5;180.0,rfi,0,535,14.16,334ab9617285e517,raw/PHS/2026/09/PHS_20260921_2145Z.jpg
PHS,2026-09-21 22:00:02,2026-09-22 05:00:02,ocr,0.7389,41.5,4055,122,0,,,0,0,0.0,884e41247f0faeb8,raw/PHS/2026/09/PHS_20260921_2200Z.jpg
PHS,2026-09-21 22:15:02,2026-09-22 05:15:02,ocr,0.95,41.5,5214,240,0,,,0,0,0.0,a7c2c7090df9b4f3,raw/PHS/2026/09/PHS_20260921_2215Z.jpg
PHS,2026-09-21 22:30:02,2026-09-22 05:30:02,ocr,0.9916,44.0,5442,381,0,,,0,0,0.0,d630a9bccb46f8fa,raw/PHS/2026/09/PHS_20260921_2230Z.jpg
PHS,2026-09-21 22:45:02,2026-09-22 05:45:02,ocr,1.0676,44.0,5859,405,0,,,0,0,0.0,77eae0f4c5bf6a6a,raw/PHS/2026/09/PHS_20260921_2245Z.jpg
PHS,2026-09-21 23:00:02,2026-09-22 06:00:02,ocr,1.0442,44.0,5731,456,0,,,0,0,0.0,8ce070b37ce704cf,raw/PHS/2026/09/PHS_20260921_2300Z.jpg
PHS,2026-09-21 23:15:02,2026-09-22 06:15:02,ocr,1.2745,41.5,6995,606,0,,,0,0,0.0,c8eb2d36b85bbe3b,raw/PHS/2026/09/PHS_20260921_2315Z.jpg
PHS,2026-09-21 23:30:02,2026-09-22 06:30:02,ocr,1.1807,44.0,6480,610,0,,,0,0,0.0,671c892a4f6571c3,raw/PHS/2026/09/PHS_20260921_2330Z.jpg
PHS,2026-09-21 23:45:02,2026-09-22 06:45:02,ocr,1.278,41.5,7014,590,0,,,0,0,0.0,b84d60825fa3e079,raw/PHS/2026/09/PHS_20260921_2345Z.jpg
PHS,2026-09-22 00:00:02,2026-09-22 07:00:02,ocr,1.3902,44.0,7630,407,0,,,0,0,0.0,f42e273e09f22c2b,raw/PHS/2026/09/PHS_20260922_0000Z.jpg
PHS,2026-09-22 00:15:02,2026-09-22 07:15:02,ocr,1.3073,41.5,7175,371,0,,,0,0,0.0,3eae9f998d76d1ab,raw/PHS/2026/09/PHS_20260922_0015Z.jpg
PHS,2026-09-22 00:30:02,2026-09-22 07:30:02,ocr,1.2124,41.5,6654,331,0,,,0,0,0.0,b613feccf554afbc,raw/PHS/2026/09/PHS_20260922_0030Z.jpg
PHS,2026-09-22 00:45:01,2026-09-22 07:45:01,ocr,1.2625,41.5,6929,397,0,,,0,0,0.0,35ffe7161a11d742,raw/PHS/2026/09/PHS_20260922_0045Z.jpg
PHS,2026-09-22 01:00:02,2026-09-22 08:00:02,ocr,1.3219,41.5,7255,220,0,,,0,0,0.0,aa3a56b6fab39b3e,raw/PHS/2026/09/PHS_20260922_0100Z.jpg
PHS,2026-09-22 01:15:02,2026-09-22 08:15:02,ocr,1.3195,41.5,7242,243,0,,,0,0,0.0,5650712df38ba834,raw/PHS/2026/09/PHS_20260922_0115Z.jpg
PHS,2026-09-22 01:30:02,2026-09-22 08:30:02,ocr,1.3075,46.5,7176,343,0,,,0,0,0.0,e32bfa1dd4e867f2,raw/PHS/2026/09/PHS_20260922_0130Z.jpg
PHS,2026-09-22 01:45:02,2026-09-22 08:45:02,ocr,1.1224,41.5,6160,288,0,,,0,0,0.0,0c6648c396cfe8f0,raw/PHS/2026/09/PHS_20260922_0145Z.jpg
PHS,2026-09-22 02:00:02,2026-09-22 09:00:02,ocr,1.0708,41.5,5877,198,0,,,0,0,0.0,56fb7a8b4d8a766f,raw/PHS/2026/09/PHS_20260922_0200Z.jpg
PHS,2026-09-22 02:15:02,2026-09-22 09:15:02,ocr,0.9786,41.5,5371,99,0,,,0,0,0.0,1c054f1f27a1d02c,raw/PHS/2026/09/PHS_20260922_0215Z.jpg
PHS,2026-09-22 02:30:02,2026-09-22 09:30:02,ocr,0.6507,41.5,3571,103,0,,,0,0,0.0,9b221c1d0df20971,raw/PHS/2026/09/PHS_20260922_0230Z.jpg
PHS,2026-09-22 02:45:02,2026-09-22 09:45:02,ocr,0.6472,41.5,3552,111,0,,,0,0,0.0,1696f782aae076d1,raw/PHS/2026/09/PHS_20260922_0245Z.jpg
PHS,2026-09-22 03:00:02,2026-09-22 10:00:02,ocr,0.5851,41.5,3211,78,0,,,0,0,0.0,e5cef65effcbca36,raw/PHS/2026/09/PHS_20260922_0300Z.jpg
PHS,2026-09-22 03:15:02,2026-09-22 10:15:02,ocr,0.5481,41.5,3008,148,0,,,0,0,0.0,73c0ab1a41e26744,raw/PHS/2026/09/PHS_20260922_0315Z.jpg
PHS,2026-09-22 03:30:02,2026-09-22 10:30:02,ocr,0.4685,39.0,2571,60,0,,,0,0,0.0,32eb584d618d50d3,raw/PHS/2026/09/PHS_20260922_0330Z.jpg
PHS,2026-09-22 03:45:02,2026-09-22 10:45:02,ocr,0.5095,36.5,2796,10,0,,,0,0,0.0,49f529e7650597f8,raw/PHS/2026/09/PHS_20260922_0345Z.jpg
PHS,2026-09-22 04:00:02,2026-09-22 11:00:02,ocr,0.4211,36.5,2311,2,0,,,0,0,0.0,e6eaedd2ed49e964,raw/PHS/2026/09/PHS_20260922_0400Z.jpg
PHS,2026-09-22 04:15:02,2026-09-22 11:15:02,ocr,0.4014,34.0,2203,0,0,,,0,0,0.0,06370721e0903d8c,raw/PHS/2026/09/PHS_20260922_0415Z.jpg
PHS,2026-09-22 04:30:02,2026-09-22 11:30:02,ocr,0.4318,36.5,2370,4,0,,,0,0,0.0,c19d9f732b072e15,raw/PHS/2026/09/PHS_20260922_0430Z.jpg
PHS,2026-09-22 04:45:02,2026-09-22 11:45:02,ocr-majority,0.3251,36.5,1784,4,0,,,0,0,0.0,2bac9d10426aeb2d,raw/PHS/2026/09/PHS_20260922_0445Z.jpg
PHS,2026-09-22 05:00:02,2026-09-22 12:00:02,ocr,0.3351,41.5,1839,13,0,,,0,0,0.0,c25144eba9f08470,raw/PHS/2026/09/PHS_20260922_0500Z.jpg
PHS,2026-09-22 05:15:02,2026-09-22 12:15:02,ocr,0.3713,36.5,2038,5,0,,,0,0,0.0,2f7484c7158edf53,raw/PHS/2026/09/PHS_20260922_0515Z.jpg
PHS,2026-09-22 05:30:02,2026-09-22 12:30:02,ocr,0.3956,36.5,2171,15,0,,,0,0,0.0,51462294124abcb0,raw/PHS/2026/09/PHS_20260922_0530Z.jpg
