origin,utc,name,n_cells,mean_mm,max_mm,coverage,eta_area,eta_first,reliable
1791590400,2026-10-10T00:00:00Z,พิชัย,176,0.0,0.0,0.0,,,True
1791590400,2026-10-10T00:00:00Z,ลับแล,116,0.0,0.0,0.0,,,True
1791590400,2026-10-10T00:00:00Z,ฟากท่า,163,0.0,0.0,0.0,,,True
1791590400,2026-10-10T00:00:00Z,บ้านโคก,247,0.0,0.0,0.0,,,True
1791590400,2026-10-10T00:00:00Z,ท่าปลา,442,0.0,0.0,0.0,,,True
1791590400,2026-10-10T00:00:00Z,น้ำปาด,363,0.0,0.0,0.0,,,True
1791590400,2026-10-10T00:00:00Z,เมืองอุตรดิตถ์,202,0.0,0.0,0.0,,,True
1791590400,2026-10-10T00:00:00Z,ตรอน,80,0.0,0.0,0.0,,,True
1791590400,2026-10-10T00:00:00Z,หล่มเก่า,246,0.0,0.0,0.0,,,True
1791590400,2026-10-10T00:00:00Z,วิเชียรบุรี,377,0.0,0.0,0.0,,,True
1791590400,2026-10-10T00:00:00Z,ชนแดน,279,0.0,0.0,0.0,,,True
1791590400,2026-10-10T00:00:00Z,หล่มสัก,350,0.0,0.0,0.0,,,True
1791590400,2026-10-10T00:00:00Z,เมืองเพชรบูรณ์,571,0.0,0.0,0.0,,,True
1791590400,2026-10-10T00:00:00Z,ทองแสนขัน,185,0.0,0.0,0.0,,,True
1791590400,2026-10-10T00:00:00Z,บึงสามัคคี,71,0.0,0.0,0.0,,,True
1791590400,2026-10-10T00:00:00Z,โกสัมพีนคร,137,0.0,0.0,0.0,,,True
1791590400,2026-10-10T00:00:00Z,สอง,380,0.0,0.0,0.0,,,True
1791590400,2026-10-10T00:00:00Z,วังชิ้น,255,0.0,0.0,0.0,,,True
1791590400,2026-10-10T00:00:00Z,สูงเม่น,88,0.0,0.0,0.0,,,True
1791590400,2026-10-10T00:00:00Z,เด่นชัย,135,0.0,0.0,0.0,,,True
1791590400,2026-10-10T00:00:00Z,ร้องกวาง,221,0.0,0.0,0.0,,,True
1791590400,2026-10-10T00:00:00Z,ลอง,317,0.0,0.0,0.0,,,True
1791590400,2026-10-10T00:00:00Z,เมืองแพร่,205,0.0,0.0,0.0,,,True
1791590400,2026-10-10T00:00:00Z,ทัพทัน,94,0.0,0.0,0.0,,,True
1791590400,2026-10-10T00:00:00Z,สว่างอารมณ์,110,0.0,0.0,0.0,,,True
1791590400,2026-10-10T00:00:00Z,เมืองอุทัยธานี,59,0.0,0.0,0.0,,,True
1791590400,2026-10-10T00:00:00Z,ห้วยคต,94,0.0,0.0,0.0,,,True
1791590400,2026-10-10T00:00:00Z,ศรีสวัสดิ์,440,0.0,0.0,0.0,,,True
1791590400,2026-10-10T00:00:00Z,บ้านไร่,821,0.0,0.0,0.0,,,True
1791590400,2026-10-10T00:00:00Z,ลานสัก,360,0.0,0.0,0.0,,,True
1791590400,2026-10-10T00:00:00Z,หนองฉาง,89,0.0,0.0,0.0,,,True
1791590400,2026-10-10T00:00:00Z,หนองขาหย่าง,43,0.0,0.0,0.0,,,True
1791590400,2026-10-10T00:00:00Z,เชียงม่วน,82,0.0,0.0,0.0,,,True
1791590400,2026-10-10T00:00:00Z,ดอกคำใต้,37,0.0,0.0,0.0,,,True
1791590400,2026-10-10T00:00:00Z,เมืองพะเยา,6,0.0,0.0,0.0,,,True
1791590400,2026-10-10T00:00:00Z,ทองผาภูมิ,851,0.0,0.0,0.0,,,True
1791590400,2026-10-10T00:00:00Z,สังขละบุรี,793,0.0,0.0,0.0,,,True
1791590400,2026-10-10T00:00:00Z,หนองม่วงไข่,35,0.0,0.0,0.0,,,True
1791590400,2026-10-10T00:00:00Z,ภูเวียง,81,0.0,0.0,0.0,,,True
1791590400,2026-10-10T00:00:00Z,มัญจาคีรี,50,0.0,0.0,0.0,,,True
1791590400,2026-10-10T00:00:00Z,หนองปรือ,104,0.0,0.0,0.0,,,True
1791590400,2026-10-10T00:00:00Z,เลาขวัญ,123,0.0,0.0,0.0,,,True
1791590400,2026-10-10T00:00:00Z,หนองนาคำ,43,0.0,0.0,0.0,,,True
1791590400,2026-10-10T00:00:00Z,โคกโพธิ์ไชย,65,0.0,0.0,0.0,,,True
1791590400,2026-10-10T00:00:00Z,บ้านหลวง,91,0.0,0.0,0.0,,,True
1791590400,2026-10-10T00:00:00Z,นาน้อย,266,0.0,0.0,0.0,,,True
1791590400,2026-10-10T00:00:00Z,ภูผาม่าน,74,0.0,0.0,0.0,,,True
1791590400,2026-10-10T00:00:00Z,เมืองน่าน,161,0.0,0.0,0.0,,,True
1791590400,2026-10-10T00:00:00Z,แม่จริม,262,0.0,0.0,0.0,,,True
1791590400,2026-10-10T00:00:00Z,เวียงเก่า,78,0.0,0.0,0.0,,,True
1791590400,2026-10-10T00:00:00Z,เมืองกำแพงเพชร,368,0.0,0.0,0.0,,,True
1791590400,2026-10-10T00:00:00Z,ไทรงาม,133,0.0,0.0,0.0,,,True
1791590400,2026-10-10T00:00:00Z,ปางศิลาทอง,186,0.0,0.0,0.0,,,True
1791590400,2026-10-10T00:00:00Z,ลานกระบือ,103,0.0,0.0,0.0,,,True
1791590400,2026-10-10T00:00:00Z,ทรายทองวัฒนา,53,0.0,0.0,0.0,,,True
1791590400,2026-10-10T00:00:00Z,คลองขลุง,179,0.0,0.0,0.0,,,True
1791590400,2026-10-10T00:00:00Z,พรานกระต่าย,252,0.0,0.0,0.0,,,True
1791590400,2026-10-10T00:00:00Z,คลองลาน,363,0.0,0.0,0.0,,,True
1791590400,2026-10-10T00:00:00Z,ขาณุวรลักษบุรี,296,0.0,0.0,0.0,,,True
1791590400,2026-10-10T00:00:00Z,ภูเพียง,113,0.0,0.0,0.0,,,True
1791590400,2026-10-10T00:00:00Z,นาหมื่น,245,0.0,0.0,0.0,,,True
1791590400,2026-10-10T00:00:00Z,เวียงสา,543,0.0,0.0,0.0,,,True
1791590400,2026-10-10T00:00:00Z,น้ำโสม,153,0.0,0.0,0.0,,,True
1791590400,2026-10-10T00:00:00Z,นายูง,126,0.0,0.0,0.0,,,True
1791590400,2026-10-10T00:00:00Z,ชุมแพ,173,0.0,0.0,0.0,,,True
1791590400,2026-10-10T00:00:00Z,สีชมพู,132,0.0,0.0,0.0,,,True
1791590400,2026-10-10T00:00:00Z,สุวรรณคูหา,140,0.0,0.0,0.0,,,True
1791590400,2026-10-10T00:00:00Z,นาวัง,65,0.0,0.0,0.0,,,True
1791590400,2026-10-10T00:00:00Z,หนองเรือ,80,0.0,0.0,0.0,,,True
1791590400,2026-10-10T00:00:00Z,โนนสัง,51,0.0,0.0,0.0,,,True
1791590400,2026-10-10T00:00:00Z,ศรีบุญเรือง,224,0.0,0.0,0.0,,,True
1791590400,2026-10-10T00:00:00Z,เมืองหนองบัวลำภู,217,0.0,0.0,0.0,,,True
1791590400,2026-10-10T00:00:00Z,นากลาง,173,0.0,0.0,0.0,,,True
1791590400,2026-10-10T00:00:00Z,ทุ่งเสลี่ยม,144,0.0,0.0,0.0,,,True
1791590400,2026-10-10T00:00:00Z,ดอยหล่อ,56,0.0,0.0,0.0,,,True
1791590400,2026-10-10T00:00:00Z,เมืองตาก,486,0.0,0.0,0.0,,,True
1791590400,2026-10-10T00:00:00Z,แม่ออน,116,0.0,0.0,0.0,,,True
1791590400,2026-10-10T00:00:00Z,อุ้มผาง,1209,0.0,0.0,0.0,,,True
1791590400,2026-10-10T00:00:00Z,วังเจ้า,183,0.0,0.0,0.0,,,True
1791590400,2026-10-10T00:00:00Z,แม่สอด,398,0.0,0.0,0.0,,,True
1791590400,2026-10-10T00:00:00Z,พบพระ,249,0.0,0.0,0.0,,,True
1791590400,2026-10-10T00:00:00Z,แม่ระมาด,380,0.0,0.0,0.0,,,True
1791590400,2026-10-10T00:00:00Z,ท่าสองยาง,401,0.0,0.0,0.0,,,True
1791590400,2026-10-10T00:00:00Z,บ้านตาก,255,0.0,0.0,0.0,,,True
1791590400,2026-10-10T00:00:00Z,สามเงา,698,0.0,0.0,0.0,,,True
1791590400,2026-10-10T00:00:00Z,จอมทอง,280,0.0,0.0,0.0,,,True
1791590400,2026-10-10T00:00:00Z,แก้งสนามนาง,79,0.0,0.0,0.0,,,True
1791590400,2026-10-10T00:00:00Z,สีคิ้ว,292,0.0,0.0,0.0,,,True
1791590400,2026-10-10T00:00:00Z,พระทองคำ,90,0.0,0.0,0.0,,,True
1791590400,2026-10-10T00:00:00Z,เทพารักษ์,92,0.0,0.0,0.0,,,True
1791590400,2026-10-10T00:00:00Z,สันกำแพง,65,0.0,0.0,0.0,,,True
1791590400,2026-10-10T00:00:00Z,สันป่าตอง,44,0.0,0.0,0.0,,,True
1791590400,2026-10-10T00:00:00Z,ดอยเต่า,213,0.0,0.0,0.0,,,True
1791590400,2026-10-10T00:00:00Z,อมก๋อย,704,0.0,0.0,0.0,,,True
1791590400,2026-10-10T00:00:00Z,ฮอด,378,0.0,0.0,0.0,,,True
1791590400,2026-10-10T00:00:00Z,เมืองลำพูน,117,0.0,0.0,0.0,,,True
1791590400,2026-10-10T00:00:00Z,แม่ทา,192,0.0,0.0,0.0,,,True
1791590400,2026-10-10T00:00:00Z,บ้านธิ,34,0.0,0.0,0.0,,,True
1791590400,2026-10-10T00:00:00Z,บ้านหมอ,24,0.0,0.0,0.0,,,True
1791590400,2026-10-10T00:00:00Z,เวียงหนองล่อง,14,0.0,0.0,0.0,,,True
1791590400,2026-10-10T00:00:00Z,ทุ่งหัวช้าง,113,0.0,0.0,0.0,,,True
1791590400,2026-10-10T00:00:00Z,ป่าซาง,74,0.0,0.0,0.0,,,True
1791590400,2026-10-10T00:00:00Z,บ้านโฮ่ง,124,0.0,0.0,0.0,,,True
1791590400,2026-10-10T00:00:00Z,แก่งคอย,73,0.0,0.0,0.0,,,True
1791590400,2026-10-10T00:00:00Z,ลี้,454,0.0,0.0,0.0,,,True
1791590400,2026-10-10T00:00:00Z,พระพุทธบาท,55,0.0,0.0,0.0,,,True
1791590400,2026-10-10T00:00:00Z,ดอนพุด,7,0.0,0.0,0.0,,,True
1791590400,2026-10-10T00:00:00Z,หนองโดน,31,0.0,0.0,0.0,,,True
1791590400,2026-10-10T00:00:00Z,เมืองลำปาง,300,0.0,0.0,0.0,,,True
1791590400,2026-10-10T00:00:00Z,เถิน,443,0.0,0.0,0.0,,,True
1791590400,2026-10-10T00:00:00Z,แม่พริก,167,0.0,0.0,0.0,,,True
1791590400,2026-10-10T00:00:00Z,แจ้ห่ม,274,0.0,0.0,0.0,,,True
1791590400,2026-10-10T00:00:00Z,แม่เปิน,85,0.0,0.0,0.0,,,True
1791590400,2026-10-10T00:00:00Z,เสริมงาม,185,0.0,0.0,0.0,,,True
1791590400,2026-10-10T00:00:00Z,ชุมตาบง,61,0.0,0.0,0.0,,,True
1791590400,2026-10-10T00:00:00Z,งาว,344,0.0,0.0,0.0,,,True
1791590400,2026-10-10T00:00:00Z,ตากฟ้า,125,0.0,0.0,0.0,,,True
1791590400,2026-10-10T00:00:00Z,แม่เมาะ,283,0.0,0.0,0.0,,,True
1791590400,2026-10-10T00:00:00Z,แม่วงก์,257,0.0,0.0,0.0,,,True
1791590400,2026-10-10T00:00:00Z,เกาะคา,128,0.0,0.0,0.0,,,True
1791590400,2026-10-10T00:00:00Z,พยุหะคีรี,169,0.0,0.0,0.0,,,True
1791590400,2026-10-10T00:00:00Z,ลาดยาว,187,0.0,0.0,0.0,,,True
1791590400,2026-10-10T00:00:00Z,สบปราบ,125,0.0,0.0,0.0,,,True
1791590400,2026-10-10T00:00:00Z,ห้างฉัตร,154,0.0,0.0,0.0,,,True
1791590400,2026-10-10T00:00:00Z,แม่ทะ,203,0.0,0.0,0.0,,,True
1791590400,2026-10-10T00:00:00Z,เมืองปาน,202,0.0,0.0,0.0,,,True
1791590400,2026-10-10T00:00:00Z,เมืองอ่างทอง,6,0.0,0.0,0.0,,,True
1791590400,2026-10-10T00:00:00Z,ไชโย,20,0.0,0.0,0.0,,,True
1791590400,2026-10-10T00:00:00Z,สามโก้,10,0.0,0.0,0.0,,,True
1791590400,2026-10-10T00:00:00Z,แสวงหา,43,0.0,0.0,0.0,,,True
1791590400,2026-10-10T00:00:00Z,วิเศษชัยชาญ,7,0.0,0.0,0.0,,,True
1791590400,2026-10-10T00:00:00Z,โพธิ์ทอง,48,0.0,0.0,0.0,,,True
1791590400,2026-10-10T00:00:00Z,เมืองลพบุรี,190,0.0,0.0,0.0,,,True
1791590400,2026-10-10T00:00:00Z,เดิมบางนางบวช,130,0.0,0.0,0.0,,,True
1791590400,2026-10-10T00:00:00Z,ด่านช้าง,309,0.0,0.0,0.0,,,True
1791590400,2026-10-10T00:00:00Z,หนองม่วง,111,0.0,0.0,0.0,,,True
1791590400,2026-10-10T00:00:00Z,ลำสนธิ,136,0.0,0.0,0.0,,,True
1791590400,2026-10-10T00:00:00Z,สามชุก,77,0.0,0.0,0.0,,,True
1791590400,2026-10-10T00:00:00Z,ดอนเจดีย์,72,0.0,0.0,0.0,,,True
1791590400,2026-10-10T00:00:00Z,สระโบสถ์,83,0.0,0.0,0.0,,,True
1791590400,2026-10-10T00:00:00Z,ศรีประจันต์,41,0.0,0.0,0.0,,,True
1791590400,2026-10-10T00:00:00Z,โคกเจริญ,135,0.0,0.0,0.0,,,True
1791590400,2026-10-10T00:00:00Z,บ้านหมี่,136,0.0,0.0,0.0,,,True
1791590400,2026-10-10T00:00:00Z,ท่าหลวง,100,0.0,0.0,0.0,,,True
1791590400,2026-10-10T00:00:00Z,ชัยบาดาล,280,0.0,0.0,0.0,,,True
1791590400,2026-10-10T00:00:00Z,ท่าวุ้ง,64,0.0,0.0,0.0,,,True
1791590400,2026-10-10T00:00:00Z,พัฒนานิคม,217,0.0,0.0,0.0,,,True
1791590400,2026-10-10T00:00:00Z,โคกสำโรง,180,0.0,0.0,0.0,,,True
1791590400,2026-10-10T00:00:00Z,หนองหญ้าไซ,108,0.0,0.0,0.0,,,True
1791590400,2026-10-10T00:00:00Z,ท่าช้าง,11,0.0,0.0,0.0,,,True
1791590400,2026-10-10T00:00:00Z,อินทร์บุรี,66,0.0,0.0,0.0,,,True
1791590400,2026-10-10T00:00:00Z,ค่ายบางระจัน,26,0.0,0.0,0.0,,,True
1791590400,2026-10-10T00:00:00Z,พรหมบุรี,19,0.0,0.0,0.0,,,True
1791590400,2026-10-10T00:00:00Z,เนินสง่า,65,0.0,0.0,0.0,,,True
1791590400,2026-10-10T00:00:00Z,เมืองสิงห์บุรี,31,0.0,0.0,0.0,,,True
1791590400,2026-10-10T00:00:00Z,ซับใหญ่,72,0.0,0.0,0.0,,,True
1791590400,2026-10-10T00:00:00Z,บางระจัน,46,0.0,0.0,0.0,,,True
1791590400,2026-10-10T00:00:00Z,ภูกระดึง,190,0.0,0.0,0.0,,,True
1791590400,2026-10-10T00:00:00Z,ภูหลวง,145,0.0,0.0,0.0,,,True
1791590400,2026-10-10T00:00:00Z,หนองหิน,78,0.0,0.0,0.0,,,True
1791590400,2026-10-10T00:00:00Z,ผาขาว,100,0.0,0.0,0.0,,,True
1791590400,2026-10-10T00:00:00Z,เอราวัณ,87,0.0,0.0,0.0,,,True
1791590400,2026-10-10T00:00:00Z,วังสะพุง,281,0.0,0.0,0.0,,,True
1791590400,2026-10-10T00:00:00Z,วังม่วง,70,0.0,0.0,0.0,,,True
1791590400,2026-10-10T00:00:00Z,เฉลิมพระเกียรติ,35,0.0,0.0,0.0,,,True
1791590400,2026-10-10T00:00:00Z,มวกเหล็ก,175,0.0,0.0,0.0,,,True
1791590400,2026-10-10T00:00:00Z,บ้านเขว้า,124,0.0,0.0,0.0,,,True
1791590400,2026-10-10T00:00:00Z,คอนสวรรค์,113,0.0,0.0,0.0,,,True
1791590400,2026-10-10T00:00:00Z,เมืองชัยภูมิ,358,0.0,0.0,0.0,,,True
1791590400,2026-10-10T00:00:00Z,วังทอง,425,0.0,0.0,0.0,,,True
1791590400,2026-10-10T00:00:00Z,เนินมะปราง,276,0.0,0.0,0.0,,,True
1791590400,2026-10-10T00:00:00Z,สวรรคโลก,156,0.0,0.0,0.0,,,True
1791590400,2026-10-10T00:00:00Z,ศรีนคร,46,0.0,0.0,0.0,,,True
1791590400,2026-10-10T00:00:00Z,หันคา,139,0.0,0.0,0.0,,,True
1791590400,2026-10-10T00:00:00Z,ศรีสัชนาลัย,534,0.0,0.0,0.0,,,True
1791590400,2026-10-10T00:00:00Z,หนองมะโมง,76,0.0,0.0,0.0,,,True
1791590400,2026-10-10T00:00:00Z,ศรีสำโรง,142,0.0,0.0,0.0,,,True
1791590400,2026-10-10T00:00:00Z,สรรพยา,55,0.0,0.0,0.0,,,True
1791590400,2026-10-10T00:00:00Z,คีรีมาศ,171,0.0,0.0,0.0,,,True
1791590400,2026-10-10T00:00:00Z,สรรคบุรี,89,0.0,0.0,0.0,,,True
1791590400,2026-10-10T00:00:00Z,กงไกรลาศ,108,0.0,0.0,0.0,,,True
1791590400,2026-10-10T00:00:00Z,มโนรมย์,66,0.0,0.0,0.0,,,True
1791590400,2026-10-10T00:00:00Z,เมืองสุโขทัย,136,0.0,0.0,0.0,,,True
1791590400,2026-10-10T00:00:00Z,วัดสิงห์,67,0.0,0.0,0.0,,,True
1791590400,2026-10-10T00:00:00Z,บ้านด่านลานหอย,231,0.0,0.0,0.0,,,True
1791590400,2026-10-10T00:00:00Z,เมืองชัยนาท,70,0.0,0.0,0.0,,,True
1791590400,2026-10-10T00:00:00Z,เนินขาม,65,0.0,0.0,0.0,,,True
1791590400,2026-10-10T00:00:00Z,คอนสาร,334,0.0,0.0,0.0,,,True
1791590400,2026-10-10T00:00:00Z,ภักดีชุมพล,154,0.0,0.0,0.0,,,True
1791590400,2026-10-10T00:00:00Z,บ้านแท่น,76,0.0,0.0,0.0,,,True
1791590400,2026-10-10T00:00:00Z,แก้งคร้อ,168,0.0,0.0,0.0,,,True
1791590400,2026-10-10T00:00:00Z,ภูเขียว,201,0.0,0.0,0.0,,,True
1791590400,2026-10-10T00:00:00Z,หนองบัวระเหว,179,0.0,0.0,0.0,,,True
1791590400,2026-10-10T00:00:00Z,เทพสถิต,239,0.0,0.0,0.0,,,True
1791590400,2026-10-10T00:00:00Z,จัตุรัส,172,0.0,0.0,0.0,,,True
1791590400,2026-10-10T00:00:00Z,บำเหน็จณรงค์,120,0.0,0.0,0.0,,,True
1791590400,2026-10-10T00:00:00Z,เกษตรสมบูรณ์,268,0.0,0.0,0.0,,,True
1791590400,2026-10-10T00:00:00Z,หนองบัวแดง,537,0.0,0.0,0.0,,,True
1791590400,2026-10-10T00:00:00Z,ภูเรือ,168,0.0,0.0,0.0,,,True
1791590400,2026-10-10T00:00:00Z,ท่าลี่,171,0.0,0.0,0.0,,,True
1791590400,2026-10-10T00:00:00Z,วชิรบารมี,68,0.0,0.0,0.0,,,True
1791590400,2026-10-10T00:00:00Z,ด่านซ้าย,341,0.0,0.0,0.0,,,True
1791590400,2026-10-10T00:00:00Z,นาแห้ว,153,0.0,0.0,0.0,,,True
1791590400,2026-10-10T00:00:00Z,บึงนาราง,74,0.0,0.0,0.0,,,True
1791590400,2026-10-10T00:00:00Z,เชียงคาน,213,0.0,0.0,0.0,,,True
1791590400,2026-10-10T00:00:00Z,ดงเจริญ,56,0.0,0.0,0.0,,,True
1791590400,2026-10-10T00:00:00Z,ปากชม,240,0.0,0.0,0.0,,,True
1791590400,2026-10-10T00:00:00Z,เมืองเลย,314,0.0,0.0,0.0,,,True
1791590400,2026-10-10T00:00:00Z,นาด้วง,143,0.0,0.0,0.0,,,True
1791590400,2026-10-10T00:00:00Z,สากเหล็ก,45,0.0,0.0,0.0,,,True
1791590400,2026-10-10T00:00:00Z,สามง่าม,89,0.0,0.0,0.0,,,True
1791590400,2026-10-10T00:00:00Z,ทับคล้อ,104,0.0,0.0,0.0,,,True
1791590400,2026-10-10T00:00:00Z,พรหมพิราม,206,0.0,0.0,0.0,,,True
1791590400,2026-10-10T00:00:00Z,ด่านขุนทด,344,0.0,0.0,0.0,,,True
1791590400,2026-10-10T00:00:00Z,วัดโบสถ์,226,0.0,0.0,0.0,,,True
1791590400,2026-10-10T00:00:00Z,บางระกำ,246,0.0,0.0,0.0,,,True
1791590400,2026-10-10T00:00:00Z,บางกระทุ่ม,91,0.0,0.0,0.0,,,True
1791590400,2026-10-10T00:00:00Z,นครไทย,597,0.0,0.0,0.0,,,True
1791590400,2026-10-10T00:00:00Z,ชาติตระการ,415,0.0,0.0,0.0,,,True
1791590400,2026-10-10T00:00:00Z,บ้านเหลื่อม,55,0.0,0.0,0.0,,,True
1791590400,2026-10-10T00:00:00Z,เมืองพิษณุโลก,178,0.0,0.0,0.0,,,True
1791590400,2026-10-10T00:00:00Z,ชุมแสง,145,0.0,0.0,0.0,,,True
1791590400,2026-10-10T00:00:00Z,หนองบัว,208,0.0,0.0,0.0,,,True
1791590400,2026-10-10T00:00:00Z,เมืองนครสวรรค์,183,0.0,0.0,0.0,,,True
1791590400,2026-10-10T00:00:00Z,โกรกพระ,71,0.0,0.0,0.0,,,True
1791590400,2026-10-10T00:00:00Z,ไพศาลี,244,0.0,0.0,0.0,,,True
1791590400,2026-10-10T00:00:00Z,ตาคลี,206,0.0,0.0,0.0,,,True
1791590400,2026-10-10T00:00:00Z,ท่าตะโก,211,0.0,0.0,0.0,,,True
1791590400,2026-10-10T00:00:00Z,เขาค้อ,207,0.0,0.0,0.0,,,True
1791590400,2026-10-10T00:00:00Z,บรรพตพิสัย,181,0.0,0.0,0.0,,,True
1791590400,2026-10-10T00:00:00Z,เก้าเลี้ยว,57,0.0,0.0,0.0,,,True
1791590400,2026-10-10T00:00:00Z,วังโป่ง,123,0.0,0.0,0.0,,,True
1791590400,2026-10-10T00:00:00Z,บึงสามพัน,194,0.0,0.0,0.0,,,True
1791590400,2026-10-10T00:00:00Z,น้ำหนาว,231,0.0,0.0,0.0,,,True
1791590400,2026-10-10T00:00:00Z,ศรีเทพ,204,0.0,0.0,0.0,,,True
1791590400,2026-10-10T00:00:00Z,หนองไผ่,315,0.0,0.0,0.0,,,True
1791590400,2026-10-10T00:00:00Z,มหาราช,4,0.0,0.0,0.0,,,False
1791590400,2026-10-10T00:00:00Z,บ้านแพรก,10,0.0,0.0,0.0,,,True
1791590400,2026-10-10T00:00:00Z,บางมูลนาก,99,0.0,0.0,0.0,,,True
1791590400,2026-10-10T00:00:00Z,โพทะเล,131,0.0,0.0,0.0,,,True
1791590400,2026-10-10T00:00:00Z,โพธิ์ประทับช้าง,102,0.0,0.0,0.0,,,True
1791590400,2026-10-10T00:00:00Z,ตะพานหิน,109,0.0,0.0,0.0,,,True
1791590400,2026-10-10T00:00:00Z,เมืองพิจิตร,138,0.0,0.0,0.0,,,True
1791590400,2026-10-10T00:00:00Z,วังทรายพูน,66,0.0,0.0,0.0,,,True
1791591300,2026-10-10T00:15:00Z,พิชัย,176,0.0,0.0,0.0,,,True
1791591300,2026-10-10T00:15:00Z,ลับแล,116,0.0,0.0,0.0,,,True
1791591300,2026-10-10T00:15:00Z,ฟากท่า,163,0.0,0.0,0.0,,,True
1791591300,2026-10-10T00:15:00Z,บ้านโคก,247,0.0,0.0,0.0,,,True
1791591300,2026-10-10T00:15:00Z,ท่าปลา,442,0.0,0.0,0.0,,,True
1791591300,2026-10-10T00:15:00Z,น้ำปาด,363,0.0,0.0,0.0,,,True
1791591300,2026-10-10T00:15:00Z,เมืองอุตรดิตถ์,202,0.0,0.0,0.0,,,True
1791591300,2026-10-10T00:15:00Z,ตรอน,80,0.0,0.0,0.0,,,True
1791591300,2026-10-10T00:15:00Z,หล่มเก่า,246,0.0,0.0,0.0,,,True
1791591300,2026-10-10T00:15:00Z,วิเชียรบุรี,377,0.0,0.0,0.0,,,True
1791591300,2026-10-10T00:15:00Z,ชนแดน,279,0.0,0.0,0.0,,,True
1791591300,2026-10-10T00:15:00Z,หล่มสัก,350,0.0,0.0,0.0,,,True
1791591300,2026-10-10T00:15:00Z,เมืองเพชรบูรณ์,571,0.0,0.0,0.0,,,True
1791591300,2026-10-10T00:15:00Z,ทองแสนขัน,185,0.0,0.0,0.0,,,True
1791591300,2026-10-10T00:15:00Z,บึงสามัคคี,71,0.0,0.0,0.0,,,True
1791591300,2026-10-10T00:15:00Z,โกสัมพีนคร,137,0.0,0.0,0.0,,,True
1791591300,2026-10-10T00:15:00Z,สอง,380,0.0,0.0,0.0,,,True
1791591300,2026-10-10T00:15:00Z,วังชิ้น,255,0.0,0.0,0.0,,,True
1791591300,2026-10-10T00:15:00Z,สูงเม่น,88,0.0,0.0,0.0,,,True
1791591300,2026-10-10T00:15:00Z,เด่นชัย,135,0.0,0.0,0.0,,,True
1791591300,2026-10-10T00:15:00Z,ร้องกวาง,221,0.0,0.0,0.0,,,True
1791591300,2026-10-10T00:15:00Z,ลอง,317,0.0,0.0,0.0,,,True
1791591300,2026-10-10T00:15:00Z,เมืองแพร่,205,0.0,0.0,0.0,,,True
1791591300,2026-10-10T00:15:00Z,ทัพทัน,94,0.0,0.0,0.0,,,True
1791591300,2026-10-10T00:15:00Z,สว่างอารมณ์,110,0.0,0.0,0.0,,,True
1791591300,2026-10-10T00:15:00Z,เมืองอุทัยธานี,59,0.0,0.0,0.0,,,True
1791591300,2026-10-10T00:15:00Z,ห้วยคต,94,0.0,0.0,0.0,,,True
1791591300,2026-10-10T00:15:00Z,ศรีสวัสดิ์,440,0.0,0.0,0.0,,,True
1791591300,2026-10-10T00:15:00Z,บ้านไร่,821,0.0,0.0,0.0,,,True
1791591300,2026-10-10T00:15:00Z,ลานสัก,360,0.0,0.0,0.0,,,True
1791591300,2026-10-10T00:15:00Z,หนองฉาง,89,0.0,0.0,0.0,,,True
1791591300,2026-10-10T00:15:00Z,หนองขาหย่าง,43,0.0,0.0,0.0,,,True
1791591300,2026-10-10T00:15:00Z,เชียงม่วน,82,0.0,0.0,0.0,,,True
1791591300,2026-10-10T00:15:00Z,ดอกคำใต้,37,0.0,0.0,0.0,,,True
1791591300,2026-10-10T00:15:00Z,เมืองพะเยา,6,0.0,0.0,0.0,,,True
1791591300,2026-10-10T00:15:00Z,ทองผาภูมิ,851,0.0,0.0,0.0,,,True
1791591300,2026-10-10T00:15:00Z,สังขละบุรี,793,0.0,0.0,0.0,,,True
1791591300,2026-10-10T00:15:00Z,หนองม่วงไข่,35,0.0,0.0,0.0,,,True
1791591300,2026-10-10T00:15:00Z,ภูเวียง,81,0.0,0.0,0.0,,,True
1791591300,2026-10-10T00:15:00Z,มัญจาคีรี,50,0.0,0.0,0.0,,,True
1791591300,2026-10-10T00:15:00Z,หนองปรือ,104,0.0,0.0,0.0,,,True
1791591300,2026-10-10T00:15:00Z,เลาขวัญ,123,0.0,0.0,0.0,,,True
1791591300,2026-10-10T00:15:00Z,หนองนาคำ,43,0.0,0.0,0.0,,,True
1791591300,2026-10-10T00:15:00Z,โคกโพธิ์ไชย,65,0.0,0.0,0.0,,,True
1791591300,2026-10-10T00:15:00Z,บ้านหลวง,91,0.0,0.0,0.0,,,True
1791591300,2026-10-10T00:15:00Z,นาน้อย,266,0.0,0.0,0.0,,,True
1791591300,2026-10-10T00:15:00Z,ภูผาม่าน,74,0.0,0.0,0.0,,,True
1791591300,2026-10-10T00:15:00Z,เมืองน่าน,161,0.0,0.0,0.0,,,True
1791591300,2026-10-10T00:15:00Z,แม่จริม,262,0.0,0.0,0.0,,,True
1791591300,2026-10-10T00:15:00Z,เวียงเก่า,78,0.0,0.0,0.0,,,True
1791591300,2026-10-10T00:15:00Z,เมืองกำแพงเพชร,368,0.0,0.0,0.0,,,True
1791591300,2026-10-10T00:15:00Z,ไทรงาม,133,0.0,0.0,0.0,,,True
1791591300,2026-10-10T00:15:00Z,ปางศิลาทอง,186,0.0,0.0,0.0,,,True
1791591300,2026-10-10T00:15:00Z,ลานกระบือ,103,0.0,0.0,0.0,,,True
1791591300,2026-10-10T00:15:00Z,ทรายทองวัฒนา,53,0.0,0.0,0.0,,,True
1791591300,2026-10-10T00:15:00Z,คลองขลุง,179,0.0,0.0,0.0,,,True
1791591300,2026-10-10T00:15:00Z,พรานกระต่าย,252,0.0,0.0,0.0,,,True
1791591300,2026-10-10T00:15:00Z,คลองลาน,363,0.0,0.0,0.0,,,True
1791591300,2026-10-10T00:15:00Z,ขาณุวรลักษบุรี,296,0.0,0.0,0.0,,,True
1791591300,2026-10-10T00:15:00Z,ภูเพียง,113,0.0,0.0,0.0,,,True
1791591300,2026-10-10T00:15:00Z,นาหมื่น,245,0.0,0.0,0.0,,,True
1791591300,2026-10-10T00:15:00Z,เวียงสา,543,0.0,0.0,0.0,,,True
1791591300,2026-10-10T00:15:00Z,น้ำโสม,153,0.0,0.0,0.0,,,True
1791591300,2026-10-10T00:15:00Z,นายูง,126,0.0,0.0,0.0,,,True
1791591300,2026-10-10T00:15:00Z,ชุมแพ,173,0.0,0.0,0.0,,,True
1791591300,2026-10-10T00:15:00Z,สีชมพู,132,0.0,0.0,0.0,,,True
1791591300,2026-10-10T00:15:00Z,สุวรรณคูหา,140,0.0,0.0,0.0,,,True
1791591300,2026-10-10T00:15:00Z,นาวัง,65,0.0,0.0,0.0,,,True
1791591300,2026-10-10T00:15:00Z,หนองเรือ,80,0.0,0.0,0.0,,,True
1791591300,2026-10-10T00:15:00Z,โนนสัง,51,0.0,0.0,0.0,,,True
1791591300,2026-10-10T00:15:00Z,ศรีบุญเรือง,224,0.0,0.0,0.0,,,True
1791591300,2026-10-10T00:15:00Z,เมืองหนองบัวลำภู,217,0.0,0.0,0.0,,,True
1791591300,2026-10-10T00:15:00Z,นากลาง,173,0.0,0.0,0.0,,,True
1791591300,2026-10-10T00:15:00Z,ทุ่งเสลี่ยม,144,0.0,0.0,0.0,,,True
1791591300,2026-10-10T00:15:00Z,ดอยหล่อ,56,0.0,0.0,0.0,,,True
1791591300,2026-10-10T00:15:00Z,เมืองตาก,486,0.0,0.0,0.0,,,True
1791591300,2026-10-10T00:15:00Z,แม่ออน,116,0.0,0.0,0.0,,,True
1791591300,2026-10-10T00:15:00Z,อุ้มผาง,1209,0.0,0.0,0.0,,,True
1791591300,2026-10-10T00:15:00Z,วังเจ้า,183,0.0,0.0,0.0,,,True
1791591300,2026-10-10T00:15:00Z,แม่สอด,398,0.0,0.0,0.0,,,True
1791591300,2026-10-10T00:15:00Z,พบพระ,249,0.0,0.0,0.0,,,True
1791591300,2026-10-10T00:15:00Z,แม่ระมาด,380,0.0,0.0,0.0,,,True
1791591300,2026-10-10T00:15:00Z,ท่าสองยาง,401,0.0,0.0,0.0,,,True
1791591300,2026-10-10T00:15:00Z,บ้านตาก,255,0.0,0.0,0.0,,,True
1791591300,2026-10-10T00:15:00Z,สามเงา,698,0.0,0.0,0.0,,,True
1791591300,2026-10-10T00:15:00Z,จอมทอง,280,0.0,0.0,0.0,,,True
1791591300,2026-10-10T00:15:00Z,แก้งสนามนาง,79,0.0,0.0,0.0,,,True
1791591300,2026-10-10T00:15:00Z,สีคิ้ว,292,0.0,0.0,0.0,,,True
1791591300,2026-10-10T00:15:00Z,พระทองคำ,90,0.0,0.0,0.0,,,True
1791591300,2026-10-10T00:15:00Z,เทพารักษ์,92,0.0,0.0,0.0,,,True
1791591300,2026-10-10T00:15:00Z,สันกำแพง,65,0.0,0.0,0.0,,,True
1791591300,2026-10-10T00:15:00Z,สันป่าตอง,44,0.0,0.0,0.0,,,True
1791591300,2026-10-10T00:15:00Z,ดอยเต่า,213,0.0,0.0,0.0,,,True
1791591300,2026-10-10T00:15:00Z,อมก๋อย,704,0.0,0.0,0.0,,,True
1791591300,2026-10-10T00:15:00Z,ฮอด,378,0.0,0.0,0.0,,,True
1791591300,2026-10-10T00:15:00Z,เมืองลำพูน,117,0.0,0.0,0.0,,,True
1791591300,2026-10-10T00:15:00Z,แม่ทา,192,0.0,0.0,0.0,,,True
1791591300,2026-10-10T00:15:00Z,บ้านธิ,34,0.0,0.0,0.0,,,True
1791591300,2026-10-10T00:15:00Z,บ้านหมอ,24,0.0,0.0,0.0,,,True
1791591300,2026-10-10T00:15:00Z,เวียงหนองล่อง,14,0.0,0.0,0.0,,,True
1791591300,2026-10-10T00:15:00Z,ทุ่งหัวช้าง,113,0.0,0.0,0.0,,,True
1791591300,2026-10-10T00:15:00Z,ป่าซาง,74,0.0,0.0,0.0,,,True
1791591300,2026-10-10T00:15:00Z,บ้านโฮ่ง,124,0.0,0.0,0.0,,,True
1791591300,2026-10-10T00:15:00Z,แก่งคอย,73,0.0,0.0,0.0,,,True
1791591300,2026-10-10T00:15:00Z,ลี้,454,0.0,0.0,0.0,,,True
1791591300,2026-10-10T00:15:00Z,พระพุทธบาท,55,0.0,0.0,0.0,,,True
1791591300,2026-10-10T00:15:00Z,ดอนพุด,7,0.0,0.0,0.0,,,True
1791591300,2026-10-10T00:15:00Z,หนองโดน,31,0.0,0.0,0.0,,,True
1791591300,2026-10-10T00:15:00Z,เมืองลำปาง,300,0.0,0.0,0.0,,,True
1791591300,2026-10-10T00:15:00Z,เถิน,443,0.0,0.0,0.0,,,True
1791591300,2026-10-10T00:15:00Z,แม่พริก,167,0.0,0.0,0.0,,,True
1791591300,2026-10-10T00:15:00Z,แจ้ห่ม,274,0.0,0.0,0.0,,,True
1791591300,2026-10-10T00:15:00Z,แม่เปิน,85,0.0,0.0,0.0,,,True
1791591300,2026-10-10T00:15:00Z,เสริมงาม,185,0.0,0.0,0.0,,,True
1791591300,2026-10-10T00:15:00Z,ชุมตาบง,61,0.0,0.0,0.0,,,True
1791591300,2026-10-10T00:15:00Z,งาว,344,0.0,0.0,0.0,,,True
1791591300,2026-10-10T00:15:00Z,ตากฟ้า,125,0.0,0.0,0.0,,,True
1791591300,2026-10-10T00:15:00Z,แม่เมาะ,283,0.0,0.0,0.0,,,True
1791591300,2026-10-10T00:15:00Z,แม่วงก์,257,0.0,0.0,0.0,,,True
1791591300,2026-10-10T00:15:00Z,เกาะคา,128,0.0,0.0,0.0,,,True
1791591300,2026-10-10T00:15:00Z,พยุหะคีรี,169,0.0,0.0,0.0,,,True
1791591300,2026-10-10T00:15:00Z,ลาดยาว,187,0.0,0.0,0.0,,,True
1791591300,2026-10-10T00:15:00Z,สบปราบ,125,0.0,0.0,0.0,,,True
1791591300,2026-10-10T00:15:00Z,ห้างฉัตร,154,0.0,0.0,0.0,,,True
1791591300,2026-10-10T00:15:00Z,แม่ทะ,203,0.0,0.0,0.0,,,True
1791591300,2026-10-10T00:15:00Z,เมืองปาน,202,0.0,0.0,0.0,,,True
1791591300,2026-10-10T00:15:00Z,เมืองอ่างทอง,6,0.0,0.0,0.0,,,True
1791591300,2026-10-10T00:15:00Z,ไชโย,20,0.0,0.0,0.0,,,True
1791591300,2026-10-10T00:15:00Z,สามโก้,10,0.0,0.0,0.0,,,True
1791591300,2026-10-10T00:15:00Z,แสวงหา,43,0.0,0.0,0.0,,,True
1791591300,2026-10-10T00:15:00Z,วิเศษชัยชาญ,7,0.0,0.0,0.0,,,True
1791591300,2026-10-10T00:15:00Z,โพธิ์ทอง,48,0.0,0.0,0.0,,,True
1791591300,2026-10-10T00:15:00Z,เมืองลพบุรี,190,0.0,0.0,0.0,,,True
1791591300,2026-10-10T00:15:00Z,เดิมบางนางบวช,130,0.0,0.0,0.0,,,True
1791591300,2026-10-10T00:15:00Z,ด่านช้าง,309,0.0,0.0,0.0,,,True
1791591300,2026-10-10T00:15:00Z,หนองม่วง,111,0.0,0.0,0.0,,,True
1791591300,2026-10-10T00:15:00Z,ลำสนธิ,136,0.0,0.0,0.0,,,True
1791591300,2026-10-10T00:15:00Z,สามชุก,77,0.0,0.0,0.0,,,True
1791591300,2026-10-10T00:15:00Z,ดอนเจดีย์,72,0.0,0.0,0.0,,,True
1791591300,2026-10-10T00:15:00Z,สระโบสถ์,83,0.0,0.0,0.0,,,True
1791591300,2026-10-10T00:15:00Z,ศรีประจันต์,41,0.0,0.0,0.0,,,True
1791591300,2026-10-10T00:15:00Z,โคกเจริญ,135,0.0,0.0,0.0,,,True
1791591300,2026-10-10T00:15:00Z,บ้านหมี่,136,0.0,0.0,0.0,,,True
1791591300,2026-10-10T00:15:00Z,ท่าหลวง,100,0.0,0.0,0.0,,,True
1791591300,2026-10-10T00:15:00Z,ชัยบาดาล,280,0.0,0.0,0.0,,,True
1791591300,2026-10-10T00:15:00Z,ท่าวุ้ง,64,0.0,0.0,0.0,,,True
1791591300,2026-10-10T00:15:00Z,พัฒนานิคม,217,0.0,0.0,0.0,,,True
1791591300,2026-10-10T00:15:00Z,โคกสำโรง,180,0.0,0.0,0.0,,,True
1791591300,2026-10-10T00:15:00Z,หนองหญ้าไซ,108,0.0,0.0,0.0,,,True
1791591300,2026-10-10T00:15:00Z,ท่าช้าง,11,0.0,0.0,0.0,,,True
1791591300,2026-10-10T00:15:00Z,อินทร์บุรี,66,0.0,0.0,0.0,,,True
1791591300,2026-10-10T00:15:00Z,ค่ายบางระจัน,26,0.0,0.0,0.0,,,True
1791591300,2026-10-10T00:15:00Z,พรหมบุรี,19,0.0,0.0,0.0,,,True
1791591300,2026-10-10T00:15:00Z,เนินสง่า,65,0.0,0.0,0.0,,,True
1791591300,2026-10-10T00:15:00Z,เมืองสิงห์บุรี,31,0.0,0.0,0.0,,,True
1791591300,2026-10-10T00:15:00Z,ซับใหญ่,72,0.0,0.0,0.0,,,True
1791591300,2026-10-10T00:15:00Z,บางระจัน,46,0.0,0.0,0.0,,,True
1791591300,2026-10-10T00:15:00Z,ภูกระดึง,190,0.0,0.0,0.0,,,True
1791591300,2026-10-10T00:15:00Z,ภูหลวง,145,0.0,0.0,0.0,,,True
1791591300,2026-10-10T00:15:00Z,หนองหิน,78,0.0,0.0,0.0,,,True
1791591300,2026-10-10T00:15:00Z,ผาขาว,100,0.0,0.0,0.0,,,True
1791591300,2026-10-10T00:15:00Z,เอราวัณ,87,0.0,0.0,0.0,,,True
1791591300,2026-10-10T00:15:00Z,วังสะพุง,281,0.0,0.0,0.0,,,True
1791591300,2026-10-10T00:15:00Z,วังม่วง,70,0.0,0.0,0.0,,,True
1791591300,2026-10-10T00:15:00Z,เฉลิมพระเกียรติ,35,0.0,0.0,0.0,,,True
1791591300,2026-10-10T00:15:00Z,มวกเหล็ก,175,0.0,0.0,0.0,,,True
1791591300,2026-10-10T00:15:00Z,บ้านเขว้า,124,0.0,0.0,0.0,,,True
1791591300,2026-10-10T00:15:00Z,คอนสวรรค์,113,0.0,0.0,0.0,,,True
1791591300,2026-10-10T00:15:00Z,เมืองชัยภูมิ,358,0.0,0.0,0.0,,,True
1791591300,2026-10-10T00:15:00Z,วังทอง,425,0.0,0.0,0.0,,,True
1791591300,2026-10-10T00:15:00Z,เนินมะปราง,276,0.0,0.0,0.0,,,True
1791591300,2026-10-10T00:15:00Z,สวรรคโลก,156,0.0,0.0,0.0,,,True
1791591300,2026-10-10T00:15:00Z,ศรีนคร,46,0.0,0.0,0.0,,,True
1791591300,2026-10-10T00:15:00Z,หันคา,139,0.0,0.0,0.0,,,True
1791591300,2026-10-10T00:15:00Z,ศรีสัชนาลัย,534,0.0,0.0,0.0,,,True
1791591300,2026-10-10T00:15:00Z,หนองมะโมง,76,0.0,0.0,0.0,,,True
1791591300,2026-10-10T00:15:00Z,ศรีสำโรง,142,0.0,0.0,0.0,,,True
1791591300,2026-10-10T00:15:00Z,สรรพยา,55,0.0,0.0,0.0,,,True
1791591300,2026-10-10T00:15:00Z,คีรีมาศ,171,0.0,0.0,0.0,,,True
1791591300,2026-10-10T00:15:00Z,สรรคบุรี,89,0.0,0.0,0.0,,,True
1791591300,2026-10-10T00:15:00Z,กงไกรลาศ,108,0.0,0.0,0.0,,,True
1791591300,2026-10-10T00:15:00Z,มโนรมย์,66,0.0,0.0,0.0,,,True
1791591300,2026-10-10T00:15:00Z,เมืองสุโขทัย,136,0.0,0.0,0.0,,,True
1791591300,2026-10-10T00:15:00Z,วัดสิงห์,67,0.0,0.0,0.0,,,True
1791591300,2026-10-10T00:15:00Z,บ้านด่านลานหอย,231,0.0,0.0,0.0,,,True
1791591300,2026-10-10T00:15:00Z,เมืองชัยนาท,70,0.0,0.0,0.0,,,True
1791591300,2026-10-10T00:15:00Z,เนินขาม,65,0.0,0.0,0.0,,,True
1791591300,2026-10-10T00:15:00Z,คอนสาร,334,0.0,0.0,0.0,,,True
1791591300,2026-10-10T00:15:00Z,ภักดีชุมพล,154,0.0,0.0,0.0,,,True
1791591300,2026-10-10T00:15:00Z,บ้านแท่น,76,0.0,0.0,0.0,,,True
1791591300,2026-10-10T00:15:00Z,แก้งคร้อ,168,0.0,0.0,0.0,,,True
1791591300,2026-10-10T00:15:00Z,ภูเขียว,201,0.0,0.0,0.0,,,True
1791591300,2026-10-10T00:15:00Z,หนองบัวระเหว,179,0.0,0.0,0.0,,,True
1791591300,2026-10-10T00:15:00Z,เทพสถิต,239,0.0,0.0,0.0,,,True
1791591300,2026-10-10T00:15:00Z,จัตุรัส,172,0.0,0.0,0.0,,,True
1791591300,2026-10-10T00:15:00Z,บำเหน็จณรงค์,120,0.0,0.0,0.0,,,True
1791591300,2026-10-10T00:15:00Z,เกษตรสมบูรณ์,268,0.0,0.0,0.0,,,True
1791591300,2026-10-10T00:15:00Z,หนองบัวแดง,537,0.0,0.0,0.0,,,True
1791591300,2026-10-10T00:15:00Z,ภูเรือ,168,0.0,0.0,0.0,,,True
1791591300,2026-10-10T00:15:00Z,ท่าลี่,171,0.0,0.0,0.0,,,True
1791591300,2026-10-10T00:15:00Z,วชิรบารมี,68,0.0,0.0,0.0,,,True
1791591300,2026-10-10T00:15:00Z,ด่านซ้าย,341,0.0,0.0,0.0,,,True
1791591300,2026-10-10T00:15:00Z,นาแห้ว,153,0.0,0.0,0.0,,,True
1791591300,2026-10-10T00:15:00Z,บึงนาราง,74,0.0,0.0,0.0,,,True
1791591300,2026-10-10T00:15:00Z,เชียงคาน,213,0.0,0.0,0.0,,,True
1791591300,2026-10-10T00:15:00Z,ดงเจริญ,56,0.0,0.0,0.0,,,True
1791591300,2026-10-10T00:15:00Z,ปากชม,240,0.0,0.0,0.0,,,True
1791591300,2026-10-10T00:15:00Z,เมืองเลย,314,0.0,0.0,0.0,,,True
1791591300,2026-10-10T00:15:00Z,นาด้วง,143,0.0,0.0,0.0,,,True
1791591300,2026-10-10T00:15:00Z,สากเหล็ก,45,0.0,0.0,0.0,,,True
1791591300,2026-10-10T00:15:00Z,สามง่าม,89,0.0,0.0,0.0,,,True
1791591300,2026-10-10T00:15:00Z,ทับคล้อ,104,0.0,0.0,0.0,,,True
1791591300,2026-10-10T00:15:00Z,พรหมพิราม,206,0.0,0.0,0.0,,,True
1791591300,2026-10-10T00:15:00Z,ด่านขุนทด,344,0.0,0.0,0.0,,,True
1791591300,2026-10-10T00:15:00Z,วัดโบสถ์,226,0.0,0.0,0.0,,,True
1791591300,2026-10-10T00:15:00Z,บางระกำ,246,0.0,0.0,0.0,,,True
1791591300,2026-10-10T00:15:00Z,บางกระทุ่ม,91,0.0,0.0,0.0,,,True
1791591300,2026-10-10T00:15:00Z,นครไทย,597,0.0,0.0,0.0,,,True
1791591300,2026-10-10T00:15:00Z,ชาติตระการ,415,0.0,0.0,0.0,,,True
1791591300,2026-10-10T00:15:00Z,บ้านเหลื่อม,55,0.0,0.0,0.0,,,True
1791591300,2026-10-10T00:15:00Z,เมืองพิษณุโลก,178,0.322,28.618,0.0112,,15,True
1791591300,2026-10-10T00:15:00Z,ชุมแสง,145,0.0,0.0,0.0,,,True
1791591300,2026-10-10T00:15:00Z,หนองบัว,208,0.0,0.0,0.0,,,True
1791591300,2026-10-10T00:15:00Z,เมืองนครสวรรค์,183,0.004,0.784,0.0055,,15,True
1791591300,2026-10-10T00:15:00Z,โกรกพระ,71,0.0,0.0,0.0,,,True
1791591300,2026-10-10T00:15:00Z,ไพศาลี,244,0.0,0.0,0.0,,,True
1791591300,2026-10-10T00:15:00Z,ตาคลี,206,0.0,0.0,0.0,,,True
1791591300,2026-10-10T00:15:00Z,ท่าตะโก,211,0.0,0.0,0.0,,,True
1791591300,2026-10-10T00:15:00Z,เขาค้อ,207,0.0,0.0,0.0,,,True
1791591300,2026-10-10T00:15:00Z,บรรพตพิสัย,181,0.0,0.0,0.0,,,True
1791591300,2026-10-10T00:15:00Z,เก้าเลี้ยว,57,0.0,0.0,0.0,,,True
1791591300,2026-10-10T00:15:00Z,วังโป่ง,123,0.0,0.0,0.0,,,True
1791591300,2026-10-10T00:15:00Z,บึงสามพัน,194,0.0,0.0,0.0,,,True
1791591300,2026-10-10T00:15:00Z,น้ำหนาว,231,0.0,0.0,0.0,,,True
1791591300,2026-10-10T00:15:00Z,ศรีเทพ,204,0.0,0.0,0.0,,,True
1791591300,2026-10-10T00:15:00Z,หนองไผ่,315,0.0,0.0,0.0,,,True
1791591300,2026-10-10T00:15:00Z,มหาราช,4,0.0,0.0,0.0,,,False
1791591300,2026-10-10T00:15:00Z,บ้านแพรก,10,0.0,0.0,0.0,,,True
1791591300,2026-10-10T00:15:00Z,บางมูลนาก,99,0.0,0.0,0.0,,,True
1791591300,2026-10-10T00:15:00Z,โพทะเล,131,0.0,0.0,0.0,,,True
1791591300,2026-10-10T00:15:00Z,โพธิ์ประทับช้าง,102,0.0,0.0,0.0,,,True
1791591300,2026-10-10T00:15:00Z,ตะพานหิน,109,0.0,0.0,0.0,,,True
1791591300,2026-10-10T00:15:00Z,เมืองพิจิตร,138,0.0,0.0,0.0,,,True
1791591300,2026-10-10T00:15:00Z,วังทรายพูน,66,0.0,0.0,0.0,,,True
1791592200,2026-10-10T00:30:00Z,พิชัย,176,0.0,0.0,0.0,,,True
1791592200,2026-10-10T00:30:00Z,ลับแล,116,0.0,0.0,0.0,,,True
1791592200,2026-10-10T00:30:00Z,ฟากท่า,163,0.0,0.0,0.0,,,True
1791592200,2026-10-10T00:30:00Z,บ้านโคก,247,0.0,0.0,0.0,,,True
1791592200,2026-10-10T00:30:00Z,ท่าปลา,442,0.0,0.0,0.0,,,True
1791592200,2026-10-10T00:30:00Z,น้ำปาด,363,0.0,0.0,0.0,,,True
1791592200,2026-10-10T00:30:00Z,เมืองอุตรดิตถ์,202,0.0,0.0,0.0,,,True
1791592200,2026-10-10T00:30:00Z,ตรอน,80,0.0,0.0,0.0,,,True
1791592200,2026-10-10T00:30:00Z,หล่มเก่า,246,0.0,0.0,0.0,,,True
1791592200,2026-10-10T00:30:00Z,วิเชียรบุรี,377,0.0,0.0,0.0,,,True
1791592200,2026-10-10T00:30:00Z,ชนแดน,279,0.0,0.0,0.0,,,True
1791592200,2026-10-10T00:30:00Z,หล่มสัก,350,0.0,0.0,0.0,,,True
1791592200,2026-10-10T00:30:00Z,เมืองเพชรบูรณ์,571,0.0,0.0,0.0,,,True
1791592200,2026-10-10T00:30:00Z,ทองแสนขัน,185,0.0,0.0,0.0,,,True
1791592200,2026-10-10T00:30:00Z,บึงสามัคคี,71,0.0,0.0,0.0,,,True
1791592200,2026-10-10T00:30:00Z,โกสัมพีนคร,137,0.0,0.0,0.0,,,True
1791592200,2026-10-10T00:30:00Z,สอง,380,0.0,0.0,0.0,,,True
1791592200,2026-10-10T00:30:00Z,วังชิ้น,255,0.0,0.0,0.0,,,True
1791592200,2026-10-10T00:30:00Z,สูงเม่น,88,0.0,0.0,0.0,,,True
1791592200,2026-10-10T00:30:00Z,เด่นชัย,135,0.0,0.0,0.0,,,True
1791592200,2026-10-10T00:30:00Z,ร้องกวาง,221,0.0,0.0,0.0,,,True
1791592200,2026-10-10T00:30:00Z,ลอง,317,0.0,0.0,0.0,,,True
1791592200,2026-10-10T00:30:00Z,เมืองแพร่,205,0.0,0.0,0.0,,,True
1791592200,2026-10-10T00:30:00Z,ทัพทัน,94,0.001,0.098,0.0106,,120,True
1791592200,2026-10-10T00:30:00Z,สว่างอารมณ์,110,0.0,0.0,0.0,,,True
1791592200,2026-10-10T00:30:00Z,เมืองอุทัยธานี,59,0.03,0.288,0.2034,105,75,True
1791592200,2026-10-10T00:30:00Z,ห้วยคต,94,0.0,0.0,0.0,,,True
1791592200,2026-10-10T00:30:00Z,ศรีสวัสดิ์,440,0.0,0.0,0.0,,,True
1791592200,2026-10-10T00:30:00Z,บ้านไร่,821,0.0,0.0,0.0,,,True
1791592200,2026-10-10T00:30:00Z,ลานสัก,360,0.0,0.0,0.0,,,True
1791592200,2026-10-10T00:30:00Z,หนองฉาง,89,0.0,0.0,0.0,,,True
1791592200,2026-10-10T00:30:00Z,หนองขาหย่าง,43,0.0,0.0,0.0,,,True
1791592200,2026-10-10T00:30:00Z,เชียงม่วน,82,0.0,0.0,0.0,,,True
1791592200,2026-10-10T00:30:00Z,ดอกคำใต้,37,0.0,0.0,0.0,,,True
1791592200,2026-10-10T00:30:00Z,เมืองพะเยา,6,0.0,0.0,0.0,,,True
1791592200,2026-10-10T00:30:00Z,ทองผาภูมิ,851,0.0,0.0,0.0,,,True
1791592200,2026-10-10T00:30:00Z,สังขละบุรี,793,0.0,0.0,0.0,,,True
1791592200,2026-10-10T00:30:00Z,หนองม่วงไข่,35,0.0,0.0,0.0,,,True
1791592200,2026-10-10T00:30:00Z,ภูเวียง,81,0.0,0.0,0.0,,,True
1791592200,2026-10-10T00:30:00Z,มัญจาคีรี,50,0.0,0.0,0.0,,,True
1791592200,2026-10-10T00:30:00Z,หนองปรือ,104,0.0,0.0,0.0,,,True
1791592200,2026-10-10T00:30:00Z,เลาขวัญ,123,0.0,0.0,0.0,,,True
1791592200,2026-10-10T00:30:00Z,หนองนาคำ,43,0.0,0.0,0.0,,,True
1791592200,2026-10-10T00:30:00Z,โคกโพธิ์ไชย,65,0.0,0.0,0.0,,,True
1791592200,2026-10-10T00:30:00Z,บ้านหลวง,91,0.0,0.0,0.0,,,True
1791592200,2026-10-10T00:30:00Z,นาน้อย,266,0.0,0.0,0.0,,,True
1791592200,2026-10-10T00:30:00Z,ภูผาม่าน,74,0.0,0.0,0.0,,,True
1791592200,2026-10-10T00:30:00Z,เมืองน่าน,161,0.0,0.0,0.0,,,True
1791592200,2026-10-10T00:30:00Z,แม่จริม,262,0.0,0.0,0.0,,,True
1791592200,2026-10-10T00:30:00Z,เวียงเก่า,78,0.0,0.0,0.0,,,True
1791592200,2026-10-10T00:30:00Z,เมืองกำแพงเพชร,368,0.0,0.0,0.0,,,True
1791592200,2026-10-10T00:30:00Z,ไทรงาม,133,0.0,0.0,0.0,,,True
1791592200,2026-10-10T00:30:00Z,ปางศิลาทอง,186,0.0,0.0,0.0,,,True
1791592200,2026-10-10T00:30:00Z,ลานกระบือ,103,0.0,0.0,0.0,,,True
1791592200,2026-10-10T00:30:00Z,ทรายทองวัฒนา,53,0.0,0.0,0.0,,,True
1791592200,2026-10-10T00:30:00Z,คลองขลุง,179,0.0,0.0,0.0,,,True
1791592200,2026-10-10T00:30:00Z,พรานกระต่าย,252,0.0,0.0,0.0,,,True
1791592200,2026-10-10T00:30:00Z,คลองลาน,363,0.0,0.0,0.0,,,True
1791592200,2026-10-10T00:30:00Z,ขาณุวรลักษบุรี,296,0.0,0.0,0.0,,,True
1791592200,2026-10-10T00:30:00Z,ภูเพียง,113,0.0,0.0,0.0,,,True
1791592200,2026-10-10T00:30:00Z,นาหมื่น,245,0.0,0.0,0.0,,,True
1791592200,2026-10-10T00:30:00Z,เวียงสา,543,0.0,0.0,0.0,,,True
1791592200,2026-10-10T00:30:00Z,น้ำโสม,153,0.0,0.0,0.0,,,True
1791592200,2026-10-10T00:30:00Z,นายูง,126,0.0,0.0,0.0,,,True
1791592200,2026-10-10T00:30:00Z,ชุมแพ,173,0.0,0.0,0.0,,,True
1791592200,2026-10-10T00:30:00Z,สีชมพู,132,0.0,0.0,0.0,,,True
1791592200,2026-10-10T00:30:00Z,สุวรรณคูหา,140,0.0,0.0,0.0,,,True
1791592200,2026-10-10T00:30:00Z,นาวัง,65,0.0,0.0,0.0,,,True
1791592200,2026-10-10T00:30:00Z,หนองเรือ,80,0.0,0.0,0.0,,,True
1791592200,2026-10-10T00:30:00Z,โนนสัง,51,0.0,0.0,0.0,,,True
1791592200,2026-10-10T00:30:00Z,ศรีบุญเรือง,224,0.0,0.0,0.0,,,True
1791592200,2026-10-10T00:30:00Z,เมืองหนองบัวลำภู,217,0.0,0.0,0.0,,,True
1791592200,2026-10-10T00:30:00Z,นากลาง,173,0.0,0.0,0.0,,,True
1791592200,2026-10-10T00:30:00Z,ทุ่งเสลี่ยม,144,0.0,0.0,0.0,,,True
1791592200,2026-10-10T00:30:00Z,ดอยหล่อ,56,0.0,0.0,0.0,,,True
1791592200,2026-10-10T00:30:00Z,เมืองตาก,486,0.0,0.0,0.0,,,True
1791592200,2026-10-10T00:30:00Z,แม่ออน,116,0.0,0.0,0.0,,,True
1791592200,2026-10-10T00:30:00Z,อุ้มผาง,1209,0.0,0.0,0.0,,,True
1791592200,2026-10-10T00:30:00Z,วังเจ้า,183,0.0,0.0,0.0,,,True
1791592200,2026-10-10T00:30:00Z,แม่สอด,398,0.0,0.0,0.0,,,True
1791592200,2026-10-10T00:30:00Z,พบพระ,249,0.0,0.0,0.0,,,True
1791592200,2026-10-10T00:30:00Z,แม่ระมาด,380,0.0,0.0,0.0,,,True
1791592200,2026-10-10T00:30:00Z,ท่าสองยาง,401,0.0,0.0,0.0,,,True
1791592200,2026-10-10T00:30:00Z,บ้านตาก,255,0.0,0.0,0.0,,,True
1791592200,2026-10-10T00:30:00Z,สามเงา,698,0.0,0.0,0.0,,,True
1791592200,2026-10-10T00:30:00Z,จอมทอง,280,0.0,0.0,0.0,,,True
1791592200,2026-10-10T00:30:00Z,แก้งสนามนาง,79,0.0,0.0,0.0,,,True
1791592200,2026-10-10T00:30:00Z,สีคิ้ว,292,0.0,0.0,0.0,,,True
1791592200,2026-10-10T00:30:00Z,พระทองคำ,90,0.0,0.0,0.0,,,True
1791592200,2026-10-10T00:30:00Z,เทพารักษ์,92,0.0,0.0,0.0,,,True
1791592200,2026-10-10T00:30:00Z,สันกำแพง,65,0.0,0.0,0.0,,,True
1791592200,2026-10-10T00:30:00Z,สันป่าตอง,44,0.0,0.0,0.0,,,True
1791592200,2026-10-10T00:30:00Z,ดอยเต่า,213,0.0,0.0,0.0,,,True
1791592200,2026-10-10T00:30:00Z,อมก๋อย,704,0.0,0.0,0.0,,,True
1791592200,2026-10-10T00:30:00Z,ฮอด,378,0.0,0.0,0.0,,,True
1791592200,2026-10-10T00:30:00Z,เมืองลำพูน,117,0.0,0.0,0.0,,,True
1791592200,2026-10-10T00:30:00Z,แม่ทา,192,0.0,0.0,0.0,,,True
1791592200,2026-10-10T00:30:00Z,บ้านธิ,34,0.0,0.0,0.0,,,True
1791592200,2026-10-10T00:30:00Z,บ้านหมอ,24,0.0,0.0,0.0,,,True
1791592200,2026-10-10T00:30:00Z,เวียงหนองล่อง,14,0.0,0.0,0.0,,,True
1791592200,2026-10-10T00:30:00Z,ทุ่งหัวช้าง,113,0.0,0.0,0.0,,,True
1791592200,2026-10-10T00:30:00Z,ป่าซาง,74,0.0,0.0,0.0,,,True
1791592200,2026-10-10T00:30:00Z,บ้านโฮ่ง,124,0.0,0.0,0.0,,,True
1791592200,2026-10-10T00:30:00Z,แก่งคอย,73,0.0,0.0,0.0,,,True
1791592200,2026-10-10T00:30:00Z,ลี้,454,0.0,0.0,0.0,,,True
1791592200,2026-10-10T00:30:00Z,พระพุทธบาท,55,0.0,0.0,0.0,,,True
1791592200,2026-10-10T00:30:00Z,ดอนพุด,7,0.0,0.0,0.0,,,True
1791592200,2026-10-10T00:30:00Z,หนองโดน,31,0.0,0.0,0.0,,,True
1791592200,2026-10-10T00:30:00Z,เมืองลำปาง,300,0.0,0.0,0.0,,,True
1791592200,2026-10-10T00:30:00Z,เถิน,443,0.0,0.0,0.0,,,True
1791592200,2026-10-10T00:30:00Z,แม่พริก,167,0.0,0.0,0.0,,,True
1791592200,2026-10-10T00:30:00Z,แจ้ห่ม,274,0.0,0.0,0.0,,,True
1791592200,2026-10-10T00:30:00Z,แม่เปิน,85,0.0,0.0,0.0,,,True
1791592200,2026-10-10T00:30:00Z,เสริมงาม,185,0.0,0.0,0.0,,,True
1791592200,2026-10-10T00:30:00Z,ชุมตาบง,61,0.0,0.0,0.0,,,True
1791592200,2026-10-10T00:30:00Z,งาว,344,0.0,0.0,0.0,,,True
1791592200,2026-10-10T00:30:00Z,ตากฟ้า,125,0.0,0.0,0.0,,,True
1791592200,2026-10-10T00:30:00Z,แม่เมาะ,283,0.0,0.0,0.0,,,True
1791592200,2026-10-10T00:30:00Z,แม่วงก์,257,0.0,0.0,0.0,,,True
1791592200,2026-10-10T00:30:00Z,เกาะคา,128,0.0,0.0,0.0,,,True
1791592200,2026-10-10T00:30:00Z,พยุหะคีรี,169,0.001,0.098,0.0118,,45,True
1791592200,2026-10-10T00:30:00Z,ลาดยาว,187,0.0,0.0,0.0,,,True
1791592200,2026-10-10T00:30:00Z,สบปราบ,125,0.0,0.0,0.0,,,True
1791592200,2026-10-10T00:30:00Z,ห้างฉัตร,154,0.0,0.0,0.0,,,True
1791592200,2026-10-10T00:30:00Z,แม่ทะ,203,0.0,0.0,0.0,,,True
1791592200,2026-10-10T00:30:00Z,เมืองปาน,202,0.0,0.0,0.0,,,True
1791592200,2026-10-10T00:30:00Z,เมืองอ่างทอง,6,0.0,0.0,0.0,,,True
1791592200,2026-10-10T00:30:00Z,ไชโย,20,0.0,0.0,0.0,,,True
1791592200,2026-10-10T00:30:00Z,สามโก้,10,0.0,0.0,0.0,,,True
1791592200,2026-10-10T00:30:00Z,แสวงหา,43,0.0,0.0,0.0,,,True
1791592200,2026-10-10T00:30:00Z,วิเศษชัยชาญ,7,0.0,0.0,0.0,,,True
1791592200,2026-10-10T00:30:00Z,โพธิ์ทอง,48,0.0,0.0,0.0,,,True
1791592200,2026-10-10T00:30:00Z,เมืองลพบุรี,190,0.0,0.0,0.0,,,True
1791592200,2026-10-10T00:30:00Z,เดิมบางนางบวช,130,0.0,0.0,0.0,,,True
1791592200,2026-10-10T00:30:00Z,ด่านช้าง,309,0.0,0.0,0.0,,,True
1791592200,2026-10-10T00:30:00Z,หนองม่วง,111,0.0,0.0,0.0,,,True
1791592200,2026-10-10T00:30:00Z,ลำสนธิ,136,0.0,0.0,0.0,,,True
1791592200,2026-10-10T00:30:00Z,สามชุก,77,0.0,0.0,0.0,,,True
1791592200,2026-10-10T00:30:00Z,ดอนเจดีย์,72,0.0,0.0,0.0,,,True
1791592200,2026-10-10T00:30:00Z,สระโบสถ์,83,0.0,0.0,0.0,,,True
1791592200,2026-10-10T00:30:00Z,ศรีประจันต์,41,0.0,0.0,0.0,,,True
1791592200,2026-10-10T00:30:00Z,โคกเจริญ,135,0.0,0.0,0.0,,,True
1791592200,2026-10-10T00:30:00Z,บ้านหมี่,136,0.0,0.0,0.0,,,True
1791592200,2026-10-10T00:30:00Z,ท่าหลวง,100,0.0,0.0,0.0,,,True
1791592200,2026-10-10T00:30:00Z,ชัยบาดาล,280,0.0,0.0,0.0,,,True
1791592200,2026-10-10T00:30:00Z,ท่าวุ้ง,64,0.0,0.0,0.0,,,True
1791592200,2026-10-10T00:30:00Z,พัฒนานิคม,217,0.0,0.0,0.0,,,True
1791592200,2026-10-10T00:30:00Z,โคกสำโรง,180,0.0,0.0,0.0,,,True
1791592200,2026-10-10T00:30:00Z,หนองหญ้าไซ,108,0.0,0.0,0.0,,,True
1791592200,2026-10-10T00:30:00Z,ท่าช้าง,11,0.0,0.0,0.0,,,True
1791592200,2026-10-10T00:30:00Z,อินทร์บุรี,66,0.0,0.0,0.0,,,True
1791592200,2026-10-10T00:30:00Z,ค่ายบางระจัน,26,0.0,0.0,0.0,,,True
1791592200,2026-10-10T00:30:00Z,พรหมบุรี,19,0.0,0.0,0.0,,,True
1791592200,2026-10-10T00:30:00Z,เนินสง่า,65,0.0,0.0,0.0,,,True
1791592200,2026-10-10T00:30:00Z,เมืองสิงห์บุรี,31,0.0,0.0,0.0,,,True
1791592200,2026-10-10T00:30:00Z,ซับใหญ่,72,0.0,0.0,0.0,,,True
1791592200,2026-10-10T00:30:00Z,บางระจัน,46,0.0,0.0,0.0,,,True
1791592200,2026-10-10T00:30:00Z,ภูกระดึง,190,0.0,0.0,0.0,,,True
1791592200,2026-10-10T00:30:00Z,ภูหลวง,145,0.0,0.0,0.0,,,True
1791592200,2026-10-10T00:30:00Z,หนองหิน,78,0.0,0.0,0.0,,,True
1791592200,2026-10-10T00:30:00Z,ผาขาว,100,0.0,0.0,0.0,,,True
1791592200,2026-10-10T00:30:00Z,เอราวัณ,87,0.0,0.0,0.0,,,True
1791592200,2026-10-10T00:30:00Z,วังสะพุง,281,0.0,0.0,0.0,,,True
1791592200,2026-10-10T00:30:00Z,วังม่วง,70,0.0,0.0,0.0,,,True
1791592200,2026-10-10T00:30:00Z,เฉลิมพระเกียรติ,35,0.0,0.0,0.0,,,True
1791592200,2026-10-10T00:30:00Z,มวกเหล็ก,175,0.0,0.0,0.0,,,True
1791592200,2026-10-10T00:30:00Z,บ้านเขว้า,124,0.0,0.0,0.0,,,True
1791592200,2026-10-10T00:30:00Z,คอนสวรรค์,113,0.0,0.0,0.0,,,True
1791592200,2026-10-10T00:30:00Z,เมืองชัยภูมิ,358,0.0,0.0,0.0,,,True
1791592200,2026-10-10T00:30:00Z,วังทอง,425,0.0,0.0,0.0,,,True
1791592200,2026-10-10T00:30:00Z,เนินมะปราง,276,0.0,0.0,0.0,,,True
1791592200,2026-10-10T00:30:00Z,สวรรคโลก,156,0.0,0.0,0.0,,,True
1791592200,2026-10-10T00:30:00Z,ศรีนคร,46,0.0,0.0,0.0,,,True
1791592200,2026-10-10T00:30:00Z,หันคา,139,0.0,0.0,0.0,,,True
1791592200,2026-10-10T00:30:00Z,ศรีสัชนาลัย,534,0.0,0.0,0.0,,,True
1791592200,2026-10-10T00:30:00Z,หนองมะโมง,76,0.0,0.0,0.0,,,True
1791592200,2026-10-10T00:30:00Z,ศรีสำโรง,142,0.0,0.0,0.0,,,True
1791592200,2026-10-10T00:30:00Z,สรรพยา,55,0.0,0.0,0.0,,,True
1791592200,2026-10-10T00:30:00Z,คีรีมาศ,171,0.0,0.0,0.0,,,True
1791592200,2026-10-10T00:30:00Z,สรรคบุรี,89,0.0,0.0,0.0,,,True
1791592200,2026-10-10T00:30:00Z,กงไกรลาศ,108,0.0,0.0,0.0,,,True
1791592200,2026-10-10T00:30:00Z,มโนรมย์,66,0.0,0.0,0.0,,,True
1791592200,2026-10-10T00:30:00Z,เมืองสุโขทัย,136,0.0,0.0,0.0,,,True
1791592200,2026-10-10T00:30:00Z,วัดสิงห์,67,0.0,0.0,0.0,,,True
1791592200,2026-10-10T00:30:00Z,บ้านด่านลานหอย,231,0.0,0.0,0.0,,,True
1791592200,2026-10-10T00:30:00Z,เมืองชัยนาท,70,0.0,0.0,0.0,,,True
1791592200,2026-10-10T00:30:00Z,เนินขาม,65,0.0,0.0,0.0,,,True
1791592200,2026-10-10T00:30:00Z,คอนสาร,334,0.0,0.0,0.0,,,True
1791592200,2026-10-10T00:30:00Z,ภักดีชุมพล,154,0.0,0.0,0.0,,,True
1791592200,2026-10-10T00:30:00Z,บ้านแท่น,76,0.0,0.0,0.0,,,True
1791592200,2026-10-10T00:30:00Z,แก้งคร้อ,168,0.0,0.0,0.0,,,True
1791592200,2026-10-10T00:30:00Z,ภูเขียว,201,0.0,0.0,0.0,,,True
1791592200,2026-10-10T00:30:00Z,หนองบัวระเหว,179,0.0,0.0,0.0,,,True
1791592200,2026-10-10T00:30:00Z,เทพสถิต,239,0.0,0.0,0.0,,,True
1791592200,2026-10-10T00:30:00Z,จัตุรัส,172,0.0,0.0,0.0,,,True
1791592200,2026-10-10T00:30:00Z,บำเหน็จณรงค์,120,0.0,0.0,0.0,,,True
1791592200,2026-10-10T00:30:00Z,เกษตรสมบูรณ์,268,0.0,0.0,0.0,,,True
1791592200,2026-10-10T00:30:00Z,หนองบัวแดง,537,0.0,0.0,0.0,,,True
1791592200,2026-10-10T00:30:00Z,ภูเรือ,168,0.0,0.0,0.0,,,True
1791592200,2026-10-10T00:30:00Z,ท่าลี่,171,0.0,0.0,0.0,,,True
1791592200,2026-10-10T00:30:00Z,วชิรบารมี,68,0.0,0.0,0.0,,,True
1791592200,2026-10-10T00:30:00Z,ด่านซ้าย,341,0.0,0.0,0.0,,,True
1791592200,2026-10-10T00:30:00Z,นาแห้ว,153,0.0,0.0,0.0,,,True
1791592200,2026-10-10T00:30:00Z,บึงนาราง,74,0.0,0.0,0.0,,,True
1791592200,2026-10-10T00:30:00Z,เชียงคาน,213,0.0,0.0,0.0,,,True
1791592200,2026-10-10T00:30:00Z,ดงเจริญ,56,0.0,0.0,0.0,,,True
1791592200,2026-10-10T00:30:00Z,ปากชม,240,0.0,0.0,0.0,,,True
1791592200,2026-10-10T00:30:00Z,เมืองเลย,314,0.0,0.0,0.0,,,True
1791592200,2026-10-10T00:30:00Z,นาด้วง,143,0.0,0.0,0.0,,,True
1791592200,2026-10-10T00:30:00Z,สากเหล็ก,45,0.0,0.0,0.0,,,True
1791592200,2026-10-10T00:30:00Z,สามง่าม,89,0.0,0.0,0.0,,,True
1791592200,2026-10-10T00:30:00Z,ทับคล้อ,104,0.0,0.0,0.0,,,True
1791592200,2026-10-10T00:30:00Z,พรหมพิราม,206,0.0,0.0,0.0,,,True
1791592200,2026-10-10T00:30:00Z,ด่านขุนทด,344,0.0,0.0,0.0,,,True
1791592200,2026-10-10T00:30:00Z,วัดโบสถ์,226,0.0,0.0,0.0,,,True
1791592200,2026-10-10T00:30:00Z,บางระกำ,246,0.0,0.0,0.0,,,True
1791592200,2026-10-10T00:30:00Z,บางกระทุ่ม,91,0.0,0.0,0.0,,,True
1791592200,2026-10-10T00:30:00Z,นครไทย,597,0.0,0.0,0.0,,,True
1791592200,2026-10-10T00:30:00Z,ชาติตระการ,415,0.0,0.0,0.0,,,True
1791592200,2026-10-10T00:30:00Z,บ้านเหลื่อม,55,0.0,0.0,0.0,,,True
1791592200,2026-10-10T00:30:00Z,เมืองพิษณุโลก,178,0.0,0.0,0.0,,,True
1791592200,2026-10-10T00:30:00Z,ชุมแสง,145,0.0,0.0,0.0,,,True
1791592200,2026-10-10T00:30:00Z,หนองบัว,208,0.0,0.0,0.0,,,True
1791592200,2026-10-10T00:30:00Z,เมืองนครสวรรค์,183,0.001,0.098,0.0109,,15,True
1791592200,2026-10-10T00:30:00Z,โกรกพระ,71,0.05,0.299,0.3099,30,15,True
1791592200,2026-10-10T00:30:00Z,ไพศาลี,244,0.0,0.0,0.0,,,True
1791592200,2026-10-10T00:30:00Z,ตาคลี,206,0.0,0.0,0.0,,,True
1791592200,2026-10-10T00:30:00Z,ท่าตะโก,211,0.0,0.0,0.0,,,True
1791592200,2026-10-10T00:30:00Z,เขาค้อ,207,0.0,0.0,0.0,,,True
1791592200,2026-10-10T00:30:00Z,บรรพตพิสัย,181,0.0,0.0,0.0,,,True
1791592200,2026-10-10T00:30:00Z,เก้าเลี้ยว,57,0.0,0.0,0.0,,,True
1791592200,2026-10-10T00:30:00Z,วังโป่ง,123,0.0,0.0,0.0,,,True
1791592200,2026-10-10T00:30:00Z,บึงสามพัน,194,0.0,0.0,0.0,,,True
1791592200,2026-10-10T00:30:00Z,น้ำหนาว,231,0.0,0.0,0.0,,,True
1791592200,2026-10-10T00:30:00Z,ศรีเทพ,204,0.0,0.0,0.0,,,True
1791592200,2026-10-10T00:30:00Z,หนองไผ่,315,0.0,0.0,0.0,,,True
1791592200,2026-10-10T00:30:00Z,มหาราช,4,0.0,0.0,0.0,,,False
1791592200,2026-10-10T00:30:00Z,บ้านแพรก,10,0.0,0.0,0.0,,,True
1791592200,2026-10-10T00:30:00Z,บางมูลนาก,99,0.0,0.0,0.0,,,True
1791592200,2026-10-10T00:30:00Z,โพทะเล,131,0.0,0.0,0.0,,,True
1791592200,2026-10-10T00:30:00Z,โพธิ์ประทับช้าง,102,0.0,0.0,0.0,,,True
1791592200,2026-10-10T00:30:00Z,ตะพานหิน,109,0.0,0.0,0.0,,,True
1791592200,2026-10-10T00:30:00Z,เมืองพิจิตร,138,0.0,0.0,0.0,,,True
1791592200,2026-10-10T00:30:00Z,วังทรายพูน,66,0.0,0.0,0.0,,,True
1791593100,2026-10-10T00:45:00Z,พิชัย,176,0.0,0.0,0.0,,,True
1791593100,2026-10-10T00:45:00Z,ลับแล,116,0.0,0.0,0.0,,,True
1791593100,2026-10-10T00:45:00Z,ฟากท่า,163,0.0,0.0,0.0,,,True
1791593100,2026-10-10T00:45:00Z,บ้านโคก,247,0.0,0.0,0.0,,,True
1791593100,2026-10-10T00:45:00Z,ท่าปลา,442,0.0,0.0,0.0,,,True
1791593100,2026-10-10T00:45:00Z,น้ำปาด,363,0.0,0.0,0.0,,,True
1791593100,2026-10-10T00:45:00Z,เมืองอุตรดิตถ์,202,0.0,0.0,0.0,,,True
1791593100,2026-10-10T00:45:00Z,ตรอน,80,0.0,0.0,0.0,,,True
1791593100,2026-10-10T00:45:00Z,หล่มเก่า,246,0.0,0.0,0.0,,,True
1791593100,2026-10-10T00:45:00Z,วิเชียรบุรี,377,0.0,0.0,0.0,,,True
1791593100,2026-10-10T00:45:00Z,ชนแดน,279,0.0,0.0,0.0,,,True
1791593100,2026-10-10T00:45:00Z,หล่มสัก,350,0.0,0.0,0.0,,,True
1791593100,2026-10-10T00:45:00Z,เมืองเพชรบูรณ์,571,0.0,0.0,0.0,,,True
1791593100,2026-10-10T00:45:00Z,ทองแสนขัน,185,0.0,0.0,0.0,,,True
1791593100,2026-10-10T00:45:00Z,บึงสามัคคี,71,0.0,0.0,0.0,,,True
1791593100,2026-10-10T00:45:00Z,โกสัมพีนคร,137,0.0,0.0,0.0,,,True
1791593100,2026-10-10T00:45:00Z,สอง,380,0.0,0.0,0.0,,,True
1791593100,2026-10-10T00:45:00Z,วังชิ้น,255,0.0,0.0,0.0,,,True
1791593100,2026-10-10T00:45:00Z,สูงเม่น,88,0.0,0.0,0.0,,,True
1791593100,2026-10-10T00:45:00Z,เด่นชัย,135,0.0,0.0,0.0,,,True
1791593100,2026-10-10T00:45:00Z,ร้องกวาง,221,0.0,0.0,0.0,,,True
1791593100,2026-10-10T00:45:00Z,ลอง,317,0.0,0.0,0.0,,,True
1791593100,2026-10-10T00:45:00Z,เมืองแพร่,205,0.0,0.0,0.0,,,True
1791593100,2026-10-10T00:45:00Z,ทัพทัน,94,0.0,0.0,0.0,,,True
1791593100,2026-10-10T00:45:00Z,สว่างอารมณ์,110,0.0,0.0,0.0,,,True
1791593100,2026-10-10T00:45:00Z,เมืองอุทัยธานี,59,0.0,0.0,0.0,,,True
1791593100,2026-10-10T00:45:00Z,ห้วยคต,94,0.0,0.0,0.0,,,True
1791593100,2026-10-10T00:45:00Z,ศรีสวัสดิ์,440,0.0,0.0,0.0,,,True
1791593100,2026-10-10T00:45:00Z,บ้านไร่,821,0.0,0.0,0.0,,,True
1791593100,2026-10-10T00:45:00Z,ลานสัก,360,0.0,0.0,0.0,,,True
1791593100,2026-10-10T00:45:00Z,หนองฉาง,89,0.0,0.0,0.0,,,True
1791593100,2026-10-10T00:45:00Z,หนองขาหย่าง,43,0.0,0.0,0.0,,,True
1791593100,2026-10-10T00:45:00Z,เชียงม่วน,82,0.0,0.0,0.0,,,True
1791593100,2026-10-10T00:45:00Z,ดอกคำใต้,37,0.0,0.0,0.0,,,True
1791593100,2026-10-10T00:45:00Z,เมืองพะเยา,6,0.0,0.0,0.0,,,True
1791593100,2026-10-10T00:45:00Z,ทองผาภูมิ,851,0.0,0.0,0.0,,,True
1791593100,2026-10-10T00:45:00Z,สังขละบุรี,793,0.0,0.0,0.0,,,True
1791593100,2026-10-10T00:45:00Z,หนองม่วงไข่,35,0.0,0.0,0.0,,,True
1791593100,2026-10-10T00:45:00Z,ภูเวียง,81,0.0,0.0,0.0,,,True
1791593100,2026-10-10T00:45:00Z,มัญจาคีรี,50,0.0,0.0,0.0,,,True
1791593100,2026-10-10T00:45:00Z,หนองปรือ,104,0.0,0.0,0.0,,,True
1791593100,2026-10-10T00:45:00Z,เลาขวัญ,123,0.0,0.0,0.0,,,True
1791593100,2026-10-10T00:45:00Z,หนองนาคำ,43,0.0,0.0,0.0,,,True
1791593100,2026-10-10T00:45:00Z,โคกโพธิ์ไชย,65,0.0,0.0,0.0,,,True
1791593100,2026-10-10T00:45:00Z,บ้านหลวง,91,0.0,0.0,0.0,,,True
1791593100,2026-10-10T00:45:00Z,นาน้อย,266,0.0,0.0,0.0,,,True
1791593100,2026-10-10T00:45:00Z,ภูผาม่าน,74,0.0,0.0,0.0,,,True
1791593100,2026-10-10T00:45:00Z,เมืองน่าน,161,0.0,0.0,0.0,,,True
1791593100,2026-10-10T00:45:00Z,แม่จริม,262,0.0,0.0,0.0,,,True
1791593100,2026-10-10T00:45:00Z,เวียงเก่า,78,0.0,0.0,0.0,,,True
1791593100,2026-10-10T00:45:00Z,เมืองกำแพงเพชร,368,0.0,0.0,0.0,,,True
1791593100,2026-10-10T00:45:00Z,ไทรงาม,133,0.0,0.0,0.0,,,True
1791593100,2026-10-10T00:45:00Z,ปางศิลาทอง,186,0.0,0.0,0.0,,,True
1791593100,2026-10-10T00:45:00Z,ลานกระบือ,103,0.0,0.0,0.0,,,True
1791593100,2026-10-10T00:45:00Z,ทรายทองวัฒนา,53,0.0,0.0,0.0,,,True
1791593100,2026-10-10T00:45:00Z,คลองขลุง,179,0.0,0.0,0.0,,,True
1791593100,2026-10-10T00:45:00Z,พรานกระต่าย,252,0.0,0.0,0.0,,,True
1791593100,2026-10-10T00:45:00Z,คลองลาน,363,0.0,0.0,0.0,,,True
1791593100,2026-10-10T00:45:00Z,ขาณุวรลักษบุรี,296,0.0,0.0,0.0,,,True
1791593100,2026-10-10T00:45:00Z,ภูเพียง,113,0.0,0.0,0.0,,,True
1791593100,2026-10-10T00:45:00Z,นาหมื่น,245,0.0,0.0,0.0,,,True
1791593100,2026-10-10T00:45:00Z,เวียงสา,543,0.0,0.0,0.0,,,True
1791593100,2026-10-10T00:45:00Z,น้ำโสม,153,0.0,0.0,0.0,,,True
1791593100,2026-10-10T00:45:00Z,นายูง,126,0.0,0.0,0.0,,,True
1791593100,2026-10-10T00:45:00Z,ชุมแพ,173,0.0,0.0,0.0,,,True
1791593100,2026-10-10T00:45:00Z,สีชมพู,132,0.0,0.0,0.0,,,True
1791593100,2026-10-10T00:45:00Z,สุวรรณคูหา,140,0.0,0.0,0.0,,,True
1791593100,2026-10-10T00:45:00Z,นาวัง,65,0.0,0.0,0.0,,,True
1791593100,2026-10-10T00:45:00Z,หนองเรือ,80,0.0,0.0,0.0,,,True
1791593100,2026-10-10T00:45:00Z,โนนสัง,51,0.0,0.0,0.0,,,True
1791593100,2026-10-10T00:45:00Z,ศรีบุญเรือง,224,0.0,0.0,0.0,,,True
1791593100,2026-10-10T00:45:00Z,เมืองหนองบัวลำภู,217,0.0,0.0,0.0,,,True
1791593100,2026-10-10T00:45:00Z,นากลาง,173,0.0,0.0,0.0,,,True
1791593100,2026-10-10T00:45:00Z,ทุ่งเสลี่ยม,144,0.0,0.0,0.0,,,True
1791593100,2026-10-10T00:45:00Z,ดอยหล่อ,56,0.0,0.0,0.0,,,True
1791593100,2026-10-10T00:45:00Z,เมืองตาก,486,0.0,0.0,0.0,,,True
1791593100,2026-10-10T00:45:00Z,แม่ออน,116,0.0,0.0,0.0,,,True
1791593100,2026-10-10T00:45:00Z,อุ้มผาง,1209,0.0,0.0,0.0,,,True
1791593100,2026-10-10T00:45:00Z,วังเจ้า,183,0.0,0.0,0.0,,,True
1791593100,2026-10-10T00:45:00Z,แม่สอด,398,0.0,0.0,0.0,,,True
1791593100,2026-10-10T00:45:00Z,พบพระ,249,0.0,0.0,0.0,,,True
1791593100,2026-10-10T00:45:00Z,แม่ระมาด,380,0.0,0.0,0.0,,,True
1791593100,2026-10-10T00:45:00Z,ท่าสองยาง,401,0.0,0.0,0.0,,,True
1791593100,2026-10-10T00:45:00Z,บ้านตาก,255,0.0,0.0,0.0,,,True
1791593100,2026-10-10T00:45:00Z,สามเงา,698,0.0,0.0,0.0,,,True
1791593100,2026-10-10T00:45:00Z,จอมทอง,280,0.0,0.0,0.0,,,True
1791593100,2026-10-10T00:45:00Z,แก้งสนามนาง,79,0.0,0.0,0.0,,,True
1791593100,2026-10-10T00:45:00Z,สีคิ้ว,292,0.0,0.0,0.0,,,True
1791593100,2026-10-10T00:45:00Z,พระทองคำ,90,0.0,0.0,0.0,,,True
1791593100,2026-10-10T00:45:00Z,เทพารักษ์,92,0.0,0.0,0.0,,,True
1791593100,2026-10-10T00:45:00Z,สันกำแพง,65,0.0,0.0,0.0,,,True
1791593100,2026-10-10T00:45:00Z,สันป่าตอง,44,0.0,0.0,0.0,,,True
1791593100,2026-10-10T00:45:00Z,ดอยเต่า,213,0.0,0.0,0.0,,,True
1791593100,2026-10-10T00:45:00Z,อมก๋อย,704,0.0,0.0,0.0,,,True
1791593100,2026-10-10T00:45:00Z,ฮอด,378,0.0,0.0,0.0,,,True
1791593100,2026-10-10T00:45:00Z,เมืองลำพูน,117,0.0,0.0,0.0,,,True
1791593100,2026-10-10T00:45:00Z,แม่ทา,192,0.0,0.0,0.0,,,True
1791593100,2026-10-10T00:45:00Z,บ้านธิ,34,0.0,0.0,0.0,,,True
1791593100,2026-10-10T00:45:00Z,บ้านหมอ,24,0.0,0.0,0.0,,,True
1791593100,2026-10-10T00:45:00Z,เวียงหนองล่อง,14,0.0,0.0,0.0,,,True
1791593100,2026-10-10T00:45:00Z,ทุ่งหัวช้าง,113,0.0,0.0,0.0,,,True
1791593100,2026-10-10T00:45:00Z,ป่าซาง,74,0.0,0.0,0.0,,,True
1791593100,2026-10-10T00:45:00Z,บ้านโฮ่ง,124,0.0,0.0,0.0,,,True
1791593100,2026-10-10T00:45:00Z,แก่งคอย,73,0.0,0.0,0.0,,,True
1791593100,2026-10-10T00:45:00Z,ลี้,454,0.0,0.0,0.0,,,True
1791593100,2026-10-10T00:45:00Z,พระพุทธบาท,55,0.0,0.0,0.0,,,True
1791593100,2026-10-10T00:45:00Z,ดอนพุด,7,0.0,0.0,0.0,,,True
1791593100,2026-10-10T00:45:00Z,หนองโดน,31,0.0,0.0,0.0,,,True
1791593100,2026-10-10T00:45:00Z,เมืองลำปาง,300,0.0,0.0,0.0,,,True
1791593100,2026-10-10T00:45:00Z,เถิน,443,0.0,0.0,0.0,,,True
1791593100,2026-10-10T00:45:00Z,แม่พริก,167,0.0,0.0,0.0,,,True
1791593100,2026-10-10T00:45:00Z,แจ้ห่ม,274,0.0,0.0,0.0,,,True
1791593100,2026-10-10T00:45:00Z,แม่เปิน,85,0.0,0.0,0.0,,,True
1791593100,2026-10-10T00:45:00Z,เสริมงาม,185,0.0,0.0,0.0,,,True
1791593100,2026-10-10T00:45:00Z,ชุมตาบง,61,0.0,0.0,0.0,,,True
1791593100,2026-10-10T00:45:00Z,งาว,344,0.0,0.0,0.0,,,True
1791593100,2026-10-10T00:45:00Z,ตากฟ้า,125,0.0,0.0,0.0,,,True
1791593100,2026-10-10T00:45:00Z,แม่เมาะ,283,0.0,0.0,0.0,,,True
1791593100,2026-10-10T00:45:00Z,แม่วงก์,257,0.0,0.0,0.0,,,True
1791593100,2026-10-10T00:45:00Z,เกาะคา,128,0.0,0.0,0.0,,,True
1791593100,2026-10-10T00:45:00Z,พยุหะคีรี,169,0.0,0.0,0.0,,,True
1791593100,2026-10-10T00:45:00Z,ลาดยาว,187,0.0,0.0,0.0,,,True
1791593100,2026-10-10T00:45:00Z,สบปราบ,125,0.0,0.0,0.0,,,True
1791593100,2026-10-10T00:45:00Z,ห้างฉัตร,154,0.0,0.0,0.0,,,True
1791593100,2026-10-10T00:45:00Z,แม่ทะ,203,0.0,0.0,0.0,,,True
1791593100,2026-10-10T00:45:00Z,เมืองปาน,202,0.0,0.0,0.0,,,True
1791593100,2026-10-10T00:45:00Z,เมืองอ่างทอง,6,0.0,0.0,0.0,,,True
1791593100,2026-10-10T00:45:00Z,ไชโย,20,0.0,0.0,0.0,,,True
1791593100,2026-10-10T00:45:00Z,สามโก้,10,0.0,0.0,0.0,,,True
1791593100,2026-10-10T00:45:00Z,แสวงหา,43,0.0,0.0,0.0,,,True
1791593100,2026-10-10T00:45:00Z,วิเศษชัยชาญ,7,0.0,0.0,0.0,,,True
1791593100,2026-10-10T00:45:00Z,โพธิ์ทอง,48,0.0,0.0,0.0,,,True
1791593100,2026-10-10T00:45:00Z,เมืองลพบุรี,190,0.0,0.0,0.0,,,True
1791593100,2026-10-10T00:45:00Z,เดิมบางนางบวช,130,0.0,0.0,0.0,,,True
1791593100,2026-10-10T00:45:00Z,ด่านช้าง,309,0.0,0.0,0.0,,,True
1791593100,2026-10-10T00:45:00Z,หนองม่วง,111,0.0,0.0,0.0,,,True
1791593100,2026-10-10T00:45:00Z,ลำสนธิ,136,0.0,0.0,0.0,,,True
1791593100,2026-10-10T00:45:00Z,สามชุก,77,0.0,0.0,0.0,,,True
1791593100,2026-10-10T00:45:00Z,ดอนเจดีย์,72,0.0,0.0,0.0,,,True
1791593100,2026-10-10T00:45:00Z,สระโบสถ์,83,0.0,0.0,0.0,,,True
1791593100,2026-10-10T00:45:00Z,ศรีประจันต์,41,0.0,0.0,0.0,,,True
1791593100,2026-10-10T00:45:00Z,โคกเจริญ,135,0.0,0.0,0.0,,,True
1791593100,2026-10-10T00:45:00Z,บ้านหมี่,136,0.0,0.0,0.0,,,True
1791593100,2026-10-10T00:45:00Z,ท่าหลวง,100,0.0,0.0,0.0,,,True
1791593100,2026-10-10T00:45:00Z,ชัยบาดาล,280,0.0,0.0,0.0,,,True
1791593100,2026-10-10T00:45:00Z,ท่าวุ้ง,64,0.0,0.0,0.0,,,True
1791593100,2026-10-10T00:45:00Z,พัฒนานิคม,217,0.0,0.0,0.0,,,True
1791593100,2026-10-10T00:45:00Z,โคกสำโรง,180,0.0,0.0,0.0,,,True
1791593100,2026-10-10T00:45:00Z,หนองหญ้าไซ,108,0.0,0.0,0.0,,,True
1791593100,2026-10-10T00:45:00Z,ท่าช้าง,11,0.0,0.0,0.0,,,True
1791593100,2026-10-10T00:45:00Z,อินทร์บุรี,66,0.0,0.0,0.0,,,True
1791593100,2026-10-10T00:45:00Z,ค่ายบางระจัน,26,0.0,0.0,0.0,,,True
1791593100,2026-10-10T00:45:00Z,พรหมบุรี,19,0.0,0.0,0.0,,,True
1791593100,2026-10-10T00:45:00Z,เนินสง่า,65,0.0,0.0,0.0,,,True
1791593100,2026-10-10T00:45:00Z,เมืองสิงห์บุรี,31,0.0,0.0,0.0,,,True
1791593100,2026-10-10T00:45:00Z,ซับใหญ่,72,0.0,0.0,0.0,,,True
1791593100,2026-10-10T00:45:00Z,บางระจัน,46,0.0,0.0,0.0,,,True
1791593100,2026-10-10T00:45:00Z,ภูกระดึง,190,0.0,0.0,0.0,,,True
1791593100,2026-10-10T00:45:00Z,ภูหลวง,145,0.0,0.0,0.0,,,True
1791593100,2026-10-10T00:45:00Z,หนองหิน,78,0.0,0.0,0.0,,,True
1791593100,2026-10-10T00:45:00Z,ผาขาว,100,0.0,0.0,0.0,,,True
1791593100,2026-10-10T00:45:00Z,เอราวัณ,87,0.0,0.0,0.0,,,True
1791593100,2026-10-10T00:45:00Z,วังสะพุง,281,0.0,0.0,0.0,,,True
1791593100,2026-10-10T00:45:00Z,วังม่วง,70,0.0,0.0,0.0,,,True
1791593100,2026-10-10T00:45:00Z,เฉลิมพระเกียรติ,35,0.0,0.0,0.0,,,True
1791593100,2026-10-10T00:45:00Z,มวกเหล็ก,175,0.0,0.0,0.0,,,True
1791593100,2026-10-10T00:45:00Z,บ้านเขว้า,124,0.0,0.0,0.0,,,True
1791593100,2026-10-10T00:45:00Z,คอนสวรรค์,113,0.0,0.0,0.0,,,True
1791593100,2026-10-10T00:45:00Z,เมืองชัยภูมิ,358,0.0,0.0,0.0,,,True
1791593100,2026-10-10T00:45:00Z,วังทอง,425,0.0,0.0,0.0,,,True
1791593100,2026-10-10T00:45:00Z,เนินมะปราง,276,0.0,0.0,0.0,,,True
1791593100,2026-10-10T00:45:00Z,สวรรคโลก,156,0.0,0.0,0.0,,,True
1791593100,2026-10-10T00:45:00Z,ศรีนคร,46,0.0,0.0,0.0,,,True
1791593100,2026-10-10T00:45:00Z,หันคา,139,0.0,0.0,0.0,,,True
1791593100,2026-10-10T00:45:00Z,ศรีสัชนาลัย,534,0.0,0.0,0.0,,,True
1791593100,2026-10-10T00:45:00Z,หนองมะโมง,76,0.0,0.0,0.0,,,True
1791593100,2026-10-10T00:45:00Z,ศรีสำโรง,142,0.0,0.0,0.0,,,True
1791593100,2026-10-10T00:45:00Z,สรรพยา,55,0.0,0.0,0.0,,,True
1791593100,2026-10-10T00:45:00Z,คีรีมาศ,171,0.0,0.0,0.0,,,True
1791593100,2026-10-10T00:45:00Z,สรรคบุรี,89,0.0,0.0,0.0,,,True
1791593100,2026-10-10T00:45:00Z,กงไกรลาศ,108,0.0,0.0,0.0,,,True
1791593100,2026-10-10T00:45:00Z,มโนรมย์,66,0.0,0.0,0.0,,,True
1791593100,2026-10-10T00:45:00Z,เมืองสุโขทัย,136,0.0,0.0,0.0,,,True
1791593100,2026-10-10T00:45:00Z,วัดสิงห์,67,0.0,0.0,0.0,,,True
1791593100,2026-10-10T00:45:00Z,บ้านด่านลานหอย,231,0.0,0.0,0.0,,,True
1791593100,2026-10-10T00:45:00Z,เมืองชัยนาท,70,0.0,0.0,0.0,,,True
1791593100,2026-10-10T00:45:00Z,เนินขาม,65,0.0,0.0,0.0,,,True
1791593100,2026-10-10T00:45:00Z,คอนสาร,334,0.0,0.0,0.0,,,True
1791593100,2026-10-10T00:45:00Z,ภักดีชุมพล,154,0.0,0.0,0.0,,,True
1791593100,2026-10-10T00:45:00Z,บ้านแท่น,76,0.0,0.0,0.0,,,True
1791593100,2026-10-10T00:45:00Z,แก้งคร้อ,168,0.0,0.0,0.0,,,True
1791593100,2026-10-10T00:45:00Z,ภูเขียว,201,0.0,0.0,0.0,,,True
1791593100,2026-10-10T00:45:00Z,หนองบัวระเหว,179,0.0,0.0,0.0,,,True
1791593100,2026-10-10T00:45:00Z,เทพสถิต,239,0.0,0.0,0.0,,,True
1791593100,2026-10-10T00:45:00Z,จัตุรัส,172,0.0,0.0,0.0,,,True
1791593100,2026-10-10T00:45:00Z,บำเหน็จณรงค์,120,0.0,0.0,0.0,,,True
1791593100,2026-10-10T00:45:00Z,เกษตรสมบูรณ์,268,0.0,0.0,0.0,,,True
1791593100,2026-10-10T00:45:00Z,หนองบัวแดง,537,0.0,0.0,0.0,,,True
1791593100,2026-10-10T00:45:00Z,ภูเรือ,168,0.0,0.0,0.0,,,True
1791593100,2026-10-10T00:45:00Z,ท่าลี่,171,0.0,0.0,0.0,,,True
1791593100,2026-10-10T00:45:00Z,วชิรบารมี,68,0.0,0.0,0.0,,,True
1791593100,2026-10-10T00:45:00Z,ด่านซ้าย,341,0.0,0.0,0.0,,,True
1791593100,2026-10-10T00:45:00Z,นาแห้ว,153,0.0,0.0,0.0,,,True
1791593100,2026-10-10T00:45:00Z,บึงนาราง,74,0.0,0.0,0.0,,,True
1791593100,2026-10-10T00:45:00Z,เชียงคาน,213,0.0,0.0,0.0,,,True
1791593100,2026-10-10T00:45:00Z,ดงเจริญ,56,0.0,0.0,0.0,,,True
1791593100,2026-10-10T00:45:00Z,ปากชม,240,0.0,0.0,0.0,,,True
1791593100,2026-10-10T00:45:00Z,เมืองเลย,314,0.0,0.0,0.0,,,True
1791593100,2026-10-10T00:45:00Z,นาด้วง,143,0.0,0.0,0.0,,,True
1791593100,2026-10-10T00:45:00Z,สากเหล็ก,45,0.0,0.0,0.0,,,True
1791593100,2026-10-10T00:45:00Z,สามง่าม,89,0.0,0.0,0.0,,,True
1791593100,2026-10-10T00:45:00Z,ทับคล้อ,104,0.0,0.0,0.0,,,True
1791593100,2026-10-10T00:45:00Z,พรหมพิราม,206,0.0,0.0,0.0,,,True
1791593100,2026-10-10T00:45:00Z,ด่านขุนทด,344,0.0,0.0,0.0,,,True
1791593100,2026-10-10T00:45:00Z,วัดโบสถ์,226,0.0,0.0,0.0,,,True
1791593100,2026-10-10T00:45:00Z,บางระกำ,246,0.0,0.0,0.0,,,True
1791593100,2026-10-10T00:45:00Z,บางกระทุ่ม,91,0.0,0.0,0.0,,,True
1791593100,2026-10-10T00:45:00Z,นครไทย,597,0.0,0.0,0.0,,,True
1791593100,2026-10-10T00:45:00Z,ชาติตระการ,415,0.0,0.0,0.0,,,True
1791593100,2026-10-10T00:45:00Z,บ้านเหลื่อม,55,0.0,0.0,0.0,,,True
1791593100,2026-10-10T00:45:00Z,เมืองพิษณุโลก,178,0.0,0.0,0.0,,,True
1791593100,2026-10-10T00:45:00Z,ชุมแสง,145,0.041,1.049,0.0759,,60,True
1791593100,2026-10-10T00:45:00Z,หนองบัว,208,0.0,0.0,0.0,,,True
1791593100,2026-10-10T00:45:00Z,เมืองนครสวรรค์,183,0.019,0.946,0.082,,15,True
1791593100,2026-10-10T00:45:00Z,โกรกพระ,71,0.0,0.0,0.0,,,True
1791593100,2026-10-10T00:45:00Z,ไพศาลี,244,0.0,0.0,0.0,,,True
1791593100,2026-10-10T00:45:00Z,ตาคลี,206,0.0,0.0,0.0,,,True
1791593100,2026-10-10T00:45:00Z,ท่าตะโก,211,0.0,0.0,0.0,,,True
1791593100,2026-10-10T00:45:00Z,เขาค้อ,207,0.0,0.0,0.0,,,True
1791593100,2026-10-10T00:45:00Z,บรรพตพิสัย,181,0.0,0.0,0.0,,,True
1791593100,2026-10-10T00:45:00Z,เก้าเลี้ยว,57,0.0,0.0,0.0,,,True
1791593100,2026-10-10T00:45:00Z,วังโป่ง,123,0.0,0.0,0.0,,,True
1791593100,2026-10-10T00:45:00Z,บึงสามพัน,194,0.0,0.0,0.0,,,True
1791593100,2026-10-10T00:45:00Z,น้ำหนาว,231,0.0,0.0,0.0,,,True
1791593100,2026-10-10T00:45:00Z,ศรีเทพ,204,0.0,0.0,0.0,,,True
1791593100,2026-10-10T00:45:00Z,หนองไผ่,315,0.0,0.0,0.0,,,True
1791593100,2026-10-10T00:45:00Z,มหาราช,4,0.0,0.0,0.0,,,False
1791593100,2026-10-10T00:45:00Z,บ้านแพรก,10,0.0,0.0,0.0,,,True
1791593100,2026-10-10T00:45:00Z,บางมูลนาก,99,0.0,0.0,0.0,,,True
1791593100,2026-10-10T00:45:00Z,โพทะเล,131,0.0,0.0,0.0,,,True
1791593100,2026-10-10T00:45:00Z,โพธิ์ประทับช้าง,102,0.0,0.0,0.0,,,True
1791593100,2026-10-10T00:45:00Z,ตะพานหิน,109,0.0,0.0,0.0,,,True
1791593100,2026-10-10T00:45:00Z,เมืองพิจิตร,138,0.0,0.0,0.0,,,True
1791593100,2026-10-10T00:45:00Z,วังทรายพูน,66,0.0,0.0,0.0,,,True
1791594000,2026-10-10T01:00:00Z,พิชัย,176,0.0,0.0,0.0,,,True
1791594000,2026-10-10T01:00:00Z,ลับแล,116,0.0,0.0,0.0,,,True
1791594000,2026-10-10T01:00:00Z,ฟากท่า,163,0.0,0.0,0.0,,,True
1791594000,2026-10-10T01:00:00Z,บ้านโคก,247,0.0,0.0,0.0,,,True
1791594000,2026-10-10T01:00:00Z,ท่าปลา,442,0.0,0.0,0.0,,,True
1791594000,2026-10-10T01:00:00Z,น้ำปาด,363,0.0,0.0,0.0,,,True
1791594000,2026-10-10T01:00:00Z,เมืองอุตรดิตถ์,202,0.0,0.0,0.0,,,True
1791594000,2026-10-10T01:00:00Z,ตรอน,80,0.0,0.0,0.0,,,True
1791594000,2026-10-10T01:00:00Z,หล่มเก่า,246,0.0,0.0,0.0,,,True
1791594000,2026-10-10T01:00:00Z,วิเชียรบุรี,377,0.0,0.0,0.0,,,True
1791594000,2026-10-10T01:00:00Z,ชนแดน,279,0.0,0.0,0.0,,,True
1791594000,2026-10-10T01:00:00Z,หล่มสัก,350,0.0,0.0,0.0,,,True
1791594000,2026-10-10T01:00:00Z,เมืองเพชรบูรณ์,571,0.0,0.0,0.0,,,True
1791594000,2026-10-10T01:00:00Z,ทองแสนขัน,185,0.0,0.0,0.0,,,True
1791594000,2026-10-10T01:00:00Z,บึงสามัคคี,71,0.0,0.0,0.0,,,True
1791594000,2026-10-10T01:00:00Z,โกสัมพีนคร,137,0.0,0.0,0.0,,,True
1791594000,2026-10-10T01:00:00Z,สอง,380,0.0,0.0,0.0,,,True
1791594000,2026-10-10T01:00:00Z,วังชิ้น,255,0.0,0.0,0.0,,,True
1791594000,2026-10-10T01:00:00Z,สูงเม่น,88,0.0,0.0,0.0,,,True
1791594000,2026-10-10T01:00:00Z,เด่นชัย,135,0.0,0.0,0.0,,,True
1791594000,2026-10-10T01:00:00Z,ร้องกวาง,221,0.0,0.0,0.0,,,True
1791594000,2026-10-10T01:00:00Z,ลอง,317,0.0,0.0,0.0,,,True
1791594000,2026-10-10T01:00:00Z,เมืองแพร่,205,0.0,0.0,0.0,,,True
1791594000,2026-10-10T01:00:00Z,ทัพทัน,94,0.015,0.592,0.0957,,30,True
1791594000,2026-10-10T01:00:00Z,สว่างอารมณ์,110,0.07,0.69,0.2727,45,15,True
1791594000,2026-10-10T01:00:00Z,เมืองอุทัยธานี,59,0.0,0.0,0.0,,,True
1791594000,2026-10-10T01:00:00Z,ห้วยคต,94,0.0,0.0,0.0,,,True
1791594000,2026-10-10T01:00:00Z,ศรีสวัสดิ์,440,0.0,0.0,0.0,,,True
1791594000,2026-10-10T01:00:00Z,บ้านไร่,821,0.0,0.0,0.0,,,True
1791594000,2026-10-10T01:00:00Z,ลานสัก,360,0.006,0.69,0.025,,90,True
1791594000,2026-10-10T01:00:00Z,หนองฉาง,89,0.0,0.0,0.0,,,True
1791594000,2026-10-10T01:00:00Z,หนองขาหย่าง,43,0.0,0.0,0.0,,,True
1791594000,2026-10-10T01:00:00Z,เชียงม่วน,82,0.0,0.0,0.0,,,True
1791594000,2026-10-10T01:00:00Z,ดอกคำใต้,37,0.0,0.0,0.0,,,True
1791594000,2026-10-10T01:00:00Z,เมืองพะเยา,6,0.0,0.0,0.0,,,True
1791594000,2026-10-10T01:00:00Z,ทองผาภูมิ,851,0.0,0.0,0.0,,,True
1791594000,2026-10-10T01:00:00Z,สังขละบุรี,793,0.0,0.0,0.0,,,True
1791594000,2026-10-10T01:00:00Z,หนองม่วงไข่,35,0.0,0.0,0.0,,,True
1791594000,2026-10-10T01:00:00Z,ภูเวียง,81,0.0,0.0,0.0,,,True
1791594000,2026-10-10T01:00:00Z,มัญจาคีรี,50,0.0,0.0,0.0,,,True
1791594000,2026-10-10T01:00:00Z,หนองปรือ,104,0.0,0.0,0.0,,,True
1791594000,2026-10-10T01:00:00Z,เลาขวัญ,123,0.0,0.0,0.0,,,True
1791594000,2026-10-10T01:00:00Z,หนองนาคำ,43,0.0,0.0,0.0,,,True
1791594000,2026-10-10T01:00:00Z,โคกโพธิ์ไชย,65,0.0,0.0,0.0,,,True
1791594000,2026-10-10T01:00:00Z,บ้านหลวง,91,0.0,0.0,0.0,,,True
1791594000,2026-10-10T01:00:00Z,นาน้อย,266,0.0,0.0,0.0,,,True
1791594000,2026-10-10T01:00:00Z,ภูผาม่าน,74,0.0,0.0,0.0,,,True
1791594000,2026-10-10T01:00:00Z,เมืองน่าน,161,0.0,0.0,0.0,,,True
1791594000,2026-10-10T01:00:00Z,แม่จริม,262,0.0,0.0,0.0,,,True
1791594000,2026-10-10T01:00:00Z,เวียงเก่า,78,0.0,0.0,0.0,,,True
1791594000,2026-10-10T01:00:00Z,เมืองกำแพงเพชร,368,0.0,0.0,0.0,,,True
1791594000,2026-10-10T01:00:00Z,ไทรงาม,133,0.0,0.0,0.0,,,True
1791594000,2026-10-10T01:00:00Z,ปางศิลาทอง,186,0.0,0.0,0.0,,,True
1791594000,2026-10-10T01:00:00Z,ลานกระบือ,103,0.0,0.0,0.0,,,True
1791594000,2026-10-10T01:00:00Z,ทรายทองวัฒนา,53,0.0,0.0,0.0,,,True
1791594000,2026-10-10T01:00:00Z,คลองขลุง,179,0.0,0.0,0.0,,,True
1791594000,2026-10-10T01:00:00Z,พรานกระต่าย,252,0.0,0.0,0.0,,,True
1791594000,2026-10-10T01:00:00Z,คลองลาน,363,0.0,0.0,0.0,,,True
1791594000,2026-10-10T01:00:00Z,ขาณุวรลักษบุรี,296,0.0,0.0,0.0,,,True
1791594000,2026-10-10T01:00:00Z,ภูเพียง,113,0.0,0.0,0.0,,,True
1791594000,2026-10-10T01:00:00Z,นาหมื่น,245,0.0,0.0,0.0,,,True
1791594000,2026-10-10T01:00:00Z,เวียงสา,543,0.0,0.0,0.0,,,True
1791594000,2026-10-10T01:00:00Z,น้ำโสม,153,0.0,0.0,0.0,,,True
1791594000,2026-10-10T01:00:00Z,นายูง,126,0.0,0.0,0.0,,,True
1791594000,2026-10-10T01:00:00Z,ชุมแพ,173,0.0,0.0,0.0,,,True
1791594000,2026-10-10T01:00:00Z,สีชมพู,132,0.0,0.0,0.0,,,True
1791594000,2026-10-10T01:00:00Z,สุวรรณคูหา,140,0.0,0.0,0.0,,,True
1791594000,2026-10-10T01:00:00Z,นาวัง,65,0.0,0.0,0.0,,,True
1791594000,2026-10-10T01:00:00Z,หนองเรือ,80,0.0,0.0,0.0,,,True
1791594000,2026-10-10T01:00:00Z,โนนสัง,51,0.0,0.0,0.0,,,True
1791594000,2026-10-10T01:00:00Z,ศรีบุญเรือง,224,0.0,0.0,0.0,,,True
1791594000,2026-10-10T01:00:00Z,เมืองหนองบัวลำภู,217,0.0,0.0,0.0,,,True
1791594000,2026-10-10T01:00:00Z,นากลาง,173,0.0,0.0,0.0,,,True
1791594000,2026-10-10T01:00:00Z,ทุ่งเสลี่ยม,144,0.0,0.0,0.0,,,True
1791594000,2026-10-10T01:00:00Z,ดอยหล่อ,56,0.0,0.0,0.0,,,True
1791594000,2026-10-10T01:00:00Z,เมืองตาก,486,0.0,0.0,0.0,,,True
1791594000,2026-10-10T01:00:00Z,แม่ออน,116,0.0,0.0,0.0,,,True
1791594000,2026-10-10T01:00:00Z,อุ้มผาง,1209,0.0,0.0,0.0,,,True
1791594000,2026-10-10T01:00:00Z,วังเจ้า,183,0.0,0.0,0.0,,,True
1791594000,2026-10-10T01:00:00Z,แม่สอด,398,0.0,0.0,0.0,,,True
1791594000,2026-10-10T01:00:00Z,พบพระ,249,0.0,0.0,0.0,,,True
1791594000,2026-10-10T01:00:00Z,แม่ระมาด,380,0.0,0.0,0.0,,,True
1791594000,2026-10-10T01:00:00Z,ท่าสองยาง,401,0.0,0.0,0.0,,,True
1791594000,2026-10-10T01:00:00Z,บ้านตาก,255,0.0,0.0,0.0,,,True
1791594000,2026-10-10T01:00:00Z,สามเงา,698,0.0,0.0,0.0,,,True
1791594000,2026-10-10T01:00:00Z,จอมทอง,280,0.0,0.0,0.0,,,True
1791594000,2026-10-10T01:00:00Z,แก้งสนามนาง,79,0.0,0.0,0.0,,,True
1791594000,2026-10-10T01:00:00Z,สีคิ้ว,292,0.0,0.0,0.0,,,True
1791594000,2026-10-10T01:00:00Z,พระทองคำ,90,0.0,0.0,0.0,,,True
1791594000,2026-10-10T01:00:00Z,เทพารักษ์,92,0.0,0.0,0.0,,,True
1791594000,2026-10-10T01:00:00Z,สันกำแพง,65,0.0,0.0,0.0,,,True
1791594000,2026-10-10T01:00:00Z,สันป่าตอง,44,0.0,0.0,0.0,,,True
1791594000,2026-10-10T01:00:00Z,ดอยเต่า,213,0.0,0.0,0.0,,,True
1791594000,2026-10-10T01:00:00Z,อมก๋อย,704,0.0,0.0,0.0,,,True
1791594000,2026-10-10T01:00:00Z,ฮอด,378,0.0,0.0,0.0,,,True
1791594000,2026-10-10T01:00:00Z,เมืองลำพูน,117,0.0,0.0,0.0,,,True
1791594000,2026-10-10T01:00:00Z,แม่ทา,192,0.0,0.0,0.0,,,True
1791594000,2026-10-10T01:00:00Z,บ้านธิ,34,0.0,0.0,0.0,,,True
1791594000,2026-10-10T01:00:00Z,บ้านหมอ,24,0.0,0.0,0.0,,,True
1791594000,2026-10-10T01:00:00Z,เวียงหนองล่อง,14,0.0,0.0,0.0,,,True
1791594000,2026-10-10T01:00:00Z,ทุ่งหัวช้าง,113,0.0,0.0,0.0,,,True
1791594000,2026-10-10T01:00:00Z,ป่าซาง,74,0.0,0.0,0.0,,,True
1791594000,2026-10-10T01:00:00Z,บ้านโฮ่ง,124,0.0,0.0,0.0,,,True
1791594000,2026-10-10T01:00:00Z,แก่งคอย,73,0.0,0.0,0.0,,,True
1791594000,2026-10-10T01:00:00Z,ลี้,454,0.0,0.0,0.0,,,True
1791594000,2026-10-10T01:00:00Z,พระพุทธบาท,55,0.0,0.0,0.0,,,True
1791594000,2026-10-10T01:00:00Z,ดอนพุด,7,0.0,0.0,0.0,,,True
1791594000,2026-10-10T01:00:00Z,หนองโดน,31,0.0,0.0,0.0,,,True
1791594000,2026-10-10T01:00:00Z,เมืองลำปาง,300,0.0,0.0,0.0,,,True
1791594000,2026-10-10T01:00:00Z,เถิน,443,0.0,0.0,0.0,,,True
1791594000,2026-10-10T01:00:00Z,แม่พริก,167,0.0,0.0,0.0,,,True
1791594000,2026-10-10T01:00:00Z,แจ้ห่ม,274,0.0,0.0,0.0,,,True
1791594000,2026-10-10T01:00:00Z,แม่เปิน,85,0.0,0.0,0.0,,,True
1791594000,2026-10-10T01:00:00Z,เสริมงาม,185,0.0,0.0,0.0,,,True
1791594000,2026-10-10T01:00:00Z,ชุมตาบง,61,0.0,0.0,0.0,,,True
1791594000,2026-10-10T01:00:00Z,งาว,344,0.0,0.0,0.0,,,True
1791594000,2026-10-10T01:00:00Z,ตากฟ้า,125,0.0,0.0,0.0,,,True
1791594000,2026-10-10T01:00:00Z,แม่เมาะ,283,0.0,0.0,0.0,,,True
1791594000,2026-10-10T01:00:00Z,แม่วงก์,257,0.0,0.0,0.0,,,True
1791594000,2026-10-10T01:00:00Z,เกาะคา,128,0.0,0.0,0.0,,,True
1791594000,2026-10-10T01:00:00Z,พยุหะคีรี,169,0.0,0.0,0.0,,,True
1791594000,2026-10-10T01:00:00Z,ลาดยาว,187,0.0,0.0,0.0,,,True
1791594000,2026-10-10T01:00:00Z,สบปราบ,125,0.0,0.0,0.0,,,True
1791594000,2026-10-10T01:00:00Z,ห้างฉัตร,154,0.0,0.0,0.0,,,True
1791594000,2026-10-10T01:00:00Z,แม่ทะ,203,0.0,0.0,0.0,,,True
1791594000,2026-10-10T01:00:00Z,เมืองปาน,202,0.0,0.0,0.0,,,True
1791594000,2026-10-10T01:00:00Z,เมืองอ่างทอง,6,0.0,0.0,0.0,,,True
1791594000,2026-10-10T01:00:00Z,ไชโย,20,0.0,0.0,0.0,,,True
1791594000,2026-10-10T01:00:00Z,สามโก้,10,0.0,0.0,0.0,,,True
1791594000,2026-10-10T01:00:00Z,แสวงหา,43,0.0,0.0,0.0,,,True
1791594000,2026-10-10T01:00:00Z,วิเศษชัยชาญ,7,0.0,0.0,0.0,,,True
1791594000,2026-10-10T01:00:00Z,โพธิ์ทอง,48,0.0,0.0,0.0,,,True
1791594000,2026-10-10T01:00:00Z,เมืองลพบุรี,190,0.0,0.0,0.0,,,True
1791594000,2026-10-10T01:00:00Z,เดิมบางนางบวช,130,0.0,0.0,0.0,,,True
1791594000,2026-10-10T01:00:00Z,ด่านช้าง,309,0.0,0.0,0.0,,,True
1791594000,2026-10-10T01:00:00Z,หนองม่วง,111,0.0,0.0,0.0,,,True
1791594000,2026-10-10T01:00:00Z,ลำสนธิ,136,0.0,0.0,0.0,,,True
1791594000,2026-10-10T01:00:00Z,สามชุก,77,0.0,0.0,0.0,,,True
1791594000,2026-10-10T01:00:00Z,ดอนเจดีย์,72,0.0,0.0,0.0,,,True
1791594000,2026-10-10T01:00:00Z,สระโบสถ์,83,0.0,0.0,0.0,,,True
1791594000,2026-10-10T01:00:00Z,ศรีประจันต์,41,0.0,0.0,0.0,,,True
1791594000,2026-10-10T01:00:00Z,โคกเจริญ,135,0.0,0.0,0.0,,,True
1791594000,2026-10-10T01:00:00Z,บ้านหมี่,136,0.0,0.0,0.0,,,True
1791594000,2026-10-10T01:00:00Z,ท่าหลวง,100,0.0,0.0,0.0,,,True
1791594000,2026-10-10T01:00:00Z,ชัยบาดาล,280,0.0,0.0,0.0,,,True
1791594000,2026-10-10T01:00:00Z,ท่าวุ้ง,64,0.0,0.0,0.0,,,True
1791594000,2026-10-10T01:00:00Z,พัฒนานิคม,217,0.0,0.0,0.0,,,True
1791594000,2026-10-10T01:00:00Z,โคกสำโรง,180,0.0,0.0,0.0,,,True
1791594000,2026-10-10T01:00:00Z,หนองหญ้าไซ,108,0.0,0.0,0.0,,,True
1791594000,2026-10-10T01:00:00Z,ท่าช้าง,11,0.0,0.0,0.0,,,True
1791594000,2026-10-10T01:00:00Z,อินทร์บุรี,66,0.0,0.0,0.0,,,True
1791594000,2026-10-10T01:00:00Z,ค่ายบางระจัน,26,0.0,0.0,0.0,,,True
1791594000,2026-10-10T01:00:00Z,พรหมบุรี,19,0.0,0.0,0.0,,,True
1791594000,2026-10-10T01:00:00Z,เนินสง่า,65,0.0,0.0,0.0,,,True
1791594000,2026-10-10T01:00:00Z,เมืองสิงห์บุรี,31,0.0,0.0,0.0,,,True
1791594000,2026-10-10T01:00:00Z,ซับใหญ่,72,0.0,0.0,0.0,,,True
1791594000,2026-10-10T01:00:00Z,บางระจัน,46,0.0,0.0,0.0,,,True
1791594000,2026-10-10T01:00:00Z,ภูกระดึง,190,0.0,0.0,0.0,,,True
1791594000,2026-10-10T01:00:00Z,ภูหลวง,145,0.0,0.0,0.0,,,True
1791594000,2026-10-10T01:00:00Z,หนองหิน,78,0.0,0.0,0.0,,,True
1791594000,2026-10-10T01:00:00Z,ผาขาว,100,0.0,0.0,0.0,,,True
1791594000,2026-10-10T01:00:00Z,เอราวัณ,87,0.0,0.0,0.0,,,True
1791594000,2026-10-10T01:00:00Z,วังสะพุง,281,0.0,0.0,0.0,,,True
1791594000,2026-10-10T01:00:00Z,วังม่วง,70,0.0,0.0,0.0,,,True
1791594000,2026-10-10T01:00:00Z,เฉลิมพระเกียรติ,35,0.0,0.0,0.0,,,True
1791594000,2026-10-10T01:00:00Z,มวกเหล็ก,175,0.0,0.0,0.0,,,True
1791594000,2026-10-10T01:00:00Z,บ้านเขว้า,124,0.0,0.0,0.0,,,True
1791594000,2026-10-10T01:00:00Z,คอนสวรรค์,113,0.0,0.0,0.0,,,True
1791594000,2026-10-10T01:00:00Z,เมืองชัยภูมิ,358,0.0,0.0,0.0,,,True
1791594000,2026-10-10T01:00:00Z,วังทอง,425,0.0,0.0,0.0,,,True
1791594000,2026-10-10T01:00:00Z,เนินมะปราง,276,0.0,0.0,0.0,,,True
1791594000,2026-10-10T01:00:00Z,สวรรคโลก,156,0.0,0.0,0.0,,,True
1791594000,2026-10-10T01:00:00Z,ศรีนคร,46,0.0,0.0,0.0,,,True
1791594000,2026-10-10T01:00:00Z,หันคา,139,0.0,0.0,0.0,,,True
1791594000,2026-10-10T01:00:00Z,ศรีสัชนาลัย,534,0.0,0.0,0.0,,,True
1791594000,2026-10-10T01:00:00Z,หนองมะโมง,76,0.0,0.0,0.0,,,True
1791594000,2026-10-10T01:00:00Z,ศรีสำโรง,142,0.0,0.0,0.0,,,True
1791594000,2026-10-10T01:00:00Z,สรรพยา,55,0.0,0.0,0.0,,,True
1791594000,2026-10-10T01:00:00Z,คีรีมาศ,171,0.0,0.0,0.0,,,True
1791594000,2026-10-10T01:00:00Z,สรรคบุรี,89,0.0,0.0,0.0,,,True
1791594000,2026-10-10T01:00:00Z,กงไกรลาศ,108,0.0,0.0,0.0,,,True
1791594000,2026-10-10T01:00:00Z,มโนรมย์,66,0.0,0.0,0.0,,,True
1791594000,2026-10-10T01:00:00Z,เมืองสุโขทัย,136,0.0,0.0,0.0,,,True
1791594000,2026-10-10T01:00:00Z,วัดสิงห์,67,0.0,0.0,0.0,,,True
1791594000,2026-10-10T01:00:00Z,บ้านด่านลานหอย,231,0.0,0.0,0.0,,,True
1791594000,2026-10-10T01:00:00Z,เมืองชัยนาท,70,0.0,0.0,0.0,,,True
1791594000,2026-10-10T01:00:00Z,เนินขาม,65,0.0,0.0,0.0,,,True
1791594000,2026-10-10T01:00:00Z,คอนสาร,334,0.0,0.0,0.0,,,True
1791594000,2026-10-10T01:00:00Z,ภักดีชุมพล,154,0.0,0.0,0.0,,,True
1791594000,2026-10-10T01:00:00Z,บ้านแท่น,76,0.0,0.0,0.0,,,True
1791594000,2026-10-10T01:00:00Z,แก้งคร้อ,168,0.0,0.0,0.0,,,True
1791594000,2026-10-10T01:00:00Z,ภูเขียว,201,0.0,0.0,0.0,,,True
1791594000,2026-10-10T01:00:00Z,หนองบัวระเหว,179,0.0,0.0,0.0,,,True
1791594000,2026-10-10T01:00:00Z,เทพสถิต,239,0.0,0.0,0.0,,,True
1791594000,2026-10-10T01:00:00Z,จัตุรัส,172,0.0,0.0,0.0,,,True
1791594000,2026-10-10T01:00:00Z,บำเหน็จณรงค์,120,0.0,0.0,0.0,,,True
1791594000,2026-10-10T01:00:00Z,เกษตรสมบูรณ์,268,0.0,0.0,0.0,,,True
1791594000,2026-10-10T01:00:00Z,หนองบัวแดง,537,0.0,0.0,0.0,,,True
1791594000,2026-10-10T01:00:00Z,ภูเรือ,168,0.0,0.0,0.0,,,True
1791594000,2026-10-10T01:00:00Z,ท่าลี่,171,0.0,0.0,0.0,,,True
1791594000,2026-10-10T01:00:00Z,วชิรบารมี,68,0.0,0.0,0.0,,,True
1791594000,2026-10-10T01:00:00Z,ด่านซ้าย,341,0.0,0.0,0.0,,,True
1791594000,2026-10-10T01:00:00Z,นาแห้ว,153,0.0,0.0,0.0,,,True
1791594000,2026-10-10T01:00:00Z,บึงนาราง,74,0.0,0.0,0.0,,,True
1791594000,2026-10-10T01:00:00Z,เชียงคาน,213,0.0,0.0,0.0,,,True
1791594000,2026-10-10T01:00:00Z,ดงเจริญ,56,0.0,0.0,0.0,,,True
1791594000,2026-10-10T01:00:00Z,ปากชม,240,0.0,0.0,0.0,,,True
1791594000,2026-10-10T01:00:00Z,เมืองเลย,314,0.0,0.0,0.0,,,True
1791594000,2026-10-10T01:00:00Z,นาด้วง,143,0.0,0.0,0.0,,,True
1791594000,2026-10-10T01:00:00Z,สากเหล็ก,45,0.0,0.0,0.0,,,True
1791594000,2026-10-10T01:00:00Z,สามง่าม,89,0.0,0.0,0.0,,,True
1791594000,2026-10-10T01:00:00Z,ทับคล้อ,104,0.0,0.0,0.0,,,True
1791594000,2026-10-10T01:00:00Z,พรหมพิราม,206,0.0,0.0,0.0,,,True
1791594000,2026-10-10T01:00:00Z,ด่านขุนทด,344,0.0,0.0,0.0,,,True
1791594000,2026-10-10T01:00:00Z,วัดโบสถ์,226,0.0,0.0,0.0,,,True
1791594000,2026-10-10T01:00:00Z,บางระกำ,246,0.0,0.0,0.0,,,True
1791594000,2026-10-10T01:00:00Z,บางกระทุ่ม,91,0.0,0.0,0.0,,,True
1791594000,2026-10-10T01:00:00Z,นครไทย,597,0.0,0.0,0.0,,,True
1791594000,2026-10-10T01:00:00Z,ชาติตระการ,415,0.0,0.0,0.0,,,True
1791594000,2026-10-10T01:00:00Z,บ้านเหลื่อม,55,0.0,0.0,0.0,,,True
1791594000,2026-10-10T01:00:00Z,เมืองพิษณุโลก,178,0.0,0.0,0.0,,,True
1791594000,2026-10-10T01:00:00Z,ชุมแสง,145,0.0,0.0,0.0,,,True
1791594000,2026-10-10T01:00:00Z,หนองบัว,208,0.0,0.0,0.0,,,True
1791594000,2026-10-10T01:00:00Z,เมืองนครสวรรค์,183,0.0,0.0,0.0,,,True
1791594000,2026-10-10T01:00:00Z,โกรกพระ,71,0.042,0.69,0.1549,15,15,True
1791594000,2026-10-10T01:00:00Z,ไพศาลี,244,0.0,0.0,0.0,,,True
1791594000,2026-10-10T01:00:00Z,ตาคลี,206,0.0,0.0,0.0,,,True
1791594000,2026-10-10T01:00:00Z,ท่าตะโก,211,0.0,0.0,0.0,,,True
1791594000,2026-10-10T01:00:00Z,เขาค้อ,207,0.0,0.0,0.0,,,True
1791594000,2026-10-10T01:00:00Z,บรรพตพิสัย,181,0.0,0.0,0.0,,,True
1791594000,2026-10-10T01:00:00Z,เก้าเลี้ยว,57,0.0,0.0,0.0,,,True
1791594000,2026-10-10T01:00:00Z,วังโป่ง,123,0.0,0.0,0.0,,,True
1791594000,2026-10-10T01:00:00Z,บึงสามพัน,194,0.0,0.0,0.0,,,True
1791594000,2026-10-10T01:00:00Z,น้ำหนาว,231,0.0,0.0,0.0,,,True
1791594000,2026-10-10T01:00:00Z,ศรีเทพ,204,0.0,0.0,0.0,,,True
1791594000,2026-10-10T01:00:00Z,หนองไผ่,315,0.0,0.0,0.0,,,True
1791594000,2026-10-10T01:00:00Z,มหาราช,4,0.0,0.0,0.0,,,False
1791594000,2026-10-10T01:00:00Z,บ้านแพรก,10,0.0,0.0,0.0,,,True
1791594000,2026-10-10T01:00:00Z,บางมูลนาก,99,0.0,0.0,0.0,,,True
1791594000,2026-10-10T01:00:00Z,โพทะเล,131,0.0,0.0,0.0,,,True
1791594000,2026-10-10T01:00:00Z,โพธิ์ประทับช้าง,102,0.0,0.0,0.0,,,True
1791594000,2026-10-10T01:00:00Z,ตะพานหิน,109,0.0,0.0,0.0,,,True
1791594000,2026-10-10T01:00:00Z,เมืองพิจิตร,138,0.0,0.0,0.0,,,True
1791594000,2026-10-10T01:00:00Z,วังทรายพูน,66,0.0,0.0,0.0,,,True
1791594000,2026-10-10T01:00:00Z,พิชัย,176,0.0,0.0,0.0,,,True
1791594000,2026-10-10T01:00:00Z,ลับแล,116,0.0,0.0,0.0,,,True
1791594000,2026-10-10T01:00:00Z,ฟากท่า,163,0.0,0.0,0.0,,,True
1791594000,2026-10-10T01:00:00Z,บ้านโคก,247,0.0,0.0,0.0,,,True
1791594000,2026-10-10T01:00:00Z,ท่าปลา,442,0.0,0.0,0.0,,,True
1791594000,2026-10-10T01:00:00Z,น้ำปาด,363,0.0,0.0,0.0,,,True
1791594000,2026-10-10T01:00:00Z,เมืองอุตรดิตถ์,202,0.0,0.0,0.0,,,True
1791594000,2026-10-10T01:00:00Z,ตรอน,80,0.0,0.0,0.0,,,True
1791594000,2026-10-10T01:00:00Z,หล่มเก่า,246,0.0,0.0,0.0,,,True
1791594000,2026-10-10T01:00:00Z,วิเชียรบุรี,377,0.0,0.0,0.0,,,True
1791594000,2026-10-10T01:00:00Z,ชนแดน,279,0.0,0.0,0.0,,,True
1791594000,2026-10-10T01:00:00Z,หล่มสัก,350,0.0,0.0,0.0,,,True
1791594000,2026-10-10T01:00:00Z,เมืองเพชรบูรณ์,571,0.0,0.0,0.0,,,True
1791594000,2026-10-10T01:00:00Z,ทองแสนขัน,185,0.0,0.0,0.0,,,True
1791594000,2026-10-10T01:00:00Z,บึงสามัคคี,71,0.0,0.0,0.0,,,True
1791594000,2026-10-10T01:00:00Z,โกสัมพีนคร,137,0.0,0.0,0.0,,,True
1791594000,2026-10-10T01:00:00Z,สอง,380,0.0,0.0,0.0,,,True
1791594000,2026-10-10T01:00:00Z,วังชิ้น,255,0.0,0.0,0.0,,,True
1791594000,2026-10-10T01:00:00Z,สูงเม่น,88,0.0,0.0,0.0,,,True
1791594000,2026-10-10T01:00:00Z,เด่นชัย,135,0.0,0.0,0.0,,,True
1791594000,2026-10-10T01:00:00Z,ร้องกวาง,221,0.0,0.0,0.0,,,True
1791594000,2026-10-10T01:00:00Z,ลอง,317,0.0,0.0,0.0,,,True
1791594000,2026-10-10T01:00:00Z,เมืองแพร่,205,0.0,0.0,0.0,,,True
1791594000,2026-10-10T01:00:00Z,ทัพทัน,94,0.015,0.592,0.0957,,30,True
1791594000,2026-10-10T01:00:00Z,สว่างอารมณ์,110,0.07,0.69,0.2727,45,15,True
1791594000,2026-10-10T01:00:00Z,เมืองอุทัยธานี,59,0.0,0.0,0.0,,,True
1791594000,2026-10-10T01:00:00Z,ห้วยคต,94,0.0,0.0,0.0,,,True
1791594000,2026-10-10T01:00:00Z,ศรีสวัสดิ์,440,0.0,0.0,0.0,,,True
1791594000,2026-10-10T01:00:00Z,บ้านไร่,821,0.0,0.0,0.0,,,True
1791594000,2026-10-10T01:00:00Z,ลานสัก,360,0.006,0.69,0.025,,90,True
1791594000,2026-10-10T01:00:00Z,หนองฉาง,89,0.0,0.0,0.0,,,True
1791594000,2026-10-10T01:00:00Z,หนองขาหย่าง,43,0.0,0.0,0.0,,,True
1791594000,2026-10-10T01:00:00Z,เชียงม่วน,82,0.0,0.0,0.0,,,True
1791594000,2026-10-10T01:00:00Z,ดอกคำใต้,37,0.0,0.0,0.0,,,True
1791594000,2026-10-10T01:00:00Z,เมืองพะเยา,6,0.0,0.0,0.0,,,True
1791594000,2026-10-10T01:00:00Z,ทองผาภูมิ,851,0.0,0.0,0.0,,,True
1791594000,2026-10-10T01:00:00Z,สังขละบุรี,793,0.0,0.0,0.0,,,True
1791594000,2026-10-10T01:00:00Z,หนองม่วงไข่,35,0.0,0.0,0.0,,,True
1791594000,2026-10-10T01:00:00Z,ภูเวียง,81,0.0,0.0,0.0,,,True
1791594000,2026-10-10T01:00:00Z,มัญจาคีรี,50,0.0,0.0,0.0,,,True
1791594000,2026-10-10T01:00:00Z,หนองปรือ,104,0.0,0.0,0.0,,,True
1791594000,2026-10-10T01:00:00Z,เลาขวัญ,123,0.0,0.0,0.0,,,True
1791594000,2026-10-10T01:00:00Z,หนองนาคำ,43,0.0,0.0,0.0,,,True
1791594000,2026-10-10T01:00:00Z,โคกโพธิ์ไชย,65,0.0,0.0,0.0,,,True
1791594000,2026-10-10T01:00:00Z,บ้านหลวง,91,0.0,0.0,0.0,,,True
1791594000,2026-10-10T01:00:00Z,นาน้อย,266,0.0,0.0,0.0,,,True
1791594000,2026-10-10T01:00:00Z,ภูผาม่าน,74,0.0,0.0,0.0,,,True
1791594000,2026-10-10T01:00:00Z,เมืองน่าน,161,0.0,0.0,0.0,,,True
1791594000,2026-10-10T01:00:00Z,แม่จริม,262,0.0,0.0,0.0,,,True
1791594000,2026-10-10T01:00:00Z,เวียงเก่า,78,0.0,0.0,0.0,,,True
1791594000,2026-10-10T01:00:00Z,เมืองกำแพงเพชร,368,0.0,0.0,0.0,,,True
1791594000,2026-10-10T01:00:00Z,ไทรงาม,133,0.0,0.0,0.0,,,True
1791594000,2026-10-10T01:00:00Z,ปางศิลาทอง,186,0.0,0.0,0.0,,,True
1791594000,2026-10-10T01:00:00Z,ลานกระบือ,103,0.0,0.0,0.0,,,True
1791594000,2026-10-10T01:00:00Z,ทรายทองวัฒนา,53,0.0,0.0,0.0,,,True
1791594000,2026-10-10T01:00:00Z,คลองขลุง,179,0.0,0.0,0.0,,,True
1791594000,2026-10-10T01:00:00Z,พรานกระต่าย,252,0.0,0.0,0.0,,,True
1791594000,2026-10-10T01:00:00Z,คลองลาน,363,0.0,0.0,0.0,,,True
1791594000,2026-10-10T01:00:00Z,ขาณุวรลักษบุรี,296,0.0,0.0,0.0,,,True
1791594000,2026-10-10T01:00:00Z,ภูเพียง,113,0.0,0.0,0.0,,,True
1791594000,2026-10-10T01:00:00Z,นาหมื่น,245,0.0,0.0,0.0,,,True
1791594000,2026-10-10T01:00:00Z,เวียงสา,543,0.0,0.0,0.0,,,True
1791594000,2026-10-10T01:00:00Z,น้ำโสม,153,0.0,0.0,0.0,,,True
1791594000,2026-10-10T01:00:00Z,นายูง,126,0.0,0.0,0.0,,,True
1791594000,2026-10-10T01:00:00Z,ชุมแพ,173,0.0,0.0,0.0,,,True
1791594000,2026-10-10T01:00:00Z,สีชมพู,132,0.0,0.0,0.0,,,True
1791594000,2026-10-10T01:00:00Z,สุวรรณคูหา,140,0.0,0.0,0.0,,,True
1791594000,2026-10-10T01:00:00Z,นาวัง,65,0.0,0.0,0.0,,,True
1791594000,2026-10-10T01:00:00Z,หนองเรือ,80,0.0,0.0,0.0,,,True
1791594000,2026-10-10T01:00:00Z,โนนสัง,51,0.0,0.0,0.0,,,True
1791594000,2026-10-10T01:00:00Z,ศรีบุญเรือง,224,0.0,0.0,0.0,,,True
1791594000,2026-10-10T01:00:00Z,เมืองหนองบัวลำภู,217,0.0,0.0,0.0,,,True
1791594000,2026-10-10T01:00:00Z,นากลาง,173,0.0,0.0,0.0,,,True
1791594000,2026-10-10T01:00:00Z,ทุ่งเสลี่ยม,144,0.0,0.0,0.0,,,True
1791594000,2026-10-10T01:00:00Z,ดอยหล่อ,56,0.0,0.0,0.0,,,True
1791594000,2026-10-10T01:00:00Z,เมืองตาก,486,0.0,0.0,0.0,,,True
1791594000,2026-10-10T01:00:00Z,แม่ออน,116,0.0,0.0,0.0,,,True
1791594000,2026-10-10T01:00:00Z,อุ้มผาง,1209,0.0,0.0,0.0,,,True
1791594000,2026-10-10T01:00:00Z,วังเจ้า,183,0.0,0.0,0.0,,,True
1791594000,2026-10-10T01:00:00Z,แม่สอด,398,0.0,0.0,0.0,,,True
1791594000,2026-10-10T01:00:00Z,พบพระ,249,0.0,0.0,0.0,,,True
1791594000,2026-10-10T01:00:00Z,แม่ระมาด,380,0.0,0.0,0.0,,,True
1791594000,2026-10-10T01:00:00Z,ท่าสองยาง,401,0.0,0.0,0.0,,,True
1791594000,2026-10-10T01:00:00Z,บ้านตาก,255,0.0,0.0,0.0,,,True
1791594000,2026-10-10T01:00:00Z,สามเงา,698,0.0,0.0,0.0,,,True
1791594000,2026-10-10T01:00:00Z,จอมทอง,280,0.0,0.0,0.0,,,True
1791594000,2026-10-10T01:00:00Z,แก้งสนามนาง,79,0.0,0.0,0.0,,,True
1791594000,2026-10-10T01:00:00Z,สีคิ้ว,292,0.0,0.0,0.0,,,True
1791594000,2026-10-10T01:00:00Z,พระทองคำ,90,0.0,0.0,0.0,,,True
1791594000,2026-10-10T01:00:00Z,เทพารักษ์,92,0.0,0.0,0.0,,,True
1791594000,2026-10-10T01:00:00Z,สันกำแพง,65,0.0,0.0,0.0,,,True
1791594000,2026-10-10T01:00:00Z,สันป่าตอง,44,0.0,0.0,0.0,,,True
1791594000,2026-10-10T01:00:00Z,ดอยเต่า,213,0.0,0.0,0.0,,,True
1791594000,2026-10-10T01:00:00Z,อมก๋อย,704,0.0,0.0,0.0,,,True
1791594000,2026-10-10T01:00:00Z,ฮอด,378,0.0,0.0,0.0,,,True
1791594000,2026-10-10T01:00:00Z,เมืองลำพูน,117,0.0,0.0,0.0,,,True
1791594000,2026-10-10T01:00:00Z,แม่ทา,192,0.0,0.0,0.0,,,True
1791594000,2026-10-10T01:00:00Z,บ้านธิ,34,0.0,0.0,0.0,,,True
1791594000,2026-10-10T01:00:00Z,บ้านหมอ,24,0.0,0.0,0.0,,,True
1791594000,2026-10-10T01:00:00Z,เวียงหนองล่อง,14,0.0,0.0,0.0,,,True
1791594000,2026-10-10T01:00:00Z,ทุ่งหัวช้าง,113,0.0,0.0,0.0,,,True
1791594000,2026-10-10T01:00:00Z,ป่าซาง,74,0.0,0.0,0.0,,,True
1791594000,2026-10-10T01:00:00Z,บ้านโฮ่ง,124,0.0,0.0,0.0,,,True
1791594000,2026-10-10T01:00:00Z,แก่งคอย,73,0.0,0.0,0.0,,,True
1791594000,2026-10-10T01:00:00Z,ลี้,454,0.0,0.0,0.0,,,True
1791594000,2026-10-10T01:00:00Z,พระพุทธบาท,55,0.0,0.0,0.0,,,True
1791594000,2026-10-10T01:00:00Z,ดอนพุด,7,0.0,0.0,0.0,,,True
1791594000,2026-10-10T01:00:00Z,หนองโดน,31,0.0,0.0,0.0,,,True
1791594000,2026-10-10T01:00:00Z,เมืองลำปาง,300,0.0,0.0,0.0,,,True
1791594000,2026-10-10T01:00:00Z,เถิน,443,0.0,0.0,0.0,,,True
1791594000,2026-10-10T01:00:00Z,แม่พริก,167,0.0,0.0,0.0,,,True
1791594000,2026-10-10T01:00:00Z,แจ้ห่ม,274,0.0,0.0,0.0,,,True
1791594000,2026-10-10T01:00:00Z,แม่เปิน,85,0.0,0.0,0.0,,,True
1791594000,2026-10-10T01:00:00Z,เสริมงาม,185,0.0,0.0,0.0,,,True
1791594000,2026-10-10T01:00:00Z,ชุมตาบง,61,0.0,0.0,0.0,,,True
1791594000,2026-10-10T01:00:00Z,งาว,344,0.0,0.0,0.0,,,True
1791594000,2026-10-10T01:00:00Z,ตากฟ้า,125,0.0,0.0,0.0,,,True
1791594000,2026-10-10T01:00:00Z,แม่เมาะ,283,0.0,0.0,0.0,,,True
1791594000,2026-10-10T01:00:00Z,แม่วงก์,257,0.0,0.0,0.0,,,True
1791594000,2026-10-10T01:00:00Z,เกาะคา,128,0.0,0.0,0.0,,,True
1791594000,2026-10-10T01:00:00Z,พยุหะคีรี,169,0.0,0.0,0.0,,,True
1791594000,2026-10-10T01:00:00Z,ลาดยาว,187,0.0,0.0,0.0,,,True
1791594000,2026-10-10T01:00:00Z,สบปราบ,125,0.0,0.0,0.0,,,True
1791594000,2026-10-10T01:00:00Z,ห้างฉัตร,154,0.0,0.0,0.0,,,True
1791594000,2026-10-10T01:00:00Z,แม่ทะ,203,0.0,0.0,0.0,,,True
1791594000,2026-10-10T01:00:00Z,เมืองปาน,202,0.0,0.0,0.0,,,True
1791594000,2026-10-10T01:00:00Z,เมืองอ่างทอง,6,0.0,0.0,0.0,,,True
1791594000,2026-10-10T01:00:00Z,ไชโย,20,0.0,0.0,0.0,,,True
1791594000,2026-10-10T01:00:00Z,สามโก้,10,0.0,0.0,0.0,,,True
1791594000,2026-10-10T01:00:00Z,แสวงหา,43,0.0,0.0,0.0,,,True
1791594000,2026-10-10T01:00:00Z,วิเศษชัยชาญ,7,0.0,0.0,0.0,,,True
1791594000,2026-10-10T01:00:00Z,โพธิ์ทอง,48,0.0,0.0,0.0,,,True
1791594000,2026-10-10T01:00:00Z,เมืองลพบุรี,190,0.0,0.0,0.0,,,True
1791594000,2026-10-10T01:00:00Z,เดิมบางนางบวช,130,0.0,0.0,0.0,,,True
1791594000,2026-10-10T01:00:00Z,ด่านช้าง,309,0.0,0.0,0.0,,,True
1791594000,2026-10-10T01:00:00Z,หนองม่วง,111,0.0,0.0,0.0,,,True
1791594000,2026-10-10T01:00:00Z,ลำสนธิ,136,0.0,0.0,0.0,,,True
1791594000,2026-10-10T01:00:00Z,สามชุก,77,0.0,0.0,0.0,,,True
1791594000,2026-10-10T01:00:00Z,ดอนเจดีย์,72,0.0,0.0,0.0,,,True
1791594000,2026-10-10T01:00:00Z,สระโบสถ์,83,0.0,0.0,0.0,,,True
1791594000,2026-10-10T01:00:00Z,ศรีประจันต์,41,0.0,0.0,0.0,,,True
1791594000,2026-10-10T01:00:00Z,โคกเจริญ,135,0.0,0.0,0.0,,,True
1791594000,2026-10-10T01:00:00Z,บ้านหมี่,136,0.0,0.0,0.0,,,True
1791594000,2026-10-10T01:00:00Z,ท่าหลวง,100,0.0,0.0,0.0,,,True
1791594000,2026-10-10T01:00:00Z,ชัยบาดาล,280,0.0,0.0,0.0,,,True
1791594000,2026-10-10T01:00:00Z,ท่าวุ้ง,64,0.0,0.0,0.0,,,True
1791594000,2026-10-10T01:00:00Z,พัฒนานิคม,217,0.0,0.0,0.0,,,True
1791594000,2026-10-10T01:00:00Z,โคกสำโรง,180,0.0,0.0,0.0,,,True
1791594000,2026-10-10T01:00:00Z,หนองหญ้าไซ,108,0.0,0.0,0.0,,,True
1791594000,2026-10-10T01:00:00Z,ท่าช้าง,11,0.0,0.0,0.0,,,True
1791594000,2026-10-10T01:00:00Z,อินทร์บุรี,66,0.0,0.0,0.0,,,True
1791594000,2026-10-10T01:00:00Z,ค่ายบางระจัน,26,0.0,0.0,0.0,,,True
1791594000,2026-10-10T01:00:00Z,พรหมบุรี,19,0.0,0.0,0.0,,,True
1791594000,2026-10-10T01:00:00Z,เนินสง่า,65,0.0,0.0,0.0,,,True
1791594000,2026-10-10T01:00:00Z,เมืองสิงห์บุรี,31,0.0,0.0,0.0,,,True
1791594000,2026-10-10T01:00:00Z,ซับใหญ่,72,0.0,0.0,0.0,,,True
1791594000,2026-10-10T01:00:00Z,บางระจัน,46,0.0,0.0,0.0,,,True
1791594000,2026-10-10T01:00:00Z,ภูกระดึง,190,0.0,0.0,0.0,,,True
1791594000,2026-10-10T01:00:00Z,ภูหลวง,145,0.0,0.0,0.0,,,True
1791594000,2026-10-10T01:00:00Z,หนองหิน,78,0.0,0.0,0.0,,,True
1791594000,2026-10-10T01:00:00Z,ผาขาว,100,0.0,0.0,0.0,,,True
1791594000,2026-10-10T01:00:00Z,เอราวัณ,87,0.0,0.0,0.0,,,True
1791594000,2026-10-10T01:00:00Z,วังสะพุง,281,0.0,0.0,0.0,,,True
1791594000,2026-10-10T01:00:00Z,วังม่วง,70,0.0,0.0,0.0,,,True
1791594000,2026-10-10T01:00:00Z,เฉลิมพระเกียรติ,35,0.0,0.0,0.0,,,True
1791594000,2026-10-10T01:00:00Z,มวกเหล็ก,175,0.0,0.0,0.0,,,True
1791594000,2026-10-10T01:00:00Z,บ้านเขว้า,124,0.0,0.0,0.0,,,True
1791594000,2026-10-10T01:00:00Z,คอนสวรรค์,113,0.0,0.0,0.0,,,True
1791594000,2026-10-10T01:00:00Z,เมืองชัยภูมิ,358,0.0,0.0,0.0,,,True
1791594000,2026-10-10T01:00:00Z,วังทอง,425,0.0,0.0,0.0,,,True
1791594000,2026-10-10T01:00:00Z,เนินมะปราง,276,0.0,0.0,0.0,,,True
1791594000,2026-10-10T01:00:00Z,สวรรคโลก,156,0.0,0.0,0.0,,,True
1791594000,2026-10-10T01:00:00Z,ศรีนคร,46,0.0,0.0,0.0,,,True
1791594000,2026-10-10T01:00:00Z,หันคา,139,0.0,0.0,0.0,,,True
1791594000,2026-10-10T01:00:00Z,ศรีสัชนาลัย,534,0.0,0.0,0.0,,,True
1791594000,2026-10-10T01:00:00Z,หนองมะโมง,76,0.0,0.0,0.0,,,True
1791594000,2026-10-10T01:00:00Z,ศรีสำโรง,142,0.0,0.0,0.0,,,True
1791594000,2026-10-10T01:00:00Z,สรรพยา,55,0.0,0.0,0.0,,,True
1791594000,2026-10-10T01:00:00Z,คีรีมาศ,171,0.0,0.0,0.0,,,True
1791594000,2026-10-10T01:00:00Z,สรรคบุรี,89,0.0,0.0,0.0,,,True
1791594000,2026-10-10T01:00:00Z,กงไกรลาศ,108,0.0,0.0,0.0,,,True
1791594000,2026-10-10T01:00:00Z,มโนรมย์,66,0.0,0.0,0.0,,,True
1791594000,2026-10-10T01:00:00Z,เมืองสุโขทัย,136,0.0,0.0,0.0,,,True
1791594000,2026-10-10T01:00:00Z,วัดสิงห์,67,0.0,0.0,0.0,,,True
1791594000,2026-10-10T01:00:00Z,บ้านด่านลานหอย,231,0.0,0.0,0.0,,,True
1791594000,2026-10-10T01:00:00Z,เมืองชัยนาท,70,0.0,0.0,0.0,,,True
1791594000,2026-10-10T01:00:00Z,เนินขาม,65,0.0,0.0,0.0,,,True
1791594000,2026-10-10T01:00:00Z,คอนสาร,334,0.0,0.0,0.0,,,True
1791594000,2026-10-10T01:00:00Z,ภักดีชุมพล,154,0.0,0.0,0.0,,,True
1791594000,2026-10-10T01:00:00Z,บ้านแท่น,76,0.0,0.0,0.0,,,True
1791594000,2026-10-10T01:00:00Z,แก้งคร้อ,168,0.0,0.0,0.0,,,True
1791594000,2026-10-10T01:00:00Z,ภูเขียว,201,0.0,0.0,0.0,,,True
1791594000,2026-10-10T01:00:00Z,หนองบัวระเหว,179,0.0,0.0,0.0,,,True
1791594000,2026-10-10T01:00:00Z,เทพสถิต,239,0.0,0.0,0.0,,,True
1791594000,2026-10-10T01:00:00Z,จัตุรัส,172,0.0,0.0,0.0,,,True
1791594000,2026-10-10T01:00:00Z,บำเหน็จณรงค์,120,0.0,0.0,0.0,,,True
1791594000,2026-10-10T01:00:00Z,เกษตรสมบูรณ์,268,0.0,0.0,0.0,,,True
1791594000,2026-10-10T01:00:00Z,หนองบัวแดง,537,0.0,0.0,0.0,,,True
1791594000,2026-10-10T01:00:00Z,ภูเรือ,168,0.0,0.0,0.0,,,True
1791594000,2026-10-10T01:00:00Z,ท่าลี่,171,0.0,0.0,0.0,,,True
1791594000,2026-10-10T01:00:00Z,วชิรบารมี,68,0.0,0.0,0.0,,,True
1791594000,2026-10-10T01:00:00Z,ด่านซ้าย,341,0.0,0.0,0.0,,,True
1791594000,2026-10-10T01:00:00Z,นาแห้ว,153,0.0,0.0,0.0,,,True
1791594000,2026-10-10T01:00:00Z,บึงนาราง,74,0.0,0.0,0.0,,,True
1791594000,2026-10-10T01:00:00Z,เชียงคาน,213,0.0,0.0,0.0,,,True
1791594000,2026-10-10T01:00:00Z,ดงเจริญ,56,0.0,0.0,0.0,,,True
1791594000,2026-10-10T01:00:00Z,ปากชม,240,0.0,0.0,0.0,,,True
1791594000,2026-10-10T01:00:00Z,เมืองเลย,314,0.0,0.0,0.0,,,True
1791594000,2026-10-10T01:00:00Z,นาด้วง,143,0.0,0.0,0.0,,,True
1791594000,2026-10-10T01:00:00Z,สากเหล็ก,45,0.0,0.0,0.0,,,True
1791594000,2026-10-10T01:00:00Z,สามง่าม,89,0.0,0.0,0.0,,,True
1791594000,2026-10-10T01:00:00Z,ทับคล้อ,104,0.0,0.0,0.0,,,True
1791594000,2026-10-10T01:00:00Z,พรหมพิราม,206,0.0,0.0,0.0,,,True
1791594000,2026-10-10T01:00:00Z,ด่านขุนทด,344,0.0,0.0,0.0,,,True
1791594000,2026-10-10T01:00:00Z,วัดโบสถ์,226,0.0,0.0,0.0,,,True
1791594000,2026-10-10T01:00:00Z,บางระกำ,246,0.0,0.0,0.0,,,True
1791594000,2026-10-10T01:00:00Z,บางกระทุ่ม,91,0.0,0.0,0.0,,,True
1791594000,2026-10-10T01:00:00Z,นครไทย,597,0.0,0.0,0.0,,,True
1791594000,2026-10-10T01:00:00Z,ชาติตระการ,415,0.0,0.0,0.0,,,True
1791594000,2026-10-10T01:00:00Z,บ้านเหลื่อม,55,0.0,0.0,0.0,,,True
1791594000,2026-10-10T01:00:00Z,เมืองพิษณุโลก,178,0.0,0.0,0.0,,,True
1791594000,2026-10-10T01:00:00Z,ชุมแสง,145,0.0,0.0,0.0,,,True
1791594000,2026-10-10T01:00:00Z,หนองบัว,208,0.0,0.0,0.0,,,True
1791594000,2026-10-10T01:00:00Z,เมืองนครสวรรค์,183,0.0,0.0,0.0,,,True
1791594000,2026-10-10T01:00:00Z,โกรกพระ,71,0.042,0.69,0.1549,15,15,True
1791594000,2026-10-10T01:00:00Z,ไพศาลี,244,0.0,0.0,0.0,,,True
1791594000,2026-10-10T01:00:00Z,ตาคลี,206,0.0,0.0,0.0,,,True
1791594000,2026-10-10T01:00:00Z,ท่าตะโก,211,0.0,0.0,0.0,,,True
1791594000,2026-10-10T01:00:00Z,เขาค้อ,207,0.0,0.0,0.0,,,True
1791594000,2026-10-10T01:00:00Z,บรรพตพิสัย,181,0.0,0.0,0.0,,,True
1791594000,2026-10-10T01:00:00Z,เก้าเลี้ยว,57,0.0,0.0,0.0,,,True
1791594000,2026-10-10T01:00:00Z,วังโป่ง,123,0.0,0.0,0.0,,,True
1791594000,2026-10-10T01:00:00Z,บึงสามพัน,194,0.0,0.0,0.0,,,True
1791594000,2026-10-10T01:00:00Z,น้ำหนาว,231,0.0,0.0,0.0,,,True
1791594000,2026-10-10T01:00:00Z,ศรีเทพ,204,0.0,0.0,0.0,,,True
1791594000,2026-10-10T01:00:00Z,หนองไผ่,315,0.0,0.0,0.0,,,True
1791594000,2026-10-10T01:00:00Z,มหาราช,4,0.0,0.0,0.0,,,False
1791594000,2026-10-10T01:00:00Z,บ้านแพรก,10,0.0,0.0,0.0,,,True
1791594000,2026-10-10T01:00:00Z,บางมูลนาก,99,0.0,0.0,0.0,,,True
1791594000,2026-10-10T01:00:00Z,โพทะเล,131,0.0,0.0,0.0,,,True
1791594000,2026-10-10T01:00:00Z,โพธิ์ประทับช้าง,102,0.0,0.0,0.0,,,True
1791594000,2026-10-10T01:00:00Z,ตะพานหิน,109,0.0,0.0,0.0,,,True
1791594000,2026-10-10T01:00:00Z,เมืองพิจิตร,138,0.0,0.0,0.0,,,True
1791594000,2026-10-10T01:00:00Z,วังทรายพูน,66,0.0,0.0,0.0,,,True
1791594900,2026-10-10T01:15:00Z,พิชัย,176,0.0,0.0,0.0,,,True
1791594900,2026-10-10T01:15:00Z,ลับแล,116,0.0,0.0,0.0,,,True
1791594900,2026-10-10T01:15:00Z,ฟากท่า,163,0.0,0.0,0.0,,,True
1791594900,2026-10-10T01:15:00Z,บ้านโคก,247,0.0,0.0,0.0,,,True
1791594900,2026-10-10T01:15:00Z,ท่าปลา,442,0.0,0.0,0.0,,,True
1791594900,2026-10-10T01:15:00Z,น้ำปาด,363,0.0,0.0,0.0,,,True
1791594900,2026-10-10T01:15:00Z,เมืองอุตรดิตถ์,202,0.0,0.0,0.0,,,True
1791594900,2026-10-10T01:15:00Z,ตรอน,80,0.0,0.0,0.0,,,True
1791594900,2026-10-10T01:15:00Z,หล่มเก่า,246,0.0,0.0,0.0,,,True
1791594900,2026-10-10T01:15:00Z,วิเชียรบุรี,377,0.0,0.0,0.0,,,True
1791594900,2026-10-10T01:15:00Z,ชนแดน,279,0.0,0.0,0.0,,,True
1791594900,2026-10-10T01:15:00Z,หล่มสัก,350,0.0,0.0,0.0,,,True
1791594900,2026-10-10T01:15:00Z,เมืองเพชรบูรณ์,571,0.0,0.0,0.0,,,True
1791594900,2026-10-10T01:15:00Z,ทองแสนขัน,185,0.0,0.0,0.0,,,True
1791594900,2026-10-10T01:15:00Z,บึงสามัคคี,71,0.0,0.0,0.0,,,True
1791594900,2026-10-10T01:15:00Z,โกสัมพีนคร,137,0.0,0.0,0.0,,,True
1791594900,2026-10-10T01:15:00Z,สอง,380,0.0,0.0,0.0,,,True
1791594900,2026-10-10T01:15:00Z,วังชิ้น,255,0.0,0.0,0.0,,,True
1791594900,2026-10-10T01:15:00Z,สูงเม่น,88,0.0,0.0,0.0,,,True
1791594900,2026-10-10T01:15:00Z,เด่นชัย,135,0.0,0.0,0.0,,,True
1791594900,2026-10-10T01:15:00Z,ร้องกวาง,221,0.0,0.0,0.0,,,True
1791594900,2026-10-10T01:15:00Z,ลอง,317,0.0,0.0,0.0,,,True
1791594900,2026-10-10T01:15:00Z,เมืองแพร่,205,0.0,0.0,0.0,,,True
1791594900,2026-10-10T01:15:00Z,ทัพทัน,94,0.002,0.098,0.0213,,15,True
1791594900,2026-10-10T01:15:00Z,สว่างอารมณ์,110,0.0,0.0,0.0,,,True
1791594900,2026-10-10T01:15:00Z,เมืองอุทัยธานี,59,0.0,0.0,0.0,,,True
1791594900,2026-10-10T01:15:00Z,ห้วยคต,94,0.0,0.0,0.0,,,True
1791594900,2026-10-10T01:15:00Z,ศรีสวัสดิ์,440,0.0,0.0,0.0,,,True
1791594900,2026-10-10T01:15:00Z,บ้านไร่,821,0.0,0.098,0.0049,,60,True
1791594900,2026-10-10T01:15:00Z,ลานสัก,360,0.0,0.0,0.0,,,True
1791594900,2026-10-10T01:15:00Z,หนองฉาง,89,0.0,0.0,0.0,,,True
1791594900,2026-10-10T01:15:00Z,หนองขาหย่าง,43,0.0,0.0,0.0,,,True
1791594900,2026-10-10T01:15:00Z,เชียงม่วน,82,0.0,0.0,0.0,,,True
1791594900,2026-10-10T01:15:00Z,ดอกคำใต้,37,0.0,0.0,0.0,,,True
1791594900,2026-10-10T01:15:00Z,เมืองพะเยา,6,0.0,0.0,0.0,,,True
1791594900,2026-10-10T01:15:00Z,ทองผาภูมิ,851,0.0,0.0,0.0,,,True
1791594900,2026-10-10T01:15:00Z,สังขละบุรี,793,0.0,0.0,0.0,,,True
1791594900,2026-10-10T01:15:00Z,หนองม่วงไข่,35,0.0,0.0,0.0,,,True
1791594900,2026-10-10T01:15:00Z,ภูเวียง,81,0.0,0.0,0.0,,,True
1791594900,2026-10-10T01:15:00Z,มัญจาคีรี,50,0.0,0.0,0.0,,,True
1791594900,2026-10-10T01:15:00Z,หนองปรือ,104,0.0,0.0,0.0,,,True
1791594900,2026-10-10T01:15:00Z,เลาขวัญ,123,0.0,0.0,0.0,,,True
1791594900,2026-10-10T01:15:00Z,หนองนาคำ,43,0.0,0.0,0.0,,,True
1791594900,2026-10-10T01:15:00Z,โคกโพธิ์ไชย,65,0.0,0.0,0.0,,,True
1791594900,2026-10-10T01:15:00Z,บ้านหลวง,91,0.0,0.0,0.0,,,True
1791594900,2026-10-10T01:15:00Z,นาน้อย,266,0.0,0.0,0.0,,,True
1791594900,2026-10-10T01:15:00Z,ภูผาม่าน,74,0.0,0.0,0.0,,,True
1791594900,2026-10-10T01:15:00Z,เมืองน่าน,161,0.0,0.0,0.0,,,True
1791594900,2026-10-10T01:15:00Z,แม่จริม,262,0.0,0.0,0.0,,,True
1791594900,2026-10-10T01:15:00Z,เวียงเก่า,78,0.0,0.0,0.0,,,True
1791594900,2026-10-10T01:15:00Z,เมืองกำแพงเพชร,368,0.0,0.0,0.0,,,True
1791594900,2026-10-10T01:15:00Z,ไทรงาม,133,0.0,0.0,0.0,,,True
1791594900,2026-10-10T01:15:00Z,ปางศิลาทอง,186,0.0,0.0,0.0,,,True
1791594900,2026-10-10T01:15:00Z,ลานกระบือ,103,0.0,0.0,0.0,,,True
1791594900,2026-10-10T01:15:00Z,ทรายทองวัฒนา,53,0.0,0.0,0.0,,,True
1791594900,2026-10-10T01:15:00Z,คลองขลุง,179,0.0,0.0,0.0,,,True
1791594900,2026-10-10T01:15:00Z,พรานกระต่าย,252,0.0,0.0,0.0,,,True
1791594900,2026-10-10T01:15:00Z,คลองลาน,363,0.0,0.0,0.0,,,True
1791594900,2026-10-10T01:15:00Z,ขาณุวรลักษบุรี,296,0.0,0.0,0.0,,,True
1791594900,2026-10-10T01:15:00Z,ภูเพียง,113,0.0,0.0,0.0,,,True
1791594900,2026-10-10T01:15:00Z,นาหมื่น,245,0.0,0.0,0.0,,,True
1791594900,2026-10-10T01:15:00Z,เวียงสา,543,0.0,0.0,0.0,,,True
1791594900,2026-10-10T01:15:00Z,น้ำโสม,153,0.0,0.0,0.0,,,True
1791594900,2026-10-10T01:15:00Z,นายูง,126,0.0,0.0,0.0,,,True
1791594900,2026-10-10T01:15:00Z,ชุมแพ,173,0.0,0.0,0.0,,,True
1791594900,2026-10-10T01:15:00Z,สีชมพู,132,0.0,0.0,0.0,,,True
1791594900,2026-10-10T01:15:00Z,สุวรรณคูหา,140,0.0,0.0,0.0,,,True
1791594900,2026-10-10T01:15:00Z,นาวัง,65,0.0,0.0,0.0,,,True
1791594900,2026-10-10T01:15:00Z,หนองเรือ,80,0.0,0.0,0.0,,,True
1791594900,2026-10-10T01:15:00Z,โนนสัง,51,0.0,0.0,0.0,,,True
1791594900,2026-10-10T01:15:00Z,ศรีบุญเรือง,224,0.0,0.0,0.0,,,True
1791594900,2026-10-10T01:15:00Z,เมืองหนองบัวลำภู,217,0.0,0.0,0.0,,,True
1791594900,2026-10-10T01:15:00Z,นากลาง,173,0.0,0.0,0.0,,,True
1791594900,2026-10-10T01:15:00Z,ทุ่งเสลี่ยม,144,0.0,0.0,0.0,,,True
1791594900,2026-10-10T01:15:00Z,ดอยหล่อ,56,0.0,0.0,0.0,,,True
1791594900,2026-10-10T01:15:00Z,เมืองตาก,486,0.0,0.0,0.0,,,True
1791594900,2026-10-10T01:15:00Z,แม่ออน,116,0.0,0.0,0.0,,,True
1791594900,2026-10-10T01:15:00Z,อุ้มผาง,1209,0.0,0.0,0.0,,,True
1791594900,2026-10-10T01:15:00Z,วังเจ้า,183,0.0,0.0,0.0,,,True
1791594900,2026-10-10T01:15:00Z,แม่สอด,398,0.0,0.0,0.0,,,True
1791594900,2026-10-10T01:15:00Z,พบพระ,249,0.0,0.0,0.0,,,True
1791594900,2026-10-10T01:15:00Z,แม่ระมาด,380,0.0,0.0,0.0,,,True
1791594900,2026-10-10T01:15:00Z,ท่าสองยาง,401,0.0,0.0,0.0,,,True
1791594900,2026-10-10T01:15:00Z,บ้านตาก,255,0.0,0.0,0.0,,,True
1791594900,2026-10-10T01:15:00Z,สามเงา,698,0.0,0.0,0.0,,,True
1791594900,2026-10-10T01:15:00Z,จอมทอง,280,0.0,0.0,0.0,,,True
1791594900,2026-10-10T01:15:00Z,แก้งสนามนาง,79,0.0,0.0,0.0,,,True
1791594900,2026-10-10T01:15:00Z,สีคิ้ว,292,0.0,0.0,0.0,,,True
1791594900,2026-10-10T01:15:00Z,พระทองคำ,90,0.0,0.0,0.0,,,True
1791594900,2026-10-10T01:15:00Z,เทพารักษ์,92,0.0,0.0,0.0,,,True
1791594900,2026-10-10T01:15:00Z,สันกำแพง,65,0.0,0.0,0.0,,,True
1791594900,2026-10-10T01:15:00Z,สันป่าตอง,44,0.0,0.0,0.0,,,True
1791594900,2026-10-10T01:15:00Z,ดอยเต่า,213,0.0,0.0,0.0,,,True
1791594900,2026-10-10T01:15:00Z,อมก๋อย,704,0.0,0.0,0.0,,,True
1791594900,2026-10-10T01:15:00Z,ฮอด,378,0.0,0.0,0.0,,,True
1791594900,2026-10-10T01:15:00Z,เมืองลำพูน,117,0.0,0.0,0.0,,,True
1791594900,2026-10-10T01:15:00Z,แม่ทา,192,0.0,0.0,0.0,,,True
1791594900,2026-10-10T01:15:00Z,บ้านธิ,34,0.0,0.0,0.0,,,True
1791594900,2026-10-10T01:15:00Z,บ้านหมอ,24,0.0,0.0,0.0,,,True
1791594900,2026-10-10T01:15:00Z,เวียงหนองล่อง,14,0.0,0.0,0.0,,,True
1791594900,2026-10-10T01:15:00Z,ทุ่งหัวช้าง,113,0.0,0.0,0.0,,,True
1791594900,2026-10-10T01:15:00Z,ป่าซาง,74,0.0,0.0,0.0,,,True
1791594900,2026-10-10T01:15:00Z,บ้านโฮ่ง,124,0.0,0.0,0.0,,,True
1791594900,2026-10-10T01:15:00Z,แก่งคอย,73,0.0,0.0,0.0,,,True
1791594900,2026-10-10T01:15:00Z,ลี้,454,0.0,0.0,0.0,,,True
1791594900,2026-10-10T01:15:00Z,พระพุทธบาท,55,0.0,0.0,0.0,,,True
1791594900,2026-10-10T01:15:00Z,ดอนพุด,7,0.0,0.0,0.0,,,True
1791594900,2026-10-10T01:15:00Z,หนองโดน,31,0.0,0.0,0.0,,,True
1791594900,2026-10-10T01:15:00Z,เมืองลำปาง,300,0.0,0.0,0.0,,,True
1791594900,2026-10-10T01:15:00Z,เถิน,443,0.0,0.0,0.0,,,True
1791594900,2026-10-10T01:15:00Z,แม่พริก,167,0.0,0.0,0.0,,,True
1791594900,2026-10-10T01:15:00Z,แจ้ห่ม,274,0.0,0.0,0.0,,,True
1791594900,2026-10-10T01:15:00Z,แม่เปิน,85,0.0,0.0,0.0,,,True
1791594900,2026-10-10T01:15:00Z,เสริมงาม,185,0.0,0.0,0.0,,,True
1791594900,2026-10-10T01:15:00Z,ชุมตาบง,61,0.0,0.0,0.0,,,True
1791594900,2026-10-10T01:15:00Z,งาว,344,0.0,0.0,0.0,,,True
1791594900,2026-10-10T01:15:00Z,ตากฟ้า,125,0.0,0.0,0.0,,,True
1791594900,2026-10-10T01:15:00Z,แม่เมาะ,283,0.0,0.0,0.0,,,True
1791594900,2026-10-10T01:15:00Z,แม่วงก์,257,0.0,0.0,0.0,,,True
1791594900,2026-10-10T01:15:00Z,เกาะคา,128,0.0,0.0,0.0,,,True
1791594900,2026-10-10T01:15:00Z,พยุหะคีรี,169,0.0,0.0,0.0,,,True
1791594900,2026-10-10T01:15:00Z,ลาดยาว,187,0.0,0.0,0.0,,,True
1791594900,2026-10-10T01:15:00Z,สบปราบ,125,0.0,0.0,0.0,,,True
1791594900,2026-10-10T01:15:00Z,ห้างฉัตร,154,0.0,0.0,0.0,,,True
1791594900,2026-10-10T01:15:00Z,แม่ทะ,203,0.0,0.0,0.0,,,True
1791594900,2026-10-10T01:15:00Z,เมืองปาน,202,0.0,0.0,0.0,,,True
1791594900,2026-10-10T01:15:00Z,เมืองอ่างทอง,6,0.0,0.0,0.0,,,True
1791594900,2026-10-10T01:15:00Z,ไชโย,20,0.0,0.0,0.0,,,True
1791594900,2026-10-10T01:15:00Z,สามโก้,10,0.0,0.0,0.0,,,True
1791594900,2026-10-10T01:15:00Z,แสวงหา,43,0.0,0.0,0.0,,,True
1791594900,2026-10-10T01:15:00Z,วิเศษชัยชาญ,7,0.0,0.0,0.0,,,True
1791594900,2026-10-10T01:15:00Z,โพธิ์ทอง,48,0.0,0.0,0.0,,,True
1791594900,2026-10-10T01:15:00Z,เมืองลพบุรี,190,0.0,0.0,0.0,,,True
1791594900,2026-10-10T01:15:00Z,เดิมบางนางบวช,130,0.001,0.098,0.0077,,15,True
1791594900,2026-10-10T01:15:00Z,ด่านช้าง,309,0.0,0.0,0.0,,,True
1791594900,2026-10-10T01:15:00Z,หนองม่วง,111,0.0,0.0,0.0,,,True
1791594900,2026-10-10T01:15:00Z,ลำสนธิ,136,0.0,0.0,0.0,,,True
1791594900,2026-10-10T01:15:00Z,สามชุก,77,0.003,0.098,0.026,,30,True
1791594900,2026-10-10T01:15:00Z,ดอนเจดีย์,72,0.001,0.098,0.0139,,45,True
1791594900,2026-10-10T01:15:00Z,สระโบสถ์,83,0.0,0.0,0.0,,,True
1791594900,2026-10-10T01:15:00Z,ศรีประจันต์,41,0.0,0.0,0.0,,,True
1791594900,2026-10-10T01:15:00Z,โคกเจริญ,135,0.0,0.0,0.0,,,True
1791594900,2026-10-10T01:15:00Z,บ้านหมี่,136,0.0,0.0,0.0,,,True
1791594900,2026-10-10T01:15:00Z,ท่าหลวง,100,0.0,0.0,0.0,,,True
1791594900,2026-10-10T01:15:00Z,ชัยบาดาล,280,0.0,0.0,0.0,,,True
1791594900,2026-10-10T01:15:00Z,ท่าวุ้ง,64,0.0,0.0,0.0,,,True
1791594900,2026-10-10T01:15:00Z,พัฒนานิคม,217,0.0,0.0,0.0,,,True
1791594900,2026-10-10T01:15:00Z,โคกสำโรง,180,0.0,0.0,0.0,,,True
1791594900,2026-10-10T01:15:00Z,หนองหญ้าไซ,108,0.0,0.0,0.0,,,True
1791594900,2026-10-10T01:15:00Z,ท่าช้าง,11,0.0,0.0,0.0,,,True
1791594900,2026-10-10T01:15:00Z,อินทร์บุรี,66,0.0,0.0,0.0,,,True
1791594900,2026-10-10T01:15:00Z,ค่ายบางระจัน,26,0.0,0.0,0.0,,,True
1791594900,2026-10-10T01:15:00Z,พรหมบุรี,19,0.0,0.0,0.0,,,True
1791594900,2026-10-10T01:15:00Z,เนินสง่า,65,0.0,0.0,0.0,,,True
1791594900,2026-10-10T01:15:00Z,เมืองสิงห์บุรี,31,0.0,0.0,0.0,,,True
1791594900,2026-10-10T01:15:00Z,ซับใหญ่,72,0.0,0.0,0.0,,,True
1791594900,2026-10-10T01:15:00Z,บางระจัน,46,0.0,0.0,0.0,,,True
1791594900,2026-10-10T01:15:00Z,ภูกระดึง,190,0.0,0.0,0.0,,,True
1791594900,2026-10-10T01:15:00Z,ภูหลวง,145,0.0,0.0,0.0,,,True
1791594900,2026-10-10T01:15:00Z,หนองหิน,78,0.0,0.0,0.0,,,True
1791594900,2026-10-10T01:15:00Z,ผาขาว,100,0.0,0.0,0.0,,,True
1791594900,2026-10-10T01:15:00Z,เอราวัณ,87,0.0,0.0,0.0,,,True
1791594900,2026-10-10T01:15:00Z,วังสะพุง,281,0.0,0.0,0.0,,,True
1791594900,2026-10-10T01:15:00Z,วังม่วง,70,0.0,0.0,0.0,,,True
1791594900,2026-10-10T01:15:00Z,เฉลิมพระเกียรติ,35,0.0,0.0,0.0,,,True
1791594900,2026-10-10T01:15:00Z,มวกเหล็ก,175,0.0,0.0,0.0,,,True
1791594900,2026-10-10T01:15:00Z,บ้านเขว้า,124,0.0,0.0,0.0,,,True
1791594900,2026-10-10T01:15:00Z,คอนสวรรค์,113,0.0,0.0,0.0,,,True
1791594900,2026-10-10T01:15:00Z,เมืองชัยภูมิ,358,0.0,0.0,0.0,,,True
1791594900,2026-10-10T01:15:00Z,วังทอง,425,0.0,0.0,0.0,,,True
1791594900,2026-10-10T01:15:00Z,เนินมะปราง,276,0.0,0.0,0.0,,,True
1791594900,2026-10-10T01:15:00Z,สวรรคโลก,156,0.0,0.0,0.0,,,True
1791594900,2026-10-10T01:15:00Z,ศรีนคร,46,0.0,0.0,0.0,,,True
1791594900,2026-10-10T01:15:00Z,หันคา,139,0.0,0.0,0.0,,,True
1791594900,2026-10-10T01:15:00Z,ศรีสัชนาลัย,534,0.0,0.0,0.0,,,True
1791594900,2026-10-10T01:15:00Z,หนองมะโมง,76,0.001,0.098,0.0132,,45,True
1791594900,2026-10-10T01:15:00Z,ศรีสำโรง,142,0.0,0.0,0.0,,,True
1791594900,2026-10-10T01:15:00Z,สรรพยา,55,0.0,0.0,0.0,,,True
1791594900,2026-10-10T01:15:00Z,คีรีมาศ,171,0.0,0.0,0.0,,,True
1791594900,2026-10-10T01:15:00Z,สรรคบุรี,89,0.0,0.0,0.0,,,True
1791594900,2026-10-10T01:15:00Z,กงไกรลาศ,108,0.0,0.0,0.0,,,True
1791594900,2026-10-10T01:15:00Z,มโนรมย์,66,0.0,0.0,0.0,,,True
1791594900,2026-10-10T01:15:00Z,เมืองสุโขทัย,136,0.0,0.0,0.0,,,True
1791594900,2026-10-10T01:15:00Z,วัดสิงห์,67,0.0,0.0,0.0,,,True
1791594900,2026-10-10T01:15:00Z,บ้านด่านลานหอย,231,0.0,0.0,0.0,,,True
1791594900,2026-10-10T01:15:00Z,เมืองชัยนาท,70,0.0,0.0,0.0,,,True
1791594900,2026-10-10T01:15:00Z,เนินขาม,65,0.0,0.0,0.0,,,True
1791594900,2026-10-10T01:15:00Z,คอนสาร,334,0.0,0.0,0.0,,,True
1791594900,2026-10-10T01:15:00Z,ภักดีชุมพล,154,0.0,0.0,0.0,,,True
1791594900,2026-10-10T01:15:00Z,บ้านแท่น,76,0.0,0.0,0.0,,,True
1791594900,2026-10-10T01:15:00Z,แก้งคร้อ,168,0.0,0.0,0.0,,,True
1791594900,2026-10-10T01:15:00Z,ภูเขียว,201,0.0,0.0,0.0,,,True
1791594900,2026-10-10T01:15:00Z,หนองบัวระเหว,179,0.0,0.0,0.0,,,True
1791594900,2026-10-10T01:15:00Z,เทพสถิต,239,0.0,0.0,0.0,,,True
1791594900,2026-10-10T01:15:00Z,จัตุรัส,172,0.0,0.0,0.0,,,True
1791594900,2026-10-10T01:15:00Z,บำเหน็จณรงค์,120,0.0,0.0,0.0,,,True
1791594900,2026-10-10T01:15:00Z,เกษตรสมบูรณ์,268,0.0,0.0,0.0,,,True
1791594900,2026-10-10T01:15:00Z,หนองบัวแดง,537,0.0,0.0,0.0,,,True
1791594900,2026-10-10T01:15:00Z,ภูเรือ,168,0.0,0.0,0.0,,,True
1791594900,2026-10-10T01:15:00Z,ท่าลี่,171,0.0,0.0,0.0,,,True
1791594900,2026-10-10T01:15:00Z,วชิรบารมี,68,0.0,0.0,0.0,,,True
1791594900,2026-10-10T01:15:00Z,ด่านซ้าย,341,0.0,0.0,0.0,,,True
1791594900,2026-10-10T01:15:00Z,นาแห้ว,153,0.0,0.0,0.0,,,True
1791594900,2026-10-10T01:15:00Z,บึงนาราง,74,0.0,0.0,0.0,,,True
1791594900,2026-10-10T01:15:00Z,เชียงคาน,213,0.0,0.0,0.0,,,True
1791594900,2026-10-10T01:15:00Z,ดงเจริญ,56,0.0,0.0,0.0,,,True
1791594900,2026-10-10T01:15:00Z,ปากชม,240,0.0,0.0,0.0,,,True
1791594900,2026-10-10T01:15:00Z,เมืองเลย,314,0.0,0.0,0.0,,,True
1791594900,2026-10-10T01:15:00Z,นาด้วง,143,0.0,0.0,0.0,,,True
1791594900,2026-10-10T01:15:00Z,สากเหล็ก,45,0.0,0.0,0.0,,,True
1791594900,2026-10-10T01:15:00Z,สามง่าม,89,0.0,0.0,0.0,,,True
1791594900,2026-10-10T01:15:00Z,ทับคล้อ,104,0.0,0.0,0.0,,,True
1791594900,2026-10-10T01:15:00Z,พรหมพิราม,206,0.0,0.0,0.0,,,True
1791594900,2026-10-10T01:15:00Z,ด่านขุนทด,344,0.0,0.0,0.0,,,True
1791594900,2026-10-10T01:15:00Z,วัดโบสถ์,226,0.0,0.0,0.0,,,True
1791594900,2026-10-10T01:15:00Z,บางระกำ,246,0.0,0.0,0.0,,,True
1791594900,2026-10-10T01:15:00Z,บางกระทุ่ม,91,0.0,0.0,0.0,,,True
1791594900,2026-10-10T01:15:00Z,นครไทย,597,0.0,0.0,0.0,,,True
1791594900,2026-10-10T01:15:00Z,ชาติตระการ,415,0.0,0.0,0.0,,,True
1791594900,2026-10-10T01:15:00Z,บ้านเหลื่อม,55,0.0,0.0,0.0,,,True
1791594900,2026-10-10T01:15:00Z,เมืองพิษณุโลก,178,0.0,0.0,0.0,,,True
1791594900,2026-10-10T01:15:00Z,ชุมแสง,145,0.0,0.0,0.0,,,True
1791594900,2026-10-10T01:15:00Z,หนองบัว,208,0.0,0.0,0.0,,,True
1791594900,2026-10-10T01:15:00Z,เมืองนครสวรรค์,183,0.0,0.0,0.0,,,True
1791594900,2026-10-10T01:15:00Z,โกรกพระ,71,0.0,0.0,0.0,,,True
1791594900,2026-10-10T01:15:00Z,ไพศาลี,244,0.0,0.0,0.0,,,True
1791594900,2026-10-10T01:15:00Z,ตาคลี,206,0.0,0.0,0.0,,,True
1791594900,2026-10-10T01:15:00Z,ท่าตะโก,211,0.0,0.0,0.0,,,True
1791594900,2026-10-10T01:15:00Z,เขาค้อ,207,0.0,0.0,0.0,,,True
1791594900,2026-10-10T01:15:00Z,บรรพตพิสัย,181,0.0,0.0,0.0,,,True
1791594900,2026-10-10T01:15:00Z,เก้าเลี้ยว,57,0.0,0.0,0.0,,,True
1791594900,2026-10-10T01:15:00Z,วังโป่ง,123,0.0,0.0,0.0,,,True
1791594900,2026-10-10T01:15:00Z,บึงสามพัน,194,0.0,0.0,0.0,,,True
1791594900,2026-10-10T01:15:00Z,น้ำหนาว,231,0.0,0.0,0.0,,,True
1791594900,2026-10-10T01:15:00Z,ศรีเทพ,204,0.0,0.0,0.0,,,True
1791594900,2026-10-10T01:15:00Z,หนองไผ่,315,0.0,0.0,0.0,,,True
1791594900,2026-10-10T01:15:00Z,มหาราช,4,0.0,0.0,0.0,,,False
1791594900,2026-10-10T01:15:00Z,บ้านแพรก,10,0.0,0.0,0.0,,,True
1791594900,2026-10-10T01:15:00Z,บางมูลนาก,99,0.0,0.0,0.0,,,True
1791594900,2026-10-10T01:15:00Z,โพทะเล,131,0.0,0.0,0.0,,,True
1791594900,2026-10-10T01:15:00Z,โพธิ์ประทับช้าง,102,0.0,0.0,0.0,,,True
1791594900,2026-10-10T01:15:00Z,ตะพานหิน,109,0.0,0.0,0.0,,,True
1791594900,2026-10-10T01:15:00Z,เมืองพิจิตร,138,0.0,0.0,0.0,,,True
1791594900,2026-10-10T01:15:00Z,วังทรายพูน,66,0.0,0.0,0.0,,,True
1791595800,2026-10-10T01:30:00Z,พิชัย,176,0.0,0.0,0.0,,,True
1791595800,2026-10-10T01:30:00Z,ลับแล,116,0.0,0.0,0.0,,,True
1791595800,2026-10-10T01:30:00Z,ฟากท่า,163,0.0,0.0,0.0,,,True
1791595800,2026-10-10T01:30:00Z,บ้านโคก,247,0.0,0.0,0.0,,,True
1791595800,2026-10-10T01:30:00Z,ท่าปลา,442,0.0,0.0,0.0,,,True
1791595800,2026-10-10T01:30:00Z,น้ำปาด,363,0.0,0.0,0.0,,,True
1791595800,2026-10-10T01:30:00Z,เมืองอุตรดิตถ์,202,0.0,0.0,0.0,,,True
1791595800,2026-10-10T01:30:00Z,ตรอน,80,0.0,0.0,0.0,,,True
1791595800,2026-10-10T01:30:00Z,หล่มเก่า,246,0.0,0.0,0.0,,,True
1791595800,2026-10-10T01:30:00Z,วิเชียรบุรี,377,0.0,0.0,0.0,,,True
1791595800,2026-10-10T01:30:00Z,ชนแดน,279,0.0,0.0,0.0,,,True
1791595800,2026-10-10T01:30:00Z,หล่มสัก,350,0.0,0.0,0.0,,,True
1791595800,2026-10-10T01:30:00Z,เมืองเพชรบูรณ์,571,0.0,0.0,0.0,,,True
1791595800,2026-10-10T01:30:00Z,ทองแสนขัน,185,0.0,0.0,0.0,,,True
1791595800,2026-10-10T01:30:00Z,บึงสามัคคี,71,0.0,0.0,0.0,,,True
1791595800,2026-10-10T01:30:00Z,โกสัมพีนคร,137,0.0,0.0,0.0,,,True
1791595800,2026-10-10T01:30:00Z,สอง,380,0.0,0.0,0.0,,,True
1791595800,2026-10-10T01:30:00Z,วังชิ้น,255,0.0,0.0,0.0,,,True
1791595800,2026-10-10T01:30:00Z,สูงเม่น,88,0.0,0.0,0.0,,,True
1791595800,2026-10-10T01:30:00Z,เด่นชัย,135,0.0,0.0,0.0,,,True
1791595800,2026-10-10T01:30:00Z,ร้องกวาง,221,0.0,0.0,0.0,,,True
1791595800,2026-10-10T01:30:00Z,ลอง,317,0.0,0.0,0.0,,,True
1791595800,2026-10-10T01:30:00Z,เมืองแพร่,205,0.0,0.0,0.0,,,True
1791595800,2026-10-10T01:30:00Z,ทัพทัน,94,0.0,0.0,0.0,,,True
1791595800,2026-10-10T01:30:00Z,สว่างอารมณ์,110,0.0,0.0,0.0,,,True
1791595800,2026-10-10T01:30:00Z,เมืองอุทัยธานี,59,0.0,0.0,0.0,,,True
1791595800,2026-10-10T01:30:00Z,ห้วยคต,94,0.0,0.0,0.0,,,True
1791595800,2026-10-10T01:30:00Z,ศรีสวัสดิ์,440,0.0,0.0,0.0,,,True
1791595800,2026-10-10T01:30:00Z,บ้านไร่,821,0.0,0.0,0.0,,,True
1791595800,2026-10-10T01:30:00Z,ลานสัก,360,0.0,0.0,0.0,,,True
1791595800,2026-10-10T01:30:00Z,หนองฉาง,89,0.0,0.0,0.0,,,True
1791595800,2026-10-10T01:30:00Z,หนองขาหย่าง,43,0.0,0.0,0.0,,,True
1791595800,2026-10-10T01:30:00Z,เชียงม่วน,82,0.0,0.0,0.0,,,True
1791595800,2026-10-10T01:30:00Z,ดอกคำใต้,37,0.0,0.0,0.0,,,True
1791595800,2026-10-10T01:30:00Z,เมืองพะเยา,6,0.0,0.0,0.0,,,True
1791595800,2026-10-10T01:30:00Z,ทองผาภูมิ,851,0.0,0.0,0.0,,,True
1791595800,2026-10-10T01:30:00Z,สังขละบุรี,793,0.0,0.0,0.0,,,True
1791595800,2026-10-10T01:30:00Z,หนองม่วงไข่,35,0.0,0.0,0.0,,,True
1791595800,2026-10-10T01:30:00Z,ภูเวียง,81,0.0,0.0,0.0,,,True
1791595800,2026-10-10T01:30:00Z,มัญจาคีรี,50,0.0,0.0,0.0,,,True
1791595800,2026-10-10T01:30:00Z,หนองปรือ,104,0.0,0.0,0.0,,,True
1791595800,2026-10-10T01:30:00Z,เลาขวัญ,123,0.0,0.0,0.0,,,True
1791595800,2026-10-10T01:30:00Z,หนองนาคำ,43,0.0,0.0,0.0,,,True
1791595800,2026-10-10T01:30:00Z,โคกโพธิ์ไชย,65,0.0,0.0,0.0,,,True
1791595800,2026-10-10T01:30:00Z,บ้านหลวง,91,0.0,0.0,0.0,,,True
1791595800,2026-10-10T01:30:00Z,นาน้อย,266,0.0,0.0,0.0,,,True
1791595800,2026-10-10T01:30:00Z,ภูผาม่าน,74,0.0,0.0,0.0,,,True
1791595800,2026-10-10T01:30:00Z,เมืองน่าน,161,0.0,0.0,0.0,,,True
1791595800,2026-10-10T01:30:00Z,แม่จริม,262,0.0,0.0,0.0,,,True
1791595800,2026-10-10T01:30:00Z,เวียงเก่า,78,0.0,0.0,0.0,,,True
1791595800,2026-10-10T01:30:00Z,เมืองกำแพงเพชร,368,0.0,0.0,0.0,,,True
1791595800,2026-10-10T01:30:00Z,ไทรงาม,133,0.0,0.0,0.0,,,True
1791595800,2026-10-10T01:30:00Z,ปางศิลาทอง,186,0.0,0.0,0.0,,,True
1791595800,2026-10-10T01:30:00Z,ลานกระบือ,103,0.0,0.0,0.0,,,True
1791595800,2026-10-10T01:30:00Z,ทรายทองวัฒนา,53,0.0,0.0,0.0,,,True
1791595800,2026-10-10T01:30:00Z,คลองขลุง,179,0.0,0.0,0.0,,,True
1791595800,2026-10-10T01:30:00Z,พรานกระต่าย,252,0.0,0.0,0.0,,,True
1791595800,2026-10-10T01:30:00Z,คลองลาน,363,0.0,0.0,0.0,,,True
1791595800,2026-10-10T01:30:00Z,ขาณุวรลักษบุรี,296,0.0,0.0,0.0,,,True
1791595800,2026-10-10T01:30:00Z,ภูเพียง,113,0.0,0.0,0.0,,,True
1791595800,2026-10-10T01:30:00Z,นาหมื่น,245,0.0,0.0,0.0,,,True
1791595800,2026-10-10T01:30:00Z,เวียงสา,543,0.0,0.0,0.0,,,True
1791595800,2026-10-10T01:30:00Z,น้ำโสม,153,0.0,0.0,0.0,,,True
1791595800,2026-10-10T01:30:00Z,นายูง,126,0.0,0.0,0.0,,,True
1791595800,2026-10-10T01:30:00Z,ชุมแพ,173,0.0,0.0,0.0,,,True
1791595800,2026-10-10T01:30:00Z,สีชมพู,132,0.0,0.0,0.0,,,True
1791595800,2026-10-10T01:30:00Z,สุวรรณคูหา,140,0.0,0.0,0.0,,,True
1791595800,2026-10-10T01:30:00Z,นาวัง,65,0.0,0.0,0.0,,,True
1791595800,2026-10-10T01:30:00Z,หนองเรือ,80,0.0,0.0,0.0,,,True
1791595800,2026-10-10T01:30:00Z,โนนสัง,51,0.0,0.0,0.0,,,True
1791595800,2026-10-10T01:30:00Z,ศรีบุญเรือง,224,0.0,0.0,0.0,,,True
1791595800,2026-10-10T01:30:00Z,เมืองหนองบัวลำภู,217,0.0,0.0,0.0,,,True
1791595800,2026-10-10T01:30:00Z,นากลาง,173,0.0,0.0,0.0,,,True
1791595800,2026-10-10T01:30:00Z,ทุ่งเสลี่ยม,144,0.0,0.0,0.0,,,True
1791595800,2026-10-10T01:30:00Z,ดอยหล่อ,56,0.0,0.0,0.0,,,True
1791595800,2026-10-10T01:30:00Z,เมืองตาก,486,0.0,0.0,0.0,,,True
1791595800,2026-10-10T01:30:00Z,แม่ออน,116,0.0,0.0,0.0,,,True
1791595800,2026-10-10T01:30:00Z,อุ้มผาง,1209,0.0,0.0,0.0,,,True
1791595800,2026-10-10T01:30:00Z,วังเจ้า,183,0.0,0.0,0.0,,,True
1791595800,2026-10-10T01:30:00Z,แม่สอด,398,0.0,0.0,0.0,,,True
1791595800,2026-10-10T01:30:00Z,พบพระ,249,0.0,0.0,0.0,,,True
1791595800,2026-10-10T01:30:00Z,แม่ระมาด,380,0.0,0.0,0.0,,,True
1791595800,2026-10-10T01:30:00Z,ท่าสองยาง,401,0.0,0.0,0.0,,,True
1791595800,2026-10-10T01:30:00Z,บ้านตาก,255,0.0,0.0,0.0,,,True
1791595800,2026-10-10T01:30:00Z,สามเงา,698,0.0,0.0,0.0,,,True
1791595800,2026-10-10T01:30:00Z,จอมทอง,280,0.0,0.0,0.0,,,True
1791595800,2026-10-10T01:30:00Z,แก้งสนามนาง,79,0.0,0.0,0.0,,,True
1791595800,2026-10-10T01:30:00Z,สีคิ้ว,292,0.0,0.0,0.0,,,True
1791595800,2026-10-10T01:30:00Z,พระทองคำ,90,0.0,0.0,0.0,,,True
1791595800,2026-10-10T01:30:00Z,เทพารักษ์,92,0.0,0.0,0.0,,,True
1791595800,2026-10-10T01:30:00Z,สันกำแพง,65,0.0,0.0,0.0,,,True
1791595800,2026-10-10T01:30:00Z,สันป่าตอง,44,0.0,0.0,0.0,,,True
1791595800,2026-10-10T01:30:00Z,ดอยเต่า,213,0.0,0.0,0.0,,,True
1791595800,2026-10-10T01:30:00Z,อมก๋อย,704,0.0,0.0,0.0,,,True
1791595800,2026-10-10T01:30:00Z,ฮอด,378,0.0,0.0,0.0,,,True
1791595800,2026-10-10T01:30:00Z,เมืองลำพูน,117,0.0,0.0,0.0,,,True
1791595800,2026-10-10T01:30:00Z,แม่ทา,192,0.0,0.0,0.0,,,True
1791595800,2026-10-10T01:30:00Z,บ้านธิ,34,0.0,0.0,0.0,,,True
1791595800,2026-10-10T01:30:00Z,บ้านหมอ,24,0.0,0.0,0.0,,,True
1791595800,2026-10-10T01:30:00Z,เวียงหนองล่อง,14,0.0,0.0,0.0,,,True
1791595800,2026-10-10T01:30:00Z,ทุ่งหัวช้าง,113,0.0,0.0,0.0,,,True
1791595800,2026-10-10T01:30:00Z,ป่าซาง,74,0.0,0.0,0.0,,,True
1791595800,2026-10-10T01:30:00Z,บ้านโฮ่ง,124,0.0,0.0,0.0,,,True
1791595800,2026-10-10T01:30:00Z,แก่งคอย,73,0.0,0.0,0.0,,,True
1791595800,2026-10-10T01:30:00Z,ลี้,454,0.0,0.0,0.0,,,True
1791595800,2026-10-10T01:30:00Z,พระพุทธบาท,55,0.0,0.0,0.0,,,True
1791595800,2026-10-10T01:30:00Z,ดอนพุด,7,0.0,0.0,0.0,,,True
1791595800,2026-10-10T01:30:00Z,หนองโดน,31,0.0,0.0,0.0,,,True
1791595800,2026-10-10T01:30:00Z,เมืองลำปาง,300,0.0,0.0,0.0,,,True
1791595800,2026-10-10T01:30:00Z,เถิน,443,0.0,0.0,0.0,,,True
1791595800,2026-10-10T01:30:00Z,แม่พริก,167,0.0,0.0,0.0,,,True
1791595800,2026-10-10T01:30:00Z,แจ้ห่ม,274,0.0,0.0,0.0,,,True
1791595800,2026-10-10T01:30:00Z,แม่เปิน,85,0.0,0.0,0.0,,,True
1791595800,2026-10-10T01:30:00Z,เสริมงาม,185,0.0,0.0,0.0,,,True
1791595800,2026-10-10T01:30:00Z,ชุมตาบง,61,0.0,0.0,0.0,,,True
1791595800,2026-10-10T01:30:00Z,งาว,344,0.0,0.0,0.0,,,True
1791595800,2026-10-10T01:30:00Z,ตากฟ้า,125,0.0,0.0,0.0,,,True
1791595800,2026-10-10T01:30:00Z,แม่เมาะ,283,0.0,0.0,0.0,,,True
1791595800,2026-10-10T01:30:00Z,แม่วงก์,257,0.0,0.0,0.0,,,True
1791595800,2026-10-10T01:30:00Z,เกาะคา,128,0.0,0.0,0.0,,,True
1791595800,2026-10-10T01:30:00Z,พยุหะคีรี,169,0.0,0.0,0.0,,,True
1791595800,2026-10-10T01:30:00Z,ลาดยาว,187,0.0,0.0,0.0,,,True
1791595800,2026-10-10T01:30:00Z,สบปราบ,125,0.0,0.0,0.0,,,True
1791595800,2026-10-10T01:30:00Z,ห้างฉัตร,154,0.0,0.0,0.0,,,True
1791595800,2026-10-10T01:30:00Z,แม่ทะ,203,0.0,0.0,0.0,,,True
1791595800,2026-10-10T01:30:00Z,เมืองปาน,202,0.0,0.0,0.0,,,True
1791595800,2026-10-10T01:30:00Z,เมืองอ่างทอง,6,0.0,0.0,0.0,,,True
1791595800,2026-10-10T01:30:00Z,ไชโย,20,0.0,0.0,0.0,,,True
1791595800,2026-10-10T01:30:00Z,สามโก้,10,0.0,0.0,0.0,,,True
1791595800,2026-10-10T01:30:00Z,แสวงหา,43,0.0,0.0,0.0,,,True
1791595800,2026-10-10T01:30:00Z,วิเศษชัยชาญ,7,0.0,0.0,0.0,,,True
1791595800,2026-10-10T01:30:00Z,โพธิ์ทอง,48,0.0,0.0,0.0,,,True
1791595800,2026-10-10T01:30:00Z,เมืองลพบุรี,190,0.0,0.0,0.0,,,True
1791595800,2026-10-10T01:30:00Z,เดิมบางนางบวช,130,0.0,0.0,0.0,,,True
1791595800,2026-10-10T01:30:00Z,ด่านช้าง,309,0.0,0.0,0.0,,,True
1791595800,2026-10-10T01:30:00Z,หนองม่วง,111,0.0,0.0,0.0,,,True
1791595800,2026-10-10T01:30:00Z,ลำสนธิ,136,0.0,0.0,0.0,,,True
1791595800,2026-10-10T01:30:00Z,สามชุก,77,0.0,0.0,0.0,,,True
1791595800,2026-10-10T01:30:00Z,ดอนเจดีย์,72,0.0,0.0,0.0,,,True
1791595800,2026-10-10T01:30:00Z,สระโบสถ์,83,0.0,0.0,0.0,,,True
1791595800,2026-10-10T01:30:00Z,ศรีประจันต์,41,0.0,0.0,0.0,,,True
1791595800,2026-10-10T01:30:00Z,โคกเจริญ,135,0.0,0.0,0.0,,,True
1791595800,2026-10-10T01:30:00Z,บ้านหมี่,136,0.0,0.0,0.0,,,True
1791595800,2026-10-10T01:30:00Z,ท่าหลวง,100,0.0,0.0,0.0,,,True
1791595800,2026-10-10T01:30:00Z,ชัยบาดาล,280,0.0,0.0,0.0,,,True
1791595800,2026-10-10T01:30:00Z,ท่าวุ้ง,64,0.0,0.0,0.0,,,True
1791595800,2026-10-10T01:30:00Z,พัฒนานิคม,217,0.0,0.0,0.0,,,True
1791595800,2026-10-10T01:30:00Z,โคกสำโรง,180,0.0,0.0,0.0,,,True
1791595800,2026-10-10T01:30:00Z,หนองหญ้าไซ,108,0.0,0.0,0.0,,,True
1791595800,2026-10-10T01:30:00Z,ท่าช้าง,11,0.0,0.0,0.0,,,True
1791595800,2026-10-10T01:30:00Z,อินทร์บุรี,66,0.0,0.0,0.0,,,True
1791595800,2026-10-10T01:30:00Z,ค่ายบางระจัน,26,0.0,0.0,0.0,,,True
1791595800,2026-10-10T01:30:00Z,พรหมบุรี,19,0.0,0.0,0.0,,,True
1791595800,2026-10-10T01:30:00Z,เนินสง่า,65,0.0,0.0,0.0,,,True
1791595800,2026-10-10T01:30:00Z,เมืองสิงห์บุรี,31,0.0,0.0,0.0,,,True
1791595800,2026-10-10T01:30:00Z,ซับใหญ่,72,0.0,0.0,0.0,,,True
1791595800,2026-10-10T01:30:00Z,บางระจัน,46,0.0,0.0,0.0,,,True
1791595800,2026-10-10T01:30:00Z,ภูกระดึง,190,0.0,0.0,0.0,,,True
1791595800,2026-10-10T01:30:00Z,ภูหลวง,145,0.0,0.0,0.0,,,True
1791595800,2026-10-10T01:30:00Z,หนองหิน,78,0.0,0.0,0.0,,,True
1791595800,2026-10-10T01:30:00Z,ผาขาว,100,0.0,0.0,0.0,,,True
1791595800,2026-10-10T01:30:00Z,เอราวัณ,87,0.0,0.0,0.0,,,True
1791595800,2026-10-10T01:30:00Z,วังสะพุง,281,0.0,0.0,0.0,,,True
1791595800,2026-10-10T01:30:00Z,วังม่วง,70,0.0,0.0,0.0,,,True
1791595800,2026-10-10T01:30:00Z,เฉลิมพระเกียรติ,35,0.0,0.0,0.0,,,True
1791595800,2026-10-10T01:30:00Z,มวกเหล็ก,175,0.0,0.0,0.0,,,True
1791595800,2026-10-10T01:30:00Z,บ้านเขว้า,124,0.0,0.0,0.0,,,True
1791595800,2026-10-10T01:30:00Z,คอนสวรรค์,113,0.0,0.0,0.0,,,True
1791595800,2026-10-10T01:30:00Z,เมืองชัยภูมิ,358,0.0,0.0,0.0,,,True
1791595800,2026-10-10T01:30:00Z,วังทอง,425,0.0,0.0,0.0,,,True
1791595800,2026-10-10T01:30:00Z,เนินมะปราง,276,0.0,0.0,0.0,,,True
1791595800,2026-10-10T01:30:00Z,สวรรคโลก,156,0.0,0.0,0.0,,,True
1791595800,2026-10-10T01:30:00Z,ศรีนคร,46,0.0,0.0,0.0,,,True
1791595800,2026-10-10T01:30:00Z,หันคา,139,0.0,0.0,0.0,,,True
1791595800,2026-10-10T01:30:00Z,ศรีสัชนาลัย,534,0.0,0.0,0.0,,,True
1791595800,2026-10-10T01:30:00Z,หนองมะโมง,76,0.0,0.0,0.0,,,True
1791595800,2026-10-10T01:30:00Z,ศรีสำโรง,142,0.0,0.0,0.0,,,True
1791595800,2026-10-10T01:30:00Z,สรรพยา,55,0.0,0.0,0.0,,,True
1791595800,2026-10-10T01:30:00Z,คีรีมาศ,171,0.0,0.0,0.0,,,True
1791595800,2026-10-10T01:30:00Z,สรรคบุรี,89,0.0,0.0,0.0,,,True
1791595800,2026-10-10T01:30:00Z,กงไกรลาศ,108,0.0,0.0,0.0,,,True
1791595800,2026-10-10T01:30:00Z,มโนรมย์,66,0.0,0.0,0.0,,,True
1791595800,2026-10-10T01:30:00Z,เมืองสุโขทัย,136,0.0,0.0,0.0,,,True
1791595800,2026-10-10T01:30:00Z,วัดสิงห์,67,0.0,0.0,0.0,,,True
1791595800,2026-10-10T01:30:00Z,บ้านด่านลานหอย,231,0.0,0.0,0.0,,,True
1791595800,2026-10-10T01:30:00Z,เมืองชัยนาท,70,0.0,0.0,0.0,,,True
1791595800,2026-10-10T01:30:00Z,เนินขาม,65,0.0,0.0,0.0,,,True
1791595800,2026-10-10T01:30:00Z,คอนสาร,334,0.0,0.0,0.0,,,True
1791595800,2026-10-10T01:30:00Z,ภักดีชุมพล,154,0.0,0.0,0.0,,,True
1791595800,2026-10-10T01:30:00Z,บ้านแท่น,76,0.0,0.0,0.0,,,True
1791595800,2026-10-10T01:30:00Z,แก้งคร้อ,168,0.0,0.0,0.0,,,True
1791595800,2026-10-10T01:30:00Z,ภูเขียว,201,0.0,0.0,0.0,,,True
1791595800,2026-10-10T01:30:00Z,หนองบัวระเหว,179,0.0,0.0,0.0,,,True
1791595800,2026-10-10T01:30:00Z,เทพสถิต,239,0.0,0.0,0.0,,,True
1791595800,2026-10-10T01:30:00Z,จัตุรัส,172,0.0,0.0,0.0,,,True
1791595800,2026-10-10T01:30:00Z,บำเหน็จณรงค์,120,0.0,0.0,0.0,,,True
1791595800,2026-10-10T01:30:00Z,เกษตรสมบูรณ์,268,0.0,0.0,0.0,,,True
1791595800,2026-10-10T01:30:00Z,หนองบัวแดง,537,0.0,0.0,0.0,,,True
1791595800,2026-10-10T01:30:00Z,ภูเรือ,168,0.0,0.0,0.0,,,True
1791595800,2026-10-10T01:30:00Z,ท่าลี่,171,0.0,0.0,0.0,,,True
1791595800,2026-10-10T01:30:00Z,วชิรบารมี,68,0.0,0.0,0.0,,,True
1791595800,2026-10-10T01:30:00Z,ด่านซ้าย,341,0.0,0.0,0.0,,,True
1791595800,2026-10-10T01:30:00Z,นาแห้ว,153,0.0,0.0,0.0,,,True
1791595800,2026-10-10T01:30:00Z,บึงนาราง,74,0.0,0.0,0.0,,,True
1791595800,2026-10-10T01:30:00Z,เชียงคาน,213,0.0,0.0,0.0,,,True
1791595800,2026-10-10T01:30:00Z,ดงเจริญ,56,0.0,0.0,0.0,,,True
1791595800,2026-10-10T01:30:00Z,ปากชม,240,0.0,0.0,0.0,,,True
1791595800,2026-10-10T01:30:00Z,เมืองเลย,314,0.0,0.0,0.0,,,True
1791595800,2026-10-10T01:30:00Z,นาด้วง,143,0.0,0.0,0.0,,,True
1791595800,2026-10-10T01:30:00Z,สากเหล็ก,45,0.0,0.0,0.0,,,True
1791595800,2026-10-10T01:30:00Z,สามง่าม,89,0.0,0.0,0.0,,,True
1791595800,2026-10-10T01:30:00Z,ทับคล้อ,104,0.0,0.0,0.0,,,True
1791595800,2026-10-10T01:30:00Z,พรหมพิราม,206,0.0,0.0,0.0,,,True
1791595800,2026-10-10T01:30:00Z,ด่านขุนทด,344,0.0,0.0,0.0,,,True
1791595800,2026-10-10T01:30:00Z,วัดโบสถ์,226,0.0,0.0,0.0,,,True
1791595800,2026-10-10T01:30:00Z,บางระกำ,246,0.0,0.0,0.0,,,True
1791595800,2026-10-10T01:30:00Z,บางกระทุ่ม,91,0.0,0.0,0.0,,,True
1791595800,2026-10-10T01:30:00Z,นครไทย,597,0.0,0.0,0.0,,,True
1791595800,2026-10-10T01:30:00Z,ชาติตระการ,415,0.0,0.0,0.0,,,True
1791595800,2026-10-10T01:30:00Z,บ้านเหลื่อม,55,0.0,0.0,0.0,,,True
1791595800,2026-10-10T01:30:00Z,เมืองพิษณุโลก,178,0.0,0.0,0.0,,,True
1791595800,2026-10-10T01:30:00Z,ชุมแสง,145,0.0,0.0,0.0,,,True
1791595800,2026-10-10T01:30:00Z,หนองบัว,208,0.0,0.0,0.0,,,True
1791595800,2026-10-10T01:30:00Z,เมืองนครสวรรค์,183,0.0,0.0,0.0,,,True
1791595800,2026-10-10T01:30:00Z,โกรกพระ,71,0.0,0.0,0.0,,,True
1791595800,2026-10-10T01:30:00Z,ไพศาลี,244,0.0,0.0,0.0,,,True
1791595800,2026-10-10T01:30:00Z,ตาคลี,206,0.0,0.0,0.0,,,True
1791595800,2026-10-10T01:30:00Z,ท่าตะโก,211,0.0,0.0,0.0,,,True
1791595800,2026-10-10T01:30:00Z,เขาค้อ,207,0.0,0.0,0.0,,,True
1791595800,2026-10-10T01:30:00Z,บรรพตพิสัย,181,0.0,0.0,0.0,,,True
1791595800,2026-10-10T01:30:00Z,เก้าเลี้ยว,57,0.0,0.0,0.0,,,True
1791595800,2026-10-10T01:30:00Z,วังโป่ง,123,0.0,0.0,0.0,,,True
1791595800,2026-10-10T01:30:00Z,บึงสามพัน,194,0.0,0.0,0.0,,,True
1791595800,2026-10-10T01:30:00Z,น้ำหนาว,231,0.0,0.0,0.0,,,True
1791595800,2026-10-10T01:30:00Z,ศรีเทพ,204,0.0,0.0,0.0,,,True
1791595800,2026-10-10T01:30:00Z,หนองไผ่,315,0.0,0.0,0.0,,,True
1791595800,2026-10-10T01:30:00Z,มหาราช,4,0.0,0.0,0.0,,,False
1791595800,2026-10-10T01:30:00Z,บ้านแพรก,10,0.0,0.0,0.0,,,True
1791595800,2026-10-10T01:30:00Z,บางมูลนาก,99,0.0,0.0,0.0,,,True
1791595800,2026-10-10T01:30:00Z,โพทะเล,131,0.0,0.0,0.0,,,True
1791595800,2026-10-10T01:30:00Z,โพธิ์ประทับช้าง,102,0.0,0.0,0.0,,,True
1791595800,2026-10-10T01:30:00Z,ตะพานหิน,109,0.0,0.0,0.0,,,True
1791595800,2026-10-10T01:30:00Z,เมืองพิจิตร,138,0.0,0.0,0.0,,,True
1791595800,2026-10-10T01:30:00Z,วังทรายพูน,66,0.0,0.0,0.0,,,True
1791596700,2026-10-10T01:45:00Z,พิชัย,176,0.0,0.0,0.0,,,True
1791596700,2026-10-10T01:45:00Z,ลับแล,116,0.0,0.0,0.0,,,True
1791596700,2026-10-10T01:45:00Z,ฟากท่า,163,0.0,0.0,0.0,,,True
1791596700,2026-10-10T01:45:00Z,บ้านโคก,247,0.0,0.0,0.0,,,True
1791596700,2026-10-10T01:45:00Z,ท่าปลา,442,0.0,0.0,0.0,,,True
1791596700,2026-10-10T01:45:00Z,น้ำปาด,363,0.0,0.0,0.0,,,True
1791596700,2026-10-10T01:45:00Z,เมืองอุตรดิตถ์,202,0.0,0.0,0.0,,,True
1791596700,2026-10-10T01:45:00Z,ตรอน,80,0.0,0.0,0.0,,,True
1791596700,2026-10-10T01:45:00Z,หล่มเก่า,246,0.0,0.0,0.0,,,True
1791596700,2026-10-10T01:45:00Z,วิเชียรบุรี,377,0.0,0.0,0.0,,,True
1791596700,2026-10-10T01:45:00Z,ชนแดน,279,0.0,0.0,0.0,,,True
1791596700,2026-10-10T01:45:00Z,หล่มสัก,350,0.0,0.0,0.0,,,True
1791596700,2026-10-10T01:45:00Z,เมืองเพชรบูรณ์,571,0.0,0.0,0.0,,,True
1791596700,2026-10-10T01:45:00Z,ทองแสนขัน,185,0.0,0.0,0.0,,,True
1791596700,2026-10-10T01:45:00Z,บึงสามัคคี,71,0.0,0.0,0.0,,,True
1791596700,2026-10-10T01:45:00Z,โกสัมพีนคร,137,0.0,0.0,0.0,,,True
1791596700,2026-10-10T01:45:00Z,สอง,380,0.0,0.0,0.0,,,True
1791596700,2026-10-10T01:45:00Z,วังชิ้น,255,0.0,0.0,0.0,,,True
1791596700,2026-10-10T01:45:00Z,สูงเม่น,88,0.0,0.0,0.0,,,True
1791596700,2026-10-10T01:45:00Z,เด่นชัย,135,0.0,0.0,0.0,,,True
1791596700,2026-10-10T01:45:00Z,ร้องกวาง,221,0.0,0.0,0.0,,,True
1791596700,2026-10-10T01:45:00Z,ลอง,317,0.0,0.0,0.0,,,True
1791596700,2026-10-10T01:45:00Z,เมืองแพร่,205,0.0,0.0,0.0,,,True
1791596700,2026-10-10T01:45:00Z,ทัพทัน,94,0.0,0.0,0.0,,,True
1791596700,2026-10-10T01:45:00Z,สว่างอารมณ์,110,0.0,0.0,0.0,,,True
1791596700,2026-10-10T01:45:00Z,เมืองอุทัยธานี,59,0.0,0.0,0.0,,,True
1791596700,2026-10-10T01:45:00Z,ห้วยคต,94,0.0,0.0,0.0,,,True
1791596700,2026-10-10T01:45:00Z,ศรีสวัสดิ์,440,0.0,0.0,0.0,,,True
1791596700,2026-10-10T01:45:00Z,บ้านไร่,821,0.0,0.0,0.0,,,True
1791596700,2026-10-10T01:45:00Z,ลานสัก,360,0.0,0.0,0.0,,,True
1791596700,2026-10-10T01:45:00Z,หนองฉาง,89,0.0,0.0,0.0,,,True
1791596700,2026-10-10T01:45:00Z,หนองขาหย่าง,43,0.0,0.0,0.0,,,True
1791596700,2026-10-10T01:45:00Z,เชียงม่วน,82,0.0,0.0,0.0,,,True
1791596700,2026-10-10T01:45:00Z,ดอกคำใต้,37,0.0,0.0,0.0,,,True
1791596700,2026-10-10T01:45:00Z,เมืองพะเยา,6,0.0,0.0,0.0,,,True
1791596700,2026-10-10T01:45:00Z,ทองผาภูมิ,851,0.0,0.0,0.0,,,True
1791596700,2026-10-10T01:45:00Z,สังขละบุรี,793,0.0,0.0,0.0,,,True
1791596700,2026-10-10T01:45:00Z,หนองม่วงไข่,35,0.0,0.0,0.0,,,True
1791596700,2026-10-10T01:45:00Z,ภูเวียง,81,0.0,0.0,0.0,,,True
1791596700,2026-10-10T01:45:00Z,มัญจาคีรี,50,0.0,0.0,0.0,,,True
1791596700,2026-10-10T01:45:00Z,หนองปรือ,104,0.0,0.0,0.0,,,True
1791596700,2026-10-10T01:45:00Z,เลาขวัญ,123,0.0,0.0,0.0,,,True
1791596700,2026-10-10T01:45:00Z,หนองนาคำ,43,0.0,0.0,0.0,,,True
1791596700,2026-10-10T01:45:00Z,โคกโพธิ์ไชย,65,0.0,0.0,0.0,,,True
1791596700,2026-10-10T01:45:00Z,บ้านหลวง,91,0.0,0.0,0.0,,,True
1791596700,2026-10-10T01:45:00Z,นาน้อย,266,0.0,0.0,0.0,,,True
1791596700,2026-10-10T01:45:00Z,ภูผาม่าน,74,0.0,0.0,0.0,,,True
1791596700,2026-10-10T01:45:00Z,เมืองน่าน,161,0.0,0.0,0.0,,,True
1791596700,2026-10-10T01:45:00Z,แม่จริม,262,0.0,0.0,0.0,,,True
1791596700,2026-10-10T01:45:00Z,เวียงเก่า,78,0.0,0.0,0.0,,,True
1791596700,2026-10-10T01:45:00Z,เมืองกำแพงเพชร,368,0.0,0.0,0.0,,,True
1791596700,2026-10-10T01:45:00Z,ไทรงาม,133,0.0,0.0,0.0,,,True
1791596700,2026-10-10T01:45:00Z,ปางศิลาทอง,186,0.0,0.0,0.0,,,True
1791596700,2026-10-10T01:45:00Z,ลานกระบือ,103,0.0,0.0,0.0,,,True
1791596700,2026-10-10T01:45:00Z,ทรายทองวัฒนา,53,0.0,0.0,0.0,,,True
1791596700,2026-10-10T01:45:00Z,คลองขลุง,179,0.0,0.0,0.0,,,True
1791596700,2026-10-10T01:45:00Z,พรานกระต่าย,252,0.0,0.0,0.0,,,True
1791596700,2026-10-10T01:45:00Z,คลองลาน,363,0.0,0.0,0.0,,,True
1791596700,2026-10-10T01:45:00Z,ขาณุวรลักษบุรี,296,0.0,0.0,0.0,,,True
1791596700,2026-10-10T01:45:00Z,ภูเพียง,113,0.0,0.0,0.0,,,True
1791596700,2026-10-10T01:45:00Z,นาหมื่น,245,0.0,0.0,0.0,,,True
1791596700,2026-10-10T01:45:00Z,เวียงสา,543,0.0,0.0,0.0,,,True
1791596700,2026-10-10T01:45:00Z,น้ำโสม,153,0.0,0.0,0.0,,,True
1791596700,2026-10-10T01:45:00Z,นายูง,126,0.0,0.0,0.0,,,True
1791596700,2026-10-10T01:45:00Z,ชุมแพ,173,0.0,0.0,0.0,,,True
1791596700,2026-10-10T01:45:00Z,สีชมพู,132,0.0,0.0,0.0,,,True
1791596700,2026-10-10T01:45:00Z,สุวรรณคูหา,140,0.0,0.0,0.0,,,True
1791596700,2026-10-10T01:45:00Z,นาวัง,65,0.0,0.0,0.0,,,True
1791596700,2026-10-10T01:45:00Z,หนองเรือ,80,0.0,0.0,0.0,,,True
1791596700,2026-10-10T01:45:00Z,โนนสัง,51,0.0,0.0,0.0,,,True
1791596700,2026-10-10T01:45:00Z,ศรีบุญเรือง,224,0.0,0.0,0.0,,,True
1791596700,2026-10-10T01:45:00Z,เมืองหนองบัวลำภู,217,0.0,0.0,0.0,,,True
1791596700,2026-10-10T01:45:00Z,นากลาง,173,0.0,0.0,0.0,,,True
1791596700,2026-10-10T01:45:00Z,ทุ่งเสลี่ยม,144,0.0,0.0,0.0,,,True
1791596700,2026-10-10T01:45:00Z,ดอยหล่อ,56,0.0,0.0,0.0,,,True
1791596700,2026-10-10T01:45:00Z,เมืองตาก,486,0.0,0.0,0.0,,,True
1791596700,2026-10-10T01:45:00Z,แม่ออน,116,0.0,0.0,0.0,,,True
1791596700,2026-10-10T01:45:00Z,อุ้มผาง,1209,0.0,0.0,0.0,,,True
1791596700,2026-10-10T01:45:00Z,วังเจ้า,183,0.0,0.0,0.0,,,True
1791596700,2026-10-10T01:45:00Z,แม่สอด,398,0.0,0.0,0.0,,,True
1791596700,2026-10-10T01:45:00Z,พบพระ,249,0.0,0.0,0.0,,,True
1791596700,2026-10-10T01:45:00Z,แม่ระมาด,380,0.0,0.0,0.0,,,True
1791596700,2026-10-10T01:45:00Z,ท่าสองยาง,401,0.0,0.0,0.0,,,True
1791596700,2026-10-10T01:45:00Z,บ้านตาก,255,0.0,0.0,0.0,,,True
1791596700,2026-10-10T01:45:00Z,สามเงา,698,0.0,0.0,0.0,,,True
1791596700,2026-10-10T01:45:00Z,จอมทอง,280,0.0,0.0,0.0,,,True
1791596700,2026-10-10T01:45:00Z,แก้งสนามนาง,79,0.0,0.0,0.0,,,True
1791596700,2026-10-10T01:45:00Z,สีคิ้ว,292,0.0,0.0,0.0,,,True
1791596700,2026-10-10T01:45:00Z,พระทองคำ,90,0.0,0.0,0.0,,,True
1791596700,2026-10-10T01:45:00Z,เทพารักษ์,92,0.0,0.0,0.0,,,True
1791596700,2026-10-10T01:45:00Z,สันกำแพง,65,0.0,0.0,0.0,,,True
1791596700,2026-10-10T01:45:00Z,สันป่าตอง,44,0.0,0.0,0.0,,,True
1791596700,2026-10-10T01:45:00Z,ดอยเต่า,213,0.0,0.0,0.0,,,True
1791596700,2026-10-10T01:45:00Z,อมก๋อย,704,0.0,0.0,0.0,,,True
1791596700,2026-10-10T01:45:00Z,ฮอด,378,0.0,0.0,0.0,,,True
1791596700,2026-10-10T01:45:00Z,เมืองลำพูน,117,0.0,0.0,0.0,,,True
1791596700,2026-10-10T01:45:00Z,แม่ทา,192,0.0,0.0,0.0,,,True
1791596700,2026-10-10T01:45:00Z,บ้านธิ,34,0.0,0.0,0.0,,,True
1791596700,2026-10-10T01:45:00Z,บ้านหมอ,24,0.0,0.0,0.0,,,True
1791596700,2026-10-10T01:45:00Z,เวียงหนองล่อง,14,0.0,0.0,0.0,,,True
1791596700,2026-10-10T01:45:00Z,ทุ่งหัวช้าง,113,0.0,0.0,0.0,,,True
1791596700,2026-10-10T01:45:00Z,ป่าซาง,74,0.0,0.0,0.0,,,True
1791596700,2026-10-10T01:45:00Z,บ้านโฮ่ง,124,0.0,0.0,0.0,,,True
1791596700,2026-10-10T01:45:00Z,แก่งคอย,73,0.0,0.0,0.0,,,True
1791596700,2026-10-10T01:45:00Z,ลี้,454,0.0,0.0,0.0,,,True
1791596700,2026-10-10T01:45:00Z,พระพุทธบาท,55,0.0,0.0,0.0,,,True
1791596700,2026-10-10T01:45:00Z,ดอนพุด,7,0.0,0.0,0.0,,,True
1791596700,2026-10-10T01:45:00Z,หนองโดน,31,0.0,0.0,0.0,,,True
1791596700,2026-10-10T01:45:00Z,เมืองลำปาง,300,0.0,0.0,0.0,,,True
1791596700,2026-10-10T01:45:00Z,เถิน,443,0.0,0.0,0.0,,,True
1791596700,2026-10-10T01:45:00Z,แม่พริก,167,0.0,0.0,0.0,,,True
1791596700,2026-10-10T01:45:00Z,แจ้ห่ม,274,0.0,0.0,0.0,,,True
1791596700,2026-10-10T01:45:00Z,แม่เปิน,85,0.0,0.0,0.0,,,True
1791596700,2026-10-10T01:45:00Z,เสริมงาม,185,0.0,0.0,0.0,,,True
1791596700,2026-10-10T01:45:00Z,ชุมตาบง,61,0.0,0.0,0.0,,,True
1791596700,2026-10-10T01:45:00Z,งาว,344,0.0,0.0,0.0,,,True
1791596700,2026-10-10T01:45:00Z,ตากฟ้า,125,0.0,0.0,0.0,,,True
1791596700,2026-10-10T01:45:00Z,แม่เมาะ,283,0.0,0.0,0.0,,,True
1791596700,2026-10-10T01:45:00Z,แม่วงก์,257,0.0,0.0,0.0,,,True
1791596700,2026-10-10T01:45:00Z,เกาะคา,128,0.0,0.0,0.0,,,True
1791596700,2026-10-10T01:45:00Z,พยุหะคีรี,169,0.0,0.0,0.0,,,True
1791596700,2026-10-10T01:45:00Z,ลาดยาว,187,0.0,0.0,0.0,,,True
1791596700,2026-10-10T01:45:00Z,สบปราบ,125,0.0,0.0,0.0,,,True
1791596700,2026-10-10T01:45:00Z,ห้างฉัตร,154,0.0,0.0,0.0,,,True
1791596700,2026-10-10T01:45:00Z,แม่ทะ,203,0.0,0.0,0.0,,,True
1791596700,2026-10-10T01:45:00Z,เมืองปาน,202,0.0,0.0,0.0,,,True
1791596700,2026-10-10T01:45:00Z,เมืองอ่างทอง,6,0.0,0.0,0.0,,,True
1791596700,2026-10-10T01:45:00Z,ไชโย,20,0.0,0.0,0.0,,,True
1791596700,2026-10-10T01:45:00Z,สามโก้,10,0.0,0.0,0.0,,,True
1791596700,2026-10-10T01:45:00Z,แสวงหา,43,0.0,0.0,0.0,,,True
1791596700,2026-10-10T01:45:00Z,วิเศษชัยชาญ,7,0.0,0.0,0.0,,,True
1791596700,2026-10-10T01:45:00Z,โพธิ์ทอง,48,0.0,0.0,0.0,,,True
1791596700,2026-10-10T01:45:00Z,เมืองลพบุรี,190,0.0,0.0,0.0,,,True
1791596700,2026-10-10T01:45:00Z,เดิมบางนางบวช,130,0.0,0.0,0.0,,,True
1791596700,2026-10-10T01:45:00Z,ด่านช้าง,309,0.0,0.0,0.0,,,True
1791596700,2026-10-10T01:45:00Z,หนองม่วง,111,0.0,0.0,0.0,,,True
1791596700,2026-10-10T01:45:00Z,ลำสนธิ,136,0.0,0.0,0.0,,,True
1791596700,2026-10-10T01:45:00Z,สามชุก,77,0.0,0.0,0.0,,,True
1791596700,2026-10-10T01:45:00Z,ดอนเจดีย์,72,0.0,0.0,0.0,,,True
1791596700,2026-10-10T01:45:00Z,สระโบสถ์,83,0.0,0.0,0.0,,,True
1791596700,2026-10-10T01:45:00Z,ศรีประจันต์,41,0.0,0.0,0.0,,,True
1791596700,2026-10-10T01:45:00Z,โคกเจริญ,135,0.0,0.0,0.0,,,True
1791596700,2026-10-10T01:45:00Z,บ้านหมี่,136,0.0,0.0,0.0,,,True
1791596700,2026-10-10T01:45:00Z,ท่าหลวง,100,0.0,0.0,0.0,,,True
1791596700,2026-10-10T01:45:00Z,ชัยบาดาล,280,0.0,0.0,0.0,,,True
1791596700,2026-10-10T01:45:00Z,ท่าวุ้ง,64,0.0,0.0,0.0,,,True
1791596700,2026-10-10T01:45:00Z,พัฒนานิคม,217,0.0,0.0,0.0,,,True
1791596700,2026-10-10T01:45:00Z,โคกสำโรง,180,0.0,0.0,0.0,,,True
1791596700,2026-10-10T01:45:00Z,หนองหญ้าไซ,108,0.0,0.0,0.0,,,True
1791596700,2026-10-10T01:45:00Z,ท่าช้าง,11,0.0,0.0,0.0,,,True
1791596700,2026-10-10T01:45:00Z,อินทร์บุรี,66,0.0,0.0,0.0,,,True
1791596700,2026-10-10T01:45:00Z,ค่ายบางระจัน,26,0.0,0.0,0.0,,,True
1791596700,2026-10-10T01:45:00Z,พรหมบุรี,19,0.0,0.0,0.0,,,True
1791596700,2026-10-10T01:45:00Z,เนินสง่า,65,0.0,0.0,0.0,,,True
1791596700,2026-10-10T01:45:00Z,เมืองสิงห์บุรี,31,0.0,0.0,0.0,,,True
1791596700,2026-10-10T01:45:00Z,ซับใหญ่,72,0.0,0.0,0.0,,,True
1791596700,2026-10-10T01:45:00Z,บางระจัน,46,0.0,0.0,0.0,,,True
1791596700,2026-10-10T01:45:00Z,ภูกระดึง,190,0.0,0.0,0.0,,,True
1791596700,2026-10-10T01:45:00Z,ภูหลวง,145,0.0,0.0,0.0,,,True
1791596700,2026-10-10T01:45:00Z,หนองหิน,78,0.0,0.0,0.0,,,True
1791596700,2026-10-10T01:45:00Z,ผาขาว,100,0.0,0.0,0.0,,,True
1791596700,2026-10-10T01:45:00Z,เอราวัณ,87,0.0,0.0,0.0,,,True
1791596700,2026-10-10T01:45:00Z,วังสะพุง,281,0.0,0.0,0.0,,,True
1791596700,2026-10-10T01:45:00Z,วังม่วง,70,0.0,0.0,0.0,,,True
1791596700,2026-10-10T01:45:00Z,เฉลิมพระเกียรติ,35,0.0,0.0,0.0,,,True
1791596700,2026-10-10T01:45:00Z,มวกเหล็ก,175,0.0,0.0,0.0,,,True
1791596700,2026-10-10T01:45:00Z,บ้านเขว้า,124,0.0,0.0,0.0,,,True
1791596700,2026-10-10T01:45:00Z,คอนสวรรค์,113,0.0,0.0,0.0,,,True
1791596700,2026-10-10T01:45:00Z,เมืองชัยภูมิ,358,0.0,0.0,0.0,,,True
1791596700,2026-10-10T01:45:00Z,วังทอง,425,0.0,0.0,0.0,,,True
1791596700,2026-10-10T01:45:00Z,เนินมะปราง,276,0.0,0.0,0.0,,,True
1791596700,2026-10-10T01:45:00Z,สวรรคโลก,156,0.0,0.0,0.0,,,True
1791596700,2026-10-10T01:45:00Z,ศรีนคร,46,0.0,0.0,0.0,,,True
1791596700,2026-10-10T01:45:00Z,หันคา,139,0.0,0.0,0.0,,,True
1791596700,2026-10-10T01:45:00Z,ศรีสัชนาลัย,534,0.0,0.0,0.0,,,True
1791596700,2026-10-10T01:45:00Z,หนองมะโมง,76,0.0,0.0,0.0,,,True
1791596700,2026-10-10T01:45:00Z,ศรีสำโรง,142,0.0,0.0,0.0,,,True
1791596700,2026-10-10T01:45:00Z,สรรพยา,55,0.0,0.0,0.0,,,True
1791596700,2026-10-10T01:45:00Z,คีรีมาศ,171,0.0,0.0,0.0,,,True
1791596700,2026-10-10T01:45:00Z,สรรคบุรี,89,0.0,0.0,0.0,,,True
1791596700,2026-10-10T01:45:00Z,กงไกรลาศ,108,0.0,0.0,0.0,,,True
1791596700,2026-10-10T01:45:00Z,มโนรมย์,66,0.0,0.0,0.0,,,True
1791596700,2026-10-10T01:45:00Z,เมืองสุโขทัย,136,0.0,0.0,0.0,,,True
1791596700,2026-10-10T01:45:00Z,วัดสิงห์,67,0.0,0.0,0.0,,,True
1791596700,2026-10-10T01:45:00Z,บ้านด่านลานหอย,231,0.0,0.0,0.0,,,True
1791596700,2026-10-10T01:45:00Z,เมืองชัยนาท,70,0.0,0.0,0.0,,,True
1791596700,2026-10-10T01:45:00Z,เนินขาม,65,0.0,0.0,0.0,,,True
1791596700,2026-10-10T01:45:00Z,คอนสาร,334,0.0,0.0,0.0,,,True
1791596700,2026-10-10T01:45:00Z,ภักดีชุมพล,154,0.0,0.0,0.0,,,True
1791596700,2026-10-10T01:45:00Z,บ้านแท่น,76,0.0,0.0,0.0,,,True
1791596700,2026-10-10T01:45:00Z,แก้งคร้อ,168,0.0,0.0,0.0,,,True
1791596700,2026-10-10T01:45:00Z,ภูเขียว,201,0.0,0.0,0.0,,,True
1791596700,2026-10-10T01:45:00Z,หนองบัวระเหว,179,0.0,0.0,0.0,,,True
1791596700,2026-10-10T01:45:00Z,เทพสถิต,239,0.0,0.0,0.0,,,True
1791596700,2026-10-10T01:45:00Z,จัตุรัส,172,0.0,0.0,0.0,,,True
1791596700,2026-10-10T01:45:00Z,บำเหน็จณรงค์,120,0.0,0.0,0.0,,,True
1791596700,2026-10-10T01:45:00Z,เกษตรสมบูรณ์,268,0.0,0.0,0.0,,,True
1791596700,2026-10-10T01:45:00Z,หนองบัวแดง,537,0.0,0.0,0.0,,,True
1791596700,2026-10-10T01:45:00Z,ภูเรือ,168,0.0,0.0,0.0,,,True
1791596700,2026-10-10T01:45:00Z,ท่าลี่,171,0.0,0.0,0.0,,,True
1791596700,2026-10-10T01:45:00Z,วชิรบารมี,68,0.0,0.0,0.0,,,True
1791596700,2026-10-10T01:45:00Z,ด่านซ้าย,341,0.0,0.0,0.0,,,True
1791596700,2026-10-10T01:45:00Z,นาแห้ว,153,0.0,0.0,0.0,,,True
1791596700,2026-10-10T01:45:00Z,บึงนาราง,74,0.0,0.0,0.0,,,True
1791596700,2026-10-10T01:45:00Z,เชียงคาน,213,0.0,0.0,0.0,,,True
1791596700,2026-10-10T01:45:00Z,ดงเจริญ,56,0.0,0.0,0.0,,,True
1791596700,2026-10-10T01:45:00Z,ปากชม,240,0.0,0.0,0.0,,,True
1791596700,2026-10-10T01:45:00Z,เมืองเลย,314,0.0,0.0,0.0,,,True
1791596700,2026-10-10T01:45:00Z,นาด้วง,143,0.0,0.0,0.0,,,True
1791596700,2026-10-10T01:45:00Z,สากเหล็ก,45,0.0,0.0,0.0,,,True
1791596700,2026-10-10T01:45:00Z,สามง่าม,89,0.0,0.0,0.0,,,True
1791596700,2026-10-10T01:45:00Z,ทับคล้อ,104,0.0,0.0,0.0,,,True
1791596700,2026-10-10T01:45:00Z,พรหมพิราม,206,0.0,0.0,0.0,,,True
1791596700,2026-10-10T01:45:00Z,ด่านขุนทด,344,0.0,0.0,0.0,,,True
1791596700,2026-10-10T01:45:00Z,วัดโบสถ์,226,0.0,0.0,0.0,,,True
1791596700,2026-10-10T01:45:00Z,บางระกำ,246,0.0,0.0,0.0,,,True
1791596700,2026-10-10T01:45:00Z,บางกระทุ่ม,91,0.0,0.0,0.0,,,True
1791596700,2026-10-10T01:45:00Z,นครไทย,597,0.0,0.0,0.0,,,True
1791596700,2026-10-10T01:45:00Z,ชาติตระการ,415,0.0,0.0,0.0,,,True
1791596700,2026-10-10T01:45:00Z,บ้านเหลื่อม,55,0.0,0.0,0.0,,,True
1791596700,2026-10-10T01:45:00Z,เมืองพิษณุโลก,178,0.0,0.0,0.0,,,True
1791596700,2026-10-10T01:45:00Z,ชุมแสง,145,0.0,0.0,0.0,,,True
1791596700,2026-10-10T01:45:00Z,หนองบัว,208,0.0,0.0,0.0,,,True
1791596700,2026-10-10T01:45:00Z,เมืองนครสวรรค์,183,0.0,0.0,0.0,,,True
1791596700,2026-10-10T01:45:00Z,โกรกพระ,71,0.0,0.0,0.0,,,True
1791596700,2026-10-10T01:45:00Z,ไพศาลี,244,0.0,0.0,0.0,,,True
1791596700,2026-10-10T01:45:00Z,ตาคลี,206,0.0,0.0,0.0,,,True
1791596700,2026-10-10T01:45:00Z,ท่าตะโก,211,0.0,0.0,0.0,,,True
1791596700,2026-10-10T01:45:00Z,เขาค้อ,207,0.0,0.0,0.0,,,True
1791596700,2026-10-10T01:45:00Z,บรรพตพิสัย,181,0.0,0.0,0.0,,,True
1791596700,2026-10-10T01:45:00Z,เก้าเลี้ยว,57,0.0,0.0,0.0,,,True
1791596700,2026-10-10T01:45:00Z,วังโป่ง,123,0.0,0.0,0.0,,,True
1791596700,2026-10-10T01:45:00Z,บึงสามพัน,194,0.0,0.0,0.0,,,True
1791596700,2026-10-10T01:45:00Z,น้ำหนาว,231,0.0,0.0,0.0,,,True
1791596700,2026-10-10T01:45:00Z,ศรีเทพ,204,0.0,0.0,0.0,,,True
1791596700,2026-10-10T01:45:00Z,หนองไผ่,315,0.0,0.0,0.0,,,True
1791596700,2026-10-10T01:45:00Z,มหาราช,4,0.0,0.0,0.0,,,False
1791596700,2026-10-10T01:45:00Z,บ้านแพรก,10,0.0,0.0,0.0,,,True
1791596700,2026-10-10T01:45:00Z,บางมูลนาก,99,0.0,0.0,0.0,,,True
1791596700,2026-10-10T01:45:00Z,โพทะเล,131,0.0,0.0,0.0,,,True
1791596700,2026-10-10T01:45:00Z,โพธิ์ประทับช้าง,102,0.0,0.0,0.0,,,True
1791596700,2026-10-10T01:45:00Z,ตะพานหิน,109,0.0,0.0,0.0,,,True
1791596700,2026-10-10T01:45:00Z,เมืองพิจิตร,138,0.0,0.0,0.0,,,True
1791596700,2026-10-10T01:45:00Z,วังทรายพูน,66,0.0,0.0,0.0,,,True
1791597600,2026-10-10T02:00:00Z,พิชัย,176,0.0,0.0,0.0,,,True
1791597600,2026-10-10T02:00:00Z,ลับแล,116,0.0,0.0,0.0,,,True
1791597600,2026-10-10T02:00:00Z,ฟากท่า,163,0.0,0.0,0.0,,,True
1791597600,2026-10-10T02:00:00Z,บ้านโคก,247,0.0,0.0,0.0,,,True
1791597600,2026-10-10T02:00:00Z,ท่าปลา,442,0.0,0.0,0.0,,,True
1791597600,2026-10-10T02:00:00Z,น้ำปาด,363,0.0,0.0,0.0,,,True
1791597600,2026-10-10T02:00:00Z,เมืองอุตรดิตถ์,202,0.0,0.0,0.0,,,True
1791597600,2026-10-10T02:00:00Z,ตรอน,80,0.0,0.0,0.0,,,True
1791597600,2026-10-10T02:00:00Z,หล่มเก่า,246,0.0,0.0,0.0,,,True
1791597600,2026-10-10T02:00:00Z,วิเชียรบุรี,377,0.0,0.0,0.0,,,True
1791597600,2026-10-10T02:00:00Z,ชนแดน,279,0.0,0.0,0.0,,,True
1791597600,2026-10-10T02:00:00Z,หล่มสัก,350,0.0,0.0,0.0,,,True
1791597600,2026-10-10T02:00:00Z,เมืองเพชรบูรณ์,571,0.0,0.0,0.0,,,True
1791597600,2026-10-10T02:00:00Z,ทองแสนขัน,185,0.0,0.0,0.0,,,True
1791597600,2026-10-10T02:00:00Z,บึงสามัคคี,71,0.0,0.0,0.0,,,True
1791597600,2026-10-10T02:00:00Z,โกสัมพีนคร,137,0.0,0.0,0.0,,,True
1791597600,2026-10-10T02:00:00Z,สอง,380,0.0,0.0,0.0,,,True
1791597600,2026-10-10T02:00:00Z,วังชิ้น,255,0.0,0.0,0.0,,,True
1791597600,2026-10-10T02:00:00Z,สูงเม่น,88,0.0,0.0,0.0,,,True
1791597600,2026-10-10T02:00:00Z,เด่นชัย,135,0.0,0.0,0.0,,,True
1791597600,2026-10-10T02:00:00Z,ร้องกวาง,221,0.0,0.0,0.0,,,True
1791597600,2026-10-10T02:00:00Z,ลอง,317,0.0,0.0,0.0,,,True
1791597600,2026-10-10T02:00:00Z,เมืองแพร่,205,0.0,0.0,0.0,,,True
1791597600,2026-10-10T02:00:00Z,ทัพทัน,94,0.0,0.0,0.0,,,True
1791597600,2026-10-10T02:00:00Z,สว่างอารมณ์,110,0.042,1.609,0.0455,,15,True
1791597600,2026-10-10T02:00:00Z,เมืองอุทัยธานี,59,0.0,0.0,0.0,,,True
1791597600,2026-10-10T02:00:00Z,ห้วยคต,94,0.0,0.0,0.0,,,True
1791597600,2026-10-10T02:00:00Z,ศรีสวัสดิ์,440,0.0,0.0,0.0,,,True
1791597600,2026-10-10T02:00:00Z,บ้านไร่,821,0.0,0.0,0.0,,,True
1791597600,2026-10-10T02:00:00Z,ลานสัก,360,0.0,0.0,0.0,,,True
1791597600,2026-10-10T02:00:00Z,หนองฉาง,89,0.0,0.0,0.0,,,True
1791597600,2026-10-10T02:00:00Z,หนองขาหย่าง,43,0.0,0.0,0.0,,,True
1791597600,2026-10-10T02:00:00Z,เชียงม่วน,82,0.0,0.0,0.0,,,True
1791597600,2026-10-10T02:00:00Z,ดอกคำใต้,37,0.0,0.0,0.0,,,True
1791597600,2026-10-10T02:00:00Z,เมืองพะเยา,6,0.0,0.0,0.0,,,True
1791597600,2026-10-10T02:00:00Z,ทองผาภูมิ,851,0.0,0.0,0.0,,,True
1791597600,2026-10-10T02:00:00Z,สังขละบุรี,793,0.0,0.0,0.0,,,True
1791597600,2026-10-10T02:00:00Z,หนองม่วงไข่,35,0.0,0.0,0.0,,,True
1791597600,2026-10-10T02:00:00Z,ภูเวียง,81,0.0,0.0,0.0,,,True
1791597600,2026-10-10T02:00:00Z,มัญจาคีรี,50,0.0,0.0,0.0,,,True
1791597600,2026-10-10T02:00:00Z,หนองปรือ,104,0.0,0.0,0.0,,,True
1791597600,2026-10-10T02:00:00Z,เลาขวัญ,123,0.0,0.0,0.0,,,True
1791597600,2026-10-10T02:00:00Z,หนองนาคำ,43,0.0,0.0,0.0,,,True
1791597600,2026-10-10T02:00:00Z,โคกโพธิ์ไชย,65,0.0,0.0,0.0,,,True
1791597600,2026-10-10T02:00:00Z,บ้านหลวง,91,0.0,0.0,0.0,,,True
1791597600,2026-10-10T02:00:00Z,นาน้อย,266,0.0,0.0,0.0,,,True
1791597600,2026-10-10T02:00:00Z,ภูผาม่าน,74,0.0,0.0,0.0,,,True
1791597600,2026-10-10T02:00:00Z,เมืองน่าน,161,0.0,0.0,0.0,,,True
1791597600,2026-10-10T02:00:00Z,แม่จริม,262,0.0,0.0,0.0,,,True
1791597600,2026-10-10T02:00:00Z,เวียงเก่า,78,0.0,0.0,0.0,,,True
1791597600,2026-10-10T02:00:00Z,เมืองกำแพงเพชร,368,0.0,0.0,0.0,,,True
1791597600,2026-10-10T02:00:00Z,ไทรงาม,133,0.0,0.0,0.0,,,True
1791597600,2026-10-10T02:00:00Z,ปางศิลาทอง,186,0.0,0.0,0.0,,,True
1791597600,2026-10-10T02:00:00Z,ลานกระบือ,103,0.0,0.0,0.0,,,True
1791597600,2026-10-10T02:00:00Z,ทรายทองวัฒนา,53,0.0,0.0,0.0,,,True
1791597600,2026-10-10T02:00:00Z,คลองขลุง,179,0.0,0.0,0.0,,,True
1791597600,2026-10-10T02:00:00Z,พรานกระต่าย,252,0.0,0.0,0.0,,,True
1791597600,2026-10-10T02:00:00Z,คลองลาน,363,0.0,0.0,0.0,,,True
1791597600,2026-10-10T02:00:00Z,ขาณุวรลักษบุรี,296,0.0,0.0,0.0,,,True
1791597600,2026-10-10T02:00:00Z,ภูเพียง,113,0.0,0.0,0.0,,,True
1791597600,2026-10-10T02:00:00Z,นาหมื่น,245,0.0,0.0,0.0,,,True
1791597600,2026-10-10T02:00:00Z,เวียงสา,543,0.0,0.0,0.0,,,True
1791597600,2026-10-10T02:00:00Z,น้ำโสม,153,0.0,0.0,0.0,,,True
1791597600,2026-10-10T02:00:00Z,นายูง,126,0.0,0.0,0.0,,,True
1791597600,2026-10-10T02:00:00Z,ชุมแพ,173,0.0,0.0,0.0,,,True
1791597600,2026-10-10T02:00:00Z,สีชมพู,132,0.0,0.0,0.0,,,True
1791597600,2026-10-10T02:00:00Z,สุวรรณคูหา,140,0.0,0.0,0.0,,,True
1791597600,2026-10-10T02:00:00Z,นาวัง,65,0.0,0.0,0.0,,,True
1791597600,2026-10-10T02:00:00Z,หนองเรือ,80,0.0,0.0,0.0,,,True
1791597600,2026-10-10T02:00:00Z,โนนสัง,51,0.0,0.0,0.0,,,True
1791597600,2026-10-10T02:00:00Z,ศรีบุญเรือง,224,0.0,0.0,0.0,,,True
1791597600,2026-10-10T02:00:00Z,เมืองหนองบัวลำภู,217,0.0,0.0,0.0,,,True
1791597600,2026-10-10T02:00:00Z,นากลาง,173,0.0,0.0,0.0,,,True
1791597600,2026-10-10T02:00:00Z,ทุ่งเสลี่ยม,144,0.0,0.0,0.0,,,True
1791597600,2026-10-10T02:00:00Z,ดอยหล่อ,56,0.0,0.0,0.0,,,True
1791597600,2026-10-10T02:00:00Z,เมืองตาก,486,0.0,0.0,0.0,,,True
1791597600,2026-10-10T02:00:00Z,แม่ออน,116,0.0,0.0,0.0,,,True
1791597600,2026-10-10T02:00:00Z,อุ้มผาง,1209,0.0,0.0,0.0,,,True
1791597600,2026-10-10T02:00:00Z,วังเจ้า,183,0.0,0.0,0.0,,,True
1791597600,2026-10-10T02:00:00Z,แม่สอด,398,0.0,0.0,0.0,,,True
1791597600,2026-10-10T02:00:00Z,พบพระ,249,0.0,0.0,0.0,,,True
1791597600,2026-10-10T02:00:00Z,แม่ระมาด,380,0.0,0.0,0.0,,,True
1791597600,2026-10-10T02:00:00Z,ท่าสองยาง,401,0.0,0.0,0.0,,,True
1791597600,2026-10-10T02:00:00Z,บ้านตาก,255,0.0,0.0,0.0,,,True
1791597600,2026-10-10T02:00:00Z,สามเงา,698,0.0,0.0,0.0,,,True
1791597600,2026-10-10T02:00:00Z,จอมทอง,280,0.0,0.0,0.0,,,True
1791597600,2026-10-10T02:00:00Z,แก้งสนามนาง,79,0.0,0.0,0.0,,,True
1791597600,2026-10-10T02:00:00Z,สีคิ้ว,292,0.0,0.0,0.0,,,True
1791597600,2026-10-10T02:00:00Z,พระทองคำ,90,0.0,0.0,0.0,,,True
1791597600,2026-10-10T02:00:00Z,เทพารักษ์,92,0.0,0.0,0.0,,,True
1791597600,2026-10-10T02:00:00Z,สันกำแพง,65,0.0,0.0,0.0,,,True
1791597600,2026-10-10T02:00:00Z,สันป่าตอง,44,0.0,0.0,0.0,,,True
1791597600,2026-10-10T02:00:00Z,ดอยเต่า,213,0.0,0.0,0.0,,,True
1791597600,2026-10-10T02:00:00Z,อมก๋อย,704,0.0,0.0,0.0,,,True
1791597600,2026-10-10T02:00:00Z,ฮอด,378,0.0,0.0,0.0,,,True
1791597600,2026-10-10T02:00:00Z,เมืองลำพูน,117,0.0,0.0,0.0,,,True
1791597600,2026-10-10T02:00:00Z,แม่ทา,192,0.0,0.0,0.0,,,True
1791597600,2026-10-10T02:00:00Z,บ้านธิ,34,0.0,0.0,0.0,,,True
1791597600,2026-10-10T02:00:00Z,บ้านหมอ,24,0.0,0.0,0.0,,,True
1791597600,2026-10-10T02:00:00Z,เวียงหนองล่อง,14,0.0,0.0,0.0,,,True
1791597600,2026-10-10T02:00:00Z,ทุ่งหัวช้าง,113,0.0,0.0,0.0,,,True
1791597600,2026-10-10T02:00:00Z,ป่าซาง,74,0.0,0.0,0.0,,,True
1791597600,2026-10-10T02:00:00Z,บ้านโฮ่ง,124,0.0,0.0,0.0,,,True
1791597600,2026-10-10T02:00:00Z,แก่งคอย,73,0.0,0.0,0.0,,,True
1791597600,2026-10-10T02:00:00Z,ลี้,454,0.0,0.0,0.0,,,True
1791597600,2026-10-10T02:00:00Z,พระพุทธบาท,55,0.0,0.0,0.0,,,True
1791597600,2026-10-10T02:00:00Z,ดอนพุด,7,0.0,0.0,0.0,,,True
1791597600,2026-10-10T02:00:00Z,หนองโดน,31,0.0,0.0,0.0,,,True
1791597600,2026-10-10T02:00:00Z,เมืองลำปาง,300,0.0,0.0,0.0,,,True
1791597600,2026-10-10T02:00:00Z,เถิน,443,0.0,0.0,0.0,,,True
1791597600,2026-10-10T02:00:00Z,แม่พริก,167,0.0,0.0,0.0,,,True
1791597600,2026-10-10T02:00:00Z,แจ้ห่ม,274,0.0,0.0,0.0,,,True
1791597600,2026-10-10T02:00:00Z,แม่เปิน,85,0.0,0.0,0.0,,,True
1791597600,2026-10-10T02:00:00Z,เสริมงาม,185,0.0,0.0,0.0,,,True
1791597600,2026-10-10T02:00:00Z,ชุมตาบง,61,0.0,0.0,0.0,,,True
1791597600,2026-10-10T02:00:00Z,งาว,344,0.0,0.0,0.0,,,True
1791597600,2026-10-10T02:00:00Z,ตากฟ้า,125,0.0,0.0,0.0,,,True
1791597600,2026-10-10T02:00:00Z,แม่เมาะ,283,0.0,0.0,0.0,,,True
1791597600,2026-10-10T02:00:00Z,แม่วงก์,257,0.0,0.0,0.0,,,True
1791597600,2026-10-10T02:00:00Z,เกาะคา,128,0.0,0.0,0.0,,,True
1791597600,2026-10-10T02:00:00Z,พยุหะคีรี,169,0.0,0.0,0.0,,,True
1791597600,2026-10-10T02:00:00Z,ลาดยาว,187,0.0,0.0,0.0,,,True
1791597600,2026-10-10T02:00:00Z,สบปราบ,125,0.0,0.0,0.0,,,True
1791597600,2026-10-10T02:00:00Z,ห้างฉัตร,154,0.0,0.0,0.0,,,True
1791597600,2026-10-10T02:00:00Z,แม่ทะ,203,0.0,0.0,0.0,,,True
1791597600,2026-10-10T02:00:00Z,เมืองปาน,202,0.0,0.0,0.0,,,True
1791597600,2026-10-10T02:00:00Z,เมืองอ่างทอง,6,0.0,0.0,0.0,,,True
1791597600,2026-10-10T02:00:00Z,ไชโย,20,0.0,0.0,0.0,,,True
1791597600,2026-10-10T02:00:00Z,สามโก้,10,0.0,0.0,0.0,,,True
1791597600,2026-10-10T02:00:00Z,แสวงหา,43,0.009,0.392,0.0233,,15,True
1791597600,2026-10-10T02:00:00Z,วิเศษชัยชาญ,7,0.0,0.0,0.0,,,True
1791597600,2026-10-10T02:00:00Z,โพธิ์ทอง,48,0.0,0.0,0.0,,,True
1791597600,2026-10-10T02:00:00Z,เมืองลพบุรี,190,0.0,0.0,0.0,,,True
1791597600,2026-10-10T02:00:00Z,เดิมบางนางบวช,130,0.0,0.0,0.0,,,True
1791597600,2026-10-10T02:00:00Z,ด่านช้าง,309,0.0,0.0,0.0,,,True
1791597600,2026-10-10T02:00:00Z,หนองม่วง,111,0.0,0.0,0.0,,,True
1791597600,2026-10-10T02:00:00Z,ลำสนธิ,136,0.0,0.0,0.0,,,True
1791597600,2026-10-10T02:00:00Z,สามชุก,77,0.0,0.0,0.0,,,True
1791597600,2026-10-10T02:00:00Z,ดอนเจดีย์,72,0.0,0.0,0.0,,,True
1791597600,2026-10-10T02:00:00Z,สระโบสถ์,83,0.0,0.0,0.0,,,True
1791597600,2026-10-10T02:00:00Z,ศรีประจันต์,41,0.0,0.0,0.0,,,True
1791597600,2026-10-10T02:00:00Z,โคกเจริญ,135,0.0,0.0,0.0,,,True
1791597600,2026-10-10T02:00:00Z,บ้านหมี่,136,0.0,0.0,0.0,,,True
1791597600,2026-10-10T02:00:00Z,ท่าหลวง,100,0.0,0.0,0.0,,,True
1791597600,2026-10-10T02:00:00Z,ชัยบาดาล,280,0.0,0.0,0.0,,,True
1791597600,2026-10-10T02:00:00Z,ท่าวุ้ง,64,0.0,0.0,0.0,,,True
1791597600,2026-10-10T02:00:00Z,พัฒนานิคม,217,0.0,0.0,0.0,,,True
1791597600,2026-10-10T02:00:00Z,โคกสำโรง,180,0.0,0.0,0.0,,,True
1791597600,2026-10-10T02:00:00Z,หนองหญ้าไซ,108,0.0,0.0,0.0,,,True
1791597600,2026-10-10T02:00:00Z,ท่าช้าง,11,0.0,0.0,0.0,,,True
1791597600,2026-10-10T02:00:00Z,อินทร์บุรี,66,0.0,0.0,0.0,,,True
1791597600,2026-10-10T02:00:00Z,ค่ายบางระจัน,26,0.0,0.0,0.0,,,True
1791597600,2026-10-10T02:00:00Z,พรหมบุรี,19,0.0,0.0,0.0,,,True
1791597600,2026-10-10T02:00:00Z,เนินสง่า,65,0.0,0.0,0.0,,,True
1791597600,2026-10-10T02:00:00Z,เมืองสิงห์บุรี,31,0.0,0.0,0.0,,,True
1791597600,2026-10-10T02:00:00Z,ซับใหญ่,72,0.0,0.0,0.0,,,True
1791597600,2026-10-10T02:00:00Z,บางระจัน,46,0.0,0.0,0.0,,,True
1791597600,2026-10-10T02:00:00Z,ภูกระดึง,190,0.0,0.0,0.0,,,True
1791597600,2026-10-10T02:00:00Z,ภูหลวง,145,0.0,0.0,0.0,,,True
1791597600,2026-10-10T02:00:00Z,หนองหิน,78,0.0,0.0,0.0,,,True
1791597600,2026-10-10T02:00:00Z,ผาขาว,100,0.0,0.0,0.0,,,True
1791597600,2026-10-10T02:00:00Z,เอราวัณ,87,0.0,0.0,0.0,,,True
1791597600,2026-10-10T02:00:00Z,วังสะพุง,281,0.0,0.0,0.0,,,True
1791597600,2026-10-10T02:00:00Z,วังม่วง,70,0.0,0.0,0.0,,,True
1791597600,2026-10-10T02:00:00Z,เฉลิมพระเกียรติ,35,0.0,0.0,0.0,,,True
1791597600,2026-10-10T02:00:00Z,มวกเหล็ก,175,0.0,0.0,0.0,,,True
1791597600,2026-10-10T02:00:00Z,บ้านเขว้า,124,0.0,0.0,0.0,,,True
1791597600,2026-10-10T02:00:00Z,คอนสวรรค์,113,0.0,0.0,0.0,,,True
1791597600,2026-10-10T02:00:00Z,เมืองชัยภูมิ,358,0.0,0.0,0.0,,,True
1791597600,2026-10-10T02:00:00Z,วังทอง,425,0.0,0.0,0.0,,,True
1791597600,2026-10-10T02:00:00Z,เนินมะปราง,276,0.0,0.0,0.0,,,True
1791597600,2026-10-10T02:00:00Z,สวรรคโลก,156,0.0,0.0,0.0,,,True
1791597600,2026-10-10T02:00:00Z,ศรีนคร,46,0.0,0.0,0.0,,,True
1791597600,2026-10-10T02:00:00Z,หันคา,139,0.0,0.0,0.0,,,True
1791597600,2026-10-10T02:00:00Z,ศรีสัชนาลัย,534,0.0,0.0,0.0,,,True
1791597600,2026-10-10T02:00:00Z,หนองมะโมง,76,0.0,0.0,0.0,,,True
1791597600,2026-10-10T02:00:00Z,ศรีสำโรง,142,0.0,0.0,0.0,,,True
1791597600,2026-10-10T02:00:00Z,สรรพยา,55,0.0,0.0,0.0,,,True
1791597600,2026-10-10T02:00:00Z,คีรีมาศ,171,0.0,0.0,0.0,,,True
1791597600,2026-10-10T02:00:00Z,สรรคบุรี,89,0.0,0.0,0.0,,,True
1791597600,2026-10-10T02:00:00Z,กงไกรลาศ,108,0.0,0.0,0.0,,,True
1791597600,2026-10-10T02:00:00Z,มโนรมย์,66,0.0,0.0,0.0,,,True
1791597600,2026-10-10T02:00:00Z,เมืองสุโขทัย,136,0.0,0.0,0.0,,,True
1791597600,2026-10-10T02:00:00Z,วัดสิงห์,67,0.0,0.0,0.0,,,True
1791597600,2026-10-10T02:00:00Z,บ้านด่านลานหอย,231,0.0,0.0,0.0,,,True
1791597600,2026-10-10T02:00:00Z,เมืองชัยนาท,70,0.011,0.784,0.0143,,15,True
1791597600,2026-10-10T02:00:00Z,เนินขาม,65,0.0,0.0,0.0,,,True
1791597600,2026-10-10T02:00:00Z,คอนสาร,334,0.0,0.0,0.0,,,True
1791597600,2026-10-10T02:00:00Z,ภักดีชุมพล,154,0.0,0.0,0.0,,,True
1791597600,2026-10-10T02:00:00Z,บ้านแท่น,76,0.0,0.0,0.0,,,True
1791597600,2026-10-10T02:00:00Z,แก้งคร้อ,168,0.0,0.0,0.0,,,True
1791597600,2026-10-10T02:00:00Z,ภูเขียว,201,0.0,0.0,0.0,,,True
1791597600,2026-10-10T02:00:00Z,หนองบัวระเหว,179,0.0,0.0,0.0,,,True
1791597600,2026-10-10T02:00:00Z,เทพสถิต,239,0.0,0.0,0.0,,,True
1791597600,2026-10-10T02:00:00Z,จัตุรัส,172,0.0,0.0,0.0,,,True
1791597600,2026-10-10T02:00:00Z,บำเหน็จณรงค์,120,0.0,0.0,0.0,,,True
1791597600,2026-10-10T02:00:00Z,เกษตรสมบูรณ์,268,0.0,0.0,0.0,,,True
1791597600,2026-10-10T02:00:00Z,หนองบัวแดง,537,0.0,0.0,0.0,,,True
1791597600,2026-10-10T02:00:00Z,ภูเรือ,168,0.0,0.0,0.0,,,True
1791597600,2026-10-10T02:00:00Z,ท่าลี่,171,0.0,0.0,0.0,,,True
1791597600,2026-10-10T02:00:00Z,วชิรบารมี,68,0.0,0.0,0.0,,,True
1791597600,2026-10-10T02:00:00Z,ด่านซ้าย,341,0.0,0.0,0.0,,,True
1791597600,2026-10-10T02:00:00Z,นาแห้ว,153,0.0,0.0,0.0,,,True
1791597600,2026-10-10T02:00:00Z,บึงนาราง,74,0.0,0.0,0.0,,,True
1791597600,2026-10-10T02:00:00Z,เชียงคาน,213,0.0,0.0,0.0,,,True
1791597600,2026-10-10T02:00:00Z,ดงเจริญ,56,0.0,0.0,0.0,,,True
1791597600,2026-10-10T02:00:00Z,ปากชม,240,0.0,0.0,0.0,,,True
1791597600,2026-10-10T02:00:00Z,เมืองเลย,314,0.0,0.0,0.0,,,True
1791597600,2026-10-10T02:00:00Z,นาด้วง,143,0.0,0.0,0.0,,,True
1791597600,2026-10-10T02:00:00Z,สากเหล็ก,45,0.0,0.0,0.0,,,True
1791597600,2026-10-10T02:00:00Z,สามง่าม,89,0.0,0.0,0.0,,,True
1791597600,2026-10-10T02:00:00Z,ทับคล้อ,104,0.0,0.0,0.0,,,True
1791597600,2026-10-10T02:00:00Z,พรหมพิราม,206,0.0,0.0,0.0,,,True
1791597600,2026-10-10T02:00:00Z,ด่านขุนทด,344,0.0,0.0,0.0,,,True
1791597600,2026-10-10T02:00:00Z,วัดโบสถ์,226,0.0,0.0,0.0,,,True
1791597600,2026-10-10T02:00:00Z,บางระกำ,246,0.0,0.0,0.0,,,True
1791597600,2026-10-10T02:00:00Z,บางกระทุ่ม,91,0.0,0.0,0.0,,,True
1791597600,2026-10-10T02:00:00Z,นครไทย,597,0.0,0.0,0.0,,,True
1791597600,2026-10-10T02:00:00Z,ชาติตระการ,415,0.0,0.0,0.0,,,True
1791597600,2026-10-10T02:00:00Z,บ้านเหลื่อม,55,0.0,0.0,0.0,,,True
1791597600,2026-10-10T02:00:00Z,เมืองพิษณุโลก,178,0.0,0.0,0.0,,,True
1791597600,2026-10-10T02:00:00Z,ชุมแสง,145,0.0,0.0,0.0,,,True
1791597600,2026-10-10T02:00:00Z,หนองบัว,208,0.0,0.0,0.0,,,True
1791597600,2026-10-10T02:00:00Z,เมืองนครสวรรค์,183,0.0,0.0,0.0,,,True
1791597600,2026-10-10T02:00:00Z,โกรกพระ,71,0.0,0.0,0.0,,,True
1791597600,2026-10-10T02:00:00Z,ไพศาลี,244,0.0,0.0,0.0,,,True
1791597600,2026-10-10T02:00:00Z,ตาคลี,206,0.0,0.0,0.0,,,True
1791597600,2026-10-10T02:00:00Z,ท่าตะโก,211,0.0,0.0,0.0,,,True
1791597600,2026-10-10T02:00:00Z,เขาค้อ,207,0.0,0.0,0.0,,,True
1791597600,2026-10-10T02:00:00Z,บรรพตพิสัย,181,0.0,0.0,0.0,,,True
1791597600,2026-10-10T02:00:00Z,เก้าเลี้ยว,57,0.0,0.0,0.0,,,True
1791597600,2026-10-10T02:00:00Z,วังโป่ง,123,0.0,0.0,0.0,,,True
1791597600,2026-10-10T02:00:00Z,บึงสามพัน,194,0.0,0.0,0.0,,,True
1791597600,2026-10-10T02:00:00Z,น้ำหนาว,231,0.0,0.0,0.0,,,True
1791597600,2026-10-10T02:00:00Z,ศรีเทพ,204,0.0,0.0,0.0,,,True
1791597600,2026-10-10T02:00:00Z,หนองไผ่,315,0.0,0.0,0.0,,,True
1791597600,2026-10-10T02:00:00Z,มหาราช,4,0.0,0.0,0.0,,,False
1791597600,2026-10-10T02:00:00Z,บ้านแพรก,10,0.0,0.0,0.0,,,True
1791597600,2026-10-10T02:00:00Z,บางมูลนาก,99,0.0,0.0,0.0,,,True
1791597600,2026-10-10T02:00:00Z,โพทะเล,131,0.0,0.0,0.0,,,True
1791597600,2026-10-10T02:00:00Z,โพธิ์ประทับช้าง,102,0.0,0.0,0.0,,,True
1791597600,2026-10-10T02:00:00Z,ตะพานหิน,109,0.0,0.0,0.0,,,True
1791597600,2026-10-10T02:00:00Z,เมืองพิจิตร,138,0.0,0.0,0.0,,,True
1791597600,2026-10-10T02:00:00Z,วังทรายพูน,66,0.0,0.0,0.0,,,True
1791598500,2026-10-10T02:15:00Z,พิชัย,176,0.0,0.0,0.0,,,True
1791598500,2026-10-10T02:15:00Z,ลับแล,116,0.0,0.0,0.0,,,True
1791598500,2026-10-10T02:15:00Z,ฟากท่า,163,0.0,0.0,0.0,,,True
1791598500,2026-10-10T02:15:00Z,บ้านโคก,247,0.0,0.0,0.0,,,True
1791598500,2026-10-10T02:15:00Z,ท่าปลา,442,0.0,0.0,0.0,,,True
1791598500,2026-10-10T02:15:00Z,น้ำปาด,363,0.0,0.0,0.0,,,True
1791598500,2026-10-10T02:15:00Z,เมืองอุตรดิตถ์,202,0.0,0.0,0.0,,,True
1791598500,2026-10-10T02:15:00Z,ตรอน,80,0.0,0.0,0.0,,,True
1791598500,2026-10-10T02:15:00Z,หล่มเก่า,246,0.0,0.0,0.0,,,True
1791598500,2026-10-10T02:15:00Z,วิเชียรบุรี,377,0.0,0.0,0.0,,,True
1791598500,2026-10-10T02:15:00Z,ชนแดน,279,0.0,0.0,0.0,,,True
1791598500,2026-10-10T02:15:00Z,หล่มสัก,350,0.0,0.0,0.0,,,True
1791598500,2026-10-10T02:15:00Z,เมืองเพชรบูรณ์,571,0.0,0.0,0.0,,,True
1791598500,2026-10-10T02:15:00Z,ทองแสนขัน,185,0.0,0.0,0.0,,,True
1791598500,2026-10-10T02:15:00Z,บึงสามัคคี,71,0.0,0.0,0.0,,,True
1791598500,2026-10-10T02:15:00Z,โกสัมพีนคร,137,0.0,0.0,0.0,,,True
1791598500,2026-10-10T02:15:00Z,สอง,380,0.0,0.0,0.0,,,True
1791598500,2026-10-10T02:15:00Z,วังชิ้น,255,0.0,0.0,0.0,,,True
1791598500,2026-10-10T02:15:00Z,สูงเม่น,88,0.0,0.0,0.0,,,True
1791598500,2026-10-10T02:15:00Z,เด่นชัย,135,0.0,0.0,0.0,,,True
1791598500,2026-10-10T02:15:00Z,ร้องกวาง,221,0.0,0.0,0.0,,,True
1791598500,2026-10-10T02:15:00Z,ลอง,317,0.0,0.0,0.0,,,True
1791598500,2026-10-10T02:15:00Z,เมืองแพร่,205,0.0,0.0,0.0,,,True
1791598500,2026-10-10T02:15:00Z,ทัพทัน,94,0.0,0.0,0.0,,,True
1791598500,2026-10-10T02:15:00Z,สว่างอารมณ์,110,0.0,0.0,0.0,,,True
1791598500,2026-10-10T02:15:00Z,เมืองอุทัยธานี,59,0.0,0.0,0.0,,,True
1791598500,2026-10-10T02:15:00Z,ห้วยคต,94,0.0,0.0,0.0,,,True
1791598500,2026-10-10T02:15:00Z,ศรีสวัสดิ์,440,0.0,0.0,0.0,,,True
1791598500,2026-10-10T02:15:00Z,บ้านไร่,821,0.0,0.0,0.0,,,True
1791598500,2026-10-10T02:15:00Z,ลานสัก,360,0.0,0.0,0.0,,,True
1791598500,2026-10-10T02:15:00Z,หนองฉาง,89,0.0,0.0,0.0,,,True
1791598500,2026-10-10T02:15:00Z,หนองขาหย่าง,43,0.0,0.0,0.0,,,True
1791598500,2026-10-10T02:15:00Z,เชียงม่วน,82,0.0,0.0,0.0,,,True
1791598500,2026-10-10T02:15:00Z,ดอกคำใต้,37,0.0,0.0,0.0,,,True
1791598500,2026-10-10T02:15:00Z,เมืองพะเยา,6,0.0,0.0,0.0,,,True
1791598500,2026-10-10T02:15:00Z,ทองผาภูมิ,851,0.0,0.0,0.0,,,True
1791598500,2026-10-10T02:15:00Z,สังขละบุรี,793,0.0,0.0,0.0,,,True
1791598500,2026-10-10T02:15:00Z,หนองม่วงไข่,35,0.0,0.0,0.0,,,True
1791598500,2026-10-10T02:15:00Z,ภูเวียง,81,0.0,0.0,0.0,,,True
1791598500,2026-10-10T02:15:00Z,มัญจาคีรี,50,0.0,0.0,0.0,,,True
1791598500,2026-10-10T02:15:00Z,หนองปรือ,104,0.0,0.0,0.0,,,True
1791598500,2026-10-10T02:15:00Z,เลาขวัญ,123,0.0,0.0,0.0,,,True
1791598500,2026-10-10T02:15:00Z,หนองนาคำ,43,0.0,0.0,0.0,,,True
1791598500,2026-10-10T02:15:00Z,โคกโพธิ์ไชย,65,0.0,0.0,0.0,,,True
1791598500,2026-10-10T02:15:00Z,บ้านหลวง,91,0.0,0.0,0.0,,,True
1791598500,2026-10-10T02:15:00Z,นาน้อย,266,0.0,0.0,0.0,,,True
1791598500,2026-10-10T02:15:00Z,ภูผาม่าน,74,0.0,0.0,0.0,,,True
1791598500,2026-10-10T02:15:00Z,เมืองน่าน,161,0.0,0.0,0.0,,,True
1791598500,2026-10-10T02:15:00Z,แม่จริม,262,0.0,0.0,0.0,,,True
1791598500,2026-10-10T02:15:00Z,เวียงเก่า,78,0.0,0.0,0.0,,,True
1791598500,2026-10-10T02:15:00Z,เมืองกำแพงเพชร,368,0.0,0.0,0.0,,,True
1791598500,2026-10-10T02:15:00Z,ไทรงาม,133,0.0,0.0,0.0,,,True
1791598500,2026-10-10T02:15:00Z,ปางศิลาทอง,186,0.0,0.0,0.0,,,True
1791598500,2026-10-10T02:15:00Z,ลานกระบือ,103,0.0,0.0,0.0,,,True
1791598500,2026-10-10T02:15:00Z,ทรายทองวัฒนา,53,0.0,0.0,0.0,,,True
1791598500,2026-10-10T02:15:00Z,คลองขลุง,179,0.0,0.0,0.0,,,True
1791598500,2026-10-10T02:15:00Z,พรานกระต่าย,252,0.0,0.0,0.0,,,True
1791598500,2026-10-10T02:15:00Z,คลองลาน,363,0.0,0.0,0.0,,,True
1791598500,2026-10-10T02:15:00Z,ขาณุวรลักษบุรี,296,0.0,0.0,0.0,,,True
1791598500,2026-10-10T02:15:00Z,ภูเพียง,113,0.0,0.0,0.0,,,True
1791598500,2026-10-10T02:15:00Z,นาหมื่น,245,0.0,0.0,0.0,,,True
1791598500,2026-10-10T02:15:00Z,เวียงสา,543,0.0,0.0,0.0,,,True
1791598500,2026-10-10T02:15:00Z,น้ำโสม,153,0.0,0.0,0.0,,,True
1791598500,2026-10-10T02:15:00Z,นายูง,126,0.0,0.0,0.0,,,True
1791598500,2026-10-10T02:15:00Z,ชุมแพ,173,0.0,0.0,0.0,,,True
1791598500,2026-10-10T02:15:00Z,สีชมพู,132,0.0,0.0,0.0,,,True
1791598500,2026-10-10T02:15:00Z,สุวรรณคูหา,140,0.0,0.0,0.0,,,True
1791598500,2026-10-10T02:15:00Z,นาวัง,65,0.0,0.0,0.0,,,True
1791598500,2026-10-10T02:15:00Z,หนองเรือ,80,0.0,0.0,0.0,,,True
1791598500,2026-10-10T02:15:00Z,โนนสัง,51,0.0,0.0,0.0,,,True
1791598500,2026-10-10T02:15:00Z,ศรีบุญเรือง,224,0.0,0.0,0.0,,,True
1791598500,2026-10-10T02:15:00Z,เมืองหนองบัวลำภู,217,0.0,0.0,0.0,,,True
1791598500,2026-10-10T02:15:00Z,นากลาง,173,0.0,0.0,0.0,,,True
1791598500,2026-10-10T02:15:00Z,ทุ่งเสลี่ยม,144,0.0,0.0,0.0,,,True
1791598500,2026-10-10T02:15:00Z,ดอยหล่อ,56,0.0,0.0,0.0,,,True
1791598500,2026-10-10T02:15:00Z,เมืองตาก,486,0.0,0.0,0.0,,,True
1791598500,2026-10-10T02:15:00Z,แม่ออน,116,0.0,0.0,0.0,,,True
1791598500,2026-10-10T02:15:00Z,อุ้มผาง,1209,0.0,0.0,0.0,,,True
1791598500,2026-10-10T02:15:00Z,วังเจ้า,183,0.0,0.0,0.0,,,True
1791598500,2026-10-10T02:15:00Z,แม่สอด,398,0.0,0.0,0.0,,,True
1791598500,2026-10-10T02:15:00Z,พบพระ,249,0.0,0.0,0.0,,,True
1791598500,2026-10-10T02:15:00Z,แม่ระมาด,380,0.0,0.0,0.0,,,True
1791598500,2026-10-10T02:15:00Z,ท่าสองยาง,401,0.0,0.0,0.0,,,True
1791598500,2026-10-10T02:15:00Z,บ้านตาก,255,0.0,0.0,0.0,,,True
1791598500,2026-10-10T02:15:00Z,สามเงา,698,0.0,0.0,0.0,,,True
1791598500,2026-10-10T02:15:00Z,จอมทอง,280,0.0,0.0,0.0,,,True
1791598500,2026-10-10T02:15:00Z,แก้งสนามนาง,79,0.0,0.0,0.0,,,True
1791598500,2026-10-10T02:15:00Z,สีคิ้ว,292,0.0,0.0,0.0,,,True
1791598500,2026-10-10T02:15:00Z,พระทองคำ,90,0.0,0.0,0.0,,,True
1791598500,2026-10-10T02:15:00Z,เทพารักษ์,92,0.0,0.0,0.0,,,True
1791598500,2026-10-10T02:15:00Z,สันกำแพง,65,0.0,0.0,0.0,,,True
1791598500,2026-10-10T02:15:00Z,สันป่าตอง,44,0.0,0.0,0.0,,,True
1791598500,2026-10-10T02:15:00Z,ดอยเต่า,213,0.0,0.0,0.0,,,True
1791598500,2026-10-10T02:15:00Z,อมก๋อย,704,0.0,0.0,0.0,,,True
1791598500,2026-10-10T02:15:00Z,ฮอด,378,0.0,0.0,0.0,,,True
1791598500,2026-10-10T02:15:00Z,เมืองลำพูน,117,0.0,0.0,0.0,,,True
1791598500,2026-10-10T02:15:00Z,แม่ทา,192,0.0,0.0,0.0,,,True
1791598500,2026-10-10T02:15:00Z,บ้านธิ,34,0.0,0.0,0.0,,,True
1791598500,2026-10-10T02:15:00Z,บ้านหมอ,24,0.0,0.0,0.0,,,True
1791598500,2026-10-10T02:15:00Z,เวียงหนองล่อง,14,0.0,0.0,0.0,,,True
1791598500,2026-10-10T02:15:00Z,ทุ่งหัวช้าง,113,0.0,0.0,0.0,,,True
1791598500,2026-10-10T02:15:00Z,ป่าซาง,74,0.0,0.0,0.0,,,True
1791598500,2026-10-10T02:15:00Z,บ้านโฮ่ง,124,0.0,0.0,0.0,,,True
1791598500,2026-10-10T02:15:00Z,แก่งคอย,73,0.0,0.0,0.0,,,True
1791598500,2026-10-10T02:15:00Z,ลี้,454,0.0,0.0,0.0,,,True
1791598500,2026-10-10T02:15:00Z,พระพุทธบาท,55,0.0,0.0,0.0,,,True
1791598500,2026-10-10T02:15:00Z,ดอนพุด,7,0.0,0.0,0.0,,,True
1791598500,2026-10-10T02:15:00Z,หนองโดน,31,0.0,0.0,0.0,,,True
1791598500,2026-10-10T02:15:00Z,เมืองลำปาง,300,0.0,0.0,0.0,,,True
1791598500,2026-10-10T02:15:00Z,เถิน,443,0.0,0.0,0.0,,,True
1791598500,2026-10-10T02:15:00Z,แม่พริก,167,0.0,0.0,0.0,,,True
1791598500,2026-10-10T02:15:00Z,แจ้ห่ม,274,0.0,0.0,0.0,,,True
1791598500,2026-10-10T02:15:00Z,แม่เปิน,85,0.0,0.0,0.0,,,True
1791598500,2026-10-10T02:15:00Z,เสริมงาม,185,0.0,0.0,0.0,,,True
1791598500,2026-10-10T02:15:00Z,ชุมตาบง,61,0.0,0.0,0.0,,,True
1791598500,2026-10-10T02:15:00Z,งาว,344,0.0,0.0,0.0,,,True
1791598500,2026-10-10T02:15:00Z,ตากฟ้า,125,0.0,0.0,0.0,,,True
1791598500,2026-10-10T02:15:00Z,แม่เมาะ,283,0.0,0.0,0.0,,,True
1791598500,2026-10-10T02:15:00Z,แม่วงก์,257,0.0,0.0,0.0,,,True
1791598500,2026-10-10T02:15:00Z,เกาะคา,128,0.0,0.0,0.0,,,True
1791598500,2026-10-10T02:15:00Z,พยุหะคีรี,169,0.0,0.0,0.0,,,True
1791598500,2026-10-10T02:15:00Z,ลาดยาว,187,0.0,0.0,0.0,,,True
1791598500,2026-10-10T02:15:00Z,สบปราบ,125,0.0,0.0,0.0,,,True
1791598500,2026-10-10T02:15:00Z,ห้างฉัตร,154,0.0,0.0,0.0,,,True
1791598500,2026-10-10T02:15:00Z,แม่ทะ,203,0.0,0.0,0.0,,,True
1791598500,2026-10-10T02:15:00Z,เมืองปาน,202,0.0,0.0,0.0,,,True
1791598500,2026-10-10T02:15:00Z,เมืองอ่างทอง,6,0.0,0.0,0.0,,,True
1791598500,2026-10-10T02:15:00Z,ไชโย,20,0.0,0.0,0.0,,,True
1791598500,2026-10-10T02:15:00Z,สามโก้,10,0.0,0.0,0.0,,,True
1791598500,2026-10-10T02:15:00Z,แสวงหา,43,0.0,0.0,0.0,,,True
1791598500,2026-10-10T02:15:00Z,วิเศษชัยชาญ,7,0.0,0.0,0.0,,,True
1791598500,2026-10-10T02:15:00Z,โพธิ์ทอง,48,0.0,0.0,0.0,,,True
1791598500,2026-10-10T02:15:00Z,เมืองลพบุรี,190,0.0,0.0,0.0,,,True
1791598500,2026-10-10T02:15:00Z,เดิมบางนางบวช,130,0.0,0.0,0.0,,,True
1791598500,2026-10-10T02:15:00Z,ด่านช้าง,309,0.0,0.0,0.0,,,True
1791598500,2026-10-10T02:15:00Z,หนองม่วง,111,0.0,0.0,0.0,,,True
1791598500,2026-10-10T02:15:00Z,ลำสนธิ,136,0.0,0.0,0.0,,,True
1791598500,2026-10-10T02:15:00Z,สามชุก,77,0.0,0.0,0.0,,,True
1791598500,2026-10-10T02:15:00Z,ดอนเจดีย์,72,0.0,0.0,0.0,,,True
1791598500,2026-10-10T02:15:00Z,สระโบสถ์,83,0.0,0.0,0.0,,,True
1791598500,2026-10-10T02:15:00Z,ศรีประจันต์,41,0.0,0.0,0.0,,,True
1791598500,2026-10-10T02:15:00Z,โคกเจริญ,135,0.0,0.0,0.0,,,True
1791598500,2026-10-10T02:15:00Z,บ้านหมี่,136,0.0,0.0,0.0,,,True
1791598500,2026-10-10T02:15:00Z,ท่าหลวง,100,0.0,0.0,0.0,,,True
1791598500,2026-10-10T02:15:00Z,ชัยบาดาล,280,0.0,0.0,0.0,,,True
1791598500,2026-10-10T02:15:00Z,ท่าวุ้ง,64,0.0,0.0,0.0,,,True
1791598500,2026-10-10T02:15:00Z,พัฒนานิคม,217,0.0,0.0,0.0,,,True
1791598500,2026-10-10T02:15:00Z,โคกสำโรง,180,0.0,0.0,0.0,,,True
1791598500,2026-10-10T02:15:00Z,หนองหญ้าไซ,108,0.0,0.0,0.0,,,True
1791598500,2026-10-10T02:15:00Z,ท่าช้าง,11,0.0,0.0,0.0,,,True
1791598500,2026-10-10T02:15:00Z,อินทร์บุรี,66,0.0,0.0,0.0,,,True
1791598500,2026-10-10T02:15:00Z,ค่ายบางระจัน,26,0.0,0.0,0.0,,,True
1791598500,2026-10-10T02:15:00Z,พรหมบุรี,19,0.0,0.0,0.0,,,True
1791598500,2026-10-10T02:15:00Z,เนินสง่า,65,0.0,0.0,0.0,,,True
1791598500,2026-10-10T02:15:00Z,เมืองสิงห์บุรี,31,0.0,0.0,0.0,,,True
1791598500,2026-10-10T02:15:00Z,ซับใหญ่,72,0.0,0.0,0.0,,,True
1791598500,2026-10-10T02:15:00Z,บางระจัน,46,0.0,0.0,0.0,,,True
1791598500,2026-10-10T02:15:00Z,ภูกระดึง,190,0.0,0.0,0.0,,,True
1791598500,2026-10-10T02:15:00Z,ภูหลวง,145,0.0,0.0,0.0,,,True
1791598500,2026-10-10T02:15:00Z,หนองหิน,78,0.0,0.0,0.0,,,True
1791598500,2026-10-10T02:15:00Z,ผาขาว,100,0.0,0.0,0.0,,,True
1791598500,2026-10-10T02:15:00Z,เอราวัณ,87,0.0,0.0,0.0,,,True
1791598500,2026-10-10T02:15:00Z,วังสะพุง,281,0.0,0.0,0.0,,,True
1791598500,2026-10-10T02:15:00Z,วังม่วง,70,0.0,0.0,0.0,,,True
1791598500,2026-10-10T02:15:00Z,เฉลิมพระเกียรติ,35,0.0,0.0,0.0,,,True
1791598500,2026-10-10T02:15:00Z,มวกเหล็ก,175,0.0,0.0,0.0,,,True
1791598500,2026-10-10T02:15:00Z,บ้านเขว้า,124,0.0,0.0,0.0,,,True
1791598500,2026-10-10T02:15:00Z,คอนสวรรค์,113,0.0,0.0,0.0,,,True
1791598500,2026-10-10T02:15:00Z,เมืองชัยภูมิ,358,0.0,0.0,0.0,,,True
1791598500,2026-10-10T02:15:00Z,วังทอง,425,0.0,0.0,0.0,,,True
1791598500,2026-10-10T02:15:00Z,เนินมะปราง,276,0.0,0.0,0.0,,,True
1791598500,2026-10-10T02:15:00Z,สวรรคโลก,156,0.0,0.0,0.0,,,True
1791598500,2026-10-10T02:15:00Z,ศรีนคร,46,0.0,0.0,0.0,,,True
1791598500,2026-10-10T02:15:00Z,หันคา,139,0.0,0.0,0.0,,,True
1791598500,2026-10-10T02:15:00Z,ศรีสัชนาลัย,534,0.0,0.0,0.0,,,True
1791598500,2026-10-10T02:15:00Z,หนองมะโมง,76,0.0,0.0,0.0,,,True
1791598500,2026-10-10T02:15:00Z,ศรีสำโรง,142,0.0,0.0,0.0,,,True
1791598500,2026-10-10T02:15:00Z,สรรพยา,55,0.0,0.0,0.0,,,True
1791598500,2026-10-10T02:15:00Z,คีรีมาศ,171,0.0,0.0,0.0,,,True
1791598500,2026-10-10T02:15:00Z,สรรคบุรี,89,0.009,0.784,0.0112,,15,True
1791598500,2026-10-10T02:15:00Z,กงไกรลาศ,108,0.0,0.0,0.0,,,True
1791598500,2026-10-10T02:15:00Z,มโนรมย์,66,0.0,0.0,0.0,,,True
1791598500,2026-10-10T02:15:00Z,เมืองสุโขทัย,136,0.0,0.0,0.0,,,True
1791598500,2026-10-10T02:15:00Z,วัดสิงห์,67,0.0,0.0,0.0,,,True
1791598500,2026-10-10T02:15:00Z,บ้านด่านลานหอย,231,0.0,0.0,0.0,,,True
1791598500,2026-10-10T02:15:00Z,เมืองชัยนาท,70,0.0,0.0,0.0,,,True
1791598500,2026-10-10T02:15:00Z,เนินขาม,65,0.0,0.0,0.0,,,True
1791598500,2026-10-10T02:15:00Z,คอนสาร,334,0.0,0.0,0.0,,,True
1791598500,2026-10-10T02:15:00Z,ภักดีชุมพล,154,0.0,0.0,0.0,,,True
1791598500,2026-10-10T02:15:00Z,บ้านแท่น,76,0.0,0.0,0.0,,,True
1791598500,2026-10-10T02:15:00Z,แก้งคร้อ,168,0.0,0.0,0.0,,,True
1791598500,2026-10-10T02:15:00Z,ภูเขียว,201,0.0,0.0,0.0,,,True
1791598500,2026-10-10T02:15:00Z,หนองบัวระเหว,179,0.0,0.0,0.0,,,True
1791598500,2026-10-10T02:15:00Z,เทพสถิต,239,0.0,0.0,0.0,,,True
1791598500,2026-10-10T02:15:00Z,จัตุรัส,172,0.0,0.0,0.0,,,True
1791598500,2026-10-10T02:15:00Z,บำเหน็จณรงค์,120,0.0,0.0,0.0,,,True
1791598500,2026-10-10T02:15:00Z,เกษตรสมบูรณ์,268,0.0,0.0,0.0,,,True
1791598500,2026-10-10T02:15:00Z,หนองบัวแดง,537,0.0,0.0,0.0,,,True
1791598500,2026-10-10T02:15:00Z,ภูเรือ,168,0.0,0.0,0.0,,,True
1791598500,2026-10-10T02:15:00Z,ท่าลี่,171,0.0,0.0,0.0,,,True
1791598500,2026-10-10T02:15:00Z,วชิรบารมี,68,0.0,0.0,0.0,,,True
1791598500,2026-10-10T02:15:00Z,ด่านซ้าย,341,0.0,0.0,0.0,,,True
1791598500,2026-10-10T02:15:00Z,นาแห้ว,153,0.0,0.0,0.0,,,True
1791598500,2026-10-10T02:15:00Z,บึงนาราง,74,0.0,0.0,0.0,,,True
1791598500,2026-10-10T02:15:00Z,เชียงคาน,213,0.0,0.0,0.0,,,True
1791598500,2026-10-10T02:15:00Z,ดงเจริญ,56,0.0,0.0,0.0,,,True
1791598500,2026-10-10T02:15:00Z,ปากชม,240,0.0,0.0,0.0,,,True
1791598500,2026-10-10T02:15:00Z,เมืองเลย,314,0.0,0.0,0.0,,,True
1791598500,2026-10-10T02:15:00Z,นาด้วง,143,0.0,0.0,0.0,,,True
1791598500,2026-10-10T02:15:00Z,สากเหล็ก,45,0.0,0.0,0.0,,,True
1791598500,2026-10-10T02:15:00Z,สามง่าม,89,0.0,0.0,0.0,,,True
1791598500,2026-10-10T02:15:00Z,ทับคล้อ,104,0.0,0.0,0.0,,,True
1791598500,2026-10-10T02:15:00Z,พรหมพิราม,206,0.0,0.0,0.0,,,True
1791598500,2026-10-10T02:15:00Z,ด่านขุนทด,344,0.0,0.0,0.0,,,True
1791598500,2026-10-10T02:15:00Z,วัดโบสถ์,226,0.0,0.0,0.0,,,True
1791598500,2026-10-10T02:15:00Z,บางระกำ,246,0.0,0.0,0.0,,,True
1791598500,2026-10-10T02:15:00Z,บางกระทุ่ม,91,0.0,0.0,0.0,,,True
1791598500,2026-10-10T02:15:00Z,นครไทย,597,0.0,0.0,0.0,,,True
1791598500,2026-10-10T02:15:00Z,ชาติตระการ,415,0.0,0.0,0.0,,,True
1791598500,2026-10-10T02:15:00Z,บ้านเหลื่อม,55,0.0,0.0,0.0,,,True
1791598500,2026-10-10T02:15:00Z,เมืองพิษณุโลก,178,0.0,0.0,0.0,,,True
1791598500,2026-10-10T02:15:00Z,ชุมแสง,145,0.0,0.0,0.0,,,True
1791598500,2026-10-10T02:15:00Z,หนองบัว,208,0.0,0.0,0.0,,,True
1791598500,2026-10-10T02:15:00Z,เมืองนครสวรรค์,183,0.0,0.0,0.0,,,True
1791598500,2026-10-10T02:15:00Z,โกรกพระ,71,0.0,0.0,0.0,,,True
1791598500,2026-10-10T02:15:00Z,ไพศาลี,244,0.0,0.0,0.0,,,True
1791598500,2026-10-10T02:15:00Z,ตาคลี,206,0.0,0.0,0.0,,,True
1791598500,2026-10-10T02:15:00Z,ท่าตะโก,211,0.0,0.0,0.0,,,True
1791598500,2026-10-10T02:15:00Z,เขาค้อ,207,0.0,0.0,0.0,,,True
1791598500,2026-10-10T02:15:00Z,บรรพตพิสัย,181,0.0,0.0,0.0,,,True
1791598500,2026-10-10T02:15:00Z,เก้าเลี้ยว,57,0.0,0.0,0.0,,,True
1791598500,2026-10-10T02:15:00Z,วังโป่ง,123,0.0,0.0,0.0,,,True
1791598500,2026-10-10T02:15:00Z,บึงสามพัน,194,0.0,0.0,0.0,,,True
1791598500,2026-10-10T02:15:00Z,น้ำหนาว,231,0.0,0.0,0.0,,,True
1791598500,2026-10-10T02:15:00Z,ศรีเทพ,204,0.0,0.0,0.0,,,True
1791598500,2026-10-10T02:15:00Z,หนองไผ่,315,0.0,0.0,0.0,,,True
1791598500,2026-10-10T02:15:00Z,มหาราช,4,0.0,0.0,0.0,,,False
1791598500,2026-10-10T02:15:00Z,บ้านแพรก,10,0.0,0.0,0.0,,,True
1791598500,2026-10-10T02:15:00Z,บางมูลนาก,99,0.0,0.0,0.0,,,True
1791598500,2026-10-10T02:15:00Z,โพทะเล,131,0.0,0.0,0.0,,,True
1791598500,2026-10-10T02:15:00Z,โพธิ์ประทับช้าง,102,0.0,0.0,0.0,,,True
1791598500,2026-10-10T02:15:00Z,ตะพานหิน,109,0.0,0.0,0.0,,,True
1791598500,2026-10-10T02:15:00Z,เมืองพิจิตร,138,0.0,0.0,0.0,,,True
1791598500,2026-10-10T02:15:00Z,วังทรายพูน,66,0.0,0.0,0.0,,,True
1791599400,2026-10-10T02:30:00Z,พิชัย,176,0.0,0.0,0.0,,,True
1791599400,2026-10-10T02:30:00Z,ลับแล,116,0.0,0.0,0.0,,,True
1791599400,2026-10-10T02:30:00Z,ฟากท่า,163,0.0,0.0,0.0,,,True
1791599400,2026-10-10T02:30:00Z,บ้านโคก,247,0.0,0.0,0.0,,,True
1791599400,2026-10-10T02:30:00Z,ท่าปลา,442,0.0,0.0,0.0,,,True
1791599400,2026-10-10T02:30:00Z,น้ำปาด,363,0.0,0.0,0.0,,,True
1791599400,2026-10-10T02:30:00Z,เมืองอุตรดิตถ์,202,0.0,0.0,0.0,,,True
1791599400,2026-10-10T02:30:00Z,ตรอน,80,0.0,0.0,0.0,,,True
1791599400,2026-10-10T02:30:00Z,หล่มเก่า,246,0.0,0.0,0.0,,,True
1791599400,2026-10-10T02:30:00Z,วิเชียรบุรี,377,0.0,0.0,0.0,,,True
1791599400,2026-10-10T02:30:00Z,ชนแดน,279,0.0,0.0,0.0,,,True
1791599400,2026-10-10T02:30:00Z,หล่มสัก,350,0.0,0.0,0.0,,,True
1791599400,2026-10-10T02:30:00Z,เมืองเพชรบูรณ์,571,0.0,0.0,0.0,,,True
1791599400,2026-10-10T02:30:00Z,ทองแสนขัน,185,0.0,0.0,0.0,,,True
1791599400,2026-10-10T02:30:00Z,บึงสามัคคี,71,0.0,0.0,0.0,,,True
1791599400,2026-10-10T02:30:00Z,โกสัมพีนคร,137,0.0,0.0,0.0,,,True
1791599400,2026-10-10T02:30:00Z,สอง,380,0.0,0.0,0.0,,,True
1791599400,2026-10-10T02:30:00Z,วังชิ้น,255,0.0,0.0,0.0,,,True
1791599400,2026-10-10T02:30:00Z,สูงเม่น,88,0.0,0.0,0.0,,,True
1791599400,2026-10-10T02:30:00Z,เด่นชัย,135,0.0,0.0,0.0,,,True
1791599400,2026-10-10T02:30:00Z,ร้องกวาง,221,0.0,0.0,0.0,,,True
1791599400,2026-10-10T02:30:00Z,ลอง,317,0.0,0.0,0.0,,,True
1791599400,2026-10-10T02:30:00Z,เมืองแพร่,205,0.0,0.0,0.0,,,True
1791599400,2026-10-10T02:30:00Z,ทัพทัน,94,0.0,0.0,0.0,,,True
1791599400,2026-10-10T02:30:00Z,สว่างอารมณ์,110,0.0,0.0,0.0,,,True
1791599400,2026-10-10T02:30:00Z,เมืองอุทัยธานี,59,0.0,0.0,0.0,,,True
1791599400,2026-10-10T02:30:00Z,ห้วยคต,94,0.0,0.0,0.0,,,True
1791599400,2026-10-10T02:30:00Z,ศรีสวัสดิ์,440,0.0,0.0,0.0,,,True
1791599400,2026-10-10T02:30:00Z,บ้านไร่,821,0.0,0.0,0.0,,,True
1791599400,2026-10-10T02:30:00Z,ลานสัก,360,0.0,0.0,0.0,,,True
1791599400,2026-10-10T02:30:00Z,หนองฉาง,89,0.0,0.0,0.0,,,True
1791599400,2026-10-10T02:30:00Z,หนองขาหย่าง,43,0.0,0.0,0.0,,,True
1791599400,2026-10-10T02:30:00Z,เชียงม่วน,82,0.0,0.0,0.0,,,True
1791599400,2026-10-10T02:30:00Z,ดอกคำใต้,37,0.0,0.0,0.0,,,True
1791599400,2026-10-10T02:30:00Z,เมืองพะเยา,6,0.0,0.0,0.0,,,True
1791599400,2026-10-10T02:30:00Z,ทองผาภูมิ,851,0.0,0.0,0.0,,,True
1791599400,2026-10-10T02:30:00Z,สังขละบุรี,793,0.0,0.0,0.0,,,True
1791599400,2026-10-10T02:30:00Z,หนองม่วงไข่,35,0.0,0.0,0.0,,,True
1791599400,2026-10-10T02:30:00Z,ภูเวียง,81,0.0,0.0,0.0,,,True
1791599400,2026-10-10T02:30:00Z,มัญจาคีรี,50,0.0,0.0,0.0,,,True
1791599400,2026-10-10T02:30:00Z,หนองปรือ,104,0.0,0.0,0.0,,,True
1791599400,2026-10-10T02:30:00Z,เลาขวัญ,123,0.0,0.0,0.0,,,True
1791599400,2026-10-10T02:30:00Z,หนองนาคำ,43,0.0,0.0,0.0,,,True
1791599400,2026-10-10T02:30:00Z,โคกโพธิ์ไชย,65,0.0,0.0,0.0,,,True
1791599400,2026-10-10T02:30:00Z,บ้านหลวง,91,0.0,0.0,0.0,,,True
1791599400,2026-10-10T02:30:00Z,นาน้อย,266,0.0,0.0,0.0,,,True
1791599400,2026-10-10T02:30:00Z,ภูผาม่าน,74,0.0,0.0,0.0,,,True
1791599400,2026-10-10T02:30:00Z,เมืองน่าน,161,0.0,0.0,0.0,,,True
1791599400,2026-10-10T02:30:00Z,แม่จริม,262,0.0,0.0,0.0,,,True
1791599400,2026-10-10T02:30:00Z,เวียงเก่า,78,0.0,0.0,0.0,,,True
1791599400,2026-10-10T02:30:00Z,เมืองกำแพงเพชร,368,0.0,0.0,0.0,,,True
1791599400,2026-10-10T02:30:00Z,ไทรงาม,133,0.0,0.0,0.0,,,True
1791599400,2026-10-10T02:30:00Z,ปางศิลาทอง,186,0.0,0.0,0.0,,,True
1791599400,2026-10-10T02:30:00Z,ลานกระบือ,103,0.0,0.0,0.0,,,True
1791599400,2026-10-10T02:30:00Z,ทรายทองวัฒนา,53,0.0,0.0,0.0,,,True
1791599400,2026-10-10T02:30:00Z,คลองขลุง,179,0.0,0.0,0.0,,,True
1791599400,2026-10-10T02:30:00Z,พรานกระต่าย,252,0.0,0.0,0.0,,,True
1791599400,2026-10-10T02:30:00Z,คลองลาน,363,0.0,0.0,0.0,,,True
1791599400,2026-10-10T02:30:00Z,ขาณุวรลักษบุรี,296,0.0,0.0,0.0,,,True
1791599400,2026-10-10T02:30:00Z,ภูเพียง,113,0.0,0.0,0.0,,,True
1791599400,2026-10-10T02:30:00Z,นาหมื่น,245,0.0,0.0,0.0,,,True
1791599400,2026-10-10T02:30:00Z,เวียงสา,543,0.0,0.0,0.0,,,True
1791599400,2026-10-10T02:30:00Z,น้ำโสม,153,0.0,0.0,0.0,,,True
1791599400,2026-10-10T02:30:00Z,นายูง,126,0.0,0.0,0.0,,,True
1791599400,2026-10-10T02:30:00Z,ชุมแพ,173,0.0,0.0,0.0,,,True
1791599400,2026-10-10T02:30:00Z,สีชมพู,132,0.0,0.0,0.0,,,True
1791599400,2026-10-10T02:30:00Z,สุวรรณคูหา,140,0.0,0.0,0.0,,,True
1791599400,2026-10-10T02:30:00Z,นาวัง,65,0.0,0.0,0.0,,,True
1791599400,2026-10-10T02:30:00Z,หนองเรือ,80,0.0,0.0,0.0,,,True
1791599400,2026-10-10T02:30:00Z,โนนสัง,51,0.0,0.0,0.0,,,True
1791599400,2026-10-10T02:30:00Z,ศรีบุญเรือง,224,0.0,0.0,0.0,,,True
1791599400,2026-10-10T02:30:00Z,เมืองหนองบัวลำภู,217,0.0,0.0,0.0,,,True
1791599400,2026-10-10T02:30:00Z,นากลาง,173,0.0,0.0,0.0,,,True
1791599400,2026-10-10T02:30:00Z,ทุ่งเสลี่ยม,144,0.0,0.0,0.0,,,True
1791599400,2026-10-10T02:30:00Z,ดอยหล่อ,56,0.0,0.0,0.0,,,True
1791599400,2026-10-10T02:30:00Z,เมืองตาก,486,0.0,0.0,0.0,,,True
1791599400,2026-10-10T02:30:00Z,แม่ออน,116,0.0,0.0,0.0,,,True
1791599400,2026-10-10T02:30:00Z,อุ้มผาง,1209,0.0,0.0,0.0,,,True
1791599400,2026-10-10T02:30:00Z,วังเจ้า,183,0.0,0.0,0.0,,,True
1791599400,2026-10-10T02:30:00Z,แม่สอด,398,0.0,0.0,0.0,,,True
1791599400,2026-10-10T02:30:00Z,พบพระ,249,0.0,0.0,0.0,,,True
1791599400,2026-10-10T02:30:00Z,แม่ระมาด,380,0.0,0.0,0.0,,,True
1791599400,2026-10-10T02:30:00Z,ท่าสองยาง,401,0.0,0.0,0.0,,,True
1791599400,2026-10-10T02:30:00Z,บ้านตาก,255,0.0,0.0,0.0,,,True
1791599400,2026-10-10T02:30:00Z,สามเงา,698,0.0,0.0,0.0,,,True
1791599400,2026-10-10T02:30:00Z,จอมทอง,280,0.0,0.0,0.0,,,True
1791599400,2026-10-10T02:30:00Z,แก้งสนามนาง,79,0.0,0.0,0.0,,,True
1791599400,2026-10-10T02:30:00Z,สีคิ้ว,292,0.0,0.0,0.0,,,True
1791599400,2026-10-10T02:30:00Z,พระทองคำ,90,0.0,0.0,0.0,,,True
1791599400,2026-10-10T02:30:00Z,เทพารักษ์,92,0.0,0.0,0.0,,,True
1791599400,2026-10-10T02:30:00Z,สันกำแพง,65,0.0,0.0,0.0,,,True
1791599400,2026-10-10T02:30:00Z,สันป่าตอง,44,0.0,0.0,0.0,,,True
1791599400,2026-10-10T02:30:00Z,ดอยเต่า,213,0.0,0.0,0.0,,,True
1791599400,2026-10-10T02:30:00Z,อมก๋อย,704,0.0,0.0,0.0,,,True
1791599400,2026-10-10T02:30:00Z,ฮอด,378,0.0,0.0,0.0,,,True
1791599400,2026-10-10T02:30:00Z,เมืองลำพูน,117,0.0,0.0,0.0,,,True
1791599400,2026-10-10T02:30:00Z,แม่ทา,192,0.0,0.0,0.0,,,True
1791599400,2026-10-10T02:30:00Z,บ้านธิ,34,0.0,0.0,0.0,,,True
1791599400,2026-10-10T02:30:00Z,บ้านหมอ,24,0.0,0.0,0.0,,,True
1791599400,2026-10-10T02:30:00Z,เวียงหนองล่อง,14,0.0,0.0,0.0,,,True
1791599400,2026-10-10T02:30:00Z,ทุ่งหัวช้าง,113,0.0,0.0,0.0,,,True
1791599400,2026-10-10T02:30:00Z,ป่าซาง,74,0.0,0.0,0.0,,,True
1791599400,2026-10-10T02:30:00Z,บ้านโฮ่ง,124,0.0,0.0,0.0,,,True
1791599400,2026-10-10T02:30:00Z,แก่งคอย,73,0.0,0.0,0.0,,,True
1791599400,2026-10-10T02:30:00Z,ลี้,454,0.0,0.0,0.0,,,True
1791599400,2026-10-10T02:30:00Z,พระพุทธบาท,55,0.0,0.0,0.0,,,True
1791599400,2026-10-10T02:30:00Z,ดอนพุด,7,0.0,0.0,0.0,,,True
1791599400,2026-10-10T02:30:00Z,หนองโดน,31,0.0,0.0,0.0,,,True
1791599400,2026-10-10T02:30:00Z,เมืองลำปาง,300,0.0,0.0,0.0,,,True
1791599400,2026-10-10T02:30:00Z,เถิน,443,0.0,0.0,0.0,,,True
1791599400,2026-10-10T02:30:00Z,แม่พริก,167,0.0,0.0,0.0,,,True
1791599400,2026-10-10T02:30:00Z,แจ้ห่ม,274,0.0,0.0,0.0,,,True
1791599400,2026-10-10T02:30:00Z,แม่เปิน,85,0.0,0.0,0.0,,,True
1791599400,2026-10-10T02:30:00Z,เสริมงาม,185,0.0,0.0,0.0,,,True
1791599400,2026-10-10T02:30:00Z,ชุมตาบง,61,0.0,0.0,0.0,,,True
1791599400,2026-10-10T02:30:00Z,งาว,344,0.0,0.0,0.0,,,True
1791599400,2026-10-10T02:30:00Z,ตากฟ้า,125,0.0,0.0,0.0,,,True
1791599400,2026-10-10T02:30:00Z,แม่เมาะ,283,0.0,0.0,0.0,,,True
1791599400,2026-10-10T02:30:00Z,แม่วงก์,257,0.0,0.0,0.0,,,True
1791599400,2026-10-10T02:30:00Z,เกาะคา,128,0.0,0.0,0.0,,,True
1791599400,2026-10-10T02:30:00Z,พยุหะคีรี,169,0.0,0.0,0.0,,,True
1791599400,2026-10-10T02:30:00Z,ลาดยาว,187,0.0,0.0,0.0,,,True
1791599400,2026-10-10T02:30:00Z,สบปราบ,125,0.0,0.0,0.0,,,True
1791599400,2026-10-10T02:30:00Z,ห้างฉัตร,154,0.0,0.0,0.0,,,True
1791599400,2026-10-10T02:30:00Z,แม่ทะ,203,0.0,0.0,0.0,,,True
1791599400,2026-10-10T02:30:00Z,เมืองปาน,202,0.0,0.0,0.0,,,True
1791599400,2026-10-10T02:30:00Z,เมืองอ่างทอง,6,0.0,0.0,0.0,,,True
1791599400,2026-10-10T02:30:00Z,ไชโย,20,0.0,0.0,0.0,,,True
1791599400,2026-10-10T02:30:00Z,สามโก้,10,0.0,0.0,0.0,,,True
1791599400,2026-10-10T02:30:00Z,แสวงหา,43,0.0,0.0,0.0,,,True
1791599400,2026-10-10T02:30:00Z,วิเศษชัยชาญ,7,0.0,0.0,0.0,,,True
1791599400,2026-10-10T02:30:00Z,โพธิ์ทอง,48,0.0,0.0,0.0,,,True
1791599400,2026-10-10T02:30:00Z,เมืองลพบุรี,190,0.0,0.0,0.0,,,True
1791599400,2026-10-10T02:30:00Z,เดิมบางนางบวช,130,0.0,0.0,0.0,,,True
1791599400,2026-10-10T02:30:00Z,ด่านช้าง,309,0.0,0.0,0.0,,,True
1791599400,2026-10-10T02:30:00Z,หนองม่วง,111,0.0,0.0,0.0,,,True
1791599400,2026-10-10T02:30:00Z,ลำสนธิ,136,0.0,0.0,0.0,,,True
1791599400,2026-10-10T02:30:00Z,สามชุก,77,0.0,0.0,0.0,,,True
1791599400,2026-10-10T02:30:00Z,ดอนเจดีย์,72,0.0,0.0,0.0,,,True
1791599400,2026-10-10T02:30:00Z,สระโบสถ์,83,0.0,0.0,0.0,,,True
1791599400,2026-10-10T02:30:00Z,ศรีประจันต์,41,0.0,0.0,0.0,,,True
1791599400,2026-10-10T02:30:00Z,โคกเจริญ,135,0.0,0.0,0.0,,,True
1791599400,2026-10-10T02:30:00Z,บ้านหมี่,136,0.0,0.0,0.0,,,True
1791599400,2026-10-10T02:30:00Z,ท่าหลวง,100,0.0,0.0,0.0,,,True
1791599400,2026-10-10T02:30:00Z,ชัยบาดาล,280,0.0,0.0,0.0,,,True
1791599400,2026-10-10T02:30:00Z,ท่าวุ้ง,64,0.0,0.0,0.0,,,True
1791599400,2026-10-10T02:30:00Z,พัฒนานิคม,217,0.0,0.0,0.0,,,True
1791599400,2026-10-10T02:30:00Z,โคกสำโรง,180,0.0,0.0,0.0,,,True
1791599400,2026-10-10T02:30:00Z,หนองหญ้าไซ,108,0.0,0.0,0.0,,,True
1791599400,2026-10-10T02:30:00Z,ท่าช้าง,11,0.0,0.0,0.0,,,True
1791599400,2026-10-10T02:30:00Z,อินทร์บุรี,66,0.0,0.0,0.0,,,True
1791599400,2026-10-10T02:30:00Z,ค่ายบางระจัน,26,0.0,0.0,0.0,,,True
1791599400,2026-10-10T02:30:00Z,พรหมบุรี,19,0.0,0.0,0.0,,,True
1791599400,2026-10-10T02:30:00Z,เนินสง่า,65,0.0,0.0,0.0,,,True
1791599400,2026-10-10T02:30:00Z,เมืองสิงห์บุรี,31,0.0,0.0,0.0,,,True
1791599400,2026-10-10T02:30:00Z,ซับใหญ่,72,0.0,0.0,0.0,,,True
1791599400,2026-10-10T02:30:00Z,บางระจัน,46,0.0,0.0,0.0,,,True
1791599400,2026-10-10T02:30:00Z,ภูกระดึง,190,0.0,0.0,0.0,,,True
1791599400,2026-10-10T02:30:00Z,ภูหลวง,145,0.0,0.0,0.0,,,True
1791599400,2026-10-10T02:30:00Z,หนองหิน,78,0.0,0.0,0.0,,,True
1791599400,2026-10-10T02:30:00Z,ผาขาว,100,0.0,0.0,0.0,,,True
1791599400,2026-10-10T02:30:00Z,เอราวัณ,87,0.0,0.0,0.0,,,True
1791599400,2026-10-10T02:30:00Z,วังสะพุง,281,0.0,0.0,0.0,,,True
1791599400,2026-10-10T02:30:00Z,วังม่วง,70,0.0,0.0,0.0,,,True
1791599400,2026-10-10T02:30:00Z,เฉลิมพระเกียรติ,35,0.0,0.0,0.0,,,True
1791599400,2026-10-10T02:30:00Z,มวกเหล็ก,175,0.0,0.0,0.0,,,True
1791599400,2026-10-10T02:30:00Z,บ้านเขว้า,124,0.0,0.0,0.0,,,True
1791599400,2026-10-10T02:30:00Z,คอนสวรรค์,113,0.0,0.0,0.0,,,True
1791599400,2026-10-10T02:30:00Z,เมืองชัยภูมิ,358,0.0,0.0,0.0,,,True
1791599400,2026-10-10T02:30:00Z,วังทอง,425,0.0,0.0,0.0,,,True
1791599400,2026-10-10T02:30:00Z,เนินมะปราง,276,0.0,0.0,0.0,,,True
1791599400,2026-10-10T02:30:00Z,สวรรคโลก,156,0.0,0.0,0.0,,,True
1791599400,2026-10-10T02:30:00Z,ศรีนคร,46,0.0,0.0,0.0,,,True
1791599400,2026-10-10T02:30:00Z,หันคา,139,0.0,0.0,0.0,,,True
1791599400,2026-10-10T02:30:00Z,ศรีสัชนาลัย,534,0.0,0.0,0.0,,,True
1791599400,2026-10-10T02:30:00Z,หนองมะโมง,76,0.0,0.0,0.0,,,True
1791599400,2026-10-10T02:30:00Z,ศรีสำโรง,142,0.0,0.0,0.0,,,True
1791599400,2026-10-10T02:30:00Z,สรรพยา,55,0.0,0.0,0.0,,,True
1791599400,2026-10-10T02:30:00Z,คีรีมาศ,171,0.0,0.0,0.0,,,True
1791599400,2026-10-10T02:30:00Z,สรรคบุรี,89,0.0,0.0,0.0,,,True
1791599400,2026-10-10T02:30:00Z,กงไกรลาศ,108,0.0,0.0,0.0,,,True
1791599400,2026-10-10T02:30:00Z,มโนรมย์,66,0.0,0.0,0.0,,,True
1791599400,2026-10-10T02:30:00Z,เมืองสุโขทัย,136,0.0,0.0,0.0,,,True
1791599400,2026-10-10T02:30:00Z,วัดสิงห์,67,0.0,0.0,0.0,,,True
1791599400,2026-10-10T02:30:00Z,บ้านด่านลานหอย,231,0.0,0.0,0.0,,,True
1791599400,2026-10-10T02:30:00Z,เมืองชัยนาท,70,0.0,0.0,0.0,,,True
1791599400,2026-10-10T02:30:00Z,เนินขาม,65,0.0,0.0,0.0,,,True
1791599400,2026-10-10T02:30:00Z,คอนสาร,334,0.0,0.0,0.0,,,True
1791599400,2026-10-10T02:30:00Z,ภักดีชุมพล,154,0.0,0.0,0.0,,,True
1791599400,2026-10-10T02:30:00Z,บ้านแท่น,76,0.0,0.0,0.0,,,True
1791599400,2026-10-10T02:30:00Z,แก้งคร้อ,168,0.0,0.0,0.0,,,True
1791599400,2026-10-10T02:30:00Z,ภูเขียว,201,0.0,0.0,0.0,,,True
1791599400,2026-10-10T02:30:00Z,หนองบัวระเหว,179,0.0,0.0,0.0,,,True
1791599400,2026-10-10T02:30:00Z,เทพสถิต,239,0.0,0.0,0.0,,,True
1791599400,2026-10-10T02:30:00Z,จัตุรัส,172,0.0,0.0,0.0,,,True
1791599400,2026-10-10T02:30:00Z,บำเหน็จณรงค์,120,0.0,0.0,0.0,,,True
1791599400,2026-10-10T02:30:00Z,เกษตรสมบูรณ์,268,0.0,0.0,0.0,,,True
1791599400,2026-10-10T02:30:00Z,หนองบัวแดง,537,0.0,0.0,0.0,,,True
1791599400,2026-10-10T02:30:00Z,ภูเรือ,168,0.0,0.0,0.0,,,True
1791599400,2026-10-10T02:30:00Z,ท่าลี่,171,0.0,0.0,0.0,,,True
1791599400,2026-10-10T02:30:00Z,วชิรบารมี,68,0.0,0.0,0.0,,,True
1791599400,2026-10-10T02:30:00Z,ด่านซ้าย,341,0.0,0.0,0.0,,,True
1791599400,2026-10-10T02:30:00Z,นาแห้ว,153,0.0,0.0,0.0,,,True
1791599400,2026-10-10T02:30:00Z,บึงนาราง,74,0.0,0.0,0.0,,,True
1791599400,2026-10-10T02:30:00Z,เชียงคาน,213,0.0,0.0,0.0,,,True
1791599400,2026-10-10T02:30:00Z,ดงเจริญ,56,0.0,0.0,0.0,,,True
1791599400,2026-10-10T02:30:00Z,ปากชม,240,0.0,0.0,0.0,,,True
1791599400,2026-10-10T02:30:00Z,เมืองเลย,314,0.0,0.0,0.0,,,True
1791599400,2026-10-10T02:30:00Z,นาด้วง,143,0.0,0.0,0.0,,,True
1791599400,2026-10-10T02:30:00Z,สากเหล็ก,45,0.0,0.0,0.0,,,True
1791599400,2026-10-10T02:30:00Z,สามง่าม,89,0.0,0.0,0.0,,,True
1791599400,2026-10-10T02:30:00Z,ทับคล้อ,104,0.0,0.0,0.0,,,True
1791599400,2026-10-10T02:30:00Z,พรหมพิราม,206,0.0,0.0,0.0,,,True
1791599400,2026-10-10T02:30:00Z,ด่านขุนทด,344,0.0,0.0,0.0,,,True
1791599400,2026-10-10T02:30:00Z,วัดโบสถ์,226,0.0,0.0,0.0,,,True
1791599400,2026-10-10T02:30:00Z,บางระกำ,246,0.0,0.0,0.0,,,True
1791599400,2026-10-10T02:30:00Z,บางกระทุ่ม,91,0.0,0.0,0.0,,,True
1791599400,2026-10-10T02:30:00Z,นครไทย,597,0.0,0.0,0.0,,,True
1791599400,2026-10-10T02:30:00Z,ชาติตระการ,415,0.0,0.0,0.0,,,True
1791599400,2026-10-10T02:30:00Z,บ้านเหลื่อม,55,0.0,0.0,0.0,,,True
1791599400,2026-10-10T02:30:00Z,เมืองพิษณุโลก,178,0.0,0.0,0.0,,,True
1791599400,2026-10-10T02:30:00Z,ชุมแสง,145,0.0,0.0,0.0,,,True
1791599400,2026-10-10T02:30:00Z,หนองบัว,208,0.0,0.0,0.0,,,True
1791599400,2026-10-10T02:30:00Z,เมืองนครสวรรค์,183,0.0,0.0,0.0,,,True
1791599400,2026-10-10T02:30:00Z,โกรกพระ,71,0.0,0.0,0.0,,,True
1791599400,2026-10-10T02:30:00Z,ไพศาลี,244,0.0,0.0,0.0,,,True
1791599400,2026-10-10T02:30:00Z,ตาคลี,206,0.0,0.0,0.0,,,True
1791599400,2026-10-10T02:30:00Z,ท่าตะโก,211,0.0,0.0,0.0,,,True
1791599400,2026-10-10T02:30:00Z,เขาค้อ,207,0.0,0.0,0.0,,,True
1791599400,2026-10-10T02:30:00Z,บรรพตพิสัย,181,0.0,0.0,0.0,,,True
1791599400,2026-10-10T02:30:00Z,เก้าเลี้ยว,57,0.0,0.0,0.0,,,True
1791599400,2026-10-10T02:30:00Z,วังโป่ง,123,0.0,0.0,0.0,,,True
1791599400,2026-10-10T02:30:00Z,บึงสามพัน,194,0.0,0.0,0.0,,,True
1791599400,2026-10-10T02:30:00Z,น้ำหนาว,231,0.0,0.0,0.0,,,True
1791599400,2026-10-10T02:30:00Z,ศรีเทพ,204,0.0,0.0,0.0,,,True
1791599400,2026-10-10T02:30:00Z,หนองไผ่,315,0.0,0.0,0.0,,,True
1791599400,2026-10-10T02:30:00Z,มหาราช,4,0.0,0.0,0.0,,,False
1791599400,2026-10-10T02:30:00Z,บ้านแพรก,10,0.0,0.0,0.0,,,True
1791599400,2026-10-10T02:30:00Z,บางมูลนาก,99,0.0,0.0,0.0,,,True
1791599400,2026-10-10T02:30:00Z,โพทะเล,131,0.0,0.0,0.0,,,True
1791599400,2026-10-10T02:30:00Z,โพธิ์ประทับช้าง,102,0.0,0.0,0.0,,,True
1791599400,2026-10-10T02:30:00Z,ตะพานหิน,109,0.0,0.0,0.0,,,True
1791599400,2026-10-10T02:30:00Z,เมืองพิจิตร,138,0.0,0.0,0.0,,,True
1791599400,2026-10-10T02:30:00Z,วังทรายพูน,66,0.0,0.0,0.0,,,True
1791600300,2026-10-10T02:45:00Z,พิชัย,176,0.0,0.0,0.0,,,True
1791600300,2026-10-10T02:45:00Z,ลับแล,116,0.0,0.0,0.0,,,True
1791600300,2026-10-10T02:45:00Z,ฟากท่า,163,0.0,0.0,0.0,,,True
1791600300,2026-10-10T02:45:00Z,บ้านโคก,247,0.0,0.0,0.0,,,True
1791600300,2026-10-10T02:45:00Z,ท่าปลา,442,0.0,0.0,0.0,,,True
1791600300,2026-10-10T02:45:00Z,น้ำปาด,363,0.0,0.0,0.0,,,True
1791600300,2026-10-10T02:45:00Z,เมืองอุตรดิตถ์,202,0.0,0.0,0.0,,,True
1791600300,2026-10-10T02:45:00Z,ตรอน,80,0.0,0.0,0.0,,,True
1791600300,2026-10-10T02:45:00Z,หล่มเก่า,246,0.0,0.0,0.0,,,True
1791600300,2026-10-10T02:45:00Z,วิเชียรบุรี,377,0.0,0.0,0.0,,,True
1791600300,2026-10-10T02:45:00Z,ชนแดน,279,0.0,0.0,0.0,,,True
1791600300,2026-10-10T02:45:00Z,หล่มสัก,350,0.0,0.0,0.0,,,True
1791600300,2026-10-10T02:45:00Z,เมืองเพชรบูรณ์,571,0.0,0.0,0.0,,,True
1791600300,2026-10-10T02:45:00Z,ทองแสนขัน,185,0.0,0.0,0.0,,,True
1791600300,2026-10-10T02:45:00Z,บึงสามัคคี,71,0.0,0.0,0.0,,,True
1791600300,2026-10-10T02:45:00Z,โกสัมพีนคร,137,0.0,0.0,0.0,,,True
1791600300,2026-10-10T02:45:00Z,สอง,380,0.0,0.0,0.0,,,True
1791600300,2026-10-10T02:45:00Z,วังชิ้น,255,0.0,0.0,0.0,,,True
1791600300,2026-10-10T02:45:00Z,สูงเม่น,88,0.0,0.0,0.0,,,True
1791600300,2026-10-10T02:45:00Z,เด่นชัย,135,0.0,0.0,0.0,,,True
1791600300,2026-10-10T02:45:00Z,ร้องกวาง,221,0.0,0.0,0.0,,,True
1791600300,2026-10-10T02:45:00Z,ลอง,317,0.0,0.0,0.0,,,True
1791600300,2026-10-10T02:45:00Z,เมืองแพร่,205,0.0,0.0,0.0,,,True
1791600300,2026-10-10T02:45:00Z,ทัพทัน,94,0.0,0.0,0.0,,,True
1791600300,2026-10-10T02:45:00Z,สว่างอารมณ์,110,0.0,0.0,0.0,,,True
1791600300,2026-10-10T02:45:00Z,เมืองอุทัยธานี,59,0.0,0.0,0.0,,,True
1791600300,2026-10-10T02:45:00Z,ห้วยคต,94,0.0,0.0,0.0,,,True
1791600300,2026-10-10T02:45:00Z,ศรีสวัสดิ์,440,0.0,0.0,0.0,,,True
1791600300,2026-10-10T02:45:00Z,บ้านไร่,821,0.0,0.0,0.0,,,True
1791600300,2026-10-10T02:45:00Z,ลานสัก,360,0.0,0.0,0.0,,,True
1791600300,2026-10-10T02:45:00Z,หนองฉาง,89,0.0,0.0,0.0,,,True
1791600300,2026-10-10T02:45:00Z,หนองขาหย่าง,43,0.0,0.0,0.0,,,True
1791600300,2026-10-10T02:45:00Z,เชียงม่วน,82,0.0,0.0,0.0,,,True
1791600300,2026-10-10T02:45:00Z,ดอกคำใต้,37,0.0,0.0,0.0,,,True
1791600300,2026-10-10T02:45:00Z,เมืองพะเยา,6,0.0,0.0,0.0,,,True
1791600300,2026-10-10T02:45:00Z,ทองผาภูมิ,851,0.0,0.0,0.0,,,True
1791600300,2026-10-10T02:45:00Z,สังขละบุรี,793,0.0,0.0,0.0,,,True
1791600300,2026-10-10T02:45:00Z,หนองม่วงไข่,35,0.0,0.0,0.0,,,True
1791600300,2026-10-10T02:45:00Z,ภูเวียง,81,0.0,0.0,0.0,,,True
1791600300,2026-10-10T02:45:00Z,มัญจาคีรี,50,0.0,0.0,0.0,,,True
1791600300,2026-10-10T02:45:00Z,หนองปรือ,104,0.0,0.0,0.0,,,True
1791600300,2026-10-10T02:45:00Z,เลาขวัญ,123,0.0,0.0,0.0,,,True
1791600300,2026-10-10T02:45:00Z,หนองนาคำ,43,0.0,0.0,0.0,,,True
1791600300,2026-10-10T02:45:00Z,โคกโพธิ์ไชย,65,0.0,0.0,0.0,,,True
1791600300,2026-10-10T02:45:00Z,บ้านหลวง,91,0.0,0.0,0.0,,,True
1791600300,2026-10-10T02:45:00Z,นาน้อย,266,0.0,0.0,0.0,,,True
1791600300,2026-10-10T02:45:00Z,ภูผาม่าน,74,0.0,0.0,0.0,,,True
1791600300,2026-10-10T02:45:00Z,เมืองน่าน,161,0.0,0.0,0.0,,,True
1791600300,2026-10-10T02:45:00Z,แม่จริม,262,0.0,0.0,0.0,,,True
1791600300,2026-10-10T02:45:00Z,เวียงเก่า,78,0.0,0.0,0.0,,,True
1791600300,2026-10-10T02:45:00Z,เมืองกำแพงเพชร,368,0.0,0.0,0.0,,,True
1791600300,2026-10-10T02:45:00Z,ไทรงาม,133,0.0,0.0,0.0,,,True
1791600300,2026-10-10T02:45:00Z,ปางศิลาทอง,186,0.0,0.0,0.0,,,True
1791600300,2026-10-10T02:45:00Z,ลานกระบือ,103,0.0,0.0,0.0,,,True
1791600300,2026-10-10T02:45:00Z,ทรายทองวัฒนา,53,0.0,0.0,0.0,,,True
1791600300,2026-10-10T02:45:00Z,คลองขลุง,179,0.0,0.0,0.0,,,True
1791600300,2026-10-10T02:45:00Z,พรานกระต่าย,252,0.0,0.0,0.0,,,True
1791600300,2026-10-10T02:45:00Z,คลองลาน,363,0.0,0.0,0.0,,,True
1791600300,2026-10-10T02:45:00Z,ขาณุวรลักษบุรี,296,0.0,0.0,0.0,,,True
1791600300,2026-10-10T02:45:00Z,ภูเพียง,113,0.0,0.0,0.0,,,True
1791600300,2026-10-10T02:45:00Z,นาหมื่น,245,0.0,0.0,0.0,,,True
1791600300,2026-10-10T02:45:00Z,เวียงสา,543,0.0,0.0,0.0,,,True
1791600300,2026-10-10T02:45:00Z,น้ำโสม,153,0.0,0.0,0.0,,,True
1791600300,2026-10-10T02:45:00Z,นายูง,126,0.0,0.0,0.0,,,True
1791600300,2026-10-10T02:45:00Z,ชุมแพ,173,0.0,0.0,0.0,,,True
1791600300,2026-10-10T02:45:00Z,สีชมพู,132,0.0,0.0,0.0,,,True
1791600300,2026-10-10T02:45:00Z,สุวรรณคูหา,140,0.0,0.0,0.0,,,True
1791600300,2026-10-10T02:45:00Z,นาวัง,65,0.0,0.0,0.0,,,True
1791600300,2026-10-10T02:45:00Z,หนองเรือ,80,0.0,0.0,0.0,,,True
1791600300,2026-10-10T02:45:00Z,โนนสัง,51,0.0,0.0,0.0,,,True
1791600300,2026-10-10T02:45:00Z,ศรีบุญเรือง,224,0.0,0.0,0.0,,,True
1791600300,2026-10-10T02:45:00Z,เมืองหนองบัวลำภู,217,0.0,0.0,0.0,,,True
1791600300,2026-10-10T02:45:00Z,นากลาง,173,0.0,0.0,0.0,,,True
1791600300,2026-10-10T02:45:00Z,ทุ่งเสลี่ยม,144,0.0,0.0,0.0,,,True
1791600300,2026-10-10T02:45:00Z,ดอยหล่อ,56,0.0,0.0,0.0,,,True
1791600300,2026-10-10T02:45:00Z,เมืองตาก,486,0.0,0.0,0.0,,,True
1791600300,2026-10-10T02:45:00Z,แม่ออน,116,0.0,0.0,0.0,,,True
1791600300,2026-10-10T02:45:00Z,อุ้มผาง,1209,0.0,0.0,0.0,,,True
1791600300,2026-10-10T02:45:00Z,วังเจ้า,183,0.0,0.0,0.0,,,True
1791600300,2026-10-10T02:45:00Z,แม่สอด,398,0.0,0.0,0.0,,,True
1791600300,2026-10-10T02:45:00Z,พบพระ,249,0.0,0.0,0.0,,,True
1791600300,2026-10-10T02:45:00Z,แม่ระมาด,380,0.0,0.0,0.0,,,True
1791600300,2026-10-10T02:45:00Z,ท่าสองยาง,401,0.0,0.0,0.0,,,True
1791600300,2026-10-10T02:45:00Z,บ้านตาก,255,0.0,0.0,0.0,,,True
1791600300,2026-10-10T02:45:00Z,สามเงา,698,0.0,0.0,0.0,,,True
1791600300,2026-10-10T02:45:00Z,จอมทอง,280,0.0,0.0,0.0,,,True
1791600300,2026-10-10T02:45:00Z,แก้งสนามนาง,79,0.0,0.0,0.0,,,True
1791600300,2026-10-10T02:45:00Z,สีคิ้ว,292,0.0,0.0,0.0,,,True
1791600300,2026-10-10T02:45:00Z,พระทองคำ,90,0.0,0.0,0.0,,,True
1791600300,2026-10-10T02:45:00Z,เทพารักษ์,92,0.0,0.0,0.0,,,True
1791600300,2026-10-10T02:45:00Z,สันกำแพง,65,0.0,0.0,0.0,,,True
1791600300,2026-10-10T02:45:00Z,สันป่าตอง,44,0.0,0.0,0.0,,,True
1791600300,2026-10-10T02:45:00Z,ดอยเต่า,213,0.0,0.0,0.0,,,True
1791600300,2026-10-10T02:45:00Z,อมก๋อย,704,0.0,0.0,0.0,,,True
1791600300,2026-10-10T02:45:00Z,ฮอด,378,0.0,0.0,0.0,,,True
1791600300,2026-10-10T02:45:00Z,เมืองลำพูน,117,0.0,0.0,0.0,,,True
1791600300,2026-10-10T02:45:00Z,แม่ทา,192,0.0,0.0,0.0,,,True
1791600300,2026-10-10T02:45:00Z,บ้านธิ,34,0.0,0.0,0.0,,,True
1791600300,2026-10-10T02:45:00Z,บ้านหมอ,24,0.0,0.0,0.0,,,True
1791600300,2026-10-10T02:45:00Z,เวียงหนองล่อง,14,0.0,0.0,0.0,,,True
1791600300,2026-10-10T02:45:00Z,ทุ่งหัวช้าง,113,0.0,0.0,0.0,,,True
1791600300,2026-10-10T02:45:00Z,ป่าซาง,74,0.0,0.0,0.0,,,True
1791600300,2026-10-10T02:45:00Z,บ้านโฮ่ง,124,0.0,0.0,0.0,,,True
1791600300,2026-10-10T02:45:00Z,แก่งคอย,73,0.0,0.0,0.0,,,True
1791600300,2026-10-10T02:45:00Z,ลี้,454,0.0,0.0,0.0,,,True
1791600300,2026-10-10T02:45:00Z,พระพุทธบาท,55,0.0,0.0,0.0,,,True
1791600300,2026-10-10T02:45:00Z,ดอนพุด,7,0.0,0.0,0.0,,,True
1791600300,2026-10-10T02:45:00Z,หนองโดน,31,0.0,0.0,0.0,,,True
1791600300,2026-10-10T02:45:00Z,เมืองลำปาง,300,0.0,0.0,0.0,,,True
1791600300,2026-10-10T02:45:00Z,เถิน,443,0.0,0.0,0.0,,,True
1791600300,2026-10-10T02:45:00Z,แม่พริก,167,0.0,0.0,0.0,,,True
1791600300,2026-10-10T02:45:00Z,แจ้ห่ม,274,0.0,0.0,0.0,,,True
1791600300,2026-10-10T02:45:00Z,แม่เปิน,85,0.0,0.0,0.0,,,True
1791600300,2026-10-10T02:45:00Z,เสริมงาม,185,0.0,0.0,0.0,,,True
1791600300,2026-10-10T02:45:00Z,ชุมตาบง,61,0.0,0.0,0.0,,,True
1791600300,2026-10-10T02:45:00Z,งาว,344,0.0,0.0,0.0,,,True
1791600300,2026-10-10T02:45:00Z,ตากฟ้า,125,0.0,0.0,0.0,,,True
1791600300,2026-10-10T02:45:00Z,แม่เมาะ,283,0.0,0.0,0.0,,,True
1791600300,2026-10-10T02:45:00Z,แม่วงก์,257,0.0,0.0,0.0,,,True
1791600300,2026-10-10T02:45:00Z,เกาะคา,128,0.0,0.0,0.0,,,True
1791600300,2026-10-10T02:45:00Z,พยุหะคีรี,169,0.0,0.0,0.0,,,True
1791600300,2026-10-10T02:45:00Z,ลาดยาว,187,0.0,0.0,0.0,,,True
1791600300,2026-10-10T02:45:00Z,สบปราบ,125,0.0,0.0,0.0,,,True
1791600300,2026-10-10T02:45:00Z,ห้างฉัตร,154,0.0,0.0,0.0,,,True
1791600300,2026-10-10T02:45:00Z,แม่ทะ,203,0.0,0.0,0.0,,,True
1791600300,2026-10-10T02:45:00Z,เมืองปาน,202,0.0,0.0,0.0,,,True
1791600300,2026-10-10T02:45:00Z,เมืองอ่างทอง,6,0.0,0.0,0.0,,,True
1791600300,2026-10-10T02:45:00Z,ไชโย,20,0.0,0.0,0.0,,,True
1791600300,2026-10-10T02:45:00Z,สามโก้,10,0.0,0.0,0.0,,,True
1791600300,2026-10-10T02:45:00Z,แสวงหา,43,0.0,0.0,0.0,,,True
1791600300,2026-10-10T02:45:00Z,วิเศษชัยชาญ,7,0.0,0.0,0.0,,,True
1791600300,2026-10-10T02:45:00Z,โพธิ์ทอง,48,0.0,0.0,0.0,,,True
1791600300,2026-10-10T02:45:00Z,เมืองลพบุรี,190,0.0,0.0,0.0,,,True
1791600300,2026-10-10T02:45:00Z,เดิมบางนางบวช,130,0.0,0.0,0.0,,,True
1791600300,2026-10-10T02:45:00Z,ด่านช้าง,309,0.0,0.0,0.0,,,True
1791600300,2026-10-10T02:45:00Z,หนองม่วง,111,0.0,0.0,0.0,,,True
1791600300,2026-10-10T02:45:00Z,ลำสนธิ,136,0.0,0.0,0.0,,,True
1791600300,2026-10-10T02:45:00Z,สามชุก,77,0.0,0.0,0.0,,,True
1791600300,2026-10-10T02:45:00Z,ดอนเจดีย์,72,0.0,0.0,0.0,,,True
1791600300,2026-10-10T02:45:00Z,สระโบสถ์,83,0.0,0.0,0.0,,,True
1791600300,2026-10-10T02:45:00Z,ศรีประจันต์,41,0.0,0.0,0.0,,,True
1791600300,2026-10-10T02:45:00Z,โคกเจริญ,135,0.0,0.0,0.0,,,True
1791600300,2026-10-10T02:45:00Z,บ้านหมี่,136,0.0,0.0,0.0,,,True
1791600300,2026-10-10T02:45:00Z,ท่าหลวง,100,0.0,0.0,0.0,,,True
1791600300,2026-10-10T02:45:00Z,ชัยบาดาล,280,0.0,0.0,0.0,,,True
1791600300,2026-10-10T02:45:00Z,ท่าวุ้ง,64,0.0,0.0,0.0,,,True
1791600300,2026-10-10T02:45:00Z,พัฒนานิคม,217,0.0,0.0,0.0,,,True
1791600300,2026-10-10T02:45:00Z,โคกสำโรง,180,0.0,0.0,0.0,,,True
1791600300,2026-10-10T02:45:00Z,หนองหญ้าไซ,108,0.0,0.0,0.0,,,True
1791600300,2026-10-10T02:45:00Z,ท่าช้าง,11,0.0,0.0,0.0,,,True
1791600300,2026-10-10T02:45:00Z,อินทร์บุรี,66,0.0,0.0,0.0,,,True
1791600300,2026-10-10T02:45:00Z,ค่ายบางระจัน,26,0.0,0.0,0.0,,,True
1791600300,2026-10-10T02:45:00Z,พรหมบุรี,19,0.0,0.0,0.0,,,True
1791600300,2026-10-10T02:45:00Z,เนินสง่า,65,0.0,0.0,0.0,,,True
1791600300,2026-10-10T02:45:00Z,เมืองสิงห์บุรี,31,0.0,0.0,0.0,,,True
1791600300,2026-10-10T02:45:00Z,ซับใหญ่,72,0.0,0.0,0.0,,,True
1791600300,2026-10-10T02:45:00Z,บางระจัน,46,0.017,0.784,0.0217,,15,True
1791600300,2026-10-10T02:45:00Z,ภูกระดึง,190,0.0,0.0,0.0,,,True
1791600300,2026-10-10T02:45:00Z,ภูหลวง,145,0.0,0.0,0.0,,,True
1791600300,2026-10-10T02:45:00Z,หนองหิน,78,0.0,0.0,0.0,,,True
1791600300,2026-10-10T02:45:00Z,ผาขาว,100,0.0,0.0,0.0,,,True
1791600300,2026-10-10T02:45:00Z,เอราวัณ,87,0.0,0.0,0.0,,,True
1791600300,2026-10-10T02:45:00Z,วังสะพุง,281,0.0,0.0,0.0,,,True
1791600300,2026-10-10T02:45:00Z,วังม่วง,70,0.0,0.0,0.0,,,True
1791600300,2026-10-10T02:45:00Z,เฉลิมพระเกียรติ,35,0.0,0.0,0.0,,,True
1791600300,2026-10-10T02:45:00Z,มวกเหล็ก,175,0.0,0.0,0.0,,,True
1791600300,2026-10-10T02:45:00Z,บ้านเขว้า,124,0.0,0.0,0.0,,,True
1791600300,2026-10-10T02:45:00Z,คอนสวรรค์,113,0.0,0.0,0.0,,,True
1791600300,2026-10-10T02:45:00Z,เมืองชัยภูมิ,358,0.0,0.0,0.0,,,True
1791600300,2026-10-10T02:45:00Z,วังทอง,425,0.0,0.0,0.0,,,True
1791600300,2026-10-10T02:45:00Z,เนินมะปราง,276,0.0,0.0,0.0,,,True
1791600300,2026-10-10T02:45:00Z,สวรรคโลก,156,0.0,0.0,0.0,,,True
1791600300,2026-10-10T02:45:00Z,ศรีนคร,46,0.0,0.0,0.0,,,True
1791600300,2026-10-10T02:45:00Z,หันคา,139,0.0,0.0,0.0,,,True
1791600300,2026-10-10T02:45:00Z,ศรีสัชนาลัย,534,0.0,0.0,0.0,,,True
1791600300,2026-10-10T02:45:00Z,หนองมะโมง,76,0.0,0.0,0.0,,,True
1791600300,2026-10-10T02:45:00Z,ศรีสำโรง,142,0.0,0.0,0.0,,,True
1791600300,2026-10-10T02:45:00Z,สรรพยา,55,0.0,0.0,0.0,,,True
1791600300,2026-10-10T02:45:00Z,คีรีมาศ,171,0.0,0.0,0.0,,,True
1791600300,2026-10-10T02:45:00Z,สรรคบุรี,89,0.0,0.0,0.0,,,True
1791600300,2026-10-10T02:45:00Z,กงไกรลาศ,108,0.0,0.0,0.0,,,True
1791600300,2026-10-10T02:45:00Z,มโนรมย์,66,0.0,0.0,0.0,,,True
1791600300,2026-10-10T02:45:00Z,เมืองสุโขทัย,136,0.0,0.0,0.0,,,True
1791600300,2026-10-10T02:45:00Z,วัดสิงห์,67,0.0,0.0,0.0,,,True
1791600300,2026-10-10T02:45:00Z,บ้านด่านลานหอย,231,0.0,0.0,0.0,,,True
1791600300,2026-10-10T02:45:00Z,เมืองชัยนาท,70,0.0,0.0,0.0,,,True
1791600300,2026-10-10T02:45:00Z,เนินขาม,65,0.0,0.0,0.0,,,True
1791600300,2026-10-10T02:45:00Z,คอนสาร,334,0.0,0.0,0.0,,,True
1791600300,2026-10-10T02:45:00Z,ภักดีชุมพล,154,0.0,0.0,0.0,,,True
1791600300,2026-10-10T02:45:00Z,บ้านแท่น,76,0.0,0.0,0.0,,,True
1791600300,2026-10-10T02:45:00Z,แก้งคร้อ,168,0.0,0.0,0.0,,,True
1791600300,2026-10-10T02:45:00Z,ภูเขียว,201,0.0,0.0,0.0,,,True
1791600300,2026-10-10T02:45:00Z,หนองบัวระเหว,179,0.0,0.0,0.0,,,True
1791600300,2026-10-10T02:45:00Z,เทพสถิต,239,0.0,0.0,0.0,,,True
1791600300,2026-10-10T02:45:00Z,จัตุรัส,172,0.0,0.0,0.0,,,True
1791600300,2026-10-10T02:45:00Z,บำเหน็จณรงค์,120,0.0,0.0,0.0,,,True
1791600300,2026-10-10T02:45:00Z,เกษตรสมบูรณ์,268,0.0,0.0,0.0,,,True
1791600300,2026-10-10T02:45:00Z,หนองบัวแดง,537,0.0,0.0,0.0,,,True
1791600300,2026-10-10T02:45:00Z,ภูเรือ,168,0.0,0.0,0.0,,,True
1791600300,2026-10-10T02:45:00Z,ท่าลี่,171,0.0,0.0,0.0,,,True
1791600300,2026-10-10T02:45:00Z,วชิรบารมี,68,0.0,0.0,0.0,,,True
1791600300,2026-10-10T02:45:00Z,ด่านซ้าย,341,0.0,0.0,0.0,,,True
1791600300,2026-10-10T02:45:00Z,นาแห้ว,153,0.0,0.0,0.0,,,True
1791600300,2026-10-10T02:45:00Z,บึงนาราง,74,0.0,0.0,0.0,,,True
1791600300,2026-10-10T02:45:00Z,เชียงคาน,213,0.0,0.0,0.0,,,True
1791600300,2026-10-10T02:45:00Z,ดงเจริญ,56,0.0,0.0,0.0,,,True
1791600300,2026-10-10T02:45:00Z,ปากชม,240,0.0,0.0,0.0,,,True
1791600300,2026-10-10T02:45:00Z,เมืองเลย,314,0.0,0.0,0.0,,,True
1791600300,2026-10-10T02:45:00Z,นาด้วง,143,0.0,0.0,0.0,,,True
1791600300,2026-10-10T02:45:00Z,สากเหล็ก,45,0.0,0.0,0.0,,,True
1791600300,2026-10-10T02:45:00Z,สามง่าม,89,0.0,0.0,0.0,,,True
1791600300,2026-10-10T02:45:00Z,ทับคล้อ,104,0.0,0.0,0.0,,,True
1791600300,2026-10-10T02:45:00Z,พรหมพิราม,206,0.0,0.0,0.0,,,True
1791600300,2026-10-10T02:45:00Z,ด่านขุนทด,344,0.0,0.0,0.0,,,True
1791600300,2026-10-10T02:45:00Z,วัดโบสถ์,226,0.0,0.0,0.0,,,True
1791600300,2026-10-10T02:45:00Z,บางระกำ,246,0.0,0.0,0.0,,,True
1791600300,2026-10-10T02:45:00Z,บางกระทุ่ม,91,0.0,0.0,0.0,,,True
1791600300,2026-10-10T02:45:00Z,นครไทย,597,0.0,0.0,0.0,,,True
1791600300,2026-10-10T02:45:00Z,ชาติตระการ,415,0.0,0.0,0.0,,,True
1791600300,2026-10-10T02:45:00Z,บ้านเหลื่อม,55,0.0,0.0,0.0,,,True
1791600300,2026-10-10T02:45:00Z,เมืองพิษณุโลก,178,0.0,0.0,0.0,,,True
1791600300,2026-10-10T02:45:00Z,ชุมแสง,145,0.0,0.0,0.0,,,True
1791600300,2026-10-10T02:45:00Z,หนองบัว,208,0.0,0.0,0.0,,,True
1791600300,2026-10-10T02:45:00Z,เมืองนครสวรรค์,183,0.0,0.0,0.0,,,True
1791600300,2026-10-10T02:45:00Z,โกรกพระ,71,0.0,0.0,0.0,,,True
1791600300,2026-10-10T02:45:00Z,ไพศาลี,244,0.0,0.0,0.0,,,True
1791600300,2026-10-10T02:45:00Z,ตาคลี,206,0.0,0.0,0.0,,,True
1791600300,2026-10-10T02:45:00Z,ท่าตะโก,211,0.0,0.0,0.0,,,True
1791600300,2026-10-10T02:45:00Z,เขาค้อ,207,0.0,0.0,0.0,,,True
1791600300,2026-10-10T02:45:00Z,บรรพตพิสัย,181,0.0,0.0,0.0,,,True
1791600300,2026-10-10T02:45:00Z,เก้าเลี้ยว,57,0.0,0.0,0.0,,,True
1791600300,2026-10-10T02:45:00Z,วังโป่ง,123,0.0,0.0,0.0,,,True
1791600300,2026-10-10T02:45:00Z,บึงสามพัน,194,0.0,0.0,0.0,,,True
1791600300,2026-10-10T02:45:00Z,น้ำหนาว,231,0.0,0.0,0.0,,,True
1791600300,2026-10-10T02:45:00Z,ศรีเทพ,204,0.0,0.0,0.0,,,True
1791600300,2026-10-10T02:45:00Z,หนองไผ่,315,0.0,0.0,0.0,,,True
1791600300,2026-10-10T02:45:00Z,มหาราช,4,0.0,0.0,0.0,,,False
1791600300,2026-10-10T02:45:00Z,บ้านแพรก,10,0.0,0.0,0.0,,,True
1791600300,2026-10-10T02:45:00Z,บางมูลนาก,99,0.0,0.0,0.0,,,True
1791600300,2026-10-10T02:45:00Z,โพทะเล,131,0.0,0.0,0.0,,,True
1791600300,2026-10-10T02:45:00Z,โพธิ์ประทับช้าง,102,0.0,0.0,0.0,,,True
1791600300,2026-10-10T02:45:00Z,ตะพานหิน,109,0.0,0.0,0.0,,,True
1791600300,2026-10-10T02:45:00Z,เมืองพิจิตร,138,0.0,0.0,0.0,,,True
1791600300,2026-10-10T02:45:00Z,วังทรายพูน,66,0.0,0.0,0.0,,,True
1791601200,2026-10-10T03:00:00Z,พิชัย,176,0.0,0.0,0.0,,,True
1791601200,2026-10-10T03:00:00Z,ลับแล,116,0.0,0.0,0.0,,,True
1791601200,2026-10-10T03:00:00Z,ฟากท่า,163,0.0,0.0,0.0,,,True
1791601200,2026-10-10T03:00:00Z,บ้านโคก,247,0.0,0.0,0.0,,,True
1791601200,2026-10-10T03:00:00Z,ท่าปลา,442,0.0,0.0,0.0,,,True
1791601200,2026-10-10T03:00:00Z,น้ำปาด,363,0.0,0.0,0.0,,,True
1791601200,2026-10-10T03:00:00Z,เมืองอุตรดิตถ์,202,0.0,0.0,0.0,,,True
1791601200,2026-10-10T03:00:00Z,ตรอน,80,0.0,0.0,0.0,,,True
1791601200,2026-10-10T03:00:00Z,หล่มเก่า,246,0.0,0.0,0.0,,,True
1791601200,2026-10-10T03:00:00Z,วิเชียรบุรี,377,0.0,0.0,0.0,,,True
1791601200,2026-10-10T03:00:00Z,ชนแดน,279,0.0,0.0,0.0,,,True
1791601200,2026-10-10T03:00:00Z,หล่มสัก,350,0.0,0.0,0.0,,,True
1791601200,2026-10-10T03:00:00Z,เมืองเพชรบูรณ์,571,0.0,0.0,0.0,,,True
1791601200,2026-10-10T03:00:00Z,ทองแสนขัน,185,0.0,0.0,0.0,,,True
1791601200,2026-10-10T03:00:00Z,บึงสามัคคี,71,0.0,0.0,0.0,,,True
1791601200,2026-10-10T03:00:00Z,โกสัมพีนคร,137,0.0,0.0,0.0,,,True
1791601200,2026-10-10T03:00:00Z,สอง,380,0.0,0.0,0.0,,,True
1791601200,2026-10-10T03:00:00Z,วังชิ้น,255,0.0,0.0,0.0,,,True
1791601200,2026-10-10T03:00:00Z,สูงเม่น,88,0.0,0.0,0.0,,,True
1791601200,2026-10-10T03:00:00Z,เด่นชัย,135,0.0,0.0,0.0,,,True
1791601200,2026-10-10T03:00:00Z,ร้องกวาง,221,0.0,0.0,0.0,,,True
1791601200,2026-10-10T03:00:00Z,ลอง,317,0.0,0.0,0.0,,,True
1791601200,2026-10-10T03:00:00Z,เมืองแพร่,205,0.0,0.0,0.0,,,True
1791601200,2026-10-10T03:00:00Z,ทัพทัน,94,0.0,0.0,0.0,,,True
1791601200,2026-10-10T03:00:00Z,สว่างอารมณ์,110,0.0,0.0,0.0,,,True
1791601200,2026-10-10T03:00:00Z,เมืองอุทัยธานี,59,0.0,0.0,0.0,,,True
1791601200,2026-10-10T03:00:00Z,ห้วยคต,94,0.0,0.0,0.0,,,True
1791601200,2026-10-10T03:00:00Z,ศรีสวัสดิ์,440,0.0,0.0,0.0,,,True
1791601200,2026-10-10T03:00:00Z,บ้านไร่,821,0.0,0.0,0.0,,,True
1791601200,2026-10-10T03:00:00Z,ลานสัก,360,0.0,0.0,0.0,,,True
1791601200,2026-10-10T03:00:00Z,หนองฉาง,89,0.0,0.0,0.0,,,True
1791601200,2026-10-10T03:00:00Z,หนองขาหย่าง,43,0.0,0.0,0.0,,,True
1791601200,2026-10-10T03:00:00Z,เชียงม่วน,82,0.0,0.0,0.0,,,True
1791601200,2026-10-10T03:00:00Z,ดอกคำใต้,37,0.0,0.0,0.0,,,True
1791601200,2026-10-10T03:00:00Z,เมืองพะเยา,6,0.0,0.0,0.0,,,True
1791601200,2026-10-10T03:00:00Z,ทองผาภูมิ,851,0.0,0.0,0.0,,,True
1791601200,2026-10-10T03:00:00Z,สังขละบุรี,793,0.0,0.0,0.0,,,True
1791601200,2026-10-10T03:00:00Z,หนองม่วงไข่,35,0.0,0.0,0.0,,,True
1791601200,2026-10-10T03:00:00Z,ภูเวียง,81,0.0,0.0,0.0,,,True
1791601200,2026-10-10T03:00:00Z,มัญจาคีรี,50,0.0,0.0,0.0,,,True
1791601200,2026-10-10T03:00:00Z,หนองปรือ,104,0.0,0.0,0.0,,,True
1791601200,2026-10-10T03:00:00Z,เลาขวัญ,123,0.0,0.0,0.0,,,True
1791601200,2026-10-10T03:00:00Z,หนองนาคำ,43,0.0,0.0,0.0,,,True
1791601200,2026-10-10T03:00:00Z,โคกโพธิ์ไชย,65,0.0,0.0,0.0,,,True
1791601200,2026-10-10T03:00:00Z,บ้านหลวง,91,0.0,0.0,0.0,,,True
1791601200,2026-10-10T03:00:00Z,นาน้อย,266,0.0,0.0,0.0,,,True
1791601200,2026-10-10T03:00:00Z,ภูผาม่าน,74,0.0,0.0,0.0,,,True
1791601200,2026-10-10T03:00:00Z,เมืองน่าน,161,0.0,0.0,0.0,,,True
1791601200,2026-10-10T03:00:00Z,แม่จริม,262,0.0,0.0,0.0,,,True
1791601200,2026-10-10T03:00:00Z,เวียงเก่า,78,0.0,0.0,0.0,,,True
1791601200,2026-10-10T03:00:00Z,เมืองกำแพงเพชร,368,0.0,0.0,0.0,,,True
1791601200,2026-10-10T03:00:00Z,ไทรงาม,133,0.0,0.0,0.0,,,True
1791601200,2026-10-10T03:00:00Z,ปางศิลาทอง,186,0.0,0.0,0.0,,,True
1791601200,2026-10-10T03:00:00Z,ลานกระบือ,103,0.0,0.0,0.0,,,True
1791601200,2026-10-10T03:00:00Z,ทรายทองวัฒนา,53,0.0,0.0,0.0,,,True
1791601200,2026-10-10T03:00:00Z,คลองขลุง,179,0.0,0.0,0.0,,,True
1791601200,2026-10-10T03:00:00Z,พรานกระต่าย,252,0.0,0.0,0.0,,,True
1791601200,2026-10-10T03:00:00Z,คลองลาน,363,0.0,0.0,0.0,,,True
1791601200,2026-10-10T03:00:00Z,ขาณุวรลักษบุรี,296,0.0,0.0,0.0,,,True
1791601200,2026-10-10T03:00:00Z,ภูเพียง,113,0.0,0.0,0.0,,,True
1791601200,2026-10-10T03:00:00Z,นาหมื่น,245,0.0,0.0,0.0,,,True
1791601200,2026-10-10T03:00:00Z,เวียงสา,543,0.0,0.0,0.0,,,True
1791601200,2026-10-10T03:00:00Z,น้ำโสม,153,0.0,0.0,0.0,,,True
1791601200,2026-10-10T03:00:00Z,นายูง,126,0.0,0.0,0.0,,,True
1791601200,2026-10-10T03:00:00Z,ชุมแพ,173,0.0,0.0,0.0,,,True
1791601200,2026-10-10T03:00:00Z,สีชมพู,132,0.0,0.0,0.0,,,True
1791601200,2026-10-10T03:00:00Z,สุวรรณคูหา,140,0.0,0.0,0.0,,,True
1791601200,2026-10-10T03:00:00Z,นาวัง,65,0.0,0.0,0.0,,,True
1791601200,2026-10-10T03:00:00Z,หนองเรือ,80,0.0,0.0,0.0,,,True
1791601200,2026-10-10T03:00:00Z,โนนสัง,51,0.0,0.0,0.0,,,True
1791601200,2026-10-10T03:00:00Z,ศรีบุญเรือง,224,0.0,0.0,0.0,,,True
1791601200,2026-10-10T03:00:00Z,เมืองหนองบัวลำภู,217,0.0,0.0,0.0,,,True
1791601200,2026-10-10T03:00:00Z,นากลาง,173,0.0,0.0,0.0,,,True
1791601200,2026-10-10T03:00:00Z,ทุ่งเสลี่ยม,144,0.0,0.0,0.0,,,True
1791601200,2026-10-10T03:00:00Z,ดอยหล่อ,56,0.0,0.0,0.0,,,True
1791601200,2026-10-10T03:00:00Z,เมืองตาก,486,0.0,0.0,0.0,,,True
1791601200,2026-10-10T03:00:00Z,แม่ออน,116,0.0,0.0,0.0,,,True
1791601200,2026-10-10T03:00:00Z,อุ้มผาง,1209,0.0,0.0,0.0,,,True
1791601200,2026-10-10T03:00:00Z,วังเจ้า,183,0.0,0.0,0.0,,,True
1791601200,2026-10-10T03:00:00Z,แม่สอด,398,0.0,0.0,0.0,,,True
1791601200,2026-10-10T03:00:00Z,พบพระ,249,0.0,0.0,0.0,,,True
1791601200,2026-10-10T03:00:00Z,แม่ระมาด,380,0.0,0.0,0.0,,,True
1791601200,2026-10-10T03:00:00Z,ท่าสองยาง,401,0.0,0.0,0.0,,,True
1791601200,2026-10-10T03:00:00Z,บ้านตาก,255,0.0,0.0,0.0,,,True
1791601200,2026-10-10T03:00:00Z,สามเงา,698,0.0,0.0,0.0,,,True
1791601200,2026-10-10T03:00:00Z,จอมทอง,280,0.0,0.0,0.0,,,True
1791601200,2026-10-10T03:00:00Z,แก้งสนามนาง,79,0.0,0.0,0.0,,,True
1791601200,2026-10-10T03:00:00Z,สีคิ้ว,292,0.0,0.0,0.0,,,True
1791601200,2026-10-10T03:00:00Z,พระทองคำ,90,0.0,0.0,0.0,,,True
1791601200,2026-10-10T03:00:00Z,เทพารักษ์,92,0.0,0.0,0.0,,,True
1791601200,2026-10-10T03:00:00Z,สันกำแพง,65,0.0,0.0,0.0,,,True
1791601200,2026-10-10T03:00:00Z,สันป่าตอง,44,0.0,0.0,0.0,,,True
1791601200,2026-10-10T03:00:00Z,ดอยเต่า,213,0.0,0.0,0.0,,,True
1791601200,2026-10-10T03:00:00Z,อมก๋อย,704,0.0,0.0,0.0,,,True
1791601200,2026-10-10T03:00:00Z,ฮอด,378,0.0,0.0,0.0,,,True
1791601200,2026-10-10T03:00:00Z,เมืองลำพูน,117,0.0,0.0,0.0,,,True
1791601200,2026-10-10T03:00:00Z,แม่ทา,192,0.0,0.0,0.0,,,True
1791601200,2026-10-10T03:00:00Z,บ้านธิ,34,0.0,0.0,0.0,,,True
1791601200,2026-10-10T03:00:00Z,บ้านหมอ,24,0.0,0.0,0.0,,,True
1791601200,2026-10-10T03:00:00Z,เวียงหนองล่อง,14,0.0,0.0,0.0,,,True
1791601200,2026-10-10T03:00:00Z,ทุ่งหัวช้าง,113,0.0,0.0,0.0,,,True
1791601200,2026-10-10T03:00:00Z,ป่าซาง,74,0.0,0.0,0.0,,,True
1791601200,2026-10-10T03:00:00Z,บ้านโฮ่ง,124,0.0,0.0,0.0,,,True
1791601200,2026-10-10T03:00:00Z,แก่งคอย,73,0.0,0.0,0.0,,,True
1791601200,2026-10-10T03:00:00Z,ลี้,454,0.0,0.0,0.0,,,True
1791601200,2026-10-10T03:00:00Z,พระพุทธบาท,55,0.0,0.0,0.0,,,True
1791601200,2026-10-10T03:00:00Z,ดอนพุด,7,0.0,0.0,0.0,,,True
1791601200,2026-10-10T03:00:00Z,หนองโดน,31,0.0,0.0,0.0,,,True
1791601200,2026-10-10T03:00:00Z,เมืองลำปาง,300,0.0,0.0,0.0,,,True
1791601200,2026-10-10T03:00:00Z,เถิน,443,0.0,0.0,0.0,,,True
1791601200,2026-10-10T03:00:00Z,แม่พริก,167,0.0,0.0,0.0,,,True
1791601200,2026-10-10T03:00:00Z,แจ้ห่ม,274,0.0,0.0,0.0,,,True
1791601200,2026-10-10T03:00:00Z,แม่เปิน,85,0.0,0.0,0.0,,,True
1791601200,2026-10-10T03:00:00Z,เสริมงาม,185,0.0,0.0,0.0,,,True
1791601200,2026-10-10T03:00:00Z,ชุมตาบง,61,0.0,0.0,0.0,,,True
1791601200,2026-10-10T03:00:00Z,งาว,344,0.0,0.0,0.0,,,True
1791601200,2026-10-10T03:00:00Z,ตากฟ้า,125,0.0,0.0,0.0,,,True
1791601200,2026-10-10T03:00:00Z,แม่เมาะ,283,0.0,0.0,0.0,,,True
1791601200,2026-10-10T03:00:00Z,แม่วงก์,257,0.0,0.0,0.0,,,True
1791601200,2026-10-10T03:00:00Z,เกาะคา,128,0.0,0.0,0.0,,,True
1791601200,2026-10-10T03:00:00Z,พยุหะคีรี,169,0.0,0.0,0.0,,,True
1791601200,2026-10-10T03:00:00Z,ลาดยาว,187,0.0,0.0,0.0,,,True
1791601200,2026-10-10T03:00:00Z,สบปราบ,125,0.0,0.0,0.0,,,True
1791601200,2026-10-10T03:00:00Z,ห้างฉัตร,154,0.0,0.0,0.0,,,True
1791601200,2026-10-10T03:00:00Z,แม่ทะ,203,0.0,0.0,0.0,,,True
1791601200,2026-10-10T03:00:00Z,เมืองปาน,202,0.0,0.0,0.0,,,True
1791601200,2026-10-10T03:00:00Z,เมืองอ่างทอง,6,0.0,0.0,0.0,,,True
1791601200,2026-10-10T03:00:00Z,ไชโย,20,0.0,0.0,0.0,,,True
1791601200,2026-10-10T03:00:00Z,สามโก้,10,0.0,0.0,0.0,,,True
1791601200,2026-10-10T03:00:00Z,แสวงหา,43,0.0,0.0,0.0,,,True
1791601200,2026-10-10T03:00:00Z,วิเศษชัยชาญ,7,0.0,0.0,0.0,,,True
1791601200,2026-10-10T03:00:00Z,โพธิ์ทอง,48,0.0,0.0,0.0,,,True
1791601200,2026-10-10T03:00:00Z,เมืองลพบุรี,190,0.0,0.0,0.0,,,True
1791601200,2026-10-10T03:00:00Z,เดิมบางนางบวช,130,0.0,0.0,0.0,,,True
1791601200,2026-10-10T03:00:00Z,ด่านช้าง,309,0.0,0.0,0.0,,,True
1791601200,2026-10-10T03:00:00Z,หนองม่วง,111,0.0,0.0,0.0,,,True
1791601200,2026-10-10T03:00:00Z,ลำสนธิ,136,0.0,0.0,0.0,,,True
1791601200,2026-10-10T03:00:00Z,สามชุก,77,0.0,0.0,0.0,,,True
1791601200,2026-10-10T03:00:00Z,ดอนเจดีย์,72,0.0,0.0,0.0,,,True
1791601200,2026-10-10T03:00:00Z,สระโบสถ์,83,0.0,0.0,0.0,,,True
1791601200,2026-10-10T03:00:00Z,ศรีประจันต์,41,0.0,0.0,0.0,,,True
1791601200,2026-10-10T03:00:00Z,โคกเจริญ,135,0.0,0.0,0.0,,,True
1791601200,2026-10-10T03:00:00Z,บ้านหมี่,136,0.0,0.0,0.0,,,True
1791601200,2026-10-10T03:00:00Z,ท่าหลวง,100,0.0,0.0,0.0,,,True
1791601200,2026-10-10T03:00:00Z,ชัยบาดาล,280,0.0,0.0,0.0,,,True
1791601200,2026-10-10T03:00:00Z,ท่าวุ้ง,64,0.0,0.0,0.0,,,True
1791601200,2026-10-10T03:00:00Z,พัฒนานิคม,217,0.0,0.0,0.0,,,True
1791601200,2026-10-10T03:00:00Z,โคกสำโรง,180,0.0,0.0,0.0,,,True
1791601200,2026-10-10T03:00:00Z,หนองหญ้าไซ,108,0.0,0.0,0.0,,,True
1791601200,2026-10-10T03:00:00Z,ท่าช้าง,11,0.0,0.0,0.0,,,True
1791601200,2026-10-10T03:00:00Z,อินทร์บุรี,66,0.0,0.0,0.0,,,True
1791601200,2026-10-10T03:00:00Z,ค่ายบางระจัน,26,0.0,0.0,0.0,,,True
1791601200,2026-10-10T03:00:00Z,พรหมบุรี,19,0.0,0.0,0.0,,,True
1791601200,2026-10-10T03:00:00Z,เนินสง่า,65,0.0,0.0,0.0,,,True
1791601200,2026-10-10T03:00:00Z,เมืองสิงห์บุรี,31,0.0,0.0,0.0,,,True
1791601200,2026-10-10T03:00:00Z,ซับใหญ่,72,0.0,0.0,0.0,,,True
1791601200,2026-10-10T03:00:00Z,บางระจัน,46,0.0,0.0,0.0,,,True
1791601200,2026-10-10T03:00:00Z,ภูกระดึง,190,0.0,0.0,0.0,,,True
1791601200,2026-10-10T03:00:00Z,ภูหลวง,145,0.0,0.0,0.0,,,True
1791601200,2026-10-10T03:00:00Z,หนองหิน,78,0.0,0.0,0.0,,,True
1791601200,2026-10-10T03:00:00Z,ผาขาว,100,0.0,0.0,0.0,,,True
1791601200,2026-10-10T03:00:00Z,เอราวัณ,87,0.0,0.0,0.0,,,True
1791601200,2026-10-10T03:00:00Z,วังสะพุง,281,0.0,0.0,0.0,,,True
1791601200,2026-10-10T03:00:00Z,วังม่วง,70,0.0,0.0,0.0,,,True
1791601200,2026-10-10T03:00:00Z,เฉลิมพระเกียรติ,35,0.0,0.0,0.0,,,True
1791601200,2026-10-10T03:00:00Z,มวกเหล็ก,175,0.0,0.0,0.0,,,True
1791601200,2026-10-10T03:00:00Z,บ้านเขว้า,124,0.0,0.0,0.0,,,True
1791601200,2026-10-10T03:00:00Z,คอนสวรรค์,113,0.0,0.0,0.0,,,True
1791601200,2026-10-10T03:00:00Z,เมืองชัยภูมิ,358,0.0,0.0,0.0,,,True
1791601200,2026-10-10T03:00:00Z,วังทอง,425,0.0,0.0,0.0,,,True
1791601200,2026-10-10T03:00:00Z,เนินมะปราง,276,0.0,0.0,0.0,,,True
1791601200,2026-10-10T03:00:00Z,สวรรคโลก,156,0.0,0.0,0.0,,,True
1791601200,2026-10-10T03:00:00Z,ศรีนคร,46,0.0,0.0,0.0,,,True
1791601200,2026-10-10T03:00:00Z,หันคา,139,0.0,0.0,0.0,,,True
1791601200,2026-10-10T03:00:00Z,ศรีสัชนาลัย,534,0.0,0.0,0.0,,,True
1791601200,2026-10-10T03:00:00Z,หนองมะโมง,76,0.0,0.0,0.0,,,True
1791601200,2026-10-10T03:00:00Z,ศรีสำโรง,142,0.0,0.0,0.0,,,True
1791601200,2026-10-10T03:00:00Z,สรรพยา,55,0.0,0.0,0.0,,,True
1791601200,2026-10-10T03:00:00Z,คีรีมาศ,171,0.0,0.0,0.0,,,True
1791601200,2026-10-10T03:00:00Z,สรรคบุรี,89,0.0,0.0,0.0,,,True
1791601200,2026-10-10T03:00:00Z,กงไกรลาศ,108,0.0,0.0,0.0,,,True
1791601200,2026-10-10T03:00:00Z,มโนรมย์,66,0.0,0.0,0.0,,,True
1791601200,2026-10-10T03:00:00Z,เมืองสุโขทัย,136,0.0,0.0,0.0,,,True
1791601200,2026-10-10T03:00:00Z,วัดสิงห์,67,0.0,0.0,0.0,,,True
1791601200,2026-10-10T03:00:00Z,บ้านด่านลานหอย,231,0.0,0.0,0.0,,,True
1791601200,2026-10-10T03:00:00Z,เมืองชัยนาท,70,0.0,0.0,0.0,,,True
1791601200,2026-10-10T03:00:00Z,เนินขาม,65,0.0,0.0,0.0,,,True
1791601200,2026-10-10T03:00:00Z,คอนสาร,334,0.0,0.0,0.0,,,True
1791601200,2026-10-10T03:00:00Z,ภักดีชุมพล,154,0.0,0.0,0.0,,,True
1791601200,2026-10-10T03:00:00Z,บ้านแท่น,76,0.0,0.0,0.0,,,True
1791601200,2026-10-10T03:00:00Z,แก้งคร้อ,168,0.0,0.0,0.0,,,True
1791601200,2026-10-10T03:00:00Z,ภูเขียว,201,0.0,0.0,0.0,,,True
1791601200,2026-10-10T03:00:00Z,หนองบัวระเหว,179,0.0,0.0,0.0,,,True
1791601200,2026-10-10T03:00:00Z,เทพสถิต,239,0.0,0.0,0.0,,,True
1791601200,2026-10-10T03:00:00Z,จัตุรัส,172,0.0,0.0,0.0,,,True
1791601200,2026-10-10T03:00:00Z,บำเหน็จณรงค์,120,0.0,0.0,0.0,,,True
1791601200,2026-10-10T03:00:00Z,เกษตรสมบูรณ์,268,0.0,0.0,0.0,,,True
1791601200,2026-10-10T03:00:00Z,หนองบัวแดง,537,0.0,0.0,0.0,,,True
1791601200,2026-10-10T03:00:00Z,ภูเรือ,168,0.0,0.0,0.0,,,True
1791601200,2026-10-10T03:00:00Z,ท่าลี่,171,0.0,0.0,0.0,,,True
1791601200,2026-10-10T03:00:00Z,วชิรบารมี,68,0.0,0.0,0.0,,,True
1791601200,2026-10-10T03:00:00Z,ด่านซ้าย,341,0.0,0.0,0.0,,,True
1791601200,2026-10-10T03:00:00Z,นาแห้ว,153,0.0,0.0,0.0,,,True
1791601200,2026-10-10T03:00:00Z,บึงนาราง,74,0.0,0.0,0.0,,,True
1791601200,2026-10-10T03:00:00Z,เชียงคาน,213,0.0,0.0,0.0,,,True
1791601200,2026-10-10T03:00:00Z,ดงเจริญ,56,0.0,0.0,0.0,,,True
1791601200,2026-10-10T03:00:00Z,ปากชม,240,0.0,0.0,0.0,,,True
1791601200,2026-10-10T03:00:00Z,เมืองเลย,314,0.0,0.0,0.0,,,True
1791601200,2026-10-10T03:00:00Z,นาด้วง,143,0.0,0.0,0.0,,,True
1791601200,2026-10-10T03:00:00Z,สากเหล็ก,45,0.0,0.0,0.0,,,True
1791601200,2026-10-10T03:00:00Z,สามง่าม,89,0.0,0.0,0.0,,,True
1791601200,2026-10-10T03:00:00Z,ทับคล้อ,104,0.0,0.0,0.0,,,True
1791601200,2026-10-10T03:00:00Z,พรหมพิราม,206,0.0,0.0,0.0,,,True
1791601200,2026-10-10T03:00:00Z,ด่านขุนทด,344,0.0,0.0,0.0,,,True
1791601200,2026-10-10T03:00:00Z,วัดโบสถ์,226,0.0,0.0,0.0,,,True
1791601200,2026-10-10T03:00:00Z,บางระกำ,246,0.0,0.0,0.0,,,True
1791601200,2026-10-10T03:00:00Z,บางกระทุ่ม,91,0.0,0.0,0.0,,,True
1791601200,2026-10-10T03:00:00Z,นครไทย,597,0.0,0.0,0.0,,,True
1791601200,2026-10-10T03:00:00Z,ชาติตระการ,415,0.0,0.0,0.0,,,True
1791601200,2026-10-10T03:00:00Z,บ้านเหลื่อม,55,0.0,0.0,0.0,,,True
1791601200,2026-10-10T03:00:00Z,เมืองพิษณุโลก,178,0.0,0.0,0.0,,,True
1791601200,2026-10-10T03:00:00Z,ชุมแสง,145,0.0,0.0,0.0,,,True
1791601200,2026-10-10T03:00:00Z,หนองบัว,208,0.0,0.0,0.0,,,True
1791601200,2026-10-10T03:00:00Z,เมืองนครสวรรค์,183,0.0,0.0,0.0,,,True
1791601200,2026-10-10T03:00:00Z,โกรกพระ,71,0.0,0.0,0.0,,,True
1791601200,2026-10-10T03:00:00Z,ไพศาลี,244,0.0,0.0,0.0,,,True
1791601200,2026-10-10T03:00:00Z,ตาคลี,206,0.0,0.0,0.0,,,True
1791601200,2026-10-10T03:00:00Z,ท่าตะโก,211,0.0,0.0,0.0,,,True
1791601200,2026-10-10T03:00:00Z,เขาค้อ,207,0.0,0.0,0.0,,,True
1791601200,2026-10-10T03:00:00Z,บรรพตพิสัย,181,0.0,0.0,0.0,,,True
1791601200,2026-10-10T03:00:00Z,เก้าเลี้ยว,57,0.0,0.0,0.0,,,True
1791601200,2026-10-10T03:00:00Z,วังโป่ง,123,0.0,0.0,0.0,,,True
1791601200,2026-10-10T03:00:00Z,บึงสามพัน,194,0.0,0.0,0.0,,,True
1791601200,2026-10-10T03:00:00Z,น้ำหนาว,231,0.0,0.0,0.0,,,True
1791601200,2026-10-10T03:00:00Z,ศรีเทพ,204,0.0,0.0,0.0,,,True
1791601200,2026-10-10T03:00:00Z,หนองไผ่,315,0.0,0.0,0.0,,,True
1791601200,2026-10-10T03:00:00Z,มหาราช,4,0.0,0.0,0.0,,,False
1791601200,2026-10-10T03:00:00Z,บ้านแพรก,10,0.0,0.0,0.0,,,True
1791601200,2026-10-10T03:00:00Z,บางมูลนาก,99,0.0,0.0,0.0,,,True
1791601200,2026-10-10T03:00:00Z,โพทะเล,131,0.0,0.0,0.0,,,True
1791601200,2026-10-10T03:00:00Z,โพธิ์ประทับช้าง,102,0.0,0.0,0.0,,,True
1791601200,2026-10-10T03:00:00Z,ตะพานหิน,109,0.0,0.0,0.0,,,True
1791601200,2026-10-10T03:00:00Z,เมืองพิจิตร,138,0.0,0.0,0.0,,,True
1791601200,2026-10-10T03:00:00Z,วังทรายพูน,66,0.0,0.0,0.0,,,True
1791602100,2026-10-10T03:15:00Z,พิชัย,176,0.0,0.0,0.0,,,True
1791602100,2026-10-10T03:15:00Z,ลับแล,116,0.0,0.0,0.0,,,True
1791602100,2026-10-10T03:15:00Z,ฟากท่า,163,0.0,0.0,0.0,,,True
1791602100,2026-10-10T03:15:00Z,บ้านโคก,247,0.0,0.0,0.0,,,True
1791602100,2026-10-10T03:15:00Z,ท่าปลา,442,0.0,0.0,0.0,,,True
1791602100,2026-10-10T03:15:00Z,น้ำปาด,363,0.0,0.0,0.0,,,True
1791602100,2026-10-10T03:15:00Z,เมืองอุตรดิตถ์,202,0.0,0.0,0.0,,,True
1791602100,2026-10-10T03:15:00Z,ตรอน,80,0.0,0.0,0.0,,,True
1791602100,2026-10-10T03:15:00Z,หล่มเก่า,246,0.0,0.0,0.0,,,True
1791602100,2026-10-10T03:15:00Z,วิเชียรบุรี,377,0.0,0.0,0.0,,,True
1791602100,2026-10-10T03:15:00Z,ชนแดน,279,0.0,0.0,0.0,,,True
1791602100,2026-10-10T03:15:00Z,หล่มสัก,350,0.0,0.0,0.0,,,True
1791602100,2026-10-10T03:15:00Z,เมืองเพชรบูรณ์,571,0.0,0.0,0.0,,,True
1791602100,2026-10-10T03:15:00Z,ทองแสนขัน,185,0.0,0.0,0.0,,,True
1791602100,2026-10-10T03:15:00Z,บึงสามัคคี,71,0.0,0.0,0.0,,,True
1791602100,2026-10-10T03:15:00Z,โกสัมพีนคร,137,0.0,0.0,0.0,,,True
1791602100,2026-10-10T03:15:00Z,สอง,380,0.0,0.0,0.0,,,True
1791602100,2026-10-10T03:15:00Z,วังชิ้น,255,0.0,0.0,0.0,,,True
1791602100,2026-10-10T03:15:00Z,สูงเม่น,88,0.0,0.0,0.0,,,True
1791602100,2026-10-10T03:15:00Z,เด่นชัย,135,0.0,0.0,0.0,,,True
1791602100,2026-10-10T03:15:00Z,ร้องกวาง,221,0.0,0.0,0.0,,,True
1791602100,2026-10-10T03:15:00Z,ลอง,317,0.0,0.0,0.0,,,True
1791602100,2026-10-10T03:15:00Z,เมืองแพร่,205,0.0,0.0,0.0,,,True
1791602100,2026-10-10T03:15:00Z,ทัพทัน,94,0.0,0.0,0.0,,,True
1791602100,2026-10-10T03:15:00Z,สว่างอารมณ์,110,0.0,0.0,0.0,,,True
1791602100,2026-10-10T03:15:00Z,เมืองอุทัยธานี,59,0.0,0.0,0.0,,,True
1791602100,2026-10-10T03:15:00Z,ห้วยคต,94,0.0,0.0,0.0,,,True
1791602100,2026-10-10T03:15:00Z,ศรีสวัสดิ์,440,0.0,0.0,0.0,,,True
1791602100,2026-10-10T03:15:00Z,บ้านไร่,821,0.0,0.0,0.0,,,True
1791602100,2026-10-10T03:15:00Z,ลานสัก,360,0.0,0.0,0.0,,,True
1791602100,2026-10-10T03:15:00Z,หนองฉาง,89,0.0,0.0,0.0,,,True
1791602100,2026-10-10T03:15:00Z,หนองขาหย่าง,43,0.0,0.0,0.0,,,True
1791602100,2026-10-10T03:15:00Z,เชียงม่วน,82,0.0,0.0,0.0,,,True
1791602100,2026-10-10T03:15:00Z,ดอกคำใต้,37,0.0,0.0,0.0,,,True
1791602100,2026-10-10T03:15:00Z,เมืองพะเยา,6,0.0,0.0,0.0,,,True
1791602100,2026-10-10T03:15:00Z,ทองผาภูมิ,851,0.0,0.0,0.0,,,True
1791602100,2026-10-10T03:15:00Z,สังขละบุรี,793,0.0,0.0,0.0,,,True
1791602100,2026-10-10T03:15:00Z,หนองม่วงไข่,35,0.0,0.0,0.0,,,True
1791602100,2026-10-10T03:15:00Z,ภูเวียง,81,0.0,0.0,0.0,,,True
1791602100,2026-10-10T03:15:00Z,มัญจาคีรี,50,0.0,0.0,0.0,,,True
1791602100,2026-10-10T03:15:00Z,หนองปรือ,104,0.0,0.0,0.0,,,True
1791602100,2026-10-10T03:15:00Z,เลาขวัญ,123,0.013,0.784,0.0163,,15,True
1791602100,2026-10-10T03:15:00Z,หนองนาคำ,43,0.0,0.0,0.0,,,True
1791602100,2026-10-10T03:15:00Z,โคกโพธิ์ไชย,65,0.0,0.0,0.0,,,True
1791602100,2026-10-10T03:15:00Z,บ้านหลวง,91,0.0,0.0,0.0,,,True
1791602100,2026-10-10T03:15:00Z,นาน้อย,266,0.0,0.0,0.0,,,True
1791602100,2026-10-10T03:15:00Z,ภูผาม่าน,74,0.0,0.0,0.0,,,True
1791602100,2026-10-10T03:15:00Z,เมืองน่าน,161,0.0,0.0,0.0,,,True
1791602100,2026-10-10T03:15:00Z,แม่จริม,262,0.0,0.0,0.0,,,True
1791602100,2026-10-10T03:15:00Z,เวียงเก่า,78,0.0,0.0,0.0,,,True
1791602100,2026-10-10T03:15:00Z,เมืองกำแพงเพชร,368,0.0,0.0,0.0,,,True
1791602100,2026-10-10T03:15:00Z,ไทรงาม,133,0.0,0.0,0.0,,,True
1791602100,2026-10-10T03:15:00Z,ปางศิลาทอง,186,0.0,0.0,0.0,,,True
1791602100,2026-10-10T03:15:00Z,ลานกระบือ,103,0.0,0.0,0.0,,,True
1791602100,2026-10-10T03:15:00Z,ทรายทองวัฒนา,53,0.0,0.0,0.0,,,True
1791602100,2026-10-10T03:15:00Z,คลองขลุง,179,0.0,0.0,0.0,,,True
1791602100,2026-10-10T03:15:00Z,พรานกระต่าย,252,0.0,0.0,0.0,,,True
1791602100,2026-10-10T03:15:00Z,คลองลาน,363,0.0,0.0,0.0,,,True
1791602100,2026-10-10T03:15:00Z,ขาณุวรลักษบุรี,296,0.0,0.0,0.0,,,True
1791602100,2026-10-10T03:15:00Z,ภูเพียง,113,0.0,0.0,0.0,,,True
1791602100,2026-10-10T03:15:00Z,นาหมื่น,245,0.0,0.0,0.0,,,True
1791602100,2026-10-10T03:15:00Z,เวียงสา,543,0.0,0.0,0.0,,,True
1791602100,2026-10-10T03:15:00Z,น้ำโสม,153,0.0,0.0,0.0,,,True
1791602100,2026-10-10T03:15:00Z,นายูง,126,0.0,0.0,0.0,,,True
1791602100,2026-10-10T03:15:00Z,ชุมแพ,173,0.0,0.0,0.0,,,True
1791602100,2026-10-10T03:15:00Z,สีชมพู,132,0.0,0.0,0.0,,,True
1791602100,2026-10-10T03:15:00Z,สุวรรณคูหา,140,0.0,0.0,0.0,,,True
1791602100,2026-10-10T03:15:00Z,นาวัง,65,0.0,0.0,0.0,,,True
1791602100,2026-10-10T03:15:00Z,หนองเรือ,80,0.0,0.0,0.0,,,True
1791602100,2026-10-10T03:15:00Z,โนนสัง,51,0.0,0.0,0.0,,,True
1791602100,2026-10-10T03:15:00Z,ศรีบุญเรือง,224,0.0,0.0,0.0,,,True
1791602100,2026-10-10T03:15:00Z,เมืองหนองบัวลำภู,217,0.0,0.0,0.0,,,True
1791602100,2026-10-10T03:15:00Z,นากลาง,173,0.0,0.0,0.0,,,True
1791602100,2026-10-10T03:15:00Z,ทุ่งเสลี่ยม,144,0.0,0.0,0.0,,,True
1791602100,2026-10-10T03:15:00Z,ดอยหล่อ,56,0.0,0.0,0.0,,,True
1791602100,2026-10-10T03:15:00Z,เมืองตาก,486,0.0,0.0,0.0,,,True
1791602100,2026-10-10T03:15:00Z,แม่ออน,116,0.0,0.0,0.0,,,True
1791602100,2026-10-10T03:15:00Z,อุ้มผาง,1209,0.0,0.0,0.0,,,True
1791602100,2026-10-10T03:15:00Z,วังเจ้า,183,0.0,0.0,0.0,,,True
1791602100,2026-10-10T03:15:00Z,แม่สอด,398,0.0,0.0,0.0,,,True
1791602100,2026-10-10T03:15:00Z,พบพระ,249,0.0,0.0,0.0,,,True
1791602100,2026-10-10T03:15:00Z,แม่ระมาด,380,0.0,0.0,0.0,,,True
1791602100,2026-10-10T03:15:00Z,ท่าสองยาง,401,0.0,0.0,0.0,,,True
1791602100,2026-10-10T03:15:00Z,บ้านตาก,255,0.0,0.0,0.0,,,True
1791602100,2026-10-10T03:15:00Z,สามเงา,698,0.0,0.0,0.0,,,True
1791602100,2026-10-10T03:15:00Z,จอมทอง,280,0.0,0.0,0.0,,,True
1791602100,2026-10-10T03:15:00Z,แก้งสนามนาง,79,0.0,0.0,0.0,,,True
1791602100,2026-10-10T03:15:00Z,สีคิ้ว,292,0.0,0.0,0.0,,,True
1791602100,2026-10-10T03:15:00Z,พระทองคำ,90,0.0,0.0,0.0,,,True
1791602100,2026-10-10T03:15:00Z,เทพารักษ์,92,0.0,0.0,0.0,,,True
1791602100,2026-10-10T03:15:00Z,สันกำแพง,65,0.0,0.0,0.0,,,True
1791602100,2026-10-10T03:15:00Z,สันป่าตอง,44,0.0,0.0,0.0,,,True
1791602100,2026-10-10T03:15:00Z,ดอยเต่า,213,0.0,0.0,0.0,,,True
1791602100,2026-10-10T03:15:00Z,อมก๋อย,704,0.0,0.0,0.0,,,True
1791602100,2026-10-10T03:15:00Z,ฮอด,378,0.0,0.0,0.0,,,True
1791602100,2026-10-10T03:15:00Z,เมืองลำพูน,117,0.0,0.0,0.0,,,True
1791602100,2026-10-10T03:15:00Z,แม่ทา,192,0.0,0.0,0.0,,,True
1791602100,2026-10-10T03:15:00Z,บ้านธิ,34,0.0,0.0,0.0,,,True
1791602100,2026-10-10T03:15:00Z,บ้านหมอ,24,0.0,0.0,0.0,,,True
1791602100,2026-10-10T03:15:00Z,เวียงหนองล่อง,14,0.0,0.0,0.0,,,True
1791602100,2026-10-10T03:15:00Z,ทุ่งหัวช้าง,113,0.0,0.0,0.0,,,True
1791602100,2026-10-10T03:15:00Z,ป่าซาง,74,0.0,0.0,0.0,,,True
1791602100,2026-10-10T03:15:00Z,บ้านโฮ่ง,124,0.0,0.0,0.0,,,True
1791602100,2026-10-10T03:15:00Z,แก่งคอย,73,0.0,0.0,0.0,,,True
1791602100,2026-10-10T03:15:00Z,ลี้,454,0.0,0.0,0.0,,,True
1791602100,2026-10-10T03:15:00Z,พระพุทธบาท,55,0.0,0.0,0.0,,,True
1791602100,2026-10-10T03:15:00Z,ดอนพุด,7,0.0,0.0,0.0,,,True
1791602100,2026-10-10T03:15:00Z,หนองโดน,31,0.0,0.0,0.0,,,True
1791602100,2026-10-10T03:15:00Z,เมืองลำปาง,300,0.0,0.0,0.0,,,True
1791602100,2026-10-10T03:15:00Z,เถิน,443,0.0,0.0,0.0,,,True
1791602100,2026-10-10T03:15:00Z,แม่พริก,167,0.0,0.0,0.0,,,True
1791602100,2026-10-10T03:15:00Z,แจ้ห่ม,274,0.0,0.0,0.0,,,True
1791602100,2026-10-10T03:15:00Z,แม่เปิน,85,0.0,0.0,0.0,,,True
1791602100,2026-10-10T03:15:00Z,เสริมงาม,185,0.0,0.0,0.0,,,True
1791602100,2026-10-10T03:15:00Z,ชุมตาบง,61,0.0,0.0,0.0,,,True
1791602100,2026-10-10T03:15:00Z,งาว,344,0.0,0.0,0.0,,,True
1791602100,2026-10-10T03:15:00Z,ตากฟ้า,125,0.0,0.0,0.0,,,True
1791602100,2026-10-10T03:15:00Z,แม่เมาะ,283,0.0,0.0,0.0,,,True
1791602100,2026-10-10T03:15:00Z,แม่วงก์,257,0.0,0.0,0.0,,,True
1791602100,2026-10-10T03:15:00Z,เกาะคา,128,0.0,0.0,0.0,,,True
1791602100,2026-10-10T03:15:00Z,พยุหะคีรี,169,0.0,0.0,0.0,,,True
1791602100,2026-10-10T03:15:00Z,ลาดยาว,187,0.0,0.0,0.0,,,True
1791602100,2026-10-10T03:15:00Z,สบปราบ,125,0.0,0.0,0.0,,,True
1791602100,2026-10-10T03:15:00Z,ห้างฉัตร,154,0.0,0.0,0.0,,,True
1791602100,2026-10-10T03:15:00Z,แม่ทะ,203,0.0,0.0,0.0,,,True
1791602100,2026-10-10T03:15:00Z,เมืองปาน,202,0.0,0.0,0.0,,,True
1791602100,2026-10-10T03:15:00Z,เมืองอ่างทอง,6,0.0,0.0,0.0,,,True
1791602100,2026-10-10T03:15:00Z,ไชโย,20,0.0,0.0,0.0,,,True
1791602100,2026-10-10T03:15:00Z,สามโก้,10,0.0,0.0,0.0,,,True
1791602100,2026-10-10T03:15:00Z,แสวงหา,43,0.018,0.784,0.0233,,15,True
1791602100,2026-10-10T03:15:00Z,วิเศษชัยชาญ,7,0.0,0.0,0.0,,,True
1791602100,2026-10-10T03:15:00Z,โพธิ์ทอง,48,0.0,0.0,0.0,,,True
1791602100,2026-10-10T03:15:00Z,เมืองลพบุรี,190,0.0,0.0,0.0,,,True
1791602100,2026-10-10T03:15:00Z,เดิมบางนางบวช,130,0.0,0.0,0.0,,,True
1791602100,2026-10-10T03:15:00Z,ด่านช้าง,309,0.0,0.0,0.0,,,True
1791602100,2026-10-10T03:15:00Z,หนองม่วง,111,0.0,0.0,0.0,,,True
1791602100,2026-10-10T03:15:00Z,ลำสนธิ,136,0.0,0.0,0.0,,,True
1791602100,2026-10-10T03:15:00Z,สามชุก,77,0.0,0.0,0.0,,,True
1791602100,2026-10-10T03:15:00Z,ดอนเจดีย์,72,0.0,0.0,0.0,,,True
1791602100,2026-10-10T03:15:00Z,สระโบสถ์,83,0.0,0.0,0.0,,,True
1791602100,2026-10-10T03:15:00Z,ศรีประจันต์,41,0.0,0.0,0.0,,,True
1791602100,2026-10-10T03:15:00Z,โคกเจริญ,135,0.0,0.0,0.0,,,True
1791602100,2026-10-10T03:15:00Z,บ้านหมี่,136,0.0,0.0,0.0,,,True
1791602100,2026-10-10T03:15:00Z,ท่าหลวง,100,0.0,0.0,0.0,,,True
1791602100,2026-10-10T03:15:00Z,ชัยบาดาล,280,0.0,0.0,0.0,,,True
1791602100,2026-10-10T03:15:00Z,ท่าวุ้ง,64,0.0,0.0,0.0,,,True
1791602100,2026-10-10T03:15:00Z,พัฒนานิคม,217,0.0,0.0,0.0,,,True
1791602100,2026-10-10T03:15:00Z,โคกสำโรง,180,0.0,0.0,0.0,,,True
1791602100,2026-10-10T03:15:00Z,หนองหญ้าไซ,108,0.0,0.0,0.0,,,True
1791602100,2026-10-10T03:15:00Z,ท่าช้าง,11,0.0,0.0,0.0,,,True
1791602100,2026-10-10T03:15:00Z,อินทร์บุรี,66,0.0,0.0,0.0,,,True
1791602100,2026-10-10T03:15:00Z,ค่ายบางระจัน,26,0.0,0.0,0.0,,,True
1791602100,2026-10-10T03:15:00Z,พรหมบุรี,19,0.0,0.0,0.0,,,True
1791602100,2026-10-10T03:15:00Z,เนินสง่า,65,0.0,0.0,0.0,,,True
1791602100,2026-10-10T03:15:00Z,เมืองสิงห์บุรี,31,0.0,0.0,0.0,,,True
1791602100,2026-10-10T03:15:00Z,ซับใหญ่,72,0.0,0.0,0.0,,,True
1791602100,2026-10-10T03:15:00Z,บางระจัน,46,0.0,0.0,0.0,,,True
1791602100,2026-10-10T03:15:00Z,ภูกระดึง,190,0.0,0.0,0.0,,,True
1791602100,2026-10-10T03:15:00Z,ภูหลวง,145,0.0,0.0,0.0,,,True
1791602100,2026-10-10T03:15:00Z,หนองหิน,78,0.0,0.0,0.0,,,True
1791602100,2026-10-10T03:15:00Z,ผาขาว,100,0.0,0.0,0.0,,,True
1791602100,2026-10-10T03:15:00Z,เอราวัณ,87,0.0,0.0,0.0,,,True
1791602100,2026-10-10T03:15:00Z,วังสะพุง,281,0.0,0.0,0.0,,,True
1791602100,2026-10-10T03:15:00Z,วังม่วง,70,0.0,0.0,0.0,,,True
1791602100,2026-10-10T03:15:00Z,เฉลิมพระเกียรติ,35,0.0,0.0,0.0,,,True
1791602100,2026-10-10T03:15:00Z,มวกเหล็ก,175,0.0,0.0,0.0,,,True
1791602100,2026-10-10T03:15:00Z,บ้านเขว้า,124,0.0,0.0,0.0,,,True
1791602100,2026-10-10T03:15:00Z,คอนสวรรค์,113,0.0,0.0,0.0,,,True
1791602100,2026-10-10T03:15:00Z,เมืองชัยภูมิ,358,0.0,0.0,0.0,,,True
1791602100,2026-10-10T03:15:00Z,วังทอง,425,0.0,0.0,0.0,,,True
1791602100,2026-10-10T03:15:00Z,เนินมะปราง,276,0.0,0.0,0.0,,,True
1791602100,2026-10-10T03:15:00Z,สวรรคโลก,156,0.0,0.0,0.0,,,True
1791602100,2026-10-10T03:15:00Z,ศรีนคร,46,0.0,0.0,0.0,,,True
1791602100,2026-10-10T03:15:00Z,หันคา,139,0.0,0.0,0.0,,,True
1791602100,2026-10-10T03:15:00Z,ศรีสัชนาลัย,534,0.0,0.0,0.0,,,True
1791602100,2026-10-10T03:15:00Z,หนองมะโมง,76,0.0,0.0,0.0,,,True
1791602100,2026-10-10T03:15:00Z,ศรีสำโรง,142,0.0,0.0,0.0,,,True
1791602100,2026-10-10T03:15:00Z,สรรพยา,55,0.0,0.0,0.0,,,True
1791602100,2026-10-10T03:15:00Z,คีรีมาศ,171,0.0,0.0,0.0,,,True
1791602100,2026-10-10T03:15:00Z,สรรคบุรี,89,0.0,0.0,0.0,,,True
1791602100,2026-10-10T03:15:00Z,กงไกรลาศ,108,0.0,0.0,0.0,,,True
1791602100,2026-10-10T03:15:00Z,มโนรมย์,66,0.0,0.0,0.0,,,True
1791602100,2026-10-10T03:15:00Z,เมืองสุโขทัย,136,0.0,0.0,0.0,,,True
1791602100,2026-10-10T03:15:00Z,วัดสิงห์,67,0.0,0.0,0.0,,,True
1791602100,2026-10-10T03:15:00Z,บ้านด่านลานหอย,231,0.0,0.0,0.0,,,True
1791602100,2026-10-10T03:15:00Z,เมืองชัยนาท,70,0.0,0.0,0.0,,,True
1791602100,2026-10-10T03:15:00Z,เนินขาม,65,0.0,0.0,0.0,,,True
1791602100,2026-10-10T03:15:00Z,คอนสาร,334,0.0,0.0,0.0,,,True
1791602100,2026-10-10T03:15:00Z,ภักดีชุมพล,154,0.0,0.0,0.0,,,True
1791602100,2026-10-10T03:15:00Z,บ้านแท่น,76,0.0,0.0,0.0,,,True
1791602100,2026-10-10T03:15:00Z,แก้งคร้อ,168,0.0,0.0,0.0,,,True
1791602100,2026-10-10T03:15:00Z,ภูเขียว,201,0.0,0.0,0.0,,,True
1791602100,2026-10-10T03:15:00Z,หนองบัวระเหว,179,0.0,0.0,0.0,,,True
1791602100,2026-10-10T03:15:00Z,เทพสถิต,239,0.0,0.0,0.0,,,True
1791602100,2026-10-10T03:15:00Z,จัตุรัส,172,0.0,0.0,0.0,,,True
1791602100,2026-10-10T03:15:00Z,บำเหน็จณรงค์,120,0.0,0.0,0.0,,,True
1791602100,2026-10-10T03:15:00Z,เกษตรสมบูรณ์,268,0.0,0.0,0.0,,,True
1791602100,2026-10-10T03:15:00Z,หนองบัวแดง,537,0.0,0.0,0.0,,,True
1791602100,2026-10-10T03:15:00Z,ภูเรือ,168,0.0,0.0,0.0,,,True
1791602100,2026-10-10T03:15:00Z,ท่าลี่,171,0.0,0.0,0.0,,,True
1791602100,2026-10-10T03:15:00Z,วชิรบารมี,68,0.0,0.0,0.0,,,True
1791602100,2026-10-10T03:15:00Z,ด่านซ้าย,341,0.0,0.0,0.0,,,True
1791602100,2026-10-10T03:15:00Z,นาแห้ว,153,0.0,0.0,0.0,,,True
1791602100,2026-10-10T03:15:00Z,บึงนาราง,74,0.0,0.0,0.0,,,True
1791602100,2026-10-10T03:15:00Z,เชียงคาน,213,0.0,0.0,0.0,,,True
1791602100,2026-10-10T03:15:00Z,ดงเจริญ,56,0.0,0.0,0.0,,,True
1791602100,2026-10-10T03:15:00Z,ปากชม,240,0.0,0.0,0.0,,,True
1791602100,2026-10-10T03:15:00Z,เมืองเลย,314,0.0,0.0,0.0,,,True
1791602100,2026-10-10T03:15:00Z,นาด้วง,143,0.0,0.0,0.0,,,True
1791602100,2026-10-10T03:15:00Z,สากเหล็ก,45,0.0,0.0,0.0,,,True
1791602100,2026-10-10T03:15:00Z,สามง่าม,89,0.0,0.0,0.0,,,True
1791602100,2026-10-10T03:15:00Z,ทับคล้อ,104,0.0,0.0,0.0,,,True
1791602100,2026-10-10T03:15:00Z,พรหมพิราม,206,0.0,0.0,0.0,,,True
1791602100,2026-10-10T03:15:00Z,ด่านขุนทด,344,0.0,0.0,0.0,,,True
1791602100,2026-10-10T03:15:00Z,วัดโบสถ์,226,0.0,0.0,0.0,,,True
1791602100,2026-10-10T03:15:00Z,บางระกำ,246,0.0,0.0,0.0,,,True
1791602100,2026-10-10T03:15:00Z,บางกระทุ่ม,91,0.0,0.0,0.0,,,True
1791602100,2026-10-10T03:15:00Z,นครไทย,597,0.0,0.0,0.0,,,True
1791602100,2026-10-10T03:15:00Z,ชาติตระการ,415,0.0,0.0,0.0,,,True
1791602100,2026-10-10T03:15:00Z,บ้านเหลื่อม,55,0.0,0.0,0.0,,,True
1791602100,2026-10-10T03:15:00Z,เมืองพิษณุโลก,178,0.0,0.0,0.0,,,True
1791602100,2026-10-10T03:15:00Z,ชุมแสง,145,0.0,0.0,0.0,,,True
1791602100,2026-10-10T03:15:00Z,หนองบัว,208,0.0,0.0,0.0,,,True
1791602100,2026-10-10T03:15:00Z,เมืองนครสวรรค์,183,0.0,0.0,0.0,,,True
1791602100,2026-10-10T03:15:00Z,โกรกพระ,71,0.0,0.0,0.0,,,True
1791602100,2026-10-10T03:15:00Z,ไพศาลี,244,0.0,0.0,0.0,,,True
1791602100,2026-10-10T03:15:00Z,ตาคลี,206,0.0,0.0,0.0,,,True
1791602100,2026-10-10T03:15:00Z,ท่าตะโก,211,0.0,0.0,0.0,,,True
1791602100,2026-10-10T03:15:00Z,เขาค้อ,207,0.0,0.0,0.0,,,True
1791602100,2026-10-10T03:15:00Z,บรรพตพิสัย,181,0.0,0.0,0.0,,,True
1791602100,2026-10-10T03:15:00Z,เก้าเลี้ยว,57,0.0,0.0,0.0,,,True
1791602100,2026-10-10T03:15:00Z,วังโป่ง,123,0.0,0.0,0.0,,,True
1791602100,2026-10-10T03:15:00Z,บึงสามพัน,194,0.0,0.0,0.0,,,True
1791602100,2026-10-10T03:15:00Z,น้ำหนาว,231,0.0,0.0,0.0,,,True
1791602100,2026-10-10T03:15:00Z,ศรีเทพ,204,0.0,0.0,0.0,,,True
1791602100,2026-10-10T03:15:00Z,หนองไผ่,315,0.0,0.0,0.0,,,True
1791602100,2026-10-10T03:15:00Z,มหาราช,4,0.0,0.0,0.0,,,False
1791602100,2026-10-10T03:15:00Z,บ้านแพรก,10,0.0,0.0,0.0,,,True
1791602100,2026-10-10T03:15:00Z,บางมูลนาก,99,0.0,0.0,0.0,,,True
1791602100,2026-10-10T03:15:00Z,โพทะเล,131,0.0,0.0,0.0,,,True
1791602100,2026-10-10T03:15:00Z,โพธิ์ประทับช้าง,102,0.0,0.0,0.0,,,True
1791602100,2026-10-10T03:15:00Z,ตะพานหิน,109,0.0,0.0,0.0,,,True
1791602100,2026-10-10T03:15:00Z,เมืองพิจิตร,138,0.0,0.0,0.0,,,True
1791602100,2026-10-10T03:15:00Z,วังทรายพูน,66,0.0,0.0,0.0,,,True
1791603000,2026-10-10T03:30:00Z,พิชัย,176,0.0,0.0,0.0,,,True
1791603000,2026-10-10T03:30:00Z,ลับแล,116,0.0,0.0,0.0,,,True
1791603000,2026-10-10T03:30:00Z,ฟากท่า,163,0.0,0.0,0.0,,,True
1791603000,2026-10-10T03:30:00Z,บ้านโคก,247,0.0,0.0,0.0,,,True
1791603000,2026-10-10T03:30:00Z,ท่าปลา,442,0.0,0.0,0.0,,,True
1791603000,2026-10-10T03:30:00Z,น้ำปาด,363,0.0,0.0,0.0,,,True
1791603000,2026-10-10T03:30:00Z,เมืองอุตรดิตถ์,202,0.0,0.0,0.0,,,True
1791603000,2026-10-10T03:30:00Z,ตรอน,80,0.0,0.0,0.0,,,True
1791603000,2026-10-10T03:30:00Z,หล่มเก่า,246,0.0,0.0,0.0,,,True
1791603000,2026-10-10T03:30:00Z,วิเชียรบุรี,377,0.0,0.0,0.0,,,True
1791603000,2026-10-10T03:30:00Z,ชนแดน,279,0.0,0.0,0.0,,,True
1791603000,2026-10-10T03:30:00Z,หล่มสัก,350,0.0,0.0,0.0,,,True
1791603000,2026-10-10T03:30:00Z,เมืองเพชรบูรณ์,571,0.0,0.0,0.0,,,True
1791603000,2026-10-10T03:30:00Z,ทองแสนขัน,185,0.0,0.0,0.0,,,True
1791603000,2026-10-10T03:30:00Z,บึงสามัคคี,71,0.0,0.0,0.0,,,True
1791603000,2026-10-10T03:30:00Z,โกสัมพีนคร,137,0.0,0.0,0.0,,,True
1791603000,2026-10-10T03:30:00Z,สอง,380,0.0,0.0,0.0,,,True
1791603000,2026-10-10T03:30:00Z,วังชิ้น,255,0.0,0.0,0.0,,,True
1791603000,2026-10-10T03:30:00Z,สูงเม่น,88,0.0,0.0,0.0,,,True
1791603000,2026-10-10T03:30:00Z,เด่นชัย,135,0.0,0.0,0.0,,,True
1791603000,2026-10-10T03:30:00Z,ร้องกวาง,221,0.0,0.0,0.0,,,True
1791603000,2026-10-10T03:30:00Z,ลอง,317,0.0,0.0,0.0,,,True
1791603000,2026-10-10T03:30:00Z,เมืองแพร่,205,0.0,0.0,0.0,,,True
1791603000,2026-10-10T03:30:00Z,ทัพทัน,94,0.0,0.0,0.0,,,True
1791603000,2026-10-10T03:30:00Z,สว่างอารมณ์,110,0.0,0.0,0.0,,,True
1791603000,2026-10-10T03:30:00Z,เมืองอุทัยธานี,59,0.0,0.0,0.0,,,True
1791603000,2026-10-10T03:30:00Z,ห้วยคต,94,0.0,0.0,0.0,,,True
1791603000,2026-10-10T03:30:00Z,ศรีสวัสดิ์,440,0.0,0.0,0.0,,,True
1791603000,2026-10-10T03:30:00Z,บ้านไร่,821,0.01,0.848,0.0341,,30,True
1791603000,2026-10-10T03:30:00Z,ลานสัก,360,0.0,0.0,0.0,,,True
1791603000,2026-10-10T03:30:00Z,หนองฉาง,89,0.0,0.0,0.0,,,True
1791603000,2026-10-10T03:30:00Z,หนองขาหย่าง,43,0.0,0.0,0.0,,,True
1791603000,2026-10-10T03:30:00Z,เชียงม่วน,82,0.0,0.0,0.0,,,True
1791603000,2026-10-10T03:30:00Z,ดอกคำใต้,37,0.0,0.0,0.0,,,True
1791603000,2026-10-10T03:30:00Z,เมืองพะเยา,6,0.0,0.0,0.0,,,True
1791603000,2026-10-10T03:30:00Z,ทองผาภูมิ,851,0.0,0.0,0.0,,,True
1791603000,2026-10-10T03:30:00Z,สังขละบุรี,793,0.0,0.0,0.0,,,True
1791603000,2026-10-10T03:30:00Z,หนองม่วงไข่,35,0.0,0.0,0.0,,,True
1791603000,2026-10-10T03:30:00Z,ภูเวียง,81,0.0,0.0,0.0,,,True
1791603000,2026-10-10T03:30:00Z,มัญจาคีรี,50,0.0,0.0,0.0,,,True
1791603000,2026-10-10T03:30:00Z,หนองปรือ,104,0.0,0.0,0.0,,,True
1791603000,2026-10-10T03:30:00Z,เลาขวัญ,123,0.0,0.0,0.0,,,True
1791603000,2026-10-10T03:30:00Z,หนองนาคำ,43,0.0,0.0,0.0,,,True
1791603000,2026-10-10T03:30:00Z,โคกโพธิ์ไชย,65,0.0,0.0,0.0,,,True
1791603000,2026-10-10T03:30:00Z,บ้านหลวง,91,0.0,0.0,0.0,,,True
1791603000,2026-10-10T03:30:00Z,นาน้อย,266,0.0,0.0,0.0,,,True
1791603000,2026-10-10T03:30:00Z,ภูผาม่าน,74,0.0,0.0,0.0,,,True
1791603000,2026-10-10T03:30:00Z,เมืองน่าน,161,0.0,0.0,0.0,,,True
1791603000,2026-10-10T03:30:00Z,แม่จริม,262,0.0,0.0,0.0,,,True
1791603000,2026-10-10T03:30:00Z,เวียงเก่า,78,0.0,0.0,0.0,,,True
1791603000,2026-10-10T03:30:00Z,เมืองกำแพงเพชร,368,0.0,0.0,0.0,,,True
1791603000,2026-10-10T03:30:00Z,ไทรงาม,133,0.0,0.0,0.0,,,True
1791603000,2026-10-10T03:30:00Z,ปางศิลาทอง,186,0.0,0.0,0.0,,,True
1791603000,2026-10-10T03:30:00Z,ลานกระบือ,103,0.0,0.0,0.0,,,True
1791603000,2026-10-10T03:30:00Z,ทรายทองวัฒนา,53,0.0,0.0,0.0,,,True
1791603000,2026-10-10T03:30:00Z,คลองขลุง,179,0.0,0.0,0.0,,,True
1791603000,2026-10-10T03:30:00Z,พรานกระต่าย,252,0.0,0.0,0.0,,,True
1791603000,2026-10-10T03:30:00Z,คลองลาน,363,0.0,0.0,0.0,,,True
1791603000,2026-10-10T03:30:00Z,ขาณุวรลักษบุรี,296,0.0,0.0,0.0,,,True
1791603000,2026-10-10T03:30:00Z,ภูเพียง,113,0.0,0.0,0.0,,,True
1791603000,2026-10-10T03:30:00Z,นาหมื่น,245,0.0,0.0,0.0,,,True
1791603000,2026-10-10T03:30:00Z,เวียงสา,543,0.0,0.0,0.0,,,True
1791603000,2026-10-10T03:30:00Z,น้ำโสม,153,0.0,0.0,0.0,,,True
1791603000,2026-10-10T03:30:00Z,นายูง,126,0.0,0.0,0.0,,,True
1791603000,2026-10-10T03:30:00Z,ชุมแพ,173,0.0,0.0,0.0,,,True
1791603000,2026-10-10T03:30:00Z,สีชมพู,132,0.0,0.0,0.0,,,True
1791603000,2026-10-10T03:30:00Z,สุวรรณคูหา,140,0.0,0.0,0.0,,,True
1791603000,2026-10-10T03:30:00Z,นาวัง,65,0.0,0.0,0.0,,,True
1791603000,2026-10-10T03:30:00Z,หนองเรือ,80,0.0,0.0,0.0,,,True
1791603000,2026-10-10T03:30:00Z,โนนสัง,51,0.0,0.0,0.0,,,True
1791603000,2026-10-10T03:30:00Z,ศรีบุญเรือง,224,0.0,0.0,0.0,,,True
1791603000,2026-10-10T03:30:00Z,เมืองหนองบัวลำภู,217,0.0,0.0,0.0,,,True
1791603000,2026-10-10T03:30:00Z,นากลาง,173,0.0,0.0,0.0,,,True
1791603000,2026-10-10T03:30:00Z,ทุ่งเสลี่ยม,144,0.0,0.0,0.0,,,True
1791603000,2026-10-10T03:30:00Z,ดอยหล่อ,56,0.0,0.0,0.0,,,True
1791603000,2026-10-10T03:30:00Z,เมืองตาก,486,0.0,0.0,0.0,,,True
1791603000,2026-10-10T03:30:00Z,แม่ออน,116,0.0,0.0,0.0,,,True
1791603000,2026-10-10T03:30:00Z,อุ้มผาง,1209,0.0,0.0,0.0,,,True
1791603000,2026-10-10T03:30:00Z,วังเจ้า,183,0.0,0.0,0.0,,,True
1791603000,2026-10-10T03:30:00Z,แม่สอด,398,0.0,0.0,0.0,,,True
1791603000,2026-10-10T03:30:00Z,พบพระ,249,0.0,0.0,0.0,,,True
1791603000,2026-10-10T03:30:00Z,แม่ระมาด,380,0.0,0.0,0.0,,,True
1791603000,2026-10-10T03:30:00Z,ท่าสองยาง,401,0.0,0.0,0.0,,,True
1791603000,2026-10-10T03:30:00Z,บ้านตาก,255,0.0,0.0,0.0,,,True
1791603000,2026-10-10T03:30:00Z,สามเงา,698,0.0,0.0,0.0,,,True
1791603000,2026-10-10T03:30:00Z,จอมทอง,280,0.0,0.0,0.0,,,True
1791603000,2026-10-10T03:30:00Z,แก้งสนามนาง,79,0.0,0.0,0.0,,,True
1791603000,2026-10-10T03:30:00Z,สีคิ้ว,292,0.0,0.0,0.0,,,True
1791603000,2026-10-10T03:30:00Z,พระทองคำ,90,0.0,0.0,0.0,,,True
1791603000,2026-10-10T03:30:00Z,เทพารักษ์,92,0.0,0.0,0.0,,,True
1791603000,2026-10-10T03:30:00Z,สันกำแพง,65,0.0,0.0,0.0,,,True
1791603000,2026-10-10T03:30:00Z,สันป่าตอง,44,0.0,0.0,0.0,,,True
1791603000,2026-10-10T03:30:00Z,ดอยเต่า,213,0.0,0.0,0.0,,,True
1791603000,2026-10-10T03:30:00Z,อมก๋อย,704,0.0,0.0,0.0,,,True
1791603000,2026-10-10T03:30:00Z,ฮอด,378,0.0,0.0,0.0,,,True
1791603000,2026-10-10T03:30:00Z,เมืองลำพูน,117,0.0,0.0,0.0,,,True
1791603000,2026-10-10T03:30:00Z,แม่ทา,192,0.0,0.0,0.0,,,True
1791603000,2026-10-10T03:30:00Z,บ้านธิ,34,0.0,0.0,0.0,,,True
1791603000,2026-10-10T03:30:00Z,บ้านหมอ,24,0.0,0.0,0.0,,,True
1791603000,2026-10-10T03:30:00Z,เวียงหนองล่อง,14,0.0,0.0,0.0,,,True
1791603000,2026-10-10T03:30:00Z,ทุ่งหัวช้าง,113,0.0,0.0,0.0,,,True
1791603000,2026-10-10T03:30:00Z,ป่าซาง,74,0.0,0.0,0.0,,,True
1791603000,2026-10-10T03:30:00Z,บ้านโฮ่ง,124,0.0,0.0,0.0,,,True
1791603000,2026-10-10T03:30:00Z,แก่งคอย,73,0.0,0.0,0.0,,,True
1791603000,2026-10-10T03:30:00Z,ลี้,454,0.0,0.0,0.0,,,True
1791603000,2026-10-10T03:30:00Z,พระพุทธบาท,55,0.0,0.0,0.0,,,True
1791603000,2026-10-10T03:30:00Z,ดอนพุด,7,0.0,0.0,0.0,,,True
1791603000,2026-10-10T03:30:00Z,หนองโดน,31,0.0,0.0,0.0,,,True
1791603000,2026-10-10T03:30:00Z,เมืองลำปาง,300,0.0,0.0,0.0,,,True
1791603000,2026-10-10T03:30:00Z,เถิน,443,0.0,0.0,0.0,,,True
1791603000,2026-10-10T03:30:00Z,แม่พริก,167,0.0,0.0,0.0,,,True
1791603000,2026-10-10T03:30:00Z,แจ้ห่ม,274,0.0,0.0,0.0,,,True
1791603000,2026-10-10T03:30:00Z,แม่เปิน,85,0.0,0.0,0.0,,,True
1791603000,2026-10-10T03:30:00Z,เสริมงาม,185,0.0,0.0,0.0,,,True
1791603000,2026-10-10T03:30:00Z,ชุมตาบง,61,0.0,0.0,0.0,,,True
1791603000,2026-10-10T03:30:00Z,งาว,344,0.0,0.0,0.0,,,True
1791603000,2026-10-10T03:30:00Z,ตากฟ้า,125,0.0,0.0,0.0,,,True
1791603000,2026-10-10T03:30:00Z,แม่เมาะ,283,0.0,0.0,0.0,,,True
1791603000,2026-10-10T03:30:00Z,แม่วงก์,257,0.0,0.0,0.0,,,True
1791603000,2026-10-10T03:30:00Z,เกาะคา,128,0.0,0.0,0.0,,,True
1791603000,2026-10-10T03:30:00Z,พยุหะคีรี,169,0.0,0.0,0.0,,,True
1791603000,2026-10-10T03:30:00Z,ลาดยาว,187,0.001,0.098,0.0107,,15,True
1791603000,2026-10-10T03:30:00Z,สบปราบ,125,0.0,0.0,0.0,,,True
1791603000,2026-10-10T03:30:00Z,ห้างฉัตร,154,0.0,0.0,0.0,,,True
1791603000,2026-10-10T03:30:00Z,แม่ทะ,203,0.0,0.0,0.0,,,True
1791603000,2026-10-10T03:30:00Z,เมืองปาน,202,0.0,0.0,0.0,,,True
1791603000,2026-10-10T03:30:00Z,เมืองอ่างทอง,6,0.0,0.0,0.0,,,True
1791603000,2026-10-10T03:30:00Z,ไชโย,20,0.0,0.0,0.0,,,True
1791603000,2026-10-10T03:30:00Z,สามโก้,10,0.0,0.0,0.0,,,True
1791603000,2026-10-10T03:30:00Z,แสวงหา,43,0.0,0.0,0.0,,,True
1791603000,2026-10-10T03:30:00Z,วิเศษชัยชาญ,7,0.0,0.0,0.0,,,True
1791603000,2026-10-10T03:30:00Z,โพธิ์ทอง,48,0.0,0.0,0.0,,,True
1791603000,2026-10-10T03:30:00Z,เมืองลพบุรี,190,0.0,0.0,0.0,,,True
1791603000,2026-10-10T03:30:00Z,เดิมบางนางบวช,130,0.0,0.0,0.0,,,True
1791603000,2026-10-10T03:30:00Z,ด่านช้าง,309,0.0,0.0,0.0,,,True
1791603000,2026-10-10T03:30:00Z,หนองม่วง,111,0.0,0.0,0.0,,,True
1791603000,2026-10-10T03:30:00Z,ลำสนธิ,136,0.0,0.0,0.0,,,True
1791603000,2026-10-10T03:30:00Z,สามชุก,77,0.0,0.0,0.0,,,True
1791603000,2026-10-10T03:30:00Z,ดอนเจดีย์,72,0.0,0.0,0.0,,,True
1791603000,2026-10-10T03:30:00Z,สระโบสถ์,83,0.0,0.0,0.0,,,True
1791603000,2026-10-10T03:30:00Z,ศรีประจันต์,41,0.0,0.0,0.0,,,True
1791603000,2026-10-10T03:30:00Z,โคกเจริญ,135,0.0,0.0,0.0,,,True
1791603000,2026-10-10T03:30:00Z,บ้านหมี่,136,0.0,0.0,0.0,,,True
1791603000,2026-10-10T03:30:00Z,ท่าหลวง,100,0.0,0.0,0.0,,,True
1791603000,2026-10-10T03:30:00Z,ชัยบาดาล,280,0.0,0.0,0.0,,,True
1791603000,2026-10-10T03:30:00Z,ท่าวุ้ง,64,0.0,0.0,0.0,,,True
1791603000,2026-10-10T03:30:00Z,พัฒนานิคม,217,0.0,0.0,0.0,,,True
1791603000,2026-10-10T03:30:00Z,โคกสำโรง,180,0.0,0.0,0.0,,,True
1791603000,2026-10-10T03:30:00Z,หนองหญ้าไซ,108,0.0,0.0,0.0,,,True
1791603000,2026-10-10T03:30:00Z,ท่าช้าง,11,0.0,0.0,0.0,,,True
1791603000,2026-10-10T03:30:00Z,อินทร์บุรี,66,0.0,0.0,0.0,,,True
1791603000,2026-10-10T03:30:00Z,ค่ายบางระจัน,26,0.0,0.0,0.0,,,True
1791603000,2026-10-10T03:30:00Z,พรหมบุรี,19,0.0,0.0,0.0,,,True
1791603000,2026-10-10T03:30:00Z,เนินสง่า,65,0.0,0.0,0.0,,,True
1791603000,2026-10-10T03:30:00Z,เมืองสิงห์บุรี,31,0.0,0.0,0.0,,,True
1791603000,2026-10-10T03:30:00Z,ซับใหญ่,72,0.0,0.0,0.0,,,True
1791603000,2026-10-10T03:30:00Z,บางระจัน,46,0.0,0.0,0.0,,,True
1791603000,2026-10-10T03:30:00Z,ภูกระดึง,190,0.0,0.0,0.0,,,True
1791603000,2026-10-10T03:30:00Z,ภูหลวง,145,0.0,0.0,0.0,,,True
1791603000,2026-10-10T03:30:00Z,หนองหิน,78,0.0,0.0,0.0,,,True
1791603000,2026-10-10T03:30:00Z,ผาขาว,100,0.0,0.0,0.0,,,True
1791603000,2026-10-10T03:30:00Z,เอราวัณ,87,0.0,0.0,0.0,,,True
1791603000,2026-10-10T03:30:00Z,วังสะพุง,281,0.0,0.0,0.0,,,True
1791603000,2026-10-10T03:30:00Z,วังม่วง,70,0.0,0.0,0.0,,,True
1791603000,2026-10-10T03:30:00Z,เฉลิมพระเกียรติ,35,0.0,0.0,0.0,,,True
1791603000,2026-10-10T03:30:00Z,มวกเหล็ก,175,0.0,0.0,0.0,,,True
1791603000,2026-10-10T03:30:00Z,บ้านเขว้า,124,0.0,0.0,0.0,,,True
1791603000,2026-10-10T03:30:00Z,คอนสวรรค์,113,0.0,0.0,0.0,,,True
1791603000,2026-10-10T03:30:00Z,เมืองชัยภูมิ,358,0.0,0.0,0.0,,,True
1791603000,2026-10-10T03:30:00Z,วังทอง,425,0.0,0.0,0.0,,,True
1791603000,2026-10-10T03:30:00Z,เนินมะปราง,276,0.0,0.0,0.0,,,True
1791603000,2026-10-10T03:30:00Z,สวรรคโลก,156,0.0,0.0,0.0,,,True
1791603000,2026-10-10T03:30:00Z,ศรีนคร,46,0.0,0.0,0.0,,,True
1791603000,2026-10-10T03:30:00Z,หันคา,139,0.006,0.592,0.0144,,15,True
1791603000,2026-10-10T03:30:00Z,ศรีสัชนาลัย,534,0.0,0.0,0.0,,,True
1791603000,2026-10-10T03:30:00Z,หนองมะโมง,76,0.012,0.592,0.0263,,15,True
1791603000,2026-10-10T03:30:00Z,ศรีสำโรง,142,0.0,0.0,0.0,,,True
1791603000,2026-10-10T03:30:00Z,สรรพยา,55,0.0,0.0,0.0,,,True
1791603000,2026-10-10T03:30:00Z,คีรีมาศ,171,0.0,0.0,0.0,,,True
1791603000,2026-10-10T03:30:00Z,สรรคบุรี,89,0.0,0.0,0.0,,,True
1791603000,2026-10-10T03:30:00Z,กงไกรลาศ,108,0.0,0.0,0.0,,,True
1791603000,2026-10-10T03:30:00Z,มโนรมย์,66,0.0,0.0,0.0,,,True
1791603000,2026-10-10T03:30:00Z,เมืองสุโขทัย,136,0.0,0.0,0.0,,,True
1791603000,2026-10-10T03:30:00Z,วัดสิงห์,67,0.008,0.413,0.0299,,15,True
1791603000,2026-10-10T03:30:00Z,บ้านด่านลานหอย,231,0.0,0.0,0.0,,,True
1791603000,2026-10-10T03:30:00Z,เมืองชัยนาท,70,0.0,0.0,0.0,,,True
1791603000,2026-10-10T03:30:00Z,เนินขาม,65,0.0,0.0,0.0,,,True
1791603000,2026-10-10T03:30:00Z,คอนสาร,334,0.0,0.0,0.0,,,True
1791603000,2026-10-10T03:30:00Z,ภักดีชุมพล,154,0.0,0.0,0.0,,,True
1791603000,2026-10-10T03:30:00Z,บ้านแท่น,76,0.0,0.0,0.0,,,True
1791603000,2026-10-10T03:30:00Z,แก้งคร้อ,168,0.0,0.0,0.0,,,True
1791603000,2026-10-10T03:30:00Z,ภูเขียว,201,0.0,0.0,0.0,,,True
1791603000,2026-10-10T03:30:00Z,หนองบัวระเหว,179,0.0,0.0,0.0,,,True
1791603000,2026-10-10T03:30:00Z,เทพสถิต,239,0.0,0.0,0.0,,,True
1791603000,2026-10-10T03:30:00Z,จัตุรัส,172,0.0,0.0,0.0,,,True
1791603000,2026-10-10T03:30:00Z,บำเหน็จณรงค์,120,0.0,0.0,0.0,,,True
1791603000,2026-10-10T03:30:00Z,เกษตรสมบูรณ์,268,0.0,0.0,0.0,,,True
1791603000,2026-10-10T03:30:00Z,หนองบัวแดง,537,0.0,0.0,0.0,,,True
1791603000,2026-10-10T03:30:00Z,ภูเรือ,168,0.0,0.0,0.0,,,True
1791603000,2026-10-10T03:30:00Z,ท่าลี่,171,0.0,0.0,0.0,,,True
1791603000,2026-10-10T03:30:00Z,วชิรบารมี,68,0.0,0.0,0.0,,,True
1791603000,2026-10-10T03:30:00Z,ด่านซ้าย,341,0.0,0.0,0.0,,,True
1791603000,2026-10-10T03:30:00Z,นาแห้ว,153,0.0,0.0,0.0,,,True
1791603000,2026-10-10T03:30:00Z,บึงนาราง,74,0.0,0.0,0.0,,,True
1791603000,2026-10-10T03:30:00Z,เชียงคาน,213,0.0,0.0,0.0,,,True
1791603000,2026-10-10T03:30:00Z,ดงเจริญ,56,0.0,0.0,0.0,,,True
1791603000,2026-10-10T03:30:00Z,ปากชม,240,0.0,0.0,0.0,,,True
1791603000,2026-10-10T03:30:00Z,เมืองเลย,314,0.0,0.0,0.0,,,True
1791603000,2026-10-10T03:30:00Z,นาด้วง,143,0.0,0.0,0.0,,,True
1791603000,2026-10-10T03:30:00Z,สากเหล็ก,45,0.0,0.0,0.0,,,True
1791603000,2026-10-10T03:30:00Z,สามง่าม,89,0.0,0.0,0.0,,,True
1791603000,2026-10-10T03:30:00Z,ทับคล้อ,104,0.0,0.0,0.0,,,True
1791603000,2026-10-10T03:30:00Z,พรหมพิราม,206,0.0,0.0,0.0,,,True
1791603000,2026-10-10T03:30:00Z,ด่านขุนทด,344,0.0,0.0,0.0,,,True
1791603000,2026-10-10T03:30:00Z,วัดโบสถ์,226,0.0,0.0,0.0,,,True
1791603000,2026-10-10T03:30:00Z,บางระกำ,246,0.0,0.0,0.0,,,True
1791603000,2026-10-10T03:30:00Z,บางกระทุ่ม,91,0.0,0.0,0.0,,,True
1791603000,2026-10-10T03:30:00Z,นครไทย,597,0.0,0.0,0.0,,,True
1791603000,2026-10-10T03:30:00Z,ชาติตระการ,415,0.0,0.0,0.0,,,True
1791603000,2026-10-10T03:30:00Z,บ้านเหลื่อม,55,0.0,0.0,0.0,,,True
1791603000,2026-10-10T03:30:00Z,เมืองพิษณุโลก,178,0.0,0.0,0.0,,,True
1791603000,2026-10-10T03:30:00Z,ชุมแสง,145,0.0,0.0,0.0,,,True
1791603000,2026-10-10T03:30:00Z,หนองบัว,208,0.0,0.0,0.0,,,True
1791603000,2026-10-10T03:30:00Z,เมืองนครสวรรค์,183,0.0,0.0,0.0,,,True
1791603000,2026-10-10T03:30:00Z,โกรกพระ,71,0.0,0.0,0.0,,,True
1791603000,2026-10-10T03:30:00Z,ไพศาลี,244,0.0,0.0,0.0,,,True
1791603000,2026-10-10T03:30:00Z,ตาคลี,206,0.0,0.0,0.0,,,True
1791603000,2026-10-10T03:30:00Z,ท่าตะโก,211,0.0,0.0,0.0,,,True
1791603000,2026-10-10T03:30:00Z,เขาค้อ,207,0.0,0.0,0.0,,,True
1791603000,2026-10-10T03:30:00Z,บรรพตพิสัย,181,0.0,0.0,0.0,,,True
1791603000,2026-10-10T03:30:00Z,เก้าเลี้ยว,57,0.0,0.0,0.0,,,True
1791603000,2026-10-10T03:30:00Z,วังโป่ง,123,0.0,0.0,0.0,,,True
1791603000,2026-10-10T03:30:00Z,บึงสามพัน,194,0.0,0.0,0.0,,,True
1791603000,2026-10-10T03:30:00Z,น้ำหนาว,231,0.0,0.0,0.0,,,True
1791603000,2026-10-10T03:30:00Z,ศรีเทพ,204,0.0,0.0,0.0,,,True
1791603000,2026-10-10T03:30:00Z,หนองไผ่,315,0.0,0.0,0.0,,,True
1791603000,2026-10-10T03:30:00Z,มหาราช,4,0.0,0.0,0.0,,,False
1791603000,2026-10-10T03:30:00Z,บ้านแพรก,10,0.0,0.0,0.0,,,True
1791603000,2026-10-10T03:30:00Z,บางมูลนาก,99,0.0,0.0,0.0,,,True
1791603000,2026-10-10T03:30:00Z,โพทะเล,131,0.0,0.0,0.0,,,True
1791603000,2026-10-10T03:30:00Z,โพธิ์ประทับช้าง,102,0.0,0.0,0.0,,,True
1791603000,2026-10-10T03:30:00Z,ตะพานหิน,109,0.0,0.0,0.0,,,True
1791603000,2026-10-10T03:30:00Z,เมืองพิจิตร,138,0.0,0.0,0.0,,,True
1791603000,2026-10-10T03:30:00Z,วังทรายพูน,66,0.0,0.0,0.0,,,True
1791603900,2026-10-10T03:45:00Z,พิชัย,176,0.0,0.0,0.0,,,True
1791603900,2026-10-10T03:45:00Z,ลับแล,116,0.0,0.0,0.0,,,True
1791603900,2026-10-10T03:45:00Z,ฟากท่า,163,0.0,0.0,0.0,,,True
1791603900,2026-10-10T03:45:00Z,บ้านโคก,247,0.0,0.0,0.0,,,True
1791603900,2026-10-10T03:45:00Z,ท่าปลา,442,0.0,0.0,0.0,,,True
1791603900,2026-10-10T03:45:00Z,น้ำปาด,363,0.0,0.0,0.0,,,True
1791603900,2026-10-10T03:45:00Z,เมืองอุตรดิตถ์,202,0.0,0.0,0.0,,,True
1791603900,2026-10-10T03:45:00Z,ตรอน,80,0.0,0.0,0.0,,,True
1791603900,2026-10-10T03:45:00Z,หล่มเก่า,246,0.0,0.0,0.0,,,True
1791603900,2026-10-10T03:45:00Z,วิเชียรบุรี,377,0.0,0.0,0.0,,,True
1791603900,2026-10-10T03:45:00Z,ชนแดน,279,0.0,0.0,0.0,,,True
1791603900,2026-10-10T03:45:00Z,หล่มสัก,350,0.0,0.0,0.0,,,True
1791603900,2026-10-10T03:45:00Z,เมืองเพชรบูรณ์,571,0.0,0.0,0.0,,,True
1791603900,2026-10-10T03:45:00Z,ทองแสนขัน,185,0.0,0.0,0.0,,,True
1791603900,2026-10-10T03:45:00Z,บึงสามัคคี,71,0.0,0.0,0.0,,,True
1791603900,2026-10-10T03:45:00Z,โกสัมพีนคร,137,0.0,0.0,0.0,,,True
1791603900,2026-10-10T03:45:00Z,สอง,380,0.0,0.0,0.0,,,True
1791603900,2026-10-10T03:45:00Z,วังชิ้น,255,0.0,0.0,0.0,,,True
1791603900,2026-10-10T03:45:00Z,สูงเม่น,88,0.0,0.0,0.0,,,True
1791603900,2026-10-10T03:45:00Z,เด่นชัย,135,0.0,0.0,0.0,,,True
1791603900,2026-10-10T03:45:00Z,ร้องกวาง,221,0.0,0.0,0.0,,,True
1791603900,2026-10-10T03:45:00Z,ลอง,317,0.0,0.0,0.0,,,True
1791603900,2026-10-10T03:45:00Z,เมืองแพร่,205,0.0,0.0,0.0,,,True
1791603900,2026-10-10T03:45:00Z,ทัพทัน,94,0.0,0.0,0.0,,,True
1791603900,2026-10-10T03:45:00Z,สว่างอารมณ์,110,0.022,0.201,0.1909,90,60,True
1791603900,2026-10-10T03:45:00Z,เมืองอุทัยธานี,59,0.0,0.0,0.0,,,True
1791603900,2026-10-10T03:45:00Z,ห้วยคต,94,0.0,0.0,0.0,,,True
1791603900,2026-10-10T03:45:00Z,ศรีสวัสดิ์,440,0.0,0.0,0.0,,,True
1791603900,2026-10-10T03:45:00Z,บ้านไร่,821,0.011,0.592,0.0621,,15,True
1791603900,2026-10-10T03:45:00Z,ลานสัก,360,0.0,0.0,0.0,,,True
1791603900,2026-10-10T03:45:00Z,หนองฉาง,89,0.0,0.0,0.0,,,True
1791603900,2026-10-10T03:45:00Z,หนองขาหย่าง,43,0.0,0.0,0.0,,,True
1791603900,2026-10-10T03:45:00Z,เชียงม่วน,82,0.0,0.0,0.0,,,True
1791603900,2026-10-10T03:45:00Z,ดอกคำใต้,37,0.0,0.0,0.0,,,True
1791603900,2026-10-10T03:45:00Z,เมืองพะเยา,6,0.0,0.0,0.0,,,True
1791603900,2026-10-10T03:45:00Z,ทองผาภูมิ,851,0.0,0.0,0.0,,,True
1791603900,2026-10-10T03:45:00Z,สังขละบุรี,793,0.0,0.0,0.0,,,True
1791603900,2026-10-10T03:45:00Z,หนองม่วงไข่,35,0.0,0.0,0.0,,,True
1791603900,2026-10-10T03:45:00Z,ภูเวียง,81,0.0,0.0,0.0,,,True
1791603900,2026-10-10T03:45:00Z,มัญจาคีรี,50,0.0,0.0,0.0,,,True
1791603900,2026-10-10T03:45:00Z,หนองปรือ,104,0.0,0.0,0.0,,,True
1791603900,2026-10-10T03:45:00Z,เลาขวัญ,123,0.0,0.0,0.0,,,True
1791603900,2026-10-10T03:45:00Z,หนองนาคำ,43,0.0,0.0,0.0,,,True
1791603900,2026-10-10T03:45:00Z,โคกโพธิ์ไชย,65,0.0,0.0,0.0,,,True
1791603900,2026-10-10T03:45:00Z,บ้านหลวง,91,0.0,0.0,0.0,,,True
1791603900,2026-10-10T03:45:00Z,นาน้อย,266,0.0,0.0,0.0,,,True
1791603900,2026-10-10T03:45:00Z,ภูผาม่าน,74,0.0,0.0,0.0,,,True
1791603900,2026-10-10T03:45:00Z,เมืองน่าน,161,0.0,0.0,0.0,,,True
1791603900,2026-10-10T03:45:00Z,แม่จริม,262,0.0,0.0,0.0,,,True
1791603900,2026-10-10T03:45:00Z,เวียงเก่า,78,0.0,0.0,0.0,,,True
1791603900,2026-10-10T03:45:00Z,เมืองกำแพงเพชร,368,0.0,0.0,0.0,,,True
1791603900,2026-10-10T03:45:00Z,ไทรงาม,133,0.0,0.0,0.0,,,True
1791603900,2026-10-10T03:45:00Z,ปางศิลาทอง,186,0.0,0.0,0.0,,,True
1791603900,2026-10-10T03:45:00Z,ลานกระบือ,103,0.0,0.0,0.0,,,True
1791603900,2026-10-10T03:45:00Z,ทรายทองวัฒนา,53,0.0,0.0,0.0,,,True
1791603900,2026-10-10T03:45:00Z,คลองขลุง,179,0.0,0.0,0.0,,,True
1791603900,2026-10-10T03:45:00Z,พรานกระต่าย,252,0.0,0.0,0.0,,,True
1791603900,2026-10-10T03:45:00Z,คลองลาน,363,0.0,0.0,0.0,,,True
1791603900,2026-10-10T03:45:00Z,ขาณุวรลักษบุรี,296,0.0,0.0,0.0,,,True
1791603900,2026-10-10T03:45:00Z,ภูเพียง,113,0.0,0.0,0.0,,,True
1791603900,2026-10-10T03:45:00Z,นาหมื่น,245,0.0,0.0,0.0,,,True
1791603900,2026-10-10T03:45:00Z,เวียงสา,543,0.0,0.0,0.0,,,True
1791603900,2026-10-10T03:45:00Z,น้ำโสม,153,0.0,0.0,0.0,,,True
1791603900,2026-10-10T03:45:00Z,นายูง,126,0.0,0.0,0.0,,,True
1791603900,2026-10-10T03:45:00Z,ชุมแพ,173,0.0,0.0,0.0,,,True
1791603900,2026-10-10T03:45:00Z,สีชมพู,132,0.0,0.0,0.0,,,True
1791603900,2026-10-10T03:45:00Z,สุวรรณคูหา,140,0.0,0.0,0.0,,,True
1791603900,2026-10-10T03:45:00Z,นาวัง,65,0.0,0.0,0.0,,,True
1791603900,2026-10-10T03:45:00Z,หนองเรือ,80,0.0,0.0,0.0,,,True
1791603900,2026-10-10T03:45:00Z,โนนสัง,51,0.0,0.0,0.0,,,True
1791603900,2026-10-10T03:45:00Z,ศรีบุญเรือง,224,0.0,0.0,0.0,,,True
1791603900,2026-10-10T03:45:00Z,เมืองหนองบัวลำภู,217,0.0,0.0,0.0,,,True
1791603900,2026-10-10T03:45:00Z,นากลาง,173,0.0,0.0,0.0,,,True
1791603900,2026-10-10T03:45:00Z,ทุ่งเสลี่ยม,144,0.0,0.0,0.0,,,True
1791603900,2026-10-10T03:45:00Z,ดอยหล่อ,56,0.0,0.0,0.0,,,True
1791603900,2026-10-10T03:45:00Z,เมืองตาก,486,0.0,0.0,0.0,,,True
1791603900,2026-10-10T03:45:00Z,แม่ออน,116,0.0,0.0,0.0,,,True
1791603900,2026-10-10T03:45:00Z,อุ้มผาง,1209,0.0,0.0,0.0,,,True
1791603900,2026-10-10T03:45:00Z,วังเจ้า,183,0.0,0.0,0.0,,,True
1791603900,2026-10-10T03:45:00Z,แม่สอด,398,0.0,0.0,0.0,,,True
1791603900,2026-10-10T03:45:00Z,พบพระ,249,0.0,0.0,0.0,,,True
1791603900,2026-10-10T03:45:00Z,แม่ระมาด,380,0.0,0.0,0.0,,,True
1791603900,2026-10-10T03:45:00Z,ท่าสองยาง,401,0.0,0.0,0.0,,,True
1791603900,2026-10-10T03:45:00Z,บ้านตาก,255,0.0,0.0,0.0,,,True
1791603900,2026-10-10T03:45:00Z,สามเงา,698,0.0,0.0,0.0,,,True
1791603900,2026-10-10T03:45:00Z,จอมทอง,280,0.0,0.0,0.0,,,True
1791603900,2026-10-10T03:45:00Z,แก้งสนามนาง,79,0.0,0.0,0.0,,,True
1791603900,2026-10-10T03:45:00Z,สีคิ้ว,292,0.0,0.0,0.0,,,True
1791603900,2026-10-10T03:45:00Z,พระทองคำ,90,0.0,0.0,0.0,,,True
1791603900,2026-10-10T03:45:00Z,เทพารักษ์,92,0.0,0.0,0.0,,,True
1791603900,2026-10-10T03:45:00Z,สันกำแพง,65,0.0,0.0,0.0,,,True
1791603900,2026-10-10T03:45:00Z,สันป่าตอง,44,0.0,0.0,0.0,,,True
1791603900,2026-10-10T03:45:00Z,ดอยเต่า,213,0.0,0.0,0.0,,,True
1791603900,2026-10-10T03:45:00Z,อมก๋อย,704,0.0,0.0,0.0,,,True
1791603900,2026-10-10T03:45:00Z,ฮอด,378,0.0,0.0,0.0,,,True
1791603900,2026-10-10T03:45:00Z,เมืองลำพูน,117,0.0,0.0,0.0,,,True
1791603900,2026-10-10T03:45:00Z,แม่ทา,192,0.0,0.0,0.0,,,True
1791603900,2026-10-10T03:45:00Z,บ้านธิ,34,0.0,0.0,0.0,,,True
1791603900,2026-10-10T03:45:00Z,บ้านหมอ,24,0.0,0.0,0.0,,,True
1791603900,2026-10-10T03:45:00Z,เวียงหนองล่อง,14,0.0,0.0,0.0,,,True
1791603900,2026-10-10T03:45:00Z,ทุ่งหัวช้าง,113,0.0,0.0,0.0,,,True
1791603900,2026-10-10T03:45:00Z,ป่าซาง,74,0.0,0.0,0.0,,,True
1791603900,2026-10-10T03:45:00Z,บ้านโฮ่ง,124,0.0,0.0,0.0,,,True
1791603900,2026-10-10T03:45:00Z,แก่งคอย,73,0.0,0.0,0.0,,,True
1791603900,2026-10-10T03:45:00Z,ลี้,454,0.0,0.0,0.0,,,True
1791603900,2026-10-10T03:45:00Z,พระพุทธบาท,55,0.0,0.0,0.0,,,True
1791603900,2026-10-10T03:45:00Z,ดอนพุด,7,0.0,0.0,0.0,,,True
1791603900,2026-10-10T03:45:00Z,หนองโดน,31,0.0,0.0,0.0,,,True
1791603900,2026-10-10T03:45:00Z,เมืองลำปาง,300,0.0,0.0,0.0,,,True
1791603900,2026-10-10T03:45:00Z,เถิน,443,0.0,0.0,0.0,,,True
1791603900,2026-10-10T03:45:00Z,แม่พริก,167,0.0,0.0,0.0,,,True
1791603900,2026-10-10T03:45:00Z,แจ้ห่ม,274,0.0,0.0,0.0,,,True
1791603900,2026-10-10T03:45:00Z,แม่เปิน,85,0.0,0.0,0.0,,,True
1791603900,2026-10-10T03:45:00Z,เสริมงาม,185,0.0,0.0,0.0,,,True
1791603900,2026-10-10T03:45:00Z,ชุมตาบง,61,0.0,0.0,0.0,,,True
1791603900,2026-10-10T03:45:00Z,งาว,344,0.0,0.0,0.0,,,True
1791603900,2026-10-10T03:45:00Z,ตากฟ้า,125,0.0,0.0,0.0,,,True
1791603900,2026-10-10T03:45:00Z,แม่เมาะ,283,0.0,0.0,0.0,,,True
1791603900,2026-10-10T03:45:00Z,แม่วงก์,257,0.0,0.0,0.0,,,True
1791603900,2026-10-10T03:45:00Z,เกาะคา,128,0.0,0.0,0.0,,,True
1791603900,2026-10-10T03:45:00Z,พยุหะคีรี,169,0.0,0.0,0.0,,,True
1791603900,2026-10-10T03:45:00Z,ลาดยาว,187,0.011,0.386,0.0749,,15,True
1791603900,2026-10-10T03:45:00Z,สบปราบ,125,0.0,0.0,0.0,,,True
1791603900,2026-10-10T03:45:00Z,ห้างฉัตร,154,0.0,0.0,0.0,,,True
1791603900,2026-10-10T03:45:00Z,แม่ทะ,203,0.0,0.0,0.0,,,True
1791603900,2026-10-10T03:45:00Z,เมืองปาน,202,0.0,0.0,0.0,,,True
1791603900,2026-10-10T03:45:00Z,เมืองอ่างทอง,6,0.0,0.0,0.0,,,True
1791603900,2026-10-10T03:45:00Z,ไชโย,20,0.0,0.0,0.0,,,True
1791603900,2026-10-10T03:45:00Z,สามโก้,10,0.0,0.0,0.0,,,True
1791603900,2026-10-10T03:45:00Z,แสวงหา,43,0.0,0.0,0.0,,,True
1791603900,2026-10-10T03:45:00Z,วิเศษชัยชาญ,7,0.0,0.0,0.0,,,True
1791603900,2026-10-10T03:45:00Z,โพธิ์ทอง,48,0.0,0.0,0.0,,,True
1791603900,2026-10-10T03:45:00Z,เมืองลพบุรี,190,0.0,0.0,0.0,,,True
1791603900,2026-10-10T03:45:00Z,เดิมบางนางบวช,130,0.0,0.0,0.0,,,True
1791603900,2026-10-10T03:45:00Z,ด่านช้าง,309,0.0,0.0,0.0,,,True
1791603900,2026-10-10T03:45:00Z,หนองม่วง,111,0.0,0.0,0.0,,,True
1791603900,2026-10-10T03:45:00Z,ลำสนธิ,136,0.0,0.0,0.0,,,True
1791603900,2026-10-10T03:45:00Z,สามชุก,77,0.0,0.0,0.0,,,True
1791603900,2026-10-10T03:45:00Z,ดอนเจดีย์,72,0.0,0.0,0.0,,,True
1791603900,2026-10-10T03:45:00Z,สระโบสถ์,83,0.0,0.0,0.0,,,True
1791603900,2026-10-10T03:45:00Z,ศรีประจันต์,41,0.0,0.0,0.0,,,True
1791603900,2026-10-10T03:45:00Z,โคกเจริญ,135,0.0,0.0,0.0,,,True
1791603900,2026-10-10T03:45:00Z,บ้านหมี่,136,0.0,0.0,0.0,,,True
1791603900,2026-10-10T03:45:00Z,ท่าหลวง,100,0.0,0.0,0.0,,,True
1791603900,2026-10-10T03:45:00Z,ชัยบาดาล,280,0.0,0.0,0.0,,,True
1791603900,2026-10-10T03:45:00Z,ท่าวุ้ง,64,0.0,0.0,0.0,,,True
1791603900,2026-10-10T03:45:00Z,พัฒนานิคม,217,0.0,0.0,0.0,,,True
1791603900,2026-10-10T03:45:00Z,โคกสำโรง,180,0.0,0.0,0.0,,,True
1791603900,2026-10-10T03:45:00Z,หนองหญ้าไซ,108,0.0,0.0,0.0,,,True
1791603900,2026-10-10T03:45:00Z,ท่าช้าง,11,0.0,0.0,0.0,,,True
1791603900,2026-10-10T03:45:00Z,อินทร์บุรี,66,0.0,0.0,0.0,,,True
1791603900,2026-10-10T03:45:00Z,ค่ายบางระจัน,26,0.0,0.0,0.0,,,True
1791603900,2026-10-10T03:45:00Z,พรหมบุรี,19,0.0,0.0,0.0,,,True
1791603900,2026-10-10T03:45:00Z,เนินสง่า,65,0.0,0.0,0.0,,,True
1791603900,2026-10-10T03:45:00Z,เมืองสิงห์บุรี,31,0.0,0.0,0.0,,,True
1791603900,2026-10-10T03:45:00Z,ซับใหญ่,72,0.0,0.0,0.0,,,True
1791603900,2026-10-10T03:45:00Z,บางระจัน,46,0.0,0.0,0.0,,,True
1791603900,2026-10-10T03:45:00Z,ภูกระดึง,190,0.0,0.0,0.0,,,True
1791603900,2026-10-10T03:45:00Z,ภูหลวง,145,0.0,0.0,0.0,,,True
1791603900,2026-10-10T03:45:00Z,หนองหิน,78,0.0,0.0,0.0,,,True
1791603900,2026-10-10T03:45:00Z,ผาขาว,100,0.0,0.0,0.0,,,True
1791603900,2026-10-10T03:45:00Z,เอราวัณ,87,0.0,0.0,0.0,,,True
1791603900,2026-10-10T03:45:00Z,วังสะพุง,281,0.0,0.0,0.0,,,True
1791603900,2026-10-10T03:45:00Z,วังม่วง,70,0.0,0.0,0.0,,,True
1791603900,2026-10-10T03:45:00Z,เฉลิมพระเกียรติ,35,0.0,0.0,0.0,,,True
1791603900,2026-10-10T03:45:00Z,มวกเหล็ก,175,0.0,0.0,0.0,,,True
1791603900,2026-10-10T03:45:00Z,บ้านเขว้า,124,0.0,0.0,0.0,,,True
1791603900,2026-10-10T03:45:00Z,คอนสวรรค์,113,0.0,0.0,0.0,,,True
1791603900,2026-10-10T03:45:00Z,เมืองชัยภูมิ,358,0.0,0.0,0.0,,,True
1791603900,2026-10-10T03:45:00Z,วังทอง,425,0.0,0.0,0.0,,,True
1791603900,2026-10-10T03:45:00Z,เนินมะปราง,276,0.0,0.0,0.0,,,True
1791603900,2026-10-10T03:45:00Z,สวรรคโลก,156,0.0,0.0,0.0,,,True
1791603900,2026-10-10T03:45:00Z,ศรีนคร,46,0.0,0.0,0.0,,,True
1791603900,2026-10-10T03:45:00Z,หันคา,139,0.001,0.098,0.0072,,15,True
1791603900,2026-10-10T03:45:00Z,ศรีสัชนาลัย,534,0.0,0.0,0.0,,,True
1791603900,2026-10-10T03:45:00Z,หนองมะโมง,76,0.004,0.098,0.0395,,15,True
1791603900,2026-10-10T03:45:00Z,ศรีสำโรง,142,0.0,0.0,0.0,,,True
1791603900,2026-10-10T03:45:00Z,สรรพยา,55,0.0,0.0,0.0,,,True
1791603900,2026-10-10T03:45:00Z,คีรีมาศ,171,0.0,0.0,0.0,,,True
1791603900,2026-10-10T03:45:00Z,สรรคบุรี,89,0.0,0.0,0.0,,,True
1791603900,2026-10-10T03:45:00Z,กงไกรลาศ,108,0.0,0.0,0.0,,,True
1791603900,2026-10-10T03:45:00Z,มโนรมย์,66,0.0,0.0,0.0,,,True
1791603900,2026-10-10T03:45:00Z,เมืองสุโขทัย,136,0.0,0.0,0.0,,,True
1791603900,2026-10-10T03:45:00Z,วัดสิงห์,67,0.0,0.0,0.0,,,True
1791603900,2026-10-10T03:45:00Z,บ้านด่านลานหอย,231,0.0,0.0,0.0,,,True
1791603900,2026-10-10T03:45:00Z,เมืองชัยนาท,70,0.0,0.0,0.0,,,True
1791603900,2026-10-10T03:45:00Z,เนินขาม,65,0.0,0.0,0.0,,,True
1791603900,2026-10-10T03:45:00Z,คอนสาร,334,0.0,0.0,0.0,,,True
1791603900,2026-10-10T03:45:00Z,ภักดีชุมพล,154,0.0,0.0,0.0,,,True
1791603900,2026-10-10T03:45:00Z,บ้านแท่น,76,0.0,0.0,0.0,,,True
1791603900,2026-10-10T03:45:00Z,แก้งคร้อ,168,0.0,0.0,0.0,,,True
1791603900,2026-10-10T03:45:00Z,ภูเขียว,201,0.0,0.0,0.0,,,True
1791603900,2026-10-10T03:45:00Z,หนองบัวระเหว,179,0.0,0.0,0.0,,,True
1791603900,2026-10-10T03:45:00Z,เทพสถิต,239,0.0,0.0,0.0,,,True
1791603900,2026-10-10T03:45:00Z,จัตุรัส,172,0.0,0.0,0.0,,,True
1791603900,2026-10-10T03:45:00Z,บำเหน็จณรงค์,120,0.0,0.0,0.0,,,True
1791603900,2026-10-10T03:45:00Z,เกษตรสมบูรณ์,268,0.0,0.0,0.0,,,True
1791603900,2026-10-10T03:45:00Z,หนองบัวแดง,537,0.0,0.0,0.0,,,True
1791603900,2026-10-10T03:45:00Z,ภูเรือ,168,0.0,0.0,0.0,,,True
1791603900,2026-10-10T03:45:00Z,ท่าลี่,171,0.0,0.0,0.0,,,True
1791603900,2026-10-10T03:45:00Z,วชิรบารมี,68,0.0,0.0,0.0,,,True
1791603900,2026-10-10T03:45:00Z,ด่านซ้าย,341,0.0,0.0,0.0,,,True
1791603900,2026-10-10T03:45:00Z,นาแห้ว,153,0.0,0.0,0.0,,,True
1791603900,2026-10-10T03:45:00Z,บึงนาราง,74,0.0,0.0,0.0,,,True
1791603900,2026-10-10T03:45:00Z,เชียงคาน,213,0.0,0.0,0.0,,,True
1791603900,2026-10-10T03:45:00Z,ดงเจริญ,56,0.0,0.0,0.0,,,True
1791603900,2026-10-10T03:45:00Z,ปากชม,240,0.0,0.0,0.0,,,True
1791603900,2026-10-10T03:45:00Z,เมืองเลย,314,0.0,0.0,0.0,,,True
1791603900,2026-10-10T03:45:00Z,นาด้วง,143,0.0,0.0,0.0,,,True
1791603900,2026-10-10T03:45:00Z,สากเหล็ก,45,0.0,0.0,0.0,,,True
1791603900,2026-10-10T03:45:00Z,สามง่าม,89,0.0,0.0,0.0,,,True
1791603900,2026-10-10T03:45:00Z,ทับคล้อ,104,0.0,0.0,0.0,,,True
1791603900,2026-10-10T03:45:00Z,พรหมพิราม,206,0.0,0.0,0.0,,,True
1791603900,2026-10-10T03:45:00Z,ด่านขุนทด,344,0.0,0.0,0.0,,,True
1791603900,2026-10-10T03:45:00Z,วัดโบสถ์,226,0.0,0.0,0.0,,,True
1791603900,2026-10-10T03:45:00Z,บางระกำ,246,0.0,0.0,0.0,,,True
1791603900,2026-10-10T03:45:00Z,บางกระทุ่ม,91,0.0,0.0,0.0,,,True
1791603900,2026-10-10T03:45:00Z,นครไทย,597,0.0,0.0,0.0,,,True
1791603900,2026-10-10T03:45:00Z,ชาติตระการ,415,0.0,0.0,0.0,,,True
1791603900,2026-10-10T03:45:00Z,บ้านเหลื่อม,55,0.0,0.0,0.0,,,True
1791603900,2026-10-10T03:45:00Z,เมืองพิษณุโลก,178,0.0,0.0,0.0,,,True
1791603900,2026-10-10T03:45:00Z,ชุมแสง,145,0.0,0.0,0.0,,,True
1791603900,2026-10-10T03:45:00Z,หนองบัว,208,0.0,0.0,0.0,,,True
1791603900,2026-10-10T03:45:00Z,เมืองนครสวรรค์,183,0.0,0.0,0.0,,,True
1791603900,2026-10-10T03:45:00Z,โกรกพระ,71,0.0,0.0,0.0,,,True
1791603900,2026-10-10T03:45:00Z,ไพศาลี,244,0.0,0.0,0.0,,,True
1791603900,2026-10-10T03:45:00Z,ตาคลี,206,0.0,0.0,0.0,,,True
1791603900,2026-10-10T03:45:00Z,ท่าตะโก,211,0.0,0.0,0.0,,,True
1791603900,2026-10-10T03:45:00Z,เขาค้อ,207,0.0,0.0,0.0,,,True
1791603900,2026-10-10T03:45:00Z,บรรพตพิสัย,181,0.0,0.0,0.0,,,True
1791603900,2026-10-10T03:45:00Z,เก้าเลี้ยว,57,0.0,0.0,0.0,,,True
1791603900,2026-10-10T03:45:00Z,วังโป่ง,123,0.0,0.0,0.0,,,True
1791603900,2026-10-10T03:45:00Z,บึงสามพัน,194,0.0,0.0,0.0,,,True
1791603900,2026-10-10T03:45:00Z,น้ำหนาว,231,0.0,0.0,0.0,,,True
1791603900,2026-10-10T03:45:00Z,ศรีเทพ,204,0.0,0.0,0.0,,,True
1791603900,2026-10-10T03:45:00Z,หนองไผ่,315,0.0,0.0,0.0,,,True
1791603900,2026-10-10T03:45:00Z,มหาราช,4,0.0,0.0,0.0,,,False
1791603900,2026-10-10T03:45:00Z,บ้านแพรก,10,0.0,0.0,0.0,,,True
1791603900,2026-10-10T03:45:00Z,บางมูลนาก,99,0.0,0.0,0.0,,,True
1791603900,2026-10-10T03:45:00Z,โพทะเล,131,0.0,0.0,0.0,,,True
1791603900,2026-10-10T03:45:00Z,โพธิ์ประทับช้าง,102,0.0,0.0,0.0,,,True
1791603900,2026-10-10T03:45:00Z,ตะพานหิน,109,0.0,0.0,0.0,,,True
1791603900,2026-10-10T03:45:00Z,เมืองพิจิตร,138,0.0,0.0,0.0,,,True
1791603900,2026-10-10T03:45:00Z,วังทรายพูน,66,0.0,0.0,0.0,,,True
1791604800,2026-10-10T04:00:00Z,พิชัย,176,0.0,0.0,0.0,,,True
1791604800,2026-10-10T04:00:00Z,ลับแล,116,0.0,0.0,0.0,,,True
1791604800,2026-10-10T04:00:00Z,ฟากท่า,163,0.0,0.0,0.0,,,True
1791604800,2026-10-10T04:00:00Z,บ้านโคก,247,0.0,0.0,0.0,,,True
1791604800,2026-10-10T04:00:00Z,ท่าปลา,442,0.0,0.0,0.0,,,True
1791604800,2026-10-10T04:00:00Z,น้ำปาด,363,0.0,0.0,0.0,,,True
1791604800,2026-10-10T04:00:00Z,เมืองอุตรดิตถ์,202,0.0,0.0,0.0,,,True
1791604800,2026-10-10T04:00:00Z,ตรอน,80,0.0,0.0,0.0,,,True
1791604800,2026-10-10T04:00:00Z,หล่มเก่า,246,0.0,0.0,0.0,,,True
1791604800,2026-10-10T04:00:00Z,วิเชียรบุรี,377,0.0,0.0,0.0,,,True
1791604800,2026-10-10T04:00:00Z,ชนแดน,279,0.0,0.0,0.0,,,True
1791604800,2026-10-10T04:00:00Z,หล่มสัก,350,0.0,0.0,0.0,,,True
1791604800,2026-10-10T04:00:00Z,เมืองเพชรบูรณ์,571,0.0,0.0,0.0,,,True
1791604800,2026-10-10T04:00:00Z,ทองแสนขัน,185,0.0,0.0,0.0,,,True
1791604800,2026-10-10T04:00:00Z,บึงสามัคคี,71,0.0,0.0,0.0,,,True
1791604800,2026-10-10T04:00:00Z,โกสัมพีนคร,137,0.0,0.0,0.0,,,True
1791604800,2026-10-10T04:00:00Z,สอง,380,0.0,0.0,0.0,,,True
1791604800,2026-10-10T04:00:00Z,วังชิ้น,255,0.0,0.0,0.0,,,True
1791604800,2026-10-10T04:00:00Z,สูงเม่น,88,0.0,0.0,0.0,,,True
1791604800,2026-10-10T04:00:00Z,เด่นชัย,135,0.0,0.0,0.0,,,True
1791604800,2026-10-10T04:00:00Z,ร้องกวาง,221,0.0,0.0,0.0,,,True
1791604800,2026-10-10T04:00:00Z,ลอง,317,0.0,0.0,0.0,,,True
1791604800,2026-10-10T04:00:00Z,เมืองแพร่,205,0.0,0.0,0.0,,,True
1791604800,2026-10-10T04:00:00Z,ทัพทัน,94,0.0,0.0,0.0,,,True
1791604800,2026-10-10T04:00:00Z,สว่างอารมณ์,110,0.073,1.538,0.2182,90,45,True
1791604800,2026-10-10T04:00:00Z,เมืองอุทัยธานี,59,0.0,0.0,0.0,,,True
1791604800,2026-10-10T04:00:00Z,ห้วยคต,94,0.0,0.0,0.0,,,True
1791604800,2026-10-10T04:00:00Z,ศรีสวัสดิ์,440,0.0,0.098,0.0023,,105,True
1791604800,2026-10-10T04:00:00Z,บ้านไร่,821,0.024,0.69,0.1279,90,15,True
1791604800,2026-10-10T04:00:00Z,ลานสัก,360,0.0,0.0,0.0,,,True
1791604800,2026-10-10T04:00:00Z,หนองฉาง,89,0.0,0.0,0.0,,,True
1791604800,2026-10-10T04:00:00Z,หนองขาหย่าง,43,0.0,0.0,0.0,,,True
1791604800,2026-10-10T04:00:00Z,เชียงม่วน,82,0.0,0.0,0.0,,,True
1791604800,2026-10-10T04:00:00Z,ดอกคำใต้,37,0.0,0.0,0.0,,,True
1791604800,2026-10-10T04:00:00Z,เมืองพะเยา,6,0.0,0.0,0.0,,,True
1791604800,2026-10-10T04:00:00Z,ทองผาภูมิ,851,0.0,0.0,0.0,,,True
1791604800,2026-10-10T04:00:00Z,สังขละบุรี,793,0.0,0.0,0.0,,,True
1791604800,2026-10-10T04:00:00Z,หนองม่วงไข่,35,0.0,0.0,0.0,,,True
1791604800,2026-10-10T04:00:00Z,ภูเวียง,81,0.0,0.0,0.0,,,True
1791604800,2026-10-10T04:00:00Z,มัญจาคีรี,50,0.0,0.0,0.0,,,True
1791604800,2026-10-10T04:00:00Z,หนองปรือ,104,0.0,0.0,0.0,,,True
1791604800,2026-10-10T04:00:00Z,เลาขวัญ,123,0.0,0.0,0.0,,,True
1791604800,2026-10-10T04:00:00Z,หนองนาคำ,43,0.0,0.0,0.0,,,True
1791604800,2026-10-10T04:00:00Z,โคกโพธิ์ไชย,65,0.0,0.0,0.0,,,True
1791604800,2026-10-10T04:00:00Z,บ้านหลวง,91,0.0,0.0,0.0,,,True
1791604800,2026-10-10T04:00:00Z,นาน้อย,266,0.0,0.0,0.0,,,True
1791604800,2026-10-10T04:00:00Z,ภูผาม่าน,74,0.0,0.0,0.0,,,True
1791604800,2026-10-10T04:00:00Z,เมืองน่าน,161,0.0,0.0,0.0,,,True
1791604800,2026-10-10T04:00:00Z,แม่จริม,262,0.0,0.0,0.0,,,True
1791604800,2026-10-10T04:00:00Z,เวียงเก่า,78,0.0,0.0,0.0,,,True
1791604800,2026-10-10T04:00:00Z,เมืองกำแพงเพชร,368,0.0,0.0,0.0,,,True
1791604800,2026-10-10T04:00:00Z,ไทรงาม,133,0.0,0.0,0.0,,,True
1791604800,2026-10-10T04:00:00Z,ปางศิลาทอง,186,0.0,0.0,0.0,,,True
1791604800,2026-10-10T04:00:00Z,ลานกระบือ,103,0.0,0.0,0.0,,,True
1791604800,2026-10-10T04:00:00Z,ทรายทองวัฒนา,53,0.0,0.0,0.0,,,True
1791604800,2026-10-10T04:00:00Z,คลองขลุง,179,0.0,0.0,0.0,,,True
1791604800,2026-10-10T04:00:00Z,พรานกระต่าย,252,0.0,0.0,0.0,,,True
1791604800,2026-10-10T04:00:00Z,คลองลาน,363,0.0,0.0,0.0,,,True
1791604800,2026-10-10T04:00:00Z,ขาณุวรลักษบุรี,296,0.0,0.0,0.0,,,True
1791604800,2026-10-10T04:00:00Z,ภูเพียง,113,0.0,0.0,0.0,,,True
1791604800,2026-10-10T04:00:00Z,นาหมื่น,245,0.0,0.0,0.0,,,True
1791604800,2026-10-10T04:00:00Z,เวียงสา,543,0.0,0.0,0.0,,,True
1791604800,2026-10-10T04:00:00Z,น้ำโสม,153,0.0,0.0,0.0,,,True
1791604800,2026-10-10T04:00:00Z,นายูง,126,0.0,0.0,0.0,,,True
1791604800,2026-10-10T04:00:00Z,ชุมแพ,173,0.0,0.0,0.0,,,True
1791604800,2026-10-10T04:00:00Z,สีชมพู,132,0.0,0.0,0.0,,,True
1791604800,2026-10-10T04:00:00Z,สุวรรณคูหา,140,0.0,0.0,0.0,,,True
1791604800,2026-10-10T04:00:00Z,นาวัง,65,0.0,0.0,0.0,,,True
1791604800,2026-10-10T04:00:00Z,หนองเรือ,80,0.0,0.0,0.0,,,True
1791604800,2026-10-10T04:00:00Z,โนนสัง,51,0.0,0.0,0.0,,,True
1791604800,2026-10-10T04:00:00Z,ศรีบุญเรือง,224,0.0,0.0,0.0,,,True
1791604800,2026-10-10T04:00:00Z,เมืองหนองบัวลำภู,217,0.0,0.0,0.0,,,True
1791604800,2026-10-10T04:00:00Z,นากลาง,173,0.0,0.0,0.0,,,True
1791604800,2026-10-10T04:00:00Z,ทุ่งเสลี่ยม,144,0.0,0.0,0.0,,,True
1791604800,2026-10-10T04:00:00Z,ดอยหล่อ,56,0.0,0.0,0.0,,,True
1791604800,2026-10-10T04:00:00Z,เมืองตาก,486,0.0,0.0,0.0,,,True
1791604800,2026-10-10T04:00:00Z,แม่ออน,116,0.0,0.0,0.0,,,True
1791604800,2026-10-10T04:00:00Z,อุ้มผาง,1209,0.0,0.0,0.0,,,True
1791604800,2026-10-10T04:00:00Z,วังเจ้า,183,0.0,0.0,0.0,,,True
1791604800,2026-10-10T04:00:00Z,แม่สอด,398,0.0,0.0,0.0,,,True
1791604800,2026-10-10T04:00:00Z,พบพระ,249,0.0,0.0,0.0,,,True
1791604800,2026-10-10T04:00:00Z,แม่ระมาด,380,0.0,0.0,0.0,,,True
1791604800,2026-10-10T04:00:00Z,ท่าสองยาง,401,0.0,0.0,0.0,,,True
1791604800,2026-10-10T04:00:00Z,บ้านตาก,255,0.0,0.0,0.0,,,True
1791604800,2026-10-10T04:00:00Z,สามเงา,698,0.0,0.0,0.0,,,True
1791604800,2026-10-10T04:00:00Z,จอมทอง,280,0.0,0.0,0.0,,,True
1791604800,2026-10-10T04:00:00Z,แก้งสนามนาง,79,0.0,0.0,0.0,,,True
1791604800,2026-10-10T04:00:00Z,สีคิ้ว,292,0.0,0.0,0.0,,,True
1791604800,2026-10-10T04:00:00Z,พระทองคำ,90,0.0,0.0,0.0,,,True
1791604800,2026-10-10T04:00:00Z,เทพารักษ์,92,0.0,0.0,0.0,,,True
1791604800,2026-10-10T04:00:00Z,สันกำแพง,65,0.0,0.0,0.0,,,True
1791604800,2026-10-10T04:00:00Z,สันป่าตอง,44,0.0,0.0,0.0,,,True
1791604800,2026-10-10T04:00:00Z,ดอยเต่า,213,0.0,0.0,0.0,,,True
1791604800,2026-10-10T04:00:00Z,อมก๋อย,704,0.0,0.0,0.0,,,True
1791604800,2026-10-10T04:00:00Z,ฮอด,378,0.0,0.0,0.0,,,True
1791604800,2026-10-10T04:00:00Z,เมืองลำพูน,117,0.0,0.0,0.0,,,True
1791604800,2026-10-10T04:00:00Z,แม่ทา,192,0.0,0.0,0.0,,,True
1791604800,2026-10-10T04:00:00Z,บ้านธิ,34,0.0,0.0,0.0,,,True
1791604800,2026-10-10T04:00:00Z,บ้านหมอ,24,0.0,0.0,0.0,,,True
1791604800,2026-10-10T04:00:00Z,เวียงหนองล่อง,14,0.0,0.0,0.0,,,True
1791604800,2026-10-10T04:00:00Z,ทุ่งหัวช้าง,113,0.0,0.0,0.0,,,True
1791604800,2026-10-10T04:00:00Z,ป่าซาง,74,0.0,0.0,0.0,,,True
1791604800,2026-10-10T04:00:00Z,บ้านโฮ่ง,124,0.0,0.0,0.0,,,True
1791604800,2026-10-10T04:00:00Z,แก่งคอย,73,0.0,0.0,0.0,,,True
1791604800,2026-10-10T04:00:00Z,ลี้,454,0.0,0.0,0.0,,,True
1791604800,2026-10-10T04:00:00Z,พระพุทธบาท,55,0.0,0.0,0.0,,,True
1791604800,2026-10-10T04:00:00Z,ดอนพุด,7,0.0,0.0,0.0,,,True
1791604800,2026-10-10T04:00:00Z,หนองโดน,31,0.0,0.0,0.0,,,True
1791604800,2026-10-10T04:00:00Z,เมืองลำปาง,300,0.0,0.0,0.0,,,True
1791604800,2026-10-10T04:00:00Z,เถิน,443,0.0,0.0,0.0,,,True
1791604800,2026-10-10T04:00:00Z,แม่พริก,167,0.0,0.0,0.0,,,True
1791604800,2026-10-10T04:00:00Z,แจ้ห่ม,274,0.0,0.0,0.0,,,True
1791604800,2026-10-10T04:00:00Z,แม่เปิน,85,0.0,0.0,0.0,,,True
1791604800,2026-10-10T04:00:00Z,เสริมงาม,185,0.0,0.0,0.0,,,True
1791604800,2026-10-10T04:00:00Z,ชุมตาบง,61,0.0,0.0,0.0,,,True
1791604800,2026-10-10T04:00:00Z,งาว,344,0.0,0.0,0.0,,,True
1791604800,2026-10-10T04:00:00Z,ตากฟ้า,125,0.0,0.0,0.0,,,True
1791604800,2026-10-10T04:00:00Z,แม่เมาะ,283,0.0,0.0,0.0,,,True
1791604800,2026-10-10T04:00:00Z,แม่วงก์,257,0.0,0.0,0.0,,,True
1791604800,2026-10-10T04:00:00Z,เกาะคา,128,0.0,0.0,0.0,,,True
1791604800,2026-10-10T04:00:00Z,พยุหะคีรี,169,0.0,0.0,0.0,,,True
1791604800,2026-10-10T04:00:00Z,ลาดยาว,187,0.308,2.582,0.3316,15,15,True
1791604800,2026-10-10T04:00:00Z,สบปราบ,125,0.0,0.0,0.0,,,True
1791604800,2026-10-10T04:00:00Z,ห้างฉัตร,154,0.0,0.0,0.0,,,True
1791604800,2026-10-10T04:00:00Z,แม่ทะ,203,0.0,0.0,0.0,,,True
1791604800,2026-10-10T04:00:00Z,เมืองปาน,202,0.0,0.0,0.0,,,True
1791604800,2026-10-10T04:00:00Z,เมืองอ่างทอง,6,0.0,0.0,0.0,,,True
1791604800,2026-10-10T04:00:00Z,ไชโย,20,0.0,0.0,0.0,,,True
1791604800,2026-10-10T04:00:00Z,สามโก้,10,0.0,0.0,0.0,,,True
1791604800,2026-10-10T04:00:00Z,แสวงหา,43,0.0,0.0,0.0,,,True
1791604800,2026-10-10T04:00:00Z,วิเศษชัยชาญ,7,0.0,0.0,0.0,,,True
1791604800,2026-10-10T04:00:00Z,โพธิ์ทอง,48,0.0,0.0,0.0,,,True
1791604800,2026-10-10T04:00:00Z,เมืองลพบุรี,190,0.0,0.0,0.0,,,True
1791604800,2026-10-10T04:00:00Z,เดิมบางนางบวช,130,0.0,0.0,0.0,,,True
1791604800,2026-10-10T04:00:00Z,ด่านช้าง,309,0.009,0.299,0.0615,,60,True
1791604800,2026-10-10T04:00:00Z,หนองม่วง,111,0.0,0.0,0.0,,,True
1791604800,2026-10-10T04:00:00Z,ลำสนธิ,136,0.0,0.0,0.0,,,True
1791604800,2026-10-10T04:00:00Z,สามชุก,77,0.0,0.0,0.0,,,True
1791604800,2026-10-10T04:00:00Z,ดอนเจดีย์,72,0.0,0.0,0.0,,,True
1791604800,2026-10-10T04:00:00Z,สระโบสถ์,83,0.0,0.0,0.0,,,True
1791604800,2026-10-10T04:00:00Z,ศรีประจันต์,41,0.0,0.0,0.0,,,True
1791604800,2026-10-10T04:00:00Z,โคกเจริญ,135,0.0,0.0,0.0,,,True
1791604800,2026-10-10T04:00:00Z,บ้านหมี่,136,0.0,0.0,0.0,,,True
1791604800,2026-10-10T04:00:00Z,ท่าหลวง,100,0.0,0.0,0.0,,,True
1791604800,2026-10-10T04:00:00Z,ชัยบาดาล,280,0.0,0.0,0.0,,,True
1791604800,2026-10-10T04:00:00Z,ท่าวุ้ง,64,0.0,0.0,0.0,,,True
1791604800,2026-10-10T04:00:00Z,พัฒนานิคม,217,0.0,0.0,0.0,,,True
1791604800,2026-10-10T04:00:00Z,โคกสำโรง,180,0.0,0.0,0.0,,,True
1791604800,2026-10-10T04:00:00Z,หนองหญ้าไซ,108,0.0,0.0,0.0,,,True
1791604800,2026-10-10T04:00:00Z,ท่าช้าง,11,0.0,0.0,0.0,,,True
1791604800,2026-10-10T04:00:00Z,อินทร์บุรี,66,0.0,0.0,0.0,,,True
1791604800,2026-10-10T04:00:00Z,ค่ายบางระจัน,26,0.0,0.0,0.0,,,True
1791604800,2026-10-10T04:00:00Z,พรหมบุรี,19,0.0,0.0,0.0,,,True
1791604800,2026-10-10T04:00:00Z,เนินสง่า,65,0.0,0.0,0.0,,,True
1791604800,2026-10-10T04:00:00Z,เมืองสิงห์บุรี,31,0.0,0.0,0.0,,,True
1791604800,2026-10-10T04:00:00Z,ซับใหญ่,72,0.0,0.0,0.0,,,True
1791604800,2026-10-10T04:00:00Z,บางระจัน,46,0.0,0.0,0.0,,,True
1791604800,2026-10-10T04:00:00Z,ภูกระดึง,190,0.0,0.0,0.0,,,True
1791604800,2026-10-10T04:00:00Z,ภูหลวง,145,0.0,0.0,0.0,,,True
1791604800,2026-10-10T04:00:00Z,หนองหิน,78,0.0,0.0,0.0,,,True
1791604800,2026-10-10T04:00:00Z,ผาขาว,100,0.0,0.0,0.0,,,True
1791604800,2026-10-10T04:00:00Z,เอราวัณ,87,0.0,0.0,0.0,,,True
1791604800,2026-10-10T04:00:00Z,วังสะพุง,281,0.0,0.0,0.0,,,True
1791604800,2026-10-10T04:00:00Z,วังม่วง,70,0.0,0.0,0.0,,,True
1791604800,2026-10-10T04:00:00Z,เฉลิมพระเกียรติ,35,0.0,0.0,0.0,,,True
1791604800,2026-10-10T04:00:00Z,มวกเหล็ก,175,0.0,0.0,0.0,,,True
1791604800,2026-10-10T04:00:00Z,บ้านเขว้า,124,0.0,0.0,0.0,,,True
1791604800,2026-10-10T04:00:00Z,คอนสวรรค์,113,0.0,0.0,0.0,,,True
1791604800,2026-10-10T04:00:00Z,เมืองชัยภูมิ,358,0.0,0.0,0.0,,,True
1791604800,2026-10-10T04:00:00Z,วังทอง,425,0.0,0.0,0.0,,,True
1791604800,2026-10-10T04:00:00Z,เนินมะปราง,276,0.0,0.0,0.0,,,True
1791604800,2026-10-10T04:00:00Z,สวรรคโลก,156,0.0,0.0,0.0,,,True
1791604800,2026-10-10T04:00:00Z,ศรีนคร,46,0.0,0.0,0.0,,,True
1791604800,2026-10-10T04:00:00Z,หันคา,139,0.001,0.098,0.0072,,15,True
1791604800,2026-10-10T04:00:00Z,ศรีสัชนาลัย,534,0.0,0.0,0.0,,,True
1791604800,2026-10-10T04:00:00Z,หนองมะโมง,76,0.007,0.413,0.0263,,15,True
1791604800,2026-10-10T04:00:00Z,ศรีสำโรง,142,0.0,0.0,0.0,,,True
1791604800,2026-10-10T04:00:00Z,สรรพยา,55,0.0,0.0,0.0,,,True
1791604800,2026-10-10T04:00:00Z,คีรีมาศ,171,0.0,0.0,0.0,,,True
1791604800,2026-10-10T04:00:00Z,สรรคบุรี,89,0.0,0.0,0.0,,,True
1791604800,2026-10-10T04:00:00Z,กงไกรลาศ,108,0.0,0.0,0.0,,,True
1791604800,2026-10-10T04:00:00Z,มโนรมย์,66,0.0,0.0,0.0,,,True
1791604800,2026-10-10T04:00:00Z,เมืองสุโขทัย,136,0.0,0.0,0.0,,,True
1791604800,2026-10-10T04:00:00Z,วัดสิงห์,67,0.0,0.0,0.0,,,True
1791604800,2026-10-10T04:00:00Z,บ้านด่านลานหอย,231,0.0,0.0,0.0,,,True
1791604800,2026-10-10T04:00:00Z,เมืองชัยนาท,70,0.0,0.0,0.0,,,True
1791604800,2026-10-10T04:00:00Z,เนินขาม,65,0.003,0.098,0.0308,,15,True
1791604800,2026-10-10T04:00:00Z,คอนสาร,334,0.0,0.0,0.0,,,True
1791604800,2026-10-10T04:00:00Z,ภักดีชุมพล,154,0.0,0.0,0.0,,,True
1791604800,2026-10-10T04:00:00Z,บ้านแท่น,76,0.0,0.0,0.0,,,True
1791604800,2026-10-10T04:00:00Z,แก้งคร้อ,168,0.0,0.0,0.0,,,True
1791604800,2026-10-10T04:00:00Z,ภูเขียว,201,0.0,0.0,0.0,,,True
1791604800,2026-10-10T04:00:00Z,หนองบัวระเหว,179,0.0,0.0,0.0,,,True
1791604800,2026-10-10T04:00:00Z,เทพสถิต,239,0.0,0.0,0.0,,,True
1791604800,2026-10-10T04:00:00Z,จัตุรัส,172,0.0,0.0,0.0,,,True
1791604800,2026-10-10T04:00:00Z,บำเหน็จณรงค์,120,0.0,0.0,0.0,,,True
1791604800,2026-10-10T04:00:00Z,เกษตรสมบูรณ์,268,0.0,0.0,0.0,,,True
1791604800,2026-10-10T04:00:00Z,หนองบัวแดง,537,0.0,0.0,0.0,,,True
1791604800,2026-10-10T04:00:00Z,ภูเรือ,168,0.0,0.0,0.0,,,True
1791604800,2026-10-10T04:00:00Z,ท่าลี่,171,0.0,0.0,0.0,,,True
1791604800,2026-10-10T04:00:00Z,วชิรบารมี,68,0.0,0.0,0.0,,,True
1791604800,2026-10-10T04:00:00Z,ด่านซ้าย,341,0.0,0.0,0.0,,,True
1791604800,2026-10-10T04:00:00Z,นาแห้ว,153,0.0,0.0,0.0,,,True
1791604800,2026-10-10T04:00:00Z,บึงนาราง,74,0.0,0.0,0.0,,,True
1791604800,2026-10-10T04:00:00Z,เชียงคาน,213,0.0,0.0,0.0,,,True
1791604800,2026-10-10T04:00:00Z,ดงเจริญ,56,0.0,0.0,0.0,,,True
1791604800,2026-10-10T04:00:00Z,ปากชม,240,0.0,0.0,0.0,,,True
1791604800,2026-10-10T04:00:00Z,เมืองเลย,314,0.0,0.0,0.0,,,True
1791604800,2026-10-10T04:00:00Z,นาด้วง,143,0.0,0.0,0.0,,,True
1791604800,2026-10-10T04:00:00Z,สากเหล็ก,45,0.0,0.0,0.0,,,True
1791604800,2026-10-10T04:00:00Z,สามง่าม,89,0.0,0.0,0.0,,,True
1791604800,2026-10-10T04:00:00Z,ทับคล้อ,104,0.0,0.0,0.0,,,True
1791604800,2026-10-10T04:00:00Z,พรหมพิราม,206,0.0,0.0,0.0,,,True
1791604800,2026-10-10T04:00:00Z,ด่านขุนทด,344,0.0,0.0,0.0,,,True
1791604800,2026-10-10T04:00:00Z,วัดโบสถ์,226,0.0,0.0,0.0,,,True
1791604800,2026-10-10T04:00:00Z,บางระกำ,246,0.0,0.0,0.0,,,True
1791604800,2026-10-10T04:00:00Z,บางกระทุ่ม,91,0.0,0.0,0.0,,,True
1791604800,2026-10-10T04:00:00Z,นครไทย,597,0.0,0.0,0.0,,,True
1791604800,2026-10-10T04:00:00Z,ชาติตระการ,415,0.0,0.0,0.0,,,True
1791604800,2026-10-10T04:00:00Z,บ้านเหลื่อม,55,0.0,0.0,0.0,,,True
1791604800,2026-10-10T04:00:00Z,เมืองพิษณุโลก,178,0.0,0.0,0.0,,,True
1791604800,2026-10-10T04:00:00Z,ชุมแสง,145,0.0,0.0,0.0,,,True
1791604800,2026-10-10T04:00:00Z,หนองบัว,208,0.0,0.0,0.0,,,True
1791604800,2026-10-10T04:00:00Z,เมืองนครสวรรค์,183,0.001,0.098,0.0109,,15,True
1791604800,2026-10-10T04:00:00Z,โกรกพระ,71,0.0,0.0,0.0,,,True
1791604800,2026-10-10T04:00:00Z,ไพศาลี,244,0.0,0.0,0.0,,,True
1791604800,2026-10-10T04:00:00Z,ตาคลี,206,0.0,0.0,0.0,,,True
1791604800,2026-10-10T04:00:00Z,ท่าตะโก,211,0.0,0.0,0.0,,,True
1791604800,2026-10-10T04:00:00Z,เขาค้อ,207,0.0,0.0,0.0,,,True
1791604800,2026-10-10T04:00:00Z,บรรพตพิสัย,181,0.0,0.0,0.0,,,True
1791604800,2026-10-10T04:00:00Z,เก้าเลี้ยว,57,0.0,0.0,0.0,,,True
1791604800,2026-10-10T04:00:00Z,วังโป่ง,123,0.0,0.0,0.0,,,True
1791604800,2026-10-10T04:00:00Z,บึงสามพัน,194,0.0,0.0,0.0,,,True
1791604800,2026-10-10T04:00:00Z,น้ำหนาว,231,0.0,0.0,0.0,,,True
1791604800,2026-10-10T04:00:00Z,ศรีเทพ,204,0.0,0.0,0.0,,,True
1791604800,2026-10-10T04:00:00Z,หนองไผ่,315,0.0,0.0,0.0,,,True
1791604800,2026-10-10T04:00:00Z,มหาราช,4,0.0,0.0,0.0,,,False
1791604800,2026-10-10T04:00:00Z,บ้านแพรก,10,0.0,0.0,0.0,,,True
1791604800,2026-10-10T04:00:00Z,บางมูลนาก,99,0.0,0.0,0.0,,,True
1791604800,2026-10-10T04:00:00Z,โพทะเล,131,0.0,0.0,0.0,,,True
1791604800,2026-10-10T04:00:00Z,โพธิ์ประทับช้าง,102,0.0,0.0,0.0,,,True
1791604800,2026-10-10T04:00:00Z,ตะพานหิน,109,0.0,0.0,0.0,,,True
1791604800,2026-10-10T04:00:00Z,เมืองพิจิตร,138,0.0,0.0,0.0,,,True
1791604800,2026-10-10T04:00:00Z,วังทรายพูน,66,0.0,0.0,0.0,,,True
1791605700,2026-10-10T04:15:00Z,พิชัย,176,0.0,0.0,0.0,,,True
1791605700,2026-10-10T04:15:00Z,ลับแล,116,0.0,0.0,0.0,,,True
1791605700,2026-10-10T04:15:00Z,ฟากท่า,163,0.0,0.0,0.0,,,True
1791605700,2026-10-10T04:15:00Z,บ้านโคก,247,0.0,0.0,0.0,,,True
1791605700,2026-10-10T04:15:00Z,ท่าปลา,442,0.0,0.0,0.0,,,True
1791605700,2026-10-10T04:15:00Z,น้ำปาด,363,0.0,0.0,0.0,,,True
1791605700,2026-10-10T04:15:00Z,เมืองอุตรดิตถ์,202,0.0,0.0,0.0,,,True
1791605700,2026-10-10T04:15:00Z,ตรอน,80,0.0,0.0,0.0,,,True
1791605700,2026-10-10T04:15:00Z,หล่มเก่า,246,0.0,0.0,0.0,,,True
1791605700,2026-10-10T04:15:00Z,วิเชียรบุรี,377,0.0,0.0,0.0,,,True
1791605700,2026-10-10T04:15:00Z,ชนแดน,279,0.0,0.0,0.0,,,True
1791605700,2026-10-10T04:15:00Z,หล่มสัก,350,0.0,0.0,0.0,,,True
1791605700,2026-10-10T04:15:00Z,เมืองเพชรบูรณ์,571,0.0,0.0,0.0,,,True
1791605700,2026-10-10T04:15:00Z,ทองแสนขัน,185,0.0,0.0,0.0,,,True
1791605700,2026-10-10T04:15:00Z,บึงสามัคคี,71,0.0,0.0,0.0,,,True
1791605700,2026-10-10T04:15:00Z,โกสัมพีนคร,137,0.0,0.0,0.0,,,True
1791605700,2026-10-10T04:15:00Z,สอง,380,0.0,0.0,0.0,,,True
1791605700,2026-10-10T04:15:00Z,วังชิ้น,255,0.0,0.0,0.0,,,True
1791605700,2026-10-10T04:15:00Z,สูงเม่น,88,0.0,0.0,0.0,,,True
1791605700,2026-10-10T04:15:00Z,เด่นชัย,135,0.0,0.0,0.0,,,True
1791605700,2026-10-10T04:15:00Z,ร้องกวาง,221,0.0,0.0,0.0,,,True
1791605700,2026-10-10T04:15:00Z,ลอง,317,0.0,0.0,0.0,,,True
1791605700,2026-10-10T04:15:00Z,เมืองแพร่,205,0.0,0.0,0.0,,,True
1791605700,2026-10-10T04:15:00Z,ทัพทัน,94,0.0,0.0,0.0,,,True
1791605700,2026-10-10T04:15:00Z,สว่างอารมณ์,110,0.17,2.417,0.2818,75,30,True
1791605700,2026-10-10T04:15:00Z,เมืองอุทัยธานี,59,0.0,0.0,0.0,,,True
1791605700,2026-10-10T04:15:00Z,ห้วยคต,94,0.0,0.0,0.0,,,True
1791605700,2026-10-10T04:15:00Z,ศรีสวัสดิ์,440,0.0,0.0,0.0,,,True
1791605700,2026-10-10T04:15:00Z,บ้านไร่,821,0.019,0.848,0.0889,,15,True
1791605700,2026-10-10T04:15:00Z,ลานสัก,360,0.001,0.098,0.0083,,120,True
1791605700,2026-10-10T04:15:00Z,หนองฉาง,89,0.0,0.0,0.0,,,True
1791605700,2026-10-10T04:15:00Z,หนองขาหย่าง,43,0.0,0.0,0.0,,,True
1791605700,2026-10-10T04:15:00Z,เชียงม่วน,82,0.0,0.0,0.0,,,True
1791605700,2026-10-10T04:15:00Z,ดอกคำใต้,37,0.0,0.0,0.0,,,True
1791605700,2026-10-10T04:15:00Z,เมืองพะเยา,6,0.0,0.0,0.0,,,True
1791605700,2026-10-10T04:15:00Z,ทองผาภูมิ,851,0.0,0.0,0.0,,,True
1791605700,2026-10-10T04:15:00Z,สังขละบุรี,793,0.0,0.0,0.0,,,True
1791605700,2026-10-10T04:15:00Z,หนองม่วงไข่,35,0.0,0.0,0.0,,,True
1791605700,2026-10-10T04:15:00Z,ภูเวียง,81,0.0,0.0,0.0,,,True
1791605700,2026-10-10T04:15:00Z,มัญจาคีรี,50,0.0,0.0,0.0,,,True
1791605700,2026-10-10T04:15:00Z,หนองปรือ,104,0.0,0.0,0.0,,,True
1791605700,2026-10-10T04:15:00Z,เลาขวัญ,123,0.0,0.0,0.0,,,True
1791605700,2026-10-10T04:15:00Z,หนองนาคำ,43,0.0,0.0,0.0,,,True
1791605700,2026-10-10T04:15:00Z,โคกโพธิ์ไชย,65,0.0,0.0,0.0,,,True
1791605700,2026-10-10T04:15:00Z,บ้านหลวง,91,0.0,0.0,0.0,,,True
1791605700,2026-10-10T04:15:00Z,นาน้อย,266,0.0,0.0,0.0,,,True
1791605700,2026-10-10T04:15:00Z,ภูผาม่าน,74,0.0,0.0,0.0,,,True
1791605700,2026-10-10T04:15:00Z,เมืองน่าน,161,0.0,0.0,0.0,,,True
1791605700,2026-10-10T04:15:00Z,แม่จริม,262,0.0,0.0,0.0,,,True
1791605700,2026-10-10T04:15:00Z,เวียงเก่า,78,0.0,0.0,0.0,,,True
1791605700,2026-10-10T04:15:00Z,เมืองกำแพงเพชร,368,0.0,0.0,0.0,,,True
1791605700,2026-10-10T04:15:00Z,ไทรงาม,133,0.0,0.0,0.0,,,True
1791605700,2026-10-10T04:15:00Z,ปางศิลาทอง,186,0.001,0.098,0.0054,,120,True
1791605700,2026-10-10T04:15:00Z,ลานกระบือ,103,0.0,0.0,0.0,,,True
1791605700,2026-10-10T04:15:00Z,ทรายทองวัฒนา,53,0.0,0.0,0.0,,,True
1791605700,2026-10-10T04:15:00Z,คลองขลุง,179,0.003,0.098,0.0279,,30,True
1791605700,2026-10-10T04:15:00Z,พรานกระต่าย,252,0.0,0.0,0.0,,,True
1791605700,2026-10-10T04:15:00Z,คลองลาน,363,0.0,0.0,0.0,,,True
1791605700,2026-10-10T04:15:00Z,ขาณุวรลักษบุรี,296,0.0,0.0,0.0,,,True
1791605700,2026-10-10T04:15:00Z,ภูเพียง,113,0.0,0.0,0.0,,,True
1791605700,2026-10-10T04:15:00Z,นาหมื่น,245,0.0,0.0,0.0,,,True
1791605700,2026-10-10T04:15:00Z,เวียงสา,543,0.0,0.0,0.0,,,True
1791605700,2026-10-10T04:15:00Z,น้ำโสม,153,0.0,0.0,0.0,,,True
1791605700,2026-10-10T04:15:00Z,นายูง,126,0.0,0.0,0.0,,,True
1791605700,2026-10-10T04:15:00Z,ชุมแพ,173,0.0,0.0,0.0,,,True
1791605700,2026-10-10T04:15:00Z,สีชมพู,132,0.0,0.0,0.0,,,True
1791605700,2026-10-10T04:15:00Z,สุวรรณคูหา,140,0.0,0.0,0.0,,,True
1791605700,2026-10-10T04:15:00Z,นาวัง,65,0.0,0.0,0.0,,,True
1791605700,2026-10-10T04:15:00Z,หนองเรือ,80,0.0,0.0,0.0,,,True
1791605700,2026-10-10T04:15:00Z,โนนสัง,51,0.0,0.0,0.0,,,True
1791605700,2026-10-10T04:15:00Z,ศรีบุญเรือง,224,0.0,0.0,0.0,,,True
1791605700,2026-10-10T04:15:00Z,เมืองหนองบัวลำภู,217,0.0,0.0,0.0,,,True
1791605700,2026-10-10T04:15:00Z,นากลาง,173,0.0,0.0,0.0,,,True
1791605700,2026-10-10T04:15:00Z,ทุ่งเสลี่ยม,144,0.0,0.0,0.0,,,True
1791605700,2026-10-10T04:15:00Z,ดอยหล่อ,56,0.0,0.0,0.0,,,True
1791605700,2026-10-10T04:15:00Z,เมืองตาก,486,0.0,0.0,0.0,,,True
1791605700,2026-10-10T04:15:00Z,แม่ออน,116,0.0,0.0,0.0,,,True
1791605700,2026-10-10T04:15:00Z,อุ้มผาง,1209,0.0,0.0,0.0,,,True
1791605700,2026-10-10T04:15:00Z,วังเจ้า,183,0.0,0.0,0.0,,,True
1791605700,2026-10-10T04:15:00Z,แม่สอด,398,0.0,0.0,0.0,,,True
1791605700,2026-10-10T04:15:00Z,พบพระ,249,0.0,0.0,0.0,,,True
1791605700,2026-10-10T04:15:00Z,แม่ระมาด,380,0.0,0.0,0.0,,,True
1791605700,2026-10-10T04:15:00Z,ท่าสองยาง,401,0.0,0.0,0.0,,,True
1791605700,2026-10-10T04:15:00Z,บ้านตาก,255,0.0,0.0,0.0,,,True
1791605700,2026-10-10T04:15:00Z,สามเงา,698,0.0,0.0,0.0,,,True
1791605700,2026-10-10T04:15:00Z,จอมทอง,280,0.0,0.0,0.0,,,True
1791605700,2026-10-10T04:15:00Z,แก้งสนามนาง,79,0.0,0.0,0.0,,,True
1791605700,2026-10-10T04:15:00Z,สีคิ้ว,292,0.0,0.0,0.0,,,True
1791605700,2026-10-10T04:15:00Z,พระทองคำ,90,0.0,0.0,0.0,,,True
1791605700,2026-10-10T04:15:00Z,เทพารักษ์,92,0.0,0.0,0.0,,,True
1791605700,2026-10-10T04:15:00Z,สันกำแพง,65,0.0,0.0,0.0,,,True
1791605700,2026-10-10T04:15:00Z,สันป่าตอง,44,0.0,0.0,0.0,,,True
1791605700,2026-10-10T04:15:00Z,ดอยเต่า,213,0.0,0.0,0.0,,,True
1791605700,2026-10-10T04:15:00Z,อมก๋อย,704,0.0,0.0,0.0,,,True
1791605700,2026-10-10T04:15:00Z,ฮอด,378,0.0,0.0,0.0,,,True
1791605700,2026-10-10T04:15:00Z,เมืองลำพูน,117,0.0,0.0,0.0,,,True
1791605700,2026-10-10T04:15:00Z,แม่ทา,192,0.0,0.0,0.0,,,True
1791605700,2026-10-10T04:15:00Z,บ้านธิ,34,0.0,0.0,0.0,,,True
1791605700,2026-10-10T04:15:00Z,บ้านหมอ,24,0.0,0.0,0.0,,,True
1791605700,2026-10-10T04:15:00Z,เวียงหนองล่อง,14,0.0,0.0,0.0,,,True
1791605700,2026-10-10T04:15:00Z,ทุ่งหัวช้าง,113,0.0,0.0,0.0,,,True
1791605700,2026-10-10T04:15:00Z,ป่าซาง,74,0.0,0.0,0.0,,,True
1791605700,2026-10-10T04:15:00Z,บ้านโฮ่ง,124,0.0,0.0,0.0,,,True
1791605700,2026-10-10T04:15:00Z,แก่งคอย,73,0.0,0.0,0.0,,,True
1791605700,2026-10-10T04:15:00Z,ลี้,454,0.0,0.0,0.0,,,True
1791605700,2026-10-10T04:15:00Z,พระพุทธบาท,55,0.0,0.0,0.0,,,True
1791605700,2026-10-10T04:15:00Z,ดอนพุด,7,0.0,0.0,0.0,,,True
1791605700,2026-10-10T04:15:00Z,หนองโดน,31,0.0,0.0,0.0,,,True
1791605700,2026-10-10T04:15:00Z,เมืองลำปาง,300,0.0,0.0,0.0,,,True
1791605700,2026-10-10T04:15:00Z,เถิน,443,0.0,0.0,0.0,,,True
1791605700,2026-10-10T04:15:00Z,แม่พริก,167,0.0,0.0,0.0,,,True
1791605700,2026-10-10T04:15:00Z,แจ้ห่ม,274,0.0,0.0,0.0,,,True
1791605700,2026-10-10T04:15:00Z,แม่เปิน,85,0.0,0.0,0.0,,,True
1791605700,2026-10-10T04:15:00Z,เสริมงาม,185,0.0,0.0,0.0,,,True
1791605700,2026-10-10T04:15:00Z,ชุมตาบง,61,0.136,1.436,0.2459,105,75,True
1791605700,2026-10-10T04:15:00Z,งาว,344,0.0,0.0,0.0,,,True
1791605700,2026-10-10T04:15:00Z,ตากฟ้า,125,0.0,0.0,0.0,,,True
1791605700,2026-10-10T04:15:00Z,แม่เมาะ,283,0.0,0.0,0.0,,,True
1791605700,2026-10-10T04:15:00Z,แม่วงก์,257,0.0,0.0,0.0,,,True
1791605700,2026-10-10T04:15:00Z,เกาะคา,128,0.0,0.0,0.0,,,True
1791605700,2026-10-10T04:15:00Z,พยุหะคีรี,169,0.0,0.0,0.0,,,True
1791605700,2026-10-10T04:15:00Z,ลาดยาว,187,0.343,2.45,0.3422,15,15,True
1791605700,2026-10-10T04:15:00Z,สบปราบ,125,0.0,0.0,0.0,,,True
1791605700,2026-10-10T04:15:00Z,ห้างฉัตร,154,0.0,0.0,0.0,,,True
1791605700,2026-10-10T04:15:00Z,แม่ทะ,203,0.0,0.0,0.0,,,True
1791605700,2026-10-10T04:15:00Z,เมืองปาน,202,0.0,0.0,0.0,,,True
1791605700,2026-10-10T04:15:00Z,เมืองอ่างทอง,6,0.0,0.0,0.0,,,True
1791605700,2026-10-10T04:15:00Z,ไชโย,20,0.0,0.0,0.0,,,True
1791605700,2026-10-10T04:15:00Z,สามโก้,10,0.0,0.0,0.0,,,True
1791605700,2026-10-10T04:15:00Z,แสวงหา,43,0.0,0.0,0.0,,,True
1791605700,2026-10-10T04:15:00Z,วิเศษชัยชาญ,7,0.0,0.0,0.0,,,True
1791605700,2026-10-10T04:15:00Z,โพธิ์ทอง,48,0.0,0.0,0.0,,,True
1791605700,2026-10-10T04:15:00Z,เมืองลพบุรี,190,0.0,0.0,0.0,,,True
1791605700,2026-10-10T04:15:00Z,เดิมบางนางบวช,130,0.0,0.0,0.0,,,True
1791605700,2026-10-10T04:15:00Z,ด่านช้าง,309,0.027,0.848,0.0874,,45,True
1791605700,2026-10-10T04:15:00Z,หนองม่วง,111,0.0,0.0,0.0,,,True
1791605700,2026-10-10T04:15:00Z,ลำสนธิ,136,0.0,0.0,0.0,,,True
1791605700,2026-10-10T04:15:00Z,สามชุก,77,0.0,0.0,0.0,,,True
1791605700,2026-10-10T04:15:00Z,ดอนเจดีย์,72,0.001,0.098,0.0139,,90,True
1791605700,2026-10-10T04:15:00Z,สระโบสถ์,83,0.0,0.0,0.0,,,True
1791605700,2026-10-10T04:15:00Z,ศรีประจันต์,41,0.002,0.098,0.0244,,45,True
1791605700,2026-10-10T04:15:00Z,โคกเจริญ,135,0.0,0.0,0.0,,,True
1791605700,2026-10-10T04:15:00Z,บ้านหมี่,136,0.0,0.0,0.0,,,True
1791605700,2026-10-10T04:15:00Z,ท่าหลวง,100,0.0,0.0,0.0,,,True
1791605700,2026-10-10T04:15:00Z,ชัยบาดาล,280,0.0,0.0,0.0,,,True
1791605700,2026-10-10T04:15:00Z,ท่าวุ้ง,64,0.0,0.0,0.0,,,True
1791605700,2026-10-10T04:15:00Z,พัฒนานิคม,217,0.0,0.0,0.0,,,True
1791605700,2026-10-10T04:15:00Z,โคกสำโรง,180,0.0,0.0,0.0,,,True
1791605700,2026-10-10T04:15:00Z,หนองหญ้าไซ,108,0.0,0.0,0.0,,,True
1791605700,2026-10-10T04:15:00Z,ท่าช้าง,11,0.0,0.0,0.0,,,True
1791605700,2026-10-10T04:15:00Z,อินทร์บุรี,66,0.0,0.0,0.0,,,True
1791605700,2026-10-10T04:15:00Z,ค่ายบางระจัน,26,0.0,0.0,0.0,,,True
1791605700,2026-10-10T04:15:00Z,พรหมบุรี,19,0.0,0.0,0.0,,,True
1791605700,2026-10-10T04:15:00Z,เนินสง่า,65,0.0,0.0,0.0,,,True
1791605700,2026-10-10T04:15:00Z,เมืองสิงห์บุรี,31,0.0,0.0,0.0,,,True
1791605700,2026-10-10T04:15:00Z,ซับใหญ่,72,0.0,0.0,0.0,,,True
1791605700,2026-10-10T04:15:00Z,บางระจัน,46,0.0,0.0,0.0,,,True
1791605700,2026-10-10T04:15:00Z,ภูกระดึง,190,0.0,0.0,0.0,,,True
1791605700,2026-10-10T04:15:00Z,ภูหลวง,145,0.0,0.0,0.0,,,True
1791605700,2026-10-10T04:15:00Z,หนองหิน,78,0.0,0.0,0.0,,,True
1791605700,2026-10-10T04:15:00Z,ผาขาว,100,0.0,0.0,0.0,,,True
1791605700,2026-10-10T04:15:00Z,เอราวัณ,87,0.0,0.0,0.0,,,True
1791605700,2026-10-10T04:15:00Z,วังสะพุง,281,0.0,0.0,0.0,,,True
1791605700,2026-10-10T04:15:00Z,วังม่วง,70,0.0,0.0,0.0,,,True
1791605700,2026-10-10T04:15:00Z,เฉลิมพระเกียรติ,35,0.0,0.0,0.0,,,True
1791605700,2026-10-10T04:15:00Z,มวกเหล็ก,175,0.0,0.0,0.0,,,True
1791605700,2026-10-10T04:15:00Z,บ้านเขว้า,124,0.0,0.0,0.0,,,True
1791605700,2026-10-10T04:15:00Z,คอนสวรรค์,113,0.0,0.0,0.0,,,True
1791605700,2026-10-10T04:15:00Z,เมืองชัยภูมิ,358,0.0,0.0,0.0,,,True
1791605700,2026-10-10T04:15:00Z,วังทอง,425,0.0,0.0,0.0,,,True
1791605700,2026-10-10T04:15:00Z,เนินมะปราง,276,0.0,0.0,0.0,,,True
1791605700,2026-10-10T04:15:00Z,สวรรคโลก,156,0.0,0.0,0.0,,,True
1791605700,2026-10-10T04:15:00Z,ศรีนคร,46,0.0,0.0,0.0,,,True
1791605700,2026-10-10T04:15:00Z,หันคา,139,0.0,0.0,0.0,,,True
1791605700,2026-10-10T04:15:00Z,ศรีสัชนาลัย,534,0.0,0.0,0.0,,,True
1791605700,2026-10-10T04:15:00Z,หนองมะโมง,76,0.003,0.098,0.0263,,15,True
1791605700,2026-10-10T04:15:00Z,ศรีสำโรง,142,0.0,0.0,0.0,,,True
1791605700,2026-10-10T04:15:00Z,สรรพยา,55,0.0,0.0,0.0,,,True
1791605700,2026-10-10T04:15:00Z,คีรีมาศ,171,0.0,0.0,0.0,,,True
1791605700,2026-10-10T04:15:00Z,สรรคบุรี,89,0.0,0.0,0.0,,,True
1791605700,2026-10-10T04:15:00Z,กงไกรลาศ,108,0.0,0.0,0.0,,,True
1791605700,2026-10-10T04:15:00Z,มโนรมย์,66,0.0,0.0,0.0,,,True
1791605700,2026-10-10T04:15:00Z,เมืองสุโขทัย,136,0.0,0.0,0.0,,,True
1791605700,2026-10-10T04:15:00Z,วัดสิงห์,67,0.0,0.0,0.0,,,True
1791605700,2026-10-10T04:15:00Z,บ้านด่านลานหอย,231,0.0,0.0,0.0,,,True
1791605700,2026-10-10T04:15:00Z,เมืองชัยนาท,70,0.0,0.0,0.0,,,True
1791605700,2026-10-10T04:15:00Z,เนินขาม,65,0.0,0.0,0.0,,,True
1791605700,2026-10-10T04:15:00Z,คอนสาร,334,0.0,0.0,0.0,,,True
1791605700,2026-10-10T04:15:00Z,ภักดีชุมพล,154,0.0,0.0,0.0,,,True
1791605700,2026-10-10T04:15:00Z,บ้านแท่น,76,0.0,0.0,0.0,,,True
1791605700,2026-10-10T04:15:00Z,แก้งคร้อ,168,0.0,0.0,0.0,,,True
1791605700,2026-10-10T04:15:00Z,ภูเขียว,201,0.0,0.0,0.0,,,True
1791605700,2026-10-10T04:15:00Z,หนองบัวระเหว,179,0.0,0.0,0.0,,,True
1791605700,2026-10-10T04:15:00Z,เทพสถิต,239,0.0,0.0,0.0,,,True
1791605700,2026-10-10T04:15:00Z,จัตุรัส,172,0.0,0.0,0.0,,,True
1791605700,2026-10-10T04:15:00Z,บำเหน็จณรงค์,120,0.0,0.0,0.0,,,True
1791605700,2026-10-10T04:15:00Z,เกษตรสมบูรณ์,268,0.0,0.0,0.0,,,True
1791605700,2026-10-10T04:15:00Z,หนองบัวแดง,537,0.0,0.0,0.0,,,True
1791605700,2026-10-10T04:15:00Z,ภูเรือ,168,0.0,0.0,0.0,,,True
1791605700,2026-10-10T04:15:00Z,ท่าลี่,171,0.0,0.0,0.0,,,True
1791605700,2026-10-10T04:15:00Z,วชิรบารมี,68,0.0,0.0,0.0,,,True
1791605700,2026-10-10T04:15:00Z,ด่านซ้าย,341,0.0,0.0,0.0,,,True
1791605700,2026-10-10T04:15:00Z,นาแห้ว,153,0.0,0.0,0.0,,,True
1791605700,2026-10-10T04:15:00Z,บึงนาราง,74,0.0,0.0,0.0,,,True
1791605700,2026-10-10T04:15:00Z,เชียงคาน,213,0.0,0.0,0.0,,,True
1791605700,2026-10-10T04:15:00Z,ดงเจริญ,56,0.0,0.0,0.0,,,True
1791605700,2026-10-10T04:15:00Z,ปากชม,240,0.0,0.0,0.0,,,True
1791605700,2026-10-10T04:15:00Z,เมืองเลย,314,0.0,0.0,0.0,,,True
1791605700,2026-10-10T04:15:00Z,นาด้วง,143,0.0,0.0,0.0,,,True
1791605700,2026-10-10T04:15:00Z,สากเหล็ก,45,0.0,0.0,0.0,,,True
1791605700,2026-10-10T04:15:00Z,สามง่าม,89,0.0,0.0,0.0,,,True
1791605700,2026-10-10T04:15:00Z,ทับคล้อ,104,0.0,0.0,0.0,,,True
1791605700,2026-10-10T04:15:00Z,พรหมพิราม,206,0.0,0.0,0.0,,,True
1791605700,2026-10-10T04:15:00Z,ด่านขุนทด,344,0.0,0.0,0.0,,,True
1791605700,2026-10-10T04:15:00Z,วัดโบสถ์,226,0.0,0.0,0.0,,,True
1791605700,2026-10-10T04:15:00Z,บางระกำ,246,0.0,0.0,0.0,,,True
1791605700,2026-10-10T04:15:00Z,บางกระทุ่ม,91,0.0,0.0,0.0,,,True
1791605700,2026-10-10T04:15:00Z,นครไทย,597,0.0,0.0,0.0,,,True
1791605700,2026-10-10T04:15:00Z,ชาติตระการ,415,0.0,0.0,0.0,,,True
1791605700,2026-10-10T04:15:00Z,บ้านเหลื่อม,55,0.0,0.0,0.0,,,True
1791605700,2026-10-10T04:15:00Z,เมืองพิษณุโลก,178,0.0,0.0,0.0,,,True
1791605700,2026-10-10T04:15:00Z,ชุมแสง,145,0.0,0.0,0.0,,,True
1791605700,2026-10-10T04:15:00Z,หนองบัว,208,0.0,0.0,0.0,,,True
1791605700,2026-10-10T04:15:00Z,เมืองนครสวรรค์,183,0.0,0.0,0.0,,,True
1791605700,2026-10-10T04:15:00Z,โกรกพระ,71,0.0,0.0,0.0,,,True
1791605700,2026-10-10T04:15:00Z,ไพศาลี,244,0.0,0.0,0.0,,,True
1791605700,2026-10-10T04:15:00Z,ตาคลี,206,0.0,0.0,0.0,,,True
1791605700,2026-10-10T04:15:00Z,ท่าตะโก,211,0.0,0.0,0.0,,,True
1791605700,2026-10-10T04:15:00Z,เขาค้อ,207,0.0,0.0,0.0,,,True
1791605700,2026-10-10T04:15:00Z,บรรพตพิสัย,181,0.0,0.0,0.0,,,True
1791605700,2026-10-10T04:15:00Z,เก้าเลี้ยว,57,0.0,0.0,0.0,,,True
1791605700,2026-10-10T04:15:00Z,วังโป่ง,123,0.0,0.0,0.0,,,True
1791605700,2026-10-10T04:15:00Z,บึงสามพัน,194,0.0,0.0,0.0,,,True
1791605700,2026-10-10T04:15:00Z,น้ำหนาว,231,0.0,0.0,0.0,,,True
1791605700,2026-10-10T04:15:00Z,ศรีเทพ,204,0.0,0.0,0.0,,,True
1791605700,2026-10-10T04:15:00Z,หนองไผ่,315,0.0,0.0,0.0,,,True
1791605700,2026-10-10T04:15:00Z,มหาราช,4,0.0,0.0,0.0,,,False
1791605700,2026-10-10T04:15:00Z,บ้านแพรก,10,0.0,0.0,0.0,,,True
1791605700,2026-10-10T04:15:00Z,บางมูลนาก,99,0.0,0.0,0.0,,,True
1791605700,2026-10-10T04:15:00Z,โพทะเล,131,0.0,0.0,0.0,,,True
1791605700,2026-10-10T04:15:00Z,โพธิ์ประทับช้าง,102,0.0,0.0,0.0,,,True
1791605700,2026-10-10T04:15:00Z,ตะพานหิน,109,0.0,0.0,0.0,,,True
1791605700,2026-10-10T04:15:00Z,เมืองพิจิตร,138,0.0,0.0,0.0,,,True
1791605700,2026-10-10T04:15:00Z,วังทรายพูน,66,0.0,0.0,0.0,,,True
1791606600,2026-10-10T04:30:00Z,พิชัย,176,0.0,0.0,0.0,,,True
1791606600,2026-10-10T04:30:00Z,ลับแล,116,0.0,0.0,0.0,,,True
1791606600,2026-10-10T04:30:00Z,ฟากท่า,163,0.0,0.0,0.0,,,True
1791606600,2026-10-10T04:30:00Z,บ้านโคก,247,0.0,0.0,0.0,,,True
1791606600,2026-10-10T04:30:00Z,ท่าปลา,442,0.0,0.098,0.0023,,105,True
1791606600,2026-10-10T04:30:00Z,น้ำปาด,363,0.0,0.0,0.0,,,True
1791606600,2026-10-10T04:30:00Z,เมืองอุตรดิตถ์,202,0.0,0.0,0.0,,,True
1791606600,2026-10-10T04:30:00Z,ตรอน,80,0.0,0.0,0.0,,,True
1791606600,2026-10-10T04:30:00Z,หล่มเก่า,246,0.0,0.0,0.0,,,True
1791606600,2026-10-10T04:30:00Z,วิเชียรบุรี,377,0.0,0.0,0.0,,,True
1791606600,2026-10-10T04:30:00Z,ชนแดน,279,0.0,0.0,0.0,,,True
1791606600,2026-10-10T04:30:00Z,หล่มสัก,350,0.0,0.0,0.0,,,True
1791606600,2026-10-10T04:30:00Z,เมืองเพชรบูรณ์,571,0.0,0.0,0.0,,,True
1791606600,2026-10-10T04:30:00Z,ทองแสนขัน,185,0.0,0.0,0.0,,,True
1791606600,2026-10-10T04:30:00Z,บึงสามัคคี,71,0.0,0.0,0.0,,,True
1791606600,2026-10-10T04:30:00Z,โกสัมพีนคร,137,0.0,0.0,0.0,,,True
1791606600,2026-10-10T04:30:00Z,สอง,380,0.0,0.0,0.0,,,True
1791606600,2026-10-10T04:30:00Z,วังชิ้น,255,0.0,0.0,0.0,,,True
1791606600,2026-10-10T04:30:00Z,สูงเม่น,88,0.0,0.0,0.0,,,True
1791606600,2026-10-10T04:30:00Z,เด่นชัย,135,0.0,0.0,0.0,,,True
1791606600,2026-10-10T04:30:00Z,ร้องกวาง,221,0.0,0.0,0.0,,,True
1791606600,2026-10-10T04:30:00Z,ลอง,317,0.0,0.0,0.0,,,True
1791606600,2026-10-10T04:30:00Z,เมืองแพร่,205,0.0,0.0,0.0,,,True
1791606600,2026-10-10T04:30:00Z,ทัพทัน,94,0.0,0.0,0.0,,,True
1791606600,2026-10-10T04:30:00Z,สว่างอารมณ์,110,0.147,1.742,0.3,15,15,True
1791606600,2026-10-10T04:30:00Z,เมืองอุทัยธานี,59,0.0,0.0,0.0,,,True
1791606600,2026-10-10T04:30:00Z,ห้วยคต,94,0.0,0.0,0.0,,,True
1791606600,2026-10-10T04:30:00Z,ศรีสวัสดิ์,440,0.015,0.592,0.05,,90,True
1791606600,2026-10-10T04:30:00Z,บ้านไร่,821,0.038,1.137,0.1084,90,15,True
1791606600,2026-10-10T04:30:00Z,ลานสัก,360,0.141,2.496,0.2417,75,30,True
1791606600,2026-10-10T04:30:00Z,หนองฉาง,89,0.0,0.0,0.0,,,True
1791606600,2026-10-10T04:30:00Z,หนองขาหย่าง,43,0.0,0.0,0.0,,,True
1791606600,2026-10-10T04:30:00Z,เชียงม่วน,82,0.0,0.0,0.0,,,True
1791606600,2026-10-10T04:30:00Z,ดอกคำใต้,37,0.0,0.0,0.0,,,True
1791606600,2026-10-10T04:30:00Z,เมืองพะเยา,6,0.0,0.0,0.0,,,True
1791606600,2026-10-10T04:30:00Z,ทองผาภูมิ,851,0.0,0.0,0.0,,,True
1791606600,2026-10-10T04:30:00Z,สังขละบุรี,793,0.0,0.0,0.0,,,True
1791606600,2026-10-10T04:30:00Z,หนองม่วงไข่,35,0.0,0.0,0.0,,,True
1791606600,2026-10-10T04:30:00Z,ภูเวียง,81,0.0,0.0,0.0,,,True
1791606600,2026-10-10T04:30:00Z,มัญจาคีรี,50,0.0,0.0,0.0,,,True
1791606600,2026-10-10T04:30:00Z,หนองปรือ,104,0.0,0.0,0.0,,,True
1791606600,2026-10-10T04:30:00Z,เลาขวัญ,123,0.0,0.0,0.0,,,True
1791606600,2026-10-10T04:30:00Z,หนองนาคำ,43,0.0,0.0,0.0,,,True
1791606600,2026-10-10T04:30:00Z,โคกโพธิ์ไชย,65,0.0,0.0,0.0,,,True
1791606600,2026-10-10T04:30:00Z,บ้านหลวง,91,0.0,0.0,0.0,,,True
1791606600,2026-10-10T04:30:00Z,นาน้อย,266,0.0,0.0,0.0,,,True
1791606600,2026-10-10T04:30:00Z,ภูผาม่าน,74,0.0,0.0,0.0,,,True
1791606600,2026-10-10T04:30:00Z,เมืองน่าน,161,0.0,0.0,0.0,,,True
1791606600,2026-10-10T04:30:00Z,แม่จริม,262,0.0,0.0,0.0,,,True
1791606600,2026-10-10T04:30:00Z,เวียงเก่า,78,0.0,0.0,0.0,,,True
1791606600,2026-10-10T04:30:00Z,เมืองกำแพงเพชร,368,0.0,0.0,0.0,,,True
1791606600,2026-10-10T04:30:00Z,ไทรงาม,133,0.0,0.0,0.0,,,True
1791606600,2026-10-10T04:30:00Z,ปางศิลาทอง,186,0.0,0.0,0.0,,,True
1791606600,2026-10-10T04:30:00Z,ลานกระบือ,103,0.0,0.0,0.0,,,True
1791606600,2026-10-10T04:30:00Z,ทรายทองวัฒนา,53,0.0,0.0,0.0,,,True
1791606600,2026-10-10T04:30:00Z,คลองขลุง,179,0.001,0.098,0.0056,,15,True
1791606600,2026-10-10T04:30:00Z,พรานกระต่าย,252,0.0,0.0,0.0,,,True
1791606600,2026-10-10T04:30:00Z,คลองลาน,363,0.0,0.0,0.0,,,True
1791606600,2026-10-10T04:30:00Z,ขาณุวรลักษบุรี,296,0.0,0.0,0.0,,,True
1791606600,2026-10-10T04:30:00Z,ภูเพียง,113,0.0,0.0,0.0,,,True
1791606600,2026-10-10T04:30:00Z,นาหมื่น,245,0.0,0.0,0.0,,,True
1791606600,2026-10-10T04:30:00Z,เวียงสา,543,0.0,0.0,0.0,,,True
1791606600,2026-10-10T04:30:00Z,น้ำโสม,153,0.0,0.0,0.0,,,True
1791606600,2026-10-10T04:30:00Z,นายูง,126,0.0,0.0,0.0,,,True
1791606600,2026-10-10T04:30:00Z,ชุมแพ,173,0.0,0.0,0.0,,,True
1791606600,2026-10-10T04:30:00Z,สีชมพู,132,0.0,0.0,0.0,,,True
1791606600,2026-10-10T04:30:00Z,สุวรรณคูหา,140,0.0,0.0,0.0,,,True
1791606600,2026-10-10T04:30:00Z,นาวัง,65,0.0,0.0,0.0,,,True
1791606600,2026-10-10T04:30:00Z,หนองเรือ,80,0.0,0.0,0.0,,,True
1791606600,2026-10-10T04:30:00Z,โนนสัง,51,0.0,0.0,0.0,,,True
1791606600,2026-10-10T04:30:00Z,ศรีบุญเรือง,224,0.0,0.0,0.0,,,True
1791606600,2026-10-10T04:30:00Z,เมืองหนองบัวลำภู,217,0.0,0.0,0.0,,,True
1791606600,2026-10-10T04:30:00Z,นากลาง,173,0.0,0.0,0.0,,,True
1791606600,2026-10-10T04:30:00Z,ทุ่งเสลี่ยม,144,0.0,0.0,0.0,,,True
1791606600,2026-10-10T04:30:00Z,ดอยหล่อ,56,0.0,0.0,0.0,,,True
1791606600,2026-10-10T04:30:00Z,เมืองตาก,486,0.0,0.0,0.0,,,True
1791606600,2026-10-10T04:30:00Z,แม่ออน,116,0.0,0.0,0.0,,,True
1791606600,2026-10-10T04:30:00Z,อุ้มผาง,1209,0.0,0.0,0.0,,,True
1791606600,2026-10-10T04:30:00Z,วังเจ้า,183,0.0,0.0,0.0,,,True
1791606600,2026-10-10T04:30:00Z,แม่สอด,398,0.0,0.0,0.0,,,True
1791606600,2026-10-10T04:30:00Z,พบพระ,249,0.0,0.0,0.0,,,True
1791606600,2026-10-10T04:30:00Z,แม่ระมาด,380,0.0,0.0,0.0,,,True
1791606600,2026-10-10T04:30:00Z,ท่าสองยาง,401,0.0,0.0,0.0,,,True
1791606600,2026-10-10T04:30:00Z,บ้านตาก,255,0.0,0.0,0.0,,,True
1791606600,2026-10-10T04:30:00Z,สามเงา,698,0.0,0.0,0.0,,,True
1791606600,2026-10-10T04:30:00Z,จอมทอง,280,0.0,0.0,0.0,,,True
1791606600,2026-10-10T04:30:00Z,แก้งสนามนาง,79,0.0,0.0,0.0,,,True
1791606600,2026-10-10T04:30:00Z,สีคิ้ว,292,0.0,0.0,0.0,,,True
1791606600,2026-10-10T04:30:00Z,พระทองคำ,90,0.0,0.0,0.0,,,True
1791606600,2026-10-10T04:30:00Z,เทพารักษ์,92,0.0,0.0,0.0,,,True
1791606600,2026-10-10T04:30:00Z,สันกำแพง,65,0.0,0.0,0.0,,,True
1791606600,2026-10-10T04:30:00Z,สันป่าตอง,44,0.0,0.0,0.0,,,True
1791606600,2026-10-10T04:30:00Z,ดอยเต่า,213,0.0,0.0,0.0,,,True
1791606600,2026-10-10T04:30:00Z,อมก๋อย,704,0.0,0.0,0.0,,,True
1791606600,2026-10-10T04:30:00Z,ฮอด,378,0.0,0.0,0.0,,,True
1791606600,2026-10-10T04:30:00Z,เมืองลำพูน,117,0.0,0.0,0.0,,,True
1791606600,2026-10-10T04:30:00Z,แม่ทา,192,0.0,0.0,0.0,,,True
1791606600,2026-10-10T04:30:00Z,บ้านธิ,34,0.0,0.0,0.0,,,True
1791606600,2026-10-10T04:30:00Z,บ้านหมอ,24,0.0,0.0,0.0,,,True
1791606600,2026-10-10T04:30:00Z,เวียงหนองล่อง,14,0.0,0.0,0.0,,,True
1791606600,2026-10-10T04:30:00Z,ทุ่งหัวช้าง,113,0.0,0.0,0.0,,,True
1791606600,2026-10-10T04:30:00Z,ป่าซาง,74,0.0,0.0,0.0,,,True
1791606600,2026-10-10T04:30:00Z,บ้านโฮ่ง,124,0.0,0.0,0.0,,,True
1791606600,2026-10-10T04:30:00Z,แก่งคอย,73,0.0,0.0,0.0,,,True
1791606600,2026-10-10T04:30:00Z,ลี้,454,0.0,0.0,0.0,,,True
1791606600,2026-10-10T04:30:00Z,พระพุทธบาท,55,0.0,0.0,0.0,,,True
1791606600,2026-10-10T04:30:00Z,ดอนพุด,7,0.0,0.0,0.0,,,True
1791606600,2026-10-10T04:30:00Z,หนองโดน,31,0.0,0.0,0.0,,,True
1791606600,2026-10-10T04:30:00Z,เมืองลำปาง,300,0.0,0.0,0.0,,,True
1791606600,2026-10-10T04:30:00Z,เถิน,443,0.0,0.0,0.0,,,True
1791606600,2026-10-10T04:30:00Z,แม่พริก,167,0.0,0.0,0.0,,,True
1791606600,2026-10-10T04:30:00Z,แจ้ห่ม,274,0.0,0.0,0.0,,,True
1791606600,2026-10-10T04:30:00Z,แม่เปิน,85,0.071,0.592,0.3294,90,75,True
1791606600,2026-10-10T04:30:00Z,เสริมงาม,185,0.0,0.0,0.0,,,True
1791606600,2026-10-10T04:30:00Z,ชุมตาบง,61,0.119,0.592,0.6066,60,45,True
1791606600,2026-10-10T04:30:00Z,งาว,344,0.0,0.0,0.0,,,True
1791606600,2026-10-10T04:30:00Z,ตากฟ้า,125,0.0,0.0,0.0,,,True
1791606600,2026-10-10T04:30:00Z,แม่เมาะ,283,0.0,0.0,0.0,,,True
1791606600,2026-10-10T04:30:00Z,แม่วงก์,257,0.001,0.098,0.0117,,45,True
1791606600,2026-10-10T04:30:00Z,เกาะคา,128,0.0,0.0,0.0,,,True
1791606600,2026-10-10T04:30:00Z,พยุหะคีรี,169,0.0,0.0,0.0,,,True
1791606600,2026-10-10T04:30:00Z,ลาดยาว,187,0.034,0.592,0.1711,30,15,True
1791606600,2026-10-10T04:30:00Z,สบปราบ,125,0.0,0.0,0.0,,,True
1791606600,2026-10-10T04:30:00Z,ห้างฉัตร,154,0.0,0.0,0.0,,,True
1791606600,2026-10-10T04:30:00Z,แม่ทะ,203,0.0,0.0,0.0,,,True
1791606600,2026-10-10T04:30:00Z,เมืองปาน,202,0.0,0.0,0.0,,,True
1791606600,2026-10-10T04:30:00Z,เมืองอ่างทอง,6,0.0,0.0,0.0,,,True
1791606600,2026-10-10T04:30:00Z,ไชโย,20,0.0,0.0,0.0,,,True
1791606600,2026-10-10T04:30:00Z,สามโก้,10,0.0,0.0,0.0,,,True
1791606600,2026-10-10T04:30:00Z,แสวงหา,43,0.0,0.0,0.0,,,True
1791606600,2026-10-10T04:30:00Z,วิเศษชัยชาญ,7,0.0,0.0,0.0,,,True
1791606600,2026-10-10T04:30:00Z,โพธิ์ทอง,48,0.0,0.0,0.0,,,True
1791606600,2026-10-10T04:30:00Z,เมืองลพบุรี,190,0.0,0.0,0.0,,,True
1791606600,2026-10-10T04:30:00Z,เดิมบางนางบวช,130,0.0,0.0,0.0,,,True
1791606600,2026-10-10T04:30:00Z,ด่านช้าง,309,0.047,0.793,0.1521,90,45,True
1791606600,2026-10-10T04:30:00Z,หนองม่วง,111,0.0,0.0,0.0,,,True
1791606600,2026-10-10T04:30:00Z,ลำสนธิ,136,0.0,0.0,0.0,,,True
1791606600,2026-10-10T04:30:00Z,สามชุก,77,0.0,0.0,0.0,,,True
1791606600,2026-10-10T04:30:00Z,ดอนเจดีย์,72,0.0,0.0,0.0,,,True
1791606600,2026-10-10T04:30:00Z,สระโบสถ์,83,0.0,0.0,0.0,,,True
1791606600,2026-10-10T04:30:00Z,ศรีประจันต์,41,0.0,0.0,0.0,,,True
1791606600,2026-10-10T04:30:00Z,โคกเจริญ,135,0.0,0.0,0.0,,,True
1791606600,2026-10-10T04:30:00Z,บ้านหมี่,136,0.0,0.0,0.0,,,True
1791606600,2026-10-10T04:30:00Z,ท่าหลวง,100,0.0,0.0,0.0,,,True
1791606600,2026-10-10T04:30:00Z,ชัยบาดาล,280,0.0,0.0,0.0,,,True
1791606600,2026-10-10T04:30:00Z,ท่าวุ้ง,64,0.0,0.0,0.0,,,True
1791606600,2026-10-10T04:30:00Z,พัฒนานิคม,217,0.0,0.0,0.0,,,True
1791606600,2026-10-10T04:30:00Z,โคกสำโรง,180,0.0,0.0,0.0,,,True
1791606600,2026-10-10T04:30:00Z,หนองหญ้าไซ,108,0.0,0.0,0.0,,,True
1791606600,2026-10-10T04:30:00Z,ท่าช้าง,11,0.0,0.0,0.0,,,True
1791606600,2026-10-10T04:30:00Z,อินทร์บุรี,66,0.0,0.0,0.0,,,True
1791606600,2026-10-10T04:30:00Z,ค่ายบางระจัน,26,0.0,0.0,0.0,,,True
1791606600,2026-10-10T04:30:00Z,พรหมบุรี,19,0.0,0.0,0.0,,,True
1791606600,2026-10-10T04:30:00Z,เนินสง่า,65,0.0,0.0,0.0,,,True
1791606600,2026-10-10T04:30:00Z,เมืองสิงห์บุรี,31,0.0,0.0,0.0,,,True
1791606600,2026-10-10T04:30:00Z,ซับใหญ่,72,0.0,0.0,0.0,,,True
1791606600,2026-10-10T04:30:00Z,บางระจัน,46,0.0,0.0,0.0,,,True
1791606600,2026-10-10T04:30:00Z,ภูกระดึง,190,0.0,0.0,0.0,,,True
1791606600,2026-10-10T04:30:00Z,ภูหลวง,145,0.0,0.0,0.0,,,True
1791606600,2026-10-10T04:30:00Z,หนองหิน,78,0.0,0.0,0.0,,,True
1791606600,2026-10-10T04:30:00Z,ผาขาว,100,0.0,0.0,0.0,,,True
1791606600,2026-10-10T04:30:00Z,เอราวัณ,87,0.0,0.0,0.0,,,True
1791606600,2026-10-10T04:30:00Z,วังสะพุง,281,0.0,0.0,0.0,,,True
1791606600,2026-10-10T04:30:00Z,วังม่วง,70,0.0,0.0,0.0,,,True
1791606600,2026-10-10T04:30:00Z,เฉลิมพระเกียรติ,35,0.0,0.0,0.0,,,True
1791606600,2026-10-10T04:30:00Z,มวกเหล็ก,175,0.0,0.0,0.0,,,True
1791606600,2026-10-10T04:30:00Z,บ้านเขว้า,124,0.0,0.0,0.0,,,True
1791606600,2026-10-10T04:30:00Z,คอนสวรรค์,113,0.0,0.0,0.0,,,True
1791606600,2026-10-10T04:30:00Z,เมืองชัยภูมิ,358,0.0,0.0,0.0,,,True
1791606600,2026-10-10T04:30:00Z,วังทอง,425,0.0,0.0,0.0,,,True
1791606600,2026-10-10T04:30:00Z,เนินมะปราง,276,0.0,0.0,0.0,,,True
1791606600,2026-10-10T04:30:00Z,สวรรคโลก,156,0.0,0.0,0.0,,,True
1791606600,2026-10-10T04:30:00Z,ศรีนคร,46,0.0,0.0,0.0,,,True
1791606600,2026-10-10T04:30:00Z,หันคา,139,0.0,0.0,0.0,,,True
1791606600,2026-10-10T04:30:00Z,ศรีสัชนาลัย,534,0.0,0.0,0.0,,,True
1791606600,2026-10-10T04:30:00Z,หนองมะโมง,76,0.0,0.0,0.0,,,True
1791606600,2026-10-10T04:30:00Z,ศรีสำโรง,142,0.0,0.0,0.0,,,True
1791606600,2026-10-10T04:30:00Z,สรรพยา,55,0.0,0.0,0.0,,,True
1791606600,2026-10-10T04:30:00Z,คีรีมาศ,171,0.0,0.0,0.0,,,True
1791606600,2026-10-10T04:30:00Z,สรรคบุรี,89,0.0,0.0,0.0,,,True
1791606600,2026-10-10T04:30:00Z,กงไกรลาศ,108,0.0,0.0,0.0,,,True
1791606600,2026-10-10T04:30:00Z,มโนรมย์,66,0.0,0.0,0.0,,,True
1791606600,2026-10-10T04:30:00Z,เมืองสุโขทัย,136,0.0,0.0,0.0,,,True
1791606600,2026-10-10T04:30:00Z,วัดสิงห์,67,0.0,0.0,0.0,,,True
1791606600,2026-10-10T04:30:00Z,บ้านด่านลานหอย,231,0.0,0.0,0.0,,,True
1791606600,2026-10-10T04:30:00Z,เมืองชัยนาท,70,0.0,0.0,0.0,,,True
1791606600,2026-10-10T04:30:00Z,เนินขาม,65,0.0,0.0,0.0,,,True
1791606600,2026-10-10T04:30:00Z,คอนสาร,334,0.0,0.0,0.0,,,True
1791606600,2026-10-10T04:30:00Z,ภักดีชุมพล,154,0.0,0.0,0.0,,,True
1791606600,2026-10-10T04:30:00Z,บ้านแท่น,76,0.0,0.0,0.0,,,True
1791606600,2026-10-10T04:30:00Z,แก้งคร้อ,168,0.0,0.0,0.0,,,True
1791606600,2026-10-10T04:30:00Z,ภูเขียว,201,0.0,0.0,0.0,,,True
1791606600,2026-10-10T04:30:00Z,หนองบัวระเหว,179,0.0,0.0,0.0,,,True
1791606600,2026-10-10T04:30:00Z,เทพสถิต,239,0.0,0.0,0.0,,,True
1791606600,2026-10-10T04:30:00Z,จัตุรัส,172,0.0,0.0,0.0,,,True
1791606600,2026-10-10T04:30:00Z,บำเหน็จณรงค์,120,0.0,0.0,0.0,,,True
1791606600,2026-10-10T04:30:00Z,เกษตรสมบูรณ์,268,0.0,0.0,0.0,,,True
1791606600,2026-10-10T04:30:00Z,หนองบัวแดง,537,0.0,0.0,0.0,,,True
1791606600,2026-10-10T04:30:00Z,ภูเรือ,168,0.0,0.0,0.0,,,True
1791606600,2026-10-10T04:30:00Z,ท่าลี่,171,0.0,0.0,0.0,,,True
1791606600,2026-10-10T04:30:00Z,วชิรบารมี,68,0.0,0.0,0.0,,,True
1791606600,2026-10-10T04:30:00Z,ด่านซ้าย,341,0.0,0.0,0.0,,,True
1791606600,2026-10-10T04:30:00Z,นาแห้ว,153,0.0,0.0,0.0,,,True
1791606600,2026-10-10T04:30:00Z,บึงนาราง,74,0.0,0.0,0.0,,,True
1791606600,2026-10-10T04:30:00Z,เชียงคาน,213,0.0,0.0,0.0,,,True
1791606600,2026-10-10T04:30:00Z,ดงเจริญ,56,0.0,0.0,0.0,,,True
1791606600,2026-10-10T04:30:00Z,ปากชม,240,0.0,0.0,0.0,,,True
1791606600,2026-10-10T04:30:00Z,เมืองเลย,314,0.0,0.0,0.0,,,True
1791606600,2026-10-10T04:30:00Z,นาด้วง,143,0.0,0.0,0.0,,,True
1791606600,2026-10-10T04:30:00Z,สากเหล็ก,45,0.0,0.0,0.0,,,True
1791606600,2026-10-10T04:30:00Z,สามง่าม,89,0.0,0.0,0.0,,,True
1791606600,2026-10-10T04:30:00Z,ทับคล้อ,104,0.0,0.0,0.0,,,True
1791606600,2026-10-10T04:30:00Z,พรหมพิราม,206,0.0,0.0,0.0,,,True
1791606600,2026-10-10T04:30:00Z,ด่านขุนทด,344,0.0,0.0,0.0,,,True
1791606600,2026-10-10T04:30:00Z,วัดโบสถ์,226,0.0,0.0,0.0,,,True
1791606600,2026-10-10T04:30:00Z,บางระกำ,246,0.0,0.0,0.0,,,True
1791606600,2026-10-10T04:30:00Z,บางกระทุ่ม,91,0.0,0.0,0.0,,,True
1791606600,2026-10-10T04:30:00Z,นครไทย,597,0.0,0.0,0.0,,,True
1791606600,2026-10-10T04:30:00Z,ชาติตระการ,415,0.0,0.0,0.0,,,True
1791606600,2026-10-10T04:30:00Z,บ้านเหลื่อม,55,0.0,0.0,0.0,,,True
1791606600,2026-10-10T04:30:00Z,เมืองพิษณุโลก,178,0.0,0.0,0.0,,,True
1791606600,2026-10-10T04:30:00Z,ชุมแสง,145,0.0,0.0,0.0,,,True
1791606600,2026-10-10T04:30:00Z,หนองบัว,208,0.0,0.0,0.0,,,True
1791606600,2026-10-10T04:30:00Z,เมืองนครสวรรค์,183,0.0,0.0,0.0,,,True
1791606600,2026-10-10T04:30:00Z,โกรกพระ,71,0.0,0.0,0.0,,,True
1791606600,2026-10-10T04:30:00Z,ไพศาลี,244,0.0,0.0,0.0,,,True
1791606600,2026-10-10T04:30:00Z,ตาคลี,206,0.0,0.0,0.0,,,True
1791606600,2026-10-10T04:30:00Z,ท่าตะโก,211,0.0,0.0,0.0,,,True
1791606600,2026-10-10T04:30:00Z,เขาค้อ,207,0.0,0.0,0.0,,,True
1791606600,2026-10-10T04:30:00Z,บรรพตพิสัย,181,0.0,0.0,0.0,,,True
1791606600,2026-10-10T04:30:00Z,เก้าเลี้ยว,57,0.0,0.0,0.0,,,True
1791606600,2026-10-10T04:30:00Z,วังโป่ง,123,0.0,0.0,0.0,,,True
1791606600,2026-10-10T04:30:00Z,บึงสามพัน,194,0.0,0.0,0.0,,,True
1791606600,2026-10-10T04:30:00Z,น้ำหนาว,231,0.0,0.0,0.0,,,True
1791606600,2026-10-10T04:30:00Z,ศรีเทพ,204,0.0,0.0,0.0,,,True
1791606600,2026-10-10T04:30:00Z,หนองไผ่,315,0.0,0.0,0.0,,,True
1791606600,2026-10-10T04:30:00Z,มหาราช,4,0.0,0.0,0.0,,,False
1791606600,2026-10-10T04:30:00Z,บ้านแพรก,10,0.0,0.0,0.0,,,True
1791606600,2026-10-10T04:30:00Z,บางมูลนาก,99,0.0,0.0,0.0,,,True
1791606600,2026-10-10T04:30:00Z,โพทะเล,131,0.0,0.0,0.0,,,True
1791606600,2026-10-10T04:30:00Z,โพธิ์ประทับช้าง,102,0.0,0.0,0.0,,,True
1791606600,2026-10-10T04:30:00Z,ตะพานหิน,109,0.0,0.0,0.0,,,True
1791606600,2026-10-10T04:30:00Z,เมืองพิจิตร,138,0.0,0.0,0.0,,,True
1791606600,2026-10-10T04:30:00Z,วังทรายพูน,66,0.0,0.0,0.0,,,True
1791607500,2026-10-10T04:45:00Z,พิชัย,176,0.0,0.0,0.0,,,True
1791607500,2026-10-10T04:45:00Z,ลับแล,116,0.0,0.0,0.0,,,True
1791607500,2026-10-10T04:45:00Z,ฟากท่า,163,0.0,0.0,0.0,,,True
1791607500,2026-10-10T04:45:00Z,บ้านโคก,247,0.0,0.0,0.0,,,True
1791607500,2026-10-10T04:45:00Z,ท่าปลา,442,0.0,0.098,0.0023,,15,True
1791607500,2026-10-10T04:45:00Z,น้ำปาด,363,0.0,0.0,0.0,,,True
1791607500,2026-10-10T04:45:00Z,เมืองอุตรดิตถ์,202,0.0,0.0,0.0,,,True
1791607500,2026-10-10T04:45:00Z,ตรอน,80,0.0,0.0,0.0,,,True
1791607500,2026-10-10T04:45:00Z,หล่มเก่า,246,0.0,0.0,0.0,,,True
1791607500,2026-10-10T04:45:00Z,วิเชียรบุรี,377,0.0,0.0,0.0,,,True
1791607500,2026-10-10T04:45:00Z,ชนแดน,279,0.0,0.0,0.0,,,True
1791607500,2026-10-10T04:45:00Z,หล่มสัก,350,0.0,0.0,0.0,,,True
1791607500,2026-10-10T04:45:00Z,เมืองเพชรบูรณ์,571,0.0,0.0,0.0,,,True
1791607500,2026-10-10T04:45:00Z,ทองแสนขัน,185,0.0,0.0,0.0,,,True
1791607500,2026-10-10T04:45:00Z,บึงสามัคคี,71,0.0,0.0,0.0,,,True
1791607500,2026-10-10T04:45:00Z,โกสัมพีนคร,137,0.0,0.0,0.0,,,True
1791607500,2026-10-10T04:45:00Z,สอง,380,0.0,0.0,0.0,,,True
1791607500,2026-10-10T04:45:00Z,วังชิ้น,255,0.0,0.0,0.0,,,True
1791607500,2026-10-10T04:45:00Z,สูงเม่น,88,0.0,0.0,0.0,,,True
1791607500,2026-10-10T04:45:00Z,เด่นชัย,135,0.0,0.0,0.0,,,True
1791607500,2026-10-10T04:45:00Z,ร้องกวาง,221,0.0,0.0,0.0,,,True
1791607500,2026-10-10T04:45:00Z,ลอง,317,0.0,0.0,0.0,,,True
1791607500,2026-10-10T04:45:00Z,เมืองแพร่,205,0.0,0.0,0.0,,,True
1791607500,2026-10-10T04:45:00Z,ทัพทัน,94,0.054,1.216,0.0638,,15,True
1791607500,2026-10-10T04:45:00Z,สว่างอารมณ์,110,0.022,0.592,0.1455,30,15,True
1791607500,2026-10-10T04:45:00Z,เมืองอุทัยธานี,59,0.0,0.0,0.0,,,True
1791607500,2026-10-10T04:45:00Z,ห้วยคต,94,0.001,0.098,0.0106,,105,True
1791607500,2026-10-10T04:45:00Z,ศรีสวัสดิ์,440,0.001,0.098,0.0114,,75,True
1791607500,2026-10-10T04:45:00Z,บ้านไร่,821,0.008,1.216,0.0365,,15,True
1791607500,2026-10-10T04:45:00Z,ลานสัก,360,0.112,1.216,0.3417,60,15,True
1791607500,2026-10-10T04:45:00Z,หนองฉาง,89,0.0,0.0,0.0,,,True
1791607500,2026-10-10T04:45:00Z,หนองขาหย่าง,43,0.0,0.0,0.0,,,True
1791607500,2026-10-10T04:45:00Z,เชียงม่วน,82,0.0,0.0,0.0,,,True
1791607500,2026-10-10T04:45:00Z,ดอกคำใต้,37,0.0,0.0,0.0,,,True
1791607500,2026-10-10T04:45:00Z,เมืองพะเยา,6,0.0,0.0,0.0,,,True
1791607500,2026-10-10T04:45:00Z,ทองผาภูมิ,851,0.0,0.0,0.0,,,True
1791607500,2026-10-10T04:45:00Z,สังขละบุรี,793,0.0,0.0,0.0,,,True
1791607500,2026-10-10T04:45:00Z,หนองม่วงไข่,35,0.0,0.0,0.0,,,True
1791607500,2026-10-10T04:45:00Z,ภูเวียง,81,0.0,0.0,0.0,,,True
1791607500,2026-10-10T04:45:00Z,มัญจาคีรี,50,0.0,0.0,0.0,,,True
1791607500,2026-10-10T04:45:00Z,หนองปรือ,104,0.0,0.0,0.0,,,True
1791607500,2026-10-10T04:45:00Z,เลาขวัญ,123,0.0,0.0,0.0,,,True
1791607500,2026-10-10T04:45:00Z,หนองนาคำ,43,0.0,0.0,0.0,,,True
1791607500,2026-10-10T04:45:00Z,โคกโพธิ์ไชย,65,0.0,0.0,0.0,,,True
1791607500,2026-10-10T04:45:00Z,บ้านหลวง,91,0.0,0.0,0.0,,,True
1791607500,2026-10-10T04:45:00Z,นาน้อย,266,0.0,0.0,0.0,,,True
1791607500,2026-10-10T04:45:00Z,ภูผาม่าน,74,0.0,0.0,0.0,,,True
1791607500,2026-10-10T04:45:00Z,เมืองน่าน,161,0.0,0.0,0.0,,,True
1791607500,2026-10-10T04:45:00Z,แม่จริม,262,0.0,0.0,0.0,,,True
1791607500,2026-10-10T04:45:00Z,เวียงเก่า,78,0.0,0.0,0.0,,,True
1791607500,2026-10-10T04:45:00Z,เมืองกำแพงเพชร,368,0.0,0.0,0.0,,,True
1791607500,2026-10-10T04:45:00Z,ไทรงาม,133,0.0,0.0,0.0,,,True
1791607500,2026-10-10T04:45:00Z,ปางศิลาทอง,186,0.002,0.098,0.0215,,30,True
1791607500,2026-10-10T04:45:00Z,ลานกระบือ,103,0.0,0.0,0.0,,,True
1791607500,2026-10-10T04:45:00Z,ทรายทองวัฒนา,53,0.0,0.0,0.0,,,True
1791607500,2026-10-10T04:45:00Z,คลองขลุง,179,0.001,0.098,0.0056,,15,True
1791607500,2026-10-10T04:45:00Z,พรานกระต่าย,252,0.0,0.0,0.0,,,True
1791607500,2026-10-10T04:45:00Z,คลองลาน,363,0.0,0.0,0.0,,,True
1791607500,2026-10-10T04:45:00Z,ขาณุวรลักษบุรี,296,0.017,0.413,0.0811,,15,True
1791607500,2026-10-10T04:45:00Z,ภูเพียง,113,0.0,0.0,0.0,,,True
1791607500,2026-10-10T04:45:00Z,นาหมื่น,245,0.0,0.0,0.0,,,True
1791607500,2026-10-10T04:45:00Z,เวียงสา,543,0.0,0.0,0.0,,,True
1791607500,2026-10-10T04:45:00Z,น้ำโสม,153,0.0,0.0,0.0,,,True
1791607500,2026-10-10T04:45:00Z,นายูง,126,0.0,0.0,0.0,,,True
1791607500,2026-10-10T04:45:00Z,ชุมแพ,173,0.0,0.0,0.0,,,True
1791607500,2026-10-10T04:45:00Z,สีชมพู,132,0.0,0.0,0.0,,,True
1791607500,2026-10-10T04:45:00Z,สุวรรณคูหา,140,0.0,0.0,0.0,,,True
1791607500,2026-10-10T04:45:00Z,นาวัง,65,0.0,0.0,0.0,,,True
1791607500,2026-10-10T04:45:00Z,หนองเรือ,80,0.0,0.0,0.0,,,True
1791607500,2026-10-10T04:45:00Z,โนนสัง,51,0.0,0.0,0.0,,,True
1791607500,2026-10-10T04:45:00Z,ศรีบุญเรือง,224,0.0,0.0,0.0,,,True
1791607500,2026-10-10T04:45:00Z,เมืองหนองบัวลำภู,217,0.0,0.0,0.0,,,True
1791607500,2026-10-10T04:45:00Z,นากลาง,173,0.0,0.0,0.0,,,True
1791607500,2026-10-10T04:45:00Z,ทุ่งเสลี่ยม,144,0.0,0.0,0.0,,,True
1791607500,2026-10-10T04:45:00Z,ดอยหล่อ,56,0.0,0.0,0.0,,,True
1791607500,2026-10-10T04:45:00Z,เมืองตาก,486,0.0,0.0,0.0,,,True
1791607500,2026-10-10T04:45:00Z,แม่ออน,116,0.0,0.0,0.0,,,True
1791607500,2026-10-10T04:45:00Z,อุ้มผาง,1209,0.0,0.0,0.0,,,True
1791607500,2026-10-10T04:45:00Z,วังเจ้า,183,0.0,0.0,0.0,,,True
1791607500,2026-10-10T04:45:00Z,แม่สอด,398,0.0,0.0,0.0,,,True
1791607500,2026-10-10T04:45:00Z,พบพระ,249,0.0,0.0,0.0,,,True
1791607500,2026-10-10T04:45:00Z,แม่ระมาด,380,0.0,0.0,0.0,,,True
1791607500,2026-10-10T04:45:00Z,ท่าสองยาง,401,0.0,0.0,0.0,,,True
1791607500,2026-10-10T04:45:00Z,บ้านตาก,255,0.0,0.0,0.0,,,True
1791607500,2026-10-10T04:45:00Z,สามเงา,698,0.001,0.098,0.0057,,75,True
1791607500,2026-10-10T04:45:00Z,จอมทอง,280,0.0,0.0,0.0,,,True
1791607500,2026-10-10T04:45:00Z,แก้งสนามนาง,79,0.0,0.0,0.0,,,True
1791607500,2026-10-10T04:45:00Z,สีคิ้ว,292,0.0,0.0,0.0,,,True
1791607500,2026-10-10T04:45:00Z,พระทองคำ,90,0.0,0.0,0.0,,,True
1791607500,2026-10-10T04:45:00Z,เทพารักษ์,92,0.0,0.0,0.0,,,True
1791607500,2026-10-10T04:45:00Z,สันกำแพง,65,0.0,0.0,0.0,,,True
1791607500,2026-10-10T04:45:00Z,สันป่าตอง,44,0.0,0.0,0.0,,,True
1791607500,2026-10-10T04:45:00Z,ดอยเต่า,213,0.0,0.0,0.0,,,True
1791607500,2026-10-10T04:45:00Z,อมก๋อย,704,0.0,0.0,0.0,,,True
1791607500,2026-10-10T04:45:00Z,ฮอด,378,0.0,0.0,0.0,,,True
1791607500,2026-10-10T04:45:00Z,เมืองลำพูน,117,0.0,0.0,0.0,,,True
1791607500,2026-10-10T04:45:00Z,แม่ทา,192,0.0,0.0,0.0,,,True
1791607500,2026-10-10T04:45:00Z,บ้านธิ,34,0.0,0.0,0.0,,,True
1791607500,2026-10-10T04:45:00Z,บ้านหมอ,24,0.0,0.0,0.0,,,True
1791607500,2026-10-10T04:45:00Z,เวียงหนองล่อง,14,0.0,0.0,0.0,,,True
1791607500,2026-10-10T04:45:00Z,ทุ่งหัวช้าง,113,0.0,0.0,0.0,,,True
1791607500,2026-10-10T04:45:00Z,ป่าซาง,74,0.0,0.0,0.0,,,True
1791607500,2026-10-10T04:45:00Z,บ้านโฮ่ง,124,0.0,0.0,0.0,,,True
1791607500,2026-10-10T04:45:00Z,แก่งคอย,73,0.0,0.0,0.0,,,True
1791607500,2026-10-10T04:45:00Z,ลี้,454,0.0,0.0,0.0,,,True
1791607500,2026-10-10T04:45:00Z,พระพุทธบาท,55,0.0,0.0,0.0,,,True
1791607500,2026-10-10T04:45:00Z,ดอนพุด,7,0.0,0.0,0.0,,,True
1791607500,2026-10-10T04:45:00Z,หนองโดน,31,0.0,0.0,0.0,,,True
1791607500,2026-10-10T04:45:00Z,เมืองลำปาง,300,0.0,0.0,0.0,,,True
1791607500,2026-10-10T04:45:00Z,เถิน,443,0.0,0.098,0.0045,,15,True
1791607500,2026-10-10T04:45:00Z,แม่พริก,167,0.002,0.098,0.024,,30,True
1791607500,2026-10-10T04:45:00Z,แจ้ห่ม,274,0.0,0.0,0.0,,,True
1791607500,2026-10-10T04:45:00Z,แม่เปิน,85,0.026,0.288,0.1882,75,75,True
1791607500,2026-10-10T04:45:00Z,เสริมงาม,185,0.0,0.0,0.0,,,True
1791607500,2026-10-10T04:45:00Z,ชุมตาบง,61,0.06,0.288,0.4262,45,30,True
1791607500,2026-10-10T04:45:00Z,งาว,344,0.0,0.0,0.0,,,True
1791607500,2026-10-10T04:45:00Z,ตากฟ้า,125,0.0,0.0,0.0,,,True
1791607500,2026-10-10T04:45:00Z,แม่เมาะ,283,0.0,0.0,0.0,,,True
1791607500,2026-10-10T04:45:00Z,แม่วงก์,257,0.028,0.413,0.1362,105,45,True
1791607500,2026-10-10T04:45:00Z,เกาะคา,128,0.0,0.0,0.0,,,True
1791607500,2026-10-10T04:45:00Z,พยุหะคีรี,169,0.0,0.0,0.0,,,True
1791607500,2026-10-10T04:45:00Z,ลาดยาว,187,0.011,0.288,0.0642,,15,True
1791607500,2026-10-10T04:45:00Z,สบปราบ,125,0.0,0.0,0.0,,,True
1791607500,2026-10-10T04:45:00Z,ห้างฉัตร,154,0.0,0.0,0.0,,,True
1791607500,2026-10-10T04:45:00Z,แม่ทะ,203,0.0,0.0,0.0,,,True
1791607500,2026-10-10T04:45:00Z,เมืองปาน,202,0.0,0.0,0.0,,,True
1791607500,2026-10-10T04:45:00Z,เมืองอ่างทอง,6,0.0,0.0,0.0,,,True
1791607500,2026-10-10T04:45:00Z,ไชโย,20,0.0,0.0,0.0,,,True
1791607500,2026-10-10T04:45:00Z,สามโก้,10,0.0,0.0,0.0,,,True
1791607500,2026-10-10T04:45:00Z,แสวงหา,43,0.0,0.0,0.0,,,True
1791607500,2026-10-10T04:45:00Z,วิเศษชัยชาญ,7,0.0,0.0,0.0,,,True
1791607500,2026-10-10T04:45:00Z,โพธิ์ทอง,48,0.0,0.0,0.0,,,True
1791607500,2026-10-10T04:45:00Z,เมืองลพบุรี,190,0.0,0.0,0.0,,,True
1791607500,2026-10-10T04:45:00Z,เดิมบางนางบวช,130,0.0,0.0,0.0,,,True
1791607500,2026-10-10T04:45:00Z,ด่านช้าง,309,0.003,0.098,0.0291,,30,True
1791607500,2026-10-10T04:45:00Z,หนองม่วง,111,0.0,0.0,0.0,,,True
1791607500,2026-10-10T04:45:00Z,ลำสนธิ,136,0.0,0.0,0.0,,,True
1791607500,2026-10-10T04:45:00Z,สามชุก,77,0.0,0.0,0.0,,,True
1791607500,2026-10-10T04:45:00Z,ดอนเจดีย์,72,0.0,0.0,0.0,,,True
1791607500,2026-10-10T04:45:00Z,สระโบสถ์,83,0.0,0.0,0.0,,,True
1791607500,2026-10-10T04:45:00Z,ศรีประจันต์,41,0.0,0.0,0.0,,,True
1791607500,2026-10-10T04:45:00Z,โคกเจริญ,135,0.0,0.0,0.0,,,True
1791607500,2026-10-10T04:45:00Z,บ้านหมี่,136,0.0,0.0,0.0,,,True
1791607500,2026-10-10T04:45:00Z,ท่าหลวง,100,0.0,0.0,0.0,,,True
1791607500,2026-10-10T04:45:00Z,ชัยบาดาล,280,0.0,0.0,0.0,,,True
1791607500,2026-10-10T04:45:00Z,ท่าวุ้ง,64,0.0,0.0,0.0,,,True
1791607500,2026-10-10T04:45:00Z,พัฒนานิคม,217,0.0,0.0,0.0,,,True
1791607500,2026-10-10T04:45:00Z,โคกสำโรง,180,0.0,0.0,0.0,,,True
1791607500,2026-10-10T04:45:00Z,หนองหญ้าไซ,108,0.0,0.0,0.0,,,True
1791607500,2026-10-10T04:45:00Z,ท่าช้าง,11,0.0,0.0,0.0,,,True
1791607500,2026-10-10T04:45:00Z,อินทร์บุรี,66,0.0,0.0,0.0,,,True
1791607500,2026-10-10T04:45:00Z,ค่ายบางระจัน,26,0.0,0.0,0.0,,,True
1791607500,2026-10-10T04:45:00Z,พรหมบุรี,19,0.0,0.0,0.0,,,True
1791607500,2026-10-10T04:45:00Z,เนินสง่า,65,0.0,0.0,0.0,,,True
1791607500,2026-10-10T04:45:00Z,เมืองสิงห์บุรี,31,0.0,0.0,0.0,,,True
1791607500,2026-10-10T04:45:00Z,ซับใหญ่,72,0.0,0.0,0.0,,,True
1791607500,2026-10-10T04:45:00Z,บางระจัน,46,0.0,0.0,0.0,,,True
1791607500,2026-10-10T04:45:00Z,ภูกระดึง,190,0.0,0.0,0.0,,,True
1791607500,2026-10-10T04:45:00Z,ภูหลวง,145,0.0,0.0,0.0,,,True
1791607500,2026-10-10T04:45:00Z,หนองหิน,78,0.0,0.0,0.0,,,True
1791607500,2026-10-10T04:45:00Z,ผาขาว,100,0.0,0.0,0.0,,,True
1791607500,2026-10-10T04:45:00Z,เอราวัณ,87,0.0,0.0,0.0,,,True
1791607500,2026-10-10T04:45:00Z,วังสะพุง,281,0.0,0.0,0.0,,,True
1791607500,2026-10-10T04:45:00Z,วังม่วง,70,0.0,0.0,0.0,,,True
1791607500,2026-10-10T04:45:00Z,เฉลิมพระเกียรติ,35,0.0,0.0,0.0,,,True
1791607500,2026-10-10T04:45:00Z,มวกเหล็ก,175,0.0,0.0,0.0,,,True
1791607500,2026-10-10T04:45:00Z,บ้านเขว้า,124,0.0,0.0,0.0,,,True
1791607500,2026-10-10T04:45:00Z,คอนสวรรค์,113,0.0,0.0,0.0,,,True
1791607500,2026-10-10T04:45:00Z,เมืองชัยภูมิ,358,0.0,0.0,0.0,,,True
1791607500,2026-10-10T04:45:00Z,วังทอง,425,0.0,0.0,0.0,,,True
1791607500,2026-10-10T04:45:00Z,เนินมะปราง,276,0.0,0.0,0.0,,,True
1791607500,2026-10-10T04:45:00Z,สวรรคโลก,156,0.0,0.0,0.0,,,True
1791607500,2026-10-10T04:45:00Z,ศรีนคร,46,0.0,0.0,0.0,,,True
1791607500,2026-10-10T04:45:00Z,หันคา,139,0.0,0.0,0.0,,,True
1791607500,2026-10-10T04:45:00Z,ศรีสัชนาลัย,534,0.0,0.0,0.0,,,True
1791607500,2026-10-10T04:45:00Z,หนองมะโมง,76,0.0,0.0,0.0,,,True
1791607500,2026-10-10T04:45:00Z,ศรีสำโรง,142,0.0,0.0,0.0,,,True
1791607500,2026-10-10T04:45:00Z,สรรพยา,55,0.0,0.0,0.0,,,True
1791607500,2026-10-10T04:45:00Z,คีรีมาศ,171,0.0,0.0,0.0,,,True
1791607500,2026-10-10T04:45:00Z,สรรคบุรี,89,0.0,0.0,0.0,,,True
1791607500,2026-10-10T04:45:00Z,กงไกรลาศ,108,0.0,0.0,0.0,,,True
1791607500,2026-10-10T04:45:00Z,มโนรมย์,66,0.0,0.0,0.0,,,True
1791607500,2026-10-10T04:45:00Z,เมืองสุโขทัย,136,0.0,0.0,0.0,,,True
1791607500,2026-10-10T04:45:00Z,วัดสิงห์,67,0.0,0.0,0.0,,,True
1791607500,2026-10-10T04:45:00Z,บ้านด่านลานหอย,231,0.0,0.0,0.0,,,True
1791607500,2026-10-10T04:45:00Z,เมืองชัยนาท,70,0.0,0.0,0.0,,,True
1791607500,2026-10-10T04:45:00Z,เนินขาม,65,0.0,0.0,0.0,,,True
1791607500,2026-10-10T04:45:00Z,คอนสาร,334,0.0,0.0,0.0,,,True
1791607500,2026-10-10T04:45:00Z,ภักดีชุมพล,154,0.0,0.0,0.0,,,True
1791607500,2026-10-10T04:45:00Z,บ้านแท่น,76,0.0,0.0,0.0,,,True
1791607500,2026-10-10T04:45:00Z,แก้งคร้อ,168,0.0,0.0,0.0,,,True
1791607500,2026-10-10T04:45:00Z,ภูเขียว,201,0.0,0.0,0.0,,,True
1791607500,2026-10-10T04:45:00Z,หนองบัวระเหว,179,0.0,0.0,0.0,,,True
1791607500,2026-10-10T04:45:00Z,เทพสถิต,239,0.0,0.0,0.0,,,True
1791607500,2026-10-10T04:45:00Z,จัตุรัส,172,0.0,0.0,0.0,,,True
1791607500,2026-10-10T04:45:00Z,บำเหน็จณรงค์,120,0.0,0.0,0.0,,,True
1791607500,2026-10-10T04:45:00Z,เกษตรสมบูรณ์,268,0.0,0.0,0.0,,,True
1791607500,2026-10-10T04:45:00Z,หนองบัวแดง,537,0.0,0.0,0.0,,,True
1791607500,2026-10-10T04:45:00Z,ภูเรือ,168,0.0,0.0,0.0,,,True
1791607500,2026-10-10T04:45:00Z,ท่าลี่,171,0.0,0.0,0.0,,,True
1791607500,2026-10-10T04:45:00Z,วชิรบารมี,68,0.0,0.0,0.0,,,True
1791607500,2026-10-10T04:45:00Z,ด่านซ้าย,341,0.0,0.0,0.0,,,True
1791607500,2026-10-10T04:45:00Z,นาแห้ว,153,0.0,0.0,0.0,,,True
1791607500,2026-10-10T04:45:00Z,บึงนาราง,74,0.0,0.0,0.0,,,True
1791607500,2026-10-10T04:45:00Z,เชียงคาน,213,0.0,0.0,0.0,,,True
1791607500,2026-10-10T04:45:00Z,ดงเจริญ,56,0.0,0.0,0.0,,,True
1791607500,2026-10-10T04:45:00Z,ปากชม,240,0.0,0.0,0.0,,,True
1791607500,2026-10-10T04:45:00Z,เมืองเลย,314,0.0,0.0,0.0,,,True
1791607500,2026-10-10T04:45:00Z,นาด้วง,143,0.0,0.0,0.0,,,True
1791607500,2026-10-10T04:45:00Z,สากเหล็ก,45,0.0,0.0,0.0,,,True
1791607500,2026-10-10T04:45:00Z,สามง่าม,89,0.0,0.0,0.0,,,True
1791607500,2026-10-10T04:45:00Z,ทับคล้อ,104,0.0,0.0,0.0,,,True
1791607500,2026-10-10T04:45:00Z,พรหมพิราม,206,0.0,0.0,0.0,,,True
1791607500,2026-10-10T04:45:00Z,ด่านขุนทด,344,0.0,0.0,0.0,,,True
1791607500,2026-10-10T04:45:00Z,วัดโบสถ์,226,0.0,0.0,0.0,,,True
1791607500,2026-10-10T04:45:00Z,บางระกำ,246,0.0,0.0,0.0,,,True
1791607500,2026-10-10T04:45:00Z,บางกระทุ่ม,91,0.0,0.0,0.0,,,True
1791607500,2026-10-10T04:45:00Z,นครไทย,597,0.0,0.0,0.0,,,True
1791607500,2026-10-10T04:45:00Z,ชาติตระการ,415,0.0,0.0,0.0,,,True
1791607500,2026-10-10T04:45:00Z,บ้านเหลื่อม,55,0.0,0.0,0.0,,,True
1791607500,2026-10-10T04:45:00Z,เมืองพิษณุโลก,178,0.0,0.0,0.0,,,True
1791607500,2026-10-10T04:45:00Z,ชุมแสง,145,0.0,0.0,0.0,,,True
1791607500,2026-10-10T04:45:00Z,หนองบัว,208,0.0,0.0,0.0,,,True
1791607500,2026-10-10T04:45:00Z,เมืองนครสวรรค์,183,0.0,0.0,0.0,,,True
1791607500,2026-10-10T04:45:00Z,โกรกพระ,71,0.0,0.0,0.0,,,True
1791607500,2026-10-10T04:45:00Z,ไพศาลี,244,0.0,0.0,0.0,,,True
1791607500,2026-10-10T04:45:00Z,ตาคลี,206,0.0,0.0,0.0,,,True
1791607500,2026-10-10T04:45:00Z,ท่าตะโก,211,0.0,0.0,0.0,,,True
1791607500,2026-10-10T04:45:00Z,เขาค้อ,207,0.0,0.0,0.0,,,True
1791607500,2026-10-10T04:45:00Z,บรรพตพิสัย,181,0.0,0.0,0.0,,,True
1791607500,2026-10-10T04:45:00Z,เก้าเลี้ยว,57,0.0,0.0,0.0,,,True
1791607500,2026-10-10T04:45:00Z,วังโป่ง,123,0.0,0.0,0.0,,,True
1791607500,2026-10-10T04:45:00Z,บึงสามพัน,194,0.0,0.0,0.0,,,True
1791607500,2026-10-10T04:45:00Z,น้ำหนาว,231,0.0,0.0,0.0,,,True
1791607500,2026-10-10T04:45:00Z,ศรีเทพ,204,0.0,0.0,0.0,,,True
1791607500,2026-10-10T04:45:00Z,หนองไผ่,315,0.0,0.0,0.0,,,True
1791607500,2026-10-10T04:45:00Z,มหาราช,4,0.0,0.0,0.0,,,False
1791607500,2026-10-10T04:45:00Z,บ้านแพรก,10,0.0,0.0,0.0,,,True
1791607500,2026-10-10T04:45:00Z,บางมูลนาก,99,0.0,0.0,0.0,,,True
1791607500,2026-10-10T04:45:00Z,โพทะเล,131,0.0,0.0,0.0,,,True
1791607500,2026-10-10T04:45:00Z,โพธิ์ประทับช้าง,102,0.0,0.0,0.0,,,True
1791607500,2026-10-10T04:45:00Z,ตะพานหิน,109,0.0,0.0,0.0,,,True
1791607500,2026-10-10T04:45:00Z,เมืองพิจิตร,138,0.0,0.0,0.0,,,True
1791607500,2026-10-10T04:45:00Z,วังทรายพูน,66,0.0,0.0,0.0,,,True
1791608400,2026-10-10T05:00:00Z,พิชัย,176,0.0,0.0,0.0,,,True
1791608400,2026-10-10T05:00:00Z,ลับแล,116,0.0,0.0,0.0,,,True
1791608400,2026-10-10T05:00:00Z,ฟากท่า,163,0.0,0.0,0.0,,,True
1791608400,2026-10-10T05:00:00Z,บ้านโคก,247,0.0,0.0,0.0,,,True
1791608400,2026-10-10T05:00:00Z,ท่าปลา,442,0.0,0.0,0.0,,,True
1791608400,2026-10-10T05:00:00Z,น้ำปาด,363,0.0,0.0,0.0,,,True
1791608400,2026-10-10T05:00:00Z,เมืองอุตรดิตถ์,202,0.0,0.0,0.0,,,True
1791608400,2026-10-10T05:00:00Z,ตรอน,80,0.0,0.0,0.0,,,True
1791608400,2026-10-10T05:00:00Z,หล่มเก่า,246,0.0,0.0,0.0,,,True
1791608400,2026-10-10T05:00:00Z,วิเชียรบุรี,377,0.0,0.0,0.0,,,True
1791608400,2026-10-10T05:00:00Z,ชนแดน,279,0.0,0.0,0.0,,,True
1791608400,2026-10-10T05:00:00Z,หล่มสัก,350,0.0,0.0,0.0,,,True
1791608400,2026-10-10T05:00:00Z,เมืองเพชรบูรณ์,571,0.0,0.0,0.0,,,True
1791608400,2026-10-10T05:00:00Z,ทองแสนขัน,185,0.0,0.0,0.0,,,True
1791608400,2026-10-10T05:00:00Z,บึงสามัคคี,71,0.0,0.0,0.0,,,True
1791608400,2026-10-10T05:00:00Z,โกสัมพีนคร,137,0.0,0.0,0.0,,,True
1791608400,2026-10-10T05:00:00Z,สอง,380,0.0,0.0,0.0,,,True
1791608400,2026-10-10T05:00:00Z,วังชิ้น,255,0.0,0.0,0.0,,,True
1791608400,2026-10-10T05:00:00Z,สูงเม่น,88,0.0,0.0,0.0,,,True
1791608400,2026-10-10T05:00:00Z,เด่นชัย,135,0.0,0.0,0.0,,,True
1791608400,2026-10-10T05:00:00Z,ร้องกวาง,221,0.0,0.0,0.0,,,True
1791608400,2026-10-10T05:00:00Z,ลอง,317,0.0,0.0,0.0,,,True
1791608400,2026-10-10T05:00:00Z,เมืองแพร่,205,0.0,0.0,0.0,,,True
1791608400,2026-10-10T05:00:00Z,ทัพทัน,94,0.001,0.098,0.0106,,15,True
1791608400,2026-10-10T05:00:00Z,สว่างอารมณ์,110,0.0,0.0,0.0,,,True
1791608400,2026-10-10T05:00:00Z,เมืองอุทัยธานี,59,0.0,0.0,0.0,,,True
1791608400,2026-10-10T05:00:00Z,ห้วยคต,94,0.149,1.216,0.3404,75,45,True
1791608400,2026-10-10T05:00:00Z,ศรีสวัสดิ์,440,0.006,0.592,0.0318,,90,True
1791608400,2026-10-10T05:00:00Z,บ้านไร่,821,0.023,0.848,0.0901,,15,True
1791608400,2026-10-10T05:00:00Z,ลานสัก,360,0.05,1.216,0.15,45,15,True
1791608400,2026-10-10T05:00:00Z,หนองฉาง,89,0.002,0.098,0.0225,,15,True
1791608400,2026-10-10T05:00:00Z,หนองขาหย่าง,43,0.0,0.0,0.0,,,True
1791608400,2026-10-10T05:00:00Z,เชียงม่วน,82,0.0,0.0,0.0,,,True
1791608400,2026-10-10T05:00:00Z,ดอกคำใต้,37,0.0,0.0,0.0,,,True
1791608400,2026-10-10T05:00:00Z,เมืองพะเยา,6,0.0,0.0,0.0,,,True
1791608400,2026-10-10T05:00:00Z,ทองผาภูมิ,851,0.0,0.0,0.0,,,True
1791608400,2026-10-10T05:00:00Z,สังขละบุรี,793,0.0,0.0,0.0,,,True
1791608400,2026-10-10T05:00:00Z,หนองม่วงไข่,35,0.0,0.0,0.0,,,True
1791608400,2026-10-10T05:00:00Z,ภูเวียง,81,0.0,0.0,0.0,,,True
1791608400,2026-10-10T05:00:00Z,มัญจาคีรี,50,0.0,0.0,0.0,,,True
1791608400,2026-10-10T05:00:00Z,หนองปรือ,104,0.002,0.098,0.0192,,75,True
1791608400,2026-10-10T05:00:00Z,เลาขวัญ,123,0.0,0.0,0.0,,,True
1791608400,2026-10-10T05:00:00Z,หนองนาคำ,43,0.0,0.0,0.0,,,True
1791608400,2026-10-10T05:00:00Z,โคกโพธิ์ไชย,65,0.0,0.0,0.0,,,True
1791608400,2026-10-10T05:00:00Z,บ้านหลวง,91,0.0,0.0,0.0,,,True
1791608400,2026-10-10T05:00:00Z,นาน้อย,266,0.0,0.0,0.0,,,True
1791608400,2026-10-10T05:00:00Z,ภูผาม่าน,74,0.0,0.0,0.0,,,True
1791608400,2026-10-10T05:00:00Z,เมืองน่าน,161,0.0,0.0,0.0,,,True
1791608400,2026-10-10T05:00:00Z,แม่จริม,262,0.0,0.0,0.0,,,True
1791608400,2026-10-10T05:00:00Z,เวียงเก่า,78,0.0,0.0,0.0,,,True
1791608400,2026-10-10T05:00:00Z,เมืองกำแพงเพชร,368,0.0,0.0,0.0,,,True
1791608400,2026-10-10T05:00:00Z,ไทรงาม,133,0.0,0.0,0.0,,,True
1791608400,2026-10-10T05:00:00Z,ปางศิลาทอง,186,0.0,0.0,0.0,,,True
1791608400,2026-10-10T05:00:00Z,ลานกระบือ,103,0.0,0.0,0.0,,,True
1791608400,2026-10-10T05:00:00Z,ทรายทองวัฒนา,53,0.0,0.0,0.0,,,True
1791608400,2026-10-10T05:00:00Z,คลองขลุง,179,0.0,0.0,0.0,,,True
1791608400,2026-10-10T05:00:00Z,พรานกระต่าย,252,0.0,0.0,0.0,,,True
1791608400,2026-10-10T05:00:00Z,คลองลาน,363,0.0,0.098,0.0028,,105,True
1791608400,2026-10-10T05:00:00Z,ขาณุวรลักษบุรี,296,0.002,0.098,0.0169,,15,True
1791608400,2026-10-10T05:00:00Z,ภูเพียง,113,0.0,0.0,0.0,,,True
1791608400,2026-10-10T05:00:00Z,นาหมื่น,245,0.0,0.0,0.0,,,True
1791608400,2026-10-10T05:00:00Z,เวียงสา,543,0.0,0.0,0.0,,,True
1791608400,2026-10-10T05:00:00Z,น้ำโสม,153,0.0,0.0,0.0,,,True
1791608400,2026-10-10T05:00:00Z,นายูง,126,0.0,0.0,0.0,,,True
1791608400,2026-10-10T05:00:00Z,ชุมแพ,173,0.0,0.0,0.0,,,True
1791608400,2026-10-10T05:00:00Z,สีชมพู,132,0.0,0.0,0.0,,,True
1791608400,2026-10-10T05:00:00Z,สุวรรณคูหา,140,0.0,0.0,0.0,,,True
1791608400,2026-10-10T05:00:00Z,นาวัง,65,0.0,0.0,0.0,,,True
1791608400,2026-10-10T05:00:00Z,หนองเรือ,80,0.0,0.0,0.0,,,True
1791608400,2026-10-10T05:00:00Z,โนนสัง,51,0.0,0.0,0.0,,,True
1791608400,2026-10-10T05:00:00Z,ศรีบุญเรือง,224,0.0,0.0,0.0,,,True
1791608400,2026-10-10T05:00:00Z,เมืองหนองบัวลำภู,217,0.0,0.0,0.0,,,True
1791608400,2026-10-10T05:00:00Z,นากลาง,173,0.0,0.0,0.0,,,True
1791608400,2026-10-10T05:00:00Z,ทุ่งเสลี่ยม,144,0.0,0.0,0.0,,,True
1791608400,2026-10-10T05:00:00Z,ดอยหล่อ,56,0.0,0.0,0.0,,,True
1791608400,2026-10-10T05:00:00Z,เมืองตาก,486,0.0,0.0,0.0,,,True
1791608400,2026-10-10T05:00:00Z,แม่ออน,116,0.0,0.0,0.0,,,True
1791608400,2026-10-10T05:00:00Z,อุ้มผาง,1209,0.0,0.0,0.0,,,True
1791608400,2026-10-10T05:00:00Z,วังเจ้า,183,0.0,0.0,0.0,,,True
1791608400,2026-10-10T05:00:00Z,แม่สอด,398,0.0,0.0,0.0,,,True
1791608400,2026-10-10T05:00:00Z,พบพระ,249,0.0,0.0,0.0,,,True
1791608400,2026-10-10T05:00:00Z,แม่ระมาด,380,0.0,0.0,0.0,,,True
1791608400,2026-10-10T05:00:00Z,ท่าสองยาง,401,0.0,0.0,0.0,,,True
1791608400,2026-10-10T05:00:00Z,บ้านตาก,255,0.0,0.0,0.0,,,True
1791608400,2026-10-10T05:00:00Z,สามเงา,698,0.004,0.196,0.0358,,30,True
1791608400,2026-10-10T05:00:00Z,จอมทอง,280,0.0,0.0,0.0,,,True
1791608400,2026-10-10T05:00:00Z,แก้งสนามนาง,79,0.0,0.0,0.0,,,True
1791608400,2026-10-10T05:00:00Z,สีคิ้ว,292,0.0,0.0,0.0,,,True
1791608400,2026-10-10T05:00:00Z,พระทองคำ,90,0.0,0.0,0.0,,,True
1791608400,2026-10-10T05:00:00Z,เทพารักษ์,92,0.0,0.0,0.0,,,True
1791608400,2026-10-10T05:00:00Z,สันกำแพง,65,0.0,0.0,0.0,,,True
1791608400,2026-10-10T05:00:00Z,สันป่าตอง,44,0.0,0.0,0.0,,,True
1791608400,2026-10-10T05:00:00Z,ดอยเต่า,213,0.0,0.0,0.0,,,True
1791608400,2026-10-10T05:00:00Z,อมก๋อย,704,0.0,0.0,0.0,,,True
1791608400,2026-10-10T05:00:00Z,ฮอด,378,0.0,0.0,0.0,,,True
1791608400,2026-10-10T05:00:00Z,เมืองลำพูน,117,0.0,0.0,0.0,,,True
1791608400,2026-10-10T05:00:00Z,แม่ทา,192,0.0,0.0,0.0,,,True
1791608400,2026-10-10T05:00:00Z,บ้านธิ,34,0.0,0.0,0.0,,,True
1791608400,2026-10-10T05:00:00Z,บ้านหมอ,24,0.0,0.0,0.0,,,True
1791608400,2026-10-10T05:00:00Z,เวียงหนองล่อง,14,0.0,0.0,0.0,,,True
1791608400,2026-10-10T05:00:00Z,ทุ่งหัวช้าง,113,0.0,0.0,0.0,,,True
1791608400,2026-10-10T05:00:00Z,ป่าซาง,74,0.0,0.0,0.0,,,True
1791608400,2026-10-10T05:00:00Z,บ้านโฮ่ง,124,0.0,0.0,0.0,,,True
1791608400,2026-10-10T05:00:00Z,แก่งคอย,73,0.0,0.0,0.0,,,True
1791608400,2026-10-10T05:00:00Z,ลี้,454,0.0,0.0,0.0,,,True
1791608400,2026-10-10T05:00:00Z,พระพุทธบาท,55,0.0,0.0,0.0,,,True
1791608400,2026-10-10T05:00:00Z,ดอนพุด,7,0.0,0.0,0.0,,,True
1791608400,2026-10-10T05:00:00Z,หนองโดน,31,0.0,0.0,0.0,,,True
1791608400,2026-10-10T05:00:00Z,เมืองลำปาง,300,0.0,0.0,0.0,,,True
1791608400,2026-10-10T05:00:00Z,เถิน,443,0.0,0.098,0.0023,,15,True
1791608400,2026-10-10T05:00:00Z,แม่พริก,167,0.013,0.196,0.1198,45,15,True
1791608400,2026-10-10T05:00:00Z,แจ้ห่ม,274,0.0,0.0,0.0,,,True
1791608400,2026-10-10T05:00:00Z,แม่เปิน,85,0.007,0.098,0.0706,,120,True
1791608400,2026-10-10T05:00:00Z,เสริมงาม,185,0.0,0.0,0.0,,,True
1791608400,2026-10-10T05:00:00Z,ชุมตาบง,61,0.0,0.0,0.0,,,True
1791608400,2026-10-10T05:00:00Z,งาว,344,0.0,0.0,0.0,,,True
1791608400,2026-10-10T05:00:00Z,ตากฟ้า,125,0.0,0.0,0.0,,,True
1791608400,2026-10-10T05:00:00Z,แม่เมาะ,283,0.0,0.0,0.0,,,True
1791608400,2026-10-10T05:00:00Z,แม่วงก์,257,0.01,0.098,0.1012,105,30,True
1791608400,2026-10-10T05:00:00Z,เกาะคา,128,0.0,0.0,0.0,,,True
1791608400,2026-10-10T05:00:00Z,พยุหะคีรี,169,0.0,0.0,0.0,,,True
1791608400,2026-10-10T05:00:00Z,ลาดยาว,187,0.0,0.0,0.0,,,True
1791608400,2026-10-10T05:00:00Z,สบปราบ,125,0.0,0.0,0.0,,,True
1791608400,2026-10-10T05:00:00Z,ห้างฉัตร,154,0.0,0.0,0.0,,,True
1791608400,2026-10-10T05:00:00Z,แม่ทะ,203,0.0,0.0,0.0,,,True
1791608400,2026-10-10T05:00:00Z,เมืองปาน,202,0.0,0.0,0.0,,,True
1791608400,2026-10-10T05:00:00Z,เมืองอ่างทอง,6,0.0,0.0,0.0,,,True
1791608400,2026-10-10T05:00:00Z,ไชโย,20,0.0,0.0,0.0,,,True
1791608400,2026-10-10T05:00:00Z,สามโก้,10,0.0,0.0,0.0,,,True
1791608400,2026-10-10T05:00:00Z,แสวงหา,43,0.0,0.0,0.0,,,True
1791608400,2026-10-10T05:00:00Z,วิเศษชัยชาญ,7,0.0,0.0,0.0,,,True
1791608400,2026-10-10T05:00:00Z,โพธิ์ทอง,48,0.0,0.0,0.0,,,True
1791608400,2026-10-10T05:00:00Z,เมืองลพบุรี,190,0.0,0.0,0.0,,,True
1791608400,2026-10-10T05:00:00Z,เดิมบางนางบวช,130,0.0,0.0,0.0,,,True
1791608400,2026-10-10T05:00:00Z,ด่านช้าง,309,0.019,0.592,0.1165,90,15,True
1791608400,2026-10-10T05:00:00Z,หนองม่วง,111,0.0,0.0,0.0,,,True
1791608400,2026-10-10T05:00:00Z,ลำสนธิ,136,0.0,0.0,0.0,,,True
1791608400,2026-10-10T05:00:00Z,สามชุก,77,0.0,0.0,0.0,,,True
1791608400,2026-10-10T05:00:00Z,ดอนเจดีย์,72,0.0,0.0,0.0,,,True
1791608400,2026-10-10T05:00:00Z,สระโบสถ์,83,0.0,0.0,0.0,,,True
1791608400,2026-10-10T05:00:00Z,ศรีประจันต์,41,0.0,0.0,0.0,,,True
1791608400,2026-10-10T05:00:00Z,โคกเจริญ,135,0.0,0.0,0.0,,,True
1791608400,2026-10-10T05:00:00Z,บ้านหมี่,136,0.0,0.0,0.0,,,True
1791608400,2026-10-10T05:00:00Z,ท่าหลวง,100,0.0,0.0,0.0,,,True
1791608400,2026-10-10T05:00:00Z,ชัยบาดาล,280,0.0,0.0,0.0,,,True
1791608400,2026-10-10T05:00:00Z,ท่าวุ้ง,64,0.0,0.0,0.0,,,True
1791608400,2026-10-10T05:00:00Z,พัฒนานิคม,217,0.0,0.0,0.0,,,True
1791608400,2026-10-10T05:00:00Z,โคกสำโรง,180,0.0,0.0,0.0,,,True
1791608400,2026-10-10T05:00:00Z,หนองหญ้าไซ,108,0.0,0.0,0.0,,,True
1791608400,2026-10-10T05:00:00Z,ท่าช้าง,11,0.0,0.0,0.0,,,True
1791608400,2026-10-10T05:00:00Z,อินทร์บุรี,66,0.0,0.0,0.0,,,True
1791608400,2026-10-10T05:00:00Z,ค่ายบางระจัน,26,0.0,0.0,0.0,,,True
1791608400,2026-10-10T05:00:00Z,พรหมบุรี,19,0.0,0.0,0.0,,,True
1791608400,2026-10-10T05:00:00Z,เนินสง่า,65,0.0,0.0,0.0,,,True
1791608400,2026-10-10T05:00:00Z,เมืองสิงห์บุรี,31,0.0,0.0,0.0,,,True
1791608400,2026-10-10T05:00:00Z,ซับใหญ่,72,0.0,0.0,0.0,,,True
1791608400,2026-10-10T05:00:00Z,บางระจัน,46,0.0,0.0,0.0,,,True
1791608400,2026-10-10T05:00:00Z,ภูกระดึง,190,0.0,0.0,0.0,,,True
1791608400,2026-10-10T05:00:00Z,ภูหลวง,145,0.0,0.0,0.0,,,True
1791608400,2026-10-10T05:00:00Z,หนองหิน,78,0.0,0.0,0.0,,,True
1791608400,2026-10-10T05:00:00Z,ผาขาว,100,0.0,0.0,0.0,,,True
1791608400,2026-10-10T05:00:00Z,เอราวัณ,87,0.0,0.0,0.0,,,True
1791608400,2026-10-10T05:00:00Z,วังสะพุง,281,0.0,0.0,0.0,,,True
1791608400,2026-10-10T05:00:00Z,วังม่วง,70,0.0,0.0,0.0,,,True
1791608400,2026-10-10T05:00:00Z,เฉลิมพระเกียรติ,35,0.0,0.0,0.0,,,True
1791608400,2026-10-10T05:00:00Z,มวกเหล็ก,175,0.0,0.0,0.0,,,True
1791608400,2026-10-10T05:00:00Z,บ้านเขว้า,124,0.0,0.0,0.0,,,True
1791608400,2026-10-10T05:00:00Z,คอนสวรรค์,113,0.0,0.0,0.0,,,True
1791608400,2026-10-10T05:00:00Z,เมืองชัยภูมิ,358,0.0,0.0,0.0,,,True
1791608400,2026-10-10T05:00:00Z,วังทอง,425,0.0,0.0,0.0,,,True
1791608400,2026-10-10T05:00:00Z,เนินมะปราง,276,0.0,0.0,0.0,,,True
1791608400,2026-10-10T05:00:00Z,สวรรคโลก,156,0.0,0.0,0.0,,,True
1791608400,2026-10-10T05:00:00Z,ศรีนคร,46,0.0,0.0,0.0,,,True
1791608400,2026-10-10T05:00:00Z,หันคา,139,0.0,0.0,0.0,,,True
1791608400,2026-10-10T05:00:00Z,ศรีสัชนาลัย,534,0.0,0.0,0.0,,,True
1791608400,2026-10-10T05:00:00Z,หนองมะโมง,76,0.0,0.0,0.0,,,True
1791608400,2026-10-10T05:00:00Z,ศรีสำโรง,142,0.0,0.0,0.0,,,True
1791608400,2026-10-10T05:00:00Z,สรรพยา,55,0.0,0.0,0.0,,,True
1791608400,2026-10-10T05:00:00Z,คีรีมาศ,171,0.0,0.0,0.0,,,True
1791608400,2026-10-10T05:00:00Z,สรรคบุรี,89,0.0,0.0,0.0,,,True
1791608400,2026-10-10T05:00:00Z,กงไกรลาศ,108,0.0,0.0,0.0,,,True
1791608400,2026-10-10T05:00:00Z,มโนรมย์,66,0.0,0.0,0.0,,,True
1791608400,2026-10-10T05:00:00Z,เมืองสุโขทัย,136,0.0,0.0,0.0,,,True
1791608400,2026-10-10T05:00:00Z,วัดสิงห์,67,0.0,0.0,0.0,,,True
1791608400,2026-10-10T05:00:00Z,บ้านด่านลานหอย,231,0.0,0.0,0.0,,,True
1791608400,2026-10-10T05:00:00Z,เมืองชัยนาท,70,0.0,0.0,0.0,,,True
1791608400,2026-10-10T05:00:00Z,เนินขาม,65,0.0,0.0,0.0,,,True
1791608400,2026-10-10T05:00:00Z,คอนสาร,334,0.0,0.0,0.0,,,True
1791608400,2026-10-10T05:00:00Z,ภักดีชุมพล,154,0.0,0.0,0.0,,,True
1791608400,2026-10-10T05:00:00Z,บ้านแท่น,76,0.0,0.0,0.0,,,True
1791608400,2026-10-10T05:00:00Z,แก้งคร้อ,168,0.0,0.0,0.0,,,True
1791608400,2026-10-10T05:00:00Z,ภูเขียว,201,0.0,0.0,0.0,,,True
1791608400,2026-10-10T05:00:00Z,หนองบัวระเหว,179,0.0,0.0,0.0,,,True
1791608400,2026-10-10T05:00:00Z,เทพสถิต,239,0.0,0.0,0.0,,,True
1791608400,2026-10-10T05:00:00Z,จัตุรัส,172,0.0,0.0,0.0,,,True
1791608400,2026-10-10T05:00:00Z,บำเหน็จณรงค์,120,0.0,0.0,0.0,,,True
1791608400,2026-10-10T05:00:00Z,เกษตรสมบูรณ์,268,0.0,0.0,0.0,,,True
1791608400,2026-10-10T05:00:00Z,หนองบัวแดง,537,0.0,0.0,0.0,,,True
1791608400,2026-10-10T05:00:00Z,ภูเรือ,168,0.0,0.0,0.0,,,True
1791608400,2026-10-10T05:00:00Z,ท่าลี่,171,0.0,0.0,0.0,,,True
1791608400,2026-10-10T05:00:00Z,วชิรบารมี,68,0.0,0.0,0.0,,,True
1791608400,2026-10-10T05:00:00Z,ด่านซ้าย,341,0.0,0.0,0.0,,,True
1791608400,2026-10-10T05:00:00Z,นาแห้ว,153,0.0,0.0,0.0,,,True
1791608400,2026-10-10T05:00:00Z,บึงนาราง,74,0.0,0.0,0.0,,,True
1791608400,2026-10-10T05:00:00Z,เชียงคาน,213,0.0,0.0,0.0,,,True
1791608400,2026-10-10T05:00:00Z,ดงเจริญ,56,0.0,0.0,0.0,,,True
1791608400,2026-10-10T05:00:00Z,ปากชม,240,0.0,0.0,0.0,,,True
1791608400,2026-10-10T05:00:00Z,เมืองเลย,314,0.0,0.0,0.0,,,True
1791608400,2026-10-10T05:00:00Z,นาด้วง,143,0.0,0.0,0.0,,,True
1791608400,2026-10-10T05:00:00Z,สากเหล็ก,45,0.0,0.0,0.0,,,True
1791608400,2026-10-10T05:00:00Z,สามง่าม,89,0.0,0.0,0.0,,,True
1791608400,2026-10-10T05:00:00Z,ทับคล้อ,104,0.0,0.0,0.0,,,True
1791608400,2026-10-10T05:00:00Z,พรหมพิราม,206,0.0,0.0,0.0,,,True
1791608400,2026-10-10T05:00:00Z,ด่านขุนทด,344,0.0,0.0,0.0,,,True
1791608400,2026-10-10T05:00:00Z,วัดโบสถ์,226,0.0,0.0,0.0,,,True
1791608400,2026-10-10T05:00:00Z,บางระกำ,246,0.0,0.0,0.0,,,True
1791608400,2026-10-10T05:00:00Z,บางกระทุ่ม,91,0.0,0.0,0.0,,,True
1791608400,2026-10-10T05:00:00Z,นครไทย,597,0.0,0.0,0.0,,,True
1791608400,2026-10-10T05:00:00Z,ชาติตระการ,415,0.0,0.0,0.0,,,True
1791608400,2026-10-10T05:00:00Z,บ้านเหลื่อม,55,0.0,0.0,0.0,,,True
1791608400,2026-10-10T05:00:00Z,เมืองพิษณุโลก,178,0.0,0.0,0.0,,,True
1791608400,2026-10-10T05:00:00Z,ชุมแสง,145,0.0,0.0,0.0,,,True
1791608400,2026-10-10T05:00:00Z,หนองบัว,208,0.0,0.0,0.0,,,True
1791608400,2026-10-10T05:00:00Z,เมืองนครสวรรค์,183,0.0,0.0,0.0,,,True
1791608400,2026-10-10T05:00:00Z,โกรกพระ,71,0.0,0.0,0.0,,,True
1791608400,2026-10-10T05:00:00Z,ไพศาลี,244,0.0,0.0,0.0,,,True
1791608400,2026-10-10T05:00:00Z,ตาคลี,206,0.0,0.0,0.0,,,True
1791608400,2026-10-10T05:00:00Z,ท่าตะโก,211,0.0,0.0,0.0,,,True
1791608400,2026-10-10T05:00:00Z,เขาค้อ,207,0.0,0.0,0.0,,,True
1791608400,2026-10-10T05:00:00Z,บรรพตพิสัย,181,0.0,0.0,0.0,,,True
1791608400,2026-10-10T05:00:00Z,เก้าเลี้ยว,57,0.0,0.0,0.0,,,True
1791608400,2026-10-10T05:00:00Z,วังโป่ง,123,0.0,0.0,0.0,,,True
1791608400,2026-10-10T05:00:00Z,บึงสามพัน,194,0.0,0.0,0.0,,,True
1791608400,2026-10-10T05:00:00Z,น้ำหนาว,231,0.0,0.0,0.0,,,True
1791608400,2026-10-10T05:00:00Z,ศรีเทพ,204,0.0,0.0,0.0,,,True
1791608400,2026-10-10T05:00:00Z,หนองไผ่,315,0.0,0.0,0.0,,,True
1791608400,2026-10-10T05:00:00Z,มหาราช,4,0.0,0.0,0.0,,,False
1791608400,2026-10-10T05:00:00Z,บ้านแพรก,10,0.0,0.0,0.0,,,True
1791608400,2026-10-10T05:00:00Z,บางมูลนาก,99,0.0,0.0,0.0,,,True
1791608400,2026-10-10T05:00:00Z,โพทะเล,131,0.0,0.0,0.0,,,True
1791608400,2026-10-10T05:00:00Z,โพธิ์ประทับช้าง,102,0.0,0.0,0.0,,,True
1791608400,2026-10-10T05:00:00Z,ตะพานหิน,109,0.0,0.0,0.0,,,True
1791608400,2026-10-10T05:00:00Z,เมืองพิจิตร,138,0.0,0.0,0.0,,,True
1791608400,2026-10-10T05:00:00Z,วังทรายพูน,66,0.0,0.0,0.0,,,True
1791609300,2026-10-10T05:15:00Z,พิชัย,176,0.0,0.0,0.0,,,True
1791609300,2026-10-10T05:15:00Z,ลับแล,116,0.0,0.0,0.0,,,True
1791609300,2026-10-10T05:15:00Z,ฟากท่า,163,0.0,0.0,0.0,,,True
1791609300,2026-10-10T05:15:00Z,บ้านโคก,247,0.001,0.098,0.0081,,105,True
1791609300,2026-10-10T05:15:00Z,ท่าปลา,442,0.0,0.0,0.0,,,True
1791609300,2026-10-10T05:15:00Z,น้ำปาด,363,0.0,0.0,0.0,,,True
1791609300,2026-10-10T05:15:00Z,เมืองอุตรดิตถ์,202,0.0,0.0,0.0,,,True
1791609300,2026-10-10T05:15:00Z,ตรอน,80,0.0,0.0,0.0,,,True
1791609300,2026-10-10T05:15:00Z,หล่มเก่า,246,0.0,0.0,0.0,,,True
1791609300,2026-10-10T05:15:00Z,วิเชียรบุรี,377,0.0,0.0,0.0,,,True
1791609300,2026-10-10T05:15:00Z,ชนแดน,279,0.0,0.0,0.0,,,True
1791609300,2026-10-10T05:15:00Z,หล่มสัก,350,0.0,0.0,0.0,,,True
1791609300,2026-10-10T05:15:00Z,เมืองเพชรบูรณ์,571,0.0,0.0,0.0,,,True
1791609300,2026-10-10T05:15:00Z,ทองแสนขัน,185,0.0,0.0,0.0,,,True
1791609300,2026-10-10T05:15:00Z,บึงสามัคคี,71,0.0,0.0,0.0,,,True
1791609300,2026-10-10T05:15:00Z,โกสัมพีนคร,137,0.0,0.0,0.0,,,True
1791609300,2026-10-10T05:15:00Z,สอง,380,0.0,0.0,0.0,,,True
1791609300,2026-10-10T05:15:00Z,วังชิ้น,255,0.0,0.0,0.0,,,True
1791609300,2026-10-10T05:15:00Z,สูงเม่น,88,0.011,0.098,0.1136,120,90,True
1791609300,2026-10-10T05:15:00Z,เด่นชัย,135,0.004,0.098,0.037,,120,True
1791609300,2026-10-10T05:15:00Z,ร้องกวาง,221,0.008,0.098,0.086,,45,True
1791609300,2026-10-10T05:15:00Z,ลอง,317,0.0,0.0,0.0,,,True
1791609300,2026-10-10T05:15:00Z,เมืองแพร่,205,0.013,0.098,0.1317,105,60,True
1791609300,2026-10-10T05:15:00Z,ทัพทัน,94,0.0,0.0,0.0,,,True
1791609300,2026-10-10T05:15:00Z,สว่างอารมณ์,110,0.0,0.0,0.0,,,True
1791609300,2026-10-10T05:15:00Z,เมืองอุทัยธานี,59,0.0,0.0,0.0,,,True
1791609300,2026-10-10T05:15:00Z,ห้วยคต,94,0.024,0.413,0.1277,75,30,True
1791609300,2026-10-10T05:15:00Z,ศรีสวัสดิ์,440,0.007,0.201,0.0659,,30,True
1791609300,2026-10-10T05:15:00Z,บ้านไร่,821,0.017,0.288,0.1328,105,15,True
1791609300,2026-10-10T05:15:00Z,ลานสัก,360,0.016,0.288,0.125,60,15,True
1791609300,2026-10-10T05:15:00Z,หนองฉาง,89,0.0,0.0,0.0,,,True
1791609300,2026-10-10T05:15:00Z,หนองขาหย่าง,43,0.0,0.0,0.0,,,True
1791609300,2026-10-10T05:15:00Z,เชียงม่วน,82,0.0,0.0,0.0,,,True
1791609300,2026-10-10T05:15:00Z,ดอกคำใต้,37,0.0,0.0,0.0,,,True
1791609300,2026-10-10T05:15:00Z,เมืองพะเยา,6,0.0,0.0,0.0,,,True
1791609300,2026-10-10T05:15:00Z,ทองผาภูมิ,851,0.0,0.0,0.0,,,True
1791609300,2026-10-10T05:15:00Z,สังขละบุรี,793,0.0,0.0,0.0,,,True
1791609300,2026-10-10T05:15:00Z,หนองม่วงไข่,35,0.0,0.0,0.0,,,True
1791609300,2026-10-10T05:15:00Z,ภูเวียง,81,0.0,0.0,0.0,,,True
1791609300,2026-10-10T05:15:00Z,มัญจาคีรี,50,0.0,0.0,0.0,,,True
1791609300,2026-10-10T05:15:00Z,หนองปรือ,104,0.0,0.0,0.0,,,True
1791609300,2026-10-10T05:15:00Z,เลาขวัญ,123,0.0,0.0,0.0,,,True
1791609300,2026-10-10T05:15:00Z,หนองนาคำ,43,0.0,0.0,0.0,,,True
1791609300,2026-10-10T05:15:00Z,โคกโพธิ์ไชย,65,0.0,0.0,0.0,,,True
1791609300,2026-10-10T05:15:00Z,บ้านหลวง,91,0.0,0.0,0.0,,,True
1791609300,2026-10-10T05:15:00Z,นาน้อย,266,0.005,0.098,0.0489,,15,True
1791609300,2026-10-10T05:15:00Z,ภูผาม่าน,74,0.0,0.0,0.0,,,True
1791609300,2026-10-10T05:15:00Z,เมืองน่าน,161,0.0,0.0,0.0,,,True
1791609300,2026-10-10T05:15:00Z,แม่จริม,262,0.0,0.0,0.0,,,True
1791609300,2026-10-10T05:15:00Z,เวียงเก่า,78,0.0,0.0,0.0,,,True
1791609300,2026-10-10T05:15:00Z,เมืองกำแพงเพชร,368,0.019,0.946,0.0815,,15,True
1791609300,2026-10-10T05:15:00Z,ไทรงาม,133,0.0,0.0,0.0,,,True
1791609300,2026-10-10T05:15:00Z,ปางศิลาทอง,186,0.008,0.098,0.0806,,15,True
1791609300,2026-10-10T05:15:00Z,ลานกระบือ,103,0.0,0.0,0.0,,,True
1791609300,2026-10-10T05:15:00Z,ทรายทองวัฒนา,53,0.0,0.0,0.0,,,True
1791609300,2026-10-10T05:15:00Z,คลองขลุง,179,0.0,0.0,0.0,,,True
1791609300,2026-10-10T05:15:00Z,พรานกระต่าย,252,0.0,0.0,0.0,,,True
1791609300,2026-10-10T05:15:00Z,คลองลาน,363,0.08,1.314,0.2534,60,15,True
1791609300,2026-10-10T05:15:00Z,ขาณุวรลักษบุรี,296,0.0,0.0,0.0,,,True
1791609300,2026-10-10T05:15:00Z,ภูเพียง,113,0.0,0.0,0.0,,,True
1791609300,2026-10-10T05:15:00Z,นาหมื่น,245,0.01,0.098,0.098,,15,True
1791609300,2026-10-10T05:15:00Z,เวียงสา,543,0.001,0.098,0.0092,,15,True
1791609300,2026-10-10T05:15:00Z,น้ำโสม,153,0.0,0.0,0.0,,,True
1791609300,2026-10-10T05:15:00Z,นายูง,126,0.0,0.0,0.0,,,True
1791609300,2026-10-10T05:15:00Z,ชุมแพ,173,0.0,0.0,0.0,,,True
1791609300,2026-10-10T05:15:00Z,สีชมพู,132,0.0,0.0,0.0,,,True
1791609300,2026-10-10T05:15:00Z,สุวรรณคูหา,140,0.0,0.0,0.0,,,True
1791609300,2026-10-10T05:15:00Z,นาวัง,65,0.0,0.0,0.0,,,True
1791609300,2026-10-10T05:15:00Z,หนองเรือ,80,0.0,0.0,0.0,,,True
1791609300,2026-10-10T05:15:00Z,โนนสัง,51,0.0,0.0,0.0,,,True
1791609300,2026-10-10T05:15:00Z,ศรีบุญเรือง,224,0.0,0.0,0.0,,,True
1791609300,2026-10-10T05:15:00Z,เมืองหนองบัวลำภู,217,0.0,0.0,0.0,,,True
1791609300,2026-10-10T05:15:00Z,นากลาง,173,0.0,0.0,0.0,,,True
1791609300,2026-10-10T05:15:00Z,ทุ่งเสลี่ยม,144,0.0,0.0,0.0,,,True
1791609300,2026-10-10T05:15:00Z,ดอยหล่อ,56,0.0,0.0,0.0,,,True
1791609300,2026-10-10T05:15:00Z,เมืองตาก,486,0.0,0.0,0.0,,,True
1791609300,2026-10-10T05:15:00Z,แม่ออน,116,0.0,0.0,0.0,,,True
1791609300,2026-10-10T05:15:00Z,อุ้มผาง,1209,0.005,1.216,0.024,,45,True
1791609300,2026-10-10T05:15:00Z,วังเจ้า,183,0.0,0.0,0.0,,,True
1791609300,2026-10-10T05:15:00Z,แม่สอด,398,0.0,0.0,0.0,,,True
1791609300,2026-10-10T05:15:00Z,พบพระ,249,0.0,0.0,0.0,,,True
1791609300,2026-10-10T05:15:00Z,แม่ระมาด,380,0.0,0.0,0.0,,,True
1791609300,2026-10-10T05:15:00Z,ท่าสองยาง,401,0.0,0.0,0.0,,,True
1791609300,2026-10-10T05:15:00Z,บ้านตาก,255,0.0,0.0,0.0,,,True
1791609300,2026-10-10T05:15:00Z,สามเงา,698,0.006,0.511,0.033,,45,True
1791609300,2026-10-10T05:15:00Z,จอมทอง,280,0.0,0.0,0.0,,,True
1791609300,2026-10-10T05:15:00Z,แก้งสนามนาง,79,0.0,0.0,0.0,,,True
1791609300,2026-10-10T05:15:00Z,สีคิ้ว,292,0.0,0.0,0.0,,,True
1791609300,2026-10-10T05:15:00Z,พระทองคำ,90,0.0,0.0,0.0,,,True
1791609300,2026-10-10T05:15:00Z,เทพารักษ์,92,0.0,0.0,0.0,,,True
1791609300,2026-10-10T05:15:00Z,สันกำแพง,65,0.0,0.0,0.0,,,True
1791609300,2026-10-10T05:15:00Z,สันป่าตอง,44,0.0,0.0,0.0,,,True
1791609300,2026-10-10T05:15:00Z,ดอยเต่า,213,0.0,0.0,0.0,,,True
1791609300,2026-10-10T05:15:00Z,อมก๋อย,704,0.0,0.0,0.0,,,True
1791609300,2026-10-10T05:15:00Z,ฮอด,378,0.0,0.0,0.0,,,True
1791609300,2026-10-10T05:15:00Z,เมืองลำพูน,117,0.0,0.0,0.0,,,True
1791609300,2026-10-10T05:15:00Z,แม่ทา,192,0.0,0.0,0.0,,,True
1791609300,2026-10-10T05:15:00Z,บ้านธิ,34,0.0,0.0,0.0,,,True
1791609300,2026-10-10T05:15:00Z,บ้านหมอ,24,0.0,0.0,0.0,,,True
1791609300,2026-10-10T05:15:00Z,เวียงหนองล่อง,14,0.0,0.0,0.0,,,True
1791609300,2026-10-10T05:15:00Z,ทุ่งหัวช้าง,113,0.0,0.0,0.0,,,True
1791609300,2026-10-10T05:15:00Z,ป่าซาง,74,0.0,0.0,0.0,,,True
1791609300,2026-10-10T05:15:00Z,บ้านโฮ่ง,124,0.0,0.0,0.0,,,True
1791609300,2026-10-10T05:15:00Z,แก่งคอย,73,0.0,0.0,0.0,,,True
1791609300,2026-10-10T05:15:00Z,ลี้,454,0.0,0.0,0.0,,,True
1791609300,2026-10-10T05:15:00Z,พระพุทธบาท,55,0.0,0.0,0.0,,,True
1791609300,2026-10-10T05:15:00Z,ดอนพุด,7,0.0,0.0,0.0,,,True
1791609300,2026-10-10T05:15:00Z,หนองโดน,31,0.0,0.0,0.0,,,True
1791609300,2026-10-10T05:15:00Z,เมืองลำปาง,300,0.0,0.0,0.0,,,True
1791609300,2026-10-10T05:15:00Z,เถิน,443,0.0,0.0,0.0,,,True
1791609300,2026-10-10T05:15:00Z,แม่พริก,167,0.014,0.413,0.0539,,15,True
1791609300,2026-10-10T05:15:00Z,แจ้ห่ม,274,0.0,0.0,0.0,,,True
1791609300,2026-10-10T05:15:00Z,แม่เปิน,85,0.0,0.0,0.0,,,True
1791609300,2026-10-10T05:15:00Z,เสริมงาม,185,0.0,0.0,0.0,,,True
1791609300,2026-10-10T05:15:00Z,ชุมตาบง,61,0.0,0.0,0.0,,,True
1791609300,2026-10-10T05:15:00Z,งาว,344,0.0,0.0,0.0,,,True
1791609300,2026-10-10T05:15:00Z,ตากฟ้า,125,0.0,0.0,0.0,,,True
1791609300,2026-10-10T05:15:00Z,แม่เมาะ,283,0.0,0.0,0.0,,,True
1791609300,2026-10-10T05:15:00Z,แม่วงก์,257,0.0,0.0,0.0,,,True
1791609300,2026-10-10T05:15:00Z,เกาะคา,128,0.0,0.0,0.0,,,True
1791609300,2026-10-10T05:15:00Z,พยุหะคีรี,169,0.0,0.0,0.0,,,True
1791609300,2026-10-10T05:15:00Z,ลาดยาว,187,0.003,0.592,0.0053,,120,True
1791609300,2026-10-10T05:15:00Z,สบปราบ,125,0.0,0.0,0.0,,,True
1791609300,2026-10-10T05:15:00Z,ห้างฉัตร,154,0.0,0.0,0.0,,,True
1791609300,2026-10-10T05:15:00Z,แม่ทะ,203,0.0,0.0,0.0,,,True
1791609300,2026-10-10T05:15:00Z,เมืองปาน,202,0.0,0.0,0.0,,,True
1791609300,2026-10-10T05:15:00Z,เมืองอ่างทอง,6,0.0,0.0,0.0,,,True
1791609300,2026-10-10T05:15:00Z,ไชโย,20,0.0,0.0,0.0,,,True
1791609300,2026-10-10T05:15:00Z,สามโก้,10,0.0,0.0,0.0,,,True
1791609300,2026-10-10T05:15:00Z,แสวงหา,43,0.0,0.0,0.0,,,True
1791609300,2026-10-10T05:15:00Z,วิเศษชัยชาญ,7,0.0,0.0,0.0,,,True
1791609300,2026-10-10T05:15:00Z,โพธิ์ทอง,48,0.0,0.0,0.0,,,True
1791609300,2026-10-10T05:15:00Z,เมืองลพบุรี,190,0.0,0.0,0.0,,,True
1791609300,2026-10-10T05:15:00Z,เดิมบางนางบวช,130,0.0,0.0,0.0,,,True
1791609300,2026-10-10T05:15:00Z,ด่านช้าง,309,0.003,0.098,0.0291,,15,True
1791609300,2026-10-10T05:15:00Z,หนองม่วง,111,0.0,0.0,0.0,,,True
1791609300,2026-10-10T05:15:00Z,ลำสนธิ,136,0.0,0.0,0.0,,,True
1791609300,2026-10-10T05:15:00Z,สามชุก,77,0.0,0.0,0.0,,,True
1791609300,2026-10-10T05:15:00Z,ดอนเจดีย์,72,0.0,0.0,0.0,,,True
1791609300,2026-10-10T05:15:00Z,สระโบสถ์,83,0.0,0.0,0.0,,,True
1791609300,2026-10-10T05:15:00Z,ศรีประจันต์,41,0.0,0.0,0.0,,,True
1791609300,2026-10-10T05:15:00Z,โคกเจริญ,135,0.0,0.0,0.0,,,True
1791609300,2026-10-10T05:15:00Z,บ้านหมี่,136,0.0,0.0,0.0,,,True
1791609300,2026-10-10T05:15:00Z,ท่าหลวง,100,0.0,0.0,0.0,,,True
1791609300,2026-10-10T05:15:00Z,ชัยบาดาล,280,0.0,0.0,0.0,,,True
1791609300,2026-10-10T05:15:00Z,ท่าวุ้ง,64,0.0,0.0,0.0,,,True
1791609300,2026-10-10T05:15:00Z,พัฒนานิคม,217,0.0,0.0,0.0,,,True
1791609300,2026-10-10T05:15:00Z,โคกสำโรง,180,0.0,0.0,0.0,,,True
1791609300,2026-10-10T05:15:00Z,หนองหญ้าไซ,108,0.0,0.0,0.0,,,True
1791609300,2026-10-10T05:15:00Z,ท่าช้าง,11,0.0,0.0,0.0,,,True
1791609300,2026-10-10T05:15:00Z,อินทร์บุรี,66,0.0,0.0,0.0,,,True
1791609300,2026-10-10T05:15:00Z,ค่ายบางระจัน,26,0.0,0.0,0.0,,,True
1791609300,2026-10-10T05:15:00Z,พรหมบุรี,19,0.0,0.0,0.0,,,True
1791609300,2026-10-10T05:15:00Z,เนินสง่า,65,0.0,0.0,0.0,,,True
1791609300,2026-10-10T05:15:00Z,เมืองสิงห์บุรี,31,0.0,0.0,0.0,,,True
1791609300,2026-10-10T05:15:00Z,ซับใหญ่,72,0.0,0.0,0.0,,,True
1791609300,2026-10-10T05:15:00Z,บางระจัน,46,0.0,0.0,0.0,,,True
1791609300,2026-10-10T05:15:00Z,ภูกระดึง,190,0.0,0.0,0.0,,,True
1791609300,2026-10-10T05:15:00Z,ภูหลวง,145,0.0,0.0,0.0,,,True
1791609300,2026-10-10T05:15:00Z,หนองหิน,78,0.0,0.0,0.0,,,True
1791609300,2026-10-10T05:15:00Z,ผาขาว,100,0.0,0.0,0.0,,,True
1791609300,2026-10-10T05:15:00Z,เอราวัณ,87,0.0,0.0,0.0,,,True
1791609300,2026-10-10T05:15:00Z,วังสะพุง,281,0.0,0.0,0.0,,,True
1791609300,2026-10-10T05:15:00Z,วังม่วง,70,0.0,0.0,0.0,,,True
1791609300,2026-10-10T05:15:00Z,เฉลิมพระเกียรติ,35,0.0,0.0,0.0,,,True
1791609300,2026-10-10T05:15:00Z,มวกเหล็ก,175,0.0,0.0,0.0,,,True
1791609300,2026-10-10T05:15:00Z,บ้านเขว้า,124,0.0,0.0,0.0,,,True
1791609300,2026-10-10T05:15:00Z,คอนสวรรค์,113,0.0,0.0,0.0,,,True
1791609300,2026-10-10T05:15:00Z,เมืองชัยภูมิ,358,0.0,0.0,0.0,,,True
1791609300,2026-10-10T05:15:00Z,วังทอง,425,0.0,0.0,0.0,,,True
1791609300,2026-10-10T05:15:00Z,เนินมะปราง,276,0.0,0.0,0.0,,,True
1791609300,2026-10-10T05:15:00Z,สวรรคโลก,156,0.0,0.0,0.0,,,True
1791609300,2026-10-10T05:15:00Z,ศรีนคร,46,0.0,0.0,0.0,,,True
1791609300,2026-10-10T05:15:00Z,หันคา,139,0.0,0.0,0.0,,,True
1791609300,2026-10-10T05:15:00Z,ศรีสัชนาลัย,534,0.0,0.0,0.0,,,True
1791609300,2026-10-10T05:15:00Z,หนองมะโมง,76,0.0,0.0,0.0,,,True
1791609300,2026-10-10T05:15:00Z,ศรีสำโรง,142,0.0,0.0,0.0,,,True
1791609300,2026-10-10T05:15:00Z,สรรพยา,55,0.0,0.0,0.0,,,True
1791609300,2026-10-10T05:15:00Z,คีรีมาศ,171,0.0,0.0,0.0,,,True
1791609300,2026-10-10T05:15:00Z,สรรคบุรี,89,0.0,0.0,0.0,,,True
1791609300,2026-10-10T05:15:00Z,กงไกรลาศ,108,0.0,0.0,0.0,,,True
1791609300,2026-10-10T05:15:00Z,มโนรมย์,66,0.0,0.0,0.0,,,True
1791609300,2026-10-10T05:15:00Z,เมืองสุโขทัย,136,0.0,0.0,0.0,,,True
1791609300,2026-10-10T05:15:00Z,วัดสิงห์,67,0.0,0.0,0.0,,,True
1791609300,2026-10-10T05:15:00Z,บ้านด่านลานหอย,231,0.0,0.0,0.0,,,True
1791609300,2026-10-10T05:15:00Z,เมืองชัยนาท,70,0.0,0.0,0.0,,,True
1791609300,2026-10-10T05:15:00Z,เนินขาม,65,0.0,0.0,0.0,,,True
1791609300,2026-10-10T05:15:00Z,คอนสาร,334,0.0,0.0,0.0,,,True
1791609300,2026-10-10T05:15:00Z,ภักดีชุมพล,154,0.0,0.0,0.0,,,True
1791609300,2026-10-10T05:15:00Z,บ้านแท่น,76,0.0,0.0,0.0,,,True
1791609300,2026-10-10T05:15:00Z,แก้งคร้อ,168,0.0,0.0,0.0,,,True
1791609300,2026-10-10T05:15:00Z,ภูเขียว,201,0.0,0.0,0.0,,,True
1791609300,2026-10-10T05:15:00Z,หนองบัวระเหว,179,0.0,0.0,0.0,,,True
1791609300,2026-10-10T05:15:00Z,เทพสถิต,239,0.0,0.0,0.0,,,True
1791609300,2026-10-10T05:15:00Z,จัตุรัส,172,0.0,0.0,0.0,,,True
1791609300,2026-10-10T05:15:00Z,บำเหน็จณรงค์,120,0.0,0.0,0.0,,,True
1791609300,2026-10-10T05:15:00Z,เกษตรสมบูรณ์,268,0.0,0.0,0.0,,,True
1791609300,2026-10-10T05:15:00Z,หนองบัวแดง,537,0.0,0.0,0.0,,,True
1791609300,2026-10-10T05:15:00Z,ภูเรือ,168,0.0,0.0,0.0,,,True
1791609300,2026-10-10T05:15:00Z,ท่าลี่,171,0.0,0.0,0.0,,,True
1791609300,2026-10-10T05:15:00Z,วชิรบารมี,68,0.0,0.0,0.0,,,True
1791609300,2026-10-10T05:15:00Z,ด่านซ้าย,341,0.0,0.0,0.0,,,True
1791609300,2026-10-10T05:15:00Z,นาแห้ว,153,0.0,0.0,0.0,,,True
1791609300,2026-10-10T05:15:00Z,บึงนาราง,74,0.0,0.0,0.0,,,True
1791609300,2026-10-10T05:15:00Z,เชียงคาน,213,0.0,0.0,0.0,,,True
1791609300,2026-10-10T05:15:00Z,ดงเจริญ,56,0.0,0.0,0.0,,,True
1791609300,2026-10-10T05:15:00Z,ปากชม,240,0.0,0.0,0.0,,,True
1791609300,2026-10-10T05:15:00Z,เมืองเลย,314,0.0,0.0,0.0,,,True
1791609300,2026-10-10T05:15:00Z,นาด้วง,143,0.0,0.0,0.0,,,True
1791609300,2026-10-10T05:15:00Z,สากเหล็ก,45,0.0,0.0,0.0,,,True
1791609300,2026-10-10T05:15:00Z,สามง่าม,89,0.0,0.0,0.0,,,True
1791609300,2026-10-10T05:15:00Z,ทับคล้อ,104,0.0,0.0,0.0,,,True
1791609300,2026-10-10T05:15:00Z,พรหมพิราม,206,0.0,0.0,0.0,,,True
1791609300,2026-10-10T05:15:00Z,ด่านขุนทด,344,0.0,0.0,0.0,,,True
1791609300,2026-10-10T05:15:00Z,วัดโบสถ์,226,0.0,0.0,0.0,,,True
1791609300,2026-10-10T05:15:00Z,บางระกำ,246,0.0,0.0,0.0,,,True
1791609300,2026-10-10T05:15:00Z,บางกระทุ่ม,91,0.0,0.0,0.0,,,True
1791609300,2026-10-10T05:15:00Z,นครไทย,597,0.0,0.0,0.0,,,True
1791609300,2026-10-10T05:15:00Z,ชาติตระการ,415,0.0,0.0,0.0,,,True
1791609300,2026-10-10T05:15:00Z,บ้านเหลื่อม,55,0.0,0.0,0.0,,,True
1791609300,2026-10-10T05:15:00Z,เมืองพิษณุโลก,178,0.0,0.0,0.0,,,True
1791609300,2026-10-10T05:15:00Z,ชุมแสง,145,0.011,0.413,0.0483,,15,True
1791609300,2026-10-10T05:15:00Z,หนองบัว,208,0.0,0.0,0.0,,,True
1791609300,2026-10-10T05:15:00Z,เมืองนครสวรรค์,183,0.01,0.592,0.0383,,75,True
1791609300,2026-10-10T05:15:00Z,โกรกพระ,71,0.0,0.0,0.0,,,True
1791609300,2026-10-10T05:15:00Z,ไพศาลี,244,0.0,0.0,0.0,,,True
1791609300,2026-10-10T05:15:00Z,ตาคลี,206,0.0,0.0,0.0,,,True
1791609300,2026-10-10T05:15:00Z,ท่าตะโก,211,0.0,0.0,0.0,,,True
1791609300,2026-10-10T05:15:00Z,เขาค้อ,207,0.0,0.0,0.0,,,True
1791609300,2026-10-10T05:15:00Z,บรรพตพิสัย,181,0.0,0.0,0.0,,,True
1791609300,2026-10-10T05:15:00Z,เก้าเลี้ยว,57,0.043,0.848,0.1053,75,45,True
1791609300,2026-10-10T05:15:00Z,วังโป่ง,123,0.0,0.0,0.0,,,True
1791609300,2026-10-10T05:15:00Z,บึงสามพัน,194,0.0,0.0,0.0,,,True
1791609300,2026-10-10T05:15:00Z,น้ำหนาว,231,0.0,0.0,0.0,,,True
1791609300,2026-10-10T05:15:00Z,ศรีเทพ,204,0.0,0.0,0.0,,,True
1791609300,2026-10-10T05:15:00Z,หนองไผ่,315,0.0,0.0,0.0,,,True
1791609300,2026-10-10T05:15:00Z,มหาราช,4,0.0,0.0,0.0,,,False
1791609300,2026-10-10T05:15:00Z,บ้านแพรก,10,0.0,0.0,0.0,,,True
1791609300,2026-10-10T05:15:00Z,บางมูลนาก,99,0.0,0.0,0.0,,,True
1791609300,2026-10-10T05:15:00Z,โพทะเล,131,0.0,0.0,0.0,,,True
1791609300,2026-10-10T05:15:00Z,โพธิ์ประทับช้าง,102,0.0,0.0,0.0,,,True
1791609300,2026-10-10T05:15:00Z,ตะพานหิน,109,0.0,0.0,0.0,,,True
1791609300,2026-10-10T05:15:00Z,เมืองพิจิตร,138,0.0,0.0,0.0,,,True
1791609300,2026-10-10T05:15:00Z,วังทรายพูน,66,0.0,0.0,0.0,,,True
1791610200,2026-10-10T05:30:00Z,พิชัย,176,0.0,0.0,0.0,,,True
1791610200,2026-10-10T05:30:00Z,ลับแล,116,0.0,0.0,0.0,,,True
1791610200,2026-10-10T05:30:00Z,ฟากท่า,163,0.0,0.0,0.0,,,True
1791610200,2026-10-10T05:30:00Z,บ้านโคก,247,0.014,0.288,0.0891,,90,True
1791610200,2026-10-10T05:30:00Z,ท่าปลา,442,0.0,0.0,0.0,,,True
1791610200,2026-10-10T05:30:00Z,น้ำปาด,363,0.0,0.0,0.0,,,True
1791610200,2026-10-10T05:30:00Z,เมืองอุตรดิตถ์,202,0.0,0.0,0.0,,,True
1791610200,2026-10-10T05:30:00Z,ตรอน,80,0.0,0.0,0.0,,,True
1791610200,2026-10-10T05:30:00Z,หล่มเก่า,246,0.0,0.0,0.0,,,True
1791610200,2026-10-10T05:30:00Z,วิเชียรบุรี,377,0.0,0.0,0.0,,,True
1791610200,2026-10-10T05:30:00Z,ชนแดน,279,0.0,0.0,0.0,,,True
1791610200,2026-10-10T05:30:00Z,หล่มสัก,350,0.0,0.0,0.0,,,True
1791610200,2026-10-10T05:30:00Z,เมืองเพชรบูรณ์,571,0.0,0.0,0.0,,,True
1791610200,2026-10-10T05:30:00Z,ทองแสนขัน,185,0.0,0.0,0.0,,,True
1791610200,2026-10-10T05:30:00Z,บึงสามัคคี,71,0.0,0.0,0.0,,,True
1791610200,2026-10-10T05:30:00Z,โกสัมพีนคร,137,0.0,0.0,0.0,,,True
1791610200,2026-10-10T05:30:00Z,สอง,380,0.0,0.0,0.0,,,True
1791610200,2026-10-10T05:30:00Z,วังชิ้น,255,0.0,0.0,0.0,,,True
1791610200,2026-10-10T05:30:00Z,สูงเม่น,88,0.021,0.413,0.125,120,90,True
1791610200,2026-10-10T05:30:00Z,เด่นชัย,135,0.004,0.098,0.037,,105,True
1791610200,2026-10-10T05:30:00Z,ร้องกวาง,221,0.046,0.592,0.1991,60,30,True
1791610200,2026-10-10T05:30:00Z,ลอง,317,0.0,0.0,0.0,,,True
1791610200,2026-10-10T05:30:00Z,เมืองแพร่,205,0.056,0.592,0.2439,90,30,True
1791610200,2026-10-10T05:30:00Z,ทัพทัน,94,0.003,0.098,0.0319,,120,True
1791610200,2026-10-10T05:30:00Z,สว่างอารมณ์,110,0.0,0.0,0.0,,,True
1791610200,2026-10-10T05:30:00Z,เมืองอุทัยธานี,59,0.0,0.0,0.0,,,True
1791610200,2026-10-10T05:30:00Z,ห้วยคต,94,0.007,0.098,0.0745,,15,True
1791610200,2026-10-10T05:30:00Z,ศรีสวัสดิ์,440,0.008,0.592,0.0455,,15,True
1791610200,2026-10-10T05:30:00Z,บ้านไร่,821,0.008,0.592,0.0572,,15,True
1791610200,2026-10-10T05:30:00Z,ลานสัก,360,0.014,0.848,0.05,,15,True
1791610200,2026-10-10T05:30:00Z,หนองฉาง,89,0.0,0.0,0.0,,,True
1791610200,2026-10-10T05:30:00Z,หนองขาหย่าง,43,0.0,0.0,0.0,,,True
1791610200,2026-10-10T05:30:00Z,เชียงม่วน,82,0.0,0.0,0.0,,,True
1791610200,2026-10-10T05:30:00Z,ดอกคำใต้,37,0.0,0.0,0.0,,,True
1791610200,2026-10-10T05:30:00Z,เมืองพะเยา,6,0.0,0.0,0.0,,,True
1791610200,2026-10-10T05:30:00Z,ทองผาภูมิ,851,0.0,0.0,0.0,,,True
1791610200,2026-10-10T05:30:00Z,สังขละบุรี,793,0.0,0.0,0.0,,,True
1791610200,2026-10-10T05:30:00Z,หนองม่วงไข่,35,0.0,0.0,0.0,,,True
1791610200,2026-10-10T05:30:00Z,ภูเวียง,81,0.0,0.0,0.0,,,True
1791610200,2026-10-10T05:30:00Z,มัญจาคีรี,50,0.0,0.0,0.0,,,True
1791610200,2026-10-10T05:30:00Z,หนองปรือ,104,0.001,0.098,0.0096,,30,True
1791610200,2026-10-10T05:30:00Z,เลาขวัญ,123,0.0,0.0,0.0,,,True
1791610200,2026-10-10T05:30:00Z,หนองนาคำ,43,0.0,0.0,0.0,,,True
1791610200,2026-10-10T05:30:00Z,โคกโพธิ์ไชย,65,0.0,0.0,0.0,,,True
1791610200,2026-10-10T05:30:00Z,บ้านหลวง,91,0.0,0.0,0.0,,,True
1791610200,2026-10-10T05:30:00Z,นาน้อย,266,0.013,0.592,0.0564,,15,True
1791610200,2026-10-10T05:30:00Z,ภูผาม่าน,74,0.0,0.0,0.0,,,True
1791610200,2026-10-10T05:30:00Z,เมืองน่าน,161,0.0,0.0,0.0,,,True
1791610200,2026-10-10T05:30:00Z,แม่จริม,262,0.0,0.0,0.0,,,True
1791610200,2026-10-10T05:30:00Z,เวียงเก่า,78,0.0,0.0,0.0,,,True
1791610200,2026-10-10T05:30:00Z,เมืองกำแพงเพชร,368,0.011,0.788,0.0625,,15,True
1791610200,2026-10-10T05:30:00Z,ไทรงาม,133,0.0,0.0,0.0,,,True
1791610200,2026-10-10T05:30:00Z,ปางศิลาทอง,186,0.024,0.848,0.086,,60,True
1791610200,2026-10-10T05:30:00Z,ลานกระบือ,103,0.0,0.0,0.0,,,True
1791610200,2026-10-10T05:30:00Z,ทรายทองวัฒนา,53,0.0,0.0,0.0,,,True
1791610200,2026-10-10T05:30:00Z,คลองขลุง,179,0.0,0.0,0.0,,,True
1791610200,2026-10-10T05:30:00Z,พรานกระต่าย,252,0.0,0.0,0.0,,,True
1791610200,2026-10-10T05:30:00Z,คลองลาน,363,0.115,2.496,0.3113,30,15,True
1791610200,2026-10-10T05:30:00Z,ขาณุวรลักษบุรี,296,0.0,0.0,0.0,,,True
1791610200,2026-10-10T05:30:00Z,ภูเพียง,113,0.0,0.0,0.0,,,True
1791610200,2026-10-10T05:30:00Z,นาหมื่น,245,0.009,0.592,0.0367,,15,True
1791610200,2026-10-10T05:30:00Z,เวียงสา,543,0.001,0.098,0.011,,15,True
1791610200,2026-10-10T05:30:00Z,น้ำโสม,153,0.0,0.0,0.0,,,True
1791610200,2026-10-10T05:30:00Z,นายูง,126,0.0,0.0,0.0,,,True
1791610200,2026-10-10T05:30:00Z,ชุมแพ,173,0.0,0.0,0.0,,,True
1791610200,2026-10-10T05:30:00Z,สีชมพู,132,0.0,0.0,0.0,,,True
1791610200,2026-10-10T05:30:00Z,สุวรรณคูหา,140,0.0,0.0,0.0,,,True
1791610200,2026-10-10T05:30:00Z,นาวัง,65,0.0,0.0,0.0,,,True
1791610200,2026-10-10T05:30:00Z,หนองเรือ,80,0.0,0.0,0.0,,,True
1791610200,2026-10-10T05:30:00Z,โนนสัง,51,0.0,0.0,0.0,,,True
1791610200,2026-10-10T05:30:00Z,ศรีบุญเรือง,224,0.0,0.0,0.0,,,True
1791610200,2026-10-10T05:30:00Z,เมืองหนองบัวลำภู,217,0.0,0.0,0.0,,,True
1791610200,2026-10-10T05:30:00Z,นากลาง,173,0.0,0.0,0.0,,,True
1791610200,2026-10-10T05:30:00Z,ทุ่งเสลี่ยม,144,0.0,0.0,0.0,,,True
1791610200,2026-10-10T05:30:00Z,ดอยหล่อ,56,0.0,0.0,0.0,,,True
1791610200,2026-10-10T05:30:00Z,เมืองตาก,486,0.0,0.0,0.0,,,True
1791610200,2026-10-10T05:30:00Z,แม่ออน,116,0.0,0.0,0.0,,,True
1791610200,2026-10-10T05:30:00Z,อุ้มผาง,1209,0.014,1.742,0.0447,,30,True
1791610200,2026-10-10T05:30:00Z,วังเจ้า,183,0.0,0.0,0.0,,,True
1791610200,2026-10-10T05:30:00Z,แม่สอด,398,0.004,0.098,0.0377,,15,True
1791610200,2026-10-10T05:30:00Z,พบพระ,249,0.0,0.0,0.0,,,True
1791610200,2026-10-10T05:30:00Z,แม่ระมาด,380,0.001,0.098,0.0053,,45,True
1791610200,2026-10-10T05:30:00Z,ท่าสองยาง,401,0.0,0.0,0.0,,,True
1791610200,2026-10-10T05:30:00Z,บ้านตาก,255,0.0,0.0,0.0,,,True
1791610200,2026-10-10T05:30:00Z,สามเงา,698,0.004,0.592,0.0244,,60,True
1791610200,2026-10-10T05:30:00Z,จอมทอง,280,0.0,0.0,0.0,,,True
1791610200,2026-10-10T05:30:00Z,แก้งสนามนาง,79,0.0,0.0,0.0,,,True
1791610200,2026-10-10T05:30:00Z,สีคิ้ว,292,0.0,0.0,0.0,,,True
1791610200,2026-10-10T05:30:00Z,พระทองคำ,90,0.0,0.0,0.0,,,True
1791610200,2026-10-10T05:30:00Z,เทพารักษ์,92,0.0,0.0,0.0,,,True
1791610200,2026-10-10T05:30:00Z,สันกำแพง,65,0.0,0.0,0.0,,,True
1791610200,2026-10-10T05:30:00Z,สันป่าตอง,44,0.0,0.0,0.0,,,True
1791610200,2026-10-10T05:30:00Z,ดอยเต่า,213,0.0,0.0,0.0,,,True
1791610200,2026-10-10T05:30:00Z,อมก๋อย,704,0.003,0.592,0.0085,,105,True
1791610200,2026-10-10T05:30:00Z,ฮอด,378,0.0,0.0,0.0,,,True
1791610200,2026-10-10T05:30:00Z,เมืองลำพูน,117,0.0,0.0,0.0,,,True
1791610200,2026-10-10T05:30:00Z,แม่ทา,192,0.0,0.0,0.0,,,True
1791610200,2026-10-10T05:30:00Z,บ้านธิ,34,0.0,0.0,0.0,,,True
1791610200,2026-10-10T05:30:00Z,บ้านหมอ,24,0.0,0.0,0.0,,,True
1791610200,2026-10-10T05:30:00Z,เวียงหนองล่อง,14,0.0,0.0,0.0,,,True
1791610200,2026-10-10T05:30:00Z,ทุ่งหัวช้าง,113,0.0,0.0,0.0,,,True
1791610200,2026-10-10T05:30:00Z,ป่าซาง,74,0.0,0.0,0.0,,,True
1791610200,2026-10-10T05:30:00Z,บ้านโฮ่ง,124,0.0,0.0,0.0,,,True
1791610200,2026-10-10T05:30:00Z,แก่งคอย,73,0.0,0.0,0.0,,,True
1791610200,2026-10-10T05:30:00Z,ลี้,454,0.007,0.413,0.033,,15,True
1791610200,2026-10-10T05:30:00Z,พระพุทธบาท,55,0.0,0.0,0.0,,,True
1791610200,2026-10-10T05:30:00Z,ดอนพุด,7,0.0,0.0,0.0,,,True
1791610200,2026-10-10T05:30:00Z,หนองโดน,31,0.0,0.0,0.0,,,True
1791610200,2026-10-10T05:30:00Z,เมืองลำปาง,300,0.0,0.0,0.0,,,True
1791610200,2026-10-10T05:30:00Z,เถิน,443,0.0,0.0,0.0,,,True
1791610200,2026-10-10T05:30:00Z,แม่พริก,167,0.001,0.098,0.006,,30,True
1791610200,2026-10-10T05:30:00Z,แจ้ห่ม,274,0.0,0.0,0.0,,,True
1791610200,2026-10-10T05:30:00Z,แม่เปิน,85,0.037,0.592,0.1059,75,60,True
1791610200,2026-10-10T05:30:00Z,เสริมงาม,185,0.0,0.0,0.0,,,True
1791610200,2026-10-10T05:30:00Z,ชุมตาบง,61,0.053,0.848,0.1148,45,30,True
1791610200,2026-10-10T05:30:00Z,งาว,344,0.0,0.0,0.0,,,True
1791610200,2026-10-10T05:30:00Z,ตากฟ้า,125,0.0,0.0,0.0,,,True
1791610200,2026-10-10T05:30:00Z,แม่เมาะ,283,0.0,0.0,0.0,,,True
1791610200,2026-10-10T05:30:00Z,แม่วงก์,257,0.005,0.592,0.0156,,15,True
1791610200,2026-10-10T05:30:00Z,เกาะคา,128,0.0,0.0,0.0,,,True
1791610200,2026-10-10T05:30:00Z,พยุหะคีรี,169,0.001,0.098,0.0059,,60,True
1791610200,2026-10-10T05:30:00Z,ลาดยาว,187,0.007,0.848,0.0214,,15,True
1791610200,2026-10-10T05:30:00Z,สบปราบ,125,0.0,0.0,0.0,,,True
1791610200,2026-10-10T05:30:00Z,ห้างฉัตร,154,0.0,0.0,0.0,,,True
1791610200,2026-10-10T05:30:00Z,แม่ทะ,203,0.0,0.0,0.0,,,True
1791610200,2026-10-10T05:30:00Z,เมืองปาน,202,0.0,0.0,0.0,,,True
1791610200,2026-10-10T05:30:00Z,เมืองอ่างทอง,6,0.0,0.0,0.0,,,True
1791610200,2026-10-10T05:30:00Z,ไชโย,20,0.0,0.0,0.0,,,True
1791610200,2026-10-10T05:30:00Z,สามโก้,10,0.0,0.0,0.0,,,True
1791610200,2026-10-10T05:30:00Z,แสวงหา,43,0.0,0.0,0.0,,,True
1791610200,2026-10-10T05:30:00Z,วิเศษชัยชาญ,7,0.0,0.0,0.0,,,True
1791610200,2026-10-10T05:30:00Z,โพธิ์ทอง,48,0.0,0.0,0.0,,,True
1791610200,2026-10-10T05:30:00Z,เมืองลพบุรี,190,0.0,0.0,0.0,,,True
1791610200,2026-10-10T05:30:00Z,เดิมบางนางบวช,130,0.0,0.0,0.0,,,True
1791610200,2026-10-10T05:30:00Z,ด่านช้าง,309,0.003,0.413,0.0162,,15,True
1791610200,2026-10-10T05:30:00Z,หนองม่วง,111,0.0,0.0,0.0,,,True
1791610200,2026-10-10T05:30:00Z,ลำสนธิ,136,0.0,0.0,0.0,,,True
1791610200,2026-10-10T05:30:00Z,สามชุก,77,0.0,0.0,0.0,,,True
1791610200,2026-10-10T05:30:00Z,ดอนเจดีย์,72,0.0,0.0,0.0,,,True
1791610200,2026-10-10T05:30:00Z,สระโบสถ์,83,0.0,0.0,0.0,,,True
1791610200,2026-10-10T05:30:00Z,ศรีประจันต์,41,0.0,0.0,0.0,,,True
1791610200,2026-10-10T05:30:00Z,โคกเจริญ,135,0.0,0.0,0.0,,,True
1791610200,2026-10-10T05:30:00Z,บ้านหมี่,136,0.0,0.0,0.0,,,True
1791610200,2026-10-10T05:30:00Z,ท่าหลวง,100,0.0,0.0,0.0,,,True
1791610200,2026-10-10T05:30:00Z,ชัยบาดาล,280,0.0,0.0,0.0,,,True
1791610200,2026-10-10T05:30:00Z,ท่าวุ้ง,64,0.0,0.0,0.0,,,True
1791610200,2026-10-10T05:30:00Z,พัฒนานิคม,217,0.0,0.0,0.0,,,True
1791610200,2026-10-10T05:30:00Z,โคกสำโรง,180,0.0,0.0,0.0,,,True
1791610200,2026-10-10T05:30:00Z,หนองหญ้าไซ,108,0.0,0.0,0.0,,,True
1791610200,2026-10-10T05:30:00Z,ท่าช้าง,11,0.0,0.0,0.0,,,True
1791610200,2026-10-10T05:30:00Z,อินทร์บุรี,66,0.0,0.0,0.0,,,True
1791610200,2026-10-10T05:30:00Z,ค่ายบางระจัน,26,0.0,0.0,0.0,,,True
1791610200,2026-10-10T05:30:00Z,พรหมบุรี,19,0.0,0.0,0.0,,,True
1791610200,2026-10-10T05:30:00Z,เนินสง่า,65,0.0,0.0,0.0,,,True
1791610200,2026-10-10T05:30:00Z,เมืองสิงห์บุรี,31,0.0,0.0,0.0,,,True
1791610200,2026-10-10T05:30:00Z,ซับใหญ่,72,0.0,0.0,0.0,,,True
1791610200,2026-10-10T05:30:00Z,บางระจัน,46,0.0,0.0,0.0,,,True
1791610200,2026-10-10T05:30:00Z,ภูกระดึง,190,0.0,0.0,0.0,,,True
1791610200,2026-10-10T05:30:00Z,ภูหลวง,145,0.0,0.0,0.0,,,True
1791610200,2026-10-10T05:30:00Z,หนองหิน,78,0.0,0.0,0.0,,,True
1791610200,2026-10-10T05:30:00Z,ผาขาว,100,0.0,0.0,0.0,,,True
1791610200,2026-10-10T05:30:00Z,เอราวัณ,87,0.0,0.0,0.0,,,True
1791610200,2026-10-10T05:30:00Z,วังสะพุง,281,0.0,0.0,0.0,,,True
1791610200,2026-10-10T05:30:00Z,วังม่วง,70,0.0,0.0,0.0,,,True
1791610200,2026-10-10T05:30:00Z,เฉลิมพระเกียรติ,35,0.0,0.0,0.0,,,True
1791610200,2026-10-10T05:30:00Z,มวกเหล็ก,175,0.0,0.0,0.0,,,True
1791610200,2026-10-10T05:30:00Z,บ้านเขว้า,124,0.0,0.0,0.0,,,True
1791610200,2026-10-10T05:30:00Z,คอนสวรรค์,113,0.0,0.0,0.0,,,True
1791610200,2026-10-10T05:30:00Z,เมืองชัยภูมิ,358,0.0,0.0,0.0,,,True
1791610200,2026-10-10T05:30:00Z,วังทอง,425,0.0,0.0,0.0,,,True
1791610200,2026-10-10T05:30:00Z,เนินมะปราง,276,0.0,0.0,0.0,,,True
1791610200,2026-10-10T05:30:00Z,สวรรคโลก,156,0.0,0.0,0.0,,,True
1791610200,2026-10-10T05:30:00Z,ศรีนคร,46,0.0,0.0,0.0,,,True
1791610200,2026-10-10T05:30:00Z,หันคา,139,0.0,0.0,0.0,,,True
1791610200,2026-10-10T05:30:00Z,ศรีสัชนาลัย,534,0.0,0.0,0.0,,,True
1791610200,2026-10-10T05:30:00Z,หนองมะโมง,76,0.0,0.0,0.0,,,True
1791610200,2026-10-10T05:30:00Z,ศรีสำโรง,142,0.0,0.0,0.0,,,True
1791610200,2026-10-10T05:30:00Z,สรรพยา,55,0.0,0.0,0.0,,,True
1791610200,2026-10-10T05:30:00Z,คีรีมาศ,171,0.0,0.0,0.0,,,True
1791610200,2026-10-10T05:30:00Z,สรรคบุรี,89,0.0,0.0,0.0,,,True
1791610200,2026-10-10T05:30:00Z,กงไกรลาศ,108,0.0,0.0,0.0,,,True
1791610200,2026-10-10T05:30:00Z,มโนรมย์,66,0.0,0.0,0.0,,,True
1791610200,2026-10-10T05:30:00Z,เมืองสุโขทัย,136,0.0,0.0,0.0,,,True
1791610200,2026-10-10T05:30:00Z,วัดสิงห์,67,0.0,0.0,0.0,,,True
1791610200,2026-10-10T05:30:00Z,บ้านด่านลานหอย,231,0.0,0.0,0.0,,,True
1791610200,2026-10-10T05:30:00Z,เมืองชัยนาท,70,0.0,0.0,0.0,,,True
1791610200,2026-10-10T05:30:00Z,เนินขาม,65,0.0,0.0,0.0,,,True
1791610200,2026-10-10T05:30:00Z,คอนสาร,334,0.0,0.0,0.0,,,True
1791610200,2026-10-10T05:30:00Z,ภักดีชุมพล,154,0.0,0.0,0.0,,,True
1791610200,2026-10-10T05:30:00Z,บ้านแท่น,76,0.0,0.0,0.0,,,True
1791610200,2026-10-10T05:30:00Z,แก้งคร้อ,168,0.0,0.0,0.0,,,True
1791610200,2026-10-10T05:30:00Z,ภูเขียว,201,0.0,0.0,0.0,,,True
1791610200,2026-10-10T05:30:00Z,หนองบัวระเหว,179,0.0,0.0,0.0,,,True
1791610200,2026-10-10T05:30:00Z,เทพสถิต,239,0.0,0.0,0.0,,,True
1791610200,2026-10-10T05:30:00Z,จัตุรัส,172,0.0,0.0,0.0,,,True
1791610200,2026-10-10T05:30:00Z,บำเหน็จณรงค์,120,0.0,0.0,0.0,,,True
1791610200,2026-10-10T05:30:00Z,เกษตรสมบูรณ์,268,0.0,0.0,0.0,,,True
1791610200,2026-10-10T05:30:00Z,หนองบัวแดง,537,0.0,0.0,0.0,,,True
1791610200,2026-10-10T05:30:00Z,ภูเรือ,168,0.0,0.0,0.0,,,True
1791610200,2026-10-10T05:30:00Z,ท่าลี่,171,0.0,0.0,0.0,,,True
1791610200,2026-10-10T05:30:00Z,วชิรบารมี,68,0.0,0.0,0.0,,,True
1791610200,2026-10-10T05:30:00Z,ด่านซ้าย,341,0.0,0.0,0.0,,,True
1791610200,2026-10-10T05:30:00Z,นาแห้ว,153,0.0,0.0,0.0,,,True
1791610200,2026-10-10T05:30:00Z,บึงนาราง,74,0.0,0.0,0.0,,,True
1791610200,2026-10-10T05:30:00Z,เชียงคาน,213,0.0,0.0,0.0,,,True
1791610200,2026-10-10T05:30:00Z,ดงเจริญ,56,0.0,0.0,0.0,,,True
1791610200,2026-10-10T05:30:00Z,ปากชม,240,0.0,0.0,0.0,,,True
1791610200,2026-10-10T05:30:00Z,เมืองเลย,314,0.0,0.0,0.0,,,True
1791610200,2026-10-10T05:30:00Z,นาด้วง,143,0.0,0.0,0.0,,,True
1791610200,2026-10-10T05:30:00Z,สากเหล็ก,45,0.0,0.0,0.0,,,True
1791610200,2026-10-10T05:30:00Z,สามง่าม,89,0.0,0.0,0.0,,,True
1791610200,2026-10-10T05:30:00Z,ทับคล้อ,104,0.0,0.0,0.0,,,True
1791610200,2026-10-10T05:30:00Z,พรหมพิราม,206,0.0,0.0,0.0,,,True
1791610200,2026-10-10T05:30:00Z,ด่านขุนทด,344,0.0,0.0,0.0,,,True
1791610200,2026-10-10T05:30:00Z,วัดโบสถ์,226,0.0,0.0,0.0,,,True
1791610200,2026-10-10T05:30:00Z,บางระกำ,246,0.0,0.0,0.0,,,True
1791610200,2026-10-10T05:30:00Z,บางกระทุ่ม,91,0.0,0.0,0.0,,,True
1791610200,2026-10-10T05:30:00Z,นครไทย,597,0.0,0.0,0.0,,,True
1791610200,2026-10-10T05:30:00Z,ชาติตระการ,415,0.0,0.0,0.0,,,True
1791610200,2026-10-10T05:30:00Z,บ้านเหลื่อม,55,0.0,0.0,0.0,,,True
1791610200,2026-10-10T05:30:00Z,เมืองพิษณุโลก,178,0.0,0.0,0.0,,,True
1791610200,2026-10-10T05:30:00Z,ชุมแสง,145,0.002,0.098,0.0207,,15,True
1791610200,2026-10-10T05:30:00Z,หนองบัว,208,0.0,0.0,0.0,,,True
1791610200,2026-10-10T05:30:00Z,เมืองนครสวรรค์,183,0.002,0.098,0.0164,,30,True
1791610200,2026-10-10T05:30:00Z,โกรกพระ,71,0.011,0.288,0.0704,,75,True
1791610200,2026-10-10T05:30:00Z,ไพศาลี,244,0.0,0.0,0.0,,,True
1791610200,2026-10-10T05:30:00Z,ตาคลี,206,0.0,0.0,0.0,,,True
1791610200,2026-10-10T05:30:00Z,ท่าตะโก,211,0.001,0.201,0.0047,,15,True
1791610200,2026-10-10T05:30:00Z,เขาค้อ,207,0.0,0.0,0.0,,,True
1791610200,2026-10-10T05:30:00Z,บรรพตพิสัย,181,0.0,0.0,0.0,,,True
1791610200,2026-10-10T05:30:00Z,เก้าเลี้ยว,57,0.002,0.098,0.0175,,60,True
1791610200,2026-10-10T05:30:00Z,วังโป่ง,123,0.0,0.0,0.0,,,True
1791610200,2026-10-10T05:30:00Z,บึงสามพัน,194,0.0,0.0,0.0,,,True
1791610200,2026-10-10T05:30:00Z,น้ำหนาว,231,0.0,0.0,0.0,,,True
1791610200,2026-10-10T05:30:00Z,ศรีเทพ,204,0.0,0.0,0.0,,,True
1791610200,2026-10-10T05:30:00Z,หนองไผ่,315,0.0,0.0,0.0,,,True
1791610200,2026-10-10T05:30:00Z,มหาราช,4,0.0,0.0,0.0,,,False
1791610200,2026-10-10T05:30:00Z,บ้านแพรก,10,0.0,0.0,0.0,,,True
1791610200,2026-10-10T05:30:00Z,บางมูลนาก,99,0.0,0.0,0.0,,,True
1791610200,2026-10-10T05:30:00Z,โพทะเล,131,0.0,0.0,0.0,,,True
1791610200,2026-10-10T05:30:00Z,โพธิ์ประทับช้าง,102,0.0,0.0,0.0,,,True
1791610200,2026-10-10T05:30:00Z,ตะพานหิน,109,0.0,0.0,0.0,,,True
1791610200,2026-10-10T05:30:00Z,เมืองพิจิตร,138,0.0,0.0,0.0,,,True
1791610200,2026-10-10T05:30:00Z,วังทรายพูน,66,0.0,0.0,0.0,,,True
1791611100,2026-10-10T05:45:00Z,พิชัย,176,0.0,0.0,0.0,,,True
1791611100,2026-10-10T05:45:00Z,ลับแล,116,0.0,0.0,0.0,,,True
1791611100,2026-10-10T05:45:00Z,ฟากท่า,163,0.005,0.201,0.0491,,120,True
1791611100,2026-10-10T05:45:00Z,บ้านโคก,247,0.018,0.288,0.1255,105,75,True
1791611100,2026-10-10T05:45:00Z,ท่าปลา,442,0.0,0.0,0.0,,,True
1791611100,2026-10-10T05:45:00Z,น้ำปาด,363,0.0,0.0,0.0,,,True
1791611100,2026-10-10T05:45:00Z,เมืองอุตรดิตถ์,202,0.0,0.0,0.0,,,True
1791611100,2026-10-10T05:45:00Z,ตรอน,80,0.0,0.0,0.0,,,True
1791611100,2026-10-10T05:45:00Z,หล่มเก่า,246,0.0,0.0,0.0,,,True
1791611100,2026-10-10T05:45:00Z,วิเชียรบุรี,377,0.0,0.0,0.0,,,True
1791611100,2026-10-10T05:45:00Z,ชนแดน,279,0.0,0.0,0.0,,,True
1791611100,2026-10-10T05:45:00Z,หล่มสัก,350,0.0,0.0,0.0,,,True
1791611100,2026-10-10T05:45:00Z,เมืองเพชรบูรณ์,571,0.0,0.0,0.0,,,True
1791611100,2026-10-10T05:45:00Z,ทองแสนขัน,185,0.0,0.0,0.0,,,True
1791611100,2026-10-10T05:45:00Z,บึงสามัคคี,71,0.0,0.0,0.0,,,True
1791611100,2026-10-10T05:45:00Z,โกสัมพีนคร,137,0.002,0.201,0.0146,,45,True
1791611100,2026-10-10T05:45:00Z,สอง,380,0.006,0.413,0.0316,,15,True
1791611100,2026-10-10T05:45:00Z,วังชิ้น,255,0.0,0.0,0.0,,,True
1791611100,2026-10-10T05:45:00Z,สูงเม่น,88,0.056,0.592,0.2841,90,75,True
1791611100,2026-10-10T05:45:00Z,เด่นชัย,135,0.004,0.413,0.0148,,120,True
1791611100,2026-10-10T05:45:00Z,ร้องกวาง,221,0.051,0.413,0.2805,30,15,True
1791611100,2026-10-10T05:45:00Z,ลอง,317,0.005,0.288,0.0347,,120,True
1791611100,2026-10-10T05:45:00Z,เมืองแพร่,205,0.078,0.413,0.3951,60,30,True
1791611100,2026-10-10T05:45:00Z,ทัพทัน,94,0.002,0.098,0.0213,,75,True
1791611100,2026-10-10T05:45:00Z,สว่างอารมณ์,110,0.006,0.098,0.0636,,45,True
1791611100,2026-10-10T05:45:00Z,เมืองอุทัยธานี,59,0.0,0.0,0.0,,,True
1791611100,2026-10-10T05:45:00Z,ห้วยคต,94,0.045,0.592,0.1915,30,15,True
1791611100,2026-10-10T05:45:00Z,ศรีสวัสดิ์,440,0.02,0.848,0.0727,,15,True
1791611100,2026-10-10T05:45:00Z,บ้านไร่,821,0.028,0.848,0.1145,120,15,True
1791611100,2026-10-10T05:45:00Z,ลานสัก,360,0.022,0.848,0.0639,,75,True
1791611100,2026-10-10T05:45:00Z,หนองฉาง,89,0.0,0.0,0.0,,,True
1791611100,2026-10-10T05:45:00Z,หนองขาหย่าง,43,0.0,0.0,0.0,,,True
1791611100,2026-10-10T05:45:00Z,เชียงม่วน,82,0.0,0.0,0.0,,,True
1791611100,2026-10-10T05:45:00Z,ดอกคำใต้,37,0.0,0.0,0.0,,,True
1791611100,2026-10-10T05:45:00Z,เมืองพะเยา,6,0.0,0.0,0.0,,,True
1791611100,2026-10-10T05:45:00Z,ทองผาภูมิ,851,0.0,0.098,0.0024,,105,True
1791611100,2026-10-10T05:45:00Z,สังขละบุรี,793,0.0,0.0,0.0,,,True
1791611100,2026-10-10T05:45:00Z,หนองม่วงไข่,35,0.039,0.288,0.2286,90,75,True
1791611100,2026-10-10T05:45:00Z,ภูเวียง,81,0.0,0.0,0.0,,,True
1791611100,2026-10-10T05:45:00Z,มัญจาคีรี,50,0.0,0.0,0.0,,,True
1791611100,2026-10-10T05:45:00Z,หนองปรือ,104,0.0,0.0,0.0,,,True
1791611100,2026-10-10T05:45:00Z,เลาขวัญ,123,0.0,0.0,0.0,,,True
1791611100,2026-10-10T05:45:00Z,หนองนาคำ,43,0.0,0.0,0.0,,,True
1791611100,2026-10-10T05:45:00Z,โคกโพธิ์ไชย,65,0.0,0.0,0.0,,,True
1791611100,2026-10-10T05:45:00Z,บ้านหลวง,91,0.0,0.0,0.0,,,True
1791611100,2026-10-10T05:45:00Z,นาน้อย,266,0.008,0.288,0.0414,,15,True
1791611100,2026-10-10T05:45:00Z,ภูผาม่าน,74,0.0,0.0,0.0,,,True
1791611100,2026-10-10T05:45:00Z,เมืองน่าน,161,0.0,0.0,0.0,,,True
1791611100,2026-10-10T05:45:00Z,แม่จริม,262,0.0,0.0,0.0,,,True
1791611100,2026-10-10T05:45:00Z,เวียงเก่า,78,0.0,0.0,0.0,,,True
1791611100,2026-10-10T05:45:00Z,เมืองกำแพงเพชร,368,0.01,1.314,0.0217,,15,True
1791611100,2026-10-10T05:45:00Z,ไทรงาม,133,0.0,0.0,0.0,,,True
1791611100,2026-10-10T05:45:00Z,ปางศิลาทอง,186,0.011,0.592,0.0484,,45,True
1791611100,2026-10-10T05:45:00Z,ลานกระบือ,103,0.0,0.0,0.0,,,True
1791611100,2026-10-10T05:45:00Z,ทรายทองวัฒนา,53,0.0,0.0,0.0,,,True
1791611100,2026-10-10T05:45:00Z,คลองขลุง,179,0.0,0.0,0.0,,,True
1791611100,2026-10-10T05:45:00Z,พรานกระต่าย,252,0.002,0.098,0.0159,,90,True
1791611100,2026-10-10T05:45:00Z,คลองลาน,363,0.099,1.84,0.2645,30,15,True
1791611100,2026-10-10T05:45:00Z,ขาณุวรลักษบุรี,296,0.0,0.0,0.0,,,True
1791611100,2026-10-10T05:45:00Z,ภูเพียง,113,0.0,0.0,0.0,,,True
1791611100,2026-10-10T05:45:00Z,นาหมื่น,245,0.008,0.413,0.0408,,15,True
1791611100,2026-10-10T05:45:00Z,เวียงสา,543,0.0,0.0,0.0,,,True
1791611100,2026-10-10T05:45:00Z,น้ำโสม,153,0.0,0.0,0.0,,,True
1791611100,2026-10-10T05:45:00Z,นายูง,126,0.0,0.0,0.0,,,True
1791611100,2026-10-10T05:45:00Z,ชุมแพ,173,0.0,0.0,0.0,,,True
1791611100,2026-10-10T05:45:00Z,สีชมพู,132,0.0,0.0,0.0,,,True
1791611100,2026-10-10T05:45:00Z,สุวรรณคูหา,140,0.0,0.0,0.0,,,True
1791611100,2026-10-10T05:45:00Z,นาวัง,65,0.0,0.0,0.0,,,True
1791611100,2026-10-10T05:45:00Z,หนองเรือ,80,0.0,0.0,0.0,,,True
1791611100,2026-10-10T05:45:00Z,โนนสัง,51,0.0,0.0,0.0,,,True
1791611100,2026-10-10T05:45:00Z,ศรีบุญเรือง,224,0.0,0.0,0.0,,,True
1791611100,2026-10-10T05:45:00Z,เมืองหนองบัวลำภู,217,0.0,0.0,0.0,,,True
1791611100,2026-10-10T05:45:00Z,นากลาง,173,0.0,0.0,0.0,,,True
1791611100,2026-10-10T05:45:00Z,ทุ่งเสลี่ยม,144,0.0,0.0,0.0,,,True
1791611100,2026-10-10T05:45:00Z,ดอยหล่อ,56,0.0,0.0,0.0,,,True
1791611100,2026-10-10T05:45:00Z,เมืองตาก,486,0.0,0.0,0.0,,,True
1791611100,2026-10-10T05:45:00Z,แม่ออน,116,0.0,0.0,0.0,,,True
1791611100,2026-10-10T05:45:00Z,อุ้มผาง,1209,0.017,1.314,0.0529,,60,True
1791611100,2026-10-10T05:45:00Z,วังเจ้า,183,0.003,0.098,0.0328,,15,True
1791611100,2026-10-10T05:45:00Z,แม่สอด,398,0.0,0.0,0.0,,,True
1791611100,2026-10-10T05:45:00Z,พบพระ,249,0.009,0.848,0.0522,,60,True
1791611100,2026-10-10T05:45:00Z,แม่ระมาด,380,0.001,0.098,0.0079,,45,True
1791611100,2026-10-10T05:45:00Z,ท่าสองยาง,401,0.0,0.0,0.0,,,True
1791611100,2026-10-10T05:45:00Z,บ้านตาก,255,0.0,0.0,0.0,,,True
1791611100,2026-10-10T05:45:00Z,สามเงา,698,0.001,0.201,0.0115,,45,True
1791611100,2026-10-10T05:45:00Z,จอมทอง,280,0.0,0.0,0.0,,,True
1791611100,2026-10-10T05:45:00Z,แก้งสนามนาง,79,0.0,0.0,0.0,,,True
1791611100,2026-10-10T05:45:00Z,สีคิ้ว,292,0.0,0.0,0.0,,,True
1791611100,2026-10-10T05:45:00Z,พระทองคำ,90,0.0,0.0,0.0,,,True
1791611100,2026-10-10T05:45:00Z,เทพารักษ์,92,0.0,0.0,0.0,,,True
1791611100,2026-10-10T05:45:00Z,สันกำแพง,65,0.0,0.0,0.0,,,True
1791611100,2026-10-10T05:45:00Z,สันป่าตอง,44,0.0,0.0,0.0,,,True
1791611100,2026-10-10T05:45:00Z,ดอยเต่า,213,0.0,0.0,0.0,,,True
1791611100,2026-10-10T05:45:00Z,อมก๋อย,704,0.0,0.098,0.0028,,120,True
1791611100,2026-10-10T05:45:00Z,ฮอด,378,0.0,0.0,0.0,,,True
1791611100,2026-10-10T05:45:00Z,เมืองลำพูน,117,0.0,0.0,0.0,,,True
1791611100,2026-10-10T05:45:00Z,แม่ทา,192,0.0,0.0,0.0,,,True
1791611100,2026-10-10T05:45:00Z,บ้านธิ,34,0.0,0.0,0.0,,,True
1791611100,2026-10-10T05:45:00Z,บ้านหมอ,24,0.0,0.0,0.0,,,True
1791611100,2026-10-10T05:45:00Z,เวียงหนองล่อง,14,0.0,0.0,0.0,,,True
1791611100,2026-10-10T05:45:00Z,ทุ่งหัวช้าง,113,0.0,0.0,0.0,,,True
1791611100,2026-10-10T05:45:00Z,ป่าซาง,74,0.0,0.0,0.0,,,True
1791611100,2026-10-10T05:45:00Z,บ้านโฮ่ง,124,0.0,0.0,0.0,,,True
1791611100,2026-10-10T05:45:00Z,แก่งคอย,73,0.0,0.0,0.0,,,True
1791611100,2026-10-10T05:45:00Z,ลี้,454,0.0,0.0,0.0,,,True
1791611100,2026-10-10T05:45:00Z,พระพุทธบาท,55,0.0,0.0,0.0,,,True
1791611100,2026-10-10T05:45:00Z,ดอนพุด,7,0.0,0.0,0.0,,,True
1791611100,2026-10-10T05:45:00Z,หนองโดน,31,0.0,0.0,0.0,,,True
1791611100,2026-10-10T05:45:00Z,เมืองลำปาง,300,0.0,0.0,0.0,,,True
1791611100,2026-10-10T05:45:00Z,เถิน,443,0.0,0.098,0.0023,,15,True
1791611100,2026-10-10T05:45:00Z,แม่พริก,167,0.001,0.098,0.012,,15,True
1791611100,2026-10-10T05:45:00Z,แจ้ห่ม,274,0.009,0.201,0.073,,60,True
1791611100,2026-10-10T05:45:00Z,แม่เปิน,85,0.067,0.848,0.2118,60,45,True
1791611100,2026-10-10T05:45:00Z,เสริมงาม,185,0.053,1.742,0.1243,120,75,True
1791611100,2026-10-10T05:45:00Z,ชุมตาบง,61,0.069,0.848,0.2131,45,30,True
1791611100,2026-10-10T05:45:00Z,งาว,344,0.027,0.592,0.1279,90,15,True
1791611100,2026-10-10T05:45:00Z,ตากฟ้า,125,0.0,0.0,0.0,,,True
1791611100,2026-10-10T05:45:00Z,แม่เมาะ,283,0.003,0.288,0.0283,,105,True
1791611100,2026-10-10T05:45:00Z,แม่วงก์,257,0.016,0.848,0.0389,,15,True
1791611100,2026-10-10T05:45:00Z,เกาะคา,128,0.04,1.216,0.0781,,45,True
1791611100,2026-10-10T05:45:00Z,พยุหะคีรี,169,0.0,0.0,0.0,,,True
1791611100,2026-10-10T05:45:00Z,ลาดยาว,187,0.01,0.098,0.107,120,15,True
1791611100,2026-10-10T05:45:00Z,สบปราบ,125,0.0,0.0,0.0,,,True
1791611100,2026-10-10T05:45:00Z,ห้างฉัตร,154,0.0,0.0,0.0,,,True
1791611100,2026-10-10T05:45:00Z,แม่ทะ,203,0.037,1.742,0.0837,,15,True
1791611100,2026-10-10T05:45:00Z,เมืองปาน,202,0.003,0.201,0.0248,,120,True
1791611100,2026-10-10T05:45:00Z,เมืองอ่างทอง,6,0.0,0.0,0.0,,,True
1791611100,2026-10-10T05:45:00Z,ไชโย,20,0.0,0.0,0.0,,,True
1791611100,2026-10-10T05:45:00Z,สามโก้,10,0.0,0.0,0.0,,,True
1791611100,2026-10-10T05:45:00Z,แสวงหา,43,0.0,0.0,0.0,,,True
1791611100,2026-10-10T05:45:00Z,วิเศษชัยชาญ,7,0.0,0.0,0.0,,,True
1791611100,2026-10-10T05:45:00Z,โพธิ์ทอง,48,0.0,0.0,0.0,,,True
1791611100,2026-10-10T05:45:00Z,เมืองลพบุรี,190,0.0,0.0,0.0,,,True
1791611100,2026-10-10T05:45:00Z,เดิมบางนางบวช,130,0.0,0.0,0.0,,,True
1791611100,2026-10-10T05:45:00Z,ด่านช้าง,309,0.003,0.413,0.0097,,30,True
1791611100,2026-10-10T05:45:00Z,หนองม่วง,111,0.0,0.0,0.0,,,True
1791611100,2026-10-10T05:45:00Z,ลำสนธิ,136,0.0,0.0,0.0,,,True
1791611100,2026-10-10T05:45:00Z,สามชุก,77,0.0,0.0,0.0,,,True
1791611100,2026-10-10T05:45:00Z,ดอนเจดีย์,72,0.0,0.0,0.0,,,True
1791611100,2026-10-10T05:45:00Z,สระโบสถ์,83,0.0,0.0,0.0,,,True
1791611100,2026-10-10T05:45:00Z,ศรีประจันต์,41,0.0,0.0,0.0,,,True
1791611100,2026-10-10T05:45:00Z,โคกเจริญ,135,0.0,0.0,0.0,,,True
1791611100,2026-10-10T05:45:00Z,บ้านหมี่,136,0.0,0.0,0.0,,,True
1791611100,2026-10-10T05:45:00Z,ท่าหลวง,100,0.0,0.0,0.0,,,True
1791611100,2026-10-10T05:45:00Z,ชัยบาดาล,280,0.0,0.0,0.0,,,True
1791611100,2026-10-10T05:45:00Z,ท่าวุ้ง,64,0.0,0.0,0.0,,,True
1791611100,2026-10-10T05:45:00Z,พัฒนานิคม,217,0.0,0.0,0.0,,,True
1791611100,2026-10-10T05:45:00Z,โคกสำโรง,180,0.0,0.0,0.0,,,True
1791611100,2026-10-10T05:45:00Z,หนองหญ้าไซ,108,0.0,0.0,0.0,,,True
1791611100,2026-10-10T05:45:00Z,ท่าช้าง,11,0.0,0.0,0.0,,,True
1791611100,2026-10-10T05:45:00Z,อินทร์บุรี,66,0.0,0.0,0.0,,,True
1791611100,2026-10-10T05:45:00Z,ค่ายบางระจัน,26,0.0,0.0,0.0,,,True
1791611100,2026-10-10T05:45:00Z,พรหมบุรี,19,0.0,0.0,0.0,,,True
1791611100,2026-10-10T05:45:00Z,เนินสง่า,65,0.0,0.0,0.0,,,True
1791611100,2026-10-10T05:45:00Z,เมืองสิงห์บุรี,31,0.0,0.0,0.0,,,True
1791611100,2026-10-10T05:45:00Z,ซับใหญ่,72,0.0,0.0,0.0,,,True
1791611100,2026-10-10T05:45:00Z,บางระจัน,46,0.0,0.0,0.0,,,True
1791611100,2026-10-10T05:45:00Z,ภูกระดึง,190,0.0,0.0,0.0,,,True
1791611100,2026-10-10T05:45:00Z,ภูหลวง,145,0.0,0.0,0.0,,,True
1791611100,2026-10-10T05:45:00Z,หนองหิน,78,0.0,0.0,0.0,,,True
1791611100,2026-10-10T05:45:00Z,ผาขาว,100,0.0,0.0,0.0,,,True
1791611100,2026-10-10T05:45:00Z,เอราวัณ,87,0.0,0.0,0.0,,,True
1791611100,2026-10-10T05:45:00Z,วังสะพุง,281,0.0,0.0,0.0,,,True
1791611100,2026-10-10T05:45:00Z,วังม่วง,70,0.0,0.0,0.0,,,True
1791611100,2026-10-10T05:45:00Z,เฉลิมพระเกียรติ,35,0.0,0.0,0.0,,,True
1791611100,2026-10-10T05:45:00Z,มวกเหล็ก,175,0.0,0.0,0.0,,,True
1791611100,2026-10-10T05:45:00Z,บ้านเขว้า,124,0.0,0.0,0.0,,,True
1791611100,2026-10-10T05:45:00Z,คอนสวรรค์,113,0.0,0.0,0.0,,,True
1791611100,2026-10-10T05:45:00Z,เมืองชัยภูมิ,358,0.0,0.0,0.0,,,True
1791611100,2026-10-10T05:45:00Z,วังทอง,425,0.0,0.0,0.0,,,True
1791611100,2026-10-10T05:45:00Z,เนินมะปราง,276,0.0,0.0,0.0,,,True
1791611100,2026-10-10T05:45:00Z,สวรรคโลก,156,0.0,0.0,0.0,,,True
1791611100,2026-10-10T05:45:00Z,ศรีนคร,46,0.0,0.0,0.0,,,True
1791611100,2026-10-10T05:45:00Z,หันคา,139,0.001,0.098,0.0072,,45,True
1791611100,2026-10-10T05:45:00Z,ศรีสัชนาลัย,534,0.0,0.0,0.0,,,True
1791611100,2026-10-10T05:45:00Z,หนองมะโมง,76,0.0,0.0,0.0,,,True
1791611100,2026-10-10T05:45:00Z,ศรีสำโรง,142,0.0,0.0,0.0,,,True
1791611100,2026-10-10T05:45:00Z,สรรพยา,55,0.0,0.0,0.0,,,True
1791611100,2026-10-10T05:45:00Z,คีรีมาศ,171,0.0,0.0,0.0,,,True
1791611100,2026-10-10T05:45:00Z,สรรคบุรี,89,0.0,0.0,0.0,,,True
1791611100,2026-10-10T05:45:00Z,กงไกรลาศ,108,0.001,0.098,0.0093,,15,True
1791611100,2026-10-10T05:45:00Z,มโนรมย์,66,0.0,0.0,0.0,,,True
1791611100,2026-10-10T05:45:00Z,เมืองสุโขทัย,136,0.0,0.0,0.0,,,True
1791611100,2026-10-10T05:45:00Z,วัดสิงห์,67,0.0,0.0,0.0,,,True
1791611100,2026-10-10T05:45:00Z,บ้านด่านลานหอย,231,0.0,0.0,0.0,,,True
1791611100,2026-10-10T05:45:00Z,เมืองชัยนาท,70,0.0,0.0,0.0,,,True
1791611100,2026-10-10T05:45:00Z,เนินขาม,65,0.0,0.0,0.0,,,True
1791611100,2026-10-10T05:45:00Z,คอนสาร,334,0.0,0.0,0.0,,,True
1791611100,2026-10-10T05:45:00Z,ภักดีชุมพล,154,0.0,0.0,0.0,,,True
1791611100,2026-10-10T05:45:00Z,บ้านแท่น,76,0.0,0.0,0.0,,,True
1791611100,2026-10-10T05:45:00Z,แก้งคร้อ,168,0.0,0.0,0.0,,,True
1791611100,2026-10-10T05:45:00Z,ภูเขียว,201,0.0,0.0,0.0,,,True
1791611100,2026-10-10T05:45:00Z,หนองบัวระเหว,179,0.0,0.0,0.0,,,True
1791611100,2026-10-10T05:45:00Z,เทพสถิต,239,0.0,0.0,0.0,,,True
1791611100,2026-10-10T05:45:00Z,จัตุรัส,172,0.0,0.0,0.0,,,True
1791611100,2026-10-10T05:45:00Z,บำเหน็จณรงค์,120,0.0,0.0,0.0,,,True
1791611100,2026-10-10T05:45:00Z,เกษตรสมบูรณ์,268,0.0,0.0,0.0,,,True
1791611100,2026-10-10T05:45:00Z,หนองบัวแดง,537,0.0,0.0,0.0,,,True
1791611100,2026-10-10T05:45:00Z,ภูเรือ,168,0.0,0.0,0.0,,,True
1791611100,2026-10-10T05:45:00Z,ท่าลี่,171,0.0,0.0,0.0,,,True
1791611100,2026-10-10T05:45:00Z,วชิรบารมี,68,0.0,0.0,0.0,,,True
1791611100,2026-10-10T05:45:00Z,ด่านซ้าย,341,0.0,0.0,0.0,,,True
1791611100,2026-10-10T05:45:00Z,นาแห้ว,153,0.0,0.0,0.0,,,True
1791611100,2026-10-10T05:45:00Z,บึงนาราง,74,0.0,0.0,0.0,,,True
1791611100,2026-10-10T05:45:00Z,เชียงคาน,213,0.0,0.0,0.0,,,True
1791611100,2026-10-10T05:45:00Z,ดงเจริญ,56,0.0,0.0,0.0,,,True
1791611100,2026-10-10T05:45:00Z,ปากชม,240,0.0,0.0,0.0,,,True
1791611100,2026-10-10T05:45:00Z,เมืองเลย,314,0.0,0.0,0.0,,,True
1791611100,2026-10-10T05:45:00Z,นาด้วง,143,0.0,0.0,0.0,,,True
1791611100,2026-10-10T05:45:00Z,สากเหล็ก,45,0.0,0.0,0.0,,,True
1791611100,2026-10-10T05:45:00Z,สามง่าม,89,0.0,0.0,0.0,,,True
1791611100,2026-10-10T05:45:00Z,ทับคล้อ,104,0.0,0.0,0.0,,,True
1791611100,2026-10-10T05:45:00Z,พรหมพิราม,206,0.0,0.0,0.0,,,True
1791611100,2026-10-10T05:45:00Z,ด่านขุนทด,344,0.0,0.0,0.0,,,True
1791611100,2026-10-10T05:45:00Z,วัดโบสถ์,226,0.0,0.0,0.0,,,True
1791611100,2026-10-10T05:45:00Z,บางระกำ,246,0.0,0.0,0.0,,,True
1791611100,2026-10-10T05:45:00Z,บางกระทุ่ม,91,0.0,0.0,0.0,,,True
1791611100,2026-10-10T05:45:00Z,นครไทย,597,0.0,0.0,0.0,,,True
1791611100,2026-10-10T05:45:00Z,ชาติตระการ,415,0.0,0.0,0.0,,,True
1791611100,2026-10-10T05:45:00Z,บ้านเหลื่อม,55,0.0,0.0,0.0,,,True
1791611100,2026-10-10T05:45:00Z,เมืองพิษณุโลก,178,0.0,0.0,0.0,,,True
1791611100,2026-10-10T05:45:00Z,ชุมแสง,145,0.003,0.098,0.0276,,15,True
1791611100,2026-10-10T05:45:00Z,หนองบัว,208,0.0,0.0,0.0,,,True
1791611100,2026-10-10T05:45:00Z,เมืองนครสวรรค์,183,0.01,0.098,0.1038,75,15,True
1791611100,2026-10-10T05:45:00Z,โกรกพระ,71,0.004,0.098,0.0423,,60,True
1791611100,2026-10-10T05:45:00Z,ไพศาลี,244,0.0,0.0,0.0,,,True
1791611100,2026-10-10T05:45:00Z,ตาคลี,206,0.0,0.0,0.0,,,True
1791611100,2026-10-10T05:45:00Z,ท่าตะโก,211,0.0,0.0,0.0,,,True
1791611100,2026-10-10T05:45:00Z,เขาค้อ,207,0.0,0.0,0.0,,,True
1791611100,2026-10-10T05:45:00Z,บรรพตพิสัย,181,0.0,0.0,0.0,,,True
1791611100,2026-10-10T05:45:00Z,เก้าเลี้ยว,57,0.021,0.098,0.2105,30,15,True
1791611100,2026-10-10T05:45:00Z,วังโป่ง,123,0.0,0.0,0.0,,,True
1791611100,2026-10-10T05:45:00Z,บึงสามพัน,194,0.0,0.0,0.0,,,True
1791611100,2026-10-10T05:45:00Z,น้ำหนาว,231,0.0,0.0,0.0,,,True
1791611100,2026-10-10T05:45:00Z,ศรีเทพ,204,0.0,0.0,0.0,,,True
1791611100,2026-10-10T05:45:00Z,หนองไผ่,315,0.0,0.0,0.0,,,True
1791611100,2026-10-10T05:45:00Z,มหาราช,4,0.0,0.0,0.0,,,False
1791611100,2026-10-10T05:45:00Z,บ้านแพรก,10,0.0,0.0,0.0,,,True
1791611100,2026-10-10T05:45:00Z,บางมูลนาก,99,0.0,0.0,0.0,,,True
1791611100,2026-10-10T05:45:00Z,โพทะเล,131,0.0,0.0,0.0,,,True
1791611100,2026-10-10T05:45:00Z,โพธิ์ประทับช้าง,102,0.0,0.0,0.0,,,True
1791611100,2026-10-10T05:45:00Z,ตะพานหิน,109,0.0,0.0,0.0,,,True
1791611100,2026-10-10T05:45:00Z,เมืองพิจิตร,138,0.0,0.0,0.0,,,True
1791611100,2026-10-10T05:45:00Z,วังทรายพูน,66,0.0,0.0,0.0,,,True
1791612000,2026-10-10T06:00:00Z,พิชัย,176,0.0,0.0,0.0,,,True
1791612000,2026-10-10T06:00:00Z,ลับแล,116,0.0,0.0,0.0,,,True
1791612000,2026-10-10T06:00:00Z,ฟากท่า,163,0.001,0.098,0.0061,,120,True
1791612000,2026-10-10T06:00:00Z,บ้านโคก,247,0.003,0.098,0.0324,,75,True
1791612000,2026-10-10T06:00:00Z,ท่าปลา,442,0.0,0.0,0.0,,,True
1791612000,2026-10-10T06:00:00Z,น้ำปาด,363,0.001,0.098,0.0055,,105,True
1791612000,2026-10-10T06:00:00Z,เมืองอุตรดิตถ์,202,0.0,0.0,0.0,,,True
1791612000,2026-10-10T06:00:00Z,ตรอน,80,0.0,0.0,0.0,,,True
1791612000,2026-10-10T06:00:00Z,หล่มเก่า,246,0.0,0.0,0.0,,,True
1791612000,2026-10-10T06:00:00Z,วิเชียรบุรี,377,0.0,0.0,0.0,,,True
1791612000,2026-10-10T06:00:00Z,ชนแดน,279,0.0,0.0,0.0,,,True
1791612000,2026-10-10T06:00:00Z,หล่มสัก,350,0.0,0.0,0.0,,,True
1791612000,2026-10-10T06:00:00Z,เมืองเพชรบูรณ์,571,0.0,0.0,0.0,,,True
1791612000,2026-10-10T06:00:00Z,ทองแสนขัน,185,0.0,0.0,0.0,,,True
1791612000,2026-10-10T06:00:00Z,บึงสามัคคี,71,0.0,0.0,0.0,,,True
1791612000,2026-10-10T06:00:00Z,โกสัมพีนคร,137,0.0,0.0,0.0,,,True
1791612000,2026-10-10T06:00:00Z,สอง,380,0.008,0.592,0.0368,,15,True
1791612000,2026-10-10T06:00:00Z,วังชิ้น,255,0.0,0.0,0.0,,,True
1791612000,2026-10-10T06:00:00Z,สูงเม่น,88,0.072,0.848,0.3182,90,60,True
1791612000,2026-10-10T06:00:00Z,เด่นชัย,135,0.001,0.098,0.0074,,120,True
1791612000,2026-10-10T06:00:00Z,ร้องกวาง,221,0.023,0.288,0.181,30,15,True
1791612000,2026-10-10T06:00:00Z,ลอง,317,0.01,0.848,0.0568,,105,True
1791612000,2026-10-10T06:00:00Z,เมืองแพร่,205,0.05,0.592,0.2976,45,15,True
1791612000,2026-10-10T06:00:00Z,ทัพทัน,94,0.0,0.0,0.0,,,True
1791612000,2026-10-10T06:00:00Z,สว่างอารมณ์,110,0.005,0.098,0.0545,,60,True
1791612000,2026-10-10T06:00:00Z,เมืองอุทัยธานี,59,0.0,0.0,0.0,,,True
1791612000,2026-10-10T06:00:00Z,ห้วยคต,94,0.0,0.0,0.0,,,True
1791612000,2026-10-10T06:00:00Z,ศรีสวัสดิ์,440,0.013,0.592,0.0591,,60,True
1791612000,2026-10-10T06:00:00Z,บ้านไร่,821,0.077,1.742,0.1705,75,15,True
1791612000,2026-10-10T06:00:00Z,ลานสัก,360,0.015,0.592,0.0639,,75,True
1791612000,2026-10-10T06:00:00Z,หนองฉาง,89,0.0,0.0,0.0,,,True
1791612000,2026-10-10T06:00:00Z,หนองขาหย่าง,43,0.0,0.0,0.0,,,True
1791612000,2026-10-10T06:00:00Z,เชียงม่วน,82,0.0,0.0,0.0,,,True
1791612000,2026-10-10T06:00:00Z,ดอกคำใต้,37,0.0,0.0,0.0,,,True
1791612000,2026-10-10T06:00:00Z,เมืองพะเยา,6,0.0,0.0,0.0,,,True
1791612000,2026-10-10T06:00:00Z,ทองผาภูมิ,851,0.0,0.0,0.0,,,True
1791612000,2026-10-10T06:00:00Z,สังขละบุรี,793,0.0,0.0,0.0,,,True
1791612000,2026-10-10T06:00:00Z,หนองม่วงไข่,35,0.0,0.0,0.0,,,True
1791612000,2026-10-10T06:00:00Z,ภูเวียง,81,0.0,0.0,0.0,,,True
1791612000,2026-10-10T06:00:00Z,มัญจาคีรี,50,0.0,0.0,0.0,,,True
1791612000,2026-10-10T06:00:00Z,หนองปรือ,104,0.0,0.0,0.0,,,True
1791612000,2026-10-10T06:00:00Z,เลาขวัญ,123,0.0,0.0,0.0,,,True
1791612000,2026-10-10T06:00:00Z,หนองนาคำ,43,0.0,0.0,0.0,,,True
1791612000,2026-10-10T06:00:00Z,โคกโพธิ์ไชย,65,0.0,0.0,0.0,,,True
1791612000,2026-10-10T06:00:00Z,บ้านหลวง,91,0.0,0.0,0.0,,,True
1791612000,2026-10-10T06:00:00Z,นาน้อย,266,0.0,0.0,0.0,,,True
1791612000,2026-10-10T06:00:00Z,ภูผาม่าน,74,0.0,0.0,0.0,,,True
1791612000,2026-10-10T06:00:00Z,เมืองน่าน,161,0.0,0.0,0.0,,,True
1791612000,2026-10-10T06:00:00Z,แม่จริม,262,0.0,0.0,0.0,,,True
1791612000,2026-10-10T06:00:00Z,เวียงเก่า,78,0.0,0.0,0.0,,,True
1791612000,2026-10-10T06:00:00Z,เมืองกำแพงเพชร,368,0.002,0.201,0.0136,,15,True
1791612000,2026-10-10T06:00:00Z,ไทรงาม,133,0.0,0.0,0.0,,,True
1791612000,2026-10-10T06:00:00Z,ปางศิลาทอง,186,0.044,0.592,0.1344,60,30,True
1791612000,2026-10-10T06:00:00Z,ลานกระบือ,103,0.0,0.0,0.0,,,True
1791612000,2026-10-10T06:00:00Z,ทรายทองวัฒนา,53,0.0,0.0,0.0,,,True
1791612000,2026-10-10T06:00:00Z,คลองขลุง,179,0.0,0.0,0.0,,,True
1791612000,2026-10-10T06:00:00Z,พรานกระต่าย,252,0.003,0.098,0.0317,,90,True
1791612000,2026-10-10T06:00:00Z,คลองลาน,363,0.179,1.84,0.4215,15,15,True
1791612000,2026-10-10T06:00:00Z,ขาณุวรลักษบุรี,296,0.0,0.0,0.0,,,True
1791612000,2026-10-10T06:00:00Z,ภูเพียง,113,0.0,0.0,0.0,,,True
1791612000,2026-10-10T06:00:00Z,นาหมื่น,245,0.0,0.0,0.0,,,True
1791612000,2026-10-10T06:00:00Z,เวียงสา,543,0.001,0.201,0.0092,,15,True
1791612000,2026-10-10T06:00:00Z,น้ำโสม,153,0.0,0.0,0.0,,,True
1791612000,2026-10-10T06:00:00Z,นายูง,126,0.0,0.0,0.0,,,True
1791612000,2026-10-10T06:00:00Z,ชุมแพ,173,0.0,0.0,0.0,,,True
1791612000,2026-10-10T06:00:00Z,สีชมพู,132,0.0,0.0,0.0,,,True
1791612000,2026-10-10T06:00:00Z,สุวรรณคูหา,140,0.0,0.0,0.0,,,True
1791612000,2026-10-10T06:00:00Z,นาวัง,65,0.0,0.0,0.0,,,True
1791612000,2026-10-10T06:00:00Z,หนองเรือ,80,0.0,0.0,0.0,,,True
1791612000,2026-10-10T06:00:00Z,โนนสัง,51,0.0,0.0,0.0,,,True
1791612000,2026-10-10T06:00:00Z,ศรีบุญเรือง,224,0.0,0.0,0.0,,,True
1791612000,2026-10-10T06:00:00Z,เมืองหนองบัวลำภู,217,0.0,0.0,0.0,,,True
1791612000,2026-10-10T06:00:00Z,นากลาง,173,0.0,0.0,0.0,,,True
1791612000,2026-10-10T06:00:00Z,ทุ่งเสลี่ยม,144,0.0,0.0,0.0,,,True
1791612000,2026-10-10T06:00:00Z,ดอยหล่อ,56,0.0,0.0,0.0,,,True
1791612000,2026-10-10T06:00:00Z,เมืองตาก,486,0.0,0.0,0.0,,,True
1791612000,2026-10-10T06:00:00Z,แม่ออน,116,0.0,0.0,0.0,,,True
1791612000,2026-10-10T06:00:00Z,อุ้มผาง,1209,0.041,1.044,0.1216,120,60,True
1791612000,2026-10-10T06:00:00Z,วังเจ้า,183,0.001,0.098,0.0055,,15,True
1791612000,2026-10-10T06:00:00Z,แม่สอด,398,0.0,0.0,0.0,,,True
1791612000,2026-10-10T06:00:00Z,พบพระ,249,0.0,0.0,0.0,,,True
1791612000,2026-10-10T06:00:00Z,แม่ระมาด,380,0.001,0.098,0.0079,,45,True
1791612000,2026-10-10T06:00:00Z,ท่าสองยาง,401,0.0,0.0,0.0,,,True
1791612000,2026-10-10T06:00:00Z,บ้านตาก,255,0.001,0.098,0.0078,,15,True
1791612000,2026-10-10T06:00:00Z,สามเงา,698,0.002,0.098,0.0186,,15,True
1791612000,2026-10-10T06:00:00Z,จอมทอง,280,0.001,0.098,0.0071,,15,True
1791612000,2026-10-10T06:00:00Z,แก้งสนามนาง,79,0.0,0.0,0.0,,,True
1791612000,2026-10-10T06:00:00Z,สีคิ้ว,292,0.0,0.0,0.0,,,True
1791612000,2026-10-10T06:00:00Z,พระทองคำ,90,0.0,0.0,0.0,,,True
1791612000,2026-10-10T06:00:00Z,เทพารักษ์,92,0.0,0.0,0.0,,,True
1791612000,2026-10-10T06:00:00Z,สันกำแพง,65,0.0,0.0,0.0,,,True
1791612000,2026-10-10T06:00:00Z,สันป่าตอง,44,0.0,0.0,0.0,,,True
1791612000,2026-10-10T06:00:00Z,ดอยเต่า,213,0.0,0.0,0.0,,,True
1791612000,2026-10-10T06:00:00Z,อมก๋อย,704,0.0,0.0,0.0,,,True
1791612000,2026-10-10T06:00:00Z,ฮอด,378,0.0,0.0,0.0,,,True
1791612000,2026-10-10T06:00:00Z,เมืองลำพูน,117,0.001,0.098,0.0085,,15,True
1791612000,2026-10-10T06:00:00Z,แม่ทา,192,0.0,0.0,0.0,,,True
1791612000,2026-10-10T06:00:00Z,บ้านธิ,34,0.0,0.0,0.0,,,True
1791612000,2026-10-10T06:00:00Z,บ้านหมอ,24,0.0,0.0,0.0,,,True
1791612000,2026-10-10T06:00:00Z,เวียงหนองล่อง,14,0.014,0.098,0.1429,75,60,True
1791612000,2026-10-10T06:00:00Z,ทุ่งหัวช้าง,113,0.0,0.0,0.0,,,True
1791612000,2026-10-10T06:00:00Z,ป่าซาง,74,0.0,0.0,0.0,,,True
1791612000,2026-10-10T06:00:00Z,บ้านโฮ่ง,124,0.0,0.0,0.0,,,True
1791612000,2026-10-10T06:00:00Z,แก่งคอย,73,0.0,0.0,0.0,,,True
1791612000,2026-10-10T06:00:00Z,ลี้,454,0.0,0.0,0.0,,,True
1791612000,2026-10-10T06:00:00Z,พระพุทธบาท,55,0.0,0.0,0.0,,,True
1791612000,2026-10-10T06:00:00Z,ดอนพุด,7,0.0,0.0,0.0,,,True
1791612000,2026-10-10T06:00:00Z,หนองโดน,31,0.0,0.0,0.0,,,True
1791612000,2026-10-10T06:00:00Z,เมืองลำปาง,300,0.001,0.098,0.01,,60,True
1791612000,2026-10-10T06:00:00Z,เถิน,443,0.0,0.0,0.0,,,True
1791612000,2026-10-10T06:00:00Z,แม่พริก,167,0.002,0.098,0.024,,15,True
1791612000,2026-10-10T06:00:00Z,แจ้ห่ม,274,0.001,0.098,0.0073,,90,True
1791612000,2026-10-10T06:00:00Z,แม่เปิน,85,0.047,0.592,0.2235,60,45,True
1791612000,2026-10-10T06:00:00Z,เสริมงาม,185,0.001,0.098,0.0054,,120,True
1791612000,2026-10-10T06:00:00Z,ชุมตาบง,61,0.072,0.848,0.2459,30,15,True
1791612000,2026-10-10T06:00:00Z,งาว,344,0.016,0.413,0.0814,,15,True
1791612000,2026-10-10T06:00:00Z,ตากฟ้า,125,0.0,0.0,0.0,,,True
1791612000,2026-10-10T06:00:00Z,แม่เมาะ,283,0.007,0.288,0.0353,,30,True
1791612000,2026-10-10T06:00:00Z,แม่วงก์,257,0.011,0.848,0.0311,,15,True
1791612000,2026-10-10T06:00:00Z,เกาะคา,128,0.0,0.0,0.0,,,True
1791612000,2026-10-10T06:00:00Z,พยุหะคีรี,169,0.0,0.0,0.0,,,True
1791612000,2026-10-10T06:00:00Z,ลาดยาว,187,0.047,1.216,0.1658,105,15,True
1791612000,2026-10-10T06:00:00Z,สบปราบ,125,0.0,0.0,0.0,,,True
1791612000,2026-10-10T06:00:00Z,ห้างฉัตร,154,0.0,0.0,0.0,,,True
1791612000,2026-10-10T06:00:00Z,แม่ทะ,203,0.0,0.098,0.0049,,15,True
1791612000,2026-10-10T06:00:00Z,เมืองปาน,202,0.0,0.098,0.005,,120,True
1791612000,2026-10-10T06:00:00Z,เมืองอ่างทอง,6,0.0,0.0,0.0,,,True
1791612000,2026-10-10T06:00:00Z,ไชโย,20,0.0,0.0,0.0,,,True
1791612000,2026-10-10T06:00:00Z,สามโก้,10,0.0,0.0,0.0,,,True
1791612000,2026-10-10T06:00:00Z,แสวงหา,43,0.0,0.0,0.0,,,True
1791612000,2026-10-10T06:00:00Z,วิเศษชัยชาญ,7,0.0,0.0,0.0,,,True
1791612000,2026-10-10T06:00:00Z,โพธิ์ทอง,48,0.0,0.0,0.0,,,True
1791612000,2026-10-10T06:00:00Z,เมืองลพบุรี,190,0.0,0.0,0.0,,,True
1791612000,2026-10-10T06:00:00Z,เดิมบางนางบวช,130,0.0,0.0,0.0,,,True
1791612000,2026-10-10T06:00:00Z,ด่านช้าง,309,0.004,0.592,0.0162,,15,True
1791612000,2026-10-10T06:00:00Z,หนองม่วง,111,0.0,0.0,0.0,,,True
1791612000,2026-10-10T06:00:00Z,ลำสนธิ,136,0.0,0.0,0.0,,,True
1791612000,2026-10-10T06:00:00Z,สามชุก,77,0.0,0.0,0.0,,,True
1791612000,2026-10-10T06:00:00Z,ดอนเจดีย์,72,0.0,0.0,0.0,,,True
1791612000,2026-10-10T06:00:00Z,สระโบสถ์,83,0.0,0.0,0.0,,,True
1791612000,2026-10-10T06:00:00Z,ศรีประจันต์,41,0.0,0.0,0.0,,,True
1791612000,2026-10-10T06:00:00Z,โคกเจริญ,135,0.0,0.0,0.0,,,True
1791612000,2026-10-10T06:00:00Z,บ้านหมี่,136,0.0,0.0,0.0,,,True
1791612000,2026-10-10T06:00:00Z,ท่าหลวง,100,0.0,0.0,0.0,,,True
1791612000,2026-10-10T06:00:00Z,ชัยบาดาล,280,0.0,0.0,0.0,,,True
1791612000,2026-10-10T06:00:00Z,ท่าวุ้ง,64,0.0,0.0,0.0,,,True
1791612000,2026-10-10T06:00:00Z,พัฒนานิคม,217,0.0,0.0,0.0,,,True
1791612000,2026-10-10T06:00:00Z,โคกสำโรง,180,0.0,0.0,0.0,,,True
1791612000,2026-10-10T06:00:00Z,หนองหญ้าไซ,108,0.0,0.0,0.0,,,True
1791612000,2026-10-10T06:00:00Z,ท่าช้าง,11,0.0,0.0,0.0,,,True
1791612000,2026-10-10T06:00:00Z,อินทร์บุรี,66,0.0,0.0,0.0,,,True
1791612000,2026-10-10T06:00:00Z,ค่ายบางระจัน,26,0.0,0.0,0.0,,,True
1791612000,2026-10-10T06:00:00Z,พรหมบุรี,19,0.0,0.0,0.0,,,True
1791612000,2026-10-10T06:00:00Z,เนินสง่า,65,0.0,0.0,0.0,,,True
1791612000,2026-10-10T06:00:00Z,เมืองสิงห์บุรี,31,0.0,0.0,0.0,,,True
1791612000,2026-10-10T06:00:00Z,ซับใหญ่,72,0.0,0.0,0.0,,,True
1791612000,2026-10-10T06:00:00Z,บางระจัน,46,0.0,0.0,0.0,,,True
1791612000,2026-10-10T06:00:00Z,ภูกระดึง,190,0.0,0.0,0.0,,,True
1791612000,2026-10-10T06:00:00Z,ภูหลวง,145,0.0,0.0,0.0,,,True
1791612000,2026-10-10T06:00:00Z,หนองหิน,78,0.0,0.0,0.0,,,True
1791612000,2026-10-10T06:00:00Z,ผาขาว,100,0.0,0.0,0.0,,,True
1791612000,2026-10-10T06:00:00Z,เอราวัณ,87,0.0,0.0,0.0,,,True
1791612000,2026-10-10T06:00:00Z,วังสะพุง,281,0.0,0.0,0.0,,,True
1791612000,2026-10-10T06:00:00Z,วังม่วง,70,0.0,0.0,0.0,,,True
1791612000,2026-10-10T06:00:00Z,เฉลิมพระเกียรติ,35,0.0,0.0,0.0,,,True
1791612000,2026-10-10T06:00:00Z,มวกเหล็ก,175,0.0,0.0,0.0,,,True
1791612000,2026-10-10T06:00:00Z,บ้านเขว้า,124,0.0,0.0,0.0,,,True
1791612000,2026-10-10T06:00:00Z,คอนสวรรค์,113,0.0,0.0,0.0,,,True
1791612000,2026-10-10T06:00:00Z,เมืองชัยภูมิ,358,0.0,0.0,0.0,,,True
1791612000,2026-10-10T06:00:00Z,วังทอง,425,0.0,0.0,0.0,,,True
1791612000,2026-10-10T06:00:00Z,เนินมะปราง,276,0.0,0.0,0.0,,,True
1791612000,2026-10-10T06:00:00Z,สวรรคโลก,156,0.0,0.0,0.0,,,True
1791612000,2026-10-10T06:00:00Z,ศรีนคร,46,0.0,0.0,0.0,,,True
1791612000,2026-10-10T06:00:00Z,หันคา,139,0.0,0.0,0.0,,,True
1791612000,2026-10-10T06:00:00Z,ศรีสัชนาลัย,534,0.0,0.0,0.0,,,True
1791612000,2026-10-10T06:00:00Z,หนองมะโมง,76,0.009,0.098,0.0921,,15,True
1791612000,2026-10-10T06:00:00Z,ศรีสำโรง,142,0.0,0.0,0.0,,,True
1791612000,2026-10-10T06:00:00Z,สรรพยา,55,0.0,0.0,0.0,,,True
1791612000,2026-10-10T06:00:00Z,คีรีมาศ,171,0.009,0.201,0.0819,,15,True
1791612000,2026-10-10T06:00:00Z,สรรคบุรี,89,0.0,0.0,0.0,,,True
1791612000,2026-10-10T06:00:00Z,กงไกรลาศ,108,0.001,0.098,0.0093,,15,True
1791612000,2026-10-10T06:00:00Z,มโนรมย์,66,0.0,0.0,0.0,,,True
1791612000,2026-10-10T06:00:00Z,เมืองสุโขทัย,136,0.0,0.0,0.0,,,True
1791612000,2026-10-10T06:00:00Z,วัดสิงห์,67,0.0,0.0,0.0,,,True
1791612000,2026-10-10T06:00:00Z,บ้านด่านลานหอย,231,0.0,0.0,0.0,,,True
1791612000,2026-10-10T06:00:00Z,เมืองชัยนาท,70,0.0,0.0,0.0,,,True
1791612000,2026-10-10T06:00:00Z,เนินขาม,65,0.0,0.0,0.0,,,True
1791612000,2026-10-10T06:00:00Z,คอนสาร,334,0.0,0.0,0.0,,,True
1791612000,2026-10-10T06:00:00Z,ภักดีชุมพล,154,0.0,0.0,0.0,,,True
1791612000,2026-10-10T06:00:00Z,บ้านแท่น,76,0.0,0.0,0.0,,,True
1791612000,2026-10-10T06:00:00Z,แก้งคร้อ,168,0.0,0.0,0.0,,,True
1791612000,2026-10-10T06:00:00Z,ภูเขียว,201,0.0,0.0,0.0,,,True
1791612000,2026-10-10T06:00:00Z,หนองบัวระเหว,179,0.0,0.0,0.0,,,True
1791612000,2026-10-10T06:00:00Z,เทพสถิต,239,0.0,0.0,0.0,,,True
1791612000,2026-10-10T06:00:00Z,จัตุรัส,172,0.0,0.0,0.0,,,True
1791612000,2026-10-10T06:00:00Z,บำเหน็จณรงค์,120,0.0,0.0,0.0,,,True
1791612000,2026-10-10T06:00:00Z,เกษตรสมบูรณ์,268,0.0,0.0,0.0,,,True
1791612000,2026-10-10T06:00:00Z,หนองบัวแดง,537,0.0,0.0,0.0,,,True
1791612000,2026-10-10T06:00:00Z,ภูเรือ,168,0.0,0.0,0.0,,,True
1791612000,2026-10-10T06:00:00Z,ท่าลี่,171,0.0,0.0,0.0,,,True
1791612000,2026-10-10T06:00:00Z,วชิรบารมี,68,0.0,0.0,0.0,,,True
1791612000,2026-10-10T06:00:00Z,ด่านซ้าย,341,0.0,0.0,0.0,,,True
1791612000,2026-10-10T06:00:00Z,นาแห้ว,153,0.0,0.0,0.0,,,True
1791612000,2026-10-10T06:00:00Z,บึงนาราง,74,0.0,0.0,0.0,,,True
1791612000,2026-10-10T06:00:00Z,เชียงคาน,213,0.0,0.0,0.0,,,True
1791612000,2026-10-10T06:00:00Z,ดงเจริญ,56,0.0,0.0,0.0,,,True
1791612000,2026-10-10T06:00:00Z,ปากชม,240,0.0,0.0,0.0,,,True
1791612000,2026-10-10T06:00:00Z,เมืองเลย,314,0.0,0.0,0.0,,,True
1791612000,2026-10-10T06:00:00Z,นาด้วง,143,0.0,0.0,0.0,,,True
1791612000,2026-10-10T06:00:00Z,สากเหล็ก,45,0.0,0.0,0.0,,,True
1791612000,2026-10-10T06:00:00Z,สามง่าม,89,0.0,0.0,0.0,,,True
1791612000,2026-10-10T06:00:00Z,ทับคล้อ,104,0.0,0.0,0.0,,,True
1791612000,2026-10-10T06:00:00Z,พรหมพิราม,206,0.0,0.0,0.0,,,True
1791612000,2026-10-10T06:00:00Z,ด่านขุนทด,344,0.0,0.0,0.0,,,True
1791612000,2026-10-10T06:00:00Z,วัดโบสถ์,226,0.0,0.0,0.0,,,True
1791612000,2026-10-10T06:00:00Z,บางระกำ,246,0.0,0.0,0.0,,,True
1791612000,2026-10-10T06:00:00Z,บางกระทุ่ม,91,0.0,0.0,0.0,,,True
1791612000,2026-10-10T06:00:00Z,นครไทย,597,0.0,0.0,0.0,,,True
1791612000,2026-10-10T06:00:00Z,ชาติตระการ,415,0.0,0.0,0.0,,,True
1791612000,2026-10-10T06:00:00Z,บ้านเหลื่อม,55,0.0,0.0,0.0,,,True
1791612000,2026-10-10T06:00:00Z,เมืองพิษณุโลก,178,0.0,0.0,0.0,,,True
1791612000,2026-10-10T06:00:00Z,ชุมแสง,145,0.0,0.0,0.0,,,True
1791612000,2026-10-10T06:00:00Z,หนองบัว,208,0.0,0.0,0.0,,,True
1791612000,2026-10-10T06:00:00Z,เมืองนครสวรรค์,183,0.002,0.098,0.0219,,15,True
1791612000,2026-10-10T06:00:00Z,โกรกพระ,71,0.003,0.098,0.0282,,45,True
1791612000,2026-10-10T06:00:00Z,ไพศาลี,244,0.0,0.0,0.0,,,True
1791612000,2026-10-10T06:00:00Z,ตาคลี,206,0.0,0.0,0.0,,,True
1791612000,2026-10-10T06:00:00Z,ท่าตะโก,211,0.0,0.0,0.0,,,True
1791612000,2026-10-10T06:00:00Z,เขาค้อ,207,0.0,0.0,0.0,,,True
1791612000,2026-10-10T06:00:00Z,บรรพตพิสัย,181,0.03,1.216,0.0663,,15,True
1791612000,2026-10-10T06:00:00Z,เก้าเลี้ยว,57,0.059,1.742,0.1053,15,15,True
1791612000,2026-10-10T06:00:00Z,วังโป่ง,123,0.0,0.0,0.0,,,True
1791612000,2026-10-10T06:00:00Z,บึงสามพัน,194,0.0,0.0,0.0,,,True
1791612000,2026-10-10T06:00:00Z,น้ำหนาว,231,0.0,0.0,0.0,,,True
1791612000,2026-10-10T06:00:00Z,ศรีเทพ,204,0.0,0.0,0.0,,,True
1791612000,2026-10-10T06:00:00Z,หนองไผ่,315,0.0,0.0,0.0,,,True
1791612000,2026-10-10T06:00:00Z,มหาราช,4,0.0,0.0,0.0,,,False
1791612000,2026-10-10T06:00:00Z,บ้านแพรก,10,0.0,0.0,0.0,,,True
1791612000,2026-10-10T06:00:00Z,บางมูลนาก,99,0.0,0.0,0.0,,,True
1791612000,2026-10-10T06:00:00Z,โพทะเล,131,0.0,0.0,0.0,,,True
1791612000,2026-10-10T06:00:00Z,โพธิ์ประทับช้าง,102,0.0,0.0,0.0,,,True
1791612000,2026-10-10T06:00:00Z,ตะพานหิน,109,0.0,0.0,0.0,,,True
1791612000,2026-10-10T06:00:00Z,เมืองพิจิตร,138,0.0,0.0,0.0,,,True
1791612000,2026-10-10T06:00:00Z,วังทรายพูน,66,0.0,0.0,0.0,,,True
1791612900,2026-10-10T06:15:00Z,พิชัย,176,0.0,0.0,0.0,,,True
1791612900,2026-10-10T06:15:00Z,ลับแล,116,0.0,0.0,0.0,,,True
1791612900,2026-10-10T06:15:00Z,ฟากท่า,163,0.002,0.098,0.0184,,90,True
1791612900,2026-10-10T06:15:00Z,บ้านโคก,247,0.003,0.098,0.0324,,45,True
1791612900,2026-10-10T06:15:00Z,ท่าปลา,442,0.0,0.0,0.0,,,True
1791612900,2026-10-10T06:15:00Z,น้ำปาด,363,0.003,0.098,0.0303,,90,True
1791612900,2026-10-10T06:15:00Z,เมืองอุตรดิตถ์,202,0.0,0.0,0.0,,,True
1791612900,2026-10-10T06:15:00Z,ตรอน,80,0.0,0.0,0.0,,,True
1791612900,2026-10-10T06:15:00Z,หล่มเก่า,246,0.0,0.0,0.0,,,True
1791612900,2026-10-10T06:15:00Z,วิเชียรบุรี,377,0.0,0.0,0.0,,,True
1791612900,2026-10-10T06:15:00Z,ชนแดน,279,0.0,0.0,0.0,,,True
1791612900,2026-10-10T06:15:00Z,หล่มสัก,350,0.0,0.0,0.0,,,True
1791612900,2026-10-10T06:15:00Z,เมืองเพชรบูรณ์,571,0.0,0.0,0.0,,,True
1791612900,2026-10-10T06:15:00Z,ทองแสนขัน,185,0.0,0.0,0.0,,,True
1791612900,2026-10-10T06:15:00Z,บึงสามัคคี,71,0.0,0.0,0.0,,,True
1791612900,2026-10-10T06:15:00Z,โกสัมพีนคร,137,0.0,0.0,0.0,,,True
1791612900,2026-10-10T06:15:00Z,สอง,380,0.002,0.098,0.0237,,15,True
1791612900,2026-10-10T06:15:00Z,วังชิ้น,255,0.0,0.0,0.0,,,True
1791612900,2026-10-10T06:15:00Z,สูงเม่น,88,0.004,0.098,0.0455,,75,True
1791612900,2026-10-10T06:15:00Z,เด่นชัย,135,0.0,0.0,0.0,,,True
1791612900,2026-10-10T06:15:00Z,ร้องกวาง,221,0.006,0.196,0.0588,,15,True
1791612900,2026-10-10T06:15:00Z,ลอง,317,0.01,0.196,0.0852,,90,True
1791612900,2026-10-10T06:15:00Z,เมืองแพร่,205,0.02,0.196,0.1854,60,15,True
1791612900,2026-10-10T06:15:00Z,ทัพทัน,94,0.0,0.0,0.0,,,True
1791612900,2026-10-10T06:15:00Z,สว่างอารมณ์,110,0.011,0.196,0.0909,,45,True
1791612900,2026-10-10T06:15:00Z,เมืองอุทัยธานี,59,0.0,0.0,0.0,,,True
1791612900,2026-10-10T06:15:00Z,ห้วยคต,94,0.0,0.0,0.0,,,True
1791612900,2026-10-10T06:15:00Z,ศรีสวัสดิ์,440,0.0,0.0,0.0,,,True
1791612900,2026-10-10T06:15:00Z,บ้านไร่,821,0.049,1.216,0.1352,105,15,True
1791612900,2026-10-10T06:15:00Z,ลานสัก,360,0.002,0.098,0.0167,,75,True
1791612900,2026-10-10T06:15:00Z,หนองฉาง,89,0.0,0.0,0.0,,,True
1791612900,2026-10-10T06:15:00Z,หนองขาหย่าง,43,0.0,0.0,0.0,,,True
1791612900,2026-10-10T06:15:00Z,เชียงม่วน,82,0.0,0.0,0.0,,,True
1791612900,2026-10-10T06:15:00Z,ดอกคำใต้,37,0.0,0.0,0.0,,,True
1791612900,2026-10-10T06:15:00Z,เมืองพะเยา,6,0.0,0.0,0.0,,,True
1791612900,2026-10-10T06:15:00Z,ทองผาภูมิ,851,0.0,0.098,0.0012,,120,True
1791612900,2026-10-10T06:15:00Z,สังขละบุรี,793,0.0,0.0,0.0,,,True
1791612900,2026-10-10T06:15:00Z,หนองม่วงไข่,35,0.0,0.0,0.0,,,True
1791612900,2026-10-10T06:15:00Z,ภูเวียง,81,0.0,0.0,0.0,,,True
1791612900,2026-10-10T06:15:00Z,มัญจาคีรี,50,0.0,0.0,0.0,,,True
1791612900,2026-10-10T06:15:00Z,หนองปรือ,104,0.0,0.0,0.0,,,True
1791612900,2026-10-10T06:15:00Z,เลาขวัญ,123,0.0,0.0,0.0,,,True
1791612900,2026-10-10T06:15:00Z,หนองนาคำ,43,0.0,0.0,0.0,,,True
1791612900,2026-10-10T06:15:00Z,โคกโพธิ์ไชย,65,0.0,0.0,0.0,,,True
1791612900,2026-10-10T06:15:00Z,บ้านหลวง,91,0.0,0.0,0.0,,,True
1791612900,2026-10-10T06:15:00Z,นาน้อย,266,0.0,0.0,0.0,,,True
1791612900,2026-10-10T06:15:00Z,ภูผาม่าน,74,0.0,0.0,0.0,,,True
1791612900,2026-10-10T06:15:00Z,เมืองน่าน,161,0.0,0.0,0.0,,,True
1791612900,2026-10-10T06:15:00Z,แม่จริม,262,0.0,0.0,0.0,,,True
1791612900,2026-10-10T06:15:00Z,เวียงเก่า,78,0.0,0.0,0.0,,,True
1791612900,2026-10-10T06:15:00Z,เมืองกำแพงเพชร,368,0.0,0.0,0.0,,,True
1791612900,2026-10-10T06:15:00Z,ไทรงาม,133,0.0,0.0,0.0,,,True
1791612900,2026-10-10T06:15:00Z,ปางศิลาทอง,186,0.01,0.201,0.0806,,15,True
1791612900,2026-10-10T06:15:00Z,ลานกระบือ,103,0.0,0.0,0.0,,,True
1791612900,2026-10-10T06:15:00Z,ทรายทองวัฒนา,53,0.0,0.0,0.0,,,True
1791612900,2026-10-10T06:15:00Z,คลองขลุง,179,0.0,0.0,0.0,,,True
1791612900,2026-10-10T06:15:00Z,พรานกระต่าย,252,0.0,0.0,0.0,,,True
1791612900,2026-10-10T06:15:00Z,คลองลาน,363,0.198,2.432,0.3884,15,15,True
1791612900,2026-10-10T06:15:00Z,ขาณุวรลักษบุรี,296,0.0,0.0,0.0,,,True
1791612900,2026-10-10T06:15:00Z,ภูเพียง,113,0.0,0.0,0.0,,,True
1791612900,2026-10-10T06:15:00Z,นาหมื่น,245,0.0,0.0,0.0,,,True
1791612900,2026-10-10T06:15:00Z,เวียงสา,543,0.0,0.098,0.0018,,15,True
1791612900,2026-10-10T06:15:00Z,น้ำโสม,153,0.0,0.0,0.0,,,True
1791612900,2026-10-10T06:15:00Z,นายูง,126,0.0,0.0,0.0,,,True
1791612900,2026-10-10T06:15:00Z,ชุมแพ,173,0.0,0.0,0.0,,,True
1791612900,2026-10-10T06:15:00Z,สีชมพู,132,0.0,0.0,0.0,,,True
1791612900,2026-10-10T06:15:00Z,สุวรรณคูหา,140,0.0,0.0,0.0,,,True
1791612900,2026-10-10T06:15:00Z,นาวัง,65,0.0,0.0,0.0,,,True
1791612900,2026-10-10T06:15:00Z,หนองเรือ,80,0.0,0.0,0.0,,,True
1791612900,2026-10-10T06:15:00Z,โนนสัง,51,0.0,0.0,0.0,,,True
1791612900,2026-10-10T06:15:00Z,ศรีบุญเรือง,224,0.0,0.0,0.0,,,True
1791612900,2026-10-10T06:15:00Z,เมืองหนองบัวลำภู,217,0.0,0.0,0.0,,,True
1791612900,2026-10-10T06:15:00Z,นากลาง,173,0.0,0.0,0.0,,,True
1791612900,2026-10-10T06:15:00Z,ทุ่งเสลี่ยม,144,0.0,0.0,0.0,,,True
1791612900,2026-10-10T06:15:00Z,ดอยหล่อ,56,0.0,0.0,0.0,,,True
1791612900,2026-10-10T06:15:00Z,เมืองตาก,486,0.0,0.0,0.0,,,True
1791612900,2026-10-10T06:15:00Z,แม่ออน,116,0.0,0.0,0.0,,,True
1791612900,2026-10-10T06:15:00Z,อุ้มผาง,1209,0.05,2.432,0.1472,90,45,True
1791612900,2026-10-10T06:15:00Z,วังเจ้า,183,0.001,0.098,0.0109,,45,True
1791612900,2026-10-10T06:15:00Z,แม่สอด,398,0.0,0.0,0.0,,,True
1791612900,2026-10-10T06:15:00Z,พบพระ,249,0.0,0.098,0.004,,90,True
1791612900,2026-10-10T06:15:00Z,แม่ระมาด,380,0.0,0.0,0.0,,,True
1791612900,2026-10-10T06:15:00Z,ท่าสองยาง,401,0.012,0.848,0.0299,,105,True
1791612900,2026-10-10T06:15:00Z,บ้านตาก,255,0.0,0.0,0.0,,,True
1791612900,2026-10-10T06:15:00Z,สามเงา,698,0.018,0.946,0.0501,,15,True
1791612900,2026-10-10T06:15:00Z,จอมทอง,280,0.0,0.0,0.0,,,True
1791612900,2026-10-10T06:15:00Z,แก้งสนามนาง,79,0.0,0.0,0.0,,,True
1791612900,2026-10-10T06:15:00Z,สีคิ้ว,292,0.0,0.0,0.0,,,True
1791612900,2026-10-10T06:15:00Z,พระทองคำ,90,0.0,0.0,0.0,,,True
1791612900,2026-10-10T06:15:00Z,เทพารักษ์,92,0.0,0.0,0.0,,,True
1791612900,2026-10-10T06:15:00Z,สันกำแพง,65,0.0,0.0,0.0,,,True
1791612900,2026-10-10T06:15:00Z,สันป่าตอง,44,0.0,0.0,0.0,,,True
1791612900,2026-10-10T06:15:00Z,ดอยเต่า,213,0.0,0.0,0.0,,,True
1791612900,2026-10-10T06:15:00Z,อมก๋อย,704,0.02,1.216,0.054,,60,True
1791612900,2026-10-10T06:15:00Z,ฮอด,378,0.0,0.0,0.0,,,True
1791612900,2026-10-10T06:15:00Z,เมืองลำพูน,117,0.0,0.0,0.0,,,True
1791612900,2026-10-10T06:15:00Z,แม่ทา,192,0.0,0.0,0.0,,,True
1791612900,2026-10-10T06:15:00Z,บ้านธิ,34,0.0,0.0,0.0,,,True
1791612900,2026-10-10T06:15:00Z,บ้านหมอ,24,0.0,0.0,0.0,,,True
1791612900,2026-10-10T06:15:00Z,เวียงหนองล่อง,14,0.0,0.0,0.0,,,True
1791612900,2026-10-10T06:15:00Z,ทุ่งหัวช้าง,113,0.007,0.413,0.0354,,120,True
1791612900,2026-10-10T06:15:00Z,ป่าซาง,74,0.0,0.0,0.0,,,True
1791612900,2026-10-10T06:15:00Z,บ้านโฮ่ง,124,0.0,0.0,0.0,,,True
1791612900,2026-10-10T06:15:00Z,แก่งคอย,73,0.0,0.0,0.0,,,True
1791612900,2026-10-10T06:15:00Z,ลี้,454,0.006,0.592,0.0242,,15,True
1791612900,2026-10-10T06:15:00Z,พระพุทธบาท,55,0.0,0.0,0.0,,,True
1791612900,2026-10-10T06:15:00Z,ดอนพุด,7,0.0,0.0,0.0,,,True
1791612900,2026-10-10T06:15:00Z,หนองโดน,31,0.0,0.0,0.0,,,True
1791612900,2026-10-10T06:15:00Z,เมืองลำปาง,300,0.005,0.299,0.0433,,15,True
1791612900,2026-10-10T06:15:00Z,เถิน,443,0.0,0.0,0.0,,,True
1791612900,2026-10-10T06:15:00Z,แม่พริก,167,0.0,0.0,0.0,,,True
1791612900,2026-10-10T06:15:00Z,แจ้ห่ม,274,0.005,0.201,0.0474,,105,True
1791612900,2026-10-10T06:15:00Z,แม่เปิน,85,0.003,0.098,0.0353,,45,True
1791612900,2026-10-10T06:15:00Z,เสริมงาม,185,0.03,0.592,0.1027,120,60,True
1791612900,2026-10-10T06:15:00Z,ชุมตาบง,61,0.003,0.098,0.0328,,15,True
1791612900,2026-10-10T06:15:00Z,งาว,344,0.01,0.299,0.0872,,15,True
1791612900,2026-10-10T06:15:00Z,ตากฟ้า,125,0.0,0.0,0.0,,,True
1791612900,2026-10-10T06:15:00Z,แม่เมาะ,283,0.002,0.196,0.0212,,60,True
1791612900,2026-10-10T06:15:00Z,แม่วงก์,257,0.01,0.592,0.0428,,15,True
1791612900,2026-10-10T06:15:00Z,เกาะคา,128,0.032,0.592,0.1406,60,30,True
1791612900,2026-10-10T06:15:00Z,พยุหะคีรี,169,0.0,0.0,0.0,,,True
1791612900,2026-10-10T06:15:00Z,ลาดยาว,187,0.387,2.496,0.3583,60,45,True
1791612900,2026-10-10T06:15:00Z,สบปราบ,125,0.0,0.0,0.0,,,True
1791612900,2026-10-10T06:15:00Z,ห้างฉัตร,154,0.0,0.0,0.0,,,True
1791612900,2026-10-10T06:15:00Z,แม่ทะ,203,0.01,0.413,0.0394,,15,True
1791612900,2026-10-10T06:15:00Z,เมืองปาน,202,0.0,0.0,0.0,,,True
1791612900,2026-10-10T06:15:00Z,เมืองอ่างทอง,6,0.0,0.0,0.0,,,True
1791612900,2026-10-10T06:15:00Z,ไชโย,20,0.0,0.0,0.0,,,True
1791612900,2026-10-10T06:15:00Z,สามโก้,10,0.0,0.0,0.0,,,True
1791612900,2026-10-10T06:15:00Z,แสวงหา,43,0.0,0.0,0.0,,,True
1791612900,2026-10-10T06:15:00Z,วิเศษชัยชาญ,7,0.0,0.0,0.0,,,True
1791612900,2026-10-10T06:15:00Z,โพธิ์ทอง,48,0.0,0.0,0.0,,,True
1791612900,2026-10-10T06:15:00Z,เมืองลพบุรี,190,0.0,0.0,0.0,,,True
1791612900,2026-10-10T06:15:00Z,เดิมบางนางบวช,130,0.0,0.0,0.0,,,True
1791612900,2026-10-10T06:15:00Z,ด่านช้าง,309,0.0,0.0,0.0,,,True
1791612900,2026-10-10T06:15:00Z,หนองม่วง,111,0.0,0.0,0.0,,,True
1791612900,2026-10-10T06:15:00Z,ลำสนธิ,136,0.002,0.288,0.0074,,105,True
1791612900,2026-10-10T06:15:00Z,สามชุก,77,0.0,0.0,0.0,,,True
1791612900,2026-10-10T06:15:00Z,ดอนเจดีย์,72,0.0,0.0,0.0,,,True
1791612900,2026-10-10T06:15:00Z,สระโบสถ์,83,0.0,0.0,0.0,,,True
1791612900,2026-10-10T06:15:00Z,ศรีประจันต์,41,0.0,0.0,0.0,,,True
1791612900,2026-10-10T06:15:00Z,โคกเจริญ,135,0.0,0.0,0.0,,,True
1791612900,2026-10-10T06:15:00Z,บ้านหมี่,136,0.0,0.0,0.0,,,True
1791612900,2026-10-10T06:15:00Z,ท่าหลวง,100,0.0,0.0,0.0,,,True
1791612900,2026-10-10T06:15:00Z,ชัยบาดาล,280,0.001,0.288,0.0036,,120,True
1791612900,2026-10-10T06:15:00Z,ท่าวุ้ง,64,0.0,0.0,0.0,,,True
1791612900,2026-10-10T06:15:00Z,พัฒนานิคม,217,0.0,0.0,0.0,,,True
1791612900,2026-10-10T06:15:00Z,โคกสำโรง,180,0.0,0.0,0.0,,,True
1791612900,2026-10-10T06:15:00Z,หนองหญ้าไซ,108,0.0,0.0,0.0,,,True
1791612900,2026-10-10T06:15:00Z,ท่าช้าง,11,0.0,0.0,0.0,,,True
1791612900,2026-10-10T06:15:00Z,อินทร์บุรี,66,0.0,0.0,0.0,,,True
1791612900,2026-10-10T06:15:00Z,ค่ายบางระจัน,26,0.0,0.0,0.0,,,True
1791612900,2026-10-10T06:15:00Z,พรหมบุรี,19,0.0,0.0,0.0,,,True
1791612900,2026-10-10T06:15:00Z,เนินสง่า,65,0.0,0.0,0.0,,,True
1791612900,2026-10-10T06:15:00Z,เมืองสิงห์บุรี,31,0.0,0.0,0.0,,,True
1791612900,2026-10-10T06:15:00Z,ซับใหญ่,72,0.0,0.0,0.0,,,True
1791612900,2026-10-10T06:15:00Z,บางระจัน,46,0.0,0.0,0.0,,,True
1791612900,2026-10-10T06:15:00Z,ภูกระดึง,190,0.0,0.0,0.0,,,True
1791612900,2026-10-10T06:15:00Z,ภูหลวง,145,0.0,0.0,0.0,,,True
1791612900,2026-10-10T06:15:00Z,หนองหิน,78,0.0,0.0,0.0,,,True
1791612900,2026-10-10T06:15:00Z,ผาขาว,100,0.0,0.0,0.0,,,True
1791612900,2026-10-10T06:15:00Z,เอราวัณ,87,0.0,0.0,0.0,,,True
1791612900,2026-10-10T06:15:00Z,วังสะพุง,281,0.0,0.0,0.0,,,True
1791612900,2026-10-10T06:15:00Z,วังม่วง,70,0.0,0.0,0.0,,,True
1791612900,2026-10-10T06:15:00Z,เฉลิมพระเกียรติ,35,0.0,0.0,0.0,,,True
1791612900,2026-10-10T06:15:00Z,มวกเหล็ก,175,0.0,0.0,0.0,,,True
1791612900,2026-10-10T06:15:00Z,บ้านเขว้า,124,0.0,0.0,0.0,,,True
1791612900,2026-10-10T06:15:00Z,คอนสวรรค์,113,0.0,0.0,0.0,,,True
1791612900,2026-10-10T06:15:00Z,เมืองชัยภูมิ,358,0.0,0.0,0.0,,,True
1791612900,2026-10-10T06:15:00Z,วังทอง,425,0.0,0.0,0.0,,,True
1791612900,2026-10-10T06:15:00Z,เนินมะปราง,276,0.0,0.0,0.0,,,True
1791612900,2026-10-10T06:15:00Z,สวรรคโลก,156,0.0,0.0,0.0,,,True
1791612900,2026-10-10T06:15:00Z,ศรีนคร,46,0.0,0.0,0.0,,,True
1791612900,2026-10-10T06:15:00Z,หันคา,139,0.0,0.0,0.0,,,True
1791612900,2026-10-10T06:15:00Z,ศรีสัชนาลัย,534,0.0,0.0,0.0,,,True
1791612900,2026-10-10T06:15:00Z,หนองมะโมง,76,0.0,0.0,0.0,,,True
1791612900,2026-10-10T06:15:00Z,ศรีสำโรง,142,0.0,0.0,0.0,,,True
1791612900,2026-10-10T06:15:00Z,สรรพยา,55,0.0,0.0,0.0,,,True
1791612900,2026-10-10T06:15:00Z,คีรีมาศ,171,0.0,0.0,0.0,,,True
1791612900,2026-10-10T06:15:00Z,สรรคบุรี,89,0.0,0.0,0.0,,,True
1791612900,2026-10-10T06:15:00Z,กงไกรลาศ,108,0.0,0.0,0.0,,,True
1791612900,2026-10-10T06:15:00Z,มโนรมย์,66,0.0,0.0,0.0,,,True
1791612900,2026-10-10T06:15:00Z,เมืองสุโขทัย,136,0.001,0.098,0.0074,,45,True
1791612900,2026-10-10T06:15:00Z,วัดสิงห์,67,0.0,0.0,0.0,,,True
1791612900,2026-10-10T06:15:00Z,บ้านด่านลานหอย,231,0.0,0.0,0.0,,,True
1791612900,2026-10-10T06:15:00Z,เมืองชัยนาท,70,0.0,0.0,0.0,,,True
1791612900,2026-10-10T06:15:00Z,เนินขาม,65,0.0,0.0,0.0,,,True
1791612900,2026-10-10T06:15:00Z,คอนสาร,334,0.0,0.0,0.0,,,True
1791612900,2026-10-10T06:15:00Z,ภักดีชุมพล,154,0.0,0.0,0.0,,,True
1791612900,2026-10-10T06:15:00Z,บ้านแท่น,76,0.0,0.0,0.0,,,True
1791612900,2026-10-10T06:15:00Z,แก้งคร้อ,168,0.0,0.0,0.0,,,True
1791612900,2026-10-10T06:15:00Z,ภูเขียว,201,0.0,0.0,0.0,,,True
1791612900,2026-10-10T06:15:00Z,หนองบัวระเหว,179,0.0,0.0,0.0,,,True
1791612900,2026-10-10T06:15:00Z,เทพสถิต,239,0.004,0.201,0.0209,,45,True
1791612900,2026-10-10T06:15:00Z,จัตุรัส,172,0.0,0.0,0.0,,,True
1791612900,2026-10-10T06:15:00Z,บำเหน็จณรงค์,120,0.011,0.413,0.0583,,15,True
1791612900,2026-10-10T06:15:00Z,เกษตรสมบูรณ์,268,0.0,0.0,0.0,,,True
1791612900,2026-10-10T06:15:00Z,หนองบัวแดง,537,0.0,0.0,0.0,,,True
1791612900,2026-10-10T06:15:00Z,ภูเรือ,168,0.0,0.0,0.0,,,True
1791612900,2026-10-10T06:15:00Z,ท่าลี่,171,0.0,0.0,0.0,,,True
1791612900,2026-10-10T06:15:00Z,วชิรบารมี,68,0.0,0.0,0.0,,,True
1791612900,2026-10-10T06:15:00Z,ด่านซ้าย,341,0.0,0.0,0.0,,,True
1791612900,2026-10-10T06:15:00Z,นาแห้ว,153,0.0,0.0,0.0,,,True
1791612900,2026-10-10T06:15:00Z,บึงนาราง,74,0.0,0.0,0.0,,,True
1791612900,2026-10-10T06:15:00Z,เชียงคาน,213,0.0,0.0,0.0,,,True
1791612900,2026-10-10T06:15:00Z,ดงเจริญ,56,0.0,0.0,0.0,,,True
1791612900,2026-10-10T06:15:00Z,ปากชม,240,0.0,0.0,0.0,,,True
1791612900,2026-10-10T06:15:00Z,เมืองเลย,314,0.0,0.0,0.0,,,True
1791612900,2026-10-10T06:15:00Z,นาด้วง,143,0.0,0.0,0.0,,,True
1791612900,2026-10-10T06:15:00Z,สากเหล็ก,45,0.0,0.0,0.0,,,True
1791612900,2026-10-10T06:15:00Z,สามง่าม,89,0.0,0.0,0.0,,,True
1791612900,2026-10-10T06:15:00Z,ทับคล้อ,104,0.0,0.0,0.0,,,True
1791612900,2026-10-10T06:15:00Z,พรหมพิราม,206,0.0,0.0,0.0,,,True
1791612900,2026-10-10T06:15:00Z,ด่านขุนทด,344,0.0,0.0,0.0,,,True
1791612900,2026-10-10T06:15:00Z,วัดโบสถ์,226,0.0,0.0,0.0,,,True
1791612900,2026-10-10T06:15:00Z,บางระกำ,246,0.0,0.0,0.0,,,True
1791612900,2026-10-10T06:15:00Z,บางกระทุ่ม,91,0.0,0.0,0.0,,,True
1791612900,2026-10-10T06:15:00Z,นครไทย,597,0.0,0.0,0.0,,,True
1791612900,2026-10-10T06:15:00Z,ชาติตระการ,415,0.0,0.0,0.0,,,True
1791612900,2026-10-10T06:15:00Z,บ้านเหลื่อม,55,0.0,0.0,0.0,,,True
1791612900,2026-10-10T06:15:00Z,เมืองพิษณุโลก,178,0.0,0.0,0.0,,,True
1791612900,2026-10-10T06:15:00Z,ชุมแสง,145,0.0,0.0,0.0,,,True
1791612900,2026-10-10T06:15:00Z,หนองบัว,208,0.0,0.0,0.0,,,True
1791612900,2026-10-10T06:15:00Z,เมืองนครสวรรค์,183,0.011,0.592,0.0383,,15,True
1791612900,2026-10-10T06:15:00Z,โกรกพระ,71,0.014,0.196,0.0845,,15,True
1791612900,2026-10-10T06:15:00Z,ไพศาลี,244,0.0,0.0,0.0,,,True
1791612900,2026-10-10T06:15:00Z,ตาคลี,206,0.0,0.0,0.0,,,True
1791612900,2026-10-10T06:15:00Z,ท่าตะโก,211,0.0,0.0,0.0,,,True
1791612900,2026-10-10T06:15:00Z,เขาค้อ,207,0.0,0.0,0.0,,,True
1791612900,2026-10-10T06:15:00Z,บรรพตพิสัย,181,0.186,2.496,0.1768,30,15,True
1791612900,2026-10-10T06:15:00Z,เก้าเลี้ยว,57,0.261,2.496,0.193,15,15,True
1791612900,2026-10-10T06:15:00Z,วังโป่ง,123,0.0,0.0,0.0,,,True
1791612900,2026-10-10T06:15:00Z,บึงสามพัน,194,0.0,0.0,0.0,,,True
1791612900,2026-10-10T06:15:00Z,น้ำหนาว,231,0.0,0.0,0.0,,,True
1791612900,2026-10-10T06:15:00Z,ศรีเทพ,204,0.0,0.0,0.0,,,True
1791612900,2026-10-10T06:15:00Z,หนองไผ่,315,0.0,0.0,0.0,,,True
1791612900,2026-10-10T06:15:00Z,มหาราช,4,0.0,0.0,0.0,,,False
1791612900,2026-10-10T06:15:00Z,บ้านแพรก,10,0.0,0.0,0.0,,,True
1791612900,2026-10-10T06:15:00Z,บางมูลนาก,99,0.0,0.0,0.0,,,True
1791612900,2026-10-10T06:15:00Z,โพทะเล,131,0.0,0.0,0.0,,,True
1791612900,2026-10-10T06:15:00Z,โพธิ์ประทับช้าง,102,0.0,0.0,0.0,,,True
1791612900,2026-10-10T06:15:00Z,ตะพานหิน,109,0.0,0.0,0.0,,,True
1791612900,2026-10-10T06:15:00Z,เมืองพิจิตร,138,0.0,0.0,0.0,,,True
1791612900,2026-10-10T06:15:00Z,วังทรายพูน,66,0.0,0.0,0.0,,,True
1791613800,2026-10-10T06:30:00Z,พิชัย,176,0.0,0.0,0.0,,,True
1791613800,2026-10-10T06:30:00Z,ลับแล,116,0.0,0.0,0.0,,,True
1791613800,2026-10-10T06:30:00Z,ฟากท่า,163,0.004,0.201,0.0307,,120,True
1791613800,2026-10-10T06:30:00Z,บ้านโคก,247,0.006,0.201,0.0405,,60,True
1791613800,2026-10-10T06:30:00Z,ท่าปลา,442,0.0,0.0,0.0,,,True
1791613800,2026-10-10T06:30:00Z,น้ำปาด,363,0.003,0.201,0.0165,,90,True
1791613800,2026-10-10T06:30:00Z,เมืองอุตรดิตถ์,202,0.0,0.0,0.0,,,True
1791613800,2026-10-10T06:30:00Z,ตรอน,80,0.0,0.0,0.0,,,True
1791613800,2026-10-10T06:30:00Z,หล่มเก่า,246,0.0,0.0,0.0,,,True
1791613800,2026-10-10T06:30:00Z,วิเชียรบุรี,377,0.0,0.0,0.0,,,True
1791613800,2026-10-10T06:30:00Z,ชนแดน,279,0.0,0.0,0.0,,,True
1791613800,2026-10-10T06:30:00Z,หล่มสัก,350,0.0,0.0,0.0,,,True
1791613800,2026-10-10T06:30:00Z,เมืองเพชรบูรณ์,571,0.0,0.0,0.0,,,True
1791613800,2026-10-10T06:30:00Z,ทองแสนขัน,185,0.0,0.0,0.0,,,True
1791613800,2026-10-10T06:30:00Z,บึงสามัคคี,71,0.0,0.0,0.0,,,True
1791613800,2026-10-10T06:30:00Z,โกสัมพีนคร,137,0.004,0.288,0.0219,,15,True
1791613800,2026-10-10T06:30:00Z,สอง,380,0.007,1.84,0.0289,,15,True
1791613800,2026-10-10T06:30:00Z,วังชิ้น,255,0.0,0.0,0.0,,,True
1791613800,2026-10-10T06:30:00Z,สูงเม่น,88,0.014,0.288,0.0682,,60,True
1791613800,2026-10-10T06:30:00Z,เด่นชัย,135,0.0,0.0,0.0,,,True
1791613800,2026-10-10T06:30:00Z,ร้องกวาง,221,0.009,0.413,0.0724,,15,True
1791613800,2026-10-10T06:30:00Z,ลอง,317,0.077,0.788,0.3312,75,45,True
1791613800,2026-10-10T06:30:00Z,เมืองแพร่,205,0.096,0.788,0.3415,15,15,True
1791613800,2026-10-10T06:30:00Z,ทัพทัน,94,0.0,0.0,0.0,,,True
1791613800,2026-10-10T06:30:00Z,สว่างอารมณ์,110,0.0,0.0,0.0,,,True
1791613800,2026-10-10T06:30:00Z,เมืองอุทัยธานี,59,0.0,0.0,0.0,,,True
1791613800,2026-10-10T06:30:00Z,ห้วยคต,94,0.0,0.0,0.0,,,True
1791613800,2026-10-10T06:30:00Z,ศรีสวัสดิ์,440,0.0,0.0,0.0,,,True
1791613800,2026-10-10T06:30:00Z,บ้านไร่,821,0.01,0.201,0.0828,,15,True
1791613800,2026-10-10T06:30:00Z,ลานสัก,360,0.0,0.0,0.0,,,True
1791613800,2026-10-10T06:30:00Z,หนองฉาง,89,0.0,0.0,0.0,,,True
1791613800,2026-10-10T06:30:00Z,หนองขาหย่าง,43,0.0,0.0,0.0,,,True
1791613800,2026-10-10T06:30:00Z,เชียงม่วน,82,0.0,0.0,0.0,,,True
1791613800,2026-10-10T06:30:00Z,ดอกคำใต้,37,0.0,0.0,0.0,,,True
1791613800,2026-10-10T06:30:00Z,เมืองพะเยา,6,0.0,0.0,0.0,,,True
1791613800,2026-10-10T06:30:00Z,ทองผาภูมิ,851,0.0,0.098,0.0047,,120,True
1791613800,2026-10-10T06:30:00Z,สังขละบุรี,793,0.0,0.0,0.0,,,True
1791613800,2026-10-10T06:30:00Z,หนองม่วงไข่,35,0.039,0.196,0.3429,30,15,True
1791613800,2026-10-10T06:30:00Z,ภูเวียง,81,0.0,0.0,0.0,,,True
1791613800,2026-10-10T06:30:00Z,มัญจาคีรี,50,0.0,0.0,0.0,,,True
1791613800,2026-10-10T06:30:00Z,หนองปรือ,104,0.0,0.0,0.0,,,True
1791613800,2026-10-10T06:30:00Z,เลาขวัญ,123,0.0,0.0,0.0,,,True
1791613800,2026-10-10T06:30:00Z,หนองนาคำ,43,0.0,0.0,0.0,,,True
1791613800,2026-10-10T06:30:00Z,โคกโพธิ์ไชย,65,0.0,0.0,0.0,,,True
1791613800,2026-10-10T06:30:00Z,บ้านหลวง,91,0.0,0.0,0.0,,,True
1791613800,2026-10-10T06:30:00Z,นาน้อย,266,0.0,0.0,0.0,,,True
1791613800,2026-10-10T06:30:00Z,ภูผาม่าน,74,0.0,0.0,0.0,,,True
1791613800,2026-10-10T06:30:00Z,เมืองน่าน,161,0.0,0.0,0.0,,,True
1791613800,2026-10-10T06:30:00Z,แม่จริม,262,0.0,0.0,0.0,,,True
1791613800,2026-10-10T06:30:00Z,เวียงเก่า,78,0.0,0.0,0.0,,,True
1791613800,2026-10-10T06:30:00Z,เมืองกำแพงเพชร,368,0.0,0.098,0.0027,,105,True
1791613800,2026-10-10T06:30:00Z,ไทรงาม,133,0.0,0.0,0.0,,,True
1791613800,2026-10-10T06:30:00Z,ปางศิลาทอง,186,0.004,0.098,0.0376,,15,True
1791613800,2026-10-10T06:30:00Z,ลานกระบือ,103,0.001,0.098,0.0097,,30,True
1791613800,2026-10-10T06:30:00Z,ทรายทองวัฒนา,53,0.0,0.0,0.0,,,True
1791613800,2026-10-10T06:30:00Z,คลองขลุง,179,0.0,0.0,0.0,,,True
1791613800,2026-10-10T06:30:00Z,พรานกระต่าย,252,0.0,0.0,0.0,,,True
1791613800,2026-10-10T06:30:00Z,คลองลาน,363,0.127,1.83,0.2369,15,15,True
1791613800,2026-10-10T06:30:00Z,ขาณุวรลักษบุรี,296,0.017,1.314,0.027,,75,True
1791613800,2026-10-10T06:30:00Z,ภูเพียง,113,0.0,0.0,0.0,,,True
1791613800,2026-10-10T06:30:00Z,นาหมื่น,245,0.0,0.0,0.0,,,True
1791613800,2026-10-10T06:30:00Z,เวียงสา,543,0.0,0.0,0.0,,,True
1791613800,2026-10-10T06:30:00Z,น้ำโสม,153,0.0,0.0,0.0,,,True
1791613800,2026-10-10T06:30:00Z,นายูง,126,0.0,0.0,0.0,,,True
1791613800,2026-10-10T06:30:00Z,ชุมแพ,173,0.0,0.0,0.0,,,True
1791613800,2026-10-10T06:30:00Z,สีชมพู,132,0.0,0.0,0.0,,,True
1791613800,2026-10-10T06:30:00Z,สุวรรณคูหา,140,0.0,0.0,0.0,,,True
1791613800,2026-10-10T06:30:00Z,นาวัง,65,0.0,0.0,0.0,,,True
1791613800,2026-10-10T06:30:00Z,หนองเรือ,80,0.0,0.0,0.0,,,True
1791613800,2026-10-10T06:30:00Z,โนนสัง,51,0.0,0.0,0.0,,,True
1791613800,2026-10-10T06:30:00Z,ศรีบุญเรือง,224,0.0,0.0,0.0,,,True
1791613800,2026-10-10T06:30:00Z,เมืองหนองบัวลำภู,217,0.0,0.0,0.0,,,True
1791613800,2026-10-10T06:30:00Z,นากลาง,173,0.0,0.0,0.0,,,True
1791613800,2026-10-10T06:30:00Z,ทุ่งเสลี่ยม,144,0.0,0.0,0.0,,,True
1791613800,2026-10-10T06:30:00Z,ดอยหล่อ,56,0.0,0.0,0.0,,,True
1791613800,2026-10-10T06:30:00Z,เมืองตาก,486,0.0,0.098,0.0041,,45,True
1791613800,2026-10-10T06:30:00Z,แม่ออน,116,0.0,0.0,0.0,,,True
1791613800,2026-10-10T06:30:00Z,อุ้มผาง,1209,0.039,1.641,0.1117,90,30,True
1791613800,2026-10-10T06:30:00Z,วังเจ้า,183,0.021,0.848,0.1148,45,15,True
1791613800,2026-10-10T06:30:00Z,แม่สอด,398,0.0,0.0,0.0,,,True
1791613800,2026-10-10T06:30:00Z,พบพระ,249,0.084,0.848,0.3133,60,15,True
1791613800,2026-10-10T06:30:00Z,แม่ระมาด,380,0.011,0.299,0.0816,,60,True
1791613800,2026-10-10T06:30:00Z,ท่าสองยาง,401,0.012,0.592,0.0499,,90,True
1791613800,2026-10-10T06:30:00Z,บ้านตาก,255,0.0,0.0,0.0,,,True
1791613800,2026-10-10T06:30:00Z,สามเงา,698,0.025,1.049,0.1132,60,15,True
1791613800,2026-10-10T06:30:00Z,จอมทอง,280,0.0,0.098,0.0036,,15,True
1791613800,2026-10-10T06:30:00Z,แก้งสนามนาง,79,0.0,0.0,0.0,,,True
1791613800,2026-10-10T06:30:00Z,สีคิ้ว,292,0.0,0.0,0.0,,,True
1791613800,2026-10-10T06:30:00Z,พระทองคำ,90,0.0,0.0,0.0,,,True
1791613800,2026-10-10T06:30:00Z,เทพารักษ์,92,0.0,0.0,0.0,,,True
1791613800,2026-10-10T06:30:00Z,สันกำแพง,65,0.0,0.0,0.0,,,True
1791613800,2026-10-10T06:30:00Z,สันป่าตอง,44,0.0,0.0,0.0,,,True
1791613800,2026-10-10T06:30:00Z,ดอยเต่า,213,0.0,0.0,0.0,,,True
1791613800,2026-10-10T06:30:00Z,อมก๋อย,704,0.021,0.848,0.0696,,45,True
1791613800,2026-10-10T06:30:00Z,ฮอด,378,0.0,0.098,0.0026,,15,True
1791613800,2026-10-10T06:30:00Z,เมืองลำพูน,117,0.0,0.0,0.0,,,True
1791613800,2026-10-10T06:30:00Z,แม่ทา,192,0.0,0.0,0.0,,,True
1791613800,2026-10-10T06:30:00Z,บ้านธิ,34,0.0,0.0,0.0,,,True
1791613800,2026-10-10T06:30:00Z,บ้านหมอ,24,0.0,0.0,0.0,,,True
1791613800,2026-10-10T06:30:00Z,เวียงหนองล่อง,14,0.0,0.0,0.0,,,True
1791613800,2026-10-10T06:30:00Z,ทุ่งหัวช้าง,113,0.014,0.592,0.0531,,120,True
1791613800,2026-10-10T06:30:00Z,ป่าซาง,74,0.0,0.0,0.0,,,True
1791613800,2026-10-10T06:30:00Z,บ้านโฮ่ง,124,0.0,0.0,0.0,,,True
1791613800,2026-10-10T06:30:00Z,แก่งคอย,73,0.0,0.0,0.0,,,True
1791613800,2026-10-10T06:30:00Z,ลี้,454,0.004,0.592,0.0132,,15,True
1791613800,2026-10-10T06:30:00Z,พระพุทธบาท,55,0.0,0.0,0.0,,,True
1791613800,2026-10-10T06:30:00Z,ดอนพุด,7,0.0,0.0,0.0,,,True
1791613800,2026-10-10T06:30:00Z,หนองโดน,31,0.0,0.0,0.0,,,True
1791613800,2026-10-10T06:30:00Z,เมืองลำปาง,300,0.037,1.742,0.0967,,15,True
1791613800,2026-10-10T06:30:00Z,เถิน,443,0.0,0.0,0.0,,,True
1791613800,2026-10-10T06:30:00Z,แม่พริก,167,0.0,0.0,0.0,,,True
1791613800,2026-10-10T06:30:00Z,แจ้ห่ม,274,0.021,0.946,0.0547,,90,True
1791613800,2026-10-10T06:30:00Z,แม่เปิน,85,0.0,0.0,0.0,,,True
1791613800,2026-10-10T06:30:00Z,เสริมงาม,185,0.059,0.69,0.2216,90,60,True
1791613800,2026-10-10T06:30:00Z,ชุมตาบง,61,0.0,0.0,0.0,,,True
1791613800,2026-10-10T06:30:00Z,งาว,344,0.035,1.742,0.0756,,15,True
1791613800,2026-10-10T06:30:00Z,ตากฟ้า,125,0.0,0.0,0.0,,,True
1791613800,2026-10-10T06:30:00Z,แม่เมาะ,283,0.053,1.84,0.1378,105,30,True
1791613800,2026-10-10T06:30:00Z,แม่วงก์,257,0.058,1.216,0.1245,120,15,True
1791613800,2026-10-10T06:30:00Z,เกาะคา,128,0.086,0.592,0.2891,30,15,True
1791613800,2026-10-10T06:30:00Z,พยุหะคีรี,169,0.0,0.0,0.0,,,True
1791613800,2026-10-10T06:30:00Z,ลาดยาว,187,0.235,1.314,0.3797,60,30,True
1791613800,2026-10-10T06:30:00Z,สบปราบ,125,0.0,0.0,0.0,,,True
1791613800,2026-10-10T06:30:00Z,ห้างฉัตร,154,0.004,0.592,0.0065,,105,True
1791613800,2026-10-10T06:30:00Z,แม่ทะ,203,0.011,0.592,0.0443,,15,True
1791613800,2026-10-10T06:30:00Z,เมืองปาน,202,0.0,0.0,0.0,,,True
1791613800,2026-10-10T06:30:00Z,เมืองอ่างทอง,6,0.0,0.0,0.0,,,True
1791613800,2026-10-10T06:30:00Z,ไชโย,20,0.0,0.0,0.0,,,True
1791613800,2026-10-10T06:30:00Z,สามโก้,10,0.0,0.0,0.0,,,True
1791613800,2026-10-10T06:30:00Z,แสวงหา,43,0.0,0.0,0.0,,,True
1791613800,2026-10-10T06:30:00Z,วิเศษชัยชาญ,7,0.0,0.0,0.0,,,True
1791613800,2026-10-10T06:30:00Z,โพธิ์ทอง,48,0.0,0.0,0.0,,,True
1791613800,2026-10-10T06:30:00Z,เมืองลพบุรี,190,0.0,0.0,0.0,,,True
1791613800,2026-10-10T06:30:00Z,เดิมบางนางบวช,130,0.0,0.0,0.0,,,True
1791613800,2026-10-10T06:30:00Z,ด่านช้าง,309,0.0,0.0,0.0,,,True
1791613800,2026-10-10T06:30:00Z,หนองม่วง,111,0.0,0.0,0.0,,,True
1791613800,2026-10-10T06:30:00Z,ลำสนธิ,136,0.0,0.0,0.0,,,True
1791613800,2026-10-10T06:30:00Z,สามชุก,77,0.0,0.0,0.0,,,True
1791613800,2026-10-10T06:30:00Z,ดอนเจดีย์,72,0.0,0.0,0.0,,,True
1791613800,2026-10-10T06:30:00Z,สระโบสถ์,83,0.0,0.0,0.0,,,True
1791613800,2026-10-10T06:30:00Z,ศรีประจันต์,41,0.0,0.0,0.0,,,True
1791613800,2026-10-10T06:30:00Z,โคกเจริญ,135,0.0,0.0,0.0,,,True
1791613800,2026-10-10T06:30:00Z,บ้านหมี่,136,0.0,0.0,0.0,,,True
1791613800,2026-10-10T06:30:00Z,ท่าหลวง,100,0.0,0.0,0.0,,,True
1791613800,2026-10-10T06:30:00Z,ชัยบาดาล,280,0.0,0.0,0.0,,,True
1791613800,2026-10-10T06:30:00Z,ท่าวุ้ง,64,0.0,0.0,0.0,,,True
1791613800,2026-10-10T06:30:00Z,พัฒนานิคม,217,0.0,0.0,0.0,,,True
1791613800,2026-10-10T06:30:00Z,โคกสำโรง,180,0.0,0.0,0.0,,,True
1791613800,2026-10-10T06:30:00Z,หนองหญ้าไซ,108,0.0,0.0,0.0,,,True
1791613800,2026-10-10T06:30:00Z,ท่าช้าง,11,0.0,0.0,0.0,,,True
1791613800,2026-10-10T06:30:00Z,อินทร์บุรี,66,0.0,0.0,0.0,,,True
1791613800,2026-10-10T06:30:00Z,ค่ายบางระจัน,26,0.0,0.0,0.0,,,True
1791613800,2026-10-10T06:30:00Z,พรหมบุรี,19,0.0,0.0,0.0,,,True
1791613800,2026-10-10T06:30:00Z,เนินสง่า,65,0.0,0.0,0.0,,,True
1791613800,2026-10-10T06:30:00Z,เมืองสิงห์บุรี,31,0.0,0.0,0.0,,,True
1791613800,2026-10-10T06:30:00Z,ซับใหญ่,72,0.0,0.0,0.0,,,True
1791613800,2026-10-10T06:30:00Z,บางระจัน,46,0.0,0.0,0.0,,,True
1791613800,2026-10-10T06:30:00Z,ภูกระดึง,190,0.0,0.0,0.0,,,True
1791613800,2026-10-10T06:30:00Z,ภูหลวง,145,0.0,0.0,0.0,,,True
1791613800,2026-10-10T06:30:00Z,หนองหิน,78,0.0,0.0,0.0,,,True
1791613800,2026-10-10T06:30:00Z,ผาขาว,100,0.0,0.0,0.0,,,True
1791613800,2026-10-10T06:30:00Z,เอราวัณ,87,0.0,0.0,0.0,,,True
1791613800,2026-10-10T06:30:00Z,วังสะพุง,281,0.0,0.0,0.0,,,True
1791613800,2026-10-10T06:30:00Z,วังม่วง,70,0.0,0.0,0.0,,,True
1791613800,2026-10-10T06:30:00Z,เฉลิมพระเกียรติ,35,0.0,0.0,0.0,,,True
1791613800,2026-10-10T06:30:00Z,มวกเหล็ก,175,0.0,0.0,0.0,,,True
1791613800,2026-10-10T06:30:00Z,บ้านเขว้า,124,0.0,0.0,0.0,,,True
1791613800,2026-10-10T06:30:00Z,คอนสวรรค์,113,0.0,0.0,0.0,,,True
1791613800,2026-10-10T06:30:00Z,เมืองชัยภูมิ,358,0.0,0.0,0.0,,,True
1791613800,2026-10-10T06:30:00Z,วังทอง,425,0.0,0.0,0.0,,,True
1791613800,2026-10-10T06:30:00Z,เนินมะปราง,276,0.0,0.0,0.0,,,True
1791613800,2026-10-10T06:30:00Z,สวรรคโลก,156,0.0,0.0,0.0,,,True
1791613800,2026-10-10T06:30:00Z,ศรีนคร,46,0.0,0.0,0.0,,,True
1791613800,2026-10-10T06:30:00Z,หันคา,139,0.0,0.0,0.0,,,True
1791613800,2026-10-10T06:30:00Z,ศรีสัชนาลัย,534,0.0,0.0,0.0,,,True
1791613800,2026-10-10T06:30:00Z,หนองมะโมง,76,0.0,0.0,0.0,,,True
1791613800,2026-10-10T06:30:00Z,ศรีสำโรง,142,0.0,0.0,0.0,,,True
1791613800,2026-10-10T06:30:00Z,สรรพยา,55,0.0,0.0,0.0,,,True
1791613800,2026-10-10T06:30:00Z,คีรีมาศ,171,0.0,0.0,0.0,,,True
1791613800,2026-10-10T06:30:00Z,สรรคบุรี,89,0.0,0.0,0.0,,,True
1791613800,2026-10-10T06:30:00Z,กงไกรลาศ,108,0.0,0.0,0.0,,,True
1791613800,2026-10-10T06:30:00Z,มโนรมย์,66,0.0,0.0,0.0,,,True
1791613800,2026-10-10T06:30:00Z,เมืองสุโขทัย,136,0.0,0.0,0.0,,,True
1791613800,2026-10-10T06:30:00Z,วัดสิงห์,67,0.0,0.0,0.0,,,True
1791613800,2026-10-10T06:30:00Z,บ้านด่านลานหอย,231,0.0,0.0,0.0,,,True
1791613800,2026-10-10T06:30:00Z,เมืองชัยนาท,70,0.0,0.0,0.0,,,True
1791613800,2026-10-10T06:30:00Z,เนินขาม,65,0.0,0.0,0.0,,,True
1791613800,2026-10-10T06:30:00Z,คอนสาร,334,0.0,0.0,0.0,,,True
1791613800,2026-10-10T06:30:00Z,ภักดีชุมพล,154,0.0,0.0,0.0,,,True
1791613800,2026-10-10T06:30:00Z,บ้านแท่น,76,0.0,0.0,0.0,,,True
1791613800,2026-10-10T06:30:00Z,แก้งคร้อ,168,0.0,0.0,0.0,,,True
1791613800,2026-10-10T06:30:00Z,ภูเขียว,201,0.0,0.0,0.0,,,True
1791613800,2026-10-10T06:30:00Z,หนองบัวระเหว,179,0.0,0.0,0.0,,,True
1791613800,2026-10-10T06:30:00Z,เทพสถิต,239,0.0,0.0,0.0,,,True
1791613800,2026-10-10T06:30:00Z,จัตุรัส,172,0.0,0.0,0.0,,,True
1791613800,2026-10-10T06:30:00Z,บำเหน็จณรงค์,120,0.0,0.0,0.0,,,True
1791613800,2026-10-10T06:30:00Z,เกษตรสมบูรณ์,268,0.0,0.0,0.0,,,True
1791613800,2026-10-10T06:30:00Z,หนองบัวแดง,537,0.0,0.0,0.0,,,True
1791613800,2026-10-10T06:30:00Z,ภูเรือ,168,0.0,0.0,0.0,,,True
1791613800,2026-10-10T06:30:00Z,ท่าลี่,171,0.0,0.0,0.0,,,True
1791613800,2026-10-10T06:30:00Z,วชิรบารมี,68,0.0,0.0,0.0,,,True
1791613800,2026-10-10T06:30:00Z,ด่านซ้าย,341,0.0,0.0,0.0,,,True
1791613800,2026-10-10T06:30:00Z,นาแห้ว,153,0.0,0.0,0.0,,,True
1791613800,2026-10-10T06:30:00Z,บึงนาราง,74,0.0,0.0,0.0,,,True
1791613800,2026-10-10T06:30:00Z,เชียงคาน,213,0.0,0.0,0.0,,,True
1791613800,2026-10-10T06:30:00Z,ดงเจริญ,56,0.0,0.0,0.0,,,True
1791613800,2026-10-10T06:30:00Z,ปากชม,240,0.0,0.0,0.0,,,True
1791613800,2026-10-10T06:30:00Z,เมืองเลย,314,0.0,0.0,0.0,,,True
1791613800,2026-10-10T06:30:00Z,นาด้วง,143,0.0,0.0,0.0,,,True
1791613800,2026-10-10T06:30:00Z,สากเหล็ก,45,0.0,0.0,0.0,,,True
1791613800,2026-10-10T06:30:00Z,สามง่าม,89,0.0,0.0,0.0,,,True
1791613800,2026-10-10T06:30:00Z,ทับคล้อ,104,0.0,0.0,0.0,,,True
1791613800,2026-10-10T06:30:00Z,พรหมพิราม,206,0.0,0.0,0.0,,,True
1791613800,2026-10-10T06:30:00Z,ด่านขุนทด,344,0.0,0.0,0.0,,,True
1791613800,2026-10-10T06:30:00Z,วัดโบสถ์,226,0.0,0.0,0.0,,,True
1791613800,2026-10-10T06:30:00Z,บางระกำ,246,0.0,0.0,0.0,,,True
1791613800,2026-10-10T06:30:00Z,บางกระทุ่ม,91,0.0,0.0,0.0,,,True
1791613800,2026-10-10T06:30:00Z,นครไทย,597,0.0,0.0,0.0,,,True
1791613800,2026-10-10T06:30:00Z,ชาติตระการ,415,0.0,0.0,0.0,,,True
1791613800,2026-10-10T06:30:00Z,บ้านเหลื่อม,55,0.0,0.0,0.0,,,True
1791613800,2026-10-10T06:30:00Z,เมืองพิษณุโลก,178,0.0,0.0,0.0,,,True
1791613800,2026-10-10T06:30:00Z,ชุมแสง,145,0.0,0.0,0.0,,,True
1791613800,2026-10-10T06:30:00Z,หนองบัว,208,0.0,0.0,0.0,,,True
1791613800,2026-10-10T06:30:00Z,เมืองนครสวรรค์,183,0.007,0.592,0.0219,,15,True
1791613800,2026-10-10T06:30:00Z,โกรกพระ,71,0.0,0.0,0.0,,,True
1791613800,2026-10-10T06:30:00Z,ไพศาลี,244,0.0,0.0,0.0,,,True
1791613800,2026-10-10T06:30:00Z,ตาคลี,206,0.0,0.0,0.0,,,True
1791613800,2026-10-10T06:30:00Z,ท่าตะโก,211,0.0,0.0,0.0,,,True
1791613800,2026-10-10T06:30:00Z,เขาค้อ,207,0.0,0.0,0.0,,,True
1791613800,2026-10-10T06:30:00Z,บรรพตพิสัย,181,0.148,1.314,0.2265,15,15,True
1791613800,2026-10-10T06:30:00Z,เก้าเลี้ยว,57,0.01,0.592,0.0175,,15,True
1791613800,2026-10-10T06:30:00Z,วังโป่ง,123,0.0,0.0,0.0,,,True
1791613800,2026-10-10T06:30:00Z,บึงสามพัน,194,0.0,0.0,0.0,,,True
1791613800,2026-10-10T06:30:00Z,น้ำหนาว,231,0.0,0.0,0.0,,,True
1791613800,2026-10-10T06:30:00Z,ศรีเทพ,204,0.0,0.0,0.0,,,True
1791613800,2026-10-10T06:30:00Z,หนองไผ่,315,0.0,0.0,0.0,,,True
1791613800,2026-10-10T06:30:00Z,มหาราช,4,0.0,0.0,0.0,,,False
1791613800,2026-10-10T06:30:00Z,บ้านแพรก,10,0.0,0.0,0.0,,,True
1791613800,2026-10-10T06:30:00Z,บางมูลนาก,99,0.0,0.0,0.0,,,True
1791613800,2026-10-10T06:30:00Z,โพทะเล,131,0.0,0.0,0.0,,,True
1791613800,2026-10-10T06:30:00Z,โพธิ์ประทับช้าง,102,0.0,0.0,0.0,,,True
1791613800,2026-10-10T06:30:00Z,ตะพานหิน,109,0.0,0.0,0.0,,,True
1791613800,2026-10-10T06:30:00Z,เมืองพิจิตร,138,0.0,0.0,0.0,,,True
1791613800,2026-10-10T06:30:00Z,วังทรายพูน,66,0.0,0.0,0.0,,,True
1791614700,2026-10-10T06:45:00Z,พิชัย,176,0.0,0.0,0.0,,,True
1791614700,2026-10-10T06:45:00Z,ลับแล,116,0.0,0.0,0.0,,,True
1791614700,2026-10-10T06:45:00Z,ฟากท่า,163,0.002,0.098,0.0245,,120,True
1791614700,2026-10-10T06:45:00Z,บ้านโคก,247,0.007,0.201,0.0567,,75,True
1791614700,2026-10-10T06:45:00Z,ท่าปลา,442,0.0,0.0,0.0,,,True
1791614700,2026-10-10T06:45:00Z,น้ำปาด,363,0.0,0.0,0.0,,,True
1791614700,2026-10-10T06:45:00Z,เมืองอุตรดิตถ์,202,0.0,0.0,0.0,,,True
1791614700,2026-10-10T06:45:00Z,ตรอน,80,0.0,0.0,0.0,,,True
1791614700,2026-10-10T06:45:00Z,หล่มเก่า,246,0.0,0.0,0.0,,,True
1791614700,2026-10-10T06:45:00Z,วิเชียรบุรี,377,0.0,0.0,0.0,,,True
1791614700,2026-10-10T06:45:00Z,ชนแดน,279,0.0,0.0,0.0,,,True
1791614700,2026-10-10T06:45:00Z,หล่มสัก,350,0.0,0.0,0.0,,,True
1791614700,2026-10-10T06:45:00Z,เมืองเพชรบูรณ์,571,0.0,0.0,0.0,,,True
1791614700,2026-10-10T06:45:00Z,ทองแสนขัน,185,0.0,0.0,0.0,,,True
1791614700,2026-10-10T06:45:00Z,บึงสามัคคี,71,0.0,0.0,0.0,,,True
1791614700,2026-10-10T06:45:00Z,โกสัมพีนคร,137,0.181,2.958,0.2336,30,15,True
1791614700,2026-10-10T06:45:00Z,สอง,380,0.049,0.848,0.1368,45,15,True
1791614700,2026-10-10T06:45:00Z,วังชิ้น,255,0.0,0.0,0.0,,,True
1791614700,2026-10-10T06:45:00Z,สูงเม่น,88,0.002,0.098,0.0227,,15,True
1791614700,2026-10-10T06:45:00Z,เด่นชัย,135,0.0,0.0,0.0,,,True
1791614700,2026-10-10T06:45:00Z,ร้องกวาง,221,0.007,0.848,0.0181,,15,True
1791614700,2026-10-10T06:45:00Z,ลอง,317,0.17,1.216,0.4669,45,15,True
1791614700,2026-10-10T06:45:00Z,เมืองแพร่,205,0.108,1.314,0.239,15,15,True
1791614700,2026-10-10T06:45:00Z,ทัพทัน,94,0.0,0.0,0.0,,,True
1791614700,2026-10-10T06:45:00Z,สว่างอารมณ์,110,0.0,0.0,0.0,,,True
1791614700,2026-10-10T06:45:00Z,เมืองอุทัยธานี,59,0.0,0.0,0.0,,,True
1791614700,2026-10-10T06:45:00Z,ห้วยคต,94,0.0,0.0,0.0,,,True
1791614700,2026-10-10T06:45:00Z,ศรีสวัสดิ์,440,0.0,0.0,0.0,,,True
1791614700,2026-10-10T06:45:00Z,บ้านไร่,821,0.0,0.0,0.0,,,True
1791614700,2026-10-10T06:45:00Z,ลานสัก,360,0.0,0.0,0.0,,,True
1791614700,2026-10-10T06:45:00Z,หนองฉาง,89,0.0,0.0,0.0,,,True
1791614700,2026-10-10T06:45:00Z,หนองขาหย่าง,43,0.0,0.0,0.0,,,True
1791614700,2026-10-10T06:45:00Z,เชียงม่วน,82,0.0,0.0,0.0,,,True
1791614700,2026-10-10T06:45:00Z,ดอกคำใต้,37,0.0,0.0,0.0,,,True
1791614700,2026-10-10T06:45:00Z,เมืองพะเยา,6,0.0,0.0,0.0,,,True
1791614700,2026-10-10T06:45:00Z,ทองผาภูมิ,851,0.0,0.0,0.0,,,True
1791614700,2026-10-10T06:45:00Z,สังขละบุรี,793,0.0,0.0,0.0,,,True
1791614700,2026-10-10T06:45:00Z,หนองม่วงไข่,35,0.156,0.413,0.7143,15,15,True
1791614700,2026-10-10T06:45:00Z,ภูเวียง,81,0.0,0.0,0.0,,,True
1791614700,2026-10-10T06:45:00Z,มัญจาคีรี,50,0.0,0.0,0.0,,,True
1791614700,2026-10-10T06:45:00Z,หนองปรือ,104,0.0,0.0,0.0,,,True
1791614700,2026-10-10T06:45:00Z,เลาขวัญ,123,0.0,0.0,0.0,,,True
1791614700,2026-10-10T06:45:00Z,หนองนาคำ,43,0.0,0.0,0.0,,,True
1791614700,2026-10-10T06:45:00Z,โคกโพธิ์ไชย,65,0.0,0.0,0.0,,,True
1791614700,2026-10-10T06:45:00Z,บ้านหลวง,91,0.0,0.0,0.0,,,True
1791614700,2026-10-10T06:45:00Z,นาน้อย,266,0.0,0.0,0.0,,,True
1791614700,2026-10-10T06:45:00Z,ภูผาม่าน,74,0.0,0.0,0.0,,,True
1791614700,2026-10-10T06:45:00Z,เมืองน่าน,161,0.0,0.0,0.0,,,True
1791614700,2026-10-10T06:45:00Z,แม่จริม,262,0.0,0.0,0.0,,,True
1791614700,2026-10-10T06:45:00Z,เวียงเก่า,78,0.0,0.0,0.0,,,True
1791614700,2026-10-10T06:45:00Z,เมืองกำแพงเพชร,368,0.016,1.216,0.038,,60,True
1791614700,2026-10-10T06:45:00Z,ไทรงาม,133,0.0,0.0,0.0,,,True
1791614700,2026-10-10T06:45:00Z,ปางศิลาทอง,186,0.0,0.0,0.0,,,True
1791614700,2026-10-10T06:45:00Z,ลานกระบือ,103,0.036,1.216,0.0583,,15,True
1791614700,2026-10-10T06:45:00Z,ทรายทองวัฒนา,53,0.0,0.0,0.0,,,True
1791614700,2026-10-10T06:45:00Z,คลองขลุง,179,0.0,0.0,0.0,,,True
1791614700,2026-10-10T06:45:00Z,พรานกระต่าย,252,0.042,1.216,0.0992,,15,True
1791614700,2026-10-10T06:45:00Z,คลองลาน,363,0.045,2.496,0.0937,,15,True
1791614700,2026-10-10T06:45:00Z,ขาณุวรลักษบุรี,296,0.034,1.184,0.0709,,45,True
1791614700,2026-10-10T06:45:00Z,ภูเพียง,113,0.0,0.0,0.0,,,True
1791614700,2026-10-10T06:45:00Z,นาหมื่น,245,0.0,0.0,0.0,,,True
1791614700,2026-10-10T06:45:00Z,เวียงสา,543,0.0,0.0,0.0,,,True
1791614700,2026-10-10T06:45:00Z,น้ำโสม,153,0.0,0.0,0.0,,,True
1791614700,2026-10-10T06:45:00Z,นายูง,126,0.0,0.0,0.0,,,True
1791614700,2026-10-10T06:45:00Z,ชุมแพ,173,0.0,0.0,0.0,,,True
1791614700,2026-10-10T06:45:00Z,สีชมพู,132,0.0,0.0,0.0,,,True
1791614700,2026-10-10T06:45:00Z,สุวรรณคูหา,140,0.0,0.0,0.0,,,True
1791614700,2026-10-10T06:45:00Z,นาวัง,65,0.0,0.0,0.0,,,True
1791614700,2026-10-10T06:45:00Z,หนองเรือ,80,0.0,0.0,0.0,,,True
1791614700,2026-10-10T06:45:00Z,โนนสัง,51,0.0,0.0,0.0,,,True
1791614700,2026-10-10T06:45:00Z,ศรีบุญเรือง,224,0.0,0.0,0.0,,,True
1791614700,2026-10-10T06:45:00Z,เมืองหนองบัวลำภู,217,0.0,0.0,0.0,,,True
1791614700,2026-10-10T06:45:00Z,นากลาง,173,0.0,0.0,0.0,,,True
1791614700,2026-10-10T06:45:00Z,ทุ่งเสลี่ยม,144,0.0,0.0,0.0,,,True
1791614700,2026-10-10T06:45:00Z,ดอยหล่อ,56,0.0,0.0,0.0,,,True
1791614700,2026-10-10T06:45:00Z,เมืองตาก,486,0.005,0.592,0.0226,,30,True
1791614700,2026-10-10T06:45:00Z,แม่ออน,116,0.0,0.0,0.0,,,True
1791614700,2026-10-10T06:45:00Z,อุ้มผาง,1209,0.021,1.261,0.0513,,15,True
1791614700,2026-10-10T06:45:00Z,วังเจ้า,183,0.02,1.314,0.0437,,15,True
1791614700,2026-10-10T06:45:00Z,แม่สอด,398,0.0,0.098,0.005,,120,True
1791614700,2026-10-10T06:45:00Z,พบพระ,249,0.224,3.088,0.3695,60,15,True
1791614700,2026-10-10T06:45:00Z,แม่ระมาด,380,0.034,0.592,0.1211,120,30,True
1791614700,2026-10-10T06:45:00Z,ท่าสองยาง,401,0.008,0.299,0.0574,,90,True
1791614700,2026-10-10T06:45:00Z,บ้านตาก,255,0.0,0.0,0.0,,,True
1791614700,2026-10-10T06:45:00Z,สามเงา,698,0.032,1.216,0.1203,45,15,True
1791614700,2026-10-10T06:45:00Z,จอมทอง,280,0.0,0.0,0.0,,,True
1791614700,2026-10-10T06:45:00Z,แก้งสนามนาง,79,0.0,0.0,0.0,,,True
1791614700,2026-10-10T06:45:00Z,สีคิ้ว,292,0.0,0.0,0.0,,,True
1791614700,2026-10-10T06:45:00Z,พระทองคำ,90,0.0,0.0,0.0,,,True
1791614700,2026-10-10T06:45:00Z,เทพารักษ์,92,0.0,0.0,0.0,,,True
1791614700,2026-10-10T06:45:00Z,สันกำแพง,65,0.0,0.0,0.0,,,True
1791614700,2026-10-10T06:45:00Z,สันป่าตอง,44,0.0,0.0,0.0,,,True
1791614700,2026-10-10T06:45:00Z,ดอยเต่า,213,0.011,0.848,0.0282,,15,True
1791614700,2026-10-10T06:45:00Z,อมก๋อย,704,0.036,1.216,0.1307,90,30,True
1791614700,2026-10-10T06:45:00Z,ฮอด,378,0.005,0.592,0.0159,,15,True
1791614700,2026-10-10T06:45:00Z,เมืองลำพูน,117,0.0,0.0,0.0,,,True
1791614700,2026-10-10T06:45:00Z,แม่ทา,192,0.001,0.098,0.0052,,120,True
1791614700,2026-10-10T06:45:00Z,บ้านธิ,34,0.0,0.0,0.0,,,True
1791614700,2026-10-10T06:45:00Z,บ้านหมอ,24,0.0,0.0,0.0,,,True
1791614700,2026-10-10T06:45:00Z,เวียงหนองล่อง,14,0.0,0.0,0.0,,,True
1791614700,2026-10-10T06:45:00Z,ทุ่งหัวช้าง,113,0.004,0.098,0.0442,,105,True
1791614700,2026-10-10T06:45:00Z,ป่าซาง,74,0.0,0.0,0.0,,,True
1791614700,2026-10-10T06:45:00Z,บ้านโฮ่ง,124,0.0,0.0,0.0,,,True
1791614700,2026-10-10T06:45:00Z,แก่งคอย,73,0.0,0.0,0.0,,,True
1791614700,2026-10-10T06:45:00Z,ลี้,454,0.0,0.0,0.0,,,True
1791614700,2026-10-10T06:45:00Z,พระพุทธบาท,55,0.0,0.0,0.0,,,True
1791614700,2026-10-10T06:45:00Z,ดอนพุด,7,0.0,0.0,0.0,,,True
1791614700,2026-10-10T06:45:00Z,หนองโดน,31,0.0,0.0,0.0,,,True
1791614700,2026-10-10T06:45:00Z,เมืองลำปาง,300,0.041,1.314,0.12,105,15,True
1791614700,2026-10-10T06:45:00Z,เถิน,443,0.0,0.0,0.0,,,True
1791614700,2026-10-10T06:45:00Z,แม่พริก,167,0.0,0.0,0.0,,,True
1791614700,2026-10-10T06:45:00Z,แจ้ห่ม,274,0.062,1.44,0.1241,105,45,True
1791614700,2026-10-10T06:45:00Z,แม่เปิน,85,0.0,0.0,0.0,,,True
1791614700,2026-10-10T06:45:00Z,เสริมงาม,185,0.036,0.511,0.1892,90,60,True
1791614700,2026-10-10T06:45:00Z,ชุมตาบง,61,0.0,0.0,0.0,,,True
1791614700,2026-10-10T06:45:00Z,งาว,344,0.068,1.629,0.1715,60,15,True
1791614700,2026-10-10T06:45:00Z,ตากฟ้า,125,0.0,0.0,0.0,,,True
1791614700,2026-10-10T06:45:00Z,แม่เมาะ,283,0.129,1.44,0.3569,60,15,True
1791614700,2026-10-10T06:45:00Z,แม่วงก์,257,0.086,1.184,0.1712,105,75,True
1791614700,2026-10-10T06:45:00Z,เกาะคา,128,0.075,0.511,0.3125,30,15,True
1791614700,2026-10-10T06:45:00Z,พยุหะคีรี,169,0.0,0.0,0.0,,,True
1791614700,2026-10-10T06:45:00Z,ลาดยาว,187,0.091,1.44,0.1818,45,15,True
1791614700,2026-10-10T06:45:00Z,สบปราบ,125,0.0,0.0,0.0,,,True
1791614700,2026-10-10T06:45:00Z,ห้างฉัตร,154,0.028,0.592,0.1039,105,45,True
1791614700,2026-10-10T06:45:00Z,แม่ทะ,203,0.019,0.848,0.0739,,15,True
1791614700,2026-10-10T06:45:00Z,เมืองปาน,202,0.015,0.848,0.0446,,105,True
1791614700,2026-10-10T06:45:00Z,เมืองอ่างทอง,6,0.0,0.0,0.0,,,True
1791614700,2026-10-10T06:45:00Z,ไชโย,20,0.0,0.0,0.0,,,True
1791614700,2026-10-10T06:45:00Z,สามโก้,10,0.0,0.0,0.0,,,True
1791614700,2026-10-10T06:45:00Z,แสวงหา,43,0.0,0.0,0.0,,,True
1791614700,2026-10-10T06:45:00Z,วิเศษชัยชาญ,7,0.0,0.0,0.0,,,True
1791614700,2026-10-10T06:45:00Z,โพธิ์ทอง,48,0.0,0.0,0.0,,,True
1791614700,2026-10-10T06:45:00Z,เมืองลพบุรี,190,0.0,0.0,0.0,,,True
1791614700,2026-10-10T06:45:00Z,เดิมบางนางบวช,130,0.0,0.0,0.0,,,True
1791614700,2026-10-10T06:45:00Z,ด่านช้าง,309,0.0,0.0,0.0,,,True
1791614700,2026-10-10T06:45:00Z,หนองม่วง,111,0.0,0.0,0.0,,,True
1791614700,2026-10-10T06:45:00Z,ลำสนธิ,136,0.002,0.098,0.0221,,90,True
1791614700,2026-10-10T06:45:00Z,สามชุก,77,0.0,0.0,0.0,,,True
1791614700,2026-10-10T06:45:00Z,ดอนเจดีย์,72,0.0,0.0,0.0,,,True
1791614700,2026-10-10T06:45:00Z,สระโบสถ์,83,0.0,0.0,0.0,,,True
1791614700,2026-10-10T06:45:00Z,ศรีประจันต์,41,0.0,0.0,0.0,,,True
1791614700,2026-10-10T06:45:00Z,โคกเจริญ,135,0.0,0.0,0.0,,,True
1791614700,2026-10-10T06:45:00Z,บ้านหมี่,136,0.0,0.0,0.0,,,True
1791614700,2026-10-10T06:45:00Z,ท่าหลวง,100,0.0,0.0,0.0,,,True
1791614700,2026-10-10T06:45:00Z,ชัยบาดาล,280,0.0,0.0,0.0,,,True
1791614700,2026-10-10T06:45:00Z,ท่าวุ้ง,64,0.0,0.0,0.0,,,True
1791614700,2026-10-10T06:45:00Z,พัฒนานิคม,217,0.0,0.0,0.0,,,True
1791614700,2026-10-10T06:45:00Z,โคกสำโรง,180,0.0,0.0,0.0,,,True
1791614700,2026-10-10T06:45:00Z,หนองหญ้าไซ,108,0.0,0.0,0.0,,,True
1791614700,2026-10-10T06:45:00Z,ท่าช้าง,11,0.0,0.0,0.0,,,True
1791614700,2026-10-10T06:45:00Z,อินทร์บุรี,66,0.0,0.0,0.0,,,True
1791614700,2026-10-10T06:45:00Z,ค่ายบางระจัน,26,0.0,0.0,0.0,,,True
1791614700,2026-10-10T06:45:00Z,พรหมบุรี,19,0.0,0.0,0.0,,,True
1791614700,2026-10-10T06:45:00Z,เนินสง่า,65,0.0,0.0,0.0,,,True
1791614700,2026-10-10T06:45:00Z,เมืองสิงห์บุรี,31,0.0,0.0,0.0,,,True
1791614700,2026-10-10T06:45:00Z,ซับใหญ่,72,0.0,0.0,0.0,,,True
1791614700,2026-10-10T06:45:00Z,บางระจัน,46,0.0,0.0,0.0,,,True
1791614700,2026-10-10T06:45:00Z,ภูกระดึง,190,0.0,0.0,0.0,,,True
1791614700,2026-10-10T06:45:00Z,ภูหลวง,145,0.0,0.0,0.0,,,True
1791614700,2026-10-10T06:45:00Z,หนองหิน,78,0.0,0.0,0.0,,,True
1791614700,2026-10-10T06:45:00Z,ผาขาว,100,0.0,0.0,0.0,,,True
1791614700,2026-10-10T06:45:00Z,เอราวัณ,87,0.0,0.0,0.0,,,True
1791614700,2026-10-10T06:45:00Z,วังสะพุง,281,0.0,0.0,0.0,,,True
1791614700,2026-10-10T06:45:00Z,วังม่วง,70,0.0,0.0,0.0,,,True
1791614700,2026-10-10T06:45:00Z,เฉลิมพระเกียรติ,35,0.0,0.0,0.0,,,True
1791614700,2026-10-10T06:45:00Z,มวกเหล็ก,175,0.0,0.0,0.0,,,True
1791614700,2026-10-10T06:45:00Z,บ้านเขว้า,124,0.0,0.0,0.0,,,True
1791614700,2026-10-10T06:45:00Z,คอนสวรรค์,113,0.0,0.0,0.0,,,True
1791614700,2026-10-10T06:45:00Z,เมืองชัยภูมิ,358,0.0,0.0,0.0,,,True
1791614700,2026-10-10T06:45:00Z,วังทอง,425,0.0,0.0,0.0,,,True
1791614700,2026-10-10T06:45:00Z,เนินมะปราง,276,0.0,0.0,0.0,,,True
1791614700,2026-10-10T06:45:00Z,สวรรคโลก,156,0.0,0.0,0.0,,,True
1791614700,2026-10-10T06:45:00Z,ศรีนคร,46,0.0,0.0,0.0,,,True
1791614700,2026-10-10T06:45:00Z,หันคา,139,0.0,0.0,0.0,,,True
1791614700,2026-10-10T06:45:00Z,ศรีสัชนาลัย,534,0.0,0.0,0.0,,,True
1791614700,2026-10-10T06:45:00Z,หนองมะโมง,76,0.0,0.0,0.0,,,True
1791614700,2026-10-10T06:45:00Z,ศรีสำโรง,142,0.0,0.0,0.0,,,True
1791614700,2026-10-10T06:45:00Z,สรรพยา,55,0.0,0.0,0.0,,,True
1791614700,2026-10-10T06:45:00Z,คีรีมาศ,171,0.037,0.848,0.1228,60,15,True
1791614700,2026-10-10T06:45:00Z,สรรคบุรี,89,0.0,0.0,0.0,,,True
1791614700,2026-10-10T06:45:00Z,กงไกรลาศ,108,0.0,0.0,0.0,,,True
1791614700,2026-10-10T06:45:00Z,มโนรมย์,66,0.0,0.0,0.0,,,True
1791614700,2026-10-10T06:45:00Z,เมืองสุโขทัย,136,0.012,1.216,0.0147,,15,True
1791614700,2026-10-10T06:45:00Z,วัดสิงห์,67,0.0,0.0,0.0,,,True
1791614700,2026-10-10T06:45:00Z,บ้านด่านลานหอย,231,0.021,0.848,0.0866,,60,True
1791614700,2026-10-10T06:45:00Z,เมืองชัยนาท,70,0.0,0.0,0.0,,,True
1791614700,2026-10-10T06:45:00Z,เนินขาม,65,0.0,0.0,0.0,,,True
1791614700,2026-10-10T06:45:00Z,คอนสาร,334,0.0,0.0,0.0,,,True
1791614700,2026-10-10T06:45:00Z,ภักดีชุมพล,154,0.0,0.0,0.0,,,True
1791614700,2026-10-10T06:45:00Z,บ้านแท่น,76,0.0,0.0,0.0,,,True
1791614700,2026-10-10T06:45:00Z,แก้งคร้อ,168,0.0,0.0,0.0,,,True
1791614700,2026-10-10T06:45:00Z,ภูเขียว,201,0.0,0.0,0.0,,,True
1791614700,2026-10-10T06:45:00Z,หนองบัวระเหว,179,0.0,0.0,0.0,,,True
1791614700,2026-10-10T06:45:00Z,เทพสถิต,239,0.005,0.201,0.0502,,30,True
1791614700,2026-10-10T06:45:00Z,จัตุรัส,172,0.0,0.0,0.0,,,True
1791614700,2026-10-10T06:45:00Z,บำเหน็จณรงค์,120,0.009,0.201,0.075,,15,True
1791614700,2026-10-10T06:45:00Z,เกษตรสมบูรณ์,268,0.0,0.0,0.0,,,True
1791614700,2026-10-10T06:45:00Z,หนองบัวแดง,537,0.0,0.0,0.0,,,True
1791614700,2026-10-10T06:45:00Z,ภูเรือ,168,0.0,0.0,0.0,,,True
1791614700,2026-10-10T06:45:00Z,ท่าลี่,171,0.0,0.0,0.0,,,True
1791614700,2026-10-10T06:45:00Z,วชิรบารมี,68,0.0,0.0,0.0,,,True
1791614700,2026-10-10T06:45:00Z,ด่านซ้าย,341,0.0,0.0,0.0,,,True
1791614700,2026-10-10T06:45:00Z,นาแห้ว,153,0.0,0.0,0.0,,,True
1791614700,2026-10-10T06:45:00Z,บึงนาราง,74,0.0,0.0,0.0,,,True
1791614700,2026-10-10T06:45:00Z,เชียงคาน,213,0.0,0.0,0.0,,,True
1791614700,2026-10-10T06:45:00Z,ดงเจริญ,56,0.0,0.0,0.0,,,True
1791614700,2026-10-10T06:45:00Z,ปากชม,240,0.0,0.0,0.0,,,True
1791614700,2026-10-10T06:45:00Z,เมืองเลย,314,0.0,0.0,0.0,,,True
1791614700,2026-10-10T06:45:00Z,นาด้วง,143,0.0,0.0,0.0,,,True
1791614700,2026-10-10T06:45:00Z,สากเหล็ก,45,0.0,0.0,0.0,,,True
1791614700,2026-10-10T06:45:00Z,สามง่าม,89,0.0,0.0,0.0,,,True
1791614700,2026-10-10T06:45:00Z,ทับคล้อ,104,0.0,0.0,0.0,,,True
1791614700,2026-10-10T06:45:00Z,พรหมพิราม,206,0.0,0.0,0.0,,,True
1791614700,2026-10-10T06:45:00Z,ด่านขุนทด,344,0.0,0.0,0.0,,,True
1791614700,2026-10-10T06:45:00Z,วัดโบสถ์,226,0.0,0.0,0.0,,,True
1791614700,2026-10-10T06:45:00Z,บางระกำ,246,0.0,0.0,0.0,,,True
1791614700,2026-10-10T06:45:00Z,บางกระทุ่ม,91,0.0,0.0,0.0,,,True
1791614700,2026-10-10T06:45:00Z,นครไทย,597,0.0,0.0,0.0,,,True
1791614700,2026-10-10T06:45:00Z,ชาติตระการ,415,0.0,0.0,0.0,,,True
1791614700,2026-10-10T06:45:00Z,บ้านเหลื่อม,55,0.0,0.0,0.0,,,True
1791614700,2026-10-10T06:45:00Z,เมืองพิษณุโลก,178,0.0,0.0,0.0,,,True
1791614700,2026-10-10T06:45:00Z,ชุมแสง,145,0.0,0.0,0.0,,,True
1791614700,2026-10-10T06:45:00Z,หนองบัว,208,0.0,0.0,0.0,,,True
1791614700,2026-10-10T06:45:00Z,เมืองนครสวรรค์,183,0.0,0.0,0.0,,,True
1791614700,2026-10-10T06:45:00Z,โกรกพระ,71,0.0,0.0,0.0,,,True
1791614700,2026-10-10T06:45:00Z,ไพศาลี,244,0.0,0.0,0.0,,,True
1791614700,2026-10-10T06:45:00Z,ตาคลี,206,0.0,0.0,0.0,,,True
1791614700,2026-10-10T06:45:00Z,ท่าตะโก,211,0.0,0.0,0.0,,,True
1791614700,2026-10-10T06:45:00Z,เขาค้อ,207,0.0,0.0,0.0,,,True
1791614700,2026-10-10T06:45:00Z,บรรพตพิสัย,181,0.06,1.184,0.1326,15,15,True
1791614700,2026-10-10T06:45:00Z,เก้าเลี้ยว,57,0.0,0.0,0.0,,,True
1791614700,2026-10-10T06:45:00Z,วังโป่ง,123,0.0,0.0,0.0,,,True
1791614700,2026-10-10T06:45:00Z,บึงสามพัน,194,0.0,0.0,0.0,,,True
1791614700,2026-10-10T06:45:00Z,น้ำหนาว,231,0.0,0.0,0.0,,,True
1791614700,2026-10-10T06:45:00Z,ศรีเทพ,204,0.004,0.201,0.0294,,105,True
1791614700,2026-10-10T06:45:00Z,หนองไผ่,315,0.0,0.0,0.0,,,True
1791614700,2026-10-10T06:45:00Z,มหาราช,4,0.0,0.0,0.0,,,False
1791614700,2026-10-10T06:45:00Z,บ้านแพรก,10,0.0,0.0,0.0,,,True
1791614700,2026-10-10T06:45:00Z,บางมูลนาก,99,0.0,0.0,0.0,,,True
1791614700,2026-10-10T06:45:00Z,โพทะเล,131,0.0,0.0,0.0,,,True
1791614700,2026-10-10T06:45:00Z,โพธิ์ประทับช้าง,102,0.0,0.0,0.0,,,True
1791614700,2026-10-10T06:45:00Z,ตะพานหิน,109,0.0,0.0,0.0,,,True
1791614700,2026-10-10T06:45:00Z,เมืองพิจิตร,138,0.0,0.0,0.0,,,True
1791614700,2026-10-10T06:45:00Z,วังทรายพูน,66,0.0,0.0,0.0,,,True
1791615600,2026-10-10T07:00:00Z,พิชัย,176,0.0,0.0,0.0,,,True
1791615600,2026-10-10T07:00:00Z,ลับแล,116,0.0,0.0,0.0,,,True
1791615600,2026-10-10T07:00:00Z,ฟากท่า,163,0.001,0.098,0.0123,,120,True
1791615600,2026-10-10T07:00:00Z,บ้านโคก,247,0.004,0.201,0.0324,,75,True
1791615600,2026-10-10T07:00:00Z,ท่าปลา,442,0.0,0.0,0.0,,,True
1791615600,2026-10-10T07:00:00Z,น้ำปาด,363,0.0,0.0,0.0,,,True
1791615600,2026-10-10T07:00:00Z,เมืองอุตรดิตถ์,202,0.0,0.0,0.0,,,True
1791615600,2026-10-10T07:00:00Z,ตรอน,80,0.0,0.0,0.0,,,True
1791615600,2026-10-10T07:00:00Z,หล่มเก่า,246,0.0,0.0,0.0,,,True
1791615600,2026-10-10T07:00:00Z,วิเชียรบุรี,377,0.0,0.0,0.0,,,True
1791615600,2026-10-10T07:00:00Z,ชนแดน,279,0.0,0.0,0.0,,,True
1791615600,2026-10-10T07:00:00Z,หล่มสัก,350,0.0,0.0,0.0,,,True
1791615600,2026-10-10T07:00:00Z,เมืองเพชรบูรณ์,571,0.0,0.0,0.0,,,True
1791615600,2026-10-10T07:00:00Z,ทองแสนขัน,185,0.0,0.0,0.0,,,True
1791615600,2026-10-10T07:00:00Z,บึงสามัคคี,71,0.0,0.0,0.0,,,True
1791615600,2026-10-10T07:00:00Z,โกสัมพีนคร,137,0.109,1.216,0.2336,90,15,True
1791615600,2026-10-10T07:00:00Z,สอง,380,0.037,1.504,0.1316,30,15,True
1791615600,2026-10-10T07:00:00Z,วังชิ้น,255,0.0,0.0,0.0,,,True
1791615600,2026-10-10T07:00:00Z,สูงเม่น,88,0.043,1.742,0.0455,,15,True
1791615600,2026-10-10T07:00:00Z,เด่นชัย,135,0.0,0.0,0.0,,,True
1791615600,2026-10-10T07:00:00Z,ร้องกวาง,221,0.0,0.0,0.0,,,True
1791615600,2026-10-10T07:00:00Z,ลอง,317,0.201,1.84,0.4416,45,15,True
1791615600,2026-10-10T07:00:00Z,เมืองแพร่,205,0.036,0.946,0.0976,,15,True
1791615600,2026-10-10T07:00:00Z,ทัพทัน,94,0.0,0.0,0.0,,,True
1791615600,2026-10-10T07:00:00Z,สว่างอารมณ์,110,0.0,0.0,0.0,,,True
1791615600,2026-10-10T07:00:00Z,เมืองอุทัยธานี,59,0.0,0.0,0.0,,,True
1791615600,2026-10-10T07:00:00Z,ห้วยคต,94,0.0,0.0,0.0,,,True
1791615600,2026-10-10T07:00:00Z,ศรีสวัสดิ์,440,0.0,0.0,0.0,,,True
1791615600,2026-10-10T07:00:00Z,บ้านไร่,821,0.0,0.0,0.0,,,True
1791615600,2026-10-10T07:00:00Z,ลานสัก,360,0.0,0.0,0.0,,,True
1791615600,2026-10-10T07:00:00Z,หนองฉาง,89,0.0,0.0,0.0,,,True
1791615600,2026-10-10T07:00:00Z,หนองขาหย่าง,43,0.0,0.0,0.0,,,True
1791615600,2026-10-10T07:00:00Z,เชียงม่วน,82,0.0,0.0,0.0,,,True
1791615600,2026-10-10T07:00:00Z,ดอกคำใต้,37,0.0,0.0,0.0,,,True
1791615600,2026-10-10T07:00:00Z,เมืองพะเยา,6,0.0,0.0,0.0,,,True
1791615600,2026-10-10T07:00:00Z,ทองผาภูมิ,851,0.0,0.0,0.0,,,True
1791615600,2026-10-10T07:00:00Z,สังขละบุรี,793,0.0,0.0,0.0,,,True
1791615600,2026-10-10T07:00:00Z,หนองม่วงไข่,35,0.02,0.201,0.1714,15,15,True
1791615600,2026-10-10T07:00:00Z,ภูเวียง,81,0.0,0.0,0.0,,,True
1791615600,2026-10-10T07:00:00Z,มัญจาคีรี,50,0.0,0.0,0.0,,,True
1791615600,2026-10-10T07:00:00Z,หนองปรือ,104,0.0,0.0,0.0,,,True
1791615600,2026-10-10T07:00:00Z,เลาขวัญ,123,0.0,0.0,0.0,,,True
1791615600,2026-10-10T07:00:00Z,หนองนาคำ,43,0.0,0.0,0.0,,,True
1791615600,2026-10-10T07:00:00Z,โคกโพธิ์ไชย,65,0.0,0.0,0.0,,,True
1791615600,2026-10-10T07:00:00Z,บ้านหลวง,91,0.0,0.0,0.0,,,True
1791615600,2026-10-10T07:00:00Z,นาน้อย,266,0.0,0.0,0.0,,,True
1791615600,2026-10-10T07:00:00Z,ภูผาม่าน,74,0.0,0.0,0.0,,,True
1791615600,2026-10-10T07:00:00Z,เมืองน่าน,161,0.0,0.0,0.0,,,True
1791615600,2026-10-10T07:00:00Z,แม่จริม,262,0.0,0.0,0.0,,,True
1791615600,2026-10-10T07:00:00Z,เวียงเก่า,78,0.0,0.0,0.0,,,True
1791615600,2026-10-10T07:00:00Z,เมืองกำแพงเพชร,368,0.039,0.848,0.0951,,30,True
1791615600,2026-10-10T07:00:00Z,ไทรงาม,133,0.0,0.0,0.0,,,True
1791615600,2026-10-10T07:00:00Z,ปางศิลาทอง,186,0.008,0.288,0.0591,,90,True
1791615600,2026-10-10T07:00:00Z,ลานกระบือ,103,0.0,0.0,0.0,,,True
1791615600,2026-10-10T07:00:00Z,ทรายทองวัฒนา,53,0.0,0.0,0.0,,,True
1791615600,2026-10-10T07:00:00Z,คลองขลุง,179,0.0,0.0,0.0,,,True
1791615600,2026-10-10T07:00:00Z,พรานกระต่าย,252,0.047,1.216,0.1151,60,15,True
1791615600,2026-10-10T07:00:00Z,คลองลาน,363,0.01,2.431,0.0138,,15,True
1791615600,2026-10-10T07:00:00Z,ขาณุวรลักษบุรี,296,0.024,0.592,0.1622,60,15,True
1791615600,2026-10-10T07:00:00Z,ภูเพียง,113,0.0,0.0,0.0,,,True
1791615600,2026-10-10T07:00:00Z,นาหมื่น,245,0.0,0.0,0.0,,,True
1791615600,2026-10-10T07:00:00Z,เวียงสา,543,0.0,0.0,0.0,,,True
1791615600,2026-10-10T07:00:00Z,น้ำโสม,153,0.0,0.0,0.0,,,True
1791615600,2026-10-10T07:00:00Z,นายูง,126,0.0,0.0,0.0,,,True
1791615600,2026-10-10T07:00:00Z,ชุมแพ,173,0.0,0.0,0.0,,,True
1791615600,2026-10-10T07:00:00Z,สีชมพู,132,0.0,0.0,0.0,,,True
1791615600,2026-10-10T07:00:00Z,สุวรรณคูหา,140,0.0,0.0,0.0,,,True
1791615600,2026-10-10T07:00:00Z,นาวัง,65,0.0,0.0,0.0,,,True
1791615600,2026-10-10T07:00:00Z,หนองเรือ,80,0.0,0.0,0.0,,,True
1791615600,2026-10-10T07:00:00Z,โนนสัง,51,0.0,0.0,0.0,,,True
1791615600,2026-10-10T07:00:00Z,ศรีบุญเรือง,224,0.0,0.0,0.0,,,True
1791615600,2026-10-10T07:00:00Z,เมืองหนองบัวลำภู,217,0.0,0.0,0.0,,,True
1791615600,2026-10-10T07:00:00Z,นากลาง,173,0.0,0.0,0.0,,,True
1791615600,2026-10-10T07:00:00Z,ทุ่งเสลี่ยม,144,0.0,0.0,0.0,,,True
1791615600,2026-10-10T07:00:00Z,ดอยหล่อ,56,0.0,0.0,0.0,,,True
1791615600,2026-10-10T07:00:00Z,เมืองตาก,486,0.002,0.288,0.0206,,30,True
1791615600,2026-10-10T07:00:00Z,แม่ออน,116,0.005,0.098,0.0517,,60,True
1791615600,2026-10-10T07:00:00Z,อุ้มผาง,1209,0.011,0.793,0.0389,,15,True
1791615600,2026-10-10T07:00:00Z,วังเจ้า,183,0.026,1.697,0.0656,,15,True
1791615600,2026-10-10T07:00:00Z,แม่สอด,398,0.006,0.288,0.0377,,60,True
1791615600,2026-10-10T07:00:00Z,พบพระ,249,0.261,2.064,0.2892,45,15,True
1791615600,2026-10-10T07:00:00Z,แม่ระมาด,380,0.108,1.216,0.1816,90,15,True
1791615600,2026-10-10T07:00:00Z,ท่าสองยาง,401,0.015,0.848,0.0923,,75,True
1791615600,2026-10-10T07:00:00Z,บ้านตาก,255,0.0,0.0,0.0,,,True
1791615600,2026-10-10T07:00:00Z,สามเงา,698,0.035,1.216,0.0802,,15,True
1791615600,2026-10-10T07:00:00Z,จอมทอง,280,0.0,0.0,0.0,,,True
1791615600,2026-10-10T07:00:00Z,แก้งสนามนาง,79,0.0,0.0,0.0,,,True
1791615600,2026-10-10T07:00:00Z,สีคิ้ว,292,0.0,0.0,0.0,,,True
1791615600,2026-10-10T07:00:00Z,พระทองคำ,90,0.0,0.0,0.0,,,True
1791615600,2026-10-10T07:00:00Z,เทพารักษ์,92,0.0,0.0,0.0,,,True
1791615600,2026-10-10T07:00:00Z,สันกำแพง,65,0.003,0.098,0.0308,,90,True
1791615600,2026-10-10T07:00:00Z,สันป่าตอง,44,0.0,0.0,0.0,,,True
1791615600,2026-10-10T07:00:00Z,ดอยเต่า,213,0.001,0.098,0.0141,,15,True
1791615600,2026-10-10T07:00:00Z,อมก๋อย,704,0.012,0.592,0.0838,,15,True
1791615600,2026-10-10T07:00:00Z,ฮอด,378,0.0,0.0,0.0,,,True
1791615600,2026-10-10T07:00:00Z,เมืองลำพูน,117,0.001,0.098,0.0085,,120,True
1791615600,2026-10-10T07:00:00Z,แม่ทา,192,0.001,0.098,0.0104,,120,True
1791615600,2026-10-10T07:00:00Z,บ้านธิ,34,0.029,0.201,0.2353,105,105,True
1791615600,2026-10-10T07:00:00Z,บ้านหมอ,24,0.0,0.0,0.0,,,True
1791615600,2026-10-10T07:00:00Z,เวียงหนองล่อง,14,0.0,0.0,0.0,,,True
1791615600,2026-10-10T07:00:00Z,ทุ่งหัวช้าง,113,0.01,0.592,0.0177,,120,True
1791615600,2026-10-10T07:00:00Z,ป่าซาง,74,0.0,0.0,0.0,,,True
1791615600,2026-10-10T07:00:00Z,บ้านโฮ่ง,124,0.0,0.0,0.0,,,True
1791615600,2026-10-10T07:00:00Z,แก่งคอย,73,0.0,0.0,0.0,,,True
1791615600,2026-10-10T07:00:00Z,ลี้,454,0.0,0.0,0.0,,,True
1791615600,2026-10-10T07:00:00Z,พระพุทธบาท,55,0.0,0.0,0.0,,,True
1791615600,2026-10-10T07:00:00Z,ดอนพุด,7,0.0,0.0,0.0,,,True
1791615600,2026-10-10T07:00:00Z,หนองโดน,31,0.0,0.0,0.0,,,True
1791615600,2026-10-10T07:00:00Z,เมืองลำปาง,300,0.099,1.727,0.2667,60,15,True
1791615600,2026-10-10T07:00:00Z,เถิน,443,0.0,0.0,0.0,,,True
1791615600,2026-10-10T07:00:00Z,แม่พริก,167,0.0,0.0,0.0,,,True
1791615600,2026-10-10T07:00:00Z,แจ้ห่ม,274,0.028,0.592,0.1204,105,45,True
1791615600,2026-10-10T07:00:00Z,แม่เปิน,85,0.009,0.413,0.0353,,120,True
1791615600,2026-10-10T07:00:00Z,เสริมงาม,185,0.069,1.261,0.0973,,75,True
1791615600,2026-10-10T07:00:00Z,ชุมตาบง,61,0.274,1.742,0.377,90,75,True
1791615600,2026-10-10T07:00:00Z,งาว,344,0.055,2.4,0.1831,60,15,True
1791615600,2026-10-10T07:00:00Z,ตากฟ้า,125,0.0,0.0,0.0,,,True
1791615600,2026-10-10T07:00:00Z,แม่เมาะ,283,0.199,2.265,0.477,30,15,True
1791615600,2026-10-10T07:00:00Z,แม่วงก์,257,0.016,0.201,0.1479,105,60,True
1791615600,2026-10-10T07:00:00Z,เกาะคา,128,0.139,1.417,0.2188,45,15,True
1791615600,2026-10-10T07:00:00Z,พยุหะคีรี,169,0.0,0.0,0.0,,,True
1791615600,2026-10-10T07:00:00Z,ลาดยาว,187,0.163,2.496,0.3262,30,15,True
1791615600,2026-10-10T07:00:00Z,สบปราบ,125,0.0,0.0,0.0,,,True
1791615600,2026-10-10T07:00:00Z,ห้างฉัตร,154,0.044,1.216,0.1623,105,60,True
1791615600,2026-10-10T07:00:00Z,แม่ทะ,203,0.096,1.742,0.202,120,15,True
1791615600,2026-10-10T07:00:00Z,เมืองปาน,202,0.021,0.848,0.1139,120,15,True
1791615600,2026-10-10T07:00:00Z,เมืองอ่างทอง,6,0.0,0.0,0.0,,,True
1791615600,2026-10-10T07:00:00Z,ไชโย,20,0.0,0.0,0.0,,,True
1791615600,2026-10-10T07:00:00Z,สามโก้,10,0.0,0.0,0.0,,,True
1791615600,2026-10-10T07:00:00Z,แสวงหา,43,0.0,0.0,0.0,,,True
1791615600,2026-10-10T07:00:00Z,วิเศษชัยชาญ,7,0.0,0.0,0.0,,,True
1791615600,2026-10-10T07:00:00Z,โพธิ์ทอง,48,0.0,0.0,0.0,,,True
1791615600,2026-10-10T07:00:00Z,เมืองลพบุรี,190,0.0,0.0,0.0,,,True
1791615600,2026-10-10T07:00:00Z,เดิมบางนางบวช,130,0.0,0.0,0.0,,,True
1791615600,2026-10-10T07:00:00Z,ด่านช้าง,309,0.0,0.0,0.0,,,True
1791615600,2026-10-10T07:00:00Z,หนองม่วง,111,0.0,0.0,0.0,,,True
1791615600,2026-10-10T07:00:00Z,ลำสนธิ,136,0.0,0.0,0.0,,,True
1791615600,2026-10-10T07:00:00Z,สามชุก,77,0.0,0.0,0.0,,,True
1791615600,2026-10-10T07:00:00Z,ดอนเจดีย์,72,0.0,0.0,0.0,,,True
1791615600,2026-10-10T07:00:00Z,สระโบสถ์,83,0.0,0.0,0.0,,,True
1791615600,2026-10-10T07:00:00Z,ศรีประจันต์,41,0.0,0.0,0.0,,,True
1791615600,2026-10-10T07:00:00Z,โคกเจริญ,135,0.0,0.0,0.0,,,True
1791615600,2026-10-10T07:00:00Z,บ้านหมี่,136,0.0,0.0,0.0,,,True
1791615600,2026-10-10T07:00:00Z,ท่าหลวง,100,0.0,0.0,0.0,,,True
1791615600,2026-10-10T07:00:00Z,ชัยบาดาล,280,0.0,0.0,0.0,,,True
1791615600,2026-10-10T07:00:00Z,ท่าวุ้ง,64,0.0,0.0,0.0,,,True
1791615600,2026-10-10T07:00:00Z,พัฒนานิคม,217,0.0,0.0,0.0,,,True
1791615600,2026-10-10T07:00:00Z,โคกสำโรง,180,0.0,0.0,0.0,,,True
1791615600,2026-10-10T07:00:00Z,หนองหญ้าไซ,108,0.0,0.0,0.0,,,True
1791615600,2026-10-10T07:00:00Z,ท่าช้าง,11,0.0,0.0,0.0,,,True
1791615600,2026-10-10T07:00:00Z,อินทร์บุรี,66,0.0,0.0,0.0,,,True
1791615600,2026-10-10T07:00:00Z,ค่ายบางระจัน,26,0.0,0.0,0.0,,,True
1791615600,2026-10-10T07:00:00Z,พรหมบุรี,19,0.0,0.0,0.0,,,True
1791615600,2026-10-10T07:00:00Z,เนินสง่า,65,0.0,0.0,0.0,,,True
1791615600,2026-10-10T07:00:00Z,เมืองสิงห์บุรี,31,0.0,0.0,0.0,,,True
1791615600,2026-10-10T07:00:00Z,ซับใหญ่,72,0.0,0.0,0.0,,,True
1791615600,2026-10-10T07:00:00Z,บางระจัน,46,0.0,0.0,0.0,,,True
1791615600,2026-10-10T07:00:00Z,ภูกระดึง,190,0.0,0.0,0.0,,,True
1791615600,2026-10-10T07:00:00Z,ภูหลวง,145,0.0,0.0,0.0,,,True
1791615600,2026-10-10T07:00:00Z,หนองหิน,78,0.0,0.0,0.0,,,True
1791615600,2026-10-10T07:00:00Z,ผาขาว,100,0.0,0.0,0.0,,,True
1791615600,2026-10-10T07:00:00Z,เอราวัณ,87,0.0,0.0,0.0,,,True
1791615600,2026-10-10T07:00:00Z,วังสะพุง,281,0.0,0.0,0.0,,,True
1791615600,2026-10-10T07:00:00Z,วังม่วง,70,0.0,0.0,0.0,,,True
1791615600,2026-10-10T07:00:00Z,เฉลิมพระเกียรติ,35,0.0,0.0,0.0,,,True
1791615600,2026-10-10T07:00:00Z,มวกเหล็ก,175,0.0,0.0,0.0,,,True
1791615600,2026-10-10T07:00:00Z,บ้านเขว้า,124,0.0,0.0,0.0,,,True
1791615600,2026-10-10T07:00:00Z,คอนสวรรค์,113,0.0,0.0,0.0,,,True
1791615600,2026-10-10T07:00:00Z,เมืองชัยภูมิ,358,0.0,0.0,0.0,,,True
1791615600,2026-10-10T07:00:00Z,วังทอง,425,0.0,0.0,0.0,,,True
1791615600,2026-10-10T07:00:00Z,เนินมะปราง,276,0.0,0.0,0.0,,,True
1791615600,2026-10-10T07:00:00Z,สวรรคโลก,156,0.0,0.0,0.0,,,True
1791615600,2026-10-10T07:00:00Z,ศรีนคร,46,0.0,0.0,0.0,,,True
1791615600,2026-10-10T07:00:00Z,หันคา,139,0.0,0.0,0.0,,,True
1791615600,2026-10-10T07:00:00Z,ศรีสัชนาลัย,534,0.0,0.0,0.0,,,True
1791615600,2026-10-10T07:00:00Z,หนองมะโมง,76,0.0,0.0,0.0,,,True
1791615600,2026-10-10T07:00:00Z,ศรีสำโรง,142,0.0,0.0,0.0,,,True
1791615600,2026-10-10T07:00:00Z,สรรพยา,55,0.0,0.0,0.0,,,True
1791615600,2026-10-10T07:00:00Z,คีรีมาศ,171,0.004,0.098,0.0409,,15,True
1791615600,2026-10-10T07:00:00Z,สรรคบุรี,89,0.0,0.0,0.0,,,True
1791615600,2026-10-10T07:00:00Z,กงไกรลาศ,108,0.0,0.0,0.0,,,True
1791615600,2026-10-10T07:00:00Z,มโนรมย์,66,0.0,0.0,0.0,,,True
1791615600,2026-10-10T07:00:00Z,เมืองสุโขทัย,136,0.001,0.098,0.0074,,75,True
1791615600,2026-10-10T07:00:00Z,วัดสิงห์,67,0.0,0.0,0.0,,,True
1791615600,2026-10-10T07:00:00Z,บ้านด่านลานหอย,231,0.003,0.098,0.026,,60,True
1791615600,2026-10-10T07:00:00Z,เมืองชัยนาท,70,0.0,0.0,0.0,,,True
1791615600,2026-10-10T07:00:00Z,เนินขาม,65,0.0,0.0,0.0,,,True
1791615600,2026-10-10T07:00:00Z,คอนสาร,334,0.0,0.0,0.0,,,True
1791615600,2026-10-10T07:00:00Z,ภักดีชุมพล,154,0.0,0.0,0.0,,,True
1791615600,2026-10-10T07:00:00Z,บ้านแท่น,76,0.0,0.0,0.0,,,True
1791615600,2026-10-10T07:00:00Z,แก้งคร้อ,168,0.0,0.0,0.0,,,True
1791615600,2026-10-10T07:00:00Z,ภูเขียว,201,0.0,0.0,0.0,,,True
1791615600,2026-10-10T07:00:00Z,หนองบัวระเหว,179,0.0,0.0,0.0,,,True
1791615600,2026-10-10T07:00:00Z,เทพสถิต,239,0.0,0.0,0.0,,,True
1791615600,2026-10-10T07:00:00Z,จัตุรัส,172,0.0,0.0,0.0,,,True
1791615600,2026-10-10T07:00:00Z,บำเหน็จณรงค์,120,0.0,0.0,0.0,,,True
1791615600,2026-10-10T07:00:00Z,เกษตรสมบูรณ์,268,0.0,0.0,0.0,,,True
1791615600,2026-10-10T07:00:00Z,หนองบัวแดง,537,0.0,0.0,0.0,,,True
1791615600,2026-10-10T07:00:00Z,ภูเรือ,168,0.0,0.0,0.0,,,True
1791615600,2026-10-10T07:00:00Z,ท่าลี่,171,0.0,0.0,0.0,,,True
1791615600,2026-10-10T07:00:00Z,วชิรบารมี,68,0.0,0.0,0.0,,,True
1791615600,2026-10-10T07:00:00Z,ด่านซ้าย,341,0.0,0.0,0.0,,,True
1791615600,2026-10-10T07:00:00Z,นาแห้ว,153,0.0,0.0,0.0,,,True
1791615600,2026-10-10T07:00:00Z,บึงนาราง,74,0.0,0.0,0.0,,,True
1791615600,2026-10-10T07:00:00Z,เชียงคาน,213,0.0,0.0,0.0,,,True
1791615600,2026-10-10T07:00:00Z,ดงเจริญ,56,0.0,0.0,0.0,,,True
1791615600,2026-10-10T07:00:00Z,ปากชม,240,0.0,0.0,0.0,,,True
1791615600,2026-10-10T07:00:00Z,เมืองเลย,314,0.0,0.0,0.0,,,True
1791615600,2026-10-10T07:00:00Z,นาด้วง,143,0.0,0.0,0.0,,,True
1791615600,2026-10-10T07:00:00Z,สากเหล็ก,45,0.0,0.0,0.0,,,True
1791615600,2026-10-10T07:00:00Z,สามง่าม,89,0.0,0.0,0.0,,,True
1791615600,2026-10-10T07:00:00Z,ทับคล้อ,104,0.0,0.0,0.0,,,True
1791615600,2026-10-10T07:00:00Z,พรหมพิราม,206,0.0,0.0,0.0,,,True
1791615600,2026-10-10T07:00:00Z,ด่านขุนทด,344,0.0,0.0,0.0,,,True
1791615600,2026-10-10T07:00:00Z,วัดโบสถ์,226,0.0,0.0,0.0,,,True
1791615600,2026-10-10T07:00:00Z,บางระกำ,246,0.0,0.0,0.0,,,True
1791615600,2026-10-10T07:00:00Z,บางกระทุ่ม,91,0.0,0.0,0.0,,,True
1791615600,2026-10-10T07:00:00Z,นครไทย,597,0.0,0.0,0.0,,,True
1791615600,2026-10-10T07:00:00Z,ชาติตระการ,415,0.0,0.0,0.0,,,True
1791615600,2026-10-10T07:00:00Z,บ้านเหลื่อม,55,0.0,0.0,0.0,,,True
1791615600,2026-10-10T07:00:00Z,เมืองพิษณุโลก,178,0.0,0.0,0.0,,,True
1791615600,2026-10-10T07:00:00Z,ชุมแสง,145,0.0,0.0,0.0,,,True
1791615600,2026-10-10T07:00:00Z,หนองบัว,208,0.0,0.0,0.0,,,True
1791615600,2026-10-10T07:00:00Z,เมืองนครสวรรค์,183,0.0,0.0,0.0,,,True
1791615600,2026-10-10T07:00:00Z,โกรกพระ,71,0.0,0.0,0.0,,,True
1791615600,2026-10-10T07:00:00Z,ไพศาลี,244,0.0,0.0,0.0,,,True
1791615600,2026-10-10T07:00:00Z,ตาคลี,206,0.0,0.0,0.0,,,True
1791615600,2026-10-10T07:00:00Z,ท่าตะโก,211,0.0,0.0,0.0,,,True
1791615600,2026-10-10T07:00:00Z,เขาค้อ,207,0.0,0.0,0.0,,,True
1791615600,2026-10-10T07:00:00Z,บรรพตพิสัย,181,0.004,0.098,0.0387,,15,True
1791615600,2026-10-10T07:00:00Z,เก้าเลี้ยว,57,0.0,0.0,0.0,,,True
1791615600,2026-10-10T07:00:00Z,วังโป่ง,123,0.0,0.0,0.0,,,True
1791615600,2026-10-10T07:00:00Z,บึงสามพัน,194,0.0,0.0,0.0,,,True
1791615600,2026-10-10T07:00:00Z,น้ำหนาว,231,0.0,0.0,0.0,,,True
1791615600,2026-10-10T07:00:00Z,ศรีเทพ,204,0.0,0.0,0.0,,,True
1791615600,2026-10-10T07:00:00Z,หนองไผ่,315,0.0,0.0,0.0,,,True
1791615600,2026-10-10T07:00:00Z,มหาราช,4,0.0,0.0,0.0,,,False
1791615600,2026-10-10T07:00:00Z,บ้านแพรก,10,0.0,0.0,0.0,,,True
1791615600,2026-10-10T07:00:00Z,บางมูลนาก,99,0.0,0.0,0.0,,,True
1791615600,2026-10-10T07:00:00Z,โพทะเล,131,0.0,0.0,0.0,,,True
1791615600,2026-10-10T07:00:00Z,โพธิ์ประทับช้าง,102,0.0,0.0,0.0,,,True
1791615600,2026-10-10T07:00:00Z,ตะพานหิน,109,0.0,0.0,0.0,,,True
1791615600,2026-10-10T07:00:00Z,เมืองพิจิตร,138,0.0,0.0,0.0,,,True
1791615600,2026-10-10T07:00:00Z,วังทรายพูน,66,0.0,0.0,0.0,,,True
1791616500,2026-10-10T07:15:00Z,พิชัย,176,0.0,0.0,0.0,,,True
1791616500,2026-10-10T07:15:00Z,ลับแล,116,0.0,0.0,0.0,,,True
1791616500,2026-10-10T07:15:00Z,ฟากท่า,163,0.002,0.098,0.0184,,75,True
1791616500,2026-10-10T07:15:00Z,บ้านโคก,247,0.04,0.592,0.2105,105,45,True
1791616500,2026-10-10T07:15:00Z,ท่าปลา,442,0.0,0.098,0.0045,,120,True
1791616500,2026-10-10T07:15:00Z,น้ำปาด,363,0.008,0.288,0.0634,,45,True
1791616500,2026-10-10T07:15:00Z,เมืองอุตรดิตถ์,202,0.0,0.0,0.0,,,True
1791616500,2026-10-10T07:15:00Z,ตรอน,80,0.0,0.0,0.0,,,True
1791616500,2026-10-10T07:15:00Z,หล่มเก่า,246,0.0,0.0,0.0,,,True
1791616500,2026-10-10T07:15:00Z,วิเชียรบุรี,377,0.0,0.0,0.0,,,True
1791616500,2026-10-10T07:15:00Z,ชนแดน,279,0.0,0.0,0.0,,,True
1791616500,2026-10-10T07:15:00Z,หล่มสัก,350,0.0,0.0,0.0,,,True
1791616500,2026-10-10T07:15:00Z,เมืองเพชรบูรณ์,571,0.0,0.0,0.0,,,True
1791616500,2026-10-10T07:15:00Z,ทองแสนขัน,185,0.0,0.0,0.0,,,True
1791616500,2026-10-10T07:15:00Z,บึงสามัคคี,71,0.0,0.0,0.0,,,True
1791616500,2026-10-10T07:15:00Z,โกสัมพีนคร,137,0.044,0.848,0.2482,90,15,True
1791616500,2026-10-10T07:15:00Z,สอง,380,0.117,2.958,0.1289,15,15,True
1791616500,2026-10-10T07:15:00Z,วังชิ้น,255,0.0,0.098,0.0039,,90,True
1791616500,2026-10-10T07:15:00Z,สูงเม่น,88,0.018,1.216,0.0341,,15,True
1791616500,2026-10-10T07:15:00Z,เด่นชัย,135,0.0,0.0,0.0,,,True
1791616500,2026-10-10T07:15:00Z,ร้องกวาง,221,0.0,0.0,0.0,,,True
1791616500,2026-10-10T07:15:00Z,ลอง,317,0.389,3.088,0.5016,15,15,True
1791616500,2026-10-10T07:15:00Z,เมืองแพร่,205,0.006,1.216,0.0049,,15,True
1791616500,2026-10-10T07:15:00Z,ทัพทัน,94,0.013,0.592,0.0745,,15,True
1791616500,2026-10-10T07:15:00Z,สว่างอารมณ์,110,0.002,0.098,0.0182,,45,True
1791616500,2026-10-10T07:15:00Z,เมืองอุทัยธานี,59,0.0,0.0,0.0,,,True
1791616500,2026-10-10T07:15:00Z,ห้วยคต,94,0.0,0.0,0.0,,,True
1791616500,2026-10-10T07:15:00Z,ศรีสวัสดิ์,440,0.0,0.0,0.0,,,True
1791616500,2026-10-10T07:15:00Z,บ้านไร่,821,0.0,0.0,0.0,,,True
1791616500,2026-10-10T07:15:00Z,ลานสัก,360,0.008,0.592,0.0389,,60,True
1791616500,2026-10-10T07:15:00Z,หนองฉาง,89,0.0,0.0,0.0,,,True
1791616500,2026-10-10T07:15:00Z,หนองขาหย่าง,43,0.0,0.0,0.0,,,True
1791616500,2026-10-10T07:15:00Z,เชียงม่วน,82,0.0,0.0,0.0,,,True
1791616500,2026-10-10T07:15:00Z,ดอกคำใต้,37,0.0,0.0,0.0,,,True
1791616500,2026-10-10T07:15:00Z,เมืองพะเยา,6,0.0,0.0,0.0,,,True
1791616500,2026-10-10T07:15:00Z,ทองผาภูมิ,851,0.0,0.0,0.0,,,True
1791616500,2026-10-10T07:15:00Z,สังขละบุรี,793,0.0,0.0,0.0,,,True
1791616500,2026-10-10T07:15:00Z,หนองม่วงไข่,35,0.0,0.0,0.0,,,True
1791616500,2026-10-10T07:15:00Z,ภูเวียง,81,0.0,0.0,0.0,,,True
1791616500,2026-10-10T07:15:00Z,มัญจาคีรี,50,0.0,0.0,0.0,,,True
1791616500,2026-10-10T07:15:00Z,หนองปรือ,104,0.0,0.0,0.0,,,True
1791616500,2026-10-10T07:15:00Z,เลาขวัญ,123,0.0,0.0,0.0,,,True
1791616500,2026-10-10T07:15:00Z,หนองนาคำ,43,0.0,0.0,0.0,,,True
1791616500,2026-10-10T07:15:00Z,โคกโพธิ์ไชย,65,0.0,0.0,0.0,,,True
1791616500,2026-10-10T07:15:00Z,บ้านหลวง,91,0.0,0.0,0.0,,,True
1791616500,2026-10-10T07:15:00Z,นาน้อย,266,0.0,0.0,0.0,,,True
1791616500,2026-10-10T07:15:00Z,ภูผาม่าน,74,0.0,0.0,0.0,,,True
1791616500,2026-10-10T07:15:00Z,เมืองน่าน,161,0.0,0.0,0.0,,,True
1791616500,2026-10-10T07:15:00Z,แม่จริม,262,0.0,0.0,0.0,,,True
1791616500,2026-10-10T07:15:00Z,เวียงเก่า,78,0.0,0.0,0.0,,,True
1791616500,2026-10-10T07:15:00Z,เมืองกำแพงเพชร,368,0.034,0.848,0.1141,90,15,True
1791616500,2026-10-10T07:15:00Z,ไทรงาม,133,0.0,0.0,0.0,,,True
1791616500,2026-10-10T07:15:00Z,ปางศิลาทอง,186,0.013,0.413,0.086,,60,True
1791616500,2026-10-10T07:15:00Z,ลานกระบือ,103,0.0,0.0,0.0,,,True
1791616500,2026-10-10T07:15:00Z,ทรายทองวัฒนา,53,0.0,0.0,0.0,,,True
1791616500,2026-10-10T07:15:00Z,คลองขลุง,179,0.0,0.0,0.0,,,True
1791616500,2026-10-10T07:15:00Z,พรานกระต่าย,252,0.078,1.216,0.2063,75,15,True
1791616500,2026-10-10T07:15:00Z,คลองลาน,363,0.006,0.848,0.011,,15,True
1791616500,2026-10-10T07:15:00Z,ขาณุวรลักษบุรี,296,0.032,0.946,0.1486,60,15,True
1791616500,2026-10-10T07:15:00Z,ภูเพียง,113,0.0,0.0,0.0,,,True
1791616500,2026-10-10T07:15:00Z,นาหมื่น,245,0.0,0.0,0.0,,,True
1791616500,2026-10-10T07:15:00Z,เวียงสา,543,0.0,0.0,0.0,,,True
1791616500,2026-10-10T07:15:00Z,น้ำโสม,153,0.0,0.0,0.0,,,True
1791616500,2026-10-10T07:15:00Z,นายูง,126,0.0,0.0,0.0,,,True
1791616500,2026-10-10T07:15:00Z,ชุมแพ,173,0.0,0.0,0.0,,,True
1791616500,2026-10-10T07:15:00Z,สีชมพู,132,0.0,0.0,0.0,,,True
1791616500,2026-10-10T07:15:00Z,สุวรรณคูหา,140,0.0,0.0,0.0,,,True
1791616500,2026-10-10T07:15:00Z,นาวัง,65,0.0,0.0,0.0,,,True
1791616500,2026-10-10T07:15:00Z,หนองเรือ,80,0.0,0.0,0.0,,,True
1791616500,2026-10-10T07:15:00Z,โนนสัง,51,0.0,0.0,0.0,,,True
1791616500,2026-10-10T07:15:00Z,ศรีบุญเรือง,224,0.0,0.0,0.0,,,True
1791616500,2026-10-10T07:15:00Z,เมืองหนองบัวลำภู,217,0.0,0.0,0.0,,,True
1791616500,2026-10-10T07:15:00Z,นากลาง,173,0.0,0.0,0.0,,,True
1791616500,2026-10-10T07:15:00Z,ทุ่งเสลี่ยม,144,0.0,0.0,0.0,,,True
1791616500,2026-10-10T07:15:00Z,ดอยหล่อ,56,0.0,0.0,0.0,,,True
1791616500,2026-10-10T07:15:00Z,เมืองตาก,486,0.012,1.216,0.0391,,15,True
1791616500,2026-10-10T07:15:00Z,แม่ออน,116,0.011,0.413,0.0431,,45,True
1791616500,2026-10-10T07:15:00Z,อุ้มผาง,1209,0.002,0.946,0.0091,,15,True
1791616500,2026-10-10T07:15:00Z,วังเจ้า,183,0.006,0.592,0.0383,,15,True
1791616500,2026-10-10T07:15:00Z,แม่สอด,398,0.0,0.098,0.005,,105,True
1791616500,2026-10-10T07:15:00Z,พบพระ,249,0.229,1.727,0.2651,45,15,True
1791616500,2026-10-10T07:15:00Z,แม่ระมาด,380,0.062,1.216,0.1447,90,15,True
1791616500,2026-10-10T07:15:00Z,ท่าสองยาง,401,0.036,1.216,0.1022,120,60,True
1791616500,2026-10-10T07:15:00Z,บ้านตาก,255,0.0,0.0,0.0,,,True
1791616500,2026-10-10T07:15:00Z,สามเงา,698,0.016,1.216,0.0387,,15,True
1791616500,2026-10-10T07:15:00Z,จอมทอง,280,0.0,0.0,0.0,,,True
1791616500,2026-10-10T07:15:00Z,แก้งสนามนาง,79,0.0,0.0,0.0,,,True
1791616500,2026-10-10T07:15:00Z,สีคิ้ว,292,0.0,0.0,0.0,,,True
1791616500,2026-10-10T07:15:00Z,พระทองคำ,90,0.0,0.0,0.0,,,True
1791616500,2026-10-10T07:15:00Z,เทพารักษ์,92,0.0,0.0,0.0,,,True
1791616500,2026-10-10T07:15:00Z,สันกำแพง,65,0.012,0.288,0.0462,,60,True
1791616500,2026-10-10T07:15:00Z,สันป่าตอง,44,0.0,0.0,0.0,,,True
1791616500,2026-10-10T07:15:00Z,ดอยเต่า,213,0.001,0.098,0.0141,,15,True
1791616500,2026-10-10T07:15:00Z,อมก๋อย,704,0.009,0.848,0.0284,,15,True
1791616500,2026-10-10T07:15:00Z,ฮอด,378,0.0,0.0,0.0,,,True
1791616500,2026-10-10T07:15:00Z,เมืองลำพูน,117,0.011,0.413,0.0427,,120,True
1791616500,2026-10-10T07:15:00Z,แม่ทา,192,0.007,0.413,0.0365,,90,True
1791616500,2026-10-10T07:15:00Z,บ้านธิ,34,0.014,0.288,0.0882,,90,True
1791616500,2026-10-10T07:15:00Z,บ้านหมอ,24,0.0,0.0,0.0,,,True
1791616500,2026-10-10T07:15:00Z,เวียงหนองล่อง,14,0.0,0.0,0.0,,,True
1791616500,2026-10-10T07:15:00Z,ทุ่งหัวช้าง,113,0.015,0.413,0.0708,,90,True
1791616500,2026-10-10T07:15:00Z,ป่าซาง,74,0.0,0.0,0.0,,,True
1791616500,2026-10-10T07:15:00Z,บ้านโฮ่ง,124,0.0,0.0,0.0,,,True
1791616500,2026-10-10T07:15:00Z,แก่งคอย,73,0.0,0.0,0.0,,,True
1791616500,2026-10-10T07:15:00Z,ลี้,454,0.002,0.201,0.0154,,105,True
1791616500,2026-10-10T07:15:00Z,พระพุทธบาท,55,0.0,0.0,0.0,,,True
1791616500,2026-10-10T07:15:00Z,ดอนพุด,7,0.0,0.0,0.0,,,True
1791616500,2026-10-10T07:15:00Z,หนองโดน,31,0.0,0.0,0.0,,,True
1791616500,2026-10-10T07:15:00Z,เมืองลำปาง,300,0.066,0.848,0.31,75,30,True
1791616500,2026-10-10T07:15:00Z,เถิน,443,0.0,0.0,0.0,,,True
1791616500,2026-10-10T07:15:00Z,แม่พริก,167,0.0,0.0,0.0,,,True
1791616500,2026-10-10T07:15:00Z,แจ้ห่ม,274,0.023,0.614,0.1204,90,15,True
1791616500,2026-10-10T07:15:00Z,แม่เปิน,85,0.058,0.299,0.3882,105,90,True
1791616500,2026-10-10T07:15:00Z,เสริมงาม,185,0.017,0.413,0.1081,90,30,True
1791616500,2026-10-10T07:15:00Z,ชุมตาบง,61,0.093,0.299,0.6393,60,60,True
1791616500,2026-10-10T07:15:00Z,งาว,344,0.02,0.5,0.1192,90,15,True
1791616500,2026-10-10T07:15:00Z,ตากฟ้า,125,0.0,0.0,0.0,,,True
1791616500,2026-10-10T07:15:00Z,แม่เมาะ,283,0.532,2.958,0.7138,30,15,True
1791616500,2026-10-10T07:15:00Z,แม่วงก์,257,0.015,1.216,0.0895,,45,True
1791616500,2026-10-10T07:15:00Z,เกาะคา,128,0.008,0.413,0.0469,,15,True
1791616500,2026-10-10T07:15:00Z,พยุหะคีรี,169,0.0,0.0,0.0,,,True
1791616500,2026-10-10T07:15:00Z,ลาดยาว,187,0.04,0.299,0.2727,30,15,True
1791616500,2026-10-10T07:15:00Z,สบปราบ,125,0.0,0.0,0.0,,,True
1791616500,2026-10-10T07:15:00Z,ห้างฉัตร,154,0.0,0.0,0.0,,,True
1791616500,2026-10-10T07:15:00Z,แม่ทะ,203,0.256,3.088,0.3547,90,75,True
1791616500,2026-10-10T07:15:00Z,เมืองปาน,202,0.025,0.614,0.0941,,15,True
1791616500,2026-10-10T07:15:00Z,เมืองอ่างทอง,6,0.0,0.0,0.0,,,True
1791616500,2026-10-10T07:15:00Z,ไชโย,20,0.0,0.0,0.0,,,True
1791616500,2026-10-10T07:15:00Z,สามโก้,10,0.0,0.0,0.0,,,True
1791616500,2026-10-10T07:15:00Z,แสวงหา,43,0.0,0.0,0.0,,,True
1791616500,2026-10-10T07:15:00Z,วิเศษชัยชาญ,7,0.0,0.0,0.0,,,True
1791616500,2026-10-10T07:15:00Z,โพธิ์ทอง,48,0.0,0.0,0.0,,,True
1791616500,2026-10-10T07:15:00Z,เมืองลพบุรี,190,0.0,0.0,0.0,,,True
1791616500,2026-10-10T07:15:00Z,เดิมบางนางบวช,130,0.0,0.0,0.0,,,True
1791616500,2026-10-10T07:15:00Z,ด่านช้าง,309,0.0,0.0,0.0,,,True
1791616500,2026-10-10T07:15:00Z,หนองม่วง,111,0.0,0.0,0.0,,,True
1791616500,2026-10-10T07:15:00Z,ลำสนธิ,136,0.0,0.0,0.0,,,True
1791616500,2026-10-10T07:15:00Z,สามชุก,77,0.0,0.0,0.0,,,True
1791616500,2026-10-10T07:15:00Z,ดอนเจดีย์,72,0.0,0.0,0.0,,,True
1791616500,2026-10-10T07:15:00Z,สระโบสถ์,83,0.0,0.0,0.0,,,True
1791616500,2026-10-10T07:15:00Z,ศรีประจันต์,41,0.0,0.0,0.0,,,True
1791616500,2026-10-10T07:15:00Z,โคกเจริญ,135,0.0,0.0,0.0,,,True
1791616500,2026-10-10T07:15:00Z,บ้านหมี่,136,0.0,0.0,0.0,,,True
1791616500,2026-10-10T07:15:00Z,ท่าหลวง,100,0.0,0.0,0.0,,,True
1791616500,2026-10-10T07:15:00Z,ชัยบาดาล,280,0.0,0.0,0.0,,,True
1791616500,2026-10-10T07:15:00Z,ท่าวุ้ง,64,0.0,0.0,0.0,,,True
1791616500,2026-10-10T07:15:00Z,พัฒนานิคม,217,0.0,0.0,0.0,,,True
1791616500,2026-10-10T07:15:00Z,โคกสำโรง,180,0.0,0.0,0.0,,,True
1791616500,2026-10-10T07:15:00Z,หนองหญ้าไซ,108,0.0,0.0,0.0,,,True
1791616500,2026-10-10T07:15:00Z,ท่าช้าง,11,0.0,0.0,0.0,,,True
1791616500,2026-10-10T07:15:00Z,อินทร์บุรี,66,0.0,0.0,0.0,,,True
1791616500,2026-10-10T07:15:00Z,ค่ายบางระจัน,26,0.0,0.0,0.0,,,True
1791616500,2026-10-10T07:15:00Z,พรหมบุรี,19,0.0,0.0,0.0,,,True
1791616500,2026-10-10T07:15:00Z,เนินสง่า,65,0.0,0.0,0.0,,,True
1791616500,2026-10-10T07:15:00Z,เมืองสิงห์บุรี,31,0.0,0.0,0.0,,,True
1791616500,2026-10-10T07:15:00Z,ซับใหญ่,72,0.0,0.0,0.0,,,True
1791616500,2026-10-10T07:15:00Z,บางระจัน,46,0.0,0.0,0.0,,,True
1791616500,2026-10-10T07:15:00Z,ภูกระดึง,190,0.0,0.0,0.0,,,True
1791616500,2026-10-10T07:15:00Z,ภูหลวง,145,0.0,0.0,0.0,,,True
1791616500,2026-10-10T07:15:00Z,หนองหิน,78,0.0,0.0,0.0,,,True
1791616500,2026-10-10T07:15:00Z,ผาขาว,100,0.0,0.0,0.0,,,True
1791616500,2026-10-10T07:15:00Z,เอราวัณ,87,0.0,0.0,0.0,,,True
1791616500,2026-10-10T07:15:00Z,วังสะพุง,281,0.0,0.0,0.0,,,True
1791616500,2026-10-10T07:15:00Z,วังม่วง,70,0.0,0.0,0.0,,,True
1791616500,2026-10-10T07:15:00Z,เฉลิมพระเกียรติ,35,0.0,0.0,0.0,,,True
1791616500,2026-10-10T07:15:00Z,มวกเหล็ก,175,0.0,0.0,0.0,,,True
1791616500,2026-10-10T07:15:00Z,บ้านเขว้า,124,0.0,0.0,0.0,,,True
1791616500,2026-10-10T07:15:00Z,คอนสวรรค์,113,0.0,0.0,0.0,,,True
1791616500,2026-10-10T07:15:00Z,เมืองชัยภูมิ,358,0.0,0.0,0.0,,,True
1791616500,2026-10-10T07:15:00Z,วังทอง,425,0.0,0.0,0.0,,,True
1791616500,2026-10-10T07:15:00Z,เนินมะปราง,276,0.0,0.0,0.0,,,True
1791616500,2026-10-10T07:15:00Z,สวรรคโลก,156,0.0,0.0,0.0,,,True
1791616500,2026-10-10T07:15:00Z,ศรีนคร,46,0.0,0.0,0.0,,,True
1791616500,2026-10-10T07:15:00Z,หันคา,139,0.0,0.0,0.0,,,True
1791616500,2026-10-10T07:15:00Z,ศรีสัชนาลัย,534,0.0,0.0,0.0,,,True
1791616500,2026-10-10T07:15:00Z,หนองมะโมง,76,0.0,0.0,0.0,,,True
1791616500,2026-10-10T07:15:00Z,ศรีสำโรง,142,0.0,0.0,0.0,,,True
1791616500,2026-10-10T07:15:00Z,สรรพยา,55,0.0,0.0,0.0,,,True
1791616500,2026-10-10T07:15:00Z,คีรีมาศ,171,0.063,1.216,0.1345,30,15,True
1791616500,2026-10-10T07:15:00Z,สรรคบุรี,89,0.0,0.0,0.0,,,True
1791616500,2026-10-10T07:15:00Z,กงไกรลาศ,108,0.0,0.0,0.0,,,True
1791616500,2026-10-10T07:15:00Z,มโนรมย์,66,0.0,0.0,0.0,,,True
1791616500,2026-10-10T07:15:00Z,เมืองสุโขทัย,136,0.001,0.098,0.0074,,30,True
1791616500,2026-10-10T07:15:00Z,วัดสิงห์,67,0.0,0.0,0.0,,,True
1791616500,2026-10-10T07:15:00Z,บ้านด่านลานหอย,231,0.015,1.216,0.0303,,45,True
1791616500,2026-10-10T07:15:00Z,เมืองชัยนาท,70,0.0,0.0,0.0,,,True
1791616500,2026-10-10T07:15:00Z,เนินขาม,65,0.0,0.0,0.0,,,True
1791616500,2026-10-10T07:15:00Z,คอนสาร,334,0.0,0.0,0.0,,,True
1791616500,2026-10-10T07:15:00Z,ภักดีชุมพล,154,0.0,0.0,0.0,,,True
1791616500,2026-10-10T07:15:00Z,บ้านแท่น,76,0.0,0.0,0.0,,,True
1791616500,2026-10-10T07:15:00Z,แก้งคร้อ,168,0.0,0.0,0.0,,,True
1791616500,2026-10-10T07:15:00Z,ภูเขียว,201,0.0,0.0,0.0,,,True
1791616500,2026-10-10T07:15:00Z,หนองบัวระเหว,179,0.0,0.0,0.0,,,True
1791616500,2026-10-10T07:15:00Z,เทพสถิต,239,0.0,0.0,0.0,,,True
1791616500,2026-10-10T07:15:00Z,จัตุรัส,172,0.0,0.0,0.0,,,True
1791616500,2026-10-10T07:15:00Z,บำเหน็จณรงค์,120,0.0,0.0,0.0,,,True
1791616500,2026-10-10T07:15:00Z,เกษตรสมบูรณ์,268,0.0,0.0,0.0,,,True
1791616500,2026-10-10T07:15:00Z,หนองบัวแดง,537,0.0,0.0,0.0,,,True
1791616500,2026-10-10T07:15:00Z,ภูเรือ,168,0.0,0.0,0.0,,,True
1791616500,2026-10-10T07:15:00Z,ท่าลี่,171,0.0,0.0,0.0,,,True
1791616500,2026-10-10T07:15:00Z,วชิรบารมี,68,0.0,0.0,0.0,,,True
1791616500,2026-10-10T07:15:00Z,ด่านซ้าย,341,0.0,0.0,0.0,,,True
1791616500,2026-10-10T07:15:00Z,นาแห้ว,153,0.0,0.0,0.0,,,True
1791616500,2026-10-10T07:15:00Z,บึงนาราง,74,0.0,0.0,0.0,,,True
1791616500,2026-10-10T07:15:00Z,เชียงคาน,213,0.0,0.0,0.0,,,True
1791616500,2026-10-10T07:15:00Z,ดงเจริญ,56,0.0,0.0,0.0,,,True
1791616500,2026-10-10T07:15:00Z,ปากชม,240,0.0,0.0,0.0,,,True
1791616500,2026-10-10T07:15:00Z,เมืองเลย,314,0.0,0.0,0.0,,,True
1791616500,2026-10-10T07:15:00Z,นาด้วง,143,0.0,0.0,0.0,,,True
1791616500,2026-10-10T07:15:00Z,สากเหล็ก,45,0.0,0.0,0.0,,,True
1791616500,2026-10-10T07:15:00Z,สามง่าม,89,0.0,0.0,0.0,,,True
1791616500,2026-10-10T07:15:00Z,ทับคล้อ,104,0.0,0.0,0.0,,,True
1791616500,2026-10-10T07:15:00Z,พรหมพิราม,206,0.0,0.0,0.0,,,True
1791616500,2026-10-10T07:15:00Z,ด่านขุนทด,344,0.0,0.0,0.0,,,True
1791616500,2026-10-10T07:15:00Z,วัดโบสถ์,226,0.0,0.0,0.0,,,True
1791616500,2026-10-10T07:15:00Z,บางระกำ,246,0.0,0.0,0.0,,,True
1791616500,2026-10-10T07:15:00Z,บางกระทุ่ม,91,0.0,0.0,0.0,,,True
1791616500,2026-10-10T07:15:00Z,นครไทย,597,0.0,0.0,0.0,,,True
1791616500,2026-10-10T07:15:00Z,ชาติตระการ,415,0.0,0.0,0.0,,,True
1791616500,2026-10-10T07:15:00Z,บ้านเหลื่อม,55,0.0,0.0,0.0,,,True
1791616500,2026-10-10T07:15:00Z,เมืองพิษณุโลก,178,0.0,0.0,0.0,,,True
1791616500,2026-10-10T07:15:00Z,ชุมแสง,145,0.0,0.0,0.0,,,True
1791616500,2026-10-10T07:15:00Z,หนองบัว,208,0.0,0.0,0.0,,,True
1791616500,2026-10-10T07:15:00Z,เมืองนครสวรรค์,183,0.0,0.0,0.0,,,True
1791616500,2026-10-10T07:15:00Z,โกรกพระ,71,0.0,0.0,0.0,,,True
1791616500,2026-10-10T07:15:00Z,ไพศาลี,244,0.0,0.0,0.0,,,True
1791616500,2026-10-10T07:15:00Z,ตาคลี,206,0.0,0.0,0.0,,,True
1791616500,2026-10-10T07:15:00Z,ท่าตะโก,211,0.0,0.0,0.0,,,True
1791616500,2026-10-10T07:15:00Z,เขาค้อ,207,0.0,0.0,0.0,,,True
1791616500,2026-10-10T07:15:00Z,บรรพตพิสัย,181,0.0,0.0,0.0,,,True
1791616500,2026-10-10T07:15:00Z,เก้าเลี้ยว,57,0.0,0.0,0.0,,,True
1791616500,2026-10-10T07:15:00Z,วังโป่ง,123,0.0,0.0,0.0,,,True
1791616500,2026-10-10T07:15:00Z,บึงสามพัน,194,0.0,0.0,0.0,,,True
1791616500,2026-10-10T07:15:00Z,น้ำหนาว,231,0.0,0.0,0.0,,,True
1791616500,2026-10-10T07:15:00Z,ศรีเทพ,204,0.0,0.0,0.0,,,True
1791616500,2026-10-10T07:15:00Z,หนองไผ่,315,0.0,0.0,0.0,,,True
1791616500,2026-10-10T07:15:00Z,มหาราช,4,0.0,0.0,0.0,,,False
1791616500,2026-10-10T07:15:00Z,บ้านแพรก,10,0.0,0.0,0.0,,,True
1791616500,2026-10-10T07:15:00Z,บางมูลนาก,99,0.0,0.0,0.0,,,True
1791616500,2026-10-10T07:15:00Z,โพทะเล,131,0.0,0.0,0.0,,,True
1791616500,2026-10-10T07:15:00Z,โพธิ์ประทับช้าง,102,0.0,0.0,0.0,,,True
1791616500,2026-10-10T07:15:00Z,ตะพานหิน,109,0.0,0.0,0.0,,,True
1791616500,2026-10-10T07:15:00Z,เมืองพิจิตร,138,0.0,0.0,0.0,,,True
1791616500,2026-10-10T07:15:00Z,วังทรายพูน,66,0.0,0.0,0.0,,,True
1791617400,2026-10-10T07:30:00Z,พิชัย,176,0.0,0.0,0.0,,,True
1791617400,2026-10-10T07:30:00Z,ลับแล,116,0.0,0.0,0.0,,,True
1791617400,2026-10-10T07:30:00Z,ฟากท่า,163,0.047,0.848,0.2025,120,105,True
1791617400,2026-10-10T07:30:00Z,บ้านโคก,247,0.135,0.848,0.5466,75,60,True
1791617400,2026-10-10T07:30:00Z,ท่าปลา,442,0.0,0.0,0.0,,,True
1791617400,2026-10-10T07:30:00Z,น้ำปาด,363,0.003,0.201,0.0248,,60,True
1791617400,2026-10-10T07:30:00Z,เมืองอุตรดิตถ์,202,0.0,0.0,0.0,,,True
1791617400,2026-10-10T07:30:00Z,ตรอน,80,0.0,0.0,0.0,,,True
1791617400,2026-10-10T07:30:00Z,หล่มเก่า,246,0.0,0.0,0.0,,,True
1791617400,2026-10-10T07:30:00Z,วิเชียรบุรี,377,0.0,0.0,0.0,,,True
1791617400,2026-10-10T07:30:00Z,ชนแดน,279,0.0,0.0,0.0,,,True
1791617400,2026-10-10T07:30:00Z,หล่มสัก,350,0.0,0.0,0.0,,,True
1791617400,2026-10-10T07:30:00Z,เมืองเพชรบูรณ์,571,0.0,0.0,0.0,,,True
1791617400,2026-10-10T07:30:00Z,ทองแสนขัน,185,0.0,0.0,0.0,,,True
1791617400,2026-10-10T07:30:00Z,บึงสามัคคี,71,0.0,0.0,0.0,,,True
1791617400,2026-10-10T07:30:00Z,โกสัมพีนคร,137,0.028,1.742,0.0949,,45,True
1791617400,2026-10-10T07:30:00Z,สอง,380,0.05,2.496,0.0737,,15,True
1791617400,2026-10-10T07:30:00Z,วังชิ้น,255,0.0,0.0,0.0,,,True
1791617400,2026-10-10T07:30:00Z,สูงเม่น,88,0.0,0.0,0.0,,,True
1791617400,2026-10-10T07:30:00Z,เด่นชัย,135,0.0,0.0,0.0,,,True
1791617400,2026-10-10T07:30:00Z,ร้องกวาง,221,0.0,0.0,0.0,,,True
1791617400,2026-10-10T07:30:00Z,ลอง,317,0.266,2.594,0.3565,15,15,True
1791617400,2026-10-10T07:30:00Z,เมืองแพร่,205,0.0,0.0,0.0,,,True
1791617400,2026-10-10T07:30:00Z,ทัพทัน,94,0.071,0.848,0.1702,30,15,True
1791617400,2026-10-10T07:30:00Z,สว่างอารมณ์,110,0.001,0.098,0.0091,,30,True
1791617400,2026-10-10T07:30:00Z,เมืองอุทัยธานี,59,0.0,0.0,0.0,,,True
1791617400,2026-10-10T07:30:00Z,ห้วยคต,94,0.0,0.0,0.0,,,True
1791617400,2026-10-10T07:30:00Z,ศรีสวัสดิ์,440,0.0,0.0,0.0,,,True
1791617400,2026-10-10T07:30:00Z,บ้านไร่,821,0.0,0.0,0.0,,,True
1791617400,2026-10-10T07:30:00Z,ลานสัก,360,0.059,0.848,0.1611,90,30,True
1791617400,2026-10-10T07:30:00Z,หนองฉาง,89,0.0,0.0,0.0,,,True
1791617400,2026-10-10T07:30:00Z,หนองขาหย่าง,43,0.0,0.0,0.0,,,True
1791617400,2026-10-10T07:30:00Z,เชียงม่วน,82,0.0,0.0,0.0,,,True
1791617400,2026-10-10T07:30:00Z,ดอกคำใต้,37,0.0,0.0,0.0,,,True
1791617400,2026-10-10T07:30:00Z,เมืองพะเยา,6,0.0,0.0,0.0,,,True
1791617400,2026-10-10T07:30:00Z,ทองผาภูมิ,851,0.0,0.0,0.0,,,True
1791617400,2026-10-10T07:30:00Z,สังขละบุรี,793,0.0,0.0,0.0,,,True
1791617400,2026-10-10T07:30:00Z,หนองม่วงไข่,35,0.0,0.0,0.0,,,True
1791617400,2026-10-10T07:30:00Z,ภูเวียง,81,0.0,0.0,0.0,,,True
1791617400,2026-10-10T07:30:00Z,มัญจาคีรี,50,0.0,0.0,0.0,,,True
1791617400,2026-10-10T07:30:00Z,หนองปรือ,104,0.0,0.0,0.0,,,True
1791617400,2026-10-10T07:30:00Z,เลาขวัญ,123,0.0,0.0,0.0,,,True
1791617400,2026-10-10T07:30:00Z,หนองนาคำ,43,0.0,0.0,0.0,,,True
1791617400,2026-10-10T07:30:00Z,โคกโพธิ์ไชย,65,0.0,0.0,0.0,,,True
1791617400,2026-10-10T07:30:00Z,บ้านหลวง,91,0.0,0.0,0.0,,,True
1791617400,2026-10-10T07:30:00Z,นาน้อย,266,0.01,0.201,0.0714,,90,True
1791617400,2026-10-10T07:30:00Z,ภูผาม่าน,74,0.0,0.0,0.0,,,True
1791617400,2026-10-10T07:30:00Z,เมืองน่าน,161,0.0,0.0,0.0,,,True
1791617400,2026-10-10T07:30:00Z,แม่จริม,262,0.0,0.0,0.0,,,True
1791617400,2026-10-10T07:30:00Z,เวียงเก่า,78,0.0,0.0,0.0,,,True
1791617400,2026-10-10T07:30:00Z,เมืองกำแพงเพชร,368,0.02,1.742,0.0516,,15,True
1791617400,2026-10-10T07:30:00Z,ไทรงาม,133,0.0,0.0,0.0,,,True
1791617400,2026-10-10T07:30:00Z,ปางศิลาทอง,186,0.031,1.629,0.0645,,45,True
1791617400,2026-10-10T07:30:00Z,ลานกระบือ,103,0.0,0.0,0.0,,,True
1791617400,2026-10-10T07:30:00Z,ทรายทองวัฒนา,53,0.0,0.0,0.0,,,True
1791617400,2026-10-10T07:30:00Z,คลองขลุง,179,0.0,0.0,0.0,,,True
1791617400,2026-10-10T07:30:00Z,พรานกระต่าย,252,0.066,1.216,0.1389,75,15,True
1791617400,2026-10-10T07:30:00Z,คลองลาน,363,0.004,0.288,0.0331,,15,True
1791617400,2026-10-10T07:30:00Z,ขาณุวรลักษบุรี,296,0.103,2.334,0.1689,30,15,True
1791617400,2026-10-10T07:30:00Z,ภูเพียง,113,0.0,0.0,0.0,,,True
1791617400,2026-10-10T07:30:00Z,นาหมื่น,245,0.0,0.0,0.0,,,True
1791617400,2026-10-10T07:30:00Z,เวียงสา,543,0.0,0.098,0.0018,,90,True
1791617400,2026-10-10T07:30:00Z,น้ำโสม,153,0.0,0.0,0.0,,,True
1791617400,2026-10-10T07:30:00Z,นายูง,126,0.0,0.0,0.0,,,True
1791617400,2026-10-10T07:30:00Z,ชุมแพ,173,0.0,0.0,0.0,,,True
1791617400,2026-10-10T07:30:00Z,สีชมพู,132,0.0,0.0,0.0,,,True
1791617400,2026-10-10T07:30:00Z,สุวรรณคูหา,140,0.0,0.0,0.0,,,True
1791617400,2026-10-10T07:30:00Z,นาวัง,65,0.0,0.0,0.0,,,True
1791617400,2026-10-10T07:30:00Z,หนองเรือ,80,0.0,0.0,0.0,,,True
1791617400,2026-10-10T07:30:00Z,โนนสัง,51,0.0,0.0,0.0,,,True
1791617400,2026-10-10T07:30:00Z,ศรีบุญเรือง,224,0.0,0.0,0.0,,,True
1791617400,2026-10-10T07:30:00Z,เมืองหนองบัวลำภู,217,0.0,0.0,0.0,,,True
1791617400,2026-10-10T07:30:00Z,นากลาง,173,0.0,0.0,0.0,,,True
1791617400,2026-10-10T07:30:00Z,ทุ่งเสลี่ยม,144,0.0,0.0,0.0,,,True
1791617400,2026-10-10T07:30:00Z,ดอยหล่อ,56,0.0,0.0,0.0,,,True
1791617400,2026-10-10T07:30:00Z,เมืองตาก,486,0.026,1.216,0.072,,15,True
1791617400,2026-10-10T07:30:00Z,แม่ออน,116,0.072,2.529,0.1034,75,30,True
1791617400,2026-10-10T07:30:00Z,อุ้มผาง,1209,0.002,0.592,0.0083,,90,True
1791617400,2026-10-10T07:30:00Z,วังเจ้า,183,0.013,0.288,0.0929,,15,True
1791617400,2026-10-10T07:30:00Z,แม่สอด,398,0.009,0.288,0.0729,,30,True
1791617400,2026-10-10T07:30:00Z,พบพระ,249,0.029,0.413,0.245,45,15,True
1791617400,2026-10-10T07:30:00Z,แม่ระมาด,380,0.02,0.848,0.1211,60,15,True
1791617400,2026-10-10T07:30:00Z,ท่าสองยาง,401,0.024,0.592,0.1446,105,45,True
1791617400,2026-10-10T07:30:00Z,บ้านตาก,255,0.0,0.0,0.0,,,True
1791617400,2026-10-10T07:30:00Z,สามเงา,698,0.003,0.413,0.0186,,15,True
1791617400,2026-10-10T07:30:00Z,จอมทอง,280,0.0,0.0,0.0,,,True
1791617400,2026-10-10T07:30:00Z,แก้งสนามนาง,79,0.0,0.0,0.0,,,True
1791617400,2026-10-10T07:30:00Z,สีคิ้ว,292,0.0,0.0,0.0,,,True
1791617400,2026-10-10T07:30:00Z,พระทองคำ,90,0.0,0.0,0.0,,,True
1791617400,2026-10-10T07:30:00Z,เทพารักษ์,92,0.0,0.0,0.0,,,True
1791617400,2026-10-10T07:30:00Z,สันกำแพง,65,0.011,0.098,0.1077,60,45,True
1791617400,2026-10-10T07:30:00Z,สันป่าตอง,44,0.0,0.0,0.0,,,True
1791617400,2026-10-10T07:30:00Z,ดอยเต่า,213,0.003,0.592,0.0094,,15,True
1791617400,2026-10-10T07:30:00Z,อมก๋อย,704,0.009,1.216,0.0298,,15,True
1791617400,2026-10-10T07:30:00Z,ฮอด,378,0.012,1.216,0.0265,,15,True
1791617400,2026-10-10T07:30:00Z,เมืองลำพูน,117,0.216,2.59,0.1795,120,90,True
1791617400,2026-10-10T07:30:00Z,แม่ทา,192,0.174,3.088,0.1146,105,60,True
1791617400,2026-10-10T07:30:00Z,บ้านธิ,34,0.026,0.098,0.2647,75,60,True
1791617400,2026-10-10T07:30:00Z,บ้านหมอ,24,0.0,0.0,0.0,,,True
1791617400,2026-10-10T07:30:00Z,เวียงหนองล่อง,14,0.0,0.0,0.0,,,True
1791617400,2026-10-10T07:30:00Z,ทุ่งหัวช้าง,113,0.001,0.098,0.0088,,105,True
1791617400,2026-10-10T07:30:00Z,ป่าซาง,74,0.0,0.0,0.0,,,True
1791617400,2026-10-10T07:30:00Z,บ้านโฮ่ง,124,0.001,0.098,0.0081,,120,True
1791617400,2026-10-10T07:30:00Z,แก่งคอย,73,0.0,0.0,0.0,,,True
1791617400,2026-10-10T07:30:00Z,ลี้,454,0.0,0.098,0.0022,,105,True
1791617400,2026-10-10T07:30:00Z,พระพุทธบาท,55,0.0,0.0,0.0,,,True
1791617400,2026-10-10T07:30:00Z,ดอนพุด,7,0.0,0.0,0.0,,,True
1791617400,2026-10-10T07:30:00Z,หนองโดน,31,0.0,0.0,0.0,,,True
1791617400,2026-10-10T07:30:00Z,เมืองลำปาง,300,0.236,3.345,0.2367,105,30,True
1791617400,2026-10-10T07:30:00Z,เถิน,443,0.0,0.0,0.0,,,True
1791617400,2026-10-10T07:30:00Z,แม่พริก,167,0.0,0.0,0.0,,,True
1791617400,2026-10-10T07:30:00Z,แจ้ห่ม,274,0.05,1.84,0.0949,,15,True
1791617400,2026-10-10T07:30:00Z,แม่เปิน,85,0.008,0.098,0.0824,,90,True
1791617400,2026-10-10T07:30:00Z,เสริมงาม,185,0.003,0.098,0.027,,15,True
1791617400,2026-10-10T07:30:00Z,ชุมตาบง,61,0.007,0.201,0.0492,,60,True
1791617400,2026-10-10T07:30:00Z,งาว,344,0.013,0.201,0.1076,105,15,True
1791617400,2026-10-10T07:30:00Z,ตากฟ้า,125,0.0,0.0,0.0,,,True
1791617400,2026-10-10T07:30:00Z,แม่เมาะ,283,0.704,3.484,0.682,30,15,True
1791617400,2026-10-10T07:30:00Z,แม่วงก์,257,0.051,1.808,0.1284,90,45,True
1791617400,2026-10-10T07:30:00Z,เกาะคา,128,0.002,0.098,0.0234,,15,True
1791617400,2026-10-10T07:30:00Z,พยุหะคีรี,169,0.0,0.0,0.0,,,True
1791617400,2026-10-10T07:30:00Z,ลาดยาว,187,0.003,0.098,0.0321,,15,True
1791617400,2026-10-10T07:30:00Z,สบปราบ,125,0.0,0.0,0.0,,,True
1791617400,2026-10-10T07:30:00Z,ห้างฉัตร,154,0.001,0.098,0.013,,45,True
1791617400,2026-10-10T07:30:00Z,แม่ทะ,203,0.261,1.808,0.3744,75,45,True
1791617400,2026-10-10T07:30:00Z,เมืองปาน,202,0.149,3.088,0.1436,30,15,True
1791617400,2026-10-10T07:30:00Z,เมืองอ่างทอง,6,0.0,0.0,0.0,,,True
1791617400,2026-10-10T07:30:00Z,ไชโย,20,0.0,0.0,0.0,,,True
1791617400,2026-10-10T07:30:00Z,สามโก้,10,0.0,0.0,0.0,,,True
1791617400,2026-10-10T07:30:00Z,แสวงหา,43,0.0,0.0,0.0,,,True
1791617400,2026-10-10T07:30:00Z,วิเศษชัยชาญ,7,0.0,0.0,0.0,,,True
1791617400,2026-10-10T07:30:00Z,โพธิ์ทอง,48,0.0,0.0,0.0,,,True
1791617400,2026-10-10T07:30:00Z,เมืองลพบุรี,190,0.0,0.0,0.0,,,True
1791617400,2026-10-10T07:30:00Z,เดิมบางนางบวช,130,0.0,0.0,0.0,,,True
1791617400,2026-10-10T07:30:00Z,ด่านช้าง,309,0.0,0.0,0.0,,,True
1791617400,2026-10-10T07:30:00Z,หนองม่วง,111,0.0,0.0,0.0,,,True
1791617400,2026-10-10T07:30:00Z,ลำสนธิ,136,0.0,0.0,0.0,,,True
1791617400,2026-10-10T07:30:00Z,สามชุก,77,0.0,0.0,0.0,,,True
1791617400,2026-10-10T07:30:00Z,ดอนเจดีย์,72,0.0,0.0,0.0,,,True
1791617400,2026-10-10T07:30:00Z,สระโบสถ์,83,0.0,0.0,0.0,,,True
1791617400,2026-10-10T07:30:00Z,ศรีประจันต์,41,0.0,0.0,0.0,,,True
1791617400,2026-10-10T07:30:00Z,โคกเจริญ,135,0.0,0.0,0.0,,,True
1791617400,2026-10-10T07:30:00Z,บ้านหมี่,136,0.0,0.0,0.0,,,True
1791617400,2026-10-10T07:30:00Z,ท่าหลวง,100,0.0,0.0,0.0,,,True
1791617400,2026-10-10T07:30:00Z,ชัยบาดาล,280,0.0,0.0,0.0,,,True
1791617400,2026-10-10T07:30:00Z,ท่าวุ้ง,64,0.0,0.0,0.0,,,True
1791617400,2026-10-10T07:30:00Z,พัฒนานิคม,217,0.0,0.0,0.0,,,True
1791617400,2026-10-10T07:30:00Z,โคกสำโรง,180,0.0,0.0,0.0,,,True
1791617400,2026-10-10T07:30:00Z,หนองหญ้าไซ,108,0.0,0.0,0.0,,,True
1791617400,2026-10-10T07:30:00Z,ท่าช้าง,11,0.0,0.0,0.0,,,True
1791617400,2026-10-10T07:30:00Z,อินทร์บุรี,66,0.0,0.0,0.0,,,True
1791617400,2026-10-10T07:30:00Z,ค่ายบางระจัน,26,0.0,0.0,0.0,,,True
1791617400,2026-10-10T07:30:00Z,พรหมบุรี,19,0.0,0.0,0.0,,,True
1791617400,2026-10-10T07:30:00Z,เนินสง่า,65,0.0,0.0,0.0,,,True
1791617400,2026-10-10T07:30:00Z,เมืองสิงห์บุรี,31,0.0,0.0,0.0,,,True
1791617400,2026-10-10T07:30:00Z,ซับใหญ่,72,0.004,0.098,0.0417,,45,True
1791617400,2026-10-10T07:30:00Z,บางระจัน,46,0.0,0.0,0.0,,,True
1791617400,2026-10-10T07:30:00Z,ภูกระดึง,190,0.0,0.0,0.0,,,True
1791617400,2026-10-10T07:30:00Z,ภูหลวง,145,0.0,0.0,0.0,,,True
1791617400,2026-10-10T07:30:00Z,หนองหิน,78,0.0,0.0,0.0,,,True
1791617400,2026-10-10T07:30:00Z,ผาขาว,100,0.0,0.0,0.0,,,True
1791617400,2026-10-10T07:30:00Z,เอราวัณ,87,0.0,0.0,0.0,,,True
1791617400,2026-10-10T07:30:00Z,วังสะพุง,281,0.0,0.0,0.0,,,True
1791617400,2026-10-10T07:30:00Z,วังม่วง,70,0.0,0.0,0.0,,,True
1791617400,2026-10-10T07:30:00Z,เฉลิมพระเกียรติ,35,0.0,0.0,0.0,,,True
1791617400,2026-10-10T07:30:00Z,มวกเหล็ก,175,0.0,0.0,0.0,,,True
1791617400,2026-10-10T07:30:00Z,บ้านเขว้า,124,0.0,0.0,0.0,,,True
1791617400,2026-10-10T07:30:00Z,คอนสวรรค์,113,0.0,0.0,0.0,,,True
1791617400,2026-10-10T07:30:00Z,เมืองชัยภูมิ,358,0.0,0.0,0.0,,,True
1791617400,2026-10-10T07:30:00Z,วังทอง,425,0.0,0.0,0.0,,,True
1791617400,2026-10-10T07:30:00Z,เนินมะปราง,276,0.0,0.0,0.0,,,True
1791617400,2026-10-10T07:30:00Z,สวรรคโลก,156,0.0,0.0,0.0,,,True
1791617400,2026-10-10T07:30:00Z,ศรีนคร,46,0.0,0.0,0.0,,,True
1791617400,2026-10-10T07:30:00Z,หันคา,139,0.0,0.0,0.0,,,True
1791617400,2026-10-10T07:30:00Z,ศรีสัชนาลัย,534,0.0,0.0,0.0,,,True
1791617400,2026-10-10T07:30:00Z,หนองมะโมง,76,0.0,0.0,0.0,,,True
1791617400,2026-10-10T07:30:00Z,ศรีสำโรง,142,0.0,0.0,0.0,,,True
1791617400,2026-10-10T07:30:00Z,สรรพยา,55,0.0,0.0,0.0,,,True
1791617400,2026-10-10T07:30:00Z,คีรีมาศ,171,0.031,1.216,0.076,,15,True
1791617400,2026-10-10T07:30:00Z,สรรคบุรี,89,0.0,0.0,0.0,,,True
1791617400,2026-10-10T07:30:00Z,กงไกรลาศ,108,0.0,0.0,0.0,,,True
1791617400,2026-10-10T07:30:00Z,มโนรมย์,66,0.0,0.0,0.0,,,True
1791617400,2026-10-10T07:30:00Z,เมืองสุโขทัย,136,0.002,0.098,0.0221,,15,True
1791617400,2026-10-10T07:30:00Z,วัดสิงห์,67,0.0,0.0,0.0,,,True
1791617400,2026-10-10T07:30:00Z,บ้านด่านลานหอย,231,0.018,0.848,0.0606,,30,True
1791617400,2026-10-10T07:30:00Z,เมืองชัยนาท,70,0.0,0.0,0.0,,,True
1791617400,2026-10-10T07:30:00Z,เนินขาม,65,0.0,0.0,0.0,,,True
1791617400,2026-10-10T07:30:00Z,คอนสาร,334,0.0,0.0,0.0,,,True
1791617400,2026-10-10T07:30:00Z,ภักดีชุมพล,154,0.0,0.0,0.0,,,True
1791617400,2026-10-10T07:30:00Z,บ้านแท่น,76,0.0,0.0,0.0,,,True
1791617400,2026-10-10T07:30:00Z,แก้งคร้อ,168,0.0,0.0,0.0,,,True
1791617400,2026-10-10T07:30:00Z,ภูเขียว,201,0.0,0.0,0.0,,,True
1791617400,2026-10-10T07:30:00Z,หนองบัวระเหว,179,0.0,0.0,0.0,,,True
1791617400,2026-10-10T07:30:00Z,เทพสถิต,239,0.003,0.098,0.0335,,90,True
1791617400,2026-10-10T07:30:00Z,จัตุรัส,172,0.002,0.098,0.0233,,15,True
1791617400,2026-10-10T07:30:00Z,บำเหน็จณรงค์,120,0.002,0.098,0.0167,,90,True
1791617400,2026-10-10T07:30:00Z,เกษตรสมบูรณ์,268,0.0,0.0,0.0,,,True
1791617400,2026-10-10T07:30:00Z,หนองบัวแดง,537,0.0,0.0,0.0,,,True
1791617400,2026-10-10T07:30:00Z,ภูเรือ,168,0.0,0.0,0.0,,,True
1791617400,2026-10-10T07:30:00Z,ท่าลี่,171,0.0,0.0,0.0,,,True
1791617400,2026-10-10T07:30:00Z,วชิรบารมี,68,0.0,0.0,0.0,,,True
1791617400,2026-10-10T07:30:00Z,ด่านซ้าย,341,0.0,0.0,0.0,,,True
1791617400,2026-10-10T07:30:00Z,นาแห้ว,153,0.0,0.0,0.0,,,True
1791617400,2026-10-10T07:30:00Z,บึงนาราง,74,0.0,0.0,0.0,,,True
1791617400,2026-10-10T07:30:00Z,เชียงคาน,213,0.0,0.0,0.0,,,True
1791617400,2026-10-10T07:30:00Z,ดงเจริญ,56,0.0,0.0,0.0,,,True
1791617400,2026-10-10T07:30:00Z,ปากชม,240,0.0,0.0,0.0,,,True
1791617400,2026-10-10T07:30:00Z,เมืองเลย,314,0.0,0.0,0.0,,,True
1791617400,2026-10-10T07:30:00Z,นาด้วง,143,0.0,0.0,0.0,,,True
1791617400,2026-10-10T07:30:00Z,สากเหล็ก,45,0.0,0.0,0.0,,,True
1791617400,2026-10-10T07:30:00Z,สามง่าม,89,0.0,0.0,0.0,,,True
1791617400,2026-10-10T07:30:00Z,ทับคล้อ,104,0.0,0.0,0.0,,,True
1791617400,2026-10-10T07:30:00Z,พรหมพิราม,206,0.0,0.0,0.0,,,True
1791617400,2026-10-10T07:30:00Z,ด่านขุนทด,344,0.0,0.0,0.0,,,True
1791617400,2026-10-10T07:30:00Z,วัดโบสถ์,226,0.0,0.0,0.0,,,True
1791617400,2026-10-10T07:30:00Z,บางระกำ,246,0.0,0.0,0.0,,,True
1791617400,2026-10-10T07:30:00Z,บางกระทุ่ม,91,0.0,0.0,0.0,,,True
1791617400,2026-10-10T07:30:00Z,นครไทย,597,0.0,0.0,0.0,,,True
1791617400,2026-10-10T07:30:00Z,ชาติตระการ,415,0.0,0.0,0.0,,,True
1791617400,2026-10-10T07:30:00Z,บ้านเหลื่อม,55,0.0,0.0,0.0,,,True
1791617400,2026-10-10T07:30:00Z,เมืองพิษณุโลก,178,0.0,0.0,0.0,,,True
1791617400,2026-10-10T07:30:00Z,ชุมแสง,145,0.0,0.0,0.0,,,True
1791617400,2026-10-10T07:30:00Z,หนองบัว,208,0.0,0.0,0.0,,,True
1791617400,2026-10-10T07:30:00Z,เมืองนครสวรรค์,183,0.0,0.0,0.0,,,True
1791617400,2026-10-10T07:30:00Z,โกรกพระ,71,0.0,0.0,0.0,,,True
1791617400,2026-10-10T07:30:00Z,ไพศาลี,244,0.0,0.0,0.0,,,True
1791617400,2026-10-10T07:30:00Z,ตาคลี,206,0.0,0.0,0.0,,,True
1791617400,2026-10-10T07:30:00Z,ท่าตะโก,211,0.0,0.0,0.0,,,True
1791617400,2026-10-10T07:30:00Z,เขาค้อ,207,0.0,0.0,0.0,,,True
1791617400,2026-10-10T07:30:00Z,บรรพตพิสัย,181,0.0,0.0,0.0,,,True
1791617400,2026-10-10T07:30:00Z,เก้าเลี้ยว,57,0.0,0.0,0.0,,,True
1791617400,2026-10-10T07:30:00Z,วังโป่ง,123,0.0,0.0,0.0,,,True
1791617400,2026-10-10T07:30:00Z,บึงสามพัน,194,0.0,0.0,0.0,,,True
1791617400,2026-10-10T07:30:00Z,น้ำหนาว,231,0.0,0.0,0.0,,,True
1791617400,2026-10-10T07:30:00Z,ศรีเทพ,204,0.0,0.0,0.0,,,True
1791617400,2026-10-10T07:30:00Z,หนองไผ่,315,0.0,0.0,0.0,,,True
1791617400,2026-10-10T07:30:00Z,มหาราช,4,0.0,0.0,0.0,,,False
1791617400,2026-10-10T07:30:00Z,บ้านแพรก,10,0.0,0.0,0.0,,,True
1791617400,2026-10-10T07:30:00Z,บางมูลนาก,99,0.0,0.0,0.0,,,True
1791617400,2026-10-10T07:30:00Z,โพทะเล,131,0.0,0.0,0.0,,,True
1791617400,2026-10-10T07:30:00Z,โพธิ์ประทับช้าง,102,0.0,0.0,0.0,,,True
1791617400,2026-10-10T07:30:00Z,ตะพานหิน,109,0.0,0.0,0.0,,,True
1791617400,2026-10-10T07:30:00Z,เมืองพิจิตร,138,0.0,0.0,0.0,,,True
1791617400,2026-10-10T07:30:00Z,วังทรายพูน,66,0.0,0.0,0.0,,,True
1791618300,2026-10-10T07:45:00Z,พิชัย,176,0.0,0.0,0.0,,,True
1791618300,2026-10-10T07:45:00Z,ลับแล,116,0.0,0.0,0.0,,,True
1791618300,2026-10-10T07:45:00Z,ฟากท่า,163,0.089,0.489,0.4479,105,90,True
1791618300,2026-10-10T07:45:00Z,บ้านโคก,247,0.107,0.413,0.6154,60,45,True
1791618300,2026-10-10T07:45:00Z,ท่าปลา,442,0.0,0.0,0.0,,,True
1791618300,2026-10-10T07:45:00Z,น้ำปาด,363,0.0,0.0,0.0,,,True
1791618300,2026-10-10T07:45:00Z,เมืองอุตรดิตถ์,202,0.0,0.0,0.0,,,True
1791618300,2026-10-10T07:45:00Z,ตรอน,80,0.0,0.0,0.0,,,True
1791618300,2026-10-10T07:45:00Z,หล่มเก่า,246,0.0,0.0,0.0,,,True
1791618300,2026-10-10T07:45:00Z,วิเชียรบุรี,377,0.002,0.098,0.0159,,45,True
1791618300,2026-10-10T07:45:00Z,ชนแดน,279,0.0,0.0,0.0,,,True
1791618300,2026-10-10T07:45:00Z,หล่มสัก,350,0.0,0.0,0.0,,,True
1791618300,2026-10-10T07:45:00Z,เมืองเพชรบูรณ์,571,0.0,0.0,0.0,,,True
1791618300,2026-10-10T07:45:00Z,ทองแสนขัน,185,0.0,0.0,0.0,,,True
1791618300,2026-10-10T07:45:00Z,บึงสามัคคี,71,0.0,0.0,0.0,,,True
1791618300,2026-10-10T07:45:00Z,โกสัมพีนคร,137,0.11,2.496,0.1387,105,45,True
1791618300,2026-10-10T07:45:00Z,สอง,380,0.001,0.098,0.0079,,15,True
1791618300,2026-10-10T07:45:00Z,วังชิ้น,255,0.0,0.0,0.0,,,True
1791618300,2026-10-10T07:45:00Z,สูงเม่น,88,0.0,0.0,0.0,,,True
1791618300,2026-10-10T07:45:00Z,เด่นชัย,135,0.0,0.0,0.0,,,True
1791618300,2026-10-10T07:45:00Z,ร้องกวาง,221,0.0,0.0,0.0,,,True
1791618300,2026-10-10T07:45:00Z,ลอง,317,0.108,1.742,0.2366,15,15,True
1791618300,2026-10-10T07:45:00Z,เมืองแพร่,205,0.0,0.0,0.0,,,True
1791618300,2026-10-10T07:45:00Z,ทัพทัน,94,0.032,0.848,0.0957,,15,True
1791618300,2026-10-10T07:45:00Z,สว่างอารมณ์,110,0.02,0.848,0.0636,,15,True
1791618300,2026-10-10T07:45:00Z,เมืองอุทัยธานี,59,0.0,0.0,0.0,,,True
1791618300,2026-10-10T07:45:00Z,ห้วยคต,94,0.063,1.216,0.1383,105,60,True
1791618300,2026-10-10T07:45:00Z,ศรีสวัสดิ์,440,0.0,0.0,0.0,,,True
1791618300,2026-10-10T07:45:00Z,บ้านไร่,821,0.008,1.216,0.0268,,105,True
1791618300,2026-10-10T07:45:00Z,ลานสัก,360,0.081,1.216,0.2472,60,15,True
1791618300,2026-10-10T07:45:00Z,หนองฉาง,89,0.026,0.592,0.0787,,15,True
1791618300,2026-10-10T07:45:00Z,หนองขาหย่าง,43,0.0,0.0,0.0,,,True
1791618300,2026-10-10T07:45:00Z,เชียงม่วน,82,0.0,0.0,0.0,,,True
1791618300,2026-10-10T07:45:00Z,ดอกคำใต้,37,0.0,0.0,0.0,,,True
1791618300,2026-10-10T07:45:00Z,เมืองพะเยา,6,0.0,0.0,0.0,,,True
1791618300,2026-10-10T07:45:00Z,ทองผาภูมิ,851,0.0,0.0,0.0,,,True
1791618300,2026-10-10T07:45:00Z,สังขละบุรี,793,0.0,0.0,0.0,,,True
1791618300,2026-10-10T07:45:00Z,หนองม่วงไข่,35,0.0,0.0,0.0,,,True
1791618300,2026-10-10T07:45:00Z,ภูเวียง,81,0.0,0.0,0.0,,,True
1791618300,2026-10-10T07:45:00Z,มัญจาคีรี,50,0.0,0.0,0.0,,,True
1791618300,2026-10-10T07:45:00Z,หนองปรือ,104,0.0,0.0,0.0,,,True
1791618300,2026-10-10T07:45:00Z,เลาขวัญ,123,0.0,0.0,0.0,,,True
1791618300,2026-10-10T07:45:00Z,หนองนาคำ,43,0.0,0.0,0.0,,,True
1791618300,2026-10-10T07:45:00Z,โคกโพธิ์ไชย,65,0.0,0.0,0.0,,,True
1791618300,2026-10-10T07:45:00Z,บ้านหลวง,91,0.0,0.0,0.0,,,True
1791618300,2026-10-10T07:45:00Z,นาน้อย,266,0.017,0.201,0.1541,120,60,True
1791618300,2026-10-10T07:45:00Z,ภูผาม่าน,74,0.0,0.0,0.0,,,True
1791618300,2026-10-10T07:45:00Z,เมืองน่าน,161,0.0,0.0,0.0,,,True
1791618300,2026-10-10T07:45:00Z,แม่จริม,262,0.0,0.0,0.0,,,True
1791618300,2026-10-10T07:45:00Z,เวียงเก่า,78,0.0,0.0,0.0,,,True
1791618300,2026-10-10T07:45:00Z,เมืองกำแพงเพชร,368,0.067,2.496,0.0761,,15,True
1791618300,2026-10-10T07:45:00Z,ไทรงาม,133,0.0,0.0,0.0,,,True
1791618300,2026-10-10T07:45:00Z,ปางศิลาทอง,186,0.037,0.592,0.1559,105,45,True
1791618300,2026-10-10T07:45:00Z,ลานกระบือ,103,0.0,0.0,0.0,,,True
1791618300,2026-10-10T07:45:00Z,ทรายทองวัฒนา,53,0.0,0.0,0.0,,,True
1791618300,2026-10-10T07:45:00Z,คลองขลุง,179,0.0,0.0,0.0,,,True
1791618300,2026-10-10T07:45:00Z,พรานกระต่าย,252,0.085,1.216,0.1429,60,15,True
1791618300,2026-10-10T07:45:00Z,คลองลาน,363,0.054,2.496,0.0634,,60,True
1791618300,2026-10-10T07:45:00Z,ขาณุวรลักษบุรี,296,0.044,0.848,0.1622,30,15,True
1791618300,2026-10-10T07:45:00Z,ภูเพียง,113,0.0,0.0,0.0,,,True
1791618300,2026-10-10T07:45:00Z,นาหมื่น,245,0.002,0.201,0.0204,,120,True
1791618300,2026-10-10T07:45:00Z,เวียงสา,543,0.0,0.098,0.0018,,105,True
1791618300,2026-10-10T07:45:00Z,น้ำโสม,153,0.0,0.0,0.0,,,True
1791618300,2026-10-10T07:45:00Z,นายูง,126,0.0,0.0,0.0,,,True
1791618300,2026-10-10T07:45:00Z,ชุมแพ,173,0.0,0.0,0.0,,,True
1791618300,2026-10-10T07:45:00Z,สีชมพู,132,0.0,0.0,0.0,,,True
1791618300,2026-10-10T07:45:00Z,สุวรรณคูหา,140,0.0,0.0,0.0,,,True
1791618300,2026-10-10T07:45:00Z,นาวัง,65,0.0,0.0,0.0,,,True
1791618300,2026-10-10T07:45:00Z,หนองเรือ,80,0.0,0.0,0.0,,,True
1791618300,2026-10-10T07:45:00Z,โนนสัง,51,0.0,0.0,0.0,,,True
1791618300,2026-10-10T07:45:00Z,ศรีบุญเรือง,224,0.0,0.0,0.0,,,True
1791618300,2026-10-10T07:45:00Z,เมืองหนองบัวลำภู,217,0.0,0.0,0.0,,,True
1791618300,2026-10-10T07:45:00Z,นากลาง,173,0.0,0.0,0.0,,,True
1791618300,2026-10-10T07:45:00Z,ทุ่งเสลี่ยม,144,0.0,0.0,0.0,,,True
1791618300,2026-10-10T07:45:00Z,ดอยหล่อ,56,0.0,0.0,0.0,,,True
1791618300,2026-10-10T07:45:00Z,เมืองตาก,486,0.043,1.742,0.0741,,45,True
1791618300,2026-10-10T07:45:00Z,แม่ออน,116,0.06,2.431,0.0776,,30,True
1791618300,2026-10-10T07:45:00Z,อุ้มผาง,1209,0.008,1.216,0.0256,,105,True
1791618300,2026-10-10T07:45:00Z,วังเจ้า,183,0.077,1.216,0.1803,105,15,True
1791618300,2026-10-10T07:45:00Z,แม่สอด,398,0.012,0.848,0.0327,,60,True
1791618300,2026-10-10T07:45:00Z,พบพระ,249,0.038,1.216,0.1446,75,15,True
1791618300,2026-10-10T07:45:00Z,แม่ระมาด,380,0.002,0.098,0.0184,,15,True
1791618300,2026-10-10T07:45:00Z,ท่าสองยาง,401,0.004,0.098,0.0449,,30,True
1791618300,2026-10-10T07:45:00Z,บ้านตาก,255,0.0,0.0,0.0,,,True
1791618300,2026-10-10T07:45:00Z,สามเงา,698,0.031,1.742,0.0487,,15,True
1791618300,2026-10-10T07:45:00Z,จอมทอง,280,0.0,0.0,0.0,,,True
1791618300,2026-10-10T07:45:00Z,แก้งสนามนาง,79,0.0,0.0,0.0,,,True
1791618300,2026-10-10T07:45:00Z,สีคิ้ว,292,0.0,0.0,0.0,,,True
1791618300,2026-10-10T07:45:00Z,พระทองคำ,90,0.0,0.0,0.0,,,True
1791618300,2026-10-10T07:45:00Z,เทพารักษ์,92,0.0,0.0,0.0,,,True
1791618300,2026-10-10T07:45:00Z,สันกำแพง,65,0.0,0.0,0.0,,,True
1791618300,2026-10-10T07:45:00Z,สันป่าตอง,44,0.0,0.0,0.0,,,True
1791618300,2026-10-10T07:45:00Z,ดอยเต่า,213,0.0,0.0,0.0,,,True
1791618300,2026-10-10T07:45:00Z,อมก๋อย,704,0.047,1.742,0.1392,90,15,True
1791618300,2026-10-10T07:45:00Z,ฮอด,378,0.0,0.0,0.0,,,True
1791618300,2026-10-10T07:45:00Z,เมืองลำพูน,117,0.282,2.958,0.3162,90,75,True
1791618300,2026-10-10T07:45:00Z,แม่ทา,192,0.284,3.056,0.25,75,45,True
1791618300,2026-10-10T07:45:00Z,บ้านธิ,34,0.0,0.0,0.0,,,True
1791618300,2026-10-10T07:45:00Z,บ้านหมอ,24,0.0,0.0,0.0,,,True
1791618300,2026-10-10T07:45:00Z,เวียงหนองล่อง,14,0.0,0.0,0.0,,,True
1791618300,2026-10-10T07:45:00Z,ทุ่งหัวช้าง,113,0.0,0.0,0.0,,,True
1791618300,2026-10-10T07:45:00Z,ป่าซาง,74,0.003,0.098,0.027,,105,True
1791618300,2026-10-10T07:45:00Z,บ้านโฮ่ง,124,0.003,0.098,0.0323,,120,True
1791618300,2026-10-10T07:45:00Z,แก่งคอย,73,0.0,0.0,0.0,,,True
1791618300,2026-10-10T07:45:00Z,ลี้,454,0.01,1.216,0.0154,,15,True
1791618300,2026-10-10T07:45:00Z,พระพุทธบาท,55,0.0,0.0,0.0,,,True
1791618300,2026-10-10T07:45:00Z,ดอนพุด,7,0.0,0.0,0.0,,,True
1791618300,2026-10-10T07:45:00Z,หนองโดน,31,0.0,0.0,0.0,,,True
1791618300,2026-10-10T07:45:00Z,เมืองลำปาง,300,0.345,2.431,0.3967,75,30,True
1791618300,2026-10-10T07:45:00Z,เถิน,443,0.0,0.0,0.0,,,True
1791618300,2026-10-10T07:45:00Z,แม่พริก,167,0.0,0.0,0.0,,,True
1791618300,2026-10-10T07:45:00Z,แจ้ห่ม,274,0.058,2.59,0.0766,,15,True
1791618300,2026-10-10T07:45:00Z,แม่เปิน,85,0.047,0.592,0.1647,75,60,True
1791618300,2026-10-10T07:45:00Z,เสริมงาม,185,0.003,0.098,0.027,,75,True
1791618300,2026-10-10T07:45:00Z,ชุมตาบง,61,0.112,0.848,0.3934,45,30,True
1791618300,2026-10-10T07:45:00Z,งาว,344,0.001,0.098,0.0145,,30,True
1791618300,2026-10-10T07:45:00Z,ตากฟ้า,125,0.0,0.0,0.0,,,True
1791618300,2026-10-10T07:45:00Z,แม่เมาะ,283,0.51,2.064,0.682,15,15,True
1791618300,2026-10-10T07:45:00Z,แม่วงก์,257,0.166,1.261,0.3424,45,15,True
1791618300,2026-10-10T07:45:00Z,เกาะคา,128,0.02,0.413,0.1094,120,15,True
1791618300,2026-10-10T07:45:00Z,พยุหะคีรี,169,0.0,0.0,0.0,,,True
1791618300,2026-10-10T07:45:00Z,ลาดยาว,187,0.007,0.592,0.0321,,15,True
1791618300,2026-10-10T07:45:00Z,สบปราบ,125,0.0,0.0,0.0,,,True
1791618300,2026-10-10T07:45:00Z,ห้างฉัตร,154,0.013,0.592,0.0714,,15,True
1791618300,2026-10-10T07:45:00Z,แม่ทะ,203,0.169,0.946,0.5222,60,30,True
1791618300,2026-10-10T07:45:00Z,เมืองปาน,202,0.147,2.747,0.1188,30,15,True
1791618300,2026-10-10T07:45:00Z,เมืองอ่างทอง,6,0.0,0.0,0.0,,,True
1791618300,2026-10-10T07:45:00Z,ไชโย,20,0.0,0.0,0.0,,,True
1791618300,2026-10-10T07:45:00Z,สามโก้,10,0.0,0.0,0.0,,,True
1791618300,2026-10-10T07:45:00Z,แสวงหา,43,0.0,0.0,0.0,,,True
1791618300,2026-10-10T07:45:00Z,วิเศษชัยชาญ,7,0.0,0.0,0.0,,,True
1791618300,2026-10-10T07:45:00Z,โพธิ์ทอง,48,0.0,0.0,0.0,,,True
1791618300,2026-10-10T07:45:00Z,เมืองลพบุรี,190,0.0,0.0,0.0,,,True
1791618300,2026-10-10T07:45:00Z,เดิมบางนางบวช,130,0.0,0.0,0.0,,,True
1791618300,2026-10-10T07:45:00Z,ด่านช้าง,309,0.0,0.0,0.0,,,True
1791618300,2026-10-10T07:45:00Z,หนองม่วง,111,0.0,0.0,0.0,,,True
1791618300,2026-10-10T07:45:00Z,ลำสนธิ,136,0.001,0.098,0.0074,,30,True
1791618300,2026-10-10T07:45:00Z,สามชุก,77,0.0,0.0,0.0,,,True
1791618300,2026-10-10T07:45:00Z,ดอนเจดีย์,72,0.0,0.0,0.0,,,True
1791618300,2026-10-10T07:45:00Z,สระโบสถ์,83,0.0,0.0,0.0,,,True
1791618300,2026-10-10T07:45:00Z,ศรีประจันต์,41,0.0,0.0,0.0,,,True
1791618300,2026-10-10T07:45:00Z,โคกเจริญ,135,0.0,0.0,0.0,,,True
1791618300,2026-10-10T07:45:00Z,บ้านหมี่,136,0.0,0.0,0.0,,,True
1791618300,2026-10-10T07:45:00Z,ท่าหลวง,100,0.0,0.0,0.0,,,True
1791618300,2026-10-10T07:45:00Z,ชัยบาดาล,280,0.0,0.0,0.0,,,True
1791618300,2026-10-10T07:45:00Z,ท่าวุ้ง,64,0.0,0.0,0.0,,,True
1791618300,2026-10-10T07:45:00Z,พัฒนานิคม,217,0.0,0.0,0.0,,,True
1791618300,2026-10-10T07:45:00Z,โคกสำโรง,180,0.0,0.0,0.0,,,True
1791618300,2026-10-10T07:45:00Z,หนองหญ้าไซ,108,0.0,0.0,0.0,,,True
1791618300,2026-10-10T07:45:00Z,ท่าช้าง,11,0.0,0.0,0.0,,,True
1791618300,2026-10-10T07:45:00Z,อินทร์บุรี,66,0.0,0.0,0.0,,,True
1791618300,2026-10-10T07:45:00Z,ค่ายบางระจัน,26,0.0,0.0,0.0,,,True
1791618300,2026-10-10T07:45:00Z,พรหมบุรี,19,0.0,0.0,0.0,,,True
1791618300,2026-10-10T07:45:00Z,เนินสง่า,65,0.0,0.0,0.0,,,True
1791618300,2026-10-10T07:45:00Z,เมืองสิงห์บุรี,31,0.0,0.0,0.0,,,True
1791618300,2026-10-10T07:45:00Z,ซับใหญ่,72,0.0,0.0,0.0,,,True
1791618300,2026-10-10T07:45:00Z,บางระจัน,46,0.0,0.0,0.0,,,True
1791618300,2026-10-10T07:45:00Z,ภูกระดึง,190,0.0,0.0,0.0,,,True
1791618300,2026-10-10T07:45:00Z,ภูหลวง,145,0.0,0.0,0.0,,,True
1791618300,2026-10-10T07:45:00Z,หนองหิน,78,0.0,0.0,0.0,,,True
1791618300,2026-10-10T07:45:00Z,ผาขาว,100,0.0,0.0,0.0,,,True
1791618300,2026-10-10T07:45:00Z,เอราวัณ,87,0.0,0.0,0.0,,,True
1791618300,2026-10-10T07:45:00Z,วังสะพุง,281,0.0,0.0,0.0,,,True
1791618300,2026-10-10T07:45:00Z,วังม่วง,70,0.0,0.0,0.0,,,True
1791618300,2026-10-10T07:45:00Z,เฉลิมพระเกียรติ,35,0.0,0.0,0.0,,,True
1791618300,2026-10-10T07:45:00Z,มวกเหล็ก,175,0.0,0.0,0.0,,,True
1791618300,2026-10-10T07:45:00Z,บ้านเขว้า,124,0.013,0.201,0.0968,,45,True
1791618300,2026-10-10T07:45:00Z,คอนสวรรค์,113,0.0,0.0,0.0,,,True
1791618300,2026-10-10T07:45:00Z,เมืองชัยภูมิ,358,0.004,0.201,0.0307,,15,True
1791618300,2026-10-10T07:45:00Z,วังทอง,425,0.0,0.0,0.0,,,True
1791618300,2026-10-10T07:45:00Z,เนินมะปราง,276,0.0,0.0,0.0,,,True
1791618300,2026-10-10T07:45:00Z,สวรรคโลก,156,0.0,0.0,0.0,,,True
1791618300,2026-10-10T07:45:00Z,ศรีนคร,46,0.0,0.0,0.0,,,True
1791618300,2026-10-10T07:45:00Z,หันคา,139,0.0,0.0,0.0,,,True
1791618300,2026-10-10T07:45:00Z,ศรีสัชนาลัย,534,0.0,0.0,0.0,,,True
1791618300,2026-10-10T07:45:00Z,หนองมะโมง,76,0.0,0.0,0.0,,,True
1791618300,2026-10-10T07:45:00Z,ศรีสำโรง,142,0.0,0.0,0.0,,,True
1791618300,2026-10-10T07:45:00Z,สรรพยา,55,0.0,0.0,0.0,,,True
1791618300,2026-10-10T07:45:00Z,คีรีมาศ,171,0.028,1.742,0.0526,,15,True
1791618300,2026-10-10T07:45:00Z,สรรคบุรี,89,0.0,0.0,0.0,,,True
1791618300,2026-10-10T07:45:00Z,กงไกรลาศ,108,0.0,0.0,0.0,,,True
1791618300,2026-10-10T07:45:00Z,มโนรมย์,66,0.0,0.0,0.0,,,True
1791618300,2026-10-10T07:45:00Z,เมืองสุโขทัย,136,0.02,1.742,0.0368,,15,True
1791618300,2026-10-10T07:45:00Z,วัดสิงห์,67,0.0,0.0,0.0,,,True
1791618300,2026-10-10T07:45:00Z,บ้านด่านลานหอย,231,0.054,1.742,0.0649,,45,True
1791618300,2026-10-10T07:45:00Z,เมืองชัยนาท,70,0.0,0.0,0.0,,,True
1791618300,2026-10-10T07:45:00Z,เนินขาม,65,0.0,0.0,0.0,,,True
1791618300,2026-10-10T07:45:00Z,คอนสาร,334,0.0,0.0,0.0,,,True
1791618300,2026-10-10T07:45:00Z,ภักดีชุมพล,154,0.0,0.0,0.0,,,True
1791618300,2026-10-10T07:45:00Z,บ้านแท่น,76,0.0,0.0,0.0,,,True
1791618300,2026-10-10T07:45:00Z,แก้งคร้อ,168,0.0,0.0,0.0,,,True
1791618300,2026-10-10T07:45:00Z,ภูเขียว,201,0.0,0.0,0.0,,,True
1791618300,2026-10-10T07:45:00Z,หนองบัวระเหว,179,0.015,0.201,0.1006,120,75,True
1791618300,2026-10-10T07:45:00Z,เทพสถิต,239,0.002,0.201,0.0126,,15,True
1791618300,2026-10-10T07:45:00Z,จัตุรัส,172,0.0,0.0,0.0,,,True
1791618300,2026-10-10T07:45:00Z,บำเหน็จณรงค์,120,0.0,0.0,0.0,,,True
1791618300,2026-10-10T07:45:00Z,เกษตรสมบูรณ์,268,0.0,0.0,0.0,,,True
1791618300,2026-10-10T07:45:00Z,หนองบัวแดง,537,0.0,0.0,0.0,,,True
1791618300,2026-10-10T07:45:00Z,ภูเรือ,168,0.0,0.0,0.0,,,True
1791618300,2026-10-10T07:45:00Z,ท่าลี่,171,0.0,0.0,0.0,,,True
1791618300,2026-10-10T07:45:00Z,วชิรบารมี,68,0.0,0.0,0.0,,,True
1791618300,2026-10-10T07:45:00Z,ด่านซ้าย,341,0.0,0.0,0.0,,,True
1791618300,2026-10-10T07:45:00Z,นาแห้ว,153,0.0,0.0,0.0,,,True
1791618300,2026-10-10T07:45:00Z,บึงนาราง,74,0.0,0.0,0.0,,,True
1791618300,2026-10-10T07:45:00Z,เชียงคาน,213,0.0,0.0,0.0,,,True
1791618300,2026-10-10T07:45:00Z,ดงเจริญ,56,0.0,0.0,0.0,,,True
1791618300,2026-10-10T07:45:00Z,ปากชม,240,0.0,0.0,0.0,,,True
1791618300,2026-10-10T07:45:00Z,เมืองเลย,314,0.0,0.0,0.0,,,True
1791618300,2026-10-10T07:45:00Z,นาด้วง,143,0.0,0.0,0.0,,,True
1791618300,2026-10-10T07:45:00Z,สากเหล็ก,45,0.0,0.0,0.0,,,True
1791618300,2026-10-10T07:45:00Z,สามง่าม,89,0.0,0.0,0.0,,,True
1791618300,2026-10-10T07:45:00Z,ทับคล้อ,104,0.0,0.0,0.0,,,True
1791618300,2026-10-10T07:45:00Z,พรหมพิราม,206,0.0,0.0,0.0,,,True
1791618300,2026-10-10T07:45:00Z,ด่านขุนทด,344,0.0,0.0,0.0,,,True
1791618300,2026-10-10T07:45:00Z,วัดโบสถ์,226,0.0,0.0,0.0,,,True
1791618300,2026-10-10T07:45:00Z,บางระกำ,246,0.0,0.0,0.0,,,True
1791618300,2026-10-10T07:45:00Z,บางกระทุ่ม,91,0.0,0.0,0.0,,,True
1791618300,2026-10-10T07:45:00Z,นครไทย,597,0.0,0.0,0.0,,,True
1791618300,2026-10-10T07:45:00Z,ชาติตระการ,415,0.0,0.0,0.0,,,True
1791618300,2026-10-10T07:45:00Z,บ้านเหลื่อม,55,0.0,0.0,0.0,,,True
1791618300,2026-10-10T07:45:00Z,เมืองพิษณุโลก,178,0.0,0.0,0.0,,,True
1791618300,2026-10-10T07:45:00Z,ชุมแสง,145,0.0,0.0,0.0,,,True
1791618300,2026-10-10T07:45:00Z,หนองบัว,208,0.0,0.0,0.0,,,True
1791618300,2026-10-10T07:45:00Z,เมืองนครสวรรค์,183,0.0,0.0,0.0,,,True
1791618300,2026-10-10T07:45:00Z,โกรกพระ,71,0.0,0.0,0.0,,,True
1791618300,2026-10-10T07:45:00Z,ไพศาลี,244,0.0,0.0,0.0,,,True
1791618300,2026-10-10T07:45:00Z,ตาคลี,206,0.0,0.0,0.0,,,True
1791618300,2026-10-10T07:45:00Z,ท่าตะโก,211,0.0,0.0,0.0,,,True
1791618300,2026-10-10T07:45:00Z,เขาค้อ,207,0.0,0.0,0.0,,,True
1791618300,2026-10-10T07:45:00Z,บรรพตพิสัย,181,0.0,0.0,0.0,,,True
1791618300,2026-10-10T07:45:00Z,เก้าเลี้ยว,57,0.0,0.0,0.0,,,True
1791618300,2026-10-10T07:45:00Z,วังโป่ง,123,0.0,0.0,0.0,,,True
1791618300,2026-10-10T07:45:00Z,บึงสามพัน,194,0.0,0.0,0.0,,,True
1791618300,2026-10-10T07:45:00Z,น้ำหนาว,231,0.0,0.0,0.0,,,True
1791618300,2026-10-10T07:45:00Z,ศรีเทพ,204,0.0,0.0,0.0,,,True
1791618300,2026-10-10T07:45:00Z,หนองไผ่,315,0.0,0.0,0.0,,,True
1791618300,2026-10-10T07:45:00Z,มหาราช,4,0.0,0.0,0.0,,,False
1791618300,2026-10-10T07:45:00Z,บ้านแพรก,10,0.0,0.0,0.0,,,True
1791618300,2026-10-10T07:45:00Z,บางมูลนาก,99,0.0,0.0,0.0,,,True
1791618300,2026-10-10T07:45:00Z,โพทะเล,131,0.0,0.0,0.0,,,True
1791618300,2026-10-10T07:45:00Z,โพธิ์ประทับช้าง,102,0.0,0.0,0.0,,,True
1791618300,2026-10-10T07:45:00Z,ตะพานหิน,109,0.0,0.0,0.0,,,True
1791618300,2026-10-10T07:45:00Z,เมืองพิจิตร,138,0.0,0.0,0.0,,,True
1791618300,2026-10-10T07:45:00Z,วังทรายพูน,66,0.0,0.0,0.0,,,True
1791619200,2026-10-10T08:00:00Z,พิชัย,176,0.0,0.0,0.0,,,True
1791619200,2026-10-10T08:00:00Z,ลับแล,116,0.0,0.0,0.0,,,True
1791619200,2026-10-10T08:00:00Z,ฟากท่า,163,0.08,0.299,0.5337,90,75,True
1791619200,2026-10-10T08:00:00Z,บ้านโคก,247,0.083,0.299,0.5951,45,15,True
1791619200,2026-10-10T08:00:00Z,ท่าปลา,442,0.0,0.0,0.0,,,True
1791619200,2026-10-10T08:00:00Z,น้ำปาด,363,0.0,0.0,0.0,,,True
1791619200,2026-10-10T08:00:00Z,เมืองอุตรดิตถ์,202,0.0,0.0,0.0,,,True
1791619200,2026-10-10T08:00:00Z,ตรอน,80,0.0,0.0,0.0,,,True
1791619200,2026-10-10T08:00:00Z,หล่มเก่า,246,0.0,0.0,0.0,,,True
1791619200,2026-10-10T08:00:00Z,วิเชียรบุรี,377,0.029,1.742,0.1008,120,30,True
1791619200,2026-10-10T08:00:00Z,ชนแดน,279,0.0,0.0,0.0,,,True
1791619200,2026-10-10T08:00:00Z,หล่มสัก,350,0.0,0.0,0.0,,,True
1791619200,2026-10-10T08:00:00Z,เมืองเพชรบูรณ์,571,0.0,0.0,0.0,,,True
1791619200,2026-10-10T08:00:00Z,ทองแสนขัน,185,0.0,0.0,0.0,,,True
1791619200,2026-10-10T08:00:00Z,บึงสามัคคี,71,0.0,0.0,0.0,,,True
1791619200,2026-10-10T08:00:00Z,โกสัมพีนคร,137,0.013,0.413,0.0876,,60,True
1791619200,2026-10-10T08:00:00Z,สอง,380,0.0,0.0,0.0,,,True
1791619200,2026-10-10T08:00:00Z,วังชิ้น,255,0.0,0.0,0.0,,,True
1791619200,2026-10-10T08:00:00Z,สูงเม่น,88,0.0,0.0,0.0,,,True
1791619200,2026-10-10T08:00:00Z,เด่นชัย,135,0.0,0.0,0.0,,,True
1791619200,2026-10-10T08:00:00Z,ร้องกวาง,221,0.0,0.0,0.0,,,True
1791619200,2026-10-10T08:00:00Z,ลอง,317,0.062,2.496,0.1136,15,15,True
1791619200,2026-10-10T08:00:00Z,เมืองแพร่,205,0.0,0.0,0.0,,,True
1791619200,2026-10-10T08:00:00Z,ทัพทัน,94,0.0,0.0,0.0,,,True
1791619200,2026-10-10T08:00:00Z,สว่างอารมณ์,110,0.0,0.0,0.0,,,True
1791619200,2026-10-10T08:00:00Z,เมืองอุทัยธานี,59,0.0,0.0,0.0,,,True
1791619200,2026-10-10T08:00:00Z,ห้วยคต,94,0.089,1.216,0.1915,75,45,True
1791619200,2026-10-10T08:00:00Z,ศรีสวัสดิ์,440,0.0,0.0,0.0,,,True
1791619200,2026-10-10T08:00:00Z,บ้านไร่,821,0.014,1.216,0.0438,,90,True
1791619200,2026-10-10T08:00:00Z,ลานสัก,360,0.026,0.848,0.1306,90,15,True
1791619200,2026-10-10T08:00:00Z,หนองฉาง,89,0.031,0.848,0.0562,,15,True
1791619200,2026-10-10T08:00:00Z,หนองขาหย่าง,43,0.0,0.0,0.0,,,True
1791619200,2026-10-10T08:00:00Z,เชียงม่วน,82,0.0,0.0,0.0,,,True
1791619200,2026-10-10T08:00:00Z,ดอกคำใต้,37,0.0,0.0,0.0,,,True
1791619200,2026-10-10T08:00:00Z,เมืองพะเยา,6,0.0,0.0,0.0,,,True
1791619200,2026-10-10T08:00:00Z,ทองผาภูมิ,851,0.0,0.0,0.0,,,True
1791619200,2026-10-10T08:00:00Z,สังขละบุรี,793,0.0,0.0,0.0,,,True
1791619200,2026-10-10T08:00:00Z,หนองม่วงไข่,35,0.0,0.0,0.0,,,True
1791619200,2026-10-10T08:00:00Z,ภูเวียง,81,0.0,0.0,0.0,,,True
1791619200,2026-10-10T08:00:00Z,มัญจาคีรี,50,0.0,0.0,0.0,,,True
1791619200,2026-10-10T08:00:00Z,หนองปรือ,104,0.0,0.0,0.0,,,True
1791619200,2026-10-10T08:00:00Z,เลาขวัญ,123,0.0,0.0,0.0,,,True
1791619200,2026-10-10T08:00:00Z,หนองนาคำ,43,0.0,0.0,0.0,,,True
1791619200,2026-10-10T08:00:00Z,โคกโพธิ์ไชย,65,0.0,0.0,0.0,,,True
1791619200,2026-10-10T08:00:00Z,บ้านหลวง,91,0.0,0.0,0.0,,,True
1791619200,2026-10-10T08:00:00Z,นาน้อย,266,0.035,0.299,0.2331,90,45,True
1791619200,2026-10-10T08:00:00Z,ภูผาม่าน,74,0.0,0.0,0.0,,,True
1791619200,2026-10-10T08:00:00Z,เมืองน่าน,161,0.0,0.0,0.0,,,True
1791619200,2026-10-10T08:00:00Z,แม่จริม,262,0.0,0.0,0.0,,,True
1791619200,2026-10-10T08:00:00Z,เวียงเก่า,78,0.0,0.0,0.0,,,True
1791619200,2026-10-10T08:00:00Z,เมืองกำแพงเพชร,368,0.071,2.496,0.1087,45,15,True
1791619200,2026-10-10T08:00:00Z,ไทรงาม,133,0.0,0.0,0.0,,,True
1791619200,2026-10-10T08:00:00Z,ปางศิลาทอง,186,0.027,0.592,0.1344,75,15,True
1791619200,2026-10-10T08:00:00Z,ลานกระบือ,103,0.0,0.0,0.0,,,True
1791619200,2026-10-10T08:00:00Z,ทรายทองวัฒนา,53,0.0,0.0,0.0,,,True
1791619200,2026-10-10T08:00:00Z,คลองขลุง,179,0.0,0.0,0.0,,,True
1791619200,2026-10-10T08:00:00Z,พรานกระต่าย,252,0.011,0.848,0.0595,,15,True
1791619200,2026-10-10T08:00:00Z,คลองลาน,363,0.133,2.496,0.168,75,30,True
1791619200,2026-10-10T08:00:00Z,ขาณุวรลักษบุรี,296,0.019,0.848,0.0709,,15,True
1791619200,2026-10-10T08:00:00Z,ภูเพียง,113,0.0,0.0,0.0,,,True
1791619200,2026-10-10T08:00:00Z,นาหมื่น,245,0.008,0.196,0.0735,,105,True
1791619200,2026-10-10T08:00:00Z,เวียงสา,543,0.0,0.0,0.0,,,True
1791619200,2026-10-10T08:00:00Z,น้ำโสม,153,0.0,0.0,0.0,,,True
1791619200,2026-10-10T08:00:00Z,นายูง,126,0.0,0.0,0.0,,,True
1791619200,2026-10-10T08:00:00Z,ชุมแพ,173,0.0,0.0,0.0,,,True
1791619200,2026-10-10T08:00:00Z,สีชมพู,132,0.0,0.0,0.0,,,True
1791619200,2026-10-10T08:00:00Z,สุวรรณคูหา,140,0.0,0.0,0.0,,,True
1791619200,2026-10-10T08:00:00Z,นาวัง,65,0.0,0.0,0.0,,,True
1791619200,2026-10-10T08:00:00Z,หนองเรือ,80,0.0,0.0,0.0,,,True
1791619200,2026-10-10T08:00:00Z,โนนสัง,51,0.0,0.0,0.0,,,True
1791619200,2026-10-10T08:00:00Z,ศรีบุญเรือง,224,0.0,0.0,0.0,,,True
1791619200,2026-10-10T08:00:00Z,เมืองหนองบัวลำภู,217,0.0,0.0,0.0,,,True
1791619200,2026-10-10T08:00:00Z,นากลาง,173,0.0,0.0,0.0,,,True
1791619200,2026-10-10T08:00:00Z,ทุ่งเสลี่ยม,144,0.0,0.0,0.0,,,True
1791619200,2026-10-10T08:00:00Z,ดอยหล่อ,56,0.0,0.0,0.0,,,True
1791619200,2026-10-10T08:00:00Z,เมืองตาก,486,0.02,0.848,0.0905,,15,True
1791619200,2026-10-10T08:00:00Z,แม่ออน,116,0.061,1.853,0.0862,,30,True
1791619200,2026-10-10T08:00:00Z,อุ้มผาง,1209,0.028,3.577,0.0571,,75,True
1791619200,2026-10-10T08:00:00Z,วังเจ้า,183,0.014,0.592,0.0601,,90,True
1791619200,2026-10-10T08:00:00Z,แม่สอด,398,0.004,0.413,0.0276,,30,True
1791619200,2026-10-10T08:00:00Z,พบพระ,249,0.004,0.413,0.0201,,60,True
1791619200,2026-10-10T08:00:00Z,แม่ระมาด,380,0.001,0.098,0.0105,,15,True
1791619200,2026-10-10T08:00:00Z,ท่าสองยาง,401,0.004,0.098,0.0399,,15,True
1791619200,2026-10-10T08:00:00Z,บ้านตาก,255,0.0,0.0,0.0,,,True
1791619200,2026-10-10T08:00:00Z,สามเงา,698,0.023,1.742,0.0544,,15,True
1791619200,2026-10-10T08:00:00Z,จอมทอง,280,0.0,0.0,0.0,,,True
1791619200,2026-10-10T08:00:00Z,แก้งสนามนาง,79,0.0,0.0,0.0,,,True
1791619200,2026-10-10T08:00:00Z,สีคิ้ว,292,0.0,0.0,0.0,,,True
1791619200,2026-10-10T08:00:00Z,พระทองคำ,90,0.0,0.0,0.0,,,True
1791619200,2026-10-10T08:00:00Z,เทพารักษ์,92,0.0,0.0,0.0,,,True
1791619200,2026-10-10T08:00:00Z,สันกำแพง,65,0.0,0.0,0.0,,,True
1791619200,2026-10-10T08:00:00Z,สันป่าตอง,44,0.0,0.0,0.0,,,True
1791619200,2026-10-10T08:00:00Z,ดอยเต่า,213,0.0,0.098,0.0047,,15,True
1791619200,2026-10-10T08:00:00Z,อมก๋อย,704,0.051,1.742,0.1491,90,15,True
1791619200,2026-10-10T08:00:00Z,ฮอด,378,0.0,0.098,0.0026,,15,True
1791619200,2026-10-10T08:00:00Z,เมืองลำพูน,117,0.408,2.289,0.4701,75,60,True
1791619200,2026-10-10T08:00:00Z,แม่ทา,192,0.488,3.121,0.3958,60,30,True
1791619200,2026-10-10T08:00:00Z,บ้านธิ,34,0.0,0.0,0.0,,,True
1791619200,2026-10-10T08:00:00Z,บ้านหมอ,24,0.0,0.0,0.0,,,True
1791619200,2026-10-10T08:00:00Z,เวียงหนองล่อง,14,0.0,0.0,0.0,,,True
1791619200,2026-10-10T08:00:00Z,ทุ่งหัวช้าง,113,0.001,0.098,0.0088,,75,True
1791619200,2026-10-10T08:00:00Z,ป่าซาง,74,0.003,0.201,0.0135,,120,True
1791619200,2026-10-10T08:00:00Z,บ้านโฮ่ง,124,0.0,0.0,0.0,,,True
1791619200,2026-10-10T08:00:00Z,แก่งคอย,73,0.0,0.0,0.0,,,True
1791619200,2026-10-10T08:00:00Z,ลี้,454,0.002,0.413,0.0088,,15,True
1791619200,2026-10-10T08:00:00Z,พระพุทธบาท,55,0.0,0.0,0.0,,,True
1791619200,2026-10-10T08:00:00Z,ดอนพุด,7,0.0,0.0,0.0,,,True
1791619200,2026-10-10T08:00:00Z,หนองโดน,31,0.0,0.0,0.0,,,True
1791619200,2026-10-10T08:00:00Z,เมืองลำปาง,300,0.517,3.121,0.5133,30,15,True
1791619200,2026-10-10T08:00:00Z,เถิน,443,0.0,0.0,0.0,,,True
1791619200,2026-10-10T08:00:00Z,แม่พริก,167,0.0,0.0,0.0,,,True
1791619200,2026-10-10T08:00:00Z,แจ้ห่ม,274,0.037,1.216,0.0657,,15,True
1791619200,2026-10-10T08:00:00Z,แม่เปิน,85,0.012,0.098,0.1176,75,45,True
1791619200,2026-10-10T08:00:00Z,เสริมงาม,185,0.001,0.098,0.0108,,30,True
1791619200,2026-10-10T08:00:00Z,ชุมตาบง,61,0.016,0.098,0.1639,45,15,True
1791619200,2026-10-10T08:00:00Z,งาว,344,0.003,0.196,0.0262,,15,True
1791619200,2026-10-10T08:00:00Z,ตากฟ้า,125,0.0,0.0,0.0,,,True
1791619200,2026-10-10T08:00:00Z,แม่เมาะ,283,0.532,2.594,0.5866,15,15,True
1791619200,2026-10-10T08:00:00Z,แม่วงก์,257,0.121,1.261,0.4086,30,15,True
1791619200,2026-10-10T08:00:00Z,เกาะคา,128,0.096,1.216,0.2422,120,15,True
1791619200,2026-10-10T08:00:00Z,พยุหะคีรี,169,0.0,0.0,0.0,,,True
1791619200,2026-10-10T08:00:00Z,ลาดยาว,187,0.0,0.0,0.0,,,True
1791619200,2026-10-10T08:00:00Z,สบปราบ,125,0.0,0.0,0.0,,,True
1791619200,2026-10-10T08:00:00Z,ห้างฉัตร,154,0.135,2.45,0.2403,60,30,True
1791619200,2026-10-10T08:00:00Z,แม่ทะ,203,0.362,2.496,0.6749,45,15,True
1791619200,2026-10-10T08:00:00Z,เมืองปาน,202,0.104,2.11,0.1287,15,15,True
1791619200,2026-10-10T08:00:00Z,เมืองอ่างทอง,6,0.0,0.0,0.0,,,True
1791619200,2026-10-10T08:00:00Z,ไชโย,20,0.0,0.0,0.0,,,True
1791619200,2026-10-10T08:00:00Z,สามโก้,10,0.0,0.0,0.0,,,True
1791619200,2026-10-10T08:00:00Z,แสวงหา,43,0.0,0.0,0.0,,,True
1791619200,2026-10-10T08:00:00Z,วิเศษชัยชาญ,7,0.0,0.0,0.0,,,True
1791619200,2026-10-10T08:00:00Z,โพธิ์ทอง,48,0.0,0.0,0.0,,,True
1791619200,2026-10-10T08:00:00Z,เมืองลพบุรี,190,0.0,0.0,0.0,,,True
1791619200,2026-10-10T08:00:00Z,เดิมบางนางบวช,130,0.0,0.0,0.0,,,True
1791619200,2026-10-10T08:00:00Z,ด่านช้าง,309,0.0,0.0,0.0,,,True
1791619200,2026-10-10T08:00:00Z,หนองม่วง,111,0.0,0.0,0.0,,,True
1791619200,2026-10-10T08:00:00Z,ลำสนธิ,136,0.018,0.848,0.0662,,15,True
1791619200,2026-10-10T08:00:00Z,สามชุก,77,0.0,0.0,0.0,,,True
1791619200,2026-10-10T08:00:00Z,ดอนเจดีย์,72,0.0,0.0,0.0,,,True
1791619200,2026-10-10T08:00:00Z,สระโบสถ์,83,0.0,0.0,0.0,,,True
1791619200,2026-10-10T08:00:00Z,ศรีประจันต์,41,0.0,0.0,0.0,,,True
1791619200,2026-10-10T08:00:00Z,โคกเจริญ,135,0.0,0.0,0.0,,,True
1791619200,2026-10-10T08:00:00Z,บ้านหมี่,136,0.0,0.0,0.0,,,True
1791619200,2026-10-10T08:00:00Z,ท่าหลวง,100,0.0,0.0,0.0,,,True
1791619200,2026-10-10T08:00:00Z,ชัยบาดาล,280,0.0,0.0,0.0,,,True
1791619200,2026-10-10T08:00:00Z,ท่าวุ้ง,64,0.0,0.0,0.0,,,True
1791619200,2026-10-10T08:00:00Z,พัฒนานิคม,217,0.0,0.0,0.0,,,True
1791619200,2026-10-10T08:00:00Z,โคกสำโรง,180,0.0,0.0,0.0,,,True
1791619200,2026-10-10T08:00:00Z,หนองหญ้าไซ,108,0.0,0.0,0.0,,,True
1791619200,2026-10-10T08:00:00Z,ท่าช้าง,11,0.0,0.0,0.0,,,True
1791619200,2026-10-10T08:00:00Z,อินทร์บุรี,66,0.0,0.0,0.0,,,True
1791619200,2026-10-10T08:00:00Z,ค่ายบางระจัน,26,0.0,0.0,0.0,,,True
1791619200,2026-10-10T08:00:00Z,พรหมบุรี,19,0.0,0.0,0.0,,,True
1791619200,2026-10-10T08:00:00Z,เนินสง่า,65,0.0,0.0,0.0,,,True
1791619200,2026-10-10T08:00:00Z,เมืองสิงห์บุรี,31,0.0,0.0,0.0,,,True
1791619200,2026-10-10T08:00:00Z,ซับใหญ่,72,0.011,0.098,0.1111,105,45,True
1791619200,2026-10-10T08:00:00Z,บางระจัน,46,0.0,0.0,0.0,,,True
1791619200,2026-10-10T08:00:00Z,ภูกระดึง,190,0.0,0.0,0.0,,,True
1791619200,2026-10-10T08:00:00Z,ภูหลวง,145,0.0,0.0,0.0,,,True
1791619200,2026-10-10T08:00:00Z,หนองหิน,78,0.0,0.0,0.0,,,True
1791619200,2026-10-10T08:00:00Z,ผาขาว,100,0.0,0.0,0.0,,,True
1791619200,2026-10-10T08:00:00Z,เอราวัณ,87,0.0,0.0,0.0,,,True
1791619200,2026-10-10T08:00:00Z,วังสะพุง,281,0.0,0.0,0.0,,,True
1791619200,2026-10-10T08:00:00Z,วังม่วง,70,0.0,0.0,0.0,,,True
1791619200,2026-10-10T08:00:00Z,เฉลิมพระเกียรติ,35,0.0,0.0,0.0,,,True
1791619200,2026-10-10T08:00:00Z,มวกเหล็ก,175,0.0,0.0,0.0,,,True
1791619200,2026-10-10T08:00:00Z,บ้านเขว้า,124,0.011,0.201,0.0968,,30,True
1791619200,2026-10-10T08:00:00Z,คอนสวรรค์,113,0.0,0.0,0.0,,,True
1791619200,2026-10-10T08:00:00Z,เมืองชัยภูมิ,358,0.002,0.201,0.0196,,15,True
1791619200,2026-10-10T08:00:00Z,วังทอง,425,0.0,0.0,0.0,,,True
1791619200,2026-10-10T08:00:00Z,เนินมะปราง,276,0.0,0.0,0.0,,,True
1791619200,2026-10-10T08:00:00Z,สวรรคโลก,156,0.0,0.0,0.0,,,True
1791619200,2026-10-10T08:00:00Z,ศรีนคร,46,0.0,0.0,0.0,,,True
1791619200,2026-10-10T08:00:00Z,หันคา,139,0.0,0.0,0.0,,,True
1791619200,2026-10-10T08:00:00Z,ศรีสัชนาลัย,534,0.0,0.0,0.0,,,True
1791619200,2026-10-10T08:00:00Z,หนองมะโมง,76,0.0,0.0,0.0,,,True
1791619200,2026-10-10T08:00:00Z,ศรีสำโรง,142,0.002,0.098,0.0211,,15,True
1791619200,2026-10-10T08:00:00Z,สรรพยา,55,0.0,0.0,0.0,,,True
1791619200,2026-10-10T08:00:00Z,คีรีมาศ,171,0.01,0.848,0.0292,,15,True
1791619200,2026-10-10T08:00:00Z,สรรคบุรี,89,0.0,0.0,0.0,,,True
1791619200,2026-10-10T08:00:00Z,กงไกรลาศ,108,0.0,0.0,0.0,,,True
1791619200,2026-10-10T08:00:00Z,มโนรมย์,66,0.0,0.0,0.0,,,True
1791619200,2026-10-10T08:00:00Z,เมืองสุโขทัย,136,0.007,0.098,0.0735,,15,True
1791619200,2026-10-10T08:00:00Z,วัดสิงห์,67,0.0,0.0,0.0,,,True
1791619200,2026-10-10T08:00:00Z,บ้านด่านลานหอย,231,0.028,0.848,0.1558,60,30,True
1791619200,2026-10-10T08:00:00Z,เมืองชัยนาท,70,0.0,0.0,0.0,,,True
1791619200,2026-10-10T08:00:00Z,เนินขาม,65,0.0,0.0,0.0,,,True
1791619200,2026-10-10T08:00:00Z,คอนสาร,334,0.0,0.0,0.0,,,True
1791619200,2026-10-10T08:00:00Z,ภักดีชุมพล,154,0.0,0.0,0.0,,,True
1791619200,2026-10-10T08:00:00Z,บ้านแท่น,76,0.0,0.0,0.0,,,True
1791619200,2026-10-10T08:00:00Z,แก้งคร้อ,168,0.0,0.0,0.0,,,True
1791619200,2026-10-10T08:00:00Z,ภูเขียว,201,0.0,0.0,0.0,,,True
1791619200,2026-10-10T08:00:00Z,หนองบัวระเหว,179,0.012,0.201,0.0894,,75,True
1791619200,2026-10-10T08:00:00Z,เทพสถิต,239,0.014,1.216,0.046,,15,True
1791619200,2026-10-10T08:00:00Z,จัตุรัส,172,0.002,0.098,0.0174,,15,True
1791619200,2026-10-10T08:00:00Z,บำเหน็จณรงค์,120,0.0,0.0,0.0,,,True
1791619200,2026-10-10T08:00:00Z,เกษตรสมบูรณ์,268,0.0,0.0,0.0,,,True
1791619200,2026-10-10T08:00:00Z,หนองบัวแดง,537,0.0,0.0,0.0,,,True
1791619200,2026-10-10T08:00:00Z,ภูเรือ,168,0.0,0.0,0.0,,,True
1791619200,2026-10-10T08:00:00Z,ท่าลี่,171,0.0,0.0,0.0,,,True
1791619200,2026-10-10T08:00:00Z,วชิรบารมี,68,0.0,0.0,0.0,,,True
1791619200,2026-10-10T08:00:00Z,ด่านซ้าย,341,0.0,0.0,0.0,,,True
1791619200,2026-10-10T08:00:00Z,นาแห้ว,153,0.0,0.0,0.0,,,True
1791619200,2026-10-10T08:00:00Z,บึงนาราง,74,0.0,0.0,0.0,,,True
1791619200,2026-10-10T08:00:00Z,เชียงคาน,213,0.0,0.0,0.0,,,True
1791619200,2026-10-10T08:00:00Z,ดงเจริญ,56,0.0,0.0,0.0,,,True
1791619200,2026-10-10T08:00:00Z,ปากชม,240,0.0,0.0,0.0,,,True
1791619200,2026-10-10T08:00:00Z,เมืองเลย,314,0.0,0.0,0.0,,,True
1791619200,2026-10-10T08:00:00Z,นาด้วง,143,0.0,0.0,0.0,,,True
1791619200,2026-10-10T08:00:00Z,สากเหล็ก,45,0.0,0.0,0.0,,,True
1791619200,2026-10-10T08:00:00Z,สามง่าม,89,0.0,0.0,0.0,,,True
1791619200,2026-10-10T08:00:00Z,ทับคล้อ,104,0.0,0.0,0.0,,,True
1791619200,2026-10-10T08:00:00Z,พรหมพิราม,206,0.0,0.0,0.0,,,True
1791619200,2026-10-10T08:00:00Z,ด่านขุนทด,344,0.0,0.0,0.0,,,True
1791619200,2026-10-10T08:00:00Z,วัดโบสถ์,226,0.0,0.0,0.0,,,True
1791619200,2026-10-10T08:00:00Z,บางระกำ,246,0.0,0.0,0.0,,,True
1791619200,2026-10-10T08:00:00Z,บางกระทุ่ม,91,0.0,0.0,0.0,,,True
1791619200,2026-10-10T08:00:00Z,นครไทย,597,0.0,0.0,0.0,,,True
1791619200,2026-10-10T08:00:00Z,ชาติตระการ,415,0.0,0.0,0.0,,,True
1791619200,2026-10-10T08:00:00Z,บ้านเหลื่อม,55,0.0,0.0,0.0,,,True
1791619200,2026-10-10T08:00:00Z,เมืองพิษณุโลก,178,0.0,0.0,0.0,,,True
1791619200,2026-10-10T08:00:00Z,ชุมแสง,145,0.0,0.0,0.0,,,True
1791619200,2026-10-10T08:00:00Z,หนองบัว,208,0.0,0.0,0.0,,,True
1791619200,2026-10-10T08:00:00Z,เมืองนครสวรรค์,183,0.0,0.0,0.0,,,True
1791619200,2026-10-10T08:00:00Z,โกรกพระ,71,0.0,0.0,0.0,,,True
1791619200,2026-10-10T08:00:00Z,ไพศาลี,244,0.0,0.0,0.0,,,True
1791619200,2026-10-10T08:00:00Z,ตาคลี,206,0.0,0.0,0.0,,,True
1791619200,2026-10-10T08:00:00Z,ท่าตะโก,211,0.0,0.0,0.0,,,True
1791619200,2026-10-10T08:00:00Z,เขาค้อ,207,0.0,0.0,0.0,,,True
1791619200,2026-10-10T08:00:00Z,บรรพตพิสัย,181,0.0,0.0,0.0,,,True
1791619200,2026-10-10T08:00:00Z,เก้าเลี้ยว,57,0.0,0.0,0.0,,,True
1791619200,2026-10-10T08:00:00Z,วังโป่ง,123,0.0,0.0,0.0,,,True
1791619200,2026-10-10T08:00:00Z,บึงสามพัน,194,0.0,0.0,0.0,,,True
1791619200,2026-10-10T08:00:00Z,น้ำหนาว,231,0.0,0.0,0.0,,,True
1791619200,2026-10-10T08:00:00Z,ศรีเทพ,204,0.023,1.216,0.0392,,60,True
1791619200,2026-10-10T08:00:00Z,หนองไผ่,315,0.0,0.0,0.0,,,True
1791619200,2026-10-10T08:00:00Z,มหาราช,4,0.0,0.0,0.0,,,False
1791619200,2026-10-10T08:00:00Z,บ้านแพรก,10,0.0,0.0,0.0,,,True
1791619200,2026-10-10T08:00:00Z,บางมูลนาก,99,0.0,0.0,0.0,,,True
1791619200,2026-10-10T08:00:00Z,โพทะเล,131,0.0,0.0,0.0,,,True
1791619200,2026-10-10T08:00:00Z,โพธิ์ประทับช้าง,102,0.0,0.0,0.0,,,True
1791619200,2026-10-10T08:00:00Z,ตะพานหิน,109,0.0,0.0,0.0,,,True
1791619200,2026-10-10T08:00:00Z,เมืองพิจิตร,138,0.0,0.0,0.0,,,True
1791619200,2026-10-10T08:00:00Z,วังทรายพูน,66,0.0,0.0,0.0,,,True
1791620100,2026-10-10T08:15:00Z,พิชัย,176,0.0,0.0,0.0,,,True
1791620100,2026-10-10T08:15:00Z,ลับแล,116,0.0,0.0,0.0,,,True
1791620100,2026-10-10T08:15:00Z,ฟากท่า,163,0.075,0.299,0.5399,75,60,True
1791620100,2026-10-10T08:15:00Z,บ้านโคก,247,0.098,0.592,0.6032,30,15,True
1791620100,2026-10-10T08:15:00Z,ท่าปลา,442,0.002,0.288,0.0136,,120,True
1791620100,2026-10-10T08:15:00Z,น้ำปาด,363,0.0,0.0,0.0,,,True
1791620100,2026-10-10T08:15:00Z,เมืองอุตรดิตถ์,202,0.0,0.0,0.0,,,True
1791620100,2026-10-10T08:15:00Z,ตรอน,80,0.0,0.0,0.0,,,True
1791620100,2026-10-10T08:15:00Z,หล่มเก่า,246,0.0,0.0,0.0,,,True
1791620100,2026-10-10T08:15:00Z,วิเชียรบุรี,377,0.044,0.701,0.2042,45,15,True
1791620100,2026-10-10T08:15:00Z,ชนแดน,279,0.0,0.0,0.0,,,True
1791620100,2026-10-10T08:15:00Z,หล่มสัก,350,0.0,0.0,0.0,,,True
1791620100,2026-10-10T08:15:00Z,เมืองเพชรบูรณ์,571,0.0,0.0,0.0,,,True
1791620100,2026-10-10T08:15:00Z,ทองแสนขัน,185,0.0,0.0,0.0,,,True
1791620100,2026-10-10T08:15:00Z,บึงสามัคคี,71,0.0,0.0,0.0,,,True
1791620100,2026-10-10T08:15:00Z,โกสัมพีนคร,137,0.009,0.299,0.0584,,45,True
1791620100,2026-10-10T08:15:00Z,สอง,380,0.0,0.0,0.0,,,True
1791620100,2026-10-10T08:15:00Z,วังชิ้น,255,0.003,0.592,0.0118,,45,True
1791620100,2026-10-10T08:15:00Z,สูงเม่น,88,0.0,0.0,0.0,,,True
1791620100,2026-10-10T08:15:00Z,เด่นชัย,135,0.0,0.0,0.0,,,True
1791620100,2026-10-10T08:15:00Z,ร้องกวาง,221,0.0,0.0,0.0,,,True
1791620100,2026-10-10T08:15:00Z,ลอง,317,0.008,0.848,0.0347,,15,True
1791620100,2026-10-10T08:15:00Z,เมืองแพร่,205,0.0,0.0,0.0,,,True
1791620100,2026-10-10T08:15:00Z,ทัพทัน,94,0.0,0.0,0.0,,,True
1791620100,2026-10-10T08:15:00Z,สว่างอารมณ์,110,0.0,0.0,0.0,,,True
1791620100,2026-10-10T08:15:00Z,เมืองอุทัยธานี,59,0.0,0.0,0.0,,,True
1791620100,2026-10-10T08:15:00Z,ห้วยคต,94,0.223,1.742,0.4681,30,15,True
1791620100,2026-10-10T08:15:00Z,ศรีสวัสดิ์,440,0.0,0.0,0.0,,,True
1791620100,2026-10-10T08:15:00Z,บ้านไร่,821,0.048,1.742,0.1242,120,45,True
1791620100,2026-10-10T08:15:00Z,ลานสัก,360,0.042,1.742,0.1361,60,15,True
1791620100,2026-10-10T08:15:00Z,หนองฉาง,89,0.021,1.216,0.0449,,15,True
1791620100,2026-10-10T08:15:00Z,หนองขาหย่าง,43,0.0,0.0,0.0,,,True
1791620100,2026-10-10T08:15:00Z,เชียงม่วน,82,0.0,0.0,0.0,,,True
1791620100,2026-10-10T08:15:00Z,ดอกคำใต้,37,0.0,0.0,0.0,,,True
1791620100,2026-10-10T08:15:00Z,เมืองพะเยา,6,0.0,0.0,0.0,,,True
1791620100,2026-10-10T08:15:00Z,ทองผาภูมิ,851,0.0,0.0,0.0,,,True
1791620100,2026-10-10T08:15:00Z,สังขละบุรี,793,0.0,0.0,0.0,,,True
1791620100,2026-10-10T08:15:00Z,หนองม่วงไข่,35,0.0,0.0,0.0,,,True
1791620100,2026-10-10T08:15:00Z,ภูเวียง,81,0.0,0.0,0.0,,,True
1791620100,2026-10-10T08:15:00Z,มัญจาคีรี,50,0.0,0.0,0.0,,,True
1791620100,2026-10-10T08:15:00Z,หนองปรือ,104,0.0,0.0,0.0,,,True
1791620100,2026-10-10T08:15:00Z,เลาขวัญ,123,0.0,0.0,0.0,,,True
1791620100,2026-10-10T08:15:00Z,หนองนาคำ,43,0.0,0.0,0.0,,,True
1791620100,2026-10-10T08:15:00Z,โคกโพธิ์ไชย,65,0.0,0.0,0.0,,,True
1791620100,2026-10-10T08:15:00Z,บ้านหลวง,91,0.0,0.0,0.0,,,True
1791620100,2026-10-10T08:15:00Z,นาน้อย,266,0.03,0.592,0.1278,120,60,True
1791620100,2026-10-10T08:15:00Z,ภูผาม่าน,74,0.0,0.0,0.0,,,True
1791620100,2026-10-10T08:15:00Z,เมืองน่าน,161,0.0,0.0,0.0,,,True
1791620100,2026-10-10T08:15:00Z,แม่จริม,262,0.0,0.0,0.0,,,True
1791620100,2026-10-10T08:15:00Z,เวียงเก่า,78,0.0,0.0,0.0,,,True
1791620100,2026-10-10T08:15:00Z,เมืองกำแพงเพชร,368,0.035,1.742,0.0598,,15,True
1791620100,2026-10-10T08:15:00Z,ไทรงาม,133,0.0,0.0,0.0,,,True
1791620100,2026-10-10T08:15:00Z,ปางศิลาทอง,186,0.029,0.201,0.2366,30,15,True
1791620100,2026-10-10T08:15:00Z,ลานกระบือ,103,0.0,0.0,0.0,,,True
1791620100,2026-10-10T08:15:00Z,ทรายทองวัฒนา,53,0.0,0.0,0.0,,,True
1791620100,2026-10-10T08:15:00Z,คลองขลุง,179,0.0,0.0,0.0,,,True
1791620100,2026-10-10T08:15:00Z,พรานกระต่าย,252,0.011,0.848,0.0397,,15,True
1791620100,2026-10-10T08:15:00Z,คลองลาน,363,0.201,1.84,0.2755,30,15,True
1791620100,2026-10-10T08:15:00Z,ขาณุวรลักษบุรี,296,0.008,0.592,0.0236,,15,True
1791620100,2026-10-10T08:15:00Z,ภูเพียง,113,0.0,0.0,0.0,,,True
1791620100,2026-10-10T08:15:00Z,นาหมื่น,245,0.031,0.413,0.2245,105,75,True
1791620100,2026-10-10T08:15:00Z,เวียงสา,543,0.0,0.0,0.0,,,True
1791620100,2026-10-10T08:15:00Z,น้ำโสม,153,0.0,0.0,0.0,,,True
1791620100,2026-10-10T08:15:00Z,นายูง,126,0.0,0.0,0.0,,,True
1791620100,2026-10-10T08:15:00Z,ชุมแพ,173,0.0,0.0,0.0,,,True
1791620100,2026-10-10T08:15:00Z,สีชมพู,132,0.0,0.0,0.0,,,True
1791620100,2026-10-10T08:15:00Z,สุวรรณคูหา,140,0.0,0.0,0.0,,,True
1791620100,2026-10-10T08:15:00Z,นาวัง,65,0.0,0.0,0.0,,,True
1791620100,2026-10-10T08:15:00Z,หนองเรือ,80,0.0,0.0,0.0,,,True
1791620100,2026-10-10T08:15:00Z,โนนสัง,51,0.0,0.0,0.0,,,True
1791620100,2026-10-10T08:15:00Z,ศรีบุญเรือง,224,0.0,0.0,0.0,,,True
1791620100,2026-10-10T08:15:00Z,เมืองหนองบัวลำภู,217,0.0,0.0,0.0,,,True
1791620100,2026-10-10T08:15:00Z,นากลาง,173,0.0,0.0,0.0,,,True
1791620100,2026-10-10T08:15:00Z,ทุ่งเสลี่ยม,144,0.0,0.0,0.0,,,True
1791620100,2026-10-10T08:15:00Z,ดอยหล่อ,56,0.0,0.0,0.0,,,True
1791620100,2026-10-10T08:15:00Z,เมืองตาก,486,0.043,1.216,0.1564,105,15,True
1791620100,2026-10-10T08:15:00Z,แม่ออน,116,0.022,0.891,0.0862,,30,True
1791620100,2026-10-10T08:15:00Z,อุ้มผาง,1209,0.069,1.84,0.1547,105,60,True
1791620100,2026-10-10T08:15:00Z,วังเจ้า,183,0.008,0.592,0.0546,,75,True
1791620100,2026-10-10T08:15:00Z,แม่สอด,398,0.001,0.098,0.0126,,30,True
1791620100,2026-10-10T08:15:00Z,พบพระ,249,0.002,0.288,0.0161,,45,True
1791620100,2026-10-10T08:15:00Z,แม่ระมาด,380,0.0,0.0,0.0,,,True
1791620100,2026-10-10T08:15:00Z,ท่าสองยาง,401,0.0,0.098,0.0025,,60,True
1791620100,2026-10-10T08:15:00Z,บ้านตาก,255,0.0,0.0,0.0,,,True
1791620100,2026-10-10T08:15:00Z,สามเงา,698,0.001,0.098,0.0057,,15,True
1791620100,2026-10-10T08:15:00Z,จอมทอง,280,0.0,0.0,0.0,,,True
1791620100,2026-10-10T08:15:00Z,แก้งสนามนาง,79,0.0,0.0,0.0,,,True
1791620100,2026-10-10T08:15:00Z,สีคิ้ว,292,0.0,0.0,0.0,,,True
1791620100,2026-10-10T08:15:00Z,พระทองคำ,90,0.0,0.0,0.0,,,True
1791620100,2026-10-10T08:15:00Z,เทพารักษ์,92,0.0,0.0,0.0,,,True
1791620100,2026-10-10T08:15:00Z,สันกำแพง,65,0.0,0.0,0.0,,,True
1791620100,2026-10-10T08:15:00Z,สันป่าตอง,44,0.0,0.0,0.0,,,True
1791620100,2026-10-10T08:15:00Z,ดอยเต่า,213,0.0,0.098,0.0047,,15,True
1791620100,2026-10-10T08:15:00Z,อมก๋อย,704,0.036,1.84,0.0739,,15,True
1791620100,2026-10-10T08:15:00Z,ฮอด,378,0.0,0.0,0.0,,,True
1791620100,2026-10-10T08:15:00Z,เมืองลำพูน,117,0.232,2.142,0.4444,75,60,True
1791620100,2026-10-10T08:15:00Z,แม่ทา,192,0.622,2.845,0.6042,45,15,True
1791620100,2026-10-10T08:15:00Z,บ้านธิ,34,0.0,0.0,0.0,,,True
1791620100,2026-10-10T08:15:00Z,บ้านหมอ,24,0.0,0.0,0.0,,,True
1791620100,2026-10-10T08:15:00Z,เวียงหนองล่อง,14,0.0,0.0,0.0,,,True
1791620100,2026-10-10T08:15:00Z,ทุ่งหัวช้าง,113,0.0,0.0,0.0,,,True
1791620100,2026-10-10T08:15:00Z,ป่าซาง,74,0.069,1.216,0.1351,120,120,True
1791620100,2026-10-10T08:15:00Z,บ้านโฮ่ง,124,0.0,0.0,0.0,,,True
1791620100,2026-10-10T08:15:00Z,แก่งคอย,73,0.0,0.0,0.0,,,True
1791620100,2026-10-10T08:15:00Z,ลี้,454,0.0,0.0,0.0,,,True
1791620100,2026-10-10T08:15:00Z,พระพุทธบาท,55,0.0,0.0,0.0,,,True
1791620100,2026-10-10T08:15:00Z,ดอนพุด,7,0.0,0.0,0.0,,,True
1791620100,2026-10-10T08:15:00Z,หนองโดน,31,0.0,0.0,0.0,,,True
1791620100,2026-10-10T08:15:00Z,เมืองลำปาง,300,0.406,3.186,0.52,15,15,True
1791620100,2026-10-10T08:15:00Z,เถิน,443,0.0,0.0,0.0,,,True
1791620100,2026-10-10T08:15:00Z,แม่พริก,167,0.0,0.0,0.0,,,True
1791620100,2026-10-10T08:15:00Z,แจ้ห่ม,274,0.013,1.216,0.0511,,15,True
1791620100,2026-10-10T08:15:00Z,แม่เปิน,85,0.145,1.742,0.2471,45,30,True
1791620100,2026-10-10T08:15:00Z,เสริมงาม,185,0.001,0.098,0.0054,,120,True
1791620100,2026-10-10T08:15:00Z,ชุมตาบง,61,0.003,0.098,0.0328,,15,True
1791620100,2026-10-10T08:15:00Z,งาว,344,0.002,0.098,0.0203,,15,True
1791620100,2026-10-10T08:15:00Z,ตากฟ้า,125,0.0,0.0,0.0,,,True
1791620100,2026-10-10T08:15:00Z,แม่เมาะ,283,0.201,3.209,0.4064,15,15,True
1791620100,2026-10-10T08:15:00Z,แม่วงก์,257,0.21,1.742,0.4047,15,15,True
1791620100,2026-10-10T08:15:00Z,เกาะคา,128,0.333,2.795,0.5156,105,90,True
1791620100,2026-10-10T08:15:00Z,พยุหะคีรี,169,0.0,0.0,0.0,,,True
1791620100,2026-10-10T08:15:00Z,ลาดยาว,187,0.0,0.0,0.0,,,True
1791620100,2026-10-10T08:15:00Z,สบปราบ,125,0.002,0.098,0.016,,105,True
1791620100,2026-10-10T08:15:00Z,ห้างฉัตร,154,0.265,2.334,0.3506,30,15,True
1791620100,2026-10-10T08:15:00Z,แม่ทะ,203,0.314,1.84,0.5369,30,15,True
1791620100,2026-10-10T08:15:00Z,เมืองปาน,202,0.031,0.946,0.1089,30,15,True
1791620100,2026-10-10T08:15:00Z,เมืองอ่างทอง,6,0.0,0.0,0.0,,,True
1791620100,2026-10-10T08:15:00Z,ไชโย,20,0.0,0.0,0.0,,,True
1791620100,2026-10-10T08:15:00Z,สามโก้,10,0.0,0.0,0.0,,,True
1791620100,2026-10-10T08:15:00Z,แสวงหา,43,0.0,0.0,0.0,,,True
1791620100,2026-10-10T08:15:00Z,วิเศษชัยชาญ,7,0.0,0.0,0.0,,,True
1791620100,2026-10-10T08:15:00Z,โพธิ์ทอง,48,0.0,0.0,0.0,,,True
1791620100,2026-10-10T08:15:00Z,เมืองลพบุรี,190,0.0,0.0,0.0,,,True
1791620100,2026-10-10T08:15:00Z,เดิมบางนางบวช,130,0.0,0.0,0.0,,,True
1791620100,2026-10-10T08:15:00Z,ด่านช้าง,309,0.0,0.0,0.0,,,True
1791620100,2026-10-10T08:15:00Z,หนองม่วง,111,0.035,0.848,0.0991,,45,True
1791620100,2026-10-10T08:15:00Z,ลำสนธิ,136,0.018,0.848,0.0662,,15,True
1791620100,2026-10-10T08:15:00Z,สามชุก,77,0.0,0.0,0.0,,,True
1791620100,2026-10-10T08:15:00Z,ดอนเจดีย์,72,0.0,0.0,0.0,,,True
1791620100,2026-10-10T08:15:00Z,สระโบสถ์,83,0.008,0.413,0.0241,,30,True
1791620100,2026-10-10T08:15:00Z,ศรีประจันต์,41,0.0,0.0,0.0,,,True
1791620100,2026-10-10T08:15:00Z,โคกเจริญ,135,0.03,0.413,0.1481,75,15,True
1791620100,2026-10-10T08:15:00Z,บ้านหมี่,136,0.0,0.0,0.0,,,True
1791620100,2026-10-10T08:15:00Z,ท่าหลวง,100,0.0,0.0,0.0,,,True
1791620100,2026-10-10T08:15:00Z,ชัยบาดาล,280,0.0,0.0,0.0,,,True
1791620100,2026-10-10T08:15:00Z,ท่าวุ้ง,64,0.0,0.0,0.0,,,True
1791620100,2026-10-10T08:15:00Z,พัฒนานิคม,217,0.0,0.0,0.0,,,True
1791620100,2026-10-10T08:15:00Z,โคกสำโรง,180,0.0,0.0,0.0,,,True
1791620100,2026-10-10T08:15:00Z,หนองหญ้าไซ,108,0.0,0.0,0.0,,,True
1791620100,2026-10-10T08:15:00Z,ท่าช้าง,11,0.0,0.0,0.0,,,True
1791620100,2026-10-10T08:15:00Z,อินทร์บุรี,66,0.0,0.0,0.0,,,True
1791620100,2026-10-10T08:15:00Z,ค่ายบางระจัน,26,0.0,0.0,0.0,,,True
1791620100,2026-10-10T08:15:00Z,พรหมบุรี,19,0.0,0.0,0.0,,,True
1791620100,2026-10-10T08:15:00Z,เนินสง่า,65,0.0,0.0,0.0,,,True
1791620100,2026-10-10T08:15:00Z,เมืองสิงห์บุรี,31,0.0,0.0,0.0,,,True
1791620100,2026-10-10T08:15:00Z,ซับใหญ่,72,0.043,0.592,0.3056,60,30,True
1791620100,2026-10-10T08:15:00Z,บางระจัน,46,0.0,0.0,0.0,,,True
1791620100,2026-10-10T08:15:00Z,ภูกระดึง,190,0.0,0.0,0.0,,,True
1791620100,2026-10-10T08:15:00Z,ภูหลวง,145,0.0,0.0,0.0,,,True
1791620100,2026-10-10T08:15:00Z,หนองหิน,78,0.0,0.0,0.0,,,True
1791620100,2026-10-10T08:15:00Z,ผาขาว,100,0.0,0.0,0.0,,,True
1791620100,2026-10-10T08:15:00Z,เอราวัณ,87,0.0,0.0,0.0,,,True
1791620100,2026-10-10T08:15:00Z,วังสะพุง,281,0.0,0.0,0.0,,,True
1791620100,2026-10-10T08:15:00Z,วังม่วง,70,0.0,0.0,0.0,,,True
1791620100,2026-10-10T08:15:00Z,เฉลิมพระเกียรติ,35,0.0,0.0,0.0,,,True
1791620100,2026-10-10T08:15:00Z,มวกเหล็ก,175,0.0,0.0,0.0,,,True
1791620100,2026-10-10T08:15:00Z,บ้านเขว้า,124,0.01,0.848,0.0323,,15,True
1791620100,2026-10-10T08:15:00Z,คอนสวรรค์,113,0.0,0.0,0.0,,,True
1791620100,2026-10-10T08:15:00Z,เมืองชัยภูมิ,358,0.0,0.0,0.0,,,True
1791620100,2026-10-10T08:15:00Z,วังทอง,425,0.0,0.0,0.0,,,True
1791620100,2026-10-10T08:15:00Z,เนินมะปราง,276,0.0,0.0,0.0,,,True
1791620100,2026-10-10T08:15:00Z,สวรรคโลก,156,0.001,0.098,0.0064,,15,True
1791620100,2026-10-10T08:15:00Z,ศรีนคร,46,0.0,0.0,0.0,,,True
1791620100,2026-10-10T08:15:00Z,หันคา,139,0.0,0.0,0.0,,,True
1791620100,2026-10-10T08:15:00Z,ศรีสัชนาลัย,534,0.0,0.0,0.0,,,True
1791620100,2026-10-10T08:15:00Z,หนองมะโมง,76,0.0,0.0,0.0,,,True
1791620100,2026-10-10T08:15:00Z,ศรีสำโรง,142,0.0,0.0,0.0,,,True
1791620100,2026-10-10T08:15:00Z,สรรพยา,55,0.0,0.0,0.0,,,True
1791620100,2026-10-10T08:15:00Z,คีรีมาศ,171,0.0,0.0,0.0,,,True
1791620100,2026-10-10T08:15:00Z,สรรคบุรี,89,0.0,0.0,0.0,,,True
1791620100,2026-10-10T08:15:00Z,กงไกรลาศ,108,0.0,0.0,0.0,,,True
1791620100,2026-10-10T08:15:00Z,มโนรมย์,66,0.0,0.0,0.0,,,True
1791620100,2026-10-10T08:15:00Z,เมืองสุโขทัย,136,0.006,0.413,0.0368,,15,True
1791620100,2026-10-10T08:15:00Z,วัดสิงห์,67,0.0,0.0,0.0,,,True
1791620100,2026-10-10T08:15:00Z,บ้านด่านลานหอย,231,0.051,1.216,0.2035,30,15,True
1791620100,2026-10-10T08:15:00Z,เมืองชัยนาท,70,0.0,0.0,0.0,,,True
1791620100,2026-10-10T08:15:00Z,เนินขาม,65,0.0,0.0,0.0,,,True
1791620100,2026-10-10T08:15:00Z,คอนสาร,334,0.0,0.0,0.0,,,True
1791620100,2026-10-10T08:15:00Z,ภักดีชุมพล,154,0.0,0.0,0.0,,,True
1791620100,2026-10-10T08:15:00Z,บ้านแท่น,76,0.0,0.0,0.0,,,True
1791620100,2026-10-10T08:15:00Z,แก้งคร้อ,168,0.0,0.0,0.0,,,True
1791620100,2026-10-10T08:15:00Z,ภูเขียว,201,0.0,0.0,0.0,,,True
1791620100,2026-10-10T08:15:00Z,หนองบัวระเหว,179,0.051,2.496,0.095,,15,True
1791620100,2026-10-10T08:15:00Z,เทพสถิต,239,0.05,1.742,0.159,105,60,True
1791620100,2026-10-10T08:15:00Z,จัตุรัส,172,0.018,0.592,0.1221,30,15,True
1791620100,2026-10-10T08:15:00Z,บำเหน็จณรงค์,120,0.0,0.0,0.0,,,True
1791620100,2026-10-10T08:15:00Z,เกษตรสมบูรณ์,268,0.0,0.0,0.0,,,True
1791620100,2026-10-10T08:15:00Z,หนองบัวแดง,537,0.0,0.0,0.0,,,True
1791620100,2026-10-10T08:15:00Z,ภูเรือ,168,0.0,0.0,0.0,,,True
1791620100,2026-10-10T08:15:00Z,ท่าลี่,171,0.0,0.0,0.0,,,True
1791620100,2026-10-10T08:15:00Z,วชิรบารมี,68,0.0,0.0,0.0,,,True
1791620100,2026-10-10T08:15:00Z,ด่านซ้าย,341,0.0,0.0,0.0,,,True
1791620100,2026-10-10T08:15:00Z,นาแห้ว,153,0.0,0.0,0.0,,,True
1791620100,2026-10-10T08:15:00Z,บึงนาราง,74,0.0,0.0,0.0,,,True
1791620100,2026-10-10T08:15:00Z,เชียงคาน,213,0.0,0.0,0.0,,,True
1791620100,2026-10-10T08:15:00Z,ดงเจริญ,56,0.0,0.0,0.0,,,True
1791620100,2026-10-10T08:15:00Z,ปากชม,240,0.0,0.0,0.0,,,True
1791620100,2026-10-10T08:15:00Z,เมืองเลย,314,0.0,0.0,0.0,,,True
1791620100,2026-10-10T08:15:00Z,นาด้วง,143,0.0,0.0,0.0,,,True
1791620100,2026-10-10T08:15:00Z,สากเหล็ก,45,0.0,0.0,0.0,,,True
1791620100,2026-10-10T08:15:00Z,สามง่าม,89,0.0,0.0,0.0,,,True
1791620100,2026-10-10T08:15:00Z,ทับคล้อ,104,0.0,0.0,0.0,,,True
1791620100,2026-10-10T08:15:00Z,พรหมพิราม,206,0.0,0.0,0.0,,,True
1791620100,2026-10-10T08:15:00Z,ด่านขุนทด,344,0.0,0.0,0.0,,,True
1791620100,2026-10-10T08:15:00Z,วัดโบสถ์,226,0.0,0.0,0.0,,,True
1791620100,2026-10-10T08:15:00Z,บางระกำ,246,0.0,0.0,0.0,,,True
1791620100,2026-10-10T08:15:00Z,บางกระทุ่ม,91,0.0,0.0,0.0,,,True
1791620100,2026-10-10T08:15:00Z,นครไทย,597,0.0,0.0,0.0,,,True
1791620100,2026-10-10T08:15:00Z,ชาติตระการ,415,0.0,0.0,0.0,,,True
1791620100,2026-10-10T08:15:00Z,บ้านเหลื่อม,55,0.0,0.0,0.0,,,True
1791620100,2026-10-10T08:15:00Z,เมืองพิษณุโลก,178,0.0,0.0,0.0,,,True
1791620100,2026-10-10T08:15:00Z,ชุมแสง,145,0.0,0.0,0.0,,,True
1791620100,2026-10-10T08:15:00Z,หนองบัว,208,0.0,0.0,0.0,,,True
1791620100,2026-10-10T08:15:00Z,เมืองนครสวรรค์,183,0.0,0.0,0.0,,,True
1791620100,2026-10-10T08:15:00Z,โกรกพระ,71,0.0,0.0,0.0,,,True
1791620100,2026-10-10T08:15:00Z,ไพศาลี,244,0.015,0.413,0.0861,,75,True
1791620100,2026-10-10T08:15:00Z,ตาคลี,206,0.012,0.848,0.0388,,90,True
1791620100,2026-10-10T08:15:00Z,ท่าตะโก,211,0.0,0.0,0.0,,,True
1791620100,2026-10-10T08:15:00Z,เขาค้อ,207,0.0,0.0,0.0,,,True
1791620100,2026-10-10T08:15:00Z,บรรพตพิสัย,181,0.0,0.0,0.0,,,True
1791620100,2026-10-10T08:15:00Z,เก้าเลี้ยว,57,0.0,0.0,0.0,,,True
1791620100,2026-10-10T08:15:00Z,วังโป่ง,123,0.0,0.0,0.0,,,True
1791620100,2026-10-10T08:15:00Z,บึงสามพัน,194,0.0,0.0,0.0,,,True
1791620100,2026-10-10T08:15:00Z,น้ำหนาว,231,0.0,0.0,0.0,,,True
1791620100,2026-10-10T08:15:00Z,ศรีเทพ,204,0.0,0.0,0.0,,,True
1791620100,2026-10-10T08:15:00Z,หนองไผ่,315,0.0,0.0,0.0,,,True
1791620100,2026-10-10T08:15:00Z,มหาราช,4,0.0,0.0,0.0,,,False
1791620100,2026-10-10T08:15:00Z,บ้านแพรก,10,0.0,0.0,0.0,,,True
1791620100,2026-10-10T08:15:00Z,บางมูลนาก,99,0.0,0.0,0.0,,,True
1791620100,2026-10-10T08:15:00Z,โพทะเล,131,0.0,0.0,0.0,,,True
1791620100,2026-10-10T08:15:00Z,โพธิ์ประทับช้าง,102,0.0,0.0,0.0,,,True
1791620100,2026-10-10T08:15:00Z,ตะพานหิน,109,0.0,0.0,0.0,,,True
1791620100,2026-10-10T08:15:00Z,เมืองพิจิตร,138,0.0,0.0,0.0,,,True
1791620100,2026-10-10T08:15:00Z,วังทรายพูน,66,0.0,0.0,0.0,,,True
1791621000,2026-10-10T08:30:00Z,พิชัย,176,0.0,0.0,0.0,,,True
1791621000,2026-10-10T08:30:00Z,ลับแล,116,0.0,0.0,0.0,,,True
1791621000,2026-10-10T08:30:00Z,ฟากท่า,163,0.024,0.201,0.227,90,45,True
1791621000,2026-10-10T08:30:00Z,บ้านโคก,247,0.034,0.201,0.3036,30,15,True
1791621000,2026-10-10T08:30:00Z,ท่าปลา,442,0.0,0.098,0.0023,,105,True
1791621000,2026-10-10T08:30:00Z,น้ำปาด,363,0.0,0.0,0.0,,,True
1791621000,2026-10-10T08:30:00Z,เมืองอุตรดิตถ์,202,0.0,0.0,0.0,,,True
1791621000,2026-10-10T08:30:00Z,ตรอน,80,0.0,0.0,0.0,,,True
1791621000,2026-10-10T08:30:00Z,หล่มเก่า,246,0.0,0.0,0.0,,,True
1791621000,2026-10-10T08:30:00Z,วิเชียรบุรี,377,0.154,2.334,0.2679,30,15,True
1791621000,2026-10-10T08:30:00Z,ชนแดน,279,0.0,0.0,0.0,,,True
1791621000,2026-10-10T08:30:00Z,หล่มสัก,350,0.0,0.0,0.0,,,True
1791621000,2026-10-10T08:30:00Z,เมืองเพชรบูรณ์,571,0.0,0.0,0.0,,,True
1791621000,2026-10-10T08:30:00Z,ทองแสนขัน,185,0.0,0.0,0.0,,,True
1791621000,2026-10-10T08:30:00Z,บึงสามัคคี,71,0.0,0.0,0.0,,,True
1791621000,2026-10-10T08:30:00Z,โกสัมพีนคร,137,0.02,0.413,0.0803,,15,True
1791621000,2026-10-10T08:30:00Z,สอง,380,0.0,0.0,0.0,,,True
1791621000,2026-10-10T08:30:00Z,วังชิ้น,255,0.004,0.201,0.0235,,15,True
1791621000,2026-10-10T08:30:00Z,สูงเม่น,88,0.0,0.0,0.0,,,True
1791621000,2026-10-10T08:30:00Z,เด่นชัย,135,0.0,0.0,0.0,,,True
1791621000,2026-10-10T08:30:00Z,ร้องกวาง,221,0.001,0.098,0.0136,,15,True
1791621000,2026-10-10T08:30:00Z,ลอง,317,0.001,0.098,0.0063,,15,True
1791621000,2026-10-10T08:30:00Z,เมืองแพร่,205,0.001,0.098,0.0146,,60,True
1791621000,2026-10-10T08:30:00Z,ทัพทัน,94,0.0,0.0,0.0,,,True
1791621000,2026-10-10T08:30:00Z,สว่างอารมณ์,110,0.0,0.0,0.0,,,True
1791621000,2026-10-10T08:30:00Z,เมืองอุทัยธานี,59,0.0,0.0,0.0,,,True
1791621000,2026-10-10T08:30:00Z,ห้วยคต,94,0.066,0.848,0.1489,30,15,True
1791621000,2026-10-10T08:30:00Z,ศรีสวัสดิ์,440,0.0,0.0,0.0,,,True
1791621000,2026-10-10T08:30:00Z,บ้านไร่,821,0.033,1.216,0.0804,,30,True
1791621000,2026-10-10T08:30:00Z,ลานสัก,360,0.036,1.742,0.0556,,45,True
1791621000,2026-10-10T08:30:00Z,หนองฉาง,89,0.0,0.0,0.0,,,True
1791621000,2026-10-10T08:30:00Z,หนองขาหย่าง,43,0.0,0.0,0.0,,,True
1791621000,2026-10-10T08:30:00Z,เชียงม่วน,82,0.0,0.0,0.0,,,True
1791621000,2026-10-10T08:30:00Z,ดอกคำใต้,37,0.0,0.0,0.0,,,True
1791621000,2026-10-10T08:30:00Z,เมืองพะเยา,6,0.0,0.0,0.0,,,True
1791621000,2026-10-10T08:30:00Z,ทองผาภูมิ,851,0.0,0.0,0.0,,,True
1791621000,2026-10-10T08:30:00Z,สังขละบุรี,793,0.0,0.0,0.0,,,True
1791621000,2026-10-10T08:30:00Z,หนองม่วงไข่,35,0.003,0.098,0.0286,,105,True
1791621000,2026-10-10T08:30:00Z,ภูเวียง,81,0.0,0.0,0.0,,,True
1791621000,2026-10-10T08:30:00Z,มัญจาคีรี,50,0.0,0.0,0.0,,,True
1791621000,2026-10-10T08:30:00Z,หนองปรือ,104,0.0,0.0,0.0,,,True
1791621000,2026-10-10T08:30:00Z,เลาขวัญ,123,0.0,0.0,0.0,,,True
1791621000,2026-10-10T08:30:00Z,หนองนาคำ,43,0.0,0.0,0.0,,,True
1791621000,2026-10-10T08:30:00Z,โคกโพธิ์ไชย,65,0.0,0.0,0.0,,,True
1791621000,2026-10-10T08:30:00Z,บ้านหลวง,91,0.0,0.0,0.0,,,True
1791621000,2026-10-10T08:30:00Z,นาน้อย,266,0.01,0.196,0.0789,,60,True
1791621000,2026-10-10T08:30:00Z,ภูผาม่าน,74,0.0,0.0,0.0,,,True
1791621000,2026-10-10T08:30:00Z,เมืองน่าน,161,0.0,0.0,0.0,,,True
1791621000,2026-10-10T08:30:00Z,แม่จริม,262,0.0,0.0,0.0,,,True
1791621000,2026-10-10T08:30:00Z,เวียงเก่า,78,0.0,0.0,0.0,,,True
1791621000,2026-10-10T08:30:00Z,เมืองกำแพงเพชร,368,0.0,0.0,0.0,,,True
1791621000,2026-10-10T08:30:00Z,ไทรงาม,133,0.0,0.0,0.0,,,True
1791621000,2026-10-10T08:30:00Z,ปางศิลาทอง,186,0.027,1.742,0.043,,15,True
1791621000,2026-10-10T08:30:00Z,ลานกระบือ,103,0.0,0.0,0.0,,,True
1791621000,2026-10-10T08:30:00Z,ทรายทองวัฒนา,53,0.0,0.0,0.0,,,True
1791621000,2026-10-10T08:30:00Z,คลองขลุง,179,0.0,0.0,0.0,,,True
1791621000,2026-10-10T08:30:00Z,พรานกระต่าย,252,0.0,0.0,0.0,,,True
1791621000,2026-10-10T08:30:00Z,คลองลาน,363,0.153,1.742,0.3499,30,15,True
1791621000,2026-10-10T08:30:00Z,ขาณุวรลักษบุรี,296,0.021,1.742,0.0236,,15,True
1791621000,2026-10-10T08:30:00Z,ภูเพียง,113,0.0,0.0,0.0,,,True
1791621000,2026-10-10T08:30:00Z,นาหมื่น,245,0.013,0.196,0.1265,120,75,True
1791621000,2026-10-10T08:30:00Z,เวียงสา,543,0.0,0.0,0.0,,,True
1791621000,2026-10-10T08:30:00Z,น้ำโสม,153,0.0,0.0,0.0,,,True
1791621000,2026-10-10T08:30:00Z,นายูง,126,0.0,0.0,0.0,,,True
1791621000,2026-10-10T08:30:00Z,ชุมแพ,173,0.0,0.0,0.0,,,True
1791621000,2026-10-10T08:30:00Z,สีชมพู,132,0.0,0.0,0.0,,,True
1791621000,2026-10-10T08:30:00Z,สุวรรณคูหา,140,0.0,0.0,0.0,,,True
1791621000,2026-10-10T08:30:00Z,นาวัง,65,0.0,0.0,0.0,,,True
1791621000,2026-10-10T08:30:00Z,หนองเรือ,80,0.0,0.0,0.0,,,True
1791621000,2026-10-10T08:30:00Z,โนนสัง,51,0.0,0.0,0.0,,,True
1791621000,2026-10-10T08:30:00Z,ศรีบุญเรือง,224,0.0,0.0,0.0,,,True
1791621000,2026-10-10T08:30:00Z,เมืองหนองบัวลำภู,217,0.0,0.0,0.0,,,True
1791621000,2026-10-10T08:30:00Z,นากลาง,173,0.0,0.0,0.0,,,True
1791621000,2026-10-10T08:30:00Z,ทุ่งเสลี่ยม,144,0.0,0.0,0.0,,,True
1791621000,2026-10-10T08:30:00Z,ดอยหล่อ,56,0.0,0.0,0.0,,,True
1791621000,2026-10-10T08:30:00Z,เมืองตาก,486,0.019,0.413,0.1132,120,45,True
1791621000,2026-10-10T08:30:00Z,แม่ออน,116,0.001,0.098,0.0086,,15,True
1791621000,2026-10-10T08:30:00Z,อุ้มผาง,1209,0.092,2.496,0.1985,90,60,True
1791621000,2026-10-10T08:30:00Z,วังเจ้า,183,0.083,2.155,0.1421,60,15,True
1791621000,2026-10-10T08:30:00Z,แม่สอด,398,0.0,0.0,0.0,,,True
1791621000,2026-10-10T08:30:00Z,พบพระ,249,0.024,1.629,0.0723,,75,True
1791621000,2026-10-10T08:30:00Z,แม่ระมาด,380,0.001,0.098,0.0053,,15,True
1791621000,2026-10-10T08:30:00Z,ท่าสองยาง,401,0.013,0.592,0.0399,,45,True
1791621000,2026-10-10T08:30:00Z,บ้านตาก,255,0.0,0.0,0.0,,,True
1791621000,2026-10-10T08:30:00Z,สามเงา,698,0.022,1.742,0.0573,,15,True
1791621000,2026-10-10T08:30:00Z,จอมทอง,280,0.0,0.0,0.0,,,True
1791621000,2026-10-10T08:30:00Z,แก้งสนามนาง,79,0.0,0.0,0.0,,,True
1791621000,2026-10-10T08:30:00Z,สีคิ้ว,292,0.0,0.0,0.0,,,True
1791621000,2026-10-10T08:30:00Z,พระทองคำ,90,0.0,0.0,0.0,,,True
1791621000,2026-10-10T08:30:00Z,เทพารักษ์,92,0.0,0.0,0.0,,,True
1791621000,2026-10-10T08:30:00Z,สันกำแพง,65,0.0,0.0,0.0,,,True
1791621000,2026-10-10T08:30:00Z,สันป่าตอง,44,0.0,0.0,0.0,,,True
1791621000,2026-10-10T08:30:00Z,ดอยเต่า,213,0.001,0.201,0.0094,,15,True
1791621000,2026-10-10T08:30:00Z,อมก๋อย,704,0.083,1.261,0.1932,60,15,True
1791621000,2026-10-10T08:30:00Z,ฮอด,378,0.0,0.0,0.0,,,True
1791621000,2026-10-10T08:30:00Z,เมืองลำพูน,117,0.027,0.609,0.0769,,30,True
1791621000,2026-10-10T08:30:00Z,แม่ทา,192,0.862,4.439,0.6562,30,15,True
1791621000,2026-10-10T08:30:00Z,บ้านธิ,34,0.0,0.0,0.0,,,True
1791621000,2026-10-10T08:30:00Z,บ้านหมอ,24,0.0,0.0,0.0,,,True
1791621000,2026-10-10T08:30:00Z,เวียงหนองล่อง,14,0.007,0.098,0.0714,,120,True
1791621000,2026-10-10T08:30:00Z,ทุ่งหัวช้าง,113,0.0,0.0,0.0,,,True
1791621000,2026-10-10T08:30:00Z,ป่าซาง,74,0.324,3.088,0.4054,105,90,True
1791621000,2026-10-10T08:30:00Z,บ้านโฮ่ง,124,0.013,0.413,0.0645,,120,True
1791621000,2026-10-10T08:30:00Z,แก่งคอย,73,0.0,0.0,0.0,,,True
1791621000,2026-10-10T08:30:00Z,ลี้,454,0.0,0.0,0.0,,,True
1791621000,2026-10-10T08:30:00Z,พระพุทธบาท,55,0.0,0.0,0.0,,,True
1791621000,2026-10-10T08:30:00Z,ดอนพุด,7,0.0,0.0,0.0,,,True
1791621000,2026-10-10T08:30:00Z,หนองโดน,31,0.0,0.0,0.0,,,True
1791621000,2026-10-10T08:30:00Z,เมืองลำปาง,300,0.434,5.213,0.41,15,15,True
1791621000,2026-10-10T08:30:00Z,เถิน,443,0.0,0.0,0.0,,,True
1791621000,2026-10-10T08:30:00Z,แม่พริก,167,0.0,0.0,0.0,,,True
1791621000,2026-10-10T08:30:00Z,แจ้ห่ม,274,0.0,0.0,0.0,,,True
1791621000,2026-10-10T08:30:00Z,แม่เปิน,85,0.206,1.742,0.3412,15,15,True
1791621000,2026-10-10T08:30:00Z,เสริมงาม,185,0.014,0.592,0.0595,,105,True
1791621000,2026-10-10T08:30:00Z,ชุมตาบง,61,0.0,0.0,0.0,,,True
1791621000,2026-10-10T08:30:00Z,งาว,344,0.0,0.0,0.0,,,True
1791621000,2026-10-10T08:30:00Z,ตากฟ้า,125,0.007,0.413,0.048,,75,True
1791621000,2026-10-10T08:30:00Z,แม่เมาะ,283,0.146,4.109,0.2721,15,15,True
1791621000,2026-10-10T08:30:00Z,แม่วงก์,257,0.18,1.742,0.3696,15,15,True
1791621000,2026-10-10T08:30:00Z,เกาะคา,128,0.85,5.092,0.8047,75,60,True
1791621000,2026-10-10T08:30:00Z,พยุหะคีรี,169,0.0,0.0,0.0,,,True
1791621000,2026-10-10T08:30:00Z,ลาดยาว,187,0.0,0.0,0.0,,,True
1791621000,2026-10-10T08:30:00Z,สบปราบ,125,0.012,0.201,0.096,,90,True
1791621000,2026-10-10T08:30:00Z,ห้างฉัตร,154,0.495,4.336,0.4545,15,15,True
1791621000,2026-10-10T08:30:00Z,แม่ทะ,203,0.282,4.061,0.6404,15,15,True
1791621000,2026-10-10T08:30:00Z,เมืองปาน,202,0.006,0.201,0.0446,,15,True
1791621000,2026-10-10T08:30:00Z,เมืองอ่างทอง,6,0.0,0.0,0.0,,,True
1791621000,2026-10-10T08:30:00Z,ไชโย,20,0.0,0.0,0.0,,,True
1791621000,2026-10-10T08:30:00Z,สามโก้,10,0.0,0.0,0.0,,,True
1791621000,2026-10-10T08:30:00Z,แสวงหา,43,0.0,0.0,0.0,,,True
1791621000,2026-10-10T08:30:00Z,วิเศษชัยชาญ,7,0.0,0.0,0.0,,,True
1791621000,2026-10-10T08:30:00Z,โพธิ์ทอง,48,0.0,0.0,0.0,,,True
1791621000,2026-10-10T08:30:00Z,เมืองลพบุรี,190,0.0,0.0,0.0,,,True
1791621000,2026-10-10T08:30:00Z,เดิมบางนางบวช,130,0.0,0.0,0.0,,,True
1791621000,2026-10-10T08:30:00Z,ด่านช้าง,309,0.0,0.0,0.0,,,True
1791621000,2026-10-10T08:30:00Z,หนองม่วง,111,0.029,1.216,0.0811,,45,True
1791621000,2026-10-10T08:30:00Z,ลำสนธิ,136,0.026,1.742,0.0441,,105,True
1791621000,2026-10-10T08:30:00Z,สามชุก,77,0.0,0.0,0.0,,,True
1791621000,2026-10-10T08:30:00Z,ดอนเจดีย์,72,0.0,0.0,0.0,,,True
1791621000,2026-10-10T08:30:00Z,สระโบสถ์,83,0.0,0.0,0.0,,,True
1791621000,2026-10-10T08:30:00Z,ศรีประจันต์,41,0.0,0.0,0.0,,,True
1791621000,2026-10-10T08:30:00Z,โคกเจริญ,135,0.252,1.742,0.3111,45,15,True
1791621000,2026-10-10T08:30:00Z,บ้านหมี่,136,0.0,0.0,0.0,,,True
1791621000,2026-10-10T08:30:00Z,ท่าหลวง,100,0.0,0.0,0.0,,,True
1791621000,2026-10-10T08:30:00Z,ชัยบาดาล,280,0.0,0.0,0.0,,,True
1791621000,2026-10-10T08:30:00Z,ท่าวุ้ง,64,0.0,0.0,0.0,,,True
1791621000,2026-10-10T08:30:00Z,พัฒนานิคม,217,0.0,0.0,0.0,,,True
1791621000,2026-10-10T08:30:00Z,โคกสำโรง,180,0.0,0.0,0.0,,,True
1791621000,2026-10-10T08:30:00Z,หนองหญ้าไซ,108,0.0,0.0,0.0,,,True
1791621000,2026-10-10T08:30:00Z,ท่าช้าง,11,0.0,0.0,0.0,,,True
1791621000,2026-10-10T08:30:00Z,อินทร์บุรี,66,0.0,0.0,0.0,,,True
1791621000,2026-10-10T08:30:00Z,ค่ายบางระจัน,26,0.0,0.0,0.0,,,True
1791621000,2026-10-10T08:30:00Z,พรหมบุรี,19,0.0,0.0,0.0,,,True
1791621000,2026-10-10T08:30:00Z,เนินสง่า,65,0.0,0.0,0.0,,,True
1791621000,2026-10-10T08:30:00Z,เมืองสิงห์บุรี,31,0.0,0.0,0.0,,,True
1791621000,2026-10-10T08:30:00Z,ซับใหญ่,72,0.105,1.742,0.1528,45,30,True
1791621000,2026-10-10T08:30:00Z,บางระจัน,46,0.0,0.0,0.0,,,True
1791621000,2026-10-10T08:30:00Z,ภูกระดึง,190,0.0,0.0,0.0,,,True
1791621000,2026-10-10T08:30:00Z,ภูหลวง,145,0.0,0.0,0.0,,,True
1791621000,2026-10-10T08:30:00Z,หนองหิน,78,0.0,0.0,0.0,,,True
1791621000,2026-10-10T08:30:00Z,ผาขาว,100,0.0,0.0,0.0,,,True
1791621000,2026-10-10T08:30:00Z,เอราวัณ,87,0.0,0.0,0.0,,,True
1791621000,2026-10-10T08:30:00Z,วังสะพุง,281,0.0,0.0,0.0,,,True
1791621000,2026-10-10T08:30:00Z,วังม่วง,70,0.0,0.0,0.0,,,True
1791621000,2026-10-10T08:30:00Z,เฉลิมพระเกียรติ,35,0.0,0.0,0.0,,,True
1791621000,2026-10-10T08:30:00Z,มวกเหล็ก,175,0.0,0.0,0.0,,,True
1791621000,2026-10-10T08:30:00Z,บ้านเขว้า,124,0.0,0.0,0.0,,,True
1791621000,2026-10-10T08:30:00Z,คอนสวรรค์,113,0.0,0.0,0.0,,,True
1791621000,2026-10-10T08:30:00Z,เมืองชัยภูมิ,358,0.0,0.0,0.0,,,True
1791621000,2026-10-10T08:30:00Z,วังทอง,425,0.0,0.0,0.0,,,True
1791621000,2026-10-10T08:30:00Z,เนินมะปราง,276,0.0,0.0,0.0,,,True
1791621000,2026-10-10T08:30:00Z,สวรรคโลก,156,0.0,0.0,0.0,,,True
1791621000,2026-10-10T08:30:00Z,ศรีนคร,46,0.0,0.0,0.0,,,True
1791621000,2026-10-10T08:30:00Z,หันคา,139,0.0,0.0,0.0,,,True
1791621000,2026-10-10T08:30:00Z,ศรีสัชนาลัย,534,0.0,0.0,0.0,,,True
1791621000,2026-10-10T08:30:00Z,หนองมะโมง,76,0.0,0.0,0.0,,,True
1791621000,2026-10-10T08:30:00Z,ศรีสำโรง,142,0.006,0.288,0.0282,,15,True
1791621000,2026-10-10T08:30:00Z,สรรพยา,55,0.0,0.0,0.0,,,True
1791621000,2026-10-10T08:30:00Z,คีรีมาศ,171,0.0,0.0,0.0,,,True
1791621000,2026-10-10T08:30:00Z,สรรคบุรี,89,0.0,0.0,0.0,,,True
1791621000,2026-10-10T08:30:00Z,กงไกรลาศ,108,0.0,0.0,0.0,,,True
1791621000,2026-10-10T08:30:00Z,มโนรมย์,66,0.0,0.0,0.0,,,True
1791621000,2026-10-10T08:30:00Z,เมืองสุโขทัย,136,0.017,0.413,0.0662,,15,True
1791621000,2026-10-10T08:30:00Z,วัดสิงห์,67,0.0,0.0,0.0,,,True
1791621000,2026-10-10T08:30:00Z,บ้านด่านลานหอย,231,0.042,0.413,0.2251,30,15,True
1791621000,2026-10-10T08:30:00Z,เมืองชัยนาท,70,0.0,0.0,0.0,,,True
1791621000,2026-10-10T08:30:00Z,เนินขาม,65,0.0,0.0,0.0,,,True
1791621000,2026-10-10T08:30:00Z,คอนสาร,334,0.0,0.0,0.0,,,True
1791621000,2026-10-10T08:30:00Z,ภักดีชุมพล,154,0.0,0.0,0.0,,,True
1791621000,2026-10-10T08:30:00Z,บ้านแท่น,76,0.0,0.0,0.0,,,True
1791621000,2026-10-10T08:30:00Z,แก้งคร้อ,168,0.0,0.0,0.0,,,True
1791621000,2026-10-10T08:30:00Z,ภูเขียว,201,0.0,0.0,0.0,,,True
1791621000,2026-10-10T08:30:00Z,หนองบัวระเหว,179,0.044,2.496,0.067,,15,True
1791621000,2026-10-10T08:30:00Z,เทพสถิต,239,0.105,2.496,0.1297,90,60,True
1791621000,2026-10-10T08:30:00Z,จัตุรัส,172,0.03,1.742,0.0407,,15,True
1791621000,2026-10-10T08:30:00Z,บำเหน็จณรงค์,120,0.0,0.0,0.0,,,True
1791621000,2026-10-10T08:30:00Z,เกษตรสมบูรณ์,268,0.0,0.0,0.0,,,True
1791621000,2026-10-10T08:30:00Z,หนองบัวแดง,537,0.0,0.098,0.0037,,45,True
1791621000,2026-10-10T08:30:00Z,ภูเรือ,168,0.0,0.0,0.0,,,True
1791621000,2026-10-10T08:30:00Z,ท่าลี่,171,0.0,0.0,0.0,,,True
1791621000,2026-10-10T08:30:00Z,วชิรบารมี,68,0.0,0.0,0.0,,,True
1791621000,2026-10-10T08:30:00Z,ด่านซ้าย,341,0.0,0.0,0.0,,,True
1791621000,2026-10-10T08:30:00Z,นาแห้ว,153,0.0,0.0,0.0,,,True
1791621000,2026-10-10T08:30:00Z,บึงนาราง,74,0.0,0.0,0.0,,,True
1791621000,2026-10-10T08:30:00Z,เชียงคาน,213,0.0,0.0,0.0,,,True
1791621000,2026-10-10T08:30:00Z,ดงเจริญ,56,0.0,0.0,0.0,,,True
1791621000,2026-10-10T08:30:00Z,ปากชม,240,0.0,0.0,0.0,,,True
1791621000,2026-10-10T08:30:00Z,เมืองเลย,314,0.0,0.0,0.0,,,True
1791621000,2026-10-10T08:30:00Z,นาด้วง,143,0.0,0.0,0.0,,,True
1791621000,2026-10-10T08:30:00Z,สากเหล็ก,45,0.0,0.0,0.0,,,True
1791621000,2026-10-10T08:30:00Z,สามง่าม,89,0.0,0.0,0.0,,,True
1791621000,2026-10-10T08:30:00Z,ทับคล้อ,104,0.0,0.0,0.0,,,True
1791621000,2026-10-10T08:30:00Z,พรหมพิราม,206,0.0,0.0,0.0,,,True
1791621000,2026-10-10T08:30:00Z,ด่านขุนทด,344,0.0,0.0,0.0,,,True
1791621000,2026-10-10T08:30:00Z,วัดโบสถ์,226,0.0,0.0,0.0,,,True
1791621000,2026-10-10T08:30:00Z,บางระกำ,246,0.0,0.0,0.0,,,True
1791621000,2026-10-10T08:30:00Z,บางกระทุ่ม,91,0.0,0.0,0.0,,,True
1791621000,2026-10-10T08:30:00Z,นครไทย,597,0.0,0.0,0.0,,,True
1791621000,2026-10-10T08:30:00Z,ชาติตระการ,415,0.0,0.0,0.0,,,True
1791621000,2026-10-10T08:30:00Z,บ้านเหลื่อม,55,0.0,0.0,0.0,,,True
1791621000,2026-10-10T08:30:00Z,เมืองพิษณุโลก,178,0.0,0.0,0.0,,,True
1791621000,2026-10-10T08:30:00Z,ชุมแสง,145,0.0,0.0,0.0,,,True
1791621000,2026-10-10T08:30:00Z,หนองบัว,208,0.0,0.0,0.0,,,True
1791621000,2026-10-10T08:30:00Z,เมืองนครสวรรค์,183,0.0,0.0,0.0,,,True
1791621000,2026-10-10T08:30:00Z,โกรกพระ,71,0.0,0.0,0.0,,,True
1791621000,2026-10-10T08:30:00Z,ไพศาลี,244,0.15,1.742,0.2582,90,60,True
1791621000,2026-10-10T08:30:00Z,ตาคลี,206,0.001,0.098,0.0097,,120,True
1791621000,2026-10-10T08:30:00Z,ท่าตะโก,211,0.003,0.201,0.019,,120,True
1791621000,2026-10-10T08:30:00Z,เขาค้อ,207,0.0,0.0,0.0,,,True
1791621000,2026-10-10T08:30:00Z,บรรพตพิสัย,181,0.0,0.0,0.0,,,True
1791621000,2026-10-10T08:30:00Z,เก้าเลี้ยว,57,0.0,0.0,0.0,,,True
1791621000,2026-10-10T08:30:00Z,วังโป่ง,123,0.0,0.0,0.0,,,True
1791621000,2026-10-10T08:30:00Z,บึงสามพัน,194,0.0,0.0,0.0,,,True
1791621000,2026-10-10T08:30:00Z,น้ำหนาว,231,0.0,0.0,0.0,,,True
1791621000,2026-10-10T08:30:00Z,ศรีเทพ,204,0.01,1.216,0.0147,,15,True
1791621000,2026-10-10T08:30:00Z,หนองไผ่,315,0.0,0.0,0.0,,,True
1791621000,2026-10-10T08:30:00Z,มหาราช,4,0.0,0.0,0.0,,,False
1791621000,2026-10-10T08:30:00Z,บ้านแพรก,10,0.0,0.0,0.0,,,True
1791621000,2026-10-10T08:30:00Z,บางมูลนาก,99,0.0,0.0,0.0,,,True
1791621000,2026-10-10T08:30:00Z,โพทะเล,131,0.0,0.0,0.0,,,True
1791621000,2026-10-10T08:30:00Z,โพธิ์ประทับช้าง,102,0.0,0.0,0.0,,,True
1791621000,2026-10-10T08:30:00Z,ตะพานหิน,109,0.0,0.0,0.0,,,True
1791621000,2026-10-10T08:30:00Z,เมืองพิจิตร,138,0.0,0.0,0.0,,,True
1791621000,2026-10-10T08:30:00Z,วังทรายพูน,66,0.0,0.0,0.0,,,True
1791621900,2026-10-10T08:45:00Z,พิชัย,176,0.0,0.0,0.0,,,True
1791621900,2026-10-10T08:45:00Z,ลับแล,116,0.0,0.0,0.0,,,True
1791621900,2026-10-10T08:45:00Z,ฟากท่า,163,0.09,0.299,0.4601,60,15,True
1791621900,2026-10-10T08:45:00Z,บ้านโคก,247,0.035,0.397,0.1984,30,15,True
1791621900,2026-10-10T08:45:00Z,ท่าปลา,442,0.007,0.299,0.0543,,75,True
1791621900,2026-10-10T08:45:00Z,น้ำปาด,363,0.0,0.0,0.0,,,True
1791621900,2026-10-10T08:45:00Z,เมืองอุตรดิตถ์,202,0.0,0.0,0.0,,,True
1791621900,2026-10-10T08:45:00Z,ตรอน,80,0.0,0.0,0.0,,,True
1791621900,2026-10-10T08:45:00Z,หล่มเก่า,246,0.0,0.0,0.0,,,True
1791621900,2026-10-10T08:45:00Z,วิเชียรบุรี,377,0.211,2.958,0.2944,15,15,True
1791621900,2026-10-10T08:45:00Z,ชนแดน,279,0.0,0.0,0.0,,,True
1791621900,2026-10-10T08:45:00Z,หล่มสัก,350,0.0,0.0,0.0,,,True
1791621900,2026-10-10T08:45:00Z,เมืองเพชรบูรณ์,571,0.0,0.0,0.0,,,True
1791621900,2026-10-10T08:45:00Z,ทองแสนขัน,185,0.0,0.0,0.0,,,True
1791621900,2026-10-10T08:45:00Z,บึงสามัคคี,71,0.0,0.0,0.0,,,True
1791621900,2026-10-10T08:45:00Z,โกสัมพีนคร,137,0.0,0.0,0.0,,,True
1791621900,2026-10-10T08:45:00Z,สอง,380,0.0,0.0,0.0,,,True
1791621900,2026-10-10T08:45:00Z,วังชิ้น,255,0.123,3.088,0.1882,30,15,True
1791621900,2026-10-10T08:45:00Z,สูงเม่น,88,0.0,0.0,0.0,,,True
1791621900,2026-10-10T08:45:00Z,เด่นชัย,135,0.0,0.0,0.0,,,True
1791621900,2026-10-10T08:45:00Z,ร้องกวาง,221,0.133,1.808,0.2036,60,15,True
1791621900,2026-10-10T08:45:00Z,ลอง,317,0.001,0.201,0.0032,,120,True
1791621900,2026-10-10T08:45:00Z,เมืองแพร่,205,0.063,1.538,0.1415,120,75,True
1791621900,2026-10-10T08:45:00Z,ทัพทัน,94,0.0,0.0,0.0,,,True
1791621900,2026-10-10T08:45:00Z,สว่างอารมณ์,110,0.0,0.0,0.0,,,True
1791621900,2026-10-10T08:45:00Z,เมืองอุทัยธานี,59,0.0,0.0,0.0,,,True
1791621900,2026-10-10T08:45:00Z,ห้วยคต,94,0.068,0.848,0.2021,15,15,True
1791621900,2026-10-10T08:45:00Z,ศรีสวัสดิ์,440,0.0,0.0,0.0,,,True
1791621900,2026-10-10T08:45:00Z,บ้านไร่,821,0.031,1.216,0.1072,120,15,True
1791621900,2026-10-10T08:45:00Z,ลานสัก,360,0.006,0.288,0.0472,,15,True
1791621900,2026-10-10T08:45:00Z,หนองฉาง,89,0.0,0.0,0.0,,,True
1791621900,2026-10-10T08:45:00Z,หนองขาหย่าง,43,0.0,0.0,0.0,,,True
1791621900,2026-10-10T08:45:00Z,เชียงม่วน,82,0.0,0.0,0.0,,,True
1791621900,2026-10-10T08:45:00Z,ดอกคำใต้,37,0.0,0.0,0.0,,,True
1791621900,2026-10-10T08:45:00Z,เมืองพะเยา,6,0.0,0.0,0.0,,,True
1791621900,2026-10-10T08:45:00Z,ทองผาภูมิ,851,0.0,0.0,0.0,,,True
1791621900,2026-10-10T08:45:00Z,สังขละบุรี,793,0.0,0.0,0.0,,,True
1791621900,2026-10-10T08:45:00Z,หนองม่วงไข่,35,0.32,1.697,0.3714,90,75,True
1791621900,2026-10-10T08:45:00Z,ภูเวียง,81,0.0,0.0,0.0,,,True
1791621900,2026-10-10T08:45:00Z,มัญจาคีรี,50,0.0,0.0,0.0,,,True
1791621900,2026-10-10T08:45:00Z,หนองปรือ,104,0.0,0.0,0.0,,,True
1791621900,2026-10-10T08:45:00Z,เลาขวัญ,123,0.0,0.0,0.0,,,True
1791621900,2026-10-10T08:45:00Z,หนองนาคำ,43,0.0,0.0,0.0,,,True
1791621900,2026-10-10T08:45:00Z,โคกโพธิ์ไชย,65,0.0,0.0,0.0,,,True
1791621900,2026-10-10T08:45:00Z,บ้านหลวง,91,0.0,0.0,0.0,,,True
1791621900,2026-10-10T08:45:00Z,นาน้อย,266,0.037,1.314,0.0827,,15,True
1791621900,2026-10-10T08:45:00Z,ภูผาม่าน,74,0.0,0.0,0.0,,,True
1791621900,2026-10-10T08:45:00Z,เมืองน่าน,161,0.0,0.0,0.0,,,True
1791621900,2026-10-10T08:45:00Z,แม่จริม,262,0.0,0.0,0.0,,,True
1791621900,2026-10-10T08:45:00Z,เวียงเก่า,78,0.0,0.0,0.0,,,True
1791621900,2026-10-10T08:45:00Z,เมืองกำแพงเพชร,368,0.0,0.0,0.0,,,True
1791621900,2026-10-10T08:45:00Z,ไทรงาม,133,0.0,0.0,0.0,,,True
1791621900,2026-10-10T08:45:00Z,ปางศิลาทอง,186,0.052,1.216,0.086,,15,True
1791621900,2026-10-10T08:45:00Z,ลานกระบือ,103,0.0,0.0,0.0,,,True
1791621900,2026-10-10T08:45:00Z,ทรายทองวัฒนา,53,0.0,0.0,0.0,,,True
1791621900,2026-10-10T08:45:00Z,คลองขลุง,179,0.0,0.0,0.0,,,True
1791621900,2026-10-10T08:45:00Z,พรานกระต่าย,252,0.007,0.413,0.0278,,90,True
1791621900,2026-10-10T08:45:00Z,คลองลาน,363,0.123,2.496,0.1956,30,15,True
1791621900,2026-10-10T08:45:00Z,ขาณุวรลักษบุรี,296,0.0,0.0,0.0,,,True
1791621900,2026-10-10T08:45:00Z,ภูเพียง,113,0.0,0.0,0.0,,,True
1791621900,2026-10-10T08:45:00Z,นาหมื่น,245,0.013,0.5,0.0898,,15,True
1791621900,2026-10-10T08:45:00Z,เวียงสา,543,0.0,0.098,0.0018,,60,True
1791621900,2026-10-10T08:45:00Z,น้ำโสม,153,0.0,0.0,0.0,,,True
1791621900,2026-10-10T08:45:00Z,นายูง,126,0.0,0.0,0.0,,,True
1791621900,2026-10-10T08:45:00Z,ชุมแพ,173,0.0,0.0,0.0,,,True
1791621900,2026-10-10T08:45:00Z,สีชมพู,132,0.0,0.0,0.0,,,True
1791621900,2026-10-10T08:45:00Z,สุวรรณคูหา,140,0.0,0.0,0.0,,,True
1791621900,2026-10-10T08:45:00Z,นาวัง,65,0.0,0.0,0.0,,,True
1791621900,2026-10-10T08:45:00Z,หนองเรือ,80,0.0,0.0,0.0,,,True
1791621900,2026-10-10T08:45:00Z,โนนสัง,51,0.0,0.0,0.0,,,True
1791621900,2026-10-10T08:45:00Z,ศรีบุญเรือง,224,0.0,0.0,0.0,,,True
1791621900,2026-10-10T08:45:00Z,เมืองหนองบัวลำภู,217,0.0,0.0,0.0,,,True
1791621900,2026-10-10T08:45:00Z,นากลาง,173,0.0,0.0,0.0,,,True
1791621900,2026-10-10T08:45:00Z,ทุ่งเสลี่ยม,144,0.0,0.0,0.0,,,True
1791621900,2026-10-10T08:45:00Z,ดอยหล่อ,56,0.0,0.0,0.0,,,True
1791621900,2026-10-10T08:45:00Z,เมืองตาก,486,0.111,1.84,0.2613,75,15,True
1791621900,2026-10-10T08:45:00Z,แม่ออน,116,0.0,0.0,0.0,,,True
1791621900,2026-10-10T08:45:00Z,อุ้มผาง,1209,0.077,2.496,0.2076,90,45,True
1791621900,2026-10-10T08:45:00Z,วังเจ้า,183,0.039,1.216,0.1148,30,15,True
1791621900,2026-10-10T08:45:00Z,แม่สอด,398,0.0,0.0,0.0,,,True
1791621900,2026-10-10T08:45:00Z,พบพระ,249,0.046,0.848,0.1888,90,45,True
1791621900,2026-10-10T08:45:00Z,แม่ระมาด,380,0.0,0.0,0.0,,,True
1791621900,2026-10-10T08:45:00Z,ท่าสองยาง,401,0.034,0.848,0.0873,,75,True
1791621900,2026-10-10T08:45:00Z,บ้านตาก,255,0.036,1.216,0.0745,,105,True
1791621900,2026-10-10T08:45:00Z,สามเงา,698,0.01,0.848,0.0301,,15,True
1791621900,2026-10-10T08:45:00Z,จอมทอง,280,0.0,0.0,0.0,,,True
1791621900,2026-10-10T08:45:00Z,แก้งสนามนาง,79,0.0,0.0,0.0,,,True
1791621900,2026-10-10T08:45:00Z,สีคิ้ว,292,0.0,0.0,0.0,,,True
1791621900,2026-10-10T08:45:00Z,พระทองคำ,90,0.0,0.0,0.0,,,True
1791621900,2026-10-10T08:45:00Z,เทพารักษ์,92,0.0,0.0,0.0,,,True
1791621900,2026-10-10T08:45:00Z,สันกำแพง,65,0.0,0.0,0.0,,,True
1791621900,2026-10-10T08:45:00Z,สันป่าตอง,44,0.0,0.0,0.0,,,True
1791621900,2026-10-10T08:45:00Z,ดอยเต่า,213,0.0,0.0,0.0,,,True
1791621900,2026-10-10T08:45:00Z,อมก๋อย,704,0.04,0.946,0.1634,45,15,True
1791621900,2026-10-10T08:45:00Z,ฮอด,378,0.003,0.098,0.0317,,15,True
1791621900,2026-10-10T08:45:00Z,เมืองลำพูน,117,0.001,0.098,0.0085,,75,True
1791621900,2026-10-10T08:45:00Z,แม่ทา,192,0.699,3.876,0.599,30,15,True
1791621900,2026-10-10T08:45:00Z,บ้านธิ,34,0.003,0.098,0.0294,,15,True
1791621900,2026-10-10T08:45:00Z,บ้านหมอ,24,0.0,0.0,0.0,,,True
1791621900,2026-10-10T08:45:00Z,เวียงหนองล่อง,14,0.0,0.0,0.0,,,True
1791621900,2026-10-10T08:45:00Z,ทุ่งหัวช้าง,113,0.0,0.0,0.0,,,True
1791621900,2026-10-10T08:45:00Z,ป่าซาง,74,0.476,3.876,0.3378,90,75,True
1791621900,2026-10-10T08:45:00Z,บ้านโฮ่ง,124,0.314,3.865,0.2661,105,105,True
1791621900,2026-10-10T08:45:00Z,แก่งคอย,73,0.0,0.0,0.0,,,True
1791621900,2026-10-10T08:45:00Z,ลี้,454,0.0,0.098,0.0044,,15,True
1791621900,2026-10-10T08:45:00Z,พระพุทธบาท,55,0.0,0.0,0.0,,,True
1791621900,2026-10-10T08:45:00Z,ดอนพุด,7,0.0,0.0,0.0,,,True
1791621900,2026-10-10T08:45:00Z,หนองโดน,31,0.0,0.0,0.0,,,True
1791621900,2026-10-10T08:45:00Z,เมืองลำปาง,300,0.233,2.064,0.2833,15,15,True
1791621900,2026-10-10T08:45:00Z,เถิน,443,0.032,2.496,0.0767,,60,True
1791621900,2026-10-10T08:45:00Z,แม่พริก,167,0.003,0.098,0.0299,,120,True
1791621900,2026-10-10T08:45:00Z,แจ้ห่ม,274,0.0,0.0,0.0,,,True
1791621900,2026-10-10T08:45:00Z,แม่เปิน,85,0.027,0.413,0.1882,15,15,True
1791621900,2026-10-10T08:45:00Z,เสริมงาม,185,0.354,1.808,0.5946,105,90,True
1791621900,2026-10-10T08:45:00Z,ชุมตาบง,61,0.0,0.0,0.0,,,True
1791621900,2026-10-10T08:45:00Z,งาว,344,0.0,0.0,0.0,,,True
1791621900,2026-10-10T08:45:00Z,ตากฟ้า,125,0.145,2.064,0.192,120,105,True
1791621900,2026-10-10T08:45:00Z,แม่เมาะ,283,0.01,0.848,0.0283,,15,True
1791621900,2026-10-10T08:45:00Z,แม่วงก์,257,0.115,1.314,0.2802,15,15,True
1791621900,2026-10-10T08:45:00Z,เกาะคา,128,0.883,2.496,0.9766,60,45,True
1791621900,2026-10-10T08:45:00Z,พยุหะคีรี,169,0.001,0.098,0.0059,,120,True
1791621900,2026-10-10T08:45:00Z,ลาดยาว,187,0.0,0.0,0.0,,,True
1791621900,2026-10-10T08:45:00Z,สบปราบ,125,0.003,0.098,0.032,,75,True
1791621900,2026-10-10T08:45:00Z,ห้างฉัตร,154,0.287,2.594,0.6039,15,15,True
1791621900,2026-10-10T08:45:00Z,แม่ทะ,203,0.287,1.742,0.5567,15,15,True
1791621900,2026-10-10T08:45:00Z,เมืองปาน,202,0.0,0.0,0.0,,,True
1791621900,2026-10-10T08:45:00Z,เมืองอ่างทอง,6,0.0,0.0,0.0,,,True
1791621900,2026-10-10T08:45:00Z,ไชโย,20,0.0,0.0,0.0,,,True
1791621900,2026-10-10T08:45:00Z,สามโก้,10,0.0,0.0,0.0,,,True
1791621900,2026-10-10T08:45:00Z,แสวงหา,43,0.0,0.0,0.0,,,True
1791621900,2026-10-10T08:45:00Z,วิเศษชัยชาญ,7,0.0,0.0,0.0,,,True
1791621900,2026-10-10T08:45:00Z,โพธิ์ทอง,48,0.0,0.0,0.0,,,True
1791621900,2026-10-10T08:45:00Z,เมืองลพบุรี,190,0.0,0.0,0.0,,,True
1791621900,2026-10-10T08:45:00Z,เดิมบางนางบวช,130,0.0,0.0,0.0,,,True
1791621900,2026-10-10T08:45:00Z,ด่านช้าง,309,0.0,0.0,0.0,,,True
1791621900,2026-10-10T08:45:00Z,หนองม่วง,111,0.001,0.098,0.009,,60,True
1791621900,2026-10-10T08:45:00Z,ลำสนธิ,136,0.022,0.592,0.1029,120,90,True
1791621900,2026-10-10T08:45:00Z,สามชุก,77,0.0,0.0,0.0,,,True
1791621900,2026-10-10T08:45:00Z,ดอนเจดีย์,72,0.0,0.0,0.0,,,True
1791621900,2026-10-10T08:45:00Z,สระโบสถ์,83,0.0,0.0,0.0,,,True
1791621900,2026-10-10T08:45:00Z,ศรีประจันต์,41,0.0,0.0,0.0,,,True
1791621900,2026-10-10T08:45:00Z,โคกเจริญ,135,0.299,3.182,0.2222,30,15,True
1791621900,2026-10-10T08:45:00Z,บ้านหมี่,136,0.0,0.0,0.0,,,True
1791621900,2026-10-10T08:45:00Z,ท่าหลวง,100,0.0,0.0,0.0,,,True
1791621900,2026-10-10T08:45:00Z,ชัยบาดาล,280,0.0,0.0,0.0,,,True
1791621900,2026-10-10T08:45:00Z,ท่าวุ้ง,64,0.0,0.0,0.0,,,True
1791621900,2026-10-10T08:45:00Z,พัฒนานิคม,217,0.0,0.0,0.0,,,True
1791621900,2026-10-10T08:45:00Z,โคกสำโรง,180,0.0,0.0,0.0,,,True
1791621900,2026-10-10T08:45:00Z,หนองหญ้าไซ,108,0.0,0.0,0.0,,,True
1791621900,2026-10-10T08:45:00Z,ท่าช้าง,11,0.0,0.0,0.0,,,True
1791621900,2026-10-10T08:45:00Z,อินทร์บุรี,66,0.0,0.0,0.0,,,True
1791621900,2026-10-10T08:45:00Z,ค่ายบางระจัน,26,0.0,0.0,0.0,,,True
1791621900,2026-10-10T08:45:00Z,พรหมบุรี,19,0.0,0.0,0.0,,,True
1791621900,2026-10-10T08:45:00Z,เนินสง่า,65,0.0,0.0,0.0,,,True
1791621900,2026-10-10T08:45:00Z,เมืองสิงห์บุรี,31,0.0,0.0,0.0,,,True
1791621900,2026-10-10T08:45:00Z,ซับใหญ่,72,0.122,1.742,0.3056,30,15,True
1791621900,2026-10-10T08:45:00Z,บางระจัน,46,0.0,0.0,0.0,,,True
1791621900,2026-10-10T08:45:00Z,ภูกระดึง,190,0.0,0.0,0.0,,,True
1791621900,2026-10-10T08:45:00Z,ภูหลวง,145,0.0,0.0,0.0,,,True
1791621900,2026-10-10T08:45:00Z,หนองหิน,78,0.0,0.0,0.0,,,True
1791621900,2026-10-10T08:45:00Z,ผาขาว,100,0.0,0.0,0.0,,,True
1791621900,2026-10-10T08:45:00Z,เอราวัณ,87,0.0,0.0,0.0,,,True
1791621900,2026-10-10T08:45:00Z,วังสะพุง,281,0.0,0.0,0.0,,,True
1791621900,2026-10-10T08:45:00Z,วังม่วง,70,0.0,0.0,0.0,,,True
1791621900,2026-10-10T08:45:00Z,เฉลิมพระเกียรติ,35,0.0,0.0,0.0,,,True
1791621900,2026-10-10T08:45:00Z,มวกเหล็ก,175,0.0,0.0,0.0,,,True
1791621900,2026-10-10T08:45:00Z,บ้านเขว้า,124,0.0,0.0,0.0,,,True
1791621900,2026-10-10T08:45:00Z,คอนสวรรค์,113,0.0,0.0,0.0,,,True
1791621900,2026-10-10T08:45:00Z,เมืองชัยภูมิ,358,0.0,0.0,0.0,,,True
1791621900,2026-10-10T08:45:00Z,วังทอง,425,0.0,0.0,0.0,,,True
1791621900,2026-10-10T08:45:00Z,เนินมะปราง,276,0.0,0.0,0.0,,,True
1791621900,2026-10-10T08:45:00Z,สวรรคโลก,156,0.0,0.0,0.0,,,True
1791621900,2026-10-10T08:45:00Z,ศรีนคร,46,0.0,0.0,0.0,,,True
1791621900,2026-10-10T08:45:00Z,หันคา,139,0.0,0.0,0.0,,,True
1791621900,2026-10-10T08:45:00Z,ศรีสัชนาลัย,534,0.042,2.334,0.0712,,15,True
1791621900,2026-10-10T08:45:00Z,หนองมะโมง,76,0.0,0.0,0.0,,,True
1791621900,2026-10-10T08:45:00Z,ศรีสำโรง,142,0.026,1.216,0.0634,,15,True
1791621900,2026-10-10T08:45:00Z,สรรพยา,55,0.0,0.0,0.0,,,True
1791621900,2026-10-10T08:45:00Z,คีรีมาศ,171,0.008,0.413,0.0409,,15,True
1791621900,2026-10-10T08:45:00Z,สรรคบุรี,89,0.0,0.0,0.0,,,True
1791621900,2026-10-10T08:45:00Z,กงไกรลาศ,108,0.0,0.0,0.0,,,True
1791621900,2026-10-10T08:45:00Z,มโนรมย์,66,0.0,0.0,0.0,,,True
1791621900,2026-10-10T08:45:00Z,เมืองสุโขทัย,136,0.0,0.0,0.0,,,True
1791621900,2026-10-10T08:45:00Z,วัดสิงห์,67,0.0,0.0,0.0,,,True
1791621900,2026-10-10T08:45:00Z,บ้านด่านลานหอย,231,0.165,1.742,0.3636,15,15,True
1791621900,2026-10-10T08:45:00Z,เมืองชัยนาท,70,0.0,0.0,0.0,,,True
1791621900,2026-10-10T08:45:00Z,เนินขาม,65,0.0,0.0,0.0,,,True
1791621900,2026-10-10T08:45:00Z,คอนสาร,334,0.0,0.0,0.0,,,True
1791621900,2026-10-10T08:45:00Z,ภักดีชุมพล,154,0.009,0.413,0.039,,75,True
1791621900,2026-10-10T08:45:00Z,บ้านแท่น,76,0.0,0.0,0.0,,,True
1791621900,2026-10-10T08:45:00Z,แก้งคร้อ,168,0.0,0.0,0.0,,,True
1791621900,2026-10-10T08:45:00Z,ภูเขียว,201,0.0,0.0,0.0,,,True
1791621900,2026-10-10T08:45:00Z,หนองบัวระเหว,179,0.059,1.216,0.1453,30,15,True
1791621900,2026-10-10T08:45:00Z,เทพสถิต,239,0.102,1.742,0.2343,60,30,True
1791621900,2026-10-10T08:45:00Z,จัตุรัส,172,0.002,0.098,0.0233,,15,True
1791621900,2026-10-10T08:45:00Z,บำเหน็จณรงค์,120,0.0,0.0,0.0,,,True
1791621900,2026-10-10T08:45:00Z,เกษตรสมบูรณ์,268,0.0,0.0,0.0,,,True
1791621900,2026-10-10T08:45:00Z,หนองบัวแดง,537,0.0,0.0,0.0,,,True
1791621900,2026-10-10T08:45:00Z,ภูเรือ,168,0.0,0.0,0.0,,,True
1791621900,2026-10-10T08:45:00Z,ท่าลี่,171,0.0,0.0,0.0,,,True
1791621900,2026-10-10T08:45:00Z,วชิรบารมี,68,0.0,0.0,0.0,,,True
1791621900,2026-10-10T08:45:00Z,ด่านซ้าย,341,0.0,0.0,0.0,,,True
1791621900,2026-10-10T08:45:00Z,นาแห้ว,153,0.0,0.0,0.0,,,True
1791621900,2026-10-10T08:45:00Z,บึงนาราง,74,0.0,0.0,0.0,,,True
1791621900,2026-10-10T08:45:00Z,เชียงคาน,213,0.0,0.0,0.0,,,True
1791621900,2026-10-10T08:45:00Z,ดงเจริญ,56,0.0,0.0,0.0,,,True
1791621900,2026-10-10T08:45:00Z,ปากชม,240,0.0,0.0,0.0,,,True
1791621900,2026-10-10T08:45:00Z,เมืองเลย,314,0.0,0.0,0.0,,,True
1791621900,2026-10-10T08:45:00Z,นาด้วง,143,0.0,0.0,0.0,,,True
1791621900,2026-10-10T08:45:00Z,สากเหล็ก,45,0.0,0.0,0.0,,,True
1791621900,2026-10-10T08:45:00Z,สามง่าม,89,0.0,0.0,0.0,,,True
1791621900,2026-10-10T08:45:00Z,ทับคล้อ,104,0.0,0.0,0.0,,,True
1791621900,2026-10-10T08:45:00Z,พรหมพิราม,206,0.0,0.0,0.0,,,True
1791621900,2026-10-10T08:45:00Z,ด่านขุนทด,344,0.0,0.0,0.0,,,True
1791621900,2026-10-10T08:45:00Z,วัดโบสถ์,226,0.0,0.0,0.0,,,True
1791621900,2026-10-10T08:45:00Z,บางระกำ,246,0.0,0.0,0.0,,,True
1791621900,2026-10-10T08:45:00Z,บางกระทุ่ม,91,0.0,0.0,0.0,,,True
1791621900,2026-10-10T08:45:00Z,นครไทย,597,0.0,0.0,0.0,,,True
1791621900,2026-10-10T08:45:00Z,ชาติตระการ,415,0.0,0.0,0.0,,,True
1791621900,2026-10-10T08:45:00Z,บ้านเหลื่อม,55,0.0,0.0,0.0,,,True
1791621900,2026-10-10T08:45:00Z,เมืองพิษณุโลก,178,0.0,0.0,0.0,,,True
1791621900,2026-10-10T08:45:00Z,ชุมแสง,145,0.0,0.0,0.0,,,True
1791621900,2026-10-10T08:45:00Z,หนองบัว,208,0.0,0.0,0.0,,,True
1791621900,2026-10-10T08:45:00Z,เมืองนครสวรรค์,183,0.0,0.0,0.0,,,True
1791621900,2026-10-10T08:45:00Z,โกรกพระ,71,0.0,0.0,0.0,,,True
1791621900,2026-10-10T08:45:00Z,ไพศาลี,244,0.335,2.958,0.3156,75,45,True
1791621900,2026-10-10T08:45:00Z,ตาคลี,206,0.0,0.0,0.0,,,True
1791621900,2026-10-10T08:45:00Z,ท่าตะโก,211,0.053,2.59,0.0521,,75,True
1791621900,2026-10-10T08:45:00Z,เขาค้อ,207,0.0,0.0,0.0,,,True
1791621900,2026-10-10T08:45:00Z,บรรพตพิสัย,181,0.0,0.0,0.0,,,True
1791621900,2026-10-10T08:45:00Z,เก้าเลี้ยว,57,0.0,0.0,0.0,,,True
1791621900,2026-10-10T08:45:00Z,วังโป่ง,123,0.0,0.0,0.0,,,True
1791621900,2026-10-10T08:45:00Z,บึงสามพัน,194,0.002,0.413,0.0052,,120,True
1791621900,2026-10-10T08:45:00Z,น้ำหนาว,231,0.0,0.0,0.0,,,True
1791621900,2026-10-10T08:45:00Z,ศรีเทพ,204,0.0,0.0,0.0,,,True
1791621900,2026-10-10T08:45:00Z,หนองไผ่,315,0.0,0.0,0.0,,,True
1791621900,2026-10-10T08:45:00Z,มหาราช,4,0.0,0.0,0.0,,,False
1791621900,2026-10-10T08:45:00Z,บ้านแพรก,10,0.0,0.0,0.0,,,True
1791621900,2026-10-10T08:45:00Z,บางมูลนาก,99,0.0,0.0,0.0,,,True
1791621900,2026-10-10T08:45:00Z,โพทะเล,131,0.0,0.0,0.0,,,True
1791621900,2026-10-10T08:45:00Z,โพธิ์ประทับช้าง,102,0.0,0.0,0.0,,,True
1791621900,2026-10-10T08:45:00Z,ตะพานหิน,109,0.0,0.0,0.0,,,True
1791621900,2026-10-10T08:45:00Z,เมืองพิจิตร,138,0.0,0.0,0.0,,,True
1791621900,2026-10-10T08:45:00Z,วังทรายพูน,66,0.0,0.0,0.0,,,True
1791622800,2026-10-10T09:00:00Z,พิชัย,176,0.0,0.0,0.0,,,True
1791622800,2026-10-10T09:00:00Z,ลับแล,116,0.0,0.0,0.0,,,True
1791622800,2026-10-10T09:00:00Z,ฟากท่า,163,0.032,0.294,0.2699,60,15,True
1791622800,2026-10-10T09:00:00Z,บ้านโคก,247,0.027,0.294,0.2389,30,15,True
1791622800,2026-10-10T09:00:00Z,ท่าปลา,442,0.002,0.098,0.0158,,105,True
1791622800,2026-10-10T09:00:00Z,น้ำปาด,363,0.0,0.0,0.0,,,True
1791622800,2026-10-10T09:00:00Z,เมืองอุตรดิตถ์,202,0.0,0.0,0.0,,,True
1791622800,2026-10-10T09:00:00Z,ตรอน,80,0.0,0.0,0.0,,,True
1791622800,2026-10-10T09:00:00Z,หล่มเก่า,246,0.0,0.0,0.0,,,True
1791622800,2026-10-10T09:00:00Z,วิเชียรบุรี,377,0.125,1.742,0.2679,45,15,True
1791622800,2026-10-10T09:00:00Z,ชนแดน,279,0.0,0.0,0.0,,,True
1791622800,2026-10-10T09:00:00Z,หล่มสัก,350,0.0,0.0,0.0,,,True
1791622800,2026-10-10T09:00:00Z,เมืองเพชรบูรณ์,571,0.0,0.098,0.0018,,120,True
1791622800,2026-10-10T09:00:00Z,ทองแสนขัน,185,0.0,0.0,0.0,,,True
1791622800,2026-10-10T09:00:00Z,บึงสามัคคี,71,0.0,0.0,0.0,,,True
1791622800,2026-10-10T09:00:00Z,โกสัมพีนคร,137,0.0,0.0,0.0,,,True
1791622800,2026-10-10T09:00:00Z,สอง,380,0.014,0.848,0.0447,,90,True
1791622800,2026-10-10T09:00:00Z,วังชิ้น,255,0.207,2.958,0.3333,30,15,True
1791622800,2026-10-10T09:00:00Z,สูงเม่น,88,0.0,0.0,0.0,,,True
1791622800,2026-10-10T09:00:00Z,เด่นชัย,135,0.0,0.0,0.0,,,True
1791622800,2026-10-10T09:00:00Z,ร้องกวาง,221,0.245,2.265,0.3484,30,15,True
1791622800,2026-10-10T09:00:00Z,ลอง,317,0.007,0.69,0.0315,,105,True
1791622800,2026-10-10T09:00:00Z,เมืองแพร่,205,0.068,1.216,0.1317,120,75,True
1791622800,2026-10-10T09:00:00Z,ทัพทัน,94,0.0,0.0,0.0,,,True
1791622800,2026-10-10T09:00:00Z,สว่างอารมณ์,110,0.0,0.0,0.0,,,True
1791622800,2026-10-10T09:00:00Z,เมืองอุทัยธานี,59,0.0,0.0,0.0,,,True
1791622800,2026-10-10T09:00:00Z,ห้วยคต,94,0.0,0.0,0.0,,,True
1791622800,2026-10-10T09:00:00Z,ศรีสวัสดิ์,440,0.0,0.0,0.0,,,True
1791622800,2026-10-10T09:00:00Z,บ้านไร่,821,0.013,1.314,0.0853,,15,True
1791622800,2026-10-10T09:00:00Z,ลานสัก,360,0.005,0.196,0.05,,15,True
1791622800,2026-10-10T09:00:00Z,หนองฉาง,89,0.0,0.0,0.0,,,True
1791622800,2026-10-10T09:00:00Z,หนองขาหย่าง,43,0.0,0.0,0.0,,,True
1791622800,2026-10-10T09:00:00Z,เชียงม่วน,82,0.0,0.0,0.0,,,True
1791622800,2026-10-10T09:00:00Z,ดอกคำใต้,37,0.0,0.0,0.0,,,True
1791622800,2026-10-10T09:00:00Z,เมืองพะเยา,6,0.0,0.0,0.0,,,True
1791622800,2026-10-10T09:00:00Z,ทองผาภูมิ,851,0.001,0.201,0.0047,,120,True
1791622800,2026-10-10T09:00:00Z,สังขละบุรี,793,0.0,0.0,0.0,,,True
1791622800,2026-10-10T09:00:00Z,หนองม่วงไข่,35,0.583,1.898,0.6857,75,75,True
1791622800,2026-10-10T09:00:00Z,ภูเวียง,81,0.0,0.0,0.0,,,True
1791622800,2026-10-10T09:00:00Z,มัญจาคีรี,50,0.0,0.0,0.0,,,True
1791622800,2026-10-10T09:00:00Z,หนองปรือ,104,0.0,0.0,0.0,,,True
1791622800,2026-10-10T09:00:00Z,เลาขวัญ,123,0.0,0.0,0.0,,,True
1791622800,2026-10-10T09:00:00Z,หนองนาคำ,43,0.0,0.0,0.0,,,True
1791622800,2026-10-10T09:00:00Z,โคกโพธิ์ไชย,65,0.0,0.0,0.0,,,True
1791622800,2026-10-10T09:00:00Z,บ้านหลวง,91,0.005,0.288,0.022,,75,True
1791622800,2026-10-10T09:00:00Z,นาน้อย,266,0.027,0.946,0.1278,90,15,True
1791622800,2026-10-10T09:00:00Z,ภูผาม่าน,74,0.0,0.0,0.0,,,True
1791622800,2026-10-10T09:00:00Z,เมืองน่าน,161,0.037,0.848,0.087,,15,True
1791622800,2026-10-10T09:00:00Z,แม่จริม,262,0.002,0.098,0.0229,,15,True
1791622800,2026-10-10T09:00:00Z,เวียงเก่า,78,0.0,0.0,0.0,,,True
1791622800,2026-10-10T09:00:00Z,เมืองกำแพงเพชร,368,0.0,0.0,0.0,,,True
1791622800,2026-10-10T09:00:00Z,ไทรงาม,133,0.0,0.0,0.0,,,True
1791622800,2026-10-10T09:00:00Z,ปางศิลาทอง,186,0.001,0.098,0.0054,,45,True
1791622800,2026-10-10T09:00:00Z,ลานกระบือ,103,0.0,0.0,0.0,,,True
1791622800,2026-10-10T09:00:00Z,ทรายทองวัฒนา,53,0.0,0.0,0.0,,,True
1791622800,2026-10-10T09:00:00Z,คลองขลุง,179,0.0,0.0,0.0,,,True
1791622800,2026-10-10T09:00:00Z,พรานกระต่าย,252,0.001,0.098,0.0079,,75,True
1791622800,2026-10-10T09:00:00Z,คลองลาน,363,0.14,1.84,0.1791,30,15,True
1791622800,2026-10-10T09:00:00Z,ขาณุวรลักษบุรี,296,0.0,0.0,0.0,,,True
1791622800,2026-10-10T09:00:00Z,ภูเพียง,113,0.0,0.0,0.0,,,True
1791622800,2026-10-10T09:00:00Z,นาหมื่น,245,0.017,0.196,0.1673,105,15,True
1791622800,2026-10-10T09:00:00Z,เวียงสา,543,0.017,0.848,0.0534,,15,True
1791622800,2026-10-10T09:00:00Z,น้ำโสม,153,0.0,0.0,0.0,,,True
1791622800,2026-10-10T09:00:00Z,นายูง,126,0.0,0.0,0.0,,,True
1791622800,2026-10-10T09:00:00Z,ชุมแพ,173,0.0,0.0,0.0,,,True
1791622800,2026-10-10T09:00:00Z,สีชมพู,132,0.0,0.0,0.0,,,True
1791622800,2026-10-10T09:00:00Z,สุวรรณคูหา,140,0.0,0.0,0.0,,,True
1791622800,2026-10-10T09:00:00Z,นาวัง,65,0.0,0.0,0.0,,,True
1791622800,2026-10-10T09:00:00Z,หนองเรือ,80,0.0,0.0,0.0,,,True
1791622800,2026-10-10T09:00:00Z,โนนสัง,51,0.0,0.0,0.0,,,True
1791622800,2026-10-10T09:00:00Z,ศรีบุญเรือง,224,0.0,0.0,0.0,,,True
1791622800,2026-10-10T09:00:00Z,เมืองหนองบัวลำภู,217,0.0,0.0,0.0,,,True
1791622800,2026-10-10T09:00:00Z,นากลาง,173,0.0,0.0,0.0,,,True
1791622800,2026-10-10T09:00:00Z,ทุ่งเสลี่ยม,144,0.0,0.0,0.0,,,True
1791622800,2026-10-10T09:00:00Z,ดอยหล่อ,56,0.004,0.201,0.0179,,75,True
1791622800,2026-10-10T09:00:00Z,เมืองตาก,486,0.245,1.742,0.3313,60,30,True
1791622800,2026-10-10T09:00:00Z,แม่ออน,116,0.0,0.0,0.0,,,True
1791622800,2026-10-10T09:00:00Z,อุ้มผาง,1209,0.099,1.742,0.2548,75,30,True
1791622800,2026-10-10T09:00:00Z,วังเจ้า,183,0.058,0.848,0.1475,15,15,True
1791622800,2026-10-10T09:00:00Z,แม่สอด,398,0.0,0.0,0.0,,,True
1791622800,2026-10-10T09:00:00Z,พบพระ,249,0.114,0.848,0.3614,60,15,True
1791622800,2026-10-10T09:00:00Z,แม่ระมาด,380,0.0,0.0,0.0,,,True
1791622800,2026-10-10T09:00:00Z,ท่าสองยาง,401,0.004,0.592,0.0249,,90,True
1791622800,2026-10-10T09:00:00Z,บ้านตาก,255,0.061,1.216,0.1176,120,90,True
1791622800,2026-10-10T09:00:00Z,สามเงา,698,0.0,0.098,0.0029,,15,True
1791622800,2026-10-10T09:00:00Z,จอมทอง,280,0.002,0.288,0.0107,,15,True
1791622800,2026-10-10T09:00:00Z,แก้งสนามนาง,79,0.0,0.0,0.0,,,True
1791622800,2026-10-10T09:00:00Z,สีคิ้ว,292,0.0,0.0,0.0,,,True
1791622800,2026-10-10T09:00:00Z,พระทองคำ,90,0.0,0.0,0.0,,,True
1791622800,2026-10-10T09:00:00Z,เทพารักษ์,92,0.0,0.0,0.0,,,True
1791622800,2026-10-10T09:00:00Z,สันกำแพง,65,0.0,0.0,0.0,,,True
1791622800,2026-10-10T09:00:00Z,สันป่าตอง,44,0.042,1.84,0.0227,,45,True
1791622800,2026-10-10T09:00:00Z,ดอยเต่า,213,0.0,0.0,0.0,,,True
1791622800,2026-10-10T09:00:00Z,อมก๋อย,704,0.012,0.592,0.0653,,15,True
1791622800,2026-10-10T09:00:00Z,ฮอด,378,0.008,0.848,0.0423,,15,True
1791622800,2026-10-10T09:00:00Z,เมืองลำพูน,117,0.407,3.345,0.4359,15,15,True
1791622800,2026-10-10T09:00:00Z,แม่ทา,192,0.65,2.155,0.6823,15,15,True
1791622800,2026-10-10T09:00:00Z,บ้านธิ,34,0.0,0.0,0.0,,,True
1791622800,2026-10-10T09:00:00Z,บ้านหมอ,24,0.0,0.0,0.0,,,True
1791622800,2026-10-10T09:00:00Z,เวียงหนองล่อง,14,0.056,0.299,0.3571,105,90,True
1791622800,2026-10-10T09:00:00Z,ทุ่งหัวช้าง,113,0.001,0.098,0.0088,,120,True
1791622800,2026-10-10T09:00:00Z,ป่าซาง,74,0.678,2.594,0.8649,45,30,True
1791622800,2026-10-10T09:00:00Z,บ้านโฮ่ง,124,0.221,2.334,0.2984,105,90,True
1791622800,2026-10-10T09:00:00Z,แก่งคอย,73,0.0,0.0,0.0,,,True
1791622800,2026-10-10T09:00:00Z,ลี้,454,0.0,0.0,0.0,,,True
1791622800,2026-10-10T09:00:00Z,พระพุทธบาท,55,0.0,0.0,0.0,,,True
1791622800,2026-10-10T09:00:00Z,ดอนพุด,7,0.0,0.0,0.0,,,True
1791622800,2026-10-10T09:00:00Z,หนองโดน,31,0.0,0.0,0.0,,,True
1791622800,2026-10-10T09:00:00Z,เมืองลำปาง,300,0.187,2.59,0.2533,15,15,True
1791622800,2026-10-10T09:00:00Z,เถิน,443,0.047,2.59,0.1354,105,45,True
1791622800,2026-10-10T09:00:00Z,แม่พริก,167,0.011,0.592,0.0479,,120,True
1791622800,2026-10-10T09:00:00Z,แจ้ห่ม,274,0.0,0.0,0.0,,,True
1791622800,2026-10-10T09:00:00Z,แม่เปิน,85,0.005,0.288,0.0235,,15,True
1791622800,2026-10-10T09:00:00Z,เสริมงาม,185,0.819,3.712,0.7027,90,75,True
1791622800,2026-10-10T09:00:00Z,ชุมตาบง,61,0.0,0.0,0.0,,,True
1791622800,2026-10-10T09:00:00Z,งาว,344,0.0,0.0,0.0,,,True
1791622800,2026-10-10T09:00:00Z,ตากฟ้า,125,0.309,3.712,0.28,105,90,True
1791622800,2026-10-10T09:00:00Z,แม่เมาะ,283,0.008,0.299,0.0601,,15,True
1791622800,2026-10-10T09:00:00Z,แม่วงก์,257,0.086,1.314,0.2374,15,15,True
1791622800,2026-10-10T09:00:00Z,เกาะคา,128,1.206,4.238,0.8672,45,30,True
1791622800,2026-10-10T09:00:00Z,พยุหะคีรี,169,0.002,0.098,0.0237,,105,True
1791622800,2026-10-10T09:00:00Z,ลาดยาว,187,0.0,0.0,0.0,,,True
1791622800,2026-10-10T09:00:00Z,สบปราบ,125,0.009,0.592,0.032,,90,True
1791622800,2026-10-10T09:00:00Z,ห้างฉัตร,154,0.416,1.417,0.7987,15,15,True
1791622800,2026-10-10T09:00:00Z,แม่ทะ,203,0.487,4.238,0.3448,15,15,True
1791622800,2026-10-10T09:00:00Z,เมืองปาน,202,0.0,0.0,0.0,,,True
1791622800,2026-10-10T09:00:00Z,เมืองอ่างทอง,6,0.0,0.0,0.0,,,True
1791622800,2026-10-10T09:00:00Z,ไชโย,20,0.0,0.0,0.0,,,True
1791622800,2026-10-10T09:00:00Z,สามโก้,10,0.0,0.0,0.0,,,True
1791622800,2026-10-10T09:00:00Z,แสวงหา,43,0.0,0.0,0.0,,,True
1791622800,2026-10-10T09:00:00Z,วิเศษชัยชาญ,7,0.0,0.0,0.0,,,True
1791622800,2026-10-10T09:00:00Z,โพธิ์ทอง,48,0.0,0.0,0.0,,,True
1791622800,2026-10-10T09:00:00Z,เมืองลพบุรี,190,0.0,0.0,0.0,,,True
1791622800,2026-10-10T09:00:00Z,เดิมบางนางบวช,130,0.0,0.0,0.0,,,True
1791622800,2026-10-10T09:00:00Z,ด่านช้าง,309,0.0,0.0,0.0,,,True
1791622800,2026-10-10T09:00:00Z,หนองม่วง,111,0.0,0.0,0.0,,,True
1791622800,2026-10-10T09:00:00Z,ลำสนธิ,136,0.031,1.184,0.0735,,90,True
1791622800,2026-10-10T09:00:00Z,สามชุก,77,0.0,0.0,0.0,,,True
1791622800,2026-10-10T09:00:00Z,ดอนเจดีย์,72,0.0,0.0,0.0,,,True
1791622800,2026-10-10T09:00:00Z,สระโบสถ์,83,0.0,0.0,0.0,,,True
1791622800,2026-10-10T09:00:00Z,ศรีประจันต์,41,0.0,0.0,0.0,,,True
1791622800,2026-10-10T09:00:00Z,โคกเจริญ,135,0.153,2.59,0.1481,15,15,True
1791622800,2026-10-10T09:00:00Z,บ้านหมี่,136,0.0,0.0,0.0,,,True
1791622800,2026-10-10T09:00:00Z,ท่าหลวง,100,0.0,0.0,0.0,,,True
1791622800,2026-10-10T09:00:00Z,ชัยบาดาล,280,0.0,0.0,0.0,,,True
1791622800,2026-10-10T09:00:00Z,ท่าวุ้ง,64,0.0,0.0,0.0,,,True
1791622800,2026-10-10T09:00:00Z,พัฒนานิคม,217,0.0,0.0,0.0,,,True
1791622800,2026-10-10T09:00:00Z,โคกสำโรง,180,0.0,0.0,0.0,,,True
1791622800,2026-10-10T09:00:00Z,หนองหญ้าไซ,108,0.0,0.0,0.0,,,True
1791622800,2026-10-10T09:00:00Z,ท่าช้าง,11,0.0,0.0,0.0,,,True
1791622800,2026-10-10T09:00:00Z,อินทร์บุรี,66,0.0,0.0,0.0,,,True
1791622800,2026-10-10T09:00:00Z,ค่ายบางระจัน,26,0.0,0.0,0.0,,,True
1791622800,2026-10-10T09:00:00Z,พรหมบุรี,19,0.0,0.0,0.0,,,True
1791622800,2026-10-10T09:00:00Z,เนินสง่า,65,0.0,0.0,0.0,,,True
1791622800,2026-10-10T09:00:00Z,เมืองสิงห์บุรี,31,0.0,0.0,0.0,,,True
1791622800,2026-10-10T09:00:00Z,ซับใหญ่,72,0.062,1.184,0.125,30,15,True
1791622800,2026-10-10T09:00:00Z,บางระจัน,46,0.0,0.0,0.0,,,True
1791622800,2026-10-10T09:00:00Z,ภูกระดึง,190,0.0,0.0,0.0,,,True
1791622800,2026-10-10T09:00:00Z,ภูหลวง,145,0.0,0.0,0.0,,,True
1791622800,2026-10-10T09:00:00Z,หนองหิน,78,0.0,0.0,0.0,,,True
1791622800,2026-10-10T09:00:00Z,ผาขาว,100,0.0,0.0,0.0,,,True
1791622800,2026-10-10T09:00:00Z,เอราวัณ,87,0.0,0.0,0.0,,,True
1791622800,2026-10-10T09:00:00Z,วังสะพุง,281,0.0,0.0,0.0,,,True
1791622800,2026-10-10T09:00:00Z,วังม่วง,70,0.0,0.0,0.0,,,True
1791622800,2026-10-10T09:00:00Z,เฉลิมพระเกียรติ,35,0.0,0.0,0.0,,,True
1791622800,2026-10-10T09:00:00Z,มวกเหล็ก,175,0.0,0.0,0.0,,,True
1791622800,2026-10-10T09:00:00Z,บ้านเขว้า,124,0.0,0.0,0.0,,,True
1791622800,2026-10-10T09:00:00Z,คอนสวรรค์,113,0.0,0.0,0.0,,,True
1791622800,2026-10-10T09:00:00Z,เมืองชัยภูมิ,358,0.0,0.0,0.0,,,True
1791622800,2026-10-10T09:00:00Z,วังทอง,425,0.0,0.0,0.0,,,True
1791622800,2026-10-10T09:00:00Z,เนินมะปราง,276,0.0,0.0,0.0,,,True
1791622800,2026-10-10T09:00:00Z,สวรรคโลก,156,0.0,0.0,0.0,,,True
1791622800,2026-10-10T09:00:00Z,ศรีนคร,46,0.0,0.0,0.0,,,True
1791622800,2026-10-10T09:00:00Z,หันคา,139,0.0,0.0,0.0,,,True
1791622800,2026-10-10T09:00:00Z,ศรีสัชนาลัย,534,0.035,2.59,0.0655,,15,True
1791622800,2026-10-10T09:00:00Z,หนองมะโมง,76,0.0,0.0,0.0,,,True
1791622800,2026-10-10T09:00:00Z,ศรีสำโรง,142,0.005,0.592,0.0141,,15,True
1791622800,2026-10-10T09:00:00Z,สรรพยา,55,0.0,0.0,0.0,,,True
1791622800,2026-10-10T09:00:00Z,คีรีมาศ,171,0.002,0.098,0.0234,,15,True
1791622800,2026-10-10T09:00:00Z,สรรคบุรี,89,0.0,0.0,0.0,,,True
1791622800,2026-10-10T09:00:00Z,กงไกรลาศ,108,0.0,0.0,0.0,,,True
1791622800,2026-10-10T09:00:00Z,มโนรมย์,66,0.0,0.0,0.0,,,True
1791622800,2026-10-10T09:00:00Z,เมืองสุโขทัย,136,0.0,0.0,0.0,,,True
1791622800,2026-10-10T09:00:00Z,วัดสิงห์,67,0.0,0.0,0.0,,,True
1791622800,2026-10-10T09:00:00Z,บ้านด่านลานหอย,231,0.268,1.742,0.3506,15,15,True
1791622800,2026-10-10T09:00:00Z,เมืองชัยนาท,70,0.0,0.0,0.0,,,True
1791622800,2026-10-10T09:00:00Z,เนินขาม,65,0.0,0.0,0.0,,,True
1791622800,2026-10-10T09:00:00Z,คอนสาร,334,0.0,0.0,0.0,,,True
1791622800,2026-10-10T09:00:00Z,ภักดีชุมพล,154,0.052,2.496,0.0714,,60,True
1791622800,2026-10-10T09:00:00Z,บ้านแท่น,76,0.0,0.0,0.0,,,True
1791622800,2026-10-10T09:00:00Z,แก้งคร้อ,168,0.0,0.0,0.0,,,True
1791622800,2026-10-10T09:00:00Z,ภูเขียว,201,0.0,0.0,0.0,,,True
1791622800,2026-10-10T09:00:00Z,หนองบัวระเหว,179,0.062,1.742,0.1229,30,15,True
1791622800,2026-10-10T09:00:00Z,เทพสถิต,239,0.098,1.261,0.1967,60,30,True
1791622800,2026-10-10T09:00:00Z,จัตุรัส,172,0.0,0.0,0.0,,,True
1791622800,2026-10-10T09:00:00Z,บำเหน็จณรงค์,120,0.0,0.0,0.0,,,True
1791622800,2026-10-10T09:00:00Z,เกษตรสมบูรณ์,268,0.0,0.098,0.0037,,15,True
1791622800,2026-10-10T09:00:00Z,หนองบัวแดง,537,0.002,0.098,0.0205,,30,True
1791622800,2026-10-10T09:00:00Z,ภูเรือ,168,0.0,0.0,0.0,,,True
1791622800,2026-10-10T09:00:00Z,ท่าลี่,171,0.0,0.0,0.0,,,True
1791622800,2026-10-10T09:00:00Z,วชิรบารมี,68,0.0,0.0,0.0,,,True
1791622800,2026-10-10T09:00:00Z,ด่านซ้าย,341,0.0,0.0,0.0,,,True
1791622800,2026-10-10T09:00:00Z,นาแห้ว,153,0.0,0.0,0.0,,,True
1791622800,2026-10-10T09:00:00Z,บึงนาราง,74,0.0,0.0,0.0,,,True
1791622800,2026-10-10T09:00:00Z,เชียงคาน,213,0.0,0.0,0.0,,,True
1791622800,2026-10-10T09:00:00Z,ดงเจริญ,56,0.0,0.0,0.0,,,True
1791622800,2026-10-10T09:00:00Z,ปากชม,240,0.0,0.0,0.0,,,True
1791622800,2026-10-10T09:00:00Z,เมืองเลย,314,0.0,0.0,0.0,,,True
1791622800,2026-10-10T09:00:00Z,นาด้วง,143,0.0,0.0,0.0,,,True
1791622800,2026-10-10T09:00:00Z,สากเหล็ก,45,0.0,0.0,0.0,,,True
1791622800,2026-10-10T09:00:00Z,สามง่าม,89,0.0,0.0,0.0,,,True
1791622800,2026-10-10T09:00:00Z,ทับคล้อ,104,0.0,0.0,0.0,,,True
1791622800,2026-10-10T09:00:00Z,พรหมพิราม,206,0.0,0.0,0.0,,,True
1791622800,2026-10-10T09:00:00Z,ด่านขุนทด,344,0.0,0.0,0.0,,,True
1791622800,2026-10-10T09:00:00Z,วัดโบสถ์,226,0.0,0.0,0.0,,,True
1791622800,2026-10-10T09:00:00Z,บางระกำ,246,0.0,0.0,0.0,,,True
1791622800,2026-10-10T09:00:00Z,บางกระทุ่ม,91,0.0,0.0,0.0,,,True
1791622800,2026-10-10T09:00:00Z,นครไทย,597,0.0,0.0,0.0,,,True
1791622800,2026-10-10T09:00:00Z,ชาติตระการ,415,0.0,0.0,0.0,,,True
1791622800,2026-10-10T09:00:00Z,บ้านเหลื่อม,55,0.0,0.0,0.0,,,True
1791622800,2026-10-10T09:00:00Z,เมืองพิษณุโลก,178,0.0,0.0,0.0,,,True
1791622800,2026-10-10T09:00:00Z,ชุมแสง,145,0.0,0.0,0.0,,,True
1791622800,2026-10-10T09:00:00Z,หนองบัว,208,0.0,0.0,0.0,,,True
1791622800,2026-10-10T09:00:00Z,เมืองนครสวรรค์,183,0.0,0.0,0.0,,,True
1791622800,2026-10-10T09:00:00Z,โกรกพระ,71,0.0,0.0,0.0,,,True
1791622800,2026-10-10T09:00:00Z,ไพศาลี,244,0.378,3.345,0.3607,45,15,True
1791622800,2026-10-10T09:00:00Z,ตาคลี,206,0.031,2.496,0.034,,120,True
1791622800,2026-10-10T09:00:00Z,ท่าตะโก,211,0.08,2.59,0.0758,,60,True
1791622800,2026-10-10T09:00:00Z,เขาค้อ,207,0.0,0.0,0.0,,,True
1791622800,2026-10-10T09:00:00Z,บรรพตพิสัย,181,0.0,0.0,0.0,,,True
1791622800,2026-10-10T09:00:00Z,เก้าเลี้ยว,57,0.0,0.0,0.0,,,True
1791622800,2026-10-10T09:00:00Z,วังโป่ง,123,0.0,0.0,0.0,,,True
1791622800,2026-10-10T09:00:00Z,บึงสามพัน,194,0.001,0.201,0.0052,,120,True
1791622800,2026-10-10T09:00:00Z,น้ำหนาว,231,0.0,0.0,0.0,,,True
1791622800,2026-10-10T09:00:00Z,ศรีเทพ,204,0.0,0.0,0.0,,,True
1791622800,2026-10-10T09:00:00Z,หนองไผ่,315,0.0,0.0,0.0,,,True
1791622800,2026-10-10T09:00:00Z,มหาราช,4,0.0,0.0,0.0,,,False
1791622800,2026-10-10T09:00:00Z,บ้านแพรก,10,0.0,0.0,0.0,,,True
1791622800,2026-10-10T09:00:00Z,บางมูลนาก,99,0.0,0.0,0.0,,,True
1791622800,2026-10-10T09:00:00Z,โพทะเล,131,0.0,0.0,0.0,,,True
1791622800,2026-10-10T09:00:00Z,โพธิ์ประทับช้าง,102,0.0,0.0,0.0,,,True
1791622800,2026-10-10T09:00:00Z,ตะพานหิน,109,0.0,0.0,0.0,,,True
1791622800,2026-10-10T09:00:00Z,เมืองพิจิตร,138,0.0,0.0,0.0,,,True
1791622800,2026-10-10T09:00:00Z,วังทรายพูน,66,0.0,0.0,0.0,,,True
