origin,utc,name,n_cells,mean_mm,max_mm,coverage,eta_area,eta_first,reliable
1790303400,2026-09-25T02:30:00Z,บ้านนา,1,0.0,0.0,0.0,,,False
1790303400,2026-09-25T02:30:00Z,บ้านแพรก,1,0.0,0.0,0.0,,,False
1790303400,2026-09-25T02:30:00Z,บ้านใหม่,2,0.0,0.0,0.0,,,False
1790303400,2026-09-25T02:30:00Z,สำพะเนียง,2,0.0,0.0,0.0,,,False
1790303400,2026-09-25T02:30:00Z,คลองน้อย,1,0.0,0.0,0.0,,,False
1790303400,2026-09-25T02:30:00Z,สองห้อง,4,0.0,0.0,0.0,,,False
1790303400,2026-09-25T02:30:00Z,ศาลาแดง,0,,,,,,False
1790303400,2026-09-25T02:30:00Z,ป่างิ้ว,2,0.0,0.0,0.0,,,False
1790303400,2026-09-25T02:30:00Z,ตลาดกรวด,2,0.0,0.0,0.0,,,False
1790303400,2026-09-25T02:30:00Z,บ้านรี,1,0.0,0.0,0.0,,,False
1790303400,2026-09-25T02:30:00Z,ย่านซื่อ,1,0.0,0.0,0.0,,,False
1790303400,2026-09-25T02:30:00Z,จรเข้ร้อง,2,0.0,0.0,0.0,,,False
1790303400,2026-09-25T02:30:00Z,ไชยภูมิ,2,0.0,0.0,0.0,,,False
1790303400,2026-09-25T02:30:00Z,ชัยฤทธิ์,3,0.0,0.0,0.0,,,False
1790303400,2026-09-25T02:30:00Z,เทวราช,3,0.033,0.098,0.3333,15,15,False
1790303400,2026-09-25T02:30:00Z,ราชสถิตย์,2,0.0,0.0,0.0,,,False
1790303400,2026-09-25T02:30:00Z,ไชโย,3,0.0,0.0,0.0,,,False
1790303400,2026-09-25T02:30:00Z,หลักฟ้า,2,0.0,0.0,0.0,,,False
1790303400,2026-09-25T02:30:00Z,ชะไว,1,0.0,0.0,0.0,,,False
1790303400,2026-09-25T02:30:00Z,ตรีณรงค์,1,0.0,0.0,0.0,,,False
1790303400,2026-09-25T02:30:00Z,อ่างแก้ว,2,0.0,0.0,0.0,,,False
1790303400,2026-09-25T02:30:00Z,อินทประมูล,4,0.0,0.0,0.0,,,False
1790303400,2026-09-25T02:30:00Z,บางพลับ,2,0.0,0.0,0.0,,,False
1790303400,2026-09-25T02:30:00Z,หนองแม่ไก่,4,0.0,0.0,0.0,,,False
1790303400,2026-09-25T02:30:00Z,รำมะสัก,9,0.0,0.0,0.0,,,True
1790303400,2026-09-25T02:30:00Z,บางระกำ,2,0.0,0.0,0.0,,,False
1790303400,2026-09-25T02:30:00Z,โพธิ์รังนก,2,0.0,0.0,0.0,,,False
1790303400,2026-09-25T02:30:00Z,องครักษ์,4,0.0,0.0,0.0,,,False
1790303400,2026-09-25T02:30:00Z,โคกพุทรา,3,0.0,0.0,0.0,,,False
1790303400,2026-09-25T02:30:00Z,ยางซ้าย,6,0.0,0.0,0.0,,,True
1790303400,2026-09-25T02:30:00Z,บ่อแร่,2,0.0,0.0,0.0,,,False
1790303400,2026-09-25T02:30:00Z,ทางพระ,3,0.0,0.0,0.0,,,False
1790303400,2026-09-25T02:30:00Z,สามง่าม,0,,,,,,False
1790303400,2026-09-25T02:30:00Z,บางเจ้าฉ่า,2,0.0,0.0,0.0,,,False
1790303400,2026-09-25T02:30:00Z,คำหยาด,4,0.0,0.0,0.0,,,False
1790303400,2026-09-25T02:30:00Z,แสวงหา,8,0.0,0.0,0.0,,,True
1790303400,2026-09-25T02:30:00Z,ศรีพราน,4,0.0,0.0,0.0,,,False
1790303400,2026-09-25T02:30:00Z,บ้านพราน,6,0.0,0.0,0.0,,,True
1790303400,2026-09-25T02:30:00Z,วังน้ำเย็น,7,0.0,0.0,0.0,,,True
1790303400,2026-09-25T02:30:00Z,สีบัวทอง,11,0.0,0.0,0.0,,,True
1790303400,2026-09-25T02:30:00Z,ห้วยไผ่,5,0.0,0.0,0.0,,,True
1790303400,2026-09-25T02:30:00Z,จำลอง,2,0.0,0.0,0.0,,,False
1790303400,2026-09-25T02:30:00Z,ไผ่จำศีล,0,,,,,,False
1790303400,2026-09-25T02:30:00Z,ศาลเจ้าโรงทอง,0,,,,,,False
1790303400,2026-09-25T02:30:00Z,ยี่ล้น,0,,,,,,False
1790303400,2026-09-25T02:30:00Z,ม่วงเตี้ย,7,0.0,0.0,0.0,,,True
1790303400,2026-09-25T02:30:00Z,สามโก้,3,0.0,0.0,0.0,,,False
1790303400,2026-09-25T02:30:00Z,ราษฎรพัฒนา,2,0.0,0.0,0.0,,,False
1790303400,2026-09-25T02:30:00Z,อบทม,1,0.0,0.0,0.0,,,False
1790303400,2026-09-25T02:30:00Z,มงคลธรรมนิมิต,4,0.0,0.0,0.0,,,False
1790303400,2026-09-25T02:30:00Z,ทะเลชุบศร,4,0.0,0.0,0.0,,,False
1790303400,2026-09-25T02:30:00Z,ท่าหิน,0,,,,,,False
1790303400,2026-09-25T02:30:00Z,กกโก,4,0.0,0.0,0.0,,,False
1790303400,2026-09-25T02:30:00Z,โก่งธนู,4,0.0,0.0,0.0,,,False
1790303400,2026-09-25T02:30:00Z,เขาพระงาม,31,0.0,0.0,0.0,,,True
1790303400,2026-09-25T02:30:00Z,เขาสามยอด,8,0.0,0.0,0.0,,,True
1790303400,2026-09-25T02:30:00Z,โคกกระเทียม,9,0.0,0.0,0.0,,,True
1790303400,2026-09-25T02:30:00Z,โคกลำพาน,5,0.0,0.0,0.0,,,True
1790303400,2026-09-25T02:30:00Z,โคกตูม,43,0.0,0.0,0.0,,,True
1790303400,2026-09-25T02:30:00Z,งิ้วราย,4,0.0,0.0,0.0,,,False
1790303400,2026-09-25T02:30:00Z,ดอนโพธิ์,5,0.0,0.0,0.0,,,True
1790303400,2026-09-25T02:30:00Z,ตะลุง,3,0.0,0.0,0.0,,,False
1790303400,2026-09-25T02:30:00Z,ท่าแค,6,0.0,0.0,0.0,,,True
1790303400,2026-09-25T02:30:00Z,ท่าศาลา,3,0.0,0.0,0.0,,,False
1790303400,2026-09-25T02:30:00Z,นิคมสร้างตนเอง,23,0.0,0.0,0.0,,,True
1790303400,2026-09-25T02:30:00Z,บางขันหมาก,7,0.0,0.0,0.0,,,True
1790303400,2026-09-25T02:30:00Z,บ้านข่อย,5,0.0,0.0,0.0,,,True
1790303400,2026-09-25T02:30:00Z,ท้ายตลาด,4,0.0,0.0,0.0,,,False
1790303400,2026-09-25T02:30:00Z,ป่าตาล,3,0.0,0.0,0.0,,,False
1790303400,2026-09-25T02:30:00Z,พรหมมาสตร์,3,0.0,0.0,0.0,,,False
1790303400,2026-09-25T02:30:00Z,โพธิ์เก้าต้น,5,0.0,0.0,0.0,,,True
1790303400,2026-09-25T02:30:00Z,โพธิ์ตรุ,5,0.0,0.0,0.0,,,True
1790303400,2026-09-25T02:30:00Z,สี่คลอง,4,0.0,0.0,0.0,,,False
1790303400,2026-09-25T02:30:00Z,ถนนใหญ่,2,0.0,0.0,0.0,,,False
1790303400,2026-09-25T02:30:00Z,พัฒนานิคม,31,0.0,0.0,0.0,,,True
1790303400,2026-09-25T02:30:00Z,ช่องสาริกา,24,0.0,0.0,0.0,,,True
1790303400,2026-09-25T02:30:00Z,มะนาวหวาน,19,0.0,0.0,0.0,,,True
1790303400,2026-09-25T02:30:00Z,ดีลัง,21,0.0,0.0,0.0,,,True
1790303400,2026-09-25T02:30:00Z,โคกสลุง,47,0.0,0.0,0.0,,,True
1790303400,2026-09-25T02:30:00Z,ชอนน้อย,10,0.0,0.0,0.0,,,True
1790303400,2026-09-25T02:30:00Z,หนองบัว,18,0.0,0.0,0.0,,,True
1790303400,2026-09-25T02:30:00Z,ห้วยขุนราม,28,0.0,0.0,0.0,,,True
1790303400,2026-09-25T02:30:00Z,น้ำสุด,19,0.0,0.0,0.0,,,True
1790303400,2026-09-25T02:30:00Z,โคกสำโรง,8,0.0,0.0,0.0,,,True
1790303400,2026-09-25T02:30:00Z,เกาะแก้ว,12,0.0,0.0,0.0,,,True
1790303400,2026-09-25T02:30:00Z,ถลุงเหล็ก,3,0.0,0.0,0.0,,,False
1790303400,2026-09-25T02:30:00Z,หลุมข้าว,8,0.0,0.0,0.0,,,True
1790303400,2026-09-25T02:30:00Z,ห้วยโป่ง,21,0.0,0.0,0.0,,,True
1790303400,2026-09-25T02:30:00Z,คลองเกตุ,30,0.0,0.0,0.0,,,True
1790303400,2026-09-25T02:30:00Z,สะแกราบ,13,0.0,0.0,0.0,,,True
1790303400,2026-09-25T02:30:00Z,เพนียด,20,0.0,0.0,0.0,,,True
1790303400,2026-09-25T02:30:00Z,วังเพลิง,25,0.0,0.0,0.0,,,True
1790303400,2026-09-25T02:30:00Z,ดงมะรุม,16,0.0,0.0,0.0,,,True
1790303400,2026-09-25T02:30:00Z,วังขอนขว้าง,6,0.0,0.0,0.0,,,True
1790303400,2026-09-25T02:30:00Z,วังจั่น,9,0.0,0.0,0.0,,,True
1790303400,2026-09-25T02:30:00Z,หนองแขม,9,0.0,0.0,0.0,,,True
1790303400,2026-09-25T02:30:00Z,ลำนารายณ์,6,0.0,0.0,0.0,,,True
1790303400,2026-09-25T02:30:00Z,ชัยนารายณ์,14,0.0,0.0,0.0,,,True
1790303400,2026-09-25T02:30:00Z,ศิลาทิพย์,25,0.0,0.0,0.0,,,True
1790303400,2026-09-25T02:30:00Z,ห้วยหิน,10,0.0,0.0,0.0,,,True
1790303400,2026-09-25T02:30:00Z,ม่วงค่อม,13,0.0,0.0,0.0,,,True
1790303400,2026-09-25T02:30:00Z,บัวชุม,31,0.0,0.0,0.0,,,True
1790303400,2026-09-25T02:30:00Z,ท่าดินดำ,13,0.0,0.0,0.0,,,True
1790303400,2026-09-25T02:30:00Z,มะกอกหวาน,5,0.0,0.0,0.0,,,True
1790303400,2026-09-25T02:30:00Z,ซับตะเคียน,22,0.0,0.0,0.0,,,True
1790303400,2026-09-25T02:30:00Z,นาโสม,6,0.0,0.0,0.0,,,True
1790303400,2026-09-25T02:30:00Z,หนองยายโต๊ะ,17,0.0,0.0,0.0,,,True
1790303400,2026-09-25T02:30:00Z,เกาะรัง,19,0.0,0.0,0.0,,,True
1790303400,2026-09-25T02:30:00Z,ท่ามะนาว,8,0.0,0.0,0.0,,,True
1790303400,2026-09-25T02:30:00Z,นิคมลำนารายณ์,19,0.0,0.0,0.0,,,True
1790303400,2026-09-25T02:30:00Z,ชัยบาดาล,8,0.0,0.0,0.0,,,True
1790303400,2026-09-25T02:30:00Z,บ้านใหม่สามัคคี,33,0.0,0.0,0.0,,,True
1790303400,2026-09-25T02:30:00Z,เขาแหลม,30,0.0,0.0,0.0,,,True
1790303400,2026-09-25T02:30:00Z,ท่าวุ้ง,4,0.0,0.0,0.0,,,False
1790303400,2026-09-25T02:30:00Z,บางคู้,4,0.0,0.0,0.0,,,False
1790303400,2026-09-25T02:30:00Z,โพตลาดแก้ว,4,0.0,0.0,0.0,,,False
1790303400,2026-09-25T02:30:00Z,บางลี่,12,0.0,0.0,0.0,,,True
1790303400,2026-09-25T02:30:00Z,บางงา,6,0.0,0.0,0.0,,,True
1790303400,2026-09-25T02:30:00Z,โคกสลุด,4,0.0,0.0,0.0,,,False
1790303400,2026-09-25T02:30:00Z,เขาสมอคอน,10,0.0,0.0,0.0,,,True
1790303400,2026-09-25T02:30:00Z,หัวสำโรง,7,0.0,0.0,0.0,,,True
1790303400,2026-09-25T02:30:00Z,ลาดสาลี,12,0.0,0.0,0.0,,,True
1790303400,2026-09-25T02:30:00Z,มุจลินท์,1,0.0,0.0,0.0,,,False
1790303400,2026-09-25T02:30:00Z,ไผ่ใหญ่,12,0.0,0.0,0.0,,,True
1790303400,2026-09-25T02:30:00Z,บ้านทราย,4,0.0,0.0,0.0,,,False
1790303400,2026-09-25T02:30:00Z,บ้านกล้วย,1,0.0,0.0,0.0,,,False
1790303400,2026-09-25T02:30:00Z,ดงพลับ,4,0.0,0.0,0.0,,,False
1790303400,2026-09-25T02:30:00Z,บ้านชี,7,0.0,0.0,0.0,,,True
1790303400,2026-09-25T02:30:00Z,พุคา,4,0.0,0.0,0.0,,,False
1790303400,2026-09-25T02:30:00Z,หินปัก,2,0.0,0.0,0.0,,,False
1790303400,2026-09-25T02:30:00Z,บางพึ่ง,7,0.0,0.0,0.0,,,True
1790303400,2026-09-25T02:30:00Z,หนองทรายขาว,7,0.0,0.0,0.0,,,True
1790303400,2026-09-25T02:30:00Z,บางกะพี้,4,0.0,0.0,0.0,,,False
1790303400,2026-09-25T02:30:00Z,หนองเต่า,8,0.0,0.0,0.0,,,True
1790303400,2026-09-25T02:30:00Z,โพนทอง,3,0.0,0.0,0.0,,,False
1790303400,2026-09-25T02:30:00Z,บางขาม,6,0.0,0.0,0.0,,,True
1790303400,2026-09-25T02:30:00Z,ดอนดึง,9,0.0,0.0,0.0,,,True
1790303400,2026-09-25T02:30:00Z,ชอนม่วง,12,0.0,0.0,0.0,,,True
1790303400,2026-09-25T02:30:00Z,หนองกระเบียน,10,0.0,0.0,0.0,,,True
1790303400,2026-09-25T02:30:00Z,สายห้วยแก้ว,7,0.0,0.0,0.0,,,True
1790303400,2026-09-25T02:30:00Z,มหาสอน,6,0.0,0.0,0.0,,,True
1790303400,2026-09-25T02:30:00Z,หนองเมือง,16,0.0,0.0,0.0,,,True
1790303400,2026-09-25T02:30:00Z,สนามแจง,7,0.0,0.0,0.0,,,True
1790303400,2026-09-25T02:30:00Z,ท่าหลวง,24,0.0,0.0,0.0,,,True
1790303400,2026-09-25T02:30:00Z,แก่งผักกูด,13,0.0,0.0,0.0,,,True
1790303400,2026-09-25T02:30:00Z,ซับจำปา,15,0.0,0.0,0.0,,,True
1790303400,2026-09-25T02:30:00Z,หนองผักแว่น,18,0.0,0.0,0.0,,,True
1790303400,2026-09-25T02:30:00Z,ทะเลวังวัด,10,0.0,0.0,0.0,,,True
1790303400,2026-09-25T02:30:00Z,หัวลำ,20,0.0,0.0,0.0,,,True
1790303400,2026-09-25T02:30:00Z,สระโบสถ์,17,0.0,0.0,0.0,,,True
1790303400,2026-09-25T02:30:00Z,มหาโพธิ,27,0.004,0.098,0.037,,105,True
1790303400,2026-09-25T02:30:00Z,ทุ่งท่าช้าง,3,0.0,0.0,0.0,,,False
1790303400,2026-09-25T02:30:00Z,ห้วยใหญ่,1,0.0,0.0,0.0,,,False
1790303400,2026-09-25T02:30:00Z,นิยมชัย,35,0.0,0.0,0.0,,,True
1790303400,2026-09-25T02:30:00Z,โคกเจริญ,38,0.018,0.201,0.1579,90,75,True
1790303400,2026-09-25T02:30:00Z,ยางราก,26,0.03,0.201,0.2692,60,60,True
1790303400,2026-09-25T02:30:00Z,หนองมะค่า,38,0.062,0.294,0.4737,90,90,True
1790303400,2026-09-25T02:30:00Z,วังทอง,16,0.018,0.098,0.1875,120,75,True
1790303400,2026-09-25T02:30:00Z,โคกแสมสาร,17,0.041,0.201,0.2941,75,75,True
1790303400,2026-09-25T02:30:00Z,ลำสนธิ,8,0.0,0.0,0.0,,,True
1790303400,2026-09-25T02:30:00Z,ซับสมบูรณ์,13,0.0,0.0,0.0,,,True
1790303400,2026-09-25T02:30:00Z,หนองรี,28,0.0,0.0,0.0,,,True
1790303400,2026-09-25T02:30:00Z,กุดตาเพชร,64,0.035,0.299,0.2188,45,30,True
1790303400,2026-09-25T02:30:00Z,เขารวก,10,0.0,0.0,0.0,,,True
1790303400,2026-09-25T02:30:00Z,เขาน้อย,13,0.0,0.0,0.0,,,True
1790303400,2026-09-25T02:30:00Z,หนองม่วง,9,0.0,0.0,0.0,,,True
1790303400,2026-09-25T02:30:00Z,บ่อทอง,21,0.033,0.201,0.2381,105,105,True
1790303400,2026-09-25T02:30:00Z,ดงดินแดง,26,0.004,0.098,0.0385,,105,True
1790303400,2026-09-25T02:30:00Z,ชอนสมบูรณ์,23,0.004,0.098,0.0435,,90,True
1790303400,2026-09-25T02:30:00Z,ยางโทน,11,0.009,0.098,0.0909,,120,True
1790303400,2026-09-25T02:30:00Z,ชอนสารเดช,21,0.0,0.0,0.0,,,True
1790303400,2026-09-25T02:30:00Z,บางพุทรา,1,0.0,0.0,0.0,,,False
1790303400,2026-09-25T02:30:00Z,บางมัญ,5,0.0,0.0,0.0,,,True
1790303400,2026-09-25T02:30:00Z,โพกรวม,4,0.0,0.0,0.0,,,False
1790303400,2026-09-25T02:30:00Z,ม่วงหมู่,3,0.0,0.0,0.0,,,False
1790303400,2026-09-25T02:30:00Z,หัวไผ่,6,0.0,0.0,0.0,,,True
1790303400,2026-09-25T02:30:00Z,ต้นโพธิ์,5,0.0,0.0,0.0,,,True
1790303400,2026-09-25T02:30:00Z,จักรสีห์,2,0.0,0.0,0.0,,,False
1790303400,2026-09-25T02:30:00Z,บางกระบือ,5,0.0,0.0,0.0,,,True
1790303400,2026-09-25T02:30:00Z,สิงห์,6,0.0,0.0,0.0,,,True
1790303400,2026-09-25T02:30:00Z,ไม้ดัด,7,0.0,0.0,0.0,,,True
1790303400,2026-09-25T02:30:00Z,เชิงกลัด,5,0.0,0.0,0.0,,,True
1790303400,2026-09-25T02:30:00Z,โพชนไก่,3,0.0,0.0,0.0,,,False
1790303400,2026-09-25T02:30:00Z,แม่ลา,5,0.0,0.0,0.0,,,True
1790303400,2026-09-25T02:30:00Z,บ้านจ่า,5,0.0,0.0,0.0,,,True
1790303400,2026-09-25T02:30:00Z,พักทัน,9,0.0,0.0,0.0,,,True
1790303400,2026-09-25T02:30:00Z,สระแจง,6,0.0,0.0,0.0,,,True
1790303400,2026-09-25T02:30:00Z,โพทะเล,5,0.0,0.0,0.0,,,True
1790303400,2026-09-25T02:30:00Z,บางระจัน,3,0.0,0.0,0.0,,,False
1790303400,2026-09-25T02:30:00Z,โพสังโฆ,4,0.0,0.0,0.0,,,False
1790303400,2026-09-25T02:30:00Z,ท่าข้าม,4,0.0,0.0,0.0,,,False
1790303400,2026-09-25T02:30:00Z,คอทราย,5,0.0,0.0,0.0,,,True
1790303400,2026-09-25T02:30:00Z,หนองกระทุ่ม,5,0.0,0.0,0.0,,,True
1790303400,2026-09-25T02:30:00Z,พระงาม,3,0.0,0.0,0.0,,,False
1790303400,2026-09-25T02:30:00Z,พรหมบุรี,2,0.0,0.0,0.0,,,False
1790303400,2026-09-25T02:30:00Z,บางน้ำเชี่ยว,3,0.0,0.0,0.0,,,False
1790303400,2026-09-25T02:30:00Z,บ้านหม้อ,4,0.0,0.0,0.0,,,False
1790303400,2026-09-25T02:30:00Z,บ้านแป้ง,1,0.0,0.0,0.0,,,False
1790303400,2026-09-25T02:30:00Z,หัวป่า,3,0.0,0.0,0.0,,,False
1790303400,2026-09-25T02:30:00Z,โรงช้าง,3,0.0,0.0,0.0,,,False
1790303400,2026-09-25T02:30:00Z,ถอนสมอ,3,0.0,0.0,0.0,,,False
1790303400,2026-09-25T02:30:00Z,โพประจักษ์,2,0.0,0.0,0.0,,,False
1790303400,2026-09-25T02:30:00Z,วิหารขาว,2,0.0,0.0,0.0,,,False
1790303400,2026-09-25T02:30:00Z,พิกุลทอง,4,0.0,0.0,0.0,,,False
1790303400,2026-09-25T02:30:00Z,อินทร์บุรี,2,0.0,0.0,0.0,,,False
1790303400,2026-09-25T02:30:00Z,ประศุก,5,0.0,0.0,0.0,,,True
1790303400,2026-09-25T02:30:00Z,ทับยา,6,0.0,0.0,0.0,,,True
1790303400,2026-09-25T02:30:00Z,งิ้วราย,7,0.0,0.0,0.0,,,True
1790303400,2026-09-25T02:30:00Z,ชีน้ำร้าย,6,0.0,0.0,0.0,,,True
1790303400,2026-09-25T02:30:00Z,ท่างาม,7,0.0,0.0,0.0,,,True
1790303400,2026-09-25T02:30:00Z,น้ำตาล,5,0.0,0.0,0.0,,,True
1790303400,2026-09-25T02:30:00Z,ทองเอน,11,0.0,0.0,0.0,,,True
1790303400,2026-09-25T02:30:00Z,ห้วยชัน,10,0.0,0.0,0.0,,,True
1790303400,2026-09-25T02:30:00Z,โพธิ์ชัย,8,0.0,0.0,0.0,,,True
1790303400,2026-09-25T02:30:00Z,ในเมือง,0,,,,,,False
1790303400,2026-09-25T02:30:00Z,บ้านกล้วย,5,0.0,0.0,0.0,,,True
1790303400,2026-09-25T02:30:00Z,ท่าชัย,10,0.0,0.0,0.0,,,True
1790303400,2026-09-25T02:30:00Z,ชัยนาท,6,0.0,0.0,0.0,,,True
1790303400,2026-09-25T02:30:00Z,เขาท่าพระ,9,0.0,0.0,0.0,,,True
1790303400,2026-09-25T02:30:00Z,หาดท่าเสา,4,0.0,0.0,0.0,,,False
1790303400,2026-09-25T02:30:00Z,ธรรมามูล,12,0.0,0.0,0.0,,,True
1790303400,2026-09-25T02:30:00Z,เสือโฮก,12,0.0,0.0,0.0,,,True
1790303400,2026-09-25T02:30:00Z,นางลือ,12,0.0,0.0,0.0,,,True
1790303400,2026-09-25T02:30:00Z,คุ้งสำเภา,7,0.0,0.0,0.0,,,True
1790303400,2026-09-25T02:30:00Z,วัดโคก,8,0.0,0.0,0.0,,,True
1790303400,2026-09-25T02:30:00Z,ศิลาดาน,6,0.0,0.0,0.0,,,True
1790303400,2026-09-25T02:30:00Z,ท่าฉนวน,12,0.0,0.0,0.0,,,True
1790303400,2026-09-25T02:30:00Z,หางน้ำสาคร,11,0.0,0.0,0.0,,,True
1790303400,2026-09-25T02:30:00Z,ไร่พัฒนา,13,0.0,0.0,0.0,,,True
1790303400,2026-09-25T02:30:00Z,อู่ตะเภา,10,0.0,0.0,0.0,,,True
1790303400,2026-09-25T02:30:00Z,วัดสิงห์,0,,,,,,False
1790303400,2026-09-25T02:30:00Z,มะขามเฒ่า,10,0.0,0.0,0.0,,,True
1790303400,2026-09-25T02:30:00Z,หนองน้อย,11,0.0,0.0,0.0,,,True
1790303400,2026-09-25T02:30:00Z,หนองบัว,4,0.0,0.0,0.0,,,False
1790303400,2026-09-25T02:30:00Z,หนองขุ่น,14,0.0,0.0,0.0,,,True
1790303400,2026-09-25T02:30:00Z,บ่อแร่,9,0.0,0.0,0.0,,,True
1790303400,2026-09-25T02:30:00Z,วังหมัน,19,0.0,0.0,0.0,,,True
1790303400,2026-09-25T02:30:00Z,สรรพยา,9,0.0,0.0,0.0,,,True
1790303400,2026-09-25T02:30:00Z,ตลุก,10,0.0,0.0,0.0,,,True
1790303400,2026-09-25T02:30:00Z,เขาแก้ว,10,0.0,0.0,0.0,,,True
1790303400,2026-09-25T02:30:00Z,โพนางดำตก,4,0.0,0.0,0.0,,,False
1790303400,2026-09-25T02:30:00Z,โพนางดำออก,6,0.0,0.0,0.0,,,True
1790303400,2026-09-25T02:30:00Z,บางหลวง,6,0.0,0.0,0.0,,,True
1790303400,2026-09-25T02:30:00Z,หาดอาษา,10,0.0,0.0,0.0,,,True
1790303400,2026-09-25T02:30:00Z,แพรกศรีราชา,21,0.0,0.0,0.0,,,True
1790303400,2026-09-25T02:30:00Z,เที่ยงแท้,9,0.0,0.0,0.0,,,True
1790303400,2026-09-25T02:30:00Z,ห้วยกรด,4,0.0,0.0,0.0,,,False
1790303400,2026-09-25T02:30:00Z,โพงาม,11,0.0,0.0,0.0,,,True
1790303400,2026-09-25T02:30:00Z,บางขุด,10,0.0,0.0,0.0,,,True
1790303400,2026-09-25T02:30:00Z,ดงคอน,21,0.0,0.0,0.0,,,True
1790303400,2026-09-25T02:30:00Z,ดอนกำ,4,0.0,0.0,0.0,,,False
1790303400,2026-09-25T02:30:00Z,ห้วยกรดพัฒนา,9,0.0,0.0,0.0,,,True
1790303400,2026-09-25T02:30:00Z,หันคา,15,0.0,0.0,0.0,,,True
1790303400,2026-09-25T02:30:00Z,บ้านเชี่ยน,14,0.0,0.0,0.0,,,True
1790303400,2026-09-25T02:30:00Z,ไพรนกยูง,31,0.0,0.0,0.0,,,True
1790303400,2026-09-25T02:30:00Z,หนองแซง,32,0.0,0.0,0.0,,,True
1790303400,2026-09-25T02:30:00Z,ห้วยงู,8,0.0,0.0,0.0,,,True
1790303400,2026-09-25T02:30:00Z,วังไก่เถื่อน,15,0.0,0.0,0.0,,,True
1790303400,2026-09-25T02:30:00Z,เด่นใหญ่,15,0.0,0.0,0.0,,,True
1790303400,2026-09-25T02:30:00Z,สามง่ามท่าโบสถ์,9,0.0,0.0,0.0,,,True
1790303400,2026-09-25T02:30:00Z,หนองมะโมง,20,0.0,0.0,0.0,,,True
1790303400,2026-09-25T02:30:00Z,วังตะเคียน,23,0.0,0.0,0.0,,,True
1790303400,2026-09-25T02:30:00Z,สะพานหิน,23,0.0,0.0,0.0,,,True
1790303400,2026-09-25T02:30:00Z,กุดจอก,10,0.0,0.0,0.0,,,True
1790303400,2026-09-25T02:30:00Z,เนินขาม,26,0.0,0.0,0.0,,,True
1790303400,2026-09-25T02:30:00Z,กะบกเตี้ย,21,0.0,0.0,0.0,,,True
1790303400,2026-09-25T02:30:00Z,สุขเดือนห้า,18,0.0,0.0,0.0,,,True
1790303400,2026-09-25T02:30:00Z,ท่าคล้อ,21,0.0,0.0,0.0,,,True
1790303400,2026-09-25T02:30:00Z,หินซ้อน,17,0.0,0.0,0.0,,,True
1790303400,2026-09-25T02:30:00Z,ตลาดน้อย,6,0.0,0.0,0.0,,,True
1790303400,2026-09-25T02:30:00Z,หรเทพ,5,0.0,0.0,0.0,,,True
1790303400,2026-09-25T02:30:00Z,ไผ่หลิ่ว,4,0.0,0.0,0.0,,,False
1790303400,2026-09-25T02:30:00Z,ดงตะงาว,3,0.0,0.0,0.0,,,False
1790303400,2026-09-25T02:30:00Z,หนองโดน,6,0.0,0.0,0.0,,,True
1790303400,2026-09-25T02:30:00Z,บ้านกลับ,8,0.0,0.0,0.0,,,True
1790303400,2026-09-25T02:30:00Z,ดอนทอง,5,0.0,0.0,0.0,,,True
1790303400,2026-09-25T02:30:00Z,บ้านโปร่ง,12,0.0,0.0,0.0,,,True
1790303400,2026-09-25T02:30:00Z,พระพุทธบาท,4,0.0,0.0,0.0,,,False
1790303400,2026-09-25T02:30:00Z,ขุนโขลน,3,0.0,0.0,0.0,,,False
1790303400,2026-09-25T02:30:00Z,ธารเกษม,9,0.0,0.0,0.0,,,True
1790303400,2026-09-25T02:30:00Z,นายาว,7,0.0,0.0,0.0,,,True
1790303400,2026-09-25T02:30:00Z,พุคำจาน,13,0.0,0.0,0.0,,,True
1790303400,2026-09-25T02:30:00Z,เขาวง,7,0.0,0.0,0.0,,,True
1790303400,2026-09-25T02:30:00Z,พุกร่าง,6,0.0,0.0,0.0,,,True
1790303400,2026-09-25T02:30:00Z,หนองย่างเสือ,41,0.0,0.0,0.0,,,True
1790303400,2026-09-25T02:30:00Z,ลำสมพุง,25,0.0,0.0,0.0,,,True
1790303400,2026-09-25T02:30:00Z,ลำพญากลาง,50,0.0,0.0,0.0,,,True
1790303400,2026-09-25T02:30:00Z,ซับสนุ่น,22,0.0,0.0,0.0,,,True
1790303400,2026-09-25T02:30:00Z,แสลงพัน,22,0.0,0.0,0.0,,,True
1790303400,2026-09-25T02:30:00Z,คำพราน,14,0.0,0.0,0.0,,,True
1790303400,2026-09-25T02:30:00Z,วังม่วง,34,0.0,0.0,0.0,,,True
1790303400,2026-09-25T02:30:00Z,หน้าพระลาน,16,0.0,0.0,0.0,,,True
1790303400,2026-09-25T02:30:00Z,บ้านเหลื่อม,9,0.0,0.0,0.0,,,True
1790303400,2026-09-25T02:30:00Z,วังโพธิ์,7,0.0,0.0,0.0,,,True
1790303400,2026-09-25T02:30:00Z,ช่อระกา,12,0.0,0.0,0.0,,,True
1790303400,2026-09-25T02:30:00Z,กุดพิมาน,17,0.0,0.0,0.0,,,True
1790303400,2026-09-25T02:30:00Z,ด่านขุนทด,14,0.0,0.0,0.0,,,True
1790303400,2026-09-25T02:30:00Z,ตะเคียน,34,0.0,0.0,0.0,,,True
1790303400,2026-09-25T02:30:00Z,บ้านเก่า,23,0.0,0.0,0.0,,,True
1790303400,2026-09-25T02:30:00Z,บ้านแปรง,14,0.0,0.0,0.0,,,True
1790303400,2026-09-25T02:30:00Z,พันชนะ,20,0.0,0.0,0.0,,,True
1790303400,2026-09-25T02:30:00Z,หนองกราด,39,0.0,0.0,0.0,,,True
1790303400,2026-09-25T02:30:00Z,หนองบัวตะเกียด,19,0.0,0.0,0.0,,,True
1790303400,2026-09-25T02:30:00Z,หนองบัวละคร,11,0.0,0.0,0.0,,,True
1790303400,2026-09-25T02:30:00Z,หินดาด,34,0.0,0.0,0.0,,,True
1790303400,2026-09-25T02:30:00Z,ห้วยบง,54,0.0,0.0,0.0,,,True
1790303400,2026-09-25T02:30:00Z,โนนเมืองพัฒนา,13,0.0,0.0,0.0,,,True
1790303400,2026-09-25T02:30:00Z,หนองไทร,10,0.0,0.0,0.0,,,True
1790303400,2026-09-25T02:30:00Z,กฤษณา,37,0.0,0.0,0.0,,,True
1790303400,2026-09-25T02:30:00Z,หนองหญ้าขาว,32,0.0,0.0,0.0,,,True
1790303400,2026-09-25T02:30:00Z,หนองน้ำใส,18,0.0,0.0,0.0,,,True
1790303400,2026-09-25T02:30:00Z,วังโรงใหญ่,25,0.0,0.0,0.0,,,True
1790303400,2026-09-25T02:30:00Z,ดอนเมือง,32,0.0,0.0,0.0,,,True
1790303400,2026-09-25T02:30:00Z,สีสุก,11,0.0,0.0,0.0,,,True
1790303400,2026-09-25T02:30:00Z,บึงสำโรง,12,0.0,0.0,0.0,,,True
1790303400,2026-09-25T02:30:00Z,สำนักตะคร้อ,24,0.0,0.0,0.0,,,True
1790303400,2026-09-25T02:30:00Z,หนองแวง,33,0.0,0.0,0.0,,,True
1790303400,2026-09-25T02:30:00Z,บึงปรือ,19,0.0,0.0,0.0,,,True
1790303400,2026-09-25T02:30:00Z,วังยายทอง,16,0.0,0.0,0.0,,,True
1790303400,2026-09-25T02:30:00Z,มาบกราด,12,0.0,0.0,0.0,,,True
1790303400,2026-09-25T02:30:00Z,ทัพรั้ง,32,0.0,0.0,0.0,,,True
1790303400,2026-09-25T02:30:00Z,ในเมือง,7,0.0,0.0,0.0,,,True
1790303400,2026-09-25T02:30:00Z,รอบเมือง,5,0.0,0.0,0.0,,,True
1790303400,2026-09-25T02:30:00Z,โพนทอง,17,0.0,0.0,0.0,,,True
1790303400,2026-09-25T02:30:00Z,นาฝาย,34,0.0,0.0,0.0,,,True
1790303400,2026-09-25T02:30:00Z,บ้านค่าย,7,0.0,0.0,0.0,,,True
1790303400,2026-09-25T02:30:00Z,กุดตุ้ม,21,0.0,0.0,0.0,,,True
1790303400,2026-09-25T02:30:00Z,ชีลอง,10,0.0,0.0,0.0,,,True
1790303400,2026-09-25T02:30:00Z,บ้านเล่า,9,0.0,0.0,0.0,,,True
1790303400,2026-09-25T02:30:00Z,นาเสียว,34,0.0,0.0,0.0,,,True
1790303400,2026-09-25T02:30:00Z,หนองนาแซง,5,0.0,0.0,0.0,,,True
1790303400,2026-09-25T02:30:00Z,ลาดใหญ่,14,0.0,0.0,0.0,,,True
1790303400,2026-09-25T02:30:00Z,หนองไผ่,20,0.0,0.0,0.0,,,True
1790303400,2026-09-25T02:30:00Z,ท่าหินโงม,25,0.0,0.0,0.0,,,True
1790303400,2026-09-25T02:30:00Z,ห้วยต้อน,49,0.0,0.0,0.0,,,True
1790303400,2026-09-25T02:30:00Z,ห้วยบง,13,0.0,0.0,0.0,,,True
1790303400,2026-09-25T02:30:00Z,โนนสำราญ,11,0.0,0.0,0.0,,,True
1790303400,2026-09-25T02:30:00Z,โคกสูง,23,0.0,0.0,0.0,,,True
1790303400,2026-09-25T02:30:00Z,บุ่งคล้า,13,0.0,0.0,0.0,,,True
1790303400,2026-09-25T02:30:00Z,ซับสีทอง,42,0.0,0.0,0.0,,,True
1790303400,2026-09-25T02:30:00Z,บ้านเขว้า,16,0.0,0.0,0.0,,,True
1790303400,2026-09-25T02:30:00Z,ตลาดแร้ง,28,0.0,0.0,0.0,,,True
1790303400,2026-09-25T02:30:00Z,ลุ่มลำชี,13,0.0,0.0,0.0,,,True
1790303400,2026-09-25T02:30:00Z,ชีบน,29,0.0,0.0,0.0,,,True
1790303400,2026-09-25T02:30:00Z,ภูแลนคา,33,0.0,0.0,0.0,,,True
1790303400,2026-09-25T02:30:00Z,โนนแดง,5,0.0,0.0,0.0,,,True
1790303400,2026-09-25T02:30:00Z,คอนสวรรค์,12,0.0,0.0,0.0,,,True
1790303400,2026-09-25T02:30:00Z,ช่องสามหมอ,9,0.0,0.0,0.0,,,True
1790303400,2026-09-25T02:30:00Z,โนนสะอาด,13,0.0,0.0,0.0,,,True
1790303400,2026-09-25T02:30:00Z,ห้วยไร่,24,0.0,0.0,0.0,,,True
1790303400,2026-09-25T02:30:00Z,บ้านโสก,13,0.0,0.0,0.0,,,True
1790303400,2026-09-25T02:30:00Z,โคกมั่งงอย,15,0.0,0.0,0.0,,,True
1790303400,2026-09-25T02:30:00Z,หนองขาม,10,0.0,0.0,0.0,,,True
1790303400,2026-09-25T02:30:00Z,ศรีสำราญ,11,0.0,0.0,0.0,,,True
1790303400,2026-09-25T02:30:00Z,บ้านยาง,16,0.0,0.0,0.0,,,True
1790303400,2026-09-25T02:30:00Z,บ้านหัน,26,0.0,0.0,0.0,,,True
1790303400,2026-09-25T02:30:00Z,บ้านเดื่อ,33,0.0,0.0,0.0,,,True
1790303400,2026-09-25T02:30:00Z,บ้านเป้า,18,0.0,0.0,0.0,,,True
1790303400,2026-09-25T02:30:00Z,กุดเลาะ,10,0.0,0.0,0.0,,,True
1790303400,2026-09-25T02:30:00Z,โนนกอก,21,0.0,0.0,0.0,,,True
1790303400,2026-09-25T02:30:00Z,สระโพนทอง,16,0.0,0.0,0.0,,,True
1790303400,2026-09-25T02:30:00Z,หนองข่า,19,0.0,0.0,0.0,,,True
1790303400,2026-09-25T02:30:00Z,หนองโพนงาม,53,0.0,0.0,0.0,,,True
1790303400,2026-09-25T02:30:00Z,บ้านบัว,10,0.0,0.0,0.0,,,True
1790303400,2026-09-25T02:30:00Z,โนนทอง,46,0.0,0.0,0.0,,,True
1790303400,2026-09-25T02:30:00Z,หนองบัวแดง,94,0.0,0.0,0.0,,,True
1790303400,2026-09-25T02:30:00Z,กุดชุมแสง,23,0.0,0.0,0.0,,,True
1790303400,2026-09-25T02:30:00Z,ถ้ำวัวแดง,48,0.0,0.0,0.0,,,True
1790303400,2026-09-25T02:30:00Z,นางแดด,195,0.0,0.0,0.0,,,True
1790303400,2026-09-25T02:30:00Z,หนองแวง,87,0.0,0.0,0.0,,,True
1790303400,2026-09-25T02:30:00Z,คูเมือง,27,0.0,0.0,0.0,,,True
1790303400,2026-09-25T02:30:00Z,ท่าใหญ่,30,0.0,0.0,0.0,,,True
1790303400,2026-09-25T02:30:00Z,วังชมภู,33,0.0,0.0,0.0,,,True
1790303400,2026-09-25T02:30:00Z,บ้านกอก,29,0.0,0.0,0.0,,,True
1790303400,2026-09-25T02:30:00Z,หนองบัวบาน,18,0.0,0.0,0.0,,,True
1790303400,2026-09-25T02:30:00Z,บ้านขาม,12,0.0,0.0,0.0,,,True
1790303400,2026-09-25T02:30:00Z,กุดน้ำใส,23,0.0,0.0,0.0,,,True
1790303400,2026-09-25T02:30:00Z,หนองโดน,17,0.0,0.0,0.0,,,True
1790303400,2026-09-25T02:30:00Z,ละหาน,20,0.0,0.0,0.0,,,True
1790303400,2026-09-25T02:30:00Z,หนองบัวใหญ่,14,0.0,0.0,0.0,,,True
1790303400,2026-09-25T02:30:00Z,หนองบัวโคก,20,0.0,0.0,0.0,,,True
1790303400,2026-09-25T02:30:00Z,ส้มป่อย,19,0.0,0.0,0.0,,,True
1790303400,2026-09-25T02:30:00Z,บ้านชวน,22,0.0,0.0,0.0,,,True
1790303400,2026-09-25T02:30:00Z,บ้านเพชร,14,0.0,0.0,0.0,,,True
1790303400,2026-09-25T02:30:00Z,บ้านตาล,7,0.0,0.0,0.0,,,True
1790303400,2026-09-25T02:30:00Z,หัวทะเล,19,0.0,0.0,0.0,,,True
1790303400,2026-09-25T02:30:00Z,โคกเริงรมย์,17,0.0,0.0,0.0,,,True
1790303400,2026-09-25T02:30:00Z,เกาะมะนาว,12,0.0,0.0,0.0,,,True
1790303400,2026-09-25T02:30:00Z,โคกเพชรพัฒนา,29,0.0,0.0,0.0,,,True
1790303400,2026-09-25T02:30:00Z,หนองบัวระเหว,8,0.0,0.0,0.0,,,True
1790303400,2026-09-25T02:30:00Z,วังตะเฆ่,73,0.02,0.288,0.1507,15,15,True
1790303400,2026-09-25T02:30:00Z,ห้วยแย้,47,0.0,0.0,0.0,,,True
1790303400,2026-09-25T02:30:00Z,โคกสะอาด,24,0.029,0.288,0.1667,15,15,True
1790303400,2026-09-25T02:30:00Z,โสกปลาดุก,27,0.0,0.0,0.0,,,True
1790303400,2026-09-25T02:30:00Z,วะตะแบก,56,0.0,0.0,0.0,,,True
1790303400,2026-09-25T02:30:00Z,ห้วยยายจิ๋ว,31,0.003,0.098,0.0323,,15,True
1790303400,2026-09-25T02:30:00Z,นายางกลัก,58,0.092,0.299,0.5,15,15,True
1790303400,2026-09-25T02:30:00Z,บ้านไร่,46,0.009,0.098,0.087,,30,True
1790303400,2026-09-25T02:30:00Z,โป่งนก,48,0.068,0.299,0.4583,15,15,True
1790303400,2026-09-25T02:30:00Z,ผักปัง,12,0.0,0.0,0.0,,,True
1790303400,2026-09-25T02:30:00Z,กวางโจน,22,0.0,0.0,0.0,,,True
1790303400,2026-09-25T02:30:00Z,หนองคอนไทย,13,0.0,0.0,0.0,,,True
1790303400,2026-09-25T02:30:00Z,บ้านแก้ง,30,0.0,0.0,0.0,,,True
1790303400,2026-09-25T02:30:00Z,กุดยม,12,0.0,0.0,0.0,,,True
1790303400,2026-09-25T02:30:00Z,บ้านเพชร,14,0.0,0.0,0.0,,,True
1790303400,2026-09-25T02:30:00Z,โคกสะอาด,15,0.0,0.0,0.0,,,True
1790303400,2026-09-25T02:30:00Z,หนองตูม,25,0.0,0.0,0.0,,,True
1790303400,2026-09-25T02:30:00Z,โอโล,15,0.0,0.0,0.0,,,True
1790303400,2026-09-25T02:30:00Z,ธาตุทอง,30,0.0,0.0,0.0,,,True
1790303400,2026-09-25T02:30:00Z,บ้านดอน,12,0.0,0.0,0.0,,,True
1790303400,2026-09-25T02:30:00Z,บ้านแท่น,16,0.0,0.0,0.0,,,True
1790303400,2026-09-25T02:30:00Z,สามสวน,22,0.0,0.0,0.0,,,True
1790303400,2026-09-25T02:30:00Z,สระพัง,9,0.0,0.0,0.0,,,True
1790303400,2026-09-25T02:30:00Z,บ้านเต่า,16,0.0,0.0,0.0,,,True
1790303400,2026-09-25T02:30:00Z,หนองคู,13,0.0,0.0,0.0,,,True
1790303400,2026-09-25T02:30:00Z,ช่องสามหมอ,12,0.0,0.0,0.0,,,True
1790303400,2026-09-25T02:30:00Z,หนองขาม,15,0.0,0.0,0.0,,,True
1790303400,2026-09-25T02:30:00Z,นาหนองทุ่ม,34,0.0,0.0,0.0,,,True
1790303400,2026-09-25T02:30:00Z,บ้านแก้ง,14,0.0,0.0,0.0,,,True
1790303400,2026-09-25T02:30:00Z,หนองสังข์,19,0.0,0.0,0.0,,,True
1790303400,2026-09-25T02:30:00Z,หลุบคา,14,0.0,0.0,0.0,,,True
1790303400,2026-09-25T02:30:00Z,โคกกุง,21,0.0,0.0,0.0,,,True
1790303400,2026-09-25T02:30:00Z,เก่าย่าดี,10,0.0,0.0,0.0,,,True
1790303400,2026-09-25T02:30:00Z,ท่ามะไฟหวาน,13,0.0,0.0,0.0,,,True
1790303400,2026-09-25T02:30:00Z,หนองไผ่,17,0.0,0.0,0.0,,,True
1790303400,2026-09-25T02:30:00Z,คอนสาร,3,0.0,0.0,0.0,,,False
1790303400,2026-09-25T02:30:00Z,ทุ่งพระ,55,0.0,0.0,0.0,,,True
1790303400,2026-09-25T02:30:00Z,โนนคูณ,17,0.0,0.0,0.0,,,True
1790303400,2026-09-25T02:30:00Z,ห้วยยาง,25,0.0,0.0,0.0,,,True
1790303400,2026-09-25T02:30:00Z,ทุ่งลุยลาย,199,0.0,0.0,0.0,,,True
1790303400,2026-09-25T02:30:00Z,ดงบัง,10,0.0,0.0,0.0,,,True
1790303400,2026-09-25T02:30:00Z,ทุ่งนาเลา,13,0.0,0.0,0.0,,,True
1790303400,2026-09-25T02:30:00Z,ดงกลาง,12,0.0,0.0,0.0,,,True
1790303400,2026-09-25T02:30:00Z,บ้านเจียง,43,0.0,0.0,0.0,,,True
1790303400,2026-09-25T02:30:00Z,เจาทอง,30,0.0,0.0,0.0,,,True
1790303400,2026-09-25T02:30:00Z,วังทอง,28,0.014,0.098,0.1429,45,45,True
1790303400,2026-09-25T02:30:00Z,แหลมทอง,53,0.0,0.0,0.0,,,True
1790303400,2026-09-25T02:30:00Z,หนองฉิม,21,0.0,0.0,0.0,,,True
1790303400,2026-09-25T02:30:00Z,ตาเนิน,11,0.0,0.0,0.0,,,True
1790303400,2026-09-25T02:30:00Z,กะฮาด,18,0.0,0.0,0.0,,,True
1790303400,2026-09-25T02:30:00Z,รังงาม,15,0.0,0.0,0.0,,,True
1790303400,2026-09-25T02:30:00Z,ซับใหญ่,30,0.0,0.0,0.0,,,True
1790303400,2026-09-25T02:30:00Z,ท่ากูบ,29,0.0,0.0,0.0,,,True
1790303400,2026-09-25T02:30:00Z,ตะโกทอง,13,0.0,0.0,0.0,,,True
1790303400,2026-09-25T02:30:00Z,หนองบัว,16,0.0,0.0,0.0,,,True
1790303400,2026-09-25T02:30:00Z,หนองภัยศูนย์,11,0.0,0.0,0.0,,,True
1790303400,2026-09-25T02:30:00Z,โพธิ์ชัย,12,0.0,0.0,0.0,,,True
1790303400,2026-09-25T02:30:00Z,หนองสวรรค์,9,0.0,0.0,0.0,,,True
1790303400,2026-09-25T02:30:00Z,หัวนา,26,0.0,0.0,0.0,,,True
1790303400,2026-09-25T02:30:00Z,บ้านขาม,9,0.0,0.0,0.0,,,True
1790303400,2026-09-25T02:30:00Z,นามะเฟือง,7,0.0,0.0,0.0,,,True
1790303400,2026-09-25T02:30:00Z,บ้านพร้าว,16,0.0,0.0,0.0,,,True
1790303400,2026-09-25T02:30:00Z,โนนขมิ้น,13,0.0,0.0,0.0,,,True
1790303400,2026-09-25T02:30:00Z,ลำภู,7,0.0,0.0,0.0,,,True
1790303400,2026-09-25T02:30:00Z,กุดจิก,29,0.0,0.0,0.0,,,True
1790303400,2026-09-25T02:30:00Z,นาคำไฮ,25,0.0,0.0,0.0,,,True
1790303400,2026-09-25T02:30:00Z,ป่าไม้งาม,16,0.0,0.0,0.0,,,True
1790303400,2026-09-25T02:30:00Z,หนองหว้า,15,0.0,0.0,0.0,,,True
1790303400,2026-09-25T02:30:00Z,นากลาง,11,0.0,0.0,0.0,,,True
1790303400,2026-09-25T02:30:00Z,ด่านช้าง,16,0.0,0.0,0.0,,,True
1790303400,2026-09-25T02:30:00Z,กุดดินจี่,21,0.0,0.0,0.0,,,True
1790303400,2026-09-25T02:30:00Z,ฝั่งแดง,30,0.0,0.0,0.0,,,True
1790303400,2026-09-25T02:30:00Z,เก่ากลอย,20,0.0,0.0,0.0,,,True
1790303400,2026-09-25T02:30:00Z,โนนเมือง,8,0.0,0.0,0.0,,,True
1790303400,2026-09-25T02:30:00Z,อุทัยสวรรค์,21,0.0,0.0,0.0,,,True
1790303400,2026-09-25T02:30:00Z,ดงสวรรค์,28,0.0,0.0,0.0,,,True
1790303400,2026-09-25T02:30:00Z,กุดแห่,18,0.0,0.0,0.0,,,True
1790303400,2026-09-25T02:30:00Z,หนองเรือ,4,0.0,0.0,0.0,,,False
1790303400,2026-09-25T02:30:00Z,โนนเมือง,13,0.0,0.0,0.0,,,True
1790303400,2026-09-25T02:30:00Z,โคกม่วง,34,0.0,0.0,0.0,,,True
1790303400,2026-09-25T02:30:00Z,เมืองใหม่,15,0.0,0.0,0.0,,,True
1790303400,2026-09-25T02:30:00Z,ศรีบุญเรือง,15,0.0,0.0,0.0,,,True
1790303400,2026-09-25T02:30:00Z,หนองบัวใต้,9,0.0,0.0,0.0,,,True
1790303400,2026-09-25T02:30:00Z,กุดสะเทียน,14,0.0,0.0,0.0,,,True
1790303400,2026-09-25T02:30:00Z,นากอก,26,0.0,0.0,0.0,,,True
1790303400,2026-09-25T02:30:00Z,โนนสะอาด,41,0.0,0.0,0.0,,,True
1790303400,2026-09-25T02:30:00Z,ยางหล่อ,18,0.0,0.0,0.0,,,True
1790303400,2026-09-25T02:30:00Z,โนนม่วง,27,0.0,0.0,0.0,,,True
1790303400,2026-09-25T02:30:00Z,หนองกุงแก้ว,19,0.0,0.0,0.0,,,True
1790303400,2026-09-25T02:30:00Z,หนองแก,16,0.0,0.0,0.0,,,True
1790303400,2026-09-25T02:30:00Z,ทรายทอง,16,0.0,0.0,0.0,,,True
1790303400,2026-09-25T02:30:00Z,หันนางาม,8,0.0,0.0,0.0,,,True
1790303400,2026-09-25T02:30:00Z,นาสี,15,0.0,0.0,0.0,,,True
1790303400,2026-09-25T02:30:00Z,บ้านโคก,25,0.0,0.0,0.0,,,True
1790303400,2026-09-25T02:30:00Z,นาดี,25,0.0,0.0,0.0,,,True
1790303400,2026-09-25T02:30:00Z,นาด่าน,19,0.0,0.0,0.0,,,True
1790303400,2026-09-25T02:30:00Z,ดงมะไฟ,24,0.0,0.0,0.0,,,True
1790303400,2026-09-25T02:30:00Z,สุวรรณคูหา,5,0.0,0.0,0.0,,,True
1790303400,2026-09-25T02:30:00Z,บุญทัน,19,0.0,0.0,0.0,,,True
1790303400,2026-09-25T02:30:00Z,กุดผึ้ง,8,0.0,0.0,0.0,,,True
1790303400,2026-09-25T02:30:00Z,นาเหล่า,10,0.0,0.0,0.0,,,True
1790303400,2026-09-25T02:30:00Z,นาแก,21,0.0,0.0,0.0,,,True
1790303400,2026-09-25T02:30:00Z,วังทอง,13,0.0,0.0,0.0,,,True
1790303400,2026-09-25T02:30:00Z,วังปลาป้อม,15,0.0,0.0,0.0,,,True
1790303400,2026-09-25T02:30:00Z,เทพคีรี,6,0.0,0.0,0.0,,,True
1790303400,2026-09-25T02:30:00Z,หนองเรือ,9,0.0,0.0,0.0,,,True
1790303400,2026-09-25T02:30:00Z,บ้านเม็ง,15,0.0,0.0,0.0,,,True
1790303400,2026-09-25T02:30:00Z,โนนทอง,20,0.0,0.0,0.0,,,True
1790303400,2026-09-25T02:30:00Z,กุดกว้าง,17,0.0,0.0,0.0,,,True
1790303400,2026-09-25T02:30:00Z,โนนทัน,11,0.0,0.0,0.0,,,True
1790303400,2026-09-25T02:30:00Z,โนนสะอาด,8,0.0,0.0,0.0,,,True
1790303400,2026-09-25T02:30:00Z,ชุมแพ,13,0.0,0.0,0.0,,,True
1790303400,2026-09-25T02:30:00Z,โนนหัน,6,0.0,0.0,0.0,,,True
1790303400,2026-09-25T02:30:00Z,นาหนองทุ่ม,43,0.0,0.0,0.0,,,True
1790303400,2026-09-25T02:30:00Z,โนนอุดม,6,0.0,0.0,0.0,,,True
1790303400,2026-09-25T02:30:00Z,ขัวเรียง,18,0.0,0.0,0.0,,,True
1790303400,2026-09-25T02:30:00Z,หนองไผ่,22,0.0,0.0,0.0,,,True
1790303400,2026-09-25T02:30:00Z,ไชยสอ,6,0.0,0.0,0.0,,,True
1790303400,2026-09-25T02:30:00Z,วังหินลาด,14,0.0,0.0,0.0,,,True
1790303400,2026-09-25T02:30:00Z,นาเพียง,8,0.0,0.0,0.0,,,True
1790303400,2026-09-25T02:30:00Z,หนองเขียด,19,0.0,0.0,0.0,,,True
1790303400,2026-09-25T02:30:00Z,หนองเสาเล้า,11,0.0,0.0,0.0,,,True
1790303400,2026-09-25T02:30:00Z,โนนสะอาด,7,0.0,0.0,0.0,,,True
1790303400,2026-09-25T02:30:00Z,สีชมพู,13,0.0,0.0,0.0,,,True
1790303400,2026-09-25T02:30:00Z,ศรีสุข,19,0.0,0.0,0.0,,,True
1790303400,2026-09-25T02:30:00Z,นาจาน,16,0.0,0.0,0.0,,,True
1790303400,2026-09-25T02:30:00Z,วังเพิ่ม,16,0.0,0.0,0.0,,,True
1790303400,2026-09-25T02:30:00Z,ซำยาง,8,0.0,0.0,0.0,,,True
1790303400,2026-09-25T02:30:00Z,หนองแดง,8,0.0,0.0,0.0,,,True
1790303400,2026-09-25T02:30:00Z,ดงลาน,11,0.0,0.0,0.0,,,True
1790303400,2026-09-25T02:30:00Z,บริบูรณ์,15,0.0,0.0,0.0,,,True
1790303400,2026-09-25T02:30:00Z,บ้านใหม่,18,0.0,0.0,0.0,,,True
1790303400,2026-09-25T02:30:00Z,ภูห่าน,8,0.0,0.0,0.0,,,True
1790303400,2026-09-25T02:30:00Z,บ้านเรือ,4,0.0,0.0,0.0,,,False
1790303400,2026-09-25T02:30:00Z,หว้าทอง,11,0.0,0.0,0.0,,,True
1790303400,2026-09-25T02:30:00Z,กุดขอนแก่น,4,0.0,0.0,0.0,,,False
1790303400,2026-09-25T02:30:00Z,นาชุมแสง,16,0.0,0.0,0.0,,,True
1790303400,2026-09-25T02:30:00Z,นาหว้า,1,0.0,0.0,0.0,,,False
1790303400,2026-09-25T02:30:00Z,หนองกุงธนสาร,21,0.0,0.0,0.0,,,True
1790303400,2026-09-25T02:30:00Z,สงเปือย,8,0.0,0.0,0.0,,,True
1790303400,2026-09-25T02:30:00Z,ทุ่งชมพู,2,0.0,0.0,0.0,,,False
1790303400,2026-09-25T02:30:00Z,ดินดำ,9,0.0,0.0,0.0,,,True
1790303400,2026-09-25T02:30:00Z,ภูเวียง,5,0.0,0.0,0.0,,,True
1790303400,2026-09-25T02:30:00Z,นางาม,28,0.0,0.0,0.0,,,True
1790303400,2026-09-25T02:30:00Z,โนนคอม,4,0.0,0.0,0.0,,,False
1790303400,2026-09-25T02:30:00Z,นาฝาย,6,0.0,0.0,0.0,,,True
1790303400,2026-09-25T02:30:00Z,ภูผาม่าน,10,0.0,0.0,0.0,,,True
1790303400,2026-09-25T02:30:00Z,วังสวาบ,31,0.0,0.0,0.0,,,True
1790303400,2026-09-25T02:30:00Z,ห้วยม่วง,23,0.0,0.0,0.0,,,True
1790303400,2026-09-25T02:30:00Z,บ้านโคก,18,0.0,0.0,0.0,,,True
1790303400,2026-09-25T02:30:00Z,ซับสมบูรณ์,15,0.0,0.0,0.0,,,True
1790303400,2026-09-25T02:30:00Z,กุดธาตุ,19,0.0,0.0,0.0,,,True
1790303400,2026-09-25T02:30:00Z,บ้านโคก,10,0.0,0.0,0.0,,,True
1790303400,2026-09-25T02:30:00Z,ขนวน,14,0.0,0.0,0.0,,,True
1790303400,2026-09-25T02:30:00Z,ในเมือง,41,0.0,0.0,0.0,,,True
1790303400,2026-09-25T02:30:00Z,เขาน้อย,13,0.0,0.0,0.0,,,True
1790303400,2026-09-25T02:30:00Z,เมืองเก่าพัฒนา,24,0.0,0.0,0.0,,,True
1790303400,2026-09-25T02:30:00Z,นางัว,13,0.0,0.0,0.0,,,True
1790303400,2026-09-25T02:30:00Z,น้ำโสม,52,0.0,0.0,0.0,,,True
1790303400,2026-09-25T02:30:00Z,หนองแวง,12,0.0,0.0,0.0,,,True
1790303400,2026-09-25T02:30:00Z,บ้านหยวก,23,0.0,0.0,0.0,,,True
1790303400,2026-09-25T02:30:00Z,โสมเยี่ยม,22,0.0,0.0,0.0,,,True
1790303400,2026-09-25T02:30:00Z,ศรีสำราญ,8,0.0,0.0,0.0,,,True
1790303400,2026-09-25T02:30:00Z,สามัคคี,23,0.0,0.0,0.0,,,True
1790303400,2026-09-25T02:30:00Z,บ้านก้อง,37,0.0,0.0,0.0,,,True
1790303400,2026-09-25T02:30:00Z,นาแค,50,0.0,0.0,0.0,,,True
1790303400,2026-09-25T02:30:00Z,กุดป่อง,5,0.0,0.0,0.0,,,True
1790303400,2026-09-25T02:30:00Z,เมือง,12,0.0,0.0,0.0,,,True
1790303400,2026-09-25T02:30:00Z,นาอ้อ,8,0.0,0.0,0.0,,,True
1790303400,2026-09-25T02:30:00Z,กกดู่,35,0.0,0.0,0.0,,,True
1790303400,2026-09-25T02:30:00Z,น้ำหมาน,15,0.0,0.0,0.0,,,True
1790303400,2026-09-25T02:30:00Z,เสี้ยว,28,0.0,0.0,0.0,,,True
1790303400,2026-09-25T02:30:00Z,นาอาน,16,0.0,0.0,0.0,,,True
1790303400,2026-09-25T02:30:00Z,นาโป่ง,26,0.0,0.0,0.0,,,True
1790303400,2026-09-25T02:30:00Z,นาดินดำ,31,0.0,0.0,0.0,,,True
1790303400,2026-09-25T02:30:00Z,น้ำสวย,53,0.0,0.0,0.0,,,True
1790303400,2026-09-25T02:30:00Z,ชัยพฤกษ์,17,0.0,0.0,0.0,,,True
1790303400,2026-09-25T02:30:00Z,นาแขม,22,0.0,0.0,0.0,,,True
1790303400,2026-09-25T02:30:00Z,ศรีสองรัก,30,0.0,0.0,0.0,,,True
1790303400,2026-09-25T02:30:00Z,กกทอง,16,0.0,0.0,0.0,,,True
1790303400,2026-09-25T02:30:00Z,นาด้วง,41,0.0,0.0,0.0,,,True
1790303400,2026-09-25T02:30:00Z,นาดอกคำ,77,0.0,0.0,0.0,,,True
1790303400,2026-09-25T02:30:00Z,ท่าสะอาด,14,0.0,0.0,0.0,,,True
1790303400,2026-09-25T02:30:00Z,ท่าสวรรค์,11,0.0,0.0,0.0,,,True
1790303400,2026-09-25T02:30:00Z,เชียงคาน,16,0.0,0.0,0.0,,,True
1790303400,2026-09-25T02:30:00Z,ธาตุ,40,0.0,0.0,0.0,,,True
1790303400,2026-09-25T02:30:00Z,นาซ่าว,22,0.0,0.0,0.0,,,True
1790303400,2026-09-25T02:30:00Z,เขาแก้ว,33,0.0,0.0,0.0,,,True
1790303400,2026-09-25T02:30:00Z,ปากตม,23,0.0,0.0,0.0,,,True
1790303400,2026-09-25T02:30:00Z,บุฮม,57,0.0,0.0,0.0,,,True
1790303400,2026-09-25T02:30:00Z,จอมศรี,9,0.0,0.0,0.0,,,True
1790303400,2026-09-25T02:30:00Z,หาดทรายขาว,13,0.0,0.0,0.0,,,True
1790303400,2026-09-25T02:30:00Z,ปากชม,43,0.0,0.0,0.0,,,True
1790303400,2026-09-25T02:30:00Z,เชียงกลม,56,0.0,0.0,0.0,,,True
1790303400,2026-09-25T02:30:00Z,หาดคัมภีร์,32,0.0,0.0,0.0,,,True
1790303400,2026-09-25T02:30:00Z,ห้วยบ่อซืน,40,0.0,0.0,0.0,,,True
1790303400,2026-09-25T02:30:00Z,ห้วยพิชัย,43,0.0,0.0,0.0,,,True
1790303400,2026-09-25T02:30:00Z,ชมเจริญ,26,0.0,0.0,0.0,,,True
1790303400,2026-09-25T02:30:00Z,ด่านซ้าย,32,0.0,0.0,0.0,,,True
1790303400,2026-09-25T02:30:00Z,ปากหมัน,20,0.0,0.0,0.0,,,True
1790303400,2026-09-25T02:30:00Z,นาดี,29,0.0,0.0,0.0,,,True
1790303400,2026-09-25T02:30:00Z,โคกงาม,31,0.0,0.0,0.0,,,True
1790303400,2026-09-25T02:30:00Z,โพนสูง,25,0.0,0.0,0.0,,,True
1790303400,2026-09-25T02:30:00Z,อิปุ่ม,35,0.0,0.0,0.0,,,True
1790303400,2026-09-25T02:30:00Z,กกสะทอน,56,0.0,0.0,0.0,,,True
1790303400,2026-09-25T02:30:00Z,โป่ง,39,0.0,0.0,0.0,,,True
1790303400,2026-09-25T02:30:00Z,วังยาว,65,0.0,0.0,0.0,,,True
1790303400,2026-09-25T02:30:00Z,นาหอ,9,0.0,0.0,0.0,,,True
1790303400,2026-09-25T02:30:00Z,นาแห้ว,26,0.0,0.0,0.0,,,True
1790303400,2026-09-25T02:30:00Z,แสงภา,30,0.0,0.0,0.0,,,True
1790303400,2026-09-25T02:30:00Z,นาพึง,29,0.0,0.0,0.0,,,True
1790303400,2026-09-25T02:30:00Z,นามาลา,42,0.0,0.0,0.0,,,True
1790303400,2026-09-25T02:30:00Z,เหล่ากอหก,26,0.0,0.0,0.0,,,True
1790303400,2026-09-25T02:30:00Z,หนองบัว,22,0.0,0.0,0.0,,,True
1790303400,2026-09-25T02:30:00Z,ท่าศาลา,32,0.0,0.0,0.0,,,True
1790303400,2026-09-25T02:30:00Z,ร่องจิก,29,0.0,0.0,0.0,,,True
1790303400,2026-09-25T02:30:00Z,ปลาบ่า,41,0.0,0.0,0.0,,,True
1790303400,2026-09-25T02:30:00Z,ลาดค่าง,25,0.0,0.0,0.0,,,True
1790303400,2026-09-25T02:30:00Z,สานตม,19,0.0,0.0,0.0,,,True
1790303400,2026-09-25T02:30:00Z,ท่าลี่,43,0.0,0.0,0.0,,,True
1790303400,2026-09-25T02:30:00Z,หนองผือ,26,0.0,0.0,0.0,,,True
1790303400,2026-09-25T02:30:00Z,อาฮี,16,0.0,0.0,0.0,,,True
1790303400,2026-09-25T02:30:00Z,น้ำแคม,42,0.0,0.0,0.0,,,True
1790303400,2026-09-25T02:30:00Z,โคกใหญ่,19,0.0,0.0,0.0,,,True
1790303400,2026-09-25T02:30:00Z,น้ำทูน,25,0.0,0.0,0.0,,,True
1790303400,2026-09-25T02:30:00Z,วังสะพุง,8,0.0,0.0,0.0,,,True
1790303400,2026-09-25T02:30:00Z,ทรายขาว,72,0.0,0.0,0.0,,,True
1790303400,2026-09-25T02:30:00Z,หนองหญ้าปล้อง,31,0.0,0.0,0.0,,,True
1790303400,2026-09-25T02:30:00Z,หนองงิ้ว,31,0.0,0.0,0.0,,,True
1790303400,2026-09-25T02:30:00Z,ปากปวน,10,0.0,0.0,0.0,,,True
1790303400,2026-09-25T02:30:00Z,ผาน้อย,29,0.0,0.0,0.0,,,True
1790303400,2026-09-25T02:30:00Z,ผาบิ้ง,13,0.0,0.0,0.0,,,True
1790303400,2026-09-25T02:30:00Z,เขาหลวง,39,0.0,0.0,0.0,,,True
1790303400,2026-09-25T02:30:00Z,โคกขมิ้น,28,0.0,0.0,0.0,,,True
1790303400,2026-09-25T02:30:00Z,ศรีสงคราม,20,0.0,0.0,0.0,,,True
1790303400,2026-09-25T02:30:00Z,ศรีฐาน,107,0.0,0.0,0.0,,,True
1790303400,2026-09-25T02:30:00Z,ผานกเค้า,32,0.0,0.0,0.0,,,True
1790303400,2026-09-25T02:30:00Z,ภูกระดึง,35,0.0,0.0,0.0,,,True
1790303400,2026-09-25T02:30:00Z,ห้วยส้ม,16,0.0,0.0,0.0,,,True
1790303400,2026-09-25T02:30:00Z,ภูหอ,28,0.0,0.0,0.0,,,True
1790303400,2026-09-25T02:30:00Z,หนองคัน,9,0.0,0.0,0.0,,,True
1790303400,2026-09-25T02:30:00Z,ห้วยสีเสียด,23,0.0,0.0,0.0,,,True
1790303400,2026-09-25T02:30:00Z,เลยวังไสย์,59,0.0,0.0,0.0,,,True
1790303400,2026-09-25T02:30:00Z,แก่งศรีภูมิ,26,0.0,0.0,0.0,,,True
1790303400,2026-09-25T02:30:00Z,ผาขาว,23,0.0,0.0,0.0,,,True
1790303400,2026-09-25T02:30:00Z,ท่าช้างคล้อง,20,0.0,0.0,0.0,,,True
1790303400,2026-09-25T02:30:00Z,โนนปอแดง,28,0.0,0.0,0.0,,,True
1790303400,2026-09-25T02:30:00Z,โนนป่าซาง,15,0.0,0.0,0.0,,,True
1790303400,2026-09-25T02:30:00Z,บ้านเพิ่ม,14,0.0,0.0,0.0,,,True
1790303400,2026-09-25T02:30:00Z,เอราวัณ,19,0.0,0.0,0.0,,,True
1790303400,2026-09-25T02:30:00Z,ผาอินทร์แปลง,28,0.0,0.0,0.0,,,True
1790303400,2026-09-25T02:30:00Z,ผาสามยอด,23,0.0,0.0,0.0,,,True
1790303400,2026-09-25T02:30:00Z,ทรัพย์ไพวัลย์,17,0.0,0.0,0.0,,,True
1790303400,2026-09-25T02:30:00Z,หนองหิน,21,0.0,0.0,0.0,,,True
1790303400,2026-09-25T02:30:00Z,ตาดข่า,16,0.0,0.0,0.0,,,True
1790303400,2026-09-25T02:30:00Z,ปวนพุ,41,0.0,0.0,0.0,,,True
1790303400,2026-09-25T02:30:00Z,สบเตี๊ยะ,16,0.0,0.0,0.0,,,True
1790303400,2026-09-25T02:30:00Z,บ้านแปะ,69,0.0,0.0,0.0,,,True
1790303400,2026-09-25T02:30:00Z,แม่สอย,54,0.0,0.0,0.0,,,True
1790303400,2026-09-25T02:30:00Z,ท่าวังพร้าว,2,0.0,0.0,0.0,,,False
1790303400,2026-09-25T02:30:00Z,แม่ก๊า,4,0.0,0.0,0.0,,,False
1790303400,2026-09-25T02:30:00Z,ออนใต้,21,0.0,0.0,0.0,,,True
1790303400,2026-09-25T02:30:00Z,หางดง,56,0.0,0.0,0.0,,,True
1790303400,2026-09-25T02:30:00Z,ฮอด,14,0.0,0.0,0.0,,,True
1790303400,2026-09-25T02:30:00Z,บ้านตาล,72,0.0,0.0,0.0,,,True
1790303400,2026-09-25T02:30:00Z,บ่อหลวง,104,0.0,0.0,0.0,,,True
1790303400,2026-09-25T02:30:00Z,นาคอเรือ,71,0.0,0.0,0.0,,,True
1790303400,2026-09-25T02:30:00Z,ดอยเต่า,23,0.0,0.0,0.0,,,True
1790303400,2026-09-25T02:30:00Z,ท่าเดื่อ,28,0.0,0.0,0.0,,,True
1790303400,2026-09-25T02:30:00Z,มืดกา,90,0.0,0.0,0.0,,,True
1790303400,2026-09-25T02:30:00Z,บ้านแอ่น,5,0.0,0.0,0.0,,,True
1790303400,2026-09-25T02:30:00Z,บงตัน,14,0.0,0.0,0.0,,,True
1790303400,2026-09-25T02:30:00Z,โปงทุ่ง,53,0.0,0.0,0.0,,,True
1790303400,2026-09-25T02:30:00Z,อมก๋อย,153,0.0,0.0,0.0,,,True
1790303400,2026-09-25T02:30:00Z,ยางเปียง,176,0.0,0.0,0.0,,,True
1790303400,2026-09-25T02:30:00Z,แม่ตื่น,115,0.0,0.0,0.0,,,True
1790303400,2026-09-25T02:30:00Z,ม่อนจอง,68,0.0,0.0,0.0,,,True
1790303400,2026-09-25T02:30:00Z,สบโขง,90,0.0,0.0,0.0,,,True
1790303400,2026-09-25T02:30:00Z,นาเกียน,102,0.0,0.0,0.0,,,True
1790303400,2026-09-25T02:30:00Z,ออนเหนือ,22,0.0,0.0,0.0,,,True
1790303400,2026-09-25T02:30:00Z,ออนกลาง,7,0.0,0.0,0.0,,,True
1790303400,2026-09-25T02:30:00Z,แม่ทา,27,0.0,0.0,0.0,,,True
1790303400,2026-09-25T02:30:00Z,ทาเหนือ,27,0.0,0.0,0.0,,,True
1790303400,2026-09-25T02:30:00Z,ดอยหล่อ,24,0.0,0.0,0.0,,,True
1790303400,2026-09-25T02:30:00Z,ในเมือง,2,0.0,0.0,0.0,,,False
1790303400,2026-09-25T02:30:00Z,เหมืองง่า,3,0.0,0.0,0.0,,,False
1790303400,2026-09-25T02:30:00Z,อุโมงค์,5,0.0,0.0,0.0,,,True
1790303400,2026-09-25T02:30:00Z,ริมปิง,2,0.0,0.0,0.0,,,False
1790303400,2026-09-25T02:30:00Z,ต้นธง,4,0.0,0.0,0.0,,,False
1790303400,2026-09-25T02:30:00Z,บ้านแป้น,4,0.0,0.0,0.0,,,False
1790303400,2026-09-25T02:30:00Z,เหมืองจี้,7,0.0,0.0,0.0,,,True
1790303400,2026-09-25T02:30:00Z,ป่าสัก,13,0.0,0.0,0.0,,,True
1790303400,2026-09-25T02:30:00Z,เวียงยอง,5,0.0,0.0,0.0,,,True
1790303400,2026-09-25T02:30:00Z,บ้านกลาง,6,0.0,0.0,0.0,,,True
1790303400,2026-09-25T02:30:00Z,มะเขือแจ้,28,0.0,0.0,0.0,,,True
1790303400,2026-09-25T02:30:00Z,ศรีบัวบาน,27,0.0,0.0,0.0,,,True
1790303400,2026-09-25T02:30:00Z,หนองหนาม,5,0.0,0.0,0.0,,,True
1790303400,2026-09-25T02:30:00Z,ทาปลาดุก,36,0.0,0.0,0.0,,,True
1790303400,2026-09-25T02:30:00Z,ทาสบเส้า,45,0.0,0.0,0.0,,,True
1790303400,2026-09-25T02:30:00Z,ทากาศ,47,0.0,0.0,0.0,,,True
1790303400,2026-09-25T02:30:00Z,ทาขุมเงิน,25,0.0,0.0,0.0,,,True
1790303400,2026-09-25T02:30:00Z,ทาทุ่งหลวง,8,0.0,0.0,0.0,,,True
1790303400,2026-09-25T02:30:00Z,ทาแม่ลอบ,31,0.0,0.0,0.0,,,True
1790303400,2026-09-25T02:30:00Z,บ้านโฮ่ง,21,0.0,0.0,0.0,,,True
1790303400,2026-09-25T02:30:00Z,ป่าพลู,67,0.0,0.0,0.0,,,True
1790303400,2026-09-25T02:30:00Z,เหล่ายาว,12,0.0,0.0,0.0,,,True
1790303400,2026-09-25T02:30:00Z,ศรีเตี้ย,8,0.0,0.0,0.0,,,True
1790303400,2026-09-25T02:30:00Z,หนองปลาสะวาย,16,0.0,0.0,0.0,,,True
1790303400,2026-09-25T02:30:00Z,ลี้,39,0.0,0.0,0.0,,,True
1790303400,2026-09-25T02:30:00Z,แม่ตืน,63,0.0,0.0,0.0,,,True
1790303400,2026-09-25T02:30:00Z,นาทราย,52,0.0,0.0,0.0,,,True
1790303400,2026-09-25T02:30:00Z,ดงดำ,21,0.0,0.0,0.0,,,True
1790303400,2026-09-25T02:30:00Z,ก้อ,134,0.0,0.0,0.0,,,True
1790303400,2026-09-25T02:30:00Z,แม่ลาน,45,0.0,0.0,0.0,,,True
1790303400,2026-09-25T02:30:00Z,ป่าไผ่,34,0.0,0.0,0.0,,,True
1790303400,2026-09-25T02:30:00Z,ศรีวิชัย,66,0.0,0.0,0.0,,,True
1790303400,2026-09-25T02:30:00Z,ทุ่งหัวช้าง,30,0.0,0.0,0.0,,,True
1790303400,2026-09-25T02:30:00Z,บ้านปวง,47,0.0,0.0,0.0,,,True
1790303400,2026-09-25T02:30:00Z,ตะเคียนปม,36,0.0,0.0,0.0,,,True
1790303400,2026-09-25T02:30:00Z,ปากบ่อง,1,0.0,0.0,0.0,,,False
1790303400,2026-09-25T02:30:00Z,ป่าซาง,1,0.0,0.0,0.0,,,False
1790303400,2026-09-25T02:30:00Z,แม่แรง,5,0.0,0.0,0.0,,,True
1790303400,2026-09-25T02:30:00Z,ม่วงน้อย,3,0.0,0.0,0.0,,,False
1790303400,2026-09-25T02:30:00Z,บ้านเรือน,1,0.0,0.0,0.0,,,False
1790303400,2026-09-25T02:30:00Z,มะกอก,5,0.0,0.0,0.0,,,True
1790303400,2026-09-25T02:30:00Z,ท่าตุ้ม,7,0.0,0.0,0.0,,,True
1790303400,2026-09-25T02:30:00Z,น้ำดิบ,15,0.0,0.0,0.0,,,True
1790303400,2026-09-25T02:30:00Z,นครเจดีย์,36,0.0,0.0,0.0,,,True
1790303400,2026-09-25T02:30:00Z,บ้านธิ,23,0.0,0.0,0.0,,,True
1790303400,2026-09-25T02:30:00Z,ห้วยยาบ,11,0.0,0.0,0.0,,,True
1790303400,2026-09-25T02:30:00Z,หนองล่อง,6,0.0,0.0,0.0,,,True
1790303400,2026-09-25T02:30:00Z,หนองยวง,4,0.0,0.0,0.0,,,False
1790303400,2026-09-25T02:30:00Z,วังผาง,4,0.0,0.0,0.0,,,False
1790303400,2026-09-25T02:30:00Z,เวียงเหนือ,2,0.0,0.0,0.0,,,False
1790303400,2026-09-25T02:30:00Z,พระบาท,23,0.0,0.0,0.0,,,True
1790303400,2026-09-25T02:30:00Z,ชมพู,7,0.0,0.0,0.0,,,True
1790303400,2026-09-25T02:30:00Z,กล้วยแพะ,8,0.0,0.0,0.0,,,True
1790303400,2026-09-25T02:30:00Z,ปงแสนทอง,8,0.0,0.0,0.0,,,True
1790303400,2026-09-25T02:30:00Z,บ้านแลง,54,0.0,0.0,0.0,,,True
1790303400,2026-09-25T02:30:00Z,บ้านเสด็จ,23,0.0,0.0,0.0,,,True
1790303400,2026-09-25T02:30:00Z,พิชัย,23,0.0,0.0,0.0,,,True
1790303400,2026-09-25T02:30:00Z,ทุ่งฝาย,5,0.0,0.0,0.0,,,True
1790303400,2026-09-25T02:30:00Z,บ้านเอื้อม,47,0.0,0.0,0.0,,,True
1790303400,2026-09-25T02:30:00Z,บ้านเป้า,12,0.0,0.0,0.0,,,True
1790303400,2026-09-25T02:30:00Z,บ้านค่า,31,0.0,0.0,0.0,,,True
1790303400,2026-09-25T02:30:00Z,บ่อแฮ้ว,6,0.0,0.0,0.0,,,True
1790303400,2026-09-25T02:30:00Z,ต้นธงชัย,14,0.0,0.0,0.0,,,True
1790303400,2026-09-25T02:30:00Z,นิคมพัฒนา,22,0.0,0.0,0.0,,,True
1790303400,2026-09-25T02:30:00Z,บุญนาคพัฒนา,15,0.0,0.0,0.0,,,True
1790303400,2026-09-25T02:30:00Z,บ้านดง,69,0.0,0.0,0.0,,,True
1790303400,2026-09-25T02:30:00Z,นาสัก,43,0.0,0.0,0.0,,,True
1790303400,2026-09-25T02:30:00Z,จางเหนือ,96,0.0,0.0,0.0,,,True
1790303400,2026-09-25T02:30:00Z,แม่เมาะ,41,0.0,0.0,0.0,,,True
1790303400,2026-09-25T02:30:00Z,สบป้าน,34,0.0,0.0,0.0,,,True
1790303400,2026-09-25T02:30:00Z,ลำปางหลวง,6,0.0,0.0,0.0,,,True
1790303400,2026-09-25T02:30:00Z,นาแก้ว,26,0.0,0.0,0.0,,,True
1790303400,2026-09-25T02:30:00Z,ไหล่หิน,24,0.0,0.0,0.0,,,True
1790303400,2026-09-25T02:30:00Z,วังพร้าว,7,0.0,0.0,0.0,,,True
1790303400,2026-09-25T02:30:00Z,ศาลา,5,0.0,0.0,0.0,,,True
1790303400,2026-09-25T02:30:00Z,เกาะคา,8,0.0,0.0,0.0,,,True
1790303400,2026-09-25T02:30:00Z,นาแส่ง,34,0.0,0.0,0.0,,,True
1790303400,2026-09-25T02:30:00Z,ท่าผา,3,0.0,0.0,0.0,,,False
1790303400,2026-09-25T02:30:00Z,ใหม่พัฒนา,15,0.0,0.0,0.0,,,True
1790303400,2026-09-25T02:30:00Z,ทุ่งงาม,21,0.0,0.0,0.0,,,True
1790303400,2026-09-25T02:30:00Z,เสริมขวา,63,0.0,0.0,0.0,,,True
1790303400,2026-09-25T02:30:00Z,เสริมซ้าย,56,0.0,0.0,0.0,,,True
1790303400,2026-09-25T02:30:00Z,เสริมกลาง,45,0.0,0.0,0.0,,,True
1790303400,2026-09-25T02:30:00Z,หลวงเหนือ,1,0.0,0.0,0.0,,,False
1790303400,2026-09-25T02:30:00Z,หลวงใต้,7,0.0,0.0,0.0,,,True
1790303400,2026-09-25T02:30:00Z,บ้านโป่ง,23,0.0,0.0,0.0,,,True
1790303400,2026-09-25T02:30:00Z,บ้านร้อง,41,0.0,0.0,0.0,,,True
1790303400,2026-09-25T02:30:00Z,ปงเตา,34,0.0,0.0,0.0,,,True
1790303400,2026-09-25T02:30:00Z,นาแก,20,0.0,0.0,0.0,,,True
1790303400,2026-09-25T02:30:00Z,บ้านอ้อน,36,0.0,0.0,0.0,,,True
1790303400,2026-09-25T02:30:00Z,บ้านแหง,41,0.0,0.0,0.0,,,True
1790303400,2026-09-25T02:30:00Z,บ้านหวด,79,0.0,0.0,0.0,,,True
1790303400,2026-09-25T02:30:00Z,แม่ตีบ,62,0.0,0.0,0.0,,,True
1790303400,2026-09-25T02:30:00Z,แจ้ห่ม,26,0.0,0.0,0.0,,,True
1790303400,2026-09-25T02:30:00Z,บ้านสา,48,0.0,0.0,0.0,,,True
1790303400,2026-09-25T02:30:00Z,ปงดอน,80,0.0,0.0,0.0,,,True
1790303400,2026-09-25T02:30:00Z,แม่สุก,29,0.0,0.0,0.0,,,True
1790303400,2026-09-25T02:30:00Z,เมืองมาย,39,0.0,0.0,0.0,,,True
1790303400,2026-09-25T02:30:00Z,ทุ่งผึ้ง,39,0.0,0.0,0.0,,,True
1790303400,2026-09-25T02:30:00Z,วิเชตนคร,12,0.0,0.0,0.0,,,True
1790303400,2026-09-25T02:30:00Z,ล้อมแรด,10,0.0,0.0,0.0,,,True
1790303400,2026-09-25T02:30:00Z,แม่วะ,27,0.0,0.0,0.0,,,True
1790303400,2026-09-25T02:30:00Z,แม่ปะ,57,0.0,0.0,0.0,,,True
1790303400,2026-09-25T02:30:00Z,แม่มอก,65,0.0,0.0,0.0,,,True
1790303400,2026-09-25T02:30:00Z,เวียงมอก,150,0.0,0.0,0.0,,,True
1790303400,2026-09-25T02:30:00Z,นาโป่ง,36,0.0,0.0,0.0,,,True
1790303400,2026-09-25T02:30:00Z,แม่ถอด,77,0.0,0.0,0.0,,,True
1790303400,2026-09-25T02:30:00Z,เถินบุรี,21,0.0,0.0,0.0,,,True
1790303400,2026-09-25T02:30:00Z,แม่พริก,103,0.0,0.0,0.0,,,True
1790303400,2026-09-25T02:30:00Z,ผาปัง,21,0.0,0.0,0.0,,,True
1790303400,2026-09-25T02:30:00Z,แม่ปุ,17,0.0,0.0,0.0,,,True
1790303400,2026-09-25T02:30:00Z,พระบาทวังตวง,26,0.0,0.0,0.0,,,True
1790303400,2026-09-25T02:30:00Z,แม่ทะ,22,0.0,0.0,0.0,,,True
1790303400,2026-09-25T02:30:00Z,นาครัว,11,0.0,0.0,0.0,,,True
1790303400,2026-09-25T02:30:00Z,ป่าตัน,6,0.0,0.0,0.0,,,True
1790303400,2026-09-25T02:30:00Z,บ้านกิ่ว,15,0.0,0.0,0.0,,,True
1790303400,2026-09-25T02:30:00Z,บ้านบอม,19,0.0,0.0,0.0,,,True
1790303400,2026-09-25T02:30:00Z,น้ำโจ้,19,0.0,0.0,0.0,,,True
1790303400,2026-09-25T02:30:00Z,ดอนไฟ,16,0.0,0.0,0.0,,,True
1790303400,2026-09-25T02:30:00Z,หัวเสือ,43,0.0,0.0,0.0,,,True
1790303400,2026-09-25T02:30:00Z,วังเงิน,19,0.0,0.0,0.0,,,True
1790303400,2026-09-25T02:30:00Z,สันดอนแก้ว,34,0.0,0.0,0.0,,,True
1790303400,2026-09-25T02:30:00Z,สบปราบ,34,0.0,0.0,0.0,,,True
1790303400,2026-09-25T02:30:00Z,สมัย,23,0.0,0.0,0.0,,,True
1790303400,2026-09-25T02:30:00Z,แม่กัวะ,25,0.0,0.0,0.0,,,True
1790303400,2026-09-25T02:30:00Z,นายาง,43,0.0,0.0,0.0,,,True
1790303400,2026-09-25T02:30:00Z,ห้างฉัตร,8,0.0,0.0,0.0,,,True
1790303400,2026-09-25T02:30:00Z,หนองหล่ม,11,0.0,0.0,0.0,,,True
1790303400,2026-09-25T02:30:00Z,เมืองยาว,39,0.0,0.0,0.0,,,True
1790303400,2026-09-25T02:30:00Z,ปงยางคก,7,0.0,0.0,0.0,,,True
1790303400,2026-09-25T02:30:00Z,เวียงตาล,49,0.0,0.0,0.0,,,True
1790303400,2026-09-25T02:30:00Z,แม่สัน,20,0.0,0.0,0.0,,,True
1790303400,2026-09-25T02:30:00Z,วอแก้ว,20,0.0,0.0,0.0,,,True
1790303400,2026-09-25T02:30:00Z,เมืองปาน,36,0.0,0.0,0.0,,,True
1790303400,2026-09-25T02:30:00Z,บ้านขอ,61,0.0,0.0,0.0,,,True
1790303400,2026-09-25T02:30:00Z,ทุ่งกว๋าว,43,0.0,0.0,0.0,,,True
1790303400,2026-09-25T02:30:00Z,แจ้ซ้อน,46,0.0,0.0,0.0,,,True
1790303400,2026-09-25T02:30:00Z,ท่าอิฐ,4,0.0,0.0,0.0,,,False
1790303400,2026-09-25T02:30:00Z,ท่าเสา,6,0.0,0.0,0.0,,,True
1790303400,2026-09-25T02:30:00Z,บ้านเกาะ,4,0.0,0.0,0.0,,,False
1790303400,2026-09-25T02:30:00Z,ป่าเซ่า,13,0.0,0.0,0.0,,,True
1790303400,2026-09-25T02:30:00Z,คุ้งตะเภา,15,0.0,0.0,0.0,,,True
1790303400,2026-09-25T02:30:00Z,วังกะพี้,8,0.0,0.0,0.0,,,True
1790303400,2026-09-25T02:30:00Z,หาดกรวด,11,0.0,0.0,0.0,,,True
1790303400,2026-09-25T02:30:00Z,น้ำริด,5,0.0,0.0,0.0,,,True
1790303400,2026-09-25T02:30:00Z,งิ้วงาม,12,0.0,0.0,0.0,,,True
1790303400,2026-09-25T02:30:00Z,บ้านด่านนาขาม,47,0.0,0.0,0.0,,,True
1790303400,2026-09-25T02:30:00Z,บ้านด่าน,6,0.0,0.0,0.0,,,True
1790303400,2026-09-25T02:30:00Z,ผาจุก,20,0.0,0.0,0.0,,,True
1790303400,2026-09-25T02:30:00Z,วังดิน,8,0.0,0.0,0.0,,,True
1790303400,2026-09-25T02:30:00Z,แสนตอ,12,0.0,0.0,0.0,,,True
1790303400,2026-09-25T02:30:00Z,หาดงิ้ว,6,0.0,0.0,0.0,,,True
1790303400,2026-09-25T02:30:00Z,ขุนฝาง,17,0.0,0.0,0.0,,,True
1790303400,2026-09-25T02:30:00Z,ถ้ำฉลอง,8,0.0,0.0,0.0,,,True
1790303400,2026-09-25T02:30:00Z,วังแดง,30,0.0,0.0,0.0,,,True
1790303400,2026-09-25T02:30:00Z,บ้านแก่ง,12,0.0,0.0,0.0,,,True
1790303400,2026-09-25T02:30:00Z,หาดสองแคว,10,0.0,0.0,0.0,,,True
1790303400,2026-09-25T02:30:00Z,น้ำอ่าง,19,0.0,0.0,0.0,,,True
1790303400,2026-09-25T02:30:00Z,ข่อยสูง,8,0.0,0.0,0.0,,,True
1790303400,2026-09-25T02:30:00Z,ท่าปลา,37,0.0,0.0,0.0,,,True
1790303400,2026-09-25T02:30:00Z,หาดล้า,5,0.0,0.0,0.0,,,True
1790303400,2026-09-25T02:30:00Z,ผาเลือด,95,0.0,0.0,0.0,,,True
1790303400,2026-09-25T02:30:00Z,จริม,18,0.0,0.0,0.0,,,True
1790303400,2026-09-25T02:30:00Z,น้ำหมัน,67,0.0,0.0,0.0,,,True
1790303400,2026-09-25T02:30:00Z,ท่าแฝก,154,0.0,0.0,0.0,,,True
1790303400,2026-09-25T02:30:00Z,นางพญา,58,0.0,0.0,0.0,,,True
1790303400,2026-09-25T02:30:00Z,ร่วมจิต,8,0.0,0.0,0.0,,,True
1790303400,2026-09-25T02:30:00Z,แสนตอ,51,0.0,0.0,0.0,,,True
1790303400,2026-09-25T02:30:00Z,บ้านฝาย,41,0.0,0.0,0.0,,,True
1790303400,2026-09-25T02:30:00Z,เด่นเหล็ก,44,0.0,0.0,0.0,,,True
1790303400,2026-09-25T02:30:00Z,น้ำไคร้,65,0.0,0.0,0.0,,,True
1790303400,2026-09-25T02:30:00Z,น้ำไฝ,90,0.001,0.098,0.0111,,15,True
1790303400,2026-09-25T02:30:00Z,ห้วยมุ่น,72,0.0,0.0,0.0,,,True
1790303400,2026-09-25T02:30:00Z,ฟากท่า,71,0.0,0.0,0.0,,,True
1790303400,2026-09-25T02:30:00Z,สองคอน,39,0.0,0.0,0.0,,,True
1790303400,2026-09-25T02:30:00Z,บ้านเสี้ยว,24,0.0,0.0,0.0,,,True
1790303400,2026-09-25T02:30:00Z,สองห้อง,29,0.0,0.0,0.0,,,True
1790303400,2026-09-25T02:30:00Z,ม่วงเจ็ดต้น,65,0.0,0.0,0.0,,,True
1790303400,2026-09-25T02:30:00Z,บ้านโคก,29,0.0,0.0,0.0,,,True
1790303400,2026-09-25T02:30:00Z,นาขุม,44,0.0,0.0,0.0,,,True
1790303400,2026-09-25T02:30:00Z,บ่อเบี้ย,109,0.0,0.0,0.0,,,True
1790303400,2026-09-25T02:30:00Z,ในเมือง,10,0.01,0.098,0.1,90,90,True
1790303400,2026-09-25T02:30:00Z,บ้านดารา,13,0.0,0.0,0.0,,,True
1790303400,2026-09-25T02:30:00Z,ไร่อ้อย,18,0.0,0.0,0.0,,,True
1790303400,2026-09-25T02:30:00Z,ท่าสัก,17,0.0,0.0,0.0,,,True
1790303400,2026-09-25T02:30:00Z,คอรุม,13,0.008,0.098,0.0769,,105,True
1790303400,2026-09-25T02:30:00Z,บ้านหม้อ,13,0.0,0.0,0.0,,,True
1790303400,2026-09-25T02:30:00Z,ท่ามะเฟือง,15,0.0,0.0,0.0,,,True
1790303400,2026-09-25T02:30:00Z,บ้านโคน,16,0.031,0.201,0.25,90,90,True
1790303400,2026-09-25T02:30:00Z,พญาแมน,13,0.038,0.201,0.3077,105,105,True
1790303400,2026-09-25T02:30:00Z,นาอิน,15,0.033,0.098,0.3333,75,75,True
1790303400,2026-09-25T02:30:00Z,นายาง,33,0.003,0.098,0.0303,,75,True
1790303400,2026-09-25T02:30:00Z,ศรีพนมมาศ,0,,,,,,False
1790303400,2026-09-25T02:30:00Z,แม่พูล,31,0.0,0.0,0.0,,,True
1790303400,2026-09-25T02:30:00Z,นานกกก,16,0.0,0.0,0.0,,,True
1790303400,2026-09-25T02:30:00Z,ฝายหลวง,19,0.0,0.0,0.0,,,True
1790303400,2026-09-25T02:30:00Z,ชัยจุมพล,15,0.0,0.0,0.0,,,True
1790303400,2026-09-25T02:30:00Z,ไผ่ล้อม,16,0.0,0.0,0.0,,,True
1790303400,2026-09-25T02:30:00Z,ทุ่งยั้ง,12,0.0,0.0,0.0,,,True
1790303400,2026-09-25T02:30:00Z,ด่านแม่คำมัน,6,0.0,0.0,0.0,,,True
1790303400,2026-09-25T02:30:00Z,ผักขวง,40,0.0,0.0,0.0,,,True
1790303400,2026-09-25T02:30:00Z,บ่อทอง,91,0.002,0.098,0.022,,15,True
1790303400,2026-09-25T02:30:00Z,ป่าคาย,27,0.0,0.0,0.0,,,True
1790303400,2026-09-25T02:30:00Z,น้ำพี้,27,0.0,0.0,0.0,,,True
1790303400,2026-09-25T02:30:00Z,ในเวียง,1,0.0,0.0,0.0,,,False
1790303400,2026-09-25T02:30:00Z,นาจักร,3,0.0,0.0,0.0,,,False
1790303400,2026-09-25T02:30:00Z,นาชำ,5,0.0,0.0,0.0,,,True
1790303400,2026-09-25T02:30:00Z,ป่าแดง,46,0.0,0.0,0.0,,,True
1790303400,2026-09-25T02:30:00Z,ทุ่งโฮ้ง,4,0.0,0.0,0.0,,,False
1790303400,2026-09-25T02:30:00Z,เหมืองหม้อ,3,0.0,0.0,0.0,,,False
1790303400,2026-09-25T02:30:00Z,วังธง,9,0.0,0.0,0.0,,,True
1790303400,2026-09-25T02:30:00Z,แม่หล่าย,2,0.0,0.0,0.0,,,False
1790303400,2026-09-25T02:30:00Z,ห้วยม้า,9,0.0,0.0,0.0,,,True
1790303400,2026-09-25T02:30:00Z,ป่าแมต,19,0.0,0.0,0.0,,,True
1790303400,2026-09-25T02:30:00Z,บ้านถิ่น,12,0.0,0.0,0.0,,,True
1790303400,2026-09-25T02:30:00Z,สวนเขื่อน,27,0.0,0.0,0.0,,,True
1790303400,2026-09-25T02:30:00Z,วังหงษ์,7,0.0,0.0,0.0,,,True
1790303400,2026-09-25T02:30:00Z,แม่คำมี,4,0.0,0.0,0.0,,,False
1790303400,2026-09-25T02:30:00Z,ทุ่งกวาว,1,0.0,0.0,0.0,,,False
1790303400,2026-09-25T02:30:00Z,ท่าข้าม,6,0.0,0.0,0.0,,,True
1790303400,2026-09-25T02:30:00Z,แม่ยม,3,0.0,0.0,0.0,,,False
1790303400,2026-09-25T02:30:00Z,ช่อแฮ,40,0.0,0.0,0.0,,,True
1790303400,2026-09-25T02:30:00Z,ร่องฟอง,2,0.0,0.0,0.0,,,False
1790303400,2026-09-25T02:30:00Z,กาญจนา,2,0.0,0.0,0.0,,,False
1790303400,2026-09-25T02:30:00Z,ร้องกวาง,15,0.0,0.0,0.0,,,True
1790303400,2026-09-25T02:30:00Z,ร้องเข็ม,7,0.0,0.0,0.0,,,True
1790303400,2026-09-25T02:30:00Z,น้ำเลา,16,0.0,0.0,0.0,,,True
1790303400,2026-09-25T02:30:00Z,บ้านเวียง,50,0.0,0.0,0.0,,,True
1790303400,2026-09-25T02:30:00Z,ทุ่งศรี,6,0.0,0.0,0.0,,,True
1790303400,2026-09-25T02:30:00Z,แม่ยางตาล,4,0.0,0.0,0.0,,,False
1790303400,2026-09-25T02:30:00Z,แม่ยางฮ่อ,10,0.0,0.0,0.0,,,True
1790303400,2026-09-25T02:30:00Z,ไผ่โทน,39,0.0,0.0,0.0,,,True
1790303400,2026-09-25T02:30:00Z,ห้วยโรง,39,0.0,0.0,0.0,,,True
1790303400,2026-09-25T02:30:00Z,แม่ทราย,20,0.0,0.0,0.0,,,True
1790303400,2026-09-25T02:30:00Z,แม่ยางร้อง,15,0.0,0.0,0.0,,,True
1790303400,2026-09-25T02:30:00Z,ห้วยอ้อ,31,0.0,0.0,0.0,,,True
1790303400,2026-09-25T02:30:00Z,บ้านปิน,49,0.0,0.0,0.0,,,True
1790303400,2026-09-25T02:30:00Z,ต้าผามอก,63,0.0,0.0,0.0,,,True
1790303400,2026-09-25T02:30:00Z,เวียงต้า,64,0.0,0.0,0.0,,,True
1790303400,2026-09-25T02:30:00Z,ปากกาง,8,0.0,0.0,0.0,,,True
1790303400,2026-09-25T02:30:00Z,หัวทุ่ง,15,0.0,0.0,0.0,,,True
1790303400,2026-09-25T02:30:00Z,ทุ่งแล้ง,27,0.0,0.0,0.0,,,True
1790303400,2026-09-25T02:30:00Z,บ่อเหล็กลอง,24,0.0,0.0,0.0,,,True
1790303400,2026-09-25T02:30:00Z,แม่ปาน,36,0.0,0.0,0.0,,,True
1790303400,2026-09-25T02:30:00Z,สูงเม่น,3,0.0,0.0,0.0,,,False
1790303400,2026-09-25T02:30:00Z,น้ำชำ,3,0.0,0.0,0.0,,,False
1790303400,2026-09-25T02:30:00Z,หัวฝาย,30,0.0,0.0,0.0,,,True
1790303400,2026-09-25T02:30:00Z,ดอนมูล,3,0.0,0.0,0.0,,,False
1790303400,2026-09-25T02:30:00Z,บ้านเหล่า,8,0.0,0.0,0.0,,,True
1790303400,2026-09-25T02:30:00Z,บ้านกวาง,4,0.0,0.0,0.0,,,False
1790303400,2026-09-25T02:30:00Z,บ้านปง,14,0.0,0.0,0.0,,,True
1790303400,2026-09-25T02:30:00Z,บ้านกาศ,2,0.0,0.0,0.0,,,False
1790303400,2026-09-25T02:30:00Z,ร่องกาศ,4,0.0,0.0,0.0,,,False
1790303400,2026-09-25T02:30:00Z,สบสาย,8,0.0,0.0,0.0,,,True
1790303400,2026-09-25T02:30:00Z,เวียงทอง,7,0.0,0.0,0.0,,,True
1790303400,2026-09-25T02:30:00Z,พระหลวง,2,0.0,0.0,0.0,,,False
1790303400,2026-09-25T02:30:00Z,เด่นชัย,5,0.0,0.0,0.0,,,True
1790303400,2026-09-25T02:30:00Z,แม่จั๊วะ,15,0.0,0.0,0.0,,,True
1790303400,2026-09-25T02:30:00Z,ไทรย้อย,59,0.0,0.0,0.0,,,True
1790303400,2026-09-25T02:30:00Z,ห้วยไร่,45,0.0,0.0,0.0,,,True
1790303400,2026-09-25T02:30:00Z,ปงป่าหวาย,11,0.0,0.0,0.0,,,True
1790303400,2026-09-25T02:30:00Z,บ้านหนุน,22,0.0,0.0,0.0,,,True
1790303400,2026-09-25T02:30:00Z,บ้านกลาง,23,0.0,0.0,0.0,,,True
1790303400,2026-09-25T02:30:00Z,ห้วยหม้าย,54,0.0,0.0,0.0,,,True
1790303400,2026-09-25T02:30:00Z,เตาปูน,97,0.0,0.0,0.0,,,True
1790303400,2026-09-25T02:30:00Z,หัวเมือง,7,0.0,0.0,0.0,,,True
1790303400,2026-09-25T02:30:00Z,สะเอียบ,166,0.0,0.0,0.0,,,True
1790303400,2026-09-25T02:30:00Z,แดนชุมพล,4,0.0,0.0,0.0,,,False
1790303400,2026-09-25T02:30:00Z,ทุ่งน้าว,7,0.0,0.0,0.0,,,True
1790303400,2026-09-25T02:30:00Z,วังชิ้น,38,0.0,0.0,0.0,,,True
1790303400,2026-09-25T02:30:00Z,สรอย,32,0.0,0.0,0.0,,,True
1790303400,2026-09-25T02:30:00Z,แม่ป้าก,23,0.0,0.0,0.0,,,True
1790303400,2026-09-25T02:30:00Z,นาพูน,90,0.0,0.0,0.0,,,True
1790303400,2026-09-25T02:30:00Z,แม่พุง,36,0.0,0.0,0.0,,,True
1790303400,2026-09-25T02:30:00Z,ป่าสัก,19,0.0,0.0,0.0,,,True
1790303400,2026-09-25T02:30:00Z,แม่เกิ๋ง,17,0.0,0.0,0.0,,,True
1790303400,2026-09-25T02:30:00Z,แม่คำมี,3,0.0,0.0,0.0,,,False
1790303400,2026-09-25T02:30:00Z,หนองม่วงไข่,6,0.0,0.0,0.0,,,True
1790303400,2026-09-25T02:30:00Z,น้ำรัด,4,0.0,0.0,0.0,,,False
1790303400,2026-09-25T02:30:00Z,วังหลวง,5,0.0,0.0,0.0,,,True
1790303400,2026-09-25T02:30:00Z,ตำหนักธรรม,3,0.0,0.0,0.0,,,False
1790303400,2026-09-25T02:30:00Z,ทุ่งแค้ว,14,0.0,0.0,0.0,,,True
1790303400,2026-09-25T02:30:00Z,ในเวียง,2,0.0,0.0,0.0,,,False
1790303400,2026-09-25T02:30:00Z,ผาสิงห์,23,0.0,0.0,0.0,,,True
1790303400,2026-09-25T02:30:00Z,ไชยสถาน,7,0.0,0.0,0.0,,,True
1790303400,2026-09-25T02:30:00Z,ถืมตอง,4,0.0,0.0,0.0,,,False
1790303400,2026-09-25T02:30:00Z,เรือง,10,0.0,0.0,0.0,,,True
1790303400,2026-09-25T02:30:00Z,นาชาว,7,0.0,0.0,0.0,,,True
1790303400,2026-09-25T02:30:00Z,ดู่ใต้,10,0.0,0.0,0.0,,,True
1790303400,2026-09-25T02:30:00Z,กองควาย,5,0.0,0.0,0.0,,,True
1790303400,2026-09-25T02:30:00Z,สวก,14,0.0,0.0,0.0,,,True
1790303400,2026-09-25T02:30:00Z,สะเนียน,69,0.0,0.0,0.0,,,True
1790303400,2026-09-25T02:30:00Z,หนองแดง,57,0.0,0.0,0.0,,,True
1790303400,2026-09-25T02:30:00Z,หมอเมือง,13,0.0,0.0,0.0,,,True
1790303400,2026-09-25T02:30:00Z,น้ำพาง,113,0.0,0.0,0.0,,,True
1790303400,2026-09-25T02:30:00Z,น้ำปาย,14,0.0,0.0,0.0,,,True
1790303400,2026-09-25T02:30:00Z,แม่จริม,65,0.0,0.0,0.0,,,True
1790303400,2026-09-25T02:30:00Z,บ้านฟ้า,36,0.0,0.0,0.0,,,True
1790303400,2026-09-25T02:30:00Z,ป่าคาหลวง,11,0.0,0.0,0.0,,,True
1790303400,2026-09-25T02:30:00Z,สวด,15,0.0,0.0,0.0,,,True
1790303400,2026-09-25T02:30:00Z,บ้านพี้,29,0.0,0.0,0.0,,,True
1790303400,2026-09-25T02:30:00Z,นาน้อย,14,0.0,0.0,0.0,,,True
1790303400,2026-09-25T02:30:00Z,เชียงของ,57,0.0,0.0,0.0,,,True
1790303400,2026-09-25T02:30:00Z,ศรีษะเกษ,81,0.0,0.0,0.0,,,True
1790303400,2026-09-25T02:30:00Z,สถาน,35,0.0,0.0,0.0,,,True
1790303400,2026-09-25T02:30:00Z,สันทะ,30,0.0,0.0,0.0,,,True
1790303400,2026-09-25T02:30:00Z,บัวใหญ่,24,0.0,0.0,0.0,,,True
1790303400,2026-09-25T02:30:00Z,น้ำตก,25,0.0,0.0,0.0,,,True
1790303400,2026-09-25T02:30:00Z,กลางเวียง,6,0.0,0.0,0.0,,,True
1790303400,2026-09-25T02:30:00Z,ขึ่ง,20,0.0,0.0,0.0,,,True
1790303400,2026-09-25T02:30:00Z,ไหล่น่าน,31,0.0,0.0,0.0,,,True
1790303400,2026-09-25T02:30:00Z,ตาลชุม,9,0.0,0.0,0.0,,,True
1790303400,2026-09-25T02:30:00Z,นาเหลือง,5,0.0,0.0,0.0,,,True
1790303400,2026-09-25T02:30:00Z,ส้าน,33,0.0,0.0,0.0,,,True
1790303400,2026-09-25T02:30:00Z,น้ำมวบ,89,0.0,0.0,0.0,,,True
1790303400,2026-09-25T02:30:00Z,น้ำปั้ว,9,0.0,0.0,0.0,,,True
1790303400,2026-09-25T02:30:00Z,ยาบหัวนา,105,0.0,0.0,0.0,,,True
1790303400,2026-09-25T02:30:00Z,ปงสนุก,20,0.0,0.0,0.0,,,True
1790303400,2026-09-25T02:30:00Z,อ่ายนาไลย,48,0.0,0.0,0.0,,,True
1790303400,2026-09-25T02:30:00Z,ส้านนาหนองใหม่,37,0.0,0.0,0.0,,,True
1790303400,2026-09-25T02:30:00Z,แม่ขะนิง,56,0.0,0.0,0.0,,,True
1790303400,2026-09-25T02:30:00Z,แม่สาคร,26,0.0,0.0,0.0,,,True
1790303400,2026-09-25T02:30:00Z,จอมจันทร์,16,0.0,0.0,0.0,,,True
1790303400,2026-09-25T02:30:00Z,แม่สา,8,0.0,0.0,0.0,,,True
1790303400,2026-09-25T02:30:00Z,ทุ่งศรีทอง,25,0.0,0.0,0.0,,,True
1790303400,2026-09-25T02:30:00Z,นาทะนุง,88,0.0,0.0,0.0,,,True
1790303400,2026-09-25T02:30:00Z,บ่อแก้ว,74,0.0,0.0,0.0,,,True
1790303400,2026-09-25T02:30:00Z,เมืองลี่,19,0.0,0.0,0.0,,,True
1790303400,2026-09-25T02:30:00Z,ปิงหลวง,64,0.0,0.0,0.0,,,True
1790303400,2026-09-25T02:30:00Z,ม่วงตึ๊ด,4,0.0,0.0,0.0,,,False
1790303400,2026-09-25T02:30:00Z,นาปัง,4,0.0,0.0,0.0,,,False
1790303400,2026-09-25T02:30:00Z,น้ำแก่น,15,0.0,0.0,0.0,,,True
1790303400,2026-09-25T02:30:00Z,น้ำเกี๋ยน,11,0.0,0.0,0.0,,,True
1790303400,2026-09-25T02:30:00Z,เมืองจัง,22,0.0,0.0,0.0,,,True
1790303400,2026-09-25T02:30:00Z,ท่าน้าว,5,0.0,0.0,0.0,,,True
1790303400,2026-09-25T02:30:00Z,ฝายแก้ว,52,0.0,0.0,0.0,,,True
1790303400,2026-09-25T02:30:00Z,แม่กา,3,0.0,0.0,0.0,,,False
1790303400,2026-09-25T02:30:00Z,จำป่าหวาย,3,0.0,0.0,0.0,,,False
1790303400,2026-09-25T02:30:00Z,เชียงม่วน,32,0.0,0.0,0.0,,,True
1790303400,2026-09-25T02:30:00Z,บ้านมาง,39,0.0,0.0,0.0,,,True
1790303400,2026-09-25T02:30:00Z,สระ,11,0.0,0.0,0.0,,,True
1790303400,2026-09-25T02:30:00Z,บ้านปิน,2,0.0,0.0,0.0,,,False
1790303400,2026-09-25T02:30:00Z,หนองหล่ม,35,0.0,0.0,0.0,,,True
1790303400,2026-09-25T02:30:00Z,ปากน้ำโพ,7,0.0,0.0,0.0,,,True
1790303400,2026-09-25T02:30:00Z,กลางแดด,4,0.0,0.0,0.0,,,False
1790303400,2026-09-25T02:30:00Z,เกรียงไกร,11,0.0,0.0,0.0,,,True
1790303400,2026-09-25T02:30:00Z,แควใหญ่,2,0.0,0.0,0.0,,,False
1790303400,2026-09-25T02:30:00Z,ตะเคียนเลื่อน,5,0.0,0.0,0.0,,,True
1790303400,2026-09-25T02:30:00Z,นครสวรรค์ตก,7,0.0,0.0,0.0,,,True
1790303400,2026-09-25T02:30:00Z,นครสวรรค์ออก,5,0.0,0.0,0.0,,,True
1790303400,2026-09-25T02:30:00Z,บางพระหลวง,5,0.0,0.0,0.0,,,True
1790303400,2026-09-25T02:30:00Z,บางม่วง,6,0.0,0.0,0.0,,,True
1790303400,2026-09-25T02:30:00Z,บ้านมะเกลือ,8,0.0,0.0,0.0,,,True
1790303400,2026-09-25T02:30:00Z,บ้านแก่ง,7,0.0,0.0,0.0,,,True
1790303400,2026-09-25T02:30:00Z,พระนอน,31,0.0,0.0,0.0,,,True
1790303400,2026-09-25T02:30:00Z,วัดไทรย์,8,0.0,0.0,0.0,,,True
1790303400,2026-09-25T02:30:00Z,หนองกรด,32,0.0,0.0,0.0,,,True
1790303400,2026-09-25T02:30:00Z,หนองกระโดน,29,0.0,0.0,0.0,,,True
1790303400,2026-09-25T02:30:00Z,หนองปลิง,14,0.0,0.0,0.0,,,True
1790303400,2026-09-25T02:30:00Z,บึงเสนาท,2,0.0,0.0,0.0,,,False
1790303400,2026-09-25T02:30:00Z,โกรกพระ,7,0.0,0.0,0.0,,,True
1790303400,2026-09-25T02:30:00Z,ยางตาล,7,0.0,0.0,0.0,,,True
1790303400,2026-09-25T02:30:00Z,บางมะฝ่อ,4,0.0,0.0,0.0,,,False
1790303400,2026-09-25T02:30:00Z,บางประมุง,13,0.0,0.0,0.0,,,True
1790303400,2026-09-25T02:30:00Z,นากลาง,12,0.0,0.0,0.0,,,True
1790303400,2026-09-25T02:30:00Z,ศาลาแดง,10,0.0,0.0,0.0,,,True
1790303400,2026-09-25T02:30:00Z,เนินกว้าว,9,0.0,0.0,0.0,,,True
1790303400,2026-09-25T02:30:00Z,เนินศาลา,6,0.0,0.0,0.0,,,True
1790303400,2026-09-25T02:30:00Z,หาดสูง,3,0.0,0.0,0.0,,,False
1790303400,2026-09-25T02:30:00Z,ชุมแสง,1,0.0,0.0,0.0,,,False
1790303400,2026-09-25T02:30:00Z,ทับกฤช,7,0.0,0.0,0.0,,,True
1790303400,2026-09-25T02:30:00Z,พิกุล,9,0.0,0.0,0.0,,,True
1790303400,2026-09-25T02:30:00Z,เกยไชย,8,0.0,0.0,0.0,,,True
1790303400,2026-09-25T02:30:00Z,ท่าไม้,11,0.0,0.0,0.0,,,True
1790303400,2026-09-25T02:30:00Z,บางเคียน,23,0.0,0.0,0.0,,,True
1790303400,2026-09-25T02:30:00Z,หนองกระเจา,21,0.0,0.0,0.0,,,True
1790303400,2026-09-25T02:30:00Z,พันลาน,8,0.0,0.0,0.0,,,True
1790303400,2026-09-25T02:30:00Z,โคกหม้อ,7,0.0,0.0,0.0,,,True
1790303400,2026-09-25T02:30:00Z,ไผ่สิงห์,15,0.0,0.0,0.0,,,True
1790303400,2026-09-25T02:30:00Z,ฆะมัง,7,0.0,0.0,0.0,,,True
1790303400,2026-09-25T02:30:00Z,ทับกฤชใต้,28,0.0,0.0,0.0,,,True
1790303400,2026-09-25T02:30:00Z,หนองบัว,54,0.0,0.0,0.0,,,True
1790303400,2026-09-25T02:30:00Z,หนองกลับ,34,0.0,0.0,0.0,,,True
1790303400,2026-09-25T02:30:00Z,ธารทหาร,20,0.0,0.0,0.0,,,True
1790303400,2026-09-25T02:30:00Z,ห้วยร่วม,15,0.0,0.0,0.0,,,True
1790303400,2026-09-25T02:30:00Z,ห้วยถั่วใต้,6,0.0,0.0,0.0,,,True
1790303400,2026-09-25T02:30:00Z,ห้วยถั่วเหนือ,6,0.0,0.0,0.0,,,True
1790303400,2026-09-25T02:30:00Z,ห้วยใหญ่,5,0.0,0.0,0.0,,,True
1790303400,2026-09-25T02:30:00Z,ทุ่งทอง,32,0.0,0.0,0.0,,,True
1790303400,2026-09-25T02:30:00Z,วังบ่อ,36,0.0,0.0,0.0,,,True
1790303400,2026-09-25T02:30:00Z,ท่างิ้ว,12,0.0,0.0,0.0,,,True
1790303400,2026-09-25T02:30:00Z,บางตาหงาย,8,0.0,0.0,0.0,,,True
1790303400,2026-09-25T02:30:00Z,หูกวาง,9,0.0,0.0,0.0,,,True
1790303400,2026-09-25T02:30:00Z,อ่างทอง,9,0.0,0.0,0.0,,,True
1790303400,2026-09-25T02:30:00Z,บ้านแดน,17,0.029,0.196,0.1765,105,105,True
1790303400,2026-09-25T02:30:00Z,บางแก้ว,8,0.246,0.397,1.0,75,75,True
1790303400,2026-09-25T02:30:00Z,ตาขีด,21,0.3,0.495,0.9524,75,60,True
1790303400,2026-09-25T02:30:00Z,ตาสัง,13,0.083,0.294,0.3846,60,60,True
1790303400,2026-09-25T02:30:00Z,ด่านช้าง,17,0.33,0.495,1.0,60,45,True
1790303400,2026-09-25T02:30:00Z,หนองกรด,31,0.006,0.098,0.0645,,75,True
1790303400,2026-09-25T02:30:00Z,หนองตางู,17,0.335,0.495,1.0,45,45,True
1790303400,2026-09-25T02:30:00Z,บึงปลาทู,8,0.27,0.495,1.0,45,45,True
1790303400,2026-09-25T02:30:00Z,เจริญผล,11,0.018,0.196,0.0909,,60,True
1790303400,2026-09-25T02:30:00Z,มหาโพธิ,4,0.0,0.0,0.0,,,False
1790303400,2026-09-25T02:30:00Z,เก้าเลี้ยว,5,0.0,0.0,0.0,,,True
1790303400,2026-09-25T02:30:00Z,หนองเต่า,22,0.0,0.0,0.0,,,True
1790303400,2026-09-25T02:30:00Z,เขาดิน,9,0.0,0.0,0.0,,,True
1790303400,2026-09-25T02:30:00Z,หัวดง,17,0.0,0.0,0.0,,,True
1790303400,2026-09-25T02:30:00Z,ตาคลี,48,0.0,0.0,0.0,,,True
1790303400,2026-09-25T02:30:00Z,ช่องแค,12,0.0,0.0,0.0,,,True
1790303400,2026-09-25T02:30:00Z,จันเสน,13,0.0,0.0,0.0,,,True
1790303400,2026-09-25T02:30:00Z,ห้วยหอม,17,0.0,0.0,0.0,,,True
1790303400,2026-09-25T02:30:00Z,หัวหวาย,35,0.0,0.0,0.0,,,True
1790303400,2026-09-25T02:30:00Z,หนองโพ,22,0.0,0.0,0.0,,,True
1790303400,2026-09-25T02:30:00Z,หนองหม้อ,13,0.0,0.0,0.0,,,True
1790303400,2026-09-25T02:30:00Z,สร้อยทอง,19,0.0,0.0,0.0,,,True
1790303400,2026-09-25T02:30:00Z,ลาดทิพรส,23,0.017,0.201,0.1304,120,120,True
1790303400,2026-09-25T02:30:00Z,พรหมนิมิต,4,0.0,0.0,0.0,,,False
1790303400,2026-09-25T02:30:00Z,ท่าตะโก,10,0.0,0.0,0.0,,,True
1790303400,2026-09-25T02:30:00Z,พนมรอก,26,0.0,0.0,0.0,,,True
1790303400,2026-09-25T02:30:00Z,หัวถนน,26,0.0,0.0,0.0,,,True
1790303400,2026-09-25T02:30:00Z,สายลำโพง,22,0.0,0.0,0.0,,,True
1790303400,2026-09-25T02:30:00Z,วังมหากร,25,0.0,0.0,0.0,,,True
1790303400,2026-09-25T02:30:00Z,ดอนคา,32,0.0,0.0,0.0,,,True
1790303400,2026-09-25T02:30:00Z,ทำนบ,13,0.0,0.0,0.0,,,True
1790303400,2026-09-25T02:30:00Z,วังใหญ่,13,0.0,0.0,0.0,,,True
1790303400,2026-09-25T02:30:00Z,พนมเศษ,17,0.0,0.0,0.0,,,True
1790303400,2026-09-25T02:30:00Z,หนองหลวง,27,0.0,0.0,0.0,,,True
1790303400,2026-09-25T02:30:00Z,โคกเดื่อ,16,0.0,0.0,0.0,,,True
1790303400,2026-09-25T02:30:00Z,สำโรงชัย,42,0.007,0.098,0.0714,,120,True
1790303400,2026-09-25T02:30:00Z,วังน้ำลัด,41,0.0,0.0,0.0,,,True
1790303400,2026-09-25T02:30:00Z,ตะคร้อ,20,0.01,0.196,0.05,,105,True
1790303400,2026-09-25T02:30:00Z,โพธิ์ประสาท,34,0.003,0.098,0.0294,,120,True
1790303400,2026-09-25T02:30:00Z,วังข่อย,40,0.007,0.098,0.075,,105,True
1790303400,2026-09-25T02:30:00Z,นาขอม,22,0.0,0.0,0.0,,,True
1790303400,2026-09-25T02:30:00Z,ไพศาลี,29,0.0,0.0,0.0,,,True
1790303400,2026-09-25T02:30:00Z,พยุหะ,4,0.0,0.0,0.0,,,False
1790303400,2026-09-25T02:30:00Z,เนินมะกอก,12,0.0,0.0,0.0,,,True
1790303400,2026-09-25T02:30:00Z,นิคมเขาบ่อแก้ว,31,0.0,0.0,0.0,,,True
1790303400,2026-09-25T02:30:00Z,ม่วงหัก,8,0.0,0.0,0.0,,,True
1790303400,2026-09-25T02:30:00Z,ยางขาว,9,0.0,0.0,0.0,,,True
1790303400,2026-09-25T02:30:00Z,ย่านมัทรี,8,0.0,0.0,0.0,,,True
1790303400,2026-09-25T02:30:00Z,เขาทอง,23,0.0,0.0,0.0,,,True
1790303400,2026-09-25T02:30:00Z,ท่าน้ำอ้อย,7,0.0,0.0,0.0,,,True
1790303400,2026-09-25T02:30:00Z,น้ำทรง,17,0.0,0.0,0.0,,,True
1790303400,2026-09-25T02:30:00Z,เขากะลา,38,0.0,0.0,0.0,,,True
1790303400,2026-09-25T02:30:00Z,สระทะเล,12,0.0,0.0,0.0,,,True
1790303400,2026-09-25T02:30:00Z,ลาดยาว,17,0.0,0.0,0.0,,,True
1790303400,2026-09-25T02:30:00Z,ห้วยน้ำหอม,21,0.0,0.0,0.0,,,True
1790303400,2026-09-25T02:30:00Z,วังม้า,23,0.0,0.0,0.0,,,True
1790303400,2026-09-25T02:30:00Z,วังเมือง,9,0.0,0.0,0.0,,,True
1790303400,2026-09-25T02:30:00Z,สร้อยละคร,8,0.0,0.0,0.0,,,True
1790303400,2026-09-25T02:30:00Z,มาบแก,9,0.0,0.0,0.0,,,True
1790303400,2026-09-25T02:30:00Z,หนองยาว,8,0.0,0.0,0.0,,,True
1790303400,2026-09-25T02:30:00Z,หนองนมวัว,12,0.0,0.0,0.0,,,True
1790303400,2026-09-25T02:30:00Z,บ้านไร่,40,0.002,0.098,0.025,,120,True
1790303400,2026-09-25T02:30:00Z,เนินขี้เหล็ก,18,0.0,0.0,0.0,,,True
1790303400,2026-09-25T02:30:00Z,ศาลเจ้าไก่ต่อ,13,0.0,0.0,0.0,,,True
1790303400,2026-09-25T02:30:00Z,สระแก้ว,9,0.0,0.0,0.0,,,True
1790303400,2026-09-25T02:30:00Z,ตากฟ้า,12,0.0,0.0,0.0,,,True
1790303400,2026-09-25T02:30:00Z,ลำพยนต์,20,0.015,0.098,0.15,120,120,True
1790303400,2026-09-25T02:30:00Z,สุขสำราญ,15,0.0,0.0,0.0,,,True
1790303400,2026-09-25T02:30:00Z,หนองพิกุล,8,0.0,0.0,0.0,,,True
1790303400,2026-09-25T02:30:00Z,พุนกยูง,20,0.0,0.0,0.0,,,True
1790303400,2026-09-25T02:30:00Z,อุดมธัญญา,38,0.0,0.0,0.0,,,True
1790303400,2026-09-25T02:30:00Z,เขาชายธง,12,0.0,0.0,0.0,,,True
1790303400,2026-09-25T02:30:00Z,แม่วงก์,30,0.0,0.0,0.0,,,True
1790303400,2026-09-25T02:30:00Z,แม่เลย์,160,0.032,0.592,0.1437,15,15,True
1790303400,2026-09-25T02:30:00Z,วังซ่าน,44,0.036,0.201,0.2727,120,15,True
1790303400,2026-09-25T02:30:00Z,เขาชนกัน,23,0.009,0.098,0.087,,15,True
1790303400,2026-09-25T02:30:00Z,แม่เปิน,85,0.119,1.103,0.3176,15,15,True
1790303400,2026-09-25T02:30:00Z,ชุมตาบง,18,0.0,0.0,0.0,,,True
1790303400,2026-09-25T02:30:00Z,ปางสวรรค์,43,0.0,0.0,0.0,,,True
1790303400,2026-09-25T02:30:00Z,อุทัยใหม่,2,0.0,0.0,0.0,,,False
1790303400,2026-09-25T02:30:00Z,น้ำซึม,6,0.0,0.0,0.0,,,True
1790303400,2026-09-25T02:30:00Z,สะแกกรัง,8,0.0,0.0,0.0,,,True
1790303400,2026-09-25T02:30:00Z,ดอนขวาง,5,0.0,0.0,0.0,,,True
1790303400,2026-09-25T02:30:00Z,หาดทนง,2,0.0,0.0,0.0,,,False
1790303400,2026-09-25T02:30:00Z,เกาะเทโพ,2,0.0,0.0,0.0,,,False
1790303400,2026-09-25T02:30:00Z,ท่าซุง,8,0.0,0.0,0.0,,,True
1790303400,2026-09-25T02:30:00Z,หนองแก,4,0.0,0.0,0.0,,,False
1790303400,2026-09-25T02:30:00Z,โนนเหล็ก,3,0.0,0.0,0.0,,,False
1790303400,2026-09-25T02:30:00Z,หนองเต่า,1,0.0,0.0,0.0,,,False
1790303400,2026-09-25T02:30:00Z,หนองไผ่แบน,5,0.0,0.0,0.0,,,True
1790303400,2026-09-25T02:30:00Z,หนองพังค่า,4,0.0,0.0,0.0,,,False
1790303400,2026-09-25T02:30:00Z,ทุ่งใหญ่,4,0.0,0.0,0.0,,,False
1790303400,2026-09-25T02:30:00Z,เนินแจง,5,0.0,0.0,0.0,,,True
1790303400,2026-09-25T02:30:00Z,ทัพทัน,6,0.0,0.0,0.0,,,True
1790303400,2026-09-25T02:30:00Z,ทุ่งนาไทย,3,0.0,0.0,0.0,,,False
1790303400,2026-09-25T02:30:00Z,เขาขี้ฝอย,3,0.0,0.0,0.0,,,False
1790303400,2026-09-25T02:30:00Z,หนองหญ้าปล้อง,4,0.0,0.0,0.0,,,False
1790303400,2026-09-25T02:30:00Z,โคกหม้อ,13,0.0,0.0,0.0,,,True
1790303400,2026-09-25T02:30:00Z,หนองยายดา,10,0.0,0.0,0.0,,,True
1790303400,2026-09-25T02:30:00Z,หนองกลางดง,7,0.0,0.0,0.0,,,True
1790303400,2026-09-25T02:30:00Z,หนองกระทุ่ม,28,0.0,0.0,0.0,,,True
1790303400,2026-09-25T02:30:00Z,หนองสระ,6,0.0,0.0,0.0,,,True
1790303400,2026-09-25T02:30:00Z,ตลุกดู่,14,0.0,0.0,0.0,,,True
1790303400,2026-09-25T02:30:00Z,สว่างอารมณ์,11,0.0,0.0,0.0,,,True
1790303400,2026-09-25T02:30:00Z,หนองหลวง,17,0.0,0.0,0.0,,,True
1790303400,2026-09-25T02:30:00Z,พลวงสองนาง,21,0.0,0.0,0.0,,,True
1790303400,2026-09-25T02:30:00Z,ไผ่เขียว,41,0.0,0.0,0.0,,,True
1790303400,2026-09-25T02:30:00Z,บ่อยาง,20,0.0,0.0,0.0,,,True
1790303400,2026-09-25T02:30:00Z,หนองฉาง,5,0.0,0.0,0.0,,,True
1790303400,2026-09-25T02:30:00Z,หนองยาง,12,0.0,0.0,0.0,,,True
1790303400,2026-09-25T02:30:00Z,หนองนางนวล,7,0.0,0.0,0.0,,,True
1790303400,2026-09-25T02:30:00Z,หนองสรวง,3,0.0,0.0,0.0,,,False
1790303400,2026-09-25T02:30:00Z,บ้านเก่า,4,0.0,0.0,0.0,,,False
1790303400,2026-09-25T02:30:00Z,อุทัยเก่า,5,0.0,0.0,0.0,,,True
1790303400,2026-09-25T02:30:00Z,ทุ่งโพ,22,0.0,0.0,0.0,,,True
1790303400,2026-09-25T02:30:00Z,ทุ่งพง,3,0.0,0.0,0.0,,,False
1790303400,2026-09-25T02:30:00Z,เขาบางแกรก,12,0.0,0.0,0.0,,,True
1790303400,2026-09-25T02:30:00Z,เขากวางทอง,16,0.0,0.0,0.0,,,True
1790303400,2026-09-25T02:30:00Z,หนองขาหย่าง,8,0.0,0.0,0.0,,,True
1790303400,2026-09-25T02:30:00Z,หนองไผ่,4,0.0,0.0,0.0,,,False
1790303400,2026-09-25T02:30:00Z,ดอนกลอย,4,0.0,0.0,0.0,,,False
1790303400,2026-09-25T02:30:00Z,ห้วยรอบ,2,0.0,0.0,0.0,,,False
1790303400,2026-09-25T02:30:00Z,ทุ่งพึ่ง,3,0.0,0.0,0.0,,,False
1790303400,2026-09-25T02:30:00Z,ท่าโพ,3,0.0,0.0,0.0,,,False
1790303400,2026-09-25T02:30:00Z,หมกแถว,2,0.0,0.0,0.0,,,False
1790303400,2026-09-25T02:30:00Z,ดงขวาง,17,0.0,0.0,0.0,,,True
1790303400,2026-09-25T02:30:00Z,บ้านไร่,45,0.0,0.0,0.0,,,True
1790303400,2026-09-25T02:30:00Z,ทัพหลวง,43,0.0,0.0,0.0,,,True
1790303400,2026-09-25T02:30:00Z,ห้วยแห้ง,25,0.0,0.0,0.0,,,True
1790303400,2026-09-25T02:30:00Z,คอกควาย,90,0.027,0.196,0.2444,15,15,True
1790303400,2026-09-25T02:30:00Z,วังหิน,8,0.0,0.0,0.0,,,True
1790303400,2026-09-25T02:30:00Z,เมืองการุ้ง,26,0.0,0.0,0.0,,,True
1790303400,2026-09-25T02:30:00Z,แก่นมะกรูด,462,0.095,1.103,0.6061,15,15,True
1790303400,2026-09-25T02:30:00Z,หนองจอก,30,0.0,0.0,0.0,,,True
1790303400,2026-09-25T02:30:00Z,หูช้าง,17,0.0,0.0,0.0,,,True
1790303400,2026-09-25T02:30:00Z,บ้านบึง,13,0.008,0.098,0.0769,,15,True
1790303400,2026-09-25T02:30:00Z,บ้านใหม่คลองเคีย,7,0.0,0.0,0.0,,,True
1790303400,2026-09-25T02:30:00Z,หนองบ่มกล้วย,23,0.0,0.0,0.0,,,True
1790303400,2026-09-25T02:30:00Z,เจ้าวัด,32,0.0,0.0,0.0,,,True
1790303400,2026-09-25T02:30:00Z,ลานสัก,19,0.0,0.0,0.0,,,True
1790303400,2026-09-25T02:30:00Z,ประดู่ยืน,15,0.0,0.0,0.0,,,True
1790303400,2026-09-25T02:30:00Z,ป่าอ้อ,21,0.0,0.0,0.0,,,True
1790303400,2026-09-25T02:30:00Z,ระบำ,249,0.062,1.005,0.3012,15,15,True
1790303400,2026-09-25T02:30:00Z,น้ำรอบ,35,0.0,0.0,0.0,,,True
1790303400,2026-09-25T02:30:00Z,ทุ่งนางาม,21,0.0,0.0,0.0,,,True
1790303400,2026-09-25T02:30:00Z,สุขฤทัย,14,0.0,0.0,0.0,,,True
1790303400,2026-09-25T02:30:00Z,ทองหลาง,59,0.008,0.098,0.0847,,15,True
1790303400,2026-09-25T02:30:00Z,ห้วยคต,21,0.0,0.0,0.0,,,True
1790303400,2026-09-25T02:30:00Z,ในเมือง,5,0.0,0.0,0.0,,,True
1790303400,2026-09-25T02:30:00Z,ไตรตรึงษ์,21,0.0,0.0,0.0,,,True
1790303400,2026-09-25T02:30:00Z,อ่างทอง,54,0.0,0.0,0.0,,,True
1790303400,2026-09-25T02:30:00Z,นาบ่อคำ,47,0.0,0.0,0.0,,,True
1790303400,2026-09-25T02:30:00Z,นครชุม,14,0.0,0.0,0.0,,,True
1790303400,2026-09-25T02:30:00Z,ทรงธรรม,18,0.0,0.0,0.0,,,True
1790303400,2026-09-25T02:30:00Z,ลานดอกไม้,18,0.0,0.0,0.0,,,True
1790303400,2026-09-25T02:30:00Z,หนองปลิง,21,0.0,0.0,0.0,,,True
1790303400,2026-09-25T02:30:00Z,คณฑี,22,0.0,0.0,0.0,,,True
1790303400,2026-09-25T02:30:00Z,นิคมทุ่งโพธิ์ทะเ,16,0.031,0.098,0.3125,105,105,True
1790303400,2026-09-25T02:30:00Z,เทพนคร,44,0.009,0.098,0.0909,,120,True
1790303400,2026-09-25T02:30:00Z,วังทอง,17,0.0,0.0,0.0,,,True
1790303400,2026-09-25T02:30:00Z,ท่าขุนราม,11,0.0,0.0,0.0,,,True
1790303400,2026-09-25T02:30:00Z,คลองแม่ลาย,19,0.0,0.0,0.0,,,True
1790303400,2026-09-25T02:30:00Z,ธำมรงค์,10,0.0,0.0,0.0,,,True
1790303400,2026-09-25T02:30:00Z,สระแก้ว,29,0.0,0.0,0.0,,,True
1790303400,2026-09-25T02:30:00Z,ไทรงาม,18,0.016,0.098,0.1667,75,75,True
1790303400,2026-09-25T02:30:00Z,หนองคล้า,18,0.011,0.098,0.1111,90,75,True
1790303400,2026-09-25T02:30:00Z,หนองทอง,18,0.005,0.098,0.0556,,90,True
1790303400,2026-09-25T02:30:00Z,หนองไม้กอง,20,0.015,0.098,0.15,45,45,True
1790303400,2026-09-25T02:30:00Z,มหาชัย,18,0.027,0.098,0.2778,90,90,True
1790303400,2026-09-25T02:30:00Z,พานทอง,20,0.024,0.098,0.25,75,75,True
1790303400,2026-09-25T02:30:00Z,หนองแม่แตง,21,0.028,0.098,0.2857,60,60,True
1790303400,2026-09-25T02:30:00Z,คลองน้ำไหล,105,0.0,0.0,0.0,,,True
1790303400,2026-09-25T02:30:00Z,โป่งน้ำร้อน,122,0.0,0.0,0.0,,,True
1790303400,2026-09-25T02:30:00Z,คลองลานพัฒนา,69,0.034,0.592,0.1304,15,15,True
1790303400,2026-09-25T02:30:00Z,สักงาม,67,0.0,0.0,0.0,,,True
1790303400,2026-09-25T02:30:00Z,ยางสูง,12,0.131,0.196,0.8333,90,60,True
1790303400,2026-09-25T02:30:00Z,ป่าพุทรา,22,0.299,0.495,1.0,60,60,True
1790303400,2026-09-25T02:30:00Z,แสนตอ,12,0.279,0.495,1.0,75,75,True
1790303400,2026-09-25T02:30:00Z,สลกบาตร,13,0.294,0.397,1.0,90,90,True
1790303400,2026-09-25T02:30:00Z,บ่อถ้ำ,54,0.12,0.402,0.7037,105,90,True
1790303400,2026-09-25T02:30:00Z,ดอนแตง,16,0.08,0.196,0.75,120,105,True
1790303400,2026-09-25T02:30:00Z,วังชะพลู,49,0.046,0.397,0.2449,105,90,True
1790303400,2026-09-25T02:30:00Z,โค้งไผ่,20,0.015,0.098,0.15,120,120,True
1790303400,2026-09-25T02:30:00Z,ปางมะค่า,57,0.003,0.098,0.0351,,15,True
1790303400,2026-09-25T02:30:00Z,วังหามแห,28,0.0,0.0,0.0,,,True
1790303400,2026-09-25T02:30:00Z,เกาะตาล,13,0.09,0.196,0.6923,75,75,True
1790303400,2026-09-25T02:30:00Z,คลองขลุง,23,0.0,0.0,0.0,,,True
1790303400,2026-09-25T02:30:00Z,ท่ามะเขือ,14,0.0,0.0,0.0,,,True
1790303400,2026-09-25T02:30:00Z,ท่าพุทรา,9,0.022,0.098,0.2222,105,105,True
1790303400,2026-09-25T02:30:00Z,แม่ลาด,9,0.0,0.0,0.0,,,True
1790303400,2026-09-25T02:30:00Z,วังยาง,10,0.0,0.0,0.0,,,True
1790303400,2026-09-25T02:30:00Z,วังแขม,28,0.003,0.098,0.0357,,105,True
1790303400,2026-09-25T02:30:00Z,หัวถนน,10,0.039,0.098,0.4,105,105,True
1790303400,2026-09-25T02:30:00Z,วังไทร,35,0.003,0.098,0.0286,,120,True
1790303400,2026-09-25T02:30:00Z,วังบัว,15,0.046,0.098,0.4667,90,90,True
1790303400,2026-09-25T02:30:00Z,คลองสมบูรณ์,26,0.023,0.098,0.2308,120,120,True
1790303400,2026-09-25T02:30:00Z,พรานกระต่าย,23,0.0,0.0,0.0,,,True
1790303400,2026-09-25T02:30:00Z,หนองหัววัว,14,0.0,0.0,0.0,,,True
1790303400,2026-09-25T02:30:00Z,ท่าไม้,50,0.0,0.0,0.0,,,True
1790303400,2026-09-25T02:30:00Z,วังควง,48,0.0,0.0,0.0,,,True
1790303400,2026-09-25T02:30:00Z,วังตะแบก,17,0.0,0.0,0.0,,,True
1790303400,2026-09-25T02:30:00Z,เขาคีริส,31,0.0,0.0,0.0,,,True
1790303400,2026-09-25T02:30:00Z,คุยบ้านโอง,13,0.0,0.0,0.0,,,True
1790303400,2026-09-25T02:30:00Z,คลองพิไกร,6,0.0,0.0,0.0,,,True
1790303400,2026-09-25T02:30:00Z,ถ้ำกระต่ายทอง,36,0.0,0.0,0.0,,,True
1790303400,2026-09-25T02:30:00Z,ห้วยยั้ง,15,0.0,0.0,0.0,,,True
1790303400,2026-09-25T02:30:00Z,ลานกระบือ,15,0.013,0.098,0.1333,90,90,True
1790303400,2026-09-25T02:30:00Z,ช่องลม,16,0.019,0.201,0.125,60,60,True
1790303400,2026-09-25T02:30:00Z,หนองหลวง,23,0.004,0.098,0.0435,,90,True
1790303400,2026-09-25T02:30:00Z,โนนพลวง,13,0.031,0.201,0.2308,75,75,True
1790303400,2026-09-25T02:30:00Z,ประชาสุขสันต์,12,0.0,0.0,0.0,,,True
1790303400,2026-09-25T02:30:00Z,บึงทับแรต,13,0.0,0.0,0.0,,,True
1790303400,2026-09-25T02:30:00Z,จันทิมา,11,0.027,0.098,0.2727,105,105,True
1790303400,2026-09-25T02:30:00Z,ทุ่งทราย,21,0.005,0.098,0.0476,,75,True
1790303400,2026-09-25T02:30:00Z,ทุ่งทอง,15,0.0,0.0,0.0,,,True
1790303400,2026-09-25T02:30:00Z,ถาวรวัฒนา,17,0.0,0.0,0.0,,,True
1790303400,2026-09-25T02:30:00Z,โพธิ์ทอง,27,0.0,0.0,0.0,,,True
1790303400,2026-09-25T02:30:00Z,หินดาต,27,0.0,0.0,0.0,,,True
1790303400,2026-09-25T02:30:00Z,ปางตาไว,132,0.065,0.946,0.2803,30,15,True
1790303400,2026-09-25T02:30:00Z,บึงสามัคคี,18,0.0,0.0,0.0,,,True
1790303400,2026-09-25T02:30:00Z,วังชะโอน,27,0.073,0.294,0.4444,75,60,True
1790303400,2026-09-25T02:30:00Z,ระหาน,9,0.175,0.299,1.0,60,60,True
1790303400,2026-09-25T02:30:00Z,เทพนิมิต,17,0.092,0.294,0.5882,75,75,True
1790303400,2026-09-25T02:30:00Z,โกสัมพี,98,0.0,0.0,0.0,,,True
1790303400,2026-09-25T02:30:00Z,เพชรชมภู,29,0.0,0.0,0.0,,,True
1790303400,2026-09-25T02:30:00Z,ลานดอกไม้ตก,10,0.0,0.0,0.0,,,True
1790303400,2026-09-25T02:30:00Z,ระแหง,3,0.0,0.0,0.0,,,False
1790303400,2026-09-25T02:30:00Z,หนองบัวเหนือ,22,0.0,0.0,0.0,,,True
1790303400,2026-09-25T02:30:00Z,ไม้งาม,24,0.0,0.0,0.0,,,True
1790303400,2026-09-25T02:30:00Z,โป่งแดง,109,0.0,0.0,0.0,,,True
1790303400,2026-09-25T02:30:00Z,น้ำรึม,27,0.0,0.0,0.0,,,True
1790303400,2026-09-25T02:30:00Z,วังหิน,41,0.0,0.0,0.0,,,True
1790303400,2026-09-25T02:30:00Z,แม่ท้อ,135,0.0,0.0,0.0,,,True
1790303400,2026-09-25T02:30:00Z,ป่ามะม่วง,10,0.0,0.0,0.0,,,True
1790303400,2026-09-25T02:30:00Z,หนองบัวใต้,25,0.0,0.0,0.0,,,True
1790303400,2026-09-25T02:30:00Z,วังประจบ,67,0.0,0.0,0.0,,,True
1790303400,2026-09-25T02:30:00Z,ตลุกกลางทุ่ง,23,0.0,0.0,0.0,,,True
1790303400,2026-09-25T02:30:00Z,ตากออก,27,0.0,0.0,0.0,,,True
1790303400,2026-09-25T02:30:00Z,สมอโคน,22,0.0,0.0,0.0,,,True
1790303400,2026-09-25T02:30:00Z,แม่สลิด,81,0.0,0.0,0.0,,,True
1790303400,2026-09-25T02:30:00Z,ตากตก,12,0.0,0.0,0.0,,,True
1790303400,2026-09-25T02:30:00Z,เกาะตะเภา,22,0.0,0.0,0.0,,,True
1790303400,2026-09-25T02:30:00Z,ทุ่งกระเซาะ,39,0.0,0.0,0.0,,,True
1790303400,2026-09-25T02:30:00Z,ท้องฟ้า,53,0.0,0.0,0.0,,,True
1790303400,2026-09-25T02:30:00Z,สามเงา,8,0.0,0.0,0.0,,,True
1790303400,2026-09-25T02:30:00Z,วังหมัน,19,0.0,0.0,0.0,,,True
1790303400,2026-09-25T02:30:00Z,ยกกระบัตร,73,0.0,0.0,0.0,,,True
1790303400,2026-09-25T02:30:00Z,ย่านรี,27,0.0,0.0,0.0,,,True
1790303400,2026-09-25T02:30:00Z,บ้านนา,530,0.0,0.0,0.0,,,True
1790303400,2026-09-25T02:30:00Z,วังจันทร์,41,0.0,0.0,0.0,,,True
1790303400,2026-09-25T02:30:00Z,แม่ระมาด,13,0.0,0.0,0.0,,,True
1790303400,2026-09-25T02:30:00Z,แม่จะเรา,28,0.0,0.0,0.0,,,True
1790303400,2026-09-25T02:30:00Z,ขะเนจื้อ,79,0.0,0.0,0.0,,,True
1790303400,2026-09-25T02:30:00Z,แม่ตื่น,108,0.0,0.0,0.0,,,True
1790303400,2026-09-25T02:30:00Z,สามหมื่น,104,0.0,0.0,0.0,,,True
1790303400,2026-09-25T02:30:00Z,พระธาตุ,48,0.0,0.0,0.0,,,True
1790303400,2026-09-25T02:30:00Z,แม่ต้าน,45,0.0,0.0,0.0,,,True
1790303400,2026-09-25T02:30:00Z,แม่สอง,121,0.0,0.0,0.0,,,True
1790303400,2026-09-25T02:30:00Z,แม่หละ,64,0.0,0.0,0.0,,,True
1790303400,2026-09-25T02:30:00Z,แม่อุสุ,79,0.0,0.0,0.0,,,True
1790303400,2026-09-25T02:30:00Z,แม่สอด,5,0.0,0.0,0.0,,,True
1790303400,2026-09-25T02:30:00Z,แม่กุ,29,0.0,0.0,0.0,,,True
1790303400,2026-09-25T02:30:00Z,พะวอ,137,0.0,0.0,0.0,,,True
1790303400,2026-09-25T02:30:00Z,แม่ตาว,7,0.0,0.0,0.0,,,True
1790303400,2026-09-25T02:30:00Z,แม่กาษา,67,0.0,0.0,0.0,,,True
1790303400,2026-09-25T02:30:00Z,ท่าสายลวด,16,0.0,0.0,0.0,,,True
1790303400,2026-09-25T02:30:00Z,แม่ปะ,27,0.0,0.0,0.0,,,True
1790303400,2026-09-25T02:30:00Z,มหาวัน,25,0.0,0.0,0.0,,,True
1790303400,2026-09-25T02:30:00Z,ด่านแม่ละเมา,64,0.0,0.0,0.0,,,True
1790303400,2026-09-25T02:30:00Z,พระธาตุผาแดง,21,0.0,0.0,0.0,,,True
1790303400,2026-09-25T02:30:00Z,พบพระ,26,0.03,0.098,0.3077,60,60,True
1790303400,2026-09-25T02:30:00Z,ช่องแคบ,51,0.0,0.0,0.0,,,True
1790303400,2026-09-25T02:30:00Z,คีรีราษฎร์,127,0.021,0.201,0.1969,30,30,True
1790303400,2026-09-25T02:30:00Z,วาเล่ย์,20,0.054,0.201,0.5,60,60,True
1790303400,2026-09-25T02:30:00Z,รวมไทยพัฒนา,25,0.059,0.201,0.56,45,45,True
1790303400,2026-09-25T02:30:00Z,อุ้มผาง,110,0.04,0.201,0.3182,15,15,True
1790303400,2026-09-25T02:30:00Z,หนองหลวง,66,0.301,0.946,0.9697,15,15,True
1790303400,2026-09-25T02:30:00Z,โมโกร,147,0.008,0.098,0.0816,,15,True
1790303400,2026-09-25T02:30:00Z,แม่จัน,354,0.163,1.216,0.678,15,15,True
1790303400,2026-09-25T02:30:00Z,แม่ละมุ้ง,518,0.124,1.103,0.4865,30,15,True
1790303400,2026-09-25T02:30:00Z,แม่กลอง,14,0.07,0.098,0.7143,15,15,True
1790303400,2026-09-25T02:30:00Z,เชียงทอง,126,0.009,0.098,0.0952,,15,True
1790303400,2026-09-25T02:30:00Z,นาโบสถ์,44,0.0,0.0,0.0,,,True
1790303400,2026-09-25T02:30:00Z,ประดาง,13,0.0,0.0,0.0,,,True
1790303400,2026-09-25T02:30:00Z,ธานี,2,0.0,0.0,0.0,,,False
1790303400,2026-09-25T02:30:00Z,บ้านสวน,16,0.024,0.098,0.25,120,120,True
1790303400,2026-09-25T02:30:00Z,เมืองเก่า,39,0.0,0.0,0.0,,,True
1790303400,2026-09-25T02:30:00Z,ปากแคว,4,0.0,0.0,0.0,,,False
1790303400,2026-09-25T02:30:00Z,ยางซ้าย,6,0.0,0.0,0.0,,,True
1790303400,2026-09-25T02:30:00Z,บ้านกล้วย,26,0.0,0.0,0.0,,,True
1790303400,2026-09-25T02:30:00Z,บ้านหลุม,10,0.0,0.0,0.0,,,True
1790303400,2026-09-25T02:30:00Z,ตาลเตี้ย,6,0.016,0.098,0.1667,120,120,True
1790303400,2026-09-25T02:30:00Z,ปากพระ,11,0.0,0.0,0.0,,,True
1790303400,2026-09-25T02:30:00Z,วังทองแดง,16,0.0,0.0,0.0,,,True
1790303400,2026-09-25T02:30:00Z,ลานหอย,30,0.0,0.0,0.0,,,True
1790303400,2026-09-25T02:30:00Z,บ้านด่าน,23,0.0,0.0,0.0,,,True
1790303400,2026-09-25T02:30:00Z,วังตะคร้อ,29,0.0,0.0,0.0,,,True
1790303400,2026-09-25T02:30:00Z,วังน้ำขาว,30,0.0,0.0,0.0,,,True
1790303400,2026-09-25T02:30:00Z,ตลิ่งชัน,83,0.0,0.0,0.0,,,True
1790303400,2026-09-25T02:30:00Z,หนองหญ้าปล้อง,14,0.0,0.0,0.0,,,True
1790303400,2026-09-25T02:30:00Z,วังลึก,22,0.0,0.0,0.0,,,True
1790303400,2026-09-25T02:30:00Z,โตนด,12,0.0,0.0,0.0,,,True
1790303400,2026-09-25T02:30:00Z,ทุ่งหลวง,8,0.012,0.098,0.125,90,90,True
1790303400,2026-09-25T02:30:00Z,บ้านป้อม,15,0.0,0.0,0.0,,,True
1790303400,2026-09-25T02:30:00Z,สามพวง,9,0.0,0.0,0.0,,,True
1790303400,2026-09-25T02:30:00Z,ศรีคีรีมาศ,36,0.003,0.098,0.0278,,105,True
1790303400,2026-09-25T02:30:00Z,หนองจิก,23,0.0,0.0,0.0,,,True
1790303400,2026-09-25T02:30:00Z,นาเชิงคีรี,26,0.0,0.0,0.0,,,True
1790303400,2026-09-25T02:30:00Z,หนองกระดิ่ง,10,0.0,0.0,0.0,,,True
1790303400,2026-09-25T02:30:00Z,บ้านน้ำพุ,25,0.0,0.0,0.0,,,True
1790303400,2026-09-25T02:30:00Z,ทุ่งยางเมือง,7,0.0,0.0,0.0,,,True
1790303400,2026-09-25T02:30:00Z,กง,15,0.0,0.0,0.0,,,True
1790303400,2026-09-25T02:30:00Z,บ้านกร่าง,3,0.0,0.0,0.0,,,False
1790303400,2026-09-25T02:30:00Z,ไกรนอก,12,0.0,0.0,0.0,,,True
1790303400,2026-09-25T02:30:00Z,ไกรกลาง,5,0.0,0.0,0.0,,,True
1790303400,2026-09-25T02:30:00Z,ไกรใน,14,0.0,0.0,0.0,,,True
1790303400,2026-09-25T02:30:00Z,ดงเดือย,9,0.0,0.0,0.0,,,True
1790303400,2026-09-25T02:30:00Z,ป่าแฝก,10,0.0,0.0,0.0,,,True
1790303400,2026-09-25T02:30:00Z,กกแรต,6,0.0,0.0,0.0,,,True
1790303400,2026-09-25T02:30:00Z,ท่าฉนวน,14,0.0,0.0,0.0,,,True
1790303400,2026-09-25T02:30:00Z,หนองตูม,10,0.0,0.0,0.0,,,True
1790303400,2026-09-25T02:30:00Z,บ้านใหม่สุขเกษม,10,0.0,0.0,0.0,,,True
1790303400,2026-09-25T02:30:00Z,หาดเสี้ยว,12,0.0,0.0,0.0,,,True
1790303400,2026-09-25T02:30:00Z,ป่างิ้ว,14,0.0,0.0,0.0,,,True
1790303400,2026-09-25T02:30:00Z,แม่สำ,76,0.0,0.0,0.0,,,True
1790303400,2026-09-25T02:30:00Z,แม่สิน,151,0.0,0.0,0.0,,,True
1790303400,2026-09-25T02:30:00Z,บ้านตึก,68,0.0,0.0,0.0,,,True
1790303400,2026-09-25T02:30:00Z,หนองอ้อ,21,0.0,0.0,0.0,,,True
1790303400,2026-09-25T02:30:00Z,ท่าชัย,31,0.0,0.0,0.0,,,True
1790303400,2026-09-25T02:30:00Z,ศรีสัชนาลัย,7,0.0,0.0,0.0,,,True
1790303400,2026-09-25T02:30:00Z,ดงคู่,19,0.0,0.0,0.0,,,True
1790303400,2026-09-25T02:30:00Z,บ้านแก่ง,121,0.0,0.0,0.0,,,True
1790303400,2026-09-25T02:30:00Z,สารจิตร,14,0.0,0.0,0.0,,,True
1790303400,2026-09-25T02:30:00Z,คลองตาล,1,0.0,0.0,0.0,,,False
1790303400,2026-09-25T02:30:00Z,วังลึก,4,0.024,0.098,0.25,120,120,False
1790303400,2026-09-25T02:30:00Z,สามเรือน,6,0.0,0.0,0.0,,,True
1790303400,2026-09-25T02:30:00Z,บ้านนา,4,0.0,0.0,0.0,,,False
1790303400,2026-09-25T02:30:00Z,วังทอง,6,0.0,0.0,0.0,,,True
1790303400,2026-09-25T02:30:00Z,นาขุนไกร,50,0.0,0.0,0.0,,,True
1790303400,2026-09-25T02:30:00Z,เกาะตาเลี้ยง,28,0.028,0.201,0.25,120,105,True
1790303400,2026-09-25T02:30:00Z,วัดเกาะ,4,0.0,0.0,0.0,,,False
1790303400,2026-09-25T02:30:00Z,บ้านไร่,5,0.0,0.0,0.0,,,True
1790303400,2026-09-25T02:30:00Z,ทับผึ้ง,4,0.0,0.0,0.0,,,False
1790303400,2026-09-25T02:30:00Z,บ้านซ่าน,6,0.0,0.0,0.0,,,True
1790303400,2026-09-25T02:30:00Z,วังใหญ่,10,0.0,0.0,0.0,,,True
1790303400,2026-09-25T02:30:00Z,ราวต้นจันทร์,14,0.0,0.0,0.0,,,True
1790303400,2026-09-25T02:30:00Z,เมืองสวรรคโลก,1,0.0,0.0,0.0,,,False
1790303400,2026-09-25T02:30:00Z,ในเมือง,15,0.0,0.0,0.0,,,True
1790303400,2026-09-25T02:30:00Z,คลองกระจง,6,0.0,0.0,0.0,,,True
1790303400,2026-09-25T02:30:00Z,วังพิณพาทย์,2,0.0,0.0,0.0,,,False
1790303400,2026-09-25T02:30:00Z,วังไม้ขอน,4,0.0,0.0,0.0,,,False
1790303400,2026-09-25T02:30:00Z,ย่านยาว,9,0.0,0.0,0.0,,,True
1790303400,2026-09-25T02:30:00Z,นาทุ่ง,17,0.0,0.0,0.0,,,True
1790303400,2026-09-25T02:30:00Z,คลองยาง,28,0.0,0.0,0.0,,,True
1790303400,2026-09-25T02:30:00Z,เมืองบางยม,3,0.0,0.0,0.0,,,False
1790303400,2026-09-25T02:30:00Z,ท่าทอง,3,0.0,0.0,0.0,,,False
1790303400,2026-09-25T02:30:00Z,ปากน้ำ,22,0.004,0.098,0.0455,,120,True
1790303400,2026-09-25T02:30:00Z,ป่ากุมเกาะ,16,0.0,0.0,0.0,,,True
1790303400,2026-09-25T02:30:00Z,เมืองบางขลัง,19,0.0,0.0,0.0,,,True
1790303400,2026-09-25T02:30:00Z,หนองกลับ,11,0.0,0.0,0.0,,,True
1790303400,2026-09-25T02:30:00Z,ศรีนคร,6,0.0,0.0,0.0,,,True
1790303400,2026-09-25T02:30:00Z,นครเดิฐ,12,0.0,0.0,0.0,,,True
1790303400,2026-09-25T02:30:00Z,น้ำขุม,8,0.0,0.0,0.0,,,True
1790303400,2026-09-25T02:30:00Z,คลองมะพลับ,14,0.0,0.0,0.0,,,True
1790303400,2026-09-25T02:30:00Z,หนองบัว,6,0.0,0.0,0.0,,,True
1790303400,2026-09-25T02:30:00Z,บ้านใหม่ไชยมงคล,21,0.0,0.0,0.0,,,True
1790303400,2026-09-25T02:30:00Z,ไทยชนะศึก,22,0.0,0.0,0.0,,,True
1790303400,2026-09-25T02:30:00Z,ทุ่งเสลี่ยม,18,0.0,0.0,0.0,,,True
1790303400,2026-09-25T02:30:00Z,กลางดง,71,0.0,0.0,0.0,,,True
1790303400,2026-09-25T02:30:00Z,เขาแก้วศรีสมบูรณ,12,0.0,0.0,0.0,,,True
1790303400,2026-09-25T02:30:00Z,ในเมือง,5,0.0,0.0,0.0,,,True
1790303400,2026-09-25T02:30:00Z,วังน้ำคู้,8,0.024,0.098,0.25,15,15,True
1790303400,2026-09-25T02:30:00Z,วัดจันทร์,3,0.0,0.0,0.0,,,False
1790303400,2026-09-25T02:30:00Z,วัดพริก,12,0.033,0.201,0.25,15,15,True
1790303400,2026-09-25T02:30:00Z,ท่าทอง,5,0.0,0.0,0.0,,,True
1790303400,2026-09-25T02:30:00Z,ท่าโพธิ์,10,0.01,0.098,0.1,30,30,True
1790303400,2026-09-25T02:30:00Z,สมอแข,12,0.008,0.098,0.0833,,15,True
1790303400,2026-09-25T02:30:00Z,ดอนทอง,38,0.0,0.0,0.0,,,True
1790303400,2026-09-25T02:30:00Z,บ้านป่า,14,0.0,0.0,0.0,,,True
1790303400,2026-09-25T02:30:00Z,ปากโทก,3,0.0,0.0,0.0,,,False
1790303400,2026-09-25T02:30:00Z,หัวรอ,9,0.0,0.0,0.0,,,True
1790303400,2026-09-25T02:30:00Z,จอมทอง,3,0.0,0.0,0.0,,,False
1790303400,2026-09-25T02:30:00Z,บ้านกร่าง,14,0.0,0.0,0.0,,,True
1790303400,2026-09-25T02:30:00Z,บ้านคลอง,2,0.0,0.0,0.0,,,False
1790303400,2026-09-25T02:30:00Z,พลายชุมพล,3,0.0,0.0,0.0,,,False
1790303400,2026-09-25T02:30:00Z,มะขามสูง,6,0.0,0.0,0.0,,,True
1790303400,2026-09-25T02:30:00Z,อรัญญิก,6,0.0,0.0,0.0,,,True
1790303400,2026-09-25T02:30:00Z,บึงพระ,10,0.02,0.098,0.2,30,30,True
1790303400,2026-09-25T02:30:00Z,ไผ่ขอดอน,10,0.0,0.0,0.0,,,True
1790303400,2026-09-25T02:30:00Z,งิ้วงาม,5,0.04,0.201,0.2,15,15,True
1790303400,2026-09-25T02:30:00Z,นครไทย,9,0.0,0.0,0.0,,,True
1790303400,2026-09-25T02:30:00Z,หนองกะท้าว,119,0.0,0.0,0.0,,,True
1790303400,2026-09-25T02:30:00Z,บ้านแยง,51,0.0,0.0,0.0,,,True
1790303400,2026-09-25T02:30:00Z,เนินเพิ่ม,80,0.0,0.0,0.0,,,True
1790303400,2026-09-25T02:30:00Z,นาบัว,48,0.0,0.0,0.0,,,True
1790303400,2026-09-25T02:30:00Z,นครชุม,44,0.0,0.0,0.0,,,True
1790303400,2026-09-25T02:30:00Z,น้ำกุ่ม,38,0.0,0.0,0.0,,,True
1790303400,2026-09-25T02:30:00Z,ยางโกลน,32,0.0,0.0,0.0,,,True
1790303400,2026-09-25T02:30:00Z,บ่อโพธิ์,76,0.0,0.0,0.0,,,True
1790303400,2026-09-25T02:30:00Z,บ้านพร้าว,30,0.0,0.0,0.0,,,True
1790303400,2026-09-25T02:30:00Z,ห้วยเฮี้ย,70,0.0,0.0,0.0,,,True
1790303400,2026-09-25T02:30:00Z,ป่าแดง,25,0.008,0.098,0.08,,15,True
1790303400,2026-09-25T02:30:00Z,ชาติตระการ,65,0.0,0.0,0.0,,,True
1790303400,2026-09-25T02:30:00Z,สวนเมี่ยง,49,0.0,0.0,0.0,,,True
1790303400,2026-09-25T02:30:00Z,บ้านดง,90,0.026,0.201,0.2333,30,15,True
1790303400,2026-09-25T02:30:00Z,บ่อภาค,162,0.0,0.0,0.0,,,True
1790303400,2026-09-25T02:30:00Z,ท่าสะแก,24,0.0,0.0,0.0,,,True
1790303400,2026-09-25T02:30:00Z,บางระกำ,28,0.007,0.098,0.0714,,45,True
1790303400,2026-09-25T02:30:00Z,ปลักแรด,16,0.012,0.098,0.125,60,45,True
1790303400,2026-09-25T02:30:00Z,พันเสา,18,0.038,0.201,0.3333,45,45,True
1790303400,2026-09-25T02:30:00Z,วังอิทก,11,0.045,0.201,0.3636,30,30,True
1790303400,2026-09-25T02:30:00Z,บึงกอก,21,0.0,0.0,0.0,,,True
1790303400,2026-09-25T02:30:00Z,หนองกุลา,39,0.01,0.098,0.1026,75,60,True
1790303400,2026-09-25T02:30:00Z,ชุมแสงสงคราม,35,0.0,0.0,0.0,,,True
1790303400,2026-09-25T02:30:00Z,นิคมพัฒนา,14,0.0,0.0,0.0,,,True
1790303400,2026-09-25T02:30:00Z,บ่อทอง,12,0.008,0.098,0.0833,,30,True
1790303400,2026-09-25T02:30:00Z,ท่านางงาม,23,0.0,0.0,0.0,,,True
1790303400,2026-09-25T02:30:00Z,คุยม่วง,29,0.0,0.0,0.0,,,True
1790303400,2026-09-25T02:30:00Z,บางกระทุ่ม,9,0.0,0.0,0.0,,,True
1790303400,2026-09-25T02:30:00Z,บ้านไร่,8,0.0,0.0,0.0,,,True
1790303400,2026-09-25T02:30:00Z,โคกสลุด,6,0.016,0.098,0.1667,15,15,True
1790303400,2026-09-25T02:30:00Z,สนามคลี,6,0.0,0.0,0.0,,,True
1790303400,2026-09-25T02:30:00Z,ท่าตาล,15,0.0,0.0,0.0,,,True
1790303400,2026-09-25T02:30:00Z,ไผ่ล้อม,9,0.0,0.0,0.0,,,True
1790303400,2026-09-25T02:30:00Z,นครป่าหมาก,13,0.008,0.098,0.0769,,15,True
1790303400,2026-09-25T02:30:00Z,เนินกุ่ม,15,0.0,0.0,0.0,,,True
1790303400,2026-09-25T02:30:00Z,วัดตายม,10,0.0,0.0,0.0,,,True
1790303400,2026-09-25T02:30:00Z,พรหมพิราม,21,0.0,0.0,0.0,,,True
1790303400,2026-09-25T02:30:00Z,ท่าช้าง,17,0.0,0.0,0.0,,,True
1790303400,2026-09-25T02:30:00Z,วงฆ้อง,13,0.0,0.0,0.0,,,True
1790303400,2026-09-25T02:30:00Z,มะตูม,5,0.0,0.0,0.0,,,True
1790303400,2026-09-25T02:30:00Z,หอกลอง,14,0.0,0.0,0.0,,,True
1790303400,2026-09-25T02:30:00Z,ศรีภิรมย์,24,0.016,0.098,0.1667,90,90,True
1790303400,2026-09-25T02:30:00Z,ตลุกเทียม,19,0.031,0.098,0.3158,105,90,True
1790303400,2026-09-25T02:30:00Z,วังวน,17,0.0,0.0,0.0,,,True
1790303400,2026-09-25T02:30:00Z,หนองแขม,15,0.0,0.0,0.0,,,True
1790303400,2026-09-25T02:30:00Z,มะต้อง,11,0.0,0.0,0.0,,,True
1790303400,2026-09-25T02:30:00Z,ทับยายเชียง,28,0.003,0.098,0.0357,,15,True
1790303400,2026-09-25T02:30:00Z,ดงประคำ,22,0.018,0.098,0.1818,75,60,True
1790303400,2026-09-25T02:30:00Z,วัดโบสถ์,13,0.0,0.0,0.0,,,True
1790303400,2026-09-25T02:30:00Z,ท่างาม,24,0.0,0.0,0.0,,,True
1790303400,2026-09-25T02:30:00Z,ท้อแท้,9,0.0,0.0,0.0,,,True
1790303400,2026-09-25T02:30:00Z,บ้านยาง,47,0.0,0.0,0.0,,,True
1790303400,2026-09-25T02:30:00Z,หินลาด,30,0.003,0.098,0.0333,,60,True
1790303400,2026-09-25T02:30:00Z,คันโช้ง,103,0.015,0.201,0.1359,60,45,True
1790303400,2026-09-25T02:30:00Z,วังทอง,12,0.0,0.0,0.0,,,True
1790303400,2026-09-25T02:30:00Z,พันชาลี,29,0.0,0.0,0.0,,,True
1790303400,2026-09-25T02:30:00Z,แม่ระกา,18,0.0,0.0,0.0,,,True
1790303400,2026-09-25T02:30:00Z,บ้านกลาง,81,0.0,0.0,0.0,,,True
1790303400,2026-09-25T02:30:00Z,วังพิกุล,20,0.015,0.098,0.15,15,15,True
1790303400,2026-09-25T02:30:00Z,แก่งโสภา,35,0.0,0.0,0.0,,,True
1790303400,2026-09-25T02:30:00Z,ท่าหมื่นราม,24,0.0,0.0,0.0,,,True
1790303400,2026-09-25T02:30:00Z,วังนกแอ่น,162,0.0,0.0,0.0,,,True
1790303400,2026-09-25T02:30:00Z,หนองพระ,16,0.0,0.0,0.0,,,True
1790303400,2026-09-25T02:30:00Z,ชัยนาม,13,0.0,0.0,0.0,,,True
1790303400,2026-09-25T02:30:00Z,ดินทอง,15,0.0,0.0,0.0,,,True
1790303400,2026-09-25T02:30:00Z,ชมพู,120,0.0,0.0,0.0,,,True
1790303400,2026-09-25T02:30:00Z,บ้านมุง,57,0.002,0.098,0.0175,,30,True
1790303400,2026-09-25T02:30:00Z,ไทรย้อย,20,0.03,0.201,0.25,45,45,True
1790303400,2026-09-25T02:30:00Z,วังโพรง,18,0.049,0.196,0.3889,30,15,True
1790303400,2026-09-25T02:30:00Z,บ้านน้อยซุ้มขี้เ,19,0.0,0.0,0.0,,,True
1790303400,2026-09-25T02:30:00Z,เนินมะปราง,24,0.0,0.0,0.0,,,True
1790303400,2026-09-25T02:30:00Z,วังยาง,18,0.088,0.201,0.6667,15,15,True
1790303400,2026-09-25T02:30:00Z,ในเมือง,2,0.0,0.0,0.0,,,False
1790303400,2026-09-25T02:30:00Z,ไผ่ขวาง,5,0.0,0.0,0.0,,,True
1790303400,2026-09-25T02:30:00Z,ย่านยาว,6,0.0,0.0,0.0,,,True
1790303400,2026-09-25T02:30:00Z,ท่าฬอ,8,0.0,0.0,0.0,,,True
1790303400,2026-09-25T02:30:00Z,ปากทาง,5,0.0,0.0,0.0,,,True
1790303400,2026-09-25T02:30:00Z,คลองคะเชนทร์,10,0.0,0.0,0.0,,,True
1790303400,2026-09-25T02:30:00Z,โรงช้าง,6,0.0,0.0,0.0,,,True
1790303400,2026-09-25T02:30:00Z,เมืองเก่า,11,0.0,0.0,0.0,,,True
1790303400,2026-09-25T02:30:00Z,ท่าหลวง,5,0.0,0.0,0.0,,,True
1790303400,2026-09-25T02:30:00Z,บ้านบุ่ง,15,0.026,0.196,0.2,30,15,True
1790303400,2026-09-25T02:30:00Z,ฆะมัง,9,0.065,0.294,0.4444,15,15,True
1790303400,2026-09-25T02:30:00Z,ดงป่าคำ,13,0.234,0.397,1.0,15,15,True
1790303400,2026-09-25T02:30:00Z,หัวดง,14,0.211,0.392,1.0,15,15,True
1790303400,2026-09-25T02:30:00Z,ป่ามะคาบ,15,0.0,0.0,0.0,,,True
1790303400,2026-09-25T02:30:00Z,สายคำโห้,8,0.049,0.098,0.5,75,75,True
1790303400,2026-09-25T02:30:00Z,ดงกลาง,6,0.196,0.49,0.8333,15,15,True
1790303400,2026-09-25T02:30:00Z,วังทรายพูน,18,0.082,0.294,0.5,15,15,True
1790303400,2026-09-25T02:30:00Z,หนองปลาไหล,14,0.0,0.0,0.0,,,True
1790303400,2026-09-25T02:30:00Z,หนองพระ,20,0.073,0.196,0.65,15,15,True
1790303400,2026-09-25T02:30:00Z,หนองปล้อง,14,0.197,0.392,1.0,15,15,True
1790303400,2026-09-25T02:30:00Z,โพธิ์ประทับช้าง,12,0.172,0.392,0.6667,30,30,True
1790303400,2026-09-25T02:30:00Z,ไผ่ท่าโพ,11,0.169,0.294,1.0,30,30,True
1790303400,2026-09-25T02:30:00Z,วังจิก,13,0.06,0.294,0.3077,30,30,True
1790303400,2026-09-25T02:30:00Z,ไผ่รอบ,23,0.0,0.0,0.0,,,True
1790303400,2026-09-25T02:30:00Z,ดงเสือเหลือง,12,0.204,0.49,0.8333,45,45,True
1790303400,2026-09-25T02:30:00Z,เนินสว่าง,15,0.007,0.098,0.0667,,30,True
1790303400,2026-09-25T02:30:00Z,ทุ่งใหญ่,16,0.006,0.098,0.0625,,45,True
1790303400,2026-09-25T02:30:00Z,ตะพานหิน,1,0.196,0.196,1.0,15,15,False
1790303400,2026-09-25T02:30:00Z,งิ้วราย,9,0.218,0.294,1.0,15,15,True
1790303400,2026-09-25T02:30:00Z,ห้วยเกตุ,5,0.235,0.294,1.0,15,15,True
1790303400,2026-09-25T02:30:00Z,ไทรโรงโขน,3,0.0,0.0,0.0,,,False
1790303400,2026-09-25T02:30:00Z,หนองพยอม,11,0.116,0.201,1.0,15,15,True
1790303400,2026-09-25T02:30:00Z,ทุ่งโพธิ์,5,0.0,0.0,0.0,,,True
1790303400,2026-09-25T02:30:00Z,ดงตะขบ,9,0.0,0.0,0.0,,,True
1790303400,2026-09-25T02:30:00Z,คลองคูณ,11,0.08,0.196,0.6364,15,15,True
1790303400,2026-09-25T02:30:00Z,วังสำโรง,16,0.325,0.495,1.0,15,15,True
1790303400,2026-09-25T02:30:00Z,วังหว้า,10,0.235,0.294,1.0,15,15,True
1790303400,2026-09-25T02:30:00Z,วังหลุม,15,0.065,0.196,0.4667,15,15,True
1790303400,2026-09-25T02:30:00Z,ทับหมัน,10,0.294,0.392,1.0,15,15,True
1790303400,2026-09-25T02:30:00Z,ไผ่หลวง,4,0.22,0.294,1.0,15,15,False
1790303400,2026-09-25T02:30:00Z,บางไผ่,12,0.0,0.0,0.0,,,True
1790303400,2026-09-25T02:30:00Z,หอไกร,11,0.0,0.0,0.0,,,True
1790303400,2026-09-25T02:30:00Z,เนินมะกอก,20,0.0,0.0,0.0,,,True
1790303400,2026-09-25T02:30:00Z,วังสำโรง,15,0.0,0.0,0.0,,,True
1790303400,2026-09-25T02:30:00Z,ภูมิ,8,0.0,0.0,0.0,,,True
1790303400,2026-09-25T02:30:00Z,วังกรด,9,0.0,0.0,0.0,,,True
1790303400,2026-09-25T02:30:00Z,ห้วยเขน,2,0.0,0.0,0.0,,,False
1790303400,2026-09-25T02:30:00Z,วังตะกู,11,0.0,0.0,0.0,,,True
1790303400,2026-09-25T02:30:00Z,ลำประดา,11,0.0,0.0,0.0,,,True
1790303400,2026-09-25T02:30:00Z,โพทะเล,9,0.076,0.294,0.4444,15,15,True
1790303400,2026-09-25T02:30:00Z,ท้ายน้ำ,13,0.317,0.397,1.0,15,15,True
1790303400,2026-09-25T02:30:00Z,ทะนง,20,0.084,0.299,0.4,30,30,True
1790303400,2026-09-25T02:30:00Z,ท่าบัว,13,0.0,0.0,0.0,,,True
1790303400,2026-09-25T02:30:00Z,ทุ่งน้อย,8,0.024,0.196,0.125,15,15,True
1790303400,2026-09-25T02:30:00Z,ท่าขมิ้น,19,0.0,0.0,0.0,,,True
1790303400,2026-09-25T02:30:00Z,ท่าเสา,15,0.0,0.0,0.0,,,True
1790303400,2026-09-25T02:30:00Z,บางคลาน,7,0.0,0.0,0.0,,,True
1790303400,2026-09-25T02:30:00Z,ท่านั่ง,6,0.0,0.0,0.0,,,True
1790303400,2026-09-25T02:30:00Z,บ้านน้อย,10,0.0,0.0,0.0,,,True
1790303400,2026-09-25T02:30:00Z,วัดขวาง,11,0.314,0.495,1.0,15,15,True
1790303400,2026-09-25T02:30:00Z,สามง่าม,14,0.028,0.098,0.2857,15,15,True
1790303400,2026-09-25T02:30:00Z,กำแพงดิน,15,0.013,0.098,0.1333,15,15,True
1790303400,2026-09-25T02:30:00Z,รังนก,11,0.0,0.0,0.0,,,True
1790303400,2026-09-25T02:30:00Z,เนินปอ,22,0.0,0.0,0.0,,,True
1790303400,2026-09-25T02:30:00Z,หนองโสน,27,0.007,0.098,0.0741,,45,True
1790303400,2026-09-25T02:30:00Z,ทับคล้อ,15,0.0,0.0,0.0,,,True
1790303400,2026-09-25T02:30:00Z,เขาทราย,34,0.0,0.0,0.0,,,True
1790303400,2026-09-25T02:30:00Z,เขาเจ็ดลูก,29,0.047,0.098,0.4828,15,15,True
1790303400,2026-09-25T02:30:00Z,ท้ายทุ่ง,26,0.0,0.0,0.0,,,True
1790303400,2026-09-25T02:30:00Z,สากเหล็ก,19,0.0,0.0,0.0,,,True
1790303400,2026-09-25T02:30:00Z,ท่าเยี่ยม,4,0.0,0.0,0.0,,,False
1790303400,2026-09-25T02:30:00Z,คลองทราย,5,0.0,0.0,0.0,,,True
1790303400,2026-09-25T02:30:00Z,หนองหญ้าไทร,7,0.0,0.0,0.0,,,True
1790303400,2026-09-25T02:30:00Z,วังทับไทร,10,0.0,0.0,0.0,,,True
1790303400,2026-09-25T02:30:00Z,ห้วยแก้ว,13,0.356,0.598,1.0,30,30,True
1790303400,2026-09-25T02:30:00Z,โพธิ์ไทรงาม,12,0.302,0.495,1.0,30,30,True
1790303400,2026-09-25T02:30:00Z,แหลมรัง,21,0.173,0.495,0.8571,60,30,True
1790303400,2026-09-25T02:30:00Z,บางลาย,12,0.401,0.598,1.0,15,15,True
1790303400,2026-09-25T02:30:00Z,บึงนาราง,16,0.245,0.392,1.0,15,15,True
1790303400,2026-09-25T02:30:00Z,วังงิ้วใต้,7,0.0,0.0,0.0,,,True
1790303400,2026-09-25T02:30:00Z,วังงิ้ว,13,0.0,0.0,0.0,,,True
1790303400,2026-09-25T02:30:00Z,ห้วยร่วม,13,0.0,0.0,0.0,,,True
1790303400,2026-09-25T02:30:00Z,ห้วยพุก,10,0.0,0.0,0.0,,,True
1790303400,2026-09-25T02:30:00Z,สำนักขุนเณร,13,0.0,0.0,0.0,,,True
1790303400,2026-09-25T02:30:00Z,บ้านนา,24,0.037,0.098,0.375,30,15,True
1790303400,2026-09-25T02:30:00Z,บึงบัว,18,0.022,0.098,0.2222,45,30,True
1790303400,2026-09-25T02:30:00Z,วังโมกข์,16,0.0,0.0,0.0,,,True
1790303400,2026-09-25T02:30:00Z,หนองหลุม,10,0.01,0.098,0.1,30,30,True
1790303400,2026-09-25T02:30:00Z,ในเมือง,2,0.0,0.0,0.0,,,False
1790303400,2026-09-25T02:30:00Z,ตะเบาะ,48,0.0,0.0,0.0,,,True
1790303400,2026-09-25T02:30:00Z,บ้านโตก,38,0.0,0.0,0.0,,,True
1790303400,2026-09-25T02:30:00Z,สะเดียง,13,0.0,0.0,0.0,,,True
1790303400,2026-09-25T02:30:00Z,ป่าเลา,81,0.016,0.201,0.1481,30,15,True
1790303400,2026-09-25T02:30:00Z,นางั่ว,21,0.0,0.0,0.0,,,True
1790303400,2026-09-25T02:30:00Z,ท่าพล,35,0.0,0.0,0.0,,,True
1790303400,2026-09-25T02:30:00Z,ดงมูลเหล็ก,12,0.0,0.0,0.0,,,True
1790303400,2026-09-25T02:30:00Z,บ้านโคก,21,0.0,0.0,0.0,,,True
1790303400,2026-09-25T02:30:00Z,ชอนไพร,11,0.0,0.0,0.0,,,True
1790303400,2026-09-25T02:30:00Z,นาป่า,36,0.0,0.0,0.0,,,True
1790303400,2026-09-25T02:30:00Z,นายม,71,0.0,0.0,0.0,,,True
1790303400,2026-09-25T02:30:00Z,วังชมภู,35,0.0,0.0,0.0,,,True
1790303400,2026-09-25T02:30:00Z,น้ำร้อน,11,0.0,0.0,0.0,,,True
1790303400,2026-09-25T02:30:00Z,ห้วยสะแก,25,0.0,0.0,0.0,,,True
1790303400,2026-09-25T02:30:00Z,ห้วยใหญ่,95,0.0,0.0,0.0,,,True
1790303400,2026-09-25T02:30:00Z,ระวิง,18,0.0,0.0,0.0,,,True
1790303400,2026-09-25T02:30:00Z,ชนแดน,31,0.0,0.0,0.0,,,True
1790303400,2026-09-25T02:30:00Z,ดงขุย,24,0.0,0.0,0.0,,,True
1790303400,2026-09-25T02:30:00Z,ท่าข้าม,24,0.0,0.0,0.0,,,True
1790303400,2026-09-25T02:30:00Z,พุทธบาท,59,0.0,0.0,0.0,,,True
1790303400,2026-09-25T02:30:00Z,ลาดแค,45,0.0,0.0,0.0,,,True
1790303400,2026-09-25T02:30:00Z,บ้านกล้วย,30,0.0,0.0,0.0,,,True
1790303400,2026-09-25T02:30:00Z,ซับพุทรา,28,0.0,0.0,0.0,,,True
1790303400,2026-09-25T02:30:00Z,ตะกุดไร,22,0.0,0.0,0.0,,,True
1790303400,2026-09-25T02:30:00Z,ศาลาลาย,16,0.0,0.0,0.0,,,True
1790303400,2026-09-25T02:30:00Z,วัดป่า,3,0.0,0.0,0.0,,,False
1790303400,2026-09-25T02:30:00Z,ตาลเดี่ยว,2,0.0,0.0,0.0,,,False
1790303400,2026-09-25T02:30:00Z,ฝายนาแซง,3,0.0,0.0,0.0,,,False
1790303400,2026-09-25T02:30:00Z,หนองสว่าง,2,0.0,0.0,0.0,,,False
1790303400,2026-09-25T02:30:00Z,น้ำเฮี้ย,1,0.0,0.0,0.0,,,False
1790303400,2026-09-25T02:30:00Z,สักหลง,6,0.0,0.0,0.0,,,True
1790303400,2026-09-25T02:30:00Z,ท่าอิบุญ,32,0.0,0.0,0.0,,,True
1790303400,2026-09-25T02:30:00Z,บ้านโสก,4,0.0,0.0,0.0,,,False
1790303400,2026-09-25T02:30:00Z,บ้านติ้ว,21,0.0,0.0,0.0,,,True
1790303400,2026-09-25T02:30:00Z,ห้วยไร่,16,0.0,0.0,0.0,,,True
1790303400,2026-09-25T02:30:00Z,น้ำก้อ,13,0.0,0.0,0.0,,,True
1790303400,2026-09-25T02:30:00Z,ปากช่อง,86,0.0,0.0,0.0,,,True
1790303400,2026-09-25T02:30:00Z,น้ำชุน,19,0.0,0.0,0.0,,,True
1790303400,2026-09-25T02:30:00Z,หนองไขว่,7,0.0,0.0,0.0,,,True
1790303400,2026-09-25T02:30:00Z,ลานบ่า,12,0.0,0.0,0.0,,,True
1790303400,2026-09-25T02:30:00Z,บุ่งคล้า,10,0.0,0.0,0.0,,,True
1790303400,2026-09-25T02:30:00Z,บุ่งน้ำเต้า,20,0.0,0.0,0.0,,,True
1790303400,2026-09-25T02:30:00Z,บ้านกลาง,50,0.0,0.0,0.0,,,True
1790303400,2026-09-25T02:30:00Z,ช้างตะลูด,29,0.0,0.0,0.0,,,True
1790303400,2026-09-25T02:30:00Z,บ้านไร่,6,0.0,0.0,0.0,,,True
1790303400,2026-09-25T02:30:00Z,ปากดุก,3,0.0,0.0,0.0,,,False
1790303400,2026-09-25T02:30:00Z,บ้านหวาย,5,0.0,0.0,0.0,,,True
1790303400,2026-09-25T02:30:00Z,หล่มเก่า,12,0.0,0.0,0.0,,,True
1790303400,2026-09-25T02:30:00Z,นาซำ,22,0.0,0.0,0.0,,,True
1790303400,2026-09-25T02:30:00Z,หินฮาว,33,0.0,0.0,0.0,,,True
1790303400,2026-09-25T02:30:00Z,บ้านเนิน,29,0.0,0.0,0.0,,,True
1790303400,2026-09-25T02:30:00Z,ศิลา,73,0.0,0.0,0.0,,,True
1790303400,2026-09-25T02:30:00Z,นาแซง,3,0.0,0.0,0.0,,,False
1790303400,2026-09-25T02:30:00Z,วังบาล,24,0.0,0.0,0.0,,,True
1790303400,2026-09-25T02:30:00Z,นาเกาะ,5,0.0,0.0,0.0,,,True
1790303400,2026-09-25T02:30:00Z,ตาดกลอย,46,0.0,0.0,0.0,,,True
1790303400,2026-09-25T02:30:00Z,ท่าโรง,30,0.121,0.397,0.6667,60,45,True
1790303400,2026-09-25T02:30:00Z,สระประดู่,14,0.162,0.299,0.9286,75,75,True
1790303400,2026-09-25T02:30:00Z,สามแยก,24,0.004,0.098,0.0417,,90,True
1790303400,2026-09-25T02:30:00Z,โคกปรง,28,0.0,0.0,0.0,,,True
1790303400,2026-09-25T02:30:00Z,น้ำร้อน,35,0.171,0.495,0.8571,30,15,True
1790303400,2026-09-25T02:30:00Z,บ่อรัง,51,0.081,0.386,0.4902,45,30,True
1790303400,2026-09-25T02:30:00Z,พุเตย,16,0.172,0.392,0.75,75,60,True
1790303400,2026-09-25T02:30:00Z,พุขาม,18,0.054,0.196,0.4444,90,90,True
1790303400,2026-09-25T02:30:00Z,ภูน้ำหยด,37,0.122,0.397,0.6216,105,75,True
1790303400,2026-09-25T02:30:00Z,ซับสมบูรณ์,16,0.037,0.294,0.1875,75,75,True
1790303400,2026-09-25T02:30:00Z,บึงกระจับ,14,0.0,0.0,0.0,,,True
1790303400,2026-09-25T02:30:00Z,วังใหญ่,14,0.127,0.294,0.8571,90,90,True
1790303400,2026-09-25T02:30:00Z,ยางสาว,45,0.0,0.0,0.0,,,True
1790303400,2026-09-25T02:30:00Z,ซับน้อย,35,0.0,0.0,0.0,,,True
1790303400,2026-09-25T02:30:00Z,ศรีเทพ,39,0.033,0.201,0.2564,15,15,True
1790303400,2026-09-25T02:30:00Z,สระกรวด,21,0.028,0.201,0.1905,45,45,True
1790303400,2026-09-25T02:30:00Z,คลองกระจัง,44,0.007,0.098,0.0682,,60,True
1790303400,2026-09-25T02:30:00Z,นาสนุ่น,41,0.012,0.098,0.122,75,15,True
1790303400,2026-09-25T02:30:00Z,โคกสะอาด,17,0.012,0.098,0.1176,45,45,True
1790303400,2026-09-25T02:30:00Z,หนองย่างทอย,32,0.006,0.098,0.0625,,30,True
1790303400,2026-09-25T02:30:00Z,ประดู่งาม,10,0.02,0.098,0.2,60,60,True
1790303400,2026-09-25T02:30:00Z,กองทูล,13,0.0,0.0,0.0,,,True
1790303400,2026-09-25T02:30:00Z,นาเฉลียง,15,0.0,0.0,0.0,,,True
1790303400,2026-09-25T02:30:00Z,บ้านโภชน์,23,0.0,0.0,0.0,,,True
1790303400,2026-09-25T02:30:00Z,ท่าแดง,23,0.0,0.0,0.0,,,True
1790303400,2026-09-25T02:30:00Z,เพชรละคร,24,0.0,0.0,0.0,,,True
1790303400,2026-09-25T02:30:00Z,บ่อไทย,53,0.0,0.0,0.0,,,True
1790303400,2026-09-25T02:30:00Z,ห้วยโป่ง,12,0.0,0.0,0.0,,,True
1790303400,2026-09-25T02:30:00Z,วังท่าดี,18,0.0,0.0,0.0,,,True
1790303400,2026-09-25T02:30:00Z,บัววัฒนา,22,0.0,0.0,0.0,,,True
1790303400,2026-09-25T02:30:00Z,หนองไผ่,20,0.0,0.0,0.0,,,True
1790303400,2026-09-25T02:30:00Z,วังโบสถ์,22,0.0,0.0,0.0,,,True
1790303400,2026-09-25T02:30:00Z,ยางงาม,29,0.0,0.0,0.0,,,True
1790303400,2026-09-25T02:30:00Z,ท่าด้วง,41,0.0,0.0,0.0,,,True
1790303400,2026-09-25T02:30:00Z,ซับสมอทอด,15,0.0,0.0,0.0,,,True
1790303400,2026-09-25T02:30:00Z,ซับไม้แดง,30,0.0,0.0,0.0,,,True
1790303400,2026-09-25T02:30:00Z,หนองแจง,20,0.0,0.0,0.0,,,True
1790303400,2026-09-25T02:30:00Z,กันจุ,30,0.0,0.0,0.0,,,True
1790303400,2026-09-25T02:30:00Z,วังพิกุล,21,0.0,0.0,0.0,,,True
1790303400,2026-09-25T02:30:00Z,พญาวัง,22,0.0,0.0,0.0,,,True
1790303400,2026-09-25T02:30:00Z,ศรีมงคล,13,0.0,0.0,0.0,,,True
1790303400,2026-09-25T02:30:00Z,สระแก้ว,32,0.0,0.0,0.0,,,True
1790303400,2026-09-25T02:30:00Z,บึงสามพัน,11,0.0,0.0,0.0,,,True
1790303400,2026-09-25T02:30:00Z,น้ำหนาว,74,0.0,0.0,0.0,,,True
1790303400,2026-09-25T02:30:00Z,หลักด่าน,49,0.0,0.0,0.0,,,True
1790303400,2026-09-25T02:30:00Z,วังกวาง,78,0.0,0.0,0.0,,,True
1790303400,2026-09-25T02:30:00Z,โคกมน,30,0.0,0.0,0.0,,,True
1790303400,2026-09-25T02:30:00Z,วังโป่ง,23,0.0,0.0,0.0,,,True
1790303400,2026-09-25T02:30:00Z,ท้ายดง,10,0.0,0.0,0.0,,,True
1790303400,2026-09-25T02:30:00Z,ซับเปิบ,36,0.0,0.0,0.0,,,True
1790303400,2026-09-25T02:30:00Z,วังหิน,34,0.006,0.098,0.0588,,30,True
1790303400,2026-09-25T02:30:00Z,วังศาล,20,0.0,0.0,0.0,,,True
1790303400,2026-09-25T02:30:00Z,ทุ่งสมอ,33,0.0,0.0,0.0,,,True
1790303400,2026-09-25T02:30:00Z,แคมป์สน,29,0.0,0.0,0.0,,,True
1790303400,2026-09-25T02:30:00Z,เขาค้อ,37,0.0,0.0,0.0,,,True
1790303400,2026-09-25T02:30:00Z,ริมสีม่วง,30,0.0,0.0,0.0,,,True
1790303400,2026-09-25T02:30:00Z,สะเดาะพง,11,0.0,0.0,0.0,,,True
1790303400,2026-09-25T02:30:00Z,หนองแม่นา,44,0.009,0.201,0.0682,,15,True
1790303400,2026-09-25T02:30:00Z,เข็กน้อย,23,0.0,0.0,0.0,,,True
1790303400,2026-09-25T02:30:00Z,นาสวน,162,0.018,0.299,0.1235,60,30,True
1790303400,2026-09-25T02:30:00Z,เขาโจด,173,0.019,0.196,0.1734,45,30,True
1790303400,2026-09-25T02:30:00Z,ชะแล,421,0.047,0.397,0.2375,30,15,True
1790303400,2026-09-25T02:30:00Z,ไล่โว่,386,0.084,0.609,0.487,30,15,True
1790303400,2026-09-25T02:30:00Z,หนองโสน,19,0.0,0.0,0.0,,,True
1790303400,2026-09-25T02:30:00Z,หนองปลิง,43,0.0,0.0,0.0,,,True
1790303400,2026-09-25T02:30:00Z,ทุ่งกระบ่ำ,22,0.0,0.0,0.0,,,True
1790303400,2026-09-25T02:30:00Z,หนองฝ้าย,37,0.0,0.0,0.0,,,True
1790303400,2026-09-25T02:30:00Z,หนองปรือ,57,0.0,0.0,0.0,,,True
1790303400,2026-09-25T02:30:00Z,หนองปลาไหล,14,0.0,0.0,0.0,,,True
1790303400,2026-09-25T02:30:00Z,สมเด็จเจริญ,33,0.003,0.098,0.0303,,60,True
1790303400,2026-09-25T02:30:00Z,เขาพระ,8,0.0,0.0,0.0,,,True
1790303400,2026-09-25T02:30:00Z,เดิมบาง,9,0.0,0.0,0.0,,,True
1790303400,2026-09-25T02:30:00Z,นางบวช,8,0.0,0.0,0.0,,,True
1790303400,2026-09-25T02:30:00Z,เขาดิน,8,0.0,0.0,0.0,,,True
1790303400,2026-09-25T02:30:00Z,ปากน้ำ,9,0.0,0.0,0.0,,,True
1790303400,2026-09-25T02:30:00Z,ทุ่งคลี,11,0.0,0.0,0.0,,,True
1790303400,2026-09-25T02:30:00Z,โคกช้าง,8,0.0,0.0,0.0,,,True
1790303400,2026-09-25T02:30:00Z,หัวเขา,15,0.0,0.0,0.0,,,True
1790303400,2026-09-25T02:30:00Z,หัวนา,10,0.0,0.0,0.0,,,True
1790303400,2026-09-25T02:30:00Z,บ่อกรุ,11,0.0,0.0,0.0,,,True
1790303400,2026-09-25T02:30:00Z,วังศรีราช,2,0.0,0.0,0.0,,,False
1790303400,2026-09-25T02:30:00Z,ยางนอน,9,0.0,0.0,0.0,,,True
1790303400,2026-09-25T02:30:00Z,หนองกระทุ่ม,22,0.0,0.0,0.0,,,True
1790303400,2026-09-25T02:30:00Z,หนองมะค่าโมง,32,0.0,0.0,0.0,,,True
1790303400,2026-09-25T02:30:00Z,ด่านช้าง,53,0.0,0.0,0.0,,,True
1790303400,2026-09-25T02:30:00Z,ห้วยขมิ้น,44,0.007,0.098,0.0682,,15,True
1790303400,2026-09-25T02:30:00Z,องค์พระ,46,0.004,0.098,0.0435,,60,True
1790303400,2026-09-25T02:30:00Z,วังคัน,22,0.0,0.0,0.0,,,True
1790303400,2026-09-25T02:30:00Z,นิคมกระเสียว,28,0.0,0.0,0.0,,,True
1790303400,2026-09-25T02:30:00Z,วังยาว,84,0.009,0.098,0.0952,,30,True
1790303400,2026-09-25T02:30:00Z,ศรีประจันต์,3,0.0,0.0,0.0,,,False
1790303400,2026-09-25T02:30:00Z,บ้านกร่าง,7,0.0,0.0,0.0,,,True
1790303400,2026-09-25T02:30:00Z,บางงาม,3,0.0,0.0,0.0,,,False
1790303400,2026-09-25T02:30:00Z,ดอนปรู,9,0.0,0.0,0.0,,,True
1790303400,2026-09-25T02:30:00Z,ปลายนา,10,0.0,0.0,0.0,,,True
1790303400,2026-09-25T02:30:00Z,วังหว้า,4,0.0,0.0,0.0,,,False
1790303400,2026-09-25T02:30:00Z,วังน้ำซับ,5,0.0,0.0,0.0,,,True
1790303400,2026-09-25T02:30:00Z,ดอนเจดีย์,15,0.0,0.0,0.0,,,True
1790303400,2026-09-25T02:30:00Z,หนองสาหร่าย,16,0.0,0.0,0.0,,,True
1790303400,2026-09-25T02:30:00Z,สระกระโจม,21,0.0,0.0,0.0,,,True
1790303400,2026-09-25T02:30:00Z,ทะเลบก,20,0.0,0.0,0.0,,,True
1790303400,2026-09-25T02:30:00Z,ย่านยาว,8,0.0,0.0,0.0,,,True
1790303400,2026-09-25T02:30:00Z,วังลึก,15,0.0,0.0,0.0,,,True
1790303400,2026-09-25T02:30:00Z,สามชุก,7,0.0,0.0,0.0,,,True
1790303400,2026-09-25T02:30:00Z,หนองผักนาก,13,0.0,0.0,0.0,,,True
1790303400,2026-09-25T02:30:00Z,บ้านสระ,14,0.0,0.0,0.0,,,True
1790303400,2026-09-25T02:30:00Z,หนองสะเดา,11,0.0,0.0,0.0,,,True
1790303400,2026-09-25T02:30:00Z,กระเสียว,9,0.0,0.0,0.0,,,True
1790303400,2026-09-25T02:30:00Z,หนองหญ้าไซ,19,0.0,0.0,0.0,,,True
1790303400,2026-09-25T02:30:00Z,หนองราชวัตร,17,0.0,0.0,0.0,,,True
1790303400,2026-09-25T02:30:00Z,หนองโพธิ์,19,0.0,0.0,0.0,,,True
1790303400,2026-09-25T02:30:00Z,แจงงาม,19,0.0,0.0,0.0,,,True
1790303400,2026-09-25T02:30:00Z,หนองขาม,17,0.0,0.0,0.0,,,True
1790303400,2026-09-25T02:30:00Z,ทัพหลวง,17,0.0,0.0,0.0,,,True
1790304300,2026-09-25T02:45:00Z,บ้านนา,1,0.0,0.0,0.0,,,False
1790304300,2026-09-25T02:45:00Z,บ้านแพรก,1,0.0,0.0,0.0,,,False
1790304300,2026-09-25T02:45:00Z,บ้านใหม่,2,0.0,0.0,0.0,,,False
1790304300,2026-09-25T02:45:00Z,สำพะเนียง,2,0.0,0.0,0.0,,,False
1790304300,2026-09-25T02:45:00Z,คลองน้อย,1,0.0,0.0,0.0,,,False
1790304300,2026-09-25T02:45:00Z,สองห้อง,4,0.0,0.0,0.0,,,False
1790304300,2026-09-25T02:45:00Z,ศาลาแดง,0,,,,,,False
1790304300,2026-09-25T02:45:00Z,ป่างิ้ว,2,0.0,0.0,0.0,,,False
1790304300,2026-09-25T02:45:00Z,ตลาดกรวด,2,0.0,0.0,0.0,,,False
1790304300,2026-09-25T02:45:00Z,บ้านรี,1,0.0,0.0,0.0,,,False
1790304300,2026-09-25T02:45:00Z,ย่านซื่อ,1,0.0,0.0,0.0,,,False
1790304300,2026-09-25T02:45:00Z,จรเข้ร้อง,2,0.0,0.0,0.0,,,False
1790304300,2026-09-25T02:45:00Z,ไชยภูมิ,2,0.0,0.0,0.0,,,False
1790304300,2026-09-25T02:45:00Z,ชัยฤทธิ์,3,0.0,0.0,0.0,,,False
1790304300,2026-09-25T02:45:00Z,เทวราช,3,0.0,0.0,0.0,,,False
1790304300,2026-09-25T02:45:00Z,ราชสถิตย์,2,0.0,0.0,0.0,,,False
1790304300,2026-09-25T02:45:00Z,ไชโย,3,0.0,0.0,0.0,,,False
1790304300,2026-09-25T02:45:00Z,หลักฟ้า,2,0.0,0.0,0.0,,,False
1790304300,2026-09-25T02:45:00Z,ชะไว,1,0.0,0.0,0.0,,,False
1790304300,2026-09-25T02:45:00Z,ตรีณรงค์,1,0.0,0.0,0.0,,,False
1790304300,2026-09-25T02:45:00Z,อ่างแก้ว,2,0.0,0.0,0.0,,,False
1790304300,2026-09-25T02:45:00Z,อินทประมูล,4,0.0,0.0,0.0,,,False
1790304300,2026-09-25T02:45:00Z,บางพลับ,2,0.0,0.0,0.0,,,False
1790304300,2026-09-25T02:45:00Z,หนองแม่ไก่,4,0.0,0.0,0.0,,,False
1790304300,2026-09-25T02:45:00Z,รำมะสัก,9,0.0,0.0,0.0,,,True
1790304300,2026-09-25T02:45:00Z,บางระกำ,2,0.0,0.0,0.0,,,False
1790304300,2026-09-25T02:45:00Z,โพธิ์รังนก,2,0.0,0.0,0.0,,,False
1790304300,2026-09-25T02:45:00Z,องครักษ์,4,0.0,0.0,0.0,,,False
1790304300,2026-09-25T02:45:00Z,โคกพุทรา,3,0.0,0.0,0.0,,,False
1790304300,2026-09-25T02:45:00Z,ยางซ้าย,6,0.0,0.0,0.0,,,True
1790304300,2026-09-25T02:45:00Z,บ่อแร่,2,0.0,0.0,0.0,,,False
1790304300,2026-09-25T02:45:00Z,ทางพระ,3,0.0,0.0,0.0,,,False
1790304300,2026-09-25T02:45:00Z,สามง่าม,0,,,,,,False
1790304300,2026-09-25T02:45:00Z,บางเจ้าฉ่า,2,0.0,0.0,0.0,,,False
1790304300,2026-09-25T02:45:00Z,คำหยาด,4,0.0,0.0,0.0,,,False
1790304300,2026-09-25T02:45:00Z,แสวงหา,8,0.0,0.0,0.0,,,True
1790304300,2026-09-25T02:45:00Z,ศรีพราน,4,0.0,0.0,0.0,,,False
1790304300,2026-09-25T02:45:00Z,บ้านพราน,6,0.0,0.0,0.0,,,True
1790304300,2026-09-25T02:45:00Z,วังน้ำเย็น,7,0.0,0.0,0.0,,,True
1790304300,2026-09-25T02:45:00Z,สีบัวทอง,11,0.0,0.0,0.0,,,True
1790304300,2026-09-25T02:45:00Z,ห้วยไผ่,5,0.0,0.0,0.0,,,True
1790304300,2026-09-25T02:45:00Z,จำลอง,2,0.0,0.0,0.0,,,False
1790304300,2026-09-25T02:45:00Z,ไผ่จำศีล,0,,,,,,False
1790304300,2026-09-25T02:45:00Z,ศาลเจ้าโรงทอง,0,,,,,,False
1790304300,2026-09-25T02:45:00Z,ยี่ล้น,0,,,,,,False
1790304300,2026-09-25T02:45:00Z,ม่วงเตี้ย,7,0.0,0.0,0.0,,,True
1790304300,2026-09-25T02:45:00Z,สามโก้,3,0.0,0.0,0.0,,,False
1790304300,2026-09-25T02:45:00Z,ราษฎรพัฒนา,2,0.0,0.0,0.0,,,False
1790304300,2026-09-25T02:45:00Z,อบทม,1,0.0,0.0,0.0,,,False
1790304300,2026-09-25T02:45:00Z,มงคลธรรมนิมิต,4,0.0,0.0,0.0,,,False
1790304300,2026-09-25T02:45:00Z,ทะเลชุบศร,4,0.0,0.0,0.0,,,False
1790304300,2026-09-25T02:45:00Z,ท่าหิน,0,,,,,,False
1790304300,2026-09-25T02:45:00Z,กกโก,4,0.0,0.0,0.0,,,False
1790304300,2026-09-25T02:45:00Z,โก่งธนู,4,0.0,0.0,0.0,,,False
1790304300,2026-09-25T02:45:00Z,เขาพระงาม,31,0.0,0.0,0.0,,,True
1790304300,2026-09-25T02:45:00Z,เขาสามยอด,8,0.0,0.0,0.0,,,True
1790304300,2026-09-25T02:45:00Z,โคกกระเทียม,9,0.0,0.0,0.0,,,True
1790304300,2026-09-25T02:45:00Z,โคกลำพาน,5,0.0,0.0,0.0,,,True
1790304300,2026-09-25T02:45:00Z,โคกตูม,43,0.0,0.0,0.0,,,True
1790304300,2026-09-25T02:45:00Z,งิ้วราย,4,0.0,0.0,0.0,,,False
1790304300,2026-09-25T02:45:00Z,ดอนโพธิ์,5,0.0,0.0,0.0,,,True
1790304300,2026-09-25T02:45:00Z,ตะลุง,3,0.0,0.0,0.0,,,False
1790304300,2026-09-25T02:45:00Z,ท่าแค,6,0.0,0.0,0.0,,,True
1790304300,2026-09-25T02:45:00Z,ท่าศาลา,3,0.0,0.0,0.0,,,False
1790304300,2026-09-25T02:45:00Z,นิคมสร้างตนเอง,23,0.0,0.0,0.0,,,True
1790304300,2026-09-25T02:45:00Z,บางขันหมาก,7,0.0,0.0,0.0,,,True
1790304300,2026-09-25T02:45:00Z,บ้านข่อย,5,0.0,0.0,0.0,,,True
1790304300,2026-09-25T02:45:00Z,ท้ายตลาด,4,0.0,0.0,0.0,,,False
1790304300,2026-09-25T02:45:00Z,ป่าตาล,3,0.0,0.0,0.0,,,False
1790304300,2026-09-25T02:45:00Z,พรหมมาสตร์,3,0.0,0.0,0.0,,,False
1790304300,2026-09-25T02:45:00Z,โพธิ์เก้าต้น,5,0.0,0.0,0.0,,,True
1790304300,2026-09-25T02:45:00Z,โพธิ์ตรุ,5,0.0,0.0,0.0,,,True
1790304300,2026-09-25T02:45:00Z,สี่คลอง,4,0.0,0.0,0.0,,,False
1790304300,2026-09-25T02:45:00Z,ถนนใหญ่,2,0.0,0.0,0.0,,,False
1790304300,2026-09-25T02:45:00Z,พัฒนานิคม,31,0.0,0.0,0.0,,,True
1790304300,2026-09-25T02:45:00Z,ช่องสาริกา,24,0.0,0.0,0.0,,,True
1790304300,2026-09-25T02:45:00Z,มะนาวหวาน,19,0.0,0.0,0.0,,,True
1790304300,2026-09-25T02:45:00Z,ดีลัง,21,0.0,0.0,0.0,,,True
1790304300,2026-09-25T02:45:00Z,โคกสลุง,47,0.0,0.0,0.0,,,True
1790304300,2026-09-25T02:45:00Z,ชอนน้อย,10,0.0,0.0,0.0,,,True
1790304300,2026-09-25T02:45:00Z,หนองบัว,18,0.0,0.0,0.0,,,True
1790304300,2026-09-25T02:45:00Z,ห้วยขุนราม,28,0.0,0.0,0.0,,,True
1790304300,2026-09-25T02:45:00Z,น้ำสุด,19,0.0,0.0,0.0,,,True
1790304300,2026-09-25T02:45:00Z,โคกสำโรง,8,0.012,0.098,0.125,120,120,True
1790304300,2026-09-25T02:45:00Z,เกาะแก้ว,12,0.008,0.098,0.0833,,120,True
1790304300,2026-09-25T02:45:00Z,ถลุงเหล็ก,3,0.0,0.0,0.0,,,False
1790304300,2026-09-25T02:45:00Z,หลุมข้าว,8,0.0,0.0,0.0,,,True
1790304300,2026-09-25T02:45:00Z,ห้วยโป่ง,21,0.0,0.0,0.0,,,True
1790304300,2026-09-25T02:45:00Z,คลองเกตุ,30,0.0,0.0,0.0,,,True
1790304300,2026-09-25T02:45:00Z,สะแกราบ,13,0.0,0.0,0.0,,,True
1790304300,2026-09-25T02:45:00Z,เพนียด,20,0.0,0.0,0.0,,,True
1790304300,2026-09-25T02:45:00Z,วังเพลิง,25,0.0,0.0,0.0,,,True
1790304300,2026-09-25T02:45:00Z,ดงมะรุม,16,0.006,0.098,0.0625,,90,True
1790304300,2026-09-25T02:45:00Z,วังขอนขว้าง,6,0.0,0.0,0.0,,,True
1790304300,2026-09-25T02:45:00Z,วังจั่น,9,0.0,0.0,0.0,,,True
1790304300,2026-09-25T02:45:00Z,หนองแขม,9,0.0,0.0,0.0,,,True
1790304300,2026-09-25T02:45:00Z,ลำนารายณ์,6,0.0,0.0,0.0,,,True
1790304300,2026-09-25T02:45:00Z,ชัยนารายณ์,14,0.007,0.098,0.0714,,75,True
1790304300,2026-09-25T02:45:00Z,ศิลาทิพย์,25,0.0,0.0,0.0,,,True
1790304300,2026-09-25T02:45:00Z,ห้วยหิน,10,0.0,0.0,0.0,,,True
1790304300,2026-09-25T02:45:00Z,ม่วงค่อม,13,0.0,0.0,0.0,,,True
1790304300,2026-09-25T02:45:00Z,บัวชุม,31,0.003,0.098,0.0323,,45,True
1790304300,2026-09-25T02:45:00Z,ท่าดินดำ,13,0.0,0.0,0.0,,,True
1790304300,2026-09-25T02:45:00Z,มะกอกหวาน,5,0.0,0.0,0.0,,,True
1790304300,2026-09-25T02:45:00Z,ซับตะเคียน,22,0.0,0.0,0.0,,,True
1790304300,2026-09-25T02:45:00Z,นาโสม,6,0.0,0.0,0.0,,,True
1790304300,2026-09-25T02:45:00Z,หนองยายโต๊ะ,17,0.0,0.0,0.0,,,True
1790304300,2026-09-25T02:45:00Z,เกาะรัง,19,0.0,0.0,0.0,,,True
1790304300,2026-09-25T02:45:00Z,ท่ามะนาว,8,0.0,0.0,0.0,,,True
1790304300,2026-09-25T02:45:00Z,นิคมลำนารายณ์,19,0.005,0.098,0.0526,,60,True
1790304300,2026-09-25T02:45:00Z,ชัยบาดาล,8,0.0,0.0,0.0,,,True
1790304300,2026-09-25T02:45:00Z,บ้านใหม่สามัคคี,33,0.0,0.0,0.0,,,True
1790304300,2026-09-25T02:45:00Z,เขาแหลม,30,0.0,0.0,0.0,,,True
1790304300,2026-09-25T02:45:00Z,ท่าวุ้ง,4,0.0,0.0,0.0,,,False
1790304300,2026-09-25T02:45:00Z,บางคู้,4,0.0,0.0,0.0,,,False
1790304300,2026-09-25T02:45:00Z,โพตลาดแก้ว,4,0.0,0.0,0.0,,,False
1790304300,2026-09-25T02:45:00Z,บางลี่,12,0.0,0.0,0.0,,,True
1790304300,2026-09-25T02:45:00Z,บางงา,6,0.0,0.0,0.0,,,True
1790304300,2026-09-25T02:45:00Z,โคกสลุด,4,0.0,0.0,0.0,,,False
1790304300,2026-09-25T02:45:00Z,เขาสมอคอน,10,0.0,0.0,0.0,,,True
1790304300,2026-09-25T02:45:00Z,หัวสำโรง,7,0.0,0.0,0.0,,,True
1790304300,2026-09-25T02:45:00Z,ลาดสาลี,12,0.0,0.0,0.0,,,True
1790304300,2026-09-25T02:45:00Z,มุจลินท์,1,0.0,0.0,0.0,,,False
1790304300,2026-09-25T02:45:00Z,ไผ่ใหญ่,12,0.0,0.0,0.0,,,True
1790304300,2026-09-25T02:45:00Z,บ้านทราย,4,0.0,0.0,0.0,,,False
1790304300,2026-09-25T02:45:00Z,บ้านกล้วย,1,0.0,0.0,0.0,,,False
1790304300,2026-09-25T02:45:00Z,ดงพลับ,4,0.0,0.0,0.0,,,False
1790304300,2026-09-25T02:45:00Z,บ้านชี,7,0.0,0.0,0.0,,,True
1790304300,2026-09-25T02:45:00Z,พุคา,4,0.0,0.0,0.0,,,False
1790304300,2026-09-25T02:45:00Z,หินปัก,2,0.0,0.0,0.0,,,False
1790304300,2026-09-25T02:45:00Z,บางพึ่ง,7,0.0,0.0,0.0,,,True
1790304300,2026-09-25T02:45:00Z,หนองทรายขาว,7,0.0,0.0,0.0,,,True
1790304300,2026-09-25T02:45:00Z,บางกะพี้,4,0.0,0.0,0.0,,,False
1790304300,2026-09-25T02:45:00Z,หนองเต่า,8,0.0,0.0,0.0,,,True
1790304300,2026-09-25T02:45:00Z,โพนทอง,3,0.0,0.0,0.0,,,False
1790304300,2026-09-25T02:45:00Z,บางขาม,6,0.0,0.0,0.0,,,True
1790304300,2026-09-25T02:45:00Z,ดอนดึง,9,0.0,0.0,0.0,,,True
1790304300,2026-09-25T02:45:00Z,ชอนม่วง,12,0.0,0.0,0.0,,,True
1790304300,2026-09-25T02:45:00Z,หนองกระเบียน,10,0.0,0.0,0.0,,,True
1790304300,2026-09-25T02:45:00Z,สายห้วยแก้ว,7,0.0,0.0,0.0,,,True
1790304300,2026-09-25T02:45:00Z,มหาสอน,6,0.0,0.0,0.0,,,True
1790304300,2026-09-25T02:45:00Z,หนองเมือง,16,0.0,0.0,0.0,,,True
1790304300,2026-09-25T02:45:00Z,สนามแจง,7,0.0,0.0,0.0,,,True
1790304300,2026-09-25T02:45:00Z,ท่าหลวง,24,0.0,0.0,0.0,,,True
1790304300,2026-09-25T02:45:00Z,แก่งผักกูด,13,0.0,0.0,0.0,,,True
1790304300,2026-09-25T02:45:00Z,ซับจำปา,15,0.0,0.0,0.0,,,True
1790304300,2026-09-25T02:45:00Z,หนองผักแว่น,18,0.0,0.0,0.0,,,True
1790304300,2026-09-25T02:45:00Z,ทะเลวังวัด,10,0.0,0.0,0.0,,,True
1790304300,2026-09-25T02:45:00Z,หัวลำ,20,0.0,0.0,0.0,,,True
1790304300,2026-09-25T02:45:00Z,สระโบสถ์,17,0.0,0.0,0.0,,,True
1790304300,2026-09-25T02:45:00Z,มหาโพธิ,27,0.0,0.0,0.0,,,True
1790304300,2026-09-25T02:45:00Z,ทุ่งท่าช้าง,3,0.0,0.0,0.0,,,False
1790304300,2026-09-25T02:45:00Z,ห้วยใหญ่,1,0.0,0.0,0.0,,,False
1790304300,2026-09-25T02:45:00Z,นิยมชัย,35,0.0,0.0,0.0,,,True
1790304300,2026-09-25T02:45:00Z,โคกเจริญ,38,0.013,0.098,0.1316,120,60,True
1790304300,2026-09-25T02:45:00Z,ยางราก,26,0.011,0.098,0.1154,45,45,True
1790304300,2026-09-25T02:45:00Z,หนองมะค่า,38,0.084,0.712,0.3421,90,90,True
1790304300,2026-09-25T02:45:00Z,วังทอง,16,0.012,0.098,0.125,105,105,True
1790304300,2026-09-25T02:45:00Z,โคกแสมสาร,17,0.0,0.0,0.0,,,True
1790304300,2026-09-25T02:45:00Z,ลำสนธิ,8,0.0,0.0,0.0,,,True
1790304300,2026-09-25T02:45:00Z,ซับสมบูรณ์,13,0.0,0.0,0.0,,,True
1790304300,2026-09-25T02:45:00Z,หนองรี,28,0.003,0.098,0.0357,,30,True
1790304300,2026-09-25T02:45:00Z,กุดตาเพชร,64,0.048,0.614,0.2031,15,15,True
1790304300,2026-09-25T02:45:00Z,เขารวก,10,0.0,0.0,0.0,,,True
1790304300,2026-09-25T02:45:00Z,เขาน้อย,13,0.0,0.0,0.0,,,True
1790304300,2026-09-25T02:45:00Z,หนองม่วง,9,0.0,0.0,0.0,,,True
1790304300,2026-09-25T02:45:00Z,บ่อทอง,21,0.023,0.098,0.2381,90,75,True
1790304300,2026-09-25T02:45:00Z,ดงดินแดง,26,0.0,0.0,0.0,,,True
1790304300,2026-09-25T02:45:00Z,ชอนสมบูรณ์,23,0.004,0.098,0.0435,,75,True
1790304300,2026-09-25T02:45:00Z,ยางโทน,11,0.0,0.0,0.0,,,True
1790304300,2026-09-25T02:45:00Z,ชอนสารเดช,21,0.0,0.0,0.0,,,True
1790304300,2026-09-25T02:45:00Z,บางพุทรา,1,0.0,0.0,0.0,,,False
1790304300,2026-09-25T02:45:00Z,บางมัญ,5,0.0,0.0,0.0,,,True
1790304300,2026-09-25T02:45:00Z,โพกรวม,4,0.0,0.0,0.0,,,False
1790304300,2026-09-25T02:45:00Z,ม่วงหมู่,3,0.0,0.0,0.0,,,False
1790304300,2026-09-25T02:45:00Z,หัวไผ่,6,0.0,0.0,0.0,,,True
1790304300,2026-09-25T02:45:00Z,ต้นโพธิ์,5,0.0,0.0,0.0,,,True
1790304300,2026-09-25T02:45:00Z,จักรสีห์,2,0.0,0.0,0.0,,,False
1790304300,2026-09-25T02:45:00Z,บางกระบือ,5,0.0,0.0,0.0,,,True
1790304300,2026-09-25T02:45:00Z,สิงห์,6,0.0,0.0,0.0,,,True
1790304300,2026-09-25T02:45:00Z,ไม้ดัด,7,0.0,0.0,0.0,,,True
1790304300,2026-09-25T02:45:00Z,เชิงกลัด,5,0.0,0.0,0.0,,,True
1790304300,2026-09-25T02:45:00Z,โพชนไก่,3,0.0,0.0,0.0,,,False
1790304300,2026-09-25T02:45:00Z,แม่ลา,5,0.0,0.0,0.0,,,True
1790304300,2026-09-25T02:45:00Z,บ้านจ่า,5,0.0,0.0,0.0,,,True
1790304300,2026-09-25T02:45:00Z,พักทัน,9,0.0,0.0,0.0,,,True
1790304300,2026-09-25T02:45:00Z,สระแจง,6,0.0,0.0,0.0,,,True
1790304300,2026-09-25T02:45:00Z,โพทะเล,5,0.0,0.0,0.0,,,True
1790304300,2026-09-25T02:45:00Z,บางระจัน,3,0.0,0.0,0.0,,,False
1790304300,2026-09-25T02:45:00Z,โพสังโฆ,4,0.0,0.0,0.0,,,False
1790304300,2026-09-25T02:45:00Z,ท่าข้าม,4,0.0,0.0,0.0,,,False
1790304300,2026-09-25T02:45:00Z,คอทราย,5,0.0,0.0,0.0,,,True
1790304300,2026-09-25T02:45:00Z,หนองกระทุ่ม,5,0.0,0.0,0.0,,,True
1790304300,2026-09-25T02:45:00Z,พระงาม,3,0.0,0.0,0.0,,,False
1790304300,2026-09-25T02:45:00Z,พรหมบุรี,2,0.0,0.0,0.0,,,False
1790304300,2026-09-25T02:45:00Z,บางน้ำเชี่ยว,3,0.0,0.0,0.0,,,False
1790304300,2026-09-25T02:45:00Z,บ้านหม้อ,4,0.0,0.0,0.0,,,False
1790304300,2026-09-25T02:45:00Z,บ้านแป้ง,1,0.0,0.0,0.0,,,False
1790304300,2026-09-25T02:45:00Z,หัวป่า,3,0.0,0.0,0.0,,,False
1790304300,2026-09-25T02:45:00Z,โรงช้าง,3,0.0,0.0,0.0,,,False
1790304300,2026-09-25T02:45:00Z,ถอนสมอ,3,0.0,0.0,0.0,,,False
1790304300,2026-09-25T02:45:00Z,โพประจักษ์,2,0.0,0.0,0.0,,,False
1790304300,2026-09-25T02:45:00Z,วิหารขาว,2,0.0,0.0,0.0,,,False
1790304300,2026-09-25T02:45:00Z,พิกุลทอง,4,0.0,0.0,0.0,,,False
1790304300,2026-09-25T02:45:00Z,อินทร์บุรี,2,0.0,0.0,0.0,,,False
1790304300,2026-09-25T02:45:00Z,ประศุก,5,0.0,0.0,0.0,,,True
1790304300,2026-09-25T02:45:00Z,ทับยา,6,0.0,0.0,0.0,,,True
1790304300,2026-09-25T02:45:00Z,งิ้วราย,7,0.0,0.0,0.0,,,True
1790304300,2026-09-25T02:45:00Z,ชีน้ำร้าย,6,0.0,0.0,0.0,,,True
1790304300,2026-09-25T02:45:00Z,ท่างาม,7,0.0,0.0,0.0,,,True
1790304300,2026-09-25T02:45:00Z,น้ำตาล,5,0.0,0.0,0.0,,,True
1790304300,2026-09-25T02:45:00Z,ทองเอน,11,0.0,0.0,0.0,,,True
1790304300,2026-09-25T02:45:00Z,ห้วยชัน,10,0.0,0.0,0.0,,,True
1790304300,2026-09-25T02:45:00Z,โพธิ์ชัย,8,0.0,0.0,0.0,,,True
1790304300,2026-09-25T02:45:00Z,ในเมือง,0,,,,,,False
1790304300,2026-09-25T02:45:00Z,บ้านกล้วย,5,0.0,0.0,0.0,,,True
1790304300,2026-09-25T02:45:00Z,ท่าชัย,10,0.0,0.0,0.0,,,True
1790304300,2026-09-25T02:45:00Z,ชัยนาท,6,0.0,0.0,0.0,,,True
1790304300,2026-09-25T02:45:00Z,เขาท่าพระ,9,0.0,0.0,0.0,,,True
1790304300,2026-09-25T02:45:00Z,หาดท่าเสา,4,0.0,0.0,0.0,,,False
1790304300,2026-09-25T02:45:00Z,ธรรมามูล,12,0.0,0.0,0.0,,,True
1790304300,2026-09-25T02:45:00Z,เสือโฮก,12,0.0,0.0,0.0,,,True
1790304300,2026-09-25T02:45:00Z,นางลือ,12,0.0,0.0,0.0,,,True
1790304300,2026-09-25T02:45:00Z,คุ้งสำเภา,7,0.0,0.0,0.0,,,True
1790304300,2026-09-25T02:45:00Z,วัดโคก,8,0.0,0.0,0.0,,,True
1790304300,2026-09-25T02:45:00Z,ศิลาดาน,6,0.0,0.0,0.0,,,True
1790304300,2026-09-25T02:45:00Z,ท่าฉนวน,12,0.0,0.0,0.0,,,True
1790304300,2026-09-25T02:45:00Z,หางน้ำสาคร,11,0.0,0.0,0.0,,,True
1790304300,2026-09-25T02:45:00Z,ไร่พัฒนา,13,0.0,0.0,0.0,,,True
1790304300,2026-09-25T02:45:00Z,อู่ตะเภา,10,0.0,0.0,0.0,,,True
1790304300,2026-09-25T02:45:00Z,วัดสิงห์,0,,,,,,False
1790304300,2026-09-25T02:45:00Z,มะขามเฒ่า,10,0.0,0.0,0.0,,,True
1790304300,2026-09-25T02:45:00Z,หนองน้อย,11,0.0,0.0,0.0,,,True
1790304300,2026-09-25T02:45:00Z,หนองบัว,4,0.0,0.0,0.0,,,False
1790304300,2026-09-25T02:45:00Z,หนองขุ่น,14,0.0,0.0,0.0,,,True
1790304300,2026-09-25T02:45:00Z,บ่อแร่,9,0.0,0.0,0.0,,,True
1790304300,2026-09-25T02:45:00Z,วังหมัน,19,0.0,0.0,0.0,,,True
1790304300,2026-09-25T02:45:00Z,สรรพยา,9,0.0,0.0,0.0,,,True
1790304300,2026-09-25T02:45:00Z,ตลุก,10,0.0,0.0,0.0,,,True
1790304300,2026-09-25T02:45:00Z,เขาแก้ว,10,0.0,0.0,0.0,,,True
1790304300,2026-09-25T02:45:00Z,โพนางดำตก,4,0.0,0.0,0.0,,,False
1790304300,2026-09-25T02:45:00Z,โพนางดำออก,6,0.0,0.0,0.0,,,True
1790304300,2026-09-25T02:45:00Z,บางหลวง,6,0.0,0.0,0.0,,,True
1790304300,2026-09-25T02:45:00Z,หาดอาษา,10,0.0,0.0,0.0,,,True
1790304300,2026-09-25T02:45:00Z,แพรกศรีราชา,21,0.0,0.0,0.0,,,True
1790304300,2026-09-25T02:45:00Z,เที่ยงแท้,9,0.0,0.0,0.0,,,True
1790304300,2026-09-25T02:45:00Z,ห้วยกรด,4,0.0,0.0,0.0,,,False
1790304300,2026-09-25T02:45:00Z,โพงาม,11,0.0,0.0,0.0,,,True
1790304300,2026-09-25T02:45:00Z,บางขุด,10,0.0,0.0,0.0,,,True
1790304300,2026-09-25T02:45:00Z,ดงคอน,21,0.0,0.0,0.0,,,True
1790304300,2026-09-25T02:45:00Z,ดอนกำ,4,0.0,0.0,0.0,,,False
1790304300,2026-09-25T02:45:00Z,ห้วยกรดพัฒนา,9,0.0,0.0,0.0,,,True
1790304300,2026-09-25T02:45:00Z,หันคา,15,0.0,0.0,0.0,,,True
1790304300,2026-09-25T02:45:00Z,บ้านเชี่ยน,14,0.0,0.0,0.0,,,True
1790304300,2026-09-25T02:45:00Z,ไพรนกยูง,31,0.0,0.0,0.0,,,True
1790304300,2026-09-25T02:45:00Z,หนองแซง,32,0.0,0.0,0.0,,,True
1790304300,2026-09-25T02:45:00Z,ห้วยงู,8,0.0,0.0,0.0,,,True
1790304300,2026-09-25T02:45:00Z,วังไก่เถื่อน,15,0.0,0.0,0.0,,,True
1790304300,2026-09-25T02:45:00Z,เด่นใหญ่,15,0.0,0.0,0.0,,,True
1790304300,2026-09-25T02:45:00Z,สามง่ามท่าโบสถ์,9,0.0,0.0,0.0,,,True
1790304300,2026-09-25T02:45:00Z,หนองมะโมง,20,0.0,0.0,0.0,,,True
1790304300,2026-09-25T02:45:00Z,วังตะเคียน,23,0.0,0.0,0.0,,,True
1790304300,2026-09-25T02:45:00Z,สะพานหิน,23,0.0,0.0,0.0,,,True
1790304300,2026-09-25T02:45:00Z,กุดจอก,10,0.0,0.0,0.0,,,True
1790304300,2026-09-25T02:45:00Z,เนินขาม,26,0.0,0.0,0.0,,,True
1790304300,2026-09-25T02:45:00Z,กะบกเตี้ย,21,0.0,0.0,0.0,,,True
1790304300,2026-09-25T02:45:00Z,สุขเดือนห้า,18,0.0,0.0,0.0,,,True
1790304300,2026-09-25T02:45:00Z,ท่าคล้อ,21,0.0,0.0,0.0,,,True
1790304300,2026-09-25T02:45:00Z,หินซ้อน,17,0.0,0.0,0.0,,,True
1790304300,2026-09-25T02:45:00Z,ตลาดน้อย,6,0.0,0.0,0.0,,,True
1790304300,2026-09-25T02:45:00Z,หรเทพ,5,0.0,0.0,0.0,,,True
1790304300,2026-09-25T02:45:00Z,ไผ่หลิ่ว,4,0.0,0.0,0.0,,,False
1790304300,2026-09-25T02:45:00Z,ดงตะงาว,3,0.0,0.0,0.0,,,False
1790304300,2026-09-25T02:45:00Z,หนองโดน,6,0.0,0.0,0.0,,,True
1790304300,2026-09-25T02:45:00Z,บ้านกลับ,8,0.0,0.0,0.0,,,True
1790304300,2026-09-25T02:45:00Z,ดอนทอง,5,0.0,0.0,0.0,,,True
1790304300,2026-09-25T02:45:00Z,บ้านโปร่ง,12,0.0,0.0,0.0,,,True
1790304300,2026-09-25T02:45:00Z,พระพุทธบาท,4,0.0,0.0,0.0,,,False
1790304300,2026-09-25T02:45:00Z,ขุนโขลน,3,0.0,0.0,0.0,,,False
1790304300,2026-09-25T02:45:00Z,ธารเกษม,9,0.0,0.0,0.0,,,True
1790304300,2026-09-25T02:45:00Z,นายาว,7,0.0,0.0,0.0,,,True
1790304300,2026-09-25T02:45:00Z,พุคำจาน,13,0.0,0.0,0.0,,,True
1790304300,2026-09-25T02:45:00Z,เขาวง,7,0.0,0.0,0.0,,,True
1790304300,2026-09-25T02:45:00Z,พุกร่าง,6,0.0,0.0,0.0,,,True
1790304300,2026-09-25T02:45:00Z,หนองย่างเสือ,41,0.0,0.0,0.0,,,True
1790304300,2026-09-25T02:45:00Z,ลำสมพุง,25,0.0,0.0,0.0,,,True
1790304300,2026-09-25T02:45:00Z,ลำพญากลาง,50,0.0,0.0,0.0,,,True
1790304300,2026-09-25T02:45:00Z,ซับสนุ่น,22,0.0,0.0,0.0,,,True
1790304300,2026-09-25T02:45:00Z,แสลงพัน,22,0.0,0.0,0.0,,,True
1790304300,2026-09-25T02:45:00Z,คำพราน,14,0.0,0.0,0.0,,,True
1790304300,2026-09-25T02:45:00Z,วังม่วง,34,0.0,0.0,0.0,,,True
1790304300,2026-09-25T02:45:00Z,หน้าพระลาน,16,0.0,0.0,0.0,,,True
1790304300,2026-09-25T02:45:00Z,บ้านเหลื่อม,9,0.0,0.0,0.0,,,True
1790304300,2026-09-25T02:45:00Z,วังโพธิ์,7,0.0,0.0,0.0,,,True
1790304300,2026-09-25T02:45:00Z,ช่อระกา,12,0.0,0.0,0.0,,,True
1790304300,2026-09-25T02:45:00Z,กุดพิมาน,17,0.0,0.0,0.0,,,True
1790304300,2026-09-25T02:45:00Z,ด่านขุนทด,14,0.0,0.0,0.0,,,True
1790304300,2026-09-25T02:45:00Z,ตะเคียน,34,0.0,0.0,0.0,,,True
1790304300,2026-09-25T02:45:00Z,บ้านเก่า,23,0.0,0.0,0.0,,,True
1790304300,2026-09-25T02:45:00Z,บ้านแปรง,14,0.0,0.0,0.0,,,True
1790304300,2026-09-25T02:45:00Z,พันชนะ,20,0.0,0.0,0.0,,,True
1790304300,2026-09-25T02:45:00Z,หนองกราด,39,0.0,0.0,0.0,,,True
1790304300,2026-09-25T02:45:00Z,หนองบัวตะเกียด,19,0.0,0.0,0.0,,,True
1790304300,2026-09-25T02:45:00Z,หนองบัวละคร,11,0.0,0.0,0.0,,,True
1790304300,2026-09-25T02:45:00Z,หินดาด,34,0.0,0.0,0.0,,,True
1790304300,2026-09-25T02:45:00Z,ห้วยบง,54,0.0,0.0,0.0,,,True
1790304300,2026-09-25T02:45:00Z,โนนเมืองพัฒนา,13,0.0,0.0,0.0,,,True
1790304300,2026-09-25T02:45:00Z,หนองไทร,10,0.0,0.0,0.0,,,True
1790304300,2026-09-25T02:45:00Z,กฤษณา,37,0.0,0.0,0.0,,,True
1790304300,2026-09-25T02:45:00Z,หนองหญ้าขาว,32,0.0,0.0,0.0,,,True
1790304300,2026-09-25T02:45:00Z,หนองน้ำใส,18,0.0,0.0,0.0,,,True
1790304300,2026-09-25T02:45:00Z,วังโรงใหญ่,25,0.0,0.0,0.0,,,True
1790304300,2026-09-25T02:45:00Z,ดอนเมือง,32,0.0,0.0,0.0,,,True
1790304300,2026-09-25T02:45:00Z,สีสุก,11,0.0,0.0,0.0,,,True
1790304300,2026-09-25T02:45:00Z,บึงสำโรง,12,0.0,0.0,0.0,,,True
1790304300,2026-09-25T02:45:00Z,สำนักตะคร้อ,24,0.0,0.0,0.0,,,True
1790304300,2026-09-25T02:45:00Z,หนองแวง,33,0.0,0.0,0.0,,,True
1790304300,2026-09-25T02:45:00Z,บึงปรือ,19,0.005,0.098,0.0526,,15,True
1790304300,2026-09-25T02:45:00Z,วังยายทอง,16,0.0,0.0,0.0,,,True
1790304300,2026-09-25T02:45:00Z,มาบกราด,12,0.0,0.0,0.0,,,True
1790304300,2026-09-25T02:45:00Z,ทัพรั้ง,32,0.0,0.0,0.0,,,True
1790304300,2026-09-25T02:45:00Z,ในเมือง,7,0.0,0.0,0.0,,,True
1790304300,2026-09-25T02:45:00Z,รอบเมือง,5,0.0,0.0,0.0,,,True
1790304300,2026-09-25T02:45:00Z,โพนทอง,17,0.0,0.0,0.0,,,True
1790304300,2026-09-25T02:45:00Z,นาฝาย,34,0.0,0.0,0.0,,,True
1790304300,2026-09-25T02:45:00Z,บ้านค่าย,7,0.0,0.0,0.0,,,True
1790304300,2026-09-25T02:45:00Z,กุดตุ้ม,21,0.0,0.0,0.0,,,True
1790304300,2026-09-25T02:45:00Z,ชีลอง,10,0.0,0.0,0.0,,,True
1790304300,2026-09-25T02:45:00Z,บ้านเล่า,9,0.0,0.0,0.0,,,True
1790304300,2026-09-25T02:45:00Z,นาเสียว,34,0.0,0.0,0.0,,,True
1790304300,2026-09-25T02:45:00Z,หนองนาแซง,5,0.0,0.0,0.0,,,True
1790304300,2026-09-25T02:45:00Z,ลาดใหญ่,14,0.0,0.0,0.0,,,True
1790304300,2026-09-25T02:45:00Z,หนองไผ่,20,0.0,0.0,0.0,,,True
1790304300,2026-09-25T02:45:00Z,ท่าหินโงม,25,0.0,0.0,0.0,,,True
1790304300,2026-09-25T02:45:00Z,ห้วยต้อน,49,0.0,0.0,0.0,,,True
1790304300,2026-09-25T02:45:00Z,ห้วยบง,13,0.0,0.0,0.0,,,True
1790304300,2026-09-25T02:45:00Z,โนนสำราญ,11,0.0,0.0,0.0,,,True
1790304300,2026-09-25T02:45:00Z,โคกสูง,23,0.0,0.0,0.0,,,True
1790304300,2026-09-25T02:45:00Z,บุ่งคล้า,13,0.0,0.0,0.0,,,True
1790304300,2026-09-25T02:45:00Z,ซับสีทอง,42,0.0,0.0,0.0,,,True
1790304300,2026-09-25T02:45:00Z,บ้านเขว้า,16,0.0,0.0,0.0,,,True
1790304300,2026-09-25T02:45:00Z,ตลาดแร้ง,28,0.0,0.0,0.0,,,True
1790304300,2026-09-25T02:45:00Z,ลุ่มลำชี,13,0.0,0.0,0.0,,,True
1790304300,2026-09-25T02:45:00Z,ชีบน,29,0.0,0.0,0.0,,,True
1790304300,2026-09-25T02:45:00Z,ภูแลนคา,33,0.0,0.0,0.0,,,True
1790304300,2026-09-25T02:45:00Z,โนนแดง,5,0.0,0.0,0.0,,,True
1790304300,2026-09-25T02:45:00Z,คอนสวรรค์,12,0.0,0.0,0.0,,,True
1790304300,2026-09-25T02:45:00Z,ช่องสามหมอ,9,0.0,0.0,0.0,,,True
1790304300,2026-09-25T02:45:00Z,โนนสะอาด,13,0.0,0.0,0.0,,,True
1790304300,2026-09-25T02:45:00Z,ห้วยไร่,24,0.0,0.0,0.0,,,True
1790304300,2026-09-25T02:45:00Z,บ้านโสก,13,0.0,0.0,0.0,,,True
1790304300,2026-09-25T02:45:00Z,โคกมั่งงอย,15,0.0,0.0,0.0,,,True
1790304300,2026-09-25T02:45:00Z,หนองขาม,10,0.0,0.0,0.0,,,True
1790304300,2026-09-25T02:45:00Z,ศรีสำราญ,11,0.0,0.0,0.0,,,True
1790304300,2026-09-25T02:45:00Z,บ้านยาง,16,0.0,0.0,0.0,,,True
1790304300,2026-09-25T02:45:00Z,บ้านหัน,26,0.0,0.0,0.0,,,True
1790304300,2026-09-25T02:45:00Z,บ้านเดื่อ,33,0.0,0.0,0.0,,,True
1790304300,2026-09-25T02:45:00Z,บ้านเป้า,18,0.0,0.0,0.0,,,True
1790304300,2026-09-25T02:45:00Z,กุดเลาะ,10,0.0,0.0,0.0,,,True
1790304300,2026-09-25T02:45:00Z,โนนกอก,21,0.0,0.0,0.0,,,True
1790304300,2026-09-25T02:45:00Z,สระโพนทอง,16,0.0,0.0,0.0,,,True
1790304300,2026-09-25T02:45:00Z,หนองข่า,19,0.0,0.0,0.0,,,True
1790304300,2026-09-25T02:45:00Z,หนองโพนงาม,53,0.0,0.0,0.0,,,True
1790304300,2026-09-25T02:45:00Z,บ้านบัว,10,0.0,0.0,0.0,,,True
1790304300,2026-09-25T02:45:00Z,โนนทอง,46,0.0,0.0,0.0,,,True
1790304300,2026-09-25T02:45:00Z,หนองบัวแดง,94,0.0,0.0,0.0,,,True
1790304300,2026-09-25T02:45:00Z,กุดชุมแสง,23,0.0,0.0,0.0,,,True
1790304300,2026-09-25T02:45:00Z,ถ้ำวัวแดง,48,0.0,0.0,0.0,,,True
1790304300,2026-09-25T02:45:00Z,นางแดด,195,0.0,0.0,0.0,,,True
1790304300,2026-09-25T02:45:00Z,หนองแวง,87,0.0,0.0,0.0,,,True
1790304300,2026-09-25T02:45:00Z,คูเมือง,27,0.0,0.0,0.0,,,True
1790304300,2026-09-25T02:45:00Z,ท่าใหญ่,30,0.0,0.0,0.0,,,True
1790304300,2026-09-25T02:45:00Z,วังชมภู,33,0.0,0.0,0.0,,,True
1790304300,2026-09-25T02:45:00Z,บ้านกอก,29,0.0,0.0,0.0,,,True
1790304300,2026-09-25T02:45:00Z,หนองบัวบาน,18,0.0,0.0,0.0,,,True
1790304300,2026-09-25T02:45:00Z,บ้านขาม,12,0.0,0.0,0.0,,,True
1790304300,2026-09-25T02:45:00Z,กุดน้ำใส,23,0.0,0.0,0.0,,,True
1790304300,2026-09-25T02:45:00Z,หนองโดน,17,0.0,0.0,0.0,,,True
1790304300,2026-09-25T02:45:00Z,ละหาน,20,0.0,0.0,0.0,,,True
1790304300,2026-09-25T02:45:00Z,หนองบัวใหญ่,14,0.0,0.0,0.0,,,True
1790304300,2026-09-25T02:45:00Z,หนองบัวโคก,20,0.0,0.0,0.0,,,True
1790304300,2026-09-25T02:45:00Z,ส้มป่อย,19,0.0,0.0,0.0,,,True
1790304300,2026-09-25T02:45:00Z,บ้านชวน,22,0.0,0.0,0.0,,,True
1790304300,2026-09-25T02:45:00Z,บ้านเพชร,14,0.0,0.0,0.0,,,True
1790304300,2026-09-25T02:45:00Z,บ้านตาล,7,0.0,0.0,0.0,,,True
1790304300,2026-09-25T02:45:00Z,หัวทะเล,19,0.0,0.0,0.0,,,True
1790304300,2026-09-25T02:45:00Z,โคกเริงรมย์,17,0.0,0.0,0.0,,,True
1790304300,2026-09-25T02:45:00Z,เกาะมะนาว,12,0.0,0.0,0.0,,,True
1790304300,2026-09-25T02:45:00Z,โคกเพชรพัฒนา,29,0.0,0.0,0.0,,,True
1790304300,2026-09-25T02:45:00Z,หนองบัวระเหว,8,0.0,0.0,0.0,,,True
1790304300,2026-09-25T02:45:00Z,วังตะเฆ่,73,0.0,0.0,0.0,,,True
1790304300,2026-09-25T02:45:00Z,ห้วยแย้,47,0.0,0.0,0.0,,,True
1790304300,2026-09-25T02:45:00Z,โคกสะอาด,24,0.0,0.0,0.0,,,True
1790304300,2026-09-25T02:45:00Z,โสกปลาดุก,27,0.0,0.0,0.0,,,True
1790304300,2026-09-25T02:45:00Z,วะตะแบก,56,0.0,0.0,0.0,,,True
1790304300,2026-09-25T02:45:00Z,ห้วยยายจิ๋ว,31,0.0,0.0,0.0,,,True
1790304300,2026-09-25T02:45:00Z,นายางกลัก,58,0.065,0.402,0.3448,15,15,True
1790304300,2026-09-25T02:45:00Z,บ้านไร่,46,0.002,0.098,0.0217,,15,True
1790304300,2026-09-25T02:45:00Z,โป่งนก,48,0.064,0.201,0.4792,15,15,True
1790304300,2026-09-25T02:45:00Z,ผักปัง,12,0.0,0.0,0.0,,,True
1790304300,2026-09-25T02:45:00Z,กวางโจน,22,0.0,0.0,0.0,,,True
1790304300,2026-09-25T02:45:00Z,หนองคอนไทย,13,0.0,0.0,0.0,,,True
1790304300,2026-09-25T02:45:00Z,บ้านแก้ง,30,0.0,0.0,0.0,,,True
1790304300,2026-09-25T02:45:00Z,กุดยม,12,0.0,0.0,0.0,,,True
1790304300,2026-09-25T02:45:00Z,บ้านเพชร,14,0.0,0.0,0.0,,,True
1790304300,2026-09-25T02:45:00Z,โคกสะอาด,15,0.0,0.0,0.0,,,True
1790304300,2026-09-25T02:45:00Z,หนองตูม,25,0.0,0.0,0.0,,,True
1790304300,2026-09-25T02:45:00Z,โอโล,15,0.0,0.0,0.0,,,True
1790304300,2026-09-25T02:45:00Z,ธาตุทอง,30,0.0,0.0,0.0,,,True
1790304300,2026-09-25T02:45:00Z,บ้านดอน,12,0.0,0.0,0.0,,,True
1790304300,2026-09-25T02:45:00Z,บ้านแท่น,16,0.0,0.0,0.0,,,True
1790304300,2026-09-25T02:45:00Z,สามสวน,22,0.0,0.0,0.0,,,True
1790304300,2026-09-25T02:45:00Z,สระพัง,9,0.0,0.0,0.0,,,True
1790304300,2026-09-25T02:45:00Z,บ้านเต่า,16,0.0,0.0,0.0,,,True
1790304300,2026-09-25T02:45:00Z,หนองคู,13,0.0,0.0,0.0,,,True
1790304300,2026-09-25T02:45:00Z,ช่องสามหมอ,12,0.0,0.0,0.0,,,True
1790304300,2026-09-25T02:45:00Z,หนองขาม,15,0.0,0.0,0.0,,,True
1790304300,2026-09-25T02:45:00Z,นาหนองทุ่ม,34,0.0,0.0,0.0,,,True
1790304300,2026-09-25T02:45:00Z,บ้านแก้ง,14,0.0,0.0,0.0,,,True
1790304300,2026-09-25T02:45:00Z,หนองสังข์,19,0.0,0.0,0.0,,,True
1790304300,2026-09-25T02:45:00Z,หลุบคา,14,0.0,0.0,0.0,,,True
1790304300,2026-09-25T02:45:00Z,โคกกุง,21,0.0,0.0,0.0,,,True
1790304300,2026-09-25T02:45:00Z,เก่าย่าดี,10,0.0,0.0,0.0,,,True
1790304300,2026-09-25T02:45:00Z,ท่ามะไฟหวาน,13,0.0,0.0,0.0,,,True
1790304300,2026-09-25T02:45:00Z,หนองไผ่,17,0.0,0.0,0.0,,,True
1790304300,2026-09-25T02:45:00Z,คอนสาร,3,0.0,0.0,0.0,,,False
1790304300,2026-09-25T02:45:00Z,ทุ่งพระ,55,0.0,0.0,0.0,,,True
1790304300,2026-09-25T02:45:00Z,โนนคูณ,17,0.0,0.0,0.0,,,True
1790304300,2026-09-25T02:45:00Z,ห้วยยาง,25,0.0,0.0,0.0,,,True
1790304300,2026-09-25T02:45:00Z,ทุ่งลุยลาย,199,0.0,0.0,0.0,,,True
1790304300,2026-09-25T02:45:00Z,ดงบัง,10,0.0,0.0,0.0,,,True
1790304300,2026-09-25T02:45:00Z,ทุ่งนาเลา,13,0.0,0.0,0.0,,,True
1790304300,2026-09-25T02:45:00Z,ดงกลาง,12,0.0,0.0,0.0,,,True
1790304300,2026-09-25T02:45:00Z,บ้านเจียง,43,0.0,0.0,0.0,,,True
1790304300,2026-09-25T02:45:00Z,เจาทอง,30,0.0,0.0,0.0,,,True
1790304300,2026-09-25T02:45:00Z,วังทอง,28,0.043,0.299,0.25,15,15,True
1790304300,2026-09-25T02:45:00Z,แหลมทอง,53,0.0,0.0,0.0,,,True
1790304300,2026-09-25T02:45:00Z,หนองฉิม,21,0.0,0.0,0.0,,,True
1790304300,2026-09-25T02:45:00Z,ตาเนิน,11,0.0,0.0,0.0,,,True
1790304300,2026-09-25T02:45:00Z,กะฮาด,18,0.0,0.0,0.0,,,True
1790304300,2026-09-25T02:45:00Z,รังงาม,15,0.0,0.0,0.0,,,True
1790304300,2026-09-25T02:45:00Z,ซับใหญ่,30,0.0,0.0,0.0,,,True
1790304300,2026-09-25T02:45:00Z,ท่ากูบ,29,0.0,0.0,0.0,,,True
1790304300,2026-09-25T02:45:00Z,ตะโกทอง,13,0.0,0.0,0.0,,,True
1790304300,2026-09-25T02:45:00Z,หนองบัว,16,0.0,0.0,0.0,,,True
1790304300,2026-09-25T02:45:00Z,หนองภัยศูนย์,11,0.0,0.0,0.0,,,True
1790304300,2026-09-25T02:45:00Z,โพธิ์ชัย,12,0.0,0.0,0.0,,,True
1790304300,2026-09-25T02:45:00Z,หนองสวรรค์,9,0.0,0.0,0.0,,,True
1790304300,2026-09-25T02:45:00Z,หัวนา,26,0.0,0.0,0.0,,,True
1790304300,2026-09-25T02:45:00Z,บ้านขาม,9,0.0,0.0,0.0,,,True
1790304300,2026-09-25T02:45:00Z,นามะเฟือง,7,0.0,0.0,0.0,,,True
1790304300,2026-09-25T02:45:00Z,บ้านพร้าว,16,0.0,0.0,0.0,,,True
1790304300,2026-09-25T02:45:00Z,โนนขมิ้น,13,0.0,0.0,0.0,,,True
1790304300,2026-09-25T02:45:00Z,ลำภู,7,0.0,0.0,0.0,,,True
1790304300,2026-09-25T02:45:00Z,กุดจิก,29,0.0,0.0,0.0,,,True
1790304300,2026-09-25T02:45:00Z,นาคำไฮ,25,0.0,0.0,0.0,,,True
1790304300,2026-09-25T02:45:00Z,ป่าไม้งาม,16,0.0,0.0,0.0,,,True
1790304300,2026-09-25T02:45:00Z,หนองหว้า,15,0.0,0.0,0.0,,,True
1790304300,2026-09-25T02:45:00Z,นากลาง,11,0.0,0.0,0.0,,,True
1790304300,2026-09-25T02:45:00Z,ด่านช้าง,16,0.0,0.0,0.0,,,True
1790304300,2026-09-25T02:45:00Z,กุดดินจี่,21,0.0,0.0,0.0,,,True
1790304300,2026-09-25T02:45:00Z,ฝั่งแดง,30,0.0,0.0,0.0,,,True
1790304300,2026-09-25T02:45:00Z,เก่ากลอย,20,0.0,0.0,0.0,,,True
1790304300,2026-09-25T02:45:00Z,โนนเมือง,8,0.0,0.0,0.0,,,True
1790304300,2026-09-25T02:45:00Z,อุทัยสวรรค์,21,0.0,0.0,0.0,,,True
1790304300,2026-09-25T02:45:00Z,ดงสวรรค์,28,0.0,0.0,0.0,,,True
1790304300,2026-09-25T02:45:00Z,กุดแห่,18,0.0,0.0,0.0,,,True
1790304300,2026-09-25T02:45:00Z,หนองเรือ,4,0.0,0.0,0.0,,,False
1790304300,2026-09-25T02:45:00Z,โนนเมือง,13,0.0,0.0,0.0,,,True
1790304300,2026-09-25T02:45:00Z,โคกม่วง,34,0.0,0.0,0.0,,,True
1790304300,2026-09-25T02:45:00Z,เมืองใหม่,15,0.0,0.0,0.0,,,True
1790304300,2026-09-25T02:45:00Z,ศรีบุญเรือง,15,0.0,0.0,0.0,,,True
1790304300,2026-09-25T02:45:00Z,หนองบัวใต้,9,0.0,0.0,0.0,,,True
1790304300,2026-09-25T02:45:00Z,กุดสะเทียน,14,0.0,0.0,0.0,,,True
1790304300,2026-09-25T02:45:00Z,นากอก,26,0.0,0.0,0.0,,,True
1790304300,2026-09-25T02:45:00Z,โนนสะอาด,41,0.0,0.0,0.0,,,True
1790304300,2026-09-25T02:45:00Z,ยางหล่อ,18,0.0,0.0,0.0,,,True
1790304300,2026-09-25T02:45:00Z,โนนม่วง,27,0.0,0.0,0.0,,,True
1790304300,2026-09-25T02:45:00Z,หนองกุงแก้ว,19,0.0,0.0,0.0,,,True
1790304300,2026-09-25T02:45:00Z,หนองแก,16,0.0,0.0,0.0,,,True
1790304300,2026-09-25T02:45:00Z,ทรายทอง,16,0.0,0.0,0.0,,,True
1790304300,2026-09-25T02:45:00Z,หันนางาม,8,0.0,0.0,0.0,,,True
1790304300,2026-09-25T02:45:00Z,นาสี,15,0.0,0.0,0.0,,,True
1790304300,2026-09-25T02:45:00Z,บ้านโคก,25,0.0,0.0,0.0,,,True
1790304300,2026-09-25T02:45:00Z,นาดี,25,0.0,0.0,0.0,,,True
1790304300,2026-09-25T02:45:00Z,นาด่าน,19,0.0,0.0,0.0,,,True
1790304300,2026-09-25T02:45:00Z,ดงมะไฟ,24,0.0,0.0,0.0,,,True
1790304300,2026-09-25T02:45:00Z,สุวรรณคูหา,5,0.0,0.0,0.0,,,True
1790304300,2026-09-25T02:45:00Z,บุญทัน,19,0.0,0.0,0.0,,,True
1790304300,2026-09-25T02:45:00Z,กุดผึ้ง,8,0.0,0.0,0.0,,,True
1790304300,2026-09-25T02:45:00Z,นาเหล่า,10,0.0,0.0,0.0,,,True
1790304300,2026-09-25T02:45:00Z,นาแก,21,0.0,0.0,0.0,,,True
1790304300,2026-09-25T02:45:00Z,วังทอง,13,0.0,0.0,0.0,,,True
1790304300,2026-09-25T02:45:00Z,วังปลาป้อม,15,0.0,0.0,0.0,,,True
1790304300,2026-09-25T02:45:00Z,เทพคีรี,6,0.0,0.0,0.0,,,True
1790304300,2026-09-25T02:45:00Z,หนองเรือ,9,0.0,0.0,0.0,,,True
1790304300,2026-09-25T02:45:00Z,บ้านเม็ง,15,0.0,0.0,0.0,,,True
1790304300,2026-09-25T02:45:00Z,โนนทอง,20,0.0,0.0,0.0,,,True
1790304300,2026-09-25T02:45:00Z,กุดกว้าง,17,0.0,0.0,0.0,,,True
1790304300,2026-09-25T02:45:00Z,โนนทัน,11,0.0,0.0,0.0,,,True
1790304300,2026-09-25T02:45:00Z,โนนสะอาด,8,0.0,0.0,0.0,,,True
1790304300,2026-09-25T02:45:00Z,ชุมแพ,13,0.0,0.0,0.0,,,True
1790304300,2026-09-25T02:45:00Z,โนนหัน,6,0.0,0.0,0.0,,,True
1790304300,2026-09-25T02:45:00Z,นาหนองทุ่ม,43,0.0,0.0,0.0,,,True
1790304300,2026-09-25T02:45:00Z,โนนอุดม,6,0.0,0.0,0.0,,,True
1790304300,2026-09-25T02:45:00Z,ขัวเรียง,18,0.0,0.0,0.0,,,True
1790304300,2026-09-25T02:45:00Z,หนองไผ่,22,0.0,0.0,0.0,,,True
1790304300,2026-09-25T02:45:00Z,ไชยสอ,6,0.0,0.0,0.0,,,True
1790304300,2026-09-25T02:45:00Z,วังหินลาด,14,0.0,0.0,0.0,,,True
1790304300,2026-09-25T02:45:00Z,นาเพียง,8,0.0,0.0,0.0,,,True
1790304300,2026-09-25T02:45:00Z,หนองเขียด,19,0.0,0.0,0.0,,,True
1790304300,2026-09-25T02:45:00Z,หนองเสาเล้า,11,0.0,0.0,0.0,,,True
1790304300,2026-09-25T02:45:00Z,โนนสะอาด,7,0.0,0.0,0.0,,,True
1790304300,2026-09-25T02:45:00Z,สีชมพู,13,0.0,0.0,0.0,,,True
1790304300,2026-09-25T02:45:00Z,ศรีสุข,19,0.0,0.0,0.0,,,True
1790304300,2026-09-25T02:45:00Z,นาจาน,16,0.0,0.0,0.0,,,True
1790304300,2026-09-25T02:45:00Z,วังเพิ่ม,16,0.0,0.0,0.0,,,True
1790304300,2026-09-25T02:45:00Z,ซำยาง,8,0.0,0.0,0.0,,,True
1790304300,2026-09-25T02:45:00Z,หนองแดง,8,0.0,0.0,0.0,,,True
1790304300,2026-09-25T02:45:00Z,ดงลาน,11,0.0,0.0,0.0,,,True
1790304300,2026-09-25T02:45:00Z,บริบูรณ์,15,0.0,0.0,0.0,,,True
1790304300,2026-09-25T02:45:00Z,บ้านใหม่,18,0.0,0.0,0.0,,,True
1790304300,2026-09-25T02:45:00Z,ภูห่าน,8,0.0,0.0,0.0,,,True
1790304300,2026-09-25T02:45:00Z,บ้านเรือ,4,0.0,0.0,0.0,,,False
1790304300,2026-09-25T02:45:00Z,หว้าทอง,11,0.0,0.0,0.0,,,True
1790304300,2026-09-25T02:45:00Z,กุดขอนแก่น,4,0.0,0.0,0.0,,,False
1790304300,2026-09-25T02:45:00Z,นาชุมแสง,16,0.0,0.0,0.0,,,True
1790304300,2026-09-25T02:45:00Z,นาหว้า,1,0.0,0.0,0.0,,,False
1790304300,2026-09-25T02:45:00Z,หนองกุงธนสาร,21,0.0,0.0,0.0,,,True
1790304300,2026-09-25T02:45:00Z,สงเปือย,8,0.0,0.0,0.0,,,True
1790304300,2026-09-25T02:45:00Z,ทุ่งชมพู,2,0.0,0.0,0.0,,,False
1790304300,2026-09-25T02:45:00Z,ดินดำ,9,0.0,0.0,0.0,,,True
1790304300,2026-09-25T02:45:00Z,ภูเวียง,5,0.0,0.0,0.0,,,True
1790304300,2026-09-25T02:45:00Z,นางาม,28,0.0,0.0,0.0,,,True
1790304300,2026-09-25T02:45:00Z,โนนคอม,4,0.0,0.0,0.0,,,False
1790304300,2026-09-25T02:45:00Z,นาฝาย,6,0.0,0.0,0.0,,,True
1790304300,2026-09-25T02:45:00Z,ภูผาม่าน,10,0.0,0.0,0.0,,,True
1790304300,2026-09-25T02:45:00Z,วังสวาบ,31,0.0,0.0,0.0,,,True
1790304300,2026-09-25T02:45:00Z,ห้วยม่วง,23,0.0,0.0,0.0,,,True
1790304300,2026-09-25T02:45:00Z,บ้านโคก,18,0.0,0.0,0.0,,,True
1790304300,2026-09-25T02:45:00Z,ซับสมบูรณ์,15,0.0,0.0,0.0,,,True
1790304300,2026-09-25T02:45:00Z,กุดธาตุ,19,0.0,0.0,0.0,,,True
1790304300,2026-09-25T02:45:00Z,บ้านโคก,10,0.0,0.0,0.0,,,True
1790304300,2026-09-25T02:45:00Z,ขนวน,14,0.0,0.0,0.0,,,True
1790304300,2026-09-25T02:45:00Z,ในเมือง,41,0.0,0.0,0.0,,,True
1790304300,2026-09-25T02:45:00Z,เขาน้อย,13,0.0,0.0,0.0,,,True
1790304300,2026-09-25T02:45:00Z,เมืองเก่าพัฒนา,24,0.0,0.0,0.0,,,True
1790304300,2026-09-25T02:45:00Z,นางัว,13,0.0,0.0,0.0,,,True
1790304300,2026-09-25T02:45:00Z,น้ำโสม,52,0.0,0.0,0.0,,,True
1790304300,2026-09-25T02:45:00Z,หนองแวง,12,0.0,0.0,0.0,,,True
1790304300,2026-09-25T02:45:00Z,บ้านหยวก,23,0.0,0.0,0.0,,,True
1790304300,2026-09-25T02:45:00Z,โสมเยี่ยม,22,0.0,0.0,0.0,,,True
1790304300,2026-09-25T02:45:00Z,ศรีสำราญ,8,0.0,0.0,0.0,,,True
1790304300,2026-09-25T02:45:00Z,สามัคคี,23,0.0,0.0,0.0,,,True
1790304300,2026-09-25T02:45:00Z,บ้านก้อง,37,0.0,0.0,0.0,,,True
1790304300,2026-09-25T02:45:00Z,นาแค,50,0.0,0.0,0.0,,,True
1790304300,2026-09-25T02:45:00Z,กุดป่อง,5,0.0,0.0,0.0,,,True
1790304300,2026-09-25T02:45:00Z,เมือง,12,0.0,0.0,0.0,,,True
1790304300,2026-09-25T02:45:00Z,นาอ้อ,8,0.0,0.0,0.0,,,True
1790304300,2026-09-25T02:45:00Z,กกดู่,35,0.0,0.0,0.0,,,True
1790304300,2026-09-25T02:45:00Z,น้ำหมาน,15,0.0,0.0,0.0,,,True
1790304300,2026-09-25T02:45:00Z,เสี้ยว,28,0.0,0.0,0.0,,,True
1790304300,2026-09-25T02:45:00Z,นาอาน,16,0.0,0.0,0.0,,,True
1790304300,2026-09-25T02:45:00Z,นาโป่ง,26,0.0,0.0,0.0,,,True
1790304300,2026-09-25T02:45:00Z,นาดินดำ,31,0.0,0.0,0.0,,,True
1790304300,2026-09-25T02:45:00Z,น้ำสวย,53,0.0,0.0,0.0,,,True
1790304300,2026-09-25T02:45:00Z,ชัยพฤกษ์,17,0.0,0.0,0.0,,,True
1790304300,2026-09-25T02:45:00Z,นาแขม,22,0.0,0.0,0.0,,,True
1790304300,2026-09-25T02:45:00Z,ศรีสองรัก,30,0.0,0.0,0.0,,,True
1790304300,2026-09-25T02:45:00Z,กกทอง,16,0.0,0.0,0.0,,,True
1790304300,2026-09-25T02:45:00Z,นาด้วง,41,0.0,0.0,0.0,,,True
1790304300,2026-09-25T02:45:00Z,นาดอกคำ,77,0.0,0.0,0.0,,,True
1790304300,2026-09-25T02:45:00Z,ท่าสะอาด,14,0.0,0.0,0.0,,,True
1790304300,2026-09-25T02:45:00Z,ท่าสวรรค์,11,0.0,0.0,0.0,,,True
1790304300,2026-09-25T02:45:00Z,เชียงคาน,16,0.0,0.0,0.0,,,True
1790304300,2026-09-25T02:45:00Z,ธาตุ,40,0.0,0.0,0.0,,,True
1790304300,2026-09-25T02:45:00Z,นาซ่าว,22,0.0,0.0,0.0,,,True
1790304300,2026-09-25T02:45:00Z,เขาแก้ว,33,0.0,0.0,0.0,,,True
1790304300,2026-09-25T02:45:00Z,ปากตม,23,0.0,0.0,0.0,,,True
1790304300,2026-09-25T02:45:00Z,บุฮม,57,0.0,0.0,0.0,,,True
1790304300,2026-09-25T02:45:00Z,จอมศรี,9,0.0,0.0,0.0,,,True
1790304300,2026-09-25T02:45:00Z,หาดทรายขาว,13,0.0,0.0,0.0,,,True
1790304300,2026-09-25T02:45:00Z,ปากชม,43,0.0,0.0,0.0,,,True
1790304300,2026-09-25T02:45:00Z,เชียงกลม,56,0.0,0.0,0.0,,,True
1790304300,2026-09-25T02:45:00Z,หาดคัมภีร์,32,0.0,0.0,0.0,,,True
1790304300,2026-09-25T02:45:00Z,ห้วยบ่อซืน,40,0.0,0.0,0.0,,,True
1790304300,2026-09-25T02:45:00Z,ห้วยพิชัย,43,0.0,0.0,0.0,,,True
1790304300,2026-09-25T02:45:00Z,ชมเจริญ,26,0.0,0.0,0.0,,,True
1790304300,2026-09-25T02:45:00Z,ด่านซ้าย,32,0.0,0.0,0.0,,,True
1790304300,2026-09-25T02:45:00Z,ปากหมัน,20,0.0,0.0,0.0,,,True
1790304300,2026-09-25T02:45:00Z,นาดี,29,0.0,0.0,0.0,,,True
1790304300,2026-09-25T02:45:00Z,โคกงาม,31,0.0,0.0,0.0,,,True
1790304300,2026-09-25T02:45:00Z,โพนสูง,25,0.0,0.0,0.0,,,True
1790304300,2026-09-25T02:45:00Z,อิปุ่ม,35,0.0,0.0,0.0,,,True
1790304300,2026-09-25T02:45:00Z,กกสะทอน,56,0.0,0.0,0.0,,,True
1790304300,2026-09-25T02:45:00Z,โป่ง,39,0.0,0.0,0.0,,,True
1790304300,2026-09-25T02:45:00Z,วังยาว,65,0.0,0.0,0.0,,,True
1790304300,2026-09-25T02:45:00Z,นาหอ,9,0.0,0.0,0.0,,,True
1790304300,2026-09-25T02:45:00Z,นาแห้ว,26,0.0,0.0,0.0,,,True
1790304300,2026-09-25T02:45:00Z,แสงภา,30,0.0,0.0,0.0,,,True
1790304300,2026-09-25T02:45:00Z,นาพึง,29,0.0,0.0,0.0,,,True
1790304300,2026-09-25T02:45:00Z,นามาลา,42,0.0,0.0,0.0,,,True
1790304300,2026-09-25T02:45:00Z,เหล่ากอหก,26,0.0,0.0,0.0,,,True
1790304300,2026-09-25T02:45:00Z,หนองบัว,22,0.0,0.0,0.0,,,True
1790304300,2026-09-25T02:45:00Z,ท่าศาลา,32,0.0,0.0,0.0,,,True
1790304300,2026-09-25T02:45:00Z,ร่องจิก,29,0.0,0.0,0.0,,,True
1790304300,2026-09-25T02:45:00Z,ปลาบ่า,41,0.0,0.0,0.0,,,True
1790304300,2026-09-25T02:45:00Z,ลาดค่าง,25,0.0,0.0,0.0,,,True
1790304300,2026-09-25T02:45:00Z,สานตม,19,0.0,0.0,0.0,,,True
1790304300,2026-09-25T02:45:00Z,ท่าลี่,43,0.0,0.0,0.0,,,True
1790304300,2026-09-25T02:45:00Z,หนองผือ,26,0.0,0.0,0.0,,,True
1790304300,2026-09-25T02:45:00Z,อาฮี,16,0.0,0.0,0.0,,,True
1790304300,2026-09-25T02:45:00Z,น้ำแคม,42,0.0,0.0,0.0,,,True
1790304300,2026-09-25T02:45:00Z,โคกใหญ่,19,0.0,0.0,0.0,,,True
1790304300,2026-09-25T02:45:00Z,น้ำทูน,25,0.0,0.0,0.0,,,True
1790304300,2026-09-25T02:45:00Z,วังสะพุง,8,0.0,0.0,0.0,,,True
1790304300,2026-09-25T02:45:00Z,ทรายขาว,72,0.0,0.0,0.0,,,True
1790304300,2026-09-25T02:45:00Z,หนองหญ้าปล้อง,31,0.0,0.0,0.0,,,True
1790304300,2026-09-25T02:45:00Z,หนองงิ้ว,31,0.0,0.0,0.0,,,True
1790304300,2026-09-25T02:45:00Z,ปากปวน,10,0.0,0.0,0.0,,,True
1790304300,2026-09-25T02:45:00Z,ผาน้อย,29,0.0,0.0,0.0,,,True
1790304300,2026-09-25T02:45:00Z,ผาบิ้ง,13,0.0,0.0,0.0,,,True
1790304300,2026-09-25T02:45:00Z,เขาหลวง,39,0.0,0.0,0.0,,,True
1790304300,2026-09-25T02:45:00Z,โคกขมิ้น,28,0.0,0.0,0.0,,,True
1790304300,2026-09-25T02:45:00Z,ศรีสงคราม,20,0.0,0.0,0.0,,,True
1790304300,2026-09-25T02:45:00Z,ศรีฐาน,107,0.0,0.0,0.0,,,True
1790304300,2026-09-25T02:45:00Z,ผานกเค้า,32,0.0,0.0,0.0,,,True
1790304300,2026-09-25T02:45:00Z,ภูกระดึง,35,0.0,0.0,0.0,,,True
1790304300,2026-09-25T02:45:00Z,ห้วยส้ม,16,0.0,0.0,0.0,,,True
1790304300,2026-09-25T02:45:00Z,ภูหอ,28,0.0,0.0,0.0,,,True
1790304300,2026-09-25T02:45:00Z,หนองคัน,9,0.0,0.0,0.0,,,True
1790304300,2026-09-25T02:45:00Z,ห้วยสีเสียด,23,0.0,0.0,0.0,,,True
1790304300,2026-09-25T02:45:00Z,เลยวังไสย์,59,0.0,0.0,0.0,,,True
1790304300,2026-09-25T02:45:00Z,แก่งศรีภูมิ,26,0.0,0.0,0.0,,,True
1790304300,2026-09-25T02:45:00Z,ผาขาว,23,0.0,0.0,0.0,,,True
1790304300,2026-09-25T02:45:00Z,ท่าช้างคล้อง,20,0.0,0.0,0.0,,,True
1790304300,2026-09-25T02:45:00Z,โนนปอแดง,28,0.0,0.0,0.0,,,True
1790304300,2026-09-25T02:45:00Z,โนนป่าซาง,15,0.0,0.0,0.0,,,True
1790304300,2026-09-25T02:45:00Z,บ้านเพิ่ม,14,0.0,0.0,0.0,,,True
1790304300,2026-09-25T02:45:00Z,เอราวัณ,19,0.0,0.0,0.0,,,True
1790304300,2026-09-25T02:45:00Z,ผาอินทร์แปลง,28,0.0,0.0,0.0,,,True
1790304300,2026-09-25T02:45:00Z,ผาสามยอด,23,0.0,0.0,0.0,,,True
1790304300,2026-09-25T02:45:00Z,ทรัพย์ไพวัลย์,17,0.0,0.0,0.0,,,True
1790304300,2026-09-25T02:45:00Z,หนองหิน,21,0.0,0.0,0.0,,,True
1790304300,2026-09-25T02:45:00Z,ตาดข่า,16,0.0,0.0,0.0,,,True
1790304300,2026-09-25T02:45:00Z,ปวนพุ,41,0.0,0.0,0.0,,,True
1790304300,2026-09-25T02:45:00Z,สบเตี๊ยะ,16,0.0,0.0,0.0,,,True
1790304300,2026-09-25T02:45:00Z,บ้านแปะ,69,0.0,0.0,0.0,,,True
1790304300,2026-09-25T02:45:00Z,แม่สอย,54,0.0,0.0,0.0,,,True
1790304300,2026-09-25T02:45:00Z,ท่าวังพร้าว,2,0.0,0.0,0.0,,,False
1790304300,2026-09-25T02:45:00Z,แม่ก๊า,4,0.0,0.0,0.0,,,False
1790304300,2026-09-25T02:45:00Z,ออนใต้,21,0.0,0.0,0.0,,,True
1790304300,2026-09-25T02:45:00Z,หางดง,56,0.0,0.0,0.0,,,True
1790304300,2026-09-25T02:45:00Z,ฮอด,14,0.0,0.0,0.0,,,True
1790304300,2026-09-25T02:45:00Z,บ้านตาล,72,0.0,0.0,0.0,,,True
1790304300,2026-09-25T02:45:00Z,บ่อหลวง,104,0.0,0.0,0.0,,,True
1790304300,2026-09-25T02:45:00Z,นาคอเรือ,71,0.0,0.0,0.0,,,True
1790304300,2026-09-25T02:45:00Z,ดอยเต่า,23,0.0,0.0,0.0,,,True
1790304300,2026-09-25T02:45:00Z,ท่าเดื่อ,28,0.0,0.0,0.0,,,True
1790304300,2026-09-25T02:45:00Z,มืดกา,90,0.0,0.0,0.0,,,True
1790304300,2026-09-25T02:45:00Z,บ้านแอ่น,5,0.0,0.0,0.0,,,True
1790304300,2026-09-25T02:45:00Z,บงตัน,14,0.0,0.0,0.0,,,True
1790304300,2026-09-25T02:45:00Z,โปงทุ่ง,53,0.0,0.0,0.0,,,True
1790304300,2026-09-25T02:45:00Z,อมก๋อย,153,0.0,0.0,0.0,,,True
1790304300,2026-09-25T02:45:00Z,ยางเปียง,176,0.0,0.0,0.0,,,True
1790304300,2026-09-25T02:45:00Z,แม่ตื่น,115,0.0,0.0,0.0,,,True
1790304300,2026-09-25T02:45:00Z,ม่อนจอง,68,0.0,0.0,0.0,,,True
1790304300,2026-09-25T02:45:00Z,สบโขง,90,0.0,0.0,0.0,,,True
1790304300,2026-09-25T02:45:00Z,นาเกียน,102,0.0,0.0,0.0,,,True
1790304300,2026-09-25T02:45:00Z,ออนเหนือ,22,0.0,0.0,0.0,,,True
1790304300,2026-09-25T02:45:00Z,ออนกลาง,7,0.0,0.0,0.0,,,True
1790304300,2026-09-25T02:45:00Z,แม่ทา,27,0.0,0.0,0.0,,,True
1790304300,2026-09-25T02:45:00Z,ทาเหนือ,27,0.0,0.0,0.0,,,True
1790304300,2026-09-25T02:45:00Z,ดอยหล่อ,24,0.0,0.0,0.0,,,True
1790304300,2026-09-25T02:45:00Z,ในเมือง,2,0.0,0.0,0.0,,,False
1790304300,2026-09-25T02:45:00Z,เหมืองง่า,3,0.0,0.0,0.0,,,False
1790304300,2026-09-25T02:45:00Z,อุโมงค์,5,0.0,0.0,0.0,,,True
1790304300,2026-09-25T02:45:00Z,ริมปิง,2,0.0,0.0,0.0,,,False
1790304300,2026-09-25T02:45:00Z,ต้นธง,4,0.0,0.0,0.0,,,False
1790304300,2026-09-25T02:45:00Z,บ้านแป้น,4,0.0,0.0,0.0,,,False
1790304300,2026-09-25T02:45:00Z,เหมืองจี้,7,0.0,0.0,0.0,,,True
1790304300,2026-09-25T02:45:00Z,ป่าสัก,13,0.0,0.0,0.0,,,True
1790304300,2026-09-25T02:45:00Z,เวียงยอง,5,0.0,0.0,0.0,,,True
1790304300,2026-09-25T02:45:00Z,บ้านกลาง,6,0.0,0.0,0.0,,,True
1790304300,2026-09-25T02:45:00Z,มะเขือแจ้,28,0.0,0.0,0.0,,,True
1790304300,2026-09-25T02:45:00Z,ศรีบัวบาน,27,0.0,0.0,0.0,,,True
1790304300,2026-09-25T02:45:00Z,หนองหนาม,5,0.0,0.0,0.0,,,True
1790304300,2026-09-25T02:45:00Z,ทาปลาดุก,36,0.0,0.0,0.0,,,True
1790304300,2026-09-25T02:45:00Z,ทาสบเส้า,45,0.0,0.0,0.0,,,True
1790304300,2026-09-25T02:45:00Z,ทากาศ,47,0.0,0.0,0.0,,,True
1790304300,2026-09-25T02:45:00Z,ทาขุมเงิน,25,0.0,0.0,0.0,,,True
1790304300,2026-09-25T02:45:00Z,ทาทุ่งหลวง,8,0.0,0.0,0.0,,,True
1790304300,2026-09-25T02:45:00Z,ทาแม่ลอบ,31,0.0,0.0,0.0,,,True
1790304300,2026-09-25T02:45:00Z,บ้านโฮ่ง,21,0.0,0.0,0.0,,,True
1790304300,2026-09-25T02:45:00Z,ป่าพลู,67,0.0,0.0,0.0,,,True
1790304300,2026-09-25T02:45:00Z,เหล่ายาว,12,0.0,0.0,0.0,,,True
1790304300,2026-09-25T02:45:00Z,ศรีเตี้ย,8,0.0,0.0,0.0,,,True
1790304300,2026-09-25T02:45:00Z,หนองปลาสะวาย,16,0.0,0.0,0.0,,,True
1790304300,2026-09-25T02:45:00Z,ลี้,39,0.0,0.0,0.0,,,True
1790304300,2026-09-25T02:45:00Z,แม่ตืน,63,0.0,0.0,0.0,,,True
1790304300,2026-09-25T02:45:00Z,นาทราย,52,0.0,0.0,0.0,,,True
1790304300,2026-09-25T02:45:00Z,ดงดำ,21,0.0,0.0,0.0,,,True
1790304300,2026-09-25T02:45:00Z,ก้อ,134,0.0,0.0,0.0,,,True
1790304300,2026-09-25T02:45:00Z,แม่ลาน,45,0.0,0.0,0.0,,,True
1790304300,2026-09-25T02:45:00Z,ป่าไผ่,34,0.0,0.0,0.0,,,True
1790304300,2026-09-25T02:45:00Z,ศรีวิชัย,66,0.0,0.0,0.0,,,True
1790304300,2026-09-25T02:45:00Z,ทุ่งหัวช้าง,30,0.0,0.0,0.0,,,True
1790304300,2026-09-25T02:45:00Z,บ้านปวง,47,0.0,0.0,0.0,,,True
1790304300,2026-09-25T02:45:00Z,ตะเคียนปม,36,0.0,0.0,0.0,,,True
1790304300,2026-09-25T02:45:00Z,ปากบ่อง,1,0.0,0.0,0.0,,,False
1790304300,2026-09-25T02:45:00Z,ป่าซาง,1,0.0,0.0,0.0,,,False
1790304300,2026-09-25T02:45:00Z,แม่แรง,5,0.0,0.0,0.0,,,True
1790304300,2026-09-25T02:45:00Z,ม่วงน้อย,3,0.0,0.0,0.0,,,False
1790304300,2026-09-25T02:45:00Z,บ้านเรือน,1,0.0,0.0,0.0,,,False
1790304300,2026-09-25T02:45:00Z,มะกอก,5,0.0,0.0,0.0,,,True
1790304300,2026-09-25T02:45:00Z,ท่าตุ้ม,7,0.0,0.0,0.0,,,True
1790304300,2026-09-25T02:45:00Z,น้ำดิบ,15,0.0,0.0,0.0,,,True
1790304300,2026-09-25T02:45:00Z,นครเจดีย์,36,0.0,0.0,0.0,,,True
1790304300,2026-09-25T02:45:00Z,บ้านธิ,23,0.0,0.0,0.0,,,True
1790304300,2026-09-25T02:45:00Z,ห้วยยาบ,11,0.0,0.0,0.0,,,True
1790304300,2026-09-25T02:45:00Z,หนองล่อง,6,0.0,0.0,0.0,,,True
1790304300,2026-09-25T02:45:00Z,หนองยวง,4,0.0,0.0,0.0,,,False
1790304300,2026-09-25T02:45:00Z,วังผาง,4,0.0,0.0,0.0,,,False
1790304300,2026-09-25T02:45:00Z,เวียงเหนือ,2,0.0,0.0,0.0,,,False
1790304300,2026-09-25T02:45:00Z,พระบาท,23,0.0,0.0,0.0,,,True
1790304300,2026-09-25T02:45:00Z,ชมพู,7,0.0,0.0,0.0,,,True
1790304300,2026-09-25T02:45:00Z,กล้วยแพะ,8,0.0,0.0,0.0,,,True
1790304300,2026-09-25T02:45:00Z,ปงแสนทอง,8,0.0,0.0,0.0,,,True
1790304300,2026-09-25T02:45:00Z,บ้านแลง,54,0.0,0.0,0.0,,,True
1790304300,2026-09-25T02:45:00Z,บ้านเสด็จ,23,0.0,0.0,0.0,,,True
1790304300,2026-09-25T02:45:00Z,พิชัย,23,0.0,0.0,0.0,,,True
1790304300,2026-09-25T02:45:00Z,ทุ่งฝาย,5,0.0,0.0,0.0,,,True
1790304300,2026-09-25T02:45:00Z,บ้านเอื้อม,47,0.0,0.0,0.0,,,True
1790304300,2026-09-25T02:45:00Z,บ้านเป้า,12,0.0,0.0,0.0,,,True
1790304300,2026-09-25T02:45:00Z,บ้านค่า,31,0.0,0.0,0.0,,,True
1790304300,2026-09-25T02:45:00Z,บ่อแฮ้ว,6,0.0,0.0,0.0,,,True
1790304300,2026-09-25T02:45:00Z,ต้นธงชัย,14,0.0,0.0,0.0,,,True
1790304300,2026-09-25T02:45:00Z,นิคมพัฒนา,22,0.0,0.0,0.0,,,True
1790304300,2026-09-25T02:45:00Z,บุญนาคพัฒนา,15,0.0,0.0,0.0,,,True
1790304300,2026-09-25T02:45:00Z,บ้านดง,69,0.0,0.0,0.0,,,True
1790304300,2026-09-25T02:45:00Z,นาสัก,43,0.0,0.0,0.0,,,True
1790304300,2026-09-25T02:45:00Z,จางเหนือ,96,0.0,0.0,0.0,,,True
1790304300,2026-09-25T02:45:00Z,แม่เมาะ,41,0.0,0.0,0.0,,,True
1790304300,2026-09-25T02:45:00Z,สบป้าน,34,0.0,0.0,0.0,,,True
1790304300,2026-09-25T02:45:00Z,ลำปางหลวง,6,0.0,0.0,0.0,,,True
1790304300,2026-09-25T02:45:00Z,นาแก้ว,26,0.0,0.0,0.0,,,True
1790304300,2026-09-25T02:45:00Z,ไหล่หิน,24,0.0,0.0,0.0,,,True
1790304300,2026-09-25T02:45:00Z,วังพร้าว,7,0.0,0.0,0.0,,,True
1790304300,2026-09-25T02:45:00Z,ศาลา,5,0.0,0.0,0.0,,,True
1790304300,2026-09-25T02:45:00Z,เกาะคา,8,0.0,0.0,0.0,,,True
1790304300,2026-09-25T02:45:00Z,นาแส่ง,34,0.0,0.0,0.0,,,True
1790304300,2026-09-25T02:45:00Z,ท่าผา,3,0.0,0.0,0.0,,,False
1790304300,2026-09-25T02:45:00Z,ใหม่พัฒนา,15,0.0,0.0,0.0,,,True
1790304300,2026-09-25T02:45:00Z,ทุ่งงาม,21,0.0,0.0,0.0,,,True
1790304300,2026-09-25T02:45:00Z,เสริมขวา,63,0.0,0.0,0.0,,,True
1790304300,2026-09-25T02:45:00Z,เสริมซ้าย,56,0.0,0.0,0.0,,,True
1790304300,2026-09-25T02:45:00Z,เสริมกลาง,45,0.0,0.0,0.0,,,True
1790304300,2026-09-25T02:45:00Z,หลวงเหนือ,1,0.0,0.0,0.0,,,False
1790304300,2026-09-25T02:45:00Z,หลวงใต้,7,0.0,0.0,0.0,,,True
1790304300,2026-09-25T02:45:00Z,บ้านโป่ง,23,0.0,0.0,0.0,,,True
1790304300,2026-09-25T02:45:00Z,บ้านร้อง,41,0.0,0.0,0.0,,,True
1790304300,2026-09-25T02:45:00Z,ปงเตา,34,0.0,0.0,0.0,,,True
1790304300,2026-09-25T02:45:00Z,นาแก,20,0.0,0.0,0.0,,,True
1790304300,2026-09-25T02:45:00Z,บ้านอ้อน,36,0.0,0.0,0.0,,,True
1790304300,2026-09-25T02:45:00Z,บ้านแหง,41,0.0,0.0,0.0,,,True
1790304300,2026-09-25T02:45:00Z,บ้านหวด,79,0.0,0.0,0.0,,,True
1790304300,2026-09-25T02:45:00Z,แม่ตีบ,62,0.0,0.0,0.0,,,True
1790304300,2026-09-25T02:45:00Z,แจ้ห่ม,26,0.0,0.0,0.0,,,True
1790304300,2026-09-25T02:45:00Z,บ้านสา,48,0.0,0.0,0.0,,,True
1790304300,2026-09-25T02:45:00Z,ปงดอน,80,0.0,0.0,0.0,,,True
1790304300,2026-09-25T02:45:00Z,แม่สุก,29,0.0,0.0,0.0,,,True
1790304300,2026-09-25T02:45:00Z,เมืองมาย,39,0.0,0.0,0.0,,,True
1790304300,2026-09-25T02:45:00Z,ทุ่งผึ้ง,39,0.0,0.0,0.0,,,True
1790304300,2026-09-25T02:45:00Z,วิเชตนคร,12,0.0,0.0,0.0,,,True
1790304300,2026-09-25T02:45:00Z,ล้อมแรด,10,0.0,0.0,0.0,,,True
1790304300,2026-09-25T02:45:00Z,แม่วะ,27,0.0,0.0,0.0,,,True
1790304300,2026-09-25T02:45:00Z,แม่ปะ,57,0.0,0.0,0.0,,,True
1790304300,2026-09-25T02:45:00Z,แม่มอก,65,0.0,0.0,0.0,,,True
1790304300,2026-09-25T02:45:00Z,เวียงมอก,150,0.0,0.0,0.0,,,True
1790304300,2026-09-25T02:45:00Z,นาโป่ง,36,0.0,0.0,0.0,,,True
1790304300,2026-09-25T02:45:00Z,แม่ถอด,77,0.0,0.0,0.0,,,True
1790304300,2026-09-25T02:45:00Z,เถินบุรี,21,0.0,0.0,0.0,,,True
1790304300,2026-09-25T02:45:00Z,แม่พริก,103,0.0,0.0,0.0,,,True
1790304300,2026-09-25T02:45:00Z,ผาปัง,21,0.0,0.0,0.0,,,True
1790304300,2026-09-25T02:45:00Z,แม่ปุ,17,0.0,0.0,0.0,,,True
1790304300,2026-09-25T02:45:00Z,พระบาทวังตวง,26,0.0,0.0,0.0,,,True
1790304300,2026-09-25T02:45:00Z,แม่ทะ,22,0.0,0.0,0.0,,,True
1790304300,2026-09-25T02:45:00Z,นาครัว,11,0.0,0.0,0.0,,,True
1790304300,2026-09-25T02:45:00Z,ป่าตัน,6,0.0,0.0,0.0,,,True
1790304300,2026-09-25T02:45:00Z,บ้านกิ่ว,15,0.0,0.0,0.0,,,True
1790304300,2026-09-25T02:45:00Z,บ้านบอม,19,0.0,0.0,0.0,,,True
1790304300,2026-09-25T02:45:00Z,น้ำโจ้,19,0.0,0.0,0.0,,,True
1790304300,2026-09-25T02:45:00Z,ดอนไฟ,16,0.0,0.0,0.0,,,True
1790304300,2026-09-25T02:45:00Z,หัวเสือ,43,0.0,0.0,0.0,,,True
1790304300,2026-09-25T02:45:00Z,วังเงิน,19,0.0,0.0,0.0,,,True
1790304300,2026-09-25T02:45:00Z,สันดอนแก้ว,34,0.0,0.0,0.0,,,True
1790304300,2026-09-25T02:45:00Z,สบปราบ,34,0.0,0.0,0.0,,,True
1790304300,2026-09-25T02:45:00Z,สมัย,23,0.0,0.0,0.0,,,True
1790304300,2026-09-25T02:45:00Z,แม่กัวะ,25,0.0,0.0,0.0,,,True
1790304300,2026-09-25T02:45:00Z,นายาง,43,0.0,0.0,0.0,,,True
1790304300,2026-09-25T02:45:00Z,ห้างฉัตร,8,0.0,0.0,0.0,,,True
1790304300,2026-09-25T02:45:00Z,หนองหล่ม,11,0.0,0.0,0.0,,,True
1790304300,2026-09-25T02:45:00Z,เมืองยาว,39,0.0,0.0,0.0,,,True
1790304300,2026-09-25T02:45:00Z,ปงยางคก,7,0.0,0.0,0.0,,,True
1790304300,2026-09-25T02:45:00Z,เวียงตาล,49,0.0,0.0,0.0,,,True
1790304300,2026-09-25T02:45:00Z,แม่สัน,20,0.0,0.0,0.0,,,True
1790304300,2026-09-25T02:45:00Z,วอแก้ว,20,0.0,0.0,0.0,,,True
1790304300,2026-09-25T02:45:00Z,เมืองปาน,36,0.0,0.0,0.0,,,True
1790304300,2026-09-25T02:45:00Z,บ้านขอ,61,0.0,0.0,0.0,,,True
1790304300,2026-09-25T02:45:00Z,ทุ่งกว๋าว,43,0.0,0.0,0.0,,,True
1790304300,2026-09-25T02:45:00Z,แจ้ซ้อน,46,0.0,0.0,0.0,,,True
1790304300,2026-09-25T02:45:00Z,ท่าอิฐ,4,0.0,0.0,0.0,,,False
1790304300,2026-09-25T02:45:00Z,ท่าเสา,6,0.0,0.0,0.0,,,True
1790304300,2026-09-25T02:45:00Z,บ้านเกาะ,4,0.0,0.0,0.0,,,False
1790304300,2026-09-25T02:45:00Z,ป่าเซ่า,13,0.0,0.0,0.0,,,True
1790304300,2026-09-25T02:45:00Z,คุ้งตะเภา,15,0.0,0.0,0.0,,,True
1790304300,2026-09-25T02:45:00Z,วังกะพี้,8,0.0,0.0,0.0,,,True
1790304300,2026-09-25T02:45:00Z,หาดกรวด,11,0.0,0.0,0.0,,,True
1790304300,2026-09-25T02:45:00Z,น้ำริด,5,0.0,0.0,0.0,,,True
1790304300,2026-09-25T02:45:00Z,งิ้วงาม,12,0.0,0.0,0.0,,,True
1790304300,2026-09-25T02:45:00Z,บ้านด่านนาขาม,47,0.0,0.0,0.0,,,True
1790304300,2026-09-25T02:45:00Z,บ้านด่าน,6,0.0,0.0,0.0,,,True
1790304300,2026-09-25T02:45:00Z,ผาจุก,20,0.0,0.0,0.0,,,True
1790304300,2026-09-25T02:45:00Z,วังดิน,8,0.0,0.0,0.0,,,True
1790304300,2026-09-25T02:45:00Z,แสนตอ,12,0.0,0.0,0.0,,,True
1790304300,2026-09-25T02:45:00Z,หาดงิ้ว,6,0.0,0.0,0.0,,,True
1790304300,2026-09-25T02:45:00Z,ขุนฝาง,17,0.0,0.0,0.0,,,True
1790304300,2026-09-25T02:45:00Z,ถ้ำฉลอง,8,0.0,0.0,0.0,,,True
1790304300,2026-09-25T02:45:00Z,วังแดง,30,0.0,0.0,0.0,,,True
1790304300,2026-09-25T02:45:00Z,บ้านแก่ง,12,0.115,0.299,0.8333,45,45,True
1790304300,2026-09-25T02:45:00Z,หาดสองแคว,10,0.0,0.0,0.0,,,True
1790304300,2026-09-25T02:45:00Z,น้ำอ่าง,19,0.052,0.196,0.3684,45,45,True
1790304300,2026-09-25T02:45:00Z,ข่อยสูง,8,0.0,0.0,0.0,,,True
1790304300,2026-09-25T02:45:00Z,ท่าปลา,37,0.0,0.0,0.0,,,True
1790304300,2026-09-25T02:45:00Z,หาดล้า,5,0.0,0.0,0.0,,,True
1790304300,2026-09-25T02:45:00Z,ผาเลือด,95,0.0,0.0,0.0,,,True
1790304300,2026-09-25T02:45:00Z,จริม,18,0.0,0.0,0.0,,,True
1790304300,2026-09-25T02:45:00Z,น้ำหมัน,67,0.0,0.0,0.0,,,True
1790304300,2026-09-25T02:45:00Z,ท่าแฝก,154,0.0,0.0,0.0,,,True
1790304300,2026-09-25T02:45:00Z,นางพญา,58,0.0,0.0,0.0,,,True
1790304300,2026-09-25T02:45:00Z,ร่วมจิต,8,0.0,0.0,0.0,,,True
1790304300,2026-09-25T02:45:00Z,แสนตอ,51,0.0,0.0,0.0,,,True
1790304300,2026-09-25T02:45:00Z,บ้านฝาย,41,0.0,0.0,0.0,,,True
1790304300,2026-09-25T02:45:00Z,เด่นเหล็ก,44,0.0,0.0,0.0,,,True
1790304300,2026-09-25T02:45:00Z,น้ำไคร้,65,0.0,0.0,0.0,,,True
1790304300,2026-09-25T02:45:00Z,น้ำไฝ,90,0.0,0.0,0.0,,,True
1790304300,2026-09-25T02:45:00Z,ห้วยมุ่น,72,0.0,0.0,0.0,,,True
1790304300,2026-09-25T02:45:00Z,ฟากท่า,71,0.0,0.0,0.0,,,True
1790304300,2026-09-25T02:45:00Z,สองคอน,39,0.0,0.0,0.0,,,True
1790304300,2026-09-25T02:45:00Z,บ้านเสี้ยว,24,0.0,0.0,0.0,,,True
1790304300,2026-09-25T02:45:00Z,สองห้อง,29,0.0,0.0,0.0,,,True
1790304300,2026-09-25T02:45:00Z,ม่วงเจ็ดต้น,65,0.0,0.0,0.0,,,True
1790304300,2026-09-25T02:45:00Z,บ้านโคก,29,0.0,0.0,0.0,,,True
1790304300,2026-09-25T02:45:00Z,นาขุม,44,0.0,0.0,0.0,,,True
1790304300,2026-09-25T02:45:00Z,บ่อเบี้ย,109,0.0,0.0,0.0,,,True
1790304300,2026-09-25T02:45:00Z,ในเมือง,10,0.01,0.098,0.1,60,60,True
1790304300,2026-09-25T02:45:00Z,บ้านดารา,13,0.083,0.299,0.5385,60,60,True
1790304300,2026-09-25T02:45:00Z,ไร่อ้อย,18,0.049,0.201,0.4444,60,60,True
1790304300,2026-09-25T02:45:00Z,ท่าสัก,17,0.081,0.196,0.7059,45,45,True
1790304300,2026-09-25T02:45:00Z,คอรุม,13,0.046,0.201,0.3846,75,75,True
1790304300,2026-09-25T02:45:00Z,บ้านหม้อ,13,0.008,0.098,0.0769,,75,True
1790304300,2026-09-25T02:45:00Z,ท่ามะเฟือง,15,0.0,0.0,0.0,,,True
1790304300,2026-09-25T02:45:00Z,บ้านโคน,16,0.0,0.0,0.0,,,True
1790304300,2026-09-25T02:45:00Z,พญาแมน,13,0.0,0.0,0.0,,,True
1790304300,2026-09-25T02:45:00Z,นาอิน,15,0.0,0.0,0.0,,,True
1790304300,2026-09-25T02:45:00Z,นายาง,33,0.03,0.098,0.303,45,45,True
1790304300,2026-09-25T02:45:00Z,ศรีพนมมาศ,0,,,,,,False
1790304300,2026-09-25T02:45:00Z,แม่พูล,31,0.0,0.0,0.0,,,True
1790304300,2026-09-25T02:45:00Z,นานกกก,16,0.0,0.0,0.0,,,True
1790304300,2026-09-25T02:45:00Z,ฝายหลวง,19,0.0,0.0,0.0,,,True
1790304300,2026-09-25T02:45:00Z,ชัยจุมพล,15,0.0,0.0,0.0,,,True
1790304300,2026-09-25T02:45:00Z,ไผ่ล้อม,16,0.0,0.0,0.0,,,True
1790304300,2026-09-25T02:45:00Z,ทุ่งยั้ง,12,0.0,0.0,0.0,,,True
1790304300,2026-09-25T02:45:00Z,ด่านแม่คำมัน,6,0.0,0.0,0.0,,,True
1790304300,2026-09-25T02:45:00Z,ผักขวง,40,0.047,0.299,0.325,15,15,True
1790304300,2026-09-25T02:45:00Z,บ่อทอง,91,0.044,0.201,0.4066,15,15,True
1790304300,2026-09-25T02:45:00Z,ป่าคาย,27,0.058,0.196,0.4444,30,30,True
1790304300,2026-09-25T02:45:00Z,น้ำพี้,27,0.0,0.0,0.0,,,True
1790304300,2026-09-25T02:45:00Z,ในเวียง,1,0.0,0.0,0.0,,,False
1790304300,2026-09-25T02:45:00Z,นาจักร,3,0.0,0.0,0.0,,,False
1790304300,2026-09-25T02:45:00Z,นาชำ,5,0.0,0.0,0.0,,,True
1790304300,2026-09-25T02:45:00Z,ป่าแดง,46,0.0,0.0,0.0,,,True
1790304300,2026-09-25T02:45:00Z,ทุ่งโฮ้ง,4,0.0,0.0,0.0,,,False
1790304300,2026-09-25T02:45:00Z,เหมืองหม้อ,3,0.0,0.0,0.0,,,False
1790304300,2026-09-25T02:45:00Z,วังธง,9,0.0,0.0,0.0,,,True
1790304300,2026-09-25T02:45:00Z,แม่หล่าย,2,0.0,0.0,0.0,,,False
1790304300,2026-09-25T02:45:00Z,ห้วยม้า,9,0.0,0.0,0.0,,,True
1790304300,2026-09-25T02:45:00Z,ป่าแมต,19,0.0,0.0,0.0,,,True
1790304300,2026-09-25T02:45:00Z,บ้านถิ่น,12,0.0,0.0,0.0,,,True
1790304300,2026-09-25T02:45:00Z,สวนเขื่อน,27,0.0,0.0,0.0,,,True
1790304300,2026-09-25T02:45:00Z,วังหงษ์,7,0.0,0.0,0.0,,,True
1790304300,2026-09-25T02:45:00Z,แม่คำมี,4,0.0,0.0,0.0,,,False
1790304300,2026-09-25T02:45:00Z,ทุ่งกวาว,1,0.0,0.0,0.0,,,False
1790304300,2026-09-25T02:45:00Z,ท่าข้าม,6,0.0,0.0,0.0,,,True
1790304300,2026-09-25T02:45:00Z,แม่ยม,3,0.0,0.0,0.0,,,False
1790304300,2026-09-25T02:45:00Z,ช่อแฮ,40,0.0,0.0,0.0,,,True
1790304300,2026-09-25T02:45:00Z,ร่องฟอง,2,0.0,0.0,0.0,,,False
1790304300,2026-09-25T02:45:00Z,กาญจนา,2,0.0,0.0,0.0,,,False
1790304300,2026-09-25T02:45:00Z,ร้องกวาง,15,0.0,0.0,0.0,,,True
1790304300,2026-09-25T02:45:00Z,ร้องเข็ม,7,0.0,0.0,0.0,,,True
1790304300,2026-09-25T02:45:00Z,น้ำเลา,16,0.0,0.0,0.0,,,True
1790304300,2026-09-25T02:45:00Z,บ้านเวียง,50,0.0,0.0,0.0,,,True
1790304300,2026-09-25T02:45:00Z,ทุ่งศรี,6,0.0,0.0,0.0,,,True
1790304300,2026-09-25T02:45:00Z,แม่ยางตาล,4,0.0,0.0,0.0,,,False
1790304300,2026-09-25T02:45:00Z,แม่ยางฮ่อ,10,0.0,0.0,0.0,,,True
1790304300,2026-09-25T02:45:00Z,ไผ่โทน,39,0.0,0.0,0.0,,,True
1790304300,2026-09-25T02:45:00Z,ห้วยโรง,39,0.0,0.0,0.0,,,True
1790304300,2026-09-25T02:45:00Z,แม่ทราย,20,0.0,0.0,0.0,,,True
1790304300,2026-09-25T02:45:00Z,แม่ยางร้อง,15,0.0,0.0,0.0,,,True
1790304300,2026-09-25T02:45:00Z,ห้วยอ้อ,31,0.0,0.0,0.0,,,True
1790304300,2026-09-25T02:45:00Z,บ้านปิน,49,0.0,0.0,0.0,,,True
1790304300,2026-09-25T02:45:00Z,ต้าผามอก,63,0.0,0.0,0.0,,,True
1790304300,2026-09-25T02:45:00Z,เวียงต้า,64,0.0,0.0,0.0,,,True
1790304300,2026-09-25T02:45:00Z,ปากกาง,8,0.0,0.0,0.0,,,True
1790304300,2026-09-25T02:45:00Z,หัวทุ่ง,15,0.0,0.0,0.0,,,True
1790304300,2026-09-25T02:45:00Z,ทุ่งแล้ง,27,0.0,0.0,0.0,,,True
1790304300,2026-09-25T02:45:00Z,บ่อเหล็กลอง,24,0.0,0.0,0.0,,,True
1790304300,2026-09-25T02:45:00Z,แม่ปาน,36,0.0,0.0,0.0,,,True
1790304300,2026-09-25T02:45:00Z,สูงเม่น,3,0.0,0.0,0.0,,,False
1790304300,2026-09-25T02:45:00Z,น้ำชำ,3,0.0,0.0,0.0,,,False
1790304300,2026-09-25T02:45:00Z,หัวฝาย,30,0.0,0.0,0.0,,,True
1790304300,2026-09-25T02:45:00Z,ดอนมูล,3,0.0,0.0,0.0,,,False
1790304300,2026-09-25T02:45:00Z,บ้านเหล่า,8,0.0,0.0,0.0,,,True
1790304300,2026-09-25T02:45:00Z,บ้านกวาง,4,0.0,0.0,0.0,,,False
1790304300,2026-09-25T02:45:00Z,บ้านปง,14,0.0,0.0,0.0,,,True
1790304300,2026-09-25T02:45:00Z,บ้านกาศ,2,0.0,0.0,0.0,,,False
1790304300,2026-09-25T02:45:00Z,ร่องกาศ,4,0.0,0.0,0.0,,,False
1790304300,2026-09-25T02:45:00Z,สบสาย,8,0.0,0.0,0.0,,,True
1790304300,2026-09-25T02:45:00Z,เวียงทอง,7,0.0,0.0,0.0,,,True
1790304300,2026-09-25T02:45:00Z,พระหลวง,2,0.0,0.0,0.0,,,False
1790304300,2026-09-25T02:45:00Z,เด่นชัย,5,0.0,0.0,0.0,,,True
1790304300,2026-09-25T02:45:00Z,แม่จั๊วะ,15,0.0,0.0,0.0,,,True
1790304300,2026-09-25T02:45:00Z,ไทรย้อย,59,0.0,0.0,0.0,,,True
1790304300,2026-09-25T02:45:00Z,ห้วยไร่,45,0.0,0.0,0.0,,,True
1790304300,2026-09-25T02:45:00Z,ปงป่าหวาย,11,0.0,0.0,0.0,,,True
1790304300,2026-09-25T02:45:00Z,บ้านหนุน,22,0.0,0.0,0.0,,,True
1790304300,2026-09-25T02:45:00Z,บ้านกลาง,23,0.0,0.0,0.0,,,True
1790304300,2026-09-25T02:45:00Z,ห้วยหม้าย,54,0.0,0.0,0.0,,,True
1790304300,2026-09-25T02:45:00Z,เตาปูน,97,0.0,0.0,0.0,,,True
1790304300,2026-09-25T02:45:00Z,หัวเมือง,7,0.0,0.0,0.0,,,True
1790304300,2026-09-25T02:45:00Z,สะเอียบ,166,0.0,0.0,0.0,,,True
1790304300,2026-09-25T02:45:00Z,แดนชุมพล,4,0.0,0.0,0.0,,,False
1790304300,2026-09-25T02:45:00Z,ทุ่งน้าว,7,0.0,0.0,0.0,,,True
1790304300,2026-09-25T02:45:00Z,วังชิ้น,38,0.0,0.0,0.0,,,True
1790304300,2026-09-25T02:45:00Z,สรอย,32,0.0,0.0,0.0,,,True
1790304300,2026-09-25T02:45:00Z,แม่ป้าก,23,0.0,0.0,0.0,,,True
1790304300,2026-09-25T02:45:00Z,นาพูน,90,0.0,0.0,0.0,,,True
1790304300,2026-09-25T02:45:00Z,แม่พุง,36,0.0,0.0,0.0,,,True
1790304300,2026-09-25T02:45:00Z,ป่าสัก,19,0.0,0.0,0.0,,,True
1790304300,2026-09-25T02:45:00Z,แม่เกิ๋ง,17,0.0,0.0,0.0,,,True
1790304300,2026-09-25T02:45:00Z,แม่คำมี,3,0.0,0.0,0.0,,,False
1790304300,2026-09-25T02:45:00Z,หนองม่วงไข่,6,0.0,0.0,0.0,,,True
1790304300,2026-09-25T02:45:00Z,น้ำรัด,4,0.0,0.0,0.0,,,False
1790304300,2026-09-25T02:45:00Z,วังหลวง,5,0.0,0.0,0.0,,,True
1790304300,2026-09-25T02:45:00Z,ตำหนักธรรม,3,0.0,0.0,0.0,,,False
1790304300,2026-09-25T02:45:00Z,ทุ่งแค้ว,14,0.0,0.0,0.0,,,True
1790304300,2026-09-25T02:45:00Z,ในเวียง,2,0.0,0.0,0.0,,,False
1790304300,2026-09-25T02:45:00Z,ผาสิงห์,23,0.0,0.0,0.0,,,True
1790304300,2026-09-25T02:45:00Z,ไชยสถาน,7,0.0,0.0,0.0,,,True
1790304300,2026-09-25T02:45:00Z,ถืมตอง,4,0.0,0.0,0.0,,,False
1790304300,2026-09-25T02:45:00Z,เรือง,10,0.0,0.0,0.0,,,True
1790304300,2026-09-25T02:45:00Z,นาชาว,7,0.0,0.0,0.0,,,True
1790304300,2026-09-25T02:45:00Z,ดู่ใต้,10,0.0,0.0,0.0,,,True
1790304300,2026-09-25T02:45:00Z,กองควาย,5,0.0,0.0,0.0,,,True
1790304300,2026-09-25T02:45:00Z,สวก,14,0.0,0.0,0.0,,,True
1790304300,2026-09-25T02:45:00Z,สะเนียน,69,0.0,0.0,0.0,,,True
1790304300,2026-09-25T02:45:00Z,หนองแดง,57,0.0,0.0,0.0,,,True
1790304300,2026-09-25T02:45:00Z,หมอเมือง,13,0.0,0.0,0.0,,,True
1790304300,2026-09-25T02:45:00Z,น้ำพาง,113,0.0,0.0,0.0,,,True
1790304300,2026-09-25T02:45:00Z,น้ำปาย,14,0.0,0.0,0.0,,,True
1790304300,2026-09-25T02:45:00Z,แม่จริม,65,0.0,0.0,0.0,,,True
1790304300,2026-09-25T02:45:00Z,บ้านฟ้า,36,0.0,0.0,0.0,,,True
1790304300,2026-09-25T02:45:00Z,ป่าคาหลวง,11,0.0,0.0,0.0,,,True
1790304300,2026-09-25T02:45:00Z,สวด,15,0.0,0.0,0.0,,,True
1790304300,2026-09-25T02:45:00Z,บ้านพี้,29,0.0,0.0,0.0,,,True
1790304300,2026-09-25T02:45:00Z,นาน้อย,14,0.0,0.0,0.0,,,True
1790304300,2026-09-25T02:45:00Z,เชียงของ,57,0.0,0.0,0.0,,,True
1790304300,2026-09-25T02:45:00Z,ศรีษะเกษ,81,0.0,0.0,0.0,,,True
1790304300,2026-09-25T02:45:00Z,สถาน,35,0.0,0.0,0.0,,,True
1790304300,2026-09-25T02:45:00Z,สันทะ,30,0.0,0.0,0.0,,,True
1790304300,2026-09-25T02:45:00Z,บัวใหญ่,24,0.0,0.0,0.0,,,True
1790304300,2026-09-25T02:45:00Z,น้ำตก,25,0.0,0.0,0.0,,,True
1790304300,2026-09-25T02:45:00Z,กลางเวียง,6,0.0,0.0,0.0,,,True
1790304300,2026-09-25T02:45:00Z,ขึ่ง,20,0.0,0.0,0.0,,,True
1790304300,2026-09-25T02:45:00Z,ไหล่น่าน,31,0.0,0.0,0.0,,,True
1790304300,2026-09-25T02:45:00Z,ตาลชุม,9,0.0,0.0,0.0,,,True
1790304300,2026-09-25T02:45:00Z,นาเหลือง,5,0.0,0.0,0.0,,,True
1790304300,2026-09-25T02:45:00Z,ส้าน,33,0.0,0.0,0.0,,,True
1790304300,2026-09-25T02:45:00Z,น้ำมวบ,89,0.0,0.0,0.0,,,True
1790304300,2026-09-25T02:45:00Z,น้ำปั้ว,9,0.0,0.0,0.0,,,True
1790304300,2026-09-25T02:45:00Z,ยาบหัวนา,105,0.0,0.0,0.0,,,True
1790304300,2026-09-25T02:45:00Z,ปงสนุก,20,0.0,0.0,0.0,,,True
1790304300,2026-09-25T02:45:00Z,อ่ายนาไลย,48,0.0,0.0,0.0,,,True
1790304300,2026-09-25T02:45:00Z,ส้านนาหนองใหม่,37,0.0,0.0,0.0,,,True
1790304300,2026-09-25T02:45:00Z,แม่ขะนิง,56,0.0,0.0,0.0,,,True
1790304300,2026-09-25T02:45:00Z,แม่สาคร,26,0.0,0.0,0.0,,,True
1790304300,2026-09-25T02:45:00Z,จอมจันทร์,16,0.0,0.0,0.0,,,True
1790304300,2026-09-25T02:45:00Z,แม่สา,8,0.0,0.0,0.0,,,True
1790304300,2026-09-25T02:45:00Z,ทุ่งศรีทอง,25,0.0,0.0,0.0,,,True
1790304300,2026-09-25T02:45:00Z,นาทะนุง,88,0.0,0.0,0.0,,,True
1790304300,2026-09-25T02:45:00Z,บ่อแก้ว,74,0.0,0.0,0.0,,,True
1790304300,2026-09-25T02:45:00Z,เมืองลี่,19,0.0,0.0,0.0,,,True
1790304300,2026-09-25T02:45:00Z,ปิงหลวง,64,0.0,0.0,0.0,,,True
1790304300,2026-09-25T02:45:00Z,ม่วงตึ๊ด,4,0.0,0.0,0.0,,,False
1790304300,2026-09-25T02:45:00Z,นาปัง,4,0.0,0.0,0.0,,,False
1790304300,2026-09-25T02:45:00Z,น้ำแก่น,15,0.0,0.0,0.0,,,True
1790304300,2026-09-25T02:45:00Z,น้ำเกี๋ยน,11,0.0,0.0,0.0,,,True
1790304300,2026-09-25T02:45:00Z,เมืองจัง,22,0.0,0.0,0.0,,,True
1790304300,2026-09-25T02:45:00Z,ท่าน้าว,5,0.0,0.0,0.0,,,True
1790304300,2026-09-25T02:45:00Z,ฝายแก้ว,52,0.0,0.0,0.0,,,True
1790304300,2026-09-25T02:45:00Z,แม่กา,3,0.0,0.0,0.0,,,False
1790304300,2026-09-25T02:45:00Z,จำป่าหวาย,3,0.0,0.0,0.0,,,False
1790304300,2026-09-25T02:45:00Z,เชียงม่วน,32,0.0,0.0,0.0,,,True
1790304300,2026-09-25T02:45:00Z,บ้านมาง,39,0.0,0.0,0.0,,,True
1790304300,2026-09-25T02:45:00Z,สระ,11,0.0,0.0,0.0,,,True
1790304300,2026-09-25T02:45:00Z,บ้านปิน,2,0.0,0.0,0.0,,,False
1790304300,2026-09-25T02:45:00Z,หนองหล่ม,35,0.0,0.0,0.0,,,True
1790304300,2026-09-25T02:45:00Z,ปากน้ำโพ,7,0.0,0.0,0.0,,,True
1790304300,2026-09-25T02:45:00Z,กลางแดด,4,0.0,0.0,0.0,,,False
1790304300,2026-09-25T02:45:00Z,เกรียงไกร,11,0.0,0.0,0.0,,,True
1790304300,2026-09-25T02:45:00Z,แควใหญ่,2,0.0,0.0,0.0,,,False
1790304300,2026-09-25T02:45:00Z,ตะเคียนเลื่อน,5,0.0,0.0,0.0,,,True
1790304300,2026-09-25T02:45:00Z,นครสวรรค์ตก,7,0.0,0.0,0.0,,,True
1790304300,2026-09-25T02:45:00Z,นครสวรรค์ออก,5,0.0,0.0,0.0,,,True
1790304300,2026-09-25T02:45:00Z,บางพระหลวง,5,0.0,0.0,0.0,,,True
1790304300,2026-09-25T02:45:00Z,บางม่วง,6,0.0,0.0,0.0,,,True
1790304300,2026-09-25T02:45:00Z,บ้านมะเกลือ,8,0.0,0.0,0.0,,,True
1790304300,2026-09-25T02:45:00Z,บ้านแก่ง,7,0.0,0.0,0.0,,,True
1790304300,2026-09-25T02:45:00Z,พระนอน,31,0.0,0.0,0.0,,,True
1790304300,2026-09-25T02:45:00Z,วัดไทรย์,8,0.0,0.0,0.0,,,True
1790304300,2026-09-25T02:45:00Z,หนองกรด,32,0.0,0.0,0.0,,,True
1790304300,2026-09-25T02:45:00Z,หนองกระโดน,29,0.0,0.0,0.0,,,True
1790304300,2026-09-25T02:45:00Z,หนองปลิง,14,0.0,0.0,0.0,,,True
1790304300,2026-09-25T02:45:00Z,บึงเสนาท,2,0.0,0.0,0.0,,,False
1790304300,2026-09-25T02:45:00Z,โกรกพระ,7,0.0,0.0,0.0,,,True
1790304300,2026-09-25T02:45:00Z,ยางตาล,7,0.0,0.0,0.0,,,True
1790304300,2026-09-25T02:45:00Z,บางมะฝ่อ,4,0.0,0.0,0.0,,,False
1790304300,2026-09-25T02:45:00Z,บางประมุง,13,0.0,0.0,0.0,,,True
1790304300,2026-09-25T02:45:00Z,นากลาง,12,0.0,0.0,0.0,,,True
1790304300,2026-09-25T02:45:00Z,ศาลาแดง,10,0.0,0.0,0.0,,,True
1790304300,2026-09-25T02:45:00Z,เนินกว้าว,9,0.0,0.0,0.0,,,True
1790304300,2026-09-25T02:45:00Z,เนินศาลา,6,0.0,0.0,0.0,,,True
1790304300,2026-09-25T02:45:00Z,หาดสูง,3,0.0,0.0,0.0,,,False
1790304300,2026-09-25T02:45:00Z,ชุมแสง,1,0.0,0.0,0.0,,,False
1790304300,2026-09-25T02:45:00Z,ทับกฤช,7,0.0,0.0,0.0,,,True
1790304300,2026-09-25T02:45:00Z,พิกุล,9,0.0,0.0,0.0,,,True
1790304300,2026-09-25T02:45:00Z,เกยไชย,8,0.0,0.0,0.0,,,True
1790304300,2026-09-25T02:45:00Z,ท่าไม้,11,0.0,0.0,0.0,,,True
1790304300,2026-09-25T02:45:00Z,บางเคียน,23,0.0,0.0,0.0,,,True
1790304300,2026-09-25T02:45:00Z,หนองกระเจา,21,0.0,0.0,0.0,,,True
1790304300,2026-09-25T02:45:00Z,พันลาน,8,0.0,0.0,0.0,,,True
1790304300,2026-09-25T02:45:00Z,โคกหม้อ,7,0.0,0.0,0.0,,,True
1790304300,2026-09-25T02:45:00Z,ไผ่สิงห์,15,0.0,0.0,0.0,,,True
1790304300,2026-09-25T02:45:00Z,ฆะมัง,7,0.0,0.0,0.0,,,True
1790304300,2026-09-25T02:45:00Z,ทับกฤชใต้,28,0.0,0.0,0.0,,,True
1790304300,2026-09-25T02:45:00Z,หนองบัว,54,0.0,0.0,0.0,,,True
1790304300,2026-09-25T02:45:00Z,หนองกลับ,34,0.0,0.0,0.0,,,True
1790304300,2026-09-25T02:45:00Z,ธารทหาร,20,0.0,0.0,0.0,,,True
1790304300,2026-09-25T02:45:00Z,ห้วยร่วม,15,0.0,0.0,0.0,,,True
1790304300,2026-09-25T02:45:00Z,ห้วยถั่วใต้,6,0.0,0.0,0.0,,,True
1790304300,2026-09-25T02:45:00Z,ห้วยถั่วเหนือ,6,0.0,0.0,0.0,,,True
1790304300,2026-09-25T02:45:00Z,ห้วยใหญ่,5,0.0,0.0,0.0,,,True
1790304300,2026-09-25T02:45:00Z,ทุ่งทอง,32,0.0,0.0,0.0,,,True
1790304300,2026-09-25T02:45:00Z,วังบ่อ,36,0.0,0.0,0.0,,,True
1790304300,2026-09-25T02:45:00Z,ท่างิ้ว,12,0.0,0.0,0.0,,,True
1790304300,2026-09-25T02:45:00Z,บางตาหงาย,8,0.0,0.0,0.0,,,True
1790304300,2026-09-25T02:45:00Z,หูกวาง,9,0.0,0.0,0.0,,,True
1790304300,2026-09-25T02:45:00Z,อ่างทอง,9,0.0,0.0,0.0,,,True
1790304300,2026-09-25T02:45:00Z,บ้านแดน,17,0.0,0.0,0.0,,,True
1790304300,2026-09-25T02:45:00Z,บางแก้ว,8,0.073,0.294,0.375,60,60,True
1790304300,2026-09-25T02:45:00Z,ตาขีด,21,0.164,0.49,0.6667,75,45,True
1790304300,2026-09-25T02:45:00Z,ตาสัง,13,0.008,0.098,0.0769,,90,True
1790304300,2026-09-25T02:45:00Z,ด่านช้าง,17,0.196,0.49,0.8235,60,30,True
1790304300,2026-09-25T02:45:00Z,หนองกรด,31,0.0,0.0,0.0,,,True
1790304300,2026-09-25T02:45:00Z,หนองตางู,17,0.207,0.392,0.8824,30,30,True
1790304300,2026-09-25T02:45:00Z,บึงปลาทู,8,0.11,0.294,0.625,30,30,True
1790304300,2026-09-25T02:45:00Z,เจริญผล,11,0.0,0.0,0.0,,,True
1790304300,2026-09-25T02:45:00Z,มหาโพธิ,4,0.0,0.0,0.0,,,False
1790304300,2026-09-25T02:45:00Z,เก้าเลี้ยว,5,0.0,0.0,0.0,,,True
1790304300,2026-09-25T02:45:00Z,หนองเต่า,22,0.0,0.0,0.0,,,True
1790304300,2026-09-25T02:45:00Z,เขาดิน,9,0.0,0.0,0.0,,,True
1790304300,2026-09-25T02:45:00Z,หัวดง,17,0.0,0.0,0.0,,,True
1790304300,2026-09-25T02:45:00Z,ตาคลี,48,0.0,0.0,0.0,,,True
1790304300,2026-09-25T02:45:00Z,ช่องแค,12,0.008,0.098,0.0833,,120,True
1790304300,2026-09-25T02:45:00Z,จันเสน,13,0.0,0.0,0.0,,,True
1790304300,2026-09-25T02:45:00Z,ห้วยหอม,17,0.006,0.098,0.0588,,105,True
1790304300,2026-09-25T02:45:00Z,หัวหวาย,35,0.0,0.0,0.0,,,True
1790304300,2026-09-25T02:45:00Z,หนองโพ,22,0.0,0.0,0.0,,,True
1790304300,2026-09-25T02:45:00Z,หนองหม้อ,13,0.0,0.0,0.0,,,True
1790304300,2026-09-25T02:45:00Z,สร้อยทอง,19,0.0,0.0,0.0,,,True
1790304300,2026-09-25T02:45:00Z,ลาดทิพรส,23,0.0,0.0,0.0,,,True
1790304300,2026-09-25T02:45:00Z,พรหมนิมิต,4,0.0,0.0,0.0,,,False
1790304300,2026-09-25T02:45:00Z,ท่าตะโก,10,0.0,0.0,0.0,,,True
1790304300,2026-09-25T02:45:00Z,พนมรอก,26,0.0,0.0,0.0,,,True
1790304300,2026-09-25T02:45:00Z,หัวถนน,26,0.0,0.0,0.0,,,True
1790304300,2026-09-25T02:45:00Z,สายลำโพง,22,0.0,0.0,0.0,,,True
1790304300,2026-09-25T02:45:00Z,วังมหากร,25,0.0,0.0,0.0,,,True
1790304300,2026-09-25T02:45:00Z,ดอนคา,32,0.0,0.0,0.0,,,True
1790304300,2026-09-25T02:45:00Z,ทำนบ,13,0.0,0.0,0.0,,,True
1790304300,2026-09-25T02:45:00Z,วังใหญ่,13,0.0,0.0,0.0,,,True
1790304300,2026-09-25T02:45:00Z,พนมเศษ,17,0.0,0.0,0.0,,,True
1790304300,2026-09-25T02:45:00Z,หนองหลวง,27,0.0,0.0,0.0,,,True
1790304300,2026-09-25T02:45:00Z,โคกเดื่อ,16,0.0,0.0,0.0,,,True
1790304300,2026-09-25T02:45:00Z,สำโรงชัย,42,0.127,0.489,0.5714,105,105,True
1790304300,2026-09-25T02:45:00Z,วังน้ำลัด,41,0.0,0.0,0.0,,,True
1790304300,2026-09-25T02:45:00Z,ตะคร้อ,20,0.034,0.196,0.3,105,105,True
1790304300,2026-09-25T02:45:00Z,โพธิ์ประสาท,34,0.009,0.098,0.0882,,120,True
1790304300,2026-09-25T02:45:00Z,วังข่อย,40,0.139,0.69,0.575,90,90,True
1790304300,2026-09-25T02:45:00Z,นาขอม,22,0.0,0.0,0.0,,,True
1790304300,2026-09-25T02:45:00Z,ไพศาลี,29,0.0,0.0,0.0,,,True
1790304300,2026-09-25T02:45:00Z,พยุหะ,4,0.0,0.0,0.0,,,False
1790304300,2026-09-25T02:45:00Z,เนินมะกอก,12,0.0,0.0,0.0,,,True
1790304300,2026-09-25T02:45:00Z,นิคมเขาบ่อแก้ว,31,0.0,0.0,0.0,,,True
1790304300,2026-09-25T02:45:00Z,ม่วงหัก,8,0.0,0.0,0.0,,,True
1790304300,2026-09-25T02:45:00Z,ยางขาว,9,0.0,0.0,0.0,,,True
1790304300,2026-09-25T02:45:00Z,ย่านมัทรี,8,0.0,0.0,0.0,,,True
1790304300,2026-09-25T02:45:00Z,เขาทอง,23,0.0,0.0,0.0,,,True
1790304300,2026-09-25T02:45:00Z,ท่าน้ำอ้อย,7,0.0,0.0,0.0,,,True
1790304300,2026-09-25T02:45:00Z,น้ำทรง,17,0.0,0.0,0.0,,,True
1790304300,2026-09-25T02:45:00Z,เขากะลา,38,0.0,0.0,0.0,,,True
1790304300,2026-09-25T02:45:00Z,สระทะเล,12,0.0,0.0,0.0,,,True
1790304300,2026-09-25T02:45:00Z,ลาดยาว,17,0.0,0.0,0.0,,,True
1790304300,2026-09-25T02:45:00Z,ห้วยน้ำหอม,21,0.0,0.0,0.0,,,True
1790304300,2026-09-25T02:45:00Z,วังม้า,23,0.0,0.0,0.0,,,True
1790304300,2026-09-25T02:45:00Z,วังเมือง,9,0.0,0.0,0.0,,,True
1790304300,2026-09-25T02:45:00Z,สร้อยละคร,8,0.0,0.0,0.0,,,True
1790304300,2026-09-25T02:45:00Z,มาบแก,9,0.0,0.0,0.0,,,True
1790304300,2026-09-25T02:45:00Z,หนองยาว,8,0.0,0.0,0.0,,,True
1790304300,2026-09-25T02:45:00Z,หนองนมวัว,12,0.0,0.0,0.0,,,True
1790304300,2026-09-25T02:45:00Z,บ้านไร่,40,0.0,0.0,0.0,,,True
1790304300,2026-09-25T02:45:00Z,เนินขี้เหล็ก,18,0.0,0.0,0.0,,,True
1790304300,2026-09-25T02:45:00Z,ศาลเจ้าไก่ต่อ,13,0.0,0.0,0.0,,,True
1790304300,2026-09-25T02:45:00Z,สระแก้ว,9,0.0,0.0,0.0,,,True
1790304300,2026-09-25T02:45:00Z,ตากฟ้า,12,0.0,0.0,0.0,,,True
1790304300,2026-09-25T02:45:00Z,ลำพยนต์,20,0.01,0.098,0.1,105,90,True
1790304300,2026-09-25T02:45:00Z,สุขสำราญ,15,0.0,0.0,0.0,,,True
1790304300,2026-09-25T02:45:00Z,หนองพิกุล,8,0.0,0.0,0.0,,,True
1790304300,2026-09-25T02:45:00Z,พุนกยูง,20,0.0,0.0,0.0,,,True
1790304300,2026-09-25T02:45:00Z,อุดมธัญญา,38,0.0,0.0,0.0,,,True
1790304300,2026-09-25T02:45:00Z,เขาชายธง,12,0.016,0.098,0.1667,120,120,True
1790304300,2026-09-25T02:45:00Z,แม่วงก์,30,0.0,0.0,0.0,,,True
1790304300,2026-09-25T02:45:00Z,แม่เลย์,160,0.012,0.196,0.1062,30,15,True
1790304300,2026-09-25T02:45:00Z,วังซ่าน,44,0.004,0.098,0.0455,,120,True
1790304300,2026-09-25T02:45:00Z,เขาชนกัน,23,0.017,0.098,0.1739,120,120,True
1790304300,2026-09-25T02:45:00Z,แม่เปิน,85,0.072,0.587,0.2941,15,15,True
1790304300,2026-09-25T02:45:00Z,ชุมตาบง,18,0.0,0.0,0.0,,,True
1790304300,2026-09-25T02:45:00Z,ปางสวรรค์,43,0.0,0.0,0.0,,,True
1790304300,2026-09-25T02:45:00Z,อุทัยใหม่,2,0.0,0.0,0.0,,,False
1790304300,2026-09-25T02:45:00Z,น้ำซึม,6,0.0,0.0,0.0,,,True
1790304300,2026-09-25T02:45:00Z,สะแกกรัง,8,0.0,0.0,0.0,,,True
1790304300,2026-09-25T02:45:00Z,ดอนขวาง,5,0.0,0.0,0.0,,,True
1790304300,2026-09-25T02:45:00Z,หาดทนง,2,0.0,0.0,0.0,,,False
1790304300,2026-09-25T02:45:00Z,เกาะเทโพ,2,0.0,0.0,0.0,,,False
1790304300,2026-09-25T02:45:00Z,ท่าซุง,8,0.0,0.0,0.0,,,True
1790304300,2026-09-25T02:45:00Z,หนองแก,4,0.0,0.0,0.0,,,False
1790304300,2026-09-25T02:45:00Z,โนนเหล็ก,3,0.0,0.0,0.0,,,False
1790304300,2026-09-25T02:45:00Z,หนองเต่า,1,0.0,0.0,0.0,,,False
1790304300,2026-09-25T02:45:00Z,หนองไผ่แบน,5,0.0,0.0,0.0,,,True
1790304300,2026-09-25T02:45:00Z,หนองพังค่า,4,0.0,0.0,0.0,,,False
1790304300,2026-09-25T02:45:00Z,ทุ่งใหญ่,4,0.0,0.0,0.0,,,False
1790304300,2026-09-25T02:45:00Z,เนินแจง,5,0.0,0.0,0.0,,,True
1790304300,2026-09-25T02:45:00Z,ทัพทัน,6,0.0,0.0,0.0,,,True
1790304300,2026-09-25T02:45:00Z,ทุ่งนาไทย,3,0.0,0.0,0.0,,,False
1790304300,2026-09-25T02:45:00Z,เขาขี้ฝอย,3,0.0,0.0,0.0,,,False
1790304300,2026-09-25T02:45:00Z,หนองหญ้าปล้อง,4,0.0,0.0,0.0,,,False
1790304300,2026-09-25T02:45:00Z,โคกหม้อ,13,0.0,0.0,0.0,,,True
1790304300,2026-09-25T02:45:00Z,หนองยายดา,10,0.0,0.0,0.0,,,True
1790304300,2026-09-25T02:45:00Z,หนองกลางดง,7,0.0,0.0,0.0,,,True
1790304300,2026-09-25T02:45:00Z,หนองกระทุ่ม,28,0.0,0.0,0.0,,,True
1790304300,2026-09-25T02:45:00Z,หนองสระ,6,0.0,0.0,0.0,,,True
1790304300,2026-09-25T02:45:00Z,ตลุกดู่,14,0.0,0.0,0.0,,,True
1790304300,2026-09-25T02:45:00Z,สว่างอารมณ์,11,0.0,0.0,0.0,,,True
1790304300,2026-09-25T02:45:00Z,หนองหลวง,17,0.0,0.0,0.0,,,True
1790304300,2026-09-25T02:45:00Z,พลวงสองนาง,21,0.0,0.0,0.0,,,True
1790304300,2026-09-25T02:45:00Z,ไผ่เขียว,41,0.0,0.0,0.0,,,True
1790304300,2026-09-25T02:45:00Z,บ่อยาง,20,0.0,0.0,0.0,,,True
1790304300,2026-09-25T02:45:00Z,หนองฉาง,5,0.0,0.0,0.0,,,True
1790304300,2026-09-25T02:45:00Z,หนองยาง,12,0.0,0.0,0.0,,,True
1790304300,2026-09-25T02:45:00Z,หนองนางนวล,7,0.0,0.0,0.0,,,True
1790304300,2026-09-25T02:45:00Z,หนองสรวง,3,0.0,0.0,0.0,,,False
1790304300,2026-09-25T02:45:00Z,บ้านเก่า,4,0.0,0.0,0.0,,,False
1790304300,2026-09-25T02:45:00Z,อุทัยเก่า,5,0.0,0.0,0.0,,,True
1790304300,2026-09-25T02:45:00Z,ทุ่งโพ,22,0.0,0.0,0.0,,,True
1790304300,2026-09-25T02:45:00Z,ทุ่งพง,3,0.0,0.0,0.0,,,False
1790304300,2026-09-25T02:45:00Z,เขาบางแกรก,12,0.0,0.0,0.0,,,True
1790304300,2026-09-25T02:45:00Z,เขากวางทอง,16,0.0,0.0,0.0,,,True
1790304300,2026-09-25T02:45:00Z,หนองขาหย่าง,8,0.0,0.0,0.0,,,True
1790304300,2026-09-25T02:45:00Z,หนองไผ่,4,0.0,0.0,0.0,,,False
1790304300,2026-09-25T02:45:00Z,ดอนกลอย,4,0.0,0.0,0.0,,,False
1790304300,2026-09-25T02:45:00Z,ห้วยรอบ,2,0.0,0.0,0.0,,,False
1790304300,2026-09-25T02:45:00Z,ทุ่งพึ่ง,3,0.0,0.0,0.0,,,False
1790304300,2026-09-25T02:45:00Z,ท่าโพ,3,0.0,0.0,0.0,,,False
1790304300,2026-09-25T02:45:00Z,หมกแถว,2,0.0,0.0,0.0,,,False
1790304300,2026-09-25T02:45:00Z,ดงขวาง,17,0.0,0.0,0.0,,,True
1790304300,2026-09-25T02:45:00Z,บ้านไร่,45,0.0,0.0,0.0,,,True
1790304300,2026-09-25T02:45:00Z,ทัพหลวง,43,0.0,0.0,0.0,,,True
1790304300,2026-09-25T02:45:00Z,ห้วยแห้ง,25,0.0,0.0,0.0,,,True
1790304300,2026-09-25T02:45:00Z,คอกควาย,90,0.001,0.098,0.0111,,15,True
1790304300,2026-09-25T02:45:00Z,วังหิน,8,0.0,0.0,0.0,,,True
1790304300,2026-09-25T02:45:00Z,เมืองการุ้ง,26,0.0,0.0,0.0,,,True
1790304300,2026-09-25T02:45:00Z,แก่นมะกรูด,462,0.04,0.897,0.21,30,15,True
1790304300,2026-09-25T02:45:00Z,หนองจอก,30,0.0,0.0,0.0,,,True
1790304300,2026-09-25T02:45:00Z,หูช้าง,17,0.0,0.0,0.0,,,True
1790304300,2026-09-25T02:45:00Z,บ้านบึง,13,0.0,0.0,0.0,,,True
1790304300,2026-09-25T02:45:00Z,บ้านใหม่คลองเคีย,7,0.0,0.0,0.0,,,True
1790304300,2026-09-25T02:45:00Z,หนองบ่มกล้วย,23,0.0,0.0,0.0,,,True
1790304300,2026-09-25T02:45:00Z,เจ้าวัด,32,0.0,0.0,0.0,,,True
1790304300,2026-09-25T02:45:00Z,ลานสัก,19,0.0,0.0,0.0,,,True
1790304300,2026-09-25T02:45:00Z,ประดู่ยืน,15,0.0,0.0,0.0,,,True
1790304300,2026-09-25T02:45:00Z,ป่าอ้อ,21,0.0,0.0,0.0,,,True
1790304300,2026-09-25T02:45:00Z,ระบำ,249,0.043,0.799,0.1526,15,15,True
1790304300,2026-09-25T02:45:00Z,น้ำรอบ,35,0.0,0.0,0.0,,,True
1790304300,2026-09-25T02:45:00Z,ทุ่งนางาม,21,0.0,0.0,0.0,,,True
1790304300,2026-09-25T02:45:00Z,สุขฤทัย,14,0.0,0.0,0.0,,,True
1790304300,2026-09-25T02:45:00Z,ทองหลาง,59,0.0,0.0,0.0,,,True
1790304300,2026-09-25T02:45:00Z,ห้วยคต,21,0.0,0.0,0.0,,,True
1790304300,2026-09-25T02:45:00Z,ในเมือง,5,0.0,0.0,0.0,,,True
1790304300,2026-09-25T02:45:00Z,ไตรตรึงษ์,21,0.0,0.0,0.0,,,True
1790304300,2026-09-25T02:45:00Z,อ่างทอง,54,0.002,0.098,0.0185,,120,True
1790304300,2026-09-25T02:45:00Z,นาบ่อคำ,47,0.0,0.0,0.0,,,True
1790304300,2026-09-25T02:45:00Z,นครชุม,14,0.0,0.0,0.0,,,True
1790304300,2026-09-25T02:45:00Z,ทรงธรรม,18,0.0,0.0,0.0,,,True
1790304300,2026-09-25T02:45:00Z,ลานดอกไม้,18,0.0,0.0,0.0,,,True
1790304300,2026-09-25T02:45:00Z,หนองปลิง,21,0.0,0.0,0.0,,,True
1790304300,2026-09-25T02:45:00Z,คณฑี,22,0.0,0.0,0.0,,,True
1790304300,2026-09-25T02:45:00Z,นิคมทุ่งโพธิ์ทะเ,16,0.019,0.201,0.125,90,90,True
1790304300,2026-09-25T02:45:00Z,เทพนคร,44,0.009,0.201,0.0682,,105,True
1790304300,2026-09-25T02:45:00Z,วังทอง,17,0.0,0.0,0.0,,,True
1790304300,2026-09-25T02:45:00Z,ท่าขุนราม,11,0.0,0.0,0.0,,,True
1790304300,2026-09-25T02:45:00Z,คลองแม่ลาย,19,0.015,0.098,0.1579,120,120,True
1790304300,2026-09-25T02:45:00Z,ธำมรงค์,10,0.0,0.0,0.0,,,True
1790304300,2026-09-25T02:45:00Z,สระแก้ว,29,0.003,0.098,0.0345,,120,True
1790304300,2026-09-25T02:45:00Z,ไทรงาม,18,0.0,0.0,0.0,,,True
1790304300,2026-09-25T02:45:00Z,หนองคล้า,18,0.0,0.0,0.0,,,True
1790304300,2026-09-25T02:45:00Z,หนองทอง,18,0.005,0.098,0.0556,,75,True
1790304300,2026-09-25T02:45:00Z,หนองไม้กอง,20,0.0,0.0,0.0,,,True
1790304300,2026-09-25T02:45:00Z,มหาชัย,18,0.017,0.201,0.1111,75,75,True
1790304300,2026-09-25T02:45:00Z,พานทอง,20,0.0,0.0,0.0,,,True
1790304300,2026-09-25T02:45:00Z,หนองแม่แตง,21,0.0,0.0,0.0,,,True
1790304300,2026-09-25T02:45:00Z,คลองน้ำไหล,105,0.0,0.0,0.0,,,True
1790304300,2026-09-25T02:45:00Z,โป่งน้ำร้อน,122,0.0,0.0,0.0,,,True
1790304300,2026-09-25T02:45:00Z,คลองลานพัฒนา,69,0.013,0.288,0.0435,,15,True
1790304300,2026-09-25T02:45:00Z,สักงาม,67,0.0,0.0,0.0,,,True
1790304300,2026-09-25T02:45:00Z,ยางสูง,12,0.173,0.299,1.0,90,75,True
1790304300,2026-09-25T02:45:00Z,ป่าพุทรา,22,0.218,0.392,1.0,45,45,True
1790304300,2026-09-25T02:45:00Z,แสนตอ,12,0.204,0.392,0.9167,60,60,True
1790304300,2026-09-25T02:45:00Z,สลกบาตร,13,0.196,0.294,0.9231,75,75,True
1790304300,2026-09-25T02:45:00Z,บ่อถ้ำ,54,0.053,0.294,0.3889,105,90,True
1790304300,2026-09-25T02:45:00Z,ดอนแตง,16,0.129,0.294,0.875,75,75,True
1790304300,2026-09-25T02:45:00Z,วังชะพลู,49,0.064,0.294,0.449,90,75,True
1790304300,2026-09-25T02:45:00Z,โค้งไผ่,20,0.089,0.299,0.5,105,105,True
1790304300,2026-09-25T02:45:00Z,ปางมะค่า,57,0.002,0.098,0.0175,,105,True
1790304300,2026-09-25T02:45:00Z,วังหามแห,28,0.028,0.098,0.2857,120,120,True
1790304300,2026-09-25T02:45:00Z,เกาะตาล,13,0.22,0.397,1.0,90,75,True
1790304300,2026-09-25T02:45:00Z,คลองขลุง,23,0.0,0.0,0.0,,,True
1790304300,2026-09-25T02:45:00Z,ท่ามะเขือ,14,0.0,0.0,0.0,,,True
1790304300,2026-09-25T02:45:00Z,ท่าพุทรา,9,0.0,0.0,0.0,,,True
1790304300,2026-09-25T02:45:00Z,แม่ลาด,9,0.033,0.196,0.2222,90,90,True
1790304300,2026-09-25T02:45:00Z,วังยาง,10,0.0,0.0,0.0,,,True
1790304300,2026-09-25T02:45:00Z,วังแขม,28,0.046,0.397,0.2143,90,75,True
1790304300,2026-09-25T02:45:00Z,หัวถนน,10,0.0,0.0,0.0,,,True
1790304300,2026-09-25T02:45:00Z,วังไทร,35,0.0,0.0,0.0,,,True
1790304300,2026-09-25T02:45:00Z,วังบัว,15,0.0,0.0,0.0,,,True
1790304300,2026-09-25T02:45:00Z,คลองสมบูรณ์,26,0.004,0.098,0.0385,,105,True
1790304300,2026-09-25T02:45:00Z,พรานกระต่าย,23,0.0,0.0,0.0,,,True
1790304300,2026-09-25T02:45:00Z,หนองหัววัว,14,0.0,0.0,0.0,,,True
1790304300,2026-09-25T02:45:00Z,ท่าไม้,50,0.0,0.0,0.0,,,True
1790304300,2026-09-25T02:45:00Z,วังควง,48,0.0,0.0,0.0,,,True
1790304300,2026-09-25T02:45:00Z,วังตะแบก,17,0.0,0.0,0.0,,,True
1790304300,2026-09-25T02:45:00Z,เขาคีริส,31,0.0,0.0,0.0,,,True
1790304300,2026-09-25T02:45:00Z,คุยบ้านโอง,13,0.0,0.0,0.0,,,True
1790304300,2026-09-25T02:45:00Z,คลองพิไกร,6,0.0,0.0,0.0,,,True
1790304300,2026-09-25T02:45:00Z,ถ้ำกระต่ายทอง,36,0.0,0.0,0.0,,,True
1790304300,2026-09-25T02:45:00Z,ห้วยยั้ง,15,0.007,0.098,0.0667,,120,True
1790304300,2026-09-25T02:45:00Z,ลานกระบือ,15,0.007,0.098,0.0667,,75,True
1790304300,2026-09-25T02:45:00Z,ช่องลม,16,0.0,0.0,0.0,,,True
1790304300,2026-09-25T02:45:00Z,หนองหลวง,23,0.0,0.0,0.0,,,True
1790304300,2026-09-25T02:45:00Z,โนนพลวง,13,0.023,0.201,0.1538,60,60,True
1790304300,2026-09-25T02:45:00Z,ประชาสุขสันต์,12,0.0,0.0,0.0,,,True
1790304300,2026-09-25T02:45:00Z,บึงทับแรต,13,0.0,0.0,0.0,,,True
1790304300,2026-09-25T02:45:00Z,จันทิมา,11,0.009,0.098,0.0909,,75,True
1790304300,2026-09-25T02:45:00Z,ทุ่งทราย,21,0.0,0.0,0.0,,,True
1790304300,2026-09-25T02:45:00Z,ทุ่งทอง,15,0.0,0.0,0.0,,,True
1790304300,2026-09-25T02:45:00Z,ถาวรวัฒนา,17,0.0,0.0,0.0,,,True
1790304300,2026-09-25T02:45:00Z,โพธิ์ทอง,27,0.0,0.0,0.0,,,True
1790304300,2026-09-25T02:45:00Z,หินดาต,27,0.0,0.0,0.0,,,True
1790304300,2026-09-25T02:45:00Z,ปางตาไว,132,0.113,1.216,0.3864,15,15,True
1790304300,2026-09-25T02:45:00Z,บึงสามัคคี,18,0.011,0.098,0.1111,105,105,True
1790304300,2026-09-25T02:45:00Z,วังชะโอน,27,0.113,0.299,0.5926,60,60,True
1790304300,2026-09-25T02:45:00Z,ระหาน,9,0.186,0.294,1.0,60,60,True
1790304300,2026-09-25T02:45:00Z,เทพนิมิต,17,0.18,0.397,0.7647,60,60,True
1790304300,2026-09-25T02:45:00Z,โกสัมพี,98,0.0,0.0,0.0,,,True
1790304300,2026-09-25T02:45:00Z,เพชรชมภู,29,0.0,0.0,0.0,,,True
1790304300,2026-09-25T02:45:00Z,ลานดอกไม้ตก,10,0.0,0.0,0.0,,,True
1790304300,2026-09-25T02:45:00Z,ระแหง,3,0.0,0.0,0.0,,,False
1790304300,2026-09-25T02:45:00Z,หนองบัวเหนือ,22,0.0,0.0,0.0,,,True
1790304300,2026-09-25T02:45:00Z,ไม้งาม,24,0.0,0.0,0.0,,,True
1790304300,2026-09-25T02:45:00Z,โป่งแดง,109,0.0,0.0,0.0,,,True
1790304300,2026-09-25T02:45:00Z,น้ำรึม,27,0.0,0.0,0.0,,,True
1790304300,2026-09-25T02:45:00Z,วังหิน,41,0.0,0.0,0.0,,,True
1790304300,2026-09-25T02:45:00Z,แม่ท้อ,135,0.0,0.0,0.0,,,True
1790304300,2026-09-25T02:45:00Z,ป่ามะม่วง,10,0.0,0.0,0.0,,,True
1790304300,2026-09-25T02:45:00Z,หนองบัวใต้,25,0.0,0.0,0.0,,,True
1790304300,2026-09-25T02:45:00Z,วังประจบ,67,0.0,0.0,0.0,,,True
1790304300,2026-09-25T02:45:00Z,ตลุกกลางทุ่ง,23,0.0,0.0,0.0,,,True
1790304300,2026-09-25T02:45:00Z,ตากออก,27,0.0,0.0,0.0,,,True
1790304300,2026-09-25T02:45:00Z,สมอโคน,22,0.0,0.0,0.0,,,True
1790304300,2026-09-25T02:45:00Z,แม่สลิด,81,0.0,0.0,0.0,,,True
1790304300,2026-09-25T02:45:00Z,ตากตก,12,0.0,0.0,0.0,,,True
1790304300,2026-09-25T02:45:00Z,เกาะตะเภา,22,0.0,0.0,0.0,,,True
1790304300,2026-09-25T02:45:00Z,ทุ่งกระเซาะ,39,0.0,0.0,0.0,,,True
1790304300,2026-09-25T02:45:00Z,ท้องฟ้า,53,0.0,0.0,0.0,,,True
1790304300,2026-09-25T02:45:00Z,สามเงา,8,0.0,0.0,0.0,,,True
1790304300,2026-09-25T02:45:00Z,วังหมัน,19,0.0,0.0,0.0,,,True
1790304300,2026-09-25T02:45:00Z,ยกกระบัตร,73,0.0,0.0,0.0,,,True
1790304300,2026-09-25T02:45:00Z,ย่านรี,27,0.0,0.0,0.0,,,True
1790304300,2026-09-25T02:45:00Z,บ้านนา,530,0.0,0.0,0.0,,,True
1790304300,2026-09-25T02:45:00Z,วังจันทร์,41,0.0,0.0,0.0,,,True
1790304300,2026-09-25T02:45:00Z,แม่ระมาด,13,0.0,0.0,0.0,,,True
1790304300,2026-09-25T02:45:00Z,แม่จะเรา,28,0.0,0.0,0.0,,,True
1790304300,2026-09-25T02:45:00Z,ขะเนจื้อ,79,0.0,0.0,0.0,,,True
1790304300,2026-09-25T02:45:00Z,แม่ตื่น,108,0.0,0.0,0.0,,,True
1790304300,2026-09-25T02:45:00Z,สามหมื่น,104,0.0,0.0,0.0,,,True
1790304300,2026-09-25T02:45:00Z,พระธาตุ,48,0.0,0.0,0.0,,,True
1790304300,2026-09-25T02:45:00Z,แม่ต้าน,45,0.0,0.0,0.0,,,True
1790304300,2026-09-25T02:45:00Z,แม่สอง,121,0.0,0.0,0.0,,,True
1790304300,2026-09-25T02:45:00Z,แม่หละ,64,0.0,0.0,0.0,,,True
1790304300,2026-09-25T02:45:00Z,แม่อุสุ,79,0.0,0.0,0.0,,,True
1790304300,2026-09-25T02:45:00Z,แม่สอด,5,0.0,0.0,0.0,,,True
1790304300,2026-09-25T02:45:00Z,แม่กุ,29,0.0,0.0,0.0,,,True
1790304300,2026-09-25T02:45:00Z,พะวอ,137,0.0,0.0,0.0,,,True
1790304300,2026-09-25T02:45:00Z,แม่ตาว,7,0.0,0.0,0.0,,,True
1790304300,2026-09-25T02:45:00Z,แม่กาษา,67,0.0,0.0,0.0,,,True
1790304300,2026-09-25T02:45:00Z,ท่าสายลวด,16,0.0,0.0,0.0,,,True
1790304300,2026-09-25T02:45:00Z,แม่ปะ,27,0.0,0.0,0.0,,,True
1790304300,2026-09-25T02:45:00Z,มหาวัน,25,0.0,0.0,0.0,,,True
1790304300,2026-09-25T02:45:00Z,ด่านแม่ละเมา,64,0.0,0.0,0.0,,,True
1790304300,2026-09-25T02:45:00Z,พระธาตุผาแดง,21,0.0,0.0,0.0,,,True
1790304300,2026-09-25T02:45:00Z,พบพระ,26,0.004,0.098,0.0385,,75,True
1790304300,2026-09-25T02:45:00Z,ช่องแคบ,51,0.0,0.0,0.0,,,True
1790304300,2026-09-25T02:45:00Z,คีรีราษฎร์,127,0.003,0.098,0.0315,,15,True
1790304300,2026-09-25T02:45:00Z,วาเล่ย์,20,0.015,0.098,0.15,90,75,True
1790304300,2026-09-25T02:45:00Z,รวมไทยพัฒนา,25,0.008,0.098,0.08,,45,True
1790304300,2026-09-25T02:45:00Z,อุ้มผาง,110,0.033,0.413,0.2636,15,15,True
1790304300,2026-09-25T02:45:00Z,หนองหลวง,66,0.105,0.592,0.4848,15,15,True
1790304300,2026-09-25T02:45:00Z,โมโกร,147,0.002,0.098,0.0204,,15,True
1790304300,2026-09-25T02:45:00Z,แม่จัน,354,0.165,1.216,0.5508,30,15,True
1790304300,2026-09-25T02:45:00Z,แม่ละมุ้ง,518,0.145,1.216,0.4517,45,30,True
1790304300,2026-09-25T02:45:00Z,แม่กลอง,14,0.0,0.0,0.0,,,True
1790304300,2026-09-25T02:45:00Z,เชียงทอง,126,0.002,0.098,0.0159,,15,True
1790304300,2026-09-25T02:45:00Z,นาโบสถ์,44,0.0,0.0,0.0,,,True
1790304300,2026-09-25T02:45:00Z,ประดาง,13,0.0,0.0,0.0,,,True
1790304300,2026-09-25T02:45:00Z,ธานี,2,0.0,0.0,0.0,,,False
1790304300,2026-09-25T02:45:00Z,บ้านสวน,16,0.0,0.0,0.0,,,True
1790304300,2026-09-25T02:45:00Z,เมืองเก่า,39,0.0,0.0,0.0,,,True
1790304300,2026-09-25T02:45:00Z,ปากแคว,4,0.0,0.0,0.0,,,False
1790304300,2026-09-25T02:45:00Z,ยางซ้าย,6,0.0,0.0,0.0,,,True
1790304300,2026-09-25T02:45:00Z,บ้านกล้วย,26,0.0,0.0,0.0,,,True
1790304300,2026-09-25T02:45:00Z,บ้านหลุม,10,0.0,0.0,0.0,,,True
1790304300,2026-09-25T02:45:00Z,ตาลเตี้ย,6,0.0,0.0,0.0,,,True
1790304300,2026-09-25T02:45:00Z,ปากพระ,11,0.009,0.098,0.0909,,75,True
1790304300,2026-09-25T02:45:00Z,วังทองแดง,16,0.0,0.0,0.0,,,True
1790304300,2026-09-25T02:45:00Z,ลานหอย,30,0.0,0.0,0.0,,,True
1790304300,2026-09-25T02:45:00Z,บ้านด่าน,23,0.0,0.0,0.0,,,True
1790304300,2026-09-25T02:45:00Z,วังตะคร้อ,29,0.0,0.0,0.0,,,True
1790304300,2026-09-25T02:45:00Z,วังน้ำขาว,30,0.0,0.0,0.0,,,True
1790304300,2026-09-25T02:45:00Z,ตลิ่งชัน,83,0.0,0.0,0.0,,,True
1790304300,2026-09-25T02:45:00Z,หนองหญ้าปล้อง,14,0.0,0.0,0.0,,,True
1790304300,2026-09-25T02:45:00Z,วังลึก,22,0.0,0.0,0.0,,,True
1790304300,2026-09-25T02:45:00Z,โตนด,12,0.008,0.098,0.0833,,60,True
1790304300,2026-09-25T02:45:00Z,ทุ่งหลวง,8,0.0,0.0,0.0,,,True
1790304300,2026-09-25T02:45:00Z,บ้านป้อม,15,0.0,0.0,0.0,,,True
1790304300,2026-09-25T02:45:00Z,สามพวง,9,0.011,0.098,0.1111,75,75,True
1790304300,2026-09-25T02:45:00Z,ศรีคีรีมาศ,36,0.0,0.0,0.0,,,True
1790304300,2026-09-25T02:45:00Z,หนองจิก,23,0.009,0.098,0.087,,75,True
1790304300,2026-09-25T02:45:00Z,นาเชิงคีรี,26,0.004,0.098,0.0385,,90,True
1790304300,2026-09-25T02:45:00Z,หนองกระดิ่ง,10,0.0,0.0,0.0,,,True
1790304300,2026-09-25T02:45:00Z,บ้านน้ำพุ,25,0.004,0.098,0.04,,105,True
1790304300,2026-09-25T02:45:00Z,ทุ่งยางเมือง,7,0.0,0.0,0.0,,,True
1790304300,2026-09-25T02:45:00Z,กง,15,0.0,0.0,0.0,,,True
1790304300,2026-09-25T02:45:00Z,บ้านกร่าง,3,0.0,0.0,0.0,,,False
1790304300,2026-09-25T02:45:00Z,ไกรนอก,12,0.0,0.0,0.0,,,True
1790304300,2026-09-25T02:45:00Z,ไกรกลาง,5,0.0,0.0,0.0,,,True
1790304300,2026-09-25T02:45:00Z,ไกรใน,14,0.0,0.0,0.0,,,True
1790304300,2026-09-25T02:45:00Z,ดงเดือย,9,0.0,0.0,0.0,,,True
1790304300,2026-09-25T02:45:00Z,ป่าแฝก,10,0.01,0.098,0.1,60,60,True
1790304300,2026-09-25T02:45:00Z,กกแรต,6,0.033,0.098,0.3333,45,45,True
1790304300,2026-09-25T02:45:00Z,ท่าฉนวน,14,0.0,0.0,0.0,,,True
1790304300,2026-09-25T02:45:00Z,หนองตูม,10,0.0,0.0,0.0,,,True
1790304300,2026-09-25T02:45:00Z,บ้านใหม่สุขเกษม,10,0.0,0.0,0.0,,,True
1790304300,2026-09-25T02:45:00Z,หาดเสี้ยว,12,0.0,0.0,0.0,,,True
1790304300,2026-09-25T02:45:00Z,ป่างิ้ว,14,0.0,0.0,0.0,,,True
1790304300,2026-09-25T02:45:00Z,แม่สำ,76,0.0,0.0,0.0,,,True
1790304300,2026-09-25T02:45:00Z,แม่สิน,151,0.0,0.0,0.0,,,True
1790304300,2026-09-25T02:45:00Z,บ้านตึก,68,0.0,0.0,0.0,,,True
1790304300,2026-09-25T02:45:00Z,หนองอ้อ,21,0.0,0.0,0.0,,,True
1790304300,2026-09-25T02:45:00Z,ท่าชัย,31,0.0,0.0,0.0,,,True
1790304300,2026-09-25T02:45:00Z,ศรีสัชนาลัย,7,0.0,0.0,0.0,,,True
1790304300,2026-09-25T02:45:00Z,ดงคู่,19,0.0,0.0,0.0,,,True
1790304300,2026-09-25T02:45:00Z,บ้านแก่ง,121,0.0,0.0,0.0,,,True
1790304300,2026-09-25T02:45:00Z,สารจิตร,14,0.0,0.0,0.0,,,True
1790304300,2026-09-25T02:45:00Z,คลองตาล,1,0.0,0.0,0.0,,,False
1790304300,2026-09-25T02:45:00Z,วังลึก,4,0.0,0.0,0.0,,,False
1790304300,2026-09-25T02:45:00Z,สามเรือน,6,0.016,0.098,0.1667,105,105,True
1790304300,2026-09-25T02:45:00Z,บ้านนา,4,0.0,0.0,0.0,,,False
1790304300,2026-09-25T02:45:00Z,วังทอง,6,0.0,0.0,0.0,,,True
1790304300,2026-09-25T02:45:00Z,นาขุนไกร,50,0.0,0.0,0.0,,,True
1790304300,2026-09-25T02:45:00Z,เกาะตาเลี้ยง,28,0.0,0.0,0.0,,,True
1790304300,2026-09-25T02:45:00Z,วัดเกาะ,4,0.0,0.0,0.0,,,False
1790304300,2026-09-25T02:45:00Z,บ้านไร่,5,0.0,0.0,0.0,,,True
1790304300,2026-09-25T02:45:00Z,ทับผึ้ง,4,0.0,0.0,0.0,,,False
1790304300,2026-09-25T02:45:00Z,บ้านซ่าน,6,0.016,0.098,0.1667,120,120,True
1790304300,2026-09-25T02:45:00Z,วังใหญ่,10,0.0,0.0,0.0,,,True
1790304300,2026-09-25T02:45:00Z,ราวต้นจันทร์,14,0.007,0.098,0.0714,,120,True
1790304300,2026-09-25T02:45:00Z,เมืองสวรรคโลก,1,0.0,0.0,0.0,,,False
1790304300,2026-09-25T02:45:00Z,ในเมือง,15,0.098,0.196,0.8,90,90,True
1790304300,2026-09-25T02:45:00Z,คลองกระจง,6,0.082,0.098,0.8333,105,105,True
1790304300,2026-09-25T02:45:00Z,วังพิณพาทย์,2,0.049,0.098,0.5,105,105,False
1790304300,2026-09-25T02:45:00Z,วังไม้ขอน,4,0.122,0.196,0.75,105,105,False
1790304300,2026-09-25T02:45:00Z,ย่านยาว,9,0.054,0.196,0.4444,105,105,True
1790304300,2026-09-25T02:45:00Z,นาทุ่ง,17,0.063,0.196,0.5294,105,105,True
1790304300,2026-09-25T02:45:00Z,คลองยาง,28,0.039,0.299,0.2857,90,90,True
1790304300,2026-09-25T02:45:00Z,เมืองบางยม,3,0.0,0.0,0.0,,,False
1790304300,2026-09-25T02:45:00Z,ท่าทอง,3,0.033,0.098,0.3333,105,105,False
1790304300,2026-09-25T02:45:00Z,ปากน้ำ,22,0.013,0.098,0.1364,90,90,True
1790304300,2026-09-25T02:45:00Z,ป่ากุมเกาะ,16,0.024,0.196,0.1875,105,105,True
1790304300,2026-09-25T02:45:00Z,เมืองบางขลัง,19,0.036,0.201,0.3158,120,120,True
1790304300,2026-09-25T02:45:00Z,หนองกลับ,11,0.062,0.098,0.6364,120,105,True
1790304300,2026-09-25T02:45:00Z,ศรีนคร,6,0.18,0.299,1.0,75,75,True
1790304300,2026-09-25T02:45:00Z,นครเดิฐ,12,0.0,0.0,0.0,,,True
1790304300,2026-09-25T02:45:00Z,น้ำขุม,8,0.024,0.098,0.25,75,75,True
1790304300,2026-09-25T02:45:00Z,คลองมะพลับ,14,0.049,0.098,0.5,90,90,True
1790304300,2026-09-25T02:45:00Z,หนองบัว,6,0.066,0.201,0.5,90,90,True
1790304300,2026-09-25T02:45:00Z,บ้านใหม่ไชยมงคล,21,0.005,0.098,0.0476,,120,True
1790304300,2026-09-25T02:45:00Z,ไทยชนะศึก,22,0.0,0.0,0.0,,,True
1790304300,2026-09-25T02:45:00Z,ทุ่งเสลี่ยม,18,0.0,0.0,0.0,,,True
1790304300,2026-09-25T02:45:00Z,กลางดง,71,0.0,0.0,0.0,,,True
1790304300,2026-09-25T02:45:00Z,เขาแก้วศรีสมบูรณ,12,0.0,0.0,0.0,,,True
1790304300,2026-09-25T02:45:00Z,ในเมือง,5,0.0,0.0,0.0,,,True
1790304300,2026-09-25T02:45:00Z,วังน้ำคู้,8,0.0,0.0,0.0,,,True
1790304300,2026-09-25T02:45:00Z,วัดจันทร์,3,0.0,0.0,0.0,,,False
1790304300,2026-09-25T02:45:00Z,วัดพริก,12,0.0,0.0,0.0,,,True
1790304300,2026-09-25T02:45:00Z,ท่าทอง,5,0.0,0.0,0.0,,,True
1790304300,2026-09-25T02:45:00Z,ท่าโพธิ์,10,0.0,0.0,0.0,,,True
1790304300,2026-09-25T02:45:00Z,สมอแข,12,0.0,0.0,0.0,,,True
1790304300,2026-09-25T02:45:00Z,ดอนทอง,38,0.0,0.0,0.0,,,True
1790304300,2026-09-25T02:45:00Z,บ้านป่า,14,0.0,0.0,0.0,,,True
1790304300,2026-09-25T02:45:00Z,ปากโทก,3,0.0,0.0,0.0,,,False
1790304300,2026-09-25T02:45:00Z,หัวรอ,9,0.0,0.0,0.0,,,True
1790304300,2026-09-25T02:45:00Z,จอมทอง,3,0.0,0.0,0.0,,,False
1790304300,2026-09-25T02:45:00Z,บ้านกร่าง,14,0.0,0.0,0.0,,,True
1790304300,2026-09-25T02:45:00Z,บ้านคลอง,2,0.0,0.0,0.0,,,False
1790304300,2026-09-25T02:45:00Z,พลายชุมพล,3,0.0,0.0,0.0,,,False
1790304300,2026-09-25T02:45:00Z,มะขามสูง,6,0.0,0.0,0.0,,,True
1790304300,2026-09-25T02:45:00Z,อรัญญิก,6,0.0,0.0,0.0,,,True
1790304300,2026-09-25T02:45:00Z,บึงพระ,10,0.0,0.0,0.0,,,True
1790304300,2026-09-25T02:45:00Z,ไผ่ขอดอน,10,0.0,0.0,0.0,,,True
1790304300,2026-09-25T02:45:00Z,งิ้วงาม,5,0.0,0.0,0.0,,,True
1790304300,2026-09-25T02:45:00Z,นครไทย,9,0.0,0.0,0.0,,,True
1790304300,2026-09-25T02:45:00Z,หนองกะท้าว,119,0.0,0.0,0.0,,,True
1790304300,2026-09-25T02:45:00Z,บ้านแยง,51,0.0,0.0,0.0,,,True
1790304300,2026-09-25T02:45:00Z,เนินเพิ่ม,80,0.0,0.0,0.0,,,True
1790304300,2026-09-25T02:45:00Z,นาบัว,48,0.0,0.0,0.0,,,True
1790304300,2026-09-25T02:45:00Z,นครชุม,44,0.0,0.0,0.0,,,True
1790304300,2026-09-25T02:45:00Z,น้ำกุ่ม,38,0.0,0.0,0.0,,,True
1790304300,2026-09-25T02:45:00Z,ยางโกลน,32,0.0,0.0,0.0,,,True
1790304300,2026-09-25T02:45:00Z,บ่อโพธิ์,76,0.0,0.0,0.0,,,True
1790304300,2026-09-25T02:45:00Z,บ้านพร้าว,30,0.0,0.0,0.0,,,True
1790304300,2026-09-25T02:45:00Z,ห้วยเฮี้ย,70,0.0,0.0,0.0,,,True
1790304300,2026-09-25T02:45:00Z,ป่าแดง,25,0.0,0.0,0.0,,,True
1790304300,2026-09-25T02:45:00Z,ชาติตระการ,65,0.0,0.0,0.0,,,True
1790304300,2026-09-25T02:45:00Z,สวนเมี่ยง,49,0.0,0.0,0.0,,,True
1790304300,2026-09-25T02:45:00Z,บ้านดง,90,0.003,0.098,0.0333,,15,True
1790304300,2026-09-25T02:45:00Z,บ่อภาค,162,0.0,0.0,0.0,,,True
1790304300,2026-09-25T02:45:00Z,ท่าสะแก,24,0.0,0.0,0.0,,,True
1790304300,2026-09-25T02:45:00Z,บางระกำ,28,0.003,0.098,0.0357,,30,True
1790304300,2026-09-25T02:45:00Z,ปลักแรด,16,0.0,0.0,0.0,,,True
1790304300,2026-09-25T02:45:00Z,พันเสา,18,0.016,0.098,0.1667,30,30,True
1790304300,2026-09-25T02:45:00Z,วังอิทก,11,0.018,0.098,0.1818,15,15,True
1790304300,2026-09-25T02:45:00Z,บึงกอก,21,0.009,0.098,0.0952,,45,True
1790304300,2026-09-25T02:45:00Z,หนองกุลา,39,0.013,0.098,0.1282,60,45,True
1790304300,2026-09-25T02:45:00Z,ชุมแสงสงคราม,35,0.0,0.0,0.0,,,True
1790304300,2026-09-25T02:45:00Z,นิคมพัฒนา,14,0.0,0.0,0.0,,,True
1790304300,2026-09-25T02:45:00Z,บ่อทอง,12,0.008,0.098,0.0833,,15,True
1790304300,2026-09-25T02:45:00Z,ท่านางงาม,23,0.0,0.0,0.0,,,True
1790304300,2026-09-25T02:45:00Z,คุยม่วง,29,0.0,0.0,0.0,,,True
1790304300,2026-09-25T02:45:00Z,บางกระทุ่ม,9,0.0,0.0,0.0,,,True
1790304300,2026-09-25T02:45:00Z,บ้านไร่,8,0.0,0.0,0.0,,,True
1790304300,2026-09-25T02:45:00Z,โคกสลุด,6,0.0,0.0,0.0,,,True
1790304300,2026-09-25T02:45:00Z,สนามคลี,6,0.0,0.0,0.0,,,True
1790304300,2026-09-25T02:45:00Z,ท่าตาล,15,0.0,0.0,0.0,,,True
1790304300,2026-09-25T02:45:00Z,ไผ่ล้อม,9,0.0,0.0,0.0,,,True
1790304300,2026-09-25T02:45:00Z,นครป่าหมาก,13,0.0,0.0,0.0,,,True
1790304300,2026-09-25T02:45:00Z,เนินกุ่ม,15,0.0,0.0,0.0,,,True
1790304300,2026-09-25T02:45:00Z,วัดตายม,10,0.0,0.0,0.0,,,True
1790304300,2026-09-25T02:45:00Z,พรหมพิราม,21,0.005,0.098,0.0476,,15,True
1790304300,2026-09-25T02:45:00Z,ท่าช้าง,17,0.0,0.0,0.0,,,True
1790304300,2026-09-25T02:45:00Z,วงฆ้อง,13,0.0,0.0,0.0,,,True
1790304300,2026-09-25T02:45:00Z,มะตูม,5,0.0,0.0,0.0,,,True
1790304300,2026-09-25T02:45:00Z,หอกลอง,14,0.0,0.0,0.0,,,True
1790304300,2026-09-25T02:45:00Z,ศรีภิรมย์,24,0.0,0.0,0.0,,,True
1790304300,2026-09-25T02:45:00Z,ตลุกเทียม,19,0.0,0.0,0.0,,,True
1790304300,2026-09-25T02:45:00Z,วังวน,17,0.006,0.098,0.0588,,45,True
1790304300,2026-09-25T02:45:00Z,หนองแขม,15,0.007,0.098,0.0667,,30,True
1790304300,2026-09-25T02:45:00Z,มะต้อง,11,0.0,0.0,0.0,,,True
1790304300,2026-09-25T02:45:00Z,ทับยายเชียง,28,0.0,0.0,0.0,,,True
1790304300,2026-09-25T02:45:00Z,ดงประคำ,22,0.0,0.0,0.0,,,True
1790304300,2026-09-25T02:45:00Z,วัดโบสถ์,13,0.0,0.0,0.0,,,True
1790304300,2026-09-25T02:45:00Z,ท่างาม,24,0.0,0.0,0.0,,,True
1790304300,2026-09-25T02:45:00Z,ท้อแท้,9,0.0,0.0,0.0,,,True
1790304300,2026-09-25T02:45:00Z,บ้านยาง,47,0.0,0.0,0.0,,,True
1790304300,2026-09-25T02:45:00Z,หินลาด,30,0.0,0.0,0.0,,,True
1790304300,2026-09-25T02:45:00Z,คันโช้ง,103,0.003,0.098,0.0291,,30,True
1790304300,2026-09-25T02:45:00Z,วังทอง,12,0.0,0.0,0.0,,,True
1790304300,2026-09-25T02:45:00Z,พันชาลี,29,0.0,0.0,0.0,,,True
1790304300,2026-09-25T02:45:00Z,แม่ระกา,18,0.0,0.0,0.0,,,True
1790304300,2026-09-25T02:45:00Z,บ้านกลาง,81,0.0,0.0,0.0,,,True
1790304300,2026-09-25T02:45:00Z,วังพิกุล,20,0.0,0.0,0.0,,,True
1790304300,2026-09-25T02:45:00Z,แก่งโสภา,35,0.0,0.0,0.0,,,True
1790304300,2026-09-25T02:45:00Z,ท่าหมื่นราม,24,0.0,0.0,0.0,,,True
1790304300,2026-09-25T02:45:00Z,วังนกแอ่น,162,0.0,0.0,0.0,,,True
1790304300,2026-09-25T02:45:00Z,หนองพระ,16,0.0,0.0,0.0,,,True
1790304300,2026-09-25T02:45:00Z,ชัยนาม,13,0.0,0.0,0.0,,,True
1790304300,2026-09-25T02:45:00Z,ดินทอง,15,0.0,0.0,0.0,,,True
1790304300,2026-09-25T02:45:00Z,ชมพู,120,0.0,0.0,0.0,,,True
1790304300,2026-09-25T02:45:00Z,บ้านมุง,57,0.003,0.098,0.0351,,15,True
1790304300,2026-09-25T02:45:00Z,ไทรย้อย,20,0.029,0.098,0.3,15,15,True
1790304300,2026-09-25T02:45:00Z,วังโพรง,18,0.022,0.098,0.2222,30,15,True
1790304300,2026-09-25T02:45:00Z,บ้านน้อยซุ้มขี้เ,19,0.0,0.0,0.0,,,True
1790304300,2026-09-25T02:45:00Z,เนินมะปราง,24,0.0,0.0,0.0,,,True
1790304300,2026-09-25T02:45:00Z,วังยาง,18,0.038,0.098,0.3889,15,15,True
1790304300,2026-09-25T02:45:00Z,ในเมือง,2,0.0,0.0,0.0,,,False
1790304300,2026-09-25T02:45:00Z,ไผ่ขวาง,5,0.0,0.0,0.0,,,True
1790304300,2026-09-25T02:45:00Z,ย่านยาว,6,0.0,0.0,0.0,,,True
1790304300,2026-09-25T02:45:00Z,ท่าฬอ,8,0.0,0.0,0.0,,,True
1790304300,2026-09-25T02:45:00Z,ปากทาง,5,0.0,0.0,0.0,,,True
1790304300,2026-09-25T02:45:00Z,คลองคะเชนทร์,10,0.0,0.0,0.0,,,True
1790304300,2026-09-25T02:45:00Z,โรงช้าง,6,0.0,0.0,0.0,,,True
1790304300,2026-09-25T02:45:00Z,เมืองเก่า,11,0.009,0.098,0.0909,,60,True
1790304300,2026-09-25T02:45:00Z,ท่าหลวง,5,0.0,0.0,0.0,,,True
1790304300,2026-09-25T02:45:00Z,บ้านบุ่ง,15,0.046,0.196,0.3333,15,15,True
1790304300,2026-09-25T02:45:00Z,ฆะมัง,9,0.065,0.196,0.5556,45,45,True
1790304300,2026-09-25T02:45:00Z,ดงป่าคำ,13,0.167,0.299,0.9231,15,15,True
1790304300,2026-09-25T02:45:00Z,หัวดง,14,0.148,0.201,1.0,15,15,True
1790304300,2026-09-25T02:45:00Z,ป่ามะคาบ,15,0.0,0.0,0.0,,,True
1790304300,2026-09-25T02:45:00Z,สายคำโห้,8,0.098,0.196,0.75,30,30,True
1790304300,2026-09-25T02:45:00Z,ดงกลาง,6,0.148,0.299,1.0,15,15,True
1790304300,2026-09-25T02:45:00Z,วังทรายพูน,18,0.054,0.196,0.5,15,15,True
1790304300,2026-09-25T02:45:00Z,หนองปลาไหล,14,0.0,0.0,0.0,,,True
1790304300,2026-09-25T02:45:00Z,หนองพระ,20,0.039,0.098,0.4,15,15,True
1790304300,2026-09-25T02:45:00Z,หนองปล้อง,14,0.056,0.098,0.5714,15,15,True
1790304300,2026-09-25T02:45:00Z,โพธิ์ประทับช้าง,12,0.164,0.299,0.8333,15,15,True
1790304300,2026-09-25T02:45:00Z,ไผ่ท่าโพ,11,0.216,0.495,1.0,30,15,True
1790304300,2026-09-25T02:45:00Z,วังจิก,13,0.053,0.196,0.3077,30,15,True
1790304300,2026-09-25T02:45:00Z,ไผ่รอบ,23,0.009,0.098,0.087,,75,True
1790304300,2026-09-25T02:45:00Z,ดงเสือเหลือง,12,0.238,0.397,1.0,30,30,True
1790304300,2026-09-25T02:45:00Z,เนินสว่าง,15,0.033,0.196,0.2667,90,45,True
1790304300,2026-09-25T02:45:00Z,ทุ่งใหญ่,16,0.074,0.397,0.4375,60,45,True
1790304300,2026-09-25T02:45:00Z,ตะพานหิน,1,0.196,0.196,1.0,15,15,False
1790304300,2026-09-25T02:45:00Z,งิ้วราย,9,0.174,0.294,1.0,15,15,True
1790304300,2026-09-25T02:45:00Z,ห้วยเกตุ,5,0.157,0.196,1.0,15,15,True
1790304300,2026-09-25T02:45:00Z,ไทรโรงโขน,3,0.0,0.0,0.0,,,False
1790304300,2026-09-25T02:45:00Z,หนองพยอม,11,0.125,0.196,1.0,15,15,True
1790304300,2026-09-25T02:45:00Z,ทุ่งโพธิ์,5,0.0,0.0,0.0,,,True
1790304300,2026-09-25T02:45:00Z,ดงตะขบ,9,0.0,0.0,0.0,,,True
1790304300,2026-09-25T02:45:00Z,คลองคูณ,11,0.045,0.098,0.4545,30,30,True
1790304300,2026-09-25T02:45:00Z,วังสำโรง,16,0.19,0.294,0.9375,15,15,True
1790304300,2026-09-25T02:45:00Z,วังหว้า,10,0.187,0.299,0.9,15,15,True
1790304300,2026-09-25T02:45:00Z,วังหลุม,15,0.026,0.196,0.2,15,15,True
1790304300,2026-09-25T02:45:00Z,ทับหมัน,10,0.264,0.392,1.0,15,15,True
1790304300,2026-09-25T02:45:00Z,ไผ่หลวง,4,0.073,0.196,0.5,15,15,False
1790304300,2026-09-25T02:45:00Z,บางไผ่,12,0.0,0.0,0.0,,,True
1790304300,2026-09-25T02:45:00Z,หอไกร,11,0.0,0.0,0.0,,,True
1790304300,2026-09-25T02:45:00Z,เนินมะกอก,20,0.0,0.0,0.0,,,True
1790304300,2026-09-25T02:45:00Z,วังสำโรง,15,0.0,0.0,0.0,,,True
1790304300,2026-09-25T02:45:00Z,ภูมิ,8,0.0,0.0,0.0,,,True
1790304300,2026-09-25T02:45:00Z,วังกรด,9,0.0,0.0,0.0,,,True
1790304300,2026-09-25T02:45:00Z,ห้วยเขน,2,0.0,0.0,0.0,,,False
1790304300,2026-09-25T02:45:00Z,วังตะกู,11,0.0,0.0,0.0,,,True
1790304300,2026-09-25T02:45:00Z,ลำประดา,11,0.0,0.0,0.0,,,True
1790304300,2026-09-25T02:45:00Z,โพทะเล,9,0.022,0.098,0.2222,45,45,True
1790304300,2026-09-25T02:45:00Z,ท้ายน้ำ,13,0.242,0.392,1.0,30,30,True
1790304300,2026-09-25T02:45:00Z,ทะนง,20,0.005,0.098,0.05,,60,True
1790304300,2026-09-25T02:45:00Z,ท่าบัว,13,0.0,0.0,0.0,,,True
1790304300,2026-09-25T02:45:00Z,ทุ่งน้อย,8,0.0,0.0,0.0,,,True
1790304300,2026-09-25T02:45:00Z,ท่าขมิ้น,19,0.0,0.0,0.0,,,True
1790304300,2026-09-25T02:45:00Z,ท่าเสา,15,0.0,0.0,0.0,,,True
1790304300,2026-09-25T02:45:00Z,บางคลาน,7,0.0,0.0,0.0,,,True
1790304300,2026-09-25T02:45:00Z,ท่านั่ง,6,0.0,0.0,0.0,,,True
1790304300,2026-09-25T02:45:00Z,บ้านน้อย,10,0.0,0.0,0.0,,,True
1790304300,2026-09-25T02:45:00Z,วัดขวาง,11,0.161,0.294,0.7273,15,15,True
1790304300,2026-09-25T02:45:00Z,สามง่าม,14,0.0,0.0,0.0,,,True
1790304300,2026-09-25T02:45:00Z,กำแพงดิน,15,0.0,0.0,0.0,,,True
1790304300,2026-09-25T02:45:00Z,รังนก,11,0.0,0.0,0.0,,,True
1790304300,2026-09-25T02:45:00Z,เนินปอ,22,0.0,0.0,0.0,,,True
1790304300,2026-09-25T02:45:00Z,หนองโสน,27,0.0,0.0,0.0,,,True
1790304300,2026-09-25T02:45:00Z,ทับคล้อ,15,0.0,0.0,0.0,,,True
1790304300,2026-09-25T02:45:00Z,เขาทราย,34,0.0,0.0,0.0,,,True
1790304300,2026-09-25T02:45:00Z,เขาเจ็ดลูก,29,0.064,0.196,0.6207,15,15,True
1790304300,2026-09-25T02:45:00Z,ท้ายทุ่ง,26,0.0,0.0,0.0,,,True
1790304300,2026-09-25T02:45:00Z,สากเหล็ก,19,0.0,0.0,0.0,,,True
1790304300,2026-09-25T02:45:00Z,ท่าเยี่ยม,4,0.0,0.0,0.0,,,False
1790304300,2026-09-25T02:45:00Z,คลองทราย,5,0.0,0.0,0.0,,,True
1790304300,2026-09-25T02:45:00Z,หนองหญ้าไทร,7,0.0,0.0,0.0,,,True
1790304300,2026-09-25T02:45:00Z,วังทับไทร,10,0.0,0.0,0.0,,,True
1790304300,2026-09-25T02:45:00Z,ห้วยแก้ว,13,0.241,0.392,1.0,15,15,True
1790304300,2026-09-25T02:45:00Z,โพธิ์ไทรงาม,12,0.22,0.49,0.9167,15,15,True
1790304300,2026-09-25T02:45:00Z,แหลมรัง,21,0.201,0.397,0.9524,45,45,True
1790304300,2026-09-25T02:45:00Z,บางลาย,12,0.188,0.392,0.9167,30,30,True
1790304300,2026-09-25T02:45:00Z,บึงนาราง,16,0.19,0.392,1.0,30,15,True
1790304300,2026-09-25T02:45:00Z,วังงิ้วใต้,7,0.0,0.0,0.0,,,True
1790304300,2026-09-25T02:45:00Z,วังงิ้ว,13,0.0,0.0,0.0,,,True
1790304300,2026-09-25T02:45:00Z,ห้วยร่วม,13,0.0,0.0,0.0,,,True
1790304300,2026-09-25T02:45:00Z,ห้วยพุก,10,0.0,0.0,0.0,,,True
1790304300,2026-09-25T02:45:00Z,สำนักขุนเณร,13,0.0,0.0,0.0,,,True
1790304300,2026-09-25T02:45:00Z,บ้านนา,24,0.0,0.0,0.0,,,True
1790304300,2026-09-25T02:45:00Z,บึงบัว,18,0.0,0.0,0.0,,,True
1790304300,2026-09-25T02:45:00Z,วังโมกข์,16,0.0,0.0,0.0,,,True
1790304300,2026-09-25T02:45:00Z,หนองหลุม,10,0.0,0.0,0.0,,,True
1790304300,2026-09-25T02:45:00Z,ในเมือง,2,0.0,0.0,0.0,,,False
1790304300,2026-09-25T02:45:00Z,ตะเบาะ,48,0.0,0.0,0.0,,,True
1790304300,2026-09-25T02:45:00Z,บ้านโตก,38,0.0,0.0,0.0,,,True
1790304300,2026-09-25T02:45:00Z,สะเดียง,13,0.0,0.0,0.0,,,True
1790304300,2026-09-25T02:45:00Z,ป่าเลา,81,0.001,0.098,0.0123,,15,True
1790304300,2026-09-25T02:45:00Z,นางั่ว,21,0.0,0.0,0.0,,,True
1790304300,2026-09-25T02:45:00Z,ท่าพล,35,0.0,0.0,0.0,,,True
1790304300,2026-09-25T02:45:00Z,ดงมูลเหล็ก,12,0.0,0.0,0.0,,,True
1790304300,2026-09-25T02:45:00Z,บ้านโคก,21,0.0,0.0,0.0,,,True
1790304300,2026-09-25T02:45:00Z,ชอนไพร,11,0.0,0.0,0.0,,,True
1790304300,2026-09-25T02:45:00Z,นาป่า,36,0.0,0.0,0.0,,,True
1790304300,2026-09-25T02:45:00Z,นายม,71,0.0,0.0,0.0,,,True
1790304300,2026-09-25T02:45:00Z,วังชมภู,35,0.0,0.0,0.0,,,True
1790304300,2026-09-25T02:45:00Z,น้ำร้อน,11,0.0,0.0,0.0,,,True
1790304300,2026-09-25T02:45:00Z,ห้วยสะแก,25,0.0,0.0,0.0,,,True
1790304300,2026-09-25T02:45:00Z,ห้วยใหญ่,95,0.0,0.0,0.0,,,True
1790304300,2026-09-25T02:45:00Z,ระวิง,18,0.0,0.0,0.0,,,True
1790304300,2026-09-25T02:45:00Z,ชนแดน,31,0.0,0.0,0.0,,,True
1790304300,2026-09-25T02:45:00Z,ดงขุย,24,0.0,0.0,0.0,,,True
1790304300,2026-09-25T02:45:00Z,ท่าข้าม,24,0.0,0.0,0.0,,,True
1790304300,2026-09-25T02:45:00Z,พุทธบาท,59,0.0,0.0,0.0,,,True
1790304300,2026-09-25T02:45:00Z,ลาดแค,45,0.0,0.0,0.0,,,True
1790304300,2026-09-25T02:45:00Z,บ้านกล้วย,30,0.0,0.0,0.0,,,True
1790304300,2026-09-25T02:45:00Z,ซับพุทรา,28,0.0,0.0,0.0,,,True
1790304300,2026-09-25T02:45:00Z,ตะกุดไร,22,0.0,0.0,0.0,,,True
1790304300,2026-09-25T02:45:00Z,ศาลาลาย,16,0.0,0.0,0.0,,,True
1790304300,2026-09-25T02:45:00Z,วัดป่า,3,0.0,0.0,0.0,,,False
1790304300,2026-09-25T02:45:00Z,ตาลเดี่ยว,2,0.0,0.0,0.0,,,False
1790304300,2026-09-25T02:45:00Z,ฝายนาแซง,3,0.0,0.0,0.0,,,False
1790304300,2026-09-25T02:45:00Z,หนองสว่าง,2,0.0,0.0,0.0,,,False
1790304300,2026-09-25T02:45:00Z,น้ำเฮี้ย,1,0.0,0.0,0.0,,,False
1790304300,2026-09-25T02:45:00Z,สักหลง,6,0.0,0.0,0.0,,,True
1790304300,2026-09-25T02:45:00Z,ท่าอิบุญ,32,0.0,0.0,0.0,,,True
1790304300,2026-09-25T02:45:00Z,บ้านโสก,4,0.0,0.0,0.0,,,False
1790304300,2026-09-25T02:45:00Z,บ้านติ้ว,21,0.0,0.0,0.0,,,True
1790304300,2026-09-25T02:45:00Z,ห้วยไร่,16,0.0,0.0,0.0,,,True
1790304300,2026-09-25T02:45:00Z,น้ำก้อ,13,0.0,0.0,0.0,,,True
1790304300,2026-09-25T02:45:00Z,ปากช่อง,86,0.0,0.0,0.0,,,True
1790304300,2026-09-25T02:45:00Z,น้ำชุน,19,0.0,0.0,0.0,,,True
1790304300,2026-09-25T02:45:00Z,หนองไขว่,7,0.0,0.0,0.0,,,True
1790304300,2026-09-25T02:45:00Z,ลานบ่า,12,0.0,0.0,0.0,,,True
1790304300,2026-09-25T02:45:00Z,บุ่งคล้า,10,0.0,0.0,0.0,,,True
1790304300,2026-09-25T02:45:00Z,บุ่งน้ำเต้า,20,0.0,0.0,0.0,,,True
1790304300,2026-09-25T02:45:00Z,บ้านกลาง,50,0.0,0.0,0.0,,,True
1790304300,2026-09-25T02:45:00Z,ช้างตะลูด,29,0.0,0.0,0.0,,,True
1790304300,2026-09-25T02:45:00Z,บ้านไร่,6,0.0,0.0,0.0,,,True
1790304300,2026-09-25T02:45:00Z,ปากดุก,3,0.0,0.0,0.0,,,False
1790304300,2026-09-25T02:45:00Z,บ้านหวาย,5,0.0,0.0,0.0,,,True
1790304300,2026-09-25T02:45:00Z,หล่มเก่า,12,0.0,0.0,0.0,,,True
1790304300,2026-09-25T02:45:00Z,นาซำ,22,0.0,0.0,0.0,,,True
1790304300,2026-09-25T02:45:00Z,หินฮาว,33,0.0,0.0,0.0,,,True
1790304300,2026-09-25T02:45:00Z,บ้านเนิน,29,0.0,0.0,0.0,,,True
1790304300,2026-09-25T02:45:00Z,ศิลา,73,0.0,0.0,0.0,,,True
1790304300,2026-09-25T02:45:00Z,นาแซง,3,0.0,0.0,0.0,,,False
1790304300,2026-09-25T02:45:00Z,วังบาล,24,0.0,0.0,0.0,,,True
1790304300,2026-09-25T02:45:00Z,นาเกาะ,5,0.0,0.0,0.0,,,True
1790304300,2026-09-25T02:45:00Z,ตาดกลอย,46,0.0,0.0,0.0,,,True
1790304300,2026-09-25T02:45:00Z,ท่าโรง,30,0.249,0.712,0.8333,45,45,True
1790304300,2026-09-25T02:45:00Z,สระประดู่,14,0.255,0.891,0.8571,60,60,True
1790304300,2026-09-25T02:45:00Z,สามแยก,24,0.037,0.299,0.2083,75,60,True
1790304300,2026-09-25T02:45:00Z,โคกปรง,28,0.003,0.098,0.0357,,60,True
1790304300,2026-09-25T02:45:00Z,น้ำร้อน,35,0.294,0.712,0.8857,15,15,True
1790304300,2026-09-25T02:45:00Z,บ่อรัง,51,0.037,0.299,0.2745,45,30,True
1790304300,2026-09-25T02:45:00Z,พุเตย,16,0.198,0.603,0.8125,60,60,True
1790304300,2026-09-25T02:45:00Z,พุขาม,18,0.027,0.098,0.2778,75,75,True
1790304300,2026-09-25T02:45:00Z,ภูน้ำหยด,37,0.134,0.609,0.5135,75,75,True
1790304300,2026-09-25T02:45:00Z,ซับสมบูรณ์,16,0.186,0.587,0.6875,60,60,True
1790304300,2026-09-25T02:45:00Z,บึงกระจับ,14,0.0,0.0,0.0,,,True
1790304300,2026-09-25T02:45:00Z,วังใหญ่,14,0.348,0.712,1.0,75,75,True
1790304300,2026-09-25T02:45:00Z,ยางสาว,45,0.029,0.201,0.2,45,15,True
1790304300,2026-09-25T02:45:00Z,ซับน้อย,35,0.017,0.098,0.1714,90,90,True
1790304300,2026-09-25T02:45:00Z,ศรีเทพ,39,0.005,0.098,0.0513,,15,True
1790304300,2026-09-25T02:45:00Z,สระกรวด,21,0.014,0.098,0.1429,30,30,True
1790304300,2026-09-25T02:45:00Z,คลองกระจัง,44,0.0,0.0,0.0,,,True
1790304300,2026-09-25T02:45:00Z,นาสนุ่น,41,0.002,0.098,0.0244,,60,True
1790304300,2026-09-25T02:45:00Z,โคกสะอาด,17,0.0,0.0,0.0,,,True
1790304300,2026-09-25T02:45:00Z,หนองย่างทอย,32,0.0,0.0,0.0,,,True
1790304300,2026-09-25T02:45:00Z,ประดู่งาม,10,0.01,0.098,0.1,45,45,True
1790304300,2026-09-25T02:45:00Z,กองทูล,13,0.0,0.0,0.0,,,True
1790304300,2026-09-25T02:45:00Z,นาเฉลียง,15,0.0,0.0,0.0,,,True
1790304300,2026-09-25T02:45:00Z,บ้านโภชน์,23,0.0,0.0,0.0,,,True
1790304300,2026-09-25T02:45:00Z,ท่าแดง,23,0.0,0.0,0.0,,,True
1790304300,2026-09-25T02:45:00Z,เพชรละคร,24,0.0,0.0,0.0,,,True
1790304300,2026-09-25T02:45:00Z,บ่อไทย,53,0.0,0.0,0.0,,,True
1790304300,2026-09-25T02:45:00Z,ห้วยโป่ง,12,0.0,0.0,0.0,,,True
1790304300,2026-09-25T02:45:00Z,วังท่าดี,18,0.0,0.0,0.0,,,True
1790304300,2026-09-25T02:45:00Z,บัววัฒนา,22,0.0,0.0,0.0,,,True
1790304300,2026-09-25T02:45:00Z,หนองไผ่,20,0.0,0.0,0.0,,,True
1790304300,2026-09-25T02:45:00Z,วังโบสถ์,22,0.0,0.0,0.0,,,True
1790304300,2026-09-25T02:45:00Z,ยางงาม,29,0.0,0.0,0.0,,,True
1790304300,2026-09-25T02:45:00Z,ท่าด้วง,41,0.0,0.0,0.0,,,True
1790304300,2026-09-25T02:45:00Z,ซับสมอทอด,15,0.0,0.0,0.0,,,True
1790304300,2026-09-25T02:45:00Z,ซับไม้แดง,30,0.0,0.0,0.0,,,True
1790304300,2026-09-25T02:45:00Z,หนองแจง,20,0.0,0.0,0.0,,,True
1790304300,2026-09-25T02:45:00Z,กันจุ,30,0.0,0.0,0.0,,,True
1790304300,2026-09-25T02:45:00Z,วังพิกุล,21,0.0,0.0,0.0,,,True
1790304300,2026-09-25T02:45:00Z,พญาวัง,22,0.0,0.0,0.0,,,True
1790304300,2026-09-25T02:45:00Z,ศรีมงคล,13,0.0,0.0,0.0,,,True
1790304300,2026-09-25T02:45:00Z,สระแก้ว,32,0.0,0.0,0.0,,,True
1790304300,2026-09-25T02:45:00Z,บึงสามพัน,11,0.0,0.0,0.0,,,True
1790304300,2026-09-25T02:45:00Z,น้ำหนาว,74,0.0,0.0,0.0,,,True
1790304300,2026-09-25T02:45:00Z,หลักด่าน,49,0.0,0.0,0.0,,,True
1790304300,2026-09-25T02:45:00Z,วังกวาง,78,0.0,0.0,0.0,,,True
1790304300,2026-09-25T02:45:00Z,โคกมน,30,0.0,0.0,0.0,,,True
1790304300,2026-09-25T02:45:00Z,วังโป่ง,23,0.0,0.0,0.0,,,True
1790304300,2026-09-25T02:45:00Z,ท้ายดง,10,0.01,0.098,0.1,15,15,True
1790304300,2026-09-25T02:45:00Z,ซับเปิบ,36,0.0,0.0,0.0,,,True
1790304300,2026-09-25T02:45:00Z,วังหิน,34,0.006,0.098,0.0588,,15,True
1790304300,2026-09-25T02:45:00Z,วังศาล,20,0.0,0.0,0.0,,,True
1790304300,2026-09-25T02:45:00Z,ทุ่งสมอ,33,0.0,0.0,0.0,,,True
1790304300,2026-09-25T02:45:00Z,แคมป์สน,29,0.0,0.0,0.0,,,True
1790304300,2026-09-25T02:45:00Z,เขาค้อ,37,0.0,0.0,0.0,,,True
1790304300,2026-09-25T02:45:00Z,ริมสีม่วง,30,0.0,0.0,0.0,,,True
1790304300,2026-09-25T02:45:00Z,สะเดาะพง,11,0.0,0.0,0.0,,,True
1790304300,2026-09-25T02:45:00Z,หนองแม่นา,44,0.0,0.0,0.0,,,True
1790304300,2026-09-25T02:45:00Z,เข็กน้อย,23,0.0,0.0,0.0,,,True
1790304300,2026-09-25T02:45:00Z,นาสวน,162,0.001,0.098,0.0123,,60,True
1790304300,2026-09-25T02:45:00Z,เขาโจด,173,0.001,0.098,0.0116,,15,True
1790304300,2026-09-25T02:45:00Z,ชะแล,421,0.007,0.196,0.0594,,15,True
1790304300,2026-09-25T02:45:00Z,ไล่โว่,386,0.047,0.587,0.272,105,15,True
1790304300,2026-09-25T02:45:00Z,หนองโสน,19,0.0,0.0,0.0,,,True
1790304300,2026-09-25T02:45:00Z,หนองปลิง,43,0.0,0.0,0.0,,,True
1790304300,2026-09-25T02:45:00Z,ทุ่งกระบ่ำ,22,0.0,0.0,0.0,,,True
1790304300,2026-09-25T02:45:00Z,หนองฝ้าย,37,0.0,0.0,0.0,,,True
1790304300,2026-09-25T02:45:00Z,หนองปรือ,57,0.0,0.0,0.0,,,True
1790304300,2026-09-25T02:45:00Z,หนองปลาไหล,14,0.0,0.0,0.0,,,True
1790304300,2026-09-25T02:45:00Z,สมเด็จเจริญ,33,0.0,0.0,0.0,,,True
1790304300,2026-09-25T02:45:00Z,เขาพระ,8,0.0,0.0,0.0,,,True
1790304300,2026-09-25T02:45:00Z,เดิมบาง,9,0.0,0.0,0.0,,,True
1790304300,2026-09-25T02:45:00Z,นางบวช,8,0.0,0.0,0.0,,,True
1790304300,2026-09-25T02:45:00Z,เขาดิน,8,0.0,0.0,0.0,,,True
1790304300,2026-09-25T02:45:00Z,ปากน้ำ,9,0.0,0.0,0.0,,,True
1790304300,2026-09-25T02:45:00Z,ทุ่งคลี,11,0.0,0.0,0.0,,,True
1790304300,2026-09-25T02:45:00Z,โคกช้าง,8,0.0,0.0,0.0,,,True
1790304300,2026-09-25T02:45:00Z,หัวเขา,15,0.0,0.0,0.0,,,True
1790304300,2026-09-25T02:45:00Z,หัวนา,10,0.0,0.0,0.0,,,True
1790304300,2026-09-25T02:45:00Z,บ่อกรุ,11,0.0,0.0,0.0,,,True
1790304300,2026-09-25T02:45:00Z,วังศรีราช,2,0.0,0.0,0.0,,,False
1790304300,2026-09-25T02:45:00Z,ยางนอน,9,0.0,0.0,0.0,,,True
1790304300,2026-09-25T02:45:00Z,หนองกระทุ่ม,22,0.0,0.0,0.0,,,True
1790304300,2026-09-25T02:45:00Z,หนองมะค่าโมง,32,0.0,0.0,0.0,,,True
1790304300,2026-09-25T02:45:00Z,ด่านช้าง,53,0.0,0.0,0.0,,,True
1790304300,2026-09-25T02:45:00Z,ห้วยขมิ้น,44,0.0,0.0,0.0,,,True
1790304300,2026-09-25T02:45:00Z,องค์พระ,46,0.0,0.0,0.0,,,True
1790304300,2026-09-25T02:45:00Z,วังคัน,22,0.0,0.0,0.0,,,True
1790304300,2026-09-25T02:45:00Z,นิคมกระเสียว,28,0.0,0.0,0.0,,,True
1790304300,2026-09-25T02:45:00Z,วังยาว,84,0.0,0.0,0.0,,,True
1790304300,2026-09-25T02:45:00Z,ศรีประจันต์,3,0.0,0.0,0.0,,,False
1790304300,2026-09-25T02:45:00Z,บ้านกร่าง,7,0.0,0.0,0.0,,,True
1790304300,2026-09-25T02:45:00Z,บางงาม,3,0.0,0.0,0.0,,,False
1790304300,2026-09-25T02:45:00Z,ดอนปรู,9,0.0,0.0,0.0,,,True
1790304300,2026-09-25T02:45:00Z,ปลายนา,10,0.0,0.0,0.0,,,True
1790304300,2026-09-25T02:45:00Z,วังหว้า,4,0.0,0.0,0.0,,,False
1790304300,2026-09-25T02:45:00Z,วังน้ำซับ,5,0.0,0.0,0.0,,,True
1790304300,2026-09-25T02:45:00Z,ดอนเจดีย์,15,0.0,0.0,0.0,,,True
1790304300,2026-09-25T02:45:00Z,หนองสาหร่าย,16,0.0,0.0,0.0,,,True
1790304300,2026-09-25T02:45:00Z,สระกระโจม,21,0.0,0.0,0.0,,,True
1790304300,2026-09-25T02:45:00Z,ทะเลบก,20,0.0,0.0,0.0,,,True
1790304300,2026-09-25T02:45:00Z,ย่านยาว,8,0.0,0.0,0.0,,,True
1790304300,2026-09-25T02:45:00Z,วังลึก,15,0.0,0.0,0.0,,,True
1790304300,2026-09-25T02:45:00Z,สามชุก,7,0.0,0.0,0.0,,,True
1790304300,2026-09-25T02:45:00Z,หนองผักนาก,13,0.0,0.0,0.0,,,True
1790304300,2026-09-25T02:45:00Z,บ้านสระ,14,0.0,0.0,0.0,,,True
1790304300,2026-09-25T02:45:00Z,หนองสะเดา,11,0.0,0.0,0.0,,,True
1790304300,2026-09-25T02:45:00Z,กระเสียว,9,0.0,0.0,0.0,,,True
1790304300,2026-09-25T02:45:00Z,หนองหญ้าไซ,19,0.0,0.0,0.0,,,True
1790304300,2026-09-25T02:45:00Z,หนองราชวัตร,17,0.0,0.0,0.0,,,True
1790304300,2026-09-25T02:45:00Z,หนองโพธิ์,19,0.0,0.0,0.0,,,True
1790304300,2026-09-25T02:45:00Z,แจงงาม,19,0.0,0.0,0.0,,,True
1790304300,2026-09-25T02:45:00Z,หนองขาม,17,0.0,0.0,0.0,,,True
1790304300,2026-09-25T02:45:00Z,ทัพหลวง,17,0.0,0.0,0.0,,,True
