origin,utc,name,n_cells,mean_mm,max_mm,coverage,eta_area,eta_first,reliable
1790726400,2026-09-30T00:00:00Z,พิชัย,176,0.0,0.0,0.0,,,True
1790726400,2026-09-30T00:00:00Z,ลับแล,116,0.0,0.0,0.0,,,True
1790726400,2026-09-30T00:00:00Z,ฟากท่า,163,0.0,0.0,0.0,,,True
1790726400,2026-09-30T00:00:00Z,บ้านโคก,247,0.0,0.0,0.0,,,True
1790726400,2026-09-30T00:00:00Z,ท่าปลา,442,0.0,0.0,0.0,,,True
1790726400,2026-09-30T00:00:00Z,น้ำปาด,363,0.0,0.0,0.0,,,True
1790726400,2026-09-30T00:00:00Z,เมืองอุตรดิตถ์,202,0.0,0.0,0.0,,,True
1790726400,2026-09-30T00:00:00Z,ตรอน,80,0.0,0.0,0.0,,,True
1790726400,2026-09-30T00:00:00Z,หล่มเก่า,246,0.0,0.0,0.0,,,True
1790726400,2026-09-30T00:00:00Z,วิเชียรบุรี,377,0.0,0.0,0.0,,,True
1790726400,2026-09-30T00:00:00Z,ชนแดน,279,0.0,0.0,0.0,,,True
1790726400,2026-09-30T00:00:00Z,หล่มสัก,350,0.0,0.0,0.0,,,True
1790726400,2026-09-30T00:00:00Z,เมืองเพชรบูรณ์,571,0.0,0.0,0.0,,,True
1790726400,2026-09-30T00:00:00Z,ทองแสนขัน,185,0.0,0.0,0.0,,,True
1790726400,2026-09-30T00:00:00Z,บึงสามัคคี,71,0.0,0.0,0.0,,,True
1790726400,2026-09-30T00:00:00Z,โกสัมพีนคร,137,0.0,0.0,0.0,,,True
1790726400,2026-09-30T00:00:00Z,สอง,380,0.0,0.0,0.0,,,True
1790726400,2026-09-30T00:00:00Z,วังชิ้น,255,0.0,0.0,0.0,,,True
1790726400,2026-09-30T00:00:00Z,สูงเม่น,88,0.0,0.0,0.0,,,True
1790726400,2026-09-30T00:00:00Z,เด่นชัย,135,0.0,0.0,0.0,,,True
1790726400,2026-09-30T00:00:00Z,ร้องกวาง,221,0.0,0.0,0.0,,,True
1790726400,2026-09-30T00:00:00Z,ลอง,317,0.0,0.0,0.0,,,True
1790726400,2026-09-30T00:00:00Z,เมืองแพร่,205,0.0,0.0,0.0,,,True
1790726400,2026-09-30T00:00:00Z,ทัพทัน,94,0.0,0.0,0.0,,,True
1790726400,2026-09-30T00:00:00Z,สว่างอารมณ์,110,0.0,0.0,0.0,,,True
1790726400,2026-09-30T00:00:00Z,เมืองอุทัยธานี,59,0.0,0.0,0.0,,,True
1790726400,2026-09-30T00:00:00Z,ห้วยคต,94,0.0,0.0,0.0,,,True
1790726400,2026-09-30T00:00:00Z,ศรีสวัสดิ์,440,0.0,0.0,0.0,,,True
1790726400,2026-09-30T00:00:00Z,บ้านไร่,821,0.0,0.0,0.0,,,True
1790726400,2026-09-30T00:00:00Z,ลานสัก,360,0.0,0.0,0.0,,,True
1790726400,2026-09-30T00:00:00Z,หนองฉาง,89,0.0,0.0,0.0,,,True
1790726400,2026-09-30T00:00:00Z,หนองขาหย่าง,43,0.0,0.0,0.0,,,True
1790726400,2026-09-30T00:00:00Z,เชียงม่วน,82,0.0,0.0,0.0,,,True
1790726400,2026-09-30T00:00:00Z,ดอกคำใต้,37,0.0,0.0,0.0,,,True
1790726400,2026-09-30T00:00:00Z,เมืองพะเยา,6,0.0,0.0,0.0,,,True
1790726400,2026-09-30T00:00:00Z,ทองผาภูมิ,851,0.0,0.0,0.0,,,True
1790726400,2026-09-30T00:00:00Z,สังขละบุรี,793,0.0,0.0,0.0,,,True
1790726400,2026-09-30T00:00:00Z,หนองม่วงไข่,35,0.0,0.0,0.0,,,True
1790726400,2026-09-30T00:00:00Z,ภูเวียง,81,0.0,0.0,0.0,,,True
1790726400,2026-09-30T00:00:00Z,มัญจาคีรี,50,0.0,0.0,0.0,,,True
1790726400,2026-09-30T00:00:00Z,หนองปรือ,104,0.0,0.0,0.0,,,True
1790726400,2026-09-30T00:00:00Z,เลาขวัญ,123,0.0,0.0,0.0,,,True
1790726400,2026-09-30T00:00:00Z,หนองนาคำ,43,0.0,0.0,0.0,,,True
1790726400,2026-09-30T00:00:00Z,โคกโพธิ์ไชย,65,0.0,0.0,0.0,,,True
1790726400,2026-09-30T00:00:00Z,บ้านหลวง,91,0.0,0.0,0.0,,,True
1790726400,2026-09-30T00:00:00Z,นาน้อย,266,0.0,0.0,0.0,,,True
1790726400,2026-09-30T00:00:00Z,ภูผาม่าน,74,0.0,0.0,0.0,,,True
1790726400,2026-09-30T00:00:00Z,เมืองน่าน,161,0.0,0.0,0.0,,,True
1790726400,2026-09-30T00:00:00Z,แม่จริม,262,0.0,0.0,0.0,,,True
1790726400,2026-09-30T00:00:00Z,เวียงเก่า,78,0.0,0.0,0.0,,,True
1790726400,2026-09-30T00:00:00Z,เมืองกำแพงเพชร,368,0.0,0.0,0.0,,,True
1790726400,2026-09-30T00:00:00Z,ไทรงาม,133,0.0,0.0,0.0,,,True
1790726400,2026-09-30T00:00:00Z,ปางศิลาทอง,186,0.0,0.0,0.0,,,True
1790726400,2026-09-30T00:00:00Z,ลานกระบือ,103,0.0,0.0,0.0,,,True
1790726400,2026-09-30T00:00:00Z,ทรายทองวัฒนา,53,0.0,0.0,0.0,,,True
1790726400,2026-09-30T00:00:00Z,คลองขลุง,179,0.0,0.0,0.0,,,True
1790726400,2026-09-30T00:00:00Z,พรานกระต่าย,252,0.0,0.0,0.0,,,True
1790726400,2026-09-30T00:00:00Z,คลองลาน,363,0.0,0.0,0.0,,,True
1790726400,2026-09-30T00:00:00Z,ขาณุวรลักษบุรี,296,0.0,0.0,0.0,,,True
1790726400,2026-09-30T00:00:00Z,ภูเพียง,113,0.0,0.0,0.0,,,True
1790726400,2026-09-30T00:00:00Z,นาหมื่น,245,0.0,0.0,0.0,,,True
1790726400,2026-09-30T00:00:00Z,เวียงสา,543,0.0,0.0,0.0,,,True
1790726400,2026-09-30T00:00:00Z,น้ำโสม,153,0.0,0.0,0.0,,,True
1790726400,2026-09-30T00:00:00Z,นายูง,126,0.0,0.0,0.0,,,True
1790726400,2026-09-30T00:00:00Z,ชุมแพ,173,0.0,0.0,0.0,,,True
1790726400,2026-09-30T00:00:00Z,สีชมพู,132,0.0,0.0,0.0,,,True
1790726400,2026-09-30T00:00:00Z,สุวรรณคูหา,140,0.0,0.0,0.0,,,True
1790726400,2026-09-30T00:00:00Z,นาวัง,65,0.0,0.0,0.0,,,True
1790726400,2026-09-30T00:00:00Z,หนองเรือ,80,0.0,0.0,0.0,,,True
1790726400,2026-09-30T00:00:00Z,โนนสัง,51,0.0,0.0,0.0,,,True
1790726400,2026-09-30T00:00:00Z,ศรีบุญเรือง,224,0.0,0.0,0.0,,,True
1790726400,2026-09-30T00:00:00Z,เมืองหนองบัวลำภู,217,0.0,0.0,0.0,,,True
1790726400,2026-09-30T00:00:00Z,นากลาง,173,0.0,0.0,0.0,,,True
1790726400,2026-09-30T00:00:00Z,ทุ่งเสลี่ยม,144,0.0,0.0,0.0,,,True
1790726400,2026-09-30T00:00:00Z,ดอยหล่อ,56,0.0,0.0,0.0,,,True
1790726400,2026-09-30T00:00:00Z,เมืองตาก,486,0.0,0.0,0.0,,,True
1790726400,2026-09-30T00:00:00Z,แม่ออน,116,0.0,0.0,0.0,,,True
1790726400,2026-09-30T00:00:00Z,อุ้มผาง,1209,0.0,0.0,0.0,,,True
1790726400,2026-09-30T00:00:00Z,วังเจ้า,183,0.0,0.0,0.0,,,True
1790726400,2026-09-30T00:00:00Z,แม่สอด,398,0.0,0.0,0.0,,,True
1790726400,2026-09-30T00:00:00Z,พบพระ,249,0.0,0.0,0.0,,,True
1790726400,2026-09-30T00:00:00Z,แม่ระมาด,380,0.0,0.0,0.0,,,True
1790726400,2026-09-30T00:00:00Z,ท่าสองยาง,401,0.0,0.0,0.0,,,True
1790726400,2026-09-30T00:00:00Z,บ้านตาก,255,0.0,0.0,0.0,,,True
1790726400,2026-09-30T00:00:00Z,สามเงา,698,0.0,0.0,0.0,,,True
1790726400,2026-09-30T00:00:00Z,จอมทอง,280,0.0,0.0,0.0,,,True
1790726400,2026-09-30T00:00:00Z,แก้งสนามนาง,79,0.0,0.0,0.0,,,True
1790726400,2026-09-30T00:00:00Z,สีคิ้ว,292,0.0,0.0,0.0,,,True
1790726400,2026-09-30T00:00:00Z,พระทองคำ,90,0.0,0.0,0.0,,,True
1790726400,2026-09-30T00:00:00Z,เทพารักษ์,92,0.0,0.0,0.0,,,True
1790726400,2026-09-30T00:00:00Z,สันกำแพง,65,0.0,0.0,0.0,,,True
1790726400,2026-09-30T00:00:00Z,สันป่าตอง,44,0.0,0.0,0.0,,,True
1790726400,2026-09-30T00:00:00Z,ดอยเต่า,213,0.0,0.0,0.0,,,True
1790726400,2026-09-30T00:00:00Z,อมก๋อย,704,0.0,0.0,0.0,,,True
1790726400,2026-09-30T00:00:00Z,ฮอด,378,0.0,0.0,0.0,,,True
1790726400,2026-09-30T00:00:00Z,เมืองลำพูน,117,0.0,0.0,0.0,,,True
1790726400,2026-09-30T00:00:00Z,แม่ทา,192,0.0,0.0,0.0,,,True
1790726400,2026-09-30T00:00:00Z,บ้านธิ,34,0.0,0.0,0.0,,,True
1790726400,2026-09-30T00:00:00Z,บ้านหมอ,24,0.0,0.0,0.0,,,True
1790726400,2026-09-30T00:00:00Z,เวียงหนองล่อง,14,0.0,0.0,0.0,,,True
1790726400,2026-09-30T00:00:00Z,ทุ่งหัวช้าง,113,0.0,0.0,0.0,,,True
1790726400,2026-09-30T00:00:00Z,ป่าซาง,74,0.0,0.0,0.0,,,True
1790726400,2026-09-30T00:00:00Z,บ้านโฮ่ง,124,0.0,0.0,0.0,,,True
1790726400,2026-09-30T00:00:00Z,แก่งคอย,73,0.0,0.0,0.0,,,True
1790726400,2026-09-30T00:00:00Z,ลี้,454,0.0,0.0,0.0,,,True
1790726400,2026-09-30T00:00:00Z,พระพุทธบาท,55,0.0,0.0,0.0,,,True
1790726400,2026-09-30T00:00:00Z,ดอนพุด,7,0.0,0.0,0.0,,,True
1790726400,2026-09-30T00:00:00Z,หนองโดน,31,0.0,0.0,0.0,,,True
1790726400,2026-09-30T00:00:00Z,เมืองลำปาง,300,0.0,0.0,0.0,,,True
1790726400,2026-09-30T00:00:00Z,เถิน,443,0.0,0.0,0.0,,,True
1790726400,2026-09-30T00:00:00Z,แม่พริก,167,0.0,0.0,0.0,,,True
1790726400,2026-09-30T00:00:00Z,แจ้ห่ม,274,0.0,0.0,0.0,,,True
1790726400,2026-09-30T00:00:00Z,แม่เปิน,85,0.0,0.0,0.0,,,True
1790726400,2026-09-30T00:00:00Z,เสริมงาม,185,0.0,0.0,0.0,,,True
1790726400,2026-09-30T00:00:00Z,ชุมตาบง,61,0.0,0.0,0.0,,,True
1790726400,2026-09-30T00:00:00Z,งาว,344,0.0,0.0,0.0,,,True
1790726400,2026-09-30T00:00:00Z,ตากฟ้า,125,0.0,0.0,0.0,,,True
1790726400,2026-09-30T00:00:00Z,แม่เมาะ,283,0.0,0.0,0.0,,,True
1790726400,2026-09-30T00:00:00Z,แม่วงก์,257,0.0,0.0,0.0,,,True
1790726400,2026-09-30T00:00:00Z,เกาะคา,128,0.0,0.0,0.0,,,True
1790726400,2026-09-30T00:00:00Z,พยุหะคีรี,169,0.0,0.0,0.0,,,True
1790726400,2026-09-30T00:00:00Z,ลาดยาว,187,0.0,0.0,0.0,,,True
1790726400,2026-09-30T00:00:00Z,สบปราบ,125,0.0,0.0,0.0,,,True
1790726400,2026-09-30T00:00:00Z,ห้างฉัตร,154,0.0,0.0,0.0,,,True
1790726400,2026-09-30T00:00:00Z,แม่ทะ,203,0.0,0.0,0.0,,,True
1790726400,2026-09-30T00:00:00Z,เมืองปาน,202,0.0,0.0,0.0,,,True
1790726400,2026-09-30T00:00:00Z,เมืองอ่างทอง,6,0.0,0.0,0.0,,,True
1790726400,2026-09-30T00:00:00Z,ไชโย,20,0.0,0.0,0.0,,,True
1790726400,2026-09-30T00:00:00Z,สามโก้,10,0.0,0.0,0.0,,,True
1790726400,2026-09-30T00:00:00Z,แสวงหา,43,0.0,0.0,0.0,,,True
1790726400,2026-09-30T00:00:00Z,วิเศษชัยชาญ,7,0.0,0.0,0.0,,,True
1790726400,2026-09-30T00:00:00Z,โพธิ์ทอง,48,0.0,0.0,0.0,,,True
1790726400,2026-09-30T00:00:00Z,เมืองลพบุรี,190,0.0,0.0,0.0,,,True
1790726400,2026-09-30T00:00:00Z,เดิมบางนางบวช,130,0.0,0.0,0.0,,,True
1790726400,2026-09-30T00:00:00Z,ด่านช้าง,309,0.0,0.0,0.0,,,True
1790726400,2026-09-30T00:00:00Z,หนองม่วง,111,0.0,0.0,0.0,,,True
1790726400,2026-09-30T00:00:00Z,ลำสนธิ,136,0.0,0.0,0.0,,,True
1790726400,2026-09-30T00:00:00Z,สามชุก,77,0.0,0.0,0.0,,,True
1790726400,2026-09-30T00:00:00Z,ดอนเจดีย์,72,0.0,0.0,0.0,,,True
1790726400,2026-09-30T00:00:00Z,สระโบสถ์,83,0.0,0.0,0.0,,,True
1790726400,2026-09-30T00:00:00Z,ศรีประจันต์,41,0.0,0.0,0.0,,,True
1790726400,2026-09-30T00:00:00Z,โคกเจริญ,135,0.0,0.0,0.0,,,True
1790726400,2026-09-30T00:00:00Z,บ้านหมี่,136,0.0,0.0,0.0,,,True
1790726400,2026-09-30T00:00:00Z,ท่าหลวง,100,0.0,0.0,0.0,,,True
1790726400,2026-09-30T00:00:00Z,ชัยบาดาล,280,0.0,0.0,0.0,,,True
1790726400,2026-09-30T00:00:00Z,ท่าวุ้ง,64,0.0,0.0,0.0,,,True
1790726400,2026-09-30T00:00:00Z,พัฒนานิคม,217,0.0,0.0,0.0,,,True
1790726400,2026-09-30T00:00:00Z,โคกสำโรง,180,0.0,0.0,0.0,,,True
1790726400,2026-09-30T00:00:00Z,หนองหญ้าไซ,108,0.0,0.0,0.0,,,True
1790726400,2026-09-30T00:00:00Z,ท่าช้าง,11,0.0,0.0,0.0,,,True
1790726400,2026-09-30T00:00:00Z,อินทร์บุรี,66,0.0,0.0,0.0,,,True
1790726400,2026-09-30T00:00:00Z,ค่ายบางระจัน,26,0.0,0.0,0.0,,,True
1790726400,2026-09-30T00:00:00Z,พรหมบุรี,19,0.0,0.0,0.0,,,True
1790726400,2026-09-30T00:00:00Z,เนินสง่า,65,0.0,0.0,0.0,,,True
1790726400,2026-09-30T00:00:00Z,เมืองสิงห์บุรี,31,0.0,0.0,0.0,,,True
1790726400,2026-09-30T00:00:00Z,ซับใหญ่,72,0.0,0.0,0.0,,,True
1790726400,2026-09-30T00:00:00Z,บางระจัน,46,0.0,0.0,0.0,,,True
1790726400,2026-09-30T00:00:00Z,ภูกระดึง,190,0.0,0.0,0.0,,,True
1790726400,2026-09-30T00:00:00Z,ภูหลวง,145,0.0,0.0,0.0,,,True
1790726400,2026-09-30T00:00:00Z,หนองหิน,78,0.0,0.0,0.0,,,True
1790726400,2026-09-30T00:00:00Z,ผาขาว,100,0.0,0.0,0.0,,,True
1790726400,2026-09-30T00:00:00Z,เอราวัณ,87,0.0,0.0,0.0,,,True
1790726400,2026-09-30T00:00:00Z,วังสะพุง,281,0.0,0.0,0.0,,,True
1790726400,2026-09-30T00:00:00Z,วังม่วง,70,0.0,0.0,0.0,,,True
1790726400,2026-09-30T00:00:00Z,เฉลิมพระเกียรติ,35,0.0,0.0,0.0,,,True
1790726400,2026-09-30T00:00:00Z,มวกเหล็ก,175,0.0,0.0,0.0,,,True
1790726400,2026-09-30T00:00:00Z,บ้านเขว้า,124,0.0,0.0,0.0,,,True
1790726400,2026-09-30T00:00:00Z,คอนสวรรค์,113,0.0,0.0,0.0,,,True
1790726400,2026-09-30T00:00:00Z,เมืองชัยภูมิ,358,0.0,0.0,0.0,,,True
1790726400,2026-09-30T00:00:00Z,วังทอง,425,0.0,0.0,0.0,,,True
1790726400,2026-09-30T00:00:00Z,เนินมะปราง,276,0.0,0.0,0.0,,,True
1790726400,2026-09-30T00:00:00Z,สวรรคโลก,156,0.0,0.0,0.0,,,True
1790726400,2026-09-30T00:00:00Z,ศรีนคร,46,0.0,0.0,0.0,,,True
1790726400,2026-09-30T00:00:00Z,หันคา,139,0.0,0.0,0.0,,,True
1790726400,2026-09-30T00:00:00Z,ศรีสัชนาลัย,534,0.0,0.0,0.0,,,True
1790726400,2026-09-30T00:00:00Z,หนองมะโมง,76,0.0,0.0,0.0,,,True
1790726400,2026-09-30T00:00:00Z,ศรีสำโรง,142,0.0,0.0,0.0,,,True
1790726400,2026-09-30T00:00:00Z,สรรพยา,55,0.0,0.0,0.0,,,True
1790726400,2026-09-30T00:00:00Z,คีรีมาศ,171,0.0,0.0,0.0,,,True
1790726400,2026-09-30T00:00:00Z,สรรคบุรี,89,0.0,0.0,0.0,,,True
1790726400,2026-09-30T00:00:00Z,กงไกรลาศ,108,0.0,0.0,0.0,,,True
1790726400,2026-09-30T00:00:00Z,มโนรมย์,66,0.0,0.0,0.0,,,True
1790726400,2026-09-30T00:00:00Z,เมืองสุโขทัย,136,0.0,0.0,0.0,,,True
1790726400,2026-09-30T00:00:00Z,วัดสิงห์,67,0.0,0.0,0.0,,,True
1790726400,2026-09-30T00:00:00Z,บ้านด่านลานหอย,231,0.0,0.0,0.0,,,True
1790726400,2026-09-30T00:00:00Z,เมืองชัยนาท,70,0.0,0.0,0.0,,,True
1790726400,2026-09-30T00:00:00Z,เนินขาม,65,0.0,0.0,0.0,,,True
1790726400,2026-09-30T00:00:00Z,คอนสาร,334,0.0,0.0,0.0,,,True
1790726400,2026-09-30T00:00:00Z,ภักดีชุมพล,154,0.0,0.0,0.0,,,True
1790726400,2026-09-30T00:00:00Z,บ้านแท่น,76,0.0,0.0,0.0,,,True
1790726400,2026-09-30T00:00:00Z,แก้งคร้อ,168,0.0,0.0,0.0,,,True
1790726400,2026-09-30T00:00:00Z,ภูเขียว,201,0.0,0.0,0.0,,,True
1790726400,2026-09-30T00:00:00Z,หนองบัวระเหว,179,0.0,0.0,0.0,,,True
1790726400,2026-09-30T00:00:00Z,เทพสถิต,239,0.0,0.0,0.0,,,True
1790726400,2026-09-30T00:00:00Z,จัตุรัส,172,0.0,0.0,0.0,,,True
1790726400,2026-09-30T00:00:00Z,บำเหน็จณรงค์,120,0.0,0.0,0.0,,,True
1790726400,2026-09-30T00:00:00Z,เกษตรสมบูรณ์,268,0.0,0.0,0.0,,,True
1790726400,2026-09-30T00:00:00Z,หนองบัวแดง,537,0.0,0.0,0.0,,,True
1790726400,2026-09-30T00:00:00Z,ภูเรือ,168,0.0,0.0,0.0,,,True
1790726400,2026-09-30T00:00:00Z,ท่าลี่,171,0.0,0.0,0.0,,,True
1790726400,2026-09-30T00:00:00Z,วชิรบารมี,68,0.0,0.0,0.0,,,True
1790726400,2026-09-30T00:00:00Z,ด่านซ้าย,341,0.0,0.0,0.0,,,True
1790726400,2026-09-30T00:00:00Z,นาแห้ว,153,0.0,0.0,0.0,,,True
1790726400,2026-09-30T00:00:00Z,บึงนาราง,74,0.0,0.0,0.0,,,True
1790726400,2026-09-30T00:00:00Z,เชียงคาน,213,0.0,0.0,0.0,,,True
1790726400,2026-09-30T00:00:00Z,ดงเจริญ,56,0.0,0.0,0.0,,,True
1790726400,2026-09-30T00:00:00Z,ปากชม,240,0.0,0.0,0.0,,,True
1790726400,2026-09-30T00:00:00Z,เมืองเลย,314,0.0,0.0,0.0,,,True
1790726400,2026-09-30T00:00:00Z,นาด้วง,143,0.0,0.0,0.0,,,True
1790726400,2026-09-30T00:00:00Z,สากเหล็ก,45,0.0,0.0,0.0,,,True
1790726400,2026-09-30T00:00:00Z,สามง่าม,89,0.0,0.0,0.0,,,True
1790726400,2026-09-30T00:00:00Z,ทับคล้อ,104,0.0,0.0,0.0,,,True
1790726400,2026-09-30T00:00:00Z,พรหมพิราม,206,0.0,0.0,0.0,,,True
1790726400,2026-09-30T00:00:00Z,ด่านขุนทด,344,0.0,0.0,0.0,,,True
1790726400,2026-09-30T00:00:00Z,วัดโบสถ์,226,0.0,0.0,0.0,,,True
1790726400,2026-09-30T00:00:00Z,บางระกำ,246,0.0,0.0,0.0,,,True
1790726400,2026-09-30T00:00:00Z,บางกระทุ่ม,91,0.0,0.0,0.0,,,True
1790726400,2026-09-30T00:00:00Z,นครไทย,597,0.0,0.0,0.0,,,True
1790726400,2026-09-30T00:00:00Z,ชาติตระการ,415,0.0,0.0,0.0,,,True
1790726400,2026-09-30T00:00:00Z,บ้านเหลื่อม,55,0.0,0.0,0.0,,,True
1790726400,2026-09-30T00:00:00Z,เมืองพิษณุโลก,178,0.0,0.0,0.0,,,True
1790726400,2026-09-30T00:00:00Z,ชุมแสง,145,0.0,0.0,0.0,,,True
1790726400,2026-09-30T00:00:00Z,หนองบัว,208,0.0,0.0,0.0,,,True
1790726400,2026-09-30T00:00:00Z,เมืองนครสวรรค์,183,0.0,0.0,0.0,,,True
1790726400,2026-09-30T00:00:00Z,โกรกพระ,71,0.0,0.0,0.0,,,True
1790726400,2026-09-30T00:00:00Z,ไพศาลี,244,0.0,0.0,0.0,,,True
1790726400,2026-09-30T00:00:00Z,ตาคลี,206,0.0,0.0,0.0,,,True
1790726400,2026-09-30T00:00:00Z,ท่าตะโก,211,0.0,0.0,0.0,,,True
1790726400,2026-09-30T00:00:00Z,เขาค้อ,207,0.0,0.0,0.0,,,True
1790726400,2026-09-30T00:00:00Z,บรรพตพิสัย,181,0.0,0.0,0.0,,,True
1790726400,2026-09-30T00:00:00Z,เก้าเลี้ยว,57,0.0,0.0,0.0,,,True
1790726400,2026-09-30T00:00:00Z,วังโป่ง,123,0.0,0.0,0.0,,,True
1790726400,2026-09-30T00:00:00Z,บึงสามพัน,194,0.0,0.0,0.0,,,True
1790726400,2026-09-30T00:00:00Z,น้ำหนาว,231,0.0,0.0,0.0,,,True
1790726400,2026-09-30T00:00:00Z,ศรีเทพ,204,0.0,0.0,0.0,,,True
1790726400,2026-09-30T00:00:00Z,หนองไผ่,315,0.0,0.0,0.0,,,True
1790726400,2026-09-30T00:00:00Z,มหาราช,4,0.0,0.0,0.0,,,False
1790726400,2026-09-30T00:00:00Z,บ้านแพรก,10,0.0,0.0,0.0,,,True
1790726400,2026-09-30T00:00:00Z,บางมูลนาก,99,0.0,0.0,0.0,,,True
1790726400,2026-09-30T00:00:00Z,โพทะเล,131,0.0,0.0,0.0,,,True
1790726400,2026-09-30T00:00:00Z,โพธิ์ประทับช้าง,102,0.0,0.0,0.0,,,True
1790726400,2026-09-30T00:00:00Z,ตะพานหิน,109,0.0,0.0,0.0,,,True
1790726400,2026-09-30T00:00:00Z,เมืองพิจิตร,138,0.0,0.0,0.0,,,True
1790726400,2026-09-30T00:00:00Z,วังทรายพูน,66,0.0,0.0,0.0,,,True
1790727300,2026-09-30T00:15:00Z,พิชัย,176,0.0,0.0,0.0,,,True
1790727300,2026-09-30T00:15:00Z,ลับแล,116,0.0,0.0,0.0,,,True
1790727300,2026-09-30T00:15:00Z,ฟากท่า,163,0.0,0.0,0.0,,,True
1790727300,2026-09-30T00:15:00Z,บ้านโคก,247,0.0,0.0,0.0,,,True
1790727300,2026-09-30T00:15:00Z,ท่าปลา,442,0.0,0.0,0.0,,,True
1790727300,2026-09-30T00:15:00Z,น้ำปาด,363,0.0,0.0,0.0,,,True
1790727300,2026-09-30T00:15:00Z,เมืองอุตรดิตถ์,202,0.0,0.0,0.0,,,True
1790727300,2026-09-30T00:15:00Z,ตรอน,80,0.0,0.0,0.0,,,True
1790727300,2026-09-30T00:15:00Z,หล่มเก่า,246,0.0,0.0,0.0,,,True
1790727300,2026-09-30T00:15:00Z,วิเชียรบุรี,377,0.0,0.0,0.0,,,True
1790727300,2026-09-30T00:15:00Z,ชนแดน,279,0.0,0.0,0.0,,,True
1790727300,2026-09-30T00:15:00Z,หล่มสัก,350,0.0,0.0,0.0,,,True
1790727300,2026-09-30T00:15:00Z,เมืองเพชรบูรณ์,571,0.0,0.0,0.0,,,True
1790727300,2026-09-30T00:15:00Z,ทองแสนขัน,185,0.0,0.0,0.0,,,True
1790727300,2026-09-30T00:15:00Z,บึงสามัคคี,71,0.0,0.0,0.0,,,True
1790727300,2026-09-30T00:15:00Z,โกสัมพีนคร,137,0.0,0.0,0.0,,,True
1790727300,2026-09-30T00:15:00Z,สอง,380,0.0,0.0,0.0,,,True
1790727300,2026-09-30T00:15:00Z,วังชิ้น,255,0.0,0.0,0.0,,,True
1790727300,2026-09-30T00:15:00Z,สูงเม่น,88,0.0,0.0,0.0,,,True
1790727300,2026-09-30T00:15:00Z,เด่นชัย,135,0.0,0.0,0.0,,,True
1790727300,2026-09-30T00:15:00Z,ร้องกวาง,221,0.0,0.0,0.0,,,True
1790727300,2026-09-30T00:15:00Z,ลอง,317,0.0,0.0,0.0,,,True
1790727300,2026-09-30T00:15:00Z,เมืองแพร่,205,0.0,0.0,0.0,,,True
1790727300,2026-09-30T00:15:00Z,ทัพทัน,94,0.0,0.0,0.0,,,True
1790727300,2026-09-30T00:15:00Z,สว่างอารมณ์,110,0.0,0.0,0.0,,,True
1790727300,2026-09-30T00:15:00Z,เมืองอุทัยธานี,59,0.0,0.0,0.0,,,True
1790727300,2026-09-30T00:15:00Z,ห้วยคต,94,0.0,0.0,0.0,,,True
1790727300,2026-09-30T00:15:00Z,ศรีสวัสดิ์,440,0.0,0.0,0.0,,,True
1790727300,2026-09-30T00:15:00Z,บ้านไร่,821,0.0,0.0,0.0,,,True
1790727300,2026-09-30T00:15:00Z,ลานสัก,360,0.0,0.0,0.0,,,True
1790727300,2026-09-30T00:15:00Z,หนองฉาง,89,0.0,0.0,0.0,,,True
1790727300,2026-09-30T00:15:00Z,หนองขาหย่าง,43,0.0,0.0,0.0,,,True
1790727300,2026-09-30T00:15:00Z,เชียงม่วน,82,0.0,0.0,0.0,,,True
1790727300,2026-09-30T00:15:00Z,ดอกคำใต้,37,0.0,0.0,0.0,,,True
1790727300,2026-09-30T00:15:00Z,เมืองพะเยา,6,0.0,0.0,0.0,,,True
1790727300,2026-09-30T00:15:00Z,ทองผาภูมิ,851,0.0,0.0,0.0,,,True
1790727300,2026-09-30T00:15:00Z,สังขละบุรี,793,0.0,0.0,0.0,,,True
1790727300,2026-09-30T00:15:00Z,หนองม่วงไข่,35,0.0,0.0,0.0,,,True
1790727300,2026-09-30T00:15:00Z,ภูเวียง,81,0.0,0.0,0.0,,,True
1790727300,2026-09-30T00:15:00Z,มัญจาคีรี,50,0.0,0.0,0.0,,,True
1790727300,2026-09-30T00:15:00Z,หนองปรือ,104,0.0,0.0,0.0,,,True
1790727300,2026-09-30T00:15:00Z,เลาขวัญ,123,0.0,0.0,0.0,,,True
1790727300,2026-09-30T00:15:00Z,หนองนาคำ,43,0.0,0.0,0.0,,,True
1790727300,2026-09-30T00:15:00Z,โคกโพธิ์ไชย,65,0.0,0.0,0.0,,,True
1790727300,2026-09-30T00:15:00Z,บ้านหลวง,91,0.0,0.0,0.0,,,True
1790727300,2026-09-30T00:15:00Z,นาน้อย,266,0.0,0.0,0.0,,,True
1790727300,2026-09-30T00:15:00Z,ภูผาม่าน,74,0.0,0.0,0.0,,,True
1790727300,2026-09-30T00:15:00Z,เมืองน่าน,161,0.0,0.0,0.0,,,True
1790727300,2026-09-30T00:15:00Z,แม่จริม,262,0.0,0.0,0.0,,,True
1790727300,2026-09-30T00:15:00Z,เวียงเก่า,78,0.0,0.0,0.0,,,True
1790727300,2026-09-30T00:15:00Z,เมืองกำแพงเพชร,368,0.0,0.0,0.0,,,True
1790727300,2026-09-30T00:15:00Z,ไทรงาม,133,0.0,0.0,0.0,,,True
1790727300,2026-09-30T00:15:00Z,ปางศิลาทอง,186,0.0,0.0,0.0,,,True
1790727300,2026-09-30T00:15:00Z,ลานกระบือ,103,0.0,0.0,0.0,,,True
1790727300,2026-09-30T00:15:00Z,ทรายทองวัฒนา,53,0.0,0.0,0.0,,,True
1790727300,2026-09-30T00:15:00Z,คลองขลุง,179,0.0,0.0,0.0,,,True
1790727300,2026-09-30T00:15:00Z,พรานกระต่าย,252,0.0,0.0,0.0,,,True
1790727300,2026-09-30T00:15:00Z,คลองลาน,363,0.0,0.0,0.0,,,True
1790727300,2026-09-30T00:15:00Z,ขาณุวรลักษบุรี,296,0.0,0.0,0.0,,,True
1790727300,2026-09-30T00:15:00Z,ภูเพียง,113,0.0,0.0,0.0,,,True
1790727300,2026-09-30T00:15:00Z,นาหมื่น,245,0.0,0.0,0.0,,,True
1790727300,2026-09-30T00:15:00Z,เวียงสา,543,0.0,0.0,0.0,,,True
1790727300,2026-09-30T00:15:00Z,น้ำโสม,153,0.0,0.0,0.0,,,True
1790727300,2026-09-30T00:15:00Z,นายูง,126,0.0,0.0,0.0,,,True
1790727300,2026-09-30T00:15:00Z,ชุมแพ,173,0.0,0.0,0.0,,,True
1790727300,2026-09-30T00:15:00Z,สีชมพู,132,0.0,0.0,0.0,,,True
1790727300,2026-09-30T00:15:00Z,สุวรรณคูหา,140,0.0,0.0,0.0,,,True
1790727300,2026-09-30T00:15:00Z,นาวัง,65,0.0,0.0,0.0,,,True
1790727300,2026-09-30T00:15:00Z,หนองเรือ,80,0.0,0.0,0.0,,,True
1790727300,2026-09-30T00:15:00Z,โนนสัง,51,0.0,0.0,0.0,,,True
1790727300,2026-09-30T00:15:00Z,ศรีบุญเรือง,224,0.0,0.0,0.0,,,True
1790727300,2026-09-30T00:15:00Z,เมืองหนองบัวลำภู,217,0.0,0.0,0.0,,,True
1790727300,2026-09-30T00:15:00Z,นากลาง,173,0.0,0.0,0.0,,,True
1790727300,2026-09-30T00:15:00Z,ทุ่งเสลี่ยม,144,0.0,0.0,0.0,,,True
1790727300,2026-09-30T00:15:00Z,ดอยหล่อ,56,0.0,0.0,0.0,,,True
1790727300,2026-09-30T00:15:00Z,เมืองตาก,486,0.0,0.0,0.0,,,True
1790727300,2026-09-30T00:15:00Z,แม่ออน,116,0.0,0.0,0.0,,,True
1790727300,2026-09-30T00:15:00Z,อุ้มผาง,1209,0.0,0.0,0.0,,,True
1790727300,2026-09-30T00:15:00Z,วังเจ้า,183,0.0,0.0,0.0,,,True
1790727300,2026-09-30T00:15:00Z,แม่สอด,398,0.0,0.0,0.0,,,True
1790727300,2026-09-30T00:15:00Z,พบพระ,249,0.0,0.0,0.0,,,True
1790727300,2026-09-30T00:15:00Z,แม่ระมาด,380,0.0,0.0,0.0,,,True
1790727300,2026-09-30T00:15:00Z,ท่าสองยาง,401,0.0,0.0,0.0,,,True
1790727300,2026-09-30T00:15:00Z,บ้านตาก,255,0.0,0.0,0.0,,,True
1790727300,2026-09-30T00:15:00Z,สามเงา,698,0.0,0.0,0.0,,,True
1790727300,2026-09-30T00:15:00Z,จอมทอง,280,0.0,0.0,0.0,,,True
1790727300,2026-09-30T00:15:00Z,แก้งสนามนาง,79,0.0,0.0,0.0,,,True
1790727300,2026-09-30T00:15:00Z,สีคิ้ว,292,0.0,0.0,0.0,,,True
1790727300,2026-09-30T00:15:00Z,พระทองคำ,90,0.0,0.0,0.0,,,True
1790727300,2026-09-30T00:15:00Z,เทพารักษ์,92,0.0,0.0,0.0,,,True
1790727300,2026-09-30T00:15:00Z,สันกำแพง,65,0.0,0.0,0.0,,,True
1790727300,2026-09-30T00:15:00Z,สันป่าตอง,44,0.0,0.0,0.0,,,True
1790727300,2026-09-30T00:15:00Z,ดอยเต่า,213,0.0,0.0,0.0,,,True
1790727300,2026-09-30T00:15:00Z,อมก๋อย,704,0.0,0.0,0.0,,,True
1790727300,2026-09-30T00:15:00Z,ฮอด,378,0.0,0.0,0.0,,,True
1790727300,2026-09-30T00:15:00Z,เมืองลำพูน,117,0.0,0.0,0.0,,,True
1790727300,2026-09-30T00:15:00Z,แม่ทา,192,0.0,0.0,0.0,,,True
1790727300,2026-09-30T00:15:00Z,บ้านธิ,34,0.0,0.0,0.0,,,True
1790727300,2026-09-30T00:15:00Z,บ้านหมอ,24,0.0,0.0,0.0,,,True
1790727300,2026-09-30T00:15:00Z,เวียงหนองล่อง,14,0.0,0.0,0.0,,,True
1790727300,2026-09-30T00:15:00Z,ทุ่งหัวช้าง,113,0.0,0.0,0.0,,,True
1790727300,2026-09-30T00:15:00Z,ป่าซาง,74,0.0,0.0,0.0,,,True
1790727300,2026-09-30T00:15:00Z,บ้านโฮ่ง,124,0.0,0.0,0.0,,,True
1790727300,2026-09-30T00:15:00Z,แก่งคอย,73,0.0,0.0,0.0,,,True
1790727300,2026-09-30T00:15:00Z,ลี้,454,0.0,0.0,0.0,,,True
1790727300,2026-09-30T00:15:00Z,พระพุทธบาท,55,0.0,0.0,0.0,,,True
1790727300,2026-09-30T00:15:00Z,ดอนพุด,7,0.0,0.0,0.0,,,True
1790727300,2026-09-30T00:15:00Z,หนองโดน,31,0.0,0.0,0.0,,,True
1790727300,2026-09-30T00:15:00Z,เมืองลำปาง,300,0.0,0.0,0.0,,,True
1790727300,2026-09-30T00:15:00Z,เถิน,443,0.0,0.0,0.0,,,True
1790727300,2026-09-30T00:15:00Z,แม่พริก,167,0.0,0.0,0.0,,,True
1790727300,2026-09-30T00:15:00Z,แจ้ห่ม,274,0.0,0.0,0.0,,,True
1790727300,2026-09-30T00:15:00Z,แม่เปิน,85,0.0,0.0,0.0,,,True
1790727300,2026-09-30T00:15:00Z,เสริมงาม,185,0.0,0.0,0.0,,,True
1790727300,2026-09-30T00:15:00Z,ชุมตาบง,61,0.0,0.0,0.0,,,True
1790727300,2026-09-30T00:15:00Z,งาว,344,0.0,0.0,0.0,,,True
1790727300,2026-09-30T00:15:00Z,ตากฟ้า,125,0.0,0.0,0.0,,,True
1790727300,2026-09-30T00:15:00Z,แม่เมาะ,283,0.0,0.0,0.0,,,True
1790727300,2026-09-30T00:15:00Z,แม่วงก์,257,0.0,0.0,0.0,,,True
1790727300,2026-09-30T00:15:00Z,เกาะคา,128,0.0,0.0,0.0,,,True
1790727300,2026-09-30T00:15:00Z,พยุหะคีรี,169,0.0,0.0,0.0,,,True
1790727300,2026-09-30T00:15:00Z,ลาดยาว,187,0.0,0.0,0.0,,,True
1790727300,2026-09-30T00:15:00Z,สบปราบ,125,0.0,0.0,0.0,,,True
1790727300,2026-09-30T00:15:00Z,ห้างฉัตร,154,0.0,0.0,0.0,,,True
1790727300,2026-09-30T00:15:00Z,แม่ทะ,203,0.0,0.0,0.0,,,True
1790727300,2026-09-30T00:15:00Z,เมืองปาน,202,0.0,0.0,0.0,,,True
1790727300,2026-09-30T00:15:00Z,เมืองอ่างทอง,6,0.0,0.0,0.0,,,True
1790727300,2026-09-30T00:15:00Z,ไชโย,20,0.0,0.0,0.0,,,True
1790727300,2026-09-30T00:15:00Z,สามโก้,10,0.0,0.0,0.0,,,True
1790727300,2026-09-30T00:15:00Z,แสวงหา,43,0.0,0.0,0.0,,,True
1790727300,2026-09-30T00:15:00Z,วิเศษชัยชาญ,7,0.0,0.0,0.0,,,True
1790727300,2026-09-30T00:15:00Z,โพธิ์ทอง,48,0.0,0.0,0.0,,,True
1790727300,2026-09-30T00:15:00Z,เมืองลพบุรี,190,0.0,0.0,0.0,,,True
1790727300,2026-09-30T00:15:00Z,เดิมบางนางบวช,130,0.0,0.0,0.0,,,True
1790727300,2026-09-30T00:15:00Z,ด่านช้าง,309,0.0,0.0,0.0,,,True
1790727300,2026-09-30T00:15:00Z,หนองม่วง,111,0.0,0.0,0.0,,,True
1790727300,2026-09-30T00:15:00Z,ลำสนธิ,136,0.0,0.0,0.0,,,True
1790727300,2026-09-30T00:15:00Z,สามชุก,77,0.0,0.0,0.0,,,True
1790727300,2026-09-30T00:15:00Z,ดอนเจดีย์,72,0.0,0.0,0.0,,,True
1790727300,2026-09-30T00:15:00Z,สระโบสถ์,83,0.0,0.0,0.0,,,True
1790727300,2026-09-30T00:15:00Z,ศรีประจันต์,41,0.0,0.0,0.0,,,True
1790727300,2026-09-30T00:15:00Z,โคกเจริญ,135,0.0,0.0,0.0,,,True
1790727300,2026-09-30T00:15:00Z,บ้านหมี่,136,0.0,0.0,0.0,,,True
1790727300,2026-09-30T00:15:00Z,ท่าหลวง,100,0.0,0.0,0.0,,,True
1790727300,2026-09-30T00:15:00Z,ชัยบาดาล,280,0.0,0.0,0.0,,,True
1790727300,2026-09-30T00:15:00Z,ท่าวุ้ง,64,0.0,0.0,0.0,,,True
1790727300,2026-09-30T00:15:00Z,พัฒนานิคม,217,0.0,0.0,0.0,,,True
1790727300,2026-09-30T00:15:00Z,โคกสำโรง,180,0.0,0.0,0.0,,,True
1790727300,2026-09-30T00:15:00Z,หนองหญ้าไซ,108,0.0,0.0,0.0,,,True
1790727300,2026-09-30T00:15:00Z,ท่าช้าง,11,0.0,0.0,0.0,,,True
1790727300,2026-09-30T00:15:00Z,อินทร์บุรี,66,0.0,0.0,0.0,,,True
1790727300,2026-09-30T00:15:00Z,ค่ายบางระจัน,26,0.0,0.0,0.0,,,True
1790727300,2026-09-30T00:15:00Z,พรหมบุรี,19,0.0,0.0,0.0,,,True
1790727300,2026-09-30T00:15:00Z,เนินสง่า,65,0.0,0.0,0.0,,,True
1790727300,2026-09-30T00:15:00Z,เมืองสิงห์บุรี,31,0.0,0.0,0.0,,,True
1790727300,2026-09-30T00:15:00Z,ซับใหญ่,72,0.0,0.0,0.0,,,True
1790727300,2026-09-30T00:15:00Z,บางระจัน,46,0.0,0.0,0.0,,,True
1790727300,2026-09-30T00:15:00Z,ภูกระดึง,190,0.0,0.0,0.0,,,True
1790727300,2026-09-30T00:15:00Z,ภูหลวง,145,0.0,0.0,0.0,,,True
1790727300,2026-09-30T00:15:00Z,หนองหิน,78,0.0,0.0,0.0,,,True
1790727300,2026-09-30T00:15:00Z,ผาขาว,100,0.0,0.0,0.0,,,True
1790727300,2026-09-30T00:15:00Z,เอราวัณ,87,0.0,0.0,0.0,,,True
1790727300,2026-09-30T00:15:00Z,วังสะพุง,281,0.0,0.0,0.0,,,True
1790727300,2026-09-30T00:15:00Z,วังม่วง,70,0.0,0.0,0.0,,,True
1790727300,2026-09-30T00:15:00Z,เฉลิมพระเกียรติ,35,0.0,0.0,0.0,,,True
1790727300,2026-09-30T00:15:00Z,มวกเหล็ก,175,0.0,0.0,0.0,,,True
1790727300,2026-09-30T00:15:00Z,บ้านเขว้า,124,0.0,0.0,0.0,,,True
1790727300,2026-09-30T00:15:00Z,คอนสวรรค์,113,0.0,0.0,0.0,,,True
1790727300,2026-09-30T00:15:00Z,เมืองชัยภูมิ,358,0.0,0.0,0.0,,,True
1790727300,2026-09-30T00:15:00Z,วังทอง,425,0.0,0.0,0.0,,,True
1790727300,2026-09-30T00:15:00Z,เนินมะปราง,276,0.0,0.0,0.0,,,True
1790727300,2026-09-30T00:15:00Z,สวรรคโลก,156,0.0,0.0,0.0,,,True
1790727300,2026-09-30T00:15:00Z,ศรีนคร,46,0.0,0.0,0.0,,,True
1790727300,2026-09-30T00:15:00Z,หันคา,139,0.0,0.0,0.0,,,True
1790727300,2026-09-30T00:15:00Z,ศรีสัชนาลัย,534,0.0,0.0,0.0,,,True
1790727300,2026-09-30T00:15:00Z,หนองมะโมง,76,0.0,0.0,0.0,,,True
1790727300,2026-09-30T00:15:00Z,ศรีสำโรง,142,0.0,0.0,0.0,,,True
1790727300,2026-09-30T00:15:00Z,สรรพยา,55,0.0,0.0,0.0,,,True
1790727300,2026-09-30T00:15:00Z,คีรีมาศ,171,0.0,0.0,0.0,,,True
1790727300,2026-09-30T00:15:00Z,สรรคบุรี,89,0.0,0.0,0.0,,,True
1790727300,2026-09-30T00:15:00Z,กงไกรลาศ,108,0.0,0.0,0.0,,,True
1790727300,2026-09-30T00:15:00Z,มโนรมย์,66,0.0,0.0,0.0,,,True
1790727300,2026-09-30T00:15:00Z,เมืองสุโขทัย,136,0.0,0.0,0.0,,,True
1790727300,2026-09-30T00:15:00Z,วัดสิงห์,67,0.0,0.0,0.0,,,True
1790727300,2026-09-30T00:15:00Z,บ้านด่านลานหอย,231,0.0,0.0,0.0,,,True
1790727300,2026-09-30T00:15:00Z,เมืองชัยนาท,70,0.0,0.0,0.0,,,True
1790727300,2026-09-30T00:15:00Z,เนินขาม,65,0.0,0.0,0.0,,,True
1790727300,2026-09-30T00:15:00Z,คอนสาร,334,0.0,0.0,0.0,,,True
1790727300,2026-09-30T00:15:00Z,ภักดีชุมพล,154,0.0,0.0,0.0,,,True
1790727300,2026-09-30T00:15:00Z,บ้านแท่น,76,0.0,0.0,0.0,,,True
1790727300,2026-09-30T00:15:00Z,แก้งคร้อ,168,0.0,0.0,0.0,,,True
1790727300,2026-09-30T00:15:00Z,ภูเขียว,201,0.0,0.0,0.0,,,True
1790727300,2026-09-30T00:15:00Z,หนองบัวระเหว,179,0.0,0.0,0.0,,,True
1790727300,2026-09-30T00:15:00Z,เทพสถิต,239,0.0,0.0,0.0,,,True
1790727300,2026-09-30T00:15:00Z,จัตุรัส,172,0.0,0.0,0.0,,,True
1790727300,2026-09-30T00:15:00Z,บำเหน็จณรงค์,120,0.0,0.0,0.0,,,True
1790727300,2026-09-30T00:15:00Z,เกษตรสมบูรณ์,268,0.0,0.0,0.0,,,True
1790727300,2026-09-30T00:15:00Z,หนองบัวแดง,537,0.0,0.0,0.0,,,True
1790727300,2026-09-30T00:15:00Z,ภูเรือ,168,0.0,0.0,0.0,,,True
1790727300,2026-09-30T00:15:00Z,ท่าลี่,171,0.0,0.0,0.0,,,True
1790727300,2026-09-30T00:15:00Z,วชิรบารมี,68,0.0,0.0,0.0,,,True
1790727300,2026-09-30T00:15:00Z,ด่านซ้าย,341,0.0,0.0,0.0,,,True
1790727300,2026-09-30T00:15:00Z,นาแห้ว,153,0.0,0.0,0.0,,,True
1790727300,2026-09-30T00:15:00Z,บึงนาราง,74,0.0,0.0,0.0,,,True
1790727300,2026-09-30T00:15:00Z,เชียงคาน,213,0.0,0.0,0.0,,,True
1790727300,2026-09-30T00:15:00Z,ดงเจริญ,56,0.0,0.0,0.0,,,True
1790727300,2026-09-30T00:15:00Z,ปากชม,240,0.0,0.0,0.0,,,True
1790727300,2026-09-30T00:15:00Z,เมืองเลย,314,0.0,0.0,0.0,,,True
1790727300,2026-09-30T00:15:00Z,นาด้วง,143,0.0,0.0,0.0,,,True
1790727300,2026-09-30T00:15:00Z,สากเหล็ก,45,0.0,0.0,0.0,,,True
1790727300,2026-09-30T00:15:00Z,สามง่าม,89,0.0,0.0,0.0,,,True
1790727300,2026-09-30T00:15:00Z,ทับคล้อ,104,0.0,0.0,0.0,,,True
1790727300,2026-09-30T00:15:00Z,พรหมพิราม,206,0.0,0.0,0.0,,,True
1790727300,2026-09-30T00:15:00Z,ด่านขุนทด,344,0.0,0.0,0.0,,,True
1790727300,2026-09-30T00:15:00Z,วัดโบสถ์,226,0.0,0.0,0.0,,,True
1790727300,2026-09-30T00:15:00Z,บางระกำ,246,0.0,0.0,0.0,,,True
1790727300,2026-09-30T00:15:00Z,บางกระทุ่ม,91,0.0,0.0,0.0,,,True
1790727300,2026-09-30T00:15:00Z,นครไทย,597,0.0,0.0,0.0,,,True
1790727300,2026-09-30T00:15:00Z,ชาติตระการ,415,0.0,0.0,0.0,,,True
1790727300,2026-09-30T00:15:00Z,บ้านเหลื่อม,55,0.0,0.0,0.0,,,True
1790727300,2026-09-30T00:15:00Z,เมืองพิษณุโลก,178,0.0,0.0,0.0,,,True
1790727300,2026-09-30T00:15:00Z,ชุมแสง,145,0.0,0.0,0.0,,,True
1790727300,2026-09-30T00:15:00Z,หนองบัว,208,0.0,0.0,0.0,,,True
1790727300,2026-09-30T00:15:00Z,เมืองนครสวรรค์,183,0.0,0.0,0.0,,,True
1790727300,2026-09-30T00:15:00Z,โกรกพระ,71,0.0,0.0,0.0,,,True
1790727300,2026-09-30T00:15:00Z,ไพศาลี,244,0.0,0.0,0.0,,,True
1790727300,2026-09-30T00:15:00Z,ตาคลี,206,0.0,0.0,0.0,,,True
1790727300,2026-09-30T00:15:00Z,ท่าตะโก,211,0.0,0.0,0.0,,,True
1790727300,2026-09-30T00:15:00Z,เขาค้อ,207,0.0,0.0,0.0,,,True
1790727300,2026-09-30T00:15:00Z,บรรพตพิสัย,181,0.0,0.0,0.0,,,True
1790727300,2026-09-30T00:15:00Z,เก้าเลี้ยว,57,0.0,0.0,0.0,,,True
1790727300,2026-09-30T00:15:00Z,วังโป่ง,123,0.0,0.0,0.0,,,True
1790727300,2026-09-30T00:15:00Z,บึงสามพัน,194,0.0,0.0,0.0,,,True
1790727300,2026-09-30T00:15:00Z,น้ำหนาว,231,0.0,0.0,0.0,,,True
1790727300,2026-09-30T00:15:00Z,ศรีเทพ,204,0.0,0.0,0.0,,,True
1790727300,2026-09-30T00:15:00Z,หนองไผ่,315,0.0,0.0,0.0,,,True
1790727300,2026-09-30T00:15:00Z,มหาราช,4,0.0,0.0,0.0,,,False
1790727300,2026-09-30T00:15:00Z,บ้านแพรก,10,0.0,0.0,0.0,,,True
1790727300,2026-09-30T00:15:00Z,บางมูลนาก,99,0.0,0.0,0.0,,,True
1790727300,2026-09-30T00:15:00Z,โพทะเล,131,0.0,0.0,0.0,,,True
1790727300,2026-09-30T00:15:00Z,โพธิ์ประทับช้าง,102,0.0,0.0,0.0,,,True
1790727300,2026-09-30T00:15:00Z,ตะพานหิน,109,0.0,0.0,0.0,,,True
1790727300,2026-09-30T00:15:00Z,เมืองพิจิตร,138,0.0,0.0,0.0,,,True
1790727300,2026-09-30T00:15:00Z,วังทรายพูน,66,0.0,0.0,0.0,,,True
1790728200,2026-09-30T00:30:00Z,พิชัย,176,0.0,0.0,0.0,,,True
1790728200,2026-09-30T00:30:00Z,ลับแล,116,0.0,0.0,0.0,,,True
1790728200,2026-09-30T00:30:00Z,ฟากท่า,163,0.0,0.0,0.0,,,True
1790728200,2026-09-30T00:30:00Z,บ้านโคก,247,0.0,0.0,0.0,,,True
1790728200,2026-09-30T00:30:00Z,ท่าปลา,442,0.0,0.0,0.0,,,True
1790728200,2026-09-30T00:30:00Z,น้ำปาด,363,0.0,0.0,0.0,,,True
1790728200,2026-09-30T00:30:00Z,เมืองอุตรดิตถ์,202,0.0,0.0,0.0,,,True
1790728200,2026-09-30T00:30:00Z,ตรอน,80,0.0,0.0,0.0,,,True
1790728200,2026-09-30T00:30:00Z,หล่มเก่า,246,0.0,0.0,0.0,,,True
1790728200,2026-09-30T00:30:00Z,วิเชียรบุรี,377,0.0,0.0,0.0,,,True
1790728200,2026-09-30T00:30:00Z,ชนแดน,279,0.0,0.0,0.0,,,True
1790728200,2026-09-30T00:30:00Z,หล่มสัก,350,0.0,0.0,0.0,,,True
1790728200,2026-09-30T00:30:00Z,เมืองเพชรบูรณ์,571,0.0,0.0,0.0,,,True
1790728200,2026-09-30T00:30:00Z,ทองแสนขัน,185,0.0,0.0,0.0,,,True
1790728200,2026-09-30T00:30:00Z,บึงสามัคคี,71,0.0,0.0,0.0,,,True
1790728200,2026-09-30T00:30:00Z,โกสัมพีนคร,137,0.0,0.0,0.0,,,True
1790728200,2026-09-30T00:30:00Z,สอง,380,0.0,0.0,0.0,,,True
1790728200,2026-09-30T00:30:00Z,วังชิ้น,255,0.0,0.0,0.0,,,True
1790728200,2026-09-30T00:30:00Z,สูงเม่น,88,0.0,0.0,0.0,,,True
1790728200,2026-09-30T00:30:00Z,เด่นชัย,135,0.0,0.0,0.0,,,True
1790728200,2026-09-30T00:30:00Z,ร้องกวาง,221,0.0,0.0,0.0,,,True
1790728200,2026-09-30T00:30:00Z,ลอง,317,0.0,0.0,0.0,,,True
1790728200,2026-09-30T00:30:00Z,เมืองแพร่,205,0.0,0.0,0.0,,,True
1790728200,2026-09-30T00:30:00Z,ทัพทัน,94,0.0,0.0,0.0,,,True
1790728200,2026-09-30T00:30:00Z,สว่างอารมณ์,110,0.0,0.0,0.0,,,True
1790728200,2026-09-30T00:30:00Z,เมืองอุทัยธานี,59,0.0,0.0,0.0,,,True
1790728200,2026-09-30T00:30:00Z,ห้วยคต,94,0.0,0.0,0.0,,,True
1790728200,2026-09-30T00:30:00Z,ศรีสวัสดิ์,440,0.0,0.0,0.0,,,True
1790728200,2026-09-30T00:30:00Z,บ้านไร่,821,0.0,0.0,0.0,,,True
1790728200,2026-09-30T00:30:00Z,ลานสัก,360,0.0,0.0,0.0,,,True
1790728200,2026-09-30T00:30:00Z,หนองฉาง,89,0.0,0.0,0.0,,,True
1790728200,2026-09-30T00:30:00Z,หนองขาหย่าง,43,0.0,0.0,0.0,,,True
1790728200,2026-09-30T00:30:00Z,เชียงม่วน,82,0.0,0.0,0.0,,,True
1790728200,2026-09-30T00:30:00Z,ดอกคำใต้,37,0.0,0.0,0.0,,,True
1790728200,2026-09-30T00:30:00Z,เมืองพะเยา,6,0.0,0.0,0.0,,,True
1790728200,2026-09-30T00:30:00Z,ทองผาภูมิ,851,0.0,0.0,0.0,,,True
1790728200,2026-09-30T00:30:00Z,สังขละบุรี,793,0.0,0.0,0.0,,,True
1790728200,2026-09-30T00:30:00Z,หนองม่วงไข่,35,0.0,0.0,0.0,,,True
1790728200,2026-09-30T00:30:00Z,ภูเวียง,81,0.0,0.0,0.0,,,True
1790728200,2026-09-30T00:30:00Z,มัญจาคีรี,50,0.0,0.0,0.0,,,True
1790728200,2026-09-30T00:30:00Z,หนองปรือ,104,0.0,0.0,0.0,,,True
1790728200,2026-09-30T00:30:00Z,เลาขวัญ,123,0.0,0.0,0.0,,,True
1790728200,2026-09-30T00:30:00Z,หนองนาคำ,43,0.0,0.0,0.0,,,True
1790728200,2026-09-30T00:30:00Z,โคกโพธิ์ไชย,65,0.0,0.0,0.0,,,True
1790728200,2026-09-30T00:30:00Z,บ้านหลวง,91,0.0,0.0,0.0,,,True
1790728200,2026-09-30T00:30:00Z,นาน้อย,266,0.0,0.0,0.0,,,True
1790728200,2026-09-30T00:30:00Z,ภูผาม่าน,74,0.0,0.0,0.0,,,True
1790728200,2026-09-30T00:30:00Z,เมืองน่าน,161,0.0,0.0,0.0,,,True
1790728200,2026-09-30T00:30:00Z,แม่จริม,262,0.0,0.0,0.0,,,True
1790728200,2026-09-30T00:30:00Z,เวียงเก่า,78,0.0,0.0,0.0,,,True
1790728200,2026-09-30T00:30:00Z,เมืองกำแพงเพชร,368,0.0,0.0,0.0,,,True
1790728200,2026-09-30T00:30:00Z,ไทรงาม,133,0.0,0.0,0.0,,,True
1790728200,2026-09-30T00:30:00Z,ปางศิลาทอง,186,0.0,0.0,0.0,,,True
1790728200,2026-09-30T00:30:00Z,ลานกระบือ,103,0.0,0.0,0.0,,,True
1790728200,2026-09-30T00:30:00Z,ทรายทองวัฒนา,53,0.0,0.0,0.0,,,True
1790728200,2026-09-30T00:30:00Z,คลองขลุง,179,0.0,0.0,0.0,,,True
1790728200,2026-09-30T00:30:00Z,พรานกระต่าย,252,0.0,0.0,0.0,,,True
1790728200,2026-09-30T00:30:00Z,คลองลาน,363,0.0,0.0,0.0,,,True
1790728200,2026-09-30T00:30:00Z,ขาณุวรลักษบุรี,296,0.0,0.0,0.0,,,True
1790728200,2026-09-30T00:30:00Z,ภูเพียง,113,0.0,0.0,0.0,,,True
1790728200,2026-09-30T00:30:00Z,นาหมื่น,245,0.0,0.0,0.0,,,True
1790728200,2026-09-30T00:30:00Z,เวียงสา,543,0.0,0.0,0.0,,,True
1790728200,2026-09-30T00:30:00Z,น้ำโสม,153,0.0,0.0,0.0,,,True
1790728200,2026-09-30T00:30:00Z,นายูง,126,0.0,0.0,0.0,,,True
1790728200,2026-09-30T00:30:00Z,ชุมแพ,173,0.0,0.0,0.0,,,True
1790728200,2026-09-30T00:30:00Z,สีชมพู,132,0.0,0.0,0.0,,,True
1790728200,2026-09-30T00:30:00Z,สุวรรณคูหา,140,0.0,0.0,0.0,,,True
1790728200,2026-09-30T00:30:00Z,นาวัง,65,0.0,0.0,0.0,,,True
1790728200,2026-09-30T00:30:00Z,หนองเรือ,80,0.0,0.0,0.0,,,True
1790728200,2026-09-30T00:30:00Z,โนนสัง,51,0.0,0.0,0.0,,,True
1790728200,2026-09-30T00:30:00Z,ศรีบุญเรือง,224,0.0,0.0,0.0,,,True
1790728200,2026-09-30T00:30:00Z,เมืองหนองบัวลำภู,217,0.0,0.0,0.0,,,True
1790728200,2026-09-30T00:30:00Z,นากลาง,173,0.0,0.0,0.0,,,True
1790728200,2026-09-30T00:30:00Z,ทุ่งเสลี่ยม,144,0.0,0.0,0.0,,,True
1790728200,2026-09-30T00:30:00Z,ดอยหล่อ,56,0.0,0.0,0.0,,,True
1790728200,2026-09-30T00:30:00Z,เมืองตาก,486,0.0,0.0,0.0,,,True
1790728200,2026-09-30T00:30:00Z,แม่ออน,116,0.0,0.0,0.0,,,True
1790728200,2026-09-30T00:30:00Z,อุ้มผาง,1209,0.0,0.0,0.0,,,True
1790728200,2026-09-30T00:30:00Z,วังเจ้า,183,0.0,0.0,0.0,,,True
1790728200,2026-09-30T00:30:00Z,แม่สอด,398,0.0,0.0,0.0,,,True
1790728200,2026-09-30T00:30:00Z,พบพระ,249,0.0,0.0,0.0,,,True
1790728200,2026-09-30T00:30:00Z,แม่ระมาด,380,0.0,0.0,0.0,,,True
1790728200,2026-09-30T00:30:00Z,ท่าสองยาง,401,0.0,0.0,0.0,,,True
1790728200,2026-09-30T00:30:00Z,บ้านตาก,255,0.0,0.0,0.0,,,True
1790728200,2026-09-30T00:30:00Z,สามเงา,698,0.0,0.0,0.0,,,True
1790728200,2026-09-30T00:30:00Z,จอมทอง,280,0.0,0.0,0.0,,,True
1790728200,2026-09-30T00:30:00Z,แก้งสนามนาง,79,0.0,0.0,0.0,,,True
1790728200,2026-09-30T00:30:00Z,สีคิ้ว,292,0.0,0.0,0.0,,,True
1790728200,2026-09-30T00:30:00Z,พระทองคำ,90,0.0,0.0,0.0,,,True
1790728200,2026-09-30T00:30:00Z,เทพารักษ์,92,0.0,0.0,0.0,,,True
1790728200,2026-09-30T00:30:00Z,สันกำแพง,65,0.0,0.0,0.0,,,True
1790728200,2026-09-30T00:30:00Z,สันป่าตอง,44,0.0,0.0,0.0,,,True
1790728200,2026-09-30T00:30:00Z,ดอยเต่า,213,0.0,0.0,0.0,,,True
1790728200,2026-09-30T00:30:00Z,อมก๋อย,704,0.0,0.0,0.0,,,True
1790728200,2026-09-30T00:30:00Z,ฮอด,378,0.0,0.0,0.0,,,True
1790728200,2026-09-30T00:30:00Z,เมืองลำพูน,117,0.0,0.0,0.0,,,True
1790728200,2026-09-30T00:30:00Z,แม่ทา,192,0.0,0.0,0.0,,,True
1790728200,2026-09-30T00:30:00Z,บ้านธิ,34,0.0,0.0,0.0,,,True
1790728200,2026-09-30T00:30:00Z,บ้านหมอ,24,0.0,0.0,0.0,,,True
1790728200,2026-09-30T00:30:00Z,เวียงหนองล่อง,14,0.0,0.0,0.0,,,True
1790728200,2026-09-30T00:30:00Z,ทุ่งหัวช้าง,113,0.0,0.0,0.0,,,True
1790728200,2026-09-30T00:30:00Z,ป่าซาง,74,0.0,0.0,0.0,,,True
1790728200,2026-09-30T00:30:00Z,บ้านโฮ่ง,124,0.0,0.0,0.0,,,True
1790728200,2026-09-30T00:30:00Z,แก่งคอย,73,0.0,0.0,0.0,,,True
1790728200,2026-09-30T00:30:00Z,ลี้,454,0.0,0.0,0.0,,,True
1790728200,2026-09-30T00:30:00Z,พระพุทธบาท,55,0.0,0.0,0.0,,,True
1790728200,2026-09-30T00:30:00Z,ดอนพุด,7,0.0,0.0,0.0,,,True
1790728200,2026-09-30T00:30:00Z,หนองโดน,31,0.0,0.0,0.0,,,True
1790728200,2026-09-30T00:30:00Z,เมืองลำปาง,300,0.0,0.0,0.0,,,True
1790728200,2026-09-30T00:30:00Z,เถิน,443,0.0,0.0,0.0,,,True
1790728200,2026-09-30T00:30:00Z,แม่พริก,167,0.0,0.0,0.0,,,True
1790728200,2026-09-30T00:30:00Z,แจ้ห่ม,274,0.0,0.0,0.0,,,True
1790728200,2026-09-30T00:30:00Z,แม่เปิน,85,0.0,0.0,0.0,,,True
1790728200,2026-09-30T00:30:00Z,เสริมงาม,185,0.0,0.0,0.0,,,True
1790728200,2026-09-30T00:30:00Z,ชุมตาบง,61,0.0,0.0,0.0,,,True
1790728200,2026-09-30T00:30:00Z,งาว,344,0.0,0.0,0.0,,,True
1790728200,2026-09-30T00:30:00Z,ตากฟ้า,125,0.0,0.0,0.0,,,True
1790728200,2026-09-30T00:30:00Z,แม่เมาะ,283,0.0,0.0,0.0,,,True
1790728200,2026-09-30T00:30:00Z,แม่วงก์,257,0.0,0.0,0.0,,,True
1790728200,2026-09-30T00:30:00Z,เกาะคา,128,0.0,0.0,0.0,,,True
1790728200,2026-09-30T00:30:00Z,พยุหะคีรี,169,0.0,0.0,0.0,,,True
1790728200,2026-09-30T00:30:00Z,ลาดยาว,187,0.0,0.0,0.0,,,True
1790728200,2026-09-30T00:30:00Z,สบปราบ,125,0.0,0.0,0.0,,,True
1790728200,2026-09-30T00:30:00Z,ห้างฉัตร,154,0.0,0.0,0.0,,,True
1790728200,2026-09-30T00:30:00Z,แม่ทะ,203,0.0,0.0,0.0,,,True
1790728200,2026-09-30T00:30:00Z,เมืองปาน,202,0.0,0.0,0.0,,,True
1790728200,2026-09-30T00:30:00Z,เมืองอ่างทอง,6,0.0,0.0,0.0,,,True
1790728200,2026-09-30T00:30:00Z,ไชโย,20,0.0,0.0,0.0,,,True
1790728200,2026-09-30T00:30:00Z,สามโก้,10,0.0,0.0,0.0,,,True
1790728200,2026-09-30T00:30:00Z,แสวงหา,43,0.0,0.0,0.0,,,True
1790728200,2026-09-30T00:30:00Z,วิเศษชัยชาญ,7,0.0,0.0,0.0,,,True
1790728200,2026-09-30T00:30:00Z,โพธิ์ทอง,48,0.0,0.0,0.0,,,True
1790728200,2026-09-30T00:30:00Z,เมืองลพบุรี,190,0.0,0.0,0.0,,,True
1790728200,2026-09-30T00:30:00Z,เดิมบางนางบวช,130,0.0,0.0,0.0,,,True
1790728200,2026-09-30T00:30:00Z,ด่านช้าง,309,0.0,0.0,0.0,,,True
1790728200,2026-09-30T00:30:00Z,หนองม่วง,111,0.0,0.0,0.0,,,True
1790728200,2026-09-30T00:30:00Z,ลำสนธิ,136,0.0,0.0,0.0,,,True
1790728200,2026-09-30T00:30:00Z,สามชุก,77,0.0,0.0,0.0,,,True
1790728200,2026-09-30T00:30:00Z,ดอนเจดีย์,72,0.0,0.0,0.0,,,True
1790728200,2026-09-30T00:30:00Z,สระโบสถ์,83,0.0,0.0,0.0,,,True
1790728200,2026-09-30T00:30:00Z,ศรีประจันต์,41,0.0,0.0,0.0,,,True
1790728200,2026-09-30T00:30:00Z,โคกเจริญ,135,0.0,0.0,0.0,,,True
1790728200,2026-09-30T00:30:00Z,บ้านหมี่,136,0.0,0.0,0.0,,,True
1790728200,2026-09-30T00:30:00Z,ท่าหลวง,100,0.0,0.0,0.0,,,True
1790728200,2026-09-30T00:30:00Z,ชัยบาดาล,280,0.0,0.0,0.0,,,True
1790728200,2026-09-30T00:30:00Z,ท่าวุ้ง,64,0.0,0.0,0.0,,,True
1790728200,2026-09-30T00:30:00Z,พัฒนานิคม,217,0.0,0.0,0.0,,,True
1790728200,2026-09-30T00:30:00Z,โคกสำโรง,180,0.0,0.0,0.0,,,True
1790728200,2026-09-30T00:30:00Z,หนองหญ้าไซ,108,0.0,0.0,0.0,,,True
1790728200,2026-09-30T00:30:00Z,ท่าช้าง,11,0.0,0.0,0.0,,,True
1790728200,2026-09-30T00:30:00Z,อินทร์บุรี,66,0.0,0.0,0.0,,,True
1790728200,2026-09-30T00:30:00Z,ค่ายบางระจัน,26,0.0,0.0,0.0,,,True
1790728200,2026-09-30T00:30:00Z,พรหมบุรี,19,0.0,0.0,0.0,,,True
1790728200,2026-09-30T00:30:00Z,เนินสง่า,65,0.0,0.0,0.0,,,True
1790728200,2026-09-30T00:30:00Z,เมืองสิงห์บุรี,31,0.0,0.0,0.0,,,True
1790728200,2026-09-30T00:30:00Z,ซับใหญ่,72,0.0,0.0,0.0,,,True
1790728200,2026-09-30T00:30:00Z,บางระจัน,46,0.0,0.0,0.0,,,True
1790728200,2026-09-30T00:30:00Z,ภูกระดึง,190,0.0,0.0,0.0,,,True
1790728200,2026-09-30T00:30:00Z,ภูหลวง,145,0.0,0.0,0.0,,,True
1790728200,2026-09-30T00:30:00Z,หนองหิน,78,0.0,0.0,0.0,,,True
1790728200,2026-09-30T00:30:00Z,ผาขาว,100,0.0,0.0,0.0,,,True
1790728200,2026-09-30T00:30:00Z,เอราวัณ,87,0.0,0.0,0.0,,,True
1790728200,2026-09-30T00:30:00Z,วังสะพุง,281,0.0,0.0,0.0,,,True
1790728200,2026-09-30T00:30:00Z,วังม่วง,70,0.0,0.0,0.0,,,True
1790728200,2026-09-30T00:30:00Z,เฉลิมพระเกียรติ,35,0.0,0.0,0.0,,,True
1790728200,2026-09-30T00:30:00Z,มวกเหล็ก,175,0.0,0.0,0.0,,,True
1790728200,2026-09-30T00:30:00Z,บ้านเขว้า,124,0.0,0.0,0.0,,,True
1790728200,2026-09-30T00:30:00Z,คอนสวรรค์,113,0.0,0.0,0.0,,,True
1790728200,2026-09-30T00:30:00Z,เมืองชัยภูมิ,358,0.0,0.0,0.0,,,True
1790728200,2026-09-30T00:30:00Z,วังทอง,425,0.0,0.0,0.0,,,True
1790728200,2026-09-30T00:30:00Z,เนินมะปราง,276,0.0,0.0,0.0,,,True
1790728200,2026-09-30T00:30:00Z,สวรรคโลก,156,0.0,0.0,0.0,,,True
1790728200,2026-09-30T00:30:00Z,ศรีนคร,46,0.0,0.0,0.0,,,True
1790728200,2026-09-30T00:30:00Z,หันคา,139,0.0,0.0,0.0,,,True
1790728200,2026-09-30T00:30:00Z,ศรีสัชนาลัย,534,0.0,0.0,0.0,,,True
1790728200,2026-09-30T00:30:00Z,หนองมะโมง,76,0.0,0.0,0.0,,,True
1790728200,2026-09-30T00:30:00Z,ศรีสำโรง,142,0.0,0.0,0.0,,,True
1790728200,2026-09-30T00:30:00Z,สรรพยา,55,0.0,0.0,0.0,,,True
1790728200,2026-09-30T00:30:00Z,คีรีมาศ,171,0.0,0.0,0.0,,,True
1790728200,2026-09-30T00:30:00Z,สรรคบุรี,89,0.0,0.0,0.0,,,True
1790728200,2026-09-30T00:30:00Z,กงไกรลาศ,108,0.0,0.0,0.0,,,True
1790728200,2026-09-30T00:30:00Z,มโนรมย์,66,0.0,0.0,0.0,,,True
1790728200,2026-09-30T00:30:00Z,เมืองสุโขทัย,136,0.0,0.0,0.0,,,True
1790728200,2026-09-30T00:30:00Z,วัดสิงห์,67,0.0,0.0,0.0,,,True
1790728200,2026-09-30T00:30:00Z,บ้านด่านลานหอย,231,0.0,0.0,0.0,,,True
1790728200,2026-09-30T00:30:00Z,เมืองชัยนาท,70,0.0,0.0,0.0,,,True
1790728200,2026-09-30T00:30:00Z,เนินขาม,65,0.0,0.0,0.0,,,True
1790728200,2026-09-30T00:30:00Z,คอนสาร,334,0.0,0.0,0.0,,,True
1790728200,2026-09-30T00:30:00Z,ภักดีชุมพล,154,0.0,0.0,0.0,,,True
1790728200,2026-09-30T00:30:00Z,บ้านแท่น,76,0.0,0.0,0.0,,,True
1790728200,2026-09-30T00:30:00Z,แก้งคร้อ,168,0.0,0.0,0.0,,,True
1790728200,2026-09-30T00:30:00Z,ภูเขียว,201,0.0,0.0,0.0,,,True
1790728200,2026-09-30T00:30:00Z,หนองบัวระเหว,179,0.0,0.0,0.0,,,True
1790728200,2026-09-30T00:30:00Z,เทพสถิต,239,0.0,0.0,0.0,,,True
1790728200,2026-09-30T00:30:00Z,จัตุรัส,172,0.0,0.0,0.0,,,True
1790728200,2026-09-30T00:30:00Z,บำเหน็จณรงค์,120,0.0,0.0,0.0,,,True
1790728200,2026-09-30T00:30:00Z,เกษตรสมบูรณ์,268,0.0,0.0,0.0,,,True
1790728200,2026-09-30T00:30:00Z,หนองบัวแดง,537,0.0,0.0,0.0,,,True
1790728200,2026-09-30T00:30:00Z,ภูเรือ,168,0.0,0.0,0.0,,,True
1790728200,2026-09-30T00:30:00Z,ท่าลี่,171,0.0,0.0,0.0,,,True
1790728200,2026-09-30T00:30:00Z,วชิรบารมี,68,0.0,0.0,0.0,,,True
1790728200,2026-09-30T00:30:00Z,ด่านซ้าย,341,0.0,0.0,0.0,,,True
1790728200,2026-09-30T00:30:00Z,นาแห้ว,153,0.0,0.0,0.0,,,True
1790728200,2026-09-30T00:30:00Z,บึงนาราง,74,0.0,0.0,0.0,,,True
1790728200,2026-09-30T00:30:00Z,เชียงคาน,213,0.0,0.0,0.0,,,True
1790728200,2026-09-30T00:30:00Z,ดงเจริญ,56,0.0,0.0,0.0,,,True
1790728200,2026-09-30T00:30:00Z,ปากชม,240,0.0,0.0,0.0,,,True
1790728200,2026-09-30T00:30:00Z,เมืองเลย,314,0.0,0.0,0.0,,,True
1790728200,2026-09-30T00:30:00Z,นาด้วง,143,0.0,0.0,0.0,,,True
1790728200,2026-09-30T00:30:00Z,สากเหล็ก,45,0.0,0.0,0.0,,,True
1790728200,2026-09-30T00:30:00Z,สามง่าม,89,0.0,0.0,0.0,,,True
1790728200,2026-09-30T00:30:00Z,ทับคล้อ,104,0.0,0.0,0.0,,,True
1790728200,2026-09-30T00:30:00Z,พรหมพิราม,206,0.0,0.0,0.0,,,True
1790728200,2026-09-30T00:30:00Z,ด่านขุนทด,344,0.0,0.0,0.0,,,True
1790728200,2026-09-30T00:30:00Z,วัดโบสถ์,226,0.0,0.0,0.0,,,True
1790728200,2026-09-30T00:30:00Z,บางระกำ,246,0.0,0.0,0.0,,,True
1790728200,2026-09-30T00:30:00Z,บางกระทุ่ม,91,0.0,0.0,0.0,,,True
1790728200,2026-09-30T00:30:00Z,นครไทย,597,0.0,0.0,0.0,,,True
1790728200,2026-09-30T00:30:00Z,ชาติตระการ,415,0.0,0.0,0.0,,,True
1790728200,2026-09-30T00:30:00Z,บ้านเหลื่อม,55,0.0,0.0,0.0,,,True
1790728200,2026-09-30T00:30:00Z,เมืองพิษณุโลก,178,0.0,0.0,0.0,,,True
1790728200,2026-09-30T00:30:00Z,ชุมแสง,145,0.0,0.0,0.0,,,True
1790728200,2026-09-30T00:30:00Z,หนองบัว,208,0.0,0.0,0.0,,,True
1790728200,2026-09-30T00:30:00Z,เมืองนครสวรรค์,183,0.0,0.0,0.0,,,True
1790728200,2026-09-30T00:30:00Z,โกรกพระ,71,0.0,0.0,0.0,,,True
1790728200,2026-09-30T00:30:00Z,ไพศาลี,244,0.0,0.0,0.0,,,True
1790728200,2026-09-30T00:30:00Z,ตาคลี,206,0.0,0.0,0.0,,,True
1790728200,2026-09-30T00:30:00Z,ท่าตะโก,211,0.0,0.0,0.0,,,True
1790728200,2026-09-30T00:30:00Z,เขาค้อ,207,0.0,0.0,0.0,,,True
1790728200,2026-09-30T00:30:00Z,บรรพตพิสัย,181,0.0,0.0,0.0,,,True
1790728200,2026-09-30T00:30:00Z,เก้าเลี้ยว,57,0.0,0.0,0.0,,,True
1790728200,2026-09-30T00:30:00Z,วังโป่ง,123,0.0,0.0,0.0,,,True
1790728200,2026-09-30T00:30:00Z,บึงสามพัน,194,0.0,0.0,0.0,,,True
1790728200,2026-09-30T00:30:00Z,น้ำหนาว,231,0.0,0.0,0.0,,,True
1790728200,2026-09-30T00:30:00Z,ศรีเทพ,204,0.0,0.0,0.0,,,True
1790728200,2026-09-30T00:30:00Z,หนองไผ่,315,0.0,0.0,0.0,,,True
1790728200,2026-09-30T00:30:00Z,มหาราช,4,0.0,0.0,0.0,,,False
1790728200,2026-09-30T00:30:00Z,บ้านแพรก,10,0.0,0.0,0.0,,,True
1790728200,2026-09-30T00:30:00Z,บางมูลนาก,99,0.0,0.0,0.0,,,True
1790728200,2026-09-30T00:30:00Z,โพทะเล,131,0.0,0.0,0.0,,,True
1790728200,2026-09-30T00:30:00Z,โพธิ์ประทับช้าง,102,0.0,0.0,0.0,,,True
1790728200,2026-09-30T00:30:00Z,ตะพานหิน,109,0.0,0.0,0.0,,,True
1790728200,2026-09-30T00:30:00Z,เมืองพิจิตร,138,0.0,0.0,0.0,,,True
1790728200,2026-09-30T00:30:00Z,วังทรายพูน,66,0.0,0.0,0.0,,,True
1790729100,2026-09-30T00:45:00Z,พิชัย,176,0.0,0.0,0.0,,,True
1790729100,2026-09-30T00:45:00Z,ลับแล,116,0.0,0.0,0.0,,,True
1790729100,2026-09-30T00:45:00Z,ฟากท่า,163,0.0,0.0,0.0,,,True
1790729100,2026-09-30T00:45:00Z,บ้านโคก,247,0.0,0.0,0.0,,,True
1790729100,2026-09-30T00:45:00Z,ท่าปลา,442,0.0,0.0,0.0,,,True
1790729100,2026-09-30T00:45:00Z,น้ำปาด,363,0.0,0.0,0.0,,,True
1790729100,2026-09-30T00:45:00Z,เมืองอุตรดิตถ์,202,0.0,0.0,0.0,,,True
1790729100,2026-09-30T00:45:00Z,ตรอน,80,0.0,0.0,0.0,,,True
1790729100,2026-09-30T00:45:00Z,หล่มเก่า,246,0.0,0.0,0.0,,,True
1790729100,2026-09-30T00:45:00Z,วิเชียรบุรี,377,0.0,0.0,0.0,,,True
1790729100,2026-09-30T00:45:00Z,ชนแดน,279,0.0,0.0,0.0,,,True
1790729100,2026-09-30T00:45:00Z,หล่มสัก,350,0.0,0.0,0.0,,,True
1790729100,2026-09-30T00:45:00Z,เมืองเพชรบูรณ์,571,0.0,0.0,0.0,,,True
1790729100,2026-09-30T00:45:00Z,ทองแสนขัน,185,0.0,0.0,0.0,,,True
1790729100,2026-09-30T00:45:00Z,บึงสามัคคี,71,0.0,0.0,0.0,,,True
1790729100,2026-09-30T00:45:00Z,โกสัมพีนคร,137,0.0,0.0,0.0,,,True
1790729100,2026-09-30T00:45:00Z,สอง,380,0.0,0.0,0.0,,,True
1790729100,2026-09-30T00:45:00Z,วังชิ้น,255,0.0,0.0,0.0,,,True
1790729100,2026-09-30T00:45:00Z,สูงเม่น,88,0.0,0.0,0.0,,,True
1790729100,2026-09-30T00:45:00Z,เด่นชัย,135,0.0,0.0,0.0,,,True
1790729100,2026-09-30T00:45:00Z,ร้องกวาง,221,0.0,0.0,0.0,,,True
1790729100,2026-09-30T00:45:00Z,ลอง,317,0.0,0.0,0.0,,,True
1790729100,2026-09-30T00:45:00Z,เมืองแพร่,205,0.0,0.0,0.0,,,True
1790729100,2026-09-30T00:45:00Z,ทัพทัน,94,0.0,0.0,0.0,,,True
1790729100,2026-09-30T00:45:00Z,สว่างอารมณ์,110,0.0,0.0,0.0,,,True
1790729100,2026-09-30T00:45:00Z,เมืองอุทัยธานี,59,0.0,0.0,0.0,,,True
1790729100,2026-09-30T00:45:00Z,ห้วยคต,94,0.0,0.0,0.0,,,True
1790729100,2026-09-30T00:45:00Z,ศรีสวัสดิ์,440,0.0,0.0,0.0,,,True
1790729100,2026-09-30T00:45:00Z,บ้านไร่,821,0.0,0.0,0.0,,,True
1790729100,2026-09-30T00:45:00Z,ลานสัก,360,0.0,0.0,0.0,,,True
1790729100,2026-09-30T00:45:00Z,หนองฉาง,89,0.0,0.0,0.0,,,True
1790729100,2026-09-30T00:45:00Z,หนองขาหย่าง,43,0.0,0.0,0.0,,,True
1790729100,2026-09-30T00:45:00Z,เชียงม่วน,82,0.0,0.0,0.0,,,True
1790729100,2026-09-30T00:45:00Z,ดอกคำใต้,37,0.0,0.0,0.0,,,True
1790729100,2026-09-30T00:45:00Z,เมืองพะเยา,6,0.0,0.0,0.0,,,True
1790729100,2026-09-30T00:45:00Z,ทองผาภูมิ,851,0.0,0.0,0.0,,,True
1790729100,2026-09-30T00:45:00Z,สังขละบุรี,793,0.0,0.0,0.0,,,True
1790729100,2026-09-30T00:45:00Z,หนองม่วงไข่,35,0.0,0.0,0.0,,,True
1790729100,2026-09-30T00:45:00Z,ภูเวียง,81,0.0,0.0,0.0,,,True
1790729100,2026-09-30T00:45:00Z,มัญจาคีรี,50,0.0,0.0,0.0,,,True
1790729100,2026-09-30T00:45:00Z,หนองปรือ,104,0.0,0.0,0.0,,,True
1790729100,2026-09-30T00:45:00Z,เลาขวัญ,123,0.0,0.0,0.0,,,True
1790729100,2026-09-30T00:45:00Z,หนองนาคำ,43,0.0,0.0,0.0,,,True
1790729100,2026-09-30T00:45:00Z,โคกโพธิ์ไชย,65,0.0,0.0,0.0,,,True
1790729100,2026-09-30T00:45:00Z,บ้านหลวง,91,0.0,0.0,0.0,,,True
1790729100,2026-09-30T00:45:00Z,นาน้อย,266,0.0,0.0,0.0,,,True
1790729100,2026-09-30T00:45:00Z,ภูผาม่าน,74,0.0,0.0,0.0,,,True
1790729100,2026-09-30T00:45:00Z,เมืองน่าน,161,0.0,0.0,0.0,,,True
1790729100,2026-09-30T00:45:00Z,แม่จริม,262,0.0,0.0,0.0,,,True
1790729100,2026-09-30T00:45:00Z,เวียงเก่า,78,0.0,0.0,0.0,,,True
1790729100,2026-09-30T00:45:00Z,เมืองกำแพงเพชร,368,0.0,0.0,0.0,,,True
1790729100,2026-09-30T00:45:00Z,ไทรงาม,133,0.0,0.0,0.0,,,True
1790729100,2026-09-30T00:45:00Z,ปางศิลาทอง,186,0.0,0.0,0.0,,,True
1790729100,2026-09-30T00:45:00Z,ลานกระบือ,103,0.0,0.0,0.0,,,True
1790729100,2026-09-30T00:45:00Z,ทรายทองวัฒนา,53,0.0,0.0,0.0,,,True
1790729100,2026-09-30T00:45:00Z,คลองขลุง,179,0.0,0.0,0.0,,,True
1790729100,2026-09-30T00:45:00Z,พรานกระต่าย,252,0.0,0.0,0.0,,,True
1790729100,2026-09-30T00:45:00Z,คลองลาน,363,0.0,0.0,0.0,,,True
1790729100,2026-09-30T00:45:00Z,ขาณุวรลักษบุรี,296,0.0,0.0,0.0,,,True
1790729100,2026-09-30T00:45:00Z,ภูเพียง,113,0.0,0.0,0.0,,,True
1790729100,2026-09-30T00:45:00Z,นาหมื่น,245,0.013,1.609,0.0122,,15,True
1790729100,2026-09-30T00:45:00Z,เวียงสา,543,0.0,0.0,0.0,,,True
1790729100,2026-09-30T00:45:00Z,น้ำโสม,153,0.0,0.0,0.0,,,True
1790729100,2026-09-30T00:45:00Z,นายูง,126,0.0,0.0,0.0,,,True
1790729100,2026-09-30T00:45:00Z,ชุมแพ,173,0.0,0.0,0.0,,,True
1790729100,2026-09-30T00:45:00Z,สีชมพู,132,0.0,0.0,0.0,,,True
1790729100,2026-09-30T00:45:00Z,สุวรรณคูหา,140,0.0,0.0,0.0,,,True
1790729100,2026-09-30T00:45:00Z,นาวัง,65,0.0,0.0,0.0,,,True
1790729100,2026-09-30T00:45:00Z,หนองเรือ,80,0.0,0.0,0.0,,,True
1790729100,2026-09-30T00:45:00Z,โนนสัง,51,0.0,0.0,0.0,,,True
1790729100,2026-09-30T00:45:00Z,ศรีบุญเรือง,224,0.0,0.0,0.0,,,True
1790729100,2026-09-30T00:45:00Z,เมืองหนองบัวลำภู,217,0.0,0.0,0.0,,,True
1790729100,2026-09-30T00:45:00Z,นากลาง,173,0.0,0.0,0.0,,,True
1790729100,2026-09-30T00:45:00Z,ทุ่งเสลี่ยม,144,0.0,0.0,0.0,,,True
1790729100,2026-09-30T00:45:00Z,ดอยหล่อ,56,0.0,0.0,0.0,,,True
1790729100,2026-09-30T00:45:00Z,เมืองตาก,486,0.0,0.0,0.0,,,True
1790729100,2026-09-30T00:45:00Z,แม่ออน,116,0.0,0.0,0.0,,,True
1790729100,2026-09-30T00:45:00Z,อุ้มผาง,1209,0.0,0.0,0.0,,,True
1790729100,2026-09-30T00:45:00Z,วังเจ้า,183,0.0,0.0,0.0,,,True
1790729100,2026-09-30T00:45:00Z,แม่สอด,398,0.0,0.0,0.0,,,True
1790729100,2026-09-30T00:45:00Z,พบพระ,249,0.0,0.0,0.0,,,True
1790729100,2026-09-30T00:45:00Z,แม่ระมาด,380,0.0,0.0,0.0,,,True
1790729100,2026-09-30T00:45:00Z,ท่าสองยาง,401,0.0,0.0,0.0,,,True
1790729100,2026-09-30T00:45:00Z,บ้านตาก,255,0.0,0.0,0.0,,,True
1790729100,2026-09-30T00:45:00Z,สามเงา,698,0.0,0.0,0.0,,,True
1790729100,2026-09-30T00:45:00Z,จอมทอง,280,0.0,0.0,0.0,,,True
1790729100,2026-09-30T00:45:00Z,แก้งสนามนาง,79,0.0,0.0,0.0,,,True
1790729100,2026-09-30T00:45:00Z,สีคิ้ว,292,0.0,0.0,0.0,,,True
1790729100,2026-09-30T00:45:00Z,พระทองคำ,90,0.0,0.0,0.0,,,True
1790729100,2026-09-30T00:45:00Z,เทพารักษ์,92,0.0,0.0,0.0,,,True
1790729100,2026-09-30T00:45:00Z,สันกำแพง,65,0.0,0.0,0.0,,,True
1790729100,2026-09-30T00:45:00Z,สันป่าตอง,44,0.0,0.0,0.0,,,True
1790729100,2026-09-30T00:45:00Z,ดอยเต่า,213,0.0,0.0,0.0,,,True
1790729100,2026-09-30T00:45:00Z,อมก๋อย,704,0.0,0.0,0.0,,,True
1790729100,2026-09-30T00:45:00Z,ฮอด,378,0.0,0.0,0.0,,,True
1790729100,2026-09-30T00:45:00Z,เมืองลำพูน,117,0.0,0.0,0.0,,,True
1790729100,2026-09-30T00:45:00Z,แม่ทา,192,0.0,0.0,0.0,,,True
1790729100,2026-09-30T00:45:00Z,บ้านธิ,34,0.0,0.0,0.0,,,True
1790729100,2026-09-30T00:45:00Z,บ้านหมอ,24,0.0,0.0,0.0,,,True
1790729100,2026-09-30T00:45:00Z,เวียงหนองล่อง,14,0.0,0.0,0.0,,,True
1790729100,2026-09-30T00:45:00Z,ทุ่งหัวช้าง,113,0.0,0.0,0.0,,,True
1790729100,2026-09-30T00:45:00Z,ป่าซาง,74,0.0,0.0,0.0,,,True
1790729100,2026-09-30T00:45:00Z,บ้านโฮ่ง,124,0.0,0.0,0.0,,,True
1790729100,2026-09-30T00:45:00Z,แก่งคอย,73,0.0,0.0,0.0,,,True
1790729100,2026-09-30T00:45:00Z,ลี้,454,0.0,0.0,0.0,,,True
1790729100,2026-09-30T00:45:00Z,พระพุทธบาท,55,0.0,0.0,0.0,,,True
1790729100,2026-09-30T00:45:00Z,ดอนพุด,7,0.0,0.0,0.0,,,True
1790729100,2026-09-30T00:45:00Z,หนองโดน,31,0.0,0.0,0.0,,,True
1790729100,2026-09-30T00:45:00Z,เมืองลำปาง,300,0.0,0.0,0.0,,,True
1790729100,2026-09-30T00:45:00Z,เถิน,443,0.0,0.0,0.0,,,True
1790729100,2026-09-30T00:45:00Z,แม่พริก,167,0.0,0.0,0.0,,,True
1790729100,2026-09-30T00:45:00Z,แจ้ห่ม,274,0.0,0.0,0.0,,,True
1790729100,2026-09-30T00:45:00Z,แม่เปิน,85,0.0,0.0,0.0,,,True
1790729100,2026-09-30T00:45:00Z,เสริมงาม,185,0.0,0.0,0.0,,,True
1790729100,2026-09-30T00:45:00Z,ชุมตาบง,61,0.0,0.0,0.0,,,True
1790729100,2026-09-30T00:45:00Z,งาว,344,0.0,0.0,0.0,,,True
1790729100,2026-09-30T00:45:00Z,ตากฟ้า,125,0.0,0.0,0.0,,,True
1790729100,2026-09-30T00:45:00Z,แม่เมาะ,283,0.0,0.0,0.0,,,True
1790729100,2026-09-30T00:45:00Z,แม่วงก์,257,0.0,0.0,0.0,,,True
1790729100,2026-09-30T00:45:00Z,เกาะคา,128,0.0,0.0,0.0,,,True
1790729100,2026-09-30T00:45:00Z,พยุหะคีรี,169,0.0,0.0,0.0,,,True
1790729100,2026-09-30T00:45:00Z,ลาดยาว,187,0.0,0.0,0.0,,,True
1790729100,2026-09-30T00:45:00Z,สบปราบ,125,0.0,0.0,0.0,,,True
1790729100,2026-09-30T00:45:00Z,ห้างฉัตร,154,0.0,0.0,0.0,,,True
1790729100,2026-09-30T00:45:00Z,แม่ทะ,203,0.0,0.0,0.0,,,True
1790729100,2026-09-30T00:45:00Z,เมืองปาน,202,0.0,0.0,0.0,,,True
1790729100,2026-09-30T00:45:00Z,เมืองอ่างทอง,6,0.0,0.0,0.0,,,True
1790729100,2026-09-30T00:45:00Z,ไชโย,20,0.0,0.0,0.0,,,True
1790729100,2026-09-30T00:45:00Z,สามโก้,10,0.0,0.0,0.0,,,True
1790729100,2026-09-30T00:45:00Z,แสวงหา,43,0.0,0.0,0.0,,,True
1790729100,2026-09-30T00:45:00Z,วิเศษชัยชาญ,7,0.0,0.0,0.0,,,True
1790729100,2026-09-30T00:45:00Z,โพธิ์ทอง,48,0.0,0.0,0.0,,,True
1790729100,2026-09-30T00:45:00Z,เมืองลพบุรี,190,0.0,0.0,0.0,,,True
1790729100,2026-09-30T00:45:00Z,เดิมบางนางบวช,130,0.0,0.0,0.0,,,True
1790729100,2026-09-30T00:45:00Z,ด่านช้าง,309,0.0,0.0,0.0,,,True
1790729100,2026-09-30T00:45:00Z,หนองม่วง,111,0.0,0.0,0.0,,,True
1790729100,2026-09-30T00:45:00Z,ลำสนธิ,136,0.0,0.0,0.0,,,True
1790729100,2026-09-30T00:45:00Z,สามชุก,77,0.0,0.0,0.0,,,True
1790729100,2026-09-30T00:45:00Z,ดอนเจดีย์,72,0.0,0.0,0.0,,,True
1790729100,2026-09-30T00:45:00Z,สระโบสถ์,83,0.0,0.0,0.0,,,True
1790729100,2026-09-30T00:45:00Z,ศรีประจันต์,41,0.0,0.0,0.0,,,True
1790729100,2026-09-30T00:45:00Z,โคกเจริญ,135,0.0,0.0,0.0,,,True
1790729100,2026-09-30T00:45:00Z,บ้านหมี่,136,0.0,0.0,0.0,,,True
1790729100,2026-09-30T00:45:00Z,ท่าหลวง,100,0.0,0.0,0.0,,,True
1790729100,2026-09-30T00:45:00Z,ชัยบาดาล,280,0.0,0.0,0.0,,,True
1790729100,2026-09-30T00:45:00Z,ท่าวุ้ง,64,0.0,0.0,0.0,,,True
1790729100,2026-09-30T00:45:00Z,พัฒนานิคม,217,0.0,0.0,0.0,,,True
1790729100,2026-09-30T00:45:00Z,โคกสำโรง,180,0.0,0.0,0.0,,,True
1790729100,2026-09-30T00:45:00Z,หนองหญ้าไซ,108,0.0,0.0,0.0,,,True
1790729100,2026-09-30T00:45:00Z,ท่าช้าง,11,0.0,0.0,0.0,,,True
1790729100,2026-09-30T00:45:00Z,อินทร์บุรี,66,0.0,0.0,0.0,,,True
1790729100,2026-09-30T00:45:00Z,ค่ายบางระจัน,26,0.0,0.0,0.0,,,True
1790729100,2026-09-30T00:45:00Z,พรหมบุรี,19,0.0,0.0,0.0,,,True
1790729100,2026-09-30T00:45:00Z,เนินสง่า,65,0.0,0.0,0.0,,,True
1790729100,2026-09-30T00:45:00Z,เมืองสิงห์บุรี,31,0.0,0.0,0.0,,,True
1790729100,2026-09-30T00:45:00Z,ซับใหญ่,72,0.0,0.0,0.0,,,True
1790729100,2026-09-30T00:45:00Z,บางระจัน,46,0.0,0.0,0.0,,,True
1790729100,2026-09-30T00:45:00Z,ภูกระดึง,190,0.0,0.0,0.0,,,True
1790729100,2026-09-30T00:45:00Z,ภูหลวง,145,0.0,0.0,0.0,,,True
1790729100,2026-09-30T00:45:00Z,หนองหิน,78,0.0,0.0,0.0,,,True
1790729100,2026-09-30T00:45:00Z,ผาขาว,100,0.0,0.0,0.0,,,True
1790729100,2026-09-30T00:45:00Z,เอราวัณ,87,0.0,0.0,0.0,,,True
1790729100,2026-09-30T00:45:00Z,วังสะพุง,281,0.0,0.0,0.0,,,True
1790729100,2026-09-30T00:45:00Z,วังม่วง,70,0.0,0.0,0.0,,,True
1790729100,2026-09-30T00:45:00Z,เฉลิมพระเกียรติ,35,0.0,0.0,0.0,,,True
1790729100,2026-09-30T00:45:00Z,มวกเหล็ก,175,0.0,0.0,0.0,,,True
1790729100,2026-09-30T00:45:00Z,บ้านเขว้า,124,0.0,0.0,0.0,,,True
1790729100,2026-09-30T00:45:00Z,คอนสวรรค์,113,0.0,0.0,0.0,,,True
1790729100,2026-09-30T00:45:00Z,เมืองชัยภูมิ,358,0.0,0.0,0.0,,,True
1790729100,2026-09-30T00:45:00Z,วังทอง,425,0.0,0.0,0.0,,,True
1790729100,2026-09-30T00:45:00Z,เนินมะปราง,276,0.0,0.0,0.0,,,True
1790729100,2026-09-30T00:45:00Z,สวรรคโลก,156,0.0,0.0,0.0,,,True
1790729100,2026-09-30T00:45:00Z,ศรีนคร,46,0.0,0.0,0.0,,,True
1790729100,2026-09-30T00:45:00Z,หันคา,139,0.0,0.0,0.0,,,True
1790729100,2026-09-30T00:45:00Z,ศรีสัชนาลัย,534,0.0,0.0,0.0,,,True
1790729100,2026-09-30T00:45:00Z,หนองมะโมง,76,0.0,0.0,0.0,,,True
1790729100,2026-09-30T00:45:00Z,ศรีสำโรง,142,0.0,0.0,0.0,,,True
1790729100,2026-09-30T00:45:00Z,สรรพยา,55,0.0,0.0,0.0,,,True
1790729100,2026-09-30T00:45:00Z,คีรีมาศ,171,0.0,0.0,0.0,,,True
1790729100,2026-09-30T00:45:00Z,สรรคบุรี,89,0.0,0.0,0.0,,,True
1790729100,2026-09-30T00:45:00Z,กงไกรลาศ,108,0.0,0.0,0.0,,,True
1790729100,2026-09-30T00:45:00Z,มโนรมย์,66,0.0,0.0,0.0,,,True
1790729100,2026-09-30T00:45:00Z,เมืองสุโขทัย,136,0.0,0.0,0.0,,,True
1790729100,2026-09-30T00:45:00Z,วัดสิงห์,67,0.0,0.0,0.0,,,True
1790729100,2026-09-30T00:45:00Z,บ้านด่านลานหอย,231,0.0,0.0,0.0,,,True
1790729100,2026-09-30T00:45:00Z,เมืองชัยนาท,70,0.0,0.0,0.0,,,True
1790729100,2026-09-30T00:45:00Z,เนินขาม,65,0.0,0.0,0.0,,,True
1790729100,2026-09-30T00:45:00Z,คอนสาร,334,0.0,0.0,0.0,,,True
1790729100,2026-09-30T00:45:00Z,ภักดีชุมพล,154,0.0,0.0,0.0,,,True
1790729100,2026-09-30T00:45:00Z,บ้านแท่น,76,0.0,0.0,0.0,,,True
1790729100,2026-09-30T00:45:00Z,แก้งคร้อ,168,0.0,0.0,0.0,,,True
1790729100,2026-09-30T00:45:00Z,ภูเขียว,201,0.0,0.0,0.0,,,True
1790729100,2026-09-30T00:45:00Z,หนองบัวระเหว,179,0.0,0.0,0.0,,,True
1790729100,2026-09-30T00:45:00Z,เทพสถิต,239,0.0,0.0,0.0,,,True
1790729100,2026-09-30T00:45:00Z,จัตุรัส,172,0.0,0.0,0.0,,,True
1790729100,2026-09-30T00:45:00Z,บำเหน็จณรงค์,120,0.0,0.0,0.0,,,True
1790729100,2026-09-30T00:45:00Z,เกษตรสมบูรณ์,268,0.0,0.0,0.0,,,True
1790729100,2026-09-30T00:45:00Z,หนองบัวแดง,537,0.0,0.0,0.0,,,True
1790729100,2026-09-30T00:45:00Z,ภูเรือ,168,0.0,0.0,0.0,,,True
1790729100,2026-09-30T00:45:00Z,ท่าลี่,171,0.0,0.0,0.0,,,True
1790729100,2026-09-30T00:45:00Z,วชิรบารมี,68,0.0,0.0,0.0,,,True
1790729100,2026-09-30T00:45:00Z,ด่านซ้าย,341,0.0,0.0,0.0,,,True
1790729100,2026-09-30T00:45:00Z,นาแห้ว,153,0.0,0.0,0.0,,,True
1790729100,2026-09-30T00:45:00Z,บึงนาราง,74,0.0,0.0,0.0,,,True
1790729100,2026-09-30T00:45:00Z,เชียงคาน,213,0.0,0.0,0.0,,,True
1790729100,2026-09-30T00:45:00Z,ดงเจริญ,56,0.0,0.0,0.0,,,True
1790729100,2026-09-30T00:45:00Z,ปากชม,240,0.0,0.0,0.0,,,True
1790729100,2026-09-30T00:45:00Z,เมืองเลย,314,0.0,0.0,0.0,,,True
1790729100,2026-09-30T00:45:00Z,นาด้วง,143,0.0,0.0,0.0,,,True
1790729100,2026-09-30T00:45:00Z,สากเหล็ก,45,0.0,0.0,0.0,,,True
1790729100,2026-09-30T00:45:00Z,สามง่าม,89,0.0,0.0,0.0,,,True
1790729100,2026-09-30T00:45:00Z,ทับคล้อ,104,0.0,0.0,0.0,,,True
1790729100,2026-09-30T00:45:00Z,พรหมพิราม,206,0.0,0.0,0.0,,,True
1790729100,2026-09-30T00:45:00Z,ด่านขุนทด,344,0.0,0.0,0.0,,,True
1790729100,2026-09-30T00:45:00Z,วัดโบสถ์,226,0.0,0.0,0.0,,,True
1790729100,2026-09-30T00:45:00Z,บางระกำ,246,0.0,0.0,0.0,,,True
1790729100,2026-09-30T00:45:00Z,บางกระทุ่ม,91,0.0,0.0,0.0,,,True
1790729100,2026-09-30T00:45:00Z,นครไทย,597,0.0,0.0,0.0,,,True
1790729100,2026-09-30T00:45:00Z,ชาติตระการ,415,0.0,0.0,0.0,,,True
1790729100,2026-09-30T00:45:00Z,บ้านเหลื่อม,55,0.0,0.0,0.0,,,True
1790729100,2026-09-30T00:45:00Z,เมืองพิษณุโลก,178,0.0,0.0,0.0,,,True
1790729100,2026-09-30T00:45:00Z,ชุมแสง,145,0.0,0.0,0.0,,,True
1790729100,2026-09-30T00:45:00Z,หนองบัว,208,0.0,0.0,0.0,,,True
1790729100,2026-09-30T00:45:00Z,เมืองนครสวรรค์,183,0.0,0.0,0.0,,,True
1790729100,2026-09-30T00:45:00Z,โกรกพระ,71,0.0,0.0,0.0,,,True
1790729100,2026-09-30T00:45:00Z,ไพศาลี,244,0.0,0.0,0.0,,,True
1790729100,2026-09-30T00:45:00Z,ตาคลี,206,0.0,0.0,0.0,,,True
1790729100,2026-09-30T00:45:00Z,ท่าตะโก,211,0.0,0.0,0.0,,,True
1790729100,2026-09-30T00:45:00Z,เขาค้อ,207,0.0,0.0,0.0,,,True
1790729100,2026-09-30T00:45:00Z,บรรพตพิสัย,181,0.0,0.0,0.0,,,True
1790729100,2026-09-30T00:45:00Z,เก้าเลี้ยว,57,0.0,0.0,0.0,,,True
1790729100,2026-09-30T00:45:00Z,วังโป่ง,123,0.0,0.0,0.0,,,True
1790729100,2026-09-30T00:45:00Z,บึงสามพัน,194,0.0,0.0,0.0,,,True
1790729100,2026-09-30T00:45:00Z,น้ำหนาว,231,0.0,0.0,0.0,,,True
1790729100,2026-09-30T00:45:00Z,ศรีเทพ,204,0.0,0.0,0.0,,,True
1790729100,2026-09-30T00:45:00Z,หนองไผ่,315,0.0,0.0,0.0,,,True
1790729100,2026-09-30T00:45:00Z,มหาราช,4,0.0,0.0,0.0,,,False
1790729100,2026-09-30T00:45:00Z,บ้านแพรก,10,0.0,0.0,0.0,,,True
1790729100,2026-09-30T00:45:00Z,บางมูลนาก,99,0.0,0.0,0.0,,,True
1790729100,2026-09-30T00:45:00Z,โพทะเล,131,0.0,0.0,0.0,,,True
1790729100,2026-09-30T00:45:00Z,โพธิ์ประทับช้าง,102,0.0,0.0,0.0,,,True
1790729100,2026-09-30T00:45:00Z,ตะพานหิน,109,0.0,0.0,0.0,,,True
1790729100,2026-09-30T00:45:00Z,เมืองพิจิตร,138,0.0,0.0,0.0,,,True
1790729100,2026-09-30T00:45:00Z,วังทรายพูน,66,0.0,0.0,0.0,,,True
1790730000,2026-09-30T01:00:00Z,พิชัย,176,0.0,0.0,0.0,,,True
1790730000,2026-09-30T01:00:00Z,ลับแล,116,0.0,0.0,0.0,,,True
1790730000,2026-09-30T01:00:00Z,ฟากท่า,163,0.0,0.0,0.0,,,True
1790730000,2026-09-30T01:00:00Z,บ้านโคก,247,0.0,0.0,0.0,,,True
1790730000,2026-09-30T01:00:00Z,ท่าปลา,442,0.0,0.0,0.0,,,True
1790730000,2026-09-30T01:00:00Z,น้ำปาด,363,0.0,0.0,0.0,,,True
1790730000,2026-09-30T01:00:00Z,เมืองอุตรดิตถ์,202,0.0,0.0,0.0,,,True
1790730000,2026-09-30T01:00:00Z,ตรอน,80,0.0,0.0,0.0,,,True
1790730000,2026-09-30T01:00:00Z,หล่มเก่า,246,0.0,0.0,0.0,,,True
1790730000,2026-09-30T01:00:00Z,วิเชียรบุรี,377,0.0,0.0,0.0,,,True
1790730000,2026-09-30T01:00:00Z,ชนแดน,279,0.0,0.0,0.0,,,True
1790730000,2026-09-30T01:00:00Z,หล่มสัก,350,0.0,0.0,0.0,,,True
1790730000,2026-09-30T01:00:00Z,เมืองเพชรบูรณ์,571,0.0,0.0,0.0,,,True
1790730000,2026-09-30T01:00:00Z,ทองแสนขัน,185,0.0,0.0,0.0,,,True
1790730000,2026-09-30T01:00:00Z,บึงสามัคคี,71,0.0,0.0,0.0,,,True
1790730000,2026-09-30T01:00:00Z,โกสัมพีนคร,137,0.0,0.0,0.0,,,True
1790730000,2026-09-30T01:00:00Z,สอง,380,0.0,0.0,0.0,,,True
1790730000,2026-09-30T01:00:00Z,วังชิ้น,255,0.0,0.0,0.0,,,True
1790730000,2026-09-30T01:00:00Z,สูงเม่น,88,0.0,0.0,0.0,,,True
1790730000,2026-09-30T01:00:00Z,เด่นชัย,135,0.0,0.0,0.0,,,True
1790730000,2026-09-30T01:00:00Z,ร้องกวาง,221,0.0,0.0,0.0,,,True
1790730000,2026-09-30T01:00:00Z,ลอง,317,0.0,0.0,0.0,,,True
1790730000,2026-09-30T01:00:00Z,เมืองแพร่,205,0.0,0.0,0.0,,,True
1790730000,2026-09-30T01:00:00Z,ทัพทัน,94,0.0,0.0,0.0,,,True
1790730000,2026-09-30T01:00:00Z,สว่างอารมณ์,110,0.0,0.0,0.0,,,True
1790730000,2026-09-30T01:00:00Z,เมืองอุทัยธานี,59,0.0,0.0,0.0,,,True
1790730000,2026-09-30T01:00:00Z,ห้วยคต,94,0.0,0.0,0.0,,,True
1790730000,2026-09-30T01:00:00Z,ศรีสวัสดิ์,440,0.0,0.0,0.0,,,True
1790730000,2026-09-30T01:00:00Z,บ้านไร่,821,0.0,0.0,0.0,,,True
1790730000,2026-09-30T01:00:00Z,ลานสัก,360,0.0,0.0,0.0,,,True
1790730000,2026-09-30T01:00:00Z,หนองฉาง,89,0.0,0.0,0.0,,,True
1790730000,2026-09-30T01:00:00Z,หนองขาหย่าง,43,0.0,0.0,0.0,,,True
1790730000,2026-09-30T01:00:00Z,เชียงม่วน,82,0.0,0.0,0.0,,,True
1790730000,2026-09-30T01:00:00Z,ดอกคำใต้,37,0.0,0.0,0.0,,,True
1790730000,2026-09-30T01:00:00Z,เมืองพะเยา,6,0.0,0.0,0.0,,,True
1790730000,2026-09-30T01:00:00Z,ทองผาภูมิ,851,0.0,0.0,0.0,,,True
1790730000,2026-09-30T01:00:00Z,สังขละบุรี,793,0.0,0.0,0.0,,,True
1790730000,2026-09-30T01:00:00Z,หนองม่วงไข่,35,0.0,0.0,0.0,,,True
1790730000,2026-09-30T01:00:00Z,ภูเวียง,81,0.0,0.0,0.0,,,True
1790730000,2026-09-30T01:00:00Z,มัญจาคีรี,50,0.0,0.0,0.0,,,True
1790730000,2026-09-30T01:00:00Z,หนองปรือ,104,0.0,0.0,0.0,,,True
1790730000,2026-09-30T01:00:00Z,เลาขวัญ,123,0.0,0.0,0.0,,,True
1790730000,2026-09-30T01:00:00Z,หนองนาคำ,43,0.0,0.0,0.0,,,True
1790730000,2026-09-30T01:00:00Z,โคกโพธิ์ไชย,65,0.0,0.0,0.0,,,True
1790730000,2026-09-30T01:00:00Z,บ้านหลวง,91,0.0,0.0,0.0,,,True
1790730000,2026-09-30T01:00:00Z,นาน้อย,266,0.0,0.0,0.0,,,True
1790730000,2026-09-30T01:00:00Z,ภูผาม่าน,74,0.0,0.0,0.0,,,True
1790730000,2026-09-30T01:00:00Z,เมืองน่าน,161,0.0,0.0,0.0,,,True
1790730000,2026-09-30T01:00:00Z,แม่จริม,262,0.0,0.0,0.0,,,True
1790730000,2026-09-30T01:00:00Z,เวียงเก่า,78,0.0,0.0,0.0,,,True
1790730000,2026-09-30T01:00:00Z,เมืองกำแพงเพชร,368,0.0,0.0,0.0,,,True
1790730000,2026-09-30T01:00:00Z,ไทรงาม,133,0.0,0.0,0.0,,,True
1790730000,2026-09-30T01:00:00Z,ปางศิลาทอง,186,0.0,0.0,0.0,,,True
1790730000,2026-09-30T01:00:00Z,ลานกระบือ,103,0.0,0.0,0.0,,,True
1790730000,2026-09-30T01:00:00Z,ทรายทองวัฒนา,53,0.0,0.0,0.0,,,True
1790730000,2026-09-30T01:00:00Z,คลองขลุง,179,0.0,0.0,0.0,,,True
1790730000,2026-09-30T01:00:00Z,พรานกระต่าย,252,0.0,0.0,0.0,,,True
1790730000,2026-09-30T01:00:00Z,คลองลาน,363,0.0,0.0,0.0,,,True
1790730000,2026-09-30T01:00:00Z,ขาณุวรลักษบุรี,296,0.0,0.0,0.0,,,True
1790730000,2026-09-30T01:00:00Z,ภูเพียง,113,0.0,0.0,0.0,,,True
1790730000,2026-09-30T01:00:00Z,นาหมื่น,245,0.0,0.0,0.0,,,True
1790730000,2026-09-30T01:00:00Z,เวียงสา,543,0.0,0.0,0.0,,,True
1790730000,2026-09-30T01:00:00Z,น้ำโสม,153,0.0,0.0,0.0,,,True
1790730000,2026-09-30T01:00:00Z,นายูง,126,0.0,0.0,0.0,,,True
1790730000,2026-09-30T01:00:00Z,ชุมแพ,173,0.0,0.0,0.0,,,True
1790730000,2026-09-30T01:00:00Z,สีชมพู,132,0.0,0.0,0.0,,,True
1790730000,2026-09-30T01:00:00Z,สุวรรณคูหา,140,0.0,0.0,0.0,,,True
1790730000,2026-09-30T01:00:00Z,นาวัง,65,0.0,0.0,0.0,,,True
1790730000,2026-09-30T01:00:00Z,หนองเรือ,80,0.0,0.0,0.0,,,True
1790730000,2026-09-30T01:00:00Z,โนนสัง,51,0.0,0.0,0.0,,,True
1790730000,2026-09-30T01:00:00Z,ศรีบุญเรือง,224,0.0,0.0,0.0,,,True
1790730000,2026-09-30T01:00:00Z,เมืองหนองบัวลำภู,217,0.0,0.0,0.0,,,True
1790730000,2026-09-30T01:00:00Z,นากลาง,173,0.0,0.0,0.0,,,True
1790730000,2026-09-30T01:00:00Z,ทุ่งเสลี่ยม,144,0.0,0.0,0.0,,,True
1790730000,2026-09-30T01:00:00Z,ดอยหล่อ,56,0.0,0.0,0.0,,,True
1790730000,2026-09-30T01:00:00Z,เมืองตาก,486,0.0,0.0,0.0,,,True
1790730000,2026-09-30T01:00:00Z,แม่ออน,116,0.0,0.0,0.0,,,True
1790730000,2026-09-30T01:00:00Z,อุ้มผาง,1209,0.0,0.0,0.0,,,True
1790730000,2026-09-30T01:00:00Z,วังเจ้า,183,0.0,0.0,0.0,,,True
1790730000,2026-09-30T01:00:00Z,แม่สอด,398,0.0,0.0,0.0,,,True
1790730000,2026-09-30T01:00:00Z,พบพระ,249,0.0,0.0,0.0,,,True
1790730000,2026-09-30T01:00:00Z,แม่ระมาด,380,0.0,0.0,0.0,,,True
1790730000,2026-09-30T01:00:00Z,ท่าสองยาง,401,0.0,0.0,0.0,,,True
1790730000,2026-09-30T01:00:00Z,บ้านตาก,255,0.0,0.0,0.0,,,True
1790730000,2026-09-30T01:00:00Z,สามเงา,698,0.0,0.0,0.0,,,True
1790730000,2026-09-30T01:00:00Z,จอมทอง,280,0.0,0.0,0.0,,,True
1790730000,2026-09-30T01:00:00Z,แก้งสนามนาง,79,0.0,0.0,0.0,,,True
1790730000,2026-09-30T01:00:00Z,สีคิ้ว,292,0.0,0.0,0.0,,,True
1790730000,2026-09-30T01:00:00Z,พระทองคำ,90,0.0,0.0,0.0,,,True
1790730000,2026-09-30T01:00:00Z,เทพารักษ์,92,0.0,0.0,0.0,,,True
1790730000,2026-09-30T01:00:00Z,สันกำแพง,65,0.0,0.0,0.0,,,True
1790730000,2026-09-30T01:00:00Z,สันป่าตอง,44,0.0,0.0,0.0,,,True
1790730000,2026-09-30T01:00:00Z,ดอยเต่า,213,0.0,0.0,0.0,,,True
1790730000,2026-09-30T01:00:00Z,อมก๋อย,704,0.0,0.0,0.0,,,True
1790730000,2026-09-30T01:00:00Z,ฮอด,378,0.0,0.0,0.0,,,True
1790730000,2026-09-30T01:00:00Z,เมืองลำพูน,117,0.0,0.0,0.0,,,True
1790730000,2026-09-30T01:00:00Z,แม่ทา,192,0.0,0.0,0.0,,,True
1790730000,2026-09-30T01:00:00Z,บ้านธิ,34,0.0,0.0,0.0,,,True
1790730000,2026-09-30T01:00:00Z,บ้านหมอ,24,0.0,0.0,0.0,,,True
1790730000,2026-09-30T01:00:00Z,เวียงหนองล่อง,14,0.0,0.0,0.0,,,True
1790730000,2026-09-30T01:00:00Z,ทุ่งหัวช้าง,113,0.0,0.0,0.0,,,True
1790730000,2026-09-30T01:00:00Z,ป่าซาง,74,0.0,0.0,0.0,,,True
1790730000,2026-09-30T01:00:00Z,บ้านโฮ่ง,124,0.0,0.0,0.0,,,True
1790730000,2026-09-30T01:00:00Z,แก่งคอย,73,0.0,0.0,0.0,,,True
1790730000,2026-09-30T01:00:00Z,ลี้,454,0.0,0.0,0.0,,,True
1790730000,2026-09-30T01:00:00Z,พระพุทธบาท,55,0.0,0.0,0.0,,,True
1790730000,2026-09-30T01:00:00Z,ดอนพุด,7,0.0,0.0,0.0,,,True
1790730000,2026-09-30T01:00:00Z,หนองโดน,31,0.0,0.0,0.0,,,True
1790730000,2026-09-30T01:00:00Z,เมืองลำปาง,300,0.0,0.0,0.0,,,True
1790730000,2026-09-30T01:00:00Z,เถิน,443,0.0,0.0,0.0,,,True
1790730000,2026-09-30T01:00:00Z,แม่พริก,167,0.0,0.0,0.0,,,True
1790730000,2026-09-30T01:00:00Z,แจ้ห่ม,274,0.0,0.0,0.0,,,True
1790730000,2026-09-30T01:00:00Z,แม่เปิน,85,0.0,0.0,0.0,,,True
1790730000,2026-09-30T01:00:00Z,เสริมงาม,185,0.0,0.0,0.0,,,True
1790730000,2026-09-30T01:00:00Z,ชุมตาบง,61,0.0,0.0,0.0,,,True
1790730000,2026-09-30T01:00:00Z,งาว,344,0.0,0.0,0.0,,,True
1790730000,2026-09-30T01:00:00Z,ตากฟ้า,125,0.0,0.0,0.0,,,True
1790730000,2026-09-30T01:00:00Z,แม่เมาะ,283,0.0,0.0,0.0,,,True
1790730000,2026-09-30T01:00:00Z,แม่วงก์,257,0.0,0.0,0.0,,,True
1790730000,2026-09-30T01:00:00Z,เกาะคา,128,0.0,0.0,0.0,,,True
1790730000,2026-09-30T01:00:00Z,พยุหะคีรี,169,0.0,0.0,0.0,,,True
1790730000,2026-09-30T01:00:00Z,ลาดยาว,187,0.0,0.0,0.0,,,True
1790730000,2026-09-30T01:00:00Z,สบปราบ,125,0.0,0.0,0.0,,,True
1790730000,2026-09-30T01:00:00Z,ห้างฉัตร,154,0.0,0.0,0.0,,,True
1790730000,2026-09-30T01:00:00Z,แม่ทะ,203,0.0,0.0,0.0,,,True
1790730000,2026-09-30T01:00:00Z,เมืองปาน,202,0.0,0.0,0.0,,,True
1790730000,2026-09-30T01:00:00Z,เมืองอ่างทอง,6,0.0,0.0,0.0,,,True
1790730000,2026-09-30T01:00:00Z,ไชโย,20,0.0,0.0,0.0,,,True
1790730000,2026-09-30T01:00:00Z,สามโก้,10,0.0,0.0,0.0,,,True
1790730000,2026-09-30T01:00:00Z,แสวงหา,43,0.0,0.0,0.0,,,True
1790730000,2026-09-30T01:00:00Z,วิเศษชัยชาญ,7,0.0,0.0,0.0,,,True
1790730000,2026-09-30T01:00:00Z,โพธิ์ทอง,48,0.0,0.0,0.0,,,True
1790730000,2026-09-30T01:00:00Z,เมืองลพบุรี,190,0.0,0.0,0.0,,,True
1790730000,2026-09-30T01:00:00Z,เดิมบางนางบวช,130,0.0,0.0,0.0,,,True
1790730000,2026-09-30T01:00:00Z,ด่านช้าง,309,0.0,0.0,0.0,,,True
1790730000,2026-09-30T01:00:00Z,หนองม่วง,111,0.0,0.0,0.0,,,True
1790730000,2026-09-30T01:00:00Z,ลำสนธิ,136,0.0,0.0,0.0,,,True
1790730000,2026-09-30T01:00:00Z,สามชุก,77,0.0,0.0,0.0,,,True
1790730000,2026-09-30T01:00:00Z,ดอนเจดีย์,72,0.0,0.0,0.0,,,True
1790730000,2026-09-30T01:00:00Z,สระโบสถ์,83,0.0,0.0,0.0,,,True
1790730000,2026-09-30T01:00:00Z,ศรีประจันต์,41,0.0,0.0,0.0,,,True
1790730000,2026-09-30T01:00:00Z,โคกเจริญ,135,0.0,0.0,0.0,,,True
1790730000,2026-09-30T01:00:00Z,บ้านหมี่,136,0.0,0.0,0.0,,,True
1790730000,2026-09-30T01:00:00Z,ท่าหลวง,100,0.0,0.0,0.0,,,True
1790730000,2026-09-30T01:00:00Z,ชัยบาดาล,280,0.0,0.0,0.0,,,True
1790730000,2026-09-30T01:00:00Z,ท่าวุ้ง,64,0.0,0.0,0.0,,,True
1790730000,2026-09-30T01:00:00Z,พัฒนานิคม,217,0.0,0.0,0.0,,,True
1790730000,2026-09-30T01:00:00Z,โคกสำโรง,180,0.0,0.0,0.0,,,True
1790730000,2026-09-30T01:00:00Z,หนองหญ้าไซ,108,0.0,0.0,0.0,,,True
1790730000,2026-09-30T01:00:00Z,ท่าช้าง,11,0.0,0.0,0.0,,,True
1790730000,2026-09-30T01:00:00Z,อินทร์บุรี,66,0.003,0.098,0.0303,,30,True
1790730000,2026-09-30T01:00:00Z,ค่ายบางระจัน,26,0.0,0.0,0.0,,,True
1790730000,2026-09-30T01:00:00Z,พรหมบุรี,19,0.0,0.0,0.0,,,True
1790730000,2026-09-30T01:00:00Z,เนินสง่า,65,0.0,0.0,0.0,,,True
1790730000,2026-09-30T01:00:00Z,เมืองสิงห์บุรี,31,0.0,0.0,0.0,,,True
1790730000,2026-09-30T01:00:00Z,ซับใหญ่,72,0.0,0.0,0.0,,,True
1790730000,2026-09-30T01:00:00Z,บางระจัน,46,0.002,0.098,0.0217,,15,True
1790730000,2026-09-30T01:00:00Z,ภูกระดึง,190,0.0,0.0,0.0,,,True
1790730000,2026-09-30T01:00:00Z,ภูหลวง,145,0.0,0.0,0.0,,,True
1790730000,2026-09-30T01:00:00Z,หนองหิน,78,0.0,0.0,0.0,,,True
1790730000,2026-09-30T01:00:00Z,ผาขาว,100,0.0,0.0,0.0,,,True
1790730000,2026-09-30T01:00:00Z,เอราวัณ,87,0.0,0.0,0.0,,,True
1790730000,2026-09-30T01:00:00Z,วังสะพุง,281,0.0,0.0,0.0,,,True
1790730000,2026-09-30T01:00:00Z,วังม่วง,70,0.0,0.0,0.0,,,True
1790730000,2026-09-30T01:00:00Z,เฉลิมพระเกียรติ,35,0.0,0.0,0.0,,,True
1790730000,2026-09-30T01:00:00Z,มวกเหล็ก,175,0.0,0.0,0.0,,,True
1790730000,2026-09-30T01:00:00Z,บ้านเขว้า,124,0.0,0.0,0.0,,,True
1790730000,2026-09-30T01:00:00Z,คอนสวรรค์,113,0.0,0.0,0.0,,,True
1790730000,2026-09-30T01:00:00Z,เมืองชัยภูมิ,358,0.0,0.0,0.0,,,True
1790730000,2026-09-30T01:00:00Z,วังทอง,425,0.0,0.0,0.0,,,True
1790730000,2026-09-30T01:00:00Z,เนินมะปราง,276,0.0,0.0,0.0,,,True
1790730000,2026-09-30T01:00:00Z,สวรรคโลก,156,0.0,0.0,0.0,,,True
1790730000,2026-09-30T01:00:00Z,ศรีนคร,46,0.0,0.0,0.0,,,True
1790730000,2026-09-30T01:00:00Z,หันคา,139,0.0,0.0,0.0,,,True
1790730000,2026-09-30T01:00:00Z,ศรีสัชนาลัย,534,0.0,0.0,0.0,,,True
1790730000,2026-09-30T01:00:00Z,หนองมะโมง,76,0.0,0.0,0.0,,,True
1790730000,2026-09-30T01:00:00Z,ศรีสำโรง,142,0.0,0.0,0.0,,,True
1790730000,2026-09-30T01:00:00Z,สรรพยา,55,0.0,0.0,0.0,,,True
1790730000,2026-09-30T01:00:00Z,คีรีมาศ,171,0.0,0.0,0.0,,,True
1790730000,2026-09-30T01:00:00Z,สรรคบุรี,89,0.0,0.0,0.0,,,True
1790730000,2026-09-30T01:00:00Z,กงไกรลาศ,108,0.0,0.0,0.0,,,True
1790730000,2026-09-30T01:00:00Z,มโนรมย์,66,0.0,0.0,0.0,,,True
1790730000,2026-09-30T01:00:00Z,เมืองสุโขทัย,136,0.0,0.0,0.0,,,True
1790730000,2026-09-30T01:00:00Z,วัดสิงห์,67,0.0,0.0,0.0,,,True
1790730000,2026-09-30T01:00:00Z,บ้านด่านลานหอย,231,0.0,0.0,0.0,,,True
1790730000,2026-09-30T01:00:00Z,เมืองชัยนาท,70,0.0,0.0,0.0,,,True
1790730000,2026-09-30T01:00:00Z,เนินขาม,65,0.0,0.0,0.0,,,True
1790730000,2026-09-30T01:00:00Z,คอนสาร,334,0.0,0.0,0.0,,,True
1790730000,2026-09-30T01:00:00Z,ภักดีชุมพล,154,0.0,0.0,0.0,,,True
1790730000,2026-09-30T01:00:00Z,บ้านแท่น,76,0.0,0.0,0.0,,,True
1790730000,2026-09-30T01:00:00Z,แก้งคร้อ,168,0.0,0.0,0.0,,,True
1790730000,2026-09-30T01:00:00Z,ภูเขียว,201,0.0,0.0,0.0,,,True
1790730000,2026-09-30T01:00:00Z,หนองบัวระเหว,179,0.0,0.0,0.0,,,True
1790730000,2026-09-30T01:00:00Z,เทพสถิต,239,0.0,0.0,0.0,,,True
1790730000,2026-09-30T01:00:00Z,จัตุรัส,172,0.0,0.0,0.0,,,True
1790730000,2026-09-30T01:00:00Z,บำเหน็จณรงค์,120,0.0,0.0,0.0,,,True
1790730000,2026-09-30T01:00:00Z,เกษตรสมบูรณ์,268,0.0,0.0,0.0,,,True
1790730000,2026-09-30T01:00:00Z,หนองบัวแดง,537,0.0,0.0,0.0,,,True
1790730000,2026-09-30T01:00:00Z,ภูเรือ,168,0.0,0.0,0.0,,,True
1790730000,2026-09-30T01:00:00Z,ท่าลี่,171,0.0,0.0,0.0,,,True
1790730000,2026-09-30T01:00:00Z,วชิรบารมี,68,0.0,0.0,0.0,,,True
1790730000,2026-09-30T01:00:00Z,ด่านซ้าย,341,0.0,0.0,0.0,,,True
1790730000,2026-09-30T01:00:00Z,นาแห้ว,153,0.0,0.0,0.0,,,True
1790730000,2026-09-30T01:00:00Z,บึงนาราง,74,0.0,0.0,0.0,,,True
1790730000,2026-09-30T01:00:00Z,เชียงคาน,213,0.0,0.0,0.0,,,True
1790730000,2026-09-30T01:00:00Z,ดงเจริญ,56,0.0,0.0,0.0,,,True
1790730000,2026-09-30T01:00:00Z,ปากชม,240,0.0,0.0,0.0,,,True
1790730000,2026-09-30T01:00:00Z,เมืองเลย,314,0.0,0.0,0.0,,,True
1790730000,2026-09-30T01:00:00Z,นาด้วง,143,0.0,0.0,0.0,,,True
1790730000,2026-09-30T01:00:00Z,สากเหล็ก,45,0.0,0.0,0.0,,,True
1790730000,2026-09-30T01:00:00Z,สามง่าม,89,0.0,0.0,0.0,,,True
1790730000,2026-09-30T01:00:00Z,ทับคล้อ,104,0.0,0.0,0.0,,,True
1790730000,2026-09-30T01:00:00Z,พรหมพิราม,206,0.0,0.0,0.0,,,True
1790730000,2026-09-30T01:00:00Z,ด่านขุนทด,344,0.0,0.0,0.0,,,True
1790730000,2026-09-30T01:00:00Z,วัดโบสถ์,226,0.0,0.0,0.0,,,True
1790730000,2026-09-30T01:00:00Z,บางระกำ,246,0.0,0.0,0.0,,,True
1790730000,2026-09-30T01:00:00Z,บางกระทุ่ม,91,0.0,0.0,0.0,,,True
1790730000,2026-09-30T01:00:00Z,นครไทย,597,0.0,0.0,0.0,,,True
1790730000,2026-09-30T01:00:00Z,ชาติตระการ,415,0.0,0.0,0.0,,,True
1790730000,2026-09-30T01:00:00Z,บ้านเหลื่อม,55,0.0,0.0,0.0,,,True
1790730000,2026-09-30T01:00:00Z,เมืองพิษณุโลก,178,0.0,0.0,0.0,,,True
1790730000,2026-09-30T01:00:00Z,ชุมแสง,145,0.0,0.0,0.0,,,True
1790730000,2026-09-30T01:00:00Z,หนองบัว,208,0.0,0.0,0.0,,,True
1790730000,2026-09-30T01:00:00Z,เมืองนครสวรรค์,183,0.0,0.0,0.0,,,True
1790730000,2026-09-30T01:00:00Z,โกรกพระ,71,0.0,0.0,0.0,,,True
1790730000,2026-09-30T01:00:00Z,ไพศาลี,244,0.0,0.0,0.0,,,True
1790730000,2026-09-30T01:00:00Z,ตาคลี,206,0.0,0.0,0.0,,,True
1790730000,2026-09-30T01:00:00Z,ท่าตะโก,211,0.0,0.0,0.0,,,True
1790730000,2026-09-30T01:00:00Z,เขาค้อ,207,0.0,0.0,0.0,,,True
1790730000,2026-09-30T01:00:00Z,บรรพตพิสัย,181,0.0,0.0,0.0,,,True
1790730000,2026-09-30T01:00:00Z,เก้าเลี้ยว,57,0.0,0.0,0.0,,,True
1790730000,2026-09-30T01:00:00Z,วังโป่ง,123,0.0,0.0,0.0,,,True
1790730000,2026-09-30T01:00:00Z,บึงสามพัน,194,0.0,0.0,0.0,,,True
1790730000,2026-09-30T01:00:00Z,น้ำหนาว,231,0.0,0.0,0.0,,,True
1790730000,2026-09-30T01:00:00Z,ศรีเทพ,204,0.0,0.0,0.0,,,True
1790730000,2026-09-30T01:00:00Z,หนองไผ่,315,0.0,0.0,0.0,,,True
1790730000,2026-09-30T01:00:00Z,มหาราช,4,0.0,0.0,0.0,,,False
1790730000,2026-09-30T01:00:00Z,บ้านแพรก,10,0.0,0.0,0.0,,,True
1790730000,2026-09-30T01:00:00Z,บางมูลนาก,99,0.0,0.0,0.0,,,True
1790730000,2026-09-30T01:00:00Z,โพทะเล,131,0.0,0.0,0.0,,,True
1790730000,2026-09-30T01:00:00Z,โพธิ์ประทับช้าง,102,0.0,0.0,0.0,,,True
1790730000,2026-09-30T01:00:00Z,ตะพานหิน,109,0.0,0.0,0.0,,,True
1790730000,2026-09-30T01:00:00Z,เมืองพิจิตร,138,0.0,0.0,0.0,,,True
1790730000,2026-09-30T01:00:00Z,วังทรายพูน,66,0.0,0.0,0.0,,,True
1790730900,2026-09-30T01:15:00Z,พิชัย,176,0.0,0.0,0.0,,,True
1790730900,2026-09-30T01:15:00Z,ลับแล,116,0.0,0.0,0.0,,,True
1790730900,2026-09-30T01:15:00Z,ฟากท่า,163,0.0,0.0,0.0,,,True
1790730900,2026-09-30T01:15:00Z,บ้านโคก,247,0.0,0.0,0.0,,,True
1790730900,2026-09-30T01:15:00Z,ท่าปลา,442,0.0,0.0,0.0,,,True
1790730900,2026-09-30T01:15:00Z,น้ำปาด,363,0.0,0.0,0.0,,,True
1790730900,2026-09-30T01:15:00Z,เมืองอุตรดิตถ์,202,0.0,0.0,0.0,,,True
1790730900,2026-09-30T01:15:00Z,ตรอน,80,0.0,0.0,0.0,,,True
1790730900,2026-09-30T01:15:00Z,หล่มเก่า,246,0.0,0.0,0.0,,,True
1790730900,2026-09-30T01:15:00Z,วิเชียรบุรี,377,0.0,0.0,0.0,,,True
1790730900,2026-09-30T01:15:00Z,ชนแดน,279,0.0,0.0,0.0,,,True
1790730900,2026-09-30T01:15:00Z,หล่มสัก,350,0.0,0.0,0.0,,,True
1790730900,2026-09-30T01:15:00Z,เมืองเพชรบูรณ์,571,0.0,0.0,0.0,,,True
1790730900,2026-09-30T01:15:00Z,ทองแสนขัน,185,0.0,0.0,0.0,,,True
1790730900,2026-09-30T01:15:00Z,บึงสามัคคี,71,0.0,0.0,0.0,,,True
1790730900,2026-09-30T01:15:00Z,โกสัมพีนคร,137,0.0,0.0,0.0,,,True
1790730900,2026-09-30T01:15:00Z,สอง,380,0.0,0.0,0.0,,,True
1790730900,2026-09-30T01:15:00Z,วังชิ้น,255,0.0,0.0,0.0,,,True
1790730900,2026-09-30T01:15:00Z,สูงเม่น,88,0.0,0.0,0.0,,,True
1790730900,2026-09-30T01:15:00Z,เด่นชัย,135,0.0,0.0,0.0,,,True
1790730900,2026-09-30T01:15:00Z,ร้องกวาง,221,0.0,0.0,0.0,,,True
1790730900,2026-09-30T01:15:00Z,ลอง,317,0.0,0.0,0.0,,,True
1790730900,2026-09-30T01:15:00Z,เมืองแพร่,205,0.0,0.0,0.0,,,True
1790730900,2026-09-30T01:15:00Z,ทัพทัน,94,0.0,0.0,0.0,,,True
1790730900,2026-09-30T01:15:00Z,สว่างอารมณ์,110,0.0,0.0,0.0,,,True
1790730900,2026-09-30T01:15:00Z,เมืองอุทัยธานี,59,0.0,0.0,0.0,,,True
1790730900,2026-09-30T01:15:00Z,ห้วยคต,94,0.0,0.0,0.0,,,True
1790730900,2026-09-30T01:15:00Z,ศรีสวัสดิ์,440,0.0,0.0,0.0,,,True
1790730900,2026-09-30T01:15:00Z,บ้านไร่,821,0.0,0.0,0.0,,,True
1790730900,2026-09-30T01:15:00Z,ลานสัก,360,0.0,0.0,0.0,,,True
1790730900,2026-09-30T01:15:00Z,หนองฉาง,89,0.0,0.0,0.0,,,True
1790730900,2026-09-30T01:15:00Z,หนองขาหย่าง,43,0.0,0.0,0.0,,,True
1790730900,2026-09-30T01:15:00Z,เชียงม่วน,82,0.0,0.0,0.0,,,True
1790730900,2026-09-30T01:15:00Z,ดอกคำใต้,37,0.0,0.0,0.0,,,True
1790730900,2026-09-30T01:15:00Z,เมืองพะเยา,6,0.0,0.0,0.0,,,True
1790730900,2026-09-30T01:15:00Z,ทองผาภูมิ,851,0.0,0.0,0.0,,,True
1790730900,2026-09-30T01:15:00Z,สังขละบุรี,793,0.0,0.0,0.0,,,True
1790730900,2026-09-30T01:15:00Z,หนองม่วงไข่,35,0.0,0.0,0.0,,,True
1790730900,2026-09-30T01:15:00Z,ภูเวียง,81,0.0,0.0,0.0,,,True
1790730900,2026-09-30T01:15:00Z,มัญจาคีรี,50,0.0,0.0,0.0,,,True
1790730900,2026-09-30T01:15:00Z,หนองปรือ,104,0.0,0.0,0.0,,,True
1790730900,2026-09-30T01:15:00Z,เลาขวัญ,123,0.0,0.0,0.0,,,True
1790730900,2026-09-30T01:15:00Z,หนองนาคำ,43,0.0,0.0,0.0,,,True
1790730900,2026-09-30T01:15:00Z,โคกโพธิ์ไชย,65,0.0,0.0,0.0,,,True
1790730900,2026-09-30T01:15:00Z,บ้านหลวง,91,0.0,0.0,0.0,,,True
1790730900,2026-09-30T01:15:00Z,นาน้อย,266,0.0,0.0,0.0,,,True
1790730900,2026-09-30T01:15:00Z,ภูผาม่าน,74,0.0,0.0,0.0,,,True
1790730900,2026-09-30T01:15:00Z,เมืองน่าน,161,0.0,0.0,0.0,,,True
1790730900,2026-09-30T01:15:00Z,แม่จริม,262,0.0,0.0,0.0,,,True
1790730900,2026-09-30T01:15:00Z,เวียงเก่า,78,0.0,0.0,0.0,,,True
1790730900,2026-09-30T01:15:00Z,เมืองกำแพงเพชร,368,0.0,0.0,0.0,,,True
1790730900,2026-09-30T01:15:00Z,ไทรงาม,133,0.0,0.0,0.0,,,True
1790730900,2026-09-30T01:15:00Z,ปางศิลาทอง,186,0.0,0.0,0.0,,,True
1790730900,2026-09-30T01:15:00Z,ลานกระบือ,103,0.0,0.0,0.0,,,True
1790730900,2026-09-30T01:15:00Z,ทรายทองวัฒนา,53,0.0,0.0,0.0,,,True
1790730900,2026-09-30T01:15:00Z,คลองขลุง,179,0.0,0.0,0.0,,,True
1790730900,2026-09-30T01:15:00Z,พรานกระต่าย,252,0.0,0.0,0.0,,,True
1790730900,2026-09-30T01:15:00Z,คลองลาน,363,0.0,0.0,0.0,,,True
1790730900,2026-09-30T01:15:00Z,ขาณุวรลักษบุรี,296,0.0,0.0,0.0,,,True
1790730900,2026-09-30T01:15:00Z,ภูเพียง,113,0.0,0.0,0.0,,,True
1790730900,2026-09-30T01:15:00Z,นาหมื่น,245,0.0,0.0,0.0,,,True
1790730900,2026-09-30T01:15:00Z,เวียงสา,543,0.0,0.0,0.0,,,True
1790730900,2026-09-30T01:15:00Z,น้ำโสม,153,0.0,0.0,0.0,,,True
1790730900,2026-09-30T01:15:00Z,นายูง,126,0.0,0.0,0.0,,,True
1790730900,2026-09-30T01:15:00Z,ชุมแพ,173,0.0,0.0,0.0,,,True
1790730900,2026-09-30T01:15:00Z,สีชมพู,132,0.0,0.0,0.0,,,True
1790730900,2026-09-30T01:15:00Z,สุวรรณคูหา,140,0.0,0.0,0.0,,,True
1790730900,2026-09-30T01:15:00Z,นาวัง,65,0.0,0.0,0.0,,,True
1790730900,2026-09-30T01:15:00Z,หนองเรือ,80,0.0,0.0,0.0,,,True
1790730900,2026-09-30T01:15:00Z,โนนสัง,51,0.0,0.0,0.0,,,True
1790730900,2026-09-30T01:15:00Z,ศรีบุญเรือง,224,0.0,0.0,0.0,,,True
1790730900,2026-09-30T01:15:00Z,เมืองหนองบัวลำภู,217,0.0,0.0,0.0,,,True
1790730900,2026-09-30T01:15:00Z,นากลาง,173,0.0,0.0,0.0,,,True
1790730900,2026-09-30T01:15:00Z,ทุ่งเสลี่ยม,144,0.0,0.0,0.0,,,True
1790730900,2026-09-30T01:15:00Z,ดอยหล่อ,56,0.0,0.0,0.0,,,True
1790730900,2026-09-30T01:15:00Z,เมืองตาก,486,0.0,0.0,0.0,,,True
1790730900,2026-09-30T01:15:00Z,แม่ออน,116,0.0,0.0,0.0,,,True
1790730900,2026-09-30T01:15:00Z,อุ้มผาง,1209,0.0,0.0,0.0,,,True
1790730900,2026-09-30T01:15:00Z,วังเจ้า,183,0.0,0.0,0.0,,,True
1790730900,2026-09-30T01:15:00Z,แม่สอด,398,0.0,0.0,0.0,,,True
1790730900,2026-09-30T01:15:00Z,พบพระ,249,0.0,0.0,0.0,,,True
1790730900,2026-09-30T01:15:00Z,แม่ระมาด,380,0.0,0.0,0.0,,,True
1790730900,2026-09-30T01:15:00Z,ท่าสองยาง,401,0.0,0.0,0.0,,,True
1790730900,2026-09-30T01:15:00Z,บ้านตาก,255,0.0,0.0,0.0,,,True
1790730900,2026-09-30T01:15:00Z,สามเงา,698,0.0,0.0,0.0,,,True
1790730900,2026-09-30T01:15:00Z,จอมทอง,280,0.0,0.0,0.0,,,True
1790730900,2026-09-30T01:15:00Z,แก้งสนามนาง,79,0.0,0.0,0.0,,,True
1790730900,2026-09-30T01:15:00Z,สีคิ้ว,292,0.0,0.0,0.0,,,True
1790730900,2026-09-30T01:15:00Z,พระทองคำ,90,0.0,0.0,0.0,,,True
1790730900,2026-09-30T01:15:00Z,เทพารักษ์,92,0.0,0.0,0.0,,,True
1790730900,2026-09-30T01:15:00Z,สันกำแพง,65,0.0,0.0,0.0,,,True
1790730900,2026-09-30T01:15:00Z,สันป่าตอง,44,0.0,0.0,0.0,,,True
1790730900,2026-09-30T01:15:00Z,ดอยเต่า,213,0.0,0.0,0.0,,,True
1790730900,2026-09-30T01:15:00Z,อมก๋อย,704,0.0,0.0,0.0,,,True
1790730900,2026-09-30T01:15:00Z,ฮอด,378,0.0,0.0,0.0,,,True
1790730900,2026-09-30T01:15:00Z,เมืองลำพูน,117,0.0,0.0,0.0,,,True
1790730900,2026-09-30T01:15:00Z,แม่ทา,192,0.0,0.0,0.0,,,True
1790730900,2026-09-30T01:15:00Z,บ้านธิ,34,0.0,0.0,0.0,,,True
1790730900,2026-09-30T01:15:00Z,บ้านหมอ,24,0.0,0.0,0.0,,,True
1790730900,2026-09-30T01:15:00Z,เวียงหนองล่อง,14,0.0,0.0,0.0,,,True
1790730900,2026-09-30T01:15:00Z,ทุ่งหัวช้าง,113,0.0,0.0,0.0,,,True
1790730900,2026-09-30T01:15:00Z,ป่าซาง,74,0.0,0.0,0.0,,,True
1790730900,2026-09-30T01:15:00Z,บ้านโฮ่ง,124,0.0,0.0,0.0,,,True
1790730900,2026-09-30T01:15:00Z,แก่งคอย,73,0.0,0.0,0.0,,,True
1790730900,2026-09-30T01:15:00Z,ลี้,454,0.0,0.0,0.0,,,True
1790730900,2026-09-30T01:15:00Z,พระพุทธบาท,55,0.0,0.0,0.0,,,True
1790730900,2026-09-30T01:15:00Z,ดอนพุด,7,0.0,0.0,0.0,,,True
1790730900,2026-09-30T01:15:00Z,หนองโดน,31,0.0,0.0,0.0,,,True
1790730900,2026-09-30T01:15:00Z,เมืองลำปาง,300,0.0,0.0,0.0,,,True
1790730900,2026-09-30T01:15:00Z,เถิน,443,0.0,0.0,0.0,,,True
1790730900,2026-09-30T01:15:00Z,แม่พริก,167,0.0,0.0,0.0,,,True
1790730900,2026-09-30T01:15:00Z,แจ้ห่ม,274,0.0,0.0,0.0,,,True
1790730900,2026-09-30T01:15:00Z,แม่เปิน,85,0.0,0.0,0.0,,,True
1790730900,2026-09-30T01:15:00Z,เสริมงาม,185,0.0,0.0,0.0,,,True
1790730900,2026-09-30T01:15:00Z,ชุมตาบง,61,0.0,0.0,0.0,,,True
1790730900,2026-09-30T01:15:00Z,งาว,344,0.0,0.0,0.0,,,True
1790730900,2026-09-30T01:15:00Z,ตากฟ้า,125,0.0,0.0,0.0,,,True
1790730900,2026-09-30T01:15:00Z,แม่เมาะ,283,0.0,0.0,0.0,,,True
1790730900,2026-09-30T01:15:00Z,แม่วงก์,257,0.0,0.0,0.0,,,True
1790730900,2026-09-30T01:15:00Z,เกาะคา,128,0.0,0.0,0.0,,,True
1790730900,2026-09-30T01:15:00Z,พยุหะคีรี,169,0.0,0.0,0.0,,,True
1790730900,2026-09-30T01:15:00Z,ลาดยาว,187,0.0,0.0,0.0,,,True
1790730900,2026-09-30T01:15:00Z,สบปราบ,125,0.0,0.0,0.0,,,True
1790730900,2026-09-30T01:15:00Z,ห้างฉัตร,154,0.0,0.0,0.0,,,True
1790730900,2026-09-30T01:15:00Z,แม่ทะ,203,0.0,0.0,0.0,,,True
1790730900,2026-09-30T01:15:00Z,เมืองปาน,202,0.0,0.0,0.0,,,True
1790730900,2026-09-30T01:15:00Z,เมืองอ่างทอง,6,0.0,0.0,0.0,,,True
1790730900,2026-09-30T01:15:00Z,ไชโย,20,0.0,0.0,0.0,,,True
1790730900,2026-09-30T01:15:00Z,สามโก้,10,0.0,0.0,0.0,,,True
1790730900,2026-09-30T01:15:00Z,แสวงหา,43,0.0,0.0,0.0,,,True
1790730900,2026-09-30T01:15:00Z,วิเศษชัยชาญ,7,0.0,0.0,0.0,,,True
1790730900,2026-09-30T01:15:00Z,โพธิ์ทอง,48,0.0,0.0,0.0,,,True
1790730900,2026-09-30T01:15:00Z,เมืองลพบุรี,190,0.0,0.0,0.0,,,True
1790730900,2026-09-30T01:15:00Z,เดิมบางนางบวช,130,0.0,0.0,0.0,,,True
1790730900,2026-09-30T01:15:00Z,ด่านช้าง,309,0.0,0.0,0.0,,,True
1790730900,2026-09-30T01:15:00Z,หนองม่วง,111,0.0,0.0,0.0,,,True
1790730900,2026-09-30T01:15:00Z,ลำสนธิ,136,0.0,0.0,0.0,,,True
1790730900,2026-09-30T01:15:00Z,สามชุก,77,0.0,0.0,0.0,,,True
1790730900,2026-09-30T01:15:00Z,ดอนเจดีย์,72,0.0,0.0,0.0,,,True
1790730900,2026-09-30T01:15:00Z,สระโบสถ์,83,0.0,0.0,0.0,,,True
1790730900,2026-09-30T01:15:00Z,ศรีประจันต์,41,0.0,0.0,0.0,,,True
1790730900,2026-09-30T01:15:00Z,โคกเจริญ,135,0.0,0.0,0.0,,,True
1790730900,2026-09-30T01:15:00Z,บ้านหมี่,136,0.0,0.0,0.0,,,True
1790730900,2026-09-30T01:15:00Z,ท่าหลวง,100,0.0,0.0,0.0,,,True
1790730900,2026-09-30T01:15:00Z,ชัยบาดาล,280,0.0,0.0,0.0,,,True
1790730900,2026-09-30T01:15:00Z,ท่าวุ้ง,64,0.0,0.0,0.0,,,True
1790730900,2026-09-30T01:15:00Z,พัฒนานิคม,217,0.0,0.0,0.0,,,True
1790730900,2026-09-30T01:15:00Z,โคกสำโรง,180,0.0,0.0,0.0,,,True
1790730900,2026-09-30T01:15:00Z,หนองหญ้าไซ,108,0.0,0.0,0.0,,,True
1790730900,2026-09-30T01:15:00Z,ท่าช้าง,11,0.0,0.0,0.0,,,True
1790730900,2026-09-30T01:15:00Z,อินทร์บุรี,66,0.0,0.0,0.0,,,True
1790730900,2026-09-30T01:15:00Z,ค่ายบางระจัน,26,0.0,0.0,0.0,,,True
1790730900,2026-09-30T01:15:00Z,พรหมบุรี,19,0.0,0.0,0.0,,,True
1790730900,2026-09-30T01:15:00Z,เนินสง่า,65,0.0,0.0,0.0,,,True
1790730900,2026-09-30T01:15:00Z,เมืองสิงห์บุรี,31,0.0,0.0,0.0,,,True
1790730900,2026-09-30T01:15:00Z,ซับใหญ่,72,0.0,0.0,0.0,,,True
1790730900,2026-09-30T01:15:00Z,บางระจัน,46,0.0,0.0,0.0,,,True
1790730900,2026-09-30T01:15:00Z,ภูกระดึง,190,0.0,0.0,0.0,,,True
1790730900,2026-09-30T01:15:00Z,ภูหลวง,145,0.0,0.0,0.0,,,True
1790730900,2026-09-30T01:15:00Z,หนองหิน,78,0.0,0.0,0.0,,,True
1790730900,2026-09-30T01:15:00Z,ผาขาว,100,0.0,0.0,0.0,,,True
1790730900,2026-09-30T01:15:00Z,เอราวัณ,87,0.0,0.0,0.0,,,True
1790730900,2026-09-30T01:15:00Z,วังสะพุง,281,0.0,0.0,0.0,,,True
1790730900,2026-09-30T01:15:00Z,วังม่วง,70,0.0,0.0,0.0,,,True
1790730900,2026-09-30T01:15:00Z,เฉลิมพระเกียรติ,35,0.0,0.0,0.0,,,True
1790730900,2026-09-30T01:15:00Z,มวกเหล็ก,175,0.0,0.0,0.0,,,True
1790730900,2026-09-30T01:15:00Z,บ้านเขว้า,124,0.0,0.0,0.0,,,True
1790730900,2026-09-30T01:15:00Z,คอนสวรรค์,113,0.0,0.0,0.0,,,True
1790730900,2026-09-30T01:15:00Z,เมืองชัยภูมิ,358,0.0,0.0,0.0,,,True
1790730900,2026-09-30T01:15:00Z,วังทอง,425,0.0,0.0,0.0,,,True
1790730900,2026-09-30T01:15:00Z,เนินมะปราง,276,0.0,0.0,0.0,,,True
1790730900,2026-09-30T01:15:00Z,สวรรคโลก,156,0.0,0.0,0.0,,,True
1790730900,2026-09-30T01:15:00Z,ศรีนคร,46,0.0,0.0,0.0,,,True
1790730900,2026-09-30T01:15:00Z,หันคา,139,0.0,0.0,0.0,,,True
1790730900,2026-09-30T01:15:00Z,ศรีสัชนาลัย,534,0.0,0.0,0.0,,,True
1790730900,2026-09-30T01:15:00Z,หนองมะโมง,76,0.0,0.0,0.0,,,True
1790730900,2026-09-30T01:15:00Z,ศรีสำโรง,142,0.0,0.0,0.0,,,True
1790730900,2026-09-30T01:15:00Z,สรรพยา,55,0.0,0.0,0.0,,,True
1790730900,2026-09-30T01:15:00Z,คีรีมาศ,171,0.0,0.0,0.0,,,True
1790730900,2026-09-30T01:15:00Z,สรรคบุรี,89,0.0,0.0,0.0,,,True
1790730900,2026-09-30T01:15:00Z,กงไกรลาศ,108,0.0,0.0,0.0,,,True
1790730900,2026-09-30T01:15:00Z,มโนรมย์,66,0.0,0.0,0.0,,,True
1790730900,2026-09-30T01:15:00Z,เมืองสุโขทัย,136,0.0,0.0,0.0,,,True
1790730900,2026-09-30T01:15:00Z,วัดสิงห์,67,0.0,0.0,0.0,,,True
1790730900,2026-09-30T01:15:00Z,บ้านด่านลานหอย,231,0.0,0.0,0.0,,,True
1790730900,2026-09-30T01:15:00Z,เมืองชัยนาท,70,0.0,0.0,0.0,,,True
1790730900,2026-09-30T01:15:00Z,เนินขาม,65,0.0,0.0,0.0,,,True
1790730900,2026-09-30T01:15:00Z,คอนสาร,334,0.0,0.0,0.0,,,True
1790730900,2026-09-30T01:15:00Z,ภักดีชุมพล,154,0.0,0.0,0.0,,,True
1790730900,2026-09-30T01:15:00Z,บ้านแท่น,76,0.0,0.0,0.0,,,True
1790730900,2026-09-30T01:15:00Z,แก้งคร้อ,168,0.0,0.0,0.0,,,True
1790730900,2026-09-30T01:15:00Z,ภูเขียว,201,0.0,0.0,0.0,,,True
1790730900,2026-09-30T01:15:00Z,หนองบัวระเหว,179,0.0,0.0,0.0,,,True
1790730900,2026-09-30T01:15:00Z,เทพสถิต,239,0.0,0.0,0.0,,,True
1790730900,2026-09-30T01:15:00Z,จัตุรัส,172,0.0,0.0,0.0,,,True
1790730900,2026-09-30T01:15:00Z,บำเหน็จณรงค์,120,0.0,0.0,0.0,,,True
1790730900,2026-09-30T01:15:00Z,เกษตรสมบูรณ์,268,0.0,0.0,0.0,,,True
1790730900,2026-09-30T01:15:00Z,หนองบัวแดง,537,0.0,0.0,0.0,,,True
1790730900,2026-09-30T01:15:00Z,ภูเรือ,168,0.0,0.0,0.0,,,True
1790730900,2026-09-30T01:15:00Z,ท่าลี่,171,0.0,0.0,0.0,,,True
1790730900,2026-09-30T01:15:00Z,วชิรบารมี,68,0.0,0.0,0.0,,,True
1790730900,2026-09-30T01:15:00Z,ด่านซ้าย,341,0.0,0.0,0.0,,,True
1790730900,2026-09-30T01:15:00Z,นาแห้ว,153,0.0,0.0,0.0,,,True
1790730900,2026-09-30T01:15:00Z,บึงนาราง,74,0.0,0.0,0.0,,,True
1790730900,2026-09-30T01:15:00Z,เชียงคาน,213,0.0,0.0,0.0,,,True
1790730900,2026-09-30T01:15:00Z,ดงเจริญ,56,0.0,0.0,0.0,,,True
1790730900,2026-09-30T01:15:00Z,ปากชม,240,0.0,0.0,0.0,,,True
1790730900,2026-09-30T01:15:00Z,เมืองเลย,314,0.0,0.0,0.0,,,True
1790730900,2026-09-30T01:15:00Z,นาด้วง,143,0.0,0.0,0.0,,,True
1790730900,2026-09-30T01:15:00Z,สากเหล็ก,45,0.0,0.0,0.0,,,True
1790730900,2026-09-30T01:15:00Z,สามง่าม,89,0.0,0.0,0.0,,,True
1790730900,2026-09-30T01:15:00Z,ทับคล้อ,104,0.0,0.0,0.0,,,True
1790730900,2026-09-30T01:15:00Z,พรหมพิราม,206,0.0,0.0,0.0,,,True
1790730900,2026-09-30T01:15:00Z,ด่านขุนทด,344,0.0,0.0,0.0,,,True
1790730900,2026-09-30T01:15:00Z,วัดโบสถ์,226,0.0,0.0,0.0,,,True
1790730900,2026-09-30T01:15:00Z,บางระกำ,246,0.0,0.0,0.0,,,True
1790730900,2026-09-30T01:15:00Z,บางกระทุ่ม,91,0.0,0.0,0.0,,,True
1790730900,2026-09-30T01:15:00Z,นครไทย,597,0.0,0.0,0.0,,,True
1790730900,2026-09-30T01:15:00Z,ชาติตระการ,415,0.0,0.0,0.0,,,True
1790730900,2026-09-30T01:15:00Z,บ้านเหลื่อม,55,0.0,0.0,0.0,,,True
1790730900,2026-09-30T01:15:00Z,เมืองพิษณุโลก,178,0.0,0.0,0.0,,,True
1790730900,2026-09-30T01:15:00Z,ชุมแสง,145,0.0,0.0,0.0,,,True
1790730900,2026-09-30T01:15:00Z,หนองบัว,208,0.0,0.0,0.0,,,True
1790730900,2026-09-30T01:15:00Z,เมืองนครสวรรค์,183,0.0,0.0,0.0,,,True
1790730900,2026-09-30T01:15:00Z,โกรกพระ,71,0.0,0.0,0.0,,,True
1790730900,2026-09-30T01:15:00Z,ไพศาลี,244,0.0,0.0,0.0,,,True
1790730900,2026-09-30T01:15:00Z,ตาคลี,206,0.0,0.0,0.0,,,True
1790730900,2026-09-30T01:15:00Z,ท่าตะโก,211,0.0,0.0,0.0,,,True
1790730900,2026-09-30T01:15:00Z,เขาค้อ,207,0.0,0.0,0.0,,,True
1790730900,2026-09-30T01:15:00Z,บรรพตพิสัย,181,0.0,0.0,0.0,,,True
1790730900,2026-09-30T01:15:00Z,เก้าเลี้ยว,57,0.0,0.0,0.0,,,True
1790730900,2026-09-30T01:15:00Z,วังโป่ง,123,0.0,0.0,0.0,,,True
1790730900,2026-09-30T01:15:00Z,บึงสามพัน,194,0.0,0.0,0.0,,,True
1790730900,2026-09-30T01:15:00Z,น้ำหนาว,231,0.0,0.0,0.0,,,True
1790730900,2026-09-30T01:15:00Z,ศรีเทพ,204,0.0,0.0,0.0,,,True
1790730900,2026-09-30T01:15:00Z,หนองไผ่,315,0.0,0.0,0.0,,,True
1790730900,2026-09-30T01:15:00Z,มหาราช,4,0.0,0.0,0.0,,,False
1790730900,2026-09-30T01:15:00Z,บ้านแพรก,10,0.0,0.0,0.0,,,True
1790730900,2026-09-30T01:15:00Z,บางมูลนาก,99,0.0,0.0,0.0,,,True
1790730900,2026-09-30T01:15:00Z,โพทะเล,131,0.0,0.0,0.0,,,True
1790730900,2026-09-30T01:15:00Z,โพธิ์ประทับช้าง,102,0.0,0.0,0.0,,,True
1790730900,2026-09-30T01:15:00Z,ตะพานหิน,109,0.0,0.0,0.0,,,True
1790730900,2026-09-30T01:15:00Z,เมืองพิจิตร,138,0.0,0.0,0.0,,,True
1790730900,2026-09-30T01:15:00Z,วังทรายพูน,66,0.0,0.0,0.0,,,True
1790731800,2026-09-30T01:30:00Z,พิชัย,176,0.0,0.0,0.0,,,True
1790731800,2026-09-30T01:30:00Z,ลับแล,116,0.0,0.0,0.0,,,True
1790731800,2026-09-30T01:30:00Z,ฟากท่า,163,0.0,0.0,0.0,,,True
1790731800,2026-09-30T01:30:00Z,บ้านโคก,247,0.0,0.0,0.0,,,True
1790731800,2026-09-30T01:30:00Z,ท่าปลา,442,0.0,0.0,0.0,,,True
1790731800,2026-09-30T01:30:00Z,น้ำปาด,363,0.0,0.0,0.0,,,True
1790731800,2026-09-30T01:30:00Z,เมืองอุตรดิตถ์,202,0.0,0.0,0.0,,,True
1790731800,2026-09-30T01:30:00Z,ตรอน,80,0.0,0.0,0.0,,,True
1790731800,2026-09-30T01:30:00Z,หล่มเก่า,246,0.0,0.0,0.0,,,True
1790731800,2026-09-30T01:30:00Z,วิเชียรบุรี,377,0.0,0.0,0.0,,,True
1790731800,2026-09-30T01:30:00Z,ชนแดน,279,0.0,0.0,0.0,,,True
1790731800,2026-09-30T01:30:00Z,หล่มสัก,350,0.0,0.0,0.0,,,True
1790731800,2026-09-30T01:30:00Z,เมืองเพชรบูรณ์,571,0.0,0.0,0.0,,,True
1790731800,2026-09-30T01:30:00Z,ทองแสนขัน,185,0.0,0.0,0.0,,,True
1790731800,2026-09-30T01:30:00Z,บึงสามัคคี,71,0.0,0.0,0.0,,,True
1790731800,2026-09-30T01:30:00Z,โกสัมพีนคร,137,0.0,0.0,0.0,,,True
1790731800,2026-09-30T01:30:00Z,สอง,380,0.0,0.0,0.0,,,True
1790731800,2026-09-30T01:30:00Z,วังชิ้น,255,0.0,0.0,0.0,,,True
1790731800,2026-09-30T01:30:00Z,สูงเม่น,88,0.0,0.0,0.0,,,True
1790731800,2026-09-30T01:30:00Z,เด่นชัย,135,0.0,0.0,0.0,,,True
1790731800,2026-09-30T01:30:00Z,ร้องกวาง,221,0.0,0.0,0.0,,,True
1790731800,2026-09-30T01:30:00Z,ลอง,317,0.0,0.0,0.0,,,True
1790731800,2026-09-30T01:30:00Z,เมืองแพร่,205,0.0,0.0,0.0,,,True
1790731800,2026-09-30T01:30:00Z,ทัพทัน,94,0.0,0.0,0.0,,,True
1790731800,2026-09-30T01:30:00Z,สว่างอารมณ์,110,0.0,0.0,0.0,,,True
1790731800,2026-09-30T01:30:00Z,เมืองอุทัยธานี,59,0.0,0.0,0.0,,,True
1790731800,2026-09-30T01:30:00Z,ห้วยคต,94,0.0,0.0,0.0,,,True
1790731800,2026-09-30T01:30:00Z,ศรีสวัสดิ์,440,0.0,0.0,0.0,,,True
1790731800,2026-09-30T01:30:00Z,บ้านไร่,821,0.0,0.0,0.0,,,True
1790731800,2026-09-30T01:30:00Z,ลานสัก,360,0.0,0.0,0.0,,,True
1790731800,2026-09-30T01:30:00Z,หนองฉาง,89,0.0,0.0,0.0,,,True
1790731800,2026-09-30T01:30:00Z,หนองขาหย่าง,43,0.0,0.0,0.0,,,True
1790731800,2026-09-30T01:30:00Z,เชียงม่วน,82,0.0,0.0,0.0,,,True
1790731800,2026-09-30T01:30:00Z,ดอกคำใต้,37,0.0,0.0,0.0,,,True
1790731800,2026-09-30T01:30:00Z,เมืองพะเยา,6,0.0,0.0,0.0,,,True
1790731800,2026-09-30T01:30:00Z,ทองผาภูมิ,851,0.0,0.0,0.0,,,True
1790731800,2026-09-30T01:30:00Z,สังขละบุรี,793,0.0,0.0,0.0,,,True
1790731800,2026-09-30T01:30:00Z,หนองม่วงไข่,35,0.0,0.0,0.0,,,True
1790731800,2026-09-30T01:30:00Z,ภูเวียง,81,0.0,0.0,0.0,,,True
1790731800,2026-09-30T01:30:00Z,มัญจาคีรี,50,0.0,0.0,0.0,,,True
1790731800,2026-09-30T01:30:00Z,หนองปรือ,104,0.0,0.0,0.0,,,True
1790731800,2026-09-30T01:30:00Z,เลาขวัญ,123,0.0,0.0,0.0,,,True
1790731800,2026-09-30T01:30:00Z,หนองนาคำ,43,0.0,0.0,0.0,,,True
1790731800,2026-09-30T01:30:00Z,โคกโพธิ์ไชย,65,0.0,0.0,0.0,,,True
1790731800,2026-09-30T01:30:00Z,บ้านหลวง,91,0.0,0.0,0.0,,,True
1790731800,2026-09-30T01:30:00Z,นาน้อย,266,0.0,0.0,0.0,,,True
1790731800,2026-09-30T01:30:00Z,ภูผาม่าน,74,0.0,0.0,0.0,,,True
1790731800,2026-09-30T01:30:00Z,เมืองน่าน,161,0.0,0.0,0.0,,,True
1790731800,2026-09-30T01:30:00Z,แม่จริม,262,0.0,0.0,0.0,,,True
1790731800,2026-09-30T01:30:00Z,เวียงเก่า,78,0.0,0.0,0.0,,,True
1790731800,2026-09-30T01:30:00Z,เมืองกำแพงเพชร,368,0.0,0.0,0.0,,,True
1790731800,2026-09-30T01:30:00Z,ไทรงาม,133,0.0,0.0,0.0,,,True
1790731800,2026-09-30T01:30:00Z,ปางศิลาทอง,186,0.0,0.0,0.0,,,True
1790731800,2026-09-30T01:30:00Z,ลานกระบือ,103,0.0,0.0,0.0,,,True
1790731800,2026-09-30T01:30:00Z,ทรายทองวัฒนา,53,0.0,0.0,0.0,,,True
1790731800,2026-09-30T01:30:00Z,คลองขลุง,179,0.0,0.0,0.0,,,True
1790731800,2026-09-30T01:30:00Z,พรานกระต่าย,252,0.0,0.0,0.0,,,True
1790731800,2026-09-30T01:30:00Z,คลองลาน,363,0.0,0.0,0.0,,,True
1790731800,2026-09-30T01:30:00Z,ขาณุวรลักษบุรี,296,0.0,0.0,0.0,,,True
1790731800,2026-09-30T01:30:00Z,ภูเพียง,113,0.0,0.0,0.0,,,True
1790731800,2026-09-30T01:30:00Z,นาหมื่น,245,0.0,0.0,0.0,,,True
1790731800,2026-09-30T01:30:00Z,เวียงสา,543,0.0,0.0,0.0,,,True
1790731800,2026-09-30T01:30:00Z,น้ำโสม,153,0.0,0.0,0.0,,,True
1790731800,2026-09-30T01:30:00Z,นายูง,126,0.0,0.0,0.0,,,True
1790731800,2026-09-30T01:30:00Z,ชุมแพ,173,0.0,0.0,0.0,,,True
1790731800,2026-09-30T01:30:00Z,สีชมพู,132,0.0,0.0,0.0,,,True
1790731800,2026-09-30T01:30:00Z,สุวรรณคูหา,140,0.0,0.0,0.0,,,True
1790731800,2026-09-30T01:30:00Z,นาวัง,65,0.0,0.0,0.0,,,True
1790731800,2026-09-30T01:30:00Z,หนองเรือ,80,0.0,0.0,0.0,,,True
1790731800,2026-09-30T01:30:00Z,โนนสัง,51,0.0,0.0,0.0,,,True
1790731800,2026-09-30T01:30:00Z,ศรีบุญเรือง,224,0.0,0.0,0.0,,,True
1790731800,2026-09-30T01:30:00Z,เมืองหนองบัวลำภู,217,0.0,0.0,0.0,,,True
1790731800,2026-09-30T01:30:00Z,นากลาง,173,0.0,0.0,0.0,,,True
1790731800,2026-09-30T01:30:00Z,ทุ่งเสลี่ยม,144,0.0,0.0,0.0,,,True
1790731800,2026-09-30T01:30:00Z,ดอยหล่อ,56,0.0,0.0,0.0,,,True
1790731800,2026-09-30T01:30:00Z,เมืองตาก,486,0.0,0.0,0.0,,,True
1790731800,2026-09-30T01:30:00Z,แม่ออน,116,0.0,0.0,0.0,,,True
1790731800,2026-09-30T01:30:00Z,อุ้มผาง,1209,0.0,0.0,0.0,,,True
1790731800,2026-09-30T01:30:00Z,วังเจ้า,183,0.0,0.0,0.0,,,True
1790731800,2026-09-30T01:30:00Z,แม่สอด,398,0.0,0.0,0.0,,,True
1790731800,2026-09-30T01:30:00Z,พบพระ,249,0.0,0.0,0.0,,,True
1790731800,2026-09-30T01:30:00Z,แม่ระมาด,380,0.0,0.0,0.0,,,True
1790731800,2026-09-30T01:30:00Z,ท่าสองยาง,401,0.0,0.0,0.0,,,True
1790731800,2026-09-30T01:30:00Z,บ้านตาก,255,0.0,0.0,0.0,,,True
1790731800,2026-09-30T01:30:00Z,สามเงา,698,0.0,0.0,0.0,,,True
1790731800,2026-09-30T01:30:00Z,จอมทอง,280,0.0,0.0,0.0,,,True
1790731800,2026-09-30T01:30:00Z,แก้งสนามนาง,79,0.0,0.0,0.0,,,True
1790731800,2026-09-30T01:30:00Z,สีคิ้ว,292,0.0,0.0,0.0,,,True
1790731800,2026-09-30T01:30:00Z,พระทองคำ,90,0.0,0.0,0.0,,,True
1790731800,2026-09-30T01:30:00Z,เทพารักษ์,92,0.0,0.0,0.0,,,True
1790731800,2026-09-30T01:30:00Z,สันกำแพง,65,0.0,0.0,0.0,,,True
1790731800,2026-09-30T01:30:00Z,สันป่าตอง,44,0.0,0.0,0.0,,,True
1790731800,2026-09-30T01:30:00Z,ดอยเต่า,213,0.0,0.0,0.0,,,True
1790731800,2026-09-30T01:30:00Z,อมก๋อย,704,0.0,0.0,0.0,,,True
1790731800,2026-09-30T01:30:00Z,ฮอด,378,0.0,0.0,0.0,,,True
1790731800,2026-09-30T01:30:00Z,เมืองลำพูน,117,0.0,0.0,0.0,,,True
1790731800,2026-09-30T01:30:00Z,แม่ทา,192,0.0,0.0,0.0,,,True
1790731800,2026-09-30T01:30:00Z,บ้านธิ,34,0.0,0.0,0.0,,,True
1790731800,2026-09-30T01:30:00Z,บ้านหมอ,24,0.0,0.0,0.0,,,True
1790731800,2026-09-30T01:30:00Z,เวียงหนองล่อง,14,0.0,0.0,0.0,,,True
1790731800,2026-09-30T01:30:00Z,ทุ่งหัวช้าง,113,0.0,0.0,0.0,,,True
1790731800,2026-09-30T01:30:00Z,ป่าซาง,74,0.0,0.0,0.0,,,True
1790731800,2026-09-30T01:30:00Z,บ้านโฮ่ง,124,0.0,0.0,0.0,,,True
1790731800,2026-09-30T01:30:00Z,แก่งคอย,73,0.0,0.0,0.0,,,True
1790731800,2026-09-30T01:30:00Z,ลี้,454,0.0,0.0,0.0,,,True
1790731800,2026-09-30T01:30:00Z,พระพุทธบาท,55,0.0,0.0,0.0,,,True
1790731800,2026-09-30T01:30:00Z,ดอนพุด,7,0.0,0.0,0.0,,,True
1790731800,2026-09-30T01:30:00Z,หนองโดน,31,0.0,0.0,0.0,,,True
1790731800,2026-09-30T01:30:00Z,เมืองลำปาง,300,0.0,0.0,0.0,,,True
1790731800,2026-09-30T01:30:00Z,เถิน,443,0.0,0.0,0.0,,,True
1790731800,2026-09-30T01:30:00Z,แม่พริก,167,0.0,0.0,0.0,,,True
1790731800,2026-09-30T01:30:00Z,แจ้ห่ม,274,0.0,0.0,0.0,,,True
1790731800,2026-09-30T01:30:00Z,แม่เปิน,85,0.0,0.0,0.0,,,True
1790731800,2026-09-30T01:30:00Z,เสริมงาม,185,0.0,0.0,0.0,,,True
1790731800,2026-09-30T01:30:00Z,ชุมตาบง,61,0.0,0.0,0.0,,,True
1790731800,2026-09-30T01:30:00Z,งาว,344,0.0,0.0,0.0,,,True
1790731800,2026-09-30T01:30:00Z,ตากฟ้า,125,0.0,0.0,0.0,,,True
1790731800,2026-09-30T01:30:00Z,แม่เมาะ,283,0.0,0.0,0.0,,,True
1790731800,2026-09-30T01:30:00Z,แม่วงก์,257,0.0,0.0,0.0,,,True
1790731800,2026-09-30T01:30:00Z,เกาะคา,128,0.0,0.0,0.0,,,True
1790731800,2026-09-30T01:30:00Z,พยุหะคีรี,169,0.0,0.0,0.0,,,True
1790731800,2026-09-30T01:30:00Z,ลาดยาว,187,0.0,0.0,0.0,,,True
1790731800,2026-09-30T01:30:00Z,สบปราบ,125,0.0,0.0,0.0,,,True
1790731800,2026-09-30T01:30:00Z,ห้างฉัตร,154,0.0,0.0,0.0,,,True
1790731800,2026-09-30T01:30:00Z,แม่ทะ,203,0.0,0.0,0.0,,,True
1790731800,2026-09-30T01:30:00Z,เมืองปาน,202,0.0,0.0,0.0,,,True
1790731800,2026-09-30T01:30:00Z,เมืองอ่างทอง,6,0.0,0.0,0.0,,,True
1790731800,2026-09-30T01:30:00Z,ไชโย,20,0.0,0.0,0.0,,,True
1790731800,2026-09-30T01:30:00Z,สามโก้,10,0.0,0.0,0.0,,,True
1790731800,2026-09-30T01:30:00Z,แสวงหา,43,0.0,0.0,0.0,,,True
1790731800,2026-09-30T01:30:00Z,วิเศษชัยชาญ,7,0.0,0.0,0.0,,,True
1790731800,2026-09-30T01:30:00Z,โพธิ์ทอง,48,0.0,0.0,0.0,,,True
1790731800,2026-09-30T01:30:00Z,เมืองลพบุรี,190,0.0,0.0,0.0,,,True
1790731800,2026-09-30T01:30:00Z,เดิมบางนางบวช,130,0.0,0.0,0.0,,,True
1790731800,2026-09-30T01:30:00Z,ด่านช้าง,309,0.0,0.0,0.0,,,True
1790731800,2026-09-30T01:30:00Z,หนองม่วง,111,0.0,0.0,0.0,,,True
1790731800,2026-09-30T01:30:00Z,ลำสนธิ,136,0.0,0.0,0.0,,,True
1790731800,2026-09-30T01:30:00Z,สามชุก,77,0.0,0.0,0.0,,,True
1790731800,2026-09-30T01:30:00Z,ดอนเจดีย์,72,0.0,0.0,0.0,,,True
1790731800,2026-09-30T01:30:00Z,สระโบสถ์,83,0.0,0.0,0.0,,,True
1790731800,2026-09-30T01:30:00Z,ศรีประจันต์,41,0.0,0.0,0.0,,,True
1790731800,2026-09-30T01:30:00Z,โคกเจริญ,135,0.0,0.0,0.0,,,True
1790731800,2026-09-30T01:30:00Z,บ้านหมี่,136,0.0,0.0,0.0,,,True
1790731800,2026-09-30T01:30:00Z,ท่าหลวง,100,0.0,0.0,0.0,,,True
1790731800,2026-09-30T01:30:00Z,ชัยบาดาล,280,0.0,0.0,0.0,,,True
1790731800,2026-09-30T01:30:00Z,ท่าวุ้ง,64,0.0,0.0,0.0,,,True
1790731800,2026-09-30T01:30:00Z,พัฒนานิคม,217,0.0,0.0,0.0,,,True
1790731800,2026-09-30T01:30:00Z,โคกสำโรง,180,0.0,0.0,0.0,,,True
1790731800,2026-09-30T01:30:00Z,หนองหญ้าไซ,108,0.0,0.0,0.0,,,True
1790731800,2026-09-30T01:30:00Z,ท่าช้าง,11,0.0,0.0,0.0,,,True
1790731800,2026-09-30T01:30:00Z,อินทร์บุรี,66,0.0,0.0,0.0,,,True
1790731800,2026-09-30T01:30:00Z,ค่ายบางระจัน,26,0.0,0.0,0.0,,,True
1790731800,2026-09-30T01:30:00Z,พรหมบุรี,19,0.0,0.0,0.0,,,True
1790731800,2026-09-30T01:30:00Z,เนินสง่า,65,0.0,0.0,0.0,,,True
1790731800,2026-09-30T01:30:00Z,เมืองสิงห์บุรี,31,0.0,0.0,0.0,,,True
1790731800,2026-09-30T01:30:00Z,ซับใหญ่,72,0.0,0.0,0.0,,,True
1790731800,2026-09-30T01:30:00Z,บางระจัน,46,0.0,0.0,0.0,,,True
1790731800,2026-09-30T01:30:00Z,ภูกระดึง,190,0.0,0.0,0.0,,,True
1790731800,2026-09-30T01:30:00Z,ภูหลวง,145,0.0,0.0,0.0,,,True
1790731800,2026-09-30T01:30:00Z,หนองหิน,78,0.0,0.0,0.0,,,True
1790731800,2026-09-30T01:30:00Z,ผาขาว,100,0.0,0.0,0.0,,,True
1790731800,2026-09-30T01:30:00Z,เอราวัณ,87,0.0,0.0,0.0,,,True
1790731800,2026-09-30T01:30:00Z,วังสะพุง,281,0.0,0.0,0.0,,,True
1790731800,2026-09-30T01:30:00Z,วังม่วง,70,0.0,0.0,0.0,,,True
1790731800,2026-09-30T01:30:00Z,เฉลิมพระเกียรติ,35,0.0,0.0,0.0,,,True
1790731800,2026-09-30T01:30:00Z,มวกเหล็ก,175,0.0,0.0,0.0,,,True
1790731800,2026-09-30T01:30:00Z,บ้านเขว้า,124,0.0,0.0,0.0,,,True
1790731800,2026-09-30T01:30:00Z,คอนสวรรค์,113,0.0,0.0,0.0,,,True
1790731800,2026-09-30T01:30:00Z,เมืองชัยภูมิ,358,0.0,0.0,0.0,,,True
1790731800,2026-09-30T01:30:00Z,วังทอง,425,0.0,0.0,0.0,,,True
1790731800,2026-09-30T01:30:00Z,เนินมะปราง,276,0.0,0.0,0.0,,,True
1790731800,2026-09-30T01:30:00Z,สวรรคโลก,156,0.0,0.0,0.0,,,True
1790731800,2026-09-30T01:30:00Z,ศรีนคร,46,0.0,0.0,0.0,,,True
1790731800,2026-09-30T01:30:00Z,หันคา,139,0.0,0.0,0.0,,,True
1790731800,2026-09-30T01:30:00Z,ศรีสัชนาลัย,534,0.0,0.0,0.0,,,True
1790731800,2026-09-30T01:30:00Z,หนองมะโมง,76,0.0,0.0,0.0,,,True
1790731800,2026-09-30T01:30:00Z,ศรีสำโรง,142,0.0,0.0,0.0,,,True
1790731800,2026-09-30T01:30:00Z,สรรพยา,55,0.0,0.0,0.0,,,True
1790731800,2026-09-30T01:30:00Z,คีรีมาศ,171,0.0,0.0,0.0,,,True
1790731800,2026-09-30T01:30:00Z,สรรคบุรี,89,0.0,0.0,0.0,,,True
1790731800,2026-09-30T01:30:00Z,กงไกรลาศ,108,0.0,0.0,0.0,,,True
1790731800,2026-09-30T01:30:00Z,มโนรมย์,66,0.0,0.0,0.0,,,True
1790731800,2026-09-30T01:30:00Z,เมืองสุโขทัย,136,0.0,0.0,0.0,,,True
1790731800,2026-09-30T01:30:00Z,วัดสิงห์,67,0.0,0.0,0.0,,,True
1790731800,2026-09-30T01:30:00Z,บ้านด่านลานหอย,231,0.0,0.0,0.0,,,True
1790731800,2026-09-30T01:30:00Z,เมืองชัยนาท,70,0.0,0.0,0.0,,,True
1790731800,2026-09-30T01:30:00Z,เนินขาม,65,0.0,0.0,0.0,,,True
1790731800,2026-09-30T01:30:00Z,คอนสาร,334,0.0,0.0,0.0,,,True
1790731800,2026-09-30T01:30:00Z,ภักดีชุมพล,154,0.0,0.0,0.0,,,True
1790731800,2026-09-30T01:30:00Z,บ้านแท่น,76,0.0,0.0,0.0,,,True
1790731800,2026-09-30T01:30:00Z,แก้งคร้อ,168,0.0,0.0,0.0,,,True
1790731800,2026-09-30T01:30:00Z,ภูเขียว,201,0.0,0.0,0.0,,,True
1790731800,2026-09-30T01:30:00Z,หนองบัวระเหว,179,0.0,0.0,0.0,,,True
1790731800,2026-09-30T01:30:00Z,เทพสถิต,239,0.0,0.0,0.0,,,True
1790731800,2026-09-30T01:30:00Z,จัตุรัส,172,0.0,0.0,0.0,,,True
1790731800,2026-09-30T01:30:00Z,บำเหน็จณรงค์,120,0.0,0.0,0.0,,,True
1790731800,2026-09-30T01:30:00Z,เกษตรสมบูรณ์,268,0.0,0.0,0.0,,,True
1790731800,2026-09-30T01:30:00Z,หนองบัวแดง,537,0.0,0.0,0.0,,,True
1790731800,2026-09-30T01:30:00Z,ภูเรือ,168,0.0,0.0,0.0,,,True
1790731800,2026-09-30T01:30:00Z,ท่าลี่,171,0.0,0.0,0.0,,,True
1790731800,2026-09-30T01:30:00Z,วชิรบารมี,68,0.0,0.0,0.0,,,True
1790731800,2026-09-30T01:30:00Z,ด่านซ้าย,341,0.0,0.0,0.0,,,True
1790731800,2026-09-30T01:30:00Z,นาแห้ว,153,0.0,0.0,0.0,,,True
1790731800,2026-09-30T01:30:00Z,บึงนาราง,74,0.0,0.0,0.0,,,True
1790731800,2026-09-30T01:30:00Z,เชียงคาน,213,0.0,0.0,0.0,,,True
1790731800,2026-09-30T01:30:00Z,ดงเจริญ,56,0.0,0.0,0.0,,,True
1790731800,2026-09-30T01:30:00Z,ปากชม,240,0.0,0.0,0.0,,,True
1790731800,2026-09-30T01:30:00Z,เมืองเลย,314,0.0,0.0,0.0,,,True
1790731800,2026-09-30T01:30:00Z,นาด้วง,143,0.0,0.0,0.0,,,True
1790731800,2026-09-30T01:30:00Z,สากเหล็ก,45,0.0,0.0,0.0,,,True
1790731800,2026-09-30T01:30:00Z,สามง่าม,89,0.0,0.0,0.0,,,True
1790731800,2026-09-30T01:30:00Z,ทับคล้อ,104,0.0,0.0,0.0,,,True
1790731800,2026-09-30T01:30:00Z,พรหมพิราม,206,0.0,0.0,0.0,,,True
1790731800,2026-09-30T01:30:00Z,ด่านขุนทด,344,0.0,0.0,0.0,,,True
1790731800,2026-09-30T01:30:00Z,วัดโบสถ์,226,0.0,0.0,0.0,,,True
1790731800,2026-09-30T01:30:00Z,บางระกำ,246,0.0,0.0,0.0,,,True
1790731800,2026-09-30T01:30:00Z,บางกระทุ่ม,91,0.0,0.0,0.0,,,True
1790731800,2026-09-30T01:30:00Z,นครไทย,597,0.0,0.0,0.0,,,True
1790731800,2026-09-30T01:30:00Z,ชาติตระการ,415,0.0,0.0,0.0,,,True
1790731800,2026-09-30T01:30:00Z,บ้านเหลื่อม,55,0.0,0.0,0.0,,,True
1790731800,2026-09-30T01:30:00Z,เมืองพิษณุโลก,178,0.0,0.0,0.0,,,True
1790731800,2026-09-30T01:30:00Z,ชุมแสง,145,0.0,0.0,0.0,,,True
1790731800,2026-09-30T01:30:00Z,หนองบัว,208,0.0,0.0,0.0,,,True
1790731800,2026-09-30T01:30:00Z,เมืองนครสวรรค์,183,0.0,0.0,0.0,,,True
1790731800,2026-09-30T01:30:00Z,โกรกพระ,71,0.0,0.0,0.0,,,True
1790731800,2026-09-30T01:30:00Z,ไพศาลี,244,0.0,0.0,0.0,,,True
1790731800,2026-09-30T01:30:00Z,ตาคลี,206,0.0,0.0,0.0,,,True
1790731800,2026-09-30T01:30:00Z,ท่าตะโก,211,0.0,0.0,0.0,,,True
1790731800,2026-09-30T01:30:00Z,เขาค้อ,207,0.0,0.0,0.0,,,True
1790731800,2026-09-30T01:30:00Z,บรรพตพิสัย,181,0.0,0.0,0.0,,,True
1790731800,2026-09-30T01:30:00Z,เก้าเลี้ยว,57,0.0,0.0,0.0,,,True
1790731800,2026-09-30T01:30:00Z,วังโป่ง,123,0.0,0.0,0.0,,,True
1790731800,2026-09-30T01:30:00Z,บึงสามพัน,194,0.0,0.0,0.0,,,True
1790731800,2026-09-30T01:30:00Z,น้ำหนาว,231,0.0,0.0,0.0,,,True
1790731800,2026-09-30T01:30:00Z,ศรีเทพ,204,0.0,0.0,0.0,,,True
1790731800,2026-09-30T01:30:00Z,หนองไผ่,315,0.0,0.0,0.0,,,True
1790731800,2026-09-30T01:30:00Z,มหาราช,4,0.0,0.0,0.0,,,False
1790731800,2026-09-30T01:30:00Z,บ้านแพรก,10,0.0,0.0,0.0,,,True
1790731800,2026-09-30T01:30:00Z,บางมูลนาก,99,0.0,0.0,0.0,,,True
1790731800,2026-09-30T01:30:00Z,โพทะเล,131,0.0,0.0,0.0,,,True
1790731800,2026-09-30T01:30:00Z,โพธิ์ประทับช้าง,102,0.0,0.0,0.0,,,True
1790731800,2026-09-30T01:30:00Z,ตะพานหิน,109,0.0,0.0,0.0,,,True
1790731800,2026-09-30T01:30:00Z,เมืองพิจิตร,138,0.0,0.0,0.0,,,True
1790731800,2026-09-30T01:30:00Z,วังทรายพูน,66,0.0,0.0,0.0,,,True
1790732700,2026-09-30T01:45:00Z,พิชัย,176,0.0,0.0,0.0,,,True
1790732700,2026-09-30T01:45:00Z,ลับแล,116,0.0,0.0,0.0,,,True
1790732700,2026-09-30T01:45:00Z,ฟากท่า,163,0.0,0.0,0.0,,,True
1790732700,2026-09-30T01:45:00Z,บ้านโคก,247,0.0,0.0,0.0,,,True
1790732700,2026-09-30T01:45:00Z,ท่าปลา,442,0.0,0.0,0.0,,,True
1790732700,2026-09-30T01:45:00Z,น้ำปาด,363,0.0,0.0,0.0,,,True
1790732700,2026-09-30T01:45:00Z,เมืองอุตรดิตถ์,202,0.0,0.0,0.0,,,True
1790732700,2026-09-30T01:45:00Z,ตรอน,80,0.0,0.0,0.0,,,True
1790732700,2026-09-30T01:45:00Z,หล่มเก่า,246,0.0,0.0,0.0,,,True
1790732700,2026-09-30T01:45:00Z,วิเชียรบุรี,377,0.0,0.0,0.0,,,True
1790732700,2026-09-30T01:45:00Z,ชนแดน,279,0.0,0.0,0.0,,,True
1790732700,2026-09-30T01:45:00Z,หล่มสัก,350,0.0,0.0,0.0,,,True
1790732700,2026-09-30T01:45:00Z,เมืองเพชรบูรณ์,571,0.0,0.0,0.0,,,True
1790732700,2026-09-30T01:45:00Z,ทองแสนขัน,185,0.0,0.0,0.0,,,True
1790732700,2026-09-30T01:45:00Z,บึงสามัคคี,71,0.0,0.0,0.0,,,True
1790732700,2026-09-30T01:45:00Z,โกสัมพีนคร,137,0.0,0.0,0.0,,,True
1790732700,2026-09-30T01:45:00Z,สอง,380,0.0,0.0,0.0,,,True
1790732700,2026-09-30T01:45:00Z,วังชิ้น,255,0.0,0.0,0.0,,,True
1790732700,2026-09-30T01:45:00Z,สูงเม่น,88,0.0,0.0,0.0,,,True
1790732700,2026-09-30T01:45:00Z,เด่นชัย,135,0.0,0.0,0.0,,,True
1790732700,2026-09-30T01:45:00Z,ร้องกวาง,221,0.0,0.0,0.0,,,True
1790732700,2026-09-30T01:45:00Z,ลอง,317,0.0,0.0,0.0,,,True
1790732700,2026-09-30T01:45:00Z,เมืองแพร่,205,0.0,0.0,0.0,,,True
1790732700,2026-09-30T01:45:00Z,ทัพทัน,94,0.0,0.0,0.0,,,True
1790732700,2026-09-30T01:45:00Z,สว่างอารมณ์,110,0.0,0.0,0.0,,,True
1790732700,2026-09-30T01:45:00Z,เมืองอุทัยธานี,59,0.0,0.0,0.0,,,True
1790732700,2026-09-30T01:45:00Z,ห้วยคต,94,0.0,0.0,0.0,,,True
1790732700,2026-09-30T01:45:00Z,ศรีสวัสดิ์,440,0.0,0.0,0.0,,,True
1790732700,2026-09-30T01:45:00Z,บ้านไร่,821,0.0,0.0,0.0,,,True
1790732700,2026-09-30T01:45:00Z,ลานสัก,360,0.0,0.0,0.0,,,True
1790732700,2026-09-30T01:45:00Z,หนองฉาง,89,0.0,0.0,0.0,,,True
1790732700,2026-09-30T01:45:00Z,หนองขาหย่าง,43,0.0,0.0,0.0,,,True
1790732700,2026-09-30T01:45:00Z,เชียงม่วน,82,0.0,0.0,0.0,,,True
1790732700,2026-09-30T01:45:00Z,ดอกคำใต้,37,0.0,0.0,0.0,,,True
1790732700,2026-09-30T01:45:00Z,เมืองพะเยา,6,0.0,0.0,0.0,,,True
1790732700,2026-09-30T01:45:00Z,ทองผาภูมิ,851,0.0,0.0,0.0,,,True
1790732700,2026-09-30T01:45:00Z,สังขละบุรี,793,0.0,0.0,0.0,,,True
1790732700,2026-09-30T01:45:00Z,หนองม่วงไข่,35,0.0,0.0,0.0,,,True
1790732700,2026-09-30T01:45:00Z,ภูเวียง,81,0.0,0.0,0.0,,,True
1790732700,2026-09-30T01:45:00Z,มัญจาคีรี,50,0.0,0.0,0.0,,,True
1790732700,2026-09-30T01:45:00Z,หนองปรือ,104,0.0,0.0,0.0,,,True
1790732700,2026-09-30T01:45:00Z,เลาขวัญ,123,0.0,0.0,0.0,,,True
1790732700,2026-09-30T01:45:00Z,หนองนาคำ,43,0.0,0.0,0.0,,,True
1790732700,2026-09-30T01:45:00Z,โคกโพธิ์ไชย,65,0.0,0.0,0.0,,,True
1790732700,2026-09-30T01:45:00Z,บ้านหลวง,91,0.0,0.0,0.0,,,True
1790732700,2026-09-30T01:45:00Z,นาน้อย,266,0.0,0.0,0.0,,,True
1790732700,2026-09-30T01:45:00Z,ภูผาม่าน,74,0.0,0.0,0.0,,,True
1790732700,2026-09-30T01:45:00Z,เมืองน่าน,161,0.0,0.0,0.0,,,True
1790732700,2026-09-30T01:45:00Z,แม่จริม,262,0.0,0.0,0.0,,,True
1790732700,2026-09-30T01:45:00Z,เวียงเก่า,78,0.0,0.0,0.0,,,True
1790732700,2026-09-30T01:45:00Z,เมืองกำแพงเพชร,368,0.0,0.0,0.0,,,True
1790732700,2026-09-30T01:45:00Z,ไทรงาม,133,0.0,0.0,0.0,,,True
1790732700,2026-09-30T01:45:00Z,ปางศิลาทอง,186,0.0,0.0,0.0,,,True
1790732700,2026-09-30T01:45:00Z,ลานกระบือ,103,0.0,0.0,0.0,,,True
1790732700,2026-09-30T01:45:00Z,ทรายทองวัฒนา,53,0.0,0.0,0.0,,,True
1790732700,2026-09-30T01:45:00Z,คลองขลุง,179,0.0,0.0,0.0,,,True
1790732700,2026-09-30T01:45:00Z,พรานกระต่าย,252,0.0,0.0,0.0,,,True
1790732700,2026-09-30T01:45:00Z,คลองลาน,363,0.0,0.0,0.0,,,True
1790732700,2026-09-30T01:45:00Z,ขาณุวรลักษบุรี,296,0.0,0.0,0.0,,,True
1790732700,2026-09-30T01:45:00Z,ภูเพียง,113,0.0,0.0,0.0,,,True
1790732700,2026-09-30T01:45:00Z,นาหมื่น,245,0.0,0.0,0.0,,,True
1790732700,2026-09-30T01:45:00Z,เวียงสา,543,0.0,0.0,0.0,,,True
1790732700,2026-09-30T01:45:00Z,น้ำโสม,153,0.0,0.0,0.0,,,True
1790732700,2026-09-30T01:45:00Z,นายูง,126,0.0,0.0,0.0,,,True
1790732700,2026-09-30T01:45:00Z,ชุมแพ,173,0.0,0.0,0.0,,,True
1790732700,2026-09-30T01:45:00Z,สีชมพู,132,0.0,0.0,0.0,,,True
1790732700,2026-09-30T01:45:00Z,สุวรรณคูหา,140,0.0,0.0,0.0,,,True
1790732700,2026-09-30T01:45:00Z,นาวัง,65,0.0,0.0,0.0,,,True
1790732700,2026-09-30T01:45:00Z,หนองเรือ,80,0.0,0.0,0.0,,,True
1790732700,2026-09-30T01:45:00Z,โนนสัง,51,0.0,0.0,0.0,,,True
1790732700,2026-09-30T01:45:00Z,ศรีบุญเรือง,224,0.0,0.0,0.0,,,True
1790732700,2026-09-30T01:45:00Z,เมืองหนองบัวลำภู,217,0.0,0.0,0.0,,,True
1790732700,2026-09-30T01:45:00Z,นากลาง,173,0.0,0.0,0.0,,,True
1790732700,2026-09-30T01:45:00Z,ทุ่งเสลี่ยม,144,0.0,0.0,0.0,,,True
1790732700,2026-09-30T01:45:00Z,ดอยหล่อ,56,0.0,0.0,0.0,,,True
1790732700,2026-09-30T01:45:00Z,เมืองตาก,486,0.0,0.0,0.0,,,True
1790732700,2026-09-30T01:45:00Z,แม่ออน,116,0.0,0.0,0.0,,,True
1790732700,2026-09-30T01:45:00Z,อุ้มผาง,1209,0.0,0.0,0.0,,,True
1790732700,2026-09-30T01:45:00Z,วังเจ้า,183,0.0,0.0,0.0,,,True
1790732700,2026-09-30T01:45:00Z,แม่สอด,398,0.0,0.0,0.0,,,True
1790732700,2026-09-30T01:45:00Z,พบพระ,249,0.0,0.0,0.0,,,True
1790732700,2026-09-30T01:45:00Z,แม่ระมาด,380,0.0,0.0,0.0,,,True
1790732700,2026-09-30T01:45:00Z,ท่าสองยาง,401,0.0,0.0,0.0,,,True
1790732700,2026-09-30T01:45:00Z,บ้านตาก,255,0.0,0.0,0.0,,,True
1790732700,2026-09-30T01:45:00Z,สามเงา,698,0.0,0.0,0.0,,,True
1790732700,2026-09-30T01:45:00Z,จอมทอง,280,0.0,0.0,0.0,,,True
1790732700,2026-09-30T01:45:00Z,แก้งสนามนาง,79,0.0,0.0,0.0,,,True
1790732700,2026-09-30T01:45:00Z,สีคิ้ว,292,0.0,0.0,0.0,,,True
1790732700,2026-09-30T01:45:00Z,พระทองคำ,90,0.0,0.0,0.0,,,True
1790732700,2026-09-30T01:45:00Z,เทพารักษ์,92,0.0,0.0,0.0,,,True
1790732700,2026-09-30T01:45:00Z,สันกำแพง,65,0.0,0.0,0.0,,,True
1790732700,2026-09-30T01:45:00Z,สันป่าตอง,44,0.0,0.0,0.0,,,True
1790732700,2026-09-30T01:45:00Z,ดอยเต่า,213,0.0,0.0,0.0,,,True
1790732700,2026-09-30T01:45:00Z,อมก๋อย,704,0.0,0.0,0.0,,,True
1790732700,2026-09-30T01:45:00Z,ฮอด,378,0.0,0.0,0.0,,,True
1790732700,2026-09-30T01:45:00Z,เมืองลำพูน,117,0.0,0.0,0.0,,,True
1790732700,2026-09-30T01:45:00Z,แม่ทา,192,0.0,0.0,0.0,,,True
1790732700,2026-09-30T01:45:00Z,บ้านธิ,34,0.0,0.0,0.0,,,True
1790732700,2026-09-30T01:45:00Z,บ้านหมอ,24,0.0,0.0,0.0,,,True
1790732700,2026-09-30T01:45:00Z,เวียงหนองล่อง,14,0.0,0.0,0.0,,,True
1790732700,2026-09-30T01:45:00Z,ทุ่งหัวช้าง,113,0.0,0.0,0.0,,,True
1790732700,2026-09-30T01:45:00Z,ป่าซาง,74,0.0,0.0,0.0,,,True
1790732700,2026-09-30T01:45:00Z,บ้านโฮ่ง,124,0.0,0.0,0.0,,,True
1790732700,2026-09-30T01:45:00Z,แก่งคอย,73,0.0,0.0,0.0,,,True
1790732700,2026-09-30T01:45:00Z,ลี้,454,0.0,0.0,0.0,,,True
1790732700,2026-09-30T01:45:00Z,พระพุทธบาท,55,0.0,0.0,0.0,,,True
1790732700,2026-09-30T01:45:00Z,ดอนพุด,7,0.0,0.0,0.0,,,True
1790732700,2026-09-30T01:45:00Z,หนองโดน,31,0.0,0.0,0.0,,,True
1790732700,2026-09-30T01:45:00Z,เมืองลำปาง,300,0.0,0.0,0.0,,,True
1790732700,2026-09-30T01:45:00Z,เถิน,443,0.0,0.0,0.0,,,True
1790732700,2026-09-30T01:45:00Z,แม่พริก,167,0.0,0.0,0.0,,,True
1790732700,2026-09-30T01:45:00Z,แจ้ห่ม,274,0.0,0.0,0.0,,,True
1790732700,2026-09-30T01:45:00Z,แม่เปิน,85,0.0,0.0,0.0,,,True
1790732700,2026-09-30T01:45:00Z,เสริมงาม,185,0.0,0.0,0.0,,,True
1790732700,2026-09-30T01:45:00Z,ชุมตาบง,61,0.0,0.0,0.0,,,True
1790732700,2026-09-30T01:45:00Z,งาว,344,0.0,0.0,0.0,,,True
1790732700,2026-09-30T01:45:00Z,ตากฟ้า,125,0.0,0.0,0.0,,,True
1790732700,2026-09-30T01:45:00Z,แม่เมาะ,283,0.0,0.0,0.0,,,True
1790732700,2026-09-30T01:45:00Z,แม่วงก์,257,0.0,0.0,0.0,,,True
1790732700,2026-09-30T01:45:00Z,เกาะคา,128,0.0,0.0,0.0,,,True
1790732700,2026-09-30T01:45:00Z,พยุหะคีรี,169,0.0,0.0,0.0,,,True
1790732700,2026-09-30T01:45:00Z,ลาดยาว,187,0.0,0.0,0.0,,,True
1790732700,2026-09-30T01:45:00Z,สบปราบ,125,0.0,0.0,0.0,,,True
1790732700,2026-09-30T01:45:00Z,ห้างฉัตร,154,0.0,0.0,0.0,,,True
1790732700,2026-09-30T01:45:00Z,แม่ทะ,203,0.0,0.0,0.0,,,True
1790732700,2026-09-30T01:45:00Z,เมืองปาน,202,0.0,0.0,0.0,,,True
1790732700,2026-09-30T01:45:00Z,เมืองอ่างทอง,6,0.0,0.0,0.0,,,True
1790732700,2026-09-30T01:45:00Z,ไชโย,20,0.0,0.0,0.0,,,True
1790732700,2026-09-30T01:45:00Z,สามโก้,10,0.0,0.0,0.0,,,True
1790732700,2026-09-30T01:45:00Z,แสวงหา,43,0.0,0.0,0.0,,,True
1790732700,2026-09-30T01:45:00Z,วิเศษชัยชาญ,7,0.0,0.0,0.0,,,True
1790732700,2026-09-30T01:45:00Z,โพธิ์ทอง,48,0.0,0.0,0.0,,,True
1790732700,2026-09-30T01:45:00Z,เมืองลพบุรี,190,0.0,0.0,0.0,,,True
1790732700,2026-09-30T01:45:00Z,เดิมบางนางบวช,130,0.0,0.0,0.0,,,True
1790732700,2026-09-30T01:45:00Z,ด่านช้าง,309,0.0,0.0,0.0,,,True
1790732700,2026-09-30T01:45:00Z,หนองม่วง,111,0.0,0.0,0.0,,,True
1790732700,2026-09-30T01:45:00Z,ลำสนธิ,136,0.0,0.0,0.0,,,True
1790732700,2026-09-30T01:45:00Z,สามชุก,77,0.0,0.0,0.0,,,True
1790732700,2026-09-30T01:45:00Z,ดอนเจดีย์,72,0.0,0.0,0.0,,,True
1790732700,2026-09-30T01:45:00Z,สระโบสถ์,83,0.0,0.0,0.0,,,True
1790732700,2026-09-30T01:45:00Z,ศรีประจันต์,41,0.0,0.0,0.0,,,True
1790732700,2026-09-30T01:45:00Z,โคกเจริญ,135,0.0,0.0,0.0,,,True
1790732700,2026-09-30T01:45:00Z,บ้านหมี่,136,0.0,0.0,0.0,,,True
1790732700,2026-09-30T01:45:00Z,ท่าหลวง,100,0.0,0.0,0.0,,,True
1790732700,2026-09-30T01:45:00Z,ชัยบาดาล,280,0.0,0.0,0.0,,,True
1790732700,2026-09-30T01:45:00Z,ท่าวุ้ง,64,0.0,0.0,0.0,,,True
1790732700,2026-09-30T01:45:00Z,พัฒนานิคม,217,0.0,0.0,0.0,,,True
1790732700,2026-09-30T01:45:00Z,โคกสำโรง,180,0.0,0.0,0.0,,,True
1790732700,2026-09-30T01:45:00Z,หนองหญ้าไซ,108,0.0,0.0,0.0,,,True
1790732700,2026-09-30T01:45:00Z,ท่าช้าง,11,0.0,0.0,0.0,,,True
1790732700,2026-09-30T01:45:00Z,อินทร์บุรี,66,0.0,0.0,0.0,,,True
1790732700,2026-09-30T01:45:00Z,ค่ายบางระจัน,26,0.0,0.0,0.0,,,True
1790732700,2026-09-30T01:45:00Z,พรหมบุรี,19,0.0,0.0,0.0,,,True
1790732700,2026-09-30T01:45:00Z,เนินสง่า,65,0.0,0.0,0.0,,,True
1790732700,2026-09-30T01:45:00Z,เมืองสิงห์บุรี,31,0.0,0.0,0.0,,,True
1790732700,2026-09-30T01:45:00Z,ซับใหญ่,72,0.0,0.0,0.0,,,True
1790732700,2026-09-30T01:45:00Z,บางระจัน,46,0.0,0.0,0.0,,,True
1790732700,2026-09-30T01:45:00Z,ภูกระดึง,190,0.0,0.0,0.0,,,True
1790732700,2026-09-30T01:45:00Z,ภูหลวง,145,0.0,0.0,0.0,,,True
1790732700,2026-09-30T01:45:00Z,หนองหิน,78,0.0,0.0,0.0,,,True
1790732700,2026-09-30T01:45:00Z,ผาขาว,100,0.0,0.0,0.0,,,True
1790732700,2026-09-30T01:45:00Z,เอราวัณ,87,0.0,0.0,0.0,,,True
1790732700,2026-09-30T01:45:00Z,วังสะพุง,281,0.0,0.0,0.0,,,True
1790732700,2026-09-30T01:45:00Z,วังม่วง,70,0.0,0.0,0.0,,,True
1790732700,2026-09-30T01:45:00Z,เฉลิมพระเกียรติ,35,0.0,0.0,0.0,,,True
1790732700,2026-09-30T01:45:00Z,มวกเหล็ก,175,0.0,0.0,0.0,,,True
1790732700,2026-09-30T01:45:00Z,บ้านเขว้า,124,0.0,0.0,0.0,,,True
1790732700,2026-09-30T01:45:00Z,คอนสวรรค์,113,0.0,0.0,0.0,,,True
1790732700,2026-09-30T01:45:00Z,เมืองชัยภูมิ,358,0.0,0.0,0.0,,,True
1790732700,2026-09-30T01:45:00Z,วังทอง,425,0.0,0.0,0.0,,,True
1790732700,2026-09-30T01:45:00Z,เนินมะปราง,276,0.0,0.0,0.0,,,True
1790732700,2026-09-30T01:45:00Z,สวรรคโลก,156,0.0,0.0,0.0,,,True
1790732700,2026-09-30T01:45:00Z,ศรีนคร,46,0.0,0.0,0.0,,,True
1790732700,2026-09-30T01:45:00Z,หันคา,139,0.0,0.0,0.0,,,True
1790732700,2026-09-30T01:45:00Z,ศรีสัชนาลัย,534,0.0,0.0,0.0,,,True
1790732700,2026-09-30T01:45:00Z,หนองมะโมง,76,0.0,0.0,0.0,,,True
1790732700,2026-09-30T01:45:00Z,ศรีสำโรง,142,0.0,0.0,0.0,,,True
1790732700,2026-09-30T01:45:00Z,สรรพยา,55,0.0,0.0,0.0,,,True
1790732700,2026-09-30T01:45:00Z,คีรีมาศ,171,0.0,0.0,0.0,,,True
1790732700,2026-09-30T01:45:00Z,สรรคบุรี,89,0.0,0.0,0.0,,,True
1790732700,2026-09-30T01:45:00Z,กงไกรลาศ,108,0.0,0.0,0.0,,,True
1790732700,2026-09-30T01:45:00Z,มโนรมย์,66,0.0,0.0,0.0,,,True
1790732700,2026-09-30T01:45:00Z,เมืองสุโขทัย,136,0.0,0.0,0.0,,,True
1790732700,2026-09-30T01:45:00Z,วัดสิงห์,67,0.0,0.0,0.0,,,True
1790732700,2026-09-30T01:45:00Z,บ้านด่านลานหอย,231,0.0,0.0,0.0,,,True
1790732700,2026-09-30T01:45:00Z,เมืองชัยนาท,70,0.0,0.0,0.0,,,True
1790732700,2026-09-30T01:45:00Z,เนินขาม,65,0.0,0.0,0.0,,,True
1790732700,2026-09-30T01:45:00Z,คอนสาร,334,0.0,0.0,0.0,,,True
1790732700,2026-09-30T01:45:00Z,ภักดีชุมพล,154,0.0,0.0,0.0,,,True
1790732700,2026-09-30T01:45:00Z,บ้านแท่น,76,0.0,0.0,0.0,,,True
1790732700,2026-09-30T01:45:00Z,แก้งคร้อ,168,0.0,0.0,0.0,,,True
1790732700,2026-09-30T01:45:00Z,ภูเขียว,201,0.0,0.0,0.0,,,True
1790732700,2026-09-30T01:45:00Z,หนองบัวระเหว,179,0.0,0.0,0.0,,,True
1790732700,2026-09-30T01:45:00Z,เทพสถิต,239,0.0,0.0,0.0,,,True
1790732700,2026-09-30T01:45:00Z,จัตุรัส,172,0.0,0.0,0.0,,,True
1790732700,2026-09-30T01:45:00Z,บำเหน็จณรงค์,120,0.0,0.0,0.0,,,True
1790732700,2026-09-30T01:45:00Z,เกษตรสมบูรณ์,268,0.0,0.0,0.0,,,True
1790732700,2026-09-30T01:45:00Z,หนองบัวแดง,537,0.0,0.0,0.0,,,True
1790732700,2026-09-30T01:45:00Z,ภูเรือ,168,0.0,0.0,0.0,,,True
1790732700,2026-09-30T01:45:00Z,ท่าลี่,171,0.0,0.0,0.0,,,True
1790732700,2026-09-30T01:45:00Z,วชิรบารมี,68,0.0,0.0,0.0,,,True
1790732700,2026-09-30T01:45:00Z,ด่านซ้าย,341,0.0,0.0,0.0,,,True
1790732700,2026-09-30T01:45:00Z,นาแห้ว,153,0.0,0.0,0.0,,,True
1790732700,2026-09-30T01:45:00Z,บึงนาราง,74,0.0,0.0,0.0,,,True
1790732700,2026-09-30T01:45:00Z,เชียงคาน,213,0.0,0.0,0.0,,,True
1790732700,2026-09-30T01:45:00Z,ดงเจริญ,56,0.0,0.0,0.0,,,True
1790732700,2026-09-30T01:45:00Z,ปากชม,240,0.0,0.0,0.0,,,True
1790732700,2026-09-30T01:45:00Z,เมืองเลย,314,0.0,0.0,0.0,,,True
1790732700,2026-09-30T01:45:00Z,นาด้วง,143,0.0,0.0,0.0,,,True
1790732700,2026-09-30T01:45:00Z,สากเหล็ก,45,0.0,0.0,0.0,,,True
1790732700,2026-09-30T01:45:00Z,สามง่าม,89,0.0,0.0,0.0,,,True
1790732700,2026-09-30T01:45:00Z,ทับคล้อ,104,0.0,0.0,0.0,,,True
1790732700,2026-09-30T01:45:00Z,พรหมพิราม,206,0.0,0.0,0.0,,,True
1790732700,2026-09-30T01:45:00Z,ด่านขุนทด,344,0.0,0.0,0.0,,,True
1790732700,2026-09-30T01:45:00Z,วัดโบสถ์,226,0.0,0.0,0.0,,,True
1790732700,2026-09-30T01:45:00Z,บางระกำ,246,0.0,0.0,0.0,,,True
1790732700,2026-09-30T01:45:00Z,บางกระทุ่ม,91,0.0,0.0,0.0,,,True
1790732700,2026-09-30T01:45:00Z,นครไทย,597,0.0,0.0,0.0,,,True
1790732700,2026-09-30T01:45:00Z,ชาติตระการ,415,0.0,0.0,0.0,,,True
1790732700,2026-09-30T01:45:00Z,บ้านเหลื่อม,55,0.0,0.0,0.0,,,True
1790732700,2026-09-30T01:45:00Z,เมืองพิษณุโลก,178,0.0,0.0,0.0,,,True
1790732700,2026-09-30T01:45:00Z,ชุมแสง,145,0.0,0.0,0.0,,,True
1790732700,2026-09-30T01:45:00Z,หนองบัว,208,0.0,0.0,0.0,,,True
1790732700,2026-09-30T01:45:00Z,เมืองนครสวรรค์,183,0.0,0.0,0.0,,,True
1790732700,2026-09-30T01:45:00Z,โกรกพระ,71,0.0,0.0,0.0,,,True
1790732700,2026-09-30T01:45:00Z,ไพศาลี,244,0.0,0.0,0.0,,,True
1790732700,2026-09-30T01:45:00Z,ตาคลี,206,0.0,0.0,0.0,,,True
1790732700,2026-09-30T01:45:00Z,ท่าตะโก,211,0.0,0.0,0.0,,,True
1790732700,2026-09-30T01:45:00Z,เขาค้อ,207,0.0,0.0,0.0,,,True
1790732700,2026-09-30T01:45:00Z,บรรพตพิสัย,181,0.0,0.0,0.0,,,True
1790732700,2026-09-30T01:45:00Z,เก้าเลี้ยว,57,0.0,0.0,0.0,,,True
1790732700,2026-09-30T01:45:00Z,วังโป่ง,123,0.0,0.0,0.0,,,True
1790732700,2026-09-30T01:45:00Z,บึงสามพัน,194,0.0,0.0,0.0,,,True
1790732700,2026-09-30T01:45:00Z,น้ำหนาว,231,0.0,0.0,0.0,,,True
1790732700,2026-09-30T01:45:00Z,ศรีเทพ,204,0.0,0.0,0.0,,,True
1790732700,2026-09-30T01:45:00Z,หนองไผ่,315,0.0,0.0,0.0,,,True
1790732700,2026-09-30T01:45:00Z,มหาราช,4,0.0,0.0,0.0,,,False
1790732700,2026-09-30T01:45:00Z,บ้านแพรก,10,0.0,0.0,0.0,,,True
1790732700,2026-09-30T01:45:00Z,บางมูลนาก,99,0.0,0.0,0.0,,,True
1790732700,2026-09-30T01:45:00Z,โพทะเล,131,0.0,0.0,0.0,,,True
1790732700,2026-09-30T01:45:00Z,โพธิ์ประทับช้าง,102,0.0,0.0,0.0,,,True
1790732700,2026-09-30T01:45:00Z,ตะพานหิน,109,0.0,0.0,0.0,,,True
1790732700,2026-09-30T01:45:00Z,เมืองพิจิตร,138,0.0,0.0,0.0,,,True
1790732700,2026-09-30T01:45:00Z,วังทรายพูน,66,0.0,0.0,0.0,,,True
1790733600,2026-09-30T02:00:00Z,พิชัย,176,0.0,0.0,0.0,,,True
1790733600,2026-09-30T02:00:00Z,ลับแล,116,0.0,0.0,0.0,,,True
1790733600,2026-09-30T02:00:00Z,ฟากท่า,163,0.0,0.0,0.0,,,True
1790733600,2026-09-30T02:00:00Z,บ้านโคก,247,0.0,0.0,0.0,,,True
1790733600,2026-09-30T02:00:00Z,ท่าปลา,442,0.0,0.0,0.0,,,True
1790733600,2026-09-30T02:00:00Z,น้ำปาด,363,0.0,0.0,0.0,,,True
1790733600,2026-09-30T02:00:00Z,เมืองอุตรดิตถ์,202,0.0,0.0,0.0,,,True
1790733600,2026-09-30T02:00:00Z,ตรอน,80,0.0,0.0,0.0,,,True
1790733600,2026-09-30T02:00:00Z,หล่มเก่า,246,0.0,0.0,0.0,,,True
1790733600,2026-09-30T02:00:00Z,วิเชียรบุรี,377,0.0,0.0,0.0,,,True
1790733600,2026-09-30T02:00:00Z,ชนแดน,279,0.0,0.0,0.0,,,True
1790733600,2026-09-30T02:00:00Z,หล่มสัก,350,0.0,0.0,0.0,,,True
1790733600,2026-09-30T02:00:00Z,เมืองเพชรบูรณ์,571,0.0,0.0,0.0,,,True
1790733600,2026-09-30T02:00:00Z,ทองแสนขัน,185,0.0,0.0,0.0,,,True
1790733600,2026-09-30T02:00:00Z,บึงสามัคคี,71,0.0,0.0,0.0,,,True
1790733600,2026-09-30T02:00:00Z,โกสัมพีนคร,137,0.0,0.0,0.0,,,True
1790733600,2026-09-30T02:00:00Z,สอง,380,0.0,0.0,0.0,,,True
1790733600,2026-09-30T02:00:00Z,วังชิ้น,255,0.0,0.0,0.0,,,True
1790733600,2026-09-30T02:00:00Z,สูงเม่น,88,0.0,0.0,0.0,,,True
1790733600,2026-09-30T02:00:00Z,เด่นชัย,135,0.0,0.0,0.0,,,True
1790733600,2026-09-30T02:00:00Z,ร้องกวาง,221,0.0,0.0,0.0,,,True
1790733600,2026-09-30T02:00:00Z,ลอง,317,0.0,0.0,0.0,,,True
1790733600,2026-09-30T02:00:00Z,เมืองแพร่,205,0.0,0.0,0.0,,,True
1790733600,2026-09-30T02:00:00Z,ทัพทัน,94,0.0,0.0,0.0,,,True
1790733600,2026-09-30T02:00:00Z,สว่างอารมณ์,110,0.0,0.0,0.0,,,True
1790733600,2026-09-30T02:00:00Z,เมืองอุทัยธานี,59,0.0,0.0,0.0,,,True
1790733600,2026-09-30T02:00:00Z,ห้วยคต,94,0.0,0.0,0.0,,,True
1790733600,2026-09-30T02:00:00Z,ศรีสวัสดิ์,440,0.0,0.0,0.0,,,True
1790733600,2026-09-30T02:00:00Z,บ้านไร่,821,0.0,0.0,0.0,,,True
1790733600,2026-09-30T02:00:00Z,ลานสัก,360,0.0,0.0,0.0,,,True
1790733600,2026-09-30T02:00:00Z,หนองฉาง,89,0.0,0.0,0.0,,,True
1790733600,2026-09-30T02:00:00Z,หนองขาหย่าง,43,0.0,0.0,0.0,,,True
1790733600,2026-09-30T02:00:00Z,เชียงม่วน,82,0.0,0.0,0.0,,,True
1790733600,2026-09-30T02:00:00Z,ดอกคำใต้,37,0.0,0.0,0.0,,,True
1790733600,2026-09-30T02:00:00Z,เมืองพะเยา,6,0.0,0.0,0.0,,,True
1790733600,2026-09-30T02:00:00Z,ทองผาภูมิ,851,0.0,0.0,0.0,,,True
1790733600,2026-09-30T02:00:00Z,สังขละบุรี,793,0.0,0.0,0.0,,,True
1790733600,2026-09-30T02:00:00Z,หนองม่วงไข่,35,0.0,0.0,0.0,,,True
1790733600,2026-09-30T02:00:00Z,ภูเวียง,81,0.0,0.0,0.0,,,True
1790733600,2026-09-30T02:00:00Z,มัญจาคีรี,50,0.0,0.0,0.0,,,True
1790733600,2026-09-30T02:00:00Z,หนองปรือ,104,0.0,0.0,0.0,,,True
1790733600,2026-09-30T02:00:00Z,เลาขวัญ,123,0.0,0.0,0.0,,,True
1790733600,2026-09-30T02:00:00Z,หนองนาคำ,43,0.0,0.0,0.0,,,True
1790733600,2026-09-30T02:00:00Z,โคกโพธิ์ไชย,65,0.0,0.0,0.0,,,True
1790733600,2026-09-30T02:00:00Z,บ้านหลวง,91,0.0,0.0,0.0,,,True
1790733600,2026-09-30T02:00:00Z,นาน้อย,266,0.0,0.0,0.0,,,True
1790733600,2026-09-30T02:00:00Z,ภูผาม่าน,74,0.0,0.0,0.0,,,True
1790733600,2026-09-30T02:00:00Z,เมืองน่าน,161,0.0,0.0,0.0,,,True
1790733600,2026-09-30T02:00:00Z,แม่จริม,262,0.0,0.0,0.0,,,True
1790733600,2026-09-30T02:00:00Z,เวียงเก่า,78,0.0,0.0,0.0,,,True
1790733600,2026-09-30T02:00:00Z,เมืองกำแพงเพชร,368,0.0,0.0,0.0,,,True
1790733600,2026-09-30T02:00:00Z,ไทรงาม,133,0.0,0.0,0.0,,,True
1790733600,2026-09-30T02:00:00Z,ปางศิลาทอง,186,0.0,0.0,0.0,,,True
1790733600,2026-09-30T02:00:00Z,ลานกระบือ,103,0.0,0.0,0.0,,,True
1790733600,2026-09-30T02:00:00Z,ทรายทองวัฒนา,53,0.0,0.0,0.0,,,True
1790733600,2026-09-30T02:00:00Z,คลองขลุง,179,0.0,0.0,0.0,,,True
1790733600,2026-09-30T02:00:00Z,พรานกระต่าย,252,0.0,0.0,0.0,,,True
1790733600,2026-09-30T02:00:00Z,คลองลาน,363,0.0,0.0,0.0,,,True
1790733600,2026-09-30T02:00:00Z,ขาณุวรลักษบุรี,296,0.0,0.0,0.0,,,True
1790733600,2026-09-30T02:00:00Z,ภูเพียง,113,0.0,0.0,0.0,,,True
1790733600,2026-09-30T02:00:00Z,นาหมื่น,245,0.0,0.0,0.0,,,True
1790733600,2026-09-30T02:00:00Z,เวียงสา,543,0.0,0.0,0.0,,,True
1790733600,2026-09-30T02:00:00Z,น้ำโสม,153,0.0,0.0,0.0,,,True
1790733600,2026-09-30T02:00:00Z,นายูง,126,0.0,0.0,0.0,,,True
1790733600,2026-09-30T02:00:00Z,ชุมแพ,173,0.0,0.0,0.0,,,True
1790733600,2026-09-30T02:00:00Z,สีชมพู,132,0.0,0.0,0.0,,,True
1790733600,2026-09-30T02:00:00Z,สุวรรณคูหา,140,0.0,0.0,0.0,,,True
1790733600,2026-09-30T02:00:00Z,นาวัง,65,0.0,0.0,0.0,,,True
1790733600,2026-09-30T02:00:00Z,หนองเรือ,80,0.0,0.0,0.0,,,True
1790733600,2026-09-30T02:00:00Z,โนนสัง,51,0.0,0.0,0.0,,,True
1790733600,2026-09-30T02:00:00Z,ศรีบุญเรือง,224,0.0,0.0,0.0,,,True
1790733600,2026-09-30T02:00:00Z,เมืองหนองบัวลำภู,217,0.0,0.0,0.0,,,True
1790733600,2026-09-30T02:00:00Z,นากลาง,173,0.0,0.0,0.0,,,True
1790733600,2026-09-30T02:00:00Z,ทุ่งเสลี่ยม,144,0.0,0.0,0.0,,,True
1790733600,2026-09-30T02:00:00Z,ดอยหล่อ,56,0.0,0.0,0.0,,,True
1790733600,2026-09-30T02:00:00Z,เมืองตาก,486,0.0,0.0,0.0,,,True
1790733600,2026-09-30T02:00:00Z,แม่ออน,116,0.0,0.0,0.0,,,True
1790733600,2026-09-30T02:00:00Z,อุ้มผาง,1209,0.0,0.0,0.0,,,True
1790733600,2026-09-30T02:00:00Z,วังเจ้า,183,0.0,0.0,0.0,,,True
1790733600,2026-09-30T02:00:00Z,แม่สอด,398,0.0,0.0,0.0,,,True
1790733600,2026-09-30T02:00:00Z,พบพระ,249,0.0,0.0,0.0,,,True
1790733600,2026-09-30T02:00:00Z,แม่ระมาด,380,0.0,0.0,0.0,,,True
1790733600,2026-09-30T02:00:00Z,ท่าสองยาง,401,0.0,0.0,0.0,,,True
1790733600,2026-09-30T02:00:00Z,บ้านตาก,255,0.0,0.0,0.0,,,True
1790733600,2026-09-30T02:00:00Z,สามเงา,698,0.0,0.0,0.0,,,True
1790733600,2026-09-30T02:00:00Z,จอมทอง,280,0.0,0.0,0.0,,,True
1790733600,2026-09-30T02:00:00Z,แก้งสนามนาง,79,0.0,0.0,0.0,,,True
1790733600,2026-09-30T02:00:00Z,สีคิ้ว,292,0.0,0.0,0.0,,,True
1790733600,2026-09-30T02:00:00Z,พระทองคำ,90,0.0,0.0,0.0,,,True
1790733600,2026-09-30T02:00:00Z,เทพารักษ์,92,0.0,0.0,0.0,,,True
1790733600,2026-09-30T02:00:00Z,สันกำแพง,65,0.0,0.0,0.0,,,True
1790733600,2026-09-30T02:00:00Z,สันป่าตอง,44,0.0,0.0,0.0,,,True
1790733600,2026-09-30T02:00:00Z,ดอยเต่า,213,0.0,0.0,0.0,,,True
1790733600,2026-09-30T02:00:00Z,อมก๋อย,704,0.0,0.0,0.0,,,True
1790733600,2026-09-30T02:00:00Z,ฮอด,378,0.0,0.0,0.0,,,True
1790733600,2026-09-30T02:00:00Z,เมืองลำพูน,117,0.0,0.0,0.0,,,True
1790733600,2026-09-30T02:00:00Z,แม่ทา,192,0.0,0.0,0.0,,,True
1790733600,2026-09-30T02:00:00Z,บ้านธิ,34,0.0,0.0,0.0,,,True
1790733600,2026-09-30T02:00:00Z,บ้านหมอ,24,0.0,0.0,0.0,,,True
1790733600,2026-09-30T02:00:00Z,เวียงหนองล่อง,14,0.0,0.0,0.0,,,True
1790733600,2026-09-30T02:00:00Z,ทุ่งหัวช้าง,113,0.0,0.0,0.0,,,True
1790733600,2026-09-30T02:00:00Z,ป่าซาง,74,0.0,0.0,0.0,,,True
1790733600,2026-09-30T02:00:00Z,บ้านโฮ่ง,124,0.0,0.0,0.0,,,True
1790733600,2026-09-30T02:00:00Z,แก่งคอย,73,0.0,0.0,0.0,,,True
1790733600,2026-09-30T02:00:00Z,ลี้,454,0.0,0.0,0.0,,,True
1790733600,2026-09-30T02:00:00Z,พระพุทธบาท,55,0.0,0.0,0.0,,,True
1790733600,2026-09-30T02:00:00Z,ดอนพุด,7,0.0,0.0,0.0,,,True
1790733600,2026-09-30T02:00:00Z,หนองโดน,31,0.0,0.0,0.0,,,True
1790733600,2026-09-30T02:00:00Z,เมืองลำปาง,300,0.0,0.0,0.0,,,True
1790733600,2026-09-30T02:00:00Z,เถิน,443,0.0,0.0,0.0,,,True
1790733600,2026-09-30T02:00:00Z,แม่พริก,167,0.0,0.0,0.0,,,True
1790733600,2026-09-30T02:00:00Z,แจ้ห่ม,274,0.0,0.0,0.0,,,True
1790733600,2026-09-30T02:00:00Z,แม่เปิน,85,0.0,0.0,0.0,,,True
1790733600,2026-09-30T02:00:00Z,เสริมงาม,185,0.0,0.0,0.0,,,True
1790733600,2026-09-30T02:00:00Z,ชุมตาบง,61,0.0,0.0,0.0,,,True
1790733600,2026-09-30T02:00:00Z,งาว,344,0.0,0.0,0.0,,,True
1790733600,2026-09-30T02:00:00Z,ตากฟ้า,125,0.0,0.0,0.0,,,True
1790733600,2026-09-30T02:00:00Z,แม่เมาะ,283,0.0,0.0,0.0,,,True
1790733600,2026-09-30T02:00:00Z,แม่วงก์,257,0.0,0.0,0.0,,,True
1790733600,2026-09-30T02:00:00Z,เกาะคา,128,0.0,0.0,0.0,,,True
1790733600,2026-09-30T02:00:00Z,พยุหะคีรี,169,0.0,0.0,0.0,,,True
1790733600,2026-09-30T02:00:00Z,ลาดยาว,187,0.0,0.0,0.0,,,True
1790733600,2026-09-30T02:00:00Z,สบปราบ,125,0.0,0.0,0.0,,,True
1790733600,2026-09-30T02:00:00Z,ห้างฉัตร,154,0.0,0.0,0.0,,,True
1790733600,2026-09-30T02:00:00Z,แม่ทะ,203,0.0,0.0,0.0,,,True
1790733600,2026-09-30T02:00:00Z,เมืองปาน,202,0.0,0.0,0.0,,,True
1790733600,2026-09-30T02:00:00Z,เมืองอ่างทอง,6,0.0,0.0,0.0,,,True
1790733600,2026-09-30T02:00:00Z,ไชโย,20,0.0,0.0,0.0,,,True
1790733600,2026-09-30T02:00:00Z,สามโก้,10,0.0,0.0,0.0,,,True
1790733600,2026-09-30T02:00:00Z,แสวงหา,43,0.0,0.0,0.0,,,True
1790733600,2026-09-30T02:00:00Z,วิเศษชัยชาญ,7,0.0,0.0,0.0,,,True
1790733600,2026-09-30T02:00:00Z,โพธิ์ทอง,48,0.0,0.0,0.0,,,True
1790733600,2026-09-30T02:00:00Z,เมืองลพบุรี,190,0.0,0.0,0.0,,,True
1790733600,2026-09-30T02:00:00Z,เดิมบางนางบวช,130,0.0,0.0,0.0,,,True
1790733600,2026-09-30T02:00:00Z,ด่านช้าง,309,0.0,0.0,0.0,,,True
1790733600,2026-09-30T02:00:00Z,หนองม่วง,111,0.0,0.0,0.0,,,True
1790733600,2026-09-30T02:00:00Z,ลำสนธิ,136,0.0,0.0,0.0,,,True
1790733600,2026-09-30T02:00:00Z,สามชุก,77,0.0,0.0,0.0,,,True
1790733600,2026-09-30T02:00:00Z,ดอนเจดีย์,72,0.0,0.0,0.0,,,True
1790733600,2026-09-30T02:00:00Z,สระโบสถ์,83,0.0,0.0,0.0,,,True
1790733600,2026-09-30T02:00:00Z,ศรีประจันต์,41,0.0,0.0,0.0,,,True
1790733600,2026-09-30T02:00:00Z,โคกเจริญ,135,0.0,0.0,0.0,,,True
1790733600,2026-09-30T02:00:00Z,บ้านหมี่,136,0.0,0.0,0.0,,,True
1790733600,2026-09-30T02:00:00Z,ท่าหลวง,100,0.0,0.0,0.0,,,True
1790733600,2026-09-30T02:00:00Z,ชัยบาดาล,280,0.0,0.0,0.0,,,True
1790733600,2026-09-30T02:00:00Z,ท่าวุ้ง,64,0.0,0.0,0.0,,,True
1790733600,2026-09-30T02:00:00Z,พัฒนานิคม,217,0.0,0.0,0.0,,,True
1790733600,2026-09-30T02:00:00Z,โคกสำโรง,180,0.0,0.0,0.0,,,True
1790733600,2026-09-30T02:00:00Z,หนองหญ้าไซ,108,0.0,0.0,0.0,,,True
1790733600,2026-09-30T02:00:00Z,ท่าช้าง,11,0.0,0.0,0.0,,,True
1790733600,2026-09-30T02:00:00Z,อินทร์บุรี,66,0.0,0.0,0.0,,,True
1790733600,2026-09-30T02:00:00Z,ค่ายบางระจัน,26,0.0,0.0,0.0,,,True
1790733600,2026-09-30T02:00:00Z,พรหมบุรี,19,0.0,0.0,0.0,,,True
1790733600,2026-09-30T02:00:00Z,เนินสง่า,65,0.0,0.0,0.0,,,True
1790733600,2026-09-30T02:00:00Z,เมืองสิงห์บุรี,31,0.0,0.0,0.0,,,True
1790733600,2026-09-30T02:00:00Z,ซับใหญ่,72,0.0,0.0,0.0,,,True
1790733600,2026-09-30T02:00:00Z,บางระจัน,46,0.0,0.0,0.0,,,True
1790733600,2026-09-30T02:00:00Z,ภูกระดึง,190,0.0,0.0,0.0,,,True
1790733600,2026-09-30T02:00:00Z,ภูหลวง,145,0.0,0.0,0.0,,,True
1790733600,2026-09-30T02:00:00Z,หนองหิน,78,0.0,0.0,0.0,,,True
1790733600,2026-09-30T02:00:00Z,ผาขาว,100,0.0,0.0,0.0,,,True
1790733600,2026-09-30T02:00:00Z,เอราวัณ,87,0.0,0.0,0.0,,,True
1790733600,2026-09-30T02:00:00Z,วังสะพุง,281,0.0,0.0,0.0,,,True
1790733600,2026-09-30T02:00:00Z,วังม่วง,70,0.0,0.0,0.0,,,True
1790733600,2026-09-30T02:00:00Z,เฉลิมพระเกียรติ,35,0.0,0.0,0.0,,,True
1790733600,2026-09-30T02:00:00Z,มวกเหล็ก,175,0.0,0.0,0.0,,,True
1790733600,2026-09-30T02:00:00Z,บ้านเขว้า,124,0.0,0.0,0.0,,,True
1790733600,2026-09-30T02:00:00Z,คอนสวรรค์,113,0.0,0.0,0.0,,,True
1790733600,2026-09-30T02:00:00Z,เมืองชัยภูมิ,358,0.0,0.0,0.0,,,True
1790733600,2026-09-30T02:00:00Z,วังทอง,425,0.0,0.0,0.0,,,True
1790733600,2026-09-30T02:00:00Z,เนินมะปราง,276,0.0,0.0,0.0,,,True
1790733600,2026-09-30T02:00:00Z,สวรรคโลก,156,0.0,0.0,0.0,,,True
1790733600,2026-09-30T02:00:00Z,ศรีนคร,46,0.0,0.0,0.0,,,True
1790733600,2026-09-30T02:00:00Z,หันคา,139,0.0,0.0,0.0,,,True
1790733600,2026-09-30T02:00:00Z,ศรีสัชนาลัย,534,0.0,0.0,0.0,,,True
1790733600,2026-09-30T02:00:00Z,หนองมะโมง,76,0.0,0.0,0.0,,,True
1790733600,2026-09-30T02:00:00Z,ศรีสำโรง,142,0.0,0.0,0.0,,,True
1790733600,2026-09-30T02:00:00Z,สรรพยา,55,0.0,0.0,0.0,,,True
1790733600,2026-09-30T02:00:00Z,คีรีมาศ,171,0.0,0.0,0.0,,,True
1790733600,2026-09-30T02:00:00Z,สรรคบุรี,89,0.0,0.0,0.0,,,True
1790733600,2026-09-30T02:00:00Z,กงไกรลาศ,108,0.0,0.0,0.0,,,True
1790733600,2026-09-30T02:00:00Z,มโนรมย์,66,0.0,0.0,0.0,,,True
1790733600,2026-09-30T02:00:00Z,เมืองสุโขทัย,136,0.0,0.0,0.0,,,True
1790733600,2026-09-30T02:00:00Z,วัดสิงห์,67,0.0,0.0,0.0,,,True
1790733600,2026-09-30T02:00:00Z,บ้านด่านลานหอย,231,0.0,0.0,0.0,,,True
1790733600,2026-09-30T02:00:00Z,เมืองชัยนาท,70,0.0,0.0,0.0,,,True
1790733600,2026-09-30T02:00:00Z,เนินขาม,65,0.0,0.0,0.0,,,True
1790733600,2026-09-30T02:00:00Z,คอนสาร,334,0.0,0.0,0.0,,,True
1790733600,2026-09-30T02:00:00Z,ภักดีชุมพล,154,0.0,0.0,0.0,,,True
1790733600,2026-09-30T02:00:00Z,บ้านแท่น,76,0.0,0.0,0.0,,,True
1790733600,2026-09-30T02:00:00Z,แก้งคร้อ,168,0.0,0.0,0.0,,,True
1790733600,2026-09-30T02:00:00Z,ภูเขียว,201,0.0,0.0,0.0,,,True
1790733600,2026-09-30T02:00:00Z,หนองบัวระเหว,179,0.0,0.0,0.0,,,True
1790733600,2026-09-30T02:00:00Z,เทพสถิต,239,0.0,0.0,0.0,,,True
1790733600,2026-09-30T02:00:00Z,จัตุรัส,172,0.0,0.0,0.0,,,True
1790733600,2026-09-30T02:00:00Z,บำเหน็จณรงค์,120,0.0,0.0,0.0,,,True
1790733600,2026-09-30T02:00:00Z,เกษตรสมบูรณ์,268,0.0,0.0,0.0,,,True
1790733600,2026-09-30T02:00:00Z,หนองบัวแดง,537,0.0,0.0,0.0,,,True
1790733600,2026-09-30T02:00:00Z,ภูเรือ,168,0.0,0.0,0.0,,,True
1790733600,2026-09-30T02:00:00Z,ท่าลี่,171,0.0,0.0,0.0,,,True
1790733600,2026-09-30T02:00:00Z,วชิรบารมี,68,0.0,0.0,0.0,,,True
1790733600,2026-09-30T02:00:00Z,ด่านซ้าย,341,0.0,0.0,0.0,,,True
1790733600,2026-09-30T02:00:00Z,นาแห้ว,153,0.0,0.0,0.0,,,True
1790733600,2026-09-30T02:00:00Z,บึงนาราง,74,0.0,0.0,0.0,,,True
1790733600,2026-09-30T02:00:00Z,เชียงคาน,213,0.0,0.0,0.0,,,True
1790733600,2026-09-30T02:00:00Z,ดงเจริญ,56,0.0,0.0,0.0,,,True
1790733600,2026-09-30T02:00:00Z,ปากชม,240,0.0,0.0,0.0,,,True
1790733600,2026-09-30T02:00:00Z,เมืองเลย,314,0.0,0.0,0.0,,,True
1790733600,2026-09-30T02:00:00Z,นาด้วง,143,0.0,0.0,0.0,,,True
1790733600,2026-09-30T02:00:00Z,สากเหล็ก,45,0.0,0.0,0.0,,,True
1790733600,2026-09-30T02:00:00Z,สามง่าม,89,0.0,0.0,0.0,,,True
1790733600,2026-09-30T02:00:00Z,ทับคล้อ,104,0.0,0.0,0.0,,,True
1790733600,2026-09-30T02:00:00Z,พรหมพิราม,206,0.0,0.0,0.0,,,True
1790733600,2026-09-30T02:00:00Z,ด่านขุนทด,344,0.0,0.0,0.0,,,True
1790733600,2026-09-30T02:00:00Z,วัดโบสถ์,226,0.0,0.0,0.0,,,True
1790733600,2026-09-30T02:00:00Z,บางระกำ,246,0.0,0.0,0.0,,,True
1790733600,2026-09-30T02:00:00Z,บางกระทุ่ม,91,0.0,0.0,0.0,,,True
1790733600,2026-09-30T02:00:00Z,นครไทย,597,0.0,0.0,0.0,,,True
1790733600,2026-09-30T02:00:00Z,ชาติตระการ,415,0.0,0.0,0.0,,,True
1790733600,2026-09-30T02:00:00Z,บ้านเหลื่อม,55,0.0,0.0,0.0,,,True
1790733600,2026-09-30T02:00:00Z,เมืองพิษณุโลก,178,0.0,0.0,0.0,,,True
1790733600,2026-09-30T02:00:00Z,ชุมแสง,145,0.0,0.0,0.0,,,True
1790733600,2026-09-30T02:00:00Z,หนองบัว,208,0.0,0.0,0.0,,,True
1790733600,2026-09-30T02:00:00Z,เมืองนครสวรรค์,183,0.0,0.0,0.0,,,True
1790733600,2026-09-30T02:00:00Z,โกรกพระ,71,0.0,0.0,0.0,,,True
1790733600,2026-09-30T02:00:00Z,ไพศาลี,244,0.0,0.0,0.0,,,True
1790733600,2026-09-30T02:00:00Z,ตาคลี,206,0.0,0.0,0.0,,,True
1790733600,2026-09-30T02:00:00Z,ท่าตะโก,211,0.0,0.0,0.0,,,True
1790733600,2026-09-30T02:00:00Z,เขาค้อ,207,0.0,0.0,0.0,,,True
1790733600,2026-09-30T02:00:00Z,บรรพตพิสัย,181,0.0,0.0,0.0,,,True
1790733600,2026-09-30T02:00:00Z,เก้าเลี้ยว,57,0.0,0.0,0.0,,,True
1790733600,2026-09-30T02:00:00Z,วังโป่ง,123,0.0,0.0,0.0,,,True
1790733600,2026-09-30T02:00:00Z,บึงสามพัน,194,0.0,0.0,0.0,,,True
1790733600,2026-09-30T02:00:00Z,น้ำหนาว,231,0.0,0.0,0.0,,,True
1790733600,2026-09-30T02:00:00Z,ศรีเทพ,204,0.0,0.0,0.0,,,True
1790733600,2026-09-30T02:00:00Z,หนองไผ่,315,0.0,0.0,0.0,,,True
1790733600,2026-09-30T02:00:00Z,มหาราช,4,0.0,0.0,0.0,,,False
1790733600,2026-09-30T02:00:00Z,บ้านแพรก,10,0.0,0.0,0.0,,,True
1790733600,2026-09-30T02:00:00Z,บางมูลนาก,99,0.0,0.0,0.0,,,True
1790733600,2026-09-30T02:00:00Z,โพทะเล,131,0.0,0.0,0.0,,,True
1790733600,2026-09-30T02:00:00Z,โพธิ์ประทับช้าง,102,0.0,0.0,0.0,,,True
1790733600,2026-09-30T02:00:00Z,ตะพานหิน,109,0.0,0.0,0.0,,,True
1790733600,2026-09-30T02:00:00Z,เมืองพิจิตร,138,0.0,0.0,0.0,,,True
1790733600,2026-09-30T02:00:00Z,วังทรายพูน,66,0.0,0.0,0.0,,,True
1790734500,2026-09-30T02:15:00Z,พิชัย,176,0.0,0.0,0.0,,,True
1790734500,2026-09-30T02:15:00Z,ลับแล,116,0.0,0.0,0.0,,,True
1790734500,2026-09-30T02:15:00Z,ฟากท่า,163,0.0,0.0,0.0,,,True
1790734500,2026-09-30T02:15:00Z,บ้านโคก,247,0.0,0.0,0.0,,,True
1790734500,2026-09-30T02:15:00Z,ท่าปลา,442,0.0,0.0,0.0,,,True
1790734500,2026-09-30T02:15:00Z,น้ำปาด,363,0.0,0.0,0.0,,,True
1790734500,2026-09-30T02:15:00Z,เมืองอุตรดิตถ์,202,0.0,0.0,0.0,,,True
1790734500,2026-09-30T02:15:00Z,ตรอน,80,0.0,0.0,0.0,,,True
1790734500,2026-09-30T02:15:00Z,หล่มเก่า,246,0.0,0.0,0.0,,,True
1790734500,2026-09-30T02:15:00Z,วิเชียรบุรี,377,0.0,0.0,0.0,,,True
1790734500,2026-09-30T02:15:00Z,ชนแดน,279,0.0,0.0,0.0,,,True
1790734500,2026-09-30T02:15:00Z,หล่มสัก,350,0.0,0.0,0.0,,,True
1790734500,2026-09-30T02:15:00Z,เมืองเพชรบูรณ์,571,0.0,0.0,0.0,,,True
1790734500,2026-09-30T02:15:00Z,ทองแสนขัน,185,0.0,0.0,0.0,,,True
1790734500,2026-09-30T02:15:00Z,บึงสามัคคี,71,0.0,0.0,0.0,,,True
1790734500,2026-09-30T02:15:00Z,โกสัมพีนคร,137,0.0,0.0,0.0,,,True
1790734500,2026-09-30T02:15:00Z,สอง,380,0.0,0.0,0.0,,,True
1790734500,2026-09-30T02:15:00Z,วังชิ้น,255,0.0,0.0,0.0,,,True
1790734500,2026-09-30T02:15:00Z,สูงเม่น,88,0.0,0.0,0.0,,,True
1790734500,2026-09-30T02:15:00Z,เด่นชัย,135,0.0,0.0,0.0,,,True
1790734500,2026-09-30T02:15:00Z,ร้องกวาง,221,0.0,0.0,0.0,,,True
1790734500,2026-09-30T02:15:00Z,ลอง,317,0.0,0.0,0.0,,,True
1790734500,2026-09-30T02:15:00Z,เมืองแพร่,205,0.0,0.0,0.0,,,True
1790734500,2026-09-30T02:15:00Z,ทัพทัน,94,0.0,0.0,0.0,,,True
1790734500,2026-09-30T02:15:00Z,สว่างอารมณ์,110,0.0,0.0,0.0,,,True
1790734500,2026-09-30T02:15:00Z,เมืองอุทัยธานี,59,0.0,0.0,0.0,,,True
1790734500,2026-09-30T02:15:00Z,ห้วยคต,94,0.0,0.0,0.0,,,True
1790734500,2026-09-30T02:15:00Z,ศรีสวัสดิ์,440,0.0,0.0,0.0,,,True
1790734500,2026-09-30T02:15:00Z,บ้านไร่,821,0.0,0.0,0.0,,,True
1790734500,2026-09-30T02:15:00Z,ลานสัก,360,0.0,0.0,0.0,,,True
1790734500,2026-09-30T02:15:00Z,หนองฉาง,89,0.0,0.0,0.0,,,True
1790734500,2026-09-30T02:15:00Z,หนองขาหย่าง,43,0.0,0.0,0.0,,,True
1790734500,2026-09-30T02:15:00Z,เชียงม่วน,82,0.0,0.0,0.0,,,True
1790734500,2026-09-30T02:15:00Z,ดอกคำใต้,37,0.0,0.0,0.0,,,True
1790734500,2026-09-30T02:15:00Z,เมืองพะเยา,6,0.0,0.0,0.0,,,True
1790734500,2026-09-30T02:15:00Z,ทองผาภูมิ,851,0.0,0.0,0.0,,,True
1790734500,2026-09-30T02:15:00Z,สังขละบุรี,793,0.0,0.0,0.0,,,True
1790734500,2026-09-30T02:15:00Z,หนองม่วงไข่,35,0.0,0.0,0.0,,,True
1790734500,2026-09-30T02:15:00Z,ภูเวียง,81,0.0,0.0,0.0,,,True
1790734500,2026-09-30T02:15:00Z,มัญจาคีรี,50,0.0,0.0,0.0,,,True
1790734500,2026-09-30T02:15:00Z,หนองปรือ,104,0.0,0.0,0.0,,,True
1790734500,2026-09-30T02:15:00Z,เลาขวัญ,123,0.0,0.0,0.0,,,True
1790734500,2026-09-30T02:15:00Z,หนองนาคำ,43,0.0,0.0,0.0,,,True
1790734500,2026-09-30T02:15:00Z,โคกโพธิ์ไชย,65,0.0,0.0,0.0,,,True
1790734500,2026-09-30T02:15:00Z,บ้านหลวง,91,0.0,0.0,0.0,,,True
1790734500,2026-09-30T02:15:00Z,นาน้อย,266,0.0,0.0,0.0,,,True
1790734500,2026-09-30T02:15:00Z,ภูผาม่าน,74,0.0,0.0,0.0,,,True
1790734500,2026-09-30T02:15:00Z,เมืองน่าน,161,0.0,0.0,0.0,,,True
1790734500,2026-09-30T02:15:00Z,แม่จริม,262,0.0,0.0,0.0,,,True
1790734500,2026-09-30T02:15:00Z,เวียงเก่า,78,0.0,0.0,0.0,,,True
1790734500,2026-09-30T02:15:00Z,เมืองกำแพงเพชร,368,0.0,0.0,0.0,,,True
1790734500,2026-09-30T02:15:00Z,ไทรงาม,133,0.0,0.0,0.0,,,True
1790734500,2026-09-30T02:15:00Z,ปางศิลาทอง,186,0.0,0.0,0.0,,,True
1790734500,2026-09-30T02:15:00Z,ลานกระบือ,103,0.0,0.0,0.0,,,True
1790734500,2026-09-30T02:15:00Z,ทรายทองวัฒนา,53,0.0,0.0,0.0,,,True
1790734500,2026-09-30T02:15:00Z,คลองขลุง,179,0.0,0.0,0.0,,,True
1790734500,2026-09-30T02:15:00Z,พรานกระต่าย,252,0.0,0.0,0.0,,,True
1790734500,2026-09-30T02:15:00Z,คลองลาน,363,0.0,0.0,0.0,,,True
1790734500,2026-09-30T02:15:00Z,ขาณุวรลักษบุรี,296,0.0,0.0,0.0,,,True
1790734500,2026-09-30T02:15:00Z,ภูเพียง,113,0.0,0.0,0.0,,,True
1790734500,2026-09-30T02:15:00Z,นาหมื่น,245,0.0,0.0,0.0,,,True
1790734500,2026-09-30T02:15:00Z,เวียงสา,543,0.0,0.0,0.0,,,True
1790734500,2026-09-30T02:15:00Z,น้ำโสม,153,0.0,0.0,0.0,,,True
1790734500,2026-09-30T02:15:00Z,นายูง,126,0.0,0.0,0.0,,,True
1790734500,2026-09-30T02:15:00Z,ชุมแพ,173,0.0,0.0,0.0,,,True
1790734500,2026-09-30T02:15:00Z,สีชมพู,132,0.0,0.0,0.0,,,True
1790734500,2026-09-30T02:15:00Z,สุวรรณคูหา,140,0.0,0.0,0.0,,,True
1790734500,2026-09-30T02:15:00Z,นาวัง,65,0.0,0.0,0.0,,,True
1790734500,2026-09-30T02:15:00Z,หนองเรือ,80,0.0,0.0,0.0,,,True
1790734500,2026-09-30T02:15:00Z,โนนสัง,51,0.0,0.0,0.0,,,True
1790734500,2026-09-30T02:15:00Z,ศรีบุญเรือง,224,0.0,0.0,0.0,,,True
1790734500,2026-09-30T02:15:00Z,เมืองหนองบัวลำภู,217,0.0,0.0,0.0,,,True
1790734500,2026-09-30T02:15:00Z,นากลาง,173,0.0,0.0,0.0,,,True
1790734500,2026-09-30T02:15:00Z,ทุ่งเสลี่ยม,144,0.0,0.0,0.0,,,True
1790734500,2026-09-30T02:15:00Z,ดอยหล่อ,56,0.0,0.0,0.0,,,True
1790734500,2026-09-30T02:15:00Z,เมืองตาก,486,0.0,0.0,0.0,,,True
1790734500,2026-09-30T02:15:00Z,แม่ออน,116,0.0,0.0,0.0,,,True
1790734500,2026-09-30T02:15:00Z,อุ้มผาง,1209,0.0,0.0,0.0,,,True
1790734500,2026-09-30T02:15:00Z,วังเจ้า,183,0.0,0.0,0.0,,,True
1790734500,2026-09-30T02:15:00Z,แม่สอด,398,0.0,0.0,0.0,,,True
1790734500,2026-09-30T02:15:00Z,พบพระ,249,0.0,0.0,0.0,,,True
1790734500,2026-09-30T02:15:00Z,แม่ระมาด,380,0.0,0.0,0.0,,,True
1790734500,2026-09-30T02:15:00Z,ท่าสองยาง,401,0.0,0.0,0.0,,,True
1790734500,2026-09-30T02:15:00Z,บ้านตาก,255,0.0,0.0,0.0,,,True
1790734500,2026-09-30T02:15:00Z,สามเงา,698,0.0,0.0,0.0,,,True
1790734500,2026-09-30T02:15:00Z,จอมทอง,280,0.0,0.0,0.0,,,True
1790734500,2026-09-30T02:15:00Z,แก้งสนามนาง,79,0.0,0.0,0.0,,,True
1790734500,2026-09-30T02:15:00Z,สีคิ้ว,292,0.0,0.0,0.0,,,True
1790734500,2026-09-30T02:15:00Z,พระทองคำ,90,0.0,0.0,0.0,,,True
1790734500,2026-09-30T02:15:00Z,เทพารักษ์,92,0.0,0.0,0.0,,,True
1790734500,2026-09-30T02:15:00Z,สันกำแพง,65,0.0,0.0,0.0,,,True
1790734500,2026-09-30T02:15:00Z,สันป่าตอง,44,0.0,0.0,0.0,,,True
1790734500,2026-09-30T02:15:00Z,ดอยเต่า,213,0.0,0.0,0.0,,,True
1790734500,2026-09-30T02:15:00Z,อมก๋อย,704,0.0,0.0,0.0,,,True
1790734500,2026-09-30T02:15:00Z,ฮอด,378,0.0,0.0,0.0,,,True
1790734500,2026-09-30T02:15:00Z,เมืองลำพูน,117,0.0,0.0,0.0,,,True
1790734500,2026-09-30T02:15:00Z,แม่ทา,192,0.0,0.0,0.0,,,True
1790734500,2026-09-30T02:15:00Z,บ้านธิ,34,0.0,0.0,0.0,,,True
1790734500,2026-09-30T02:15:00Z,บ้านหมอ,24,0.0,0.0,0.0,,,True
1790734500,2026-09-30T02:15:00Z,เวียงหนองล่อง,14,0.0,0.0,0.0,,,True
1790734500,2026-09-30T02:15:00Z,ทุ่งหัวช้าง,113,0.0,0.0,0.0,,,True
1790734500,2026-09-30T02:15:00Z,ป่าซาง,74,0.0,0.0,0.0,,,True
1790734500,2026-09-30T02:15:00Z,บ้านโฮ่ง,124,0.0,0.0,0.0,,,True
1790734500,2026-09-30T02:15:00Z,แก่งคอย,73,0.0,0.0,0.0,,,True
1790734500,2026-09-30T02:15:00Z,ลี้,454,0.0,0.0,0.0,,,True
1790734500,2026-09-30T02:15:00Z,พระพุทธบาท,55,0.0,0.0,0.0,,,True
1790734500,2026-09-30T02:15:00Z,ดอนพุด,7,0.0,0.0,0.0,,,True
1790734500,2026-09-30T02:15:00Z,หนองโดน,31,0.0,0.0,0.0,,,True
1790734500,2026-09-30T02:15:00Z,เมืองลำปาง,300,0.0,0.0,0.0,,,True
1790734500,2026-09-30T02:15:00Z,เถิน,443,0.0,0.0,0.0,,,True
1790734500,2026-09-30T02:15:00Z,แม่พริก,167,0.0,0.0,0.0,,,True
1790734500,2026-09-30T02:15:00Z,แจ้ห่ม,274,0.0,0.0,0.0,,,True
1790734500,2026-09-30T02:15:00Z,แม่เปิน,85,0.0,0.0,0.0,,,True
1790734500,2026-09-30T02:15:00Z,เสริมงาม,185,0.0,0.0,0.0,,,True
1790734500,2026-09-30T02:15:00Z,ชุมตาบง,61,0.0,0.0,0.0,,,True
1790734500,2026-09-30T02:15:00Z,งาว,344,0.0,0.0,0.0,,,True
1790734500,2026-09-30T02:15:00Z,ตากฟ้า,125,0.0,0.0,0.0,,,True
1790734500,2026-09-30T02:15:00Z,แม่เมาะ,283,0.0,0.0,0.0,,,True
1790734500,2026-09-30T02:15:00Z,แม่วงก์,257,0.0,0.0,0.0,,,True
1790734500,2026-09-30T02:15:00Z,เกาะคา,128,0.0,0.0,0.0,,,True
1790734500,2026-09-30T02:15:00Z,พยุหะคีรี,169,0.0,0.0,0.0,,,True
1790734500,2026-09-30T02:15:00Z,ลาดยาว,187,0.0,0.0,0.0,,,True
1790734500,2026-09-30T02:15:00Z,สบปราบ,125,0.0,0.0,0.0,,,True
1790734500,2026-09-30T02:15:00Z,ห้างฉัตร,154,0.0,0.0,0.0,,,True
1790734500,2026-09-30T02:15:00Z,แม่ทะ,203,0.0,0.0,0.0,,,True
1790734500,2026-09-30T02:15:00Z,เมืองปาน,202,0.0,0.0,0.0,,,True
1790734500,2026-09-30T02:15:00Z,เมืองอ่างทอง,6,0.0,0.0,0.0,,,True
1790734500,2026-09-30T02:15:00Z,ไชโย,20,0.0,0.0,0.0,,,True
1790734500,2026-09-30T02:15:00Z,สามโก้,10,0.0,0.0,0.0,,,True
1790734500,2026-09-30T02:15:00Z,แสวงหา,43,0.0,0.0,0.0,,,True
1790734500,2026-09-30T02:15:00Z,วิเศษชัยชาญ,7,0.0,0.0,0.0,,,True
1790734500,2026-09-30T02:15:00Z,โพธิ์ทอง,48,0.0,0.0,0.0,,,True
1790734500,2026-09-30T02:15:00Z,เมืองลพบุรี,190,0.0,0.0,0.0,,,True
1790734500,2026-09-30T02:15:00Z,เดิมบางนางบวช,130,0.0,0.0,0.0,,,True
1790734500,2026-09-30T02:15:00Z,ด่านช้าง,309,0.0,0.0,0.0,,,True
1790734500,2026-09-30T02:15:00Z,หนองม่วง,111,0.0,0.0,0.0,,,True
1790734500,2026-09-30T02:15:00Z,ลำสนธิ,136,0.0,0.0,0.0,,,True
1790734500,2026-09-30T02:15:00Z,สามชุก,77,0.0,0.0,0.0,,,True
1790734500,2026-09-30T02:15:00Z,ดอนเจดีย์,72,0.0,0.0,0.0,,,True
1790734500,2026-09-30T02:15:00Z,สระโบสถ์,83,0.0,0.0,0.0,,,True
1790734500,2026-09-30T02:15:00Z,ศรีประจันต์,41,0.0,0.0,0.0,,,True
1790734500,2026-09-30T02:15:00Z,โคกเจริญ,135,0.0,0.0,0.0,,,True
1790734500,2026-09-30T02:15:00Z,บ้านหมี่,136,0.0,0.0,0.0,,,True
1790734500,2026-09-30T02:15:00Z,ท่าหลวง,100,0.0,0.0,0.0,,,True
1790734500,2026-09-30T02:15:00Z,ชัยบาดาล,280,0.0,0.0,0.0,,,True
1790734500,2026-09-30T02:15:00Z,ท่าวุ้ง,64,0.0,0.0,0.0,,,True
1790734500,2026-09-30T02:15:00Z,พัฒนานิคม,217,0.0,0.0,0.0,,,True
1790734500,2026-09-30T02:15:00Z,โคกสำโรง,180,0.0,0.0,0.0,,,True
1790734500,2026-09-30T02:15:00Z,หนองหญ้าไซ,108,0.0,0.0,0.0,,,True
1790734500,2026-09-30T02:15:00Z,ท่าช้าง,11,0.0,0.0,0.0,,,True
1790734500,2026-09-30T02:15:00Z,อินทร์บุรี,66,0.0,0.0,0.0,,,True
1790734500,2026-09-30T02:15:00Z,ค่ายบางระจัน,26,0.0,0.0,0.0,,,True
1790734500,2026-09-30T02:15:00Z,พรหมบุรี,19,0.0,0.0,0.0,,,True
1790734500,2026-09-30T02:15:00Z,เนินสง่า,65,0.0,0.0,0.0,,,True
1790734500,2026-09-30T02:15:00Z,เมืองสิงห์บุรี,31,0.0,0.0,0.0,,,True
1790734500,2026-09-30T02:15:00Z,ซับใหญ่,72,0.0,0.0,0.0,,,True
1790734500,2026-09-30T02:15:00Z,บางระจัน,46,0.0,0.0,0.0,,,True
1790734500,2026-09-30T02:15:00Z,ภูกระดึง,190,0.0,0.0,0.0,,,True
1790734500,2026-09-30T02:15:00Z,ภูหลวง,145,0.0,0.0,0.0,,,True
1790734500,2026-09-30T02:15:00Z,หนองหิน,78,0.0,0.0,0.0,,,True
1790734500,2026-09-30T02:15:00Z,ผาขาว,100,0.0,0.0,0.0,,,True
1790734500,2026-09-30T02:15:00Z,เอราวัณ,87,0.0,0.0,0.0,,,True
1790734500,2026-09-30T02:15:00Z,วังสะพุง,281,0.0,0.0,0.0,,,True
1790734500,2026-09-30T02:15:00Z,วังม่วง,70,0.0,0.0,0.0,,,True
1790734500,2026-09-30T02:15:00Z,เฉลิมพระเกียรติ,35,0.0,0.0,0.0,,,True
1790734500,2026-09-30T02:15:00Z,มวกเหล็ก,175,0.0,0.0,0.0,,,True
1790734500,2026-09-30T02:15:00Z,บ้านเขว้า,124,0.0,0.0,0.0,,,True
1790734500,2026-09-30T02:15:00Z,คอนสวรรค์,113,0.0,0.0,0.0,,,True
1790734500,2026-09-30T02:15:00Z,เมืองชัยภูมิ,358,0.0,0.0,0.0,,,True
1790734500,2026-09-30T02:15:00Z,วังทอง,425,0.0,0.0,0.0,,,True
1790734500,2026-09-30T02:15:00Z,เนินมะปราง,276,0.0,0.0,0.0,,,True
1790734500,2026-09-30T02:15:00Z,สวรรคโลก,156,0.0,0.0,0.0,,,True
1790734500,2026-09-30T02:15:00Z,ศรีนคร,46,0.0,0.0,0.0,,,True
1790734500,2026-09-30T02:15:00Z,หันคา,139,0.0,0.0,0.0,,,True
1790734500,2026-09-30T02:15:00Z,ศรีสัชนาลัย,534,0.0,0.0,0.0,,,True
1790734500,2026-09-30T02:15:00Z,หนองมะโมง,76,0.0,0.0,0.0,,,True
1790734500,2026-09-30T02:15:00Z,ศรีสำโรง,142,0.0,0.0,0.0,,,True
1790734500,2026-09-30T02:15:00Z,สรรพยา,55,0.0,0.0,0.0,,,True
1790734500,2026-09-30T02:15:00Z,คีรีมาศ,171,0.0,0.0,0.0,,,True
1790734500,2026-09-30T02:15:00Z,สรรคบุรี,89,0.0,0.0,0.0,,,True
1790734500,2026-09-30T02:15:00Z,กงไกรลาศ,108,0.0,0.0,0.0,,,True
1790734500,2026-09-30T02:15:00Z,มโนรมย์,66,0.0,0.0,0.0,,,True
1790734500,2026-09-30T02:15:00Z,เมืองสุโขทัย,136,0.0,0.0,0.0,,,True
1790734500,2026-09-30T02:15:00Z,วัดสิงห์,67,0.0,0.0,0.0,,,True
1790734500,2026-09-30T02:15:00Z,บ้านด่านลานหอย,231,0.0,0.0,0.0,,,True
1790734500,2026-09-30T02:15:00Z,เมืองชัยนาท,70,0.0,0.0,0.0,,,True
1790734500,2026-09-30T02:15:00Z,เนินขาม,65,0.0,0.0,0.0,,,True
1790734500,2026-09-30T02:15:00Z,คอนสาร,334,0.0,0.0,0.0,,,True
1790734500,2026-09-30T02:15:00Z,ภักดีชุมพล,154,0.0,0.0,0.0,,,True
1790734500,2026-09-30T02:15:00Z,บ้านแท่น,76,0.0,0.0,0.0,,,True
1790734500,2026-09-30T02:15:00Z,แก้งคร้อ,168,0.0,0.0,0.0,,,True
1790734500,2026-09-30T02:15:00Z,ภูเขียว,201,0.0,0.0,0.0,,,True
1790734500,2026-09-30T02:15:00Z,หนองบัวระเหว,179,0.0,0.0,0.0,,,True
1790734500,2026-09-30T02:15:00Z,เทพสถิต,239,0.0,0.0,0.0,,,True
1790734500,2026-09-30T02:15:00Z,จัตุรัส,172,0.0,0.0,0.0,,,True
1790734500,2026-09-30T02:15:00Z,บำเหน็จณรงค์,120,0.0,0.0,0.0,,,True
1790734500,2026-09-30T02:15:00Z,เกษตรสมบูรณ์,268,0.0,0.0,0.0,,,True
1790734500,2026-09-30T02:15:00Z,หนองบัวแดง,537,0.0,0.0,0.0,,,True
1790734500,2026-09-30T02:15:00Z,ภูเรือ,168,0.0,0.0,0.0,,,True
1790734500,2026-09-30T02:15:00Z,ท่าลี่,171,0.0,0.0,0.0,,,True
1790734500,2026-09-30T02:15:00Z,วชิรบารมี,68,0.0,0.0,0.0,,,True
1790734500,2026-09-30T02:15:00Z,ด่านซ้าย,341,0.0,0.0,0.0,,,True
1790734500,2026-09-30T02:15:00Z,นาแห้ว,153,0.0,0.0,0.0,,,True
1790734500,2026-09-30T02:15:00Z,บึงนาราง,74,0.0,0.0,0.0,,,True
1790734500,2026-09-30T02:15:00Z,เชียงคาน,213,0.0,0.0,0.0,,,True
1790734500,2026-09-30T02:15:00Z,ดงเจริญ,56,0.0,0.0,0.0,,,True
1790734500,2026-09-30T02:15:00Z,ปากชม,240,0.0,0.0,0.0,,,True
1790734500,2026-09-30T02:15:00Z,เมืองเลย,314,0.0,0.0,0.0,,,True
1790734500,2026-09-30T02:15:00Z,นาด้วง,143,0.0,0.0,0.0,,,True
1790734500,2026-09-30T02:15:00Z,สากเหล็ก,45,0.0,0.0,0.0,,,True
1790734500,2026-09-30T02:15:00Z,สามง่าม,89,0.0,0.0,0.0,,,True
1790734500,2026-09-30T02:15:00Z,ทับคล้อ,104,0.0,0.0,0.0,,,True
1790734500,2026-09-30T02:15:00Z,พรหมพิราม,206,0.0,0.0,0.0,,,True
1790734500,2026-09-30T02:15:00Z,ด่านขุนทด,344,0.0,0.0,0.0,,,True
1790734500,2026-09-30T02:15:00Z,วัดโบสถ์,226,0.0,0.0,0.0,,,True
1790734500,2026-09-30T02:15:00Z,บางระกำ,246,0.0,0.0,0.0,,,True
1790734500,2026-09-30T02:15:00Z,บางกระทุ่ม,91,0.0,0.0,0.0,,,True
1790734500,2026-09-30T02:15:00Z,นครไทย,597,0.0,0.0,0.0,,,True
1790734500,2026-09-30T02:15:00Z,ชาติตระการ,415,0.0,0.0,0.0,,,True
1790734500,2026-09-30T02:15:00Z,บ้านเหลื่อม,55,0.0,0.0,0.0,,,True
1790734500,2026-09-30T02:15:00Z,เมืองพิษณุโลก,178,0.0,0.0,0.0,,,True
1790734500,2026-09-30T02:15:00Z,ชุมแสง,145,0.0,0.0,0.0,,,True
1790734500,2026-09-30T02:15:00Z,หนองบัว,208,0.0,0.0,0.0,,,True
1790734500,2026-09-30T02:15:00Z,เมืองนครสวรรค์,183,0.0,0.0,0.0,,,True
1790734500,2026-09-30T02:15:00Z,โกรกพระ,71,0.0,0.0,0.0,,,True
1790734500,2026-09-30T02:15:00Z,ไพศาลี,244,0.0,0.0,0.0,,,True
1790734500,2026-09-30T02:15:00Z,ตาคลี,206,0.0,0.0,0.0,,,True
1790734500,2026-09-30T02:15:00Z,ท่าตะโก,211,0.0,0.0,0.0,,,True
1790734500,2026-09-30T02:15:00Z,เขาค้อ,207,0.0,0.0,0.0,,,True
1790734500,2026-09-30T02:15:00Z,บรรพตพิสัย,181,0.0,0.0,0.0,,,True
1790734500,2026-09-30T02:15:00Z,เก้าเลี้ยว,57,0.0,0.0,0.0,,,True
1790734500,2026-09-30T02:15:00Z,วังโป่ง,123,0.0,0.0,0.0,,,True
1790734500,2026-09-30T02:15:00Z,บึงสามพัน,194,0.0,0.0,0.0,,,True
1790734500,2026-09-30T02:15:00Z,น้ำหนาว,231,0.0,0.0,0.0,,,True
1790734500,2026-09-30T02:15:00Z,ศรีเทพ,204,0.0,0.0,0.0,,,True
1790734500,2026-09-30T02:15:00Z,หนองไผ่,315,0.0,0.0,0.0,,,True
1790734500,2026-09-30T02:15:00Z,มหาราช,4,0.0,0.0,0.0,,,False
1790734500,2026-09-30T02:15:00Z,บ้านแพรก,10,0.0,0.0,0.0,,,True
1790734500,2026-09-30T02:15:00Z,บางมูลนาก,99,0.0,0.0,0.0,,,True
1790734500,2026-09-30T02:15:00Z,โพทะเล,131,0.0,0.0,0.0,,,True
1790734500,2026-09-30T02:15:00Z,โพธิ์ประทับช้าง,102,0.0,0.0,0.0,,,True
1790734500,2026-09-30T02:15:00Z,ตะพานหิน,109,0.0,0.0,0.0,,,True
1790734500,2026-09-30T02:15:00Z,เมืองพิจิตร,138,0.0,0.0,0.0,,,True
1790734500,2026-09-30T02:15:00Z,วังทรายพูน,66,0.0,0.0,0.0,,,True
1790735400,2026-09-30T02:30:00Z,พิชัย,176,0.0,0.0,0.0,,,True
1790735400,2026-09-30T02:30:00Z,ลับแล,116,0.0,0.0,0.0,,,True
1790735400,2026-09-30T02:30:00Z,ฟากท่า,163,0.0,0.0,0.0,,,True
1790735400,2026-09-30T02:30:00Z,บ้านโคก,247,0.0,0.0,0.0,,,True
1790735400,2026-09-30T02:30:00Z,ท่าปลา,442,0.0,0.0,0.0,,,True
1790735400,2026-09-30T02:30:00Z,น้ำปาด,363,0.0,0.0,0.0,,,True
1790735400,2026-09-30T02:30:00Z,เมืองอุตรดิตถ์,202,0.0,0.0,0.0,,,True
1790735400,2026-09-30T02:30:00Z,ตรอน,80,0.0,0.0,0.0,,,True
1790735400,2026-09-30T02:30:00Z,หล่มเก่า,246,0.0,0.0,0.0,,,True
1790735400,2026-09-30T02:30:00Z,วิเชียรบุรี,377,0.0,0.0,0.0,,,True
1790735400,2026-09-30T02:30:00Z,ชนแดน,279,0.0,0.0,0.0,,,True
1790735400,2026-09-30T02:30:00Z,หล่มสัก,350,0.0,0.0,0.0,,,True
1790735400,2026-09-30T02:30:00Z,เมืองเพชรบูรณ์,571,0.0,0.0,0.0,,,True
1790735400,2026-09-30T02:30:00Z,ทองแสนขัน,185,0.0,0.0,0.0,,,True
1790735400,2026-09-30T02:30:00Z,บึงสามัคคี,71,0.0,0.0,0.0,,,True
1790735400,2026-09-30T02:30:00Z,โกสัมพีนคร,137,0.0,0.0,0.0,,,True
1790735400,2026-09-30T02:30:00Z,สอง,380,0.0,0.0,0.0,,,True
1790735400,2026-09-30T02:30:00Z,วังชิ้น,255,0.0,0.0,0.0,,,True
1790735400,2026-09-30T02:30:00Z,สูงเม่น,88,0.0,0.0,0.0,,,True
1790735400,2026-09-30T02:30:00Z,เด่นชัย,135,0.0,0.0,0.0,,,True
1790735400,2026-09-30T02:30:00Z,ร้องกวาง,221,0.0,0.0,0.0,,,True
1790735400,2026-09-30T02:30:00Z,ลอง,317,0.0,0.0,0.0,,,True
1790735400,2026-09-30T02:30:00Z,เมืองแพร่,205,0.0,0.0,0.0,,,True
1790735400,2026-09-30T02:30:00Z,ทัพทัน,94,0.0,0.0,0.0,,,True
1790735400,2026-09-30T02:30:00Z,สว่างอารมณ์,110,0.0,0.0,0.0,,,True
1790735400,2026-09-30T02:30:00Z,เมืองอุทัยธานี,59,0.0,0.0,0.0,,,True
1790735400,2026-09-30T02:30:00Z,ห้วยคต,94,0.0,0.0,0.0,,,True
1790735400,2026-09-30T02:30:00Z,ศรีสวัสดิ์,440,0.0,0.0,0.0,,,True
1790735400,2026-09-30T02:30:00Z,บ้านไร่,821,0.0,0.0,0.0,,,True
1790735400,2026-09-30T02:30:00Z,ลานสัก,360,0.0,0.0,0.0,,,True
1790735400,2026-09-30T02:30:00Z,หนองฉาง,89,0.0,0.0,0.0,,,True
1790735400,2026-09-30T02:30:00Z,หนองขาหย่าง,43,0.0,0.0,0.0,,,True
1790735400,2026-09-30T02:30:00Z,เชียงม่วน,82,0.0,0.0,0.0,,,True
1790735400,2026-09-30T02:30:00Z,ดอกคำใต้,37,0.0,0.0,0.0,,,True
1790735400,2026-09-30T02:30:00Z,เมืองพะเยา,6,0.0,0.0,0.0,,,True
1790735400,2026-09-30T02:30:00Z,ทองผาภูมิ,851,0.0,0.0,0.0,,,True
1790735400,2026-09-30T02:30:00Z,สังขละบุรี,793,0.0,0.0,0.0,,,True
1790735400,2026-09-30T02:30:00Z,หนองม่วงไข่,35,0.0,0.0,0.0,,,True
1790735400,2026-09-30T02:30:00Z,ภูเวียง,81,0.0,0.0,0.0,,,True
1790735400,2026-09-30T02:30:00Z,มัญจาคีรี,50,0.0,0.0,0.0,,,True
1790735400,2026-09-30T02:30:00Z,หนองปรือ,104,0.0,0.0,0.0,,,True
1790735400,2026-09-30T02:30:00Z,เลาขวัญ,123,0.0,0.0,0.0,,,True
1790735400,2026-09-30T02:30:00Z,หนองนาคำ,43,0.0,0.0,0.0,,,True
1790735400,2026-09-30T02:30:00Z,โคกโพธิ์ไชย,65,0.0,0.0,0.0,,,True
1790735400,2026-09-30T02:30:00Z,บ้านหลวง,91,0.0,0.0,0.0,,,True
1790735400,2026-09-30T02:30:00Z,นาน้อย,266,0.0,0.0,0.0,,,True
1790735400,2026-09-30T02:30:00Z,ภูผาม่าน,74,0.0,0.0,0.0,,,True
1790735400,2026-09-30T02:30:00Z,เมืองน่าน,161,0.0,0.0,0.0,,,True
1790735400,2026-09-30T02:30:00Z,แม่จริม,262,0.0,0.0,0.0,,,True
1790735400,2026-09-30T02:30:00Z,เวียงเก่า,78,0.0,0.0,0.0,,,True
1790735400,2026-09-30T02:30:00Z,เมืองกำแพงเพชร,368,0.0,0.0,0.0,,,True
1790735400,2026-09-30T02:30:00Z,ไทรงาม,133,0.0,0.0,0.0,,,True
1790735400,2026-09-30T02:30:00Z,ปางศิลาทอง,186,0.0,0.0,0.0,,,True
1790735400,2026-09-30T02:30:00Z,ลานกระบือ,103,0.0,0.0,0.0,,,True
1790735400,2026-09-30T02:30:00Z,ทรายทองวัฒนา,53,0.0,0.0,0.0,,,True
1790735400,2026-09-30T02:30:00Z,คลองขลุง,179,0.0,0.0,0.0,,,True
1790735400,2026-09-30T02:30:00Z,พรานกระต่าย,252,0.0,0.0,0.0,,,True
1790735400,2026-09-30T02:30:00Z,คลองลาน,363,0.0,0.0,0.0,,,True
1790735400,2026-09-30T02:30:00Z,ขาณุวรลักษบุรี,296,0.0,0.0,0.0,,,True
1790735400,2026-09-30T02:30:00Z,ภูเพียง,113,0.0,0.0,0.0,,,True
1790735400,2026-09-30T02:30:00Z,นาหมื่น,245,0.0,0.0,0.0,,,True
1790735400,2026-09-30T02:30:00Z,เวียงสา,543,0.0,0.0,0.0,,,True
1790735400,2026-09-30T02:30:00Z,น้ำโสม,153,0.0,0.0,0.0,,,True
1790735400,2026-09-30T02:30:00Z,นายูง,126,0.0,0.0,0.0,,,True
1790735400,2026-09-30T02:30:00Z,ชุมแพ,173,0.0,0.0,0.0,,,True
1790735400,2026-09-30T02:30:00Z,สีชมพู,132,0.0,0.0,0.0,,,True
1790735400,2026-09-30T02:30:00Z,สุวรรณคูหา,140,0.0,0.0,0.0,,,True
1790735400,2026-09-30T02:30:00Z,นาวัง,65,0.0,0.0,0.0,,,True
1790735400,2026-09-30T02:30:00Z,หนองเรือ,80,0.0,0.0,0.0,,,True
1790735400,2026-09-30T02:30:00Z,โนนสัง,51,0.0,0.0,0.0,,,True
1790735400,2026-09-30T02:30:00Z,ศรีบุญเรือง,224,0.0,0.0,0.0,,,True
1790735400,2026-09-30T02:30:00Z,เมืองหนองบัวลำภู,217,0.0,0.0,0.0,,,True
1790735400,2026-09-30T02:30:00Z,นากลาง,173,0.0,0.0,0.0,,,True
1790735400,2026-09-30T02:30:00Z,ทุ่งเสลี่ยม,144,0.0,0.0,0.0,,,True
1790735400,2026-09-30T02:30:00Z,ดอยหล่อ,56,0.0,0.0,0.0,,,True
1790735400,2026-09-30T02:30:00Z,เมืองตาก,486,0.0,0.0,0.0,,,True
1790735400,2026-09-30T02:30:00Z,แม่ออน,116,0.0,0.0,0.0,,,True
1790735400,2026-09-30T02:30:00Z,อุ้มผาง,1209,0.0,0.0,0.0,,,True
1790735400,2026-09-30T02:30:00Z,วังเจ้า,183,0.0,0.0,0.0,,,True
1790735400,2026-09-30T02:30:00Z,แม่สอด,398,0.0,0.0,0.0,,,True
1790735400,2026-09-30T02:30:00Z,พบพระ,249,0.0,0.0,0.0,,,True
1790735400,2026-09-30T02:30:00Z,แม่ระมาด,380,0.0,0.0,0.0,,,True
1790735400,2026-09-30T02:30:00Z,ท่าสองยาง,401,0.0,0.0,0.0,,,True
1790735400,2026-09-30T02:30:00Z,บ้านตาก,255,0.0,0.0,0.0,,,True
1790735400,2026-09-30T02:30:00Z,สามเงา,698,0.0,0.0,0.0,,,True
1790735400,2026-09-30T02:30:00Z,จอมทอง,280,0.0,0.0,0.0,,,True
1790735400,2026-09-30T02:30:00Z,แก้งสนามนาง,79,0.0,0.0,0.0,,,True
1790735400,2026-09-30T02:30:00Z,สีคิ้ว,292,0.0,0.0,0.0,,,True
1790735400,2026-09-30T02:30:00Z,พระทองคำ,90,0.0,0.0,0.0,,,True
1790735400,2026-09-30T02:30:00Z,เทพารักษ์,92,0.0,0.0,0.0,,,True
1790735400,2026-09-30T02:30:00Z,สันกำแพง,65,0.0,0.0,0.0,,,True
1790735400,2026-09-30T02:30:00Z,สันป่าตอง,44,0.0,0.0,0.0,,,True
1790735400,2026-09-30T02:30:00Z,ดอยเต่า,213,0.0,0.0,0.0,,,True
1790735400,2026-09-30T02:30:00Z,อมก๋อย,704,0.0,0.0,0.0,,,True
1790735400,2026-09-30T02:30:00Z,ฮอด,378,0.0,0.0,0.0,,,True
1790735400,2026-09-30T02:30:00Z,เมืองลำพูน,117,0.0,0.0,0.0,,,True
1790735400,2026-09-30T02:30:00Z,แม่ทา,192,0.0,0.0,0.0,,,True
1790735400,2026-09-30T02:30:00Z,บ้านธิ,34,0.0,0.0,0.0,,,True
1790735400,2026-09-30T02:30:00Z,บ้านหมอ,24,0.0,0.0,0.0,,,True
1790735400,2026-09-30T02:30:00Z,เวียงหนองล่อง,14,0.0,0.0,0.0,,,True
1790735400,2026-09-30T02:30:00Z,ทุ่งหัวช้าง,113,0.0,0.0,0.0,,,True
1790735400,2026-09-30T02:30:00Z,ป่าซาง,74,0.0,0.0,0.0,,,True
1790735400,2026-09-30T02:30:00Z,บ้านโฮ่ง,124,0.0,0.0,0.0,,,True
1790735400,2026-09-30T02:30:00Z,แก่งคอย,73,0.0,0.0,0.0,,,True
1790735400,2026-09-30T02:30:00Z,ลี้,454,0.0,0.0,0.0,,,True
1790735400,2026-09-30T02:30:00Z,พระพุทธบาท,55,0.0,0.0,0.0,,,True
1790735400,2026-09-30T02:30:00Z,ดอนพุด,7,0.0,0.0,0.0,,,True
1790735400,2026-09-30T02:30:00Z,หนองโดน,31,0.0,0.0,0.0,,,True
1790735400,2026-09-30T02:30:00Z,เมืองลำปาง,300,0.0,0.0,0.0,,,True
1790735400,2026-09-30T02:30:00Z,เถิน,443,0.0,0.0,0.0,,,True
1790735400,2026-09-30T02:30:00Z,แม่พริก,167,0.0,0.0,0.0,,,True
1790735400,2026-09-30T02:30:00Z,แจ้ห่ม,274,0.0,0.0,0.0,,,True
1790735400,2026-09-30T02:30:00Z,แม่เปิน,85,0.0,0.0,0.0,,,True
1790735400,2026-09-30T02:30:00Z,เสริมงาม,185,0.0,0.0,0.0,,,True
1790735400,2026-09-30T02:30:00Z,ชุมตาบง,61,0.0,0.0,0.0,,,True
1790735400,2026-09-30T02:30:00Z,งาว,344,0.0,0.0,0.0,,,True
1790735400,2026-09-30T02:30:00Z,ตากฟ้า,125,0.0,0.0,0.0,,,True
1790735400,2026-09-30T02:30:00Z,แม่เมาะ,283,0.0,0.0,0.0,,,True
1790735400,2026-09-30T02:30:00Z,แม่วงก์,257,0.0,0.0,0.0,,,True
1790735400,2026-09-30T02:30:00Z,เกาะคา,128,0.0,0.0,0.0,,,True
1790735400,2026-09-30T02:30:00Z,พยุหะคีรี,169,0.0,0.0,0.0,,,True
1790735400,2026-09-30T02:30:00Z,ลาดยาว,187,0.0,0.0,0.0,,,True
1790735400,2026-09-30T02:30:00Z,สบปราบ,125,0.0,0.0,0.0,,,True
1790735400,2026-09-30T02:30:00Z,ห้างฉัตร,154,0.0,0.0,0.0,,,True
1790735400,2026-09-30T02:30:00Z,แม่ทะ,203,0.0,0.0,0.0,,,True
1790735400,2026-09-30T02:30:00Z,เมืองปาน,202,0.0,0.0,0.0,,,True
1790735400,2026-09-30T02:30:00Z,เมืองอ่างทอง,6,0.0,0.0,0.0,,,True
1790735400,2026-09-30T02:30:00Z,ไชโย,20,0.0,0.0,0.0,,,True
1790735400,2026-09-30T02:30:00Z,สามโก้,10,0.0,0.0,0.0,,,True
1790735400,2026-09-30T02:30:00Z,แสวงหา,43,0.0,0.0,0.0,,,True
1790735400,2026-09-30T02:30:00Z,วิเศษชัยชาญ,7,0.0,0.0,0.0,,,True
1790735400,2026-09-30T02:30:00Z,โพธิ์ทอง,48,0.0,0.0,0.0,,,True
1790735400,2026-09-30T02:30:00Z,เมืองลพบุรี,190,0.0,0.0,0.0,,,True
1790735400,2026-09-30T02:30:00Z,เดิมบางนางบวช,130,0.0,0.0,0.0,,,True
1790735400,2026-09-30T02:30:00Z,ด่านช้าง,309,0.0,0.0,0.0,,,True
1790735400,2026-09-30T02:30:00Z,หนองม่วง,111,0.0,0.0,0.0,,,True
1790735400,2026-09-30T02:30:00Z,ลำสนธิ,136,0.0,0.0,0.0,,,True
1790735400,2026-09-30T02:30:00Z,สามชุก,77,0.0,0.0,0.0,,,True
1790735400,2026-09-30T02:30:00Z,ดอนเจดีย์,72,0.0,0.0,0.0,,,True
1790735400,2026-09-30T02:30:00Z,สระโบสถ์,83,0.0,0.0,0.0,,,True
1790735400,2026-09-30T02:30:00Z,ศรีประจันต์,41,0.0,0.0,0.0,,,True
1790735400,2026-09-30T02:30:00Z,โคกเจริญ,135,0.0,0.0,0.0,,,True
1790735400,2026-09-30T02:30:00Z,บ้านหมี่,136,0.0,0.0,0.0,,,True
1790735400,2026-09-30T02:30:00Z,ท่าหลวง,100,0.0,0.0,0.0,,,True
1790735400,2026-09-30T02:30:00Z,ชัยบาดาล,280,0.0,0.0,0.0,,,True
1790735400,2026-09-30T02:30:00Z,ท่าวุ้ง,64,0.0,0.0,0.0,,,True
1790735400,2026-09-30T02:30:00Z,พัฒนานิคม,217,0.0,0.0,0.0,,,True
1790735400,2026-09-30T02:30:00Z,โคกสำโรง,180,0.0,0.0,0.0,,,True
1790735400,2026-09-30T02:30:00Z,หนองหญ้าไซ,108,0.0,0.0,0.0,,,True
1790735400,2026-09-30T02:30:00Z,ท่าช้าง,11,0.0,0.0,0.0,,,True
1790735400,2026-09-30T02:30:00Z,อินทร์บุรี,66,0.0,0.0,0.0,,,True
1790735400,2026-09-30T02:30:00Z,ค่ายบางระจัน,26,0.0,0.0,0.0,,,True
1790735400,2026-09-30T02:30:00Z,พรหมบุรี,19,0.0,0.0,0.0,,,True
1790735400,2026-09-30T02:30:00Z,เนินสง่า,65,0.0,0.0,0.0,,,True
1790735400,2026-09-30T02:30:00Z,เมืองสิงห์บุรี,31,0.0,0.0,0.0,,,True
1790735400,2026-09-30T02:30:00Z,ซับใหญ่,72,0.0,0.0,0.0,,,True
1790735400,2026-09-30T02:30:00Z,บางระจัน,46,0.0,0.0,0.0,,,True
1790735400,2026-09-30T02:30:00Z,ภูกระดึง,190,0.0,0.0,0.0,,,True
1790735400,2026-09-30T02:30:00Z,ภูหลวง,145,0.0,0.0,0.0,,,True
1790735400,2026-09-30T02:30:00Z,หนองหิน,78,0.0,0.0,0.0,,,True
1790735400,2026-09-30T02:30:00Z,ผาขาว,100,0.0,0.0,0.0,,,True
1790735400,2026-09-30T02:30:00Z,เอราวัณ,87,0.0,0.0,0.0,,,True
1790735400,2026-09-30T02:30:00Z,วังสะพุง,281,0.0,0.0,0.0,,,True
1790735400,2026-09-30T02:30:00Z,วังม่วง,70,0.0,0.0,0.0,,,True
1790735400,2026-09-30T02:30:00Z,เฉลิมพระเกียรติ,35,0.0,0.0,0.0,,,True
1790735400,2026-09-30T02:30:00Z,มวกเหล็ก,175,0.0,0.0,0.0,,,True
1790735400,2026-09-30T02:30:00Z,บ้านเขว้า,124,0.0,0.0,0.0,,,True
1790735400,2026-09-30T02:30:00Z,คอนสวรรค์,113,0.0,0.0,0.0,,,True
1790735400,2026-09-30T02:30:00Z,เมืองชัยภูมิ,358,0.0,0.0,0.0,,,True
1790735400,2026-09-30T02:30:00Z,วังทอง,425,0.0,0.0,0.0,,,True
1790735400,2026-09-30T02:30:00Z,เนินมะปราง,276,0.0,0.0,0.0,,,True
1790735400,2026-09-30T02:30:00Z,สวรรคโลก,156,0.0,0.0,0.0,,,True
1790735400,2026-09-30T02:30:00Z,ศรีนคร,46,0.0,0.0,0.0,,,True
1790735400,2026-09-30T02:30:00Z,หันคา,139,0.0,0.0,0.0,,,True
1790735400,2026-09-30T02:30:00Z,ศรีสัชนาลัย,534,0.0,0.0,0.0,,,True
1790735400,2026-09-30T02:30:00Z,หนองมะโมง,76,0.0,0.0,0.0,,,True
1790735400,2026-09-30T02:30:00Z,ศรีสำโรง,142,0.0,0.0,0.0,,,True
1790735400,2026-09-30T02:30:00Z,สรรพยา,55,0.0,0.0,0.0,,,True
1790735400,2026-09-30T02:30:00Z,คีรีมาศ,171,0.0,0.0,0.0,,,True
1790735400,2026-09-30T02:30:00Z,สรรคบุรี,89,0.0,0.0,0.0,,,True
1790735400,2026-09-30T02:30:00Z,กงไกรลาศ,108,0.0,0.0,0.0,,,True
1790735400,2026-09-30T02:30:00Z,มโนรมย์,66,0.0,0.0,0.0,,,True
1790735400,2026-09-30T02:30:00Z,เมืองสุโขทัย,136,0.0,0.0,0.0,,,True
1790735400,2026-09-30T02:30:00Z,วัดสิงห์,67,0.0,0.0,0.0,,,True
1790735400,2026-09-30T02:30:00Z,บ้านด่านลานหอย,231,0.0,0.0,0.0,,,True
1790735400,2026-09-30T02:30:00Z,เมืองชัยนาท,70,0.0,0.0,0.0,,,True
1790735400,2026-09-30T02:30:00Z,เนินขาม,65,0.0,0.0,0.0,,,True
1790735400,2026-09-30T02:30:00Z,คอนสาร,334,0.0,0.0,0.0,,,True
1790735400,2026-09-30T02:30:00Z,ภักดีชุมพล,154,0.0,0.0,0.0,,,True
1790735400,2026-09-30T02:30:00Z,บ้านแท่น,76,0.0,0.0,0.0,,,True
1790735400,2026-09-30T02:30:00Z,แก้งคร้อ,168,0.0,0.0,0.0,,,True
1790735400,2026-09-30T02:30:00Z,ภูเขียว,201,0.0,0.0,0.0,,,True
1790735400,2026-09-30T02:30:00Z,หนองบัวระเหว,179,0.0,0.0,0.0,,,True
1790735400,2026-09-30T02:30:00Z,เทพสถิต,239,0.0,0.0,0.0,,,True
1790735400,2026-09-30T02:30:00Z,จัตุรัส,172,0.0,0.0,0.0,,,True
1790735400,2026-09-30T02:30:00Z,บำเหน็จณรงค์,120,0.0,0.0,0.0,,,True
1790735400,2026-09-30T02:30:00Z,เกษตรสมบูรณ์,268,0.0,0.0,0.0,,,True
1790735400,2026-09-30T02:30:00Z,หนองบัวแดง,537,0.0,0.0,0.0,,,True
1790735400,2026-09-30T02:30:00Z,ภูเรือ,168,0.0,0.0,0.0,,,True
1790735400,2026-09-30T02:30:00Z,ท่าลี่,171,0.0,0.0,0.0,,,True
1790735400,2026-09-30T02:30:00Z,วชิรบารมี,68,0.0,0.0,0.0,,,True
1790735400,2026-09-30T02:30:00Z,ด่านซ้าย,341,0.0,0.0,0.0,,,True
1790735400,2026-09-30T02:30:00Z,นาแห้ว,153,0.0,0.0,0.0,,,True
1790735400,2026-09-30T02:30:00Z,บึงนาราง,74,0.0,0.0,0.0,,,True
1790735400,2026-09-30T02:30:00Z,เชียงคาน,213,0.0,0.0,0.0,,,True
1790735400,2026-09-30T02:30:00Z,ดงเจริญ,56,0.0,0.0,0.0,,,True
1790735400,2026-09-30T02:30:00Z,ปากชม,240,0.0,0.0,0.0,,,True
1790735400,2026-09-30T02:30:00Z,เมืองเลย,314,0.0,0.0,0.0,,,True
1790735400,2026-09-30T02:30:00Z,นาด้วง,143,0.0,0.0,0.0,,,True
1790735400,2026-09-30T02:30:00Z,สากเหล็ก,45,0.0,0.0,0.0,,,True
1790735400,2026-09-30T02:30:00Z,สามง่าม,89,0.0,0.0,0.0,,,True
1790735400,2026-09-30T02:30:00Z,ทับคล้อ,104,0.0,0.0,0.0,,,True
1790735400,2026-09-30T02:30:00Z,พรหมพิราม,206,0.0,0.0,0.0,,,True
1790735400,2026-09-30T02:30:00Z,ด่านขุนทด,344,0.0,0.0,0.0,,,True
1790735400,2026-09-30T02:30:00Z,วัดโบสถ์,226,0.0,0.0,0.0,,,True
1790735400,2026-09-30T02:30:00Z,บางระกำ,246,0.0,0.0,0.0,,,True
1790735400,2026-09-30T02:30:00Z,บางกระทุ่ม,91,0.0,0.0,0.0,,,True
1790735400,2026-09-30T02:30:00Z,นครไทย,597,0.0,0.0,0.0,,,True
1790735400,2026-09-30T02:30:00Z,ชาติตระการ,415,0.0,0.0,0.0,,,True
1790735400,2026-09-30T02:30:00Z,บ้านเหลื่อม,55,0.0,0.0,0.0,,,True
1790735400,2026-09-30T02:30:00Z,เมืองพิษณุโลก,178,0.0,0.0,0.0,,,True
1790735400,2026-09-30T02:30:00Z,ชุมแสง,145,0.0,0.0,0.0,,,True
1790735400,2026-09-30T02:30:00Z,หนองบัว,208,0.0,0.0,0.0,,,True
1790735400,2026-09-30T02:30:00Z,เมืองนครสวรรค์,183,0.0,0.0,0.0,,,True
1790735400,2026-09-30T02:30:00Z,โกรกพระ,71,0.0,0.0,0.0,,,True
1790735400,2026-09-30T02:30:00Z,ไพศาลี,244,0.0,0.0,0.0,,,True
1790735400,2026-09-30T02:30:00Z,ตาคลี,206,0.0,0.0,0.0,,,True
1790735400,2026-09-30T02:30:00Z,ท่าตะโก,211,0.0,0.0,0.0,,,True
1790735400,2026-09-30T02:30:00Z,เขาค้อ,207,0.0,0.0,0.0,,,True
1790735400,2026-09-30T02:30:00Z,บรรพตพิสัย,181,0.0,0.0,0.0,,,True
1790735400,2026-09-30T02:30:00Z,เก้าเลี้ยว,57,0.0,0.0,0.0,,,True
1790735400,2026-09-30T02:30:00Z,วังโป่ง,123,0.0,0.0,0.0,,,True
1790735400,2026-09-30T02:30:00Z,บึงสามพัน,194,0.0,0.0,0.0,,,True
1790735400,2026-09-30T02:30:00Z,น้ำหนาว,231,0.0,0.0,0.0,,,True
1790735400,2026-09-30T02:30:00Z,ศรีเทพ,204,0.0,0.0,0.0,,,True
1790735400,2026-09-30T02:30:00Z,หนองไผ่,315,0.0,0.0,0.0,,,True
1790735400,2026-09-30T02:30:00Z,มหาราช,4,0.0,0.0,0.0,,,False
1790735400,2026-09-30T02:30:00Z,บ้านแพรก,10,0.0,0.0,0.0,,,True
1790735400,2026-09-30T02:30:00Z,บางมูลนาก,99,0.0,0.0,0.0,,,True
1790735400,2026-09-30T02:30:00Z,โพทะเล,131,0.0,0.0,0.0,,,True
1790735400,2026-09-30T02:30:00Z,โพธิ์ประทับช้าง,102,0.0,0.0,0.0,,,True
1790735400,2026-09-30T02:30:00Z,ตะพานหิน,109,0.0,0.0,0.0,,,True
1790735400,2026-09-30T02:30:00Z,เมืองพิจิตร,138,0.0,0.0,0.0,,,True
1790735400,2026-09-30T02:30:00Z,วังทรายพูน,66,0.0,0.0,0.0,,,True
1790736300,2026-09-30T02:45:00Z,พิชัย,176,0.0,0.0,0.0,,,True
1790736300,2026-09-30T02:45:00Z,ลับแล,116,0.0,0.0,0.0,,,True
1790736300,2026-09-30T02:45:00Z,ฟากท่า,163,0.0,0.0,0.0,,,True
1790736300,2026-09-30T02:45:00Z,บ้านโคก,247,0.0,0.0,0.0,,,True
1790736300,2026-09-30T02:45:00Z,ท่าปลา,442,0.0,0.0,0.0,,,True
1790736300,2026-09-30T02:45:00Z,น้ำปาด,363,0.0,0.0,0.0,,,True
1790736300,2026-09-30T02:45:00Z,เมืองอุตรดิตถ์,202,0.0,0.0,0.0,,,True
1790736300,2026-09-30T02:45:00Z,ตรอน,80,0.0,0.0,0.0,,,True
1790736300,2026-09-30T02:45:00Z,หล่มเก่า,246,0.0,0.0,0.0,,,True
1790736300,2026-09-30T02:45:00Z,วิเชียรบุรี,377,0.0,0.0,0.0,,,True
1790736300,2026-09-30T02:45:00Z,ชนแดน,279,0.0,0.0,0.0,,,True
1790736300,2026-09-30T02:45:00Z,หล่มสัก,350,0.0,0.0,0.0,,,True
1790736300,2026-09-30T02:45:00Z,เมืองเพชรบูรณ์,571,0.0,0.0,0.0,,,True
1790736300,2026-09-30T02:45:00Z,ทองแสนขัน,185,0.0,0.0,0.0,,,True
1790736300,2026-09-30T02:45:00Z,บึงสามัคคี,71,0.0,0.0,0.0,,,True
1790736300,2026-09-30T02:45:00Z,โกสัมพีนคร,137,0.0,0.0,0.0,,,True
1790736300,2026-09-30T02:45:00Z,สอง,380,0.0,0.0,0.0,,,True
1790736300,2026-09-30T02:45:00Z,วังชิ้น,255,0.0,0.0,0.0,,,True
1790736300,2026-09-30T02:45:00Z,สูงเม่น,88,0.0,0.0,0.0,,,True
1790736300,2026-09-30T02:45:00Z,เด่นชัย,135,0.0,0.0,0.0,,,True
1790736300,2026-09-30T02:45:00Z,ร้องกวาง,221,0.0,0.0,0.0,,,True
1790736300,2026-09-30T02:45:00Z,ลอง,317,0.0,0.0,0.0,,,True
1790736300,2026-09-30T02:45:00Z,เมืองแพร่,205,0.0,0.0,0.0,,,True
1790736300,2026-09-30T02:45:00Z,ทัพทัน,94,0.0,0.0,0.0,,,True
1790736300,2026-09-30T02:45:00Z,สว่างอารมณ์,110,0.0,0.0,0.0,,,True
1790736300,2026-09-30T02:45:00Z,เมืองอุทัยธานี,59,0.0,0.0,0.0,,,True
1790736300,2026-09-30T02:45:00Z,ห้วยคต,94,0.0,0.0,0.0,,,True
1790736300,2026-09-30T02:45:00Z,ศรีสวัสดิ์,440,0.0,0.0,0.0,,,True
1790736300,2026-09-30T02:45:00Z,บ้านไร่,821,0.0,0.0,0.0,,,True
1790736300,2026-09-30T02:45:00Z,ลานสัก,360,0.0,0.0,0.0,,,True
1790736300,2026-09-30T02:45:00Z,หนองฉาง,89,0.0,0.0,0.0,,,True
1790736300,2026-09-30T02:45:00Z,หนองขาหย่าง,43,0.0,0.0,0.0,,,True
1790736300,2026-09-30T02:45:00Z,เชียงม่วน,82,0.0,0.0,0.0,,,True
1790736300,2026-09-30T02:45:00Z,ดอกคำใต้,37,0.0,0.0,0.0,,,True
1790736300,2026-09-30T02:45:00Z,เมืองพะเยา,6,0.0,0.0,0.0,,,True
1790736300,2026-09-30T02:45:00Z,ทองผาภูมิ,851,0.0,0.0,0.0,,,True
1790736300,2026-09-30T02:45:00Z,สังขละบุรี,793,0.0,0.0,0.0,,,True
1790736300,2026-09-30T02:45:00Z,หนองม่วงไข่,35,0.0,0.0,0.0,,,True
1790736300,2026-09-30T02:45:00Z,ภูเวียง,81,0.0,0.0,0.0,,,True
1790736300,2026-09-30T02:45:00Z,มัญจาคีรี,50,0.0,0.0,0.0,,,True
1790736300,2026-09-30T02:45:00Z,หนองปรือ,104,0.0,0.0,0.0,,,True
1790736300,2026-09-30T02:45:00Z,เลาขวัญ,123,0.0,0.0,0.0,,,True
1790736300,2026-09-30T02:45:00Z,หนองนาคำ,43,0.0,0.0,0.0,,,True
1790736300,2026-09-30T02:45:00Z,โคกโพธิ์ไชย,65,0.0,0.0,0.0,,,True
1790736300,2026-09-30T02:45:00Z,บ้านหลวง,91,0.0,0.0,0.0,,,True
1790736300,2026-09-30T02:45:00Z,นาน้อย,266,0.0,0.0,0.0,,,True
1790736300,2026-09-30T02:45:00Z,ภูผาม่าน,74,0.0,0.0,0.0,,,True
1790736300,2026-09-30T02:45:00Z,เมืองน่าน,161,0.0,0.0,0.0,,,True
1790736300,2026-09-30T02:45:00Z,แม่จริม,262,0.0,0.0,0.0,,,True
1790736300,2026-09-30T02:45:00Z,เวียงเก่า,78,0.0,0.0,0.0,,,True
1790736300,2026-09-30T02:45:00Z,เมืองกำแพงเพชร,368,0.0,0.0,0.0,,,True
1790736300,2026-09-30T02:45:00Z,ไทรงาม,133,0.0,0.0,0.0,,,True
1790736300,2026-09-30T02:45:00Z,ปางศิลาทอง,186,0.0,0.0,0.0,,,True
1790736300,2026-09-30T02:45:00Z,ลานกระบือ,103,0.0,0.0,0.0,,,True
1790736300,2026-09-30T02:45:00Z,ทรายทองวัฒนา,53,0.0,0.0,0.0,,,True
1790736300,2026-09-30T02:45:00Z,คลองขลุง,179,0.0,0.0,0.0,,,True
1790736300,2026-09-30T02:45:00Z,พรานกระต่าย,252,0.0,0.0,0.0,,,True
1790736300,2026-09-30T02:45:00Z,คลองลาน,363,0.0,0.0,0.0,,,True
1790736300,2026-09-30T02:45:00Z,ขาณุวรลักษบุรี,296,0.0,0.0,0.0,,,True
1790736300,2026-09-30T02:45:00Z,ภูเพียง,113,0.0,0.0,0.0,,,True
1790736300,2026-09-30T02:45:00Z,นาหมื่น,245,0.0,0.0,0.0,,,True
1790736300,2026-09-30T02:45:00Z,เวียงสา,543,0.0,0.0,0.0,,,True
1790736300,2026-09-30T02:45:00Z,น้ำโสม,153,0.0,0.0,0.0,,,True
1790736300,2026-09-30T02:45:00Z,นายูง,126,0.0,0.0,0.0,,,True
1790736300,2026-09-30T02:45:00Z,ชุมแพ,173,0.0,0.0,0.0,,,True
1790736300,2026-09-30T02:45:00Z,สีชมพู,132,0.0,0.0,0.0,,,True
1790736300,2026-09-30T02:45:00Z,สุวรรณคูหา,140,0.0,0.0,0.0,,,True
1790736300,2026-09-30T02:45:00Z,นาวัง,65,0.0,0.0,0.0,,,True
1790736300,2026-09-30T02:45:00Z,หนองเรือ,80,0.0,0.0,0.0,,,True
1790736300,2026-09-30T02:45:00Z,โนนสัง,51,0.0,0.0,0.0,,,True
1790736300,2026-09-30T02:45:00Z,ศรีบุญเรือง,224,0.0,0.0,0.0,,,True
1790736300,2026-09-30T02:45:00Z,เมืองหนองบัวลำภู,217,0.0,0.0,0.0,,,True
1790736300,2026-09-30T02:45:00Z,นากลาง,173,0.0,0.0,0.0,,,True
1790736300,2026-09-30T02:45:00Z,ทุ่งเสลี่ยม,144,0.0,0.0,0.0,,,True
1790736300,2026-09-30T02:45:00Z,ดอยหล่อ,56,0.0,0.0,0.0,,,True
1790736300,2026-09-30T02:45:00Z,เมืองตาก,486,0.0,0.0,0.0,,,True
1790736300,2026-09-30T02:45:00Z,แม่ออน,116,0.0,0.0,0.0,,,True
1790736300,2026-09-30T02:45:00Z,อุ้มผาง,1209,0.0,0.0,0.0,,,True
1790736300,2026-09-30T02:45:00Z,วังเจ้า,183,0.0,0.0,0.0,,,True
1790736300,2026-09-30T02:45:00Z,แม่สอด,398,0.0,0.0,0.0,,,True
1790736300,2026-09-30T02:45:00Z,พบพระ,249,0.0,0.0,0.0,,,True
1790736300,2026-09-30T02:45:00Z,แม่ระมาด,380,0.0,0.0,0.0,,,True
1790736300,2026-09-30T02:45:00Z,ท่าสองยาง,401,0.0,0.0,0.0,,,True
1790736300,2026-09-30T02:45:00Z,บ้านตาก,255,0.0,0.0,0.0,,,True
1790736300,2026-09-30T02:45:00Z,สามเงา,698,0.0,0.0,0.0,,,True
1790736300,2026-09-30T02:45:00Z,จอมทอง,280,0.0,0.0,0.0,,,True
1790736300,2026-09-30T02:45:00Z,แก้งสนามนาง,79,0.0,0.0,0.0,,,True
1790736300,2026-09-30T02:45:00Z,สีคิ้ว,292,0.0,0.0,0.0,,,True
1790736300,2026-09-30T02:45:00Z,พระทองคำ,90,0.0,0.0,0.0,,,True
1790736300,2026-09-30T02:45:00Z,เทพารักษ์,92,0.0,0.0,0.0,,,True
1790736300,2026-09-30T02:45:00Z,สันกำแพง,65,0.0,0.0,0.0,,,True
1790736300,2026-09-30T02:45:00Z,สันป่าตอง,44,0.0,0.0,0.0,,,True
1790736300,2026-09-30T02:45:00Z,ดอยเต่า,213,0.0,0.0,0.0,,,True
1790736300,2026-09-30T02:45:00Z,อมก๋อย,704,0.0,0.0,0.0,,,True
1790736300,2026-09-30T02:45:00Z,ฮอด,378,0.0,0.0,0.0,,,True
1790736300,2026-09-30T02:45:00Z,เมืองลำพูน,117,0.0,0.0,0.0,,,True
1790736300,2026-09-30T02:45:00Z,แม่ทา,192,0.0,0.0,0.0,,,True
1790736300,2026-09-30T02:45:00Z,บ้านธิ,34,0.0,0.0,0.0,,,True
1790736300,2026-09-30T02:45:00Z,บ้านหมอ,24,0.0,0.0,0.0,,,True
1790736300,2026-09-30T02:45:00Z,เวียงหนองล่อง,14,0.0,0.0,0.0,,,True
1790736300,2026-09-30T02:45:00Z,ทุ่งหัวช้าง,113,0.0,0.0,0.0,,,True
1790736300,2026-09-30T02:45:00Z,ป่าซาง,74,0.0,0.0,0.0,,,True
1790736300,2026-09-30T02:45:00Z,บ้านโฮ่ง,124,0.0,0.0,0.0,,,True
1790736300,2026-09-30T02:45:00Z,แก่งคอย,73,0.0,0.0,0.0,,,True
1790736300,2026-09-30T02:45:00Z,ลี้,454,0.0,0.0,0.0,,,True
1790736300,2026-09-30T02:45:00Z,พระพุทธบาท,55,0.0,0.0,0.0,,,True
1790736300,2026-09-30T02:45:00Z,ดอนพุด,7,0.0,0.0,0.0,,,True
1790736300,2026-09-30T02:45:00Z,หนองโดน,31,0.0,0.0,0.0,,,True
1790736300,2026-09-30T02:45:00Z,เมืองลำปาง,300,0.0,0.0,0.0,,,True
1790736300,2026-09-30T02:45:00Z,เถิน,443,0.0,0.0,0.0,,,True
1790736300,2026-09-30T02:45:00Z,แม่พริก,167,0.0,0.0,0.0,,,True
1790736300,2026-09-30T02:45:00Z,แจ้ห่ม,274,0.0,0.0,0.0,,,True
1790736300,2026-09-30T02:45:00Z,แม่เปิน,85,0.0,0.0,0.0,,,True
1790736300,2026-09-30T02:45:00Z,เสริมงาม,185,0.0,0.0,0.0,,,True
1790736300,2026-09-30T02:45:00Z,ชุมตาบง,61,0.0,0.0,0.0,,,True
1790736300,2026-09-30T02:45:00Z,งาว,344,0.0,0.0,0.0,,,True
1790736300,2026-09-30T02:45:00Z,ตากฟ้า,125,0.0,0.0,0.0,,,True
1790736300,2026-09-30T02:45:00Z,แม่เมาะ,283,0.0,0.0,0.0,,,True
1790736300,2026-09-30T02:45:00Z,แม่วงก์,257,0.0,0.0,0.0,,,True
1790736300,2026-09-30T02:45:00Z,เกาะคา,128,0.0,0.0,0.0,,,True
1790736300,2026-09-30T02:45:00Z,พยุหะคีรี,169,0.0,0.0,0.0,,,True
1790736300,2026-09-30T02:45:00Z,ลาดยาว,187,0.0,0.0,0.0,,,True
1790736300,2026-09-30T02:45:00Z,สบปราบ,125,0.0,0.0,0.0,,,True
1790736300,2026-09-30T02:45:00Z,ห้างฉัตร,154,0.0,0.0,0.0,,,True
1790736300,2026-09-30T02:45:00Z,แม่ทะ,203,0.0,0.0,0.0,,,True
1790736300,2026-09-30T02:45:00Z,เมืองปาน,202,0.0,0.0,0.0,,,True
1790736300,2026-09-30T02:45:00Z,เมืองอ่างทอง,6,0.0,0.0,0.0,,,True
1790736300,2026-09-30T02:45:00Z,ไชโย,20,0.0,0.0,0.0,,,True
1790736300,2026-09-30T02:45:00Z,สามโก้,10,0.0,0.0,0.0,,,True
1790736300,2026-09-30T02:45:00Z,แสวงหา,43,0.0,0.0,0.0,,,True
1790736300,2026-09-30T02:45:00Z,วิเศษชัยชาญ,7,0.0,0.0,0.0,,,True
1790736300,2026-09-30T02:45:00Z,โพธิ์ทอง,48,0.0,0.0,0.0,,,True
1790736300,2026-09-30T02:45:00Z,เมืองลพบุรี,190,0.0,0.0,0.0,,,True
1790736300,2026-09-30T02:45:00Z,เดิมบางนางบวช,130,0.0,0.0,0.0,,,True
1790736300,2026-09-30T02:45:00Z,ด่านช้าง,309,0.0,0.0,0.0,,,True
1790736300,2026-09-30T02:45:00Z,หนองม่วง,111,0.0,0.0,0.0,,,True
1790736300,2026-09-30T02:45:00Z,ลำสนธิ,136,0.0,0.0,0.0,,,True
1790736300,2026-09-30T02:45:00Z,สามชุก,77,0.0,0.0,0.0,,,True
1790736300,2026-09-30T02:45:00Z,ดอนเจดีย์,72,0.0,0.0,0.0,,,True
1790736300,2026-09-30T02:45:00Z,สระโบสถ์,83,0.0,0.0,0.0,,,True
1790736300,2026-09-30T02:45:00Z,ศรีประจันต์,41,0.0,0.0,0.0,,,True
1790736300,2026-09-30T02:45:00Z,โคกเจริญ,135,0.0,0.0,0.0,,,True
1790736300,2026-09-30T02:45:00Z,บ้านหมี่,136,0.0,0.0,0.0,,,True
1790736300,2026-09-30T02:45:00Z,ท่าหลวง,100,0.0,0.0,0.0,,,True
1790736300,2026-09-30T02:45:00Z,ชัยบาดาล,280,0.0,0.0,0.0,,,True
1790736300,2026-09-30T02:45:00Z,ท่าวุ้ง,64,0.0,0.0,0.0,,,True
1790736300,2026-09-30T02:45:00Z,พัฒนานิคม,217,0.0,0.0,0.0,,,True
1790736300,2026-09-30T02:45:00Z,โคกสำโรง,180,0.0,0.0,0.0,,,True
1790736300,2026-09-30T02:45:00Z,หนองหญ้าไซ,108,0.0,0.0,0.0,,,True
1790736300,2026-09-30T02:45:00Z,ท่าช้าง,11,0.0,0.0,0.0,,,True
1790736300,2026-09-30T02:45:00Z,อินทร์บุรี,66,0.0,0.0,0.0,,,True
1790736300,2026-09-30T02:45:00Z,ค่ายบางระจัน,26,0.0,0.0,0.0,,,True
1790736300,2026-09-30T02:45:00Z,พรหมบุรี,19,0.0,0.0,0.0,,,True
1790736300,2026-09-30T02:45:00Z,เนินสง่า,65,0.0,0.0,0.0,,,True
1790736300,2026-09-30T02:45:00Z,เมืองสิงห์บุรี,31,0.0,0.0,0.0,,,True
1790736300,2026-09-30T02:45:00Z,ซับใหญ่,72,0.0,0.0,0.0,,,True
1790736300,2026-09-30T02:45:00Z,บางระจัน,46,0.0,0.0,0.0,,,True
1790736300,2026-09-30T02:45:00Z,ภูกระดึง,190,0.0,0.0,0.0,,,True
1790736300,2026-09-30T02:45:00Z,ภูหลวง,145,0.0,0.0,0.0,,,True
1790736300,2026-09-30T02:45:00Z,หนองหิน,78,0.0,0.0,0.0,,,True
1790736300,2026-09-30T02:45:00Z,ผาขาว,100,0.0,0.0,0.0,,,True
1790736300,2026-09-30T02:45:00Z,เอราวัณ,87,0.0,0.0,0.0,,,True
1790736300,2026-09-30T02:45:00Z,วังสะพุง,281,0.0,0.0,0.0,,,True
1790736300,2026-09-30T02:45:00Z,วังม่วง,70,0.0,0.0,0.0,,,True
1790736300,2026-09-30T02:45:00Z,เฉลิมพระเกียรติ,35,0.0,0.0,0.0,,,True
1790736300,2026-09-30T02:45:00Z,มวกเหล็ก,175,0.0,0.0,0.0,,,True
1790736300,2026-09-30T02:45:00Z,บ้านเขว้า,124,0.0,0.0,0.0,,,True
1790736300,2026-09-30T02:45:00Z,คอนสวรรค์,113,0.0,0.0,0.0,,,True
1790736300,2026-09-30T02:45:00Z,เมืองชัยภูมิ,358,0.0,0.0,0.0,,,True
1790736300,2026-09-30T02:45:00Z,วังทอง,425,0.0,0.0,0.0,,,True
1790736300,2026-09-30T02:45:00Z,เนินมะปราง,276,0.0,0.0,0.0,,,True
1790736300,2026-09-30T02:45:00Z,สวรรคโลก,156,0.0,0.0,0.0,,,True
1790736300,2026-09-30T02:45:00Z,ศรีนคร,46,0.0,0.0,0.0,,,True
1790736300,2026-09-30T02:45:00Z,หันคา,139,0.0,0.0,0.0,,,True
1790736300,2026-09-30T02:45:00Z,ศรีสัชนาลัย,534,0.0,0.0,0.0,,,True
1790736300,2026-09-30T02:45:00Z,หนองมะโมง,76,0.0,0.0,0.0,,,True
1790736300,2026-09-30T02:45:00Z,ศรีสำโรง,142,0.0,0.0,0.0,,,True
1790736300,2026-09-30T02:45:00Z,สรรพยา,55,0.0,0.0,0.0,,,True
1790736300,2026-09-30T02:45:00Z,คีรีมาศ,171,0.0,0.0,0.0,,,True
1790736300,2026-09-30T02:45:00Z,สรรคบุรี,89,0.0,0.0,0.0,,,True
1790736300,2026-09-30T02:45:00Z,กงไกรลาศ,108,0.0,0.0,0.0,,,True
1790736300,2026-09-30T02:45:00Z,มโนรมย์,66,0.0,0.0,0.0,,,True
1790736300,2026-09-30T02:45:00Z,เมืองสุโขทัย,136,0.0,0.0,0.0,,,True
1790736300,2026-09-30T02:45:00Z,วัดสิงห์,67,0.0,0.0,0.0,,,True
1790736300,2026-09-30T02:45:00Z,บ้านด่านลานหอย,231,0.0,0.0,0.0,,,True
1790736300,2026-09-30T02:45:00Z,เมืองชัยนาท,70,0.0,0.0,0.0,,,True
1790736300,2026-09-30T02:45:00Z,เนินขาม,65,0.0,0.0,0.0,,,True
1790736300,2026-09-30T02:45:00Z,คอนสาร,334,0.0,0.0,0.0,,,True
1790736300,2026-09-30T02:45:00Z,ภักดีชุมพล,154,0.0,0.0,0.0,,,True
1790736300,2026-09-30T02:45:00Z,บ้านแท่น,76,0.0,0.0,0.0,,,True
1790736300,2026-09-30T02:45:00Z,แก้งคร้อ,168,0.0,0.0,0.0,,,True
1790736300,2026-09-30T02:45:00Z,ภูเขียว,201,0.0,0.0,0.0,,,True
1790736300,2026-09-30T02:45:00Z,หนองบัวระเหว,179,0.0,0.0,0.0,,,True
1790736300,2026-09-30T02:45:00Z,เทพสถิต,239,0.0,0.0,0.0,,,True
1790736300,2026-09-30T02:45:00Z,จัตุรัส,172,0.0,0.0,0.0,,,True
1790736300,2026-09-30T02:45:00Z,บำเหน็จณรงค์,120,0.0,0.0,0.0,,,True
1790736300,2026-09-30T02:45:00Z,เกษตรสมบูรณ์,268,0.0,0.0,0.0,,,True
1790736300,2026-09-30T02:45:00Z,หนองบัวแดง,537,0.0,0.0,0.0,,,True
1790736300,2026-09-30T02:45:00Z,ภูเรือ,168,0.0,0.0,0.0,,,True
1790736300,2026-09-30T02:45:00Z,ท่าลี่,171,0.0,0.0,0.0,,,True
1790736300,2026-09-30T02:45:00Z,วชิรบารมี,68,0.0,0.0,0.0,,,True
1790736300,2026-09-30T02:45:00Z,ด่านซ้าย,341,0.0,0.0,0.0,,,True
1790736300,2026-09-30T02:45:00Z,นาแห้ว,153,0.0,0.0,0.0,,,True
1790736300,2026-09-30T02:45:00Z,บึงนาราง,74,0.0,0.0,0.0,,,True
1790736300,2026-09-30T02:45:00Z,เชียงคาน,213,0.0,0.0,0.0,,,True
1790736300,2026-09-30T02:45:00Z,ดงเจริญ,56,0.0,0.0,0.0,,,True
1790736300,2026-09-30T02:45:00Z,ปากชม,240,0.0,0.0,0.0,,,True
1790736300,2026-09-30T02:45:00Z,เมืองเลย,314,0.0,0.0,0.0,,,True
1790736300,2026-09-30T02:45:00Z,นาด้วง,143,0.0,0.0,0.0,,,True
1790736300,2026-09-30T02:45:00Z,สากเหล็ก,45,0.0,0.0,0.0,,,True
1790736300,2026-09-30T02:45:00Z,สามง่าม,89,0.0,0.0,0.0,,,True
1790736300,2026-09-30T02:45:00Z,ทับคล้อ,104,0.0,0.0,0.0,,,True
1790736300,2026-09-30T02:45:00Z,พรหมพิราม,206,0.0,0.0,0.0,,,True
1790736300,2026-09-30T02:45:00Z,ด่านขุนทด,344,0.0,0.0,0.0,,,True
1790736300,2026-09-30T02:45:00Z,วัดโบสถ์,226,0.0,0.0,0.0,,,True
1790736300,2026-09-30T02:45:00Z,บางระกำ,246,0.0,0.0,0.0,,,True
1790736300,2026-09-30T02:45:00Z,บางกระทุ่ม,91,0.0,0.0,0.0,,,True
1790736300,2026-09-30T02:45:00Z,นครไทย,597,0.0,0.0,0.0,,,True
1790736300,2026-09-30T02:45:00Z,ชาติตระการ,415,0.0,0.0,0.0,,,True
1790736300,2026-09-30T02:45:00Z,บ้านเหลื่อม,55,0.0,0.0,0.0,,,True
1790736300,2026-09-30T02:45:00Z,เมืองพิษณุโลก,178,0.0,0.0,0.0,,,True
1790736300,2026-09-30T02:45:00Z,ชุมแสง,145,0.0,0.0,0.0,,,True
1790736300,2026-09-30T02:45:00Z,หนองบัว,208,0.0,0.0,0.0,,,True
1790736300,2026-09-30T02:45:00Z,เมืองนครสวรรค์,183,0.0,0.0,0.0,,,True
1790736300,2026-09-30T02:45:00Z,โกรกพระ,71,0.0,0.0,0.0,,,True
1790736300,2026-09-30T02:45:00Z,ไพศาลี,244,0.0,0.0,0.0,,,True
1790736300,2026-09-30T02:45:00Z,ตาคลี,206,0.0,0.0,0.0,,,True
1790736300,2026-09-30T02:45:00Z,ท่าตะโก,211,0.0,0.0,0.0,,,True
1790736300,2026-09-30T02:45:00Z,เขาค้อ,207,0.0,0.0,0.0,,,True
1790736300,2026-09-30T02:45:00Z,บรรพตพิสัย,181,0.0,0.0,0.0,,,True
1790736300,2026-09-30T02:45:00Z,เก้าเลี้ยว,57,0.0,0.0,0.0,,,True
1790736300,2026-09-30T02:45:00Z,วังโป่ง,123,0.0,0.0,0.0,,,True
1790736300,2026-09-30T02:45:00Z,บึงสามพัน,194,0.0,0.0,0.0,,,True
1790736300,2026-09-30T02:45:00Z,น้ำหนาว,231,0.0,0.0,0.0,,,True
1790736300,2026-09-30T02:45:00Z,ศรีเทพ,204,0.0,0.0,0.0,,,True
1790736300,2026-09-30T02:45:00Z,หนองไผ่,315,0.0,0.0,0.0,,,True
1790736300,2026-09-30T02:45:00Z,มหาราช,4,0.0,0.0,0.0,,,False
1790736300,2026-09-30T02:45:00Z,บ้านแพรก,10,0.0,0.0,0.0,,,True
1790736300,2026-09-30T02:45:00Z,บางมูลนาก,99,0.0,0.0,0.0,,,True
1790736300,2026-09-30T02:45:00Z,โพทะเล,131,0.0,0.0,0.0,,,True
1790736300,2026-09-30T02:45:00Z,โพธิ์ประทับช้าง,102,0.0,0.0,0.0,,,True
1790736300,2026-09-30T02:45:00Z,ตะพานหิน,109,0.0,0.0,0.0,,,True
1790736300,2026-09-30T02:45:00Z,เมืองพิจิตร,138,0.0,0.0,0.0,,,True
1790736300,2026-09-30T02:45:00Z,วังทรายพูน,66,0.0,0.0,0.0,,,True
1790737200,2026-09-30T03:00:00Z,พิชัย,176,0.0,0.0,0.0,,,True
1790737200,2026-09-30T03:00:00Z,ลับแล,116,0.0,0.0,0.0,,,True
1790737200,2026-09-30T03:00:00Z,ฟากท่า,163,0.0,0.0,0.0,,,True
1790737200,2026-09-30T03:00:00Z,บ้านโคก,247,0.0,0.0,0.0,,,True
1790737200,2026-09-30T03:00:00Z,ท่าปลา,442,0.0,0.0,0.0,,,True
1790737200,2026-09-30T03:00:00Z,น้ำปาด,363,0.0,0.0,0.0,,,True
1790737200,2026-09-30T03:00:00Z,เมืองอุตรดิตถ์,202,0.0,0.0,0.0,,,True
1790737200,2026-09-30T03:00:00Z,ตรอน,80,0.0,0.0,0.0,,,True
1790737200,2026-09-30T03:00:00Z,หล่มเก่า,246,0.0,0.0,0.0,,,True
1790737200,2026-09-30T03:00:00Z,วิเชียรบุรี,377,0.0,0.0,0.0,,,True
1790737200,2026-09-30T03:00:00Z,ชนแดน,279,0.0,0.0,0.0,,,True
1790737200,2026-09-30T03:00:00Z,หล่มสัก,350,0.0,0.0,0.0,,,True
1790737200,2026-09-30T03:00:00Z,เมืองเพชรบูรณ์,571,0.0,0.0,0.0,,,True
1790737200,2026-09-30T03:00:00Z,ทองแสนขัน,185,0.0,0.0,0.0,,,True
1790737200,2026-09-30T03:00:00Z,บึงสามัคคี,71,0.0,0.0,0.0,,,True
1790737200,2026-09-30T03:00:00Z,โกสัมพีนคร,137,0.0,0.0,0.0,,,True
1790737200,2026-09-30T03:00:00Z,สอง,380,0.0,0.0,0.0,,,True
1790737200,2026-09-30T03:00:00Z,วังชิ้น,255,0.0,0.0,0.0,,,True
1790737200,2026-09-30T03:00:00Z,สูงเม่น,88,0.0,0.0,0.0,,,True
1790737200,2026-09-30T03:00:00Z,เด่นชัย,135,0.0,0.0,0.0,,,True
1790737200,2026-09-30T03:00:00Z,ร้องกวาง,221,0.0,0.0,0.0,,,True
1790737200,2026-09-30T03:00:00Z,ลอง,317,0.0,0.0,0.0,,,True
1790737200,2026-09-30T03:00:00Z,เมืองแพร่,205,0.0,0.0,0.0,,,True
1790737200,2026-09-30T03:00:00Z,ทัพทัน,94,0.0,0.0,0.0,,,True
1790737200,2026-09-30T03:00:00Z,สว่างอารมณ์,110,0.0,0.0,0.0,,,True
1790737200,2026-09-30T03:00:00Z,เมืองอุทัยธานี,59,0.0,0.0,0.0,,,True
1790737200,2026-09-30T03:00:00Z,ห้วยคต,94,0.0,0.0,0.0,,,True
1790737200,2026-09-30T03:00:00Z,ศรีสวัสดิ์,440,0.0,0.0,0.0,,,True
1790737200,2026-09-30T03:00:00Z,บ้านไร่,821,0.0,0.0,0.0,,,True
1790737200,2026-09-30T03:00:00Z,ลานสัก,360,0.0,0.0,0.0,,,True
1790737200,2026-09-30T03:00:00Z,หนองฉาง,89,0.0,0.0,0.0,,,True
1790737200,2026-09-30T03:00:00Z,หนองขาหย่าง,43,0.0,0.0,0.0,,,True
1790737200,2026-09-30T03:00:00Z,เชียงม่วน,82,0.0,0.0,0.0,,,True
1790737200,2026-09-30T03:00:00Z,ดอกคำใต้,37,0.0,0.0,0.0,,,True
1790737200,2026-09-30T03:00:00Z,เมืองพะเยา,6,0.0,0.0,0.0,,,True
1790737200,2026-09-30T03:00:00Z,ทองผาภูมิ,851,0.0,0.0,0.0,,,True
1790737200,2026-09-30T03:00:00Z,สังขละบุรี,793,0.0,0.0,0.0,,,True
1790737200,2026-09-30T03:00:00Z,หนองม่วงไข่,35,0.0,0.0,0.0,,,True
1790737200,2026-09-30T03:00:00Z,ภูเวียง,81,0.0,0.0,0.0,,,True
1790737200,2026-09-30T03:00:00Z,มัญจาคีรี,50,0.0,0.0,0.0,,,True
1790737200,2026-09-30T03:00:00Z,หนองปรือ,104,0.0,0.0,0.0,,,True
1790737200,2026-09-30T03:00:00Z,เลาขวัญ,123,0.0,0.0,0.0,,,True
1790737200,2026-09-30T03:00:00Z,หนองนาคำ,43,0.0,0.0,0.0,,,True
1790737200,2026-09-30T03:00:00Z,โคกโพธิ์ไชย,65,0.0,0.0,0.0,,,True
1790737200,2026-09-30T03:00:00Z,บ้านหลวง,91,0.0,0.0,0.0,,,True
1790737200,2026-09-30T03:00:00Z,นาน้อย,266,0.0,0.0,0.0,,,True
1790737200,2026-09-30T03:00:00Z,ภูผาม่าน,74,0.0,0.0,0.0,,,True
1790737200,2026-09-30T03:00:00Z,เมืองน่าน,161,0.0,0.0,0.0,,,True
1790737200,2026-09-30T03:00:00Z,แม่จริม,262,0.0,0.0,0.0,,,True
1790737200,2026-09-30T03:00:00Z,เวียงเก่า,78,0.0,0.0,0.0,,,True
1790737200,2026-09-30T03:00:00Z,เมืองกำแพงเพชร,368,0.0,0.0,0.0,,,True
1790737200,2026-09-30T03:00:00Z,ไทรงาม,133,0.0,0.0,0.0,,,True
1790737200,2026-09-30T03:00:00Z,ปางศิลาทอง,186,0.0,0.0,0.0,,,True
1790737200,2026-09-30T03:00:00Z,ลานกระบือ,103,0.0,0.0,0.0,,,True
1790737200,2026-09-30T03:00:00Z,ทรายทองวัฒนา,53,0.0,0.0,0.0,,,True
1790737200,2026-09-30T03:00:00Z,คลองขลุง,179,0.0,0.0,0.0,,,True
1790737200,2026-09-30T03:00:00Z,พรานกระต่าย,252,0.0,0.0,0.0,,,True
1790737200,2026-09-30T03:00:00Z,คลองลาน,363,0.0,0.0,0.0,,,True
1790737200,2026-09-30T03:00:00Z,ขาณุวรลักษบุรี,296,0.0,0.0,0.0,,,True
1790737200,2026-09-30T03:00:00Z,ภูเพียง,113,0.0,0.0,0.0,,,True
1790737200,2026-09-30T03:00:00Z,นาหมื่น,245,0.0,0.0,0.0,,,True
1790737200,2026-09-30T03:00:00Z,เวียงสา,543,0.0,0.0,0.0,,,True
1790737200,2026-09-30T03:00:00Z,น้ำโสม,153,0.0,0.0,0.0,,,True
1790737200,2026-09-30T03:00:00Z,นายูง,126,0.0,0.0,0.0,,,True
1790737200,2026-09-30T03:00:00Z,ชุมแพ,173,0.0,0.0,0.0,,,True
1790737200,2026-09-30T03:00:00Z,สีชมพู,132,0.0,0.0,0.0,,,True
1790737200,2026-09-30T03:00:00Z,สุวรรณคูหา,140,0.0,0.0,0.0,,,True
1790737200,2026-09-30T03:00:00Z,นาวัง,65,0.0,0.0,0.0,,,True
1790737200,2026-09-30T03:00:00Z,หนองเรือ,80,0.0,0.0,0.0,,,True
1790737200,2026-09-30T03:00:00Z,โนนสัง,51,0.0,0.0,0.0,,,True
1790737200,2026-09-30T03:00:00Z,ศรีบุญเรือง,224,0.0,0.0,0.0,,,True
1790737200,2026-09-30T03:00:00Z,เมืองหนองบัวลำภู,217,0.0,0.0,0.0,,,True
1790737200,2026-09-30T03:00:00Z,นากลาง,173,0.0,0.0,0.0,,,True
1790737200,2026-09-30T03:00:00Z,ทุ่งเสลี่ยม,144,0.0,0.0,0.0,,,True
1790737200,2026-09-30T03:00:00Z,ดอยหล่อ,56,0.0,0.0,0.0,,,True
1790737200,2026-09-30T03:00:00Z,เมืองตาก,486,0.0,0.0,0.0,,,True
1790737200,2026-09-30T03:00:00Z,แม่ออน,116,0.0,0.0,0.0,,,True
1790737200,2026-09-30T03:00:00Z,อุ้มผาง,1209,0.0,0.0,0.0,,,True
1790737200,2026-09-30T03:00:00Z,วังเจ้า,183,0.0,0.0,0.0,,,True
1790737200,2026-09-30T03:00:00Z,แม่สอด,398,0.0,0.0,0.0,,,True
1790737200,2026-09-30T03:00:00Z,พบพระ,249,0.0,0.0,0.0,,,True
1790737200,2026-09-30T03:00:00Z,แม่ระมาด,380,0.0,0.0,0.0,,,True
1790737200,2026-09-30T03:00:00Z,ท่าสองยาง,401,0.0,0.0,0.0,,,True
1790737200,2026-09-30T03:00:00Z,บ้านตาก,255,0.0,0.0,0.0,,,True
1790737200,2026-09-30T03:00:00Z,สามเงา,698,0.0,0.0,0.0,,,True
1790737200,2026-09-30T03:00:00Z,จอมทอง,280,0.0,0.0,0.0,,,True
1790737200,2026-09-30T03:00:00Z,แก้งสนามนาง,79,0.0,0.0,0.0,,,True
1790737200,2026-09-30T03:00:00Z,สีคิ้ว,292,0.0,0.0,0.0,,,True
1790737200,2026-09-30T03:00:00Z,พระทองคำ,90,0.0,0.0,0.0,,,True
1790737200,2026-09-30T03:00:00Z,เทพารักษ์,92,0.0,0.0,0.0,,,True
1790737200,2026-09-30T03:00:00Z,สันกำแพง,65,0.0,0.0,0.0,,,True
1790737200,2026-09-30T03:00:00Z,สันป่าตอง,44,0.0,0.0,0.0,,,True
1790737200,2026-09-30T03:00:00Z,ดอยเต่า,213,0.0,0.0,0.0,,,True
1790737200,2026-09-30T03:00:00Z,อมก๋อย,704,0.0,0.0,0.0,,,True
1790737200,2026-09-30T03:00:00Z,ฮอด,378,0.0,0.0,0.0,,,True
1790737200,2026-09-30T03:00:00Z,เมืองลำพูน,117,0.0,0.0,0.0,,,True
1790737200,2026-09-30T03:00:00Z,แม่ทา,192,0.0,0.0,0.0,,,True
1790737200,2026-09-30T03:00:00Z,บ้านธิ,34,0.0,0.0,0.0,,,True
1790737200,2026-09-30T03:00:00Z,บ้านหมอ,24,0.0,0.0,0.0,,,True
1790737200,2026-09-30T03:00:00Z,เวียงหนองล่อง,14,0.0,0.0,0.0,,,True
1790737200,2026-09-30T03:00:00Z,ทุ่งหัวช้าง,113,0.0,0.0,0.0,,,True
1790737200,2026-09-30T03:00:00Z,ป่าซาง,74,0.0,0.0,0.0,,,True
1790737200,2026-09-30T03:00:00Z,บ้านโฮ่ง,124,0.0,0.0,0.0,,,True
1790737200,2026-09-30T03:00:00Z,แก่งคอย,73,0.0,0.0,0.0,,,True
1790737200,2026-09-30T03:00:00Z,ลี้,454,0.0,0.0,0.0,,,True
1790737200,2026-09-30T03:00:00Z,พระพุทธบาท,55,0.0,0.0,0.0,,,True
1790737200,2026-09-30T03:00:00Z,ดอนพุด,7,0.0,0.0,0.0,,,True
1790737200,2026-09-30T03:00:00Z,หนองโดน,31,0.0,0.0,0.0,,,True
1790737200,2026-09-30T03:00:00Z,เมืองลำปาง,300,0.0,0.0,0.0,,,True
1790737200,2026-09-30T03:00:00Z,เถิน,443,0.0,0.0,0.0,,,True
1790737200,2026-09-30T03:00:00Z,แม่พริก,167,0.0,0.0,0.0,,,True
1790737200,2026-09-30T03:00:00Z,แจ้ห่ม,274,0.0,0.0,0.0,,,True
1790737200,2026-09-30T03:00:00Z,แม่เปิน,85,0.0,0.0,0.0,,,True
1790737200,2026-09-30T03:00:00Z,เสริมงาม,185,0.0,0.0,0.0,,,True
1790737200,2026-09-30T03:00:00Z,ชุมตาบง,61,0.0,0.0,0.0,,,True
1790737200,2026-09-30T03:00:00Z,งาว,344,0.0,0.0,0.0,,,True
1790737200,2026-09-30T03:00:00Z,ตากฟ้า,125,0.0,0.0,0.0,,,True
1790737200,2026-09-30T03:00:00Z,แม่เมาะ,283,0.0,0.0,0.0,,,True
1790737200,2026-09-30T03:00:00Z,แม่วงก์,257,0.0,0.0,0.0,,,True
1790737200,2026-09-30T03:00:00Z,เกาะคา,128,0.0,0.0,0.0,,,True
1790737200,2026-09-30T03:00:00Z,พยุหะคีรี,169,0.0,0.0,0.0,,,True
1790737200,2026-09-30T03:00:00Z,ลาดยาว,187,0.0,0.0,0.0,,,True
1790737200,2026-09-30T03:00:00Z,สบปราบ,125,0.0,0.0,0.0,,,True
1790737200,2026-09-30T03:00:00Z,ห้างฉัตร,154,0.0,0.0,0.0,,,True
1790737200,2026-09-30T03:00:00Z,แม่ทะ,203,0.0,0.0,0.0,,,True
1790737200,2026-09-30T03:00:00Z,เมืองปาน,202,0.0,0.0,0.0,,,True
1790737200,2026-09-30T03:00:00Z,เมืองอ่างทอง,6,0.0,0.0,0.0,,,True
1790737200,2026-09-30T03:00:00Z,ไชโย,20,0.0,0.0,0.0,,,True
1790737200,2026-09-30T03:00:00Z,สามโก้,10,0.0,0.0,0.0,,,True
1790737200,2026-09-30T03:00:00Z,แสวงหา,43,0.0,0.0,0.0,,,True
1790737200,2026-09-30T03:00:00Z,วิเศษชัยชาญ,7,0.0,0.0,0.0,,,True
1790737200,2026-09-30T03:00:00Z,โพธิ์ทอง,48,0.0,0.0,0.0,,,True
1790737200,2026-09-30T03:00:00Z,เมืองลพบุรี,190,0.0,0.0,0.0,,,True
1790737200,2026-09-30T03:00:00Z,เดิมบางนางบวช,130,0.0,0.0,0.0,,,True
1790737200,2026-09-30T03:00:00Z,ด่านช้าง,309,0.0,0.0,0.0,,,True
1790737200,2026-09-30T03:00:00Z,หนองม่วง,111,0.0,0.0,0.0,,,True
1790737200,2026-09-30T03:00:00Z,ลำสนธิ,136,0.0,0.0,0.0,,,True
1790737200,2026-09-30T03:00:00Z,สามชุก,77,0.0,0.0,0.0,,,True
1790737200,2026-09-30T03:00:00Z,ดอนเจดีย์,72,0.0,0.0,0.0,,,True
1790737200,2026-09-30T03:00:00Z,สระโบสถ์,83,0.0,0.0,0.0,,,True
1790737200,2026-09-30T03:00:00Z,ศรีประจันต์,41,0.0,0.0,0.0,,,True
1790737200,2026-09-30T03:00:00Z,โคกเจริญ,135,0.0,0.0,0.0,,,True
1790737200,2026-09-30T03:00:00Z,บ้านหมี่,136,0.0,0.0,0.0,,,True
1790737200,2026-09-30T03:00:00Z,ท่าหลวง,100,0.0,0.0,0.0,,,True
1790737200,2026-09-30T03:00:00Z,ชัยบาดาล,280,0.0,0.0,0.0,,,True
1790737200,2026-09-30T03:00:00Z,ท่าวุ้ง,64,0.0,0.0,0.0,,,True
1790737200,2026-09-30T03:00:00Z,พัฒนานิคม,217,0.0,0.0,0.0,,,True
1790737200,2026-09-30T03:00:00Z,โคกสำโรง,180,0.0,0.0,0.0,,,True
1790737200,2026-09-30T03:00:00Z,หนองหญ้าไซ,108,0.0,0.0,0.0,,,True
1790737200,2026-09-30T03:00:00Z,ท่าช้าง,11,0.0,0.0,0.0,,,True
1790737200,2026-09-30T03:00:00Z,อินทร์บุรี,66,0.0,0.0,0.0,,,True
1790737200,2026-09-30T03:00:00Z,ค่ายบางระจัน,26,0.0,0.0,0.0,,,True
1790737200,2026-09-30T03:00:00Z,พรหมบุรี,19,0.0,0.0,0.0,,,True
1790737200,2026-09-30T03:00:00Z,เนินสง่า,65,0.0,0.0,0.0,,,True
1790737200,2026-09-30T03:00:00Z,เมืองสิงห์บุรี,31,0.0,0.0,0.0,,,True
1790737200,2026-09-30T03:00:00Z,ซับใหญ่,72,0.0,0.0,0.0,,,True
1790737200,2026-09-30T03:00:00Z,บางระจัน,46,0.0,0.0,0.0,,,True
1790737200,2026-09-30T03:00:00Z,ภูกระดึง,190,0.0,0.0,0.0,,,True
1790737200,2026-09-30T03:00:00Z,ภูหลวง,145,0.0,0.0,0.0,,,True
1790737200,2026-09-30T03:00:00Z,หนองหิน,78,0.0,0.0,0.0,,,True
1790737200,2026-09-30T03:00:00Z,ผาขาว,100,0.0,0.0,0.0,,,True
1790737200,2026-09-30T03:00:00Z,เอราวัณ,87,0.0,0.0,0.0,,,True
1790737200,2026-09-30T03:00:00Z,วังสะพุง,281,0.0,0.0,0.0,,,True
1790737200,2026-09-30T03:00:00Z,วังม่วง,70,0.0,0.0,0.0,,,True
1790737200,2026-09-30T03:00:00Z,เฉลิมพระเกียรติ,35,0.0,0.0,0.0,,,True
1790737200,2026-09-30T03:00:00Z,มวกเหล็ก,175,0.0,0.0,0.0,,,True
1790737200,2026-09-30T03:00:00Z,บ้านเขว้า,124,0.0,0.0,0.0,,,True
1790737200,2026-09-30T03:00:00Z,คอนสวรรค์,113,0.0,0.0,0.0,,,True
1790737200,2026-09-30T03:00:00Z,เมืองชัยภูมิ,358,0.0,0.0,0.0,,,True
1790737200,2026-09-30T03:00:00Z,วังทอง,425,0.0,0.0,0.0,,,True
1790737200,2026-09-30T03:00:00Z,เนินมะปราง,276,0.0,0.0,0.0,,,True
1790737200,2026-09-30T03:00:00Z,สวรรคโลก,156,0.0,0.0,0.0,,,True
1790737200,2026-09-30T03:00:00Z,ศรีนคร,46,0.0,0.0,0.0,,,True
1790737200,2026-09-30T03:00:00Z,หันคา,139,0.0,0.0,0.0,,,True
1790737200,2026-09-30T03:00:00Z,ศรีสัชนาลัย,534,0.0,0.0,0.0,,,True
1790737200,2026-09-30T03:00:00Z,หนองมะโมง,76,0.0,0.0,0.0,,,True
1790737200,2026-09-30T03:00:00Z,ศรีสำโรง,142,0.0,0.0,0.0,,,True
1790737200,2026-09-30T03:00:00Z,สรรพยา,55,0.0,0.0,0.0,,,True
1790737200,2026-09-30T03:00:00Z,คีรีมาศ,171,0.0,0.0,0.0,,,True
1790737200,2026-09-30T03:00:00Z,สรรคบุรี,89,0.0,0.0,0.0,,,True
1790737200,2026-09-30T03:00:00Z,กงไกรลาศ,108,0.0,0.0,0.0,,,True
1790737200,2026-09-30T03:00:00Z,มโนรมย์,66,0.0,0.0,0.0,,,True
1790737200,2026-09-30T03:00:00Z,เมืองสุโขทัย,136,0.0,0.0,0.0,,,True
1790737200,2026-09-30T03:00:00Z,วัดสิงห์,67,0.0,0.0,0.0,,,True
1790737200,2026-09-30T03:00:00Z,บ้านด่านลานหอย,231,0.0,0.0,0.0,,,True
1790737200,2026-09-30T03:00:00Z,เมืองชัยนาท,70,0.0,0.0,0.0,,,True
1790737200,2026-09-30T03:00:00Z,เนินขาม,65,0.0,0.0,0.0,,,True
1790737200,2026-09-30T03:00:00Z,คอนสาร,334,0.0,0.0,0.0,,,True
1790737200,2026-09-30T03:00:00Z,ภักดีชุมพล,154,0.0,0.0,0.0,,,True
1790737200,2026-09-30T03:00:00Z,บ้านแท่น,76,0.0,0.0,0.0,,,True
1790737200,2026-09-30T03:00:00Z,แก้งคร้อ,168,0.0,0.0,0.0,,,True
1790737200,2026-09-30T03:00:00Z,ภูเขียว,201,0.0,0.0,0.0,,,True
1790737200,2026-09-30T03:00:00Z,หนองบัวระเหว,179,0.0,0.0,0.0,,,True
1790737200,2026-09-30T03:00:00Z,เทพสถิต,239,0.0,0.0,0.0,,,True
1790737200,2026-09-30T03:00:00Z,จัตุรัส,172,0.0,0.0,0.0,,,True
1790737200,2026-09-30T03:00:00Z,บำเหน็จณรงค์,120,0.0,0.0,0.0,,,True
1790737200,2026-09-30T03:00:00Z,เกษตรสมบูรณ์,268,0.0,0.0,0.0,,,True
1790737200,2026-09-30T03:00:00Z,หนองบัวแดง,537,0.0,0.0,0.0,,,True
1790737200,2026-09-30T03:00:00Z,ภูเรือ,168,0.0,0.0,0.0,,,True
1790737200,2026-09-30T03:00:00Z,ท่าลี่,171,0.0,0.0,0.0,,,True
1790737200,2026-09-30T03:00:00Z,วชิรบารมี,68,0.0,0.0,0.0,,,True
1790737200,2026-09-30T03:00:00Z,ด่านซ้าย,341,0.0,0.0,0.0,,,True
1790737200,2026-09-30T03:00:00Z,นาแห้ว,153,0.0,0.0,0.0,,,True
1790737200,2026-09-30T03:00:00Z,บึงนาราง,74,0.0,0.0,0.0,,,True
1790737200,2026-09-30T03:00:00Z,เชียงคาน,213,0.0,0.0,0.0,,,True
1790737200,2026-09-30T03:00:00Z,ดงเจริญ,56,0.0,0.0,0.0,,,True
1790737200,2026-09-30T03:00:00Z,ปากชม,240,0.0,0.0,0.0,,,True
1790737200,2026-09-30T03:00:00Z,เมืองเลย,314,0.0,0.0,0.0,,,True
1790737200,2026-09-30T03:00:00Z,นาด้วง,143,0.0,0.0,0.0,,,True
1790737200,2026-09-30T03:00:00Z,สากเหล็ก,45,0.0,0.0,0.0,,,True
1790737200,2026-09-30T03:00:00Z,สามง่าม,89,0.0,0.0,0.0,,,True
1790737200,2026-09-30T03:00:00Z,ทับคล้อ,104,0.0,0.0,0.0,,,True
1790737200,2026-09-30T03:00:00Z,พรหมพิราม,206,0.0,0.0,0.0,,,True
1790737200,2026-09-30T03:00:00Z,ด่านขุนทด,344,0.0,0.0,0.0,,,True
1790737200,2026-09-30T03:00:00Z,วัดโบสถ์,226,0.0,0.0,0.0,,,True
1790737200,2026-09-30T03:00:00Z,บางระกำ,246,0.0,0.0,0.0,,,True
1790737200,2026-09-30T03:00:00Z,บางกระทุ่ม,91,0.0,0.0,0.0,,,True
1790737200,2026-09-30T03:00:00Z,นครไทย,597,0.0,0.0,0.0,,,True
1790737200,2026-09-30T03:00:00Z,ชาติตระการ,415,0.0,0.0,0.0,,,True
1790737200,2026-09-30T03:00:00Z,บ้านเหลื่อม,55,0.0,0.0,0.0,,,True
1790737200,2026-09-30T03:00:00Z,เมืองพิษณุโลก,178,0.0,0.0,0.0,,,True
1790737200,2026-09-30T03:00:00Z,ชุมแสง,145,0.0,0.0,0.0,,,True
1790737200,2026-09-30T03:00:00Z,หนองบัว,208,0.0,0.0,0.0,,,True
1790737200,2026-09-30T03:00:00Z,เมืองนครสวรรค์,183,0.0,0.0,0.0,,,True
1790737200,2026-09-30T03:00:00Z,โกรกพระ,71,0.0,0.0,0.0,,,True
1790737200,2026-09-30T03:00:00Z,ไพศาลี,244,0.0,0.0,0.0,,,True
1790737200,2026-09-30T03:00:00Z,ตาคลี,206,0.0,0.0,0.0,,,True
1790737200,2026-09-30T03:00:00Z,ท่าตะโก,211,0.0,0.0,0.0,,,True
1790737200,2026-09-30T03:00:00Z,เขาค้อ,207,0.0,0.0,0.0,,,True
1790737200,2026-09-30T03:00:00Z,บรรพตพิสัย,181,0.0,0.0,0.0,,,True
1790737200,2026-09-30T03:00:00Z,เก้าเลี้ยว,57,0.0,0.0,0.0,,,True
1790737200,2026-09-30T03:00:00Z,วังโป่ง,123,0.0,0.0,0.0,,,True
1790737200,2026-09-30T03:00:00Z,บึงสามพัน,194,0.0,0.0,0.0,,,True
1790737200,2026-09-30T03:00:00Z,น้ำหนาว,231,0.0,0.0,0.0,,,True
1790737200,2026-09-30T03:00:00Z,ศรีเทพ,204,0.0,0.0,0.0,,,True
1790737200,2026-09-30T03:00:00Z,หนองไผ่,315,0.0,0.0,0.0,,,True
1790737200,2026-09-30T03:00:00Z,มหาราช,4,0.0,0.0,0.0,,,False
1790737200,2026-09-30T03:00:00Z,บ้านแพรก,10,0.0,0.0,0.0,,,True
1790737200,2026-09-30T03:00:00Z,บางมูลนาก,99,0.0,0.0,0.0,,,True
1790737200,2026-09-30T03:00:00Z,โพทะเล,131,0.0,0.0,0.0,,,True
1790737200,2026-09-30T03:00:00Z,โพธิ์ประทับช้าง,102,0.0,0.0,0.0,,,True
1790737200,2026-09-30T03:00:00Z,ตะพานหิน,109,0.0,0.0,0.0,,,True
1790737200,2026-09-30T03:00:00Z,เมืองพิจิตร,138,0.0,0.0,0.0,,,True
1790737200,2026-09-30T03:00:00Z,วังทรายพูน,66,0.0,0.0,0.0,,,True
1790738100,2026-09-30T03:15:00Z,พิชัย,176,0.0,0.0,0.0,,,True
1790738100,2026-09-30T03:15:00Z,ลับแล,116,0.0,0.0,0.0,,,True
1790738100,2026-09-30T03:15:00Z,ฟากท่า,163,0.0,0.0,0.0,,,True
1790738100,2026-09-30T03:15:00Z,บ้านโคก,247,0.0,0.0,0.0,,,True
1790738100,2026-09-30T03:15:00Z,ท่าปลา,442,0.0,0.0,0.0,,,True
1790738100,2026-09-30T03:15:00Z,น้ำปาด,363,0.0,0.0,0.0,,,True
1790738100,2026-09-30T03:15:00Z,เมืองอุตรดิตถ์,202,0.0,0.0,0.0,,,True
1790738100,2026-09-30T03:15:00Z,ตรอน,80,0.0,0.0,0.0,,,True
1790738100,2026-09-30T03:15:00Z,หล่มเก่า,246,0.0,0.0,0.0,,,True
1790738100,2026-09-30T03:15:00Z,วิเชียรบุรี,377,0.0,0.0,0.0,,,True
1790738100,2026-09-30T03:15:00Z,ชนแดน,279,0.0,0.0,0.0,,,True
1790738100,2026-09-30T03:15:00Z,หล่มสัก,350,0.0,0.0,0.0,,,True
1790738100,2026-09-30T03:15:00Z,เมืองเพชรบูรณ์,571,0.0,0.0,0.0,,,True
1790738100,2026-09-30T03:15:00Z,ทองแสนขัน,185,0.0,0.0,0.0,,,True
1790738100,2026-09-30T03:15:00Z,บึงสามัคคี,71,0.0,0.0,0.0,,,True
1790738100,2026-09-30T03:15:00Z,โกสัมพีนคร,137,0.0,0.0,0.0,,,True
1790738100,2026-09-30T03:15:00Z,สอง,380,0.0,0.0,0.0,,,True
1790738100,2026-09-30T03:15:00Z,วังชิ้น,255,0.0,0.0,0.0,,,True
1790738100,2026-09-30T03:15:00Z,สูงเม่น,88,0.0,0.0,0.0,,,True
1790738100,2026-09-30T03:15:00Z,เด่นชัย,135,0.0,0.0,0.0,,,True
1790738100,2026-09-30T03:15:00Z,ร้องกวาง,221,0.0,0.0,0.0,,,True
1790738100,2026-09-30T03:15:00Z,ลอง,317,0.0,0.0,0.0,,,True
1790738100,2026-09-30T03:15:00Z,เมืองแพร่,205,0.0,0.0,0.0,,,True
1790738100,2026-09-30T03:15:00Z,ทัพทัน,94,0.0,0.0,0.0,,,True
1790738100,2026-09-30T03:15:00Z,สว่างอารมณ์,110,0.0,0.0,0.0,,,True
1790738100,2026-09-30T03:15:00Z,เมืองอุทัยธานี,59,0.0,0.0,0.0,,,True
1790738100,2026-09-30T03:15:00Z,ห้วยคต,94,0.0,0.0,0.0,,,True
1790738100,2026-09-30T03:15:00Z,ศรีสวัสดิ์,440,0.0,0.0,0.0,,,True
1790738100,2026-09-30T03:15:00Z,บ้านไร่,821,0.0,0.0,0.0,,,True
1790738100,2026-09-30T03:15:00Z,ลานสัก,360,0.0,0.0,0.0,,,True
1790738100,2026-09-30T03:15:00Z,หนองฉาง,89,0.0,0.0,0.0,,,True
1790738100,2026-09-30T03:15:00Z,หนองขาหย่าง,43,0.0,0.0,0.0,,,True
1790738100,2026-09-30T03:15:00Z,เชียงม่วน,82,0.0,0.0,0.0,,,True
1790738100,2026-09-30T03:15:00Z,ดอกคำใต้,37,0.0,0.0,0.0,,,True
1790738100,2026-09-30T03:15:00Z,เมืองพะเยา,6,0.0,0.0,0.0,,,True
1790738100,2026-09-30T03:15:00Z,ทองผาภูมิ,851,0.0,0.0,0.0,,,True
1790738100,2026-09-30T03:15:00Z,สังขละบุรี,793,0.0,0.0,0.0,,,True
1790738100,2026-09-30T03:15:00Z,หนองม่วงไข่,35,0.0,0.0,0.0,,,True
1790738100,2026-09-30T03:15:00Z,ภูเวียง,81,0.0,0.0,0.0,,,True
1790738100,2026-09-30T03:15:00Z,มัญจาคีรี,50,0.0,0.0,0.0,,,True
1790738100,2026-09-30T03:15:00Z,หนองปรือ,104,0.0,0.0,0.0,,,True
1790738100,2026-09-30T03:15:00Z,เลาขวัญ,123,0.0,0.0,0.0,,,True
1790738100,2026-09-30T03:15:00Z,หนองนาคำ,43,0.0,0.0,0.0,,,True
1790738100,2026-09-30T03:15:00Z,โคกโพธิ์ไชย,65,0.0,0.0,0.0,,,True
1790738100,2026-09-30T03:15:00Z,บ้านหลวง,91,0.0,0.0,0.0,,,True
1790738100,2026-09-30T03:15:00Z,นาน้อย,266,0.0,0.0,0.0,,,True
1790738100,2026-09-30T03:15:00Z,ภูผาม่าน,74,0.0,0.0,0.0,,,True
1790738100,2026-09-30T03:15:00Z,เมืองน่าน,161,0.0,0.0,0.0,,,True
1790738100,2026-09-30T03:15:00Z,แม่จริม,262,0.0,0.0,0.0,,,True
1790738100,2026-09-30T03:15:00Z,เวียงเก่า,78,0.0,0.0,0.0,,,True
1790738100,2026-09-30T03:15:00Z,เมืองกำแพงเพชร,368,0.0,0.0,0.0,,,True
1790738100,2026-09-30T03:15:00Z,ไทรงาม,133,0.0,0.0,0.0,,,True
1790738100,2026-09-30T03:15:00Z,ปางศิลาทอง,186,0.0,0.0,0.0,,,True
1790738100,2026-09-30T03:15:00Z,ลานกระบือ,103,0.0,0.0,0.0,,,True
1790738100,2026-09-30T03:15:00Z,ทรายทองวัฒนา,53,0.0,0.0,0.0,,,True
1790738100,2026-09-30T03:15:00Z,คลองขลุง,179,0.0,0.0,0.0,,,True
1790738100,2026-09-30T03:15:00Z,พรานกระต่าย,252,0.0,0.0,0.0,,,True
1790738100,2026-09-30T03:15:00Z,คลองลาน,363,0.0,0.0,0.0,,,True
1790738100,2026-09-30T03:15:00Z,ขาณุวรลักษบุรี,296,0.0,0.0,0.0,,,True
1790738100,2026-09-30T03:15:00Z,ภูเพียง,113,0.0,0.0,0.0,,,True
1790738100,2026-09-30T03:15:00Z,นาหมื่น,245,0.0,0.0,0.0,,,True
1790738100,2026-09-30T03:15:00Z,เวียงสา,543,0.0,0.0,0.0,,,True
1790738100,2026-09-30T03:15:00Z,น้ำโสม,153,0.0,0.0,0.0,,,True
1790738100,2026-09-30T03:15:00Z,นายูง,126,0.0,0.0,0.0,,,True
1790738100,2026-09-30T03:15:00Z,ชุมแพ,173,0.0,0.0,0.0,,,True
1790738100,2026-09-30T03:15:00Z,สีชมพู,132,0.0,0.0,0.0,,,True
1790738100,2026-09-30T03:15:00Z,สุวรรณคูหา,140,0.0,0.0,0.0,,,True
1790738100,2026-09-30T03:15:00Z,นาวัง,65,0.0,0.0,0.0,,,True
1790738100,2026-09-30T03:15:00Z,หนองเรือ,80,0.0,0.0,0.0,,,True
1790738100,2026-09-30T03:15:00Z,โนนสัง,51,0.0,0.0,0.0,,,True
1790738100,2026-09-30T03:15:00Z,ศรีบุญเรือง,224,0.0,0.0,0.0,,,True
1790738100,2026-09-30T03:15:00Z,เมืองหนองบัวลำภู,217,0.0,0.0,0.0,,,True
1790738100,2026-09-30T03:15:00Z,นากลาง,173,0.0,0.0,0.0,,,True
1790738100,2026-09-30T03:15:00Z,ทุ่งเสลี่ยม,144,0.0,0.0,0.0,,,True
1790738100,2026-09-30T03:15:00Z,ดอยหล่อ,56,0.0,0.0,0.0,,,True
1790738100,2026-09-30T03:15:00Z,เมืองตาก,486,0.0,0.0,0.0,,,True
1790738100,2026-09-30T03:15:00Z,แม่ออน,116,0.0,0.0,0.0,,,True
1790738100,2026-09-30T03:15:00Z,อุ้มผาง,1209,0.0,0.0,0.0,,,True
1790738100,2026-09-30T03:15:00Z,วังเจ้า,183,0.0,0.0,0.0,,,True
1790738100,2026-09-30T03:15:00Z,แม่สอด,398,0.0,0.0,0.0,,,True
1790738100,2026-09-30T03:15:00Z,พบพระ,249,0.0,0.0,0.0,,,True
1790738100,2026-09-30T03:15:00Z,แม่ระมาด,380,0.0,0.0,0.0,,,True
1790738100,2026-09-30T03:15:00Z,ท่าสองยาง,401,0.0,0.0,0.0,,,True
1790738100,2026-09-30T03:15:00Z,บ้านตาก,255,0.0,0.0,0.0,,,True
1790738100,2026-09-30T03:15:00Z,สามเงา,698,0.0,0.0,0.0,,,True
1790738100,2026-09-30T03:15:00Z,จอมทอง,280,0.0,0.0,0.0,,,True
1790738100,2026-09-30T03:15:00Z,แก้งสนามนาง,79,0.0,0.0,0.0,,,True
1790738100,2026-09-30T03:15:00Z,สีคิ้ว,292,0.0,0.0,0.0,,,True
1790738100,2026-09-30T03:15:00Z,พระทองคำ,90,0.0,0.0,0.0,,,True
1790738100,2026-09-30T03:15:00Z,เทพารักษ์,92,0.0,0.0,0.0,,,True
1790738100,2026-09-30T03:15:00Z,สันกำแพง,65,0.0,0.0,0.0,,,True
1790738100,2026-09-30T03:15:00Z,สันป่าตอง,44,0.0,0.0,0.0,,,True
1790738100,2026-09-30T03:15:00Z,ดอยเต่า,213,0.0,0.0,0.0,,,True
1790738100,2026-09-30T03:15:00Z,อมก๋อย,704,0.0,0.0,0.0,,,True
1790738100,2026-09-30T03:15:00Z,ฮอด,378,0.0,0.0,0.0,,,True
1790738100,2026-09-30T03:15:00Z,เมืองลำพูน,117,0.0,0.0,0.0,,,True
1790738100,2026-09-30T03:15:00Z,แม่ทา,192,0.0,0.0,0.0,,,True
1790738100,2026-09-30T03:15:00Z,บ้านธิ,34,0.0,0.0,0.0,,,True
1790738100,2026-09-30T03:15:00Z,บ้านหมอ,24,0.0,0.0,0.0,,,True
1790738100,2026-09-30T03:15:00Z,เวียงหนองล่อง,14,0.0,0.0,0.0,,,True
1790738100,2026-09-30T03:15:00Z,ทุ่งหัวช้าง,113,0.0,0.0,0.0,,,True
1790738100,2026-09-30T03:15:00Z,ป่าซาง,74,0.0,0.0,0.0,,,True
1790738100,2026-09-30T03:15:00Z,บ้านโฮ่ง,124,0.0,0.0,0.0,,,True
1790738100,2026-09-30T03:15:00Z,แก่งคอย,73,0.0,0.0,0.0,,,True
1790738100,2026-09-30T03:15:00Z,ลี้,454,0.0,0.0,0.0,,,True
1790738100,2026-09-30T03:15:00Z,พระพุทธบาท,55,0.0,0.0,0.0,,,True
1790738100,2026-09-30T03:15:00Z,ดอนพุด,7,0.0,0.0,0.0,,,True
1790738100,2026-09-30T03:15:00Z,หนองโดน,31,0.0,0.0,0.0,,,True
1790738100,2026-09-30T03:15:00Z,เมืองลำปาง,300,0.0,0.0,0.0,,,True
1790738100,2026-09-30T03:15:00Z,เถิน,443,0.0,0.0,0.0,,,True
1790738100,2026-09-30T03:15:00Z,แม่พริก,167,0.0,0.0,0.0,,,True
1790738100,2026-09-30T03:15:00Z,แจ้ห่ม,274,0.0,0.0,0.0,,,True
1790738100,2026-09-30T03:15:00Z,แม่เปิน,85,0.0,0.0,0.0,,,True
1790738100,2026-09-30T03:15:00Z,เสริมงาม,185,0.0,0.0,0.0,,,True
1790738100,2026-09-30T03:15:00Z,ชุมตาบง,61,0.0,0.0,0.0,,,True
1790738100,2026-09-30T03:15:00Z,งาว,344,0.0,0.0,0.0,,,True
1790738100,2026-09-30T03:15:00Z,ตากฟ้า,125,0.0,0.0,0.0,,,True
1790738100,2026-09-30T03:15:00Z,แม่เมาะ,283,0.0,0.0,0.0,,,True
1790738100,2026-09-30T03:15:00Z,แม่วงก์,257,0.0,0.0,0.0,,,True
1790738100,2026-09-30T03:15:00Z,เกาะคา,128,0.0,0.0,0.0,,,True
1790738100,2026-09-30T03:15:00Z,พยุหะคีรี,169,0.0,0.0,0.0,,,True
1790738100,2026-09-30T03:15:00Z,ลาดยาว,187,0.0,0.0,0.0,,,True
1790738100,2026-09-30T03:15:00Z,สบปราบ,125,0.0,0.0,0.0,,,True
1790738100,2026-09-30T03:15:00Z,ห้างฉัตร,154,0.0,0.0,0.0,,,True
1790738100,2026-09-30T03:15:00Z,แม่ทะ,203,0.0,0.0,0.0,,,True
1790738100,2026-09-30T03:15:00Z,เมืองปาน,202,0.0,0.0,0.0,,,True
1790738100,2026-09-30T03:15:00Z,เมืองอ่างทอง,6,0.0,0.0,0.0,,,True
1790738100,2026-09-30T03:15:00Z,ไชโย,20,0.0,0.0,0.0,,,True
1790738100,2026-09-30T03:15:00Z,สามโก้,10,0.0,0.0,0.0,,,True
1790738100,2026-09-30T03:15:00Z,แสวงหา,43,0.0,0.0,0.0,,,True
1790738100,2026-09-30T03:15:00Z,วิเศษชัยชาญ,7,0.0,0.0,0.0,,,True
1790738100,2026-09-30T03:15:00Z,โพธิ์ทอง,48,0.0,0.0,0.0,,,True
1790738100,2026-09-30T03:15:00Z,เมืองลพบุรี,190,0.0,0.0,0.0,,,True
1790738100,2026-09-30T03:15:00Z,เดิมบางนางบวช,130,0.0,0.0,0.0,,,True
1790738100,2026-09-30T03:15:00Z,ด่านช้าง,309,0.0,0.0,0.0,,,True
1790738100,2026-09-30T03:15:00Z,หนองม่วง,111,0.0,0.0,0.0,,,True
1790738100,2026-09-30T03:15:00Z,ลำสนธิ,136,0.0,0.0,0.0,,,True
1790738100,2026-09-30T03:15:00Z,สามชุก,77,0.0,0.0,0.0,,,True
1790738100,2026-09-30T03:15:00Z,ดอนเจดีย์,72,0.0,0.0,0.0,,,True
1790738100,2026-09-30T03:15:00Z,สระโบสถ์,83,0.0,0.0,0.0,,,True
1790738100,2026-09-30T03:15:00Z,ศรีประจันต์,41,0.0,0.0,0.0,,,True
1790738100,2026-09-30T03:15:00Z,โคกเจริญ,135,0.0,0.0,0.0,,,True
1790738100,2026-09-30T03:15:00Z,บ้านหมี่,136,0.0,0.0,0.0,,,True
1790738100,2026-09-30T03:15:00Z,ท่าหลวง,100,0.0,0.0,0.0,,,True
1790738100,2026-09-30T03:15:00Z,ชัยบาดาล,280,0.0,0.0,0.0,,,True
1790738100,2026-09-30T03:15:00Z,ท่าวุ้ง,64,0.0,0.0,0.0,,,True
1790738100,2026-09-30T03:15:00Z,พัฒนานิคม,217,0.0,0.0,0.0,,,True
1790738100,2026-09-30T03:15:00Z,โคกสำโรง,180,0.0,0.0,0.0,,,True
1790738100,2026-09-30T03:15:00Z,หนองหญ้าไซ,108,0.0,0.0,0.0,,,True
1790738100,2026-09-30T03:15:00Z,ท่าช้าง,11,0.0,0.0,0.0,,,True
1790738100,2026-09-30T03:15:00Z,อินทร์บุรี,66,0.0,0.0,0.0,,,True
1790738100,2026-09-30T03:15:00Z,ค่ายบางระจัน,26,0.0,0.0,0.0,,,True
1790738100,2026-09-30T03:15:00Z,พรหมบุรี,19,0.0,0.0,0.0,,,True
1790738100,2026-09-30T03:15:00Z,เนินสง่า,65,0.0,0.0,0.0,,,True
1790738100,2026-09-30T03:15:00Z,เมืองสิงห์บุรี,31,0.0,0.0,0.0,,,True
1790738100,2026-09-30T03:15:00Z,ซับใหญ่,72,0.0,0.0,0.0,,,True
1790738100,2026-09-30T03:15:00Z,บางระจัน,46,0.0,0.0,0.0,,,True
1790738100,2026-09-30T03:15:00Z,ภูกระดึง,190,0.0,0.0,0.0,,,True
1790738100,2026-09-30T03:15:00Z,ภูหลวง,145,0.0,0.0,0.0,,,True
1790738100,2026-09-30T03:15:00Z,หนองหิน,78,0.0,0.0,0.0,,,True
1790738100,2026-09-30T03:15:00Z,ผาขาว,100,0.0,0.0,0.0,,,True
1790738100,2026-09-30T03:15:00Z,เอราวัณ,87,0.0,0.0,0.0,,,True
1790738100,2026-09-30T03:15:00Z,วังสะพุง,281,0.0,0.0,0.0,,,True
1790738100,2026-09-30T03:15:00Z,วังม่วง,70,0.0,0.0,0.0,,,True
1790738100,2026-09-30T03:15:00Z,เฉลิมพระเกียรติ,35,0.0,0.0,0.0,,,True
1790738100,2026-09-30T03:15:00Z,มวกเหล็ก,175,0.0,0.0,0.0,,,True
1790738100,2026-09-30T03:15:00Z,บ้านเขว้า,124,0.0,0.0,0.0,,,True
1790738100,2026-09-30T03:15:00Z,คอนสวรรค์,113,0.0,0.0,0.0,,,True
1790738100,2026-09-30T03:15:00Z,เมืองชัยภูมิ,358,0.0,0.0,0.0,,,True
1790738100,2026-09-30T03:15:00Z,วังทอง,425,0.0,0.0,0.0,,,True
1790738100,2026-09-30T03:15:00Z,เนินมะปราง,276,0.0,0.0,0.0,,,True
1790738100,2026-09-30T03:15:00Z,สวรรคโลก,156,0.0,0.0,0.0,,,True
1790738100,2026-09-30T03:15:00Z,ศรีนคร,46,0.0,0.0,0.0,,,True
1790738100,2026-09-30T03:15:00Z,หันคา,139,0.0,0.0,0.0,,,True
1790738100,2026-09-30T03:15:00Z,ศรีสัชนาลัย,534,0.0,0.0,0.0,,,True
1790738100,2026-09-30T03:15:00Z,หนองมะโมง,76,0.0,0.0,0.0,,,True
1790738100,2026-09-30T03:15:00Z,ศรีสำโรง,142,0.0,0.0,0.0,,,True
1790738100,2026-09-30T03:15:00Z,สรรพยา,55,0.0,0.0,0.0,,,True
1790738100,2026-09-30T03:15:00Z,คีรีมาศ,171,0.0,0.0,0.0,,,True
1790738100,2026-09-30T03:15:00Z,สรรคบุรี,89,0.0,0.0,0.0,,,True
1790738100,2026-09-30T03:15:00Z,กงไกรลาศ,108,0.0,0.0,0.0,,,True
1790738100,2026-09-30T03:15:00Z,มโนรมย์,66,0.0,0.0,0.0,,,True
1790738100,2026-09-30T03:15:00Z,เมืองสุโขทัย,136,0.0,0.0,0.0,,,True
1790738100,2026-09-30T03:15:00Z,วัดสิงห์,67,0.0,0.0,0.0,,,True
1790738100,2026-09-30T03:15:00Z,บ้านด่านลานหอย,231,0.0,0.0,0.0,,,True
1790738100,2026-09-30T03:15:00Z,เมืองชัยนาท,70,0.0,0.0,0.0,,,True
1790738100,2026-09-30T03:15:00Z,เนินขาม,65,0.0,0.0,0.0,,,True
1790738100,2026-09-30T03:15:00Z,คอนสาร,334,0.0,0.0,0.0,,,True
1790738100,2026-09-30T03:15:00Z,ภักดีชุมพล,154,0.0,0.0,0.0,,,True
1790738100,2026-09-30T03:15:00Z,บ้านแท่น,76,0.0,0.0,0.0,,,True
1790738100,2026-09-30T03:15:00Z,แก้งคร้อ,168,0.0,0.0,0.0,,,True
1790738100,2026-09-30T03:15:00Z,ภูเขียว,201,0.0,0.0,0.0,,,True
1790738100,2026-09-30T03:15:00Z,หนองบัวระเหว,179,0.0,0.0,0.0,,,True
1790738100,2026-09-30T03:15:00Z,เทพสถิต,239,0.0,0.0,0.0,,,True
1790738100,2026-09-30T03:15:00Z,จัตุรัส,172,0.0,0.0,0.0,,,True
1790738100,2026-09-30T03:15:00Z,บำเหน็จณรงค์,120,0.0,0.0,0.0,,,True
1790738100,2026-09-30T03:15:00Z,เกษตรสมบูรณ์,268,0.0,0.0,0.0,,,True
1790738100,2026-09-30T03:15:00Z,หนองบัวแดง,537,0.0,0.0,0.0,,,True
1790738100,2026-09-30T03:15:00Z,ภูเรือ,168,0.0,0.0,0.0,,,True
1790738100,2026-09-30T03:15:00Z,ท่าลี่,171,0.0,0.0,0.0,,,True
1790738100,2026-09-30T03:15:00Z,วชิรบารมี,68,0.0,0.0,0.0,,,True
1790738100,2026-09-30T03:15:00Z,ด่านซ้าย,341,0.0,0.0,0.0,,,True
1790738100,2026-09-30T03:15:00Z,นาแห้ว,153,0.0,0.0,0.0,,,True
1790738100,2026-09-30T03:15:00Z,บึงนาราง,74,0.0,0.0,0.0,,,True
1790738100,2026-09-30T03:15:00Z,เชียงคาน,213,0.0,0.0,0.0,,,True
1790738100,2026-09-30T03:15:00Z,ดงเจริญ,56,0.0,0.0,0.0,,,True
1790738100,2026-09-30T03:15:00Z,ปากชม,240,0.0,0.0,0.0,,,True
1790738100,2026-09-30T03:15:00Z,เมืองเลย,314,0.0,0.0,0.0,,,True
1790738100,2026-09-30T03:15:00Z,นาด้วง,143,0.0,0.0,0.0,,,True
1790738100,2026-09-30T03:15:00Z,สากเหล็ก,45,0.0,0.0,0.0,,,True
1790738100,2026-09-30T03:15:00Z,สามง่าม,89,0.0,0.0,0.0,,,True
1790738100,2026-09-30T03:15:00Z,ทับคล้อ,104,0.0,0.0,0.0,,,True
1790738100,2026-09-30T03:15:00Z,พรหมพิราม,206,0.0,0.0,0.0,,,True
1790738100,2026-09-30T03:15:00Z,ด่านขุนทด,344,0.0,0.0,0.0,,,True
1790738100,2026-09-30T03:15:00Z,วัดโบสถ์,226,0.0,0.0,0.0,,,True
1790738100,2026-09-30T03:15:00Z,บางระกำ,246,0.0,0.0,0.0,,,True
1790738100,2026-09-30T03:15:00Z,บางกระทุ่ม,91,0.0,0.0,0.0,,,True
1790738100,2026-09-30T03:15:00Z,นครไทย,597,0.0,0.0,0.0,,,True
1790738100,2026-09-30T03:15:00Z,ชาติตระการ,415,0.0,0.0,0.0,,,True
1790738100,2026-09-30T03:15:00Z,บ้านเหลื่อม,55,0.0,0.0,0.0,,,True
1790738100,2026-09-30T03:15:00Z,เมืองพิษณุโลก,178,0.0,0.0,0.0,,,True
1790738100,2026-09-30T03:15:00Z,ชุมแสง,145,0.0,0.0,0.0,,,True
1790738100,2026-09-30T03:15:00Z,หนองบัว,208,0.0,0.0,0.0,,,True
1790738100,2026-09-30T03:15:00Z,เมืองนครสวรรค์,183,0.0,0.0,0.0,,,True
1790738100,2026-09-30T03:15:00Z,โกรกพระ,71,0.0,0.0,0.0,,,True
1790738100,2026-09-30T03:15:00Z,ไพศาลี,244,0.0,0.0,0.0,,,True
1790738100,2026-09-30T03:15:00Z,ตาคลี,206,0.0,0.0,0.0,,,True
1790738100,2026-09-30T03:15:00Z,ท่าตะโก,211,0.0,0.0,0.0,,,True
1790738100,2026-09-30T03:15:00Z,เขาค้อ,207,0.0,0.0,0.0,,,True
1790738100,2026-09-30T03:15:00Z,บรรพตพิสัย,181,0.0,0.0,0.0,,,True
1790738100,2026-09-30T03:15:00Z,เก้าเลี้ยว,57,0.0,0.0,0.0,,,True
1790738100,2026-09-30T03:15:00Z,วังโป่ง,123,0.0,0.0,0.0,,,True
1790738100,2026-09-30T03:15:00Z,บึงสามพัน,194,0.0,0.0,0.0,,,True
1790738100,2026-09-30T03:15:00Z,น้ำหนาว,231,0.0,0.0,0.0,,,True
1790738100,2026-09-30T03:15:00Z,ศรีเทพ,204,0.0,0.0,0.0,,,True
1790738100,2026-09-30T03:15:00Z,หนองไผ่,315,0.0,0.0,0.0,,,True
1790738100,2026-09-30T03:15:00Z,มหาราช,4,0.0,0.0,0.0,,,False
1790738100,2026-09-30T03:15:00Z,บ้านแพรก,10,0.0,0.0,0.0,,,True
1790738100,2026-09-30T03:15:00Z,บางมูลนาก,99,0.0,0.0,0.0,,,True
1790738100,2026-09-30T03:15:00Z,โพทะเล,131,0.0,0.0,0.0,,,True
1790738100,2026-09-30T03:15:00Z,โพธิ์ประทับช้าง,102,0.0,0.0,0.0,,,True
1790738100,2026-09-30T03:15:00Z,ตะพานหิน,109,0.0,0.0,0.0,,,True
1790738100,2026-09-30T03:15:00Z,เมืองพิจิตร,138,0.0,0.0,0.0,,,True
1790738100,2026-09-30T03:15:00Z,วังทรายพูน,66,0.0,0.0,0.0,,,True
1790739000,2026-09-30T03:30:00Z,พิชัย,176,0.0,0.0,0.0,,,True
1790739000,2026-09-30T03:30:00Z,ลับแล,116,0.0,0.0,0.0,,,True
1790739000,2026-09-30T03:30:00Z,ฟากท่า,163,0.0,0.0,0.0,,,True
1790739000,2026-09-30T03:30:00Z,บ้านโคก,247,0.0,0.0,0.0,,,True
1790739000,2026-09-30T03:30:00Z,ท่าปลา,442,0.0,0.0,0.0,,,True
1790739000,2026-09-30T03:30:00Z,น้ำปาด,363,0.0,0.0,0.0,,,True
1790739000,2026-09-30T03:30:00Z,เมืองอุตรดิตถ์,202,0.0,0.0,0.0,,,True
1790739000,2026-09-30T03:30:00Z,ตรอน,80,0.0,0.0,0.0,,,True
1790739000,2026-09-30T03:30:00Z,หล่มเก่า,246,0.0,0.0,0.0,,,True
1790739000,2026-09-30T03:30:00Z,วิเชียรบุรี,377,0.0,0.0,0.0,,,True
1790739000,2026-09-30T03:30:00Z,ชนแดน,279,0.0,0.0,0.0,,,True
1790739000,2026-09-30T03:30:00Z,หล่มสัก,350,0.0,0.0,0.0,,,True
1790739000,2026-09-30T03:30:00Z,เมืองเพชรบูรณ์,571,0.0,0.0,0.0,,,True
1790739000,2026-09-30T03:30:00Z,ทองแสนขัน,185,0.0,0.0,0.0,,,True
1790739000,2026-09-30T03:30:00Z,บึงสามัคคี,71,0.0,0.0,0.0,,,True
1790739000,2026-09-30T03:30:00Z,โกสัมพีนคร,137,0.0,0.0,0.0,,,True
1790739000,2026-09-30T03:30:00Z,สอง,380,0.0,0.0,0.0,,,True
1790739000,2026-09-30T03:30:00Z,วังชิ้น,255,0.0,0.0,0.0,,,True
1790739000,2026-09-30T03:30:00Z,สูงเม่น,88,0.0,0.0,0.0,,,True
1790739000,2026-09-30T03:30:00Z,เด่นชัย,135,0.0,0.0,0.0,,,True
1790739000,2026-09-30T03:30:00Z,ร้องกวาง,221,0.0,0.0,0.0,,,True
1790739000,2026-09-30T03:30:00Z,ลอง,317,0.0,0.0,0.0,,,True
1790739000,2026-09-30T03:30:00Z,เมืองแพร่,205,0.0,0.0,0.0,,,True
1790739000,2026-09-30T03:30:00Z,ทัพทัน,94,0.0,0.0,0.0,,,True
1790739000,2026-09-30T03:30:00Z,สว่างอารมณ์,110,0.0,0.0,0.0,,,True
1790739000,2026-09-30T03:30:00Z,เมืองอุทัยธานี,59,0.0,0.0,0.0,,,True
1790739000,2026-09-30T03:30:00Z,ห้วยคต,94,0.0,0.0,0.0,,,True
1790739000,2026-09-30T03:30:00Z,ศรีสวัสดิ์,440,0.0,0.0,0.0,,,True
1790739000,2026-09-30T03:30:00Z,บ้านไร่,821,0.0,0.0,0.0,,,True
1790739000,2026-09-30T03:30:00Z,ลานสัก,360,0.0,0.0,0.0,,,True
1790739000,2026-09-30T03:30:00Z,หนองฉาง,89,0.0,0.0,0.0,,,True
1790739000,2026-09-30T03:30:00Z,หนองขาหย่าง,43,0.0,0.0,0.0,,,True
1790739000,2026-09-30T03:30:00Z,เชียงม่วน,82,0.0,0.0,0.0,,,True
1790739000,2026-09-30T03:30:00Z,ดอกคำใต้,37,0.0,0.0,0.0,,,True
1790739000,2026-09-30T03:30:00Z,เมืองพะเยา,6,0.0,0.0,0.0,,,True
1790739000,2026-09-30T03:30:00Z,ทองผาภูมิ,851,0.0,0.0,0.0,,,True
1790739000,2026-09-30T03:30:00Z,สังขละบุรี,793,0.0,0.0,0.0,,,True
1790739000,2026-09-30T03:30:00Z,หนองม่วงไข่,35,0.0,0.0,0.0,,,True
1790739000,2026-09-30T03:30:00Z,ภูเวียง,81,0.0,0.0,0.0,,,True
1790739000,2026-09-30T03:30:00Z,มัญจาคีรี,50,0.0,0.0,0.0,,,True
1790739000,2026-09-30T03:30:00Z,หนองปรือ,104,0.0,0.0,0.0,,,True
1790739000,2026-09-30T03:30:00Z,เลาขวัญ,123,0.0,0.0,0.0,,,True
1790739000,2026-09-30T03:30:00Z,หนองนาคำ,43,0.0,0.0,0.0,,,True
1790739000,2026-09-30T03:30:00Z,โคกโพธิ์ไชย,65,0.0,0.0,0.0,,,True
1790739000,2026-09-30T03:30:00Z,บ้านหลวง,91,0.0,0.0,0.0,,,True
1790739000,2026-09-30T03:30:00Z,นาน้อย,266,0.0,0.0,0.0,,,True
1790739000,2026-09-30T03:30:00Z,ภูผาม่าน,74,0.0,0.0,0.0,,,True
1790739000,2026-09-30T03:30:00Z,เมืองน่าน,161,0.0,0.0,0.0,,,True
1790739000,2026-09-30T03:30:00Z,แม่จริม,262,0.0,0.0,0.0,,,True
1790739000,2026-09-30T03:30:00Z,เวียงเก่า,78,0.0,0.0,0.0,,,True
1790739000,2026-09-30T03:30:00Z,เมืองกำแพงเพชร,368,0.0,0.0,0.0,,,True
1790739000,2026-09-30T03:30:00Z,ไทรงาม,133,0.0,0.0,0.0,,,True
1790739000,2026-09-30T03:30:00Z,ปางศิลาทอง,186,0.0,0.0,0.0,,,True
1790739000,2026-09-30T03:30:00Z,ลานกระบือ,103,0.0,0.0,0.0,,,True
1790739000,2026-09-30T03:30:00Z,ทรายทองวัฒนา,53,0.0,0.0,0.0,,,True
1790739000,2026-09-30T03:30:00Z,คลองขลุง,179,0.0,0.0,0.0,,,True
1790739000,2026-09-30T03:30:00Z,พรานกระต่าย,252,0.0,0.0,0.0,,,True
1790739000,2026-09-30T03:30:00Z,คลองลาน,363,0.0,0.0,0.0,,,True
1790739000,2026-09-30T03:30:00Z,ขาณุวรลักษบุรี,296,0.0,0.0,0.0,,,True
1790739000,2026-09-30T03:30:00Z,ภูเพียง,113,0.0,0.0,0.0,,,True
1790739000,2026-09-30T03:30:00Z,นาหมื่น,245,0.0,0.0,0.0,,,True
1790739000,2026-09-30T03:30:00Z,เวียงสา,543,0.0,0.0,0.0,,,True
1790739000,2026-09-30T03:30:00Z,น้ำโสม,153,0.0,0.0,0.0,,,True
1790739000,2026-09-30T03:30:00Z,นายูง,126,0.0,0.0,0.0,,,True
1790739000,2026-09-30T03:30:00Z,ชุมแพ,173,0.0,0.0,0.0,,,True
1790739000,2026-09-30T03:30:00Z,สีชมพู,132,0.0,0.0,0.0,,,True
1790739000,2026-09-30T03:30:00Z,สุวรรณคูหา,140,0.0,0.0,0.0,,,True
1790739000,2026-09-30T03:30:00Z,นาวัง,65,0.0,0.0,0.0,,,True
1790739000,2026-09-30T03:30:00Z,หนองเรือ,80,0.0,0.0,0.0,,,True
1790739000,2026-09-30T03:30:00Z,โนนสัง,51,0.0,0.0,0.0,,,True
1790739000,2026-09-30T03:30:00Z,ศรีบุญเรือง,224,0.0,0.0,0.0,,,True
1790739000,2026-09-30T03:30:00Z,เมืองหนองบัวลำภู,217,0.0,0.0,0.0,,,True
1790739000,2026-09-30T03:30:00Z,นากลาง,173,0.0,0.0,0.0,,,True
1790739000,2026-09-30T03:30:00Z,ทุ่งเสลี่ยม,144,0.0,0.0,0.0,,,True
1790739000,2026-09-30T03:30:00Z,ดอยหล่อ,56,0.0,0.0,0.0,,,True
1790739000,2026-09-30T03:30:00Z,เมืองตาก,486,0.0,0.0,0.0,,,True
1790739000,2026-09-30T03:30:00Z,แม่ออน,116,0.0,0.0,0.0,,,True
1790739000,2026-09-30T03:30:00Z,อุ้มผาง,1209,0.0,0.0,0.0,,,True
1790739000,2026-09-30T03:30:00Z,วังเจ้า,183,0.0,0.0,0.0,,,True
1790739000,2026-09-30T03:30:00Z,แม่สอด,398,0.0,0.0,0.0,,,True
1790739000,2026-09-30T03:30:00Z,พบพระ,249,0.0,0.0,0.0,,,True
1790739000,2026-09-30T03:30:00Z,แม่ระมาด,380,0.0,0.0,0.0,,,True
1790739000,2026-09-30T03:30:00Z,ท่าสองยาง,401,0.0,0.0,0.0,,,True
1790739000,2026-09-30T03:30:00Z,บ้านตาก,255,0.0,0.0,0.0,,,True
1790739000,2026-09-30T03:30:00Z,สามเงา,698,0.0,0.0,0.0,,,True
1790739000,2026-09-30T03:30:00Z,จอมทอง,280,0.0,0.0,0.0,,,True
1790739000,2026-09-30T03:30:00Z,แก้งสนามนาง,79,0.0,0.0,0.0,,,True
1790739000,2026-09-30T03:30:00Z,สีคิ้ว,292,0.0,0.0,0.0,,,True
1790739000,2026-09-30T03:30:00Z,พระทองคำ,90,0.0,0.0,0.0,,,True
1790739000,2026-09-30T03:30:00Z,เทพารักษ์,92,0.0,0.0,0.0,,,True
1790739000,2026-09-30T03:30:00Z,สันกำแพง,65,0.0,0.0,0.0,,,True
1790739000,2026-09-30T03:30:00Z,สันป่าตอง,44,0.0,0.0,0.0,,,True
1790739000,2026-09-30T03:30:00Z,ดอยเต่า,213,0.0,0.0,0.0,,,True
1790739000,2026-09-30T03:30:00Z,อมก๋อย,704,0.0,0.0,0.0,,,True
1790739000,2026-09-30T03:30:00Z,ฮอด,378,0.0,0.0,0.0,,,True
1790739000,2026-09-30T03:30:00Z,เมืองลำพูน,117,0.0,0.0,0.0,,,True
1790739000,2026-09-30T03:30:00Z,แม่ทา,192,0.0,0.0,0.0,,,True
1790739000,2026-09-30T03:30:00Z,บ้านธิ,34,0.0,0.0,0.0,,,True
1790739000,2026-09-30T03:30:00Z,บ้านหมอ,24,0.0,0.0,0.0,,,True
1790739000,2026-09-30T03:30:00Z,เวียงหนองล่อง,14,0.0,0.0,0.0,,,True
1790739000,2026-09-30T03:30:00Z,ทุ่งหัวช้าง,113,0.0,0.0,0.0,,,True
1790739000,2026-09-30T03:30:00Z,ป่าซาง,74,0.0,0.0,0.0,,,True
1790739000,2026-09-30T03:30:00Z,บ้านโฮ่ง,124,0.0,0.0,0.0,,,True
1790739000,2026-09-30T03:30:00Z,แก่งคอย,73,0.0,0.0,0.0,,,True
1790739000,2026-09-30T03:30:00Z,ลี้,454,0.0,0.0,0.0,,,True
1790739000,2026-09-30T03:30:00Z,พระพุทธบาท,55,0.0,0.0,0.0,,,True
1790739000,2026-09-30T03:30:00Z,ดอนพุด,7,0.0,0.0,0.0,,,True
1790739000,2026-09-30T03:30:00Z,หนองโดน,31,0.0,0.0,0.0,,,True
1790739000,2026-09-30T03:30:00Z,เมืองลำปาง,300,0.0,0.0,0.0,,,True
1790739000,2026-09-30T03:30:00Z,เถิน,443,0.0,0.0,0.0,,,True
1790739000,2026-09-30T03:30:00Z,แม่พริก,167,0.0,0.0,0.0,,,True
1790739000,2026-09-30T03:30:00Z,แจ้ห่ม,274,0.0,0.0,0.0,,,True
1790739000,2026-09-30T03:30:00Z,แม่เปิน,85,0.0,0.0,0.0,,,True
1790739000,2026-09-30T03:30:00Z,เสริมงาม,185,0.0,0.0,0.0,,,True
1790739000,2026-09-30T03:30:00Z,ชุมตาบง,61,0.0,0.0,0.0,,,True
1790739000,2026-09-30T03:30:00Z,งาว,344,0.0,0.0,0.0,,,True
1790739000,2026-09-30T03:30:00Z,ตากฟ้า,125,0.0,0.0,0.0,,,True
1790739000,2026-09-30T03:30:00Z,แม่เมาะ,283,0.0,0.0,0.0,,,True
1790739000,2026-09-30T03:30:00Z,แม่วงก์,257,0.0,0.0,0.0,,,True
1790739000,2026-09-30T03:30:00Z,เกาะคา,128,0.0,0.0,0.0,,,True
1790739000,2026-09-30T03:30:00Z,พยุหะคีรี,169,0.0,0.0,0.0,,,True
1790739000,2026-09-30T03:30:00Z,ลาดยาว,187,0.0,0.0,0.0,,,True
1790739000,2026-09-30T03:30:00Z,สบปราบ,125,0.0,0.0,0.0,,,True
1790739000,2026-09-30T03:30:00Z,ห้างฉัตร,154,0.0,0.0,0.0,,,True
1790739000,2026-09-30T03:30:00Z,แม่ทะ,203,0.0,0.0,0.0,,,True
1790739000,2026-09-30T03:30:00Z,เมืองปาน,202,0.0,0.0,0.0,,,True
1790739000,2026-09-30T03:30:00Z,เมืองอ่างทอง,6,0.0,0.0,0.0,,,True
1790739000,2026-09-30T03:30:00Z,ไชโย,20,0.0,0.0,0.0,,,True
1790739000,2026-09-30T03:30:00Z,สามโก้,10,0.0,0.0,0.0,,,True
1790739000,2026-09-30T03:30:00Z,แสวงหา,43,0.0,0.0,0.0,,,True
1790739000,2026-09-30T03:30:00Z,วิเศษชัยชาญ,7,0.0,0.0,0.0,,,True
1790739000,2026-09-30T03:30:00Z,โพธิ์ทอง,48,0.0,0.0,0.0,,,True
1790739000,2026-09-30T03:30:00Z,เมืองลพบุรี,190,0.0,0.0,0.0,,,True
1790739000,2026-09-30T03:30:00Z,เดิมบางนางบวช,130,0.0,0.0,0.0,,,True
1790739000,2026-09-30T03:30:00Z,ด่านช้าง,309,0.0,0.0,0.0,,,True
1790739000,2026-09-30T03:30:00Z,หนองม่วง,111,0.0,0.0,0.0,,,True
1790739000,2026-09-30T03:30:00Z,ลำสนธิ,136,0.0,0.0,0.0,,,True
1790739000,2026-09-30T03:30:00Z,สามชุก,77,0.0,0.0,0.0,,,True
1790739000,2026-09-30T03:30:00Z,ดอนเจดีย์,72,0.0,0.0,0.0,,,True
1790739000,2026-09-30T03:30:00Z,สระโบสถ์,83,0.0,0.0,0.0,,,True
1790739000,2026-09-30T03:30:00Z,ศรีประจันต์,41,0.0,0.0,0.0,,,True
1790739000,2026-09-30T03:30:00Z,โคกเจริญ,135,0.0,0.0,0.0,,,True
1790739000,2026-09-30T03:30:00Z,บ้านหมี่,136,0.0,0.0,0.0,,,True
1790739000,2026-09-30T03:30:00Z,ท่าหลวง,100,0.0,0.0,0.0,,,True
1790739000,2026-09-30T03:30:00Z,ชัยบาดาล,280,0.0,0.0,0.0,,,True
1790739000,2026-09-30T03:30:00Z,ท่าวุ้ง,64,0.0,0.0,0.0,,,True
1790739000,2026-09-30T03:30:00Z,พัฒนานิคม,217,0.0,0.0,0.0,,,True
1790739000,2026-09-30T03:30:00Z,โคกสำโรง,180,0.0,0.0,0.0,,,True
1790739000,2026-09-30T03:30:00Z,หนองหญ้าไซ,108,0.0,0.0,0.0,,,True
1790739000,2026-09-30T03:30:00Z,ท่าช้าง,11,0.0,0.0,0.0,,,True
1790739000,2026-09-30T03:30:00Z,อินทร์บุรี,66,0.0,0.0,0.0,,,True
1790739000,2026-09-30T03:30:00Z,ค่ายบางระจัน,26,0.0,0.0,0.0,,,True
1790739000,2026-09-30T03:30:00Z,พรหมบุรี,19,0.0,0.0,0.0,,,True
1790739000,2026-09-30T03:30:00Z,เนินสง่า,65,0.0,0.0,0.0,,,True
1790739000,2026-09-30T03:30:00Z,เมืองสิงห์บุรี,31,0.0,0.0,0.0,,,True
1790739000,2026-09-30T03:30:00Z,ซับใหญ่,72,0.0,0.0,0.0,,,True
1790739000,2026-09-30T03:30:00Z,บางระจัน,46,0.0,0.0,0.0,,,True
1790739000,2026-09-30T03:30:00Z,ภูกระดึง,190,0.0,0.0,0.0,,,True
1790739000,2026-09-30T03:30:00Z,ภูหลวง,145,0.0,0.0,0.0,,,True
1790739000,2026-09-30T03:30:00Z,หนองหิน,78,0.0,0.0,0.0,,,True
1790739000,2026-09-30T03:30:00Z,ผาขาว,100,0.0,0.0,0.0,,,True
1790739000,2026-09-30T03:30:00Z,เอราวัณ,87,0.0,0.0,0.0,,,True
1790739000,2026-09-30T03:30:00Z,วังสะพุง,281,0.0,0.0,0.0,,,True
1790739000,2026-09-30T03:30:00Z,วังม่วง,70,0.0,0.0,0.0,,,True
1790739000,2026-09-30T03:30:00Z,เฉลิมพระเกียรติ,35,0.0,0.0,0.0,,,True
1790739000,2026-09-30T03:30:00Z,มวกเหล็ก,175,0.0,0.0,0.0,,,True
1790739000,2026-09-30T03:30:00Z,บ้านเขว้า,124,0.0,0.0,0.0,,,True
1790739000,2026-09-30T03:30:00Z,คอนสวรรค์,113,0.0,0.0,0.0,,,True
1790739000,2026-09-30T03:30:00Z,เมืองชัยภูมิ,358,0.0,0.0,0.0,,,True
1790739000,2026-09-30T03:30:00Z,วังทอง,425,0.0,0.0,0.0,,,True
1790739000,2026-09-30T03:30:00Z,เนินมะปราง,276,0.0,0.0,0.0,,,True
1790739000,2026-09-30T03:30:00Z,สวรรคโลก,156,0.0,0.0,0.0,,,True
1790739000,2026-09-30T03:30:00Z,ศรีนคร,46,0.0,0.0,0.0,,,True
1790739000,2026-09-30T03:30:00Z,หันคา,139,0.0,0.0,0.0,,,True
1790739000,2026-09-30T03:30:00Z,ศรีสัชนาลัย,534,0.0,0.0,0.0,,,True
1790739000,2026-09-30T03:30:00Z,หนองมะโมง,76,0.0,0.0,0.0,,,True
1790739000,2026-09-30T03:30:00Z,ศรีสำโรง,142,0.0,0.0,0.0,,,True
1790739000,2026-09-30T03:30:00Z,สรรพยา,55,0.0,0.0,0.0,,,True
1790739000,2026-09-30T03:30:00Z,คีรีมาศ,171,0.0,0.0,0.0,,,True
1790739000,2026-09-30T03:30:00Z,สรรคบุรี,89,0.0,0.0,0.0,,,True
1790739000,2026-09-30T03:30:00Z,กงไกรลาศ,108,0.0,0.0,0.0,,,True
1790739000,2026-09-30T03:30:00Z,มโนรมย์,66,0.0,0.0,0.0,,,True
1790739000,2026-09-30T03:30:00Z,เมืองสุโขทัย,136,0.0,0.0,0.0,,,True
1790739000,2026-09-30T03:30:00Z,วัดสิงห์,67,0.0,0.0,0.0,,,True
1790739000,2026-09-30T03:30:00Z,บ้านด่านลานหอย,231,0.0,0.0,0.0,,,True
1790739000,2026-09-30T03:30:00Z,เมืองชัยนาท,70,0.0,0.0,0.0,,,True
1790739000,2026-09-30T03:30:00Z,เนินขาม,65,0.0,0.0,0.0,,,True
1790739000,2026-09-30T03:30:00Z,คอนสาร,334,0.0,0.0,0.0,,,True
1790739000,2026-09-30T03:30:00Z,ภักดีชุมพล,154,0.0,0.0,0.0,,,True
1790739000,2026-09-30T03:30:00Z,บ้านแท่น,76,0.0,0.0,0.0,,,True
1790739000,2026-09-30T03:30:00Z,แก้งคร้อ,168,0.0,0.0,0.0,,,True
1790739000,2026-09-30T03:30:00Z,ภูเขียว,201,0.0,0.0,0.0,,,True
1790739000,2026-09-30T03:30:00Z,หนองบัวระเหว,179,0.0,0.0,0.0,,,True
1790739000,2026-09-30T03:30:00Z,เทพสถิต,239,0.0,0.0,0.0,,,True
1790739000,2026-09-30T03:30:00Z,จัตุรัส,172,0.0,0.0,0.0,,,True
1790739000,2026-09-30T03:30:00Z,บำเหน็จณรงค์,120,0.0,0.0,0.0,,,True
1790739000,2026-09-30T03:30:00Z,เกษตรสมบูรณ์,268,0.0,0.0,0.0,,,True
1790739000,2026-09-30T03:30:00Z,หนองบัวแดง,537,0.0,0.0,0.0,,,True
1790739000,2026-09-30T03:30:00Z,ภูเรือ,168,0.0,0.0,0.0,,,True
1790739000,2026-09-30T03:30:00Z,ท่าลี่,171,0.0,0.0,0.0,,,True
1790739000,2026-09-30T03:30:00Z,วชิรบารมี,68,0.0,0.0,0.0,,,True
1790739000,2026-09-30T03:30:00Z,ด่านซ้าย,341,0.0,0.0,0.0,,,True
1790739000,2026-09-30T03:30:00Z,นาแห้ว,153,0.0,0.0,0.0,,,True
1790739000,2026-09-30T03:30:00Z,บึงนาราง,74,0.0,0.0,0.0,,,True
1790739000,2026-09-30T03:30:00Z,เชียงคาน,213,0.0,0.0,0.0,,,True
1790739000,2026-09-30T03:30:00Z,ดงเจริญ,56,0.0,0.0,0.0,,,True
1790739000,2026-09-30T03:30:00Z,ปากชม,240,0.0,0.0,0.0,,,True
1790739000,2026-09-30T03:30:00Z,เมืองเลย,314,0.0,0.0,0.0,,,True
1790739000,2026-09-30T03:30:00Z,นาด้วง,143,0.0,0.0,0.0,,,True
1790739000,2026-09-30T03:30:00Z,สากเหล็ก,45,0.0,0.0,0.0,,,True
1790739000,2026-09-30T03:30:00Z,สามง่าม,89,0.0,0.0,0.0,,,True
1790739000,2026-09-30T03:30:00Z,ทับคล้อ,104,0.0,0.0,0.0,,,True
1790739000,2026-09-30T03:30:00Z,พรหมพิราม,206,0.0,0.0,0.0,,,True
1790739000,2026-09-30T03:30:00Z,ด่านขุนทด,344,0.0,0.0,0.0,,,True
1790739000,2026-09-30T03:30:00Z,วัดโบสถ์,226,0.0,0.0,0.0,,,True
1790739000,2026-09-30T03:30:00Z,บางระกำ,246,0.0,0.0,0.0,,,True
1790739000,2026-09-30T03:30:00Z,บางกระทุ่ม,91,0.0,0.0,0.0,,,True
1790739000,2026-09-30T03:30:00Z,นครไทย,597,0.0,0.0,0.0,,,True
1790739000,2026-09-30T03:30:00Z,ชาติตระการ,415,0.0,0.0,0.0,,,True
1790739000,2026-09-30T03:30:00Z,บ้านเหลื่อม,55,0.0,0.0,0.0,,,True
1790739000,2026-09-30T03:30:00Z,เมืองพิษณุโลก,178,0.0,0.0,0.0,,,True
1790739000,2026-09-30T03:30:00Z,ชุมแสง,145,0.0,0.0,0.0,,,True
1790739000,2026-09-30T03:30:00Z,หนองบัว,208,0.0,0.0,0.0,,,True
1790739000,2026-09-30T03:30:00Z,เมืองนครสวรรค์,183,0.0,0.0,0.0,,,True
1790739000,2026-09-30T03:30:00Z,โกรกพระ,71,0.0,0.0,0.0,,,True
1790739000,2026-09-30T03:30:00Z,ไพศาลี,244,0.0,0.0,0.0,,,True
1790739000,2026-09-30T03:30:00Z,ตาคลี,206,0.0,0.0,0.0,,,True
1790739000,2026-09-30T03:30:00Z,ท่าตะโก,211,0.0,0.0,0.0,,,True
1790739000,2026-09-30T03:30:00Z,เขาค้อ,207,0.0,0.0,0.0,,,True
1790739000,2026-09-30T03:30:00Z,บรรพตพิสัย,181,0.0,0.0,0.0,,,True
1790739000,2026-09-30T03:30:00Z,เก้าเลี้ยว,57,0.0,0.0,0.0,,,True
1790739000,2026-09-30T03:30:00Z,วังโป่ง,123,0.0,0.0,0.0,,,True
1790739000,2026-09-30T03:30:00Z,บึงสามพัน,194,0.0,0.0,0.0,,,True
1790739000,2026-09-30T03:30:00Z,น้ำหนาว,231,0.0,0.0,0.0,,,True
1790739000,2026-09-30T03:30:00Z,ศรีเทพ,204,0.0,0.0,0.0,,,True
1790739000,2026-09-30T03:30:00Z,หนองไผ่,315,0.0,0.0,0.0,,,True
1790739000,2026-09-30T03:30:00Z,มหาราช,4,0.0,0.0,0.0,,,False
1790739000,2026-09-30T03:30:00Z,บ้านแพรก,10,0.0,0.0,0.0,,,True
1790739000,2026-09-30T03:30:00Z,บางมูลนาก,99,0.0,0.0,0.0,,,True
1790739000,2026-09-30T03:30:00Z,โพทะเล,131,0.0,0.0,0.0,,,True
1790739000,2026-09-30T03:30:00Z,โพธิ์ประทับช้าง,102,0.0,0.0,0.0,,,True
1790739000,2026-09-30T03:30:00Z,ตะพานหิน,109,0.0,0.0,0.0,,,True
1790739000,2026-09-30T03:30:00Z,เมืองพิจิตร,138,0.0,0.0,0.0,,,True
1790739000,2026-09-30T03:30:00Z,วังทรายพูน,66,0.0,0.0,0.0,,,True
1790739900,2026-09-30T03:45:00Z,พิชัย,176,0.0,0.0,0.0,,,True
1790739900,2026-09-30T03:45:00Z,ลับแล,116,0.0,0.0,0.0,,,True
1790739900,2026-09-30T03:45:00Z,ฟากท่า,163,0.0,0.0,0.0,,,True
1790739900,2026-09-30T03:45:00Z,บ้านโคก,247,0.0,0.0,0.0,,,True
1790739900,2026-09-30T03:45:00Z,ท่าปลา,442,0.0,0.0,0.0,,,True
1790739900,2026-09-30T03:45:00Z,น้ำปาด,363,0.0,0.0,0.0,,,True
1790739900,2026-09-30T03:45:00Z,เมืองอุตรดิตถ์,202,0.0,0.0,0.0,,,True
1790739900,2026-09-30T03:45:00Z,ตรอน,80,0.0,0.0,0.0,,,True
1790739900,2026-09-30T03:45:00Z,หล่มเก่า,246,0.0,0.0,0.0,,,True
1790739900,2026-09-30T03:45:00Z,วิเชียรบุรี,377,0.0,0.0,0.0,,,True
1790739900,2026-09-30T03:45:00Z,ชนแดน,279,0.0,0.0,0.0,,,True
1790739900,2026-09-30T03:45:00Z,หล่มสัก,350,0.0,0.0,0.0,,,True
1790739900,2026-09-30T03:45:00Z,เมืองเพชรบูรณ์,571,0.0,0.0,0.0,,,True
1790739900,2026-09-30T03:45:00Z,ทองแสนขัน,185,0.0,0.0,0.0,,,True
1790739900,2026-09-30T03:45:00Z,บึงสามัคคี,71,0.0,0.0,0.0,,,True
1790739900,2026-09-30T03:45:00Z,โกสัมพีนคร,137,0.0,0.0,0.0,,,True
1790739900,2026-09-30T03:45:00Z,สอง,380,0.002,0.784,0.0026,,15,True
1790739900,2026-09-30T03:45:00Z,วังชิ้น,255,0.0,0.0,0.0,,,True
1790739900,2026-09-30T03:45:00Z,สูงเม่น,88,0.0,0.0,0.0,,,True
1790739900,2026-09-30T03:45:00Z,เด่นชัย,135,0.0,0.0,0.0,,,True
1790739900,2026-09-30T03:45:00Z,ร้องกวาง,221,0.0,0.0,0.0,,,True
1790739900,2026-09-30T03:45:00Z,ลอง,317,0.0,0.0,0.0,,,True
1790739900,2026-09-30T03:45:00Z,เมืองแพร่,205,0.0,0.0,0.0,,,True
1790739900,2026-09-30T03:45:00Z,ทัพทัน,94,0.0,0.0,0.0,,,True
1790739900,2026-09-30T03:45:00Z,สว่างอารมณ์,110,0.0,0.0,0.0,,,True
1790739900,2026-09-30T03:45:00Z,เมืองอุทัยธานี,59,0.0,0.0,0.0,,,True
1790739900,2026-09-30T03:45:00Z,ห้วยคต,94,0.0,0.0,0.0,,,True
1790739900,2026-09-30T03:45:00Z,ศรีสวัสดิ์,440,0.0,0.0,0.0,,,True
1790739900,2026-09-30T03:45:00Z,บ้านไร่,821,0.0,0.0,0.0,,,True
1790739900,2026-09-30T03:45:00Z,ลานสัก,360,0.0,0.0,0.0,,,True
1790739900,2026-09-30T03:45:00Z,หนองฉาง,89,0.0,0.0,0.0,,,True
1790739900,2026-09-30T03:45:00Z,หนองขาหย่าง,43,0.0,0.0,0.0,,,True
1790739900,2026-09-30T03:45:00Z,เชียงม่วน,82,0.0,0.0,0.0,,,True
1790739900,2026-09-30T03:45:00Z,ดอกคำใต้,37,0.0,0.0,0.0,,,True
1790739900,2026-09-30T03:45:00Z,เมืองพะเยา,6,0.0,0.0,0.0,,,True
1790739900,2026-09-30T03:45:00Z,ทองผาภูมิ,851,0.0,0.0,0.0,,,True
1790739900,2026-09-30T03:45:00Z,สังขละบุรี,793,0.0,0.0,0.0,,,True
1790739900,2026-09-30T03:45:00Z,หนองม่วงไข่,35,0.0,0.0,0.0,,,True
1790739900,2026-09-30T03:45:00Z,ภูเวียง,81,0.0,0.0,0.0,,,True
1790739900,2026-09-30T03:45:00Z,มัญจาคีรี,50,0.0,0.0,0.0,,,True
1790739900,2026-09-30T03:45:00Z,หนองปรือ,104,0.0,0.0,0.0,,,True
1790739900,2026-09-30T03:45:00Z,เลาขวัญ,123,0.0,0.0,0.0,,,True
1790739900,2026-09-30T03:45:00Z,หนองนาคำ,43,0.0,0.0,0.0,,,True
1790739900,2026-09-30T03:45:00Z,โคกโพธิ์ไชย,65,0.0,0.0,0.0,,,True
1790739900,2026-09-30T03:45:00Z,บ้านหลวง,91,0.0,0.0,0.0,,,True
1790739900,2026-09-30T03:45:00Z,นาน้อย,266,0.0,0.0,0.0,,,True
1790739900,2026-09-30T03:45:00Z,ภูผาม่าน,74,0.0,0.0,0.0,,,True
1790739900,2026-09-30T03:45:00Z,เมืองน่าน,161,0.0,0.0,0.0,,,True
1790739900,2026-09-30T03:45:00Z,แม่จริม,262,0.0,0.0,0.0,,,True
1790739900,2026-09-30T03:45:00Z,เวียงเก่า,78,0.0,0.0,0.0,,,True
1790739900,2026-09-30T03:45:00Z,เมืองกำแพงเพชร,368,0.0,0.0,0.0,,,True
1790739900,2026-09-30T03:45:00Z,ไทรงาม,133,0.0,0.0,0.0,,,True
1790739900,2026-09-30T03:45:00Z,ปางศิลาทอง,186,0.0,0.0,0.0,,,True
1790739900,2026-09-30T03:45:00Z,ลานกระบือ,103,0.0,0.0,0.0,,,True
1790739900,2026-09-30T03:45:00Z,ทรายทองวัฒนา,53,0.0,0.0,0.0,,,True
1790739900,2026-09-30T03:45:00Z,คลองขลุง,179,0.0,0.0,0.0,,,True
1790739900,2026-09-30T03:45:00Z,พรานกระต่าย,252,0.0,0.0,0.0,,,True
1790739900,2026-09-30T03:45:00Z,คลองลาน,363,0.0,0.0,0.0,,,True
1790739900,2026-09-30T03:45:00Z,ขาณุวรลักษบุรี,296,0.0,0.0,0.0,,,True
1790739900,2026-09-30T03:45:00Z,ภูเพียง,113,0.0,0.0,0.0,,,True
1790739900,2026-09-30T03:45:00Z,นาหมื่น,245,0.0,0.0,0.0,,,True
1790739900,2026-09-30T03:45:00Z,เวียงสา,543,0.0,0.0,0.0,,,True
1790739900,2026-09-30T03:45:00Z,น้ำโสม,153,0.0,0.0,0.0,,,True
1790739900,2026-09-30T03:45:00Z,นายูง,126,0.0,0.0,0.0,,,True
1790739900,2026-09-30T03:45:00Z,ชุมแพ,173,0.0,0.0,0.0,,,True
1790739900,2026-09-30T03:45:00Z,สีชมพู,132,0.0,0.0,0.0,,,True
1790739900,2026-09-30T03:45:00Z,สุวรรณคูหา,140,0.0,0.0,0.0,,,True
1790739900,2026-09-30T03:45:00Z,นาวัง,65,0.0,0.0,0.0,,,True
1790739900,2026-09-30T03:45:00Z,หนองเรือ,80,0.0,0.0,0.0,,,True
1790739900,2026-09-30T03:45:00Z,โนนสัง,51,0.0,0.0,0.0,,,True
1790739900,2026-09-30T03:45:00Z,ศรีบุญเรือง,224,0.0,0.0,0.0,,,True
1790739900,2026-09-30T03:45:00Z,เมืองหนองบัวลำภู,217,0.0,0.0,0.0,,,True
1790739900,2026-09-30T03:45:00Z,นากลาง,173,0.0,0.0,0.0,,,True
1790739900,2026-09-30T03:45:00Z,ทุ่งเสลี่ยม,144,0.0,0.0,0.0,,,True
1790739900,2026-09-30T03:45:00Z,ดอยหล่อ,56,0.0,0.0,0.0,,,True
1790739900,2026-09-30T03:45:00Z,เมืองตาก,486,0.0,0.0,0.0,,,True
1790739900,2026-09-30T03:45:00Z,แม่ออน,116,0.0,0.0,0.0,,,True
1790739900,2026-09-30T03:45:00Z,อุ้มผาง,1209,0.0,0.0,0.0,,,True
1790739900,2026-09-30T03:45:00Z,วังเจ้า,183,0.0,0.0,0.0,,,True
1790739900,2026-09-30T03:45:00Z,แม่สอด,398,0.0,0.0,0.0,,,True
1790739900,2026-09-30T03:45:00Z,พบพระ,249,0.0,0.0,0.0,,,True
1790739900,2026-09-30T03:45:00Z,แม่ระมาด,380,0.0,0.0,0.0,,,True
1790739900,2026-09-30T03:45:00Z,ท่าสองยาง,401,0.0,0.0,0.0,,,True
1790739900,2026-09-30T03:45:00Z,บ้านตาก,255,0.0,0.0,0.0,,,True
1790739900,2026-09-30T03:45:00Z,สามเงา,698,0.0,0.0,0.0,,,True
1790739900,2026-09-30T03:45:00Z,จอมทอง,280,0.0,0.0,0.0,,,True
1790739900,2026-09-30T03:45:00Z,แก้งสนามนาง,79,0.0,0.0,0.0,,,True
1790739900,2026-09-30T03:45:00Z,สีคิ้ว,292,0.0,0.0,0.0,,,True
1790739900,2026-09-30T03:45:00Z,พระทองคำ,90,0.0,0.0,0.0,,,True
1790739900,2026-09-30T03:45:00Z,เทพารักษ์,92,0.0,0.0,0.0,,,True
1790739900,2026-09-30T03:45:00Z,สันกำแพง,65,0.0,0.0,0.0,,,True
1790739900,2026-09-30T03:45:00Z,สันป่าตอง,44,0.0,0.0,0.0,,,True
1790739900,2026-09-30T03:45:00Z,ดอยเต่า,213,0.0,0.0,0.0,,,True
1790739900,2026-09-30T03:45:00Z,อมก๋อย,704,0.0,0.0,0.0,,,True
1790739900,2026-09-30T03:45:00Z,ฮอด,378,0.0,0.0,0.0,,,True
1790739900,2026-09-30T03:45:00Z,เมืองลำพูน,117,0.0,0.0,0.0,,,True
1790739900,2026-09-30T03:45:00Z,แม่ทา,192,0.0,0.0,0.0,,,True
1790739900,2026-09-30T03:45:00Z,บ้านธิ,34,0.0,0.0,0.0,,,True
1790739900,2026-09-30T03:45:00Z,บ้านหมอ,24,0.0,0.0,0.0,,,True
1790739900,2026-09-30T03:45:00Z,เวียงหนองล่อง,14,0.0,0.0,0.0,,,True
1790739900,2026-09-30T03:45:00Z,ทุ่งหัวช้าง,113,0.0,0.0,0.0,,,True
1790739900,2026-09-30T03:45:00Z,ป่าซาง,74,0.0,0.0,0.0,,,True
1790739900,2026-09-30T03:45:00Z,บ้านโฮ่ง,124,0.0,0.0,0.0,,,True
1790739900,2026-09-30T03:45:00Z,แก่งคอย,73,0.0,0.0,0.0,,,True
1790739900,2026-09-30T03:45:00Z,ลี้,454,0.0,0.0,0.0,,,True
1790739900,2026-09-30T03:45:00Z,พระพุทธบาท,55,0.0,0.0,0.0,,,True
1790739900,2026-09-30T03:45:00Z,ดอนพุด,7,0.0,0.0,0.0,,,True
1790739900,2026-09-30T03:45:00Z,หนองโดน,31,0.0,0.0,0.0,,,True
1790739900,2026-09-30T03:45:00Z,เมืองลำปาง,300,0.0,0.0,0.0,,,True
1790739900,2026-09-30T03:45:00Z,เถิน,443,0.0,0.0,0.0,,,True
1790739900,2026-09-30T03:45:00Z,แม่พริก,167,0.0,0.0,0.0,,,True
1790739900,2026-09-30T03:45:00Z,แจ้ห่ม,274,0.0,0.0,0.0,,,True
1790739900,2026-09-30T03:45:00Z,แม่เปิน,85,0.0,0.0,0.0,,,True
1790739900,2026-09-30T03:45:00Z,เสริมงาม,185,0.0,0.0,0.0,,,True
1790739900,2026-09-30T03:45:00Z,ชุมตาบง,61,0.0,0.0,0.0,,,True
1790739900,2026-09-30T03:45:00Z,งาว,344,0.0,0.0,0.0,,,True
1790739900,2026-09-30T03:45:00Z,ตากฟ้า,125,0.0,0.0,0.0,,,True
1790739900,2026-09-30T03:45:00Z,แม่เมาะ,283,0.0,0.0,0.0,,,True
1790739900,2026-09-30T03:45:00Z,แม่วงก์,257,0.0,0.0,0.0,,,True
1790739900,2026-09-30T03:45:00Z,เกาะคา,128,0.0,0.0,0.0,,,True
1790739900,2026-09-30T03:45:00Z,พยุหะคีรี,169,0.0,0.0,0.0,,,True
1790739900,2026-09-30T03:45:00Z,ลาดยาว,187,0.0,0.0,0.0,,,True
1790739900,2026-09-30T03:45:00Z,สบปราบ,125,0.0,0.0,0.0,,,True
1790739900,2026-09-30T03:45:00Z,ห้างฉัตร,154,0.0,0.0,0.0,,,True
1790739900,2026-09-30T03:45:00Z,แม่ทะ,203,0.0,0.0,0.0,,,True
1790739900,2026-09-30T03:45:00Z,เมืองปาน,202,0.0,0.0,0.0,,,True
1790739900,2026-09-30T03:45:00Z,เมืองอ่างทอง,6,0.0,0.0,0.0,,,True
1790739900,2026-09-30T03:45:00Z,ไชโย,20,0.0,0.0,0.0,,,True
1790739900,2026-09-30T03:45:00Z,สามโก้,10,0.0,0.0,0.0,,,True
1790739900,2026-09-30T03:45:00Z,แสวงหา,43,0.0,0.0,0.0,,,True
1790739900,2026-09-30T03:45:00Z,วิเศษชัยชาญ,7,0.0,0.0,0.0,,,True
1790739900,2026-09-30T03:45:00Z,โพธิ์ทอง,48,0.0,0.0,0.0,,,True
1790739900,2026-09-30T03:45:00Z,เมืองลพบุรี,190,0.0,0.0,0.0,,,True
1790739900,2026-09-30T03:45:00Z,เดิมบางนางบวช,130,0.0,0.0,0.0,,,True
1790739900,2026-09-30T03:45:00Z,ด่านช้าง,309,0.0,0.0,0.0,,,True
1790739900,2026-09-30T03:45:00Z,หนองม่วง,111,0.0,0.0,0.0,,,True
1790739900,2026-09-30T03:45:00Z,ลำสนธิ,136,0.0,0.0,0.0,,,True
1790739900,2026-09-30T03:45:00Z,สามชุก,77,0.0,0.0,0.0,,,True
1790739900,2026-09-30T03:45:00Z,ดอนเจดีย์,72,0.0,0.0,0.0,,,True
1790739900,2026-09-30T03:45:00Z,สระโบสถ์,83,0.0,0.0,0.0,,,True
1790739900,2026-09-30T03:45:00Z,ศรีประจันต์,41,0.0,0.0,0.0,,,True
1790739900,2026-09-30T03:45:00Z,โคกเจริญ,135,0.0,0.0,0.0,,,True
1790739900,2026-09-30T03:45:00Z,บ้านหมี่,136,0.0,0.0,0.0,,,True
1790739900,2026-09-30T03:45:00Z,ท่าหลวง,100,0.0,0.0,0.0,,,True
1790739900,2026-09-30T03:45:00Z,ชัยบาดาล,280,0.0,0.0,0.0,,,True
1790739900,2026-09-30T03:45:00Z,ท่าวุ้ง,64,0.0,0.0,0.0,,,True
1790739900,2026-09-30T03:45:00Z,พัฒนานิคม,217,0.0,0.0,0.0,,,True
1790739900,2026-09-30T03:45:00Z,โคกสำโรง,180,0.0,0.0,0.0,,,True
1790739900,2026-09-30T03:45:00Z,หนองหญ้าไซ,108,0.0,0.0,0.0,,,True
1790739900,2026-09-30T03:45:00Z,ท่าช้าง,11,0.0,0.0,0.0,,,True
1790739900,2026-09-30T03:45:00Z,อินทร์บุรี,66,0.0,0.0,0.0,,,True
1790739900,2026-09-30T03:45:00Z,ค่ายบางระจัน,26,0.0,0.0,0.0,,,True
1790739900,2026-09-30T03:45:00Z,พรหมบุรี,19,0.0,0.0,0.0,,,True
1790739900,2026-09-30T03:45:00Z,เนินสง่า,65,0.0,0.0,0.0,,,True
1790739900,2026-09-30T03:45:00Z,เมืองสิงห์บุรี,31,0.0,0.0,0.0,,,True
1790739900,2026-09-30T03:45:00Z,ซับใหญ่,72,0.0,0.0,0.0,,,True
1790739900,2026-09-30T03:45:00Z,บางระจัน,46,0.0,0.0,0.0,,,True
1790739900,2026-09-30T03:45:00Z,ภูกระดึง,190,0.0,0.0,0.0,,,True
1790739900,2026-09-30T03:45:00Z,ภูหลวง,145,0.0,0.0,0.0,,,True
1790739900,2026-09-30T03:45:00Z,หนองหิน,78,0.0,0.0,0.0,,,True
1790739900,2026-09-30T03:45:00Z,ผาขาว,100,0.0,0.0,0.0,,,True
1790739900,2026-09-30T03:45:00Z,เอราวัณ,87,0.0,0.0,0.0,,,True
1790739900,2026-09-30T03:45:00Z,วังสะพุง,281,0.0,0.0,0.0,,,True
1790739900,2026-09-30T03:45:00Z,วังม่วง,70,0.0,0.0,0.0,,,True
1790739900,2026-09-30T03:45:00Z,เฉลิมพระเกียรติ,35,0.0,0.0,0.0,,,True
1790739900,2026-09-30T03:45:00Z,มวกเหล็ก,175,0.0,0.0,0.0,,,True
1790739900,2026-09-30T03:45:00Z,บ้านเขว้า,124,0.0,0.0,0.0,,,True
1790739900,2026-09-30T03:45:00Z,คอนสวรรค์,113,0.0,0.0,0.0,,,True
1790739900,2026-09-30T03:45:00Z,เมืองชัยภูมิ,358,0.0,0.0,0.0,,,True
1790739900,2026-09-30T03:45:00Z,วังทอง,425,0.0,0.0,0.0,,,True
1790739900,2026-09-30T03:45:00Z,เนินมะปราง,276,0.0,0.0,0.0,,,True
1790739900,2026-09-30T03:45:00Z,สวรรคโลก,156,0.0,0.0,0.0,,,True
1790739900,2026-09-30T03:45:00Z,ศรีนคร,46,0.0,0.0,0.0,,,True
1790739900,2026-09-30T03:45:00Z,หันคา,139,0.0,0.0,0.0,,,True
1790739900,2026-09-30T03:45:00Z,ศรีสัชนาลัย,534,0.0,0.0,0.0,,,True
1790739900,2026-09-30T03:45:00Z,หนองมะโมง,76,0.0,0.0,0.0,,,True
1790739900,2026-09-30T03:45:00Z,ศรีสำโรง,142,0.0,0.0,0.0,,,True
1790739900,2026-09-30T03:45:00Z,สรรพยา,55,0.0,0.0,0.0,,,True
1790739900,2026-09-30T03:45:00Z,คีรีมาศ,171,0.0,0.0,0.0,,,True
1790739900,2026-09-30T03:45:00Z,สรรคบุรี,89,0.0,0.0,0.0,,,True
1790739900,2026-09-30T03:45:00Z,กงไกรลาศ,108,0.0,0.0,0.0,,,True
1790739900,2026-09-30T03:45:00Z,มโนรมย์,66,0.0,0.0,0.0,,,True
1790739900,2026-09-30T03:45:00Z,เมืองสุโขทัย,136,0.0,0.0,0.0,,,True
1790739900,2026-09-30T03:45:00Z,วัดสิงห์,67,0.0,0.0,0.0,,,True
1790739900,2026-09-30T03:45:00Z,บ้านด่านลานหอย,231,0.0,0.0,0.0,,,True
1790739900,2026-09-30T03:45:00Z,เมืองชัยนาท,70,0.0,0.0,0.0,,,True
1790739900,2026-09-30T03:45:00Z,เนินขาม,65,0.0,0.0,0.0,,,True
1790739900,2026-09-30T03:45:00Z,คอนสาร,334,0.0,0.0,0.0,,,True
1790739900,2026-09-30T03:45:00Z,ภักดีชุมพล,154,0.0,0.0,0.0,,,True
1790739900,2026-09-30T03:45:00Z,บ้านแท่น,76,0.0,0.0,0.0,,,True
1790739900,2026-09-30T03:45:00Z,แก้งคร้อ,168,0.0,0.0,0.0,,,True
1790739900,2026-09-30T03:45:00Z,ภูเขียว,201,0.0,0.0,0.0,,,True
1790739900,2026-09-30T03:45:00Z,หนองบัวระเหว,179,0.0,0.0,0.0,,,True
1790739900,2026-09-30T03:45:00Z,เทพสถิต,239,0.0,0.0,0.0,,,True
1790739900,2026-09-30T03:45:00Z,จัตุรัส,172,0.0,0.0,0.0,,,True
1790739900,2026-09-30T03:45:00Z,บำเหน็จณรงค์,120,0.0,0.0,0.0,,,True
1790739900,2026-09-30T03:45:00Z,เกษตรสมบูรณ์,268,0.0,0.0,0.0,,,True
1790739900,2026-09-30T03:45:00Z,หนองบัวแดง,537,0.0,0.0,0.0,,,True
1790739900,2026-09-30T03:45:00Z,ภูเรือ,168,0.0,0.0,0.0,,,True
1790739900,2026-09-30T03:45:00Z,ท่าลี่,171,0.0,0.0,0.0,,,True
1790739900,2026-09-30T03:45:00Z,วชิรบารมี,68,0.0,0.0,0.0,,,True
1790739900,2026-09-30T03:45:00Z,ด่านซ้าย,341,0.0,0.0,0.0,,,True
1790739900,2026-09-30T03:45:00Z,นาแห้ว,153,0.0,0.0,0.0,,,True
1790739900,2026-09-30T03:45:00Z,บึงนาราง,74,0.0,0.0,0.0,,,True
1790739900,2026-09-30T03:45:00Z,เชียงคาน,213,0.0,0.0,0.0,,,True
1790739900,2026-09-30T03:45:00Z,ดงเจริญ,56,0.0,0.0,0.0,,,True
1790739900,2026-09-30T03:45:00Z,ปากชม,240,0.0,0.0,0.0,,,True
1790739900,2026-09-30T03:45:00Z,เมืองเลย,314,0.0,0.0,0.0,,,True
1790739900,2026-09-30T03:45:00Z,นาด้วง,143,0.0,0.0,0.0,,,True
1790739900,2026-09-30T03:45:00Z,สากเหล็ก,45,0.0,0.0,0.0,,,True
1790739900,2026-09-30T03:45:00Z,สามง่าม,89,0.0,0.0,0.0,,,True
1790739900,2026-09-30T03:45:00Z,ทับคล้อ,104,0.0,0.0,0.0,,,True
1790739900,2026-09-30T03:45:00Z,พรหมพิราม,206,0.0,0.0,0.0,,,True
1790739900,2026-09-30T03:45:00Z,ด่านขุนทด,344,0.0,0.0,0.0,,,True
1790739900,2026-09-30T03:45:00Z,วัดโบสถ์,226,0.0,0.0,0.0,,,True
1790739900,2026-09-30T03:45:00Z,บางระกำ,246,0.0,0.0,0.0,,,True
1790739900,2026-09-30T03:45:00Z,บางกระทุ่ม,91,0.0,0.0,0.0,,,True
1790739900,2026-09-30T03:45:00Z,นครไทย,597,0.0,0.0,0.0,,,True
1790739900,2026-09-30T03:45:00Z,ชาติตระการ,415,0.0,0.0,0.0,,,True
1790739900,2026-09-30T03:45:00Z,บ้านเหลื่อม,55,0.0,0.0,0.0,,,True
1790739900,2026-09-30T03:45:00Z,เมืองพิษณุโลก,178,0.0,0.0,0.0,,,True
1790739900,2026-09-30T03:45:00Z,ชุมแสง,145,0.0,0.0,0.0,,,True
1790739900,2026-09-30T03:45:00Z,หนองบัว,208,0.0,0.0,0.0,,,True
1790739900,2026-09-30T03:45:00Z,เมืองนครสวรรค์,183,0.0,0.0,0.0,,,True
1790739900,2026-09-30T03:45:00Z,โกรกพระ,71,0.0,0.0,0.0,,,True
1790739900,2026-09-30T03:45:00Z,ไพศาลี,244,0.0,0.0,0.0,,,True
1790739900,2026-09-30T03:45:00Z,ตาคลี,206,0.0,0.0,0.0,,,True
1790739900,2026-09-30T03:45:00Z,ท่าตะโก,211,0.0,0.0,0.0,,,True
1790739900,2026-09-30T03:45:00Z,เขาค้อ,207,0.0,0.0,0.0,,,True
1790739900,2026-09-30T03:45:00Z,บรรพตพิสัย,181,0.0,0.0,0.0,,,True
1790739900,2026-09-30T03:45:00Z,เก้าเลี้ยว,57,0.0,0.0,0.0,,,True
1790739900,2026-09-30T03:45:00Z,วังโป่ง,123,0.0,0.0,0.0,,,True
1790739900,2026-09-30T03:45:00Z,บึงสามพัน,194,0.0,0.0,0.0,,,True
1790739900,2026-09-30T03:45:00Z,น้ำหนาว,231,0.0,0.0,0.0,,,True
1790739900,2026-09-30T03:45:00Z,ศรีเทพ,204,0.0,0.0,0.0,,,True
1790739900,2026-09-30T03:45:00Z,หนองไผ่,315,0.0,0.0,0.0,,,True
1790739900,2026-09-30T03:45:00Z,มหาราช,4,0.0,0.0,0.0,,,False
1790739900,2026-09-30T03:45:00Z,บ้านแพรก,10,0.0,0.0,0.0,,,True
1790739900,2026-09-30T03:45:00Z,บางมูลนาก,99,0.0,0.0,0.0,,,True
1790739900,2026-09-30T03:45:00Z,โพทะเล,131,0.0,0.0,0.0,,,True
1790739900,2026-09-30T03:45:00Z,โพธิ์ประทับช้าง,102,0.0,0.0,0.0,,,True
1790739900,2026-09-30T03:45:00Z,ตะพานหิน,109,0.0,0.0,0.0,,,True
1790739900,2026-09-30T03:45:00Z,เมืองพิจิตร,138,0.0,0.0,0.0,,,True
1790739900,2026-09-30T03:45:00Z,วังทรายพูน,66,0.0,0.0,0.0,,,True
1790740800,2026-09-30T04:00:00Z,พิชัย,176,0.0,0.0,0.0,,,True
1790740800,2026-09-30T04:00:00Z,ลับแล,116,0.0,0.0,0.0,,,True
1790740800,2026-09-30T04:00:00Z,ฟากท่า,163,0.0,0.0,0.0,,,True
1790740800,2026-09-30T04:00:00Z,บ้านโคก,247,0.0,0.0,0.0,,,True
1790740800,2026-09-30T04:00:00Z,ท่าปลา,442,0.0,0.0,0.0,,,True
1790740800,2026-09-30T04:00:00Z,น้ำปาด,363,0.0,0.0,0.0,,,True
1790740800,2026-09-30T04:00:00Z,เมืองอุตรดิตถ์,202,0.0,0.0,0.0,,,True
1790740800,2026-09-30T04:00:00Z,ตรอน,80,0.0,0.0,0.0,,,True
1790740800,2026-09-30T04:00:00Z,หล่มเก่า,246,0.0,0.0,0.0,,,True
1790740800,2026-09-30T04:00:00Z,วิเชียรบุรี,377,0.0,0.0,0.0,,,True
1790740800,2026-09-30T04:00:00Z,ชนแดน,279,0.0,0.0,0.0,,,True
1790740800,2026-09-30T04:00:00Z,หล่มสัก,350,0.0,0.0,0.0,,,True
1790740800,2026-09-30T04:00:00Z,เมืองเพชรบูรณ์,571,0.0,0.0,0.0,,,True
1790740800,2026-09-30T04:00:00Z,ทองแสนขัน,185,0.0,0.0,0.0,,,True
1790740800,2026-09-30T04:00:00Z,บึงสามัคคี,71,0.0,0.0,0.0,,,True
1790740800,2026-09-30T04:00:00Z,โกสัมพีนคร,137,0.0,0.0,0.0,,,True
1790740800,2026-09-30T04:00:00Z,สอง,380,0.0,0.0,0.0,,,True
1790740800,2026-09-30T04:00:00Z,วังชิ้น,255,0.0,0.0,0.0,,,True
1790740800,2026-09-30T04:00:00Z,สูงเม่น,88,0.0,0.0,0.0,,,True
1790740800,2026-09-30T04:00:00Z,เด่นชัย,135,0.0,0.0,0.0,,,True
1790740800,2026-09-30T04:00:00Z,ร้องกวาง,221,0.0,0.0,0.0,,,True
1790740800,2026-09-30T04:00:00Z,ลอง,317,0.0,0.0,0.0,,,True
1790740800,2026-09-30T04:00:00Z,เมืองแพร่,205,0.0,0.0,0.0,,,True
1790740800,2026-09-30T04:00:00Z,ทัพทัน,94,0.0,0.0,0.0,,,True
1790740800,2026-09-30T04:00:00Z,สว่างอารมณ์,110,0.0,0.0,0.0,,,True
1790740800,2026-09-30T04:00:00Z,เมืองอุทัยธานี,59,0.0,0.0,0.0,,,True
1790740800,2026-09-30T04:00:00Z,ห้วยคต,94,0.0,0.0,0.0,,,True
1790740800,2026-09-30T04:00:00Z,ศรีสวัสดิ์,440,0.0,0.0,0.0,,,True
1790740800,2026-09-30T04:00:00Z,บ้านไร่,821,0.0,0.0,0.0,,,True
1790740800,2026-09-30T04:00:00Z,ลานสัก,360,0.0,0.0,0.0,,,True
1790740800,2026-09-30T04:00:00Z,หนองฉาง,89,0.0,0.0,0.0,,,True
1790740800,2026-09-30T04:00:00Z,หนองขาหย่าง,43,0.0,0.0,0.0,,,True
1790740800,2026-09-30T04:00:00Z,เชียงม่วน,82,0.0,0.0,0.0,,,True
1790740800,2026-09-30T04:00:00Z,ดอกคำใต้,37,0.0,0.0,0.0,,,True
1790740800,2026-09-30T04:00:00Z,เมืองพะเยา,6,0.0,0.0,0.0,,,True
1790740800,2026-09-30T04:00:00Z,ทองผาภูมิ,851,0.0,0.0,0.0,,,True
1790740800,2026-09-30T04:00:00Z,สังขละบุรี,793,0.0,0.0,0.0,,,True
1790740800,2026-09-30T04:00:00Z,หนองม่วงไข่,35,0.0,0.0,0.0,,,True
1790740800,2026-09-30T04:00:00Z,ภูเวียง,81,0.0,0.0,0.0,,,True
1790740800,2026-09-30T04:00:00Z,มัญจาคีรี,50,0.0,0.0,0.0,,,True
1790740800,2026-09-30T04:00:00Z,หนองปรือ,104,0.0,0.0,0.0,,,True
1790740800,2026-09-30T04:00:00Z,เลาขวัญ,123,0.0,0.0,0.0,,,True
1790740800,2026-09-30T04:00:00Z,หนองนาคำ,43,0.0,0.0,0.0,,,True
1790740800,2026-09-30T04:00:00Z,โคกโพธิ์ไชย,65,0.0,0.0,0.0,,,True
1790740800,2026-09-30T04:00:00Z,บ้านหลวง,91,0.0,0.0,0.0,,,True
1790740800,2026-09-30T04:00:00Z,นาน้อย,266,0.0,0.0,0.0,,,True
1790740800,2026-09-30T04:00:00Z,ภูผาม่าน,74,0.0,0.0,0.0,,,True
1790740800,2026-09-30T04:00:00Z,เมืองน่าน,161,0.0,0.0,0.0,,,True
1790740800,2026-09-30T04:00:00Z,แม่จริม,262,0.0,0.0,0.0,,,True
1790740800,2026-09-30T04:00:00Z,เวียงเก่า,78,0.0,0.0,0.0,,,True
1790740800,2026-09-30T04:00:00Z,เมืองกำแพงเพชร,368,0.0,0.0,0.0,,,True
1790740800,2026-09-30T04:00:00Z,ไทรงาม,133,0.0,0.0,0.0,,,True
1790740800,2026-09-30T04:00:00Z,ปางศิลาทอง,186,0.0,0.0,0.0,,,True
1790740800,2026-09-30T04:00:00Z,ลานกระบือ,103,0.0,0.0,0.0,,,True
1790740800,2026-09-30T04:00:00Z,ทรายทองวัฒนา,53,0.0,0.0,0.0,,,True
1790740800,2026-09-30T04:00:00Z,คลองขลุง,179,0.0,0.0,0.0,,,True
1790740800,2026-09-30T04:00:00Z,พรานกระต่าย,252,0.0,0.0,0.0,,,True
1790740800,2026-09-30T04:00:00Z,คลองลาน,363,0.0,0.0,0.0,,,True
1790740800,2026-09-30T04:00:00Z,ขาณุวรลักษบุรี,296,0.0,0.0,0.0,,,True
1790740800,2026-09-30T04:00:00Z,ภูเพียง,113,0.0,0.0,0.0,,,True
1790740800,2026-09-30T04:00:00Z,นาหมื่น,245,0.0,0.0,0.0,,,True
1790740800,2026-09-30T04:00:00Z,เวียงสา,543,0.0,0.0,0.0,,,True
1790740800,2026-09-30T04:00:00Z,น้ำโสม,153,0.0,0.0,0.0,,,True
1790740800,2026-09-30T04:00:00Z,นายูง,126,0.0,0.0,0.0,,,True
1790740800,2026-09-30T04:00:00Z,ชุมแพ,173,0.0,0.0,0.0,,,True
1790740800,2026-09-30T04:00:00Z,สีชมพู,132,0.0,0.0,0.0,,,True
1790740800,2026-09-30T04:00:00Z,สุวรรณคูหา,140,0.0,0.0,0.0,,,True
1790740800,2026-09-30T04:00:00Z,นาวัง,65,0.0,0.0,0.0,,,True
1790740800,2026-09-30T04:00:00Z,หนองเรือ,80,0.0,0.0,0.0,,,True
1790740800,2026-09-30T04:00:00Z,โนนสัง,51,0.0,0.0,0.0,,,True
1790740800,2026-09-30T04:00:00Z,ศรีบุญเรือง,224,0.0,0.0,0.0,,,True
1790740800,2026-09-30T04:00:00Z,เมืองหนองบัวลำภู,217,0.0,0.0,0.0,,,True
1790740800,2026-09-30T04:00:00Z,นากลาง,173,0.0,0.0,0.0,,,True
1790740800,2026-09-30T04:00:00Z,ทุ่งเสลี่ยม,144,0.0,0.0,0.0,,,True
1790740800,2026-09-30T04:00:00Z,ดอยหล่อ,56,0.0,0.0,0.0,,,True
1790740800,2026-09-30T04:00:00Z,เมืองตาก,486,0.0,0.0,0.0,,,True
1790740800,2026-09-30T04:00:00Z,แม่ออน,116,0.0,0.0,0.0,,,True
1790740800,2026-09-30T04:00:00Z,อุ้มผาง,1209,0.0,0.0,0.0,,,True
1790740800,2026-09-30T04:00:00Z,วังเจ้า,183,0.0,0.0,0.0,,,True
1790740800,2026-09-30T04:00:00Z,แม่สอด,398,0.0,0.0,0.0,,,True
1790740800,2026-09-30T04:00:00Z,พบพระ,249,0.0,0.0,0.0,,,True
1790740800,2026-09-30T04:00:00Z,แม่ระมาด,380,0.0,0.0,0.0,,,True
1790740800,2026-09-30T04:00:00Z,ท่าสองยาง,401,0.0,0.0,0.0,,,True
1790740800,2026-09-30T04:00:00Z,บ้านตาก,255,0.0,0.0,0.0,,,True
1790740800,2026-09-30T04:00:00Z,สามเงา,698,0.0,0.0,0.0,,,True
1790740800,2026-09-30T04:00:00Z,จอมทอง,280,0.0,0.0,0.0,,,True
1790740800,2026-09-30T04:00:00Z,แก้งสนามนาง,79,0.0,0.0,0.0,,,True
1790740800,2026-09-30T04:00:00Z,สีคิ้ว,292,0.0,0.0,0.0,,,True
1790740800,2026-09-30T04:00:00Z,พระทองคำ,90,0.0,0.0,0.0,,,True
1790740800,2026-09-30T04:00:00Z,เทพารักษ์,92,0.0,0.0,0.0,,,True
1790740800,2026-09-30T04:00:00Z,สันกำแพง,65,0.0,0.0,0.0,,,True
1790740800,2026-09-30T04:00:00Z,สันป่าตอง,44,0.0,0.0,0.0,,,True
1790740800,2026-09-30T04:00:00Z,ดอยเต่า,213,0.0,0.0,0.0,,,True
1790740800,2026-09-30T04:00:00Z,อมก๋อย,704,0.0,0.0,0.0,,,True
1790740800,2026-09-30T04:00:00Z,ฮอด,378,0.0,0.0,0.0,,,True
1790740800,2026-09-30T04:00:00Z,เมืองลำพูน,117,0.0,0.0,0.0,,,True
1790740800,2026-09-30T04:00:00Z,แม่ทา,192,0.0,0.0,0.0,,,True
1790740800,2026-09-30T04:00:00Z,บ้านธิ,34,0.0,0.0,0.0,,,True
1790740800,2026-09-30T04:00:00Z,บ้านหมอ,24,0.0,0.0,0.0,,,True
1790740800,2026-09-30T04:00:00Z,เวียงหนองล่อง,14,0.0,0.0,0.0,,,True
1790740800,2026-09-30T04:00:00Z,ทุ่งหัวช้าง,113,0.0,0.0,0.0,,,True
1790740800,2026-09-30T04:00:00Z,ป่าซาง,74,0.0,0.0,0.0,,,True
1790740800,2026-09-30T04:00:00Z,บ้านโฮ่ง,124,0.0,0.0,0.0,,,True
1790740800,2026-09-30T04:00:00Z,แก่งคอย,73,0.0,0.0,0.0,,,True
1790740800,2026-09-30T04:00:00Z,ลี้,454,0.0,0.0,0.0,,,True
1790740800,2026-09-30T04:00:00Z,พระพุทธบาท,55,0.0,0.0,0.0,,,True
1790740800,2026-09-30T04:00:00Z,ดอนพุด,7,0.0,0.0,0.0,,,True
1790740800,2026-09-30T04:00:00Z,หนองโดน,31,0.0,0.0,0.0,,,True
1790740800,2026-09-30T04:00:00Z,เมืองลำปาง,300,0.0,0.0,0.0,,,True
1790740800,2026-09-30T04:00:00Z,เถิน,443,0.0,0.0,0.0,,,True
1790740800,2026-09-30T04:00:00Z,แม่พริก,167,0.0,0.0,0.0,,,True
1790740800,2026-09-30T04:00:00Z,แจ้ห่ม,274,0.0,0.0,0.0,,,True
1790740800,2026-09-30T04:00:00Z,แม่เปิน,85,0.0,0.0,0.0,,,True
1790740800,2026-09-30T04:00:00Z,เสริมงาม,185,0.0,0.0,0.0,,,True
1790740800,2026-09-30T04:00:00Z,ชุมตาบง,61,0.0,0.0,0.0,,,True
1790740800,2026-09-30T04:00:00Z,งาว,344,0.0,0.0,0.0,,,True
1790740800,2026-09-30T04:00:00Z,ตากฟ้า,125,0.0,0.0,0.0,,,True
1790740800,2026-09-30T04:00:00Z,แม่เมาะ,283,0.0,0.0,0.0,,,True
1790740800,2026-09-30T04:00:00Z,แม่วงก์,257,0.0,0.0,0.0,,,True
1790740800,2026-09-30T04:00:00Z,เกาะคา,128,0.0,0.0,0.0,,,True
1790740800,2026-09-30T04:00:00Z,พยุหะคีรี,169,0.0,0.0,0.0,,,True
1790740800,2026-09-30T04:00:00Z,ลาดยาว,187,0.0,0.0,0.0,,,True
1790740800,2026-09-30T04:00:00Z,สบปราบ,125,0.0,0.0,0.0,,,True
1790740800,2026-09-30T04:00:00Z,ห้างฉัตร,154,0.0,0.0,0.0,,,True
1790740800,2026-09-30T04:00:00Z,แม่ทะ,203,0.0,0.0,0.0,,,True
1790740800,2026-09-30T04:00:00Z,เมืองปาน,202,0.0,0.0,0.0,,,True
1790740800,2026-09-30T04:00:00Z,เมืองอ่างทอง,6,0.0,0.0,0.0,,,True
1790740800,2026-09-30T04:00:00Z,ไชโย,20,0.0,0.0,0.0,,,True
1790740800,2026-09-30T04:00:00Z,สามโก้,10,0.0,0.0,0.0,,,True
1790740800,2026-09-30T04:00:00Z,แสวงหา,43,0.0,0.0,0.0,,,True
1790740800,2026-09-30T04:00:00Z,วิเศษชัยชาญ,7,0.0,0.0,0.0,,,True
1790740800,2026-09-30T04:00:00Z,โพธิ์ทอง,48,0.0,0.0,0.0,,,True
1790740800,2026-09-30T04:00:00Z,เมืองลพบุรี,190,0.0,0.0,0.0,,,True
1790740800,2026-09-30T04:00:00Z,เดิมบางนางบวช,130,0.0,0.0,0.0,,,True
1790740800,2026-09-30T04:00:00Z,ด่านช้าง,309,0.0,0.0,0.0,,,True
1790740800,2026-09-30T04:00:00Z,หนองม่วง,111,0.0,0.0,0.0,,,True
1790740800,2026-09-30T04:00:00Z,ลำสนธิ,136,0.0,0.0,0.0,,,True
1790740800,2026-09-30T04:00:00Z,สามชุก,77,0.0,0.0,0.0,,,True
1790740800,2026-09-30T04:00:00Z,ดอนเจดีย์,72,0.0,0.0,0.0,,,True
1790740800,2026-09-30T04:00:00Z,สระโบสถ์,83,0.0,0.0,0.0,,,True
1790740800,2026-09-30T04:00:00Z,ศรีประจันต์,41,0.0,0.0,0.0,,,True
1790740800,2026-09-30T04:00:00Z,โคกเจริญ,135,0.0,0.0,0.0,,,True
1790740800,2026-09-30T04:00:00Z,บ้านหมี่,136,0.0,0.0,0.0,,,True
1790740800,2026-09-30T04:00:00Z,ท่าหลวง,100,0.0,0.0,0.0,,,True
1790740800,2026-09-30T04:00:00Z,ชัยบาดาล,280,0.0,0.0,0.0,,,True
1790740800,2026-09-30T04:00:00Z,ท่าวุ้ง,64,0.0,0.0,0.0,,,True
1790740800,2026-09-30T04:00:00Z,พัฒนานิคม,217,0.0,0.0,0.0,,,True
1790740800,2026-09-30T04:00:00Z,โคกสำโรง,180,0.0,0.0,0.0,,,True
1790740800,2026-09-30T04:00:00Z,หนองหญ้าไซ,108,0.0,0.0,0.0,,,True
1790740800,2026-09-30T04:00:00Z,ท่าช้าง,11,0.0,0.0,0.0,,,True
1790740800,2026-09-30T04:00:00Z,อินทร์บุรี,66,0.0,0.0,0.0,,,True
1790740800,2026-09-30T04:00:00Z,ค่ายบางระจัน,26,0.0,0.0,0.0,,,True
1790740800,2026-09-30T04:00:00Z,พรหมบุรี,19,0.0,0.0,0.0,,,True
1790740800,2026-09-30T04:00:00Z,เนินสง่า,65,0.0,0.0,0.0,,,True
1790740800,2026-09-30T04:00:00Z,เมืองสิงห์บุรี,31,0.0,0.0,0.0,,,True
1790740800,2026-09-30T04:00:00Z,ซับใหญ่,72,0.0,0.0,0.0,,,True
1790740800,2026-09-30T04:00:00Z,บางระจัน,46,0.0,0.0,0.0,,,True
1790740800,2026-09-30T04:00:00Z,ภูกระดึง,190,0.0,0.0,0.0,,,True
1790740800,2026-09-30T04:00:00Z,ภูหลวง,145,0.0,0.0,0.0,,,True
1790740800,2026-09-30T04:00:00Z,หนองหิน,78,0.0,0.0,0.0,,,True
1790740800,2026-09-30T04:00:00Z,ผาขาว,100,0.0,0.0,0.0,,,True
1790740800,2026-09-30T04:00:00Z,เอราวัณ,87,0.0,0.0,0.0,,,True
1790740800,2026-09-30T04:00:00Z,วังสะพุง,281,0.0,0.0,0.0,,,True
1790740800,2026-09-30T04:00:00Z,วังม่วง,70,0.0,0.0,0.0,,,True
1790740800,2026-09-30T04:00:00Z,เฉลิมพระเกียรติ,35,0.0,0.0,0.0,,,True
1790740800,2026-09-30T04:00:00Z,มวกเหล็ก,175,0.0,0.0,0.0,,,True
1790740800,2026-09-30T04:00:00Z,บ้านเขว้า,124,0.0,0.0,0.0,,,True
1790740800,2026-09-30T04:00:00Z,คอนสวรรค์,113,0.0,0.0,0.0,,,True
1790740800,2026-09-30T04:00:00Z,เมืองชัยภูมิ,358,0.0,0.0,0.0,,,True
1790740800,2026-09-30T04:00:00Z,วังทอง,425,0.0,0.0,0.0,,,True
1790740800,2026-09-30T04:00:00Z,เนินมะปราง,276,0.0,0.0,0.0,,,True
1790740800,2026-09-30T04:00:00Z,สวรรคโลก,156,0.0,0.0,0.0,,,True
1790740800,2026-09-30T04:00:00Z,ศรีนคร,46,0.0,0.0,0.0,,,True
1790740800,2026-09-30T04:00:00Z,หันคา,139,0.0,0.0,0.0,,,True
1790740800,2026-09-30T04:00:00Z,ศรีสัชนาลัย,534,0.0,0.0,0.0,,,True
1790740800,2026-09-30T04:00:00Z,หนองมะโมง,76,0.0,0.0,0.0,,,True
1790740800,2026-09-30T04:00:00Z,ศรีสำโรง,142,0.0,0.0,0.0,,,True
1790740800,2026-09-30T04:00:00Z,สรรพยา,55,0.0,0.0,0.0,,,True
1790740800,2026-09-30T04:00:00Z,คีรีมาศ,171,0.0,0.0,0.0,,,True
1790740800,2026-09-30T04:00:00Z,สรรคบุรี,89,0.0,0.0,0.0,,,True
1790740800,2026-09-30T04:00:00Z,กงไกรลาศ,108,0.0,0.0,0.0,,,True
1790740800,2026-09-30T04:00:00Z,มโนรมย์,66,0.0,0.0,0.0,,,True
1790740800,2026-09-30T04:00:00Z,เมืองสุโขทัย,136,0.0,0.0,0.0,,,True
1790740800,2026-09-30T04:00:00Z,วัดสิงห์,67,0.0,0.0,0.0,,,True
1790740800,2026-09-30T04:00:00Z,บ้านด่านลานหอย,231,0.0,0.0,0.0,,,True
1790740800,2026-09-30T04:00:00Z,เมืองชัยนาท,70,0.0,0.0,0.0,,,True
1790740800,2026-09-30T04:00:00Z,เนินขาม,65,0.0,0.0,0.0,,,True
1790740800,2026-09-30T04:00:00Z,คอนสาร,334,0.0,0.0,0.0,,,True
1790740800,2026-09-30T04:00:00Z,ภักดีชุมพล,154,0.0,0.0,0.0,,,True
1790740800,2026-09-30T04:00:00Z,บ้านแท่น,76,0.0,0.0,0.0,,,True
1790740800,2026-09-30T04:00:00Z,แก้งคร้อ,168,0.0,0.0,0.0,,,True
1790740800,2026-09-30T04:00:00Z,ภูเขียว,201,0.0,0.0,0.0,,,True
1790740800,2026-09-30T04:00:00Z,หนองบัวระเหว,179,0.0,0.0,0.0,,,True
1790740800,2026-09-30T04:00:00Z,เทพสถิต,239,0.0,0.0,0.0,,,True
1790740800,2026-09-30T04:00:00Z,จัตุรัส,172,0.0,0.0,0.0,,,True
1790740800,2026-09-30T04:00:00Z,บำเหน็จณรงค์,120,0.0,0.0,0.0,,,True
1790740800,2026-09-30T04:00:00Z,เกษตรสมบูรณ์,268,0.0,0.0,0.0,,,True
1790740800,2026-09-30T04:00:00Z,หนองบัวแดง,537,0.0,0.0,0.0,,,True
1790740800,2026-09-30T04:00:00Z,ภูเรือ,168,0.0,0.0,0.0,,,True
1790740800,2026-09-30T04:00:00Z,ท่าลี่,171,0.0,0.0,0.0,,,True
1790740800,2026-09-30T04:00:00Z,วชิรบารมี,68,0.0,0.0,0.0,,,True
1790740800,2026-09-30T04:00:00Z,ด่านซ้าย,341,0.0,0.0,0.0,,,True
1790740800,2026-09-30T04:00:00Z,นาแห้ว,153,0.0,0.0,0.0,,,True
1790740800,2026-09-30T04:00:00Z,บึงนาราง,74,0.0,0.0,0.0,,,True
1790740800,2026-09-30T04:00:00Z,เชียงคาน,213,0.0,0.0,0.0,,,True
1790740800,2026-09-30T04:00:00Z,ดงเจริญ,56,0.0,0.0,0.0,,,True
1790740800,2026-09-30T04:00:00Z,ปากชม,240,0.0,0.0,0.0,,,True
1790740800,2026-09-30T04:00:00Z,เมืองเลย,314,0.0,0.0,0.0,,,True
1790740800,2026-09-30T04:00:00Z,นาด้วง,143,0.0,0.0,0.0,,,True
1790740800,2026-09-30T04:00:00Z,สากเหล็ก,45,0.0,0.0,0.0,,,True
1790740800,2026-09-30T04:00:00Z,สามง่าม,89,0.0,0.0,0.0,,,True
1790740800,2026-09-30T04:00:00Z,ทับคล้อ,104,0.0,0.0,0.0,,,True
1790740800,2026-09-30T04:00:00Z,พรหมพิราม,206,0.0,0.0,0.0,,,True
1790740800,2026-09-30T04:00:00Z,ด่านขุนทด,344,0.0,0.0,0.0,,,True
1790740800,2026-09-30T04:00:00Z,วัดโบสถ์,226,0.0,0.0,0.0,,,True
1790740800,2026-09-30T04:00:00Z,บางระกำ,246,0.0,0.0,0.0,,,True
1790740800,2026-09-30T04:00:00Z,บางกระทุ่ม,91,0.0,0.0,0.0,,,True
1790740800,2026-09-30T04:00:00Z,นครไทย,597,0.0,0.0,0.0,,,True
1790740800,2026-09-30T04:00:00Z,ชาติตระการ,415,0.0,0.0,0.0,,,True
1790740800,2026-09-30T04:00:00Z,บ้านเหลื่อม,55,0.0,0.0,0.0,,,True
1790740800,2026-09-30T04:00:00Z,เมืองพิษณุโลก,178,0.0,0.0,0.0,,,True
1790740800,2026-09-30T04:00:00Z,ชุมแสง,145,0.0,0.0,0.0,,,True
1790740800,2026-09-30T04:00:00Z,หนองบัว,208,0.0,0.0,0.0,,,True
1790740800,2026-09-30T04:00:00Z,เมืองนครสวรรค์,183,0.0,0.0,0.0,,,True
1790740800,2026-09-30T04:00:00Z,โกรกพระ,71,0.0,0.0,0.0,,,True
1790740800,2026-09-30T04:00:00Z,ไพศาลี,244,0.0,0.0,0.0,,,True
1790740800,2026-09-30T04:00:00Z,ตาคลี,206,0.0,0.0,0.0,,,True
1790740800,2026-09-30T04:00:00Z,ท่าตะโก,211,0.0,0.0,0.0,,,True
1790740800,2026-09-30T04:00:00Z,เขาค้อ,207,0.0,0.0,0.0,,,True
1790740800,2026-09-30T04:00:00Z,บรรพตพิสัย,181,0.0,0.0,0.0,,,True
1790740800,2026-09-30T04:00:00Z,เก้าเลี้ยว,57,0.0,0.0,0.0,,,True
1790740800,2026-09-30T04:00:00Z,วังโป่ง,123,0.0,0.0,0.0,,,True
1790740800,2026-09-30T04:00:00Z,บึงสามพัน,194,0.0,0.0,0.0,,,True
1790740800,2026-09-30T04:00:00Z,น้ำหนาว,231,0.0,0.0,0.0,,,True
1790740800,2026-09-30T04:00:00Z,ศรีเทพ,204,0.0,0.0,0.0,,,True
1790740800,2026-09-30T04:00:00Z,หนองไผ่,315,0.0,0.0,0.0,,,True
1790740800,2026-09-30T04:00:00Z,มหาราช,4,0.0,0.0,0.0,,,False
1790740800,2026-09-30T04:00:00Z,บ้านแพรก,10,0.0,0.0,0.0,,,True
1790740800,2026-09-30T04:00:00Z,บางมูลนาก,99,0.0,0.0,0.0,,,True
1790740800,2026-09-30T04:00:00Z,โพทะเล,131,0.0,0.0,0.0,,,True
1790740800,2026-09-30T04:00:00Z,โพธิ์ประทับช้าง,102,0.0,0.0,0.0,,,True
1790740800,2026-09-30T04:00:00Z,ตะพานหิน,109,0.0,0.0,0.0,,,True
1790740800,2026-09-30T04:00:00Z,เมืองพิจิตร,138,0.0,0.0,0.0,,,True
1790740800,2026-09-30T04:00:00Z,วังทรายพูน,66,0.0,0.0,0.0,,,True
1790741700,2026-09-30T04:15:00Z,พิชัย,176,0.0,0.0,0.0,,,True
1790741700,2026-09-30T04:15:00Z,ลับแล,116,0.0,0.0,0.0,,,True
1790741700,2026-09-30T04:15:00Z,ฟากท่า,163,0.0,0.0,0.0,,,True
1790741700,2026-09-30T04:15:00Z,บ้านโคก,247,0.0,0.0,0.0,,,True
1790741700,2026-09-30T04:15:00Z,ท่าปลา,442,0.002,0.784,0.0023,,15,True
1790741700,2026-09-30T04:15:00Z,น้ำปาด,363,0.0,0.0,0.0,,,True
1790741700,2026-09-30T04:15:00Z,เมืองอุตรดิตถ์,202,0.0,0.0,0.0,,,True
1790741700,2026-09-30T04:15:00Z,ตรอน,80,0.0,0.0,0.0,,,True
1790741700,2026-09-30T04:15:00Z,หล่มเก่า,246,0.0,0.0,0.0,,,True
1790741700,2026-09-30T04:15:00Z,วิเชียรบุรี,377,0.0,0.0,0.0,,,True
1790741700,2026-09-30T04:15:00Z,ชนแดน,279,0.0,0.0,0.0,,,True
1790741700,2026-09-30T04:15:00Z,หล่มสัก,350,0.0,0.0,0.0,,,True
1790741700,2026-09-30T04:15:00Z,เมืองเพชรบูรณ์,571,0.0,0.0,0.0,,,True
1790741700,2026-09-30T04:15:00Z,ทองแสนขัน,185,0.0,0.0,0.0,,,True
1790741700,2026-09-30T04:15:00Z,บึงสามัคคี,71,0.0,0.0,0.0,,,True
1790741700,2026-09-30T04:15:00Z,โกสัมพีนคร,137,0.0,0.0,0.0,,,True
1790741700,2026-09-30T04:15:00Z,สอง,380,0.0,0.0,0.0,,,True
1790741700,2026-09-30T04:15:00Z,วังชิ้น,255,0.0,0.0,0.0,,,True
1790741700,2026-09-30T04:15:00Z,สูงเม่น,88,0.0,0.0,0.0,,,True
1790741700,2026-09-30T04:15:00Z,เด่นชัย,135,0.0,0.0,0.0,,,True
1790741700,2026-09-30T04:15:00Z,ร้องกวาง,221,0.0,0.0,0.0,,,True
1790741700,2026-09-30T04:15:00Z,ลอง,317,0.0,0.0,0.0,,,True
1790741700,2026-09-30T04:15:00Z,เมืองแพร่,205,0.0,0.0,0.0,,,True
1790741700,2026-09-30T04:15:00Z,ทัพทัน,94,0.0,0.0,0.0,,,True
1790741700,2026-09-30T04:15:00Z,สว่างอารมณ์,110,0.0,0.0,0.0,,,True
1790741700,2026-09-30T04:15:00Z,เมืองอุทัยธานี,59,0.0,0.0,0.0,,,True
1790741700,2026-09-30T04:15:00Z,ห้วยคต,94,0.0,0.0,0.0,,,True
1790741700,2026-09-30T04:15:00Z,ศรีสวัสดิ์,440,0.0,0.0,0.0,,,True
1790741700,2026-09-30T04:15:00Z,บ้านไร่,821,0.0,0.0,0.0,,,True
1790741700,2026-09-30T04:15:00Z,ลานสัก,360,0.0,0.0,0.0,,,True
1790741700,2026-09-30T04:15:00Z,หนองฉาง,89,0.0,0.0,0.0,,,True
1790741700,2026-09-30T04:15:00Z,หนองขาหย่าง,43,0.0,0.0,0.0,,,True
1790741700,2026-09-30T04:15:00Z,เชียงม่วน,82,0.0,0.0,0.0,,,True
1790741700,2026-09-30T04:15:00Z,ดอกคำใต้,37,0.0,0.0,0.0,,,True
1790741700,2026-09-30T04:15:00Z,เมืองพะเยา,6,0.0,0.0,0.0,,,True
1790741700,2026-09-30T04:15:00Z,ทองผาภูมิ,851,0.0,0.0,0.0,,,True
1790741700,2026-09-30T04:15:00Z,สังขละบุรี,793,0.0,0.0,0.0,,,True
1790741700,2026-09-30T04:15:00Z,หนองม่วงไข่,35,0.0,0.0,0.0,,,True
1790741700,2026-09-30T04:15:00Z,ภูเวียง,81,0.0,0.0,0.0,,,True
1790741700,2026-09-30T04:15:00Z,มัญจาคีรี,50,0.0,0.0,0.0,,,True
1790741700,2026-09-30T04:15:00Z,หนองปรือ,104,0.0,0.0,0.0,,,True
1790741700,2026-09-30T04:15:00Z,เลาขวัญ,123,0.0,0.0,0.0,,,True
1790741700,2026-09-30T04:15:00Z,หนองนาคำ,43,0.0,0.0,0.0,,,True
1790741700,2026-09-30T04:15:00Z,โคกโพธิ์ไชย,65,0.0,0.0,0.0,,,True
1790741700,2026-09-30T04:15:00Z,บ้านหลวง,91,0.0,0.0,0.0,,,True
1790741700,2026-09-30T04:15:00Z,นาน้อย,266,0.0,0.0,0.0,,,True
1790741700,2026-09-30T04:15:00Z,ภูผาม่าน,74,0.0,0.0,0.0,,,True
1790741700,2026-09-30T04:15:00Z,เมืองน่าน,161,0.0,0.0,0.0,,,True
1790741700,2026-09-30T04:15:00Z,แม่จริม,262,0.0,0.0,0.0,,,True
1790741700,2026-09-30T04:15:00Z,เวียงเก่า,78,0.0,0.0,0.0,,,True
1790741700,2026-09-30T04:15:00Z,เมืองกำแพงเพชร,368,0.0,0.0,0.0,,,True
1790741700,2026-09-30T04:15:00Z,ไทรงาม,133,0.0,0.0,0.0,,,True
1790741700,2026-09-30T04:15:00Z,ปางศิลาทอง,186,0.0,0.0,0.0,,,True
1790741700,2026-09-30T04:15:00Z,ลานกระบือ,103,0.0,0.0,0.0,,,True
1790741700,2026-09-30T04:15:00Z,ทรายทองวัฒนา,53,0.0,0.0,0.0,,,True
1790741700,2026-09-30T04:15:00Z,คลองขลุง,179,0.0,0.0,0.0,,,True
1790741700,2026-09-30T04:15:00Z,พรานกระต่าย,252,0.0,0.0,0.0,,,True
1790741700,2026-09-30T04:15:00Z,คลองลาน,363,0.0,0.0,0.0,,,True
1790741700,2026-09-30T04:15:00Z,ขาณุวรลักษบุรี,296,0.0,0.0,0.0,,,True
1790741700,2026-09-30T04:15:00Z,ภูเพียง,113,0.0,0.0,0.0,,,True
1790741700,2026-09-30T04:15:00Z,นาหมื่น,245,0.0,0.0,0.0,,,True
1790741700,2026-09-30T04:15:00Z,เวียงสา,543,0.0,0.0,0.0,,,True
1790741700,2026-09-30T04:15:00Z,น้ำโสม,153,0.0,0.0,0.0,,,True
1790741700,2026-09-30T04:15:00Z,นายูง,126,0.0,0.0,0.0,,,True
1790741700,2026-09-30T04:15:00Z,ชุมแพ,173,0.0,0.0,0.0,,,True
1790741700,2026-09-30T04:15:00Z,สีชมพู,132,0.0,0.0,0.0,,,True
1790741700,2026-09-30T04:15:00Z,สุวรรณคูหา,140,0.0,0.0,0.0,,,True
1790741700,2026-09-30T04:15:00Z,นาวัง,65,0.0,0.0,0.0,,,True
1790741700,2026-09-30T04:15:00Z,หนองเรือ,80,0.0,0.0,0.0,,,True
1790741700,2026-09-30T04:15:00Z,โนนสัง,51,0.0,0.0,0.0,,,True
1790741700,2026-09-30T04:15:00Z,ศรีบุญเรือง,224,0.0,0.0,0.0,,,True
1790741700,2026-09-30T04:15:00Z,เมืองหนองบัวลำภู,217,0.0,0.0,0.0,,,True
1790741700,2026-09-30T04:15:00Z,นากลาง,173,0.0,0.0,0.0,,,True
1790741700,2026-09-30T04:15:00Z,ทุ่งเสลี่ยม,144,0.0,0.0,0.0,,,True
1790741700,2026-09-30T04:15:00Z,ดอยหล่อ,56,0.0,0.0,0.0,,,True
1790741700,2026-09-30T04:15:00Z,เมืองตาก,486,0.0,0.0,0.0,,,True
1790741700,2026-09-30T04:15:00Z,แม่ออน,116,0.0,0.0,0.0,,,True
1790741700,2026-09-30T04:15:00Z,อุ้มผาง,1209,0.0,0.0,0.0,,,True
1790741700,2026-09-30T04:15:00Z,วังเจ้า,183,0.0,0.0,0.0,,,True
1790741700,2026-09-30T04:15:00Z,แม่สอด,398,0.0,0.0,0.0,,,True
1790741700,2026-09-30T04:15:00Z,พบพระ,249,0.0,0.0,0.0,,,True
1790741700,2026-09-30T04:15:00Z,แม่ระมาด,380,0.0,0.0,0.0,,,True
1790741700,2026-09-30T04:15:00Z,ท่าสองยาง,401,0.0,0.0,0.0,,,True
1790741700,2026-09-30T04:15:00Z,บ้านตาก,255,0.0,0.0,0.0,,,True
1790741700,2026-09-30T04:15:00Z,สามเงา,698,0.0,0.0,0.0,,,True
1790741700,2026-09-30T04:15:00Z,จอมทอง,280,0.0,0.0,0.0,,,True
1790741700,2026-09-30T04:15:00Z,แก้งสนามนาง,79,0.0,0.0,0.0,,,True
1790741700,2026-09-30T04:15:00Z,สีคิ้ว,292,0.0,0.0,0.0,,,True
1790741700,2026-09-30T04:15:00Z,พระทองคำ,90,0.0,0.0,0.0,,,True
1790741700,2026-09-30T04:15:00Z,เทพารักษ์,92,0.0,0.0,0.0,,,True
1790741700,2026-09-30T04:15:00Z,สันกำแพง,65,0.0,0.0,0.0,,,True
1790741700,2026-09-30T04:15:00Z,สันป่าตอง,44,0.0,0.0,0.0,,,True
1790741700,2026-09-30T04:15:00Z,ดอยเต่า,213,0.0,0.0,0.0,,,True
1790741700,2026-09-30T04:15:00Z,อมก๋อย,704,0.0,0.0,0.0,,,True
1790741700,2026-09-30T04:15:00Z,ฮอด,378,0.0,0.0,0.0,,,True
1790741700,2026-09-30T04:15:00Z,เมืองลำพูน,117,0.0,0.0,0.0,,,True
1790741700,2026-09-30T04:15:00Z,แม่ทา,192,0.0,0.0,0.0,,,True
1790741700,2026-09-30T04:15:00Z,บ้านธิ,34,0.0,0.0,0.0,,,True
1790741700,2026-09-30T04:15:00Z,บ้านหมอ,24,0.0,0.0,0.0,,,True
1790741700,2026-09-30T04:15:00Z,เวียงหนองล่อง,14,0.0,0.0,0.0,,,True
1790741700,2026-09-30T04:15:00Z,ทุ่งหัวช้าง,113,0.0,0.0,0.0,,,True
1790741700,2026-09-30T04:15:00Z,ป่าซาง,74,0.0,0.0,0.0,,,True
1790741700,2026-09-30T04:15:00Z,บ้านโฮ่ง,124,0.0,0.0,0.0,,,True
1790741700,2026-09-30T04:15:00Z,แก่งคอย,73,0.0,0.0,0.0,,,True
1790741700,2026-09-30T04:15:00Z,ลี้,454,0.0,0.0,0.0,,,True
1790741700,2026-09-30T04:15:00Z,พระพุทธบาท,55,0.0,0.0,0.0,,,True
1790741700,2026-09-30T04:15:00Z,ดอนพุด,7,0.0,0.0,0.0,,,True
1790741700,2026-09-30T04:15:00Z,หนองโดน,31,0.0,0.0,0.0,,,True
1790741700,2026-09-30T04:15:00Z,เมืองลำปาง,300,0.0,0.0,0.0,,,True
1790741700,2026-09-30T04:15:00Z,เถิน,443,0.0,0.0,0.0,,,True
1790741700,2026-09-30T04:15:00Z,แม่พริก,167,0.0,0.0,0.0,,,True
1790741700,2026-09-30T04:15:00Z,แจ้ห่ม,274,0.0,0.0,0.0,,,True
1790741700,2026-09-30T04:15:00Z,แม่เปิน,85,0.0,0.0,0.0,,,True
1790741700,2026-09-30T04:15:00Z,เสริมงาม,185,0.0,0.0,0.0,,,True
1790741700,2026-09-30T04:15:00Z,ชุมตาบง,61,0.0,0.0,0.0,,,True
1790741700,2026-09-30T04:15:00Z,งาว,344,0.0,0.0,0.0,,,True
1790741700,2026-09-30T04:15:00Z,ตากฟ้า,125,0.0,0.0,0.0,,,True
1790741700,2026-09-30T04:15:00Z,แม่เมาะ,283,0.0,0.0,0.0,,,True
1790741700,2026-09-30T04:15:00Z,แม่วงก์,257,0.0,0.0,0.0,,,True
1790741700,2026-09-30T04:15:00Z,เกาะคา,128,0.0,0.0,0.0,,,True
1790741700,2026-09-30T04:15:00Z,พยุหะคีรี,169,0.0,0.0,0.0,,,True
1790741700,2026-09-30T04:15:00Z,ลาดยาว,187,0.0,0.0,0.0,,,True
1790741700,2026-09-30T04:15:00Z,สบปราบ,125,0.0,0.0,0.0,,,True
1790741700,2026-09-30T04:15:00Z,ห้างฉัตร,154,0.0,0.0,0.0,,,True
1790741700,2026-09-30T04:15:00Z,แม่ทะ,203,0.0,0.0,0.0,,,True
1790741700,2026-09-30T04:15:00Z,เมืองปาน,202,0.0,0.0,0.0,,,True
1790741700,2026-09-30T04:15:00Z,เมืองอ่างทอง,6,0.0,0.0,0.0,,,True
1790741700,2026-09-30T04:15:00Z,ไชโย,20,0.0,0.0,0.0,,,True
1790741700,2026-09-30T04:15:00Z,สามโก้,10,0.0,0.0,0.0,,,True
1790741700,2026-09-30T04:15:00Z,แสวงหา,43,0.0,0.0,0.0,,,True
1790741700,2026-09-30T04:15:00Z,วิเศษชัยชาญ,7,0.0,0.0,0.0,,,True
1790741700,2026-09-30T04:15:00Z,โพธิ์ทอง,48,0.0,0.0,0.0,,,True
1790741700,2026-09-30T04:15:00Z,เมืองลพบุรี,190,0.0,0.0,0.0,,,True
1790741700,2026-09-30T04:15:00Z,เดิมบางนางบวช,130,0.0,0.0,0.0,,,True
1790741700,2026-09-30T04:15:00Z,ด่านช้าง,309,0.0,0.0,0.0,,,True
1790741700,2026-09-30T04:15:00Z,หนองม่วง,111,0.0,0.0,0.0,,,True
1790741700,2026-09-30T04:15:00Z,ลำสนธิ,136,0.0,0.0,0.0,,,True
1790741700,2026-09-30T04:15:00Z,สามชุก,77,0.0,0.0,0.0,,,True
1790741700,2026-09-30T04:15:00Z,ดอนเจดีย์,72,0.0,0.0,0.0,,,True
1790741700,2026-09-30T04:15:00Z,สระโบสถ์,83,0.0,0.0,0.0,,,True
1790741700,2026-09-30T04:15:00Z,ศรีประจันต์,41,0.0,0.0,0.0,,,True
1790741700,2026-09-30T04:15:00Z,โคกเจริญ,135,0.0,0.0,0.0,,,True
1790741700,2026-09-30T04:15:00Z,บ้านหมี่,136,0.0,0.0,0.0,,,True
1790741700,2026-09-30T04:15:00Z,ท่าหลวง,100,0.0,0.0,0.0,,,True
1790741700,2026-09-30T04:15:00Z,ชัยบาดาล,280,0.0,0.0,0.0,,,True
1790741700,2026-09-30T04:15:00Z,ท่าวุ้ง,64,0.0,0.0,0.0,,,True
1790741700,2026-09-30T04:15:00Z,พัฒนานิคม,217,0.0,0.0,0.0,,,True
1790741700,2026-09-30T04:15:00Z,โคกสำโรง,180,0.0,0.0,0.0,,,True
1790741700,2026-09-30T04:15:00Z,หนองหญ้าไซ,108,0.0,0.0,0.0,,,True
1790741700,2026-09-30T04:15:00Z,ท่าช้าง,11,0.0,0.0,0.0,,,True
1790741700,2026-09-30T04:15:00Z,อินทร์บุรี,66,0.0,0.0,0.0,,,True
1790741700,2026-09-30T04:15:00Z,ค่ายบางระจัน,26,0.0,0.0,0.0,,,True
1790741700,2026-09-30T04:15:00Z,พรหมบุรี,19,0.0,0.0,0.0,,,True
1790741700,2026-09-30T04:15:00Z,เนินสง่า,65,0.0,0.0,0.0,,,True
1790741700,2026-09-30T04:15:00Z,เมืองสิงห์บุรี,31,0.0,0.0,0.0,,,True
1790741700,2026-09-30T04:15:00Z,ซับใหญ่,72,0.0,0.0,0.0,,,True
1790741700,2026-09-30T04:15:00Z,บางระจัน,46,0.0,0.0,0.0,,,True
1790741700,2026-09-30T04:15:00Z,ภูกระดึง,190,0.0,0.0,0.0,,,True
1790741700,2026-09-30T04:15:00Z,ภูหลวง,145,0.0,0.0,0.0,,,True
1790741700,2026-09-30T04:15:00Z,หนองหิน,78,0.0,0.0,0.0,,,True
1790741700,2026-09-30T04:15:00Z,ผาขาว,100,0.0,0.0,0.0,,,True
1790741700,2026-09-30T04:15:00Z,เอราวัณ,87,0.0,0.0,0.0,,,True
1790741700,2026-09-30T04:15:00Z,วังสะพุง,281,0.0,0.0,0.0,,,True
1790741700,2026-09-30T04:15:00Z,วังม่วง,70,0.0,0.0,0.0,,,True
1790741700,2026-09-30T04:15:00Z,เฉลิมพระเกียรติ,35,0.0,0.0,0.0,,,True
1790741700,2026-09-30T04:15:00Z,มวกเหล็ก,175,0.0,0.0,0.0,,,True
1790741700,2026-09-30T04:15:00Z,บ้านเขว้า,124,0.0,0.0,0.0,,,True
1790741700,2026-09-30T04:15:00Z,คอนสวรรค์,113,0.0,0.0,0.0,,,True
1790741700,2026-09-30T04:15:00Z,เมืองชัยภูมิ,358,0.0,0.0,0.0,,,True
1790741700,2026-09-30T04:15:00Z,วังทอง,425,0.0,0.0,0.0,,,True
1790741700,2026-09-30T04:15:00Z,เนินมะปราง,276,0.0,0.0,0.0,,,True
1790741700,2026-09-30T04:15:00Z,สวรรคโลก,156,0.0,0.0,0.0,,,True
1790741700,2026-09-30T04:15:00Z,ศรีนคร,46,0.0,0.0,0.0,,,True
1790741700,2026-09-30T04:15:00Z,หันคา,139,0.0,0.0,0.0,,,True
1790741700,2026-09-30T04:15:00Z,ศรีสัชนาลัย,534,0.0,0.0,0.0,,,True
1790741700,2026-09-30T04:15:00Z,หนองมะโมง,76,0.0,0.0,0.0,,,True
1790741700,2026-09-30T04:15:00Z,ศรีสำโรง,142,0.0,0.0,0.0,,,True
1790741700,2026-09-30T04:15:00Z,สรรพยา,55,0.0,0.0,0.0,,,True
1790741700,2026-09-30T04:15:00Z,คีรีมาศ,171,0.0,0.0,0.0,,,True
1790741700,2026-09-30T04:15:00Z,สรรคบุรี,89,0.0,0.0,0.0,,,True
1790741700,2026-09-30T04:15:00Z,กงไกรลาศ,108,0.0,0.0,0.0,,,True
1790741700,2026-09-30T04:15:00Z,มโนรมย์,66,0.0,0.0,0.0,,,True
1790741700,2026-09-30T04:15:00Z,เมืองสุโขทัย,136,0.0,0.0,0.0,,,True
1790741700,2026-09-30T04:15:00Z,วัดสิงห์,67,0.0,0.0,0.0,,,True
1790741700,2026-09-30T04:15:00Z,บ้านด่านลานหอย,231,0.0,0.0,0.0,,,True
1790741700,2026-09-30T04:15:00Z,เมืองชัยนาท,70,0.0,0.0,0.0,,,True
1790741700,2026-09-30T04:15:00Z,เนินขาม,65,0.0,0.0,0.0,,,True
1790741700,2026-09-30T04:15:00Z,คอนสาร,334,0.0,0.0,0.0,,,True
1790741700,2026-09-30T04:15:00Z,ภักดีชุมพล,154,0.0,0.0,0.0,,,True
1790741700,2026-09-30T04:15:00Z,บ้านแท่น,76,0.0,0.0,0.0,,,True
1790741700,2026-09-30T04:15:00Z,แก้งคร้อ,168,0.0,0.0,0.0,,,True
1790741700,2026-09-30T04:15:00Z,ภูเขียว,201,0.0,0.0,0.0,,,True
1790741700,2026-09-30T04:15:00Z,หนองบัวระเหว,179,0.0,0.0,0.0,,,True
1790741700,2026-09-30T04:15:00Z,เทพสถิต,239,0.0,0.0,0.0,,,True
1790741700,2026-09-30T04:15:00Z,จัตุรัส,172,0.0,0.0,0.0,,,True
1790741700,2026-09-30T04:15:00Z,บำเหน็จณรงค์,120,0.0,0.0,0.0,,,True
1790741700,2026-09-30T04:15:00Z,เกษตรสมบูรณ์,268,0.0,0.0,0.0,,,True
1790741700,2026-09-30T04:15:00Z,หนองบัวแดง,537,0.0,0.0,0.0,,,True
1790741700,2026-09-30T04:15:00Z,ภูเรือ,168,0.0,0.0,0.0,,,True
1790741700,2026-09-30T04:15:00Z,ท่าลี่,171,0.0,0.0,0.0,,,True
1790741700,2026-09-30T04:15:00Z,วชิรบารมี,68,0.0,0.0,0.0,,,True
1790741700,2026-09-30T04:15:00Z,ด่านซ้าย,341,0.0,0.0,0.0,,,True
1790741700,2026-09-30T04:15:00Z,นาแห้ว,153,0.0,0.0,0.0,,,True
1790741700,2026-09-30T04:15:00Z,บึงนาราง,74,0.0,0.0,0.0,,,True
1790741700,2026-09-30T04:15:00Z,เชียงคาน,213,0.0,0.0,0.0,,,True
1790741700,2026-09-30T04:15:00Z,ดงเจริญ,56,0.0,0.0,0.0,,,True
1790741700,2026-09-30T04:15:00Z,ปากชม,240,0.0,0.0,0.0,,,True
1790741700,2026-09-30T04:15:00Z,เมืองเลย,314,0.0,0.0,0.0,,,True
1790741700,2026-09-30T04:15:00Z,นาด้วง,143,0.0,0.0,0.0,,,True
1790741700,2026-09-30T04:15:00Z,สากเหล็ก,45,0.0,0.0,0.0,,,True
1790741700,2026-09-30T04:15:00Z,สามง่าม,89,0.0,0.0,0.0,,,True
1790741700,2026-09-30T04:15:00Z,ทับคล้อ,104,0.0,0.0,0.0,,,True
1790741700,2026-09-30T04:15:00Z,พรหมพิราม,206,0.0,0.0,0.0,,,True
1790741700,2026-09-30T04:15:00Z,ด่านขุนทด,344,0.0,0.0,0.0,,,True
1790741700,2026-09-30T04:15:00Z,วัดโบสถ์,226,0.0,0.0,0.0,,,True
1790741700,2026-09-30T04:15:00Z,บางระกำ,246,0.0,0.0,0.0,,,True
1790741700,2026-09-30T04:15:00Z,บางกระทุ่ม,91,0.0,0.0,0.0,,,True
1790741700,2026-09-30T04:15:00Z,นครไทย,597,0.0,0.0,0.0,,,True
1790741700,2026-09-30T04:15:00Z,ชาติตระการ,415,0.0,0.0,0.0,,,True
1790741700,2026-09-30T04:15:00Z,บ้านเหลื่อม,55,0.0,0.0,0.0,,,True
1790741700,2026-09-30T04:15:00Z,เมืองพิษณุโลก,178,0.0,0.0,0.0,,,True
1790741700,2026-09-30T04:15:00Z,ชุมแสง,145,0.0,0.0,0.0,,,True
1790741700,2026-09-30T04:15:00Z,หนองบัว,208,0.0,0.0,0.0,,,True
1790741700,2026-09-30T04:15:00Z,เมืองนครสวรรค์,183,0.0,0.0,0.0,,,True
1790741700,2026-09-30T04:15:00Z,โกรกพระ,71,0.0,0.0,0.0,,,True
1790741700,2026-09-30T04:15:00Z,ไพศาลี,244,0.0,0.0,0.0,,,True
1790741700,2026-09-30T04:15:00Z,ตาคลี,206,0.0,0.0,0.0,,,True
1790741700,2026-09-30T04:15:00Z,ท่าตะโก,211,0.0,0.0,0.0,,,True
1790741700,2026-09-30T04:15:00Z,เขาค้อ,207,0.0,0.0,0.0,,,True
1790741700,2026-09-30T04:15:00Z,บรรพตพิสัย,181,0.0,0.0,0.0,,,True
1790741700,2026-09-30T04:15:00Z,เก้าเลี้ยว,57,0.0,0.0,0.0,,,True
1790741700,2026-09-30T04:15:00Z,วังโป่ง,123,0.0,0.0,0.0,,,True
1790741700,2026-09-30T04:15:00Z,บึงสามพัน,194,0.0,0.0,0.0,,,True
1790741700,2026-09-30T04:15:00Z,น้ำหนาว,231,0.0,0.0,0.0,,,True
1790741700,2026-09-30T04:15:00Z,ศรีเทพ,204,0.0,0.0,0.0,,,True
1790741700,2026-09-30T04:15:00Z,หนองไผ่,315,0.0,0.0,0.0,,,True
1790741700,2026-09-30T04:15:00Z,มหาราช,4,0.0,0.0,0.0,,,False
1790741700,2026-09-30T04:15:00Z,บ้านแพรก,10,0.0,0.0,0.0,,,True
1790741700,2026-09-30T04:15:00Z,บางมูลนาก,99,0.0,0.0,0.0,,,True
1790741700,2026-09-30T04:15:00Z,โพทะเล,131,0.0,0.0,0.0,,,True
1790741700,2026-09-30T04:15:00Z,โพธิ์ประทับช้าง,102,0.0,0.0,0.0,,,True
1790741700,2026-09-30T04:15:00Z,ตะพานหิน,109,0.0,0.0,0.0,,,True
1790741700,2026-09-30T04:15:00Z,เมืองพิจิตร,138,0.0,0.0,0.0,,,True
1790741700,2026-09-30T04:15:00Z,วังทรายพูน,66,0.0,0.0,0.0,,,True
1790742600,2026-09-30T04:30:00Z,พิชัย,176,0.0,0.0,0.0,,,True
1790742600,2026-09-30T04:30:00Z,ลับแล,116,0.0,0.0,0.0,,,True
1790742600,2026-09-30T04:30:00Z,ฟากท่า,163,0.0,0.0,0.0,,,True
1790742600,2026-09-30T04:30:00Z,บ้านโคก,247,0.0,0.0,0.0,,,True
1790742600,2026-09-30T04:30:00Z,ท่าปลา,442,0.0,0.0,0.0,,,True
1790742600,2026-09-30T04:30:00Z,น้ำปาด,363,0.0,0.0,0.0,,,True
1790742600,2026-09-30T04:30:00Z,เมืองอุตรดิตถ์,202,0.0,0.0,0.0,,,True
1790742600,2026-09-30T04:30:00Z,ตรอน,80,0.0,0.0,0.0,,,True
1790742600,2026-09-30T04:30:00Z,หล่มเก่า,246,0.0,0.0,0.0,,,True
1790742600,2026-09-30T04:30:00Z,วิเชียรบุรี,377,0.0,0.0,0.0,,,True
1790742600,2026-09-30T04:30:00Z,ชนแดน,279,0.0,0.0,0.0,,,True
1790742600,2026-09-30T04:30:00Z,หล่มสัก,350,0.0,0.0,0.0,,,True
1790742600,2026-09-30T04:30:00Z,เมืองเพชรบูรณ์,571,0.0,0.0,0.0,,,True
1790742600,2026-09-30T04:30:00Z,ทองแสนขัน,185,0.0,0.0,0.0,,,True
1790742600,2026-09-30T04:30:00Z,บึงสามัคคี,71,0.0,0.0,0.0,,,True
1790742600,2026-09-30T04:30:00Z,โกสัมพีนคร,137,0.0,0.0,0.0,,,True
1790742600,2026-09-30T04:30:00Z,สอง,380,0.0,0.0,0.0,,,True
1790742600,2026-09-30T04:30:00Z,วังชิ้น,255,0.0,0.0,0.0,,,True
1790742600,2026-09-30T04:30:00Z,สูงเม่น,88,0.0,0.0,0.0,,,True
1790742600,2026-09-30T04:30:00Z,เด่นชัย,135,0.0,0.0,0.0,,,True
1790742600,2026-09-30T04:30:00Z,ร้องกวาง,221,0.0,0.0,0.0,,,True
1790742600,2026-09-30T04:30:00Z,ลอง,317,0.0,0.0,0.0,,,True
1790742600,2026-09-30T04:30:00Z,เมืองแพร่,205,0.0,0.0,0.0,,,True
1790742600,2026-09-30T04:30:00Z,ทัพทัน,94,0.0,0.0,0.0,,,True
1790742600,2026-09-30T04:30:00Z,สว่างอารมณ์,110,0.0,0.0,0.0,,,True
1790742600,2026-09-30T04:30:00Z,เมืองอุทัยธานี,59,0.0,0.0,0.0,,,True
1790742600,2026-09-30T04:30:00Z,ห้วยคต,94,0.0,0.0,0.0,,,True
1790742600,2026-09-30T04:30:00Z,ศรีสวัสดิ์,440,0.0,0.0,0.0,,,True
1790742600,2026-09-30T04:30:00Z,บ้านไร่,821,0.0,0.0,0.0,,,True
1790742600,2026-09-30T04:30:00Z,ลานสัก,360,0.0,0.0,0.0,,,True
1790742600,2026-09-30T04:30:00Z,หนองฉาง,89,0.0,0.0,0.0,,,True
1790742600,2026-09-30T04:30:00Z,หนองขาหย่าง,43,0.0,0.0,0.0,,,True
1790742600,2026-09-30T04:30:00Z,เชียงม่วน,82,0.0,0.0,0.0,,,True
1790742600,2026-09-30T04:30:00Z,ดอกคำใต้,37,0.0,0.0,0.0,,,True
1790742600,2026-09-30T04:30:00Z,เมืองพะเยา,6,0.0,0.0,0.0,,,True
1790742600,2026-09-30T04:30:00Z,ทองผาภูมิ,851,0.0,0.0,0.0,,,True
1790742600,2026-09-30T04:30:00Z,สังขละบุรี,793,0.0,0.0,0.0,,,True
1790742600,2026-09-30T04:30:00Z,หนองม่วงไข่,35,0.0,0.0,0.0,,,True
1790742600,2026-09-30T04:30:00Z,ภูเวียง,81,0.0,0.0,0.0,,,True
1790742600,2026-09-30T04:30:00Z,มัญจาคีรี,50,0.0,0.0,0.0,,,True
1790742600,2026-09-30T04:30:00Z,หนองปรือ,104,0.0,0.0,0.0,,,True
1790742600,2026-09-30T04:30:00Z,เลาขวัญ,123,0.0,0.0,0.0,,,True
1790742600,2026-09-30T04:30:00Z,หนองนาคำ,43,0.0,0.0,0.0,,,True
1790742600,2026-09-30T04:30:00Z,โคกโพธิ์ไชย,65,0.0,0.0,0.0,,,True
1790742600,2026-09-30T04:30:00Z,บ้านหลวง,91,0.0,0.0,0.0,,,True
1790742600,2026-09-30T04:30:00Z,นาน้อย,266,0.0,0.0,0.0,,,True
1790742600,2026-09-30T04:30:00Z,ภูผาม่าน,74,0.0,0.0,0.0,,,True
1790742600,2026-09-30T04:30:00Z,เมืองน่าน,161,0.0,0.0,0.0,,,True
1790742600,2026-09-30T04:30:00Z,แม่จริม,262,0.0,0.0,0.0,,,True
1790742600,2026-09-30T04:30:00Z,เวียงเก่า,78,0.0,0.0,0.0,,,True
1790742600,2026-09-30T04:30:00Z,เมืองกำแพงเพชร,368,0.0,0.0,0.0,,,True
1790742600,2026-09-30T04:30:00Z,ไทรงาม,133,0.0,0.0,0.0,,,True
1790742600,2026-09-30T04:30:00Z,ปางศิลาทอง,186,0.0,0.0,0.0,,,True
1790742600,2026-09-30T04:30:00Z,ลานกระบือ,103,0.0,0.0,0.0,,,True
1790742600,2026-09-30T04:30:00Z,ทรายทองวัฒนา,53,0.0,0.0,0.0,,,True
1790742600,2026-09-30T04:30:00Z,คลองขลุง,179,0.0,0.0,0.0,,,True
1790742600,2026-09-30T04:30:00Z,พรานกระต่าย,252,0.0,0.0,0.0,,,True
1790742600,2026-09-30T04:30:00Z,คลองลาน,363,0.0,0.0,0.0,,,True
1790742600,2026-09-30T04:30:00Z,ขาณุวรลักษบุรี,296,0.0,0.0,0.0,,,True
1790742600,2026-09-30T04:30:00Z,ภูเพียง,113,0.0,0.0,0.0,,,True
1790742600,2026-09-30T04:30:00Z,นาหมื่น,245,0.0,0.0,0.0,,,True
1790742600,2026-09-30T04:30:00Z,เวียงสา,543,0.0,0.0,0.0,,,True
1790742600,2026-09-30T04:30:00Z,น้ำโสม,153,0.0,0.0,0.0,,,True
1790742600,2026-09-30T04:30:00Z,นายูง,126,0.0,0.0,0.0,,,True
1790742600,2026-09-30T04:30:00Z,ชุมแพ,173,0.0,0.0,0.0,,,True
1790742600,2026-09-30T04:30:00Z,สีชมพู,132,0.0,0.0,0.0,,,True
1790742600,2026-09-30T04:30:00Z,สุวรรณคูหา,140,0.0,0.0,0.0,,,True
1790742600,2026-09-30T04:30:00Z,นาวัง,65,0.0,0.0,0.0,,,True
1790742600,2026-09-30T04:30:00Z,หนองเรือ,80,0.0,0.0,0.0,,,True
1790742600,2026-09-30T04:30:00Z,โนนสัง,51,0.0,0.0,0.0,,,True
1790742600,2026-09-30T04:30:00Z,ศรีบุญเรือง,224,0.0,0.0,0.0,,,True
1790742600,2026-09-30T04:30:00Z,เมืองหนองบัวลำภู,217,0.0,0.0,0.0,,,True
1790742600,2026-09-30T04:30:00Z,นากลาง,173,0.0,0.0,0.0,,,True
1790742600,2026-09-30T04:30:00Z,ทุ่งเสลี่ยม,144,0.0,0.0,0.0,,,True
1790742600,2026-09-30T04:30:00Z,ดอยหล่อ,56,0.0,0.0,0.0,,,True
1790742600,2026-09-30T04:30:00Z,เมืองตาก,486,0.0,0.0,0.0,,,True
1790742600,2026-09-30T04:30:00Z,แม่ออน,116,0.0,0.0,0.0,,,True
1790742600,2026-09-30T04:30:00Z,อุ้มผาง,1209,0.0,0.0,0.0,,,True
1790742600,2026-09-30T04:30:00Z,วังเจ้า,183,0.0,0.0,0.0,,,True
1790742600,2026-09-30T04:30:00Z,แม่สอด,398,0.0,0.0,0.0,,,True
1790742600,2026-09-30T04:30:00Z,พบพระ,249,0.0,0.0,0.0,,,True
1790742600,2026-09-30T04:30:00Z,แม่ระมาด,380,0.0,0.0,0.0,,,True
1790742600,2026-09-30T04:30:00Z,ท่าสองยาง,401,0.0,0.0,0.0,,,True
1790742600,2026-09-30T04:30:00Z,บ้านตาก,255,0.0,0.0,0.0,,,True
1790742600,2026-09-30T04:30:00Z,สามเงา,698,0.0,0.0,0.0,,,True
1790742600,2026-09-30T04:30:00Z,จอมทอง,280,0.0,0.0,0.0,,,True
1790742600,2026-09-30T04:30:00Z,แก้งสนามนาง,79,0.0,0.0,0.0,,,True
1790742600,2026-09-30T04:30:00Z,สีคิ้ว,292,0.0,0.0,0.0,,,True
1790742600,2026-09-30T04:30:00Z,พระทองคำ,90,0.0,0.0,0.0,,,True
1790742600,2026-09-30T04:30:00Z,เทพารักษ์,92,0.0,0.0,0.0,,,True
1790742600,2026-09-30T04:30:00Z,สันกำแพง,65,0.0,0.0,0.0,,,True
1790742600,2026-09-30T04:30:00Z,สันป่าตอง,44,0.0,0.0,0.0,,,True
1790742600,2026-09-30T04:30:00Z,ดอยเต่า,213,0.0,0.0,0.0,,,True
1790742600,2026-09-30T04:30:00Z,อมก๋อย,704,0.0,0.0,0.0,,,True
1790742600,2026-09-30T04:30:00Z,ฮอด,378,0.0,0.0,0.0,,,True
1790742600,2026-09-30T04:30:00Z,เมืองลำพูน,117,0.0,0.0,0.0,,,True
1790742600,2026-09-30T04:30:00Z,แม่ทา,192,0.0,0.0,0.0,,,True
1790742600,2026-09-30T04:30:00Z,บ้านธิ,34,0.0,0.0,0.0,,,True
1790742600,2026-09-30T04:30:00Z,บ้านหมอ,24,0.0,0.0,0.0,,,True
1790742600,2026-09-30T04:30:00Z,เวียงหนองล่อง,14,0.0,0.0,0.0,,,True
1790742600,2026-09-30T04:30:00Z,ทุ่งหัวช้าง,113,0.0,0.0,0.0,,,True
1790742600,2026-09-30T04:30:00Z,ป่าซาง,74,0.0,0.0,0.0,,,True
1790742600,2026-09-30T04:30:00Z,บ้านโฮ่ง,124,0.0,0.0,0.0,,,True
1790742600,2026-09-30T04:30:00Z,แก่งคอย,73,0.0,0.0,0.0,,,True
1790742600,2026-09-30T04:30:00Z,ลี้,454,0.0,0.0,0.0,,,True
1790742600,2026-09-30T04:30:00Z,พระพุทธบาท,55,0.0,0.0,0.0,,,True
1790742600,2026-09-30T04:30:00Z,ดอนพุด,7,0.0,0.0,0.0,,,True
1790742600,2026-09-30T04:30:00Z,หนองโดน,31,0.0,0.0,0.0,,,True
1790742600,2026-09-30T04:30:00Z,เมืองลำปาง,300,0.0,0.0,0.0,,,True
1790742600,2026-09-30T04:30:00Z,เถิน,443,0.0,0.0,0.0,,,True
1790742600,2026-09-30T04:30:00Z,แม่พริก,167,0.0,0.0,0.0,,,True
1790742600,2026-09-30T04:30:00Z,แจ้ห่ม,274,0.0,0.0,0.0,,,True
1790742600,2026-09-30T04:30:00Z,แม่เปิน,85,0.0,0.0,0.0,,,True
1790742600,2026-09-30T04:30:00Z,เสริมงาม,185,0.0,0.0,0.0,,,True
1790742600,2026-09-30T04:30:00Z,ชุมตาบง,61,0.0,0.0,0.0,,,True
1790742600,2026-09-30T04:30:00Z,งาว,344,0.0,0.0,0.0,,,True
1790742600,2026-09-30T04:30:00Z,ตากฟ้า,125,0.0,0.0,0.0,,,True
1790742600,2026-09-30T04:30:00Z,แม่เมาะ,283,0.0,0.0,0.0,,,True
1790742600,2026-09-30T04:30:00Z,แม่วงก์,257,0.0,0.0,0.0,,,True
1790742600,2026-09-30T04:30:00Z,เกาะคา,128,0.0,0.0,0.0,,,True
1790742600,2026-09-30T04:30:00Z,พยุหะคีรี,169,0.0,0.0,0.0,,,True
1790742600,2026-09-30T04:30:00Z,ลาดยาว,187,0.0,0.0,0.0,,,True
1790742600,2026-09-30T04:30:00Z,สบปราบ,125,0.0,0.0,0.0,,,True
1790742600,2026-09-30T04:30:00Z,ห้างฉัตร,154,0.0,0.0,0.0,,,True
1790742600,2026-09-30T04:30:00Z,แม่ทะ,203,0.0,0.0,0.0,,,True
1790742600,2026-09-30T04:30:00Z,เมืองปาน,202,0.0,0.0,0.0,,,True
1790742600,2026-09-30T04:30:00Z,เมืองอ่างทอง,6,0.0,0.0,0.0,,,True
1790742600,2026-09-30T04:30:00Z,ไชโย,20,0.0,0.0,0.0,,,True
1790742600,2026-09-30T04:30:00Z,สามโก้,10,0.0,0.0,0.0,,,True
1790742600,2026-09-30T04:30:00Z,แสวงหา,43,0.0,0.0,0.0,,,True
1790742600,2026-09-30T04:30:00Z,วิเศษชัยชาญ,7,0.0,0.0,0.0,,,True
1790742600,2026-09-30T04:30:00Z,โพธิ์ทอง,48,0.0,0.0,0.0,,,True
1790742600,2026-09-30T04:30:00Z,เมืองลพบุรี,190,0.0,0.0,0.0,,,True
1790742600,2026-09-30T04:30:00Z,เดิมบางนางบวช,130,0.0,0.0,0.0,,,True
1790742600,2026-09-30T04:30:00Z,ด่านช้าง,309,0.0,0.0,0.0,,,True
1790742600,2026-09-30T04:30:00Z,หนองม่วง,111,0.0,0.0,0.0,,,True
1790742600,2026-09-30T04:30:00Z,ลำสนธิ,136,0.0,0.0,0.0,,,True
1790742600,2026-09-30T04:30:00Z,สามชุก,77,0.0,0.0,0.0,,,True
1790742600,2026-09-30T04:30:00Z,ดอนเจดีย์,72,0.0,0.0,0.0,,,True
1790742600,2026-09-30T04:30:00Z,สระโบสถ์,83,0.0,0.0,0.0,,,True
1790742600,2026-09-30T04:30:00Z,ศรีประจันต์,41,0.0,0.0,0.0,,,True
1790742600,2026-09-30T04:30:00Z,โคกเจริญ,135,0.0,0.0,0.0,,,True
1790742600,2026-09-30T04:30:00Z,บ้านหมี่,136,0.0,0.0,0.0,,,True
1790742600,2026-09-30T04:30:00Z,ท่าหลวง,100,0.0,0.0,0.0,,,True
1790742600,2026-09-30T04:30:00Z,ชัยบาดาล,280,0.0,0.0,0.0,,,True
1790742600,2026-09-30T04:30:00Z,ท่าวุ้ง,64,0.0,0.0,0.0,,,True
1790742600,2026-09-30T04:30:00Z,พัฒนานิคม,217,0.0,0.0,0.0,,,True
1790742600,2026-09-30T04:30:00Z,โคกสำโรง,180,0.0,0.0,0.0,,,True
1790742600,2026-09-30T04:30:00Z,หนองหญ้าไซ,108,0.0,0.0,0.0,,,True
1790742600,2026-09-30T04:30:00Z,ท่าช้าง,11,0.0,0.0,0.0,,,True
1790742600,2026-09-30T04:30:00Z,อินทร์บุรี,66,0.0,0.0,0.0,,,True
1790742600,2026-09-30T04:30:00Z,ค่ายบางระจัน,26,0.0,0.0,0.0,,,True
1790742600,2026-09-30T04:30:00Z,พรหมบุรี,19,0.0,0.0,0.0,,,True
1790742600,2026-09-30T04:30:00Z,เนินสง่า,65,0.0,0.0,0.0,,,True
1790742600,2026-09-30T04:30:00Z,เมืองสิงห์บุรี,31,0.0,0.0,0.0,,,True
1790742600,2026-09-30T04:30:00Z,ซับใหญ่,72,0.0,0.0,0.0,,,True
1790742600,2026-09-30T04:30:00Z,บางระจัน,46,0.0,0.0,0.0,,,True
1790742600,2026-09-30T04:30:00Z,ภูกระดึง,190,0.0,0.0,0.0,,,True
1790742600,2026-09-30T04:30:00Z,ภูหลวง,145,0.0,0.0,0.0,,,True
1790742600,2026-09-30T04:30:00Z,หนองหิน,78,0.0,0.0,0.0,,,True
1790742600,2026-09-30T04:30:00Z,ผาขาว,100,0.0,0.0,0.0,,,True
1790742600,2026-09-30T04:30:00Z,เอราวัณ,87,0.0,0.0,0.0,,,True
1790742600,2026-09-30T04:30:00Z,วังสะพุง,281,0.0,0.0,0.0,,,True
1790742600,2026-09-30T04:30:00Z,วังม่วง,70,0.0,0.0,0.0,,,True
1790742600,2026-09-30T04:30:00Z,เฉลิมพระเกียรติ,35,0.0,0.0,0.0,,,True
1790742600,2026-09-30T04:30:00Z,มวกเหล็ก,175,0.0,0.0,0.0,,,True
1790742600,2026-09-30T04:30:00Z,บ้านเขว้า,124,0.0,0.0,0.0,,,True
1790742600,2026-09-30T04:30:00Z,คอนสวรรค์,113,0.0,0.0,0.0,,,True
1790742600,2026-09-30T04:30:00Z,เมืองชัยภูมิ,358,0.0,0.0,0.0,,,True
1790742600,2026-09-30T04:30:00Z,วังทอง,425,0.0,0.0,0.0,,,True
1790742600,2026-09-30T04:30:00Z,เนินมะปราง,276,0.0,0.0,0.0,,,True
1790742600,2026-09-30T04:30:00Z,สวรรคโลก,156,0.0,0.0,0.0,,,True
1790742600,2026-09-30T04:30:00Z,ศรีนคร,46,0.0,0.0,0.0,,,True
1790742600,2026-09-30T04:30:00Z,หันคา,139,0.0,0.0,0.0,,,True
1790742600,2026-09-30T04:30:00Z,ศรีสัชนาลัย,534,0.0,0.0,0.0,,,True
1790742600,2026-09-30T04:30:00Z,หนองมะโมง,76,0.0,0.0,0.0,,,True
1790742600,2026-09-30T04:30:00Z,ศรีสำโรง,142,0.0,0.0,0.0,,,True
1790742600,2026-09-30T04:30:00Z,สรรพยา,55,0.0,0.0,0.0,,,True
1790742600,2026-09-30T04:30:00Z,คีรีมาศ,171,0.0,0.0,0.0,,,True
1790742600,2026-09-30T04:30:00Z,สรรคบุรี,89,0.0,0.0,0.0,,,True
1790742600,2026-09-30T04:30:00Z,กงไกรลาศ,108,0.0,0.0,0.0,,,True
1790742600,2026-09-30T04:30:00Z,มโนรมย์,66,0.0,0.0,0.0,,,True
1790742600,2026-09-30T04:30:00Z,เมืองสุโขทัย,136,0.0,0.0,0.0,,,True
1790742600,2026-09-30T04:30:00Z,วัดสิงห์,67,0.0,0.0,0.0,,,True
1790742600,2026-09-30T04:30:00Z,บ้านด่านลานหอย,231,0.0,0.0,0.0,,,True
1790742600,2026-09-30T04:30:00Z,เมืองชัยนาท,70,0.0,0.0,0.0,,,True
1790742600,2026-09-30T04:30:00Z,เนินขาม,65,0.0,0.0,0.0,,,True
1790742600,2026-09-30T04:30:00Z,คอนสาร,334,0.0,0.0,0.0,,,True
1790742600,2026-09-30T04:30:00Z,ภักดีชุมพล,154,0.0,0.0,0.0,,,True
1790742600,2026-09-30T04:30:00Z,บ้านแท่น,76,0.0,0.0,0.0,,,True
1790742600,2026-09-30T04:30:00Z,แก้งคร้อ,168,0.0,0.0,0.0,,,True
1790742600,2026-09-30T04:30:00Z,ภูเขียว,201,0.0,0.0,0.0,,,True
1790742600,2026-09-30T04:30:00Z,หนองบัวระเหว,179,0.0,0.0,0.0,,,True
1790742600,2026-09-30T04:30:00Z,เทพสถิต,239,0.0,0.0,0.0,,,True
1790742600,2026-09-30T04:30:00Z,จัตุรัส,172,0.0,0.0,0.0,,,True
1790742600,2026-09-30T04:30:00Z,บำเหน็จณรงค์,120,0.0,0.0,0.0,,,True
1790742600,2026-09-30T04:30:00Z,เกษตรสมบูรณ์,268,0.0,0.0,0.0,,,True
1790742600,2026-09-30T04:30:00Z,หนองบัวแดง,537,0.0,0.0,0.0,,,True
1790742600,2026-09-30T04:30:00Z,ภูเรือ,168,0.0,0.0,0.0,,,True
1790742600,2026-09-30T04:30:00Z,ท่าลี่,171,0.0,0.0,0.0,,,True
1790742600,2026-09-30T04:30:00Z,วชิรบารมี,68,0.0,0.0,0.0,,,True
1790742600,2026-09-30T04:30:00Z,ด่านซ้าย,341,0.0,0.0,0.0,,,True
1790742600,2026-09-30T04:30:00Z,นาแห้ว,153,0.0,0.0,0.0,,,True
1790742600,2026-09-30T04:30:00Z,บึงนาราง,74,0.0,0.0,0.0,,,True
1790742600,2026-09-30T04:30:00Z,เชียงคาน,213,0.0,0.0,0.0,,,True
1790742600,2026-09-30T04:30:00Z,ดงเจริญ,56,0.0,0.0,0.0,,,True
1790742600,2026-09-30T04:30:00Z,ปากชม,240,0.0,0.0,0.0,,,True
1790742600,2026-09-30T04:30:00Z,เมืองเลย,314,0.0,0.0,0.0,,,True
1790742600,2026-09-30T04:30:00Z,นาด้วง,143,0.0,0.0,0.0,,,True
1790742600,2026-09-30T04:30:00Z,สากเหล็ก,45,0.0,0.0,0.0,,,True
1790742600,2026-09-30T04:30:00Z,สามง่าม,89,0.0,0.0,0.0,,,True
1790742600,2026-09-30T04:30:00Z,ทับคล้อ,104,0.0,0.0,0.0,,,True
1790742600,2026-09-30T04:30:00Z,พรหมพิราม,206,0.0,0.0,0.0,,,True
1790742600,2026-09-30T04:30:00Z,ด่านขุนทด,344,0.0,0.0,0.0,,,True
1790742600,2026-09-30T04:30:00Z,วัดโบสถ์,226,0.0,0.0,0.0,,,True
1790742600,2026-09-30T04:30:00Z,บางระกำ,246,0.0,0.0,0.0,,,True
1790742600,2026-09-30T04:30:00Z,บางกระทุ่ม,91,0.0,0.0,0.0,,,True
1790742600,2026-09-30T04:30:00Z,นครไทย,597,0.0,0.0,0.0,,,True
1790742600,2026-09-30T04:30:00Z,ชาติตระการ,415,0.0,0.0,0.0,,,True
1790742600,2026-09-30T04:30:00Z,บ้านเหลื่อม,55,0.0,0.0,0.0,,,True
1790742600,2026-09-30T04:30:00Z,เมืองพิษณุโลก,178,0.0,0.0,0.0,,,True
1790742600,2026-09-30T04:30:00Z,ชุมแสง,145,0.0,0.0,0.0,,,True
1790742600,2026-09-30T04:30:00Z,หนองบัว,208,0.0,0.0,0.0,,,True
1790742600,2026-09-30T04:30:00Z,เมืองนครสวรรค์,183,0.0,0.0,0.0,,,True
1790742600,2026-09-30T04:30:00Z,โกรกพระ,71,0.0,0.0,0.0,,,True
1790742600,2026-09-30T04:30:00Z,ไพศาลี,244,0.0,0.0,0.0,,,True
1790742600,2026-09-30T04:30:00Z,ตาคลี,206,0.0,0.0,0.0,,,True
1790742600,2026-09-30T04:30:00Z,ท่าตะโก,211,0.0,0.0,0.0,,,True
1790742600,2026-09-30T04:30:00Z,เขาค้อ,207,0.0,0.0,0.0,,,True
1790742600,2026-09-30T04:30:00Z,บรรพตพิสัย,181,0.0,0.0,0.0,,,True
1790742600,2026-09-30T04:30:00Z,เก้าเลี้ยว,57,0.0,0.0,0.0,,,True
1790742600,2026-09-30T04:30:00Z,วังโป่ง,123,0.0,0.0,0.0,,,True
1790742600,2026-09-30T04:30:00Z,บึงสามพัน,194,0.0,0.0,0.0,,,True
1790742600,2026-09-30T04:30:00Z,น้ำหนาว,231,0.0,0.0,0.0,,,True
1790742600,2026-09-30T04:30:00Z,ศรีเทพ,204,0.0,0.0,0.0,,,True
1790742600,2026-09-30T04:30:00Z,หนองไผ่,315,0.0,0.0,0.0,,,True
1790742600,2026-09-30T04:30:00Z,มหาราช,4,0.0,0.0,0.0,,,False
1790742600,2026-09-30T04:30:00Z,บ้านแพรก,10,0.0,0.0,0.0,,,True
1790742600,2026-09-30T04:30:00Z,บางมูลนาก,99,0.0,0.0,0.0,,,True
1790742600,2026-09-30T04:30:00Z,โพทะเล,131,0.0,0.0,0.0,,,True
1790742600,2026-09-30T04:30:00Z,โพธิ์ประทับช้าง,102,0.0,0.0,0.0,,,True
1790742600,2026-09-30T04:30:00Z,ตะพานหิน,109,0.0,0.0,0.0,,,True
1790742600,2026-09-30T04:30:00Z,เมืองพิจิตร,138,0.0,0.0,0.0,,,True
1790742600,2026-09-30T04:30:00Z,วังทรายพูน,66,0.0,0.0,0.0,,,True
1790743500,2026-09-30T04:45:00Z,พิชัย,176,0.0,0.0,0.0,,,True
1790743500,2026-09-30T04:45:00Z,ลับแล,116,0.0,0.0,0.0,,,True
1790743500,2026-09-30T04:45:00Z,ฟากท่า,163,0.0,0.0,0.0,,,True
1790743500,2026-09-30T04:45:00Z,บ้านโคก,247,0.0,0.0,0.0,,,True
1790743500,2026-09-30T04:45:00Z,ท่าปลา,442,0.0,0.0,0.0,,,True
1790743500,2026-09-30T04:45:00Z,น้ำปาด,363,0.0,0.0,0.0,,,True
1790743500,2026-09-30T04:45:00Z,เมืองอุตรดิตถ์,202,0.0,0.0,0.0,,,True
1790743500,2026-09-30T04:45:00Z,ตรอน,80,0.0,0.0,0.0,,,True
1790743500,2026-09-30T04:45:00Z,หล่มเก่า,246,0.0,0.0,0.0,,,True
1790743500,2026-09-30T04:45:00Z,วิเชียรบุรี,377,0.0,0.0,0.0,,,True
1790743500,2026-09-30T04:45:00Z,ชนแดน,279,0.0,0.0,0.0,,,True
1790743500,2026-09-30T04:45:00Z,หล่มสัก,350,0.0,0.0,0.0,,,True
1790743500,2026-09-30T04:45:00Z,เมืองเพชรบูรณ์,571,0.0,0.0,0.0,,,True
1790743500,2026-09-30T04:45:00Z,ทองแสนขัน,185,0.0,0.0,0.0,,,True
1790743500,2026-09-30T04:45:00Z,บึงสามัคคี,71,0.0,0.0,0.0,,,True
1790743500,2026-09-30T04:45:00Z,โกสัมพีนคร,137,0.0,0.0,0.0,,,True
1790743500,2026-09-30T04:45:00Z,สอง,380,0.0,0.0,0.0,,,True
1790743500,2026-09-30T04:45:00Z,วังชิ้น,255,0.0,0.0,0.0,,,True
1790743500,2026-09-30T04:45:00Z,สูงเม่น,88,0.0,0.0,0.0,,,True
1790743500,2026-09-30T04:45:00Z,เด่นชัย,135,0.0,0.0,0.0,,,True
1790743500,2026-09-30T04:45:00Z,ร้องกวาง,221,0.0,0.0,0.0,,,True
1790743500,2026-09-30T04:45:00Z,ลอง,317,0.0,0.0,0.0,,,True
1790743500,2026-09-30T04:45:00Z,เมืองแพร่,205,0.0,0.0,0.0,,,True
1790743500,2026-09-30T04:45:00Z,ทัพทัน,94,0.0,0.0,0.0,,,True
1790743500,2026-09-30T04:45:00Z,สว่างอารมณ์,110,0.0,0.0,0.0,,,True
1790743500,2026-09-30T04:45:00Z,เมืองอุทัยธานี,59,0.0,0.0,0.0,,,True
1790743500,2026-09-30T04:45:00Z,ห้วยคต,94,0.0,0.0,0.0,,,True
1790743500,2026-09-30T04:45:00Z,ศรีสวัสดิ์,440,0.0,0.0,0.0,,,True
1790743500,2026-09-30T04:45:00Z,บ้านไร่,821,0.0,0.0,0.0,,,True
1790743500,2026-09-30T04:45:00Z,ลานสัก,360,0.0,0.0,0.0,,,True
1790743500,2026-09-30T04:45:00Z,หนองฉาง,89,0.0,0.0,0.0,,,True
1790743500,2026-09-30T04:45:00Z,หนองขาหย่าง,43,0.0,0.0,0.0,,,True
1790743500,2026-09-30T04:45:00Z,เชียงม่วน,82,0.0,0.0,0.0,,,True
1790743500,2026-09-30T04:45:00Z,ดอกคำใต้,37,0.0,0.0,0.0,,,True
1790743500,2026-09-30T04:45:00Z,เมืองพะเยา,6,0.0,0.0,0.0,,,True
1790743500,2026-09-30T04:45:00Z,ทองผาภูมิ,851,0.0,0.0,0.0,,,True
1790743500,2026-09-30T04:45:00Z,สังขละบุรี,793,0.0,0.0,0.0,,,True
1790743500,2026-09-30T04:45:00Z,หนองม่วงไข่,35,0.0,0.0,0.0,,,True
1790743500,2026-09-30T04:45:00Z,ภูเวียง,81,0.0,0.0,0.0,,,True
1790743500,2026-09-30T04:45:00Z,มัญจาคีรี,50,0.0,0.0,0.0,,,True
1790743500,2026-09-30T04:45:00Z,หนองปรือ,104,0.0,0.0,0.0,,,True
1790743500,2026-09-30T04:45:00Z,เลาขวัญ,123,0.0,0.0,0.0,,,True
1790743500,2026-09-30T04:45:00Z,หนองนาคำ,43,0.0,0.0,0.0,,,True
1790743500,2026-09-30T04:45:00Z,โคกโพธิ์ไชย,65,0.0,0.0,0.0,,,True
1790743500,2026-09-30T04:45:00Z,บ้านหลวง,91,0.0,0.0,0.0,,,True
1790743500,2026-09-30T04:45:00Z,นาน้อย,266,0.113,9.725,0.0338,,15,True
1790743500,2026-09-30T04:45:00Z,ภูผาม่าน,74,0.0,0.0,0.0,,,True
1790743500,2026-09-30T04:45:00Z,เมืองน่าน,161,0.0,0.0,0.0,,,True
1790743500,2026-09-30T04:45:00Z,แม่จริม,262,0.0,0.0,0.0,,,True
1790743500,2026-09-30T04:45:00Z,เวียงเก่า,78,0.0,0.0,0.0,,,True
1790743500,2026-09-30T04:45:00Z,เมืองกำแพงเพชร,368,0.0,0.0,0.0,,,True
1790743500,2026-09-30T04:45:00Z,ไทรงาม,133,0.0,0.0,0.0,,,True
1790743500,2026-09-30T04:45:00Z,ปางศิลาทอง,186,0.0,0.0,0.0,,,True
1790743500,2026-09-30T04:45:00Z,ลานกระบือ,103,0.0,0.0,0.0,,,True
1790743500,2026-09-30T04:45:00Z,ทรายทองวัฒนา,53,0.0,0.0,0.0,,,True
1790743500,2026-09-30T04:45:00Z,คลองขลุง,179,0.0,0.0,0.0,,,True
1790743500,2026-09-30T04:45:00Z,พรานกระต่าย,252,0.0,0.0,0.0,,,True
1790743500,2026-09-30T04:45:00Z,คลองลาน,363,0.0,0.0,0.0,,,True
1790743500,2026-09-30T04:45:00Z,ขาณุวรลักษบุรี,296,0.0,0.0,0.0,,,True
1790743500,2026-09-30T04:45:00Z,ภูเพียง,113,0.0,0.0,0.0,,,True
1790743500,2026-09-30T04:45:00Z,นาหมื่น,245,0.0,0.0,0.0,,,True
1790743500,2026-09-30T04:45:00Z,เวียงสา,543,0.0,0.0,0.0,,,True
1790743500,2026-09-30T04:45:00Z,น้ำโสม,153,0.0,0.0,0.0,,,True
1790743500,2026-09-30T04:45:00Z,นายูง,126,0.0,0.0,0.0,,,True
1790743500,2026-09-30T04:45:00Z,ชุมแพ,173,0.0,0.0,0.0,,,True
1790743500,2026-09-30T04:45:00Z,สีชมพู,132,0.0,0.0,0.0,,,True
1790743500,2026-09-30T04:45:00Z,สุวรรณคูหา,140,0.0,0.0,0.0,,,True
1790743500,2026-09-30T04:45:00Z,นาวัง,65,0.0,0.0,0.0,,,True
1790743500,2026-09-30T04:45:00Z,หนองเรือ,80,0.0,0.0,0.0,,,True
1790743500,2026-09-30T04:45:00Z,โนนสัง,51,0.0,0.0,0.0,,,True
1790743500,2026-09-30T04:45:00Z,ศรีบุญเรือง,224,0.0,0.0,0.0,,,True
1790743500,2026-09-30T04:45:00Z,เมืองหนองบัวลำภู,217,0.0,0.0,0.0,,,True
1790743500,2026-09-30T04:45:00Z,นากลาง,173,0.0,0.0,0.0,,,True
1790743500,2026-09-30T04:45:00Z,ทุ่งเสลี่ยม,144,0.0,0.0,0.0,,,True
1790743500,2026-09-30T04:45:00Z,ดอยหล่อ,56,0.0,0.0,0.0,,,True
1790743500,2026-09-30T04:45:00Z,เมืองตาก,486,0.0,0.0,0.0,,,True
1790743500,2026-09-30T04:45:00Z,แม่ออน,116,0.0,0.0,0.0,,,True
1790743500,2026-09-30T04:45:00Z,อุ้มผาง,1209,0.0,0.0,0.0,,,True
1790743500,2026-09-30T04:45:00Z,วังเจ้า,183,0.0,0.0,0.0,,,True
1790743500,2026-09-30T04:45:00Z,แม่สอด,398,0.0,0.0,0.0,,,True
1790743500,2026-09-30T04:45:00Z,พบพระ,249,0.0,0.0,0.0,,,True
1790743500,2026-09-30T04:45:00Z,แม่ระมาด,380,0.0,0.0,0.0,,,True
1790743500,2026-09-30T04:45:00Z,ท่าสองยาง,401,0.0,0.0,0.0,,,True
1790743500,2026-09-30T04:45:00Z,บ้านตาก,255,0.0,0.0,0.0,,,True
1790743500,2026-09-30T04:45:00Z,สามเงา,698,0.0,0.0,0.0,,,True
1790743500,2026-09-30T04:45:00Z,จอมทอง,280,0.0,0.0,0.0,,,True
1790743500,2026-09-30T04:45:00Z,แก้งสนามนาง,79,0.0,0.0,0.0,,,True
1790743500,2026-09-30T04:45:00Z,สีคิ้ว,292,0.0,0.0,0.0,,,True
1790743500,2026-09-30T04:45:00Z,พระทองคำ,90,0.0,0.0,0.0,,,True
1790743500,2026-09-30T04:45:00Z,เทพารักษ์,92,0.0,0.0,0.0,,,True
1790743500,2026-09-30T04:45:00Z,สันกำแพง,65,0.0,0.0,0.0,,,True
1790743500,2026-09-30T04:45:00Z,สันป่าตอง,44,0.0,0.0,0.0,,,True
1790743500,2026-09-30T04:45:00Z,ดอยเต่า,213,0.0,0.0,0.0,,,True
1790743500,2026-09-30T04:45:00Z,อมก๋อย,704,0.0,0.0,0.0,,,True
1790743500,2026-09-30T04:45:00Z,ฮอด,378,0.0,0.0,0.0,,,True
1790743500,2026-09-30T04:45:00Z,เมืองลำพูน,117,0.0,0.0,0.0,,,True
1790743500,2026-09-30T04:45:00Z,แม่ทา,192,0.0,0.0,0.0,,,True
1790743500,2026-09-30T04:45:00Z,บ้านธิ,34,0.0,0.0,0.0,,,True
1790743500,2026-09-30T04:45:00Z,บ้านหมอ,24,0.0,0.0,0.0,,,True
1790743500,2026-09-30T04:45:00Z,เวียงหนองล่อง,14,0.0,0.0,0.0,,,True
1790743500,2026-09-30T04:45:00Z,ทุ่งหัวช้าง,113,0.0,0.0,0.0,,,True
1790743500,2026-09-30T04:45:00Z,ป่าซาง,74,0.0,0.0,0.0,,,True
1790743500,2026-09-30T04:45:00Z,บ้านโฮ่ง,124,0.0,0.0,0.0,,,True
1790743500,2026-09-30T04:45:00Z,แก่งคอย,73,0.0,0.0,0.0,,,True
1790743500,2026-09-30T04:45:00Z,ลี้,454,0.0,0.0,0.0,,,True
1790743500,2026-09-30T04:45:00Z,พระพุทธบาท,55,0.0,0.0,0.0,,,True
1790743500,2026-09-30T04:45:00Z,ดอนพุด,7,0.0,0.0,0.0,,,True
1790743500,2026-09-30T04:45:00Z,หนองโดน,31,0.0,0.0,0.0,,,True
1790743500,2026-09-30T04:45:00Z,เมืองลำปาง,300,0.0,0.0,0.0,,,True
1790743500,2026-09-30T04:45:00Z,เถิน,443,0.0,0.0,0.0,,,True
1790743500,2026-09-30T04:45:00Z,แม่พริก,167,0.0,0.0,0.0,,,True
1790743500,2026-09-30T04:45:00Z,แจ้ห่ม,274,0.0,0.0,0.0,,,True
1790743500,2026-09-30T04:45:00Z,แม่เปิน,85,0.0,0.0,0.0,,,True
1790743500,2026-09-30T04:45:00Z,เสริมงาม,185,0.0,0.0,0.0,,,True
1790743500,2026-09-30T04:45:00Z,ชุมตาบง,61,0.0,0.0,0.0,,,True
1790743500,2026-09-30T04:45:00Z,งาว,344,0.0,0.0,0.0,,,True
1790743500,2026-09-30T04:45:00Z,ตากฟ้า,125,0.0,0.0,0.0,,,True
1790743500,2026-09-30T04:45:00Z,แม่เมาะ,283,0.0,0.0,0.0,,,True
1790743500,2026-09-30T04:45:00Z,แม่วงก์,257,0.0,0.0,0.0,,,True
1790743500,2026-09-30T04:45:00Z,เกาะคา,128,0.0,0.0,0.0,,,True
1790743500,2026-09-30T04:45:00Z,พยุหะคีรี,169,0.0,0.0,0.0,,,True
1790743500,2026-09-30T04:45:00Z,ลาดยาว,187,0.0,0.0,0.0,,,True
1790743500,2026-09-30T04:45:00Z,สบปราบ,125,0.0,0.0,0.0,,,True
1790743500,2026-09-30T04:45:00Z,ห้างฉัตร,154,0.0,0.0,0.0,,,True
1790743500,2026-09-30T04:45:00Z,แม่ทะ,203,0.0,0.0,0.0,,,True
1790743500,2026-09-30T04:45:00Z,เมืองปาน,202,0.0,0.0,0.0,,,True
1790743500,2026-09-30T04:45:00Z,เมืองอ่างทอง,6,0.0,0.0,0.0,,,True
1790743500,2026-09-30T04:45:00Z,ไชโย,20,0.0,0.0,0.0,,,True
1790743500,2026-09-30T04:45:00Z,สามโก้,10,0.0,0.0,0.0,,,True
1790743500,2026-09-30T04:45:00Z,แสวงหา,43,0.0,0.0,0.0,,,True
1790743500,2026-09-30T04:45:00Z,วิเศษชัยชาญ,7,0.0,0.0,0.0,,,True
1790743500,2026-09-30T04:45:00Z,โพธิ์ทอง,48,0.0,0.0,0.0,,,True
1790743500,2026-09-30T04:45:00Z,เมืองลพบุรี,190,0.0,0.0,0.0,,,True
1790743500,2026-09-30T04:45:00Z,เดิมบางนางบวช,130,0.0,0.0,0.0,,,True
1790743500,2026-09-30T04:45:00Z,ด่านช้าง,309,0.0,0.0,0.0,,,True
1790743500,2026-09-30T04:45:00Z,หนองม่วง,111,0.0,0.0,0.0,,,True
1790743500,2026-09-30T04:45:00Z,ลำสนธิ,136,0.0,0.0,0.0,,,True
1790743500,2026-09-30T04:45:00Z,สามชุก,77,0.0,0.0,0.0,,,True
1790743500,2026-09-30T04:45:00Z,ดอนเจดีย์,72,0.0,0.0,0.0,,,True
1790743500,2026-09-30T04:45:00Z,สระโบสถ์,83,0.0,0.0,0.0,,,True
1790743500,2026-09-30T04:45:00Z,ศรีประจันต์,41,0.0,0.0,0.0,,,True
1790743500,2026-09-30T04:45:00Z,โคกเจริญ,135,0.0,0.0,0.0,,,True
1790743500,2026-09-30T04:45:00Z,บ้านหมี่,136,0.0,0.0,0.0,,,True
1790743500,2026-09-30T04:45:00Z,ท่าหลวง,100,0.0,0.0,0.0,,,True
1790743500,2026-09-30T04:45:00Z,ชัยบาดาล,280,0.0,0.0,0.0,,,True
1790743500,2026-09-30T04:45:00Z,ท่าวุ้ง,64,0.0,0.0,0.0,,,True
1790743500,2026-09-30T04:45:00Z,พัฒนานิคม,217,0.0,0.0,0.0,,,True
1790743500,2026-09-30T04:45:00Z,โคกสำโรง,180,0.0,0.0,0.0,,,True
1790743500,2026-09-30T04:45:00Z,หนองหญ้าไซ,108,0.0,0.0,0.0,,,True
1790743500,2026-09-30T04:45:00Z,ท่าช้าง,11,0.0,0.0,0.0,,,True
1790743500,2026-09-30T04:45:00Z,อินทร์บุรี,66,0.0,0.0,0.0,,,True
1790743500,2026-09-30T04:45:00Z,ค่ายบางระจัน,26,0.0,0.0,0.0,,,True
1790743500,2026-09-30T04:45:00Z,พรหมบุรี,19,0.0,0.0,0.0,,,True
1790743500,2026-09-30T04:45:00Z,เนินสง่า,65,0.0,0.0,0.0,,,True
1790743500,2026-09-30T04:45:00Z,เมืองสิงห์บุรี,31,0.0,0.0,0.0,,,True
1790743500,2026-09-30T04:45:00Z,ซับใหญ่,72,0.0,0.0,0.0,,,True
1790743500,2026-09-30T04:45:00Z,บางระจัน,46,0.0,0.0,0.0,,,True
1790743500,2026-09-30T04:45:00Z,ภูกระดึง,190,0.0,0.0,0.0,,,True
1790743500,2026-09-30T04:45:00Z,ภูหลวง,145,0.0,0.0,0.0,,,True
1790743500,2026-09-30T04:45:00Z,หนองหิน,78,0.0,0.0,0.0,,,True
1790743500,2026-09-30T04:45:00Z,ผาขาว,100,0.0,0.0,0.0,,,True
1790743500,2026-09-30T04:45:00Z,เอราวัณ,87,0.0,0.0,0.0,,,True
1790743500,2026-09-30T04:45:00Z,วังสะพุง,281,0.0,0.0,0.0,,,True
1790743500,2026-09-30T04:45:00Z,วังม่วง,70,0.0,0.0,0.0,,,True
1790743500,2026-09-30T04:45:00Z,เฉลิมพระเกียรติ,35,0.0,0.0,0.0,,,True
1790743500,2026-09-30T04:45:00Z,มวกเหล็ก,175,0.0,0.0,0.0,,,True
1790743500,2026-09-30T04:45:00Z,บ้านเขว้า,124,0.0,0.0,0.0,,,True
1790743500,2026-09-30T04:45:00Z,คอนสวรรค์,113,0.0,0.0,0.0,,,True
1790743500,2026-09-30T04:45:00Z,เมืองชัยภูมิ,358,0.0,0.0,0.0,,,True
1790743500,2026-09-30T04:45:00Z,วังทอง,425,0.0,0.0,0.0,,,True
1790743500,2026-09-30T04:45:00Z,เนินมะปราง,276,0.0,0.0,0.0,,,True
1790743500,2026-09-30T04:45:00Z,สวรรคโลก,156,0.0,0.0,0.0,,,True
1790743500,2026-09-30T04:45:00Z,ศรีนคร,46,0.0,0.0,0.0,,,True
1790743500,2026-09-30T04:45:00Z,หันคา,139,0.0,0.0,0.0,,,True
1790743500,2026-09-30T04:45:00Z,ศรีสัชนาลัย,534,0.0,0.0,0.0,,,True
1790743500,2026-09-30T04:45:00Z,หนองมะโมง,76,0.0,0.0,0.0,,,True
1790743500,2026-09-30T04:45:00Z,ศรีสำโรง,142,0.0,0.0,0.0,,,True
1790743500,2026-09-30T04:45:00Z,สรรพยา,55,0.0,0.0,0.0,,,True
1790743500,2026-09-30T04:45:00Z,คีรีมาศ,171,0.0,0.0,0.0,,,True
1790743500,2026-09-30T04:45:00Z,สรรคบุรี,89,0.0,0.0,0.0,,,True
1790743500,2026-09-30T04:45:00Z,กงไกรลาศ,108,0.0,0.0,0.0,,,True
1790743500,2026-09-30T04:45:00Z,มโนรมย์,66,0.0,0.0,0.0,,,True
1790743500,2026-09-30T04:45:00Z,เมืองสุโขทัย,136,0.0,0.0,0.0,,,True
1790743500,2026-09-30T04:45:00Z,วัดสิงห์,67,0.0,0.0,0.0,,,True
1790743500,2026-09-30T04:45:00Z,บ้านด่านลานหอย,231,0.0,0.0,0.0,,,True
1790743500,2026-09-30T04:45:00Z,เมืองชัยนาท,70,0.0,0.0,0.0,,,True
1790743500,2026-09-30T04:45:00Z,เนินขาม,65,0.0,0.0,0.0,,,True
1790743500,2026-09-30T04:45:00Z,คอนสาร,334,0.0,0.0,0.0,,,True
1790743500,2026-09-30T04:45:00Z,ภักดีชุมพล,154,0.0,0.0,0.0,,,True
1790743500,2026-09-30T04:45:00Z,บ้านแท่น,76,0.0,0.0,0.0,,,True
1790743500,2026-09-30T04:45:00Z,แก้งคร้อ,168,0.0,0.0,0.0,,,True
1790743500,2026-09-30T04:45:00Z,ภูเขียว,201,0.0,0.0,0.0,,,True
1790743500,2026-09-30T04:45:00Z,หนองบัวระเหว,179,0.0,0.0,0.0,,,True
1790743500,2026-09-30T04:45:00Z,เทพสถิต,239,0.0,0.0,0.0,,,True
1790743500,2026-09-30T04:45:00Z,จัตุรัส,172,0.0,0.0,0.0,,,True
1790743500,2026-09-30T04:45:00Z,บำเหน็จณรงค์,120,0.0,0.0,0.0,,,True
1790743500,2026-09-30T04:45:00Z,เกษตรสมบูรณ์,268,0.0,0.0,0.0,,,True
1790743500,2026-09-30T04:45:00Z,หนองบัวแดง,537,0.0,0.0,0.0,,,True
1790743500,2026-09-30T04:45:00Z,ภูเรือ,168,0.0,0.0,0.0,,,True
1790743500,2026-09-30T04:45:00Z,ท่าลี่,171,0.0,0.0,0.0,,,True
1790743500,2026-09-30T04:45:00Z,วชิรบารมี,68,0.0,0.0,0.0,,,True
1790743500,2026-09-30T04:45:00Z,ด่านซ้าย,341,0.0,0.0,0.0,,,True
1790743500,2026-09-30T04:45:00Z,นาแห้ว,153,0.0,0.0,0.0,,,True
1790743500,2026-09-30T04:45:00Z,บึงนาราง,74,0.0,0.0,0.0,,,True
1790743500,2026-09-30T04:45:00Z,เชียงคาน,213,0.0,0.0,0.0,,,True
1790743500,2026-09-30T04:45:00Z,ดงเจริญ,56,0.0,0.0,0.0,,,True
1790743500,2026-09-30T04:45:00Z,ปากชม,240,0.0,0.0,0.0,,,True
1790743500,2026-09-30T04:45:00Z,เมืองเลย,314,0.0,0.0,0.0,,,True
1790743500,2026-09-30T04:45:00Z,นาด้วง,143,0.0,0.0,0.0,,,True
1790743500,2026-09-30T04:45:00Z,สากเหล็ก,45,0.0,0.0,0.0,,,True
1790743500,2026-09-30T04:45:00Z,สามง่าม,89,0.0,0.0,0.0,,,True
1790743500,2026-09-30T04:45:00Z,ทับคล้อ,104,0.0,0.0,0.0,,,True
1790743500,2026-09-30T04:45:00Z,พรหมพิราม,206,0.0,0.0,0.0,,,True
1790743500,2026-09-30T04:45:00Z,ด่านขุนทด,344,0.0,0.0,0.0,,,True
1790743500,2026-09-30T04:45:00Z,วัดโบสถ์,226,0.0,0.0,0.0,,,True
1790743500,2026-09-30T04:45:00Z,บางระกำ,246,0.0,0.0,0.0,,,True
1790743500,2026-09-30T04:45:00Z,บางกระทุ่ม,91,0.0,0.0,0.0,,,True
1790743500,2026-09-30T04:45:00Z,นครไทย,597,0.0,0.0,0.0,,,True
1790743500,2026-09-30T04:45:00Z,ชาติตระการ,415,0.0,0.0,0.0,,,True
1790743500,2026-09-30T04:45:00Z,บ้านเหลื่อม,55,0.0,0.0,0.0,,,True
1790743500,2026-09-30T04:45:00Z,เมืองพิษณุโลก,178,0.0,0.0,0.0,,,True
1790743500,2026-09-30T04:45:00Z,ชุมแสง,145,0.0,0.0,0.0,,,True
1790743500,2026-09-30T04:45:00Z,หนองบัว,208,0.0,0.0,0.0,,,True
1790743500,2026-09-30T04:45:00Z,เมืองนครสวรรค์,183,0.0,0.0,0.0,,,True
1790743500,2026-09-30T04:45:00Z,โกรกพระ,71,0.0,0.0,0.0,,,True
1790743500,2026-09-30T04:45:00Z,ไพศาลี,244,0.0,0.0,0.0,,,True
1790743500,2026-09-30T04:45:00Z,ตาคลี,206,0.0,0.0,0.0,,,True
1790743500,2026-09-30T04:45:00Z,ท่าตะโก,211,0.0,0.0,0.0,,,True
1790743500,2026-09-30T04:45:00Z,เขาค้อ,207,0.0,0.0,0.0,,,True
1790743500,2026-09-30T04:45:00Z,บรรพตพิสัย,181,0.0,0.0,0.0,,,True
1790743500,2026-09-30T04:45:00Z,เก้าเลี้ยว,57,0.0,0.0,0.0,,,True
1790743500,2026-09-30T04:45:00Z,วังโป่ง,123,0.0,0.0,0.0,,,True
1790743500,2026-09-30T04:45:00Z,บึงสามพัน,194,0.0,0.0,0.0,,,True
1790743500,2026-09-30T04:45:00Z,น้ำหนาว,231,0.0,0.0,0.0,,,True
1790743500,2026-09-30T04:45:00Z,ศรีเทพ,204,0.0,0.0,0.0,,,True
1790743500,2026-09-30T04:45:00Z,หนองไผ่,315,0.0,0.0,0.0,,,True
1790743500,2026-09-30T04:45:00Z,มหาราช,4,0.0,0.0,0.0,,,False
1790743500,2026-09-30T04:45:00Z,บ้านแพรก,10,0.0,0.0,0.0,,,True
1790743500,2026-09-30T04:45:00Z,บางมูลนาก,99,0.0,0.0,0.0,,,True
1790743500,2026-09-30T04:45:00Z,โพทะเล,131,0.0,0.0,0.0,,,True
1790743500,2026-09-30T04:45:00Z,โพธิ์ประทับช้าง,102,0.0,0.0,0.0,,,True
1790743500,2026-09-30T04:45:00Z,ตะพานหิน,109,0.0,0.0,0.0,,,True
1790743500,2026-09-30T04:45:00Z,เมืองพิจิตร,138,0.0,0.0,0.0,,,True
1790743500,2026-09-30T04:45:00Z,วังทรายพูน,66,0.0,0.0,0.0,,,True
1790744400,2026-09-30T05:00:00Z,พิชัย,176,0.0,0.0,0.0,,,True
1790744400,2026-09-30T05:00:00Z,ลับแล,116,0.0,0.0,0.0,,,True
1790744400,2026-09-30T05:00:00Z,ฟากท่า,163,0.0,0.0,0.0,,,True
1790744400,2026-09-30T05:00:00Z,บ้านโคก,247,0.0,0.0,0.0,,,True
1790744400,2026-09-30T05:00:00Z,ท่าปลา,442,0.0,0.0,0.0,,,True
1790744400,2026-09-30T05:00:00Z,น้ำปาด,363,0.0,0.0,0.0,,,True
1790744400,2026-09-30T05:00:00Z,เมืองอุตรดิตถ์,202,0.0,0.0,0.0,,,True
1790744400,2026-09-30T05:00:00Z,ตรอน,80,0.0,0.0,0.0,,,True
1790744400,2026-09-30T05:00:00Z,หล่มเก่า,246,0.0,0.0,0.0,,,True
1790744400,2026-09-30T05:00:00Z,วิเชียรบุรี,377,0.0,0.0,0.0,,,True
1790744400,2026-09-30T05:00:00Z,ชนแดน,279,0.0,0.0,0.0,,,True
1790744400,2026-09-30T05:00:00Z,หล่มสัก,350,0.0,0.0,0.0,,,True
1790744400,2026-09-30T05:00:00Z,เมืองเพชรบูรณ์,571,0.0,0.0,0.0,,,True
1790744400,2026-09-30T05:00:00Z,ทองแสนขัน,185,0.0,0.0,0.0,,,True
1790744400,2026-09-30T05:00:00Z,บึงสามัคคี,71,0.0,0.0,0.0,,,True
1790744400,2026-09-30T05:00:00Z,โกสัมพีนคร,137,0.0,0.0,0.0,,,True
1790744400,2026-09-30T05:00:00Z,สอง,380,0.001,0.098,0.0053,,45,True
1790744400,2026-09-30T05:00:00Z,วังชิ้น,255,0.0,0.0,0.0,,,True
1790744400,2026-09-30T05:00:00Z,สูงเม่น,88,0.0,0.0,0.0,,,True
1790744400,2026-09-30T05:00:00Z,เด่นชัย,135,0.0,0.0,0.0,,,True
1790744400,2026-09-30T05:00:00Z,ร้องกวาง,221,0.0,0.0,0.0,,,True
1790744400,2026-09-30T05:00:00Z,ลอง,317,0.0,0.0,0.0,,,True
1790744400,2026-09-30T05:00:00Z,เมืองแพร่,205,0.0,0.0,0.0,,,True
1790744400,2026-09-30T05:00:00Z,ทัพทัน,94,0.0,0.0,0.0,,,True
1790744400,2026-09-30T05:00:00Z,สว่างอารมณ์,110,0.0,0.0,0.0,,,True
1790744400,2026-09-30T05:00:00Z,เมืองอุทัยธานี,59,0.0,0.0,0.0,,,True
1790744400,2026-09-30T05:00:00Z,ห้วยคต,94,0.0,0.0,0.0,,,True
1790744400,2026-09-30T05:00:00Z,ศรีสวัสดิ์,440,0.0,0.0,0.0,,,True
1790744400,2026-09-30T05:00:00Z,บ้านไร่,821,0.0,0.0,0.0,,,True
1790744400,2026-09-30T05:00:00Z,ลานสัก,360,0.0,0.0,0.0,,,True
1790744400,2026-09-30T05:00:00Z,หนองฉาง,89,0.0,0.0,0.0,,,True
1790744400,2026-09-30T05:00:00Z,หนองขาหย่าง,43,0.0,0.0,0.0,,,True
1790744400,2026-09-30T05:00:00Z,เชียงม่วน,82,0.0,0.0,0.0,,,True
1790744400,2026-09-30T05:00:00Z,ดอกคำใต้,37,0.0,0.0,0.0,,,True
1790744400,2026-09-30T05:00:00Z,เมืองพะเยา,6,0.0,0.0,0.0,,,True
1790744400,2026-09-30T05:00:00Z,ทองผาภูมิ,851,0.0,0.0,0.0,,,True
1790744400,2026-09-30T05:00:00Z,สังขละบุรี,793,0.0,0.0,0.0,,,True
1790744400,2026-09-30T05:00:00Z,หนองม่วงไข่,35,0.0,0.0,0.0,,,True
1790744400,2026-09-30T05:00:00Z,ภูเวียง,81,0.0,0.0,0.0,,,True
1790744400,2026-09-30T05:00:00Z,มัญจาคีรี,50,0.0,0.0,0.0,,,True
1790744400,2026-09-30T05:00:00Z,หนองปรือ,104,0.0,0.0,0.0,,,True
1790744400,2026-09-30T05:00:00Z,เลาขวัญ,123,0.0,0.0,0.0,,,True
1790744400,2026-09-30T05:00:00Z,หนองนาคำ,43,0.0,0.0,0.0,,,True
1790744400,2026-09-30T05:00:00Z,โคกโพธิ์ไชย,65,0.0,0.0,0.0,,,True
1790744400,2026-09-30T05:00:00Z,บ้านหลวง,91,0.0,0.0,0.0,,,True
1790744400,2026-09-30T05:00:00Z,นาน้อย,266,0.057,0.978,0.1128,105,15,True
1790744400,2026-09-30T05:00:00Z,ภูผาม่าน,74,0.0,0.0,0.0,,,True
1790744400,2026-09-30T05:00:00Z,เมืองน่าน,161,0.0,0.0,0.0,,,True
1790744400,2026-09-30T05:00:00Z,แม่จริม,262,0.0,0.0,0.0,,,True
1790744400,2026-09-30T05:00:00Z,เวียงเก่า,78,0.0,0.0,0.0,,,True
1790744400,2026-09-30T05:00:00Z,เมืองกำแพงเพชร,368,0.0,0.0,0.0,,,True
1790744400,2026-09-30T05:00:00Z,ไทรงาม,133,0.0,0.0,0.0,,,True
1790744400,2026-09-30T05:00:00Z,ปางศิลาทอง,186,0.0,0.0,0.0,,,True
1790744400,2026-09-30T05:00:00Z,ลานกระบือ,103,0.0,0.0,0.0,,,True
1790744400,2026-09-30T05:00:00Z,ทรายทองวัฒนา,53,0.0,0.0,0.0,,,True
1790744400,2026-09-30T05:00:00Z,คลองขลุง,179,0.0,0.0,0.0,,,True
1790744400,2026-09-30T05:00:00Z,พรานกระต่าย,252,0.0,0.0,0.0,,,True
1790744400,2026-09-30T05:00:00Z,คลองลาน,363,0.0,0.0,0.0,,,True
1790744400,2026-09-30T05:00:00Z,ขาณุวรลักษบุรี,296,0.0,0.0,0.0,,,True
1790744400,2026-09-30T05:00:00Z,ภูเพียง,113,0.0,0.0,0.0,,,True
1790744400,2026-09-30T05:00:00Z,นาหมื่น,245,0.004,0.511,0.0122,,30,True
1790744400,2026-09-30T05:00:00Z,เวียงสา,543,0.0,0.0,0.0,,,True
1790744400,2026-09-30T05:00:00Z,น้ำโสม,153,0.0,0.0,0.0,,,True
1790744400,2026-09-30T05:00:00Z,นายูง,126,0.0,0.0,0.0,,,True
1790744400,2026-09-30T05:00:00Z,ชุมแพ,173,0.0,0.0,0.0,,,True
1790744400,2026-09-30T05:00:00Z,สีชมพู,132,0.0,0.0,0.0,,,True
1790744400,2026-09-30T05:00:00Z,สุวรรณคูหา,140,0.0,0.0,0.0,,,True
1790744400,2026-09-30T05:00:00Z,นาวัง,65,0.0,0.0,0.0,,,True
1790744400,2026-09-30T05:00:00Z,หนองเรือ,80,0.0,0.0,0.0,,,True
1790744400,2026-09-30T05:00:00Z,โนนสัง,51,0.0,0.0,0.0,,,True
1790744400,2026-09-30T05:00:00Z,ศรีบุญเรือง,224,0.0,0.0,0.0,,,True
1790744400,2026-09-30T05:00:00Z,เมืองหนองบัวลำภู,217,0.0,0.0,0.0,,,True
1790744400,2026-09-30T05:00:00Z,นากลาง,173,0.0,0.0,0.0,,,True
1790744400,2026-09-30T05:00:00Z,ทุ่งเสลี่ยม,144,0.0,0.0,0.0,,,True
1790744400,2026-09-30T05:00:00Z,ดอยหล่อ,56,0.0,0.0,0.0,,,True
1790744400,2026-09-30T05:00:00Z,เมืองตาก,486,0.0,0.0,0.0,,,True
1790744400,2026-09-30T05:00:00Z,แม่ออน,116,0.0,0.0,0.0,,,True
1790744400,2026-09-30T05:00:00Z,อุ้มผาง,1209,0.0,0.0,0.0,,,True
1790744400,2026-09-30T05:00:00Z,วังเจ้า,183,0.0,0.0,0.0,,,True
1790744400,2026-09-30T05:00:00Z,แม่สอด,398,0.0,0.0,0.0,,,True
1790744400,2026-09-30T05:00:00Z,พบพระ,249,0.0,0.0,0.0,,,True
1790744400,2026-09-30T05:00:00Z,แม่ระมาด,380,0.0,0.0,0.0,,,True
1790744400,2026-09-30T05:00:00Z,ท่าสองยาง,401,0.0,0.0,0.0,,,True
1790744400,2026-09-30T05:00:00Z,บ้านตาก,255,0.0,0.0,0.0,,,True
1790744400,2026-09-30T05:00:00Z,สามเงา,698,0.0,0.0,0.0,,,True
1790744400,2026-09-30T05:00:00Z,จอมทอง,280,0.0,0.0,0.0,,,True
1790744400,2026-09-30T05:00:00Z,แก้งสนามนาง,79,0.0,0.0,0.0,,,True
1790744400,2026-09-30T05:00:00Z,สีคิ้ว,292,0.0,0.0,0.0,,,True
1790744400,2026-09-30T05:00:00Z,พระทองคำ,90,0.0,0.0,0.0,,,True
1790744400,2026-09-30T05:00:00Z,เทพารักษ์,92,0.0,0.0,0.0,,,True
1790744400,2026-09-30T05:00:00Z,สันกำแพง,65,0.0,0.0,0.0,,,True
1790744400,2026-09-30T05:00:00Z,สันป่าตอง,44,0.0,0.0,0.0,,,True
1790744400,2026-09-30T05:00:00Z,ดอยเต่า,213,0.0,0.0,0.0,,,True
1790744400,2026-09-30T05:00:00Z,อมก๋อย,704,0.0,0.0,0.0,,,True
1790744400,2026-09-30T05:00:00Z,ฮอด,378,0.0,0.0,0.0,,,True
1790744400,2026-09-30T05:00:00Z,เมืองลำพูน,117,0.0,0.0,0.0,,,True
1790744400,2026-09-30T05:00:00Z,แม่ทา,192,0.0,0.0,0.0,,,True
1790744400,2026-09-30T05:00:00Z,บ้านธิ,34,0.0,0.0,0.0,,,True
1790744400,2026-09-30T05:00:00Z,บ้านหมอ,24,0.0,0.0,0.0,,,True
1790744400,2026-09-30T05:00:00Z,เวียงหนองล่อง,14,0.0,0.0,0.0,,,True
1790744400,2026-09-30T05:00:00Z,ทุ่งหัวช้าง,113,0.0,0.0,0.0,,,True
1790744400,2026-09-30T05:00:00Z,ป่าซาง,74,0.0,0.0,0.0,,,True
1790744400,2026-09-30T05:00:00Z,บ้านโฮ่ง,124,0.0,0.0,0.0,,,True
1790744400,2026-09-30T05:00:00Z,แก่งคอย,73,0.0,0.0,0.0,,,True
1790744400,2026-09-30T05:00:00Z,ลี้,454,0.0,0.0,0.0,,,True
1790744400,2026-09-30T05:00:00Z,พระพุทธบาท,55,0.0,0.0,0.0,,,True
1790744400,2026-09-30T05:00:00Z,ดอนพุด,7,0.0,0.0,0.0,,,True
1790744400,2026-09-30T05:00:00Z,หนองโดน,31,0.0,0.0,0.0,,,True
1790744400,2026-09-30T05:00:00Z,เมืองลำปาง,300,0.0,0.0,0.0,,,True
1790744400,2026-09-30T05:00:00Z,เถิน,443,0.0,0.0,0.0,,,True
1790744400,2026-09-30T05:00:00Z,แม่พริก,167,0.0,0.0,0.0,,,True
1790744400,2026-09-30T05:00:00Z,แจ้ห่ม,274,0.0,0.0,0.0,,,True
1790744400,2026-09-30T05:00:00Z,แม่เปิน,85,0.0,0.0,0.0,,,True
1790744400,2026-09-30T05:00:00Z,เสริมงาม,185,0.0,0.0,0.0,,,True
1790744400,2026-09-30T05:00:00Z,ชุมตาบง,61,0.0,0.0,0.0,,,True
1790744400,2026-09-30T05:00:00Z,งาว,344,0.0,0.0,0.0,,,True
1790744400,2026-09-30T05:00:00Z,ตากฟ้า,125,0.0,0.0,0.0,,,True
1790744400,2026-09-30T05:00:00Z,แม่เมาะ,283,0.0,0.0,0.0,,,True
1790744400,2026-09-30T05:00:00Z,แม่วงก์,257,0.0,0.0,0.0,,,True
1790744400,2026-09-30T05:00:00Z,เกาะคา,128,0.0,0.0,0.0,,,True
1790744400,2026-09-30T05:00:00Z,พยุหะคีรี,169,0.0,0.0,0.0,,,True
1790744400,2026-09-30T05:00:00Z,ลาดยาว,187,0.0,0.0,0.0,,,True
1790744400,2026-09-30T05:00:00Z,สบปราบ,125,0.0,0.0,0.0,,,True
1790744400,2026-09-30T05:00:00Z,ห้างฉัตร,154,0.0,0.0,0.0,,,True
1790744400,2026-09-30T05:00:00Z,แม่ทะ,203,0.0,0.0,0.0,,,True
1790744400,2026-09-30T05:00:00Z,เมืองปาน,202,0.0,0.0,0.0,,,True
1790744400,2026-09-30T05:00:00Z,เมืองอ่างทอง,6,0.0,0.0,0.0,,,True
1790744400,2026-09-30T05:00:00Z,ไชโย,20,0.0,0.0,0.0,,,True
1790744400,2026-09-30T05:00:00Z,สามโก้,10,0.0,0.0,0.0,,,True
1790744400,2026-09-30T05:00:00Z,แสวงหา,43,0.0,0.0,0.0,,,True
1790744400,2026-09-30T05:00:00Z,วิเศษชัยชาญ,7,0.0,0.0,0.0,,,True
1790744400,2026-09-30T05:00:00Z,โพธิ์ทอง,48,0.0,0.0,0.0,,,True
1790744400,2026-09-30T05:00:00Z,เมืองลพบุรี,190,0.0,0.0,0.0,,,True
1790744400,2026-09-30T05:00:00Z,เดิมบางนางบวช,130,0.0,0.0,0.0,,,True
1790744400,2026-09-30T05:00:00Z,ด่านช้าง,309,0.0,0.0,0.0,,,True
1790744400,2026-09-30T05:00:00Z,หนองม่วง,111,0.0,0.0,0.0,,,True
1790744400,2026-09-30T05:00:00Z,ลำสนธิ,136,0.0,0.0,0.0,,,True
1790744400,2026-09-30T05:00:00Z,สามชุก,77,0.0,0.0,0.0,,,True
1790744400,2026-09-30T05:00:00Z,ดอนเจดีย์,72,0.0,0.0,0.0,,,True
1790744400,2026-09-30T05:00:00Z,สระโบสถ์,83,0.0,0.0,0.0,,,True
1790744400,2026-09-30T05:00:00Z,ศรีประจันต์,41,0.0,0.0,0.0,,,True
1790744400,2026-09-30T05:00:00Z,โคกเจริญ,135,0.0,0.0,0.0,,,True
1790744400,2026-09-30T05:00:00Z,บ้านหมี่,136,0.0,0.0,0.0,,,True
1790744400,2026-09-30T05:00:00Z,ท่าหลวง,100,0.0,0.0,0.0,,,True
1790744400,2026-09-30T05:00:00Z,ชัยบาดาล,280,0.0,0.0,0.0,,,True
1790744400,2026-09-30T05:00:00Z,ท่าวุ้ง,64,0.0,0.0,0.0,,,True
1790744400,2026-09-30T05:00:00Z,พัฒนานิคม,217,0.0,0.0,0.0,,,True
1790744400,2026-09-30T05:00:00Z,โคกสำโรง,180,0.0,0.0,0.0,,,True
1790744400,2026-09-30T05:00:00Z,หนองหญ้าไซ,108,0.0,0.0,0.0,,,True
1790744400,2026-09-30T05:00:00Z,ท่าช้าง,11,0.0,0.0,0.0,,,True
1790744400,2026-09-30T05:00:00Z,อินทร์บุรี,66,0.0,0.0,0.0,,,True
1790744400,2026-09-30T05:00:00Z,ค่ายบางระจัน,26,0.0,0.0,0.0,,,True
1790744400,2026-09-30T05:00:00Z,พรหมบุรี,19,0.0,0.0,0.0,,,True
1790744400,2026-09-30T05:00:00Z,เนินสง่า,65,0.0,0.0,0.0,,,True
1790744400,2026-09-30T05:00:00Z,เมืองสิงห์บุรี,31,0.0,0.0,0.0,,,True
1790744400,2026-09-30T05:00:00Z,ซับใหญ่,72,0.0,0.0,0.0,,,True
1790744400,2026-09-30T05:00:00Z,บางระจัน,46,0.0,0.0,0.0,,,True
1790744400,2026-09-30T05:00:00Z,ภูกระดึง,190,0.0,0.0,0.0,,,True
1790744400,2026-09-30T05:00:00Z,ภูหลวง,145,0.0,0.0,0.0,,,True
1790744400,2026-09-30T05:00:00Z,หนองหิน,78,0.0,0.0,0.0,,,True
1790744400,2026-09-30T05:00:00Z,ผาขาว,100,0.0,0.0,0.0,,,True
1790744400,2026-09-30T05:00:00Z,เอราวัณ,87,0.0,0.0,0.0,,,True
1790744400,2026-09-30T05:00:00Z,วังสะพุง,281,0.0,0.0,0.0,,,True
1790744400,2026-09-30T05:00:00Z,วังม่วง,70,0.0,0.0,0.0,,,True
1790744400,2026-09-30T05:00:00Z,เฉลิมพระเกียรติ,35,0.0,0.0,0.0,,,True
1790744400,2026-09-30T05:00:00Z,มวกเหล็ก,175,0.0,0.0,0.0,,,True
1790744400,2026-09-30T05:00:00Z,บ้านเขว้า,124,0.0,0.0,0.0,,,True
1790744400,2026-09-30T05:00:00Z,คอนสวรรค์,113,0.0,0.0,0.0,,,True
1790744400,2026-09-30T05:00:00Z,เมืองชัยภูมิ,358,0.0,0.0,0.0,,,True
1790744400,2026-09-30T05:00:00Z,วังทอง,425,0.0,0.0,0.0,,,True
1790744400,2026-09-30T05:00:00Z,เนินมะปราง,276,0.0,0.0,0.0,,,True
1790744400,2026-09-30T05:00:00Z,สวรรคโลก,156,0.0,0.0,0.0,,,True
1790744400,2026-09-30T05:00:00Z,ศรีนคร,46,0.0,0.0,0.0,,,True
1790744400,2026-09-30T05:00:00Z,หันคา,139,0.0,0.0,0.0,,,True
1790744400,2026-09-30T05:00:00Z,ศรีสัชนาลัย,534,0.0,0.0,0.0,,,True
1790744400,2026-09-30T05:00:00Z,หนองมะโมง,76,0.0,0.0,0.0,,,True
1790744400,2026-09-30T05:00:00Z,ศรีสำโรง,142,0.0,0.0,0.0,,,True
1790744400,2026-09-30T05:00:00Z,สรรพยา,55,0.0,0.0,0.0,,,True
1790744400,2026-09-30T05:00:00Z,คีรีมาศ,171,0.0,0.0,0.0,,,True
1790744400,2026-09-30T05:00:00Z,สรรคบุรี,89,0.0,0.0,0.0,,,True
1790744400,2026-09-30T05:00:00Z,กงไกรลาศ,108,0.0,0.0,0.0,,,True
1790744400,2026-09-30T05:00:00Z,มโนรมย์,66,0.0,0.0,0.0,,,True
1790744400,2026-09-30T05:00:00Z,เมืองสุโขทัย,136,0.0,0.0,0.0,,,True
1790744400,2026-09-30T05:00:00Z,วัดสิงห์,67,0.0,0.0,0.0,,,True
1790744400,2026-09-30T05:00:00Z,บ้านด่านลานหอย,231,0.0,0.0,0.0,,,True
1790744400,2026-09-30T05:00:00Z,เมืองชัยนาท,70,0.0,0.0,0.0,,,True
1790744400,2026-09-30T05:00:00Z,เนินขาม,65,0.0,0.0,0.0,,,True
1790744400,2026-09-30T05:00:00Z,คอนสาร,334,0.0,0.0,0.0,,,True
1790744400,2026-09-30T05:00:00Z,ภักดีชุมพล,154,0.0,0.0,0.0,,,True
1790744400,2026-09-30T05:00:00Z,บ้านแท่น,76,0.0,0.0,0.0,,,True
1790744400,2026-09-30T05:00:00Z,แก้งคร้อ,168,0.0,0.0,0.0,,,True
1790744400,2026-09-30T05:00:00Z,ภูเขียว,201,0.0,0.0,0.0,,,True
1790744400,2026-09-30T05:00:00Z,หนองบัวระเหว,179,0.0,0.0,0.0,,,True
1790744400,2026-09-30T05:00:00Z,เทพสถิต,239,0.0,0.0,0.0,,,True
1790744400,2026-09-30T05:00:00Z,จัตุรัส,172,0.0,0.0,0.0,,,True
1790744400,2026-09-30T05:00:00Z,บำเหน็จณรงค์,120,0.0,0.0,0.0,,,True
1790744400,2026-09-30T05:00:00Z,เกษตรสมบูรณ์,268,0.0,0.0,0.0,,,True
1790744400,2026-09-30T05:00:00Z,หนองบัวแดง,537,0.0,0.0,0.0,,,True
1790744400,2026-09-30T05:00:00Z,ภูเรือ,168,0.0,0.0,0.0,,,True
1790744400,2026-09-30T05:00:00Z,ท่าลี่,171,0.0,0.0,0.0,,,True
1790744400,2026-09-30T05:00:00Z,วชิรบารมี,68,0.0,0.0,0.0,,,True
1790744400,2026-09-30T05:00:00Z,ด่านซ้าย,341,0.0,0.0,0.0,,,True
1790744400,2026-09-30T05:00:00Z,นาแห้ว,153,0.0,0.0,0.0,,,True
1790744400,2026-09-30T05:00:00Z,บึงนาราง,74,0.0,0.0,0.0,,,True
1790744400,2026-09-30T05:00:00Z,เชียงคาน,213,0.0,0.0,0.0,,,True
1790744400,2026-09-30T05:00:00Z,ดงเจริญ,56,0.0,0.0,0.0,,,True
1790744400,2026-09-30T05:00:00Z,ปากชม,240,0.0,0.0,0.0,,,True
1790744400,2026-09-30T05:00:00Z,เมืองเลย,314,0.0,0.0,0.0,,,True
1790744400,2026-09-30T05:00:00Z,นาด้วง,143,0.0,0.0,0.0,,,True
1790744400,2026-09-30T05:00:00Z,สากเหล็ก,45,0.0,0.0,0.0,,,True
1790744400,2026-09-30T05:00:00Z,สามง่าม,89,0.0,0.0,0.0,,,True
1790744400,2026-09-30T05:00:00Z,ทับคล้อ,104,0.0,0.0,0.0,,,True
1790744400,2026-09-30T05:00:00Z,พรหมพิราม,206,0.0,0.0,0.0,,,True
1790744400,2026-09-30T05:00:00Z,ด่านขุนทด,344,0.0,0.0,0.0,,,True
1790744400,2026-09-30T05:00:00Z,วัดโบสถ์,226,0.0,0.0,0.0,,,True
1790744400,2026-09-30T05:00:00Z,บางระกำ,246,0.0,0.0,0.0,,,True
1790744400,2026-09-30T05:00:00Z,บางกระทุ่ม,91,0.0,0.0,0.0,,,True
1790744400,2026-09-30T05:00:00Z,นครไทย,597,0.0,0.0,0.0,,,True
1790744400,2026-09-30T05:00:00Z,ชาติตระการ,415,0.0,0.0,0.0,,,True
1790744400,2026-09-30T05:00:00Z,บ้านเหลื่อม,55,0.0,0.0,0.0,,,True
1790744400,2026-09-30T05:00:00Z,เมืองพิษณุโลก,178,0.0,0.0,0.0,,,True
1790744400,2026-09-30T05:00:00Z,ชุมแสง,145,0.0,0.0,0.0,,,True
1790744400,2026-09-30T05:00:00Z,หนองบัว,208,0.0,0.0,0.0,,,True
1790744400,2026-09-30T05:00:00Z,เมืองนครสวรรค์,183,0.0,0.0,0.0,,,True
1790744400,2026-09-30T05:00:00Z,โกรกพระ,71,0.0,0.0,0.0,,,True
1790744400,2026-09-30T05:00:00Z,ไพศาลี,244,0.0,0.0,0.0,,,True
1790744400,2026-09-30T05:00:00Z,ตาคลี,206,0.0,0.0,0.0,,,True
1790744400,2026-09-30T05:00:00Z,ท่าตะโก,211,0.0,0.0,0.0,,,True
1790744400,2026-09-30T05:00:00Z,เขาค้อ,207,0.0,0.0,0.0,,,True
1790744400,2026-09-30T05:00:00Z,บรรพตพิสัย,181,0.0,0.0,0.0,,,True
1790744400,2026-09-30T05:00:00Z,เก้าเลี้ยว,57,0.0,0.0,0.0,,,True
1790744400,2026-09-30T05:00:00Z,วังโป่ง,123,0.0,0.0,0.0,,,True
1790744400,2026-09-30T05:00:00Z,บึงสามพัน,194,0.0,0.0,0.0,,,True
1790744400,2026-09-30T05:00:00Z,น้ำหนาว,231,0.0,0.0,0.0,,,True
1790744400,2026-09-30T05:00:00Z,ศรีเทพ,204,0.0,0.0,0.0,,,True
1790744400,2026-09-30T05:00:00Z,หนองไผ่,315,0.0,0.0,0.0,,,True
1790744400,2026-09-30T05:00:00Z,มหาราช,4,0.0,0.0,0.0,,,False
1790744400,2026-09-30T05:00:00Z,บ้านแพรก,10,0.0,0.0,0.0,,,True
1790744400,2026-09-30T05:00:00Z,บางมูลนาก,99,0.0,0.0,0.0,,,True
1790744400,2026-09-30T05:00:00Z,โพทะเล,131,0.0,0.0,0.0,,,True
1790744400,2026-09-30T05:00:00Z,โพธิ์ประทับช้าง,102,0.0,0.0,0.0,,,True
1790744400,2026-09-30T05:00:00Z,ตะพานหิน,109,0.0,0.0,0.0,,,True
1790744400,2026-09-30T05:00:00Z,เมืองพิจิตร,138,0.0,0.0,0.0,,,True
1790744400,2026-09-30T05:00:00Z,วังทรายพูน,66,0.0,0.0,0.0,,,True
1790745300,2026-09-30T05:15:00Z,พิชัย,176,0.0,0.0,0.0,,,True
1790745300,2026-09-30T05:15:00Z,ลับแล,116,0.0,0.0,0.0,,,True
1790745300,2026-09-30T05:15:00Z,ฟากท่า,163,0.0,0.0,0.0,,,True
1790745300,2026-09-30T05:15:00Z,บ้านโคก,247,0.0,0.0,0.0,,,True
1790745300,2026-09-30T05:15:00Z,ท่าปลา,442,0.0,0.098,0.0045,,105,True
1790745300,2026-09-30T05:15:00Z,น้ำปาด,363,0.0,0.0,0.0,,,True
1790745300,2026-09-30T05:15:00Z,เมืองอุตรดิตถ์,202,0.0,0.0,0.0,,,True
1790745300,2026-09-30T05:15:00Z,ตรอน,80,0.0,0.0,0.0,,,True
1790745300,2026-09-30T05:15:00Z,หล่มเก่า,246,0.0,0.0,0.0,,,True
1790745300,2026-09-30T05:15:00Z,วิเชียรบุรี,377,0.0,0.0,0.0,,,True
1790745300,2026-09-30T05:15:00Z,ชนแดน,279,0.0,0.0,0.0,,,True
1790745300,2026-09-30T05:15:00Z,หล่มสัก,350,0.0,0.0,0.0,,,True
1790745300,2026-09-30T05:15:00Z,เมืองเพชรบูรณ์,571,0.0,0.0,0.0,,,True
1790745300,2026-09-30T05:15:00Z,ทองแสนขัน,185,0.0,0.0,0.0,,,True
1790745300,2026-09-30T05:15:00Z,บึงสามัคคี,71,0.0,0.0,0.0,,,True
1790745300,2026-09-30T05:15:00Z,โกสัมพีนคร,137,0.0,0.0,0.0,,,True
1790745300,2026-09-30T05:15:00Z,สอง,380,0.0,0.0,0.0,,,True
1790745300,2026-09-30T05:15:00Z,วังชิ้น,255,0.0,0.0,0.0,,,True
1790745300,2026-09-30T05:15:00Z,สูงเม่น,88,0.0,0.0,0.0,,,True
1790745300,2026-09-30T05:15:00Z,เด่นชัย,135,0.0,0.0,0.0,,,True
1790745300,2026-09-30T05:15:00Z,ร้องกวาง,221,0.0,0.0,0.0,,,True
1790745300,2026-09-30T05:15:00Z,ลอง,317,0.0,0.0,0.0,,,True
1790745300,2026-09-30T05:15:00Z,เมืองแพร่,205,0.001,0.098,0.0146,,45,True
1790745300,2026-09-30T05:15:00Z,ทัพทัน,94,0.0,0.0,0.0,,,True
1790745300,2026-09-30T05:15:00Z,สว่างอารมณ์,110,0.0,0.0,0.0,,,True
1790745300,2026-09-30T05:15:00Z,เมืองอุทัยธานี,59,0.0,0.0,0.0,,,True
1790745300,2026-09-30T05:15:00Z,ห้วยคต,94,0.0,0.0,0.0,,,True
1790745300,2026-09-30T05:15:00Z,ศรีสวัสดิ์,440,0.0,0.0,0.0,,,True
1790745300,2026-09-30T05:15:00Z,บ้านไร่,821,0.0,0.0,0.0,,,True
1790745300,2026-09-30T05:15:00Z,ลานสัก,360,0.0,0.0,0.0,,,True
1790745300,2026-09-30T05:15:00Z,หนองฉาง,89,0.0,0.0,0.0,,,True
1790745300,2026-09-30T05:15:00Z,หนองขาหย่าง,43,0.0,0.0,0.0,,,True
1790745300,2026-09-30T05:15:00Z,เชียงม่วน,82,0.0,0.0,0.0,,,True
1790745300,2026-09-30T05:15:00Z,ดอกคำใต้,37,0.0,0.0,0.0,,,True
1790745300,2026-09-30T05:15:00Z,เมืองพะเยา,6,0.0,0.0,0.0,,,True
1790745300,2026-09-30T05:15:00Z,ทองผาภูมิ,851,0.0,0.0,0.0,,,True
1790745300,2026-09-30T05:15:00Z,สังขละบุรี,793,0.0,0.0,0.0,,,True
1790745300,2026-09-30T05:15:00Z,หนองม่วงไข่,35,0.0,0.0,0.0,,,True
1790745300,2026-09-30T05:15:00Z,ภูเวียง,81,0.0,0.0,0.0,,,True
1790745300,2026-09-30T05:15:00Z,มัญจาคีรี,50,0.0,0.0,0.0,,,True
1790745300,2026-09-30T05:15:00Z,หนองปรือ,104,0.0,0.0,0.0,,,True
1790745300,2026-09-30T05:15:00Z,เลาขวัญ,123,0.0,0.0,0.0,,,True
1790745300,2026-09-30T05:15:00Z,หนองนาคำ,43,0.0,0.0,0.0,,,True
1790745300,2026-09-30T05:15:00Z,โคกโพธิ์ไชย,65,0.0,0.0,0.0,,,True
1790745300,2026-09-30T05:15:00Z,บ้านหลวง,91,0.0,0.0,0.0,,,True
1790745300,2026-09-30T05:15:00Z,นาน้อย,266,0.004,0.196,0.0376,,15,True
1790745300,2026-09-30T05:15:00Z,ภูผาม่าน,74,0.0,0.0,0.0,,,True
1790745300,2026-09-30T05:15:00Z,เมืองน่าน,161,0.0,0.0,0.0,,,True
1790745300,2026-09-30T05:15:00Z,แม่จริม,262,0.0,0.0,0.0,,,True
1790745300,2026-09-30T05:15:00Z,เวียงเก่า,78,0.0,0.0,0.0,,,True
1790745300,2026-09-30T05:15:00Z,เมืองกำแพงเพชร,368,0.0,0.0,0.0,,,True
1790745300,2026-09-30T05:15:00Z,ไทรงาม,133,0.0,0.0,0.0,,,True
1790745300,2026-09-30T05:15:00Z,ปางศิลาทอง,186,0.0,0.0,0.0,,,True
1790745300,2026-09-30T05:15:00Z,ลานกระบือ,103,0.0,0.0,0.0,,,True
1790745300,2026-09-30T05:15:00Z,ทรายทองวัฒนา,53,0.0,0.0,0.0,,,True
1790745300,2026-09-30T05:15:00Z,คลองขลุง,179,0.0,0.0,0.0,,,True
1790745300,2026-09-30T05:15:00Z,พรานกระต่าย,252,0.0,0.0,0.0,,,True
1790745300,2026-09-30T05:15:00Z,คลองลาน,363,0.0,0.0,0.0,,,True
1790745300,2026-09-30T05:15:00Z,ขาณุวรลักษบุรี,296,0.0,0.0,0.0,,,True
1790745300,2026-09-30T05:15:00Z,ภูเพียง,113,0.0,0.0,0.0,,,True
1790745300,2026-09-30T05:15:00Z,นาหมื่น,245,0.0,0.0,0.0,,,True
1790745300,2026-09-30T05:15:00Z,เวียงสา,543,0.0,0.0,0.0,,,True
1790745300,2026-09-30T05:15:00Z,น้ำโสม,153,0.0,0.0,0.0,,,True
1790745300,2026-09-30T05:15:00Z,นายูง,126,0.0,0.0,0.0,,,True
1790745300,2026-09-30T05:15:00Z,ชุมแพ,173,0.001,0.098,0.0058,,60,True
1790745300,2026-09-30T05:15:00Z,สีชมพู,132,0.001,0.098,0.0076,,120,True
1790745300,2026-09-30T05:15:00Z,สุวรรณคูหา,140,0.0,0.0,0.0,,,True
1790745300,2026-09-30T05:15:00Z,นาวัง,65,0.0,0.0,0.0,,,True
1790745300,2026-09-30T05:15:00Z,หนองเรือ,80,0.0,0.0,0.0,,,True
1790745300,2026-09-30T05:15:00Z,โนนสัง,51,0.0,0.0,0.0,,,True
1790745300,2026-09-30T05:15:00Z,ศรีบุญเรือง,224,0.0,0.0,0.0,,,True
1790745300,2026-09-30T05:15:00Z,เมืองหนองบัวลำภู,217,0.0,0.0,0.0,,,True
1790745300,2026-09-30T05:15:00Z,นากลาง,173,0.0,0.0,0.0,,,True
1790745300,2026-09-30T05:15:00Z,ทุ่งเสลี่ยม,144,0.0,0.0,0.0,,,True
1790745300,2026-09-30T05:15:00Z,ดอยหล่อ,56,0.0,0.0,0.0,,,True
1790745300,2026-09-30T05:15:00Z,เมืองตาก,486,0.0,0.0,0.0,,,True
1790745300,2026-09-30T05:15:00Z,แม่ออน,116,0.0,0.0,0.0,,,True
1790745300,2026-09-30T05:15:00Z,อุ้มผาง,1209,0.0,0.0,0.0,,,True
1790745300,2026-09-30T05:15:00Z,วังเจ้า,183,0.0,0.0,0.0,,,True
1790745300,2026-09-30T05:15:00Z,แม่สอด,398,0.0,0.0,0.0,,,True
1790745300,2026-09-30T05:15:00Z,พบพระ,249,0.0,0.0,0.0,,,True
1790745300,2026-09-30T05:15:00Z,แม่ระมาด,380,0.0,0.0,0.0,,,True
1790745300,2026-09-30T05:15:00Z,ท่าสองยาง,401,0.0,0.0,0.0,,,True
1790745300,2026-09-30T05:15:00Z,บ้านตาก,255,0.0,0.0,0.0,,,True
1790745300,2026-09-30T05:15:00Z,สามเงา,698,0.0,0.0,0.0,,,True
1790745300,2026-09-30T05:15:00Z,จอมทอง,280,0.0,0.0,0.0,,,True
1790745300,2026-09-30T05:15:00Z,แก้งสนามนาง,79,0.0,0.0,0.0,,,True
1790745300,2026-09-30T05:15:00Z,สีคิ้ว,292,0.0,0.0,0.0,,,True
1790745300,2026-09-30T05:15:00Z,พระทองคำ,90,0.0,0.0,0.0,,,True
1790745300,2026-09-30T05:15:00Z,เทพารักษ์,92,0.0,0.0,0.0,,,True
1790745300,2026-09-30T05:15:00Z,สันกำแพง,65,0.0,0.0,0.0,,,True
1790745300,2026-09-30T05:15:00Z,สันป่าตอง,44,0.0,0.0,0.0,,,True
1790745300,2026-09-30T05:15:00Z,ดอยเต่า,213,0.0,0.0,0.0,,,True
1790745300,2026-09-30T05:15:00Z,อมก๋อย,704,0.0,0.0,0.0,,,True
1790745300,2026-09-30T05:15:00Z,ฮอด,378,0.0,0.0,0.0,,,True
1790745300,2026-09-30T05:15:00Z,เมืองลำพูน,117,0.0,0.0,0.0,,,True
1790745300,2026-09-30T05:15:00Z,แม่ทา,192,0.0,0.0,0.0,,,True
1790745300,2026-09-30T05:15:00Z,บ้านธิ,34,0.0,0.0,0.0,,,True
1790745300,2026-09-30T05:15:00Z,บ้านหมอ,24,0.0,0.0,0.0,,,True
1790745300,2026-09-30T05:15:00Z,เวียงหนองล่อง,14,0.0,0.0,0.0,,,True
1790745300,2026-09-30T05:15:00Z,ทุ่งหัวช้าง,113,0.0,0.0,0.0,,,True
1790745300,2026-09-30T05:15:00Z,ป่าซาง,74,0.0,0.0,0.0,,,True
1790745300,2026-09-30T05:15:00Z,บ้านโฮ่ง,124,0.0,0.0,0.0,,,True
1790745300,2026-09-30T05:15:00Z,แก่งคอย,73,0.0,0.0,0.0,,,True
1790745300,2026-09-30T05:15:00Z,ลี้,454,0.0,0.0,0.0,,,True
1790745300,2026-09-30T05:15:00Z,พระพุทธบาท,55,0.0,0.0,0.0,,,True
1790745300,2026-09-30T05:15:00Z,ดอนพุด,7,0.0,0.0,0.0,,,True
1790745300,2026-09-30T05:15:00Z,หนองโดน,31,0.0,0.0,0.0,,,True
1790745300,2026-09-30T05:15:00Z,เมืองลำปาง,300,0.0,0.0,0.0,,,True
1790745300,2026-09-30T05:15:00Z,เถิน,443,0.0,0.0,0.0,,,True
1790745300,2026-09-30T05:15:00Z,แม่พริก,167,0.0,0.0,0.0,,,True
1790745300,2026-09-30T05:15:00Z,แจ้ห่ม,274,0.0,0.0,0.0,,,True
1790745300,2026-09-30T05:15:00Z,แม่เปิน,85,0.0,0.0,0.0,,,True
1790745300,2026-09-30T05:15:00Z,เสริมงาม,185,0.0,0.0,0.0,,,True
1790745300,2026-09-30T05:15:00Z,ชุมตาบง,61,0.0,0.0,0.0,,,True
1790745300,2026-09-30T05:15:00Z,งาว,344,0.0,0.0,0.0,,,True
1790745300,2026-09-30T05:15:00Z,ตากฟ้า,125,0.0,0.0,0.0,,,True
1790745300,2026-09-30T05:15:00Z,แม่เมาะ,283,0.0,0.0,0.0,,,True
1790745300,2026-09-30T05:15:00Z,แม่วงก์,257,0.0,0.0,0.0,,,True
1790745300,2026-09-30T05:15:00Z,เกาะคา,128,0.0,0.0,0.0,,,True
1790745300,2026-09-30T05:15:00Z,พยุหะคีรี,169,0.0,0.0,0.0,,,True
1790745300,2026-09-30T05:15:00Z,ลาดยาว,187,0.0,0.0,0.0,,,True
1790745300,2026-09-30T05:15:00Z,สบปราบ,125,0.0,0.0,0.0,,,True
1790745300,2026-09-30T05:15:00Z,ห้างฉัตร,154,0.0,0.0,0.0,,,True
1790745300,2026-09-30T05:15:00Z,แม่ทะ,203,0.0,0.0,0.0,,,True
1790745300,2026-09-30T05:15:00Z,เมืองปาน,202,0.0,0.0,0.0,,,True
1790745300,2026-09-30T05:15:00Z,เมืองอ่างทอง,6,0.0,0.0,0.0,,,True
1790745300,2026-09-30T05:15:00Z,ไชโย,20,0.0,0.0,0.0,,,True
1790745300,2026-09-30T05:15:00Z,สามโก้,10,0.0,0.0,0.0,,,True
1790745300,2026-09-30T05:15:00Z,แสวงหา,43,0.0,0.0,0.0,,,True
1790745300,2026-09-30T05:15:00Z,วิเศษชัยชาญ,7,0.0,0.0,0.0,,,True
1790745300,2026-09-30T05:15:00Z,โพธิ์ทอง,48,0.0,0.0,0.0,,,True
1790745300,2026-09-30T05:15:00Z,เมืองลพบุรี,190,0.0,0.0,0.0,,,True
1790745300,2026-09-30T05:15:00Z,เดิมบางนางบวช,130,0.0,0.0,0.0,,,True
1790745300,2026-09-30T05:15:00Z,ด่านช้าง,309,0.0,0.0,0.0,,,True
1790745300,2026-09-30T05:15:00Z,หนองม่วง,111,0.0,0.0,0.0,,,True
1790745300,2026-09-30T05:15:00Z,ลำสนธิ,136,0.0,0.0,0.0,,,True
1790745300,2026-09-30T05:15:00Z,สามชุก,77,0.0,0.0,0.0,,,True
1790745300,2026-09-30T05:15:00Z,ดอนเจดีย์,72,0.0,0.0,0.0,,,True
1790745300,2026-09-30T05:15:00Z,สระโบสถ์,83,0.0,0.0,0.0,,,True
1790745300,2026-09-30T05:15:00Z,ศรีประจันต์,41,0.0,0.0,0.0,,,True
1790745300,2026-09-30T05:15:00Z,โคกเจริญ,135,0.0,0.0,0.0,,,True
1790745300,2026-09-30T05:15:00Z,บ้านหมี่,136,0.0,0.0,0.0,,,True
1790745300,2026-09-30T05:15:00Z,ท่าหลวง,100,0.0,0.0,0.0,,,True
1790745300,2026-09-30T05:15:00Z,ชัยบาดาล,280,0.0,0.0,0.0,,,True
1790745300,2026-09-30T05:15:00Z,ท่าวุ้ง,64,0.0,0.0,0.0,,,True
1790745300,2026-09-30T05:15:00Z,พัฒนานิคม,217,0.0,0.0,0.0,,,True
1790745300,2026-09-30T05:15:00Z,โคกสำโรง,180,0.0,0.0,0.0,,,True
1790745300,2026-09-30T05:15:00Z,หนองหญ้าไซ,108,0.0,0.0,0.0,,,True
1790745300,2026-09-30T05:15:00Z,ท่าช้าง,11,0.0,0.0,0.0,,,True
1790745300,2026-09-30T05:15:00Z,อินทร์บุรี,66,0.0,0.0,0.0,,,True
1790745300,2026-09-30T05:15:00Z,ค่ายบางระจัน,26,0.0,0.0,0.0,,,True
1790745300,2026-09-30T05:15:00Z,พรหมบุรี,19,0.0,0.0,0.0,,,True
1790745300,2026-09-30T05:15:00Z,เนินสง่า,65,0.0,0.0,0.0,,,True
1790745300,2026-09-30T05:15:00Z,เมืองสิงห์บุรี,31,0.0,0.0,0.0,,,True
1790745300,2026-09-30T05:15:00Z,ซับใหญ่,72,0.0,0.0,0.0,,,True
1790745300,2026-09-30T05:15:00Z,บางระจัน,46,0.0,0.0,0.0,,,True
1790745300,2026-09-30T05:15:00Z,ภูกระดึง,190,0.0,0.0,0.0,,,True
1790745300,2026-09-30T05:15:00Z,ภูหลวง,145,0.0,0.0,0.0,,,True
1790745300,2026-09-30T05:15:00Z,หนองหิน,78,0.0,0.0,0.0,,,True
1790745300,2026-09-30T05:15:00Z,ผาขาว,100,0.0,0.0,0.0,,,True
1790745300,2026-09-30T05:15:00Z,เอราวัณ,87,0.0,0.0,0.0,,,True
1790745300,2026-09-30T05:15:00Z,วังสะพุง,281,0.0,0.0,0.0,,,True
1790745300,2026-09-30T05:15:00Z,วังม่วง,70,0.0,0.0,0.0,,,True
1790745300,2026-09-30T05:15:00Z,เฉลิมพระเกียรติ,35,0.0,0.0,0.0,,,True
1790745300,2026-09-30T05:15:00Z,มวกเหล็ก,175,0.0,0.0,0.0,,,True
1790745300,2026-09-30T05:15:00Z,บ้านเขว้า,124,0.0,0.0,0.0,,,True
1790745300,2026-09-30T05:15:00Z,คอนสวรรค์,113,0.0,0.0,0.0,,,True
1790745300,2026-09-30T05:15:00Z,เมืองชัยภูมิ,358,0.0,0.0,0.0,,,True
1790745300,2026-09-30T05:15:00Z,วังทอง,425,0.0,0.0,0.0,,,True
1790745300,2026-09-30T05:15:00Z,เนินมะปราง,276,0.0,0.0,0.0,,,True
1790745300,2026-09-30T05:15:00Z,สวรรคโลก,156,0.0,0.0,0.0,,,True
1790745300,2026-09-30T05:15:00Z,ศรีนคร,46,0.0,0.0,0.0,,,True
1790745300,2026-09-30T05:15:00Z,หันคา,139,0.0,0.0,0.0,,,True
1790745300,2026-09-30T05:15:00Z,ศรีสัชนาลัย,534,0.0,0.0,0.0,,,True
1790745300,2026-09-30T05:15:00Z,หนองมะโมง,76,0.0,0.0,0.0,,,True
1790745300,2026-09-30T05:15:00Z,ศรีสำโรง,142,0.0,0.0,0.0,,,True
1790745300,2026-09-30T05:15:00Z,สรรพยา,55,0.0,0.0,0.0,,,True
1790745300,2026-09-30T05:15:00Z,คีรีมาศ,171,0.0,0.0,0.0,,,True
1790745300,2026-09-30T05:15:00Z,สรรคบุรี,89,0.0,0.0,0.0,,,True
1790745300,2026-09-30T05:15:00Z,กงไกรลาศ,108,0.0,0.0,0.0,,,True
1790745300,2026-09-30T05:15:00Z,มโนรมย์,66,0.0,0.0,0.0,,,True
1790745300,2026-09-30T05:15:00Z,เมืองสุโขทัย,136,0.0,0.0,0.0,,,True
1790745300,2026-09-30T05:15:00Z,วัดสิงห์,67,0.0,0.0,0.0,,,True
1790745300,2026-09-30T05:15:00Z,บ้านด่านลานหอย,231,0.0,0.0,0.0,,,True
1790745300,2026-09-30T05:15:00Z,เมืองชัยนาท,70,0.0,0.0,0.0,,,True
1790745300,2026-09-30T05:15:00Z,เนินขาม,65,0.0,0.0,0.0,,,True
1790745300,2026-09-30T05:15:00Z,คอนสาร,334,0.0,0.098,0.003,,45,True
1790745300,2026-09-30T05:15:00Z,ภักดีชุมพล,154,0.0,0.0,0.0,,,True
1790745300,2026-09-30T05:15:00Z,บ้านแท่น,76,0.0,0.0,0.0,,,True
1790745300,2026-09-30T05:15:00Z,แก้งคร้อ,168,0.0,0.0,0.0,,,True
1790745300,2026-09-30T05:15:00Z,ภูเขียว,201,0.0,0.0,0.0,,,True
1790745300,2026-09-30T05:15:00Z,หนองบัวระเหว,179,0.0,0.0,0.0,,,True
1790745300,2026-09-30T05:15:00Z,เทพสถิต,239,0.0,0.0,0.0,,,True
1790745300,2026-09-30T05:15:00Z,จัตุรัส,172,0.0,0.0,0.0,,,True
1790745300,2026-09-30T05:15:00Z,บำเหน็จณรงค์,120,0.0,0.0,0.0,,,True
1790745300,2026-09-30T05:15:00Z,เกษตรสมบูรณ์,268,0.0,0.0,0.0,,,True
1790745300,2026-09-30T05:15:00Z,หนองบัวแดง,537,0.0,0.0,0.0,,,True
1790745300,2026-09-30T05:15:00Z,ภูเรือ,168,0.0,0.0,0.0,,,True
1790745300,2026-09-30T05:15:00Z,ท่าลี่,171,0.0,0.0,0.0,,,True
1790745300,2026-09-30T05:15:00Z,วชิรบารมี,68,0.0,0.0,0.0,,,True
1790745300,2026-09-30T05:15:00Z,ด่านซ้าย,341,0.0,0.0,0.0,,,True
1790745300,2026-09-30T05:15:00Z,นาแห้ว,153,0.0,0.0,0.0,,,True
1790745300,2026-09-30T05:15:00Z,บึงนาราง,74,0.0,0.0,0.0,,,True
1790745300,2026-09-30T05:15:00Z,เชียงคาน,213,0.0,0.0,0.0,,,True
1790745300,2026-09-30T05:15:00Z,ดงเจริญ,56,0.0,0.0,0.0,,,True
1790745300,2026-09-30T05:15:00Z,ปากชม,240,0.0,0.0,0.0,,,True
1790745300,2026-09-30T05:15:00Z,เมืองเลย,314,0.0,0.0,0.0,,,True
1790745300,2026-09-30T05:15:00Z,นาด้วง,143,0.0,0.0,0.0,,,True
1790745300,2026-09-30T05:15:00Z,สากเหล็ก,45,0.0,0.0,0.0,,,True
1790745300,2026-09-30T05:15:00Z,สามง่าม,89,0.0,0.0,0.0,,,True
1790745300,2026-09-30T05:15:00Z,ทับคล้อ,104,0.0,0.0,0.0,,,True
1790745300,2026-09-30T05:15:00Z,พรหมพิราม,206,0.0,0.0,0.0,,,True
1790745300,2026-09-30T05:15:00Z,ด่านขุนทด,344,0.0,0.0,0.0,,,True
1790745300,2026-09-30T05:15:00Z,วัดโบสถ์,226,0.0,0.0,0.0,,,True
1790745300,2026-09-30T05:15:00Z,บางระกำ,246,0.0,0.0,0.0,,,True
1790745300,2026-09-30T05:15:00Z,บางกระทุ่ม,91,0.0,0.0,0.0,,,True
1790745300,2026-09-30T05:15:00Z,นครไทย,597,0.0,0.0,0.0,,,True
1790745300,2026-09-30T05:15:00Z,ชาติตระการ,415,0.0,0.0,0.0,,,True
1790745300,2026-09-30T05:15:00Z,บ้านเหลื่อม,55,0.0,0.0,0.0,,,True
1790745300,2026-09-30T05:15:00Z,เมืองพิษณุโลก,178,0.0,0.0,0.0,,,True
1790745300,2026-09-30T05:15:00Z,ชุมแสง,145,0.0,0.0,0.0,,,True
1790745300,2026-09-30T05:15:00Z,หนองบัว,208,0.0,0.0,0.0,,,True
1790745300,2026-09-30T05:15:00Z,เมืองนครสวรรค์,183,0.0,0.0,0.0,,,True
1790745300,2026-09-30T05:15:00Z,โกรกพระ,71,0.0,0.0,0.0,,,True
1790745300,2026-09-30T05:15:00Z,ไพศาลี,244,0.0,0.0,0.0,,,True
1790745300,2026-09-30T05:15:00Z,ตาคลี,206,0.0,0.0,0.0,,,True
1790745300,2026-09-30T05:15:00Z,ท่าตะโก,211,0.0,0.0,0.0,,,True
1790745300,2026-09-30T05:15:00Z,เขาค้อ,207,0.0,0.0,0.0,,,True
1790745300,2026-09-30T05:15:00Z,บรรพตพิสัย,181,0.0,0.0,0.0,,,True
1790745300,2026-09-30T05:15:00Z,เก้าเลี้ยว,57,0.0,0.0,0.0,,,True
1790745300,2026-09-30T05:15:00Z,วังโป่ง,123,0.0,0.0,0.0,,,True
1790745300,2026-09-30T05:15:00Z,บึงสามพัน,194,0.0,0.0,0.0,,,True
1790745300,2026-09-30T05:15:00Z,น้ำหนาว,231,0.0,0.0,0.0,,,True
1790745300,2026-09-30T05:15:00Z,ศรีเทพ,204,0.0,0.0,0.0,,,True
1790745300,2026-09-30T05:15:00Z,หนองไผ่,315,0.0,0.0,0.0,,,True
1790745300,2026-09-30T05:15:00Z,มหาราช,4,0.0,0.0,0.0,,,False
1790745300,2026-09-30T05:15:00Z,บ้านแพรก,10,0.0,0.0,0.0,,,True
1790745300,2026-09-30T05:15:00Z,บางมูลนาก,99,0.0,0.0,0.0,,,True
1790745300,2026-09-30T05:15:00Z,โพทะเล,131,0.0,0.0,0.0,,,True
1790745300,2026-09-30T05:15:00Z,โพธิ์ประทับช้าง,102,0.0,0.0,0.0,,,True
1790745300,2026-09-30T05:15:00Z,ตะพานหิน,109,0.0,0.0,0.0,,,True
1790745300,2026-09-30T05:15:00Z,เมืองพิจิตร,138,0.0,0.0,0.0,,,True
1790745300,2026-09-30T05:15:00Z,วังทรายพูน,66,0.0,0.0,0.0,,,True
1790746200,2026-09-30T05:30:00Z,พิชัย,176,0.0,0.0,0.0,,,True
1790746200,2026-09-30T05:30:00Z,ลับแล,116,0.0,0.0,0.0,,,True
1790746200,2026-09-30T05:30:00Z,ฟากท่า,163,0.0,0.0,0.0,,,True
1790746200,2026-09-30T05:30:00Z,บ้านโคก,247,0.0,0.0,0.0,,,True
1790746200,2026-09-30T05:30:00Z,ท่าปลา,442,0.0,0.0,0.0,,,True
1790746200,2026-09-30T05:30:00Z,น้ำปาด,363,0.0,0.0,0.0,,,True
1790746200,2026-09-30T05:30:00Z,เมืองอุตรดิตถ์,202,0.0,0.0,0.0,,,True
1790746200,2026-09-30T05:30:00Z,ตรอน,80,0.0,0.0,0.0,,,True
1790746200,2026-09-30T05:30:00Z,หล่มเก่า,246,0.0,0.0,0.0,,,True
1790746200,2026-09-30T05:30:00Z,วิเชียรบุรี,377,0.0,0.0,0.0,,,True
1790746200,2026-09-30T05:30:00Z,ชนแดน,279,0.0,0.0,0.0,,,True
1790746200,2026-09-30T05:30:00Z,หล่มสัก,350,0.0,0.0,0.0,,,True
1790746200,2026-09-30T05:30:00Z,เมืองเพชรบูรณ์,571,0.0,0.0,0.0,,,True
1790746200,2026-09-30T05:30:00Z,ทองแสนขัน,185,0.0,0.0,0.0,,,True
1790746200,2026-09-30T05:30:00Z,บึงสามัคคี,71,0.0,0.0,0.0,,,True
1790746200,2026-09-30T05:30:00Z,โกสัมพีนคร,137,0.0,0.0,0.0,,,True
1790746200,2026-09-30T05:30:00Z,สอง,380,0.0,0.0,0.0,,,True
1790746200,2026-09-30T05:30:00Z,วังชิ้น,255,0.0,0.0,0.0,,,True
1790746200,2026-09-30T05:30:00Z,สูงเม่น,88,0.0,0.0,0.0,,,True
1790746200,2026-09-30T05:30:00Z,เด่นชัย,135,0.0,0.0,0.0,,,True
1790746200,2026-09-30T05:30:00Z,ร้องกวาง,221,0.0,0.0,0.0,,,True
1790746200,2026-09-30T05:30:00Z,ลอง,317,0.0,0.0,0.0,,,True
1790746200,2026-09-30T05:30:00Z,เมืองแพร่,205,0.0,0.0,0.0,,,True
1790746200,2026-09-30T05:30:00Z,ทัพทัน,94,0.0,0.0,0.0,,,True
1790746200,2026-09-30T05:30:00Z,สว่างอารมณ์,110,0.0,0.0,0.0,,,True
1790746200,2026-09-30T05:30:00Z,เมืองอุทัยธานี,59,0.0,0.0,0.0,,,True
1790746200,2026-09-30T05:30:00Z,ห้วยคต,94,0.0,0.0,0.0,,,True
1790746200,2026-09-30T05:30:00Z,ศรีสวัสดิ์,440,0.0,0.0,0.0,,,True
1790746200,2026-09-30T05:30:00Z,บ้านไร่,821,0.0,0.0,0.0,,,True
1790746200,2026-09-30T05:30:00Z,ลานสัก,360,0.0,0.0,0.0,,,True
1790746200,2026-09-30T05:30:00Z,หนองฉาง,89,0.0,0.0,0.0,,,True
1790746200,2026-09-30T05:30:00Z,หนองขาหย่าง,43,0.0,0.0,0.0,,,True
1790746200,2026-09-30T05:30:00Z,เชียงม่วน,82,0.0,0.0,0.0,,,True
1790746200,2026-09-30T05:30:00Z,ดอกคำใต้,37,0.0,0.0,0.0,,,True
1790746200,2026-09-30T05:30:00Z,เมืองพะเยา,6,0.0,0.0,0.0,,,True
1790746200,2026-09-30T05:30:00Z,ทองผาภูมิ,851,0.0,0.0,0.0,,,True
1790746200,2026-09-30T05:30:00Z,สังขละบุรี,793,0.0,0.0,0.0,,,True
1790746200,2026-09-30T05:30:00Z,หนองม่วงไข่,35,0.0,0.0,0.0,,,True
1790746200,2026-09-30T05:30:00Z,ภูเวียง,81,0.0,0.0,0.0,,,True
1790746200,2026-09-30T05:30:00Z,มัญจาคีรี,50,0.0,0.0,0.0,,,True
1790746200,2026-09-30T05:30:00Z,หนองปรือ,104,0.0,0.0,0.0,,,True
1790746200,2026-09-30T05:30:00Z,เลาขวัญ,123,0.0,0.0,0.0,,,True
1790746200,2026-09-30T05:30:00Z,หนองนาคำ,43,0.0,0.0,0.0,,,True
1790746200,2026-09-30T05:30:00Z,โคกโพธิ์ไชย,65,0.0,0.0,0.0,,,True
1790746200,2026-09-30T05:30:00Z,บ้านหลวง,91,0.0,0.0,0.0,,,True
1790746200,2026-09-30T05:30:00Z,นาน้อย,266,0.001,0.098,0.0113,,15,True
1790746200,2026-09-30T05:30:00Z,ภูผาม่าน,74,0.001,0.098,0.0135,,60,True
1790746200,2026-09-30T05:30:00Z,เมืองน่าน,161,0.0,0.0,0.0,,,True
1790746200,2026-09-30T05:30:00Z,แม่จริม,262,0.0,0.0,0.0,,,True
1790746200,2026-09-30T05:30:00Z,เวียงเก่า,78,0.0,0.0,0.0,,,True
1790746200,2026-09-30T05:30:00Z,เมืองกำแพงเพชร,368,0.0,0.0,0.0,,,True
1790746200,2026-09-30T05:30:00Z,ไทรงาม,133,0.0,0.0,0.0,,,True
1790746200,2026-09-30T05:30:00Z,ปางศิลาทอง,186,0.0,0.0,0.0,,,True
1790746200,2026-09-30T05:30:00Z,ลานกระบือ,103,0.0,0.0,0.0,,,True
1790746200,2026-09-30T05:30:00Z,ทรายทองวัฒนา,53,0.0,0.0,0.0,,,True
1790746200,2026-09-30T05:30:00Z,คลองขลุง,179,0.0,0.0,0.0,,,True
1790746200,2026-09-30T05:30:00Z,พรานกระต่าย,252,0.0,0.0,0.0,,,True
1790746200,2026-09-30T05:30:00Z,คลองลาน,363,0.0,0.0,0.0,,,True
1790746200,2026-09-30T05:30:00Z,ขาณุวรลักษบุรี,296,0.0,0.0,0.0,,,True
1790746200,2026-09-30T05:30:00Z,ภูเพียง,113,0.0,0.0,0.0,,,True
1790746200,2026-09-30T05:30:00Z,นาหมื่น,245,0.0,0.0,0.0,,,True
1790746200,2026-09-30T05:30:00Z,เวียงสา,543,0.0,0.0,0.0,,,True
1790746200,2026-09-30T05:30:00Z,น้ำโสม,153,0.0,0.0,0.0,,,True
1790746200,2026-09-30T05:30:00Z,นายูง,126,0.0,0.0,0.0,,,True
1790746200,2026-09-30T05:30:00Z,ชุมแพ,173,0.006,0.098,0.0636,,60,True
1790746200,2026-09-30T05:30:00Z,สีชมพู,132,0.007,0.098,0.0758,,105,True
1790746200,2026-09-30T05:30:00Z,สุวรรณคูหา,140,0.0,0.0,0.0,,,True
1790746200,2026-09-30T05:30:00Z,นาวัง,65,0.0,0.0,0.0,,,True
1790746200,2026-09-30T05:30:00Z,หนองเรือ,80,0.0,0.0,0.0,,,True
1790746200,2026-09-30T05:30:00Z,โนนสัง,51,0.0,0.0,0.0,,,True
1790746200,2026-09-30T05:30:00Z,ศรีบุญเรือง,224,0.0,0.0,0.0,,,True
1790746200,2026-09-30T05:30:00Z,เมืองหนองบัวลำภู,217,0.0,0.0,0.0,,,True
1790746200,2026-09-30T05:30:00Z,นากลาง,173,0.0,0.0,0.0,,,True
1790746200,2026-09-30T05:30:00Z,ทุ่งเสลี่ยม,144,0.0,0.0,0.0,,,True
1790746200,2026-09-30T05:30:00Z,ดอยหล่อ,56,0.0,0.0,0.0,,,True
1790746200,2026-09-30T05:30:00Z,เมืองตาก,486,0.0,0.0,0.0,,,True
1790746200,2026-09-30T05:30:00Z,แม่ออน,116,0.0,0.0,0.0,,,True
1790746200,2026-09-30T05:30:00Z,อุ้มผาง,1209,0.0,0.0,0.0,,,True
1790746200,2026-09-30T05:30:00Z,วังเจ้า,183,0.0,0.0,0.0,,,True
1790746200,2026-09-30T05:30:00Z,แม่สอด,398,0.0,0.0,0.0,,,True
1790746200,2026-09-30T05:30:00Z,พบพระ,249,0.0,0.0,0.0,,,True
1790746200,2026-09-30T05:30:00Z,แม่ระมาด,380,0.0,0.0,0.0,,,True
1790746200,2026-09-30T05:30:00Z,ท่าสองยาง,401,0.0,0.0,0.0,,,True
1790746200,2026-09-30T05:30:00Z,บ้านตาก,255,0.0,0.0,0.0,,,True
1790746200,2026-09-30T05:30:00Z,สามเงา,698,0.0,0.0,0.0,,,True
1790746200,2026-09-30T05:30:00Z,จอมทอง,280,0.0,0.0,0.0,,,True
1790746200,2026-09-30T05:30:00Z,แก้งสนามนาง,79,0.0,0.0,0.0,,,True
1790746200,2026-09-30T05:30:00Z,สีคิ้ว,292,0.0,0.0,0.0,,,True
1790746200,2026-09-30T05:30:00Z,พระทองคำ,90,0.0,0.0,0.0,,,True
1790746200,2026-09-30T05:30:00Z,เทพารักษ์,92,0.0,0.0,0.0,,,True
1790746200,2026-09-30T05:30:00Z,สันกำแพง,65,0.0,0.0,0.0,,,True
1790746200,2026-09-30T05:30:00Z,สันป่าตอง,44,0.0,0.0,0.0,,,True
1790746200,2026-09-30T05:30:00Z,ดอยเต่า,213,0.0,0.0,0.0,,,True
1790746200,2026-09-30T05:30:00Z,อมก๋อย,704,0.0,0.0,0.0,,,True
1790746200,2026-09-30T05:30:00Z,ฮอด,378,0.0,0.0,0.0,,,True
1790746200,2026-09-30T05:30:00Z,เมืองลำพูน,117,0.0,0.0,0.0,,,True
1790746200,2026-09-30T05:30:00Z,แม่ทา,192,0.0,0.0,0.0,,,True
1790746200,2026-09-30T05:30:00Z,บ้านธิ,34,0.0,0.0,0.0,,,True
1790746200,2026-09-30T05:30:00Z,บ้านหมอ,24,0.0,0.0,0.0,,,True
1790746200,2026-09-30T05:30:00Z,เวียงหนองล่อง,14,0.0,0.0,0.0,,,True
1790746200,2026-09-30T05:30:00Z,ทุ่งหัวช้าง,113,0.0,0.0,0.0,,,True
1790746200,2026-09-30T05:30:00Z,ป่าซาง,74,0.0,0.0,0.0,,,True
1790746200,2026-09-30T05:30:00Z,บ้านโฮ่ง,124,0.0,0.0,0.0,,,True
1790746200,2026-09-30T05:30:00Z,แก่งคอย,73,0.0,0.0,0.0,,,True
1790746200,2026-09-30T05:30:00Z,ลี้,454,0.0,0.0,0.0,,,True
1790746200,2026-09-30T05:30:00Z,พระพุทธบาท,55,0.0,0.0,0.0,,,True
1790746200,2026-09-30T05:30:00Z,ดอนพุด,7,0.0,0.0,0.0,,,True
1790746200,2026-09-30T05:30:00Z,หนองโดน,31,0.0,0.0,0.0,,,True
1790746200,2026-09-30T05:30:00Z,เมืองลำปาง,300,0.0,0.0,0.0,,,True
1790746200,2026-09-30T05:30:00Z,เถิน,443,0.0,0.0,0.0,,,True
1790746200,2026-09-30T05:30:00Z,แม่พริก,167,0.0,0.0,0.0,,,True
1790746200,2026-09-30T05:30:00Z,แจ้ห่ม,274,0.0,0.0,0.0,,,True
1790746200,2026-09-30T05:30:00Z,แม่เปิน,85,0.0,0.0,0.0,,,True
1790746200,2026-09-30T05:30:00Z,เสริมงาม,185,0.0,0.0,0.0,,,True
1790746200,2026-09-30T05:30:00Z,ชุมตาบง,61,0.0,0.0,0.0,,,True
1790746200,2026-09-30T05:30:00Z,งาว,344,0.0,0.0,0.0,,,True
1790746200,2026-09-30T05:30:00Z,ตากฟ้า,125,0.0,0.0,0.0,,,True
1790746200,2026-09-30T05:30:00Z,แม่เมาะ,283,0.0,0.0,0.0,,,True
1790746200,2026-09-30T05:30:00Z,แม่วงก์,257,0.0,0.0,0.0,,,True
1790746200,2026-09-30T05:30:00Z,เกาะคา,128,0.0,0.0,0.0,,,True
1790746200,2026-09-30T05:30:00Z,พยุหะคีรี,169,0.0,0.0,0.0,,,True
1790746200,2026-09-30T05:30:00Z,ลาดยาว,187,0.0,0.0,0.0,,,True
1790746200,2026-09-30T05:30:00Z,สบปราบ,125,0.0,0.0,0.0,,,True
1790746200,2026-09-30T05:30:00Z,ห้างฉัตร,154,0.0,0.0,0.0,,,True
1790746200,2026-09-30T05:30:00Z,แม่ทะ,203,0.0,0.0,0.0,,,True
1790746200,2026-09-30T05:30:00Z,เมืองปาน,202,0.0,0.0,0.0,,,True
1790746200,2026-09-30T05:30:00Z,เมืองอ่างทอง,6,0.0,0.0,0.0,,,True
1790746200,2026-09-30T05:30:00Z,ไชโย,20,0.0,0.0,0.0,,,True
1790746200,2026-09-30T05:30:00Z,สามโก้,10,0.0,0.0,0.0,,,True
1790746200,2026-09-30T05:30:00Z,แสวงหา,43,0.0,0.0,0.0,,,True
1790746200,2026-09-30T05:30:00Z,วิเศษชัยชาญ,7,0.0,0.0,0.0,,,True
1790746200,2026-09-30T05:30:00Z,โพธิ์ทอง,48,0.0,0.0,0.0,,,True
1790746200,2026-09-30T05:30:00Z,เมืองลพบุรี,190,0.0,0.0,0.0,,,True
1790746200,2026-09-30T05:30:00Z,เดิมบางนางบวช,130,0.0,0.0,0.0,,,True
1790746200,2026-09-30T05:30:00Z,ด่านช้าง,309,0.0,0.0,0.0,,,True
1790746200,2026-09-30T05:30:00Z,หนองม่วง,111,0.0,0.0,0.0,,,True
1790746200,2026-09-30T05:30:00Z,ลำสนธิ,136,0.0,0.0,0.0,,,True
1790746200,2026-09-30T05:30:00Z,สามชุก,77,0.0,0.0,0.0,,,True
1790746200,2026-09-30T05:30:00Z,ดอนเจดีย์,72,0.0,0.0,0.0,,,True
1790746200,2026-09-30T05:30:00Z,สระโบสถ์,83,0.0,0.0,0.0,,,True
1790746200,2026-09-30T05:30:00Z,ศรีประจันต์,41,0.0,0.0,0.0,,,True
1790746200,2026-09-30T05:30:00Z,โคกเจริญ,135,0.0,0.0,0.0,,,True
1790746200,2026-09-30T05:30:00Z,บ้านหมี่,136,0.0,0.0,0.0,,,True
1790746200,2026-09-30T05:30:00Z,ท่าหลวง,100,0.0,0.0,0.0,,,True
1790746200,2026-09-30T05:30:00Z,ชัยบาดาล,280,0.0,0.0,0.0,,,True
1790746200,2026-09-30T05:30:00Z,ท่าวุ้ง,64,0.0,0.0,0.0,,,True
1790746200,2026-09-30T05:30:00Z,พัฒนานิคม,217,0.0,0.0,0.0,,,True
1790746200,2026-09-30T05:30:00Z,โคกสำโรง,180,0.0,0.0,0.0,,,True
1790746200,2026-09-30T05:30:00Z,หนองหญ้าไซ,108,0.0,0.0,0.0,,,True
1790746200,2026-09-30T05:30:00Z,ท่าช้าง,11,0.0,0.0,0.0,,,True
1790746200,2026-09-30T05:30:00Z,อินทร์บุรี,66,0.0,0.0,0.0,,,True
1790746200,2026-09-30T05:30:00Z,ค่ายบางระจัน,26,0.0,0.0,0.0,,,True
1790746200,2026-09-30T05:30:00Z,พรหมบุรี,19,0.0,0.0,0.0,,,True
1790746200,2026-09-30T05:30:00Z,เนินสง่า,65,0.0,0.0,0.0,,,True
1790746200,2026-09-30T05:30:00Z,เมืองสิงห์บุรี,31,0.0,0.0,0.0,,,True
1790746200,2026-09-30T05:30:00Z,ซับใหญ่,72,0.0,0.0,0.0,,,True
1790746200,2026-09-30T05:30:00Z,บางระจัน,46,0.0,0.0,0.0,,,True
1790746200,2026-09-30T05:30:00Z,ภูกระดึง,190,0.0,0.0,0.0,,,True
1790746200,2026-09-30T05:30:00Z,ภูหลวง,145,0.0,0.0,0.0,,,True
1790746200,2026-09-30T05:30:00Z,หนองหิน,78,0.0,0.0,0.0,,,True
1790746200,2026-09-30T05:30:00Z,ผาขาว,100,0.0,0.0,0.0,,,True
1790746200,2026-09-30T05:30:00Z,เอราวัณ,87,0.0,0.0,0.0,,,True
1790746200,2026-09-30T05:30:00Z,วังสะพุง,281,0.0,0.0,0.0,,,True
1790746200,2026-09-30T05:30:00Z,วังม่วง,70,0.0,0.0,0.0,,,True
1790746200,2026-09-30T05:30:00Z,เฉลิมพระเกียรติ,35,0.0,0.0,0.0,,,True
1790746200,2026-09-30T05:30:00Z,มวกเหล็ก,175,0.0,0.0,0.0,,,True
1790746200,2026-09-30T05:30:00Z,บ้านเขว้า,124,0.0,0.0,0.0,,,True
1790746200,2026-09-30T05:30:00Z,คอนสวรรค์,113,0.0,0.0,0.0,,,True
1790746200,2026-09-30T05:30:00Z,เมืองชัยภูมิ,358,0.0,0.0,0.0,,,True
1790746200,2026-09-30T05:30:00Z,วังทอง,425,0.0,0.0,0.0,,,True
1790746200,2026-09-30T05:30:00Z,เนินมะปราง,276,0.0,0.0,0.0,,,True
1790746200,2026-09-30T05:30:00Z,สวรรคโลก,156,0.0,0.0,0.0,,,True
1790746200,2026-09-30T05:30:00Z,ศรีนคร,46,0.0,0.0,0.0,,,True
1790746200,2026-09-30T05:30:00Z,หันคา,139,0.0,0.0,0.0,,,True
1790746200,2026-09-30T05:30:00Z,ศรีสัชนาลัย,534,0.0,0.0,0.0,,,True
1790746200,2026-09-30T05:30:00Z,หนองมะโมง,76,0.0,0.0,0.0,,,True
1790746200,2026-09-30T05:30:00Z,ศรีสำโรง,142,0.0,0.0,0.0,,,True
1790746200,2026-09-30T05:30:00Z,สรรพยา,55,0.0,0.0,0.0,,,True
1790746200,2026-09-30T05:30:00Z,คีรีมาศ,171,0.0,0.0,0.0,,,True
1790746200,2026-09-30T05:30:00Z,สรรคบุรี,89,0.0,0.0,0.0,,,True
1790746200,2026-09-30T05:30:00Z,กงไกรลาศ,108,0.0,0.0,0.0,,,True
1790746200,2026-09-30T05:30:00Z,มโนรมย์,66,0.0,0.0,0.0,,,True
1790746200,2026-09-30T05:30:00Z,เมืองสุโขทัย,136,0.0,0.0,0.0,,,True
1790746200,2026-09-30T05:30:00Z,วัดสิงห์,67,0.0,0.0,0.0,,,True
1790746200,2026-09-30T05:30:00Z,บ้านด่านลานหอย,231,0.0,0.0,0.0,,,True
1790746200,2026-09-30T05:30:00Z,เมืองชัยนาท,70,0.0,0.0,0.0,,,True
1790746200,2026-09-30T05:30:00Z,เนินขาม,65,0.0,0.0,0.0,,,True
1790746200,2026-09-30T05:30:00Z,คอนสาร,334,0.003,0.098,0.0329,,15,True
1790746200,2026-09-30T05:30:00Z,ภักดีชุมพล,154,0.0,0.0,0.0,,,True
1790746200,2026-09-30T05:30:00Z,บ้านแท่น,76,0.0,0.0,0.0,,,True
1790746200,2026-09-30T05:30:00Z,แก้งคร้อ,168,0.0,0.0,0.0,,,True
1790746200,2026-09-30T05:30:00Z,ภูเขียว,201,0.0,0.0,0.0,,,True
1790746200,2026-09-30T05:30:00Z,หนองบัวระเหว,179,0.0,0.0,0.0,,,True
1790746200,2026-09-30T05:30:00Z,เทพสถิต,239,0.0,0.0,0.0,,,True
1790746200,2026-09-30T05:30:00Z,จัตุรัส,172,0.0,0.0,0.0,,,True
1790746200,2026-09-30T05:30:00Z,บำเหน็จณรงค์,120,0.0,0.0,0.0,,,True
1790746200,2026-09-30T05:30:00Z,เกษตรสมบูรณ์,268,0.0,0.0,0.0,,,True
1790746200,2026-09-30T05:30:00Z,หนองบัวแดง,537,0.0,0.0,0.0,,,True
1790746200,2026-09-30T05:30:00Z,ภูเรือ,168,0.0,0.0,0.0,,,True
1790746200,2026-09-30T05:30:00Z,ท่าลี่,171,0.0,0.0,0.0,,,True
1790746200,2026-09-30T05:30:00Z,วชิรบารมี,68,0.0,0.0,0.0,,,True
1790746200,2026-09-30T05:30:00Z,ด่านซ้าย,341,0.0,0.0,0.0,,,True
1790746200,2026-09-30T05:30:00Z,นาแห้ว,153,0.0,0.0,0.0,,,True
1790746200,2026-09-30T05:30:00Z,บึงนาราง,74,0.0,0.0,0.0,,,True
1790746200,2026-09-30T05:30:00Z,เชียงคาน,213,0.0,0.0,0.0,,,True
1790746200,2026-09-30T05:30:00Z,ดงเจริญ,56,0.0,0.0,0.0,,,True
1790746200,2026-09-30T05:30:00Z,ปากชม,240,0.0,0.0,0.0,,,True
1790746200,2026-09-30T05:30:00Z,เมืองเลย,314,0.0,0.0,0.0,,,True
1790746200,2026-09-30T05:30:00Z,นาด้วง,143,0.0,0.0,0.0,,,True
1790746200,2026-09-30T05:30:00Z,สากเหล็ก,45,0.0,0.0,0.0,,,True
1790746200,2026-09-30T05:30:00Z,สามง่าม,89,0.0,0.0,0.0,,,True
1790746200,2026-09-30T05:30:00Z,ทับคล้อ,104,0.0,0.0,0.0,,,True
1790746200,2026-09-30T05:30:00Z,พรหมพิราม,206,0.0,0.0,0.0,,,True
1790746200,2026-09-30T05:30:00Z,ด่านขุนทด,344,0.0,0.0,0.0,,,True
1790746200,2026-09-30T05:30:00Z,วัดโบสถ์,226,0.0,0.0,0.0,,,True
1790746200,2026-09-30T05:30:00Z,บางระกำ,246,0.0,0.0,0.0,,,True
1790746200,2026-09-30T05:30:00Z,บางกระทุ่ม,91,0.0,0.0,0.0,,,True
1790746200,2026-09-30T05:30:00Z,นครไทย,597,0.0,0.0,0.0,,,True
1790746200,2026-09-30T05:30:00Z,ชาติตระการ,415,0.0,0.0,0.0,,,True
1790746200,2026-09-30T05:30:00Z,บ้านเหลื่อม,55,0.0,0.0,0.0,,,True
1790746200,2026-09-30T05:30:00Z,เมืองพิษณุโลก,178,0.0,0.0,0.0,,,True
1790746200,2026-09-30T05:30:00Z,ชุมแสง,145,0.0,0.0,0.0,,,True
1790746200,2026-09-30T05:30:00Z,หนองบัว,208,0.0,0.0,0.0,,,True
1790746200,2026-09-30T05:30:00Z,เมืองนครสวรรค์,183,0.0,0.0,0.0,,,True
1790746200,2026-09-30T05:30:00Z,โกรกพระ,71,0.0,0.0,0.0,,,True
1790746200,2026-09-30T05:30:00Z,ไพศาลี,244,0.0,0.0,0.0,,,True
1790746200,2026-09-30T05:30:00Z,ตาคลี,206,0.0,0.0,0.0,,,True
1790746200,2026-09-30T05:30:00Z,ท่าตะโก,211,0.0,0.0,0.0,,,True
1790746200,2026-09-30T05:30:00Z,เขาค้อ,207,0.0,0.0,0.0,,,True
1790746200,2026-09-30T05:30:00Z,บรรพตพิสัย,181,0.0,0.0,0.0,,,True
1790746200,2026-09-30T05:30:00Z,เก้าเลี้ยว,57,0.0,0.0,0.0,,,True
1790746200,2026-09-30T05:30:00Z,วังโป่ง,123,0.0,0.0,0.0,,,True
1790746200,2026-09-30T05:30:00Z,บึงสามพัน,194,0.0,0.0,0.0,,,True
1790746200,2026-09-30T05:30:00Z,น้ำหนาว,231,0.0,0.0,0.0,,,True
1790746200,2026-09-30T05:30:00Z,ศรีเทพ,204,0.0,0.0,0.0,,,True
1790746200,2026-09-30T05:30:00Z,หนองไผ่,315,0.0,0.0,0.0,,,True
1790746200,2026-09-30T05:30:00Z,มหาราช,4,0.0,0.0,0.0,,,False
1790746200,2026-09-30T05:30:00Z,บ้านแพรก,10,0.0,0.0,0.0,,,True
1790746200,2026-09-30T05:30:00Z,บางมูลนาก,99,0.0,0.0,0.0,,,True
1790746200,2026-09-30T05:30:00Z,โพทะเล,131,0.0,0.0,0.0,,,True
1790746200,2026-09-30T05:30:00Z,โพธิ์ประทับช้าง,102,0.0,0.0,0.0,,,True
1790746200,2026-09-30T05:30:00Z,ตะพานหิน,109,0.0,0.0,0.0,,,True
1790746200,2026-09-30T05:30:00Z,เมืองพิจิตร,138,0.0,0.0,0.0,,,True
1790746200,2026-09-30T05:30:00Z,วังทรายพูน,66,0.0,0.0,0.0,,,True
1790747100,2026-09-30T05:45:00Z,พิชัย,176,0.0,0.0,0.0,,,True
1790747100,2026-09-30T05:45:00Z,ลับแล,116,0.0,0.0,0.0,,,True
1790747100,2026-09-30T05:45:00Z,ฟากท่า,163,0.0,0.0,0.0,,,True
1790747100,2026-09-30T05:45:00Z,บ้านโคก,247,0.0,0.0,0.0,,,True
1790747100,2026-09-30T05:45:00Z,ท่าปลา,442,0.001,0.196,0.0068,,105,True
1790747100,2026-09-30T05:45:00Z,น้ำปาด,363,0.0,0.0,0.0,,,True
1790747100,2026-09-30T05:45:00Z,เมืองอุตรดิตถ์,202,0.0,0.0,0.0,,,True
1790747100,2026-09-30T05:45:00Z,ตรอน,80,0.0,0.0,0.0,,,True
1790747100,2026-09-30T05:45:00Z,หล่มเก่า,246,0.0,0.0,0.0,,,True
1790747100,2026-09-30T05:45:00Z,วิเชียรบุรี,377,0.0,0.0,0.0,,,True
1790747100,2026-09-30T05:45:00Z,ชนแดน,279,0.0,0.0,0.0,,,True
1790747100,2026-09-30T05:45:00Z,หล่มสัก,350,0.0,0.0,0.0,,,True
1790747100,2026-09-30T05:45:00Z,เมืองเพชรบูรณ์,571,0.0,0.0,0.0,,,True
1790747100,2026-09-30T05:45:00Z,ทองแสนขัน,185,0.0,0.0,0.0,,,True
1790747100,2026-09-30T05:45:00Z,บึงสามัคคี,71,0.0,0.0,0.0,,,True
1790747100,2026-09-30T05:45:00Z,โกสัมพีนคร,137,0.0,0.0,0.0,,,True
1790747100,2026-09-30T05:45:00Z,สอง,380,0.0,0.0,0.0,,,True
1790747100,2026-09-30T05:45:00Z,วังชิ้น,255,0.0,0.0,0.0,,,True
1790747100,2026-09-30T05:45:00Z,สูงเม่น,88,0.0,0.0,0.0,,,True
1790747100,2026-09-30T05:45:00Z,เด่นชัย,135,0.0,0.0,0.0,,,True
1790747100,2026-09-30T05:45:00Z,ร้องกวาง,221,0.0,0.0,0.0,,,True
1790747100,2026-09-30T05:45:00Z,ลอง,317,0.0,0.0,0.0,,,True
1790747100,2026-09-30T05:45:00Z,เมืองแพร่,205,0.009,0.392,0.039,,15,True
1790747100,2026-09-30T05:45:00Z,ทัพทัน,94,0.0,0.0,0.0,,,True
1790747100,2026-09-30T05:45:00Z,สว่างอารมณ์,110,0.0,0.0,0.0,,,True
1790747100,2026-09-30T05:45:00Z,เมืองอุทัยธานี,59,0.0,0.0,0.0,,,True
1790747100,2026-09-30T05:45:00Z,ห้วยคต,94,0.0,0.0,0.0,,,True
1790747100,2026-09-30T05:45:00Z,ศรีสวัสดิ์,440,0.0,0.0,0.0,,,True
1790747100,2026-09-30T05:45:00Z,บ้านไร่,821,0.0,0.0,0.0,,,True
1790747100,2026-09-30T05:45:00Z,ลานสัก,360,0.0,0.0,0.0,,,True
1790747100,2026-09-30T05:45:00Z,หนองฉาง,89,0.0,0.0,0.0,,,True
1790747100,2026-09-30T05:45:00Z,หนองขาหย่าง,43,0.0,0.0,0.0,,,True
1790747100,2026-09-30T05:45:00Z,เชียงม่วน,82,0.0,0.0,0.0,,,True
1790747100,2026-09-30T05:45:00Z,ดอกคำใต้,37,0.0,0.0,0.0,,,True
1790747100,2026-09-30T05:45:00Z,เมืองพะเยา,6,0.0,0.0,0.0,,,True
1790747100,2026-09-30T05:45:00Z,ทองผาภูมิ,851,0.0,0.0,0.0,,,True
1790747100,2026-09-30T05:45:00Z,สังขละบุรี,793,0.0,0.0,0.0,,,True
1790747100,2026-09-30T05:45:00Z,หนองม่วงไข่,35,0.0,0.0,0.0,,,True
1790747100,2026-09-30T05:45:00Z,ภูเวียง,81,0.0,0.0,0.0,,,True
1790747100,2026-09-30T05:45:00Z,มัญจาคีรี,50,0.0,0.0,0.0,,,True
1790747100,2026-09-30T05:45:00Z,หนองปรือ,104,0.0,0.0,0.0,,,True
1790747100,2026-09-30T05:45:00Z,เลาขวัญ,123,0.0,0.0,0.0,,,True
1790747100,2026-09-30T05:45:00Z,หนองนาคำ,43,0.0,0.0,0.0,,,True
1790747100,2026-09-30T05:45:00Z,โคกโพธิ์ไชย,65,0.0,0.0,0.0,,,True
1790747100,2026-09-30T05:45:00Z,บ้านหลวง,91,0.0,0.0,0.0,,,True
1790747100,2026-09-30T05:45:00Z,นาน้อย,266,0.0,0.0,0.0,,,True
1790747100,2026-09-30T05:45:00Z,ภูผาม่าน,74,0.0,0.0,0.0,,,True
1790747100,2026-09-30T05:45:00Z,เมืองน่าน,161,0.0,0.0,0.0,,,True
1790747100,2026-09-30T05:45:00Z,แม่จริม,262,0.0,0.0,0.0,,,True
1790747100,2026-09-30T05:45:00Z,เวียงเก่า,78,0.0,0.0,0.0,,,True
1790747100,2026-09-30T05:45:00Z,เมืองกำแพงเพชร,368,0.0,0.0,0.0,,,True
1790747100,2026-09-30T05:45:00Z,ไทรงาม,133,0.0,0.0,0.0,,,True
1790747100,2026-09-30T05:45:00Z,ปางศิลาทอง,186,0.0,0.0,0.0,,,True
1790747100,2026-09-30T05:45:00Z,ลานกระบือ,103,0.0,0.0,0.0,,,True
1790747100,2026-09-30T05:45:00Z,ทรายทองวัฒนา,53,0.0,0.0,0.0,,,True
1790747100,2026-09-30T05:45:00Z,คลองขลุง,179,0.0,0.0,0.0,,,True
1790747100,2026-09-30T05:45:00Z,พรานกระต่าย,252,0.0,0.0,0.0,,,True
1790747100,2026-09-30T05:45:00Z,คลองลาน,363,0.0,0.0,0.0,,,True
1790747100,2026-09-30T05:45:00Z,ขาณุวรลักษบุรี,296,0.0,0.0,0.0,,,True
1790747100,2026-09-30T05:45:00Z,ภูเพียง,113,0.0,0.0,0.0,,,True
1790747100,2026-09-30T05:45:00Z,นาหมื่น,245,0.0,0.0,0.0,,,True
1790747100,2026-09-30T05:45:00Z,เวียงสา,543,0.0,0.0,0.0,,,True
1790747100,2026-09-30T05:45:00Z,น้ำโสม,153,0.0,0.0,0.0,,,True
1790747100,2026-09-30T05:45:00Z,นายูง,126,0.0,0.0,0.0,,,True
1790747100,2026-09-30T05:45:00Z,ชุมแพ,173,0.0,0.0,0.0,,,True
1790747100,2026-09-30T05:45:00Z,สีชมพู,132,0.0,0.0,0.0,,,True
1790747100,2026-09-30T05:45:00Z,สุวรรณคูหา,140,0.0,0.0,0.0,,,True
1790747100,2026-09-30T05:45:00Z,นาวัง,65,0.0,0.0,0.0,,,True
1790747100,2026-09-30T05:45:00Z,หนองเรือ,80,0.0,0.0,0.0,,,True
1790747100,2026-09-30T05:45:00Z,โนนสัง,51,0.0,0.0,0.0,,,True
1790747100,2026-09-30T05:45:00Z,ศรีบุญเรือง,224,0.0,0.0,0.0,,,True
1790747100,2026-09-30T05:45:00Z,เมืองหนองบัวลำภู,217,0.0,0.0,0.0,,,True
1790747100,2026-09-30T05:45:00Z,นากลาง,173,0.0,0.0,0.0,,,True
1790747100,2026-09-30T05:45:00Z,ทุ่งเสลี่ยม,144,0.0,0.0,0.0,,,True
1790747100,2026-09-30T05:45:00Z,ดอยหล่อ,56,0.0,0.0,0.0,,,True
1790747100,2026-09-30T05:45:00Z,เมืองตาก,486,0.0,0.0,0.0,,,True
1790747100,2026-09-30T05:45:00Z,แม่ออน,116,0.0,0.0,0.0,,,True
1790747100,2026-09-30T05:45:00Z,อุ้มผาง,1209,0.0,0.0,0.0,,,True
1790747100,2026-09-30T05:45:00Z,วังเจ้า,183,0.0,0.0,0.0,,,True
1790747100,2026-09-30T05:45:00Z,แม่สอด,398,0.0,0.0,0.0,,,True
1790747100,2026-09-30T05:45:00Z,พบพระ,249,0.0,0.0,0.0,,,True
1790747100,2026-09-30T05:45:00Z,แม่ระมาด,380,0.0,0.0,0.0,,,True
1790747100,2026-09-30T05:45:00Z,ท่าสองยาง,401,0.0,0.0,0.0,,,True
1790747100,2026-09-30T05:45:00Z,บ้านตาก,255,0.0,0.0,0.0,,,True
1790747100,2026-09-30T05:45:00Z,สามเงา,698,0.0,0.0,0.0,,,True
1790747100,2026-09-30T05:45:00Z,จอมทอง,280,0.0,0.0,0.0,,,True
1790747100,2026-09-30T05:45:00Z,แก้งสนามนาง,79,0.0,0.0,0.0,,,True
1790747100,2026-09-30T05:45:00Z,สีคิ้ว,292,0.0,0.0,0.0,,,True
1790747100,2026-09-30T05:45:00Z,พระทองคำ,90,0.0,0.0,0.0,,,True
1790747100,2026-09-30T05:45:00Z,เทพารักษ์,92,0.0,0.0,0.0,,,True
1790747100,2026-09-30T05:45:00Z,สันกำแพง,65,0.0,0.0,0.0,,,True
1790747100,2026-09-30T05:45:00Z,สันป่าตอง,44,0.0,0.0,0.0,,,True
1790747100,2026-09-30T05:45:00Z,ดอยเต่า,213,0.0,0.0,0.0,,,True
1790747100,2026-09-30T05:45:00Z,อมก๋อย,704,0.0,0.0,0.0,,,True
1790747100,2026-09-30T05:45:00Z,ฮอด,378,0.0,0.0,0.0,,,True
1790747100,2026-09-30T05:45:00Z,เมืองลำพูน,117,0.0,0.0,0.0,,,True
1790747100,2026-09-30T05:45:00Z,แม่ทา,192,0.0,0.0,0.0,,,True
1790747100,2026-09-30T05:45:00Z,บ้านธิ,34,0.0,0.0,0.0,,,True
1790747100,2026-09-30T05:45:00Z,บ้านหมอ,24,0.0,0.0,0.0,,,True
1790747100,2026-09-30T05:45:00Z,เวียงหนองล่อง,14,0.0,0.0,0.0,,,True
1790747100,2026-09-30T05:45:00Z,ทุ่งหัวช้าง,113,0.0,0.0,0.0,,,True
1790747100,2026-09-30T05:45:00Z,ป่าซาง,74,0.0,0.0,0.0,,,True
1790747100,2026-09-30T05:45:00Z,บ้านโฮ่ง,124,0.0,0.0,0.0,,,True
1790747100,2026-09-30T05:45:00Z,แก่งคอย,73,0.0,0.0,0.0,,,True
1790747100,2026-09-30T05:45:00Z,ลี้,454,0.0,0.0,0.0,,,True
1790747100,2026-09-30T05:45:00Z,พระพุทธบาท,55,0.0,0.0,0.0,,,True
1790747100,2026-09-30T05:45:00Z,ดอนพุด,7,0.0,0.0,0.0,,,True
1790747100,2026-09-30T05:45:00Z,หนองโดน,31,0.0,0.0,0.0,,,True
1790747100,2026-09-30T05:45:00Z,เมืองลำปาง,300,0.0,0.0,0.0,,,True
1790747100,2026-09-30T05:45:00Z,เถิน,443,0.001,0.196,0.0068,,15,True
1790747100,2026-09-30T05:45:00Z,แม่พริก,167,0.0,0.0,0.0,,,True
1790747100,2026-09-30T05:45:00Z,แจ้ห่ม,274,0.0,0.0,0.0,,,True
1790747100,2026-09-30T05:45:00Z,แม่เปิน,85,0.0,0.0,0.0,,,True
1790747100,2026-09-30T05:45:00Z,เสริมงาม,185,0.0,0.0,0.0,,,True
1790747100,2026-09-30T05:45:00Z,ชุมตาบง,61,0.0,0.0,0.0,,,True
1790747100,2026-09-30T05:45:00Z,งาว,344,0.0,0.0,0.0,,,True
1790747100,2026-09-30T05:45:00Z,ตากฟ้า,125,0.0,0.0,0.0,,,True
1790747100,2026-09-30T05:45:00Z,แม่เมาะ,283,0.0,0.0,0.0,,,True
1790747100,2026-09-30T05:45:00Z,แม่วงก์,257,0.0,0.0,0.0,,,True
1790747100,2026-09-30T05:45:00Z,เกาะคา,128,0.0,0.0,0.0,,,True
1790747100,2026-09-30T05:45:00Z,พยุหะคีรี,169,0.0,0.0,0.0,,,True
1790747100,2026-09-30T05:45:00Z,ลาดยาว,187,0.0,0.0,0.0,,,True
1790747100,2026-09-30T05:45:00Z,สบปราบ,125,0.0,0.0,0.0,,,True
1790747100,2026-09-30T05:45:00Z,ห้างฉัตร,154,0.0,0.0,0.0,,,True
1790747100,2026-09-30T05:45:00Z,แม่ทะ,203,0.0,0.0,0.0,,,True
1790747100,2026-09-30T05:45:00Z,เมืองปาน,202,0.0,0.0,0.0,,,True
1790747100,2026-09-30T05:45:00Z,เมืองอ่างทอง,6,0.0,0.0,0.0,,,True
1790747100,2026-09-30T05:45:00Z,ไชโย,20,0.0,0.0,0.0,,,True
1790747100,2026-09-30T05:45:00Z,สามโก้,10,0.0,0.0,0.0,,,True
1790747100,2026-09-30T05:45:00Z,แสวงหา,43,0.0,0.0,0.0,,,True
1790747100,2026-09-30T05:45:00Z,วิเศษชัยชาญ,7,0.0,0.0,0.0,,,True
1790747100,2026-09-30T05:45:00Z,โพธิ์ทอง,48,0.0,0.0,0.0,,,True
1790747100,2026-09-30T05:45:00Z,เมืองลพบุรี,190,0.0,0.0,0.0,,,True
1790747100,2026-09-30T05:45:00Z,เดิมบางนางบวช,130,0.0,0.0,0.0,,,True
1790747100,2026-09-30T05:45:00Z,ด่านช้าง,309,0.0,0.0,0.0,,,True
1790747100,2026-09-30T05:45:00Z,หนองม่วง,111,0.0,0.0,0.0,,,True
1790747100,2026-09-30T05:45:00Z,ลำสนธิ,136,0.0,0.0,0.0,,,True
1790747100,2026-09-30T05:45:00Z,สามชุก,77,0.0,0.0,0.0,,,True
1790747100,2026-09-30T05:45:00Z,ดอนเจดีย์,72,0.0,0.0,0.0,,,True
1790747100,2026-09-30T05:45:00Z,สระโบสถ์,83,0.0,0.0,0.0,,,True
1790747100,2026-09-30T05:45:00Z,ศรีประจันต์,41,0.0,0.0,0.0,,,True
1790747100,2026-09-30T05:45:00Z,โคกเจริญ,135,0.0,0.0,0.0,,,True
1790747100,2026-09-30T05:45:00Z,บ้านหมี่,136,0.0,0.0,0.0,,,True
1790747100,2026-09-30T05:45:00Z,ท่าหลวง,100,0.0,0.0,0.0,,,True
1790747100,2026-09-30T05:45:00Z,ชัยบาดาล,280,0.0,0.0,0.0,,,True
1790747100,2026-09-30T05:45:00Z,ท่าวุ้ง,64,0.0,0.0,0.0,,,True
1790747100,2026-09-30T05:45:00Z,พัฒนานิคม,217,0.0,0.0,0.0,,,True
1790747100,2026-09-30T05:45:00Z,โคกสำโรง,180,0.0,0.0,0.0,,,True
1790747100,2026-09-30T05:45:00Z,หนองหญ้าไซ,108,0.0,0.0,0.0,,,True
1790747100,2026-09-30T05:45:00Z,ท่าช้าง,11,0.0,0.0,0.0,,,True
1790747100,2026-09-30T05:45:00Z,อินทร์บุรี,66,0.0,0.0,0.0,,,True
1790747100,2026-09-30T05:45:00Z,ค่ายบางระจัน,26,0.0,0.0,0.0,,,True
1790747100,2026-09-30T05:45:00Z,พรหมบุรี,19,0.0,0.0,0.0,,,True
1790747100,2026-09-30T05:45:00Z,เนินสง่า,65,0.0,0.0,0.0,,,True
1790747100,2026-09-30T05:45:00Z,เมืองสิงห์บุรี,31,0.0,0.0,0.0,,,True
1790747100,2026-09-30T05:45:00Z,ซับใหญ่,72,0.0,0.0,0.0,,,True
1790747100,2026-09-30T05:45:00Z,บางระจัน,46,0.0,0.0,0.0,,,True
1790747100,2026-09-30T05:45:00Z,ภูกระดึง,190,0.0,0.0,0.0,,,True
1790747100,2026-09-30T05:45:00Z,ภูหลวง,145,0.0,0.0,0.0,,,True
1790747100,2026-09-30T05:45:00Z,หนองหิน,78,0.0,0.0,0.0,,,True
1790747100,2026-09-30T05:45:00Z,ผาขาว,100,0.0,0.0,0.0,,,True
1790747100,2026-09-30T05:45:00Z,เอราวัณ,87,0.0,0.0,0.0,,,True
1790747100,2026-09-30T05:45:00Z,วังสะพุง,281,0.0,0.0,0.0,,,True
1790747100,2026-09-30T05:45:00Z,วังม่วง,70,0.0,0.0,0.0,,,True
1790747100,2026-09-30T05:45:00Z,เฉลิมพระเกียรติ,35,0.0,0.0,0.0,,,True
1790747100,2026-09-30T05:45:00Z,มวกเหล็ก,175,0.0,0.0,0.0,,,True
1790747100,2026-09-30T05:45:00Z,บ้านเขว้า,124,0.0,0.0,0.0,,,True
1790747100,2026-09-30T05:45:00Z,คอนสวรรค์,113,0.0,0.0,0.0,,,True
1790747100,2026-09-30T05:45:00Z,เมืองชัยภูมิ,358,0.0,0.0,0.0,,,True
1790747100,2026-09-30T05:45:00Z,วังทอง,425,0.0,0.0,0.0,,,True
1790747100,2026-09-30T05:45:00Z,เนินมะปราง,276,0.0,0.0,0.0,,,True
1790747100,2026-09-30T05:45:00Z,สวรรคโลก,156,0.0,0.0,0.0,,,True
1790747100,2026-09-30T05:45:00Z,ศรีนคร,46,0.0,0.0,0.0,,,True
1790747100,2026-09-30T05:45:00Z,หันคา,139,0.0,0.0,0.0,,,True
1790747100,2026-09-30T05:45:00Z,ศรีสัชนาลัย,534,0.0,0.0,0.0,,,True
1790747100,2026-09-30T05:45:00Z,หนองมะโมง,76,0.0,0.0,0.0,,,True
1790747100,2026-09-30T05:45:00Z,ศรีสำโรง,142,0.0,0.0,0.0,,,True
1790747100,2026-09-30T05:45:00Z,สรรพยา,55,0.0,0.0,0.0,,,True
1790747100,2026-09-30T05:45:00Z,คีรีมาศ,171,0.0,0.0,0.0,,,True
1790747100,2026-09-30T05:45:00Z,สรรคบุรี,89,0.0,0.0,0.0,,,True
1790747100,2026-09-30T05:45:00Z,กงไกรลาศ,108,0.0,0.0,0.0,,,True
1790747100,2026-09-30T05:45:00Z,มโนรมย์,66,0.0,0.0,0.0,,,True
1790747100,2026-09-30T05:45:00Z,เมืองสุโขทัย,136,0.0,0.0,0.0,,,True
1790747100,2026-09-30T05:45:00Z,วัดสิงห์,67,0.0,0.0,0.0,,,True
1790747100,2026-09-30T05:45:00Z,บ้านด่านลานหอย,231,0.0,0.0,0.0,,,True
1790747100,2026-09-30T05:45:00Z,เมืองชัยนาท,70,0.0,0.0,0.0,,,True
1790747100,2026-09-30T05:45:00Z,เนินขาม,65,0.0,0.0,0.0,,,True
1790747100,2026-09-30T05:45:00Z,คอนสาร,334,0.003,0.49,0.009,,15,True
1790747100,2026-09-30T05:45:00Z,ภักดีชุมพล,154,0.0,0.0,0.0,,,True
1790747100,2026-09-30T05:45:00Z,บ้านแท่น,76,0.0,0.0,0.0,,,True
1790747100,2026-09-30T05:45:00Z,แก้งคร้อ,168,0.0,0.0,0.0,,,True
1790747100,2026-09-30T05:45:00Z,ภูเขียว,201,0.0,0.0,0.0,,,True
1790747100,2026-09-30T05:45:00Z,หนองบัวระเหว,179,0.0,0.0,0.0,,,True
1790747100,2026-09-30T05:45:00Z,เทพสถิต,239,0.0,0.0,0.0,,,True
1790747100,2026-09-30T05:45:00Z,จัตุรัส,172,0.0,0.0,0.0,,,True
1790747100,2026-09-30T05:45:00Z,บำเหน็จณรงค์,120,0.0,0.0,0.0,,,True
1790747100,2026-09-30T05:45:00Z,เกษตรสมบูรณ์,268,0.001,0.392,0.0037,,75,True
1790747100,2026-09-30T05:45:00Z,หนองบัวแดง,537,0.0,0.0,0.0,,,True
1790747100,2026-09-30T05:45:00Z,ภูเรือ,168,0.0,0.0,0.0,,,True
1790747100,2026-09-30T05:45:00Z,ท่าลี่,171,0.0,0.0,0.0,,,True
1790747100,2026-09-30T05:45:00Z,วชิรบารมี,68,0.0,0.0,0.0,,,True
1790747100,2026-09-30T05:45:00Z,ด่านซ้าย,341,0.0,0.0,0.0,,,True
1790747100,2026-09-30T05:45:00Z,นาแห้ว,153,0.0,0.0,0.0,,,True
1790747100,2026-09-30T05:45:00Z,บึงนาราง,74,0.0,0.0,0.0,,,True
1790747100,2026-09-30T05:45:00Z,เชียงคาน,213,0.0,0.0,0.0,,,True
1790747100,2026-09-30T05:45:00Z,ดงเจริญ,56,0.0,0.0,0.0,,,True
1790747100,2026-09-30T05:45:00Z,ปากชม,240,0.0,0.0,0.0,,,True
1790747100,2026-09-30T05:45:00Z,เมืองเลย,314,0.0,0.0,0.0,,,True
1790747100,2026-09-30T05:45:00Z,นาด้วง,143,0.0,0.0,0.0,,,True
1790747100,2026-09-30T05:45:00Z,สากเหล็ก,45,0.0,0.0,0.0,,,True
1790747100,2026-09-30T05:45:00Z,สามง่าม,89,0.0,0.0,0.0,,,True
1790747100,2026-09-30T05:45:00Z,ทับคล้อ,104,0.0,0.0,0.0,,,True
1790747100,2026-09-30T05:45:00Z,พรหมพิราม,206,0.0,0.0,0.0,,,True
1790747100,2026-09-30T05:45:00Z,ด่านขุนทด,344,0.0,0.0,0.0,,,True
1790747100,2026-09-30T05:45:00Z,วัดโบสถ์,226,0.0,0.0,0.0,,,True
1790747100,2026-09-30T05:45:00Z,บางระกำ,246,0.0,0.0,0.0,,,True
1790747100,2026-09-30T05:45:00Z,บางกระทุ่ม,91,0.0,0.0,0.0,,,True
1790747100,2026-09-30T05:45:00Z,นครไทย,597,0.0,0.0,0.0,,,True
1790747100,2026-09-30T05:45:00Z,ชาติตระการ,415,0.0,0.0,0.0,,,True
1790747100,2026-09-30T05:45:00Z,บ้านเหลื่อม,55,0.0,0.0,0.0,,,True
1790747100,2026-09-30T05:45:00Z,เมืองพิษณุโลก,178,0.0,0.0,0.0,,,True
1790747100,2026-09-30T05:45:00Z,ชุมแสง,145,0.0,0.0,0.0,,,True
1790747100,2026-09-30T05:45:00Z,หนองบัว,208,0.0,0.0,0.0,,,True
1790747100,2026-09-30T05:45:00Z,เมืองนครสวรรค์,183,0.0,0.0,0.0,,,True
1790747100,2026-09-30T05:45:00Z,โกรกพระ,71,0.0,0.0,0.0,,,True
1790747100,2026-09-30T05:45:00Z,ไพศาลี,244,0.0,0.0,0.0,,,True
1790747100,2026-09-30T05:45:00Z,ตาคลี,206,0.0,0.0,0.0,,,True
1790747100,2026-09-30T05:45:00Z,ท่าตะโก,211,0.0,0.0,0.0,,,True
1790747100,2026-09-30T05:45:00Z,เขาค้อ,207,0.0,0.0,0.0,,,True
1790747100,2026-09-30T05:45:00Z,บรรพตพิสัย,181,0.0,0.0,0.0,,,True
1790747100,2026-09-30T05:45:00Z,เก้าเลี้ยว,57,0.0,0.0,0.0,,,True
1790747100,2026-09-30T05:45:00Z,วังโป่ง,123,0.0,0.0,0.0,,,True
1790747100,2026-09-30T05:45:00Z,บึงสามพัน,194,0.0,0.0,0.0,,,True
1790747100,2026-09-30T05:45:00Z,น้ำหนาว,231,0.0,0.0,0.0,,,True
1790747100,2026-09-30T05:45:00Z,ศรีเทพ,204,0.0,0.0,0.0,,,True
1790747100,2026-09-30T05:45:00Z,หนองไผ่,315,0.0,0.0,0.0,,,True
1790747100,2026-09-30T05:45:00Z,มหาราช,4,0.0,0.0,0.0,,,False
1790747100,2026-09-30T05:45:00Z,บ้านแพรก,10,0.0,0.0,0.0,,,True
1790747100,2026-09-30T05:45:00Z,บางมูลนาก,99,0.0,0.0,0.0,,,True
1790747100,2026-09-30T05:45:00Z,โพทะเล,131,0.0,0.0,0.0,,,True
1790747100,2026-09-30T05:45:00Z,โพธิ์ประทับช้าง,102,0.0,0.0,0.0,,,True
1790747100,2026-09-30T05:45:00Z,ตะพานหิน,109,0.0,0.0,0.0,,,True
1790747100,2026-09-30T05:45:00Z,เมืองพิจิตร,138,0.0,0.0,0.0,,,True
1790747100,2026-09-30T05:45:00Z,วังทรายพูน,66,0.0,0.0,0.0,,,True
1790748000,2026-09-30T06:00:00Z,พิชัย,176,0.0,0.0,0.0,,,True
1790748000,2026-09-30T06:00:00Z,ลับแล,116,0.0,0.0,0.0,,,True
1790748000,2026-09-30T06:00:00Z,ฟากท่า,163,0.0,0.0,0.0,,,True
1790748000,2026-09-30T06:00:00Z,บ้านโคก,247,0.0,0.0,0.0,,,True
1790748000,2026-09-30T06:00:00Z,ท่าปลา,442,0.001,0.098,0.0113,,45,True
1790748000,2026-09-30T06:00:00Z,น้ำปาด,363,0.0,0.0,0.0,,,True
1790748000,2026-09-30T06:00:00Z,เมืองอุตรดิตถ์,202,0.0,0.0,0.0,,,True
1790748000,2026-09-30T06:00:00Z,ตรอน,80,0.0,0.0,0.0,,,True
1790748000,2026-09-30T06:00:00Z,หล่มเก่า,246,0.0,0.0,0.0,,,True
1790748000,2026-09-30T06:00:00Z,วิเชียรบุรี,377,0.0,0.0,0.0,,,True
1790748000,2026-09-30T06:00:00Z,ชนแดน,279,0.0,0.0,0.0,,,True
1790748000,2026-09-30T06:00:00Z,หล่มสัก,350,0.0,0.0,0.0,,,True
1790748000,2026-09-30T06:00:00Z,เมืองเพชรบูรณ์,571,0.0,0.0,0.0,,,True
1790748000,2026-09-30T06:00:00Z,ทองแสนขัน,185,0.0,0.0,0.0,,,True
1790748000,2026-09-30T06:00:00Z,บึงสามัคคี,71,0.0,0.0,0.0,,,True
1790748000,2026-09-30T06:00:00Z,โกสัมพีนคร,137,0.0,0.0,0.0,,,True
1790748000,2026-09-30T06:00:00Z,สอง,380,0.0,0.0,0.0,,,True
1790748000,2026-09-30T06:00:00Z,วังชิ้น,255,0.0,0.0,0.0,,,True
1790748000,2026-09-30T06:00:00Z,สูงเม่น,88,0.0,0.0,0.0,,,True
1790748000,2026-09-30T06:00:00Z,เด่นชัย,135,0.0,0.0,0.0,,,True
1790748000,2026-09-30T06:00:00Z,ร้องกวาง,221,0.0,0.0,0.0,,,True
1790748000,2026-09-30T06:00:00Z,ลอง,317,0.0,0.0,0.0,,,True
1790748000,2026-09-30T06:00:00Z,เมืองแพร่,205,0.002,0.196,0.0195,,15,True
1790748000,2026-09-30T06:00:00Z,ทัพทัน,94,0.0,0.0,0.0,,,True
1790748000,2026-09-30T06:00:00Z,สว่างอารมณ์,110,0.0,0.0,0.0,,,True
1790748000,2026-09-30T06:00:00Z,เมืองอุทัยธานี,59,0.0,0.0,0.0,,,True
1790748000,2026-09-30T06:00:00Z,ห้วยคต,94,0.0,0.0,0.0,,,True
1790748000,2026-09-30T06:00:00Z,ศรีสวัสดิ์,440,0.0,0.0,0.0,,,True
1790748000,2026-09-30T06:00:00Z,บ้านไร่,821,0.0,0.0,0.0,,,True
1790748000,2026-09-30T06:00:00Z,ลานสัก,360,0.0,0.0,0.0,,,True
1790748000,2026-09-30T06:00:00Z,หนองฉาง,89,0.0,0.0,0.0,,,True
1790748000,2026-09-30T06:00:00Z,หนองขาหย่าง,43,0.0,0.0,0.0,,,True
1790748000,2026-09-30T06:00:00Z,เชียงม่วน,82,0.0,0.0,0.0,,,True
1790748000,2026-09-30T06:00:00Z,ดอกคำใต้,37,0.0,0.0,0.0,,,True
1790748000,2026-09-30T06:00:00Z,เมืองพะเยา,6,0.0,0.0,0.0,,,True
1790748000,2026-09-30T06:00:00Z,ทองผาภูมิ,851,0.0,0.0,0.0,,,True
1790748000,2026-09-30T06:00:00Z,สังขละบุรี,793,0.0,0.0,0.0,,,True
1790748000,2026-09-30T06:00:00Z,หนองม่วงไข่,35,0.0,0.0,0.0,,,True
1790748000,2026-09-30T06:00:00Z,ภูเวียง,81,0.0,0.0,0.0,,,True
1790748000,2026-09-30T06:00:00Z,มัญจาคีรี,50,0.0,0.0,0.0,,,True
1790748000,2026-09-30T06:00:00Z,หนองปรือ,104,0.0,0.0,0.0,,,True
1790748000,2026-09-30T06:00:00Z,เลาขวัญ,123,0.0,0.0,0.0,,,True
1790748000,2026-09-30T06:00:00Z,หนองนาคำ,43,0.0,0.0,0.0,,,True
1790748000,2026-09-30T06:00:00Z,โคกโพธิ์ไชย,65,0.0,0.0,0.0,,,True
1790748000,2026-09-30T06:00:00Z,บ้านหลวง,91,0.0,0.0,0.0,,,True
1790748000,2026-09-30T06:00:00Z,นาน้อย,266,0.0,0.0,0.0,,,True
1790748000,2026-09-30T06:00:00Z,ภูผาม่าน,74,0.0,0.0,0.0,,,True
1790748000,2026-09-30T06:00:00Z,เมืองน่าน,161,0.0,0.0,0.0,,,True
1790748000,2026-09-30T06:00:00Z,แม่จริม,262,0.0,0.0,0.0,,,True
1790748000,2026-09-30T06:00:00Z,เวียงเก่า,78,0.0,0.0,0.0,,,True
1790748000,2026-09-30T06:00:00Z,เมืองกำแพงเพชร,368,0.0,0.0,0.0,,,True
1790748000,2026-09-30T06:00:00Z,ไทรงาม,133,0.0,0.0,0.0,,,True
1790748000,2026-09-30T06:00:00Z,ปางศิลาทอง,186,0.0,0.0,0.0,,,True
1790748000,2026-09-30T06:00:00Z,ลานกระบือ,103,0.0,0.0,0.0,,,True
1790748000,2026-09-30T06:00:00Z,ทรายทองวัฒนา,53,0.0,0.0,0.0,,,True
1790748000,2026-09-30T06:00:00Z,คลองขลุง,179,0.0,0.0,0.0,,,True
1790748000,2026-09-30T06:00:00Z,พรานกระต่าย,252,0.0,0.0,0.0,,,True
1790748000,2026-09-30T06:00:00Z,คลองลาน,363,0.021,1.081,0.0468,,15,True
1790748000,2026-09-30T06:00:00Z,ขาณุวรลักษบุรี,296,0.0,0.0,0.0,,,True
1790748000,2026-09-30T06:00:00Z,ภูเพียง,113,0.0,0.0,0.0,,,True
1790748000,2026-09-30T06:00:00Z,นาหมื่น,245,0.008,0.201,0.0694,,15,True
1790748000,2026-09-30T06:00:00Z,เวียงสา,543,0.0,0.0,0.0,,,True
1790748000,2026-09-30T06:00:00Z,น้ำโสม,153,0.0,0.0,0.0,,,True
1790748000,2026-09-30T06:00:00Z,นายูง,126,0.0,0.0,0.0,,,True
1790748000,2026-09-30T06:00:00Z,ชุมแพ,173,0.0,0.0,0.0,,,True
1790748000,2026-09-30T06:00:00Z,สีชมพู,132,0.0,0.0,0.0,,,True
1790748000,2026-09-30T06:00:00Z,สุวรรณคูหา,140,0.0,0.0,0.0,,,True
1790748000,2026-09-30T06:00:00Z,นาวัง,65,0.0,0.0,0.0,,,True
1790748000,2026-09-30T06:00:00Z,หนองเรือ,80,0.0,0.0,0.0,,,True
1790748000,2026-09-30T06:00:00Z,โนนสัง,51,0.0,0.0,0.0,,,True
1790748000,2026-09-30T06:00:00Z,ศรีบุญเรือง,224,0.0,0.0,0.0,,,True
1790748000,2026-09-30T06:00:00Z,เมืองหนองบัวลำภู,217,0.0,0.0,0.0,,,True
1790748000,2026-09-30T06:00:00Z,นากลาง,173,0.0,0.0,0.0,,,True
1790748000,2026-09-30T06:00:00Z,ทุ่งเสลี่ยม,144,0.0,0.0,0.0,,,True
1790748000,2026-09-30T06:00:00Z,ดอยหล่อ,56,0.0,0.0,0.0,,,True
1790748000,2026-09-30T06:00:00Z,เมืองตาก,486,0.0,0.0,0.0,,,True
1790748000,2026-09-30T06:00:00Z,แม่ออน,116,0.0,0.0,0.0,,,True
1790748000,2026-09-30T06:00:00Z,อุ้มผาง,1209,0.0,0.0,0.0,,,True
1790748000,2026-09-30T06:00:00Z,วังเจ้า,183,0.0,0.0,0.0,,,True
1790748000,2026-09-30T06:00:00Z,แม่สอด,398,0.0,0.0,0.0,,,True
1790748000,2026-09-30T06:00:00Z,พบพระ,249,0.0,0.0,0.0,,,True
1790748000,2026-09-30T06:00:00Z,แม่ระมาด,380,0.0,0.0,0.0,,,True
1790748000,2026-09-30T06:00:00Z,ท่าสองยาง,401,0.0,0.0,0.0,,,True
1790748000,2026-09-30T06:00:00Z,บ้านตาก,255,0.0,0.0,0.0,,,True
1790748000,2026-09-30T06:00:00Z,สามเงา,698,0.0,0.0,0.0,,,True
1790748000,2026-09-30T06:00:00Z,จอมทอง,280,0.0,0.0,0.0,,,True
1790748000,2026-09-30T06:00:00Z,แก้งสนามนาง,79,0.0,0.0,0.0,,,True
1790748000,2026-09-30T06:00:00Z,สีคิ้ว,292,0.0,0.0,0.0,,,True
1790748000,2026-09-30T06:00:00Z,พระทองคำ,90,0.0,0.0,0.0,,,True
1790748000,2026-09-30T06:00:00Z,เทพารักษ์,92,0.0,0.0,0.0,,,True
1790748000,2026-09-30T06:00:00Z,สันกำแพง,65,0.0,0.0,0.0,,,True
1790748000,2026-09-30T06:00:00Z,สันป่าตอง,44,0.0,0.0,0.0,,,True
1790748000,2026-09-30T06:00:00Z,ดอยเต่า,213,0.0,0.0,0.0,,,True
1790748000,2026-09-30T06:00:00Z,อมก๋อย,704,0.0,0.0,0.0,,,True
1790748000,2026-09-30T06:00:00Z,ฮอด,378,0.0,0.0,0.0,,,True
1790748000,2026-09-30T06:00:00Z,เมืองลำพูน,117,0.0,0.0,0.0,,,True
1790748000,2026-09-30T06:00:00Z,แม่ทา,192,0.0,0.0,0.0,,,True
1790748000,2026-09-30T06:00:00Z,บ้านธิ,34,0.0,0.0,0.0,,,True
1790748000,2026-09-30T06:00:00Z,บ้านหมอ,24,0.0,0.0,0.0,,,True
1790748000,2026-09-30T06:00:00Z,เวียงหนองล่อง,14,0.0,0.0,0.0,,,True
1790748000,2026-09-30T06:00:00Z,ทุ่งหัวช้าง,113,0.0,0.0,0.0,,,True
1790748000,2026-09-30T06:00:00Z,ป่าซาง,74,0.0,0.0,0.0,,,True
1790748000,2026-09-30T06:00:00Z,บ้านโฮ่ง,124,0.0,0.0,0.0,,,True
1790748000,2026-09-30T06:00:00Z,แก่งคอย,73,0.0,0.0,0.0,,,True
1790748000,2026-09-30T06:00:00Z,ลี้,454,0.0,0.0,0.0,,,True
1790748000,2026-09-30T06:00:00Z,พระพุทธบาท,55,0.0,0.0,0.0,,,True
1790748000,2026-09-30T06:00:00Z,ดอนพุด,7,0.0,0.0,0.0,,,True
1790748000,2026-09-30T06:00:00Z,หนองโดน,31,0.0,0.0,0.0,,,True
1790748000,2026-09-30T06:00:00Z,เมืองลำปาง,300,0.0,0.0,0.0,,,True
1790748000,2026-09-30T06:00:00Z,เถิน,443,0.0,0.0,0.0,,,True
1790748000,2026-09-30T06:00:00Z,แม่พริก,167,0.0,0.0,0.0,,,True
1790748000,2026-09-30T06:00:00Z,แจ้ห่ม,274,0.0,0.0,0.0,,,True
1790748000,2026-09-30T06:00:00Z,แม่เปิน,85,0.0,0.0,0.0,,,True
1790748000,2026-09-30T06:00:00Z,เสริมงาม,185,0.0,0.0,0.0,,,True
1790748000,2026-09-30T06:00:00Z,ชุมตาบง,61,0.0,0.0,0.0,,,True
1790748000,2026-09-30T06:00:00Z,งาว,344,0.0,0.0,0.0,,,True
1790748000,2026-09-30T06:00:00Z,ตากฟ้า,125,0.0,0.0,0.0,,,True
1790748000,2026-09-30T06:00:00Z,แม่เมาะ,283,0.0,0.0,0.0,,,True
1790748000,2026-09-30T06:00:00Z,แม่วงก์,257,0.0,0.0,0.0,,,True
1790748000,2026-09-30T06:00:00Z,เกาะคา,128,0.0,0.0,0.0,,,True
1790748000,2026-09-30T06:00:00Z,พยุหะคีรี,169,0.0,0.0,0.0,,,True
1790748000,2026-09-30T06:00:00Z,ลาดยาว,187,0.0,0.0,0.0,,,True
1790748000,2026-09-30T06:00:00Z,สบปราบ,125,0.0,0.0,0.0,,,True
1790748000,2026-09-30T06:00:00Z,ห้างฉัตร,154,0.0,0.0,0.0,,,True
1790748000,2026-09-30T06:00:00Z,แม่ทะ,203,0.0,0.0,0.0,,,True
1790748000,2026-09-30T06:00:00Z,เมืองปาน,202,0.0,0.0,0.0,,,True
1790748000,2026-09-30T06:00:00Z,เมืองอ่างทอง,6,0.0,0.0,0.0,,,True
1790748000,2026-09-30T06:00:00Z,ไชโย,20,0.0,0.0,0.0,,,True
1790748000,2026-09-30T06:00:00Z,สามโก้,10,0.0,0.0,0.0,,,True
1790748000,2026-09-30T06:00:00Z,แสวงหา,43,0.0,0.0,0.0,,,True
1790748000,2026-09-30T06:00:00Z,วิเศษชัยชาญ,7,0.0,0.0,0.0,,,True
1790748000,2026-09-30T06:00:00Z,โพธิ์ทอง,48,0.0,0.0,0.0,,,True
1790748000,2026-09-30T06:00:00Z,เมืองลพบุรี,190,0.0,0.0,0.0,,,True
1790748000,2026-09-30T06:00:00Z,เดิมบางนางบวช,130,0.0,0.0,0.0,,,True
1790748000,2026-09-30T06:00:00Z,ด่านช้าง,309,0.0,0.0,0.0,,,True
1790748000,2026-09-30T06:00:00Z,หนองม่วง,111,0.0,0.0,0.0,,,True
1790748000,2026-09-30T06:00:00Z,ลำสนธิ,136,0.0,0.0,0.0,,,True
1790748000,2026-09-30T06:00:00Z,สามชุก,77,0.0,0.0,0.0,,,True
1790748000,2026-09-30T06:00:00Z,ดอนเจดีย์,72,0.0,0.0,0.0,,,True
1790748000,2026-09-30T06:00:00Z,สระโบสถ์,83,0.0,0.0,0.0,,,True
1790748000,2026-09-30T06:00:00Z,ศรีประจันต์,41,0.0,0.0,0.0,,,True
1790748000,2026-09-30T06:00:00Z,โคกเจริญ,135,0.0,0.0,0.0,,,True
1790748000,2026-09-30T06:00:00Z,บ้านหมี่,136,0.0,0.0,0.0,,,True
1790748000,2026-09-30T06:00:00Z,ท่าหลวง,100,0.0,0.0,0.0,,,True
1790748000,2026-09-30T06:00:00Z,ชัยบาดาล,280,0.0,0.0,0.0,,,True
1790748000,2026-09-30T06:00:00Z,ท่าวุ้ง,64,0.0,0.0,0.0,,,True
1790748000,2026-09-30T06:00:00Z,พัฒนานิคม,217,0.0,0.0,0.0,,,True
1790748000,2026-09-30T06:00:00Z,โคกสำโรง,180,0.0,0.0,0.0,,,True
1790748000,2026-09-30T06:00:00Z,หนองหญ้าไซ,108,0.0,0.0,0.0,,,True
1790748000,2026-09-30T06:00:00Z,ท่าช้าง,11,0.0,0.0,0.0,,,True
1790748000,2026-09-30T06:00:00Z,อินทร์บุรี,66,0.0,0.0,0.0,,,True
1790748000,2026-09-30T06:00:00Z,ค่ายบางระจัน,26,0.0,0.0,0.0,,,True
1790748000,2026-09-30T06:00:00Z,พรหมบุรี,19,0.0,0.0,0.0,,,True
1790748000,2026-09-30T06:00:00Z,เนินสง่า,65,0.0,0.0,0.0,,,True
1790748000,2026-09-30T06:00:00Z,เมืองสิงห์บุรี,31,0.0,0.0,0.0,,,True
1790748000,2026-09-30T06:00:00Z,ซับใหญ่,72,0.0,0.0,0.0,,,True
1790748000,2026-09-30T06:00:00Z,บางระจัน,46,0.0,0.0,0.0,,,True
1790748000,2026-09-30T06:00:00Z,ภูกระดึง,190,0.0,0.0,0.0,,,True
1790748000,2026-09-30T06:00:00Z,ภูหลวง,145,0.0,0.0,0.0,,,True
1790748000,2026-09-30T06:00:00Z,หนองหิน,78,0.0,0.0,0.0,,,True
1790748000,2026-09-30T06:00:00Z,ผาขาว,100,0.0,0.0,0.0,,,True
1790748000,2026-09-30T06:00:00Z,เอราวัณ,87,0.0,0.0,0.0,,,True
1790748000,2026-09-30T06:00:00Z,วังสะพุง,281,0.0,0.0,0.0,,,True
1790748000,2026-09-30T06:00:00Z,วังม่วง,70,0.0,0.0,0.0,,,True
1790748000,2026-09-30T06:00:00Z,เฉลิมพระเกียรติ,35,0.0,0.0,0.0,,,True
1790748000,2026-09-30T06:00:00Z,มวกเหล็ก,175,0.0,0.0,0.0,,,True
1790748000,2026-09-30T06:00:00Z,บ้านเขว้า,124,0.0,0.0,0.0,,,True
1790748000,2026-09-30T06:00:00Z,คอนสวรรค์,113,0.0,0.0,0.0,,,True
1790748000,2026-09-30T06:00:00Z,เมืองชัยภูมิ,358,0.0,0.0,0.0,,,True
1790748000,2026-09-30T06:00:00Z,วังทอง,425,0.0,0.0,0.0,,,True
1790748000,2026-09-30T06:00:00Z,เนินมะปราง,276,0.0,0.0,0.0,,,True
1790748000,2026-09-30T06:00:00Z,สวรรคโลก,156,0.0,0.0,0.0,,,True
1790748000,2026-09-30T06:00:00Z,ศรีนคร,46,0.0,0.0,0.0,,,True
1790748000,2026-09-30T06:00:00Z,หันคา,139,0.0,0.0,0.0,,,True
1790748000,2026-09-30T06:00:00Z,ศรีสัชนาลัย,534,0.0,0.0,0.0,,,True
1790748000,2026-09-30T06:00:00Z,หนองมะโมง,76,0.0,0.0,0.0,,,True
1790748000,2026-09-30T06:00:00Z,ศรีสำโรง,142,0.0,0.0,0.0,,,True
1790748000,2026-09-30T06:00:00Z,สรรพยา,55,0.0,0.0,0.0,,,True
1790748000,2026-09-30T06:00:00Z,คีรีมาศ,171,0.0,0.0,0.0,,,True
1790748000,2026-09-30T06:00:00Z,สรรคบุรี,89,0.0,0.0,0.0,,,True
1790748000,2026-09-30T06:00:00Z,กงไกรลาศ,108,0.0,0.0,0.0,,,True
1790748000,2026-09-30T06:00:00Z,มโนรมย์,66,0.0,0.0,0.0,,,True
1790748000,2026-09-30T06:00:00Z,เมืองสุโขทัย,136,0.0,0.0,0.0,,,True
1790748000,2026-09-30T06:00:00Z,วัดสิงห์,67,0.0,0.0,0.0,,,True
1790748000,2026-09-30T06:00:00Z,บ้านด่านลานหอย,231,0.0,0.0,0.0,,,True
1790748000,2026-09-30T06:00:00Z,เมืองชัยนาท,70,0.0,0.0,0.0,,,True
1790748000,2026-09-30T06:00:00Z,เนินขาม,65,0.0,0.0,0.0,,,True
1790748000,2026-09-30T06:00:00Z,คอนสาร,334,0.003,0.196,0.021,,15,True
1790748000,2026-09-30T06:00:00Z,ภักดีชุมพล,154,0.0,0.0,0.0,,,True
1790748000,2026-09-30T06:00:00Z,บ้านแท่น,76,0.0,0.0,0.0,,,True
1790748000,2026-09-30T06:00:00Z,แก้งคร้อ,168,0.0,0.0,0.0,,,True
1790748000,2026-09-30T06:00:00Z,ภูเขียว,201,0.0,0.0,0.0,,,True
1790748000,2026-09-30T06:00:00Z,หนองบัวระเหว,179,0.0,0.0,0.0,,,True
1790748000,2026-09-30T06:00:00Z,เทพสถิต,239,0.0,0.0,0.0,,,True
1790748000,2026-09-30T06:00:00Z,จัตุรัส,172,0.0,0.0,0.0,,,True
1790748000,2026-09-30T06:00:00Z,บำเหน็จณรงค์,120,0.0,0.0,0.0,,,True
1790748000,2026-09-30T06:00:00Z,เกษตรสมบูรณ์,268,0.003,0.196,0.0224,,15,True
1790748000,2026-09-30T06:00:00Z,หนองบัวแดง,537,0.0,0.0,0.0,,,True
1790748000,2026-09-30T06:00:00Z,ภูเรือ,168,0.0,0.0,0.0,,,True
1790748000,2026-09-30T06:00:00Z,ท่าลี่,171,0.0,0.0,0.0,,,True
1790748000,2026-09-30T06:00:00Z,วชิรบารมี,68,0.0,0.0,0.0,,,True
1790748000,2026-09-30T06:00:00Z,ด่านซ้าย,341,0.0,0.0,0.0,,,True
1790748000,2026-09-30T06:00:00Z,นาแห้ว,153,0.0,0.0,0.0,,,True
1790748000,2026-09-30T06:00:00Z,บึงนาราง,74,0.0,0.0,0.0,,,True
1790748000,2026-09-30T06:00:00Z,เชียงคาน,213,0.0,0.0,0.0,,,True
1790748000,2026-09-30T06:00:00Z,ดงเจริญ,56,0.0,0.0,0.0,,,True
1790748000,2026-09-30T06:00:00Z,ปากชม,240,0.0,0.0,0.0,,,True
1790748000,2026-09-30T06:00:00Z,เมืองเลย,314,0.0,0.0,0.0,,,True
1790748000,2026-09-30T06:00:00Z,นาด้วง,143,0.0,0.0,0.0,,,True
1790748000,2026-09-30T06:00:00Z,สากเหล็ก,45,0.0,0.0,0.0,,,True
1790748000,2026-09-30T06:00:00Z,สามง่าม,89,0.0,0.0,0.0,,,True
1790748000,2026-09-30T06:00:00Z,ทับคล้อ,104,0.0,0.0,0.0,,,True
1790748000,2026-09-30T06:00:00Z,พรหมพิราม,206,0.0,0.0,0.0,,,True
1790748000,2026-09-30T06:00:00Z,ด่านขุนทด,344,0.0,0.0,0.0,,,True
1790748000,2026-09-30T06:00:00Z,วัดโบสถ์,226,0.0,0.0,0.0,,,True
1790748000,2026-09-30T06:00:00Z,บางระกำ,246,0.0,0.0,0.0,,,True
1790748000,2026-09-30T06:00:00Z,บางกระทุ่ม,91,0.0,0.0,0.0,,,True
1790748000,2026-09-30T06:00:00Z,นครไทย,597,0.0,0.0,0.0,,,True
1790748000,2026-09-30T06:00:00Z,ชาติตระการ,415,0.0,0.0,0.0,,,True
1790748000,2026-09-30T06:00:00Z,บ้านเหลื่อม,55,0.0,0.0,0.0,,,True
1790748000,2026-09-30T06:00:00Z,เมืองพิษณุโลก,178,0.0,0.0,0.0,,,True
1790748000,2026-09-30T06:00:00Z,ชุมแสง,145,0.0,0.0,0.0,,,True
1790748000,2026-09-30T06:00:00Z,หนองบัว,208,0.0,0.0,0.0,,,True
1790748000,2026-09-30T06:00:00Z,เมืองนครสวรรค์,183,0.0,0.0,0.0,,,True
1790748000,2026-09-30T06:00:00Z,โกรกพระ,71,0.0,0.0,0.0,,,True
1790748000,2026-09-30T06:00:00Z,ไพศาลี,244,0.0,0.0,0.0,,,True
1790748000,2026-09-30T06:00:00Z,ตาคลี,206,0.0,0.0,0.0,,,True
1790748000,2026-09-30T06:00:00Z,ท่าตะโก,211,0.0,0.0,0.0,,,True
1790748000,2026-09-30T06:00:00Z,เขาค้อ,207,0.0,0.0,0.0,,,True
1790748000,2026-09-30T06:00:00Z,บรรพตพิสัย,181,0.0,0.0,0.0,,,True
1790748000,2026-09-30T06:00:00Z,เก้าเลี้ยว,57,0.0,0.0,0.0,,,True
1790748000,2026-09-30T06:00:00Z,วังโป่ง,123,0.0,0.0,0.0,,,True
1790748000,2026-09-30T06:00:00Z,บึงสามพัน,194,0.0,0.0,0.0,,,True
1790748000,2026-09-30T06:00:00Z,น้ำหนาว,231,0.0,0.0,0.0,,,True
1790748000,2026-09-30T06:00:00Z,ศรีเทพ,204,0.0,0.0,0.0,,,True
1790748000,2026-09-30T06:00:00Z,หนองไผ่,315,0.0,0.0,0.0,,,True
1790748000,2026-09-30T06:00:00Z,มหาราช,4,0.0,0.0,0.0,,,False
1790748000,2026-09-30T06:00:00Z,บ้านแพรก,10,0.0,0.0,0.0,,,True
1790748000,2026-09-30T06:00:00Z,บางมูลนาก,99,0.0,0.0,0.0,,,True
1790748000,2026-09-30T06:00:00Z,โพทะเล,131,0.0,0.0,0.0,,,True
1790748000,2026-09-30T06:00:00Z,โพธิ์ประทับช้าง,102,0.0,0.0,0.0,,,True
1790748000,2026-09-30T06:00:00Z,ตะพานหิน,109,0.0,0.0,0.0,,,True
1790748000,2026-09-30T06:00:00Z,เมืองพิจิตร,138,0.0,0.0,0.0,,,True
1790748000,2026-09-30T06:00:00Z,วังทรายพูน,66,0.0,0.0,0.0,,,True
1790748900,2026-09-30T06:15:00Z,พิชัย,176,0.0,0.0,0.0,,,True
1790748900,2026-09-30T06:15:00Z,ลับแล,116,0.0,0.0,0.0,,,True
1790748900,2026-09-30T06:15:00Z,ฟากท่า,163,0.0,0.0,0.0,,,True
1790748900,2026-09-30T06:15:00Z,บ้านโคก,247,0.0,0.0,0.0,,,True
1790748900,2026-09-30T06:15:00Z,ท่าปลา,442,0.004,0.196,0.0249,,15,True
1790748900,2026-09-30T06:15:00Z,น้ำปาด,363,0.0,0.0,0.0,,,True
1790748900,2026-09-30T06:15:00Z,เมืองอุตรดิตถ์,202,0.0,0.0,0.0,,,True
1790748900,2026-09-30T06:15:00Z,ตรอน,80,0.0,0.0,0.0,,,True
1790748900,2026-09-30T06:15:00Z,หล่มเก่า,246,0.0,0.0,0.0,,,True
1790748900,2026-09-30T06:15:00Z,วิเชียรบุรี,377,0.0,0.0,0.0,,,True
1790748900,2026-09-30T06:15:00Z,ชนแดน,279,0.0,0.0,0.0,,,True
1790748900,2026-09-30T06:15:00Z,หล่มสัก,350,0.0,0.0,0.0,,,True
1790748900,2026-09-30T06:15:00Z,เมืองเพชรบูรณ์,571,0.0,0.0,0.0,,,True
1790748900,2026-09-30T06:15:00Z,ทองแสนขัน,185,0.0,0.0,0.0,,,True
1790748900,2026-09-30T06:15:00Z,บึงสามัคคี,71,0.0,0.0,0.0,,,True
1790748900,2026-09-30T06:15:00Z,โกสัมพีนคร,137,0.005,0.294,0.0219,,15,True
1790748900,2026-09-30T06:15:00Z,สอง,380,0.0,0.0,0.0,,,True
1790748900,2026-09-30T06:15:00Z,วังชิ้น,255,0.0,0.0,0.0,,,True
1790748900,2026-09-30T06:15:00Z,สูงเม่น,88,0.0,0.0,0.0,,,True
1790748900,2026-09-30T06:15:00Z,เด่นชัย,135,0.0,0.0,0.0,,,True
1790748900,2026-09-30T06:15:00Z,ร้องกวาง,221,0.0,0.0,0.0,,,True
1790748900,2026-09-30T06:15:00Z,ลอง,317,0.0,0.0,0.0,,,True
1790748900,2026-09-30T06:15:00Z,เมืองแพร่,205,0.0,0.0,0.0,,,True
1790748900,2026-09-30T06:15:00Z,ทัพทัน,94,0.0,0.0,0.0,,,True
1790748900,2026-09-30T06:15:00Z,สว่างอารมณ์,110,0.0,0.0,0.0,,,True
1790748900,2026-09-30T06:15:00Z,เมืองอุทัยธานี,59,0.0,0.0,0.0,,,True
1790748900,2026-09-30T06:15:00Z,ห้วยคต,94,0.0,0.0,0.0,,,True
1790748900,2026-09-30T06:15:00Z,ศรีสวัสดิ์,440,0.0,0.0,0.0,,,True
1790748900,2026-09-30T06:15:00Z,บ้านไร่,821,0.0,0.0,0.0,,,True
1790748900,2026-09-30T06:15:00Z,ลานสัก,360,0.0,0.0,0.0,,,True
1790748900,2026-09-30T06:15:00Z,หนองฉาง,89,0.0,0.0,0.0,,,True
1790748900,2026-09-30T06:15:00Z,หนองขาหย่าง,43,0.0,0.0,0.0,,,True
1790748900,2026-09-30T06:15:00Z,เชียงม่วน,82,0.0,0.0,0.0,,,True
1790748900,2026-09-30T06:15:00Z,ดอกคำใต้,37,0.0,0.0,0.0,,,True
1790748900,2026-09-30T06:15:00Z,เมืองพะเยา,6,0.0,0.0,0.0,,,True
1790748900,2026-09-30T06:15:00Z,ทองผาภูมิ,851,0.001,0.196,0.0047,,30,True
1790748900,2026-09-30T06:15:00Z,สังขละบุรี,793,0.0,0.0,0.0,,,True
1790748900,2026-09-30T06:15:00Z,หนองม่วงไข่,35,0.0,0.0,0.0,,,True
1790748900,2026-09-30T06:15:00Z,ภูเวียง,81,0.0,0.0,0.0,,,True
1790748900,2026-09-30T06:15:00Z,มัญจาคีรี,50,0.0,0.0,0.0,,,True
1790748900,2026-09-30T06:15:00Z,หนองปรือ,104,0.0,0.0,0.0,,,True
1790748900,2026-09-30T06:15:00Z,เลาขวัญ,123,0.0,0.0,0.0,,,True
1790748900,2026-09-30T06:15:00Z,หนองนาคำ,43,0.0,0.0,0.0,,,True
1790748900,2026-09-30T06:15:00Z,โคกโพธิ์ไชย,65,0.0,0.0,0.0,,,True
1790748900,2026-09-30T06:15:00Z,บ้านหลวง,91,0.0,0.0,0.0,,,True
1790748900,2026-09-30T06:15:00Z,นาน้อย,266,0.0,0.098,0.0038,,45,True
1790748900,2026-09-30T06:15:00Z,ภูผาม่าน,74,0.0,0.0,0.0,,,True
1790748900,2026-09-30T06:15:00Z,เมืองน่าน,161,0.0,0.0,0.0,,,True
1790748900,2026-09-30T06:15:00Z,แม่จริม,262,0.0,0.0,0.0,,,True
1790748900,2026-09-30T06:15:00Z,เวียงเก่า,78,0.0,0.0,0.0,,,True
1790748900,2026-09-30T06:15:00Z,เมืองกำแพงเพชร,368,0.0,0.0,0.0,,,True
1790748900,2026-09-30T06:15:00Z,ไทรงาม,133,0.0,0.0,0.0,,,True
1790748900,2026-09-30T06:15:00Z,ปางศิลาทอง,186,0.0,0.0,0.0,,,True
1790748900,2026-09-30T06:15:00Z,ลานกระบือ,103,0.0,0.0,0.0,,,True
1790748900,2026-09-30T06:15:00Z,ทรายทองวัฒนา,53,0.0,0.0,0.0,,,True
1790748900,2026-09-30T06:15:00Z,คลองขลุง,179,0.0,0.0,0.0,,,True
1790748900,2026-09-30T06:15:00Z,พรานกระต่าย,252,0.0,0.0,0.0,,,True
1790748900,2026-09-30T06:15:00Z,คลองลาน,363,0.02,0.696,0.0689,,15,True
1790748900,2026-09-30T06:15:00Z,ขาณุวรลักษบุรี,296,0.0,0.0,0.0,,,True
1790748900,2026-09-30T06:15:00Z,ภูเพียง,113,0.0,0.0,0.0,,,True
1790748900,2026-09-30T06:15:00Z,นาหมื่น,245,0.0,0.0,0.0,,,True
1790748900,2026-09-30T06:15:00Z,เวียงสา,543,0.0,0.0,0.0,,,True
1790748900,2026-09-30T06:15:00Z,น้ำโสม,153,0.0,0.0,0.0,,,True
1790748900,2026-09-30T06:15:00Z,นายูง,126,0.0,0.0,0.0,,,True
1790748900,2026-09-30T06:15:00Z,ชุมแพ,173,0.0,0.0,0.0,,,True
1790748900,2026-09-30T06:15:00Z,สีชมพู,132,0.0,0.0,0.0,,,True
1790748900,2026-09-30T06:15:00Z,สุวรรณคูหา,140,0.0,0.0,0.0,,,True
1790748900,2026-09-30T06:15:00Z,นาวัง,65,0.0,0.0,0.0,,,True
1790748900,2026-09-30T06:15:00Z,หนองเรือ,80,0.0,0.0,0.0,,,True
1790748900,2026-09-30T06:15:00Z,โนนสัง,51,0.0,0.0,0.0,,,True
1790748900,2026-09-30T06:15:00Z,ศรีบุญเรือง,224,0.0,0.0,0.0,,,True
1790748900,2026-09-30T06:15:00Z,เมืองหนองบัวลำภู,217,0.0,0.0,0.0,,,True
1790748900,2026-09-30T06:15:00Z,นากลาง,173,0.0,0.0,0.0,,,True
1790748900,2026-09-30T06:15:00Z,ทุ่งเสลี่ยม,144,0.0,0.0,0.0,,,True
1790748900,2026-09-30T06:15:00Z,ดอยหล่อ,56,0.0,0.0,0.0,,,True
1790748900,2026-09-30T06:15:00Z,เมืองตาก,486,0.0,0.0,0.0,,,True
1790748900,2026-09-30T06:15:00Z,แม่ออน,116,0.0,0.0,0.0,,,True
1790748900,2026-09-30T06:15:00Z,อุ้มผาง,1209,0.0,0.0,0.0,,,True
1790748900,2026-09-30T06:15:00Z,วังเจ้า,183,0.0,0.0,0.0,,,True
1790748900,2026-09-30T06:15:00Z,แม่สอด,398,0.0,0.0,0.0,,,True
1790748900,2026-09-30T06:15:00Z,พบพระ,249,0.0,0.0,0.0,,,True
1790748900,2026-09-30T06:15:00Z,แม่ระมาด,380,0.0,0.0,0.0,,,True
1790748900,2026-09-30T06:15:00Z,ท่าสองยาง,401,0.0,0.0,0.0,,,True
1790748900,2026-09-30T06:15:00Z,บ้านตาก,255,0.0,0.0,0.0,,,True
1790748900,2026-09-30T06:15:00Z,สามเงา,698,0.0,0.0,0.0,,,True
1790748900,2026-09-30T06:15:00Z,จอมทอง,280,0.0,0.0,0.0,,,True
1790748900,2026-09-30T06:15:00Z,แก้งสนามนาง,79,0.0,0.0,0.0,,,True
1790748900,2026-09-30T06:15:00Z,สีคิ้ว,292,0.0,0.0,0.0,,,True
1790748900,2026-09-30T06:15:00Z,พระทองคำ,90,0.0,0.0,0.0,,,True
1790748900,2026-09-30T06:15:00Z,เทพารักษ์,92,0.0,0.0,0.0,,,True
1790748900,2026-09-30T06:15:00Z,สันกำแพง,65,0.0,0.0,0.0,,,True
1790748900,2026-09-30T06:15:00Z,สันป่าตอง,44,0.0,0.0,0.0,,,True
1790748900,2026-09-30T06:15:00Z,ดอยเต่า,213,0.0,0.0,0.0,,,True
1790748900,2026-09-30T06:15:00Z,อมก๋อย,704,0.0,0.0,0.0,,,True
1790748900,2026-09-30T06:15:00Z,ฮอด,378,0.0,0.0,0.0,,,True
1790748900,2026-09-30T06:15:00Z,เมืองลำพูน,117,0.0,0.0,0.0,,,True
1790748900,2026-09-30T06:15:00Z,แม่ทา,192,0.0,0.0,0.0,,,True
1790748900,2026-09-30T06:15:00Z,บ้านธิ,34,0.0,0.0,0.0,,,True
1790748900,2026-09-30T06:15:00Z,บ้านหมอ,24,0.0,0.0,0.0,,,True
1790748900,2026-09-30T06:15:00Z,เวียงหนองล่อง,14,0.0,0.0,0.0,,,True
1790748900,2026-09-30T06:15:00Z,ทุ่งหัวช้าง,113,0.0,0.0,0.0,,,True
1790748900,2026-09-30T06:15:00Z,ป่าซาง,74,0.0,0.0,0.0,,,True
1790748900,2026-09-30T06:15:00Z,บ้านโฮ่ง,124,0.0,0.0,0.0,,,True
1790748900,2026-09-30T06:15:00Z,แก่งคอย,73,0.0,0.0,0.0,,,True
1790748900,2026-09-30T06:15:00Z,ลี้,454,0.0,0.0,0.0,,,True
1790748900,2026-09-30T06:15:00Z,พระพุทธบาท,55,0.0,0.0,0.0,,,True
1790748900,2026-09-30T06:15:00Z,ดอนพุด,7,0.0,0.0,0.0,,,True
1790748900,2026-09-30T06:15:00Z,หนองโดน,31,0.0,0.0,0.0,,,True
1790748900,2026-09-30T06:15:00Z,เมืองลำปาง,300,0.0,0.0,0.0,,,True
1790748900,2026-09-30T06:15:00Z,เถิน,443,0.0,0.196,0.0023,,105,True
1790748900,2026-09-30T06:15:00Z,แม่พริก,167,0.0,0.0,0.0,,,True
1790748900,2026-09-30T06:15:00Z,แจ้ห่ม,274,0.0,0.0,0.0,,,True
1790748900,2026-09-30T06:15:00Z,แม่เปิน,85,0.003,0.098,0.0353,,15,True
1790748900,2026-09-30T06:15:00Z,เสริมงาม,185,0.0,0.0,0.0,,,True
1790748900,2026-09-30T06:15:00Z,ชุมตาบง,61,0.0,0.0,0.0,,,True
1790748900,2026-09-30T06:15:00Z,งาว,344,0.0,0.0,0.0,,,True
1790748900,2026-09-30T06:15:00Z,ตากฟ้า,125,0.0,0.0,0.0,,,True
1790748900,2026-09-30T06:15:00Z,แม่เมาะ,283,0.0,0.0,0.0,,,True
1790748900,2026-09-30T06:15:00Z,แม่วงก์,257,0.0,0.0,0.0,,,True
1790748900,2026-09-30T06:15:00Z,เกาะคา,128,0.0,0.0,0.0,,,True
1790748900,2026-09-30T06:15:00Z,พยุหะคีรี,169,0.0,0.0,0.0,,,True
1790748900,2026-09-30T06:15:00Z,ลาดยาว,187,0.0,0.0,0.0,,,True
1790748900,2026-09-30T06:15:00Z,สบปราบ,125,0.0,0.0,0.0,,,True
1790748900,2026-09-30T06:15:00Z,ห้างฉัตร,154,0.0,0.0,0.0,,,True
1790748900,2026-09-30T06:15:00Z,แม่ทะ,203,0.0,0.0,0.0,,,True
1790748900,2026-09-30T06:15:00Z,เมืองปาน,202,0.0,0.0,0.0,,,True
1790748900,2026-09-30T06:15:00Z,เมืองอ่างทอง,6,0.0,0.0,0.0,,,True
1790748900,2026-09-30T06:15:00Z,ไชโย,20,0.0,0.0,0.0,,,True
1790748900,2026-09-30T06:15:00Z,สามโก้,10,0.0,0.0,0.0,,,True
1790748900,2026-09-30T06:15:00Z,แสวงหา,43,0.0,0.0,0.0,,,True
1790748900,2026-09-30T06:15:00Z,วิเศษชัยชาญ,7,0.0,0.0,0.0,,,True
1790748900,2026-09-30T06:15:00Z,โพธิ์ทอง,48,0.0,0.0,0.0,,,True
1790748900,2026-09-30T06:15:00Z,เมืองลพบุรี,190,0.0,0.0,0.0,,,True
1790748900,2026-09-30T06:15:00Z,เดิมบางนางบวช,130,0.0,0.0,0.0,,,True
1790748900,2026-09-30T06:15:00Z,ด่านช้าง,309,0.0,0.0,0.0,,,True
1790748900,2026-09-30T06:15:00Z,หนองม่วง,111,0.0,0.0,0.0,,,True
1790748900,2026-09-30T06:15:00Z,ลำสนธิ,136,0.0,0.0,0.0,,,True
1790748900,2026-09-30T06:15:00Z,สามชุก,77,0.0,0.0,0.0,,,True
1790748900,2026-09-30T06:15:00Z,ดอนเจดีย์,72,0.0,0.0,0.0,,,True
1790748900,2026-09-30T06:15:00Z,สระโบสถ์,83,0.0,0.0,0.0,,,True
1790748900,2026-09-30T06:15:00Z,ศรีประจันต์,41,0.0,0.0,0.0,,,True
1790748900,2026-09-30T06:15:00Z,โคกเจริญ,135,0.0,0.0,0.0,,,True
1790748900,2026-09-30T06:15:00Z,บ้านหมี่,136,0.0,0.0,0.0,,,True
1790748900,2026-09-30T06:15:00Z,ท่าหลวง,100,0.0,0.0,0.0,,,True
1790748900,2026-09-30T06:15:00Z,ชัยบาดาล,280,0.0,0.0,0.0,,,True
1790748900,2026-09-30T06:15:00Z,ท่าวุ้ง,64,0.0,0.0,0.0,,,True
1790748900,2026-09-30T06:15:00Z,พัฒนานิคม,217,0.0,0.0,0.0,,,True
1790748900,2026-09-30T06:15:00Z,โคกสำโรง,180,0.0,0.0,0.0,,,True
1790748900,2026-09-30T06:15:00Z,หนองหญ้าไซ,108,0.0,0.0,0.0,,,True
1790748900,2026-09-30T06:15:00Z,ท่าช้าง,11,0.0,0.0,0.0,,,True
1790748900,2026-09-30T06:15:00Z,อินทร์บุรี,66,0.0,0.0,0.0,,,True
1790748900,2026-09-30T06:15:00Z,ค่ายบางระจัน,26,0.0,0.0,0.0,,,True
1790748900,2026-09-30T06:15:00Z,พรหมบุรี,19,0.0,0.0,0.0,,,True
1790748900,2026-09-30T06:15:00Z,เนินสง่า,65,0.0,0.0,0.0,,,True
1790748900,2026-09-30T06:15:00Z,เมืองสิงห์บุรี,31,0.0,0.0,0.0,,,True
1790748900,2026-09-30T06:15:00Z,ซับใหญ่,72,0.0,0.0,0.0,,,True
1790748900,2026-09-30T06:15:00Z,บางระจัน,46,0.0,0.0,0.0,,,True
1790748900,2026-09-30T06:15:00Z,ภูกระดึง,190,0.0,0.0,0.0,,,True
1790748900,2026-09-30T06:15:00Z,ภูหลวง,145,0.0,0.0,0.0,,,True
1790748900,2026-09-30T06:15:00Z,หนองหิน,78,0.0,0.0,0.0,,,True
1790748900,2026-09-30T06:15:00Z,ผาขาว,100,0.0,0.0,0.0,,,True
1790748900,2026-09-30T06:15:00Z,เอราวัณ,87,0.0,0.0,0.0,,,True
1790748900,2026-09-30T06:15:00Z,วังสะพุง,281,0.0,0.0,0.0,,,True
1790748900,2026-09-30T06:15:00Z,วังม่วง,70,0.0,0.0,0.0,,,True
1790748900,2026-09-30T06:15:00Z,เฉลิมพระเกียรติ,35,0.0,0.0,0.0,,,True
1790748900,2026-09-30T06:15:00Z,มวกเหล็ก,175,0.0,0.0,0.0,,,True
1790748900,2026-09-30T06:15:00Z,บ้านเขว้า,124,0.0,0.0,0.0,,,True
1790748900,2026-09-30T06:15:00Z,คอนสวรรค์,113,0.0,0.0,0.0,,,True
1790748900,2026-09-30T06:15:00Z,เมืองชัยภูมิ,358,0.0,0.0,0.0,,,True
1790748900,2026-09-30T06:15:00Z,วังทอง,425,0.0,0.0,0.0,,,True
1790748900,2026-09-30T06:15:00Z,เนินมะปราง,276,0.0,0.0,0.0,,,True
1790748900,2026-09-30T06:15:00Z,สวรรคโลก,156,0.0,0.0,0.0,,,True
1790748900,2026-09-30T06:15:00Z,ศรีนคร,46,0.0,0.0,0.0,,,True
1790748900,2026-09-30T06:15:00Z,หันคา,139,0.0,0.0,0.0,,,True
1790748900,2026-09-30T06:15:00Z,ศรีสัชนาลัย,534,0.002,0.294,0.0094,,30,True
1790748900,2026-09-30T06:15:00Z,หนองมะโมง,76,0.0,0.0,0.0,,,True
1790748900,2026-09-30T06:15:00Z,ศรีสำโรง,142,0.0,0.0,0.0,,,True
1790748900,2026-09-30T06:15:00Z,สรรพยา,55,0.0,0.0,0.0,,,True
1790748900,2026-09-30T06:15:00Z,คีรีมาศ,171,0.0,0.0,0.0,,,True
1790748900,2026-09-30T06:15:00Z,สรรคบุรี,89,0.0,0.0,0.0,,,True
1790748900,2026-09-30T06:15:00Z,กงไกรลาศ,108,0.0,0.0,0.0,,,True
1790748900,2026-09-30T06:15:00Z,มโนรมย์,66,0.0,0.0,0.0,,,True
1790748900,2026-09-30T06:15:00Z,เมืองสุโขทัย,136,0.0,0.0,0.0,,,True
1790748900,2026-09-30T06:15:00Z,วัดสิงห์,67,0.0,0.0,0.0,,,True
1790748900,2026-09-30T06:15:00Z,บ้านด่านลานหอย,231,0.0,0.0,0.0,,,True
1790748900,2026-09-30T06:15:00Z,เมืองชัยนาท,70,0.0,0.0,0.0,,,True
1790748900,2026-09-30T06:15:00Z,เนินขาม,65,0.0,0.0,0.0,,,True
1790748900,2026-09-30T06:15:00Z,คอนสาร,334,0.003,0.294,0.015,,15,True
1790748900,2026-09-30T06:15:00Z,ภักดีชุมพล,154,0.0,0.0,0.0,,,True
1790748900,2026-09-30T06:15:00Z,บ้านแท่น,76,0.0,0.0,0.0,,,True
1790748900,2026-09-30T06:15:00Z,แก้งคร้อ,168,0.0,0.0,0.0,,,True
1790748900,2026-09-30T06:15:00Z,ภูเขียว,201,0.0,0.0,0.0,,,True
1790748900,2026-09-30T06:15:00Z,หนองบัวระเหว,179,0.0,0.0,0.0,,,True
1790748900,2026-09-30T06:15:00Z,เทพสถิต,239,0.0,0.0,0.0,,,True
1790748900,2026-09-30T06:15:00Z,จัตุรัส,172,0.0,0.0,0.0,,,True
1790748900,2026-09-30T06:15:00Z,บำเหน็จณรงค์,120,0.0,0.0,0.0,,,True
1790748900,2026-09-30T06:15:00Z,เกษตรสมบูรณ์,268,0.001,0.098,0.0112,,60,True
1790748900,2026-09-30T06:15:00Z,หนองบัวแดง,537,0.0,0.0,0.0,,,True
1790748900,2026-09-30T06:15:00Z,ภูเรือ,168,0.0,0.0,0.0,,,True
1790748900,2026-09-30T06:15:00Z,ท่าลี่,171,0.0,0.0,0.0,,,True
1790748900,2026-09-30T06:15:00Z,วชิรบารมี,68,0.0,0.0,0.0,,,True
1790748900,2026-09-30T06:15:00Z,ด่านซ้าย,341,0.0,0.0,0.0,,,True
1790748900,2026-09-30T06:15:00Z,นาแห้ว,153,0.0,0.0,0.0,,,True
1790748900,2026-09-30T06:15:00Z,บึงนาราง,74,0.0,0.0,0.0,,,True
1790748900,2026-09-30T06:15:00Z,เชียงคาน,213,0.0,0.0,0.0,,,True
1790748900,2026-09-30T06:15:00Z,ดงเจริญ,56,0.0,0.0,0.0,,,True
1790748900,2026-09-30T06:15:00Z,ปากชม,240,0.0,0.0,0.0,,,True
1790748900,2026-09-30T06:15:00Z,เมืองเลย,314,0.0,0.0,0.0,,,True
1790748900,2026-09-30T06:15:00Z,นาด้วง,143,0.0,0.0,0.0,,,True
1790748900,2026-09-30T06:15:00Z,สากเหล็ก,45,0.0,0.0,0.0,,,True
1790748900,2026-09-30T06:15:00Z,สามง่าม,89,0.0,0.0,0.0,,,True
1790748900,2026-09-30T06:15:00Z,ทับคล้อ,104,0.0,0.0,0.0,,,True
1790748900,2026-09-30T06:15:00Z,พรหมพิราม,206,0.0,0.0,0.0,,,True
1790748900,2026-09-30T06:15:00Z,ด่านขุนทด,344,0.0,0.0,0.0,,,True
1790748900,2026-09-30T06:15:00Z,วัดโบสถ์,226,0.0,0.0,0.0,,,True
1790748900,2026-09-30T06:15:00Z,บางระกำ,246,0.0,0.0,0.0,,,True
1790748900,2026-09-30T06:15:00Z,บางกระทุ่ม,91,0.0,0.0,0.0,,,True
1790748900,2026-09-30T06:15:00Z,นครไทย,597,0.0,0.0,0.0,,,True
1790748900,2026-09-30T06:15:00Z,ชาติตระการ,415,0.0,0.0,0.0,,,True
1790748900,2026-09-30T06:15:00Z,บ้านเหลื่อม,55,0.0,0.0,0.0,,,True
1790748900,2026-09-30T06:15:00Z,เมืองพิษณุโลก,178,0.0,0.0,0.0,,,True
1790748900,2026-09-30T06:15:00Z,ชุมแสง,145,0.0,0.0,0.0,,,True
1790748900,2026-09-30T06:15:00Z,หนองบัว,208,0.0,0.0,0.0,,,True
1790748900,2026-09-30T06:15:00Z,เมืองนครสวรรค์,183,0.0,0.0,0.0,,,True
1790748900,2026-09-30T06:15:00Z,โกรกพระ,71,0.0,0.0,0.0,,,True
1790748900,2026-09-30T06:15:00Z,ไพศาลี,244,0.0,0.0,0.0,,,True
1790748900,2026-09-30T06:15:00Z,ตาคลี,206,0.0,0.0,0.0,,,True
1790748900,2026-09-30T06:15:00Z,ท่าตะโก,211,0.0,0.0,0.0,,,True
1790748900,2026-09-30T06:15:00Z,เขาค้อ,207,0.0,0.0,0.0,,,True
1790748900,2026-09-30T06:15:00Z,บรรพตพิสัย,181,0.0,0.0,0.0,,,True
1790748900,2026-09-30T06:15:00Z,เก้าเลี้ยว,57,0.0,0.0,0.0,,,True
1790748900,2026-09-30T06:15:00Z,วังโป่ง,123,0.0,0.0,0.0,,,True
1790748900,2026-09-30T06:15:00Z,บึงสามพัน,194,0.0,0.0,0.0,,,True
1790748900,2026-09-30T06:15:00Z,น้ำหนาว,231,0.0,0.0,0.0,,,True
1790748900,2026-09-30T06:15:00Z,ศรีเทพ,204,0.0,0.0,0.0,,,True
1790748900,2026-09-30T06:15:00Z,หนองไผ่,315,0.0,0.0,0.0,,,True
1790748900,2026-09-30T06:15:00Z,มหาราช,4,0.0,0.0,0.0,,,False
1790748900,2026-09-30T06:15:00Z,บ้านแพรก,10,0.0,0.0,0.0,,,True
1790748900,2026-09-30T06:15:00Z,บางมูลนาก,99,0.0,0.0,0.0,,,True
1790748900,2026-09-30T06:15:00Z,โพทะเล,131,0.0,0.0,0.0,,,True
1790748900,2026-09-30T06:15:00Z,โพธิ์ประทับช้าง,102,0.0,0.0,0.0,,,True
1790748900,2026-09-30T06:15:00Z,ตะพานหิน,109,0.0,0.0,0.0,,,True
1790748900,2026-09-30T06:15:00Z,เมืองพิจิตร,138,0.0,0.0,0.0,,,True
1790748900,2026-09-30T06:15:00Z,วังทรายพูน,66,0.0,0.0,0.0,,,True
1790749800,2026-09-30T06:30:00Z,พิชัย,176,0.0,0.0,0.0,,,True
1790749800,2026-09-30T06:30:00Z,ลับแล,116,0.0,0.0,0.0,,,True
1790749800,2026-09-30T06:30:00Z,ฟากท่า,163,0.0,0.0,0.0,,,True
1790749800,2026-09-30T06:30:00Z,บ้านโคก,247,0.0,0.0,0.0,,,True
1790749800,2026-09-30T06:30:00Z,ท่าปลา,442,0.0,0.0,0.0,,,True
1790749800,2026-09-30T06:30:00Z,น้ำปาด,363,0.0,0.0,0.0,,,True
1790749800,2026-09-30T06:30:00Z,เมืองอุตรดิตถ์,202,0.0,0.0,0.0,,,True
1790749800,2026-09-30T06:30:00Z,ตรอน,80,0.0,0.0,0.0,,,True
1790749800,2026-09-30T06:30:00Z,หล่มเก่า,246,0.0,0.0,0.0,,,True
1790749800,2026-09-30T06:30:00Z,วิเชียรบุรี,377,0.0,0.0,0.0,,,True
1790749800,2026-09-30T06:30:00Z,ชนแดน,279,0.0,0.0,0.0,,,True
1790749800,2026-09-30T06:30:00Z,หล่มสัก,350,0.0,0.0,0.0,,,True
1790749800,2026-09-30T06:30:00Z,เมืองเพชรบูรณ์,571,0.0,0.0,0.0,,,True
1790749800,2026-09-30T06:30:00Z,ทองแสนขัน,185,0.0,0.0,0.0,,,True
1790749800,2026-09-30T06:30:00Z,บึงสามัคคี,71,0.0,0.0,0.0,,,True
1790749800,2026-09-30T06:30:00Z,โกสัมพีนคร,137,0.004,0.196,0.0219,,60,True
1790749800,2026-09-30T06:30:00Z,สอง,380,0.0,0.0,0.0,,,True
1790749800,2026-09-30T06:30:00Z,วังชิ้น,255,0.0,0.0,0.0,,,True
1790749800,2026-09-30T06:30:00Z,สูงเม่น,88,0.0,0.0,0.0,,,True
1790749800,2026-09-30T06:30:00Z,เด่นชัย,135,0.0,0.0,0.0,,,True
1790749800,2026-09-30T06:30:00Z,ร้องกวาง,221,0.0,0.0,0.0,,,True
1790749800,2026-09-30T06:30:00Z,ลอง,317,0.0,0.0,0.0,,,True
1790749800,2026-09-30T06:30:00Z,เมืองแพร่,205,0.0,0.098,0.0049,,15,True
1790749800,2026-09-30T06:30:00Z,ทัพทัน,94,0.0,0.0,0.0,,,True
1790749800,2026-09-30T06:30:00Z,สว่างอารมณ์,110,0.0,0.0,0.0,,,True
1790749800,2026-09-30T06:30:00Z,เมืองอุทัยธานี,59,0.0,0.0,0.0,,,True
1790749800,2026-09-30T06:30:00Z,ห้วยคต,94,0.0,0.0,0.0,,,True
1790749800,2026-09-30T06:30:00Z,ศรีสวัสดิ์,440,0.0,0.0,0.0,,,True
1790749800,2026-09-30T06:30:00Z,บ้านไร่,821,0.0,0.098,0.0049,,30,True
1790749800,2026-09-30T06:30:00Z,ลานสัก,360,0.0,0.0,0.0,,,True
1790749800,2026-09-30T06:30:00Z,หนองฉาง,89,0.0,0.0,0.0,,,True
1790749800,2026-09-30T06:30:00Z,หนองขาหย่าง,43,0.0,0.0,0.0,,,True
1790749800,2026-09-30T06:30:00Z,เชียงม่วน,82,0.0,0.0,0.0,,,True
1790749800,2026-09-30T06:30:00Z,ดอกคำใต้,37,0.0,0.0,0.0,,,True
1790749800,2026-09-30T06:30:00Z,เมืองพะเยา,6,0.0,0.0,0.0,,,True
1790749800,2026-09-30T06:30:00Z,ทองผาภูมิ,851,0.0,0.0,0.0,,,True
1790749800,2026-09-30T06:30:00Z,สังขละบุรี,793,0.0,0.0,0.0,,,True
1790749800,2026-09-30T06:30:00Z,หนองม่วงไข่,35,0.0,0.0,0.0,,,True
1790749800,2026-09-30T06:30:00Z,ภูเวียง,81,0.0,0.0,0.0,,,True
1790749800,2026-09-30T06:30:00Z,มัญจาคีรี,50,0.0,0.0,0.0,,,True
1790749800,2026-09-30T06:30:00Z,หนองปรือ,104,0.0,0.0,0.0,,,True
1790749800,2026-09-30T06:30:00Z,เลาขวัญ,123,0.0,0.0,0.0,,,True
1790749800,2026-09-30T06:30:00Z,หนองนาคำ,43,0.0,0.0,0.0,,,True
1790749800,2026-09-30T06:30:00Z,โคกโพธิ์ไชย,65,0.0,0.0,0.0,,,True
1790749800,2026-09-30T06:30:00Z,บ้านหลวง,91,0.0,0.0,0.0,,,True
1790749800,2026-09-30T06:30:00Z,นาน้อย,266,0.0,0.0,0.0,,,True
1790749800,2026-09-30T06:30:00Z,ภูผาม่าน,74,0.0,0.0,0.0,,,True
1790749800,2026-09-30T06:30:00Z,เมืองน่าน,161,0.0,0.0,0.0,,,True
1790749800,2026-09-30T06:30:00Z,แม่จริม,262,0.0,0.0,0.0,,,True
1790749800,2026-09-30T06:30:00Z,เวียงเก่า,78,0.0,0.0,0.0,,,True
1790749800,2026-09-30T06:30:00Z,เมืองกำแพงเพชร,368,0.0,0.0,0.0,,,True
1790749800,2026-09-30T06:30:00Z,ไทรงาม,133,0.0,0.0,0.0,,,True
1790749800,2026-09-30T06:30:00Z,ปางศิลาทอง,186,0.0,0.0,0.0,,,True
1790749800,2026-09-30T06:30:00Z,ลานกระบือ,103,0.0,0.0,0.0,,,True
1790749800,2026-09-30T06:30:00Z,ทรายทองวัฒนา,53,0.0,0.0,0.0,,,True
1790749800,2026-09-30T06:30:00Z,คลองขลุง,179,0.0,0.0,0.0,,,True
1790749800,2026-09-30T06:30:00Z,พรานกระต่าย,252,0.0,0.0,0.0,,,True
1790749800,2026-09-30T06:30:00Z,คลองลาน,363,0.004,0.294,0.0193,,15,True
1790749800,2026-09-30T06:30:00Z,ขาณุวรลักษบุรี,296,0.0,0.0,0.0,,,True
1790749800,2026-09-30T06:30:00Z,ภูเพียง,113,0.0,0.0,0.0,,,True
1790749800,2026-09-30T06:30:00Z,นาหมื่น,245,0.004,0.098,0.0367,,45,True
1790749800,2026-09-30T06:30:00Z,เวียงสา,543,0.0,0.0,0.0,,,True
1790749800,2026-09-30T06:30:00Z,น้ำโสม,153,0.0,0.0,0.0,,,True
1790749800,2026-09-30T06:30:00Z,นายูง,126,0.0,0.0,0.0,,,True
1790749800,2026-09-30T06:30:00Z,ชุมแพ,173,0.0,0.0,0.0,,,True
1790749800,2026-09-30T06:30:00Z,สีชมพู,132,0.0,0.0,0.0,,,True
1790749800,2026-09-30T06:30:00Z,สุวรรณคูหา,140,0.0,0.0,0.0,,,True
1790749800,2026-09-30T06:30:00Z,นาวัง,65,0.0,0.0,0.0,,,True
1790749800,2026-09-30T06:30:00Z,หนองเรือ,80,0.0,0.0,0.0,,,True
1790749800,2026-09-30T06:30:00Z,โนนสัง,51,0.0,0.0,0.0,,,True
1790749800,2026-09-30T06:30:00Z,ศรีบุญเรือง,224,0.0,0.0,0.0,,,True
1790749800,2026-09-30T06:30:00Z,เมืองหนองบัวลำภู,217,0.0,0.0,0.0,,,True
1790749800,2026-09-30T06:30:00Z,นากลาง,173,0.0,0.0,0.0,,,True
1790749800,2026-09-30T06:30:00Z,ทุ่งเสลี่ยม,144,0.0,0.0,0.0,,,True
1790749800,2026-09-30T06:30:00Z,ดอยหล่อ,56,0.0,0.0,0.0,,,True
1790749800,2026-09-30T06:30:00Z,เมืองตาก,486,0.0,0.0,0.0,,,True
1790749800,2026-09-30T06:30:00Z,แม่ออน,116,0.0,0.0,0.0,,,True
1790749800,2026-09-30T06:30:00Z,อุ้มผาง,1209,0.0,0.0,0.0,,,True
1790749800,2026-09-30T06:30:00Z,วังเจ้า,183,0.0,0.0,0.0,,,True
1790749800,2026-09-30T06:30:00Z,แม่สอด,398,0.0,0.0,0.0,,,True
1790749800,2026-09-30T06:30:00Z,พบพระ,249,0.0,0.0,0.0,,,True
1790749800,2026-09-30T06:30:00Z,แม่ระมาด,380,0.0,0.0,0.0,,,True
1790749800,2026-09-30T06:30:00Z,ท่าสองยาง,401,0.0,0.0,0.0,,,True
1790749800,2026-09-30T06:30:00Z,บ้านตาก,255,0.0,0.0,0.0,,,True
1790749800,2026-09-30T06:30:00Z,สามเงา,698,0.0,0.0,0.0,,,True
1790749800,2026-09-30T06:30:00Z,จอมทอง,280,0.0,0.0,0.0,,,True
1790749800,2026-09-30T06:30:00Z,แก้งสนามนาง,79,0.0,0.0,0.0,,,True
1790749800,2026-09-30T06:30:00Z,สีคิ้ว,292,0.0,0.0,0.0,,,True
1790749800,2026-09-30T06:30:00Z,พระทองคำ,90,0.0,0.0,0.0,,,True
1790749800,2026-09-30T06:30:00Z,เทพารักษ์,92,0.0,0.0,0.0,,,True
1790749800,2026-09-30T06:30:00Z,สันกำแพง,65,0.0,0.0,0.0,,,True
1790749800,2026-09-30T06:30:00Z,สันป่าตอง,44,0.0,0.0,0.0,,,True
1790749800,2026-09-30T06:30:00Z,ดอยเต่า,213,0.0,0.0,0.0,,,True
1790749800,2026-09-30T06:30:00Z,อมก๋อย,704,0.0,0.0,0.0,,,True
1790749800,2026-09-30T06:30:00Z,ฮอด,378,0.0,0.0,0.0,,,True
1790749800,2026-09-30T06:30:00Z,เมืองลำพูน,117,0.0,0.0,0.0,,,True
1790749800,2026-09-30T06:30:00Z,แม่ทา,192,0.0,0.0,0.0,,,True
1790749800,2026-09-30T06:30:00Z,บ้านธิ,34,0.0,0.0,0.0,,,True
1790749800,2026-09-30T06:30:00Z,บ้านหมอ,24,0.0,0.0,0.0,,,True
1790749800,2026-09-30T06:30:00Z,เวียงหนองล่อง,14,0.0,0.0,0.0,,,True
1790749800,2026-09-30T06:30:00Z,ทุ่งหัวช้าง,113,0.0,0.0,0.0,,,True
1790749800,2026-09-30T06:30:00Z,ป่าซาง,74,0.0,0.0,0.0,,,True
1790749800,2026-09-30T06:30:00Z,บ้านโฮ่ง,124,0.0,0.0,0.0,,,True
1790749800,2026-09-30T06:30:00Z,แก่งคอย,73,0.0,0.0,0.0,,,True
1790749800,2026-09-30T06:30:00Z,ลี้,454,0.0,0.0,0.0,,,True
1790749800,2026-09-30T06:30:00Z,พระพุทธบาท,55,0.0,0.0,0.0,,,True
1790749800,2026-09-30T06:30:00Z,ดอนพุด,7,0.0,0.0,0.0,,,True
1790749800,2026-09-30T06:30:00Z,หนองโดน,31,0.0,0.0,0.0,,,True
1790749800,2026-09-30T06:30:00Z,เมืองลำปาง,300,0.0,0.0,0.0,,,True
1790749800,2026-09-30T06:30:00Z,เถิน,443,0.0,0.0,0.0,,,True
1790749800,2026-09-30T06:30:00Z,แม่พริก,167,0.0,0.0,0.0,,,True
1790749800,2026-09-30T06:30:00Z,แจ้ห่ม,274,0.0,0.0,0.0,,,True
1790749800,2026-09-30T06:30:00Z,แม่เปิน,85,0.0,0.0,0.0,,,True
1790749800,2026-09-30T06:30:00Z,เสริมงาม,185,0.0,0.0,0.0,,,True
1790749800,2026-09-30T06:30:00Z,ชุมตาบง,61,0.0,0.0,0.0,,,True
1790749800,2026-09-30T06:30:00Z,งาว,344,0.0,0.0,0.0,,,True
1790749800,2026-09-30T06:30:00Z,ตากฟ้า,125,0.0,0.0,0.0,,,True
1790749800,2026-09-30T06:30:00Z,แม่เมาะ,283,0.0,0.0,0.0,,,True
1790749800,2026-09-30T06:30:00Z,แม่วงก์,257,0.0,0.0,0.0,,,True
1790749800,2026-09-30T06:30:00Z,เกาะคา,128,0.0,0.0,0.0,,,True
1790749800,2026-09-30T06:30:00Z,พยุหะคีรี,169,0.0,0.0,0.0,,,True
1790749800,2026-09-30T06:30:00Z,ลาดยาว,187,0.0,0.0,0.0,,,True
1790749800,2026-09-30T06:30:00Z,สบปราบ,125,0.0,0.0,0.0,,,True
1790749800,2026-09-30T06:30:00Z,ห้างฉัตร,154,0.0,0.0,0.0,,,True
1790749800,2026-09-30T06:30:00Z,แม่ทะ,203,0.0,0.0,0.0,,,True
1790749800,2026-09-30T06:30:00Z,เมืองปาน,202,0.0,0.0,0.0,,,True
1790749800,2026-09-30T06:30:00Z,เมืองอ่างทอง,6,0.0,0.0,0.0,,,True
1790749800,2026-09-30T06:30:00Z,ไชโย,20,0.0,0.0,0.0,,,True
1790749800,2026-09-30T06:30:00Z,สามโก้,10,0.0,0.0,0.0,,,True
1790749800,2026-09-30T06:30:00Z,แสวงหา,43,0.0,0.0,0.0,,,True
1790749800,2026-09-30T06:30:00Z,วิเศษชัยชาญ,7,0.0,0.0,0.0,,,True
1790749800,2026-09-30T06:30:00Z,โพธิ์ทอง,48,0.0,0.0,0.0,,,True
1790749800,2026-09-30T06:30:00Z,เมืองลพบุรี,190,0.0,0.0,0.0,,,True
1790749800,2026-09-30T06:30:00Z,เดิมบางนางบวช,130,0.0,0.0,0.0,,,True
1790749800,2026-09-30T06:30:00Z,ด่านช้าง,309,0.0,0.0,0.0,,,True
1790749800,2026-09-30T06:30:00Z,หนองม่วง,111,0.0,0.0,0.0,,,True
1790749800,2026-09-30T06:30:00Z,ลำสนธิ,136,0.0,0.0,0.0,,,True
1790749800,2026-09-30T06:30:00Z,สามชุก,77,0.0,0.0,0.0,,,True
1790749800,2026-09-30T06:30:00Z,ดอนเจดีย์,72,0.0,0.0,0.0,,,True
1790749800,2026-09-30T06:30:00Z,สระโบสถ์,83,0.0,0.0,0.0,,,True
1790749800,2026-09-30T06:30:00Z,ศรีประจันต์,41,0.0,0.0,0.0,,,True
1790749800,2026-09-30T06:30:00Z,โคกเจริญ,135,0.0,0.0,0.0,,,True
1790749800,2026-09-30T06:30:00Z,บ้านหมี่,136,0.0,0.0,0.0,,,True
1790749800,2026-09-30T06:30:00Z,ท่าหลวง,100,0.0,0.0,0.0,,,True
1790749800,2026-09-30T06:30:00Z,ชัยบาดาล,280,0.0,0.0,0.0,,,True
1790749800,2026-09-30T06:30:00Z,ท่าวุ้ง,64,0.0,0.0,0.0,,,True
1790749800,2026-09-30T06:30:00Z,พัฒนานิคม,217,0.0,0.0,0.0,,,True
1790749800,2026-09-30T06:30:00Z,โคกสำโรง,180,0.0,0.0,0.0,,,True
1790749800,2026-09-30T06:30:00Z,หนองหญ้าไซ,108,0.0,0.0,0.0,,,True
1790749800,2026-09-30T06:30:00Z,ท่าช้าง,11,0.0,0.0,0.0,,,True
1790749800,2026-09-30T06:30:00Z,อินทร์บุรี,66,0.0,0.0,0.0,,,True
1790749800,2026-09-30T06:30:00Z,ค่ายบางระจัน,26,0.0,0.0,0.0,,,True
1790749800,2026-09-30T06:30:00Z,พรหมบุรี,19,0.0,0.0,0.0,,,True
1790749800,2026-09-30T06:30:00Z,เนินสง่า,65,0.0,0.0,0.0,,,True
1790749800,2026-09-30T06:30:00Z,เมืองสิงห์บุรี,31,0.0,0.0,0.0,,,True
1790749800,2026-09-30T06:30:00Z,ซับใหญ่,72,0.0,0.0,0.0,,,True
1790749800,2026-09-30T06:30:00Z,บางระจัน,46,0.0,0.0,0.0,,,True
1790749800,2026-09-30T06:30:00Z,ภูกระดึง,190,0.0,0.0,0.0,,,True
1790749800,2026-09-30T06:30:00Z,ภูหลวง,145,0.0,0.0,0.0,,,True
1790749800,2026-09-30T06:30:00Z,หนองหิน,78,0.0,0.0,0.0,,,True
1790749800,2026-09-30T06:30:00Z,ผาขาว,100,0.0,0.0,0.0,,,True
1790749800,2026-09-30T06:30:00Z,เอราวัณ,87,0.0,0.0,0.0,,,True
1790749800,2026-09-30T06:30:00Z,วังสะพุง,281,0.0,0.0,0.0,,,True
1790749800,2026-09-30T06:30:00Z,วังม่วง,70,0.0,0.0,0.0,,,True
1790749800,2026-09-30T06:30:00Z,เฉลิมพระเกียรติ,35,0.0,0.0,0.0,,,True
1790749800,2026-09-30T06:30:00Z,มวกเหล็ก,175,0.0,0.0,0.0,,,True
1790749800,2026-09-30T06:30:00Z,บ้านเขว้า,124,0.0,0.0,0.0,,,True
1790749800,2026-09-30T06:30:00Z,คอนสวรรค์,113,0.0,0.0,0.0,,,True
1790749800,2026-09-30T06:30:00Z,เมืองชัยภูมิ,358,0.0,0.0,0.0,,,True
1790749800,2026-09-30T06:30:00Z,วังทอง,425,0.0,0.0,0.0,,,True
1790749800,2026-09-30T06:30:00Z,เนินมะปราง,276,0.0,0.0,0.0,,,True
1790749800,2026-09-30T06:30:00Z,สวรรคโลก,156,0.0,0.0,0.0,,,True
1790749800,2026-09-30T06:30:00Z,ศรีนคร,46,0.0,0.0,0.0,,,True
1790749800,2026-09-30T06:30:00Z,หันคา,139,0.0,0.0,0.0,,,True
1790749800,2026-09-30T06:30:00Z,ศรีสัชนาลัย,534,0.0,0.098,0.0037,,60,True
1790749800,2026-09-30T06:30:00Z,หนองมะโมง,76,0.0,0.0,0.0,,,True
1790749800,2026-09-30T06:30:00Z,ศรีสำโรง,142,0.0,0.0,0.0,,,True
1790749800,2026-09-30T06:30:00Z,สรรพยา,55,0.0,0.0,0.0,,,True
1790749800,2026-09-30T06:30:00Z,คีรีมาศ,171,0.0,0.0,0.0,,,True
1790749800,2026-09-30T06:30:00Z,สรรคบุรี,89,0.0,0.0,0.0,,,True
1790749800,2026-09-30T06:30:00Z,กงไกรลาศ,108,0.0,0.0,0.0,,,True
1790749800,2026-09-30T06:30:00Z,มโนรมย์,66,0.0,0.0,0.0,,,True
1790749800,2026-09-30T06:30:00Z,เมืองสุโขทัย,136,0.0,0.0,0.0,,,True
1790749800,2026-09-30T06:30:00Z,วัดสิงห์,67,0.0,0.0,0.0,,,True
1790749800,2026-09-30T06:30:00Z,บ้านด่านลานหอย,231,0.0,0.0,0.0,,,True
1790749800,2026-09-30T06:30:00Z,เมืองชัยนาท,70,0.0,0.0,0.0,,,True
1790749800,2026-09-30T06:30:00Z,เนินขาม,65,0.0,0.0,0.0,,,True
1790749800,2026-09-30T06:30:00Z,คอนสาร,334,0.006,0.196,0.0389,,15,True
1790749800,2026-09-30T06:30:00Z,ภักดีชุมพล,154,0.0,0.0,0.0,,,True
1790749800,2026-09-30T06:30:00Z,บ้านแท่น,76,0.0,0.0,0.0,,,True
1790749800,2026-09-30T06:30:00Z,แก้งคร้อ,168,0.0,0.0,0.0,,,True
1790749800,2026-09-30T06:30:00Z,ภูเขียว,201,0.0,0.0,0.0,,,True
1790749800,2026-09-30T06:30:00Z,หนองบัวระเหว,179,0.0,0.0,0.0,,,True
1790749800,2026-09-30T06:30:00Z,เทพสถิต,239,0.0,0.0,0.0,,,True
1790749800,2026-09-30T06:30:00Z,จัตุรัส,172,0.0,0.0,0.0,,,True
1790749800,2026-09-30T06:30:00Z,บำเหน็จณรงค์,120,0.0,0.0,0.0,,,True
1790749800,2026-09-30T06:30:00Z,เกษตรสมบูรณ์,268,0.0,0.0,0.0,,,True
1790749800,2026-09-30T06:30:00Z,หนองบัวแดง,537,0.0,0.0,0.0,,,True
1790749800,2026-09-30T06:30:00Z,ภูเรือ,168,0.0,0.0,0.0,,,True
1790749800,2026-09-30T06:30:00Z,ท่าลี่,171,0.0,0.0,0.0,,,True
1790749800,2026-09-30T06:30:00Z,วชิรบารมี,68,0.0,0.0,0.0,,,True
1790749800,2026-09-30T06:30:00Z,ด่านซ้าย,341,0.0,0.0,0.0,,,True
1790749800,2026-09-30T06:30:00Z,นาแห้ว,153,0.0,0.0,0.0,,,True
1790749800,2026-09-30T06:30:00Z,บึงนาราง,74,0.0,0.0,0.0,,,True
1790749800,2026-09-30T06:30:00Z,เชียงคาน,213,0.0,0.0,0.0,,,True
1790749800,2026-09-30T06:30:00Z,ดงเจริญ,56,0.0,0.0,0.0,,,True
1790749800,2026-09-30T06:30:00Z,ปากชม,240,0.0,0.0,0.0,,,True
1790749800,2026-09-30T06:30:00Z,เมืองเลย,314,0.0,0.0,0.0,,,True
1790749800,2026-09-30T06:30:00Z,นาด้วง,143,0.0,0.0,0.0,,,True
1790749800,2026-09-30T06:30:00Z,สากเหล็ก,45,0.0,0.0,0.0,,,True
1790749800,2026-09-30T06:30:00Z,สามง่าม,89,0.0,0.0,0.0,,,True
1790749800,2026-09-30T06:30:00Z,ทับคล้อ,104,0.0,0.0,0.0,,,True
1790749800,2026-09-30T06:30:00Z,พรหมพิราม,206,0.0,0.0,0.0,,,True
1790749800,2026-09-30T06:30:00Z,ด่านขุนทด,344,0.0,0.0,0.0,,,True
1790749800,2026-09-30T06:30:00Z,วัดโบสถ์,226,0.0,0.0,0.0,,,True
1790749800,2026-09-30T06:30:00Z,บางระกำ,246,0.0,0.0,0.0,,,True
1790749800,2026-09-30T06:30:00Z,บางกระทุ่ม,91,0.0,0.0,0.0,,,True
1790749800,2026-09-30T06:30:00Z,นครไทย,597,0.0,0.0,0.0,,,True
1790749800,2026-09-30T06:30:00Z,ชาติตระการ,415,0.0,0.0,0.0,,,True
1790749800,2026-09-30T06:30:00Z,บ้านเหลื่อม,55,0.0,0.0,0.0,,,True
1790749800,2026-09-30T06:30:00Z,เมืองพิษณุโลก,178,0.0,0.0,0.0,,,True
1790749800,2026-09-30T06:30:00Z,ชุมแสง,145,0.0,0.0,0.0,,,True
1790749800,2026-09-30T06:30:00Z,หนองบัว,208,0.0,0.0,0.0,,,True
1790749800,2026-09-30T06:30:00Z,เมืองนครสวรรค์,183,0.0,0.0,0.0,,,True
1790749800,2026-09-30T06:30:00Z,โกรกพระ,71,0.0,0.0,0.0,,,True
1790749800,2026-09-30T06:30:00Z,ไพศาลี,244,0.0,0.0,0.0,,,True
1790749800,2026-09-30T06:30:00Z,ตาคลี,206,0.0,0.0,0.0,,,True
1790749800,2026-09-30T06:30:00Z,ท่าตะโก,211,0.0,0.0,0.0,,,True
1790749800,2026-09-30T06:30:00Z,เขาค้อ,207,0.0,0.0,0.0,,,True
1790749800,2026-09-30T06:30:00Z,บรรพตพิสัย,181,0.0,0.0,0.0,,,True
1790749800,2026-09-30T06:30:00Z,เก้าเลี้ยว,57,0.0,0.0,0.0,,,True
1790749800,2026-09-30T06:30:00Z,วังโป่ง,123,0.0,0.0,0.0,,,True
1790749800,2026-09-30T06:30:00Z,บึงสามพัน,194,0.0,0.0,0.0,,,True
1790749800,2026-09-30T06:30:00Z,น้ำหนาว,231,0.0,0.0,0.0,,,True
1790749800,2026-09-30T06:30:00Z,ศรีเทพ,204,0.0,0.0,0.0,,,True
1790749800,2026-09-30T06:30:00Z,หนองไผ่,315,0.0,0.0,0.0,,,True
1790749800,2026-09-30T06:30:00Z,มหาราช,4,0.0,0.0,0.0,,,False
1790749800,2026-09-30T06:30:00Z,บ้านแพรก,10,0.0,0.0,0.0,,,True
1790749800,2026-09-30T06:30:00Z,บางมูลนาก,99,0.0,0.0,0.0,,,True
1790749800,2026-09-30T06:30:00Z,โพทะเล,131,0.0,0.0,0.0,,,True
1790749800,2026-09-30T06:30:00Z,โพธิ์ประทับช้าง,102,0.0,0.0,0.0,,,True
1790749800,2026-09-30T06:30:00Z,ตะพานหิน,109,0.0,0.0,0.0,,,True
1790749800,2026-09-30T06:30:00Z,เมืองพิจิตร,138,0.0,0.0,0.0,,,True
1790749800,2026-09-30T06:30:00Z,วังทรายพูน,66,0.0,0.0,0.0,,,True
1790750700,2026-09-30T06:45:00Z,พิชัย,176,0.0,0.0,0.0,,,True
1790750700,2026-09-30T06:45:00Z,ลับแล,116,0.0,0.0,0.0,,,True
1790750700,2026-09-30T06:45:00Z,ฟากท่า,163,0.0,0.0,0.0,,,True
1790750700,2026-09-30T06:45:00Z,บ้านโคก,247,0.0,0.0,0.0,,,True
1790750700,2026-09-30T06:45:00Z,ท่าปลา,442,0.0,0.0,0.0,,,True
1790750700,2026-09-30T06:45:00Z,น้ำปาด,363,0.0,0.0,0.0,,,True
1790750700,2026-09-30T06:45:00Z,เมืองอุตรดิตถ์,202,0.0,0.0,0.0,,,True
1790750700,2026-09-30T06:45:00Z,ตรอน,80,0.0,0.0,0.0,,,True
1790750700,2026-09-30T06:45:00Z,หล่มเก่า,246,0.0,0.0,0.0,,,True
1790750700,2026-09-30T06:45:00Z,วิเชียรบุรี,377,0.0,0.0,0.0,,,True
1790750700,2026-09-30T06:45:00Z,ชนแดน,279,0.0,0.0,0.0,,,True
1790750700,2026-09-30T06:45:00Z,หล่มสัก,350,0.0,0.0,0.0,,,True
1790750700,2026-09-30T06:45:00Z,เมืองเพชรบูรณ์,571,0.0,0.0,0.0,,,True
1790750700,2026-09-30T06:45:00Z,ทองแสนขัน,185,0.0,0.0,0.0,,,True
1790750700,2026-09-30T06:45:00Z,บึงสามัคคี,71,0.0,0.0,0.0,,,True
1790750700,2026-09-30T06:45:00Z,โกสัมพีนคร,137,0.004,0.196,0.0292,,45,True
1790750700,2026-09-30T06:45:00Z,สอง,380,0.0,0.0,0.0,,,True
1790750700,2026-09-30T06:45:00Z,วังชิ้น,255,0.0,0.0,0.0,,,True
1790750700,2026-09-30T06:45:00Z,สูงเม่น,88,0.0,0.0,0.0,,,True
1790750700,2026-09-30T06:45:00Z,เด่นชัย,135,0.0,0.0,0.0,,,True
1790750700,2026-09-30T06:45:00Z,ร้องกวาง,221,0.0,0.0,0.0,,,True
1790750700,2026-09-30T06:45:00Z,ลอง,317,0.0,0.0,0.0,,,True
1790750700,2026-09-30T06:45:00Z,เมืองแพร่,205,0.0,0.0,0.0,,,True
1790750700,2026-09-30T06:45:00Z,ทัพทัน,94,0.0,0.0,0.0,,,True
1790750700,2026-09-30T06:45:00Z,สว่างอารมณ์,110,0.0,0.0,0.0,,,True
1790750700,2026-09-30T06:45:00Z,เมืองอุทัยธานี,59,0.0,0.0,0.0,,,True
1790750700,2026-09-30T06:45:00Z,ห้วยคต,94,0.0,0.0,0.0,,,True
1790750700,2026-09-30T06:45:00Z,ศรีสวัสดิ์,440,0.0,0.0,0.0,,,True
1790750700,2026-09-30T06:45:00Z,บ้านไร่,821,0.002,0.201,0.0183,,15,True
1790750700,2026-09-30T06:45:00Z,ลานสัก,360,0.002,0.201,0.0167,,90,True
1790750700,2026-09-30T06:45:00Z,หนองฉาง,89,0.0,0.0,0.0,,,True
1790750700,2026-09-30T06:45:00Z,หนองขาหย่าง,43,0.0,0.0,0.0,,,True
1790750700,2026-09-30T06:45:00Z,เชียงม่วน,82,0.0,0.0,0.0,,,True
1790750700,2026-09-30T06:45:00Z,ดอกคำใต้,37,0.0,0.0,0.0,,,True
1790750700,2026-09-30T06:45:00Z,เมืองพะเยา,6,0.0,0.0,0.0,,,True
1790750700,2026-09-30T06:45:00Z,ทองผาภูมิ,851,0.0,0.0,0.0,,,True
1790750700,2026-09-30T06:45:00Z,สังขละบุรี,793,0.0,0.0,0.0,,,True
1790750700,2026-09-30T06:45:00Z,หนองม่วงไข่,35,0.0,0.0,0.0,,,True
1790750700,2026-09-30T06:45:00Z,ภูเวียง,81,0.0,0.0,0.0,,,True
1790750700,2026-09-30T06:45:00Z,มัญจาคีรี,50,0.0,0.0,0.0,,,True
1790750700,2026-09-30T06:45:00Z,หนองปรือ,104,0.0,0.0,0.0,,,True
1790750700,2026-09-30T06:45:00Z,เลาขวัญ,123,0.0,0.0,0.0,,,True
1790750700,2026-09-30T06:45:00Z,หนองนาคำ,43,0.0,0.0,0.0,,,True
1790750700,2026-09-30T06:45:00Z,โคกโพธิ์ไชย,65,0.0,0.0,0.0,,,True
1790750700,2026-09-30T06:45:00Z,บ้านหลวง,91,0.0,0.0,0.0,,,True
1790750700,2026-09-30T06:45:00Z,นาน้อย,266,0.004,0.098,0.0414,,75,True
1790750700,2026-09-30T06:45:00Z,ภูผาม่าน,74,0.0,0.0,0.0,,,True
1790750700,2026-09-30T06:45:00Z,เมืองน่าน,161,0.0,0.0,0.0,,,True
1790750700,2026-09-30T06:45:00Z,แม่จริม,262,0.0,0.0,0.0,,,True
1790750700,2026-09-30T06:45:00Z,เวียงเก่า,78,0.0,0.0,0.0,,,True
1790750700,2026-09-30T06:45:00Z,เมืองกำแพงเพชร,368,0.0,0.098,0.0027,,90,True
1790750700,2026-09-30T06:45:00Z,ไทรงาม,133,0.0,0.0,0.0,,,True
1790750700,2026-09-30T06:45:00Z,ปางศิลาทอง,186,0.0,0.0,0.0,,,True
1790750700,2026-09-30T06:45:00Z,ลานกระบือ,103,0.0,0.0,0.0,,,True
1790750700,2026-09-30T06:45:00Z,ทรายทองวัฒนา,53,0.0,0.0,0.0,,,True
1790750700,2026-09-30T06:45:00Z,คลองขลุง,179,0.0,0.0,0.0,,,True
1790750700,2026-09-30T06:45:00Z,พรานกระต่าย,252,0.0,0.0,0.0,,,True
1790750700,2026-09-30T06:45:00Z,คลองลาน,363,0.0,0.098,0.0028,,15,True
1790750700,2026-09-30T06:45:00Z,ขาณุวรลักษบุรี,296,0.0,0.0,0.0,,,True
1790750700,2026-09-30T06:45:00Z,ภูเพียง,113,0.0,0.0,0.0,,,True
1790750700,2026-09-30T06:45:00Z,นาหมื่น,245,0.008,0.098,0.0776,,15,True
1790750700,2026-09-30T06:45:00Z,เวียงสา,543,0.0,0.0,0.0,,,True
1790750700,2026-09-30T06:45:00Z,น้ำโสม,153,0.0,0.0,0.0,,,True
1790750700,2026-09-30T06:45:00Z,นายูง,126,0.0,0.0,0.0,,,True
1790750700,2026-09-30T06:45:00Z,ชุมแพ,173,0.001,0.098,0.0116,,60,True
1790750700,2026-09-30T06:45:00Z,สีชมพู,132,0.0,0.0,0.0,,,True
1790750700,2026-09-30T06:45:00Z,สุวรรณคูหา,140,0.0,0.0,0.0,,,True
1790750700,2026-09-30T06:45:00Z,นาวัง,65,0.0,0.0,0.0,,,True
1790750700,2026-09-30T06:45:00Z,หนองเรือ,80,0.0,0.0,0.0,,,True
1790750700,2026-09-30T06:45:00Z,โนนสัง,51,0.0,0.0,0.0,,,True
1790750700,2026-09-30T06:45:00Z,ศรีบุญเรือง,224,0.0,0.0,0.0,,,True
1790750700,2026-09-30T06:45:00Z,เมืองหนองบัวลำภู,217,0.0,0.0,0.0,,,True
1790750700,2026-09-30T06:45:00Z,นากลาง,173,0.0,0.0,0.0,,,True
1790750700,2026-09-30T06:45:00Z,ทุ่งเสลี่ยม,144,0.0,0.0,0.0,,,True
1790750700,2026-09-30T06:45:00Z,ดอยหล่อ,56,0.0,0.0,0.0,,,True
1790750700,2026-09-30T06:45:00Z,เมืองตาก,486,0.0,0.0,0.0,,,True
1790750700,2026-09-30T06:45:00Z,แม่ออน,116,0.0,0.0,0.0,,,True
1790750700,2026-09-30T06:45:00Z,อุ้มผาง,1209,0.0,0.0,0.0,,,True
1790750700,2026-09-30T06:45:00Z,วังเจ้า,183,0.001,0.098,0.0109,,45,True
1790750700,2026-09-30T06:45:00Z,แม่สอด,398,0.0,0.0,0.0,,,True
1790750700,2026-09-30T06:45:00Z,พบพระ,249,0.0,0.0,0.0,,,True
1790750700,2026-09-30T06:45:00Z,แม่ระมาด,380,0.0,0.0,0.0,,,True
1790750700,2026-09-30T06:45:00Z,ท่าสองยาง,401,0.0,0.0,0.0,,,True
1790750700,2026-09-30T06:45:00Z,บ้านตาก,255,0.0,0.0,0.0,,,True
1790750700,2026-09-30T06:45:00Z,สามเงา,698,0.0,0.0,0.0,,,True
1790750700,2026-09-30T06:45:00Z,จอมทอง,280,0.0,0.0,0.0,,,True
1790750700,2026-09-30T06:45:00Z,แก้งสนามนาง,79,0.0,0.0,0.0,,,True
1790750700,2026-09-30T06:45:00Z,สีคิ้ว,292,0.0,0.0,0.0,,,True
1790750700,2026-09-30T06:45:00Z,พระทองคำ,90,0.0,0.0,0.0,,,True
1790750700,2026-09-30T06:45:00Z,เทพารักษ์,92,0.0,0.0,0.0,,,True
1790750700,2026-09-30T06:45:00Z,สันกำแพง,65,0.0,0.0,0.0,,,True
1790750700,2026-09-30T06:45:00Z,สันป่าตอง,44,0.0,0.0,0.0,,,True
1790750700,2026-09-30T06:45:00Z,ดอยเต่า,213,0.0,0.0,0.0,,,True
1790750700,2026-09-30T06:45:00Z,อมก๋อย,704,0.0,0.0,0.0,,,True
1790750700,2026-09-30T06:45:00Z,ฮอด,378,0.0,0.0,0.0,,,True
1790750700,2026-09-30T06:45:00Z,เมืองลำพูน,117,0.0,0.0,0.0,,,True
1790750700,2026-09-30T06:45:00Z,แม่ทา,192,0.0,0.0,0.0,,,True
1790750700,2026-09-30T06:45:00Z,บ้านธิ,34,0.0,0.0,0.0,,,True
1790750700,2026-09-30T06:45:00Z,บ้านหมอ,24,0.0,0.0,0.0,,,True
1790750700,2026-09-30T06:45:00Z,เวียงหนองล่อง,14,0.0,0.0,0.0,,,True
1790750700,2026-09-30T06:45:00Z,ทุ่งหัวช้าง,113,0.0,0.0,0.0,,,True
1790750700,2026-09-30T06:45:00Z,ป่าซาง,74,0.0,0.0,0.0,,,True
1790750700,2026-09-30T06:45:00Z,บ้านโฮ่ง,124,0.0,0.0,0.0,,,True
1790750700,2026-09-30T06:45:00Z,แก่งคอย,73,0.0,0.0,0.0,,,True
1790750700,2026-09-30T06:45:00Z,ลี้,454,0.0,0.0,0.0,,,True
1790750700,2026-09-30T06:45:00Z,พระพุทธบาท,55,0.0,0.0,0.0,,,True
1790750700,2026-09-30T06:45:00Z,ดอนพุด,7,0.0,0.0,0.0,,,True
1790750700,2026-09-30T06:45:00Z,หนองโดน,31,0.0,0.0,0.0,,,True
1790750700,2026-09-30T06:45:00Z,เมืองลำปาง,300,0.0,0.0,0.0,,,True
1790750700,2026-09-30T06:45:00Z,เถิน,443,0.0,0.0,0.0,,,True
1790750700,2026-09-30T06:45:00Z,แม่พริก,167,0.0,0.0,0.0,,,True
1790750700,2026-09-30T06:45:00Z,แจ้ห่ม,274,0.0,0.0,0.0,,,True
1790750700,2026-09-30T06:45:00Z,แม่เปิน,85,0.0,0.0,0.0,,,True
1790750700,2026-09-30T06:45:00Z,เสริมงาม,185,0.0,0.0,0.0,,,True
1790750700,2026-09-30T06:45:00Z,ชุมตาบง,61,0.0,0.0,0.0,,,True
1790750700,2026-09-30T06:45:00Z,งาว,344,0.0,0.0,0.0,,,True
1790750700,2026-09-30T06:45:00Z,ตากฟ้า,125,0.0,0.0,0.0,,,True
1790750700,2026-09-30T06:45:00Z,แม่เมาะ,283,0.0,0.0,0.0,,,True
1790750700,2026-09-30T06:45:00Z,แม่วงก์,257,0.0,0.0,0.0,,,True
1790750700,2026-09-30T06:45:00Z,เกาะคา,128,0.0,0.0,0.0,,,True
1790750700,2026-09-30T06:45:00Z,พยุหะคีรี,169,0.0,0.0,0.0,,,True
1790750700,2026-09-30T06:45:00Z,ลาดยาว,187,0.0,0.0,0.0,,,True
1790750700,2026-09-30T06:45:00Z,สบปราบ,125,0.0,0.0,0.0,,,True
1790750700,2026-09-30T06:45:00Z,ห้างฉัตร,154,0.0,0.0,0.0,,,True
1790750700,2026-09-30T06:45:00Z,แม่ทะ,203,0.0,0.0,0.0,,,True
1790750700,2026-09-30T06:45:00Z,เมืองปาน,202,0.0,0.0,0.0,,,True
1790750700,2026-09-30T06:45:00Z,เมืองอ่างทอง,6,0.0,0.0,0.0,,,True
1790750700,2026-09-30T06:45:00Z,ไชโย,20,0.0,0.0,0.0,,,True
1790750700,2026-09-30T06:45:00Z,สามโก้,10,0.0,0.0,0.0,,,True
1790750700,2026-09-30T06:45:00Z,แสวงหา,43,0.0,0.0,0.0,,,True
1790750700,2026-09-30T06:45:00Z,วิเศษชัยชาญ,7,0.0,0.0,0.0,,,True
1790750700,2026-09-30T06:45:00Z,โพธิ์ทอง,48,0.0,0.0,0.0,,,True
1790750700,2026-09-30T06:45:00Z,เมืองลพบุรี,190,0.0,0.0,0.0,,,True
1790750700,2026-09-30T06:45:00Z,เดิมบางนางบวช,130,0.0,0.0,0.0,,,True
1790750700,2026-09-30T06:45:00Z,ด่านช้าง,309,0.0,0.098,0.0032,,15,True
1790750700,2026-09-30T06:45:00Z,หนองม่วง,111,0.0,0.0,0.0,,,True
1790750700,2026-09-30T06:45:00Z,ลำสนธิ,136,0.0,0.0,0.0,,,True
1790750700,2026-09-30T06:45:00Z,สามชุก,77,0.0,0.0,0.0,,,True
1790750700,2026-09-30T06:45:00Z,ดอนเจดีย์,72,0.0,0.0,0.0,,,True
1790750700,2026-09-30T06:45:00Z,สระโบสถ์,83,0.0,0.0,0.0,,,True
1790750700,2026-09-30T06:45:00Z,ศรีประจันต์,41,0.0,0.0,0.0,,,True
1790750700,2026-09-30T06:45:00Z,โคกเจริญ,135,0.0,0.0,0.0,,,True
1790750700,2026-09-30T06:45:00Z,บ้านหมี่,136,0.0,0.0,0.0,,,True
1790750700,2026-09-30T06:45:00Z,ท่าหลวง,100,0.0,0.0,0.0,,,True
1790750700,2026-09-30T06:45:00Z,ชัยบาดาล,280,0.0,0.0,0.0,,,True
1790750700,2026-09-30T06:45:00Z,ท่าวุ้ง,64,0.0,0.0,0.0,,,True
1790750700,2026-09-30T06:45:00Z,พัฒนานิคม,217,0.0,0.0,0.0,,,True
1790750700,2026-09-30T06:45:00Z,โคกสำโรง,180,0.0,0.0,0.0,,,True
1790750700,2026-09-30T06:45:00Z,หนองหญ้าไซ,108,0.0,0.0,0.0,,,True
1790750700,2026-09-30T06:45:00Z,ท่าช้าง,11,0.0,0.0,0.0,,,True
1790750700,2026-09-30T06:45:00Z,อินทร์บุรี,66,0.0,0.0,0.0,,,True
1790750700,2026-09-30T06:45:00Z,ค่ายบางระจัน,26,0.0,0.0,0.0,,,True
1790750700,2026-09-30T06:45:00Z,พรหมบุรี,19,0.0,0.0,0.0,,,True
1790750700,2026-09-30T06:45:00Z,เนินสง่า,65,0.0,0.0,0.0,,,True
1790750700,2026-09-30T06:45:00Z,เมืองสิงห์บุรี,31,0.0,0.0,0.0,,,True
1790750700,2026-09-30T06:45:00Z,ซับใหญ่,72,0.0,0.0,0.0,,,True
1790750700,2026-09-30T06:45:00Z,บางระจัน,46,0.0,0.0,0.0,,,True
1790750700,2026-09-30T06:45:00Z,ภูกระดึง,190,0.0,0.0,0.0,,,True
1790750700,2026-09-30T06:45:00Z,ภูหลวง,145,0.0,0.0,0.0,,,True
1790750700,2026-09-30T06:45:00Z,หนองหิน,78,0.0,0.0,0.0,,,True
1790750700,2026-09-30T06:45:00Z,ผาขาว,100,0.0,0.0,0.0,,,True
1790750700,2026-09-30T06:45:00Z,เอราวัณ,87,0.0,0.0,0.0,,,True
1790750700,2026-09-30T06:45:00Z,วังสะพุง,281,0.0,0.0,0.0,,,True
1790750700,2026-09-30T06:45:00Z,วังม่วง,70,0.0,0.0,0.0,,,True
1790750700,2026-09-30T06:45:00Z,เฉลิมพระเกียรติ,35,0.0,0.0,0.0,,,True
1790750700,2026-09-30T06:45:00Z,มวกเหล็ก,175,0.0,0.0,0.0,,,True
1790750700,2026-09-30T06:45:00Z,บ้านเขว้า,124,0.0,0.0,0.0,,,True
1790750700,2026-09-30T06:45:00Z,คอนสวรรค์,113,0.0,0.0,0.0,,,True
1790750700,2026-09-30T06:45:00Z,เมืองชัยภูมิ,358,0.0,0.0,0.0,,,True
1790750700,2026-09-30T06:45:00Z,วังทอง,425,0.0,0.0,0.0,,,True
1790750700,2026-09-30T06:45:00Z,เนินมะปราง,276,0.0,0.0,0.0,,,True
1790750700,2026-09-30T06:45:00Z,สวรรคโลก,156,0.0,0.0,0.0,,,True
1790750700,2026-09-30T06:45:00Z,ศรีนคร,46,0.0,0.0,0.0,,,True
1790750700,2026-09-30T06:45:00Z,หันคา,139,0.0,0.0,0.0,,,True
1790750700,2026-09-30T06:45:00Z,ศรีสัชนาลัย,534,0.0,0.098,0.0019,,75,True
1790750700,2026-09-30T06:45:00Z,หนองมะโมง,76,0.0,0.0,0.0,,,True
1790750700,2026-09-30T06:45:00Z,ศรีสำโรง,142,0.0,0.0,0.0,,,True
1790750700,2026-09-30T06:45:00Z,สรรพยา,55,0.0,0.0,0.0,,,True
1790750700,2026-09-30T06:45:00Z,คีรีมาศ,171,0.0,0.0,0.0,,,True
1790750700,2026-09-30T06:45:00Z,สรรคบุรี,89,0.0,0.0,0.0,,,True
1790750700,2026-09-30T06:45:00Z,กงไกรลาศ,108,0.0,0.0,0.0,,,True
1790750700,2026-09-30T06:45:00Z,มโนรมย์,66,0.0,0.0,0.0,,,True
1790750700,2026-09-30T06:45:00Z,เมืองสุโขทัย,136,0.0,0.0,0.0,,,True
1790750700,2026-09-30T06:45:00Z,วัดสิงห์,67,0.0,0.0,0.0,,,True
1790750700,2026-09-30T06:45:00Z,บ้านด่านลานหอย,231,0.0,0.0,0.0,,,True
1790750700,2026-09-30T06:45:00Z,เมืองชัยนาท,70,0.0,0.0,0.0,,,True
1790750700,2026-09-30T06:45:00Z,เนินขาม,65,0.0,0.0,0.0,,,True
1790750700,2026-09-30T06:45:00Z,คอนสาร,334,0.001,0.098,0.006,,30,True
1790750700,2026-09-30T06:45:00Z,ภักดีชุมพล,154,0.0,0.0,0.0,,,True
1790750700,2026-09-30T06:45:00Z,บ้านแท่น,76,0.0,0.0,0.0,,,True
1790750700,2026-09-30T06:45:00Z,แก้งคร้อ,168,0.0,0.0,0.0,,,True
1790750700,2026-09-30T06:45:00Z,ภูเขียว,201,0.0,0.0,0.0,,,True
1790750700,2026-09-30T06:45:00Z,หนองบัวระเหว,179,0.0,0.0,0.0,,,True
1790750700,2026-09-30T06:45:00Z,เทพสถิต,239,0.0,0.0,0.0,,,True
1790750700,2026-09-30T06:45:00Z,จัตุรัส,172,0.0,0.0,0.0,,,True
1790750700,2026-09-30T06:45:00Z,บำเหน็จณรงค์,120,0.0,0.0,0.0,,,True
1790750700,2026-09-30T06:45:00Z,เกษตรสมบูรณ์,268,0.0,0.0,0.0,,,True
1790750700,2026-09-30T06:45:00Z,หนองบัวแดง,537,0.0,0.0,0.0,,,True
1790750700,2026-09-30T06:45:00Z,ภูเรือ,168,0.0,0.0,0.0,,,True
1790750700,2026-09-30T06:45:00Z,ท่าลี่,171,0.0,0.0,0.0,,,True
1790750700,2026-09-30T06:45:00Z,วชิรบารมี,68,0.0,0.0,0.0,,,True
1790750700,2026-09-30T06:45:00Z,ด่านซ้าย,341,0.0,0.0,0.0,,,True
1790750700,2026-09-30T06:45:00Z,นาแห้ว,153,0.0,0.0,0.0,,,True
1790750700,2026-09-30T06:45:00Z,บึงนาราง,74,0.0,0.0,0.0,,,True
1790750700,2026-09-30T06:45:00Z,เชียงคาน,213,0.0,0.0,0.0,,,True
1790750700,2026-09-30T06:45:00Z,ดงเจริญ,56,0.0,0.0,0.0,,,True
1790750700,2026-09-30T06:45:00Z,ปากชม,240,0.0,0.0,0.0,,,True
1790750700,2026-09-30T06:45:00Z,เมืองเลย,314,0.0,0.0,0.0,,,True
1790750700,2026-09-30T06:45:00Z,นาด้วง,143,0.0,0.0,0.0,,,True
1790750700,2026-09-30T06:45:00Z,สากเหล็ก,45,0.0,0.0,0.0,,,True
1790750700,2026-09-30T06:45:00Z,สามง่าม,89,0.0,0.0,0.0,,,True
1790750700,2026-09-30T06:45:00Z,ทับคล้อ,104,0.0,0.0,0.0,,,True
1790750700,2026-09-30T06:45:00Z,พรหมพิราม,206,0.0,0.0,0.0,,,True
1790750700,2026-09-30T06:45:00Z,ด่านขุนทด,344,0.0,0.0,0.0,,,True
1790750700,2026-09-30T06:45:00Z,วัดโบสถ์,226,0.0,0.0,0.0,,,True
1790750700,2026-09-30T06:45:00Z,บางระกำ,246,0.0,0.0,0.0,,,True
1790750700,2026-09-30T06:45:00Z,บางกระทุ่ม,91,0.0,0.0,0.0,,,True
1790750700,2026-09-30T06:45:00Z,นครไทย,597,0.0,0.0,0.0,,,True
1790750700,2026-09-30T06:45:00Z,ชาติตระการ,415,0.0,0.0,0.0,,,True
1790750700,2026-09-30T06:45:00Z,บ้านเหลื่อม,55,0.0,0.0,0.0,,,True
1790750700,2026-09-30T06:45:00Z,เมืองพิษณุโลก,178,0.0,0.0,0.0,,,True
1790750700,2026-09-30T06:45:00Z,ชุมแสง,145,0.0,0.0,0.0,,,True
1790750700,2026-09-30T06:45:00Z,หนองบัว,208,0.0,0.0,0.0,,,True
1790750700,2026-09-30T06:45:00Z,เมืองนครสวรรค์,183,0.0,0.0,0.0,,,True
1790750700,2026-09-30T06:45:00Z,โกรกพระ,71,0.0,0.0,0.0,,,True
1790750700,2026-09-30T06:45:00Z,ไพศาลี,244,0.0,0.0,0.0,,,True
1790750700,2026-09-30T06:45:00Z,ตาคลี,206,0.0,0.0,0.0,,,True
1790750700,2026-09-30T06:45:00Z,ท่าตะโก,211,0.0,0.0,0.0,,,True
1790750700,2026-09-30T06:45:00Z,เขาค้อ,207,0.0,0.0,0.0,,,True
1790750700,2026-09-30T06:45:00Z,บรรพตพิสัย,181,0.0,0.0,0.0,,,True
1790750700,2026-09-30T06:45:00Z,เก้าเลี้ยว,57,0.0,0.0,0.0,,,True
1790750700,2026-09-30T06:45:00Z,วังโป่ง,123,0.0,0.0,0.0,,,True
1790750700,2026-09-30T06:45:00Z,บึงสามพัน,194,0.0,0.0,0.0,,,True
1790750700,2026-09-30T06:45:00Z,น้ำหนาว,231,0.0,0.0,0.0,,,True
1790750700,2026-09-30T06:45:00Z,ศรีเทพ,204,0.0,0.0,0.0,,,True
1790750700,2026-09-30T06:45:00Z,หนองไผ่,315,0.0,0.0,0.0,,,True
1790750700,2026-09-30T06:45:00Z,มหาราช,4,0.0,0.0,0.0,,,False
1790750700,2026-09-30T06:45:00Z,บ้านแพรก,10,0.0,0.0,0.0,,,True
1790750700,2026-09-30T06:45:00Z,บางมูลนาก,99,0.0,0.0,0.0,,,True
1790750700,2026-09-30T06:45:00Z,โพทะเล,131,0.0,0.0,0.0,,,True
1790750700,2026-09-30T06:45:00Z,โพธิ์ประทับช้าง,102,0.0,0.0,0.0,,,True
1790750700,2026-09-30T06:45:00Z,ตะพานหิน,109,0.0,0.0,0.0,,,True
1790750700,2026-09-30T06:45:00Z,เมืองพิจิตร,138,0.0,0.0,0.0,,,True
1790750700,2026-09-30T06:45:00Z,วังทรายพูน,66,0.0,0.0,0.0,,,True
1790751600,2026-09-30T07:00:00Z,พิชัย,176,0.0,0.0,0.0,,,True
1790751600,2026-09-30T07:00:00Z,ลับแล,116,0.0,0.0,0.0,,,True
1790751600,2026-09-30T07:00:00Z,ฟากท่า,163,0.0,0.0,0.0,,,True
1790751600,2026-09-30T07:00:00Z,บ้านโคก,247,0.0,0.0,0.0,,,True
1790751600,2026-09-30T07:00:00Z,ท่าปลา,442,0.0,0.0,0.0,,,True
1790751600,2026-09-30T07:00:00Z,น้ำปาด,363,0.022,0.592,0.0716,,30,True
1790751600,2026-09-30T07:00:00Z,เมืองอุตรดิตถ์,202,0.0,0.0,0.0,,,True
1790751600,2026-09-30T07:00:00Z,ตรอน,80,0.0,0.0,0.0,,,True
1790751600,2026-09-30T07:00:00Z,หล่มเก่า,246,0.0,0.0,0.0,,,True
1790751600,2026-09-30T07:00:00Z,วิเชียรบุรี,377,0.0,0.0,0.0,,,True
1790751600,2026-09-30T07:00:00Z,ชนแดน,279,0.0,0.0,0.0,,,True
1790751600,2026-09-30T07:00:00Z,หล่มสัก,350,0.0,0.0,0.0,,,True
1790751600,2026-09-30T07:00:00Z,เมืองเพชรบูรณ์,571,0.0,0.0,0.0,,,True
1790751600,2026-09-30T07:00:00Z,ทองแสนขัน,185,0.0,0.0,0.0,,,True
1790751600,2026-09-30T07:00:00Z,บึงสามัคคี,71,0.0,0.0,0.0,,,True
1790751600,2026-09-30T07:00:00Z,โกสัมพีนคร,137,0.005,0.098,0.0511,,30,True
1790751600,2026-09-30T07:00:00Z,สอง,380,0.0,0.0,0.0,,,True
1790751600,2026-09-30T07:00:00Z,วังชิ้น,255,0.0,0.098,0.0039,,105,True
1790751600,2026-09-30T07:00:00Z,สูงเม่น,88,0.0,0.0,0.0,,,True
1790751600,2026-09-30T07:00:00Z,เด่นชัย,135,0.0,0.0,0.0,,,True
1790751600,2026-09-30T07:00:00Z,ร้องกวาง,221,0.003,0.196,0.0226,,15,True
1790751600,2026-09-30T07:00:00Z,ลอง,317,0.0,0.0,0.0,,,True
1790751600,2026-09-30T07:00:00Z,เมืองแพร่,205,0.0,0.0,0.0,,,True
1790751600,2026-09-30T07:00:00Z,ทัพทัน,94,0.0,0.0,0.0,,,True
1790751600,2026-09-30T07:00:00Z,สว่างอารมณ์,110,0.0,0.0,0.0,,,True
1790751600,2026-09-30T07:00:00Z,เมืองอุทัยธานี,59,0.0,0.0,0.0,,,True
1790751600,2026-09-30T07:00:00Z,ห้วยคต,94,0.002,0.098,0.0213,,75,True
1790751600,2026-09-30T07:00:00Z,ศรีสวัสดิ์,440,0.0,0.0,0.0,,,True
1790751600,2026-09-30T07:00:00Z,บ้านไร่,821,0.01,0.201,0.0853,,15,True
1790751600,2026-09-30T07:00:00Z,ลานสัก,360,0.001,0.098,0.0139,,15,True
1790751600,2026-09-30T07:00:00Z,หนองฉาง,89,0.0,0.0,0.0,,,True
1790751600,2026-09-30T07:00:00Z,หนองขาหย่าง,43,0.0,0.0,0.0,,,True
1790751600,2026-09-30T07:00:00Z,เชียงม่วน,82,0.0,0.0,0.0,,,True
1790751600,2026-09-30T07:00:00Z,ดอกคำใต้,37,0.0,0.0,0.0,,,True
1790751600,2026-09-30T07:00:00Z,เมืองพะเยา,6,0.0,0.0,0.0,,,True
1790751600,2026-09-30T07:00:00Z,ทองผาภูมิ,851,0.0,0.0,0.0,,,True
1790751600,2026-09-30T07:00:00Z,สังขละบุรี,793,0.0,0.0,0.0,,,True
1790751600,2026-09-30T07:00:00Z,หนองม่วงไข่,35,0.0,0.0,0.0,,,True
1790751600,2026-09-30T07:00:00Z,ภูเวียง,81,0.0,0.0,0.0,,,True
1790751600,2026-09-30T07:00:00Z,มัญจาคีรี,50,0.0,0.0,0.0,,,True
1790751600,2026-09-30T07:00:00Z,หนองปรือ,104,0.0,0.0,0.0,,,True
1790751600,2026-09-30T07:00:00Z,เลาขวัญ,123,0.0,0.0,0.0,,,True
1790751600,2026-09-30T07:00:00Z,หนองนาคำ,43,0.0,0.0,0.0,,,True
1790751600,2026-09-30T07:00:00Z,โคกโพธิ์ไชย,65,0.0,0.0,0.0,,,True
1790751600,2026-09-30T07:00:00Z,บ้านหลวง,91,0.0,0.0,0.0,,,True
1790751600,2026-09-30T07:00:00Z,นาน้อย,266,0.014,0.402,0.0865,,60,True
1790751600,2026-09-30T07:00:00Z,ภูผาม่าน,74,0.0,0.0,0.0,,,True
1790751600,2026-09-30T07:00:00Z,เมืองน่าน,161,0.0,0.0,0.0,,,True
1790751600,2026-09-30T07:00:00Z,แม่จริม,262,0.0,0.0,0.0,,,True
1790751600,2026-09-30T07:00:00Z,เวียงเก่า,78,0.0,0.0,0.0,,,True
1790751600,2026-09-30T07:00:00Z,เมืองกำแพงเพชร,368,0.0,0.0,0.0,,,True
1790751600,2026-09-30T07:00:00Z,ไทรงาม,133,0.0,0.0,0.0,,,True
1790751600,2026-09-30T07:00:00Z,ปางศิลาทอง,186,0.014,0.489,0.0538,,15,True
1790751600,2026-09-30T07:00:00Z,ลานกระบือ,103,0.0,0.0,0.0,,,True
1790751600,2026-09-30T07:00:00Z,ทรายทองวัฒนา,53,0.0,0.0,0.0,,,True
1790751600,2026-09-30T07:00:00Z,คลองขลุง,179,0.0,0.0,0.0,,,True
1790751600,2026-09-30T07:00:00Z,พรานกระต่าย,252,0.002,0.098,0.0159,,105,True
1790751600,2026-09-30T07:00:00Z,คลองลาน,363,0.019,0.614,0.0661,,30,True
1790751600,2026-09-30T07:00:00Z,ขาณุวรลักษบุรี,296,0.0,0.0,0.0,,,True
1790751600,2026-09-30T07:00:00Z,ภูเพียง,113,0.0,0.0,0.0,,,True
1790751600,2026-09-30T07:00:00Z,นาหมื่น,245,0.012,0.299,0.0939,,15,True
1790751600,2026-09-30T07:00:00Z,เวียงสา,543,0.0,0.0,0.0,,,True
1790751600,2026-09-30T07:00:00Z,น้ำโสม,153,0.0,0.0,0.0,,,True
1790751600,2026-09-30T07:00:00Z,นายูง,126,0.0,0.0,0.0,,,True
1790751600,2026-09-30T07:00:00Z,ชุมแพ,173,0.0,0.0,0.0,,,True
1790751600,2026-09-30T07:00:00Z,สีชมพู,132,0.0,0.0,0.0,,,True
1790751600,2026-09-30T07:00:00Z,สุวรรณคูหา,140,0.0,0.0,0.0,,,True
1790751600,2026-09-30T07:00:00Z,นาวัง,65,0.0,0.0,0.0,,,True
1790751600,2026-09-30T07:00:00Z,หนองเรือ,80,0.0,0.0,0.0,,,True
1790751600,2026-09-30T07:00:00Z,โนนสัง,51,0.0,0.0,0.0,,,True
1790751600,2026-09-30T07:00:00Z,ศรีบุญเรือง,224,0.001,0.098,0.0134,,105,True
1790751600,2026-09-30T07:00:00Z,เมืองหนองบัวลำภู,217,0.0,0.0,0.0,,,True
1790751600,2026-09-30T07:00:00Z,นากลาง,173,0.0,0.0,0.0,,,True
1790751600,2026-09-30T07:00:00Z,ทุ่งเสลี่ยม,144,0.0,0.0,0.0,,,True
1790751600,2026-09-30T07:00:00Z,ดอยหล่อ,56,0.0,0.0,0.0,,,True
1790751600,2026-09-30T07:00:00Z,เมืองตาก,486,0.002,0.098,0.0165,,75,True
1790751600,2026-09-30T07:00:00Z,แม่ออน,116,0.0,0.0,0.0,,,True
1790751600,2026-09-30T07:00:00Z,อุ้มผาง,1209,0.003,0.196,0.0232,,15,True
1790751600,2026-09-30T07:00:00Z,วังเจ้า,183,0.004,0.098,0.0383,,15,True
1790751600,2026-09-30T07:00:00Z,แม่สอด,398,0.0,0.0,0.0,,,True
1790751600,2026-09-30T07:00:00Z,พบพระ,249,0.0,0.0,0.0,,,True
1790751600,2026-09-30T07:00:00Z,แม่ระมาด,380,0.0,0.0,0.0,,,True
1790751600,2026-09-30T07:00:00Z,ท่าสองยาง,401,0.0,0.0,0.0,,,True
1790751600,2026-09-30T07:00:00Z,บ้านตาก,255,0.0,0.0,0.0,,,True
1790751600,2026-09-30T07:00:00Z,สามเงา,698,0.0,0.0,0.0,,,True
1790751600,2026-09-30T07:00:00Z,จอมทอง,280,0.0,0.0,0.0,,,True
1790751600,2026-09-30T07:00:00Z,แก้งสนามนาง,79,0.0,0.0,0.0,,,True
1790751600,2026-09-30T07:00:00Z,สีคิ้ว,292,0.0,0.0,0.0,,,True
1790751600,2026-09-30T07:00:00Z,พระทองคำ,90,0.0,0.0,0.0,,,True
1790751600,2026-09-30T07:00:00Z,เทพารักษ์,92,0.0,0.0,0.0,,,True
1790751600,2026-09-30T07:00:00Z,สันกำแพง,65,0.0,0.0,0.0,,,True
1790751600,2026-09-30T07:00:00Z,สันป่าตอง,44,0.0,0.0,0.0,,,True
1790751600,2026-09-30T07:00:00Z,ดอยเต่า,213,0.0,0.0,0.0,,,True
1790751600,2026-09-30T07:00:00Z,อมก๋อย,704,0.0,0.0,0.0,,,True
1790751600,2026-09-30T07:00:00Z,ฮอด,378,0.0,0.0,0.0,,,True
1790751600,2026-09-30T07:00:00Z,เมืองลำพูน,117,0.0,0.0,0.0,,,True
1790751600,2026-09-30T07:00:00Z,แม่ทา,192,0.0,0.0,0.0,,,True
1790751600,2026-09-30T07:00:00Z,บ้านธิ,34,0.0,0.0,0.0,,,True
1790751600,2026-09-30T07:00:00Z,บ้านหมอ,24,0.0,0.0,0.0,,,True
1790751600,2026-09-30T07:00:00Z,เวียงหนองล่อง,14,0.0,0.0,0.0,,,True
1790751600,2026-09-30T07:00:00Z,ทุ่งหัวช้าง,113,0.0,0.0,0.0,,,True
1790751600,2026-09-30T07:00:00Z,ป่าซาง,74,0.0,0.0,0.0,,,True
1790751600,2026-09-30T07:00:00Z,บ้านโฮ่ง,124,0.0,0.0,0.0,,,True
1790751600,2026-09-30T07:00:00Z,แก่งคอย,73,0.0,0.0,0.0,,,True
1790751600,2026-09-30T07:00:00Z,ลี้,454,0.0,0.0,0.0,,,True
1790751600,2026-09-30T07:00:00Z,พระพุทธบาท,55,0.0,0.0,0.0,,,True
1790751600,2026-09-30T07:00:00Z,ดอนพุด,7,0.0,0.0,0.0,,,True
1790751600,2026-09-30T07:00:00Z,หนองโดน,31,0.0,0.0,0.0,,,True
1790751600,2026-09-30T07:00:00Z,เมืองลำปาง,300,0.0,0.098,0.0033,,120,True
1790751600,2026-09-30T07:00:00Z,เถิน,443,0.0,0.098,0.0023,,105,True
1790751600,2026-09-30T07:00:00Z,แม่พริก,167,0.0,0.0,0.0,,,True
1790751600,2026-09-30T07:00:00Z,แจ้ห่ม,274,0.0,0.0,0.0,,,True
1790751600,2026-09-30T07:00:00Z,แม่เปิน,85,0.003,0.098,0.0353,,45,True
1790751600,2026-09-30T07:00:00Z,เสริมงาม,185,0.0,0.0,0.0,,,True
1790751600,2026-09-30T07:00:00Z,ชุมตาบง,61,0.0,0.0,0.0,,,True
1790751600,2026-09-30T07:00:00Z,งาว,344,0.0,0.0,0.0,,,True
1790751600,2026-09-30T07:00:00Z,ตากฟ้า,125,0.0,0.0,0.0,,,True
1790751600,2026-09-30T07:00:00Z,แม่เมาะ,283,0.0,0.0,0.0,,,True
1790751600,2026-09-30T07:00:00Z,แม่วงก์,257,0.002,0.098,0.0233,,75,True
1790751600,2026-09-30T07:00:00Z,เกาะคา,128,0.0,0.0,0.0,,,True
1790751600,2026-09-30T07:00:00Z,พยุหะคีรี,169,0.0,0.0,0.0,,,True
1790751600,2026-09-30T07:00:00Z,ลาดยาว,187,0.0,0.0,0.0,,,True
1790751600,2026-09-30T07:00:00Z,สบปราบ,125,0.0,0.0,0.0,,,True
1790751600,2026-09-30T07:00:00Z,ห้างฉัตร,154,0.0,0.0,0.0,,,True
1790751600,2026-09-30T07:00:00Z,แม่ทะ,203,0.0,0.098,0.0049,,105,True
1790751600,2026-09-30T07:00:00Z,เมืองปาน,202,0.0,0.0,0.0,,,True
1790751600,2026-09-30T07:00:00Z,เมืองอ่างทอง,6,0.0,0.0,0.0,,,True
1790751600,2026-09-30T07:00:00Z,ไชโย,20,0.0,0.0,0.0,,,True
1790751600,2026-09-30T07:00:00Z,สามโก้,10,0.0,0.0,0.0,,,True
1790751600,2026-09-30T07:00:00Z,แสวงหา,43,0.0,0.0,0.0,,,True
1790751600,2026-09-30T07:00:00Z,วิเศษชัยชาญ,7,0.0,0.0,0.0,,,True
1790751600,2026-09-30T07:00:00Z,โพธิ์ทอง,48,0.0,0.0,0.0,,,True
1790751600,2026-09-30T07:00:00Z,เมืองลพบุรี,190,0.0,0.0,0.0,,,True
1790751600,2026-09-30T07:00:00Z,เดิมบางนางบวช,130,0.0,0.0,0.0,,,True
1790751600,2026-09-30T07:00:00Z,ด่านช้าง,309,0.001,0.098,0.0129,,15,True
1790751600,2026-09-30T07:00:00Z,หนองม่วง,111,0.0,0.0,0.0,,,True
1790751600,2026-09-30T07:00:00Z,ลำสนธิ,136,0.0,0.0,0.0,,,True
1790751600,2026-09-30T07:00:00Z,สามชุก,77,0.0,0.0,0.0,,,True
1790751600,2026-09-30T07:00:00Z,ดอนเจดีย์,72,0.0,0.0,0.0,,,True
1790751600,2026-09-30T07:00:00Z,สระโบสถ์,83,0.0,0.0,0.0,,,True
1790751600,2026-09-30T07:00:00Z,ศรีประจันต์,41,0.0,0.0,0.0,,,True
1790751600,2026-09-30T07:00:00Z,โคกเจริญ,135,0.0,0.0,0.0,,,True
1790751600,2026-09-30T07:00:00Z,บ้านหมี่,136,0.0,0.0,0.0,,,True
1790751600,2026-09-30T07:00:00Z,ท่าหลวง,100,0.0,0.0,0.0,,,True
1790751600,2026-09-30T07:00:00Z,ชัยบาดาล,280,0.0,0.0,0.0,,,True
1790751600,2026-09-30T07:00:00Z,ท่าวุ้ง,64,0.0,0.0,0.0,,,True
1790751600,2026-09-30T07:00:00Z,พัฒนานิคม,217,0.0,0.0,0.0,,,True
1790751600,2026-09-30T07:00:00Z,โคกสำโรง,180,0.0,0.0,0.0,,,True
1790751600,2026-09-30T07:00:00Z,หนองหญ้าไซ,108,0.0,0.0,0.0,,,True
1790751600,2026-09-30T07:00:00Z,ท่าช้าง,11,0.0,0.0,0.0,,,True
1790751600,2026-09-30T07:00:00Z,อินทร์บุรี,66,0.0,0.0,0.0,,,True
1790751600,2026-09-30T07:00:00Z,ค่ายบางระจัน,26,0.0,0.0,0.0,,,True
1790751600,2026-09-30T07:00:00Z,พรหมบุรี,19,0.0,0.0,0.0,,,True
1790751600,2026-09-30T07:00:00Z,เนินสง่า,65,0.0,0.0,0.0,,,True
1790751600,2026-09-30T07:00:00Z,เมืองสิงห์บุรี,31,0.0,0.0,0.0,,,True
1790751600,2026-09-30T07:00:00Z,ซับใหญ่,72,0.0,0.0,0.0,,,True
1790751600,2026-09-30T07:00:00Z,บางระจัน,46,0.0,0.0,0.0,,,True
1790751600,2026-09-30T07:00:00Z,ภูกระดึง,190,0.001,0.098,0.0105,,15,True
1790751600,2026-09-30T07:00:00Z,ภูหลวง,145,0.0,0.0,0.0,,,True
1790751600,2026-09-30T07:00:00Z,หนองหิน,78,0.0,0.0,0.0,,,True
1790751600,2026-09-30T07:00:00Z,ผาขาว,100,0.01,0.098,0.1,90,30,True
1790751600,2026-09-30T07:00:00Z,เอราวัณ,87,0.001,0.098,0.0115,,120,True
1790751600,2026-09-30T07:00:00Z,วังสะพุง,281,0.0,0.0,0.0,,,True
1790751600,2026-09-30T07:00:00Z,วังม่วง,70,0.0,0.0,0.0,,,True
1790751600,2026-09-30T07:00:00Z,เฉลิมพระเกียรติ,35,0.0,0.0,0.0,,,True
1790751600,2026-09-30T07:00:00Z,มวกเหล็ก,175,0.0,0.0,0.0,,,True
1790751600,2026-09-30T07:00:00Z,บ้านเขว้า,124,0.0,0.0,0.0,,,True
1790751600,2026-09-30T07:00:00Z,คอนสวรรค์,113,0.0,0.0,0.0,,,True
1790751600,2026-09-30T07:00:00Z,เมืองชัยภูมิ,358,0.0,0.0,0.0,,,True
1790751600,2026-09-30T07:00:00Z,วังทอง,425,0.0,0.0,0.0,,,True
1790751600,2026-09-30T07:00:00Z,เนินมะปราง,276,0.0,0.0,0.0,,,True
1790751600,2026-09-30T07:00:00Z,สวรรคโลก,156,0.0,0.0,0.0,,,True
1790751600,2026-09-30T07:00:00Z,ศรีนคร,46,0.0,0.0,0.0,,,True
1790751600,2026-09-30T07:00:00Z,หันคา,139,0.0,0.0,0.0,,,True
1790751600,2026-09-30T07:00:00Z,ศรีสัชนาลัย,534,0.0,0.0,0.0,,,True
1790751600,2026-09-30T07:00:00Z,หนองมะโมง,76,0.0,0.0,0.0,,,True
1790751600,2026-09-30T07:00:00Z,ศรีสำโรง,142,0.0,0.0,0.0,,,True
1790751600,2026-09-30T07:00:00Z,สรรพยา,55,0.0,0.0,0.0,,,True
1790751600,2026-09-30T07:00:00Z,คีรีมาศ,171,0.0,0.0,0.0,,,True
1790751600,2026-09-30T07:00:00Z,สรรคบุรี,89,0.0,0.0,0.0,,,True
1790751600,2026-09-30T07:00:00Z,กงไกรลาศ,108,0.0,0.0,0.0,,,True
1790751600,2026-09-30T07:00:00Z,มโนรมย์,66,0.0,0.0,0.0,,,True
1790751600,2026-09-30T07:00:00Z,เมืองสุโขทัย,136,0.0,0.0,0.0,,,True
1790751600,2026-09-30T07:00:00Z,วัดสิงห์,67,0.0,0.0,0.0,,,True
1790751600,2026-09-30T07:00:00Z,บ้านด่านลานหอย,231,0.0,0.0,0.0,,,True
1790751600,2026-09-30T07:00:00Z,เมืองชัยนาท,70,0.0,0.0,0.0,,,True
1790751600,2026-09-30T07:00:00Z,เนินขาม,65,0.0,0.0,0.0,,,True
1790751600,2026-09-30T07:00:00Z,คอนสาร,334,0.0,0.0,0.0,,,True
1790751600,2026-09-30T07:00:00Z,ภักดีชุมพล,154,0.0,0.0,0.0,,,True
1790751600,2026-09-30T07:00:00Z,บ้านแท่น,76,0.0,0.0,0.0,,,True
1790751600,2026-09-30T07:00:00Z,แก้งคร้อ,168,0.0,0.0,0.0,,,True
1790751600,2026-09-30T07:00:00Z,ภูเขียว,201,0.0,0.0,0.0,,,True
1790751600,2026-09-30T07:00:00Z,หนองบัวระเหว,179,0.0,0.0,0.0,,,True
1790751600,2026-09-30T07:00:00Z,เทพสถิต,239,0.0,0.0,0.0,,,True
1790751600,2026-09-30T07:00:00Z,จัตุรัส,172,0.0,0.0,0.0,,,True
1790751600,2026-09-30T07:00:00Z,บำเหน็จณรงค์,120,0.0,0.0,0.0,,,True
1790751600,2026-09-30T07:00:00Z,เกษตรสมบูรณ์,268,0.0,0.0,0.0,,,True
1790751600,2026-09-30T07:00:00Z,หนองบัวแดง,537,0.0,0.0,0.0,,,True
1790751600,2026-09-30T07:00:00Z,ภูเรือ,168,0.0,0.0,0.0,,,True
1790751600,2026-09-30T07:00:00Z,ท่าลี่,171,0.0,0.0,0.0,,,True
1790751600,2026-09-30T07:00:00Z,วชิรบารมี,68,0.0,0.0,0.0,,,True
1790751600,2026-09-30T07:00:00Z,ด่านซ้าย,341,0.0,0.0,0.0,,,True
1790751600,2026-09-30T07:00:00Z,นาแห้ว,153,0.0,0.0,0.0,,,True
1790751600,2026-09-30T07:00:00Z,บึงนาราง,74,0.0,0.0,0.0,,,True
1790751600,2026-09-30T07:00:00Z,เชียงคาน,213,0.0,0.0,0.0,,,True
1790751600,2026-09-30T07:00:00Z,ดงเจริญ,56,0.0,0.0,0.0,,,True
1790751600,2026-09-30T07:00:00Z,ปากชม,240,0.0,0.0,0.0,,,True
1790751600,2026-09-30T07:00:00Z,เมืองเลย,314,0.0,0.0,0.0,,,True
1790751600,2026-09-30T07:00:00Z,นาด้วง,143,0.0,0.0,0.0,,,True
1790751600,2026-09-30T07:00:00Z,สากเหล็ก,45,0.0,0.0,0.0,,,True
1790751600,2026-09-30T07:00:00Z,สามง่าม,89,0.0,0.0,0.0,,,True
1790751600,2026-09-30T07:00:00Z,ทับคล้อ,104,0.0,0.0,0.0,,,True
1790751600,2026-09-30T07:00:00Z,พรหมพิราม,206,0.0,0.0,0.0,,,True
1790751600,2026-09-30T07:00:00Z,ด่านขุนทด,344,0.0,0.0,0.0,,,True
1790751600,2026-09-30T07:00:00Z,วัดโบสถ์,226,0.0,0.0,0.0,,,True
1790751600,2026-09-30T07:00:00Z,บางระกำ,246,0.0,0.0,0.0,,,True
1790751600,2026-09-30T07:00:00Z,บางกระทุ่ม,91,0.0,0.0,0.0,,,True
1790751600,2026-09-30T07:00:00Z,นครไทย,597,0.0,0.0,0.0,,,True
1790751600,2026-09-30T07:00:00Z,ชาติตระการ,415,0.006,0.413,0.0241,,15,True
1790751600,2026-09-30T07:00:00Z,บ้านเหลื่อม,55,0.0,0.0,0.0,,,True
1790751600,2026-09-30T07:00:00Z,เมืองพิษณุโลก,178,0.0,0.0,0.0,,,True
1790751600,2026-09-30T07:00:00Z,ชุมแสง,145,0.0,0.0,0.0,,,True
1790751600,2026-09-30T07:00:00Z,หนองบัว,208,0.0,0.0,0.0,,,True
1790751600,2026-09-30T07:00:00Z,เมืองนครสวรรค์,183,0.0,0.0,0.0,,,True
1790751600,2026-09-30T07:00:00Z,โกรกพระ,71,0.0,0.0,0.0,,,True
1790751600,2026-09-30T07:00:00Z,ไพศาลี,244,0.0,0.0,0.0,,,True
1790751600,2026-09-30T07:00:00Z,ตาคลี,206,0.0,0.0,0.0,,,True
1790751600,2026-09-30T07:00:00Z,ท่าตะโก,211,0.0,0.0,0.0,,,True
1790751600,2026-09-30T07:00:00Z,เขาค้อ,207,0.0,0.0,0.0,,,True
1790751600,2026-09-30T07:00:00Z,บรรพตพิสัย,181,0.0,0.0,0.0,,,True
1790751600,2026-09-30T07:00:00Z,เก้าเลี้ยว,57,0.0,0.0,0.0,,,True
1790751600,2026-09-30T07:00:00Z,วังโป่ง,123,0.0,0.0,0.0,,,True
1790751600,2026-09-30T07:00:00Z,บึงสามพัน,194,0.003,0.098,0.0258,,15,True
1790751600,2026-09-30T07:00:00Z,น้ำหนาว,231,0.0,0.0,0.0,,,True
1790751600,2026-09-30T07:00:00Z,ศรีเทพ,204,0.0,0.0,0.0,,,True
1790751600,2026-09-30T07:00:00Z,หนองไผ่,315,0.003,0.098,0.0317,,45,True
1790751600,2026-09-30T07:00:00Z,มหาราช,4,0.0,0.0,0.0,,,False
1790751600,2026-09-30T07:00:00Z,บ้านแพรก,10,0.0,0.0,0.0,,,True
1790751600,2026-09-30T07:00:00Z,บางมูลนาก,99,0.0,0.0,0.0,,,True
1790751600,2026-09-30T07:00:00Z,โพทะเล,131,0.0,0.0,0.0,,,True
1790751600,2026-09-30T07:00:00Z,โพธิ์ประทับช้าง,102,0.0,0.0,0.0,,,True
1790751600,2026-09-30T07:00:00Z,ตะพานหิน,109,0.0,0.0,0.0,,,True
1790751600,2026-09-30T07:00:00Z,เมืองพิจิตร,138,0.0,0.0,0.0,,,True
1790751600,2026-09-30T07:00:00Z,วังทรายพูน,66,0.0,0.0,0.0,,,True
1790751600,2026-09-30T07:00:00Z,พิชัย,176,0.0,0.0,0.0,,,True
1790751600,2026-09-30T07:00:00Z,ลับแล,116,0.0,0.0,0.0,,,True
1790751600,2026-09-30T07:00:00Z,ฟากท่า,163,0.0,0.0,0.0,,,True
1790751600,2026-09-30T07:00:00Z,บ้านโคก,247,0.0,0.0,0.0,,,True
1790751600,2026-09-30T07:00:00Z,ท่าปลา,442,0.0,0.0,0.0,,,True
1790751600,2026-09-30T07:00:00Z,น้ำปาด,363,0.022,0.592,0.0716,,30,True
1790751600,2026-09-30T07:00:00Z,เมืองอุตรดิตถ์,202,0.0,0.0,0.0,,,True
1790751600,2026-09-30T07:00:00Z,ตรอน,80,0.0,0.0,0.0,,,True
1790751600,2026-09-30T07:00:00Z,หล่มเก่า,246,0.0,0.0,0.0,,,True
1790751600,2026-09-30T07:00:00Z,วิเชียรบุรี,377,0.0,0.0,0.0,,,True
1790751600,2026-09-30T07:00:00Z,ชนแดน,279,0.0,0.0,0.0,,,True
1790751600,2026-09-30T07:00:00Z,หล่มสัก,350,0.0,0.0,0.0,,,True
1790751600,2026-09-30T07:00:00Z,เมืองเพชรบูรณ์,571,0.0,0.0,0.0,,,True
1790751600,2026-09-30T07:00:00Z,ทองแสนขัน,185,0.0,0.0,0.0,,,True
1790751600,2026-09-30T07:00:00Z,บึงสามัคคี,71,0.0,0.0,0.0,,,True
1790751600,2026-09-30T07:00:00Z,โกสัมพีนคร,137,0.005,0.098,0.0511,,30,True
1790751600,2026-09-30T07:00:00Z,สอง,380,0.0,0.0,0.0,,,True
1790751600,2026-09-30T07:00:00Z,วังชิ้น,255,0.0,0.098,0.0039,,105,True
1790751600,2026-09-30T07:00:00Z,สูงเม่น,88,0.0,0.0,0.0,,,True
1790751600,2026-09-30T07:00:00Z,เด่นชัย,135,0.0,0.0,0.0,,,True
1790751600,2026-09-30T07:00:00Z,ร้องกวาง,221,0.003,0.196,0.0226,,15,True
1790751600,2026-09-30T07:00:00Z,ลอง,317,0.0,0.0,0.0,,,True
1790751600,2026-09-30T07:00:00Z,เมืองแพร่,205,0.0,0.0,0.0,,,True
1790751600,2026-09-30T07:00:00Z,ทัพทัน,94,0.0,0.0,0.0,,,True
1790751600,2026-09-30T07:00:00Z,สว่างอารมณ์,110,0.0,0.0,0.0,,,True
1790751600,2026-09-30T07:00:00Z,เมืองอุทัยธานี,59,0.0,0.0,0.0,,,True
1790751600,2026-09-30T07:00:00Z,ห้วยคต,94,0.002,0.098,0.0213,,75,True
1790751600,2026-09-30T07:00:00Z,ศรีสวัสดิ์,440,0.0,0.0,0.0,,,True
1790751600,2026-09-30T07:00:00Z,บ้านไร่,821,0.01,0.201,0.0853,,15,True
1790751600,2026-09-30T07:00:00Z,ลานสัก,360,0.001,0.098,0.0139,,15,True
1790751600,2026-09-30T07:00:00Z,หนองฉาง,89,0.0,0.0,0.0,,,True
1790751600,2026-09-30T07:00:00Z,หนองขาหย่าง,43,0.0,0.0,0.0,,,True
1790751600,2026-09-30T07:00:00Z,เชียงม่วน,82,0.0,0.0,0.0,,,True
1790751600,2026-09-30T07:00:00Z,ดอกคำใต้,37,0.0,0.0,0.0,,,True
1790751600,2026-09-30T07:00:00Z,เมืองพะเยา,6,0.0,0.0,0.0,,,True
1790751600,2026-09-30T07:00:00Z,ทองผาภูมิ,851,0.0,0.0,0.0,,,True
1790751600,2026-09-30T07:00:00Z,สังขละบุรี,793,0.0,0.0,0.0,,,True
1790751600,2026-09-30T07:00:00Z,หนองม่วงไข่,35,0.0,0.0,0.0,,,True
1790751600,2026-09-30T07:00:00Z,ภูเวียง,81,0.0,0.0,0.0,,,True
1790751600,2026-09-30T07:00:00Z,มัญจาคีรี,50,0.0,0.0,0.0,,,True
1790751600,2026-09-30T07:00:00Z,หนองปรือ,104,0.0,0.0,0.0,,,True
1790751600,2026-09-30T07:00:00Z,เลาขวัญ,123,0.0,0.0,0.0,,,True
1790751600,2026-09-30T07:00:00Z,หนองนาคำ,43,0.0,0.0,0.0,,,True
1790751600,2026-09-30T07:00:00Z,โคกโพธิ์ไชย,65,0.0,0.0,0.0,,,True
1790751600,2026-09-30T07:00:00Z,บ้านหลวง,91,0.0,0.0,0.0,,,True
1790751600,2026-09-30T07:00:00Z,นาน้อย,266,0.014,0.402,0.0865,,60,True
1790751600,2026-09-30T07:00:00Z,ภูผาม่าน,74,0.0,0.0,0.0,,,True
1790751600,2026-09-30T07:00:00Z,เมืองน่าน,161,0.0,0.0,0.0,,,True
1790751600,2026-09-30T07:00:00Z,แม่จริม,262,0.0,0.0,0.0,,,True
1790751600,2026-09-30T07:00:00Z,เวียงเก่า,78,0.0,0.0,0.0,,,True
1790751600,2026-09-30T07:00:00Z,เมืองกำแพงเพชร,368,0.0,0.0,0.0,,,True
1790751600,2026-09-30T07:00:00Z,ไทรงาม,133,0.0,0.0,0.0,,,True
1790751600,2026-09-30T07:00:00Z,ปางศิลาทอง,186,0.014,0.489,0.0538,,15,True
1790751600,2026-09-30T07:00:00Z,ลานกระบือ,103,0.0,0.0,0.0,,,True
1790751600,2026-09-30T07:00:00Z,ทรายทองวัฒนา,53,0.0,0.0,0.0,,,True
1790751600,2026-09-30T07:00:00Z,คลองขลุง,179,0.0,0.0,0.0,,,True
1790751600,2026-09-30T07:00:00Z,พรานกระต่าย,252,0.002,0.098,0.0159,,105,True
1790751600,2026-09-30T07:00:00Z,คลองลาน,363,0.019,0.614,0.0661,,30,True
1790751600,2026-09-30T07:00:00Z,ขาณุวรลักษบุรี,296,0.0,0.0,0.0,,,True
1790751600,2026-09-30T07:00:00Z,ภูเพียง,113,0.0,0.0,0.0,,,True
1790751600,2026-09-30T07:00:00Z,นาหมื่น,245,0.012,0.299,0.0939,,15,True
1790751600,2026-09-30T07:00:00Z,เวียงสา,543,0.0,0.0,0.0,,,True
1790751600,2026-09-30T07:00:00Z,น้ำโสม,153,0.0,0.0,0.0,,,True
1790751600,2026-09-30T07:00:00Z,นายูง,126,0.0,0.0,0.0,,,True
1790751600,2026-09-30T07:00:00Z,ชุมแพ,173,0.0,0.0,0.0,,,True
1790751600,2026-09-30T07:00:00Z,สีชมพู,132,0.0,0.0,0.0,,,True
1790751600,2026-09-30T07:00:00Z,สุวรรณคูหา,140,0.0,0.0,0.0,,,True
1790751600,2026-09-30T07:00:00Z,นาวัง,65,0.0,0.0,0.0,,,True
1790751600,2026-09-30T07:00:00Z,หนองเรือ,80,0.0,0.0,0.0,,,True
1790751600,2026-09-30T07:00:00Z,โนนสัง,51,0.0,0.0,0.0,,,True
1790751600,2026-09-30T07:00:00Z,ศรีบุญเรือง,224,0.001,0.098,0.0134,,105,True
1790751600,2026-09-30T07:00:00Z,เมืองหนองบัวลำภู,217,0.0,0.0,0.0,,,True
1790751600,2026-09-30T07:00:00Z,นากลาง,173,0.0,0.0,0.0,,,True
1790751600,2026-09-30T07:00:00Z,ทุ่งเสลี่ยม,144,0.0,0.0,0.0,,,True
1790751600,2026-09-30T07:00:00Z,ดอยหล่อ,56,0.0,0.0,0.0,,,True
1790751600,2026-09-30T07:00:00Z,เมืองตาก,486,0.002,0.098,0.0165,,75,True
1790751600,2026-09-30T07:00:00Z,แม่ออน,116,0.0,0.0,0.0,,,True
1790751600,2026-09-30T07:00:00Z,อุ้มผาง,1209,0.003,0.196,0.0232,,15,True
1790751600,2026-09-30T07:00:00Z,วังเจ้า,183,0.004,0.098,0.0383,,15,True
1790751600,2026-09-30T07:00:00Z,แม่สอด,398,0.0,0.0,0.0,,,True
1790751600,2026-09-30T07:00:00Z,พบพระ,249,0.0,0.0,0.0,,,True
1790751600,2026-09-30T07:00:00Z,แม่ระมาด,380,0.0,0.0,0.0,,,True
1790751600,2026-09-30T07:00:00Z,ท่าสองยาง,401,0.0,0.0,0.0,,,True
1790751600,2026-09-30T07:00:00Z,บ้านตาก,255,0.0,0.0,0.0,,,True
1790751600,2026-09-30T07:00:00Z,สามเงา,698,0.0,0.0,0.0,,,True
1790751600,2026-09-30T07:00:00Z,จอมทอง,280,0.0,0.0,0.0,,,True
1790751600,2026-09-30T07:00:00Z,แก้งสนามนาง,79,0.0,0.0,0.0,,,True
1790751600,2026-09-30T07:00:00Z,สีคิ้ว,292,0.0,0.0,0.0,,,True
1790751600,2026-09-30T07:00:00Z,พระทองคำ,90,0.0,0.0,0.0,,,True
1790751600,2026-09-30T07:00:00Z,เทพารักษ์,92,0.0,0.0,0.0,,,True
1790751600,2026-09-30T07:00:00Z,สันกำแพง,65,0.0,0.0,0.0,,,True
1790751600,2026-09-30T07:00:00Z,สันป่าตอง,44,0.0,0.0,0.0,,,True
1790751600,2026-09-30T07:00:00Z,ดอยเต่า,213,0.0,0.0,0.0,,,True
1790751600,2026-09-30T07:00:00Z,อมก๋อย,704,0.0,0.0,0.0,,,True
1790751600,2026-09-30T07:00:00Z,ฮอด,378,0.0,0.0,0.0,,,True
1790751600,2026-09-30T07:00:00Z,เมืองลำพูน,117,0.0,0.0,0.0,,,True
1790751600,2026-09-30T07:00:00Z,แม่ทา,192,0.0,0.0,0.0,,,True
1790751600,2026-09-30T07:00:00Z,บ้านธิ,34,0.0,0.0,0.0,,,True
1790751600,2026-09-30T07:00:00Z,บ้านหมอ,24,0.0,0.0,0.0,,,True
1790751600,2026-09-30T07:00:00Z,เวียงหนองล่อง,14,0.0,0.0,0.0,,,True
1790751600,2026-09-30T07:00:00Z,ทุ่งหัวช้าง,113,0.0,0.0,0.0,,,True
1790751600,2026-09-30T07:00:00Z,ป่าซาง,74,0.0,0.0,0.0,,,True
1790751600,2026-09-30T07:00:00Z,บ้านโฮ่ง,124,0.0,0.0,0.0,,,True
1790751600,2026-09-30T07:00:00Z,แก่งคอย,73,0.0,0.0,0.0,,,True
1790751600,2026-09-30T07:00:00Z,ลี้,454,0.0,0.0,0.0,,,True
1790751600,2026-09-30T07:00:00Z,พระพุทธบาท,55,0.0,0.0,0.0,,,True
1790751600,2026-09-30T07:00:00Z,ดอนพุด,7,0.0,0.0,0.0,,,True
1790751600,2026-09-30T07:00:00Z,หนองโดน,31,0.0,0.0,0.0,,,True
1790751600,2026-09-30T07:00:00Z,เมืองลำปาง,300,0.0,0.098,0.0033,,120,True
1790751600,2026-09-30T07:00:00Z,เถิน,443,0.0,0.098,0.0023,,105,True
1790751600,2026-09-30T07:00:00Z,แม่พริก,167,0.0,0.0,0.0,,,True
1790751600,2026-09-30T07:00:00Z,แจ้ห่ม,274,0.0,0.0,0.0,,,True
1790751600,2026-09-30T07:00:00Z,แม่เปิน,85,0.003,0.098,0.0353,,45,True
1790751600,2026-09-30T07:00:00Z,เสริมงาม,185,0.0,0.0,0.0,,,True
1790751600,2026-09-30T07:00:00Z,ชุมตาบง,61,0.0,0.0,0.0,,,True
1790751600,2026-09-30T07:00:00Z,งาว,344,0.0,0.0,0.0,,,True
1790751600,2026-09-30T07:00:00Z,ตากฟ้า,125,0.0,0.0,0.0,,,True
1790751600,2026-09-30T07:00:00Z,แม่เมาะ,283,0.0,0.0,0.0,,,True
1790751600,2026-09-30T07:00:00Z,แม่วงก์,257,0.002,0.098,0.0233,,75,True
1790751600,2026-09-30T07:00:00Z,เกาะคา,128,0.0,0.0,0.0,,,True
1790751600,2026-09-30T07:00:00Z,พยุหะคีรี,169,0.0,0.0,0.0,,,True
1790751600,2026-09-30T07:00:00Z,ลาดยาว,187,0.0,0.0,0.0,,,True
1790751600,2026-09-30T07:00:00Z,สบปราบ,125,0.0,0.0,0.0,,,True
1790751600,2026-09-30T07:00:00Z,ห้างฉัตร,154,0.0,0.0,0.0,,,True
1790751600,2026-09-30T07:00:00Z,แม่ทะ,203,0.0,0.098,0.0049,,105,True
1790751600,2026-09-30T07:00:00Z,เมืองปาน,202,0.0,0.0,0.0,,,True
1790751600,2026-09-30T07:00:00Z,เมืองอ่างทอง,6,0.0,0.0,0.0,,,True
1790751600,2026-09-30T07:00:00Z,ไชโย,20,0.0,0.0,0.0,,,True
1790751600,2026-09-30T07:00:00Z,สามโก้,10,0.0,0.0,0.0,,,True
1790751600,2026-09-30T07:00:00Z,แสวงหา,43,0.0,0.0,0.0,,,True
1790751600,2026-09-30T07:00:00Z,วิเศษชัยชาญ,7,0.0,0.0,0.0,,,True
1790751600,2026-09-30T07:00:00Z,โพธิ์ทอง,48,0.0,0.0,0.0,,,True
1790751600,2026-09-30T07:00:00Z,เมืองลพบุรี,190,0.0,0.0,0.0,,,True
1790751600,2026-09-30T07:00:00Z,เดิมบางนางบวช,130,0.0,0.0,0.0,,,True
1790751600,2026-09-30T07:00:00Z,ด่านช้าง,309,0.001,0.098,0.0129,,15,True
1790751600,2026-09-30T07:00:00Z,หนองม่วง,111,0.0,0.0,0.0,,,True
1790751600,2026-09-30T07:00:00Z,ลำสนธิ,136,0.0,0.0,0.0,,,True
1790751600,2026-09-30T07:00:00Z,สามชุก,77,0.0,0.0,0.0,,,True
1790751600,2026-09-30T07:00:00Z,ดอนเจดีย์,72,0.0,0.0,0.0,,,True
1790751600,2026-09-30T07:00:00Z,สระโบสถ์,83,0.0,0.0,0.0,,,True
1790751600,2026-09-30T07:00:00Z,ศรีประจันต์,41,0.0,0.0,0.0,,,True
1790751600,2026-09-30T07:00:00Z,โคกเจริญ,135,0.0,0.0,0.0,,,True
1790751600,2026-09-30T07:00:00Z,บ้านหมี่,136,0.0,0.0,0.0,,,True
1790751600,2026-09-30T07:00:00Z,ท่าหลวง,100,0.0,0.0,0.0,,,True
1790751600,2026-09-30T07:00:00Z,ชัยบาดาล,280,0.0,0.0,0.0,,,True
1790751600,2026-09-30T07:00:00Z,ท่าวุ้ง,64,0.0,0.0,0.0,,,True
1790751600,2026-09-30T07:00:00Z,พัฒนานิคม,217,0.0,0.0,0.0,,,True
1790751600,2026-09-30T07:00:00Z,โคกสำโรง,180,0.0,0.0,0.0,,,True
1790751600,2026-09-30T07:00:00Z,หนองหญ้าไซ,108,0.0,0.0,0.0,,,True
1790751600,2026-09-30T07:00:00Z,ท่าช้าง,11,0.0,0.0,0.0,,,True
1790751600,2026-09-30T07:00:00Z,อินทร์บุรี,66,0.0,0.0,0.0,,,True
1790751600,2026-09-30T07:00:00Z,ค่ายบางระจัน,26,0.0,0.0,0.0,,,True
1790751600,2026-09-30T07:00:00Z,พรหมบุรี,19,0.0,0.0,0.0,,,True
1790751600,2026-09-30T07:00:00Z,เนินสง่า,65,0.0,0.0,0.0,,,True
1790751600,2026-09-30T07:00:00Z,เมืองสิงห์บุรี,31,0.0,0.0,0.0,,,True
1790751600,2026-09-30T07:00:00Z,ซับใหญ่,72,0.0,0.0,0.0,,,True
1790751600,2026-09-30T07:00:00Z,บางระจัน,46,0.0,0.0,0.0,,,True
1790751600,2026-09-30T07:00:00Z,ภูกระดึง,190,0.001,0.098,0.0105,,15,True
1790751600,2026-09-30T07:00:00Z,ภูหลวง,145,0.0,0.0,0.0,,,True
1790751600,2026-09-30T07:00:00Z,หนองหิน,78,0.0,0.0,0.0,,,True
1790751600,2026-09-30T07:00:00Z,ผาขาว,100,0.01,0.098,0.1,90,30,True
1790751600,2026-09-30T07:00:00Z,เอราวัณ,87,0.001,0.098,0.0115,,120,True
1790751600,2026-09-30T07:00:00Z,วังสะพุง,281,0.0,0.0,0.0,,,True
1790751600,2026-09-30T07:00:00Z,วังม่วง,70,0.0,0.0,0.0,,,True
1790751600,2026-09-30T07:00:00Z,เฉลิมพระเกียรติ,35,0.0,0.0,0.0,,,True
1790751600,2026-09-30T07:00:00Z,มวกเหล็ก,175,0.0,0.0,0.0,,,True
1790751600,2026-09-30T07:00:00Z,บ้านเขว้า,124,0.0,0.0,0.0,,,True
1790751600,2026-09-30T07:00:00Z,คอนสวรรค์,113,0.0,0.0,0.0,,,True
1790751600,2026-09-30T07:00:00Z,เมืองชัยภูมิ,358,0.0,0.0,0.0,,,True
1790751600,2026-09-30T07:00:00Z,วังทอง,425,0.0,0.0,0.0,,,True
1790751600,2026-09-30T07:00:00Z,เนินมะปราง,276,0.0,0.0,0.0,,,True
1790751600,2026-09-30T07:00:00Z,สวรรคโลก,156,0.0,0.0,0.0,,,True
1790751600,2026-09-30T07:00:00Z,ศรีนคร,46,0.0,0.0,0.0,,,True
1790751600,2026-09-30T07:00:00Z,หันคา,139,0.0,0.0,0.0,,,True
1790751600,2026-09-30T07:00:00Z,ศรีสัชนาลัย,534,0.0,0.0,0.0,,,True
1790751600,2026-09-30T07:00:00Z,หนองมะโมง,76,0.0,0.0,0.0,,,True
1790751600,2026-09-30T07:00:00Z,ศรีสำโรง,142,0.0,0.0,0.0,,,True
1790751600,2026-09-30T07:00:00Z,สรรพยา,55,0.0,0.0,0.0,,,True
1790751600,2026-09-30T07:00:00Z,คีรีมาศ,171,0.0,0.0,0.0,,,True
1790751600,2026-09-30T07:00:00Z,สรรคบุรี,89,0.0,0.0,0.0,,,True
1790751600,2026-09-30T07:00:00Z,กงไกรลาศ,108,0.0,0.0,0.0,,,True
1790751600,2026-09-30T07:00:00Z,มโนรมย์,66,0.0,0.0,0.0,,,True
1790751600,2026-09-30T07:00:00Z,เมืองสุโขทัย,136,0.0,0.0,0.0,,,True
1790751600,2026-09-30T07:00:00Z,วัดสิงห์,67,0.0,0.0,0.0,,,True
1790751600,2026-09-30T07:00:00Z,บ้านด่านลานหอย,231,0.0,0.0,0.0,,,True
1790751600,2026-09-30T07:00:00Z,เมืองชัยนาท,70,0.0,0.0,0.0,,,True
1790751600,2026-09-30T07:00:00Z,เนินขาม,65,0.0,0.0,0.0,,,True
1790751600,2026-09-30T07:00:00Z,คอนสาร,334,0.0,0.0,0.0,,,True
1790751600,2026-09-30T07:00:00Z,ภักดีชุมพล,154,0.0,0.0,0.0,,,True
1790751600,2026-09-30T07:00:00Z,บ้านแท่น,76,0.0,0.0,0.0,,,True
1790751600,2026-09-30T07:00:00Z,แก้งคร้อ,168,0.0,0.0,0.0,,,True
1790751600,2026-09-30T07:00:00Z,ภูเขียว,201,0.0,0.0,0.0,,,True
1790751600,2026-09-30T07:00:00Z,หนองบัวระเหว,179,0.0,0.0,0.0,,,True
1790751600,2026-09-30T07:00:00Z,เทพสถิต,239,0.0,0.0,0.0,,,True
1790751600,2026-09-30T07:00:00Z,จัตุรัส,172,0.0,0.0,0.0,,,True
1790751600,2026-09-30T07:00:00Z,บำเหน็จณรงค์,120,0.0,0.0,0.0,,,True
1790751600,2026-09-30T07:00:00Z,เกษตรสมบูรณ์,268,0.0,0.0,0.0,,,True
1790751600,2026-09-30T07:00:00Z,หนองบัวแดง,537,0.0,0.0,0.0,,,True
1790751600,2026-09-30T07:00:00Z,ภูเรือ,168,0.0,0.0,0.0,,,True
1790751600,2026-09-30T07:00:00Z,ท่าลี่,171,0.0,0.0,0.0,,,True
1790751600,2026-09-30T07:00:00Z,วชิรบารมี,68,0.0,0.0,0.0,,,True
1790751600,2026-09-30T07:00:00Z,ด่านซ้าย,341,0.0,0.0,0.0,,,True
1790751600,2026-09-30T07:00:00Z,นาแห้ว,153,0.0,0.0,0.0,,,True
1790751600,2026-09-30T07:00:00Z,บึงนาราง,74,0.0,0.0,0.0,,,True
1790751600,2026-09-30T07:00:00Z,เชียงคาน,213,0.0,0.0,0.0,,,True
1790751600,2026-09-30T07:00:00Z,ดงเจริญ,56,0.0,0.0,0.0,,,True
1790751600,2026-09-30T07:00:00Z,ปากชม,240,0.0,0.0,0.0,,,True
1790751600,2026-09-30T07:00:00Z,เมืองเลย,314,0.0,0.0,0.0,,,True
1790751600,2026-09-30T07:00:00Z,นาด้วง,143,0.0,0.0,0.0,,,True
1790751600,2026-09-30T07:00:00Z,สากเหล็ก,45,0.0,0.0,0.0,,,True
1790751600,2026-09-30T07:00:00Z,สามง่าม,89,0.0,0.0,0.0,,,True
1790751600,2026-09-30T07:00:00Z,ทับคล้อ,104,0.0,0.0,0.0,,,True
1790751600,2026-09-30T07:00:00Z,พรหมพิราม,206,0.0,0.0,0.0,,,True
1790751600,2026-09-30T07:00:00Z,ด่านขุนทด,344,0.0,0.0,0.0,,,True
1790751600,2026-09-30T07:00:00Z,วัดโบสถ์,226,0.0,0.0,0.0,,,True
1790751600,2026-09-30T07:00:00Z,บางระกำ,246,0.0,0.0,0.0,,,True
1790751600,2026-09-30T07:00:00Z,บางกระทุ่ม,91,0.0,0.0,0.0,,,True
1790751600,2026-09-30T07:00:00Z,นครไทย,597,0.0,0.0,0.0,,,True
1790751600,2026-09-30T07:00:00Z,ชาติตระการ,415,0.006,0.413,0.0241,,15,True
1790751600,2026-09-30T07:00:00Z,บ้านเหลื่อม,55,0.0,0.0,0.0,,,True
1790751600,2026-09-30T07:00:00Z,เมืองพิษณุโลก,178,0.0,0.0,0.0,,,True
1790751600,2026-09-30T07:00:00Z,ชุมแสง,145,0.0,0.0,0.0,,,True
1790751600,2026-09-30T07:00:00Z,หนองบัว,208,0.0,0.0,0.0,,,True
1790751600,2026-09-30T07:00:00Z,เมืองนครสวรรค์,183,0.0,0.0,0.0,,,True
1790751600,2026-09-30T07:00:00Z,โกรกพระ,71,0.0,0.0,0.0,,,True
1790751600,2026-09-30T07:00:00Z,ไพศาลี,244,0.0,0.0,0.0,,,True
1790751600,2026-09-30T07:00:00Z,ตาคลี,206,0.0,0.0,0.0,,,True
1790751600,2026-09-30T07:00:00Z,ท่าตะโก,211,0.0,0.0,0.0,,,True
1790751600,2026-09-30T07:00:00Z,เขาค้อ,207,0.0,0.0,0.0,,,True
1790751600,2026-09-30T07:00:00Z,บรรพตพิสัย,181,0.0,0.0,0.0,,,True
1790751600,2026-09-30T07:00:00Z,เก้าเลี้ยว,57,0.0,0.0,0.0,,,True
1790751600,2026-09-30T07:00:00Z,วังโป่ง,123,0.0,0.0,0.0,,,True
1790751600,2026-09-30T07:00:00Z,บึงสามพัน,194,0.003,0.098,0.0258,,15,True
1790751600,2026-09-30T07:00:00Z,น้ำหนาว,231,0.0,0.0,0.0,,,True
1790751600,2026-09-30T07:00:00Z,ศรีเทพ,204,0.0,0.0,0.0,,,True
1790751600,2026-09-30T07:00:00Z,หนองไผ่,315,0.003,0.098,0.0317,,45,True
1790751600,2026-09-30T07:00:00Z,มหาราช,4,0.0,0.0,0.0,,,False
1790751600,2026-09-30T07:00:00Z,บ้านแพรก,10,0.0,0.0,0.0,,,True
1790751600,2026-09-30T07:00:00Z,บางมูลนาก,99,0.0,0.0,0.0,,,True
1790751600,2026-09-30T07:00:00Z,โพทะเล,131,0.0,0.0,0.0,,,True
1790751600,2026-09-30T07:00:00Z,โพธิ์ประทับช้าง,102,0.0,0.0,0.0,,,True
1790751600,2026-09-30T07:00:00Z,ตะพานหิน,109,0.0,0.0,0.0,,,True
1790751600,2026-09-30T07:00:00Z,เมืองพิจิตร,138,0.0,0.0,0.0,,,True
1790751600,2026-09-30T07:00:00Z,วังทรายพูน,66,0.0,0.0,0.0,,,True
1790752500,2026-09-30T07:15:00Z,พิชัย,176,0.0,0.0,0.0,,,True
1790752500,2026-09-30T07:15:00Z,ลับแล,116,0.0,0.0,0.0,,,True
1790752500,2026-09-30T07:15:00Z,ฟากท่า,163,0.0,0.0,0.0,,,True
1790752500,2026-09-30T07:15:00Z,บ้านโคก,247,0.0,0.0,0.0,,,True
1790752500,2026-09-30T07:15:00Z,ท่าปลา,442,0.0,0.0,0.0,,,True
1790752500,2026-09-30T07:15:00Z,น้ำปาด,363,0.001,0.098,0.0055,,90,True
1790752500,2026-09-30T07:15:00Z,เมืองอุตรดิตถ์,202,0.0,0.0,0.0,,,True
1790752500,2026-09-30T07:15:00Z,ตรอน,80,0.0,0.0,0.0,,,True
1790752500,2026-09-30T07:15:00Z,หล่มเก่า,246,0.001,0.098,0.0081,,105,True
1790752500,2026-09-30T07:15:00Z,วิเชียรบุรี,377,0.0,0.0,0.0,,,True
1790752500,2026-09-30T07:15:00Z,ชนแดน,279,0.0,0.0,0.0,,,True
1790752500,2026-09-30T07:15:00Z,หล่มสัก,350,0.001,0.098,0.0057,,90,True
1790752500,2026-09-30T07:15:00Z,เมืองเพชรบูรณ์,571,0.0,0.0,0.0,,,True
1790752500,2026-09-30T07:15:00Z,ทองแสนขัน,185,0.0,0.0,0.0,,,True
1790752500,2026-09-30T07:15:00Z,บึงสามัคคี,71,0.0,0.0,0.0,,,True
1790752500,2026-09-30T07:15:00Z,โกสัมพีนคร,137,0.079,0.69,0.2263,30,15,True
1790752500,2026-09-30T07:15:00Z,สอง,380,0.0,0.0,0.0,,,True
1790752500,2026-09-30T07:15:00Z,วังชิ้น,255,0.008,0.294,0.051,,60,True
1790752500,2026-09-30T07:15:00Z,สูงเม่น,88,0.006,0.288,0.0341,,15,True
1790752500,2026-09-30T07:15:00Z,เด่นชัย,135,0.0,0.0,0.0,,,True
1790752500,2026-09-30T07:15:00Z,ร้องกวาง,221,0.002,0.098,0.0181,,30,True
1790752500,2026-09-30T07:15:00Z,ลอง,317,0.0,0.0,0.0,,,True
1790752500,2026-09-30T07:15:00Z,เมืองแพร่,205,0.004,0.201,0.0293,,60,True
1790752500,2026-09-30T07:15:00Z,ทัพทัน,94,0.0,0.0,0.0,,,True
1790752500,2026-09-30T07:15:00Z,สว่างอารมณ์,110,0.0,0.0,0.0,,,True
1790752500,2026-09-30T07:15:00Z,เมืองอุทัยธานี,59,0.0,0.0,0.0,,,True
1790752500,2026-09-30T07:15:00Z,ห้วยคต,94,0.097,0.88,0.3511,30,15,True
1790752500,2026-09-30T07:15:00Z,ศรีสวัสดิ์,440,0.0,0.0,0.0,,,True
1790752500,2026-09-30T07:15:00Z,บ้านไร่,821,0.018,0.848,0.1194,105,15,True
1790752500,2026-09-30T07:15:00Z,ลานสัก,360,0.025,0.701,0.0944,,60,True
1790752500,2026-09-30T07:15:00Z,หนองฉาง,89,0.0,0.0,0.0,,,True
1790752500,2026-09-30T07:15:00Z,หนองขาหย่าง,43,0.0,0.0,0.0,,,True
1790752500,2026-09-30T07:15:00Z,เชียงม่วน,82,0.0,0.0,0.0,,,True
1790752500,2026-09-30T07:15:00Z,ดอกคำใต้,37,0.0,0.0,0.0,,,True
1790752500,2026-09-30T07:15:00Z,เมืองพะเยา,6,0.0,0.0,0.0,,,True
1790752500,2026-09-30T07:15:00Z,ทองผาภูมิ,851,0.0,0.0,0.0,,,True
1790752500,2026-09-30T07:15:00Z,สังขละบุรี,793,0.0,0.0,0.0,,,True
1790752500,2026-09-30T07:15:00Z,หนองม่วงไข่,35,0.0,0.0,0.0,,,True
1790752500,2026-09-30T07:15:00Z,ภูเวียง,81,0.0,0.0,0.0,,,True
1790752500,2026-09-30T07:15:00Z,มัญจาคีรี,50,0.0,0.0,0.0,,,True
1790752500,2026-09-30T07:15:00Z,หนองปรือ,104,0.0,0.0,0.0,,,True
1790752500,2026-09-30T07:15:00Z,เลาขวัญ,123,0.0,0.0,0.0,,,True
1790752500,2026-09-30T07:15:00Z,หนองนาคำ,43,0.0,0.0,0.0,,,True
1790752500,2026-09-30T07:15:00Z,โคกโพธิ์ไชย,65,0.0,0.0,0.0,,,True
1790752500,2026-09-30T07:15:00Z,บ้านหลวง,91,0.0,0.0,0.0,,,True
1790752500,2026-09-30T07:15:00Z,นาน้อย,266,0.0,0.0,0.0,,,True
1790752500,2026-09-30T07:15:00Z,ภูผาม่าน,74,0.0,0.0,0.0,,,True
1790752500,2026-09-30T07:15:00Z,เมืองน่าน,161,0.0,0.0,0.0,,,True
1790752500,2026-09-30T07:15:00Z,แม่จริม,262,0.0,0.0,0.0,,,True
1790752500,2026-09-30T07:15:00Z,เวียงเก่า,78,0.005,0.098,0.0513,,105,True
1790752500,2026-09-30T07:15:00Z,เมืองกำแพงเพชร,368,0.0,0.0,0.0,,,True
1790752500,2026-09-30T07:15:00Z,ไทรงาม,133,0.0,0.0,0.0,,,True
1790752500,2026-09-30T07:15:00Z,ปางศิลาทอง,186,0.0,0.0,0.0,,,True
1790752500,2026-09-30T07:15:00Z,ลานกระบือ,103,0.0,0.0,0.0,,,True
1790752500,2026-09-30T07:15:00Z,ทรายทองวัฒนา,53,0.0,0.0,0.0,,,True
1790752500,2026-09-30T07:15:00Z,คลองขลุง,179,0.0,0.0,0.0,,,True
1790752500,2026-09-30T07:15:00Z,พรานกระต่าย,252,0.015,0.592,0.0556,,90,True
1790752500,2026-09-30T07:15:00Z,คลองลาน,363,0.001,0.098,0.0055,,30,True
1790752500,2026-09-30T07:15:00Z,ขาณุวรลักษบุรี,296,0.0,0.0,0.0,,,True
1790752500,2026-09-30T07:15:00Z,ภูเพียง,113,0.0,0.0,0.0,,,True
1790752500,2026-09-30T07:15:00Z,นาหมื่น,245,0.0,0.0,0.0,,,True
1790752500,2026-09-30T07:15:00Z,เวียงสา,543,0.0,0.0,0.0,,,True
1790752500,2026-09-30T07:15:00Z,น้ำโสม,153,0.0,0.0,0.0,,,True
1790752500,2026-09-30T07:15:00Z,นายูง,126,0.0,0.0,0.0,,,True
1790752500,2026-09-30T07:15:00Z,ชุมแพ,173,0.005,0.196,0.0462,,45,True
1790752500,2026-09-30T07:15:00Z,สีชมพู,132,0.0,0.0,0.0,,,True
1790752500,2026-09-30T07:15:00Z,สุวรรณคูหา,140,0.0,0.0,0.0,,,True
1790752500,2026-09-30T07:15:00Z,นาวัง,65,0.0,0.0,0.0,,,True
1790752500,2026-09-30T07:15:00Z,หนองเรือ,80,0.0,0.0,0.0,,,True
1790752500,2026-09-30T07:15:00Z,โนนสัง,51,0.0,0.0,0.0,,,True
1790752500,2026-09-30T07:15:00Z,ศรีบุญเรือง,224,0.0,0.0,0.0,,,True
1790752500,2026-09-30T07:15:00Z,เมืองหนองบัวลำภู,217,0.0,0.0,0.0,,,True
1790752500,2026-09-30T07:15:00Z,นากลาง,173,0.0,0.0,0.0,,,True
1790752500,2026-09-30T07:15:00Z,ทุ่งเสลี่ยม,144,0.0,0.0,0.0,,,True
1790752500,2026-09-30T07:15:00Z,ดอยหล่อ,56,0.0,0.0,0.0,,,True
1790752500,2026-09-30T07:15:00Z,เมืองตาก,486,0.0,0.0,0.0,,,True
1790752500,2026-09-30T07:15:00Z,แม่ออน,116,0.0,0.0,0.0,,,True
1790752500,2026-09-30T07:15:00Z,อุ้มผาง,1209,0.003,0.201,0.0182,,15,True
1790752500,2026-09-30T07:15:00Z,วังเจ้า,183,0.0,0.0,0.0,,,True
1790752500,2026-09-30T07:15:00Z,แม่สอด,398,0.0,0.0,0.0,,,True
1790752500,2026-09-30T07:15:00Z,พบพระ,249,0.0,0.0,0.0,,,True
1790752500,2026-09-30T07:15:00Z,แม่ระมาด,380,0.0,0.0,0.0,,,True
1790752500,2026-09-30T07:15:00Z,ท่าสองยาง,401,0.0,0.0,0.0,,,True
1790752500,2026-09-30T07:15:00Z,บ้านตาก,255,0.0,0.0,0.0,,,True
1790752500,2026-09-30T07:15:00Z,สามเงา,698,0.0,0.0,0.0,,,True
1790752500,2026-09-30T07:15:00Z,จอมทอง,280,0.0,0.0,0.0,,,True
1790752500,2026-09-30T07:15:00Z,แก้งสนามนาง,79,0.0,0.0,0.0,,,True
1790752500,2026-09-30T07:15:00Z,สีคิ้ว,292,0.0,0.0,0.0,,,True
1790752500,2026-09-30T07:15:00Z,พระทองคำ,90,0.0,0.0,0.0,,,True
1790752500,2026-09-30T07:15:00Z,เทพารักษ์,92,0.0,0.0,0.0,,,True
1790752500,2026-09-30T07:15:00Z,สันกำแพง,65,0.0,0.0,0.0,,,True
1790752500,2026-09-30T07:15:00Z,สันป่าตอง,44,0.0,0.0,0.0,,,True
1790752500,2026-09-30T07:15:00Z,ดอยเต่า,213,0.0,0.0,0.0,,,True
1790752500,2026-09-30T07:15:00Z,อมก๋อย,704,0.0,0.0,0.0,,,True
1790752500,2026-09-30T07:15:00Z,ฮอด,378,0.0,0.0,0.0,,,True
1790752500,2026-09-30T07:15:00Z,เมืองลำพูน,117,0.0,0.0,0.0,,,True
1790752500,2026-09-30T07:15:00Z,แม่ทา,192,0.0,0.0,0.0,,,True
1790752500,2026-09-30T07:15:00Z,บ้านธิ,34,0.0,0.0,0.0,,,True
1790752500,2026-09-30T07:15:00Z,บ้านหมอ,24,0.0,0.0,0.0,,,True
1790752500,2026-09-30T07:15:00Z,เวียงหนองล่อง,14,0.0,0.0,0.0,,,True
1790752500,2026-09-30T07:15:00Z,ทุ่งหัวช้าง,113,0.0,0.0,0.0,,,True
1790752500,2026-09-30T07:15:00Z,ป่าซาง,74,0.0,0.0,0.0,,,True
1790752500,2026-09-30T07:15:00Z,บ้านโฮ่ง,124,0.0,0.0,0.0,,,True
1790752500,2026-09-30T07:15:00Z,แก่งคอย,73,0.0,0.0,0.0,,,True
1790752500,2026-09-30T07:15:00Z,ลี้,454,0.0,0.0,0.0,,,True
1790752500,2026-09-30T07:15:00Z,พระพุทธบาท,55,0.0,0.0,0.0,,,True
1790752500,2026-09-30T07:15:00Z,ดอนพุด,7,0.0,0.0,0.0,,,True
1790752500,2026-09-30T07:15:00Z,หนองโดน,31,0.0,0.0,0.0,,,True
1790752500,2026-09-30T07:15:00Z,เมืองลำปาง,300,0.0,0.0,0.0,,,True
1790752500,2026-09-30T07:15:00Z,เถิน,443,0.005,0.299,0.0361,,15,True
1790752500,2026-09-30T07:15:00Z,แม่พริก,167,0.0,0.0,0.0,,,True
1790752500,2026-09-30T07:15:00Z,แจ้ห่ม,274,0.0,0.0,0.0,,,True
1790752500,2026-09-30T07:15:00Z,แม่เปิน,85,0.0,0.0,0.0,,,True
1790752500,2026-09-30T07:15:00Z,เสริมงาม,185,0.0,0.0,0.0,,,True
1790752500,2026-09-30T07:15:00Z,ชุมตาบง,61,0.0,0.0,0.0,,,True
1790752500,2026-09-30T07:15:00Z,งาว,344,0.0,0.0,0.0,,,True
1790752500,2026-09-30T07:15:00Z,ตากฟ้า,125,0.0,0.0,0.0,,,True
1790752500,2026-09-30T07:15:00Z,แม่เมาะ,283,0.0,0.0,0.0,,,True
1790752500,2026-09-30T07:15:00Z,แม่วงก์,257,0.0,0.0,0.0,,,True
1790752500,2026-09-30T07:15:00Z,เกาะคา,128,0.0,0.0,0.0,,,True
1790752500,2026-09-30T07:15:00Z,พยุหะคีรี,169,0.0,0.0,0.0,,,True
1790752500,2026-09-30T07:15:00Z,ลาดยาว,187,0.0,0.0,0.0,,,True
1790752500,2026-09-30T07:15:00Z,สบปราบ,125,0.0,0.0,0.0,,,True
1790752500,2026-09-30T07:15:00Z,ห้างฉัตร,154,0.0,0.0,0.0,,,True
1790752500,2026-09-30T07:15:00Z,แม่ทะ,203,0.0,0.0,0.0,,,True
1790752500,2026-09-30T07:15:00Z,เมืองปาน,202,0.0,0.0,0.0,,,True
1790752500,2026-09-30T07:15:00Z,เมืองอ่างทอง,6,0.0,0.0,0.0,,,True
1790752500,2026-09-30T07:15:00Z,ไชโย,20,0.0,0.0,0.0,,,True
1790752500,2026-09-30T07:15:00Z,สามโก้,10,0.0,0.0,0.0,,,True
1790752500,2026-09-30T07:15:00Z,แสวงหา,43,0.0,0.0,0.0,,,True
1790752500,2026-09-30T07:15:00Z,วิเศษชัยชาญ,7,0.0,0.0,0.0,,,True
1790752500,2026-09-30T07:15:00Z,โพธิ์ทอง,48,0.0,0.0,0.0,,,True
1790752500,2026-09-30T07:15:00Z,เมืองลพบุรี,190,0.0,0.0,0.0,,,True
1790752500,2026-09-30T07:15:00Z,เดิมบางนางบวช,130,0.0,0.0,0.0,,,True
1790752500,2026-09-30T07:15:00Z,ด่านช้าง,309,0.012,0.848,0.0712,,15,True
1790752500,2026-09-30T07:15:00Z,หนองม่วง,111,0.0,0.0,0.0,,,True
1790752500,2026-09-30T07:15:00Z,ลำสนธิ,136,0.0,0.0,0.0,,,True
1790752500,2026-09-30T07:15:00Z,สามชุก,77,0.0,0.0,0.0,,,True
1790752500,2026-09-30T07:15:00Z,ดอนเจดีย์,72,0.0,0.0,0.0,,,True
1790752500,2026-09-30T07:15:00Z,สระโบสถ์,83,0.0,0.0,0.0,,,True
1790752500,2026-09-30T07:15:00Z,ศรีประจันต์,41,0.0,0.0,0.0,,,True
1790752500,2026-09-30T07:15:00Z,โคกเจริญ,135,0.0,0.0,0.0,,,True
1790752500,2026-09-30T07:15:00Z,บ้านหมี่,136,0.0,0.0,0.0,,,True
1790752500,2026-09-30T07:15:00Z,ท่าหลวง,100,0.0,0.0,0.0,,,True
1790752500,2026-09-30T07:15:00Z,ชัยบาดาล,280,0.0,0.0,0.0,,,True
1790752500,2026-09-30T07:15:00Z,ท่าวุ้ง,64,0.0,0.0,0.0,,,True
1790752500,2026-09-30T07:15:00Z,พัฒนานิคม,217,0.0,0.0,0.0,,,True
1790752500,2026-09-30T07:15:00Z,โคกสำโรง,180,0.0,0.0,0.0,,,True
1790752500,2026-09-30T07:15:00Z,หนองหญ้าไซ,108,0.0,0.0,0.0,,,True
1790752500,2026-09-30T07:15:00Z,ท่าช้าง,11,0.0,0.0,0.0,,,True
1790752500,2026-09-30T07:15:00Z,อินทร์บุรี,66,0.0,0.0,0.0,,,True
1790752500,2026-09-30T07:15:00Z,ค่ายบางระจัน,26,0.0,0.0,0.0,,,True
1790752500,2026-09-30T07:15:00Z,พรหมบุรี,19,0.0,0.0,0.0,,,True
1790752500,2026-09-30T07:15:00Z,เนินสง่า,65,0.0,0.0,0.0,,,True
1790752500,2026-09-30T07:15:00Z,เมืองสิงห์บุรี,31,0.0,0.0,0.0,,,True
1790752500,2026-09-30T07:15:00Z,ซับใหญ่,72,0.0,0.0,0.0,,,True
1790752500,2026-09-30T07:15:00Z,บางระจัน,46,0.0,0.0,0.0,,,True
1790752500,2026-09-30T07:15:00Z,ภูกระดึง,190,0.0,0.0,0.0,,,True
1790752500,2026-09-30T07:15:00Z,ภูหลวง,145,0.0,0.0,0.0,,,True
1790752500,2026-09-30T07:15:00Z,หนองหิน,78,0.0,0.0,0.0,,,True
1790752500,2026-09-30T07:15:00Z,ผาขาว,100,0.0,0.0,0.0,,,True
1790752500,2026-09-30T07:15:00Z,เอราวัณ,87,0.0,0.0,0.0,,,True
1790752500,2026-09-30T07:15:00Z,วังสะพุง,281,0.0,0.0,0.0,,,True
1790752500,2026-09-30T07:15:00Z,วังม่วง,70,0.0,0.0,0.0,,,True
1790752500,2026-09-30T07:15:00Z,เฉลิมพระเกียรติ,35,0.0,0.0,0.0,,,True
1790752500,2026-09-30T07:15:00Z,มวกเหล็ก,175,0.0,0.0,0.0,,,True
1790752500,2026-09-30T07:15:00Z,บ้านเขว้า,124,0.0,0.0,0.0,,,True
1790752500,2026-09-30T07:15:00Z,คอนสวรรค์,113,0.0,0.0,0.0,,,True
1790752500,2026-09-30T07:15:00Z,เมืองชัยภูมิ,358,0.0,0.0,0.0,,,True
1790752500,2026-09-30T07:15:00Z,วังทอง,425,0.0,0.0,0.0,,,True
1790752500,2026-09-30T07:15:00Z,เนินมะปราง,276,0.0,0.0,0.0,,,True
1790752500,2026-09-30T07:15:00Z,สวรรคโลก,156,0.0,0.0,0.0,,,True
1790752500,2026-09-30T07:15:00Z,ศรีนคร,46,0.0,0.0,0.0,,,True
1790752500,2026-09-30T07:15:00Z,หันคา,139,0.0,0.0,0.0,,,True
1790752500,2026-09-30T07:15:00Z,ศรีสัชนาลัย,534,0.004,0.294,0.0281,,15,True
1790752500,2026-09-30T07:15:00Z,หนองมะโมง,76,0.0,0.0,0.0,,,True
1790752500,2026-09-30T07:15:00Z,ศรีสำโรง,142,0.0,0.0,0.0,,,True
1790752500,2026-09-30T07:15:00Z,สรรพยา,55,0.0,0.0,0.0,,,True
1790752500,2026-09-30T07:15:00Z,คีรีมาศ,171,0.0,0.0,0.0,,,True
1790752500,2026-09-30T07:15:00Z,สรรคบุรี,89,0.0,0.0,0.0,,,True
1790752500,2026-09-30T07:15:00Z,กงไกรลาศ,108,0.0,0.0,0.0,,,True
1790752500,2026-09-30T07:15:00Z,มโนรมย์,66,0.0,0.0,0.0,,,True
1790752500,2026-09-30T07:15:00Z,เมืองสุโขทัย,136,0.0,0.0,0.0,,,True
1790752500,2026-09-30T07:15:00Z,วัดสิงห์,67,0.0,0.0,0.0,,,True
1790752500,2026-09-30T07:15:00Z,บ้านด่านลานหอย,231,0.0,0.0,0.0,,,True
1790752500,2026-09-30T07:15:00Z,เมืองชัยนาท,70,0.0,0.0,0.0,,,True
1790752500,2026-09-30T07:15:00Z,เนินขาม,65,0.0,0.0,0.0,,,True
1790752500,2026-09-30T07:15:00Z,คอนสาร,334,0.0,0.0,0.0,,,True
1790752500,2026-09-30T07:15:00Z,ภักดีชุมพล,154,0.0,0.0,0.0,,,True
1790752500,2026-09-30T07:15:00Z,บ้านแท่น,76,0.0,0.0,0.0,,,True
1790752500,2026-09-30T07:15:00Z,แก้งคร้อ,168,0.0,0.0,0.0,,,True
1790752500,2026-09-30T07:15:00Z,ภูเขียว,201,0.002,0.098,0.0249,,15,True
1790752500,2026-09-30T07:15:00Z,หนองบัวระเหว,179,0.0,0.0,0.0,,,True
1790752500,2026-09-30T07:15:00Z,เทพสถิต,239,0.0,0.0,0.0,,,True
1790752500,2026-09-30T07:15:00Z,จัตุรัส,172,0.0,0.0,0.0,,,True
1790752500,2026-09-30T07:15:00Z,บำเหน็จณรงค์,120,0.0,0.0,0.0,,,True
1790752500,2026-09-30T07:15:00Z,เกษตรสมบูรณ์,268,0.0,0.0,0.0,,,True
1790752500,2026-09-30T07:15:00Z,หนองบัวแดง,537,0.0,0.0,0.0,,,True
1790752500,2026-09-30T07:15:00Z,ภูเรือ,168,0.0,0.0,0.0,,,True
1790752500,2026-09-30T07:15:00Z,ท่าลี่,171,0.0,0.0,0.0,,,True
1790752500,2026-09-30T07:15:00Z,วชิรบารมี,68,0.0,0.0,0.0,,,True
1790752500,2026-09-30T07:15:00Z,ด่านซ้าย,341,0.0,0.0,0.0,,,True
1790752500,2026-09-30T07:15:00Z,นาแห้ว,153,0.0,0.0,0.0,,,True
1790752500,2026-09-30T07:15:00Z,บึงนาราง,74,0.0,0.0,0.0,,,True
1790752500,2026-09-30T07:15:00Z,เชียงคาน,213,0.0,0.0,0.0,,,True
1790752500,2026-09-30T07:15:00Z,ดงเจริญ,56,0.0,0.0,0.0,,,True
1790752500,2026-09-30T07:15:00Z,ปากชม,240,0.0,0.0,0.0,,,True
1790752500,2026-09-30T07:15:00Z,เมืองเลย,314,0.0,0.0,0.0,,,True
1790752500,2026-09-30T07:15:00Z,นาด้วง,143,0.0,0.0,0.0,,,True
1790752500,2026-09-30T07:15:00Z,สากเหล็ก,45,0.0,0.0,0.0,,,True
1790752500,2026-09-30T07:15:00Z,สามง่าม,89,0.0,0.0,0.0,,,True
1790752500,2026-09-30T07:15:00Z,ทับคล้อ,104,0.0,0.0,0.0,,,True
1790752500,2026-09-30T07:15:00Z,พรหมพิราม,206,0.0,0.0,0.0,,,True
1790752500,2026-09-30T07:15:00Z,ด่านขุนทด,344,0.0,0.0,0.0,,,True
1790752500,2026-09-30T07:15:00Z,วัดโบสถ์,226,0.0,0.0,0.0,,,True
1790752500,2026-09-30T07:15:00Z,บางระกำ,246,0.0,0.0,0.0,,,True
1790752500,2026-09-30T07:15:00Z,บางกระทุ่ม,91,0.0,0.0,0.0,,,True
1790752500,2026-09-30T07:15:00Z,นครไทย,597,0.0,0.0,0.0,,,True
1790752500,2026-09-30T07:15:00Z,ชาติตระการ,415,0.0,0.0,0.0,,,True
1790752500,2026-09-30T07:15:00Z,บ้านเหลื่อม,55,0.0,0.0,0.0,,,True
1790752500,2026-09-30T07:15:00Z,เมืองพิษณุโลก,178,0.0,0.0,0.0,,,True
1790752500,2026-09-30T07:15:00Z,ชุมแสง,145,0.0,0.0,0.0,,,True
1790752500,2026-09-30T07:15:00Z,หนองบัว,208,0.0,0.0,0.0,,,True
1790752500,2026-09-30T07:15:00Z,เมืองนครสวรรค์,183,0.0,0.0,0.0,,,True
1790752500,2026-09-30T07:15:00Z,โกรกพระ,71,0.0,0.0,0.0,,,True
1790752500,2026-09-30T07:15:00Z,ไพศาลี,244,0.0,0.0,0.0,,,True
1790752500,2026-09-30T07:15:00Z,ตาคลี,206,0.0,0.0,0.0,,,True
1790752500,2026-09-30T07:15:00Z,ท่าตะโก,211,0.0,0.0,0.0,,,True
1790752500,2026-09-30T07:15:00Z,เขาค้อ,207,0.004,0.098,0.0435,,15,True
1790752500,2026-09-30T07:15:00Z,บรรพตพิสัย,181,0.0,0.0,0.0,,,True
1790752500,2026-09-30T07:15:00Z,เก้าเลี้ยว,57,0.0,0.0,0.0,,,True
1790752500,2026-09-30T07:15:00Z,วังโป่ง,123,0.0,0.0,0.0,,,True
1790752500,2026-09-30T07:15:00Z,บึงสามพัน,194,0.0,0.0,0.0,,,True
1790752500,2026-09-30T07:15:00Z,น้ำหนาว,231,0.0,0.0,0.0,,,True
1790752500,2026-09-30T07:15:00Z,ศรีเทพ,204,0.0,0.0,0.0,,,True
1790752500,2026-09-30T07:15:00Z,หนองไผ่,315,0.0,0.0,0.0,,,True
1790752500,2026-09-30T07:15:00Z,มหาราช,4,0.0,0.0,0.0,,,False
1790752500,2026-09-30T07:15:00Z,บ้านแพรก,10,0.0,0.0,0.0,,,True
1790752500,2026-09-30T07:15:00Z,บางมูลนาก,99,0.0,0.0,0.0,,,True
1790752500,2026-09-30T07:15:00Z,โพทะเล,131,0.0,0.0,0.0,,,True
1790752500,2026-09-30T07:15:00Z,โพธิ์ประทับช้าง,102,0.0,0.0,0.0,,,True
1790752500,2026-09-30T07:15:00Z,ตะพานหิน,109,0.0,0.0,0.0,,,True
1790752500,2026-09-30T07:15:00Z,เมืองพิจิตร,138,0.0,0.0,0.0,,,True
1790752500,2026-09-30T07:15:00Z,วังทรายพูน,66,0.0,0.0,0.0,,,True
1790753400,2026-09-30T07:30:00Z,พิชัย,176,0.0,0.0,0.0,,,True
1790753400,2026-09-30T07:30:00Z,ลับแล,116,0.0,0.0,0.0,,,True
1790753400,2026-09-30T07:30:00Z,ฟากท่า,163,0.0,0.0,0.0,,,True
1790753400,2026-09-30T07:30:00Z,บ้านโคก,247,0.0,0.0,0.0,,,True
1790753400,2026-09-30T07:30:00Z,ท่าปลา,442,0.0,0.0,0.0,,,True
1790753400,2026-09-30T07:30:00Z,น้ำปาด,363,0.0,0.0,0.0,,,True
1790753400,2026-09-30T07:30:00Z,เมืองอุตรดิตถ์,202,0.0,0.0,0.0,,,True
1790753400,2026-09-30T07:30:00Z,ตรอน,80,0.0,0.0,0.0,,,True
1790753400,2026-09-30T07:30:00Z,หล่มเก่า,246,0.0,0.0,0.0,,,True
1790753400,2026-09-30T07:30:00Z,วิเชียรบุรี,377,0.0,0.0,0.0,,,True
1790753400,2026-09-30T07:30:00Z,ชนแดน,279,0.0,0.0,0.0,,,True
1790753400,2026-09-30T07:30:00Z,หล่มสัก,350,0.0,0.0,0.0,,,True
1790753400,2026-09-30T07:30:00Z,เมืองเพชรบูรณ์,571,0.0,0.0,0.0,,,True
1790753400,2026-09-30T07:30:00Z,ทองแสนขัน,185,0.0,0.0,0.0,,,True
1790753400,2026-09-30T07:30:00Z,บึงสามัคคี,71,0.0,0.0,0.0,,,True
1790753400,2026-09-30T07:30:00Z,โกสัมพีนคร,137,0.048,0.49,0.2555,45,15,True
1790753400,2026-09-30T07:30:00Z,สอง,380,0.0,0.0,0.0,,,True
1790753400,2026-09-30T07:30:00Z,วังชิ้น,255,0.001,0.098,0.0118,,105,True
1790753400,2026-09-30T07:30:00Z,สูงเม่น,88,0.001,0.098,0.0114,,15,True
1790753400,2026-09-30T07:30:00Z,เด่นชัย,135,0.0,0.0,0.0,,,True
1790753400,2026-09-30T07:30:00Z,ร้องกวาง,221,0.0,0.098,0.0045,,120,True
1790753400,2026-09-30T07:30:00Z,ลอง,317,0.0,0.0,0.0,,,True
1790753400,2026-09-30T07:30:00Z,เมืองแพร่,205,0.002,0.098,0.0244,,60,True
1790753400,2026-09-30T07:30:00Z,ทัพทัน,94,0.0,0.0,0.0,,,True
1790753400,2026-09-30T07:30:00Z,สว่างอารมณ์,110,0.0,0.0,0.0,,,True
1790753400,2026-09-30T07:30:00Z,เมืองอุทัยธานี,59,0.0,0.0,0.0,,,True
1790753400,2026-09-30T07:30:00Z,ห้วยคต,94,0.211,1.93,0.2979,15,15,True
1790753400,2026-09-30T07:30:00Z,ศรีสวัสดิ์,440,0.0,0.0,0.0,,,True
1790753400,2026-09-30T07:30:00Z,บ้านไร่,821,0.057,1.917,0.1133,120,15,True
1790753400,2026-09-30T07:30:00Z,ลานสัก,360,0.017,1.359,0.05,,60,True
1790753400,2026-09-30T07:30:00Z,หนองฉาง,89,0.0,0.0,0.0,,,True
1790753400,2026-09-30T07:30:00Z,หนองขาหย่าง,43,0.0,0.0,0.0,,,True
1790753400,2026-09-30T07:30:00Z,เชียงม่วน,82,0.0,0.0,0.0,,,True
1790753400,2026-09-30T07:30:00Z,ดอกคำใต้,37,0.0,0.0,0.0,,,True
1790753400,2026-09-30T07:30:00Z,เมืองพะเยา,6,0.0,0.0,0.0,,,True
1790753400,2026-09-30T07:30:00Z,ทองผาภูมิ,851,0.001,0.592,0.0024,,15,True
1790753400,2026-09-30T07:30:00Z,สังขละบุรี,793,0.001,0.196,0.0063,,15,True
1790753400,2026-09-30T07:30:00Z,หนองม่วงไข่,35,0.0,0.0,0.0,,,True
1790753400,2026-09-30T07:30:00Z,ภูเวียง,81,0.0,0.0,0.0,,,True
1790753400,2026-09-30T07:30:00Z,มัญจาคีรี,50,0.0,0.0,0.0,,,True
1790753400,2026-09-30T07:30:00Z,หนองปรือ,104,0.0,0.0,0.0,,,True
1790753400,2026-09-30T07:30:00Z,เลาขวัญ,123,0.0,0.0,0.0,,,True
1790753400,2026-09-30T07:30:00Z,หนองนาคำ,43,0.0,0.0,0.0,,,True
1790753400,2026-09-30T07:30:00Z,โคกโพธิ์ไชย,65,0.0,0.0,0.0,,,True
1790753400,2026-09-30T07:30:00Z,บ้านหลวง,91,0.0,0.0,0.0,,,True
1790753400,2026-09-30T07:30:00Z,นาน้อย,266,0.008,0.201,0.0639,,15,True
1790753400,2026-09-30T07:30:00Z,ภูผาม่าน,74,0.0,0.0,0.0,,,True
1790753400,2026-09-30T07:30:00Z,เมืองน่าน,161,0.0,0.0,0.0,,,True
1790753400,2026-09-30T07:30:00Z,แม่จริม,262,0.0,0.0,0.0,,,True
1790753400,2026-09-30T07:30:00Z,เวียงเก่า,78,0.0,0.0,0.0,,,True
1790753400,2026-09-30T07:30:00Z,เมืองกำแพงเพชร,368,0.0,0.0,0.0,,,True
1790753400,2026-09-30T07:30:00Z,ไทรงาม,133,0.0,0.0,0.0,,,True
1790753400,2026-09-30T07:30:00Z,ปางศิลาทอง,186,0.0,0.0,0.0,,,True
1790753400,2026-09-30T07:30:00Z,ลานกระบือ,103,0.0,0.0,0.0,,,True
1790753400,2026-09-30T07:30:00Z,ทรายทองวัฒนา,53,0.0,0.0,0.0,,,True
1790753400,2026-09-30T07:30:00Z,คลองขลุง,179,0.0,0.0,0.0,,,True
1790753400,2026-09-30T07:30:00Z,พรานกระต่าย,252,0.0,0.0,0.0,,,True
1790753400,2026-09-30T07:30:00Z,คลองลาน,363,0.015,0.196,0.124,105,15,True
1790753400,2026-09-30T07:30:00Z,ขาณุวรลักษบุรี,296,0.0,0.0,0.0,,,True
1790753400,2026-09-30T07:30:00Z,ภูเพียง,113,0.0,0.0,0.0,,,True
1790753400,2026-09-30T07:30:00Z,นาหมื่น,245,0.001,0.098,0.0082,,15,True
1790753400,2026-09-30T07:30:00Z,เวียงสา,543,0.001,0.201,0.0055,,105,True
1790753400,2026-09-30T07:30:00Z,น้ำโสม,153,0.0,0.0,0.0,,,True
1790753400,2026-09-30T07:30:00Z,นายูง,126,0.0,0.0,0.0,,,True
1790753400,2026-09-30T07:30:00Z,ชุมแพ,173,0.0,0.0,0.0,,,True
1790753400,2026-09-30T07:30:00Z,สีชมพู,132,0.0,0.0,0.0,,,True
1790753400,2026-09-30T07:30:00Z,สุวรรณคูหา,140,0.0,0.0,0.0,,,True
1790753400,2026-09-30T07:30:00Z,นาวัง,65,0.0,0.0,0.0,,,True
1790753400,2026-09-30T07:30:00Z,หนองเรือ,80,0.0,0.0,0.0,,,True
1790753400,2026-09-30T07:30:00Z,โนนสัง,51,0.0,0.0,0.0,,,True
1790753400,2026-09-30T07:30:00Z,ศรีบุญเรือง,224,0.0,0.0,0.0,,,True
1790753400,2026-09-30T07:30:00Z,เมืองหนองบัวลำภู,217,0.0,0.0,0.0,,,True
1790753400,2026-09-30T07:30:00Z,นากลาง,173,0.0,0.0,0.0,,,True
1790753400,2026-09-30T07:30:00Z,ทุ่งเสลี่ยม,144,0.0,0.0,0.0,,,True
1790753400,2026-09-30T07:30:00Z,ดอยหล่อ,56,0.0,0.0,0.0,,,True
1790753400,2026-09-30T07:30:00Z,เมืองตาก,486,0.0,0.0,0.0,,,True
1790753400,2026-09-30T07:30:00Z,แม่ออน,116,0.0,0.0,0.0,,,True
1790753400,2026-09-30T07:30:00Z,อุ้มผาง,1209,0.01,1.235,0.0273,,15,True
1790753400,2026-09-30T07:30:00Z,วังเจ้า,183,0.0,0.0,0.0,,,True
1790753400,2026-09-30T07:30:00Z,แม่สอด,398,0.0,0.0,0.0,,,True
1790753400,2026-09-30T07:30:00Z,พบพระ,249,0.0,0.0,0.0,,,True
1790753400,2026-09-30T07:30:00Z,แม่ระมาด,380,0.0,0.0,0.0,,,True
1790753400,2026-09-30T07:30:00Z,ท่าสองยาง,401,0.0,0.0,0.0,,,True
1790753400,2026-09-30T07:30:00Z,บ้านตาก,255,0.0,0.0,0.0,,,True
1790753400,2026-09-30T07:30:00Z,สามเงา,698,0.0,0.0,0.0,,,True
1790753400,2026-09-30T07:30:00Z,จอมทอง,280,0.0,0.0,0.0,,,True
1790753400,2026-09-30T07:30:00Z,แก้งสนามนาง,79,0.0,0.0,0.0,,,True
1790753400,2026-09-30T07:30:00Z,สีคิ้ว,292,0.0,0.0,0.0,,,True
1790753400,2026-09-30T07:30:00Z,พระทองคำ,90,0.0,0.0,0.0,,,True
1790753400,2026-09-30T07:30:00Z,เทพารักษ์,92,0.0,0.0,0.0,,,True
1790753400,2026-09-30T07:30:00Z,สันกำแพง,65,0.0,0.0,0.0,,,True
1790753400,2026-09-30T07:30:00Z,สันป่าตอง,44,0.0,0.0,0.0,,,True
1790753400,2026-09-30T07:30:00Z,ดอยเต่า,213,0.0,0.0,0.0,,,True
1790753400,2026-09-30T07:30:00Z,อมก๋อย,704,0.0,0.0,0.0,,,True
1790753400,2026-09-30T07:30:00Z,ฮอด,378,0.0,0.0,0.0,,,True
1790753400,2026-09-30T07:30:00Z,เมืองลำพูน,117,0.0,0.0,0.0,,,True
1790753400,2026-09-30T07:30:00Z,แม่ทา,192,0.0,0.0,0.0,,,True
1790753400,2026-09-30T07:30:00Z,บ้านธิ,34,0.0,0.0,0.0,,,True
1790753400,2026-09-30T07:30:00Z,บ้านหมอ,24,0.0,0.0,0.0,,,True
1790753400,2026-09-30T07:30:00Z,เวียงหนองล่อง,14,0.0,0.0,0.0,,,True
1790753400,2026-09-30T07:30:00Z,ทุ่งหัวช้าง,113,0.0,0.0,0.0,,,True
1790753400,2026-09-30T07:30:00Z,ป่าซาง,74,0.0,0.0,0.0,,,True
1790753400,2026-09-30T07:30:00Z,บ้านโฮ่ง,124,0.0,0.0,0.0,,,True
1790753400,2026-09-30T07:30:00Z,แก่งคอย,73,0.0,0.0,0.0,,,True
1790753400,2026-09-30T07:30:00Z,ลี้,454,0.0,0.0,0.0,,,True
1790753400,2026-09-30T07:30:00Z,พระพุทธบาท,55,0.0,0.0,0.0,,,True
1790753400,2026-09-30T07:30:00Z,ดอนพุด,7,0.0,0.0,0.0,,,True
1790753400,2026-09-30T07:30:00Z,หนองโดน,31,0.0,0.0,0.0,,,True
1790753400,2026-09-30T07:30:00Z,เมืองลำปาง,300,0.0,0.0,0.0,,,True
1790753400,2026-09-30T07:30:00Z,เถิน,443,0.012,1.027,0.0248,,15,True
1790753400,2026-09-30T07:30:00Z,แม่พริก,167,0.0,0.0,0.0,,,True
1790753400,2026-09-30T07:30:00Z,แจ้ห่ม,274,0.0,0.0,0.0,,,True
1790753400,2026-09-30T07:30:00Z,แม่เปิน,85,0.0,0.0,0.0,,,True
1790753400,2026-09-30T07:30:00Z,เสริมงาม,185,0.0,0.0,0.0,,,True
1790753400,2026-09-30T07:30:00Z,ชุมตาบง,61,0.0,0.0,0.0,,,True
1790753400,2026-09-30T07:30:00Z,งาว,344,0.0,0.0,0.0,,,True
1790753400,2026-09-30T07:30:00Z,ตากฟ้า,125,0.0,0.0,0.0,,,True
1790753400,2026-09-30T07:30:00Z,แม่เมาะ,283,0.0,0.0,0.0,,,True
1790753400,2026-09-30T07:30:00Z,แม่วงก์,257,0.0,0.0,0.0,,,True
1790753400,2026-09-30T07:30:00Z,เกาะคา,128,0.0,0.0,0.0,,,True
1790753400,2026-09-30T07:30:00Z,พยุหะคีรี,169,0.0,0.0,0.0,,,True
1790753400,2026-09-30T07:30:00Z,ลาดยาว,187,0.0,0.0,0.0,,,True
1790753400,2026-09-30T07:30:00Z,สบปราบ,125,0.0,0.0,0.0,,,True
1790753400,2026-09-30T07:30:00Z,ห้างฉัตร,154,0.0,0.0,0.0,,,True
1790753400,2026-09-30T07:30:00Z,แม่ทะ,203,0.0,0.0,0.0,,,True
1790753400,2026-09-30T07:30:00Z,เมืองปาน,202,0.0,0.0,0.0,,,True
1790753400,2026-09-30T07:30:00Z,เมืองอ่างทอง,6,0.0,0.0,0.0,,,True
1790753400,2026-09-30T07:30:00Z,ไชโย,20,0.0,0.0,0.0,,,True
1790753400,2026-09-30T07:30:00Z,สามโก้,10,0.0,0.0,0.0,,,True
1790753400,2026-09-30T07:30:00Z,แสวงหา,43,0.0,0.0,0.0,,,True
1790753400,2026-09-30T07:30:00Z,วิเศษชัยชาญ,7,0.0,0.0,0.0,,,True
1790753400,2026-09-30T07:30:00Z,โพธิ์ทอง,48,0.0,0.0,0.0,,,True
1790753400,2026-09-30T07:30:00Z,เมืองลพบุรี,190,0.0,0.0,0.0,,,True
1790753400,2026-09-30T07:30:00Z,เดิมบางนางบวช,130,0.0,0.0,0.0,,,True
1790753400,2026-09-30T07:30:00Z,ด่านช้าง,309,0.046,1.304,0.0712,,15,True
1790753400,2026-09-30T07:30:00Z,หนองม่วง,111,0.0,0.0,0.0,,,True
1790753400,2026-09-30T07:30:00Z,ลำสนธิ,136,0.0,0.0,0.0,,,True
1790753400,2026-09-30T07:30:00Z,สามชุก,77,0.0,0.0,0.0,,,True
1790753400,2026-09-30T07:30:00Z,ดอนเจดีย์,72,0.0,0.0,0.0,,,True
1790753400,2026-09-30T07:30:00Z,สระโบสถ์,83,0.0,0.0,0.0,,,True
1790753400,2026-09-30T07:30:00Z,ศรีประจันต์,41,0.0,0.0,0.0,,,True
1790753400,2026-09-30T07:30:00Z,โคกเจริญ,135,0.0,0.0,0.0,,,True
1790753400,2026-09-30T07:30:00Z,บ้านหมี่,136,0.0,0.0,0.0,,,True
1790753400,2026-09-30T07:30:00Z,ท่าหลวง,100,0.0,0.0,0.0,,,True
1790753400,2026-09-30T07:30:00Z,ชัยบาดาล,280,0.0,0.0,0.0,,,True
1790753400,2026-09-30T07:30:00Z,ท่าวุ้ง,64,0.0,0.0,0.0,,,True
1790753400,2026-09-30T07:30:00Z,พัฒนานิคม,217,0.0,0.0,0.0,,,True
1790753400,2026-09-30T07:30:00Z,โคกสำโรง,180,0.0,0.0,0.0,,,True
1790753400,2026-09-30T07:30:00Z,หนองหญ้าไซ,108,0.0,0.0,0.0,,,True
1790753400,2026-09-30T07:30:00Z,ท่าช้าง,11,0.0,0.0,0.0,,,True
1790753400,2026-09-30T07:30:00Z,อินทร์บุรี,66,0.0,0.0,0.0,,,True
1790753400,2026-09-30T07:30:00Z,ค่ายบางระจัน,26,0.0,0.0,0.0,,,True
1790753400,2026-09-30T07:30:00Z,พรหมบุรี,19,0.0,0.0,0.0,,,True
1790753400,2026-09-30T07:30:00Z,เนินสง่า,65,0.0,0.0,0.0,,,True
1790753400,2026-09-30T07:30:00Z,เมืองสิงห์บุรี,31,0.0,0.0,0.0,,,True
1790753400,2026-09-30T07:30:00Z,ซับใหญ่,72,0.0,0.0,0.0,,,True
1790753400,2026-09-30T07:30:00Z,บางระจัน,46,0.0,0.0,0.0,,,True
1790753400,2026-09-30T07:30:00Z,ภูกระดึง,190,0.0,0.0,0.0,,,True
1790753400,2026-09-30T07:30:00Z,ภูหลวง,145,0.0,0.0,0.0,,,True
1790753400,2026-09-30T07:30:00Z,หนองหิน,78,0.0,0.0,0.0,,,True
1790753400,2026-09-30T07:30:00Z,ผาขาว,100,0.0,0.0,0.0,,,True
1790753400,2026-09-30T07:30:00Z,เอราวัณ,87,0.0,0.0,0.0,,,True
1790753400,2026-09-30T07:30:00Z,วังสะพุง,281,0.0,0.0,0.0,,,True
1790753400,2026-09-30T07:30:00Z,วังม่วง,70,0.0,0.0,0.0,,,True
1790753400,2026-09-30T07:30:00Z,เฉลิมพระเกียรติ,35,0.0,0.0,0.0,,,True
1790753400,2026-09-30T07:30:00Z,มวกเหล็ก,175,0.0,0.0,0.0,,,True
1790753400,2026-09-30T07:30:00Z,บ้านเขว้า,124,0.0,0.0,0.0,,,True
1790753400,2026-09-30T07:30:00Z,คอนสวรรค์,113,0.0,0.0,0.0,,,True
1790753400,2026-09-30T07:30:00Z,เมืองชัยภูมิ,358,0.0,0.0,0.0,,,True
1790753400,2026-09-30T07:30:00Z,วังทอง,425,0.0,0.0,0.0,,,True
1790753400,2026-09-30T07:30:00Z,เนินมะปราง,276,0.0,0.0,0.0,,,True
1790753400,2026-09-30T07:30:00Z,สวรรคโลก,156,0.0,0.0,0.0,,,True
1790753400,2026-09-30T07:30:00Z,ศรีนคร,46,0.0,0.0,0.0,,,True
1790753400,2026-09-30T07:30:00Z,หันคา,139,0.0,0.0,0.0,,,True
1790753400,2026-09-30T07:30:00Z,ศรีสัชนาลัย,534,0.006,0.196,0.0375,,15,True
1790753400,2026-09-30T07:30:00Z,หนองมะโมง,76,0.0,0.0,0.0,,,True
1790753400,2026-09-30T07:30:00Z,ศรีสำโรง,142,0.0,0.0,0.0,,,True
1790753400,2026-09-30T07:30:00Z,สรรพยา,55,0.0,0.0,0.0,,,True
1790753400,2026-09-30T07:30:00Z,คีรีมาศ,171,0.0,0.0,0.0,,,True
1790753400,2026-09-30T07:30:00Z,สรรคบุรี,89,0.0,0.0,0.0,,,True
1790753400,2026-09-30T07:30:00Z,กงไกรลาศ,108,0.0,0.0,0.0,,,True
1790753400,2026-09-30T07:30:00Z,มโนรมย์,66,0.0,0.0,0.0,,,True
1790753400,2026-09-30T07:30:00Z,เมืองสุโขทัย,136,0.0,0.0,0.0,,,True
1790753400,2026-09-30T07:30:00Z,วัดสิงห์,67,0.0,0.0,0.0,,,True
1790753400,2026-09-30T07:30:00Z,บ้านด่านลานหอย,231,0.0,0.0,0.0,,,True
1790753400,2026-09-30T07:30:00Z,เมืองชัยนาท,70,0.0,0.0,0.0,,,True
1790753400,2026-09-30T07:30:00Z,เนินขาม,65,0.0,0.0,0.0,,,True
1790753400,2026-09-30T07:30:00Z,คอนสาร,334,0.0,0.0,0.0,,,True
1790753400,2026-09-30T07:30:00Z,ภักดีชุมพล,154,0.0,0.0,0.0,,,True
1790753400,2026-09-30T07:30:00Z,บ้านแท่น,76,0.0,0.0,0.0,,,True
1790753400,2026-09-30T07:30:00Z,แก้งคร้อ,168,0.0,0.0,0.0,,,True
1790753400,2026-09-30T07:30:00Z,ภูเขียว,201,0.0,0.0,0.0,,,True
1790753400,2026-09-30T07:30:00Z,หนองบัวระเหว,179,0.0,0.0,0.0,,,True
1790753400,2026-09-30T07:30:00Z,เทพสถิต,239,0.0,0.0,0.0,,,True
1790753400,2026-09-30T07:30:00Z,จัตุรัส,172,0.0,0.0,0.0,,,True
1790753400,2026-09-30T07:30:00Z,บำเหน็จณรงค์,120,0.0,0.0,0.0,,,True
1790753400,2026-09-30T07:30:00Z,เกษตรสมบูรณ์,268,0.0,0.0,0.0,,,True
1790753400,2026-09-30T07:30:00Z,หนองบัวแดง,537,0.0,0.0,0.0,,,True
1790753400,2026-09-30T07:30:00Z,ภูเรือ,168,0.0,0.0,0.0,,,True
1790753400,2026-09-30T07:30:00Z,ท่าลี่,171,0.0,0.0,0.0,,,True
1790753400,2026-09-30T07:30:00Z,วชิรบารมี,68,0.0,0.0,0.0,,,True
1790753400,2026-09-30T07:30:00Z,ด่านซ้าย,341,0.0,0.0,0.0,,,True
1790753400,2026-09-30T07:30:00Z,นาแห้ว,153,0.0,0.0,0.0,,,True
1790753400,2026-09-30T07:30:00Z,บึงนาราง,74,0.0,0.0,0.0,,,True
1790753400,2026-09-30T07:30:00Z,เชียงคาน,213,0.0,0.0,0.0,,,True
1790753400,2026-09-30T07:30:00Z,ดงเจริญ,56,0.0,0.0,0.0,,,True
1790753400,2026-09-30T07:30:00Z,ปากชม,240,0.0,0.0,0.0,,,True
1790753400,2026-09-30T07:30:00Z,เมืองเลย,314,0.0,0.0,0.0,,,True
1790753400,2026-09-30T07:30:00Z,นาด้วง,143,0.0,0.0,0.0,,,True
1790753400,2026-09-30T07:30:00Z,สากเหล็ก,45,0.0,0.0,0.0,,,True
1790753400,2026-09-30T07:30:00Z,สามง่าม,89,0.0,0.0,0.0,,,True
1790753400,2026-09-30T07:30:00Z,ทับคล้อ,104,0.0,0.0,0.0,,,True
1790753400,2026-09-30T07:30:00Z,พรหมพิราม,206,0.0,0.0,0.0,,,True
1790753400,2026-09-30T07:30:00Z,ด่านขุนทด,344,0.0,0.0,0.0,,,True
1790753400,2026-09-30T07:30:00Z,วัดโบสถ์,226,0.0,0.0,0.0,,,True
1790753400,2026-09-30T07:30:00Z,บางระกำ,246,0.0,0.0,0.0,,,True
1790753400,2026-09-30T07:30:00Z,บางกระทุ่ม,91,0.0,0.0,0.0,,,True
1790753400,2026-09-30T07:30:00Z,นครไทย,597,0.0,0.0,0.0,,,True
1790753400,2026-09-30T07:30:00Z,ชาติตระการ,415,0.0,0.0,0.0,,,True
1790753400,2026-09-30T07:30:00Z,บ้านเหลื่อม,55,0.0,0.0,0.0,,,True
1790753400,2026-09-30T07:30:00Z,เมืองพิษณุโลก,178,0.0,0.0,0.0,,,True
1790753400,2026-09-30T07:30:00Z,ชุมแสง,145,0.0,0.0,0.0,,,True
1790753400,2026-09-30T07:30:00Z,หนองบัว,208,0.0,0.0,0.0,,,True
1790753400,2026-09-30T07:30:00Z,เมืองนครสวรรค์,183,0.0,0.0,0.0,,,True
1790753400,2026-09-30T07:30:00Z,โกรกพระ,71,0.0,0.0,0.0,,,True
1790753400,2026-09-30T07:30:00Z,ไพศาลี,244,0.0,0.0,0.0,,,True
1790753400,2026-09-30T07:30:00Z,ตาคลี,206,0.0,0.0,0.0,,,True
1790753400,2026-09-30T07:30:00Z,ท่าตะโก,211,0.0,0.0,0.0,,,True
1790753400,2026-09-30T07:30:00Z,เขาค้อ,207,0.0,0.0,0.0,,,True
1790753400,2026-09-30T07:30:00Z,บรรพตพิสัย,181,0.0,0.0,0.0,,,True
1790753400,2026-09-30T07:30:00Z,เก้าเลี้ยว,57,0.0,0.0,0.0,,,True
1790753400,2026-09-30T07:30:00Z,วังโป่ง,123,0.0,0.0,0.0,,,True
1790753400,2026-09-30T07:30:00Z,บึงสามพัน,194,0.0,0.0,0.0,,,True
1790753400,2026-09-30T07:30:00Z,น้ำหนาว,231,0.0,0.0,0.0,,,True
1790753400,2026-09-30T07:30:00Z,ศรีเทพ,204,0.0,0.0,0.0,,,True
1790753400,2026-09-30T07:30:00Z,หนองไผ่,315,0.0,0.0,0.0,,,True
1790753400,2026-09-30T07:30:00Z,มหาราช,4,0.0,0.0,0.0,,,False
1790753400,2026-09-30T07:30:00Z,บ้านแพรก,10,0.0,0.0,0.0,,,True
1790753400,2026-09-30T07:30:00Z,บางมูลนาก,99,0.0,0.0,0.0,,,True
1790753400,2026-09-30T07:30:00Z,โพทะเล,131,0.0,0.0,0.0,,,True
1790753400,2026-09-30T07:30:00Z,โพธิ์ประทับช้าง,102,0.0,0.0,0.0,,,True
1790753400,2026-09-30T07:30:00Z,ตะพานหิน,109,0.0,0.0,0.0,,,True
1790753400,2026-09-30T07:30:00Z,เมืองพิจิตร,138,0.0,0.0,0.0,,,True
1790753400,2026-09-30T07:30:00Z,วังทรายพูน,66,0.0,0.0,0.0,,,True
1790754300,2026-09-30T07:45:00Z,พิชัย,176,0.0,0.0,0.0,,,True
1790754300,2026-09-30T07:45:00Z,ลับแล,116,0.0,0.0,0.0,,,True
1790754300,2026-09-30T07:45:00Z,ฟากท่า,163,0.0,0.0,0.0,,,True
1790754300,2026-09-30T07:45:00Z,บ้านโคก,247,0.0,0.0,0.0,,,True
1790754300,2026-09-30T07:45:00Z,ท่าปลา,442,0.0,0.0,0.0,,,True
1790754300,2026-09-30T07:45:00Z,น้ำปาด,363,0.0,0.0,0.0,,,True
1790754300,2026-09-30T07:45:00Z,เมืองอุตรดิตถ์,202,0.0,0.0,0.0,,,True
1790754300,2026-09-30T07:45:00Z,ตรอน,80,0.0,0.0,0.0,,,True
1790754300,2026-09-30T07:45:00Z,หล่มเก่า,246,0.0,0.0,0.0,,,True
1790754300,2026-09-30T07:45:00Z,วิเชียรบุรี,377,0.0,0.0,0.0,,,True
1790754300,2026-09-30T07:45:00Z,ชนแดน,279,0.0,0.0,0.0,,,True
1790754300,2026-09-30T07:45:00Z,หล่มสัก,350,0.002,0.196,0.0114,,45,True
1790754300,2026-09-30T07:45:00Z,เมืองเพชรบูรณ์,571,0.0,0.098,0.0018,,15,True
1790754300,2026-09-30T07:45:00Z,ทองแสนขัน,185,0.0,0.0,0.0,,,True
1790754300,2026-09-30T07:45:00Z,บึงสามัคคี,71,0.0,0.0,0.0,,,True
1790754300,2026-09-30T07:45:00Z,โกสัมพีนคร,137,0.026,0.299,0.1679,90,15,True
1790754300,2026-09-30T07:45:00Z,สอง,380,0.0,0.0,0.0,,,True
1790754300,2026-09-30T07:45:00Z,วังชิ้น,255,0.002,0.196,0.0157,,90,True
1790754300,2026-09-30T07:45:00Z,สูงเม่น,88,0.0,0.0,0.0,,,True
1790754300,2026-09-30T07:45:00Z,เด่นชัย,135,0.0,0.0,0.0,,,True
1790754300,2026-09-30T07:45:00Z,ร้องกวาง,221,0.011,0.196,0.086,,15,True
1790754300,2026-09-30T07:45:00Z,ลอง,317,0.0,0.0,0.0,,,True
1790754300,2026-09-30T07:45:00Z,เมืองแพร่,205,0.0,0.098,0.0049,,30,True
1790754300,2026-09-30T07:45:00Z,ทัพทัน,94,0.0,0.0,0.0,,,True
1790754300,2026-09-30T07:45:00Z,สว่างอารมณ์,110,0.0,0.0,0.0,,,True
1790754300,2026-09-30T07:45:00Z,เมืองอุทัยธานี,59,0.0,0.0,0.0,,,True
1790754300,2026-09-30T07:45:00Z,ห้วยคต,94,0.007,0.196,0.0638,,15,True
1790754300,2026-09-30T07:45:00Z,ศรีสวัสดิ์,440,0.0,0.0,0.0,,,True
1790754300,2026-09-30T07:45:00Z,บ้านไร่,821,0.046,1.648,0.1425,105,15,True
1790754300,2026-09-30T07:45:00Z,ลานสัก,360,0.002,0.196,0.0167,,60,True
1790754300,2026-09-30T07:45:00Z,หนองฉาง,89,0.0,0.0,0.0,,,True
1790754300,2026-09-30T07:45:00Z,หนองขาหย่าง,43,0.0,0.0,0.0,,,True
1790754300,2026-09-30T07:45:00Z,เชียงม่วน,82,0.0,0.0,0.0,,,True
1790754300,2026-09-30T07:45:00Z,ดอกคำใต้,37,0.0,0.0,0.0,,,True
1790754300,2026-09-30T07:45:00Z,เมืองพะเยา,6,0.0,0.0,0.0,,,True
1790754300,2026-09-30T07:45:00Z,ทองผาภูมิ,851,0.0,0.0,0.0,,,True
1790754300,2026-09-30T07:45:00Z,สังขละบุรี,793,0.003,0.598,0.0126,,15,True
1790754300,2026-09-30T07:45:00Z,หนองม่วงไข่,35,0.0,0.0,0.0,,,True
1790754300,2026-09-30T07:45:00Z,ภูเวียง,81,0.0,0.0,0.0,,,True
1790754300,2026-09-30T07:45:00Z,มัญจาคีรี,50,0.0,0.0,0.0,,,True
1790754300,2026-09-30T07:45:00Z,หนองปรือ,104,0.0,0.0,0.0,,,True
1790754300,2026-09-30T07:45:00Z,เลาขวัญ,123,0.0,0.0,0.0,,,True
1790754300,2026-09-30T07:45:00Z,หนองนาคำ,43,0.0,0.0,0.0,,,True
1790754300,2026-09-30T07:45:00Z,โคกโพธิ์ไชย,65,0.0,0.0,0.0,,,True
1790754300,2026-09-30T07:45:00Z,บ้านหลวง,91,0.0,0.0,0.0,,,True
1790754300,2026-09-30T07:45:00Z,นาน้อย,266,0.017,0.294,0.1429,75,15,True
1790754300,2026-09-30T07:45:00Z,ภูผาม่าน,74,0.011,0.098,0.1081,120,60,True
1790754300,2026-09-30T07:45:00Z,เมืองน่าน,161,0.0,0.0,0.0,,,True
1790754300,2026-09-30T07:45:00Z,แม่จริม,262,0.0,0.0,0.0,,,True
1790754300,2026-09-30T07:45:00Z,เวียงเก่า,78,0.0,0.0,0.0,,,True
1790754300,2026-09-30T07:45:00Z,เมืองกำแพงเพชร,368,0.001,0.098,0.0054,,15,True
1790754300,2026-09-30T07:45:00Z,ไทรงาม,133,0.0,0.0,0.0,,,True
1790754300,2026-09-30T07:45:00Z,ปางศิลาทอง,186,0.0,0.0,0.0,,,True
1790754300,2026-09-30T07:45:00Z,ลานกระบือ,103,0.0,0.0,0.0,,,True
1790754300,2026-09-30T07:45:00Z,ทรายทองวัฒนา,53,0.0,0.0,0.0,,,True
1790754300,2026-09-30T07:45:00Z,คลองขลุง,179,0.0,0.0,0.0,,,True
1790754300,2026-09-30T07:45:00Z,พรานกระต่าย,252,0.0,0.0,0.0,,,True
1790754300,2026-09-30T07:45:00Z,คลองลาน,363,0.011,0.201,0.0771,,15,True
1790754300,2026-09-30T07:45:00Z,ขาณุวรลักษบุรี,296,0.0,0.0,0.0,,,True
1790754300,2026-09-30T07:45:00Z,ภูเพียง,113,0.0,0.0,0.0,,,True
1790754300,2026-09-30T07:45:00Z,นาหมื่น,245,0.0,0.098,0.0041,,15,True
1790754300,2026-09-30T07:45:00Z,เวียงสา,543,0.001,0.098,0.0147,,105,True
1790754300,2026-09-30T07:45:00Z,น้ำโสม,153,0.0,0.0,0.0,,,True
1790754300,2026-09-30T07:45:00Z,นายูง,126,0.0,0.0,0.0,,,True
1790754300,2026-09-30T07:45:00Z,ชุมแพ,173,0.0,0.0,0.0,,,True
1790754300,2026-09-30T07:45:00Z,สีชมพู,132,0.0,0.0,0.0,,,True
1790754300,2026-09-30T07:45:00Z,สุวรรณคูหา,140,0.0,0.0,0.0,,,True
1790754300,2026-09-30T07:45:00Z,นาวัง,65,0.0,0.0,0.0,,,True
1790754300,2026-09-30T07:45:00Z,หนองเรือ,80,0.0,0.0,0.0,,,True
1790754300,2026-09-30T07:45:00Z,โนนสัง,51,0.0,0.0,0.0,,,True
1790754300,2026-09-30T07:45:00Z,ศรีบุญเรือง,224,0.0,0.0,0.0,,,True
1790754300,2026-09-30T07:45:00Z,เมืองหนองบัวลำภู,217,0.0,0.0,0.0,,,True
1790754300,2026-09-30T07:45:00Z,นากลาง,173,0.0,0.0,0.0,,,True
1790754300,2026-09-30T07:45:00Z,ทุ่งเสลี่ยม,144,0.0,0.0,0.0,,,True
1790754300,2026-09-30T07:45:00Z,ดอยหล่อ,56,0.0,0.0,0.0,,,True
1790754300,2026-09-30T07:45:00Z,เมืองตาก,486,0.0,0.0,0.0,,,True
1790754300,2026-09-30T07:45:00Z,แม่ออน,116,0.0,0.0,0.0,,,True
1790754300,2026-09-30T07:45:00Z,อุ้มผาง,1209,0.008,0.598,0.0471,,15,True
1790754300,2026-09-30T07:45:00Z,วังเจ้า,183,0.0,0.0,0.0,,,True
1790754300,2026-09-30T07:45:00Z,แม่สอด,398,0.0,0.0,0.0,,,True
1790754300,2026-09-30T07:45:00Z,พบพระ,249,0.001,0.098,0.008,,105,True
1790754300,2026-09-30T07:45:00Z,แม่ระมาด,380,0.0,0.0,0.0,,,True
1790754300,2026-09-30T07:45:00Z,ท่าสองยาง,401,0.0,0.0,0.0,,,True
1790754300,2026-09-30T07:45:00Z,บ้านตาก,255,0.0,0.0,0.0,,,True
1790754300,2026-09-30T07:45:00Z,สามเงา,698,0.0,0.0,0.0,,,True
1790754300,2026-09-30T07:45:00Z,จอมทอง,280,0.0,0.0,0.0,,,True
1790754300,2026-09-30T07:45:00Z,แก้งสนามนาง,79,0.0,0.0,0.0,,,True
1790754300,2026-09-30T07:45:00Z,สีคิ้ว,292,0.0,0.0,0.0,,,True
1790754300,2026-09-30T07:45:00Z,พระทองคำ,90,0.0,0.0,0.0,,,True
1790754300,2026-09-30T07:45:00Z,เทพารักษ์,92,0.0,0.0,0.0,,,True
1790754300,2026-09-30T07:45:00Z,สันกำแพง,65,0.0,0.0,0.0,,,True
1790754300,2026-09-30T07:45:00Z,สันป่าตอง,44,0.0,0.0,0.0,,,True
1790754300,2026-09-30T07:45:00Z,ดอยเต่า,213,0.0,0.0,0.0,,,True
1790754300,2026-09-30T07:45:00Z,อมก๋อย,704,0.0,0.0,0.0,,,True
1790754300,2026-09-30T07:45:00Z,ฮอด,378,0.0,0.0,0.0,,,True
1790754300,2026-09-30T07:45:00Z,เมืองลำพูน,117,0.0,0.0,0.0,,,True
1790754300,2026-09-30T07:45:00Z,แม่ทา,192,0.0,0.0,0.0,,,True
1790754300,2026-09-30T07:45:00Z,บ้านธิ,34,0.0,0.0,0.0,,,True
1790754300,2026-09-30T07:45:00Z,บ้านหมอ,24,0.0,0.0,0.0,,,True
1790754300,2026-09-30T07:45:00Z,เวียงหนองล่อง,14,0.0,0.0,0.0,,,True
1790754300,2026-09-30T07:45:00Z,ทุ่งหัวช้าง,113,0.0,0.0,0.0,,,True
1790754300,2026-09-30T07:45:00Z,ป่าซาง,74,0.0,0.0,0.0,,,True
1790754300,2026-09-30T07:45:00Z,บ้านโฮ่ง,124,0.0,0.0,0.0,,,True
1790754300,2026-09-30T07:45:00Z,แก่งคอย,73,0.0,0.0,0.0,,,True
1790754300,2026-09-30T07:45:00Z,ลี้,454,0.0,0.0,0.0,,,True
1790754300,2026-09-30T07:45:00Z,พระพุทธบาท,55,0.0,0.0,0.0,,,True
1790754300,2026-09-30T07:45:00Z,ดอนพุด,7,0.0,0.0,0.0,,,True
1790754300,2026-09-30T07:45:00Z,หนองโดน,31,0.0,0.0,0.0,,,True
1790754300,2026-09-30T07:45:00Z,เมืองลำปาง,300,0.0,0.0,0.0,,,True
1790754300,2026-09-30T07:45:00Z,เถิน,443,0.007,0.5,0.0361,,15,True
1790754300,2026-09-30T07:45:00Z,แม่พริก,167,0.0,0.0,0.0,,,True
1790754300,2026-09-30T07:45:00Z,แจ้ห่ม,274,0.0,0.0,0.0,,,True
1790754300,2026-09-30T07:45:00Z,แม่เปิน,85,0.0,0.0,0.0,,,True
1790754300,2026-09-30T07:45:00Z,เสริมงาม,185,0.0,0.0,0.0,,,True
1790754300,2026-09-30T07:45:00Z,ชุมตาบง,61,0.0,0.0,0.0,,,True
1790754300,2026-09-30T07:45:00Z,งาว,344,0.0,0.0,0.0,,,True
1790754300,2026-09-30T07:45:00Z,ตากฟ้า,125,0.0,0.0,0.0,,,True
1790754300,2026-09-30T07:45:00Z,แม่เมาะ,283,0.0,0.0,0.0,,,True
1790754300,2026-09-30T07:45:00Z,แม่วงก์,257,0.0,0.098,0.0039,,30,True
1790754300,2026-09-30T07:45:00Z,เกาะคา,128,0.0,0.0,0.0,,,True
1790754300,2026-09-30T07:45:00Z,พยุหะคีรี,169,0.0,0.0,0.0,,,True
1790754300,2026-09-30T07:45:00Z,ลาดยาว,187,0.0,0.0,0.0,,,True
1790754300,2026-09-30T07:45:00Z,สบปราบ,125,0.0,0.0,0.0,,,True
1790754300,2026-09-30T07:45:00Z,ห้างฉัตร,154,0.0,0.0,0.0,,,True
1790754300,2026-09-30T07:45:00Z,แม่ทะ,203,0.0,0.0,0.0,,,True
1790754300,2026-09-30T07:45:00Z,เมืองปาน,202,0.0,0.0,0.0,,,True
1790754300,2026-09-30T07:45:00Z,เมืองอ่างทอง,6,0.0,0.0,0.0,,,True
1790754300,2026-09-30T07:45:00Z,ไชโย,20,0.0,0.0,0.0,,,True
1790754300,2026-09-30T07:45:00Z,สามโก้,10,0.0,0.0,0.0,,,True
1790754300,2026-09-30T07:45:00Z,แสวงหา,43,0.0,0.0,0.0,,,True
1790754300,2026-09-30T07:45:00Z,วิเศษชัยชาญ,7,0.0,0.0,0.0,,,True
1790754300,2026-09-30T07:45:00Z,โพธิ์ทอง,48,0.0,0.0,0.0,,,True
1790754300,2026-09-30T07:45:00Z,เมืองลพบุรี,190,0.0,0.0,0.0,,,True
1790754300,2026-09-30T07:45:00Z,เดิมบางนางบวช,130,0.0,0.0,0.0,,,True
1790754300,2026-09-30T07:45:00Z,ด่านช้าง,309,0.058,0.887,0.178,30,15,True
1790754300,2026-09-30T07:45:00Z,หนองม่วง,111,0.0,0.0,0.0,,,True
1790754300,2026-09-30T07:45:00Z,ลำสนธิ,136,0.0,0.0,0.0,,,True
1790754300,2026-09-30T07:45:00Z,สามชุก,77,0.0,0.0,0.0,,,True
1790754300,2026-09-30T07:45:00Z,ดอนเจดีย์,72,0.0,0.0,0.0,,,True
1790754300,2026-09-30T07:45:00Z,สระโบสถ์,83,0.0,0.0,0.0,,,True
1790754300,2026-09-30T07:45:00Z,ศรีประจันต์,41,0.0,0.0,0.0,,,True
1790754300,2026-09-30T07:45:00Z,โคกเจริญ,135,0.0,0.0,0.0,,,True
1790754300,2026-09-30T07:45:00Z,บ้านหมี่,136,0.0,0.0,0.0,,,True
1790754300,2026-09-30T07:45:00Z,ท่าหลวง,100,0.0,0.0,0.0,,,True
1790754300,2026-09-30T07:45:00Z,ชัยบาดาล,280,0.0,0.0,0.0,,,True
1790754300,2026-09-30T07:45:00Z,ท่าวุ้ง,64,0.0,0.0,0.0,,,True
1790754300,2026-09-30T07:45:00Z,พัฒนานิคม,217,0.0,0.0,0.0,,,True
1790754300,2026-09-30T07:45:00Z,โคกสำโรง,180,0.0,0.0,0.0,,,True
1790754300,2026-09-30T07:45:00Z,หนองหญ้าไซ,108,0.0,0.0,0.0,,,True
1790754300,2026-09-30T07:45:00Z,ท่าช้าง,11,0.0,0.0,0.0,,,True
1790754300,2026-09-30T07:45:00Z,อินทร์บุรี,66,0.0,0.0,0.0,,,True
1790754300,2026-09-30T07:45:00Z,ค่ายบางระจัน,26,0.0,0.0,0.0,,,True
1790754300,2026-09-30T07:45:00Z,พรหมบุรี,19,0.0,0.0,0.0,,,True
1790754300,2026-09-30T07:45:00Z,เนินสง่า,65,0.0,0.0,0.0,,,True
1790754300,2026-09-30T07:45:00Z,เมืองสิงห์บุรี,31,0.0,0.0,0.0,,,True
1790754300,2026-09-30T07:45:00Z,ซับใหญ่,72,0.0,0.0,0.0,,,True
1790754300,2026-09-30T07:45:00Z,บางระจัน,46,0.0,0.0,0.0,,,True
1790754300,2026-09-30T07:45:00Z,ภูกระดึง,190,0.0,0.0,0.0,,,True
1790754300,2026-09-30T07:45:00Z,ภูหลวง,145,0.0,0.0,0.0,,,True
1790754300,2026-09-30T07:45:00Z,หนองหิน,78,0.0,0.0,0.0,,,True
1790754300,2026-09-30T07:45:00Z,ผาขาว,100,0.0,0.0,0.0,,,True
1790754300,2026-09-30T07:45:00Z,เอราวัณ,87,0.0,0.0,0.0,,,True
1790754300,2026-09-30T07:45:00Z,วังสะพุง,281,0.0,0.0,0.0,,,True
1790754300,2026-09-30T07:45:00Z,วังม่วง,70,0.0,0.0,0.0,,,True
1790754300,2026-09-30T07:45:00Z,เฉลิมพระเกียรติ,35,0.0,0.0,0.0,,,True
1790754300,2026-09-30T07:45:00Z,มวกเหล็ก,175,0.0,0.0,0.0,,,True
1790754300,2026-09-30T07:45:00Z,บ้านเขว้า,124,0.0,0.0,0.0,,,True
1790754300,2026-09-30T07:45:00Z,คอนสวรรค์,113,0.0,0.0,0.0,,,True
1790754300,2026-09-30T07:45:00Z,เมืองชัยภูมิ,358,0.0,0.0,0.0,,,True
1790754300,2026-09-30T07:45:00Z,วังทอง,425,0.0,0.0,0.0,,,True
1790754300,2026-09-30T07:45:00Z,เนินมะปราง,276,0.0,0.0,0.0,,,True
1790754300,2026-09-30T07:45:00Z,สวรรคโลก,156,0.0,0.0,0.0,,,True
1790754300,2026-09-30T07:45:00Z,ศรีนคร,46,0.0,0.0,0.0,,,True
1790754300,2026-09-30T07:45:00Z,หันคา,139,0.0,0.0,0.0,,,True
1790754300,2026-09-30T07:45:00Z,ศรีสัชนาลัย,534,0.002,0.196,0.0169,,15,True
1790754300,2026-09-30T07:45:00Z,หนองมะโมง,76,0.0,0.0,0.0,,,True
1790754300,2026-09-30T07:45:00Z,ศรีสำโรง,142,0.0,0.0,0.0,,,True
1790754300,2026-09-30T07:45:00Z,สรรพยา,55,0.0,0.0,0.0,,,True
1790754300,2026-09-30T07:45:00Z,คีรีมาศ,171,0.0,0.0,0.0,,,True
1790754300,2026-09-30T07:45:00Z,สรรคบุรี,89,0.0,0.0,0.0,,,True
1790754300,2026-09-30T07:45:00Z,กงไกรลาศ,108,0.0,0.0,0.0,,,True
1790754300,2026-09-30T07:45:00Z,มโนรมย์,66,0.0,0.0,0.0,,,True
1790754300,2026-09-30T07:45:00Z,เมืองสุโขทัย,136,0.0,0.0,0.0,,,True
1790754300,2026-09-30T07:45:00Z,วัดสิงห์,67,0.0,0.0,0.0,,,True
1790754300,2026-09-30T07:45:00Z,บ้านด่านลานหอย,231,0.0,0.0,0.0,,,True
1790754300,2026-09-30T07:45:00Z,เมืองชัยนาท,70,0.0,0.0,0.0,,,True
1790754300,2026-09-30T07:45:00Z,เนินขาม,65,0.0,0.0,0.0,,,True
1790754300,2026-09-30T07:45:00Z,คอนสาร,334,0.001,0.098,0.012,,15,True
1790754300,2026-09-30T07:45:00Z,ภักดีชุมพล,154,0.0,0.0,0.0,,,True
1790754300,2026-09-30T07:45:00Z,บ้านแท่น,76,0.0,0.0,0.0,,,True
1790754300,2026-09-30T07:45:00Z,แก้งคร้อ,168,0.0,0.0,0.0,,,True
1790754300,2026-09-30T07:45:00Z,ภูเขียว,201,0.0,0.0,0.0,,,True
1790754300,2026-09-30T07:45:00Z,หนองบัวระเหว,179,0.0,0.0,0.0,,,True
1790754300,2026-09-30T07:45:00Z,เทพสถิต,239,0.0,0.0,0.0,,,True
1790754300,2026-09-30T07:45:00Z,จัตุรัส,172,0.0,0.0,0.0,,,True
1790754300,2026-09-30T07:45:00Z,บำเหน็จณรงค์,120,0.0,0.0,0.0,,,True
1790754300,2026-09-30T07:45:00Z,เกษตรสมบูรณ์,268,0.0,0.0,0.0,,,True
1790754300,2026-09-30T07:45:00Z,หนองบัวแดง,537,0.0,0.0,0.0,,,True
1790754300,2026-09-30T07:45:00Z,ภูเรือ,168,0.0,0.0,0.0,,,True
1790754300,2026-09-30T07:45:00Z,ท่าลี่,171,0.0,0.0,0.0,,,True
1790754300,2026-09-30T07:45:00Z,วชิรบารมี,68,0.0,0.0,0.0,,,True
1790754300,2026-09-30T07:45:00Z,ด่านซ้าย,341,0.0,0.0,0.0,,,True
1790754300,2026-09-30T07:45:00Z,นาแห้ว,153,0.0,0.0,0.0,,,True
1790754300,2026-09-30T07:45:00Z,บึงนาราง,74,0.0,0.0,0.0,,,True
1790754300,2026-09-30T07:45:00Z,เชียงคาน,213,0.0,0.0,0.0,,,True
1790754300,2026-09-30T07:45:00Z,ดงเจริญ,56,0.0,0.0,0.0,,,True
1790754300,2026-09-30T07:45:00Z,ปากชม,240,0.0,0.0,0.0,,,True
1790754300,2026-09-30T07:45:00Z,เมืองเลย,314,0.0,0.0,0.0,,,True
1790754300,2026-09-30T07:45:00Z,นาด้วง,143,0.0,0.0,0.0,,,True
1790754300,2026-09-30T07:45:00Z,สากเหล็ก,45,0.0,0.0,0.0,,,True
1790754300,2026-09-30T07:45:00Z,สามง่าม,89,0.0,0.0,0.0,,,True
1790754300,2026-09-30T07:45:00Z,ทับคล้อ,104,0.0,0.0,0.0,,,True
1790754300,2026-09-30T07:45:00Z,พรหมพิราม,206,0.0,0.0,0.0,,,True
1790754300,2026-09-30T07:45:00Z,ด่านขุนทด,344,0.0,0.0,0.0,,,True
1790754300,2026-09-30T07:45:00Z,วัดโบสถ์,226,0.0,0.0,0.0,,,True
1790754300,2026-09-30T07:45:00Z,บางระกำ,246,0.0,0.0,0.0,,,True
1790754300,2026-09-30T07:45:00Z,บางกระทุ่ม,91,0.0,0.0,0.0,,,True
1790754300,2026-09-30T07:45:00Z,นครไทย,597,0.0,0.0,0.0,,,True
1790754300,2026-09-30T07:45:00Z,ชาติตระการ,415,0.0,0.0,0.0,,,True
1790754300,2026-09-30T07:45:00Z,บ้านเหลื่อม,55,0.0,0.0,0.0,,,True
1790754300,2026-09-30T07:45:00Z,เมืองพิษณุโลก,178,0.0,0.0,0.0,,,True
1790754300,2026-09-30T07:45:00Z,ชุมแสง,145,0.0,0.0,0.0,,,True
1790754300,2026-09-30T07:45:00Z,หนองบัว,208,0.0,0.0,0.0,,,True
1790754300,2026-09-30T07:45:00Z,เมืองนครสวรรค์,183,0.0,0.0,0.0,,,True
1790754300,2026-09-30T07:45:00Z,โกรกพระ,71,0.0,0.0,0.0,,,True
1790754300,2026-09-30T07:45:00Z,ไพศาลี,244,0.0,0.0,0.0,,,True
1790754300,2026-09-30T07:45:00Z,ตาคลี,206,0.0,0.0,0.0,,,True
1790754300,2026-09-30T07:45:00Z,ท่าตะโก,211,0.0,0.0,0.0,,,True
1790754300,2026-09-30T07:45:00Z,เขาค้อ,207,0.0,0.098,0.0048,,75,True
1790754300,2026-09-30T07:45:00Z,บรรพตพิสัย,181,0.0,0.0,0.0,,,True
1790754300,2026-09-30T07:45:00Z,เก้าเลี้ยว,57,0.0,0.0,0.0,,,True
1790754300,2026-09-30T07:45:00Z,วังโป่ง,123,0.0,0.0,0.0,,,True
1790754300,2026-09-30T07:45:00Z,บึงสามพัน,194,0.0,0.0,0.0,,,True
1790754300,2026-09-30T07:45:00Z,น้ำหนาว,231,0.0,0.0,0.0,,,True
1790754300,2026-09-30T07:45:00Z,ศรีเทพ,204,0.0,0.0,0.0,,,True
1790754300,2026-09-30T07:45:00Z,หนองไผ่,315,0.0,0.0,0.0,,,True
1790754300,2026-09-30T07:45:00Z,มหาราช,4,0.0,0.0,0.0,,,False
1790754300,2026-09-30T07:45:00Z,บ้านแพรก,10,0.0,0.0,0.0,,,True
1790754300,2026-09-30T07:45:00Z,บางมูลนาก,99,0.0,0.0,0.0,,,True
1790754300,2026-09-30T07:45:00Z,โพทะเล,131,0.0,0.0,0.0,,,True
1790754300,2026-09-30T07:45:00Z,โพธิ์ประทับช้าง,102,0.0,0.0,0.0,,,True
1790754300,2026-09-30T07:45:00Z,ตะพานหิน,109,0.0,0.0,0.0,,,True
1790754300,2026-09-30T07:45:00Z,เมืองพิจิตร,138,0.0,0.0,0.0,,,True
1790754300,2026-09-30T07:45:00Z,วังทรายพูน,66,0.0,0.0,0.0,,,True
1790755200,2026-09-30T08:00:00Z,พิชัย,176,0.0,0.0,0.0,,,True
1790755200,2026-09-30T08:00:00Z,ลับแล,116,0.0,0.0,0.0,,,True
1790755200,2026-09-30T08:00:00Z,ฟากท่า,163,0.0,0.0,0.0,,,True
1790755200,2026-09-30T08:00:00Z,บ้านโคก,247,0.002,0.196,0.0121,,90,True
1790755200,2026-09-30T08:00:00Z,ท่าปลา,442,0.0,0.0,0.0,,,True
1790755200,2026-09-30T08:00:00Z,น้ำปาด,363,0.001,0.196,0.0055,,15,True
1790755200,2026-09-30T08:00:00Z,เมืองอุตรดิตถ์,202,0.0,0.0,0.0,,,True
1790755200,2026-09-30T08:00:00Z,ตรอน,80,0.0,0.0,0.0,,,True
1790755200,2026-09-30T08:00:00Z,หล่มเก่า,246,0.0,0.0,0.0,,,True
1790755200,2026-09-30T08:00:00Z,วิเชียรบุรี,377,0.0,0.0,0.0,,,True
1790755200,2026-09-30T08:00:00Z,ชนแดน,279,0.0,0.098,0.0036,,120,True
1790755200,2026-09-30T08:00:00Z,หล่มสัก,350,0.002,0.397,0.0057,,60,True
1790755200,2026-09-30T08:00:00Z,เมืองเพชรบูรณ์,571,0.0,0.196,0.0018,,45,True
1790755200,2026-09-30T08:00:00Z,ทองแสนขัน,185,0.0,0.0,0.0,,,True
1790755200,2026-09-30T08:00:00Z,บึงสามัคคี,71,0.0,0.0,0.0,,,True
1790755200,2026-09-30T08:00:00Z,โกสัมพีนคร,137,0.0,0.0,0.0,,,True
1790755200,2026-09-30T08:00:00Z,สอง,380,0.0,0.0,0.0,,,True
1790755200,2026-09-30T08:00:00Z,วังชิ้น,255,0.0,0.098,0.0039,,90,True
1790755200,2026-09-30T08:00:00Z,สูงเม่น,88,0.0,0.0,0.0,,,True
1790755200,2026-09-30T08:00:00Z,เด่นชัย,135,0.0,0.0,0.0,,,True
1790755200,2026-09-30T08:00:00Z,ร้องกวาง,221,0.0,0.098,0.0045,,120,True
1790755200,2026-09-30T08:00:00Z,ลอง,317,0.0,0.0,0.0,,,True
1790755200,2026-09-30T08:00:00Z,เมืองแพร่,205,0.0,0.0,0.0,,,True
1790755200,2026-09-30T08:00:00Z,ทัพทัน,94,0.0,0.0,0.0,,,True
1790755200,2026-09-30T08:00:00Z,สว่างอารมณ์,110,0.0,0.0,0.0,,,True
1790755200,2026-09-30T08:00:00Z,เมืองอุทัยธานี,59,0.0,0.0,0.0,,,True
1790755200,2026-09-30T08:00:00Z,ห้วยคต,94,0.002,0.098,0.0213,,15,True
1790755200,2026-09-30T08:00:00Z,ศรีสวัสดิ์,440,0.0,0.0,0.0,,,True
1790755200,2026-09-30T08:00:00Z,บ้านไร่,821,0.105,2.49,0.1608,75,15,True
1790755200,2026-09-30T08:00:00Z,ลานสัก,360,0.025,0.978,0.0472,,15,True
1790755200,2026-09-30T08:00:00Z,หนองฉาง,89,0.003,0.098,0.0337,,90,True
1790755200,2026-09-30T08:00:00Z,หนองขาหย่าง,43,0.0,0.0,0.0,,,True
1790755200,2026-09-30T08:00:00Z,เชียงม่วน,82,0.0,0.0,0.0,,,True
1790755200,2026-09-30T08:00:00Z,ดอกคำใต้,37,0.0,0.0,0.0,,,True
1790755200,2026-09-30T08:00:00Z,เมืองพะเยา,6,0.0,0.0,0.0,,,True
1790755200,2026-09-30T08:00:00Z,ทองผาภูมิ,851,0.0,0.0,0.0,,,True
1790755200,2026-09-30T08:00:00Z,สังขละบุรี,793,0.0,0.0,0.0,,,True
1790755200,2026-09-30T08:00:00Z,หนองม่วงไข่,35,0.0,0.0,0.0,,,True
1790755200,2026-09-30T08:00:00Z,ภูเวียง,81,0.0,0.0,0.0,,,True
1790755200,2026-09-30T08:00:00Z,มัญจาคีรี,50,0.0,0.0,0.0,,,True
1790755200,2026-09-30T08:00:00Z,หนองปรือ,104,0.0,0.0,0.0,,,True
1790755200,2026-09-30T08:00:00Z,เลาขวัญ,123,0.0,0.0,0.0,,,True
1790755200,2026-09-30T08:00:00Z,หนองนาคำ,43,0.0,0.0,0.0,,,True
1790755200,2026-09-30T08:00:00Z,โคกโพธิ์ไชย,65,0.0,0.0,0.0,,,True
1790755200,2026-09-30T08:00:00Z,บ้านหลวง,91,0.0,0.0,0.0,,,True
1790755200,2026-09-30T08:00:00Z,นาน้อย,266,0.008,0.196,0.0677,,15,True
1790755200,2026-09-30T08:00:00Z,ภูผาม่าน,74,0.0,0.0,0.0,,,True
1790755200,2026-09-30T08:00:00Z,เมืองน่าน,161,0.0,0.0,0.0,,,True
1790755200,2026-09-30T08:00:00Z,แม่จริม,262,0.0,0.0,0.0,,,True
1790755200,2026-09-30T08:00:00Z,เวียงเก่า,78,0.0,0.0,0.0,,,True
1790755200,2026-09-30T08:00:00Z,เมืองกำแพงเพชร,368,0.0,0.0,0.0,,,True
1790755200,2026-09-30T08:00:00Z,ไทรงาม,133,0.0,0.0,0.0,,,True
1790755200,2026-09-30T08:00:00Z,ปางศิลาทอง,186,0.027,0.88,0.0645,,30,True
1790755200,2026-09-30T08:00:00Z,ลานกระบือ,103,0.0,0.0,0.0,,,True
1790755200,2026-09-30T08:00:00Z,ทรายทองวัฒนา,53,0.0,0.0,0.0,,,True
1790755200,2026-09-30T08:00:00Z,คลองขลุง,179,0.0,0.0,0.0,,,True
1790755200,2026-09-30T08:00:00Z,พรานกระต่าย,252,0.0,0.0,0.0,,,True
1790755200,2026-09-30T08:00:00Z,คลองลาน,363,0.005,0.592,0.0331,,15,True
1790755200,2026-09-30T08:00:00Z,ขาณุวรลักษบุรี,296,0.0,0.0,0.0,,,True
1790755200,2026-09-30T08:00:00Z,ภูเพียง,113,0.0,0.0,0.0,,,True
1790755200,2026-09-30T08:00:00Z,นาหมื่น,245,0.0,0.0,0.0,,,True
1790755200,2026-09-30T08:00:00Z,เวียงสา,543,0.001,0.098,0.011,,90,True
1790755200,2026-09-30T08:00:00Z,น้ำโสม,153,0.0,0.0,0.0,,,True
1790755200,2026-09-30T08:00:00Z,นายูง,126,0.0,0.0,0.0,,,True
1790755200,2026-09-30T08:00:00Z,ชุมแพ,173,0.0,0.0,0.0,,,True
1790755200,2026-09-30T08:00:00Z,สีชมพู,132,0.0,0.0,0.0,,,True
1790755200,2026-09-30T08:00:00Z,สุวรรณคูหา,140,0.0,0.0,0.0,,,True
1790755200,2026-09-30T08:00:00Z,นาวัง,65,0.0,0.0,0.0,,,True
1790755200,2026-09-30T08:00:00Z,หนองเรือ,80,0.0,0.0,0.0,,,True
1790755200,2026-09-30T08:00:00Z,โนนสัง,51,0.0,0.0,0.0,,,True
1790755200,2026-09-30T08:00:00Z,ศรีบุญเรือง,224,0.0,0.0,0.0,,,True
1790755200,2026-09-30T08:00:00Z,เมืองหนองบัวลำภู,217,0.0,0.0,0.0,,,True
1790755200,2026-09-30T08:00:00Z,นากลาง,173,0.0,0.0,0.0,,,True
1790755200,2026-09-30T08:00:00Z,ทุ่งเสลี่ยม,144,0.0,0.0,0.0,,,True
1790755200,2026-09-30T08:00:00Z,ดอยหล่อ,56,0.0,0.0,0.0,,,True
1790755200,2026-09-30T08:00:00Z,เมืองตาก,486,0.0,0.0,0.0,,,True
1790755200,2026-09-30T08:00:00Z,แม่ออน,116,0.0,0.0,0.0,,,True
1790755200,2026-09-30T08:00:00Z,อุ้มผาง,1209,0.003,0.196,0.0223,,15,True
1790755200,2026-09-30T08:00:00Z,วังเจ้า,183,0.0,0.0,0.0,,,True
1790755200,2026-09-30T08:00:00Z,แม่สอด,398,0.0,0.0,0.0,,,True
1790755200,2026-09-30T08:00:00Z,พบพระ,249,0.0,0.0,0.0,,,True
1790755200,2026-09-30T08:00:00Z,แม่ระมาด,380,0.0,0.0,0.0,,,True
1790755200,2026-09-30T08:00:00Z,ท่าสองยาง,401,0.0,0.0,0.0,,,True
1790755200,2026-09-30T08:00:00Z,บ้านตาก,255,0.0,0.0,0.0,,,True
1790755200,2026-09-30T08:00:00Z,สามเงา,698,0.0,0.0,0.0,,,True
1790755200,2026-09-30T08:00:00Z,จอมทอง,280,0.0,0.0,0.0,,,True
1790755200,2026-09-30T08:00:00Z,แก้งสนามนาง,79,0.0,0.0,0.0,,,True
1790755200,2026-09-30T08:00:00Z,สีคิ้ว,292,0.0,0.0,0.0,,,True
1790755200,2026-09-30T08:00:00Z,พระทองคำ,90,0.0,0.0,0.0,,,True
1790755200,2026-09-30T08:00:00Z,เทพารักษ์,92,0.0,0.0,0.0,,,True
1790755200,2026-09-30T08:00:00Z,สันกำแพง,65,0.0,0.0,0.0,,,True
1790755200,2026-09-30T08:00:00Z,สันป่าตอง,44,0.0,0.0,0.0,,,True
1790755200,2026-09-30T08:00:00Z,ดอยเต่า,213,0.0,0.0,0.0,,,True
1790755200,2026-09-30T08:00:00Z,อมก๋อย,704,0.0,0.0,0.0,,,True
1790755200,2026-09-30T08:00:00Z,ฮอด,378,0.0,0.0,0.0,,,True
1790755200,2026-09-30T08:00:00Z,เมืองลำพูน,117,0.0,0.0,0.0,,,True
1790755200,2026-09-30T08:00:00Z,แม่ทา,192,0.0,0.0,0.0,,,True
1790755200,2026-09-30T08:00:00Z,บ้านธิ,34,0.0,0.0,0.0,,,True
1790755200,2026-09-30T08:00:00Z,บ้านหมอ,24,0.0,0.0,0.0,,,True
1790755200,2026-09-30T08:00:00Z,เวียงหนองล่อง,14,0.0,0.0,0.0,,,True
1790755200,2026-09-30T08:00:00Z,ทุ่งหัวช้าง,113,0.0,0.0,0.0,,,True
1790755200,2026-09-30T08:00:00Z,ป่าซาง,74,0.0,0.0,0.0,,,True
1790755200,2026-09-30T08:00:00Z,บ้านโฮ่ง,124,0.0,0.0,0.0,,,True
1790755200,2026-09-30T08:00:00Z,แก่งคอย,73,0.0,0.0,0.0,,,True
1790755200,2026-09-30T08:00:00Z,ลี้,454,0.0,0.0,0.0,,,True
1790755200,2026-09-30T08:00:00Z,พระพุทธบาท,55,0.0,0.0,0.0,,,True
1790755200,2026-09-30T08:00:00Z,ดอนพุด,7,0.0,0.0,0.0,,,True
1790755200,2026-09-30T08:00:00Z,หนองโดน,31,0.0,0.0,0.0,,,True
1790755200,2026-09-30T08:00:00Z,เมืองลำปาง,300,0.0,0.0,0.0,,,True
1790755200,2026-09-30T08:00:00Z,เถิน,443,0.021,1.906,0.0248,,15,True
1790755200,2026-09-30T08:00:00Z,แม่พริก,167,0.0,0.0,0.0,,,True
1790755200,2026-09-30T08:00:00Z,แจ้ห่ม,274,0.0,0.0,0.0,,,True
1790755200,2026-09-30T08:00:00Z,แม่เปิน,85,0.0,0.0,0.0,,,True
1790755200,2026-09-30T08:00:00Z,เสริมงาม,185,0.0,0.0,0.0,,,True
1790755200,2026-09-30T08:00:00Z,ชุมตาบง,61,0.0,0.0,0.0,,,True
1790755200,2026-09-30T08:00:00Z,งาว,344,0.0,0.0,0.0,,,True
1790755200,2026-09-30T08:00:00Z,ตากฟ้า,125,0.0,0.0,0.0,,,True
1790755200,2026-09-30T08:00:00Z,แม่เมาะ,283,0.0,0.0,0.0,,,True
1790755200,2026-09-30T08:00:00Z,แม่วงก์,257,0.003,0.413,0.0117,,15,True
1790755200,2026-09-30T08:00:00Z,เกาะคา,128,0.0,0.0,0.0,,,True
1790755200,2026-09-30T08:00:00Z,พยุหะคีรี,169,0.0,0.0,0.0,,,True
1790755200,2026-09-30T08:00:00Z,ลาดยาว,187,0.0,0.0,0.0,,,True
1790755200,2026-09-30T08:00:00Z,สบปราบ,125,0.0,0.0,0.0,,,True
1790755200,2026-09-30T08:00:00Z,ห้างฉัตร,154,0.0,0.0,0.0,,,True
1790755200,2026-09-30T08:00:00Z,แม่ทะ,203,0.0,0.0,0.0,,,True
1790755200,2026-09-30T08:00:00Z,เมืองปาน,202,0.0,0.0,0.0,,,True
1790755200,2026-09-30T08:00:00Z,เมืองอ่างทอง,6,0.0,0.0,0.0,,,True
1790755200,2026-09-30T08:00:00Z,ไชโย,20,0.0,0.0,0.0,,,True
1790755200,2026-09-30T08:00:00Z,สามโก้,10,0.0,0.0,0.0,,,True
1790755200,2026-09-30T08:00:00Z,แสวงหา,43,0.0,0.0,0.0,,,True
1790755200,2026-09-30T08:00:00Z,วิเศษชัยชาญ,7,0.0,0.0,0.0,,,True
1790755200,2026-09-30T08:00:00Z,โพธิ์ทอง,48,0.0,0.0,0.0,,,True
1790755200,2026-09-30T08:00:00Z,เมืองลพบุรี,190,0.0,0.0,0.0,,,True
1790755200,2026-09-30T08:00:00Z,เดิมบางนางบวช,130,0.0,0.0,0.0,,,True
1790755200,2026-09-30T08:00:00Z,ด่านช้าง,309,0.014,0.299,0.0777,,15,True
1790755200,2026-09-30T08:00:00Z,หนองม่วง,111,0.0,0.0,0.0,,,True
1790755200,2026-09-30T08:00:00Z,ลำสนธิ,136,0.0,0.0,0.0,,,True
1790755200,2026-09-30T08:00:00Z,สามชุก,77,0.0,0.0,0.0,,,True
1790755200,2026-09-30T08:00:00Z,ดอนเจดีย์,72,0.0,0.0,0.0,,,True
1790755200,2026-09-30T08:00:00Z,สระโบสถ์,83,0.0,0.0,0.0,,,True
1790755200,2026-09-30T08:00:00Z,ศรีประจันต์,41,0.0,0.0,0.0,,,True
1790755200,2026-09-30T08:00:00Z,โคกเจริญ,135,0.0,0.0,0.0,,,True
1790755200,2026-09-30T08:00:00Z,บ้านหมี่,136,0.0,0.0,0.0,,,True
1790755200,2026-09-30T08:00:00Z,ท่าหลวง,100,0.0,0.0,0.0,,,True
1790755200,2026-09-30T08:00:00Z,ชัยบาดาล,280,0.0,0.0,0.0,,,True
1790755200,2026-09-30T08:00:00Z,ท่าวุ้ง,64,0.0,0.0,0.0,,,True
1790755200,2026-09-30T08:00:00Z,พัฒนานิคม,217,0.0,0.0,0.0,,,True
1790755200,2026-09-30T08:00:00Z,โคกสำโรง,180,0.0,0.0,0.0,,,True
1790755200,2026-09-30T08:00:00Z,หนองหญ้าไซ,108,0.0,0.0,0.0,,,True
1790755200,2026-09-30T08:00:00Z,ท่าช้าง,11,0.0,0.0,0.0,,,True
1790755200,2026-09-30T08:00:00Z,อินทร์บุรี,66,0.0,0.0,0.0,,,True
1790755200,2026-09-30T08:00:00Z,ค่ายบางระจัน,26,0.0,0.0,0.0,,,True
1790755200,2026-09-30T08:00:00Z,พรหมบุรี,19,0.0,0.0,0.0,,,True
1790755200,2026-09-30T08:00:00Z,เนินสง่า,65,0.0,0.0,0.0,,,True
1790755200,2026-09-30T08:00:00Z,เมืองสิงห์บุรี,31,0.0,0.0,0.0,,,True
1790755200,2026-09-30T08:00:00Z,ซับใหญ่,72,0.0,0.0,0.0,,,True
1790755200,2026-09-30T08:00:00Z,บางระจัน,46,0.0,0.0,0.0,,,True
1790755200,2026-09-30T08:00:00Z,ภูกระดึง,190,0.0,0.0,0.0,,,True
1790755200,2026-09-30T08:00:00Z,ภูหลวง,145,0.0,0.0,0.0,,,True
1790755200,2026-09-30T08:00:00Z,หนองหิน,78,0.0,0.0,0.0,,,True
1790755200,2026-09-30T08:00:00Z,ผาขาว,100,0.0,0.0,0.0,,,True
1790755200,2026-09-30T08:00:00Z,เอราวัณ,87,0.0,0.0,0.0,,,True
1790755200,2026-09-30T08:00:00Z,วังสะพุง,281,0.0,0.0,0.0,,,True
1790755200,2026-09-30T08:00:00Z,วังม่วง,70,0.0,0.0,0.0,,,True
1790755200,2026-09-30T08:00:00Z,เฉลิมพระเกียรติ,35,0.0,0.0,0.0,,,True
1790755200,2026-09-30T08:00:00Z,มวกเหล็ก,175,0.0,0.0,0.0,,,True
1790755200,2026-09-30T08:00:00Z,บ้านเขว้า,124,0.0,0.0,0.0,,,True
1790755200,2026-09-30T08:00:00Z,คอนสวรรค์,113,0.0,0.0,0.0,,,True
1790755200,2026-09-30T08:00:00Z,เมืองชัยภูมิ,358,0.0,0.0,0.0,,,True
1790755200,2026-09-30T08:00:00Z,วังทอง,425,0.0,0.0,0.0,,,True
1790755200,2026-09-30T08:00:00Z,เนินมะปราง,276,0.0,0.0,0.0,,,True
1790755200,2026-09-30T08:00:00Z,สวรรคโลก,156,0.0,0.0,0.0,,,True
1790755200,2026-09-30T08:00:00Z,ศรีนคร,46,0.0,0.0,0.0,,,True
1790755200,2026-09-30T08:00:00Z,หันคา,139,0.0,0.0,0.0,,,True
1790755200,2026-09-30T08:00:00Z,ศรีสัชนาลัย,534,0.036,2.13,0.0412,,15,True
1790755200,2026-09-30T08:00:00Z,หนองมะโมง,76,0.0,0.0,0.0,,,True
1790755200,2026-09-30T08:00:00Z,ศรีสำโรง,142,0.0,0.0,0.0,,,True
1790755200,2026-09-30T08:00:00Z,สรรพยา,55,0.0,0.0,0.0,,,True
1790755200,2026-09-30T08:00:00Z,คีรีมาศ,171,0.0,0.0,0.0,,,True
1790755200,2026-09-30T08:00:00Z,สรรคบุรี,89,0.0,0.0,0.0,,,True
1790755200,2026-09-30T08:00:00Z,กงไกรลาศ,108,0.0,0.0,0.0,,,True
1790755200,2026-09-30T08:00:00Z,มโนรมย์,66,0.0,0.0,0.0,,,True
1790755200,2026-09-30T08:00:00Z,เมืองสุโขทัย,136,0.0,0.0,0.0,,,True
1790755200,2026-09-30T08:00:00Z,วัดสิงห์,67,0.0,0.0,0.0,,,True
1790755200,2026-09-30T08:00:00Z,บ้านด่านลานหอย,231,0.0,0.0,0.0,,,True
1790755200,2026-09-30T08:00:00Z,เมืองชัยนาท,70,0.0,0.0,0.0,,,True
1790755200,2026-09-30T08:00:00Z,เนินขาม,65,0.0,0.0,0.0,,,True
1790755200,2026-09-30T08:00:00Z,คอนสาร,334,0.0,0.0,0.0,,,True
1790755200,2026-09-30T08:00:00Z,ภักดีชุมพล,154,0.0,0.0,0.0,,,True
1790755200,2026-09-30T08:00:00Z,บ้านแท่น,76,0.0,0.0,0.0,,,True
1790755200,2026-09-30T08:00:00Z,แก้งคร้อ,168,0.0,0.0,0.0,,,True
1790755200,2026-09-30T08:00:00Z,ภูเขียว,201,0.0,0.0,0.0,,,True
1790755200,2026-09-30T08:00:00Z,หนองบัวระเหว,179,0.0,0.0,0.0,,,True
1790755200,2026-09-30T08:00:00Z,เทพสถิต,239,0.0,0.0,0.0,,,True
1790755200,2026-09-30T08:00:00Z,จัตุรัส,172,0.0,0.0,0.0,,,True
1790755200,2026-09-30T08:00:00Z,บำเหน็จณรงค์,120,0.0,0.0,0.0,,,True
1790755200,2026-09-30T08:00:00Z,เกษตรสมบูรณ์,268,0.0,0.0,0.0,,,True
1790755200,2026-09-30T08:00:00Z,หนองบัวแดง,537,0.0,0.0,0.0,,,True
1790755200,2026-09-30T08:00:00Z,ภูเรือ,168,0.0,0.0,0.0,,,True
1790755200,2026-09-30T08:00:00Z,ท่าลี่,171,0.0,0.0,0.0,,,True
1790755200,2026-09-30T08:00:00Z,วชิรบารมี,68,0.0,0.0,0.0,,,True
1790755200,2026-09-30T08:00:00Z,ด่านซ้าย,341,0.0,0.0,0.0,,,True
1790755200,2026-09-30T08:00:00Z,นาแห้ว,153,0.0,0.0,0.0,,,True
1790755200,2026-09-30T08:00:00Z,บึงนาราง,74,0.0,0.0,0.0,,,True
1790755200,2026-09-30T08:00:00Z,เชียงคาน,213,0.0,0.0,0.0,,,True
1790755200,2026-09-30T08:00:00Z,ดงเจริญ,56,0.0,0.0,0.0,,,True
1790755200,2026-09-30T08:00:00Z,ปากชม,240,0.0,0.0,0.0,,,True
1790755200,2026-09-30T08:00:00Z,เมืองเลย,314,0.0,0.0,0.0,,,True
1790755200,2026-09-30T08:00:00Z,นาด้วง,143,0.0,0.0,0.0,,,True
1790755200,2026-09-30T08:00:00Z,สากเหล็ก,45,0.0,0.0,0.0,,,True
1790755200,2026-09-30T08:00:00Z,สามง่าม,89,0.0,0.0,0.0,,,True
1790755200,2026-09-30T08:00:00Z,ทับคล้อ,104,0.0,0.0,0.0,,,True
1790755200,2026-09-30T08:00:00Z,พรหมพิราม,206,0.0,0.0,0.0,,,True
1790755200,2026-09-30T08:00:00Z,ด่านขุนทด,344,0.0,0.0,0.0,,,True
1790755200,2026-09-30T08:00:00Z,วัดโบสถ์,226,0.0,0.0,0.0,,,True
1790755200,2026-09-30T08:00:00Z,บางระกำ,246,0.0,0.0,0.0,,,True
1790755200,2026-09-30T08:00:00Z,บางกระทุ่ม,91,0.0,0.0,0.0,,,True
1790755200,2026-09-30T08:00:00Z,นครไทย,597,0.002,0.098,0.0184,,15,True
1790755200,2026-09-30T08:00:00Z,ชาติตระการ,415,0.0,0.0,0.0,,,True
1790755200,2026-09-30T08:00:00Z,บ้านเหลื่อม,55,0.0,0.0,0.0,,,True
1790755200,2026-09-30T08:00:00Z,เมืองพิษณุโลก,178,0.0,0.0,0.0,,,True
1790755200,2026-09-30T08:00:00Z,ชุมแสง,145,0.0,0.0,0.0,,,True
1790755200,2026-09-30T08:00:00Z,หนองบัว,208,0.0,0.0,0.0,,,True
1790755200,2026-09-30T08:00:00Z,เมืองนครสวรรค์,183,0.0,0.0,0.0,,,True
1790755200,2026-09-30T08:00:00Z,โกรกพระ,71,0.0,0.0,0.0,,,True
1790755200,2026-09-30T08:00:00Z,ไพศาลี,244,0.0,0.0,0.0,,,True
1790755200,2026-09-30T08:00:00Z,ตาคลี,206,0.0,0.0,0.0,,,True
1790755200,2026-09-30T08:00:00Z,ท่าตะโก,211,0.0,0.0,0.0,,,True
1790755200,2026-09-30T08:00:00Z,เขาค้อ,207,0.01,0.397,0.0483,,15,True
1790755200,2026-09-30T08:00:00Z,บรรพตพิสัย,181,0.0,0.0,0.0,,,True
1790755200,2026-09-30T08:00:00Z,เก้าเลี้ยว,57,0.0,0.0,0.0,,,True
1790755200,2026-09-30T08:00:00Z,วังโป่ง,123,0.0,0.0,0.0,,,True
1790755200,2026-09-30T08:00:00Z,บึงสามพัน,194,0.001,0.098,0.0052,,90,True
1790755200,2026-09-30T08:00:00Z,น้ำหนาว,231,0.0,0.0,0.0,,,True
1790755200,2026-09-30T08:00:00Z,ศรีเทพ,204,0.0,0.0,0.0,,,True
1790755200,2026-09-30T08:00:00Z,หนองไผ่,315,0.0,0.0,0.0,,,True
1790755200,2026-09-30T08:00:00Z,มหาราช,4,0.0,0.0,0.0,,,False
1790755200,2026-09-30T08:00:00Z,บ้านแพรก,10,0.0,0.0,0.0,,,True
1790755200,2026-09-30T08:00:00Z,บางมูลนาก,99,0.0,0.0,0.0,,,True
1790755200,2026-09-30T08:00:00Z,โพทะเล,131,0.0,0.0,0.0,,,True
1790755200,2026-09-30T08:00:00Z,โพธิ์ประทับช้าง,102,0.0,0.0,0.0,,,True
1790755200,2026-09-30T08:00:00Z,ตะพานหิน,109,0.0,0.0,0.0,,,True
1790755200,2026-09-30T08:00:00Z,เมืองพิจิตร,138,0.0,0.0,0.0,,,True
1790755200,2026-09-30T08:00:00Z,วังทรายพูน,66,0.0,0.0,0.0,,,True
1790756100,2026-09-30T08:15:00Z,พิชัย,176,0.0,0.0,0.0,,,True
1790756100,2026-09-30T08:15:00Z,ลับแล,116,0.0,0.0,0.0,,,True
1790756100,2026-09-30T08:15:00Z,ฟากท่า,163,0.0,0.0,0.0,,,True
1790756100,2026-09-30T08:15:00Z,บ้านโคก,247,0.0,0.0,0.0,,,True
1790756100,2026-09-30T08:15:00Z,ท่าปลา,442,0.0,0.0,0.0,,,True
1790756100,2026-09-30T08:15:00Z,น้ำปาด,363,0.0,0.0,0.0,,,True
1790756100,2026-09-30T08:15:00Z,เมืองอุตรดิตถ์,202,0.0,0.0,0.0,,,True
1790756100,2026-09-30T08:15:00Z,ตรอน,80,0.0,0.0,0.0,,,True
1790756100,2026-09-30T08:15:00Z,หล่มเก่า,246,0.0,0.0,0.0,,,True
1790756100,2026-09-30T08:15:00Z,วิเชียรบุรี,377,0.002,0.098,0.0186,,15,True
1790756100,2026-09-30T08:15:00Z,ชนแดน,279,0.0,0.0,0.0,,,True
1790756100,2026-09-30T08:15:00Z,หล่มสัก,350,0.0,0.0,0.0,,,True
1790756100,2026-09-30T08:15:00Z,เมืองเพชรบูรณ์,571,0.0,0.0,0.0,,,True
1790756100,2026-09-30T08:15:00Z,ทองแสนขัน,185,0.0,0.0,0.0,,,True
1790756100,2026-09-30T08:15:00Z,บึงสามัคคี,71,0.0,0.0,0.0,,,True
1790756100,2026-09-30T08:15:00Z,โกสัมพีนคร,137,0.0,0.0,0.0,,,True
1790756100,2026-09-30T08:15:00Z,สอง,380,0.0,0.0,0.0,,,True
1790756100,2026-09-30T08:15:00Z,วังชิ้น,255,0.0,0.0,0.0,,,True
1790756100,2026-09-30T08:15:00Z,สูงเม่น,88,0.0,0.0,0.0,,,True
1790756100,2026-09-30T08:15:00Z,เด่นชัย,135,0.0,0.0,0.0,,,True
1790756100,2026-09-30T08:15:00Z,ร้องกวาง,221,0.003,0.196,0.0181,,75,True
1790756100,2026-09-30T08:15:00Z,ลอง,317,0.0,0.0,0.0,,,True
1790756100,2026-09-30T08:15:00Z,เมืองแพร่,205,0.003,0.098,0.0293,,15,True
1790756100,2026-09-30T08:15:00Z,ทัพทัน,94,0.0,0.0,0.0,,,True
1790756100,2026-09-30T08:15:00Z,สว่างอารมณ์,110,0.0,0.0,0.0,,,True
1790756100,2026-09-30T08:15:00Z,เมืองอุทัยธานี,59,0.0,0.0,0.0,,,True
1790756100,2026-09-30T08:15:00Z,ห้วยคต,94,0.048,1.412,0.1809,45,15,True
1790756100,2026-09-30T08:15:00Z,ศรีสวัสดิ์,440,0.0,0.0,0.0,,,True
1790756100,2026-09-30T08:15:00Z,บ้านไร่,821,0.182,3.469,0.1766,45,15,True
1790756100,2026-09-30T08:15:00Z,ลานสัก,360,0.018,0.69,0.075,,15,True
1790756100,2026-09-30T08:15:00Z,หนองฉาง,89,0.112,2.529,0.1798,90,60,True
1790756100,2026-09-30T08:15:00Z,หนองขาหย่าง,43,0.0,0.0,0.0,,,True
1790756100,2026-09-30T08:15:00Z,เชียงม่วน,82,0.0,0.0,0.0,,,True
1790756100,2026-09-30T08:15:00Z,ดอกคำใต้,37,0.0,0.0,0.0,,,True
1790756100,2026-09-30T08:15:00Z,เมืองพะเยา,6,0.0,0.0,0.0,,,True
1790756100,2026-09-30T08:15:00Z,ทองผาภูมิ,851,0.0,0.0,0.0,,,True
1790756100,2026-09-30T08:15:00Z,สังขละบุรี,793,0.0,0.0,0.0,,,True
1790756100,2026-09-30T08:15:00Z,หนองม่วงไข่,35,0.0,0.0,0.0,,,True
1790756100,2026-09-30T08:15:00Z,ภูเวียง,81,0.0,0.0,0.0,,,True
1790756100,2026-09-30T08:15:00Z,มัญจาคีรี,50,0.0,0.0,0.0,,,True
1790756100,2026-09-30T08:15:00Z,หนองปรือ,104,0.0,0.0,0.0,,,True
1790756100,2026-09-30T08:15:00Z,เลาขวัญ,123,0.002,0.098,0.0163,,15,True
1790756100,2026-09-30T08:15:00Z,หนองนาคำ,43,0.0,0.0,0.0,,,True
1790756100,2026-09-30T08:15:00Z,โคกโพธิ์ไชย,65,0.0,0.0,0.0,,,True
1790756100,2026-09-30T08:15:00Z,บ้านหลวง,91,0.0,0.0,0.0,,,True
1790756100,2026-09-30T08:15:00Z,นาน้อย,266,0.002,0.196,0.0188,,15,True
1790756100,2026-09-30T08:15:00Z,ภูผาม่าน,74,0.0,0.0,0.0,,,True
1790756100,2026-09-30T08:15:00Z,เมืองน่าน,161,0.0,0.0,0.0,,,True
1790756100,2026-09-30T08:15:00Z,แม่จริม,262,0.0,0.0,0.0,,,True
1790756100,2026-09-30T08:15:00Z,เวียงเก่า,78,0.0,0.0,0.0,,,True
1790756100,2026-09-30T08:15:00Z,เมืองกำแพงเพชร,368,0.0,0.0,0.0,,,True
1790756100,2026-09-30T08:15:00Z,ไทรงาม,133,0.0,0.0,0.0,,,True
1790756100,2026-09-30T08:15:00Z,ปางศิลาทอง,186,0.0,0.0,0.0,,,True
1790756100,2026-09-30T08:15:00Z,ลานกระบือ,103,0.0,0.0,0.0,,,True
1790756100,2026-09-30T08:15:00Z,ทรายทองวัฒนา,53,0.0,0.0,0.0,,,True
1790756100,2026-09-30T08:15:00Z,คลองขลุง,179,0.0,0.0,0.0,,,True
1790756100,2026-09-30T08:15:00Z,พรานกระต่าย,252,0.0,0.0,0.0,,,True
1790756100,2026-09-30T08:15:00Z,คลองลาน,363,0.008,0.299,0.0523,,15,True
1790756100,2026-09-30T08:15:00Z,ขาณุวรลักษบุรี,296,0.0,0.0,0.0,,,True
1790756100,2026-09-30T08:15:00Z,ภูเพียง,113,0.0,0.0,0.0,,,True
1790756100,2026-09-30T08:15:00Z,นาหมื่น,245,0.0,0.0,0.0,,,True
1790756100,2026-09-30T08:15:00Z,เวียงสา,543,0.0,0.0,0.0,,,True
1790756100,2026-09-30T08:15:00Z,น้ำโสม,153,0.0,0.0,0.0,,,True
1790756100,2026-09-30T08:15:00Z,นายูง,126,0.0,0.0,0.0,,,True
1790756100,2026-09-30T08:15:00Z,ชุมแพ,173,0.0,0.0,0.0,,,True
1790756100,2026-09-30T08:15:00Z,สีชมพู,132,0.0,0.0,0.0,,,True
1790756100,2026-09-30T08:15:00Z,สุวรรณคูหา,140,0.0,0.0,0.0,,,True
1790756100,2026-09-30T08:15:00Z,นาวัง,65,0.0,0.0,0.0,,,True
1790756100,2026-09-30T08:15:00Z,หนองเรือ,80,0.0,0.0,0.0,,,True
1790756100,2026-09-30T08:15:00Z,โนนสัง,51,0.0,0.0,0.0,,,True
1790756100,2026-09-30T08:15:00Z,ศรีบุญเรือง,224,0.0,0.0,0.0,,,True
1790756100,2026-09-30T08:15:00Z,เมืองหนองบัวลำภู,217,0.0,0.0,0.0,,,True
1790756100,2026-09-30T08:15:00Z,นากลาง,173,0.0,0.0,0.0,,,True
1790756100,2026-09-30T08:15:00Z,ทุ่งเสลี่ยม,144,0.0,0.0,0.0,,,True
1790756100,2026-09-30T08:15:00Z,ดอยหล่อ,56,0.0,0.0,0.0,,,True
1790756100,2026-09-30T08:15:00Z,เมืองตาก,486,0.0,0.0,0.0,,,True
1790756100,2026-09-30T08:15:00Z,แม่ออน,116,0.0,0.0,0.0,,,True
1790756100,2026-09-30T08:15:00Z,อุ้มผาง,1209,0.007,0.402,0.0314,,15,True
1790756100,2026-09-30T08:15:00Z,วังเจ้า,183,0.006,0.196,0.0546,,15,True
1790756100,2026-09-30T08:15:00Z,แม่สอด,398,0.0,0.0,0.0,,,True
1790756100,2026-09-30T08:15:00Z,พบพระ,249,0.0,0.0,0.0,,,True
1790756100,2026-09-30T08:15:00Z,แม่ระมาด,380,0.0,0.0,0.0,,,True
1790756100,2026-09-30T08:15:00Z,ท่าสองยาง,401,0.0,0.0,0.0,,,True
1790756100,2026-09-30T08:15:00Z,บ้านตาก,255,0.0,0.0,0.0,,,True
1790756100,2026-09-30T08:15:00Z,สามเงา,698,0.0,0.0,0.0,,,True
1790756100,2026-09-30T08:15:00Z,จอมทอง,280,0.0,0.0,0.0,,,True
1790756100,2026-09-30T08:15:00Z,แก้งสนามนาง,79,0.0,0.0,0.0,,,True
1790756100,2026-09-30T08:15:00Z,สีคิ้ว,292,0.0,0.0,0.0,,,True
1790756100,2026-09-30T08:15:00Z,พระทองคำ,90,0.0,0.0,0.0,,,True
1790756100,2026-09-30T08:15:00Z,เทพารักษ์,92,0.0,0.0,0.0,,,True
1790756100,2026-09-30T08:15:00Z,สันกำแพง,65,0.0,0.0,0.0,,,True
1790756100,2026-09-30T08:15:00Z,สันป่าตอง,44,0.0,0.0,0.0,,,True
1790756100,2026-09-30T08:15:00Z,ดอยเต่า,213,0.0,0.0,0.0,,,True
1790756100,2026-09-30T08:15:00Z,อมก๋อย,704,0.0,0.0,0.0,,,True
1790756100,2026-09-30T08:15:00Z,ฮอด,378,0.0,0.0,0.0,,,True
1790756100,2026-09-30T08:15:00Z,เมืองลำพูน,117,0.0,0.0,0.0,,,True
1790756100,2026-09-30T08:15:00Z,แม่ทา,192,0.0,0.0,0.0,,,True
1790756100,2026-09-30T08:15:00Z,บ้านธิ,34,0.0,0.0,0.0,,,True
1790756100,2026-09-30T08:15:00Z,บ้านหมอ,24,0.0,0.0,0.0,,,True
1790756100,2026-09-30T08:15:00Z,เวียงหนองล่อง,14,0.0,0.0,0.0,,,True
1790756100,2026-09-30T08:15:00Z,ทุ่งหัวช้าง,113,0.018,0.299,0.0885,,30,True
1790756100,2026-09-30T08:15:00Z,ป่าซาง,74,0.0,0.0,0.0,,,True
1790756100,2026-09-30T08:15:00Z,บ้านโฮ่ง,124,0.0,0.0,0.0,,,True
1790756100,2026-09-30T08:15:00Z,แก่งคอย,73,0.0,0.0,0.0,,,True
1790756100,2026-09-30T08:15:00Z,ลี้,454,0.002,0.299,0.0132,,15,True
1790756100,2026-09-30T08:15:00Z,พระพุทธบาท,55,0.0,0.0,0.0,,,True
1790756100,2026-09-30T08:15:00Z,ดอนพุด,7,0.0,0.0,0.0,,,True
1790756100,2026-09-30T08:15:00Z,หนองโดน,31,0.0,0.0,0.0,,,True
1790756100,2026-09-30T08:15:00Z,เมืองลำปาง,300,0.0,0.0,0.0,,,True
1790756100,2026-09-30T08:15:00Z,เถิน,443,0.004,0.397,0.0248,,15,True
1790756100,2026-09-30T08:15:00Z,แม่พริก,167,0.0,0.0,0.0,,,True
1790756100,2026-09-30T08:15:00Z,แจ้ห่ม,274,0.0,0.0,0.0,,,True
1790756100,2026-09-30T08:15:00Z,แม่เปิน,85,0.0,0.0,0.0,,,True
1790756100,2026-09-30T08:15:00Z,เสริมงาม,185,0.0,0.0,0.0,,,True
1790756100,2026-09-30T08:15:00Z,ชุมตาบง,61,0.0,0.0,0.0,,,True
1790756100,2026-09-30T08:15:00Z,งาว,344,0.0,0.0,0.0,,,True
1790756100,2026-09-30T08:15:00Z,ตากฟ้า,125,0.0,0.0,0.0,,,True
1790756100,2026-09-30T08:15:00Z,แม่เมาะ,283,0.0,0.0,0.0,,,True
1790756100,2026-09-30T08:15:00Z,แม่วงก์,257,0.0,0.0,0.0,,,True
1790756100,2026-09-30T08:15:00Z,เกาะคา,128,0.0,0.0,0.0,,,True
1790756100,2026-09-30T08:15:00Z,พยุหะคีรี,169,0.0,0.0,0.0,,,True
1790756100,2026-09-30T08:15:00Z,ลาดยาว,187,0.0,0.0,0.0,,,True
1790756100,2026-09-30T08:15:00Z,สบปราบ,125,0.0,0.0,0.0,,,True
1790756100,2026-09-30T08:15:00Z,ห้างฉัตร,154,0.0,0.0,0.0,,,True
1790756100,2026-09-30T08:15:00Z,แม่ทะ,203,0.0,0.0,0.0,,,True
1790756100,2026-09-30T08:15:00Z,เมืองปาน,202,0.0,0.0,0.0,,,True
1790756100,2026-09-30T08:15:00Z,เมืองอ่างทอง,6,0.0,0.0,0.0,,,True
1790756100,2026-09-30T08:15:00Z,ไชโย,20,0.0,0.0,0.0,,,True
1790756100,2026-09-30T08:15:00Z,สามโก้,10,0.0,0.0,0.0,,,True
1790756100,2026-09-30T08:15:00Z,แสวงหา,43,0.0,0.0,0.0,,,True
1790756100,2026-09-30T08:15:00Z,วิเศษชัยชาญ,7,0.0,0.0,0.0,,,True
1790756100,2026-09-30T08:15:00Z,โพธิ์ทอง,48,0.0,0.0,0.0,,,True
1790756100,2026-09-30T08:15:00Z,เมืองลพบุรี,190,0.0,0.0,0.0,,,True
1790756100,2026-09-30T08:15:00Z,เดิมบางนางบวช,130,0.0,0.0,0.0,,,True
1790756100,2026-09-30T08:15:00Z,ด่านช้าง,309,0.022,0.294,0.1294,90,15,True
1790756100,2026-09-30T08:15:00Z,หนองม่วง,111,0.0,0.0,0.0,,,True
1790756100,2026-09-30T08:15:00Z,ลำสนธิ,136,0.0,0.0,0.0,,,True
1790756100,2026-09-30T08:15:00Z,สามชุก,77,0.0,0.0,0.0,,,True
1790756100,2026-09-30T08:15:00Z,ดอนเจดีย์,72,0.0,0.0,0.0,,,True
1790756100,2026-09-30T08:15:00Z,สระโบสถ์,83,0.0,0.0,0.0,,,True
1790756100,2026-09-30T08:15:00Z,ศรีประจันต์,41,0.0,0.0,0.0,,,True
1790756100,2026-09-30T08:15:00Z,โคกเจริญ,135,0.0,0.0,0.0,,,True
1790756100,2026-09-30T08:15:00Z,บ้านหมี่,136,0.0,0.0,0.0,,,True
1790756100,2026-09-30T08:15:00Z,ท่าหลวง,100,0.0,0.0,0.0,,,True
1790756100,2026-09-30T08:15:00Z,ชัยบาดาล,280,0.0,0.0,0.0,,,True
1790756100,2026-09-30T08:15:00Z,ท่าวุ้ง,64,0.0,0.0,0.0,,,True
1790756100,2026-09-30T08:15:00Z,พัฒนานิคม,217,0.0,0.0,0.0,,,True
1790756100,2026-09-30T08:15:00Z,โคกสำโรง,180,0.0,0.0,0.0,,,True
1790756100,2026-09-30T08:15:00Z,หนองหญ้าไซ,108,0.0,0.0,0.0,,,True
1790756100,2026-09-30T08:15:00Z,ท่าช้าง,11,0.0,0.0,0.0,,,True
1790756100,2026-09-30T08:15:00Z,อินทร์บุรี,66,0.0,0.0,0.0,,,True
1790756100,2026-09-30T08:15:00Z,ค่ายบางระจัน,26,0.0,0.0,0.0,,,True
1790756100,2026-09-30T08:15:00Z,พรหมบุรี,19,0.0,0.0,0.0,,,True
1790756100,2026-09-30T08:15:00Z,เนินสง่า,65,0.0,0.0,0.0,,,True
1790756100,2026-09-30T08:15:00Z,เมืองสิงห์บุรี,31,0.0,0.0,0.0,,,True
1790756100,2026-09-30T08:15:00Z,ซับใหญ่,72,0.0,0.0,0.0,,,True
1790756100,2026-09-30T08:15:00Z,บางระจัน,46,0.0,0.0,0.0,,,True
1790756100,2026-09-30T08:15:00Z,ภูกระดึง,190,0.0,0.0,0.0,,,True
1790756100,2026-09-30T08:15:00Z,ภูหลวง,145,0.0,0.0,0.0,,,True
1790756100,2026-09-30T08:15:00Z,หนองหิน,78,0.0,0.0,0.0,,,True
1790756100,2026-09-30T08:15:00Z,ผาขาว,100,0.0,0.0,0.0,,,True
1790756100,2026-09-30T08:15:00Z,เอราวัณ,87,0.0,0.0,0.0,,,True
1790756100,2026-09-30T08:15:00Z,วังสะพุง,281,0.0,0.0,0.0,,,True
1790756100,2026-09-30T08:15:00Z,วังม่วง,70,0.0,0.0,0.0,,,True
1790756100,2026-09-30T08:15:00Z,เฉลิมพระเกียรติ,35,0.0,0.0,0.0,,,True
1790756100,2026-09-30T08:15:00Z,มวกเหล็ก,175,0.0,0.0,0.0,,,True
1790756100,2026-09-30T08:15:00Z,บ้านเขว้า,124,0.0,0.0,0.0,,,True
1790756100,2026-09-30T08:15:00Z,คอนสวรรค์,113,0.0,0.0,0.0,,,True
1790756100,2026-09-30T08:15:00Z,เมืองชัยภูมิ,358,0.0,0.0,0.0,,,True
1790756100,2026-09-30T08:15:00Z,วังทอง,425,0.0,0.0,0.0,,,True
1790756100,2026-09-30T08:15:00Z,เนินมะปราง,276,0.0,0.0,0.0,,,True
1790756100,2026-09-30T08:15:00Z,สวรรคโลก,156,0.0,0.0,0.0,,,True
1790756100,2026-09-30T08:15:00Z,ศรีนคร,46,0.0,0.0,0.0,,,True
1790756100,2026-09-30T08:15:00Z,หันคา,139,0.0,0.0,0.0,,,True
1790756100,2026-09-30T08:15:00Z,ศรีสัชนาลัย,534,0.005,0.299,0.03,,15,True
1790756100,2026-09-30T08:15:00Z,หนองมะโมง,76,0.097,2.064,0.0921,,45,True
1790756100,2026-09-30T08:15:00Z,ศรีสำโรง,142,0.0,0.0,0.0,,,True
1790756100,2026-09-30T08:15:00Z,สรรพยา,55,0.0,0.0,0.0,,,True
1790756100,2026-09-30T08:15:00Z,คีรีมาศ,171,0.0,0.0,0.0,,,True
1790756100,2026-09-30T08:15:00Z,สรรคบุรี,89,0.0,0.0,0.0,,,True
1790756100,2026-09-30T08:15:00Z,กงไกรลาศ,108,0.0,0.0,0.0,,,True
1790756100,2026-09-30T08:15:00Z,มโนรมย์,66,0.0,0.0,0.0,,,True
1790756100,2026-09-30T08:15:00Z,เมืองสุโขทัย,136,0.0,0.0,0.0,,,True
1790756100,2026-09-30T08:15:00Z,วัดสิงห์,67,0.0,0.0,0.0,,,True
1790756100,2026-09-30T08:15:00Z,บ้านด่านลานหอย,231,0.0,0.0,0.0,,,True
1790756100,2026-09-30T08:15:00Z,เมืองชัยนาท,70,0.0,0.0,0.0,,,True
1790756100,2026-09-30T08:15:00Z,เนินขาม,65,0.0,0.0,0.0,,,True
1790756100,2026-09-30T08:15:00Z,คอนสาร,334,0.0,0.0,0.0,,,True
1790756100,2026-09-30T08:15:00Z,ภักดีชุมพล,154,0.0,0.0,0.0,,,True
1790756100,2026-09-30T08:15:00Z,บ้านแท่น,76,0.0,0.0,0.0,,,True
1790756100,2026-09-30T08:15:00Z,แก้งคร้อ,168,0.0,0.0,0.0,,,True
1790756100,2026-09-30T08:15:00Z,ภูเขียว,201,0.0,0.0,0.0,,,True
1790756100,2026-09-30T08:15:00Z,หนองบัวระเหว,179,0.0,0.0,0.0,,,True
1790756100,2026-09-30T08:15:00Z,เทพสถิต,239,0.0,0.0,0.0,,,True
1790756100,2026-09-30T08:15:00Z,จัตุรัส,172,0.0,0.0,0.0,,,True
1790756100,2026-09-30T08:15:00Z,บำเหน็จณรงค์,120,0.0,0.0,0.0,,,True
1790756100,2026-09-30T08:15:00Z,เกษตรสมบูรณ์,268,0.0,0.0,0.0,,,True
1790756100,2026-09-30T08:15:00Z,หนองบัวแดง,537,0.0,0.0,0.0,,,True
1790756100,2026-09-30T08:15:00Z,ภูเรือ,168,0.0,0.0,0.0,,,True
1790756100,2026-09-30T08:15:00Z,ท่าลี่,171,0.0,0.0,0.0,,,True
1790756100,2026-09-30T08:15:00Z,วชิรบารมี,68,0.0,0.0,0.0,,,True
1790756100,2026-09-30T08:15:00Z,ด่านซ้าย,341,0.0,0.0,0.0,,,True
1790756100,2026-09-30T08:15:00Z,นาแห้ว,153,0.0,0.0,0.0,,,True
1790756100,2026-09-30T08:15:00Z,บึงนาราง,74,0.0,0.0,0.0,,,True
1790756100,2026-09-30T08:15:00Z,เชียงคาน,213,0.0,0.0,0.0,,,True
1790756100,2026-09-30T08:15:00Z,ดงเจริญ,56,0.0,0.0,0.0,,,True
1790756100,2026-09-30T08:15:00Z,ปากชม,240,0.0,0.0,0.0,,,True
1790756100,2026-09-30T08:15:00Z,เมืองเลย,314,0.0,0.0,0.0,,,True
1790756100,2026-09-30T08:15:00Z,นาด้วง,143,0.0,0.0,0.0,,,True
1790756100,2026-09-30T08:15:00Z,สากเหล็ก,45,0.0,0.0,0.0,,,True
1790756100,2026-09-30T08:15:00Z,สามง่าม,89,0.0,0.0,0.0,,,True
1790756100,2026-09-30T08:15:00Z,ทับคล้อ,104,0.0,0.0,0.0,,,True
1790756100,2026-09-30T08:15:00Z,พรหมพิราม,206,0.0,0.0,0.0,,,True
1790756100,2026-09-30T08:15:00Z,ด่านขุนทด,344,0.0,0.0,0.0,,,True
1790756100,2026-09-30T08:15:00Z,วัดโบสถ์,226,0.0,0.0,0.0,,,True
1790756100,2026-09-30T08:15:00Z,บางระกำ,246,0.0,0.0,0.0,,,True
1790756100,2026-09-30T08:15:00Z,บางกระทุ่ม,91,0.0,0.0,0.0,,,True
1790756100,2026-09-30T08:15:00Z,นครไทย,597,0.0,0.0,0.0,,,True
1790756100,2026-09-30T08:15:00Z,ชาติตระการ,415,0.0,0.0,0.0,,,True
1790756100,2026-09-30T08:15:00Z,บ้านเหลื่อม,55,0.0,0.0,0.0,,,True
1790756100,2026-09-30T08:15:00Z,เมืองพิษณุโลก,178,0.0,0.0,0.0,,,True
1790756100,2026-09-30T08:15:00Z,ชุมแสง,145,0.0,0.0,0.0,,,True
1790756100,2026-09-30T08:15:00Z,หนองบัว,208,0.0,0.0,0.0,,,True
1790756100,2026-09-30T08:15:00Z,เมืองนครสวรรค์,183,0.0,0.0,0.0,,,True
1790756100,2026-09-30T08:15:00Z,โกรกพระ,71,0.0,0.0,0.0,,,True
1790756100,2026-09-30T08:15:00Z,ไพศาลี,244,0.0,0.0,0.0,,,True
1790756100,2026-09-30T08:15:00Z,ตาคลี,206,0.0,0.0,0.0,,,True
1790756100,2026-09-30T08:15:00Z,ท่าตะโก,211,0.003,0.098,0.0284,,15,True
1790756100,2026-09-30T08:15:00Z,เขาค้อ,207,0.009,0.294,0.0483,,15,True
1790756100,2026-09-30T08:15:00Z,บรรพตพิสัย,181,0.0,0.0,0.0,,,True
1790756100,2026-09-30T08:15:00Z,เก้าเลี้ยว,57,0.0,0.0,0.0,,,True
1790756100,2026-09-30T08:15:00Z,วังโป่ง,123,0.0,0.0,0.0,,,True
1790756100,2026-09-30T08:15:00Z,บึงสามพัน,194,0.002,0.098,0.0155,,60,True
1790756100,2026-09-30T08:15:00Z,น้ำหนาว,231,0.0,0.0,0.0,,,True
1790756100,2026-09-30T08:15:00Z,ศรีเทพ,204,0.0,0.0,0.0,,,True
1790756100,2026-09-30T08:15:00Z,หนองไผ่,315,0.0,0.0,0.0,,,True
1790756100,2026-09-30T08:15:00Z,มหาราช,4,0.0,0.0,0.0,,,False
1790756100,2026-09-30T08:15:00Z,บ้านแพรก,10,0.0,0.0,0.0,,,True
1790756100,2026-09-30T08:15:00Z,บางมูลนาก,99,0.0,0.0,0.0,,,True
1790756100,2026-09-30T08:15:00Z,โพทะเล,131,0.0,0.0,0.0,,,True
1790756100,2026-09-30T08:15:00Z,โพธิ์ประทับช้าง,102,0.0,0.0,0.0,,,True
1790756100,2026-09-30T08:15:00Z,ตะพานหิน,109,0.0,0.0,0.0,,,True
1790756100,2026-09-30T08:15:00Z,เมืองพิจิตร,138,0.0,0.0,0.0,,,True
1790756100,2026-09-30T08:15:00Z,วังทรายพูน,66,0.0,0.0,0.0,,,True
1790757000,2026-09-30T08:30:00Z,พิชัย,176,0.0,0.0,0.0,,,True
1790757000,2026-09-30T08:30:00Z,ลับแล,116,0.0,0.0,0.0,,,True
1790757000,2026-09-30T08:30:00Z,ฟากท่า,163,0.0,0.0,0.0,,,True
1790757000,2026-09-30T08:30:00Z,บ้านโคก,247,0.0,0.0,0.0,,,True
1790757000,2026-09-30T08:30:00Z,ท่าปลา,442,0.0,0.0,0.0,,,True
1790757000,2026-09-30T08:30:00Z,น้ำปาด,363,0.0,0.0,0.0,,,True
1790757000,2026-09-30T08:30:00Z,เมืองอุตรดิตถ์,202,0.0,0.0,0.0,,,True
1790757000,2026-09-30T08:30:00Z,ตรอน,80,0.0,0.0,0.0,,,True
1790757000,2026-09-30T08:30:00Z,หล่มเก่า,246,0.0,0.0,0.0,,,True
1790757000,2026-09-30T08:30:00Z,วิเชียรบุรี,377,0.0,0.0,0.0,,,True
1790757000,2026-09-30T08:30:00Z,ชนแดน,279,0.001,0.288,0.0036,,120,True
1790757000,2026-09-30T08:30:00Z,หล่มสัก,350,0.0,0.0,0.0,,,True
1790757000,2026-09-30T08:30:00Z,เมืองเพชรบูรณ์,571,0.0,0.0,0.0,,,True
1790757000,2026-09-30T08:30:00Z,ทองแสนขัน,185,0.0,0.0,0.0,,,True
1790757000,2026-09-30T08:30:00Z,บึงสามัคคี,71,0.0,0.0,0.0,,,True
1790757000,2026-09-30T08:30:00Z,โกสัมพีนคร,137,0.0,0.0,0.0,,,True
1790757000,2026-09-30T08:30:00Z,สอง,380,0.0,0.0,0.0,,,True
1790757000,2026-09-30T08:30:00Z,วังชิ้น,255,0.0,0.0,0.0,,,True
1790757000,2026-09-30T08:30:00Z,สูงเม่น,88,0.0,0.0,0.0,,,True
1790757000,2026-09-30T08:30:00Z,เด่นชัย,135,0.0,0.0,0.0,,,True
1790757000,2026-09-30T08:30:00Z,ร้องกวาง,221,0.042,1.201,0.086,,30,True
1790757000,2026-09-30T08:30:00Z,ลอง,317,0.0,0.0,0.0,,,True
1790757000,2026-09-30T08:30:00Z,เมืองแพร่,205,0.028,1.38,0.0634,,15,True
1790757000,2026-09-30T08:30:00Z,ทัพทัน,94,0.0,0.0,0.0,,,True
1790757000,2026-09-30T08:30:00Z,สว่างอารมณ์,110,0.0,0.0,0.0,,,True
1790757000,2026-09-30T08:30:00Z,เมืองอุทัยธานี,59,0.0,0.0,0.0,,,True
1790757000,2026-09-30T08:30:00Z,ห้วยคต,94,0.152,2.719,0.1915,30,15,True
1790757000,2026-09-30T08:30:00Z,ศรีสวัสดิ์,440,0.0,0.0,0.0,,,True
1790757000,2026-09-30T08:30:00Z,บ้านไร่,821,0.3,5.375,0.1839,30,15,True
1790757000,2026-09-30T08:30:00Z,ลานสัก,360,0.095,2.26,0.2194,60,15,True
1790757000,2026-09-30T08:30:00Z,หนองฉาง,89,0.19,3.685,0.2022,90,60,True
1790757000,2026-09-30T08:30:00Z,หนองขาหย่าง,43,0.0,0.0,0.0,,,True
1790757000,2026-09-30T08:30:00Z,เชียงม่วน,82,0.0,0.0,0.0,,,True
1790757000,2026-09-30T08:30:00Z,ดอกคำใต้,37,0.0,0.0,0.0,,,True
1790757000,2026-09-30T08:30:00Z,เมืองพะเยา,6,0.0,0.0,0.0,,,True
1790757000,2026-09-30T08:30:00Z,ทองผาภูมิ,851,0.0,0.0,0.0,,,True
1790757000,2026-09-30T08:30:00Z,สังขละบุรี,793,0.0,0.0,0.0,,,True
1790757000,2026-09-30T08:30:00Z,หนองม่วงไข่,35,0.0,0.0,0.0,,,True
1790757000,2026-09-30T08:30:00Z,ภูเวียง,81,0.0,0.0,0.0,,,True
1790757000,2026-09-30T08:30:00Z,มัญจาคีรี,50,0.0,0.0,0.0,,,True
1790757000,2026-09-30T08:30:00Z,หนองปรือ,104,0.0,0.0,0.0,,,True
1790757000,2026-09-30T08:30:00Z,เลาขวัญ,123,0.098,1.483,0.1463,15,15,True
1790757000,2026-09-30T08:30:00Z,หนองนาคำ,43,0.0,0.0,0.0,,,True
1790757000,2026-09-30T08:30:00Z,โคกโพธิ์ไชย,65,0.0,0.0,0.0,,,True
1790757000,2026-09-30T08:30:00Z,บ้านหลวง,91,0.0,0.0,0.0,,,True
1790757000,2026-09-30T08:30:00Z,นาน้อย,266,0.0,0.0,0.0,,,True
1790757000,2026-09-30T08:30:00Z,ภูผาม่าน,74,0.0,0.0,0.0,,,True
1790757000,2026-09-30T08:30:00Z,เมืองน่าน,161,0.0,0.0,0.0,,,True
1790757000,2026-09-30T08:30:00Z,แม่จริม,262,0.0,0.0,0.0,,,True
1790757000,2026-09-30T08:30:00Z,เวียงเก่า,78,0.0,0.0,0.0,,,True
1790757000,2026-09-30T08:30:00Z,เมืองกำแพงเพชร,368,0.0,0.0,0.0,,,True
1790757000,2026-09-30T08:30:00Z,ไทรงาม,133,0.0,0.0,0.0,,,True
1790757000,2026-09-30T08:30:00Z,ปางศิลาทอง,186,0.0,0.0,0.0,,,True
1790757000,2026-09-30T08:30:00Z,ลานกระบือ,103,0.0,0.0,0.0,,,True
1790757000,2026-09-30T08:30:00Z,ทรายทองวัฒนา,53,0.0,0.0,0.0,,,True
1790757000,2026-09-30T08:30:00Z,คลองขลุง,179,0.0,0.0,0.0,,,True
1790757000,2026-09-30T08:30:00Z,พรานกระต่าย,252,0.0,0.0,0.0,,,True
1790757000,2026-09-30T08:30:00Z,คลองลาน,363,0.0,0.098,0.0028,,30,True
1790757000,2026-09-30T08:30:00Z,ขาณุวรลักษบุรี,296,0.0,0.0,0.0,,,True
1790757000,2026-09-30T08:30:00Z,ภูเพียง,113,0.0,0.0,0.0,,,True
1790757000,2026-09-30T08:30:00Z,นาหมื่น,245,0.0,0.0,0.0,,,True
1790757000,2026-09-30T08:30:00Z,เวียงสา,543,0.0,0.098,0.0037,,105,True
1790757000,2026-09-30T08:30:00Z,น้ำโสม,153,0.0,0.0,0.0,,,True
1790757000,2026-09-30T08:30:00Z,นายูง,126,0.0,0.0,0.0,,,True
1790757000,2026-09-30T08:30:00Z,ชุมแพ,173,0.0,0.0,0.0,,,True
1790757000,2026-09-30T08:30:00Z,สีชมพู,132,0.0,0.0,0.0,,,True
1790757000,2026-09-30T08:30:00Z,สุวรรณคูหา,140,0.0,0.0,0.0,,,True
1790757000,2026-09-30T08:30:00Z,นาวัง,65,0.0,0.0,0.0,,,True
1790757000,2026-09-30T08:30:00Z,หนองเรือ,80,0.0,0.0,0.0,,,True
1790757000,2026-09-30T08:30:00Z,โนนสัง,51,0.0,0.0,0.0,,,True
1790757000,2026-09-30T08:30:00Z,ศรีบุญเรือง,224,0.0,0.0,0.0,,,True
1790757000,2026-09-30T08:30:00Z,เมืองหนองบัวลำภู,217,0.0,0.0,0.0,,,True
1790757000,2026-09-30T08:30:00Z,นากลาง,173,0.0,0.0,0.0,,,True
1790757000,2026-09-30T08:30:00Z,ทุ่งเสลี่ยม,144,0.0,0.0,0.0,,,True
1790757000,2026-09-30T08:30:00Z,ดอยหล่อ,56,0.0,0.0,0.0,,,True
1790757000,2026-09-30T08:30:00Z,เมืองตาก,486,0.0,0.0,0.0,,,True
1790757000,2026-09-30T08:30:00Z,แม่ออน,116,0.0,0.0,0.0,,,True
1790757000,2026-09-30T08:30:00Z,อุ้มผาง,1209,0.005,0.397,0.0347,,15,True
1790757000,2026-09-30T08:30:00Z,วังเจ้า,183,0.001,0.098,0.0055,,30,True
1790757000,2026-09-30T08:30:00Z,แม่สอด,398,0.0,0.0,0.0,,,True
1790757000,2026-09-30T08:30:00Z,พบพระ,249,0.0,0.0,0.0,,,True
1790757000,2026-09-30T08:30:00Z,แม่ระมาด,380,0.0,0.0,0.0,,,True
1790757000,2026-09-30T08:30:00Z,ท่าสองยาง,401,0.0,0.0,0.0,,,True
1790757000,2026-09-30T08:30:00Z,บ้านตาก,255,0.0,0.0,0.0,,,True
1790757000,2026-09-30T08:30:00Z,สามเงา,698,0.0,0.0,0.0,,,True
1790757000,2026-09-30T08:30:00Z,จอมทอง,280,0.0,0.0,0.0,,,True
1790757000,2026-09-30T08:30:00Z,แก้งสนามนาง,79,0.0,0.0,0.0,,,True
1790757000,2026-09-30T08:30:00Z,สีคิ้ว,292,0.0,0.0,0.0,,,True
1790757000,2026-09-30T08:30:00Z,พระทองคำ,90,0.0,0.0,0.0,,,True
1790757000,2026-09-30T08:30:00Z,เทพารักษ์,92,0.0,0.0,0.0,,,True
1790757000,2026-09-30T08:30:00Z,สันกำแพง,65,0.0,0.0,0.0,,,True
1790757000,2026-09-30T08:30:00Z,สันป่าตอง,44,0.0,0.0,0.0,,,True
1790757000,2026-09-30T08:30:00Z,ดอยเต่า,213,0.0,0.0,0.0,,,True
1790757000,2026-09-30T08:30:00Z,อมก๋อย,704,0.0,0.0,0.0,,,True
1790757000,2026-09-30T08:30:00Z,ฮอด,378,0.0,0.0,0.0,,,True
1790757000,2026-09-30T08:30:00Z,เมืองลำพูน,117,0.0,0.0,0.0,,,True
1790757000,2026-09-30T08:30:00Z,แม่ทา,192,0.0,0.0,0.0,,,True
1790757000,2026-09-30T08:30:00Z,บ้านธิ,34,0.0,0.0,0.0,,,True
1790757000,2026-09-30T08:30:00Z,บ้านหมอ,24,0.0,0.0,0.0,,,True
1790757000,2026-09-30T08:30:00Z,เวียงหนองล่อง,14,0.0,0.0,0.0,,,True
1790757000,2026-09-30T08:30:00Z,ทุ่งหัวช้าง,113,0.09,1.261,0.177,45,15,True
1790757000,2026-09-30T08:30:00Z,ป่าซาง,74,0.0,0.0,0.0,,,True
1790757000,2026-09-30T08:30:00Z,บ้านโฮ่ง,124,0.0,0.0,0.0,,,True
1790757000,2026-09-30T08:30:00Z,แก่งคอย,73,0.0,0.0,0.0,,,True
1790757000,2026-09-30T08:30:00Z,ลี้,454,0.002,0.098,0.0176,,15,True
1790757000,2026-09-30T08:30:00Z,พระพุทธบาท,55,0.0,0.0,0.0,,,True
1790757000,2026-09-30T08:30:00Z,ดอนพุด,7,0.0,0.0,0.0,,,True
1790757000,2026-09-30T08:30:00Z,หนองโดน,31,0.0,0.0,0.0,,,True
1790757000,2026-09-30T08:30:00Z,เมืองลำปาง,300,0.002,0.098,0.02,,75,True
1790757000,2026-09-30T08:30:00Z,เถิน,443,0.0,0.0,0.0,,,True
1790757000,2026-09-30T08:30:00Z,แม่พริก,167,0.0,0.0,0.0,,,True
1790757000,2026-09-30T08:30:00Z,แจ้ห่ม,274,0.0,0.0,0.0,,,True
1790757000,2026-09-30T08:30:00Z,แม่เปิน,85,0.0,0.0,0.0,,,True
1790757000,2026-09-30T08:30:00Z,เสริมงาม,185,0.046,1.184,0.0703,,45,True
1790757000,2026-09-30T08:30:00Z,ชุมตาบง,61,0.0,0.0,0.0,,,True
1790757000,2026-09-30T08:30:00Z,งาว,344,0.003,0.201,0.0262,,15,True
1790757000,2026-09-30T08:30:00Z,ตากฟ้า,125,0.0,0.0,0.0,,,True
1790757000,2026-09-30T08:30:00Z,แม่เมาะ,283,0.0,0.098,0.0035,,105,True
1790757000,2026-09-30T08:30:00Z,แม่วงก์,257,0.0,0.0,0.0,,,True
1790757000,2026-09-30T08:30:00Z,เกาะคา,128,0.0,0.0,0.0,,,True
1790757000,2026-09-30T08:30:00Z,พยุหะคีรี,169,0.0,0.0,0.0,,,True
1790757000,2026-09-30T08:30:00Z,ลาดยาว,187,0.0,0.0,0.0,,,True
1790757000,2026-09-30T08:30:00Z,สบปราบ,125,0.0,0.0,0.0,,,True
1790757000,2026-09-30T08:30:00Z,ห้างฉัตร,154,0.0,0.0,0.0,,,True
1790757000,2026-09-30T08:30:00Z,แม่ทะ,203,0.0,0.0,0.0,,,True
1790757000,2026-09-30T08:30:00Z,เมืองปาน,202,0.0,0.0,0.0,,,True
1790757000,2026-09-30T08:30:00Z,เมืองอ่างทอง,6,0.0,0.0,0.0,,,True
1790757000,2026-09-30T08:30:00Z,ไชโย,20,0.0,0.0,0.0,,,True
1790757000,2026-09-30T08:30:00Z,สามโก้,10,0.0,0.0,0.0,,,True
1790757000,2026-09-30T08:30:00Z,แสวงหา,43,0.0,0.0,0.0,,,True
1790757000,2026-09-30T08:30:00Z,วิเศษชัยชาญ,7,0.0,0.0,0.0,,,True
1790757000,2026-09-30T08:30:00Z,โพธิ์ทอง,48,0.0,0.0,0.0,,,True
1790757000,2026-09-30T08:30:00Z,เมืองลพบุรี,190,0.0,0.0,0.0,,,True
1790757000,2026-09-30T08:30:00Z,เดิมบางนางบวช,130,0.0,0.0,0.0,,,True
1790757000,2026-09-30T08:30:00Z,ด่านช้าง,309,0.096,1.854,0.2168,60,15,True
1790757000,2026-09-30T08:30:00Z,หนองม่วง,111,0.0,0.0,0.0,,,True
1790757000,2026-09-30T08:30:00Z,ลำสนธิ,136,0.0,0.0,0.0,,,True
1790757000,2026-09-30T08:30:00Z,สามชุก,77,0.0,0.0,0.0,,,True
1790757000,2026-09-30T08:30:00Z,ดอนเจดีย์,72,0.0,0.0,0.0,,,True
1790757000,2026-09-30T08:30:00Z,สระโบสถ์,83,0.0,0.0,0.0,,,True
1790757000,2026-09-30T08:30:00Z,ศรีประจันต์,41,0.0,0.0,0.0,,,True
1790757000,2026-09-30T08:30:00Z,โคกเจริญ,135,0.0,0.0,0.0,,,True
1790757000,2026-09-30T08:30:00Z,บ้านหมี่,136,0.0,0.0,0.0,,,True
1790757000,2026-09-30T08:30:00Z,ท่าหลวง,100,0.0,0.0,0.0,,,True
1790757000,2026-09-30T08:30:00Z,ชัยบาดาล,280,0.0,0.0,0.0,,,True
1790757000,2026-09-30T08:30:00Z,ท่าวุ้ง,64,0.0,0.0,0.0,,,True
1790757000,2026-09-30T08:30:00Z,พัฒนานิคม,217,0.0,0.0,0.0,,,True
1790757000,2026-09-30T08:30:00Z,โคกสำโรง,180,0.0,0.0,0.0,,,True
1790757000,2026-09-30T08:30:00Z,หนองหญ้าไซ,108,0.038,1.587,0.0648,,15,True
1790757000,2026-09-30T08:30:00Z,ท่าช้าง,11,0.0,0.0,0.0,,,True
1790757000,2026-09-30T08:30:00Z,อินทร์บุรี,66,0.0,0.0,0.0,,,True
1790757000,2026-09-30T08:30:00Z,ค่ายบางระจัน,26,0.0,0.0,0.0,,,True
1790757000,2026-09-30T08:30:00Z,พรหมบุรี,19,0.0,0.0,0.0,,,True
1790757000,2026-09-30T08:30:00Z,เนินสง่า,65,0.0,0.0,0.0,,,True
1790757000,2026-09-30T08:30:00Z,เมืองสิงห์บุรี,31,0.0,0.0,0.0,,,True
1790757000,2026-09-30T08:30:00Z,ซับใหญ่,72,0.0,0.0,0.0,,,True
1790757000,2026-09-30T08:30:00Z,บางระจัน,46,0.0,0.0,0.0,,,True
1790757000,2026-09-30T08:30:00Z,ภูกระดึง,190,0.0,0.0,0.0,,,True
1790757000,2026-09-30T08:30:00Z,ภูหลวง,145,0.0,0.0,0.0,,,True
1790757000,2026-09-30T08:30:00Z,หนองหิน,78,0.0,0.0,0.0,,,True
1790757000,2026-09-30T08:30:00Z,ผาขาว,100,0.0,0.0,0.0,,,True
1790757000,2026-09-30T08:30:00Z,เอราวัณ,87,0.0,0.0,0.0,,,True
1790757000,2026-09-30T08:30:00Z,วังสะพุง,281,0.0,0.0,0.0,,,True
1790757000,2026-09-30T08:30:00Z,วังม่วง,70,0.0,0.0,0.0,,,True
1790757000,2026-09-30T08:30:00Z,เฉลิมพระเกียรติ,35,0.0,0.0,0.0,,,True
1790757000,2026-09-30T08:30:00Z,มวกเหล็ก,175,0.0,0.0,0.0,,,True
1790757000,2026-09-30T08:30:00Z,บ้านเขว้า,124,0.0,0.0,0.0,,,True
1790757000,2026-09-30T08:30:00Z,คอนสวรรค์,113,0.0,0.0,0.0,,,True
1790757000,2026-09-30T08:30:00Z,เมืองชัยภูมิ,358,0.0,0.0,0.0,,,True
1790757000,2026-09-30T08:30:00Z,วังทอง,425,0.0,0.0,0.0,,,True
1790757000,2026-09-30T08:30:00Z,เนินมะปราง,276,0.0,0.0,0.0,,,True
1790757000,2026-09-30T08:30:00Z,สวรรคโลก,156,0.0,0.0,0.0,,,True
1790757000,2026-09-30T08:30:00Z,ศรีนคร,46,0.0,0.0,0.0,,,True
1790757000,2026-09-30T08:30:00Z,หันคา,139,0.0,0.0,0.0,,,True
1790757000,2026-09-30T08:30:00Z,ศรีสัชนาลัย,534,0.0,0.0,0.0,,,True
1790757000,2026-09-30T08:30:00Z,หนองมะโมง,76,0.041,2.529,0.0395,,60,True
1790757000,2026-09-30T08:30:00Z,ศรีสำโรง,142,0.0,0.0,0.0,,,True
1790757000,2026-09-30T08:30:00Z,สรรพยา,55,0.0,0.0,0.0,,,True
1790757000,2026-09-30T08:30:00Z,คีรีมาศ,171,0.0,0.0,0.0,,,True
1790757000,2026-09-30T08:30:00Z,สรรคบุรี,89,0.0,0.0,0.0,,,True
1790757000,2026-09-30T08:30:00Z,กงไกรลาศ,108,0.0,0.0,0.0,,,True
1790757000,2026-09-30T08:30:00Z,มโนรมย์,66,0.0,0.0,0.0,,,True
1790757000,2026-09-30T08:30:00Z,เมืองสุโขทัย,136,0.0,0.0,0.0,,,True
1790757000,2026-09-30T08:30:00Z,วัดสิงห์,67,0.0,0.0,0.0,,,True
1790757000,2026-09-30T08:30:00Z,บ้านด่านลานหอย,231,0.0,0.0,0.0,,,True
1790757000,2026-09-30T08:30:00Z,เมืองชัยนาท,70,0.0,0.0,0.0,,,True
1790757000,2026-09-30T08:30:00Z,เนินขาม,65,0.0,0.0,0.0,,,True
1790757000,2026-09-30T08:30:00Z,คอนสาร,334,0.0,0.0,0.0,,,True
1790757000,2026-09-30T08:30:00Z,ภักดีชุมพล,154,0.0,0.0,0.0,,,True
1790757000,2026-09-30T08:30:00Z,บ้านแท่น,76,0.0,0.0,0.0,,,True
1790757000,2026-09-30T08:30:00Z,แก้งคร้อ,168,0.0,0.0,0.0,,,True
1790757000,2026-09-30T08:30:00Z,ภูเขียว,201,0.0,0.0,0.0,,,True
1790757000,2026-09-30T08:30:00Z,หนองบัวระเหว,179,0.0,0.0,0.0,,,True
1790757000,2026-09-30T08:30:00Z,เทพสถิต,239,0.0,0.0,0.0,,,True
1790757000,2026-09-30T08:30:00Z,จัตุรัส,172,0.0,0.0,0.0,,,True
1790757000,2026-09-30T08:30:00Z,บำเหน็จณรงค์,120,0.0,0.0,0.0,,,True
1790757000,2026-09-30T08:30:00Z,เกษตรสมบูรณ์,268,0.0,0.0,0.0,,,True
1790757000,2026-09-30T08:30:00Z,หนองบัวแดง,537,0.0,0.0,0.0,,,True
1790757000,2026-09-30T08:30:00Z,ภูเรือ,168,0.0,0.0,0.0,,,True
1790757000,2026-09-30T08:30:00Z,ท่าลี่,171,0.0,0.0,0.0,,,True
1790757000,2026-09-30T08:30:00Z,วชิรบารมี,68,0.0,0.0,0.0,,,True
1790757000,2026-09-30T08:30:00Z,ด่านซ้าย,341,0.0,0.0,0.0,,,True
1790757000,2026-09-30T08:30:00Z,นาแห้ว,153,0.0,0.0,0.0,,,True
1790757000,2026-09-30T08:30:00Z,บึงนาราง,74,0.0,0.0,0.0,,,True
1790757000,2026-09-30T08:30:00Z,เชียงคาน,213,0.0,0.0,0.0,,,True
1790757000,2026-09-30T08:30:00Z,ดงเจริญ,56,0.0,0.0,0.0,,,True
1790757000,2026-09-30T08:30:00Z,ปากชม,240,0.0,0.0,0.0,,,True
1790757000,2026-09-30T08:30:00Z,เมืองเลย,314,0.0,0.0,0.0,,,True
1790757000,2026-09-30T08:30:00Z,นาด้วง,143,0.0,0.0,0.0,,,True
1790757000,2026-09-30T08:30:00Z,สากเหล็ก,45,0.0,0.0,0.0,,,True
1790757000,2026-09-30T08:30:00Z,สามง่าม,89,0.0,0.0,0.0,,,True
1790757000,2026-09-30T08:30:00Z,ทับคล้อ,104,0.0,0.0,0.0,,,True
1790757000,2026-09-30T08:30:00Z,พรหมพิราม,206,0.0,0.0,0.0,,,True
1790757000,2026-09-30T08:30:00Z,ด่านขุนทด,344,0.0,0.0,0.0,,,True
1790757000,2026-09-30T08:30:00Z,วัดโบสถ์,226,0.0,0.0,0.0,,,True
1790757000,2026-09-30T08:30:00Z,บางระกำ,246,0.0,0.0,0.0,,,True
1790757000,2026-09-30T08:30:00Z,บางกระทุ่ม,91,0.0,0.0,0.0,,,True
1790757000,2026-09-30T08:30:00Z,นครไทย,597,0.001,0.098,0.0134,,15,True
1790757000,2026-09-30T08:30:00Z,ชาติตระการ,415,0.0,0.0,0.0,,,True
1790757000,2026-09-30T08:30:00Z,บ้านเหลื่อม,55,0.0,0.0,0.0,,,True
1790757000,2026-09-30T08:30:00Z,เมืองพิษณุโลก,178,0.0,0.0,0.0,,,True
1790757000,2026-09-30T08:30:00Z,ชุมแสง,145,0.0,0.0,0.0,,,True
1790757000,2026-09-30T08:30:00Z,หนองบัว,208,0.0,0.0,0.0,,,True
1790757000,2026-09-30T08:30:00Z,เมืองนครสวรรค์,183,0.0,0.0,0.0,,,True
1790757000,2026-09-30T08:30:00Z,โกรกพระ,71,0.0,0.0,0.0,,,True
1790757000,2026-09-30T08:30:00Z,ไพศาลี,244,0.0,0.0,0.0,,,True
1790757000,2026-09-30T08:30:00Z,ตาคลี,206,0.0,0.0,0.0,,,True
1790757000,2026-09-30T08:30:00Z,ท่าตะโก,211,0.0,0.0,0.0,,,True
1790757000,2026-09-30T08:30:00Z,เขาค้อ,207,0.0,0.0,0.0,,,True
1790757000,2026-09-30T08:30:00Z,บรรพตพิสัย,181,0.0,0.0,0.0,,,True
1790757000,2026-09-30T08:30:00Z,เก้าเลี้ยว,57,0.0,0.0,0.0,,,True
1790757000,2026-09-30T08:30:00Z,วังโป่ง,123,0.0,0.0,0.0,,,True
1790757000,2026-09-30T08:30:00Z,บึงสามพัน,194,0.133,2.334,0.1289,75,15,True
1790757000,2026-09-30T08:30:00Z,น้ำหนาว,231,0.0,0.0,0.0,,,True
1790757000,2026-09-30T08:30:00Z,ศรีเทพ,204,0.0,0.0,0.0,,,True
1790757000,2026-09-30T08:30:00Z,หนองไผ่,315,0.0,0.0,0.0,,,True
1790757000,2026-09-30T08:30:00Z,มหาราช,4,0.0,0.0,0.0,,,False
1790757000,2026-09-30T08:30:00Z,บ้านแพรก,10,0.0,0.0,0.0,,,True
1790757000,2026-09-30T08:30:00Z,บางมูลนาก,99,0.0,0.0,0.0,,,True
1790757000,2026-09-30T08:30:00Z,โพทะเล,131,0.0,0.0,0.0,,,True
1790757000,2026-09-30T08:30:00Z,โพธิ์ประทับช้าง,102,0.0,0.0,0.0,,,True
1790757000,2026-09-30T08:30:00Z,ตะพานหิน,109,0.0,0.0,0.0,,,True
1790757000,2026-09-30T08:30:00Z,เมืองพิจิตร,138,0.0,0.0,0.0,,,True
1790757000,2026-09-30T08:30:00Z,วังทรายพูน,66,0.0,0.0,0.0,,,True
1790757900,2026-09-30T08:45:00Z,พิชัย,176,0.0,0.0,0.0,,,True
1790757900,2026-09-30T08:45:00Z,ลับแล,116,0.0,0.0,0.0,,,True
1790757900,2026-09-30T08:45:00Z,ฟากท่า,163,0.001,0.098,0.0061,,105,True
1790757900,2026-09-30T08:45:00Z,บ้านโคก,247,0.0,0.0,0.0,,,True
1790757900,2026-09-30T08:45:00Z,ท่าปลา,442,0.0,0.0,0.0,,,True
1790757900,2026-09-30T08:45:00Z,น้ำปาด,363,0.0,0.0,0.0,,,True
1790757900,2026-09-30T08:45:00Z,เมืองอุตรดิตถ์,202,0.0,0.0,0.0,,,True
1790757900,2026-09-30T08:45:00Z,ตรอน,80,0.0,0.0,0.0,,,True
1790757900,2026-09-30T08:45:00Z,หล่มเก่า,246,0.0,0.0,0.0,,,True
1790757900,2026-09-30T08:45:00Z,วิเชียรบุรี,377,0.001,0.196,0.0053,,15,True
1790757900,2026-09-30T08:45:00Z,ชนแดน,279,0.01,1.808,0.0072,,105,True
1790757900,2026-09-30T08:45:00Z,หล่มสัก,350,0.0,0.0,0.0,,,True
1790757900,2026-09-30T08:45:00Z,เมืองเพชรบูรณ์,571,0.0,0.0,0.0,,,True
1790757900,2026-09-30T08:45:00Z,ทองแสนขัน,185,0.0,0.0,0.0,,,True
1790757900,2026-09-30T08:45:00Z,บึงสามัคคี,71,0.0,0.0,0.0,,,True
1790757900,2026-09-30T08:45:00Z,โกสัมพีนคร,137,0.0,0.0,0.0,,,True
1790757900,2026-09-30T08:45:00Z,สอง,380,0.0,0.0,0.0,,,True
1790757900,2026-09-30T08:45:00Z,วังชิ้น,255,0.0,0.0,0.0,,,True
1790757900,2026-09-30T08:45:00Z,สูงเม่น,88,0.0,0.0,0.0,,,True
1790757900,2026-09-30T08:45:00Z,เด่นชัย,135,0.0,0.0,0.0,,,True
1790757900,2026-09-30T08:45:00Z,ร้องกวาง,221,0.098,1.184,0.1674,75,15,True
1790757900,2026-09-30T08:45:00Z,ลอง,317,0.0,0.0,0.0,,,True
1790757900,2026-09-30T08:45:00Z,เมืองแพร่,205,0.0,0.098,0.0049,,15,True
1790757900,2026-09-30T08:45:00Z,ทัพทัน,94,0.0,0.0,0.0,,,True
1790757900,2026-09-30T08:45:00Z,สว่างอารมณ์,110,0.0,0.0,0.0,,,True
1790757900,2026-09-30T08:45:00Z,เมืองอุทัยธานี,59,0.0,0.0,0.0,,,True
1790757900,2026-09-30T08:45:00Z,ห้วยคต,94,0.475,3.836,0.266,15,15,True
1790757900,2026-09-30T08:45:00Z,ศรีสวัสดิ์,440,0.0,0.0,0.0,,,True
1790757900,2026-09-30T08:45:00Z,บ้านไร่,821,0.607,14.779,0.2448,15,15,True
1790757900,2026-09-30T08:45:00Z,ลานสัก,360,0.059,0.826,0.175,90,15,True
1790757900,2026-09-30T08:45:00Z,หนองฉาง,89,0.081,1.457,0.1461,120,75,True
1790757900,2026-09-30T08:45:00Z,หนองขาหย่าง,43,0.0,0.0,0.0,,,True
1790757900,2026-09-30T08:45:00Z,เชียงม่วน,82,0.0,0.0,0.0,,,True
1790757900,2026-09-30T08:45:00Z,ดอกคำใต้,37,0.0,0.0,0.0,,,True
1790757900,2026-09-30T08:45:00Z,เมืองพะเยา,6,0.0,0.0,0.0,,,True
1790757900,2026-09-30T08:45:00Z,ทองผาภูมิ,851,0.0,0.0,0.0,,,True
1790757900,2026-09-30T08:45:00Z,สังขละบุรี,793,0.0,0.0,0.0,,,True
1790757900,2026-09-30T08:45:00Z,หนองม่วงไข่,35,0.0,0.0,0.0,,,True
1790757900,2026-09-30T08:45:00Z,ภูเวียง,81,0.0,0.0,0.0,,,True
1790757900,2026-09-30T08:45:00Z,มัญจาคีรี,50,0.0,0.0,0.0,,,True
1790757900,2026-09-30T08:45:00Z,หนองปรือ,104,0.0,0.0,0.0,,,True
1790757900,2026-09-30T08:45:00Z,เลาขวัญ,123,0.158,2.273,0.187,15,15,True
1790757900,2026-09-30T08:45:00Z,หนองนาคำ,43,0.0,0.0,0.0,,,True
1790757900,2026-09-30T08:45:00Z,โคกโพธิ์ไชย,65,0.0,0.0,0.0,,,True
1790757900,2026-09-30T08:45:00Z,บ้านหลวง,91,0.0,0.0,0.0,,,True
1790757900,2026-09-30T08:45:00Z,นาน้อย,266,0.0,0.0,0.0,,,True
1790757900,2026-09-30T08:45:00Z,ภูผาม่าน,74,0.0,0.0,0.0,,,True
1790757900,2026-09-30T08:45:00Z,เมืองน่าน,161,0.0,0.0,0.0,,,True
1790757900,2026-09-30T08:45:00Z,แม่จริม,262,0.0,0.0,0.0,,,True
1790757900,2026-09-30T08:45:00Z,เวียงเก่า,78,0.0,0.0,0.0,,,True
1790757900,2026-09-30T08:45:00Z,เมืองกำแพงเพชร,368,0.0,0.0,0.0,,,True
1790757900,2026-09-30T08:45:00Z,ไทรงาม,133,0.0,0.0,0.0,,,True
1790757900,2026-09-30T08:45:00Z,ปางศิลาทอง,186,0.0,0.0,0.0,,,True
1790757900,2026-09-30T08:45:00Z,ลานกระบือ,103,0.0,0.0,0.0,,,True
1790757900,2026-09-30T08:45:00Z,ทรายทองวัฒนา,53,0.0,0.0,0.0,,,True
1790757900,2026-09-30T08:45:00Z,คลองขลุง,179,0.0,0.0,0.0,,,True
1790757900,2026-09-30T08:45:00Z,พรานกระต่าย,252,0.0,0.0,0.0,,,True
1790757900,2026-09-30T08:45:00Z,คลองลาน,363,0.0,0.0,0.0,,,True
1790757900,2026-09-30T08:45:00Z,ขาณุวรลักษบุรี,296,0.0,0.0,0.0,,,True
1790757900,2026-09-30T08:45:00Z,ภูเพียง,113,0.0,0.0,0.0,,,True
1790757900,2026-09-30T08:45:00Z,นาหมื่น,245,0.0,0.0,0.0,,,True
1790757900,2026-09-30T08:45:00Z,เวียงสา,543,0.0,0.0,0.0,,,True
1790757900,2026-09-30T08:45:00Z,น้ำโสม,153,0.0,0.0,0.0,,,True
1790757900,2026-09-30T08:45:00Z,นายูง,126,0.0,0.0,0.0,,,True
1790757900,2026-09-30T08:45:00Z,ชุมแพ,173,0.0,0.0,0.0,,,True
1790757900,2026-09-30T08:45:00Z,สีชมพู,132,0.0,0.0,0.0,,,True
1790757900,2026-09-30T08:45:00Z,สุวรรณคูหา,140,0.0,0.0,0.0,,,True
1790757900,2026-09-30T08:45:00Z,นาวัง,65,0.0,0.0,0.0,,,True
1790757900,2026-09-30T08:45:00Z,หนองเรือ,80,0.0,0.0,0.0,,,True
1790757900,2026-09-30T08:45:00Z,โนนสัง,51,0.0,0.0,0.0,,,True
1790757900,2026-09-30T08:45:00Z,ศรีบุญเรือง,224,0.0,0.0,0.0,,,True
1790757900,2026-09-30T08:45:00Z,เมืองหนองบัวลำภู,217,0.0,0.0,0.0,,,True
1790757900,2026-09-30T08:45:00Z,นากลาง,173,0.0,0.0,0.0,,,True
1790757900,2026-09-30T08:45:00Z,ทุ่งเสลี่ยม,144,0.0,0.0,0.0,,,True
1790757900,2026-09-30T08:45:00Z,ดอยหล่อ,56,0.0,0.0,0.0,,,True
1790757900,2026-09-30T08:45:00Z,เมืองตาก,486,0.0,0.0,0.0,,,True
1790757900,2026-09-30T08:45:00Z,แม่ออน,116,0.0,0.0,0.0,,,True
1790757900,2026-09-30T08:45:00Z,อุ้มผาง,1209,0.003,0.294,0.0157,,15,True
1790757900,2026-09-30T08:45:00Z,วังเจ้า,183,0.0,0.0,0.0,,,True
1790757900,2026-09-30T08:45:00Z,แม่สอด,398,0.0,0.0,0.0,,,True
1790757900,2026-09-30T08:45:00Z,พบพระ,249,0.0,0.0,0.0,,,True
1790757900,2026-09-30T08:45:00Z,แม่ระมาด,380,0.0,0.0,0.0,,,True
1790757900,2026-09-30T08:45:00Z,ท่าสองยาง,401,0.0,0.0,0.0,,,True
1790757900,2026-09-30T08:45:00Z,บ้านตาก,255,0.0,0.0,0.0,,,True
1790757900,2026-09-30T08:45:00Z,สามเงา,698,0.0,0.0,0.0,,,True
1790757900,2026-09-30T08:45:00Z,จอมทอง,280,0.0,0.0,0.0,,,True
1790757900,2026-09-30T08:45:00Z,แก้งสนามนาง,79,0.0,0.0,0.0,,,True
1790757900,2026-09-30T08:45:00Z,สีคิ้ว,292,0.004,0.299,0.0308,,15,True
1790757900,2026-09-30T08:45:00Z,พระทองคำ,90,0.0,0.0,0.0,,,True
1790757900,2026-09-30T08:45:00Z,เทพารักษ์,92,0.003,0.196,0.0217,,105,True
1790757900,2026-09-30T08:45:00Z,สันกำแพง,65,0.0,0.0,0.0,,,True
1790757900,2026-09-30T08:45:00Z,สันป่าตอง,44,0.0,0.0,0.0,,,True
1790757900,2026-09-30T08:45:00Z,ดอยเต่า,213,0.0,0.0,0.0,,,True
1790757900,2026-09-30T08:45:00Z,อมก๋อย,704,0.0,0.0,0.0,,,True
1790757900,2026-09-30T08:45:00Z,ฮอด,378,0.0,0.0,0.0,,,True
1790757900,2026-09-30T08:45:00Z,เมืองลำพูน,117,0.0,0.0,0.0,,,True
1790757900,2026-09-30T08:45:00Z,แม่ทา,192,0.0,0.0,0.0,,,True
1790757900,2026-09-30T08:45:00Z,บ้านธิ,34,0.0,0.0,0.0,,,True
1790757900,2026-09-30T08:45:00Z,บ้านหมอ,24,0.0,0.0,0.0,,,True
1790757900,2026-09-30T08:45:00Z,เวียงหนองล่อง,14,0.0,0.0,0.0,,,True
1790757900,2026-09-30T08:45:00Z,ทุ่งหัวช้าง,113,0.104,1.44,0.1504,30,15,True
1790757900,2026-09-30T08:45:00Z,ป่าซาง,74,0.0,0.0,0.0,,,True
1790757900,2026-09-30T08:45:00Z,บ้านโฮ่ง,124,0.001,0.098,0.0081,,120,True
1790757900,2026-09-30T08:45:00Z,แก่งคอย,73,0.0,0.0,0.0,,,True
1790757900,2026-09-30T08:45:00Z,ลี้,454,0.001,0.098,0.0066,,45,True
1790757900,2026-09-30T08:45:00Z,พระพุทธบาท,55,0.0,0.0,0.0,,,True
1790757900,2026-09-30T08:45:00Z,ดอนพุด,7,0.0,0.0,0.0,,,True
1790757900,2026-09-30T08:45:00Z,หนองโดน,31,0.0,0.0,0.0,,,True
1790757900,2026-09-30T08:45:00Z,เมืองลำปาง,300,0.0,0.0,0.0,,,True
1790757900,2026-09-30T08:45:00Z,เถิน,443,0.0,0.0,0.0,,,True
1790757900,2026-09-30T08:45:00Z,แม่พริก,167,0.0,0.0,0.0,,,True
1790757900,2026-09-30T08:45:00Z,แจ้ห่ม,274,0.0,0.0,0.0,,,True
1790757900,2026-09-30T08:45:00Z,แม่เปิน,85,0.0,0.0,0.0,,,True
1790757900,2026-09-30T08:45:00Z,เสริมงาม,185,0.122,2.032,0.1405,105,30,True
1790757900,2026-09-30T08:45:00Z,ชุมตาบง,61,0.0,0.0,0.0,,,True
1790757900,2026-09-30T08:45:00Z,งาว,344,0.0,0.0,0.0,,,True
1790757900,2026-09-30T08:45:00Z,ตากฟ้า,125,0.0,0.0,0.0,,,True
1790757900,2026-09-30T08:45:00Z,แม่เมาะ,283,0.0,0.0,0.0,,,True
1790757900,2026-09-30T08:45:00Z,แม่วงก์,257,0.0,0.0,0.0,,,True
1790757900,2026-09-30T08:45:00Z,เกาะคา,128,0.0,0.0,0.0,,,True
1790757900,2026-09-30T08:45:00Z,พยุหะคีรี,169,0.0,0.0,0.0,,,True
1790757900,2026-09-30T08:45:00Z,ลาดยาว,187,0.0,0.0,0.0,,,True
1790757900,2026-09-30T08:45:00Z,สบปราบ,125,0.0,0.0,0.0,,,True
1790757900,2026-09-30T08:45:00Z,ห้างฉัตร,154,0.0,0.0,0.0,,,True
1790757900,2026-09-30T08:45:00Z,แม่ทะ,203,0.0,0.0,0.0,,,True
1790757900,2026-09-30T08:45:00Z,เมืองปาน,202,0.0,0.0,0.0,,,True
1790757900,2026-09-30T08:45:00Z,เมืองอ่างทอง,6,0.0,0.0,0.0,,,True
1790757900,2026-09-30T08:45:00Z,ไชโย,20,0.0,0.0,0.0,,,True
1790757900,2026-09-30T08:45:00Z,สามโก้,10,0.0,0.0,0.0,,,True
1790757900,2026-09-30T08:45:00Z,แสวงหา,43,0.0,0.0,0.0,,,True
1790757900,2026-09-30T08:45:00Z,วิเศษชัยชาญ,7,0.0,0.0,0.0,,,True
1790757900,2026-09-30T08:45:00Z,โพธิ์ทอง,48,0.0,0.0,0.0,,,True
1790757900,2026-09-30T08:45:00Z,เมืองลพบุรี,190,0.0,0.0,0.0,,,True
1790757900,2026-09-30T08:45:00Z,เดิมบางนางบวช,130,0.043,2.4,0.0462,,15,True
1790757900,2026-09-30T08:45:00Z,ด่านช้าง,309,0.065,3.783,0.1068,105,15,True
1790757900,2026-09-30T08:45:00Z,หนองม่วง,111,0.0,0.0,0.0,,,True
1790757900,2026-09-30T08:45:00Z,ลำสนธิ,136,0.0,0.0,0.0,,,True
1790757900,2026-09-30T08:45:00Z,สามชุก,77,0.0,0.0,0.0,,,True
1790757900,2026-09-30T08:45:00Z,ดอนเจดีย์,72,0.0,0.0,0.0,,,True
1790757900,2026-09-30T08:45:00Z,สระโบสถ์,83,0.0,0.0,0.0,,,True
1790757900,2026-09-30T08:45:00Z,ศรีประจันต์,41,0.0,0.0,0.0,,,True
1790757900,2026-09-30T08:45:00Z,โคกเจริญ,135,0.0,0.0,0.0,,,True
1790757900,2026-09-30T08:45:00Z,บ้านหมี่,136,0.0,0.0,0.0,,,True
1790757900,2026-09-30T08:45:00Z,ท่าหลวง,100,0.0,0.0,0.0,,,True
1790757900,2026-09-30T08:45:00Z,ชัยบาดาล,280,0.0,0.0,0.0,,,True
1790757900,2026-09-30T08:45:00Z,ท่าวุ้ง,64,0.0,0.0,0.0,,,True
1790757900,2026-09-30T08:45:00Z,พัฒนานิคม,217,0.0,0.0,0.0,,,True
1790757900,2026-09-30T08:45:00Z,โคกสำโรง,180,0.0,0.0,0.0,,,True
1790757900,2026-09-30T08:45:00Z,หนองหญ้าไซ,108,0.193,2.409,0.1667,75,15,True
1790757900,2026-09-30T08:45:00Z,ท่าช้าง,11,0.0,0.0,0.0,,,True
1790757900,2026-09-30T08:45:00Z,อินทร์บุรี,66,0.0,0.0,0.0,,,True
1790757900,2026-09-30T08:45:00Z,ค่ายบางระจัน,26,0.0,0.0,0.0,,,True
1790757900,2026-09-30T08:45:00Z,พรหมบุรี,19,0.0,0.0,0.0,,,True
1790757900,2026-09-30T08:45:00Z,เนินสง่า,65,0.0,0.0,0.0,,,True
1790757900,2026-09-30T08:45:00Z,เมืองสิงห์บุรี,31,0.0,0.0,0.0,,,True
1790757900,2026-09-30T08:45:00Z,ซับใหญ่,72,0.0,0.0,0.0,,,True
1790757900,2026-09-30T08:45:00Z,บางระจัน,46,0.0,0.0,0.0,,,True
1790757900,2026-09-30T08:45:00Z,ภูกระดึง,190,0.0,0.0,0.0,,,True
1790757900,2026-09-30T08:45:00Z,ภูหลวง,145,0.0,0.0,0.0,,,True
1790757900,2026-09-30T08:45:00Z,หนองหิน,78,0.0,0.0,0.0,,,True
1790757900,2026-09-30T08:45:00Z,ผาขาว,100,0.0,0.0,0.0,,,True
1790757900,2026-09-30T08:45:00Z,เอราวัณ,87,0.0,0.0,0.0,,,True
1790757900,2026-09-30T08:45:00Z,วังสะพุง,281,0.0,0.0,0.0,,,True
1790757900,2026-09-30T08:45:00Z,วังม่วง,70,0.0,0.0,0.0,,,True
1790757900,2026-09-30T08:45:00Z,เฉลิมพระเกียรติ,35,0.0,0.0,0.0,,,True
1790757900,2026-09-30T08:45:00Z,มวกเหล็ก,175,0.0,0.0,0.0,,,True
1790757900,2026-09-30T08:45:00Z,บ้านเขว้า,124,0.0,0.0,0.0,,,True
1790757900,2026-09-30T08:45:00Z,คอนสวรรค์,113,0.0,0.0,0.0,,,True
1790757900,2026-09-30T08:45:00Z,เมืองชัยภูมิ,358,0.0,0.0,0.0,,,True
1790757900,2026-09-30T08:45:00Z,วังทอง,425,0.0,0.0,0.0,,,True
1790757900,2026-09-30T08:45:00Z,เนินมะปราง,276,0.0,0.0,0.0,,,True
1790757900,2026-09-30T08:45:00Z,สวรรคโลก,156,0.0,0.0,0.0,,,True
1790757900,2026-09-30T08:45:00Z,ศรีนคร,46,0.0,0.0,0.0,,,True
1790757900,2026-09-30T08:45:00Z,หันคา,139,0.0,0.0,0.0,,,True
1790757900,2026-09-30T08:45:00Z,ศรีสัชนาลัย,534,0.0,0.0,0.0,,,True
1790757900,2026-09-30T08:45:00Z,หนองมะโมง,76,0.476,9.069,0.1974,105,60,True
1790757900,2026-09-30T08:45:00Z,ศรีสำโรง,142,0.0,0.0,0.0,,,True
1790757900,2026-09-30T08:45:00Z,สรรพยา,55,0.0,0.0,0.0,,,True
1790757900,2026-09-30T08:45:00Z,คีรีมาศ,171,0.0,0.0,0.0,,,True
1790757900,2026-09-30T08:45:00Z,สรรคบุรี,89,0.0,0.0,0.0,,,True
1790757900,2026-09-30T08:45:00Z,กงไกรลาศ,108,0.0,0.0,0.0,,,True
1790757900,2026-09-30T08:45:00Z,มโนรมย์,66,0.0,0.0,0.0,,,True
1790757900,2026-09-30T08:45:00Z,เมืองสุโขทัย,136,0.0,0.0,0.0,,,True
1790757900,2026-09-30T08:45:00Z,วัดสิงห์,67,0.0,0.0,0.0,,,True
1790757900,2026-09-30T08:45:00Z,บ้านด่านลานหอย,231,0.0,0.0,0.0,,,True
1790757900,2026-09-30T08:45:00Z,เมืองชัยนาท,70,0.0,0.0,0.0,,,True
1790757900,2026-09-30T08:45:00Z,เนินขาม,65,0.244,4.011,0.1692,105,60,True
1790757900,2026-09-30T08:45:00Z,คอนสาร,334,0.0,0.0,0.0,,,True
1790757900,2026-09-30T08:45:00Z,ภักดีชุมพล,154,0.0,0.0,0.0,,,True
1790757900,2026-09-30T08:45:00Z,บ้านแท่น,76,0.0,0.0,0.0,,,True
1790757900,2026-09-30T08:45:00Z,แก้งคร้อ,168,0.0,0.0,0.0,,,True
1790757900,2026-09-30T08:45:00Z,ภูเขียว,201,0.0,0.0,0.0,,,True
1790757900,2026-09-30T08:45:00Z,หนองบัวระเหว,179,0.0,0.0,0.0,,,True
1790757900,2026-09-30T08:45:00Z,เทพสถิต,239,0.0,0.0,0.0,,,True
1790757900,2026-09-30T08:45:00Z,จัตุรัส,172,0.0,0.0,0.0,,,True
1790757900,2026-09-30T08:45:00Z,บำเหน็จณรงค์,120,0.0,0.0,0.0,,,True
1790757900,2026-09-30T08:45:00Z,เกษตรสมบูรณ์,268,0.0,0.0,0.0,,,True
1790757900,2026-09-30T08:45:00Z,หนองบัวแดง,537,0.0,0.0,0.0,,,True
1790757900,2026-09-30T08:45:00Z,ภูเรือ,168,0.0,0.0,0.0,,,True
1790757900,2026-09-30T08:45:00Z,ท่าลี่,171,0.001,0.098,0.0117,,15,True
1790757900,2026-09-30T08:45:00Z,วชิรบารมี,68,0.0,0.0,0.0,,,True
1790757900,2026-09-30T08:45:00Z,ด่านซ้าย,341,0.0,0.0,0.0,,,True
1790757900,2026-09-30T08:45:00Z,นาแห้ว,153,0.0,0.0,0.0,,,True
1790757900,2026-09-30T08:45:00Z,บึงนาราง,74,0.0,0.0,0.0,,,True
1790757900,2026-09-30T08:45:00Z,เชียงคาน,213,0.0,0.0,0.0,,,True
1790757900,2026-09-30T08:45:00Z,ดงเจริญ,56,0.0,0.0,0.0,,,True
1790757900,2026-09-30T08:45:00Z,ปากชม,240,0.0,0.0,0.0,,,True
1790757900,2026-09-30T08:45:00Z,เมืองเลย,314,0.0,0.0,0.0,,,True
1790757900,2026-09-30T08:45:00Z,นาด้วง,143,0.0,0.0,0.0,,,True
1790757900,2026-09-30T08:45:00Z,สากเหล็ก,45,0.0,0.0,0.0,,,True
1790757900,2026-09-30T08:45:00Z,สามง่าม,89,0.0,0.0,0.0,,,True
1790757900,2026-09-30T08:45:00Z,ทับคล้อ,104,0.0,0.0,0.0,,,True
1790757900,2026-09-30T08:45:00Z,พรหมพิราม,206,0.0,0.0,0.0,,,True
1790757900,2026-09-30T08:45:00Z,ด่านขุนทด,344,0.022,0.397,0.1308,90,15,True
1790757900,2026-09-30T08:45:00Z,วัดโบสถ์,226,0.0,0.0,0.0,,,True
1790757900,2026-09-30T08:45:00Z,บางระกำ,246,0.0,0.0,0.0,,,True
1790757900,2026-09-30T08:45:00Z,บางกระทุ่ม,91,0.0,0.0,0.0,,,True
1790757900,2026-09-30T08:45:00Z,นครไทย,597,0.006,0.294,0.0419,,15,True
1790757900,2026-09-30T08:45:00Z,ชาติตระการ,415,0.0,0.0,0.0,,,True
1790757900,2026-09-30T08:45:00Z,บ้านเหลื่อม,55,0.0,0.0,0.0,,,True
1790757900,2026-09-30T08:45:00Z,เมืองพิษณุโลก,178,0.0,0.0,0.0,,,True
1790757900,2026-09-30T08:45:00Z,ชุมแสง,145,0.0,0.0,0.0,,,True
1790757900,2026-09-30T08:45:00Z,หนองบัว,208,0.0,0.0,0.0,,,True
1790757900,2026-09-30T08:45:00Z,เมืองนครสวรรค์,183,0.0,0.0,0.0,,,True
1790757900,2026-09-30T08:45:00Z,โกรกพระ,71,0.0,0.0,0.0,,,True
1790757900,2026-09-30T08:45:00Z,ไพศาลี,244,0.0,0.0,0.0,,,True
1790757900,2026-09-30T08:45:00Z,ตาคลี,206,0.0,0.0,0.0,,,True
1790757900,2026-09-30T08:45:00Z,ท่าตะโก,211,0.0,0.0,0.0,,,True
1790757900,2026-09-30T08:45:00Z,เขาค้อ,207,0.001,0.098,0.0145,,60,True
1790757900,2026-09-30T08:45:00Z,บรรพตพิสัย,181,0.0,0.0,0.0,,,True
1790757900,2026-09-30T08:45:00Z,เก้าเลี้ยว,57,0.0,0.0,0.0,,,True
1790757900,2026-09-30T08:45:00Z,วังโป่ง,123,0.0,0.0,0.0,,,True
1790757900,2026-09-30T08:45:00Z,บึงสามพัน,194,0.262,4.094,0.1701,45,15,True
1790757900,2026-09-30T08:45:00Z,น้ำหนาว,231,0.0,0.0,0.0,,,True
1790757900,2026-09-30T08:45:00Z,ศรีเทพ,204,0.0,0.0,0.0,,,True
1790757900,2026-09-30T08:45:00Z,หนองไผ่,315,0.009,2.064,0.0095,,105,True
1790757900,2026-09-30T08:45:00Z,มหาราช,4,0.0,0.0,0.0,,,False
1790757900,2026-09-30T08:45:00Z,บ้านแพรก,10,0.0,0.0,0.0,,,True
1790757900,2026-09-30T08:45:00Z,บางมูลนาก,99,0.0,0.0,0.0,,,True
1790757900,2026-09-30T08:45:00Z,โพทะเล,131,0.0,0.0,0.0,,,True
1790757900,2026-09-30T08:45:00Z,โพธิ์ประทับช้าง,102,0.0,0.0,0.0,,,True
1790757900,2026-09-30T08:45:00Z,ตะพานหิน,109,0.0,0.0,0.0,,,True
1790757900,2026-09-30T08:45:00Z,เมืองพิจิตร,138,0.0,0.0,0.0,,,True
1790757900,2026-09-30T08:45:00Z,วังทรายพูน,66,0.0,0.0,0.0,,,True
