origin,utc,name,n_cells,mean_mm,max_mm,coverage,eta_area,eta_first,reliable
1790380800,2026-09-26T00:00:00Z,พิชัย,176,0.0,0.0,0.0,,,True
1790380800,2026-09-26T00:00:00Z,ลับแล,116,0.0,0.0,0.0,,,True
1790380800,2026-09-26T00:00:00Z,ฟากท่า,163,0.0,0.0,0.0,,,True
1790380800,2026-09-26T00:00:00Z,บ้านโคก,247,0.0,0.0,0.0,,,True
1790380800,2026-09-26T00:00:00Z,ท่าปลา,442,0.0,0.0,0.0,,,True
1790380800,2026-09-26T00:00:00Z,น้ำปาด,363,0.0,0.0,0.0,,,True
1790380800,2026-09-26T00:00:00Z,เมืองอุตรดิตถ์,202,0.0,0.0,0.0,,,True
1790380800,2026-09-26T00:00:00Z,ตรอน,80,0.0,0.0,0.0,,,True
1790380800,2026-09-26T00:00:00Z,หล่มเก่า,246,0.0,0.0,0.0,,,True
1790380800,2026-09-26T00:00:00Z,วิเชียรบุรี,377,0.042,0.299,0.3475,15,15,True
1790380800,2026-09-26T00:00:00Z,ชนแดน,279,0.001,0.098,0.0072,,30,True
1790380800,2026-09-26T00:00:00Z,หล่มสัก,350,0.0,0.0,0.0,,,True
1790380800,2026-09-26T00:00:00Z,เมืองเพชรบูรณ์,571,0.0,0.0,0.0,,,True
1790380800,2026-09-26T00:00:00Z,ทองแสนขัน,185,0.0,0.0,0.0,,,True
1790380800,2026-09-26T00:00:00Z,บึงสามัคคี,71,0.0,0.0,0.0,,,True
1790380800,2026-09-26T00:00:00Z,โกสัมพีนคร,137,0.004,0.098,0.0365,,45,True
1790380800,2026-09-26T00:00:00Z,สอง,380,0.0,0.0,0.0,,,True
1790380800,2026-09-26T00:00:00Z,วังชิ้น,255,0.0,0.0,0.0,,,True
1790380800,2026-09-26T00:00:00Z,สูงเม่น,88,0.0,0.0,0.0,,,True
1790380800,2026-09-26T00:00:00Z,เด่นชัย,135,0.0,0.0,0.0,,,True
1790380800,2026-09-26T00:00:00Z,ร้องกวาง,221,0.0,0.0,0.0,,,True
1790380800,2026-09-26T00:00:00Z,ลอง,317,0.0,0.0,0.0,,,True
1790380800,2026-09-26T00:00:00Z,เมืองแพร่,205,0.0,0.0,0.0,,,True
1790380800,2026-09-26T00:00:00Z,ทัพทัน,94,0.0,0.0,0.0,,,True
1790380800,2026-09-26T00:00:00Z,สว่างอารมณ์,110,0.0,0.0,0.0,,,True
1790380800,2026-09-26T00:00:00Z,เมืองอุทัยธานี,59,0.0,0.0,0.0,,,True
1790380800,2026-09-26T00:00:00Z,ห้วยคต,94,0.02,0.288,0.117,15,15,True
1790380800,2026-09-26T00:00:00Z,ศรีสวัสดิ์,440,0.001,0.299,0.0045,,75,True
1790380800,2026-09-26T00:00:00Z,บ้านไร่,821,0.053,0.69,0.2314,30,15,True
1790380800,2026-09-26T00:00:00Z,ลานสัก,360,0.002,0.201,0.0167,,15,True
1790380800,2026-09-26T00:00:00Z,หนองฉาง,89,0.0,0.0,0.0,,,True
1790380800,2026-09-26T00:00:00Z,หนองขาหย่าง,43,0.0,0.0,0.0,,,True
1790380800,2026-09-26T00:00:00Z,เชียงม่วน,82,0.0,0.0,0.0,,,True
1790380800,2026-09-26T00:00:00Z,ดอกคำใต้,37,0.0,0.0,0.0,,,True
1790380800,2026-09-26T00:00:00Z,เมืองพะเยา,6,0.0,0.0,0.0,,,True
1790380800,2026-09-26T00:00:00Z,ทองผาภูมิ,851,0.023,0.69,0.0964,,75,True
1790380800,2026-09-26T00:00:00Z,สังขละบุรี,793,0.0,0.0,0.0,,,True
1790380800,2026-09-26T00:00:00Z,หนองม่วงไข่,35,0.0,0.0,0.0,,,True
1790380800,2026-09-26T00:00:00Z,ภูเวียง,81,0.0,0.0,0.0,,,True
1790380800,2026-09-26T00:00:00Z,มัญจาคีรี,50,0.0,0.0,0.0,,,True
1790380800,2026-09-26T00:00:00Z,หนองปรือ,104,0.0,0.0,0.0,,,True
1790380800,2026-09-26T00:00:00Z,เลาขวัญ,123,0.0,0.0,0.0,,,True
1790380800,2026-09-26T00:00:00Z,หนองนาคำ,43,0.0,0.0,0.0,,,True
1790380800,2026-09-26T00:00:00Z,โคกโพธิ์ไชย,65,0.0,0.0,0.0,,,True
1790380800,2026-09-26T00:00:00Z,บ้านหลวง,91,0.0,0.0,0.0,,,True
1790380800,2026-09-26T00:00:00Z,นาน้อย,266,0.0,0.0,0.0,,,True
1790380800,2026-09-26T00:00:00Z,ภูผาม่าน,74,0.0,0.0,0.0,,,True
1790380800,2026-09-26T00:00:00Z,เมืองน่าน,161,0.0,0.0,0.0,,,True
1790380800,2026-09-26T00:00:00Z,แม่จริม,262,0.0,0.0,0.0,,,True
1790380800,2026-09-26T00:00:00Z,เวียงเก่า,78,0.0,0.0,0.0,,,True
1790380800,2026-09-26T00:00:00Z,เมืองกำแพงเพชร,368,0.011,0.098,0.1141,90,15,True
1790380800,2026-09-26T00:00:00Z,ไทรงาม,133,0.007,0.098,0.0752,,60,True
1790380800,2026-09-26T00:00:00Z,ปางศิลาทอง,186,0.0,0.0,0.0,,,True
1790380800,2026-09-26T00:00:00Z,ลานกระบือ,103,0.004,0.098,0.0388,,15,True
1790380800,2026-09-26T00:00:00Z,ทรายทองวัฒนา,53,0.002,0.098,0.0189,,75,True
1790380800,2026-09-26T00:00:00Z,คลองขลุง,179,0.0,0.0,0.0,,,True
1790380800,2026-09-26T00:00:00Z,พรานกระต่าย,252,0.005,0.098,0.0556,,15,True
1790380800,2026-09-26T00:00:00Z,คลองลาน,363,0.009,0.196,0.0826,,45,True
1790380800,2026-09-26T00:00:00Z,ขาณุวรลักษบุรี,296,0.0,0.0,0.0,,,True
1790380800,2026-09-26T00:00:00Z,ภูเพียง,113,0.0,0.0,0.0,,,True
1790380800,2026-09-26T00:00:00Z,นาหมื่น,245,0.0,0.0,0.0,,,True
1790380800,2026-09-26T00:00:00Z,เวียงสา,543,0.0,0.0,0.0,,,True
1790380800,2026-09-26T00:00:00Z,น้ำโสม,153,0.0,0.0,0.0,,,True
1790380800,2026-09-26T00:00:00Z,นายูง,126,0.0,0.0,0.0,,,True
1790380800,2026-09-26T00:00:00Z,ชุมแพ,173,0.0,0.0,0.0,,,True
1790380800,2026-09-26T00:00:00Z,สีชมพู,132,0.0,0.0,0.0,,,True
1790380800,2026-09-26T00:00:00Z,สุวรรณคูหา,140,0.0,0.0,0.0,,,True
1790380800,2026-09-26T00:00:00Z,นาวัง,65,0.0,0.0,0.0,,,True
1790380800,2026-09-26T00:00:00Z,หนองเรือ,80,0.0,0.0,0.0,,,True
1790380800,2026-09-26T00:00:00Z,โนนสัง,51,0.0,0.0,0.0,,,True
1790380800,2026-09-26T00:00:00Z,ศรีบุญเรือง,224,0.0,0.0,0.0,,,True
1790380800,2026-09-26T00:00:00Z,เมืองหนองบัวลำภู,217,0.0,0.0,0.0,,,True
1790380800,2026-09-26T00:00:00Z,นากลาง,173,0.0,0.0,0.0,,,True
1790380800,2026-09-26T00:00:00Z,ทุ่งเสลี่ยม,144,0.0,0.0,0.0,,,True
1790380800,2026-09-26T00:00:00Z,ดอยหล่อ,56,0.0,0.0,0.0,,,True
1790380800,2026-09-26T00:00:00Z,เมืองตาก,486,0.0,0.098,0.0021,,105,True
1790380800,2026-09-26T00:00:00Z,แม่ออน,116,0.0,0.0,0.0,,,True
1790380800,2026-09-26T00:00:00Z,อุ้มผาง,1209,0.0,0.098,0.0041,,75,True
1790380800,2026-09-26T00:00:00Z,วังเจ้า,183,0.005,0.098,0.0492,,60,True
1790380800,2026-09-26T00:00:00Z,แม่สอด,398,0.001,0.098,0.0126,,15,True
1790380800,2026-09-26T00:00:00Z,พบพระ,249,0.005,0.098,0.0482,,15,True
1790380800,2026-09-26T00:00:00Z,แม่ระมาด,380,0.0,0.0,0.0,,,True
1790380800,2026-09-26T00:00:00Z,ท่าสองยาง,401,0.0,0.0,0.0,,,True
1790380800,2026-09-26T00:00:00Z,บ้านตาก,255,0.0,0.0,0.0,,,True
1790380800,2026-09-26T00:00:00Z,สามเงา,698,0.0,0.0,0.0,,,True
1790380800,2026-09-26T00:00:00Z,จอมทอง,280,0.0,0.0,0.0,,,True
1790380800,2026-09-26T00:00:00Z,แก้งสนามนาง,79,0.0,0.0,0.0,,,True
1790380800,2026-09-26T00:00:00Z,สีคิ้ว,292,0.0,0.0,0.0,,,True
1790380800,2026-09-26T00:00:00Z,พระทองคำ,90,0.0,0.0,0.0,,,True
1790380800,2026-09-26T00:00:00Z,เทพารักษ์,92,0.0,0.0,0.0,,,True
1790380800,2026-09-26T00:00:00Z,สันกำแพง,65,0.0,0.0,0.0,,,True
1790380800,2026-09-26T00:00:00Z,สันป่าตอง,44,0.0,0.0,0.0,,,True
1790380800,2026-09-26T00:00:00Z,ดอยเต่า,213,0.0,0.0,0.0,,,True
1790380800,2026-09-26T00:00:00Z,อมก๋อย,704,0.0,0.0,0.0,,,True
1790380800,2026-09-26T00:00:00Z,ฮอด,378,0.0,0.0,0.0,,,True
1790380800,2026-09-26T00:00:00Z,เมืองลำพูน,117,0.0,0.0,0.0,,,True
1790380800,2026-09-26T00:00:00Z,แม่ทา,192,0.0,0.0,0.0,,,True
1790380800,2026-09-26T00:00:00Z,บ้านธิ,34,0.0,0.0,0.0,,,True
1790380800,2026-09-26T00:00:00Z,บ้านหมอ,24,0.0,0.0,0.0,,,True
1790380800,2026-09-26T00:00:00Z,เวียงหนองล่อง,14,0.0,0.0,0.0,,,True
1790380800,2026-09-26T00:00:00Z,ทุ่งหัวช้าง,113,0.0,0.0,0.0,,,True
1790380800,2026-09-26T00:00:00Z,ป่าซาง,74,0.0,0.0,0.0,,,True
1790380800,2026-09-26T00:00:00Z,บ้านโฮ่ง,124,0.0,0.0,0.0,,,True
1790380800,2026-09-26T00:00:00Z,แก่งคอย,73,0.0,0.0,0.0,,,True
1790380800,2026-09-26T00:00:00Z,ลี้,454,0.0,0.0,0.0,,,True
1790380800,2026-09-26T00:00:00Z,พระพุทธบาท,55,0.0,0.0,0.0,,,True
1790380800,2026-09-26T00:00:00Z,ดอนพุด,7,0.0,0.0,0.0,,,True
1790380800,2026-09-26T00:00:00Z,หนองโดน,31,0.0,0.0,0.0,,,True
1790380800,2026-09-26T00:00:00Z,เมืองลำปาง,300,0.0,0.0,0.0,,,True
1790380800,2026-09-26T00:00:00Z,เถิน,443,0.0,0.0,0.0,,,True
1790380800,2026-09-26T00:00:00Z,แม่พริก,167,0.0,0.0,0.0,,,True
1790380800,2026-09-26T00:00:00Z,แจ้ห่ม,274,0.0,0.0,0.0,,,True
1790380800,2026-09-26T00:00:00Z,แม่เปิน,85,0.0,0.0,0.0,,,True
1790380800,2026-09-26T00:00:00Z,เสริมงาม,185,0.0,0.0,0.0,,,True
1790380800,2026-09-26T00:00:00Z,ชุมตาบง,61,0.0,0.0,0.0,,,True
1790380800,2026-09-26T00:00:00Z,งาว,344,0.0,0.0,0.0,,,True
1790380800,2026-09-26T00:00:00Z,ตากฟ้า,125,0.003,0.098,0.032,,15,True
1790380800,2026-09-26T00:00:00Z,แม่เมาะ,283,0.0,0.0,0.0,,,True
1790380800,2026-09-26T00:00:00Z,แม่วงก์,257,0.0,0.0,0.0,,,True
1790380800,2026-09-26T00:00:00Z,เกาะคา,128,0.0,0.0,0.0,,,True
1790380800,2026-09-26T00:00:00Z,พยุหะคีรี,169,0.0,0.0,0.0,,,True
1790380800,2026-09-26T00:00:00Z,ลาดยาว,187,0.002,0.098,0.0214,,105,True
1790380800,2026-09-26T00:00:00Z,สบปราบ,125,0.0,0.0,0.0,,,True
1790380800,2026-09-26T00:00:00Z,ห้างฉัตร,154,0.0,0.0,0.0,,,True
1790380800,2026-09-26T00:00:00Z,แม่ทะ,203,0.0,0.0,0.0,,,True
1790380800,2026-09-26T00:00:00Z,เมืองปาน,202,0.0,0.0,0.0,,,True
1790380800,2026-09-26T00:00:00Z,เมืองอ่างทอง,6,0.0,0.0,0.0,,,True
1790380800,2026-09-26T00:00:00Z,ไชโย,20,0.0,0.0,0.0,,,True
1790380800,2026-09-26T00:00:00Z,สามโก้,10,0.0,0.0,0.0,,,True
1790380800,2026-09-26T00:00:00Z,แสวงหา,43,0.0,0.0,0.0,,,True
1790380800,2026-09-26T00:00:00Z,วิเศษชัยชาญ,7,0.0,0.0,0.0,,,True
1790380800,2026-09-26T00:00:00Z,โพธิ์ทอง,48,0.0,0.0,0.0,,,True
1790380800,2026-09-26T00:00:00Z,เมืองลพบุรี,190,0.0,0.0,0.0,,,True
1790380800,2026-09-26T00:00:00Z,เดิมบางนางบวช,130,0.01,0.201,0.0846,,90,True
1790380800,2026-09-26T00:00:00Z,ด่านช้าง,309,0.0,0.0,0.0,,,True
1790380800,2026-09-26T00:00:00Z,หนองม่วง,111,0.0,0.0,0.0,,,True
1790380800,2026-09-26T00:00:00Z,ลำสนธิ,136,0.0,0.0,0.0,,,True
1790380800,2026-09-26T00:00:00Z,สามชุก,77,0.004,0.098,0.039,,15,True
1790380800,2026-09-26T00:00:00Z,ดอนเจดีย์,72,0.0,0.0,0.0,,,True
1790380800,2026-09-26T00:00:00Z,สระโบสถ์,83,0.0,0.0,0.0,,,True
1790380800,2026-09-26T00:00:00Z,ศรีประจันต์,41,0.007,0.098,0.0732,,15,True
1790380800,2026-09-26T00:00:00Z,โคกเจริญ,135,0.0,0.0,0.0,,,True
1790380800,2026-09-26T00:00:00Z,บ้านหมี่,136,0.01,0.201,0.0882,,15,True
1790380800,2026-09-26T00:00:00Z,ท่าหลวง,100,0.0,0.0,0.0,,,True
1790380800,2026-09-26T00:00:00Z,ชัยบาดาล,280,0.0,0.0,0.0,,,True
1790380800,2026-09-26T00:00:00Z,ท่าวุ้ง,64,0.002,0.098,0.0156,,45,True
1790380800,2026-09-26T00:00:00Z,พัฒนานิคม,217,0.0,0.0,0.0,,,True
1790380800,2026-09-26T00:00:00Z,โคกสำโรง,180,0.001,0.098,0.0056,,15,True
1790380800,2026-09-26T00:00:00Z,หนองหญ้าไซ,108,0.0,0.0,0.0,,,True
1790380800,2026-09-26T00:00:00Z,ท่าช้าง,11,0.0,0.0,0.0,,,True
1790380800,2026-09-26T00:00:00Z,อินทร์บุรี,66,0.001,0.098,0.0152,,60,True
1790380800,2026-09-26T00:00:00Z,ค่ายบางระจัน,26,0.0,0.0,0.0,,,True
1790380800,2026-09-26T00:00:00Z,พรหมบุรี,19,0.0,0.0,0.0,,,True
1790380800,2026-09-26T00:00:00Z,เนินสง่า,65,0.0,0.0,0.0,,,True
1790380800,2026-09-26T00:00:00Z,เมืองสิงห์บุรี,31,0.016,0.098,0.1613,60,45,True
1790380800,2026-09-26T00:00:00Z,ซับใหญ่,72,0.0,0.0,0.0,,,True
1790380800,2026-09-26T00:00:00Z,บางระจัน,46,0.017,0.201,0.1522,90,75,True
1790380800,2026-09-26T00:00:00Z,ภูกระดึง,190,0.0,0.0,0.0,,,True
1790380800,2026-09-26T00:00:00Z,ภูหลวง,145,0.0,0.0,0.0,,,True
1790380800,2026-09-26T00:00:00Z,หนองหิน,78,0.0,0.0,0.0,,,True
1790380800,2026-09-26T00:00:00Z,ผาขาว,100,0.0,0.0,0.0,,,True
1790380800,2026-09-26T00:00:00Z,เอราวัณ,87,0.0,0.0,0.0,,,True
1790380800,2026-09-26T00:00:00Z,วังสะพุง,281,0.0,0.0,0.0,,,True
1790380800,2026-09-26T00:00:00Z,วังม่วง,70,0.0,0.0,0.0,,,True
1790380800,2026-09-26T00:00:00Z,เฉลิมพระเกียรติ,35,0.0,0.0,0.0,,,True
1790380800,2026-09-26T00:00:00Z,มวกเหล็ก,175,0.0,0.0,0.0,,,True
1790380800,2026-09-26T00:00:00Z,บ้านเขว้า,124,0.0,0.0,0.0,,,True
1790380800,2026-09-26T00:00:00Z,คอนสวรรค์,113,0.0,0.0,0.0,,,True
1790380800,2026-09-26T00:00:00Z,เมืองชัยภูมิ,358,0.0,0.0,0.0,,,True
1790380800,2026-09-26T00:00:00Z,วังทอง,425,0.0,0.0,0.0,,,True
1790380800,2026-09-26T00:00:00Z,เนินมะปราง,276,0.0,0.0,0.0,,,True
1790380800,2026-09-26T00:00:00Z,สวรรคโลก,156,0.0,0.0,0.0,,,True
1790380800,2026-09-26T00:00:00Z,ศรีนคร,46,0.0,0.0,0.0,,,True
1790380800,2026-09-26T00:00:00Z,หันคา,139,0.018,0.201,0.1439,120,75,True
1790380800,2026-09-26T00:00:00Z,ศรีสัชนาลัย,534,0.0,0.0,0.0,,,True
1790380800,2026-09-26T00:00:00Z,หนองมะโมง,76,0.0,0.0,0.0,,,True
1790380800,2026-09-26T00:00:00Z,ศรีสำโรง,142,0.0,0.0,0.0,,,True
1790380800,2026-09-26T00:00:00Z,สรรพยา,55,0.021,0.196,0.1818,60,30,True
1790380800,2026-09-26T00:00:00Z,คีรีมาศ,171,0.0,0.0,0.0,,,True
1790380800,2026-09-26T00:00:00Z,สรรคบุรี,89,0.0,0.0,0.0,,,True
1790380800,2026-09-26T00:00:00Z,กงไกรลาศ,108,0.0,0.0,0.0,,,True
1790380800,2026-09-26T00:00:00Z,มโนรมย์,66,0.0,0.0,0.0,,,True
1790380800,2026-09-26T00:00:00Z,เมืองสุโขทัย,136,0.0,0.0,0.0,,,True
1790380800,2026-09-26T00:00:00Z,วัดสิงห์,67,0.012,0.098,0.1194,105,90,True
1790380800,2026-09-26T00:00:00Z,บ้านด่านลานหอย,231,0.0,0.0,0.0,,,True
1790380800,2026-09-26T00:00:00Z,เมืองชัยนาท,70,0.021,0.196,0.1857,75,45,True
1790380800,2026-09-26T00:00:00Z,เนินขาม,65,0.0,0.0,0.0,,,True
1790380800,2026-09-26T00:00:00Z,คอนสาร,334,0.0,0.0,0.0,,,True
1790380800,2026-09-26T00:00:00Z,ภักดีชุมพล,154,0.0,0.0,0.0,,,True
1790380800,2026-09-26T00:00:00Z,บ้านแท่น,76,0.0,0.0,0.0,,,True
1790380800,2026-09-26T00:00:00Z,แก้งคร้อ,168,0.0,0.0,0.0,,,True
1790380800,2026-09-26T00:00:00Z,ภูเขียว,201,0.0,0.0,0.0,,,True
1790380800,2026-09-26T00:00:00Z,หนองบัวระเหว,179,0.0,0.0,0.0,,,True
1790380800,2026-09-26T00:00:00Z,เทพสถิต,239,0.0,0.0,0.0,,,True
1790380800,2026-09-26T00:00:00Z,จัตุรัส,172,0.0,0.0,0.0,,,True
1790380800,2026-09-26T00:00:00Z,บำเหน็จณรงค์,120,0.0,0.0,0.0,,,True
1790380800,2026-09-26T00:00:00Z,เกษตรสมบูรณ์,268,0.0,0.0,0.0,,,True
1790380800,2026-09-26T00:00:00Z,หนองบัวแดง,537,0.0,0.0,0.0,,,True
1790380800,2026-09-26T00:00:00Z,ภูเรือ,168,0.0,0.0,0.0,,,True
1790380800,2026-09-26T00:00:00Z,ท่าลี่,171,0.0,0.0,0.0,,,True
1790380800,2026-09-26T00:00:00Z,วชิรบารมี,68,0.003,0.098,0.0294,,45,True
1790380800,2026-09-26T00:00:00Z,ด่านซ้าย,341,0.0,0.0,0.0,,,True
1790380800,2026-09-26T00:00:00Z,นาแห้ว,153,0.0,0.0,0.0,,,True
1790380800,2026-09-26T00:00:00Z,บึงนาราง,74,0.0,0.0,0.0,,,True
1790380800,2026-09-26T00:00:00Z,เชียงคาน,213,0.0,0.0,0.0,,,True
1790380800,2026-09-26T00:00:00Z,ดงเจริญ,56,0.0,0.0,0.0,,,True
1790380800,2026-09-26T00:00:00Z,ปากชม,240,0.0,0.0,0.0,,,True
1790380800,2026-09-26T00:00:00Z,เมืองเลย,314,0.0,0.0,0.0,,,True
1790380800,2026-09-26T00:00:00Z,นาด้วง,143,0.0,0.0,0.0,,,True
1790380800,2026-09-26T00:00:00Z,สากเหล็ก,45,0.0,0.0,0.0,,,True
1790380800,2026-09-26T00:00:00Z,สามง่าม,89,0.004,0.098,0.0449,,30,True
1790380800,2026-09-26T00:00:00Z,ทับคล้อ,104,0.0,0.0,0.0,,,True
1790380800,2026-09-26T00:00:00Z,พรหมพิราม,206,0.0,0.0,0.0,,,True
1790380800,2026-09-26T00:00:00Z,ด่านขุนทด,344,0.0,0.0,0.0,,,True
1790380800,2026-09-26T00:00:00Z,วัดโบสถ์,226,0.0,0.0,0.0,,,True
1790380800,2026-09-26T00:00:00Z,บางระกำ,246,0.0,0.0,0.0,,,True
1790380800,2026-09-26T00:00:00Z,บางกระทุ่ม,91,0.0,0.0,0.0,,,True
1790380800,2026-09-26T00:00:00Z,นครไทย,597,0.0,0.0,0.0,,,True
1790380800,2026-09-26T00:00:00Z,ชาติตระการ,415,0.0,0.0,0.0,,,True
1790380800,2026-09-26T00:00:00Z,บ้านเหลื่อม,55,0.0,0.0,0.0,,,True
1790380800,2026-09-26T00:00:00Z,เมืองพิษณุโลก,178,0.0,0.0,0.0,,,True
1790380800,2026-09-26T00:00:00Z,ชุมแสง,145,0.005,0.098,0.0552,,30,True
1790380800,2026-09-26T00:00:00Z,หนองบัว,208,0.059,0.294,0.4423,75,45,True
1790380800,2026-09-26T00:00:00Z,เมืองนครสวรรค์,183,0.002,0.098,0.0164,,60,True
1790380800,2026-09-26T00:00:00Z,โกรกพระ,71,0.0,0.0,0.0,,,True
1790380800,2026-09-26T00:00:00Z,ไพศาลี,244,0.055,0.299,0.377,90,60,True
1790380800,2026-09-26T00:00:00Z,ตาคลี,206,0.011,0.201,0.0874,,15,True
1790380800,2026-09-26T00:00:00Z,ท่าตะโก,211,0.018,0.196,0.1611,120,105,True
1790380800,2026-09-26T00:00:00Z,เขาค้อ,207,0.0,0.0,0.0,,,True
1790380800,2026-09-26T00:00:00Z,บรรพตพิสัย,181,0.0,0.0,0.0,,,True
1790380800,2026-09-26T00:00:00Z,เก้าเลี้ยว,57,0.002,0.098,0.0175,,60,True
1790380800,2026-09-26T00:00:00Z,วังโป่ง,123,0.0,0.0,0.0,,,True
1790380800,2026-09-26T00:00:00Z,บึงสามพัน,194,0.111,0.299,0.7113,15,15,True
1790380800,2026-09-26T00:00:00Z,น้ำหนาว,231,0.0,0.0,0.0,,,True
1790380800,2026-09-26T00:00:00Z,ศรีเทพ,204,0.0,0.0,0.0,,,True
1790380800,2026-09-26T00:00:00Z,หนองไผ่,315,0.005,0.196,0.0444,,15,True
1790380800,2026-09-26T00:00:00Z,มหาราช,4,0.0,0.0,0.0,,,False
1790380800,2026-09-26T00:00:00Z,บ้านแพรก,10,0.0,0.0,0.0,,,True
1790380800,2026-09-26T00:00:00Z,บางมูลนาก,99,0.0,0.0,0.0,,,True
1790380800,2026-09-26T00:00:00Z,โพทะเล,131,0.0,0.0,0.0,,,True
1790380800,2026-09-26T00:00:00Z,โพธิ์ประทับช้าง,102,0.0,0.0,0.0,,,True
1790380800,2026-09-26T00:00:00Z,ตะพานหิน,109,0.0,0.0,0.0,,,True
1790380800,2026-09-26T00:00:00Z,เมืองพิจิตร,138,0.002,0.098,0.0217,,15,True
1790380800,2026-09-26T00:00:00Z,วังทรายพูน,66,0.0,0.0,0.0,,,True
1790381700,2026-09-26T00:15:00Z,พิชัย,176,0.0,0.0,0.0,,,True
1790381700,2026-09-26T00:15:00Z,ลับแล,116,0.0,0.0,0.0,,,True
1790381700,2026-09-26T00:15:00Z,ฟากท่า,163,0.0,0.0,0.0,,,True
1790381700,2026-09-26T00:15:00Z,บ้านโคก,247,0.0,0.0,0.0,,,True
1790381700,2026-09-26T00:15:00Z,ท่าปลา,442,0.0,0.0,0.0,,,True
1790381700,2026-09-26T00:15:00Z,น้ำปาด,363,0.0,0.0,0.0,,,True
1790381700,2026-09-26T00:15:00Z,เมืองอุตรดิตถ์,202,0.0,0.0,0.0,,,True
1790381700,2026-09-26T00:15:00Z,ตรอน,80,0.0,0.0,0.0,,,True
1790381700,2026-09-26T00:15:00Z,หล่มเก่า,246,0.0,0.0,0.0,,,True
1790381700,2026-09-26T00:15:00Z,วิเชียรบุรี,377,0.001,0.098,0.008,,15,True
1790381700,2026-09-26T00:15:00Z,ชนแดน,279,0.001,0.098,0.0108,,15,True
1790381700,2026-09-26T00:15:00Z,หล่มสัก,350,0.0,0.0,0.0,,,True
1790381700,2026-09-26T00:15:00Z,เมืองเพชรบูรณ์,571,0.0,0.0,0.0,,,True
1790381700,2026-09-26T00:15:00Z,ทองแสนขัน,185,0.0,0.0,0.0,,,True
1790381700,2026-09-26T00:15:00Z,บึงสามัคคี,71,0.0,0.0,0.0,,,True
1790381700,2026-09-26T00:15:00Z,โกสัมพีนคร,137,0.001,0.098,0.0073,,30,True
1790381700,2026-09-26T00:15:00Z,สอง,380,0.0,0.0,0.0,,,True
1790381700,2026-09-26T00:15:00Z,วังชิ้น,255,0.0,0.0,0.0,,,True
1790381700,2026-09-26T00:15:00Z,สูงเม่น,88,0.0,0.0,0.0,,,True
1790381700,2026-09-26T00:15:00Z,เด่นชัย,135,0.0,0.0,0.0,,,True
1790381700,2026-09-26T00:15:00Z,ร้องกวาง,221,0.0,0.0,0.0,,,True
1790381700,2026-09-26T00:15:00Z,ลอง,317,0.0,0.0,0.0,,,True
1790381700,2026-09-26T00:15:00Z,เมืองแพร่,205,0.0,0.0,0.0,,,True
1790381700,2026-09-26T00:15:00Z,ทัพทัน,94,0.004,0.098,0.0426,,15,True
1790381700,2026-09-26T00:15:00Z,สว่างอารมณ์,110,0.007,0.098,0.0727,,60,True
1790381700,2026-09-26T00:15:00Z,เมืองอุทัยธานี,59,0.0,0.0,0.0,,,True
1790381700,2026-09-26T00:15:00Z,ห้วยคต,94,0.008,0.098,0.0851,,60,True
1790381700,2026-09-26T00:15:00Z,ศรีสวัสดิ์,440,0.002,0.196,0.0159,,60,True
1790381700,2026-09-26T00:15:00Z,บ้านไร่,821,0.029,0.402,0.1815,30,15,True
1790381700,2026-09-26T00:15:00Z,ลานสัก,360,0.002,0.098,0.0194,,45,True
1790381700,2026-09-26T00:15:00Z,หนองฉาง,89,0.002,0.098,0.0225,,30,True
1790381700,2026-09-26T00:15:00Z,หนองขาหย่าง,43,0.0,0.0,0.0,,,True
1790381700,2026-09-26T00:15:00Z,เชียงม่วน,82,0.0,0.0,0.0,,,True
1790381700,2026-09-26T00:15:00Z,ดอกคำใต้,37,0.0,0.0,0.0,,,True
1790381700,2026-09-26T00:15:00Z,เมืองพะเยา,6,0.0,0.0,0.0,,,True
1790381700,2026-09-26T00:15:00Z,ทองผาภูมิ,851,0.012,0.402,0.0646,,60,True
1790381700,2026-09-26T00:15:00Z,สังขละบุรี,793,0.0,0.0,0.0,,,True
1790381700,2026-09-26T00:15:00Z,หนองม่วงไข่,35,0.0,0.0,0.0,,,True
1790381700,2026-09-26T00:15:00Z,ภูเวียง,81,0.0,0.0,0.0,,,True
1790381700,2026-09-26T00:15:00Z,มัญจาคีรี,50,0.0,0.0,0.0,,,True
1790381700,2026-09-26T00:15:00Z,หนองปรือ,104,0.0,0.0,0.0,,,True
1790381700,2026-09-26T00:15:00Z,เลาขวัญ,123,0.0,0.0,0.0,,,True
1790381700,2026-09-26T00:15:00Z,หนองนาคำ,43,0.0,0.0,0.0,,,True
1790381700,2026-09-26T00:15:00Z,โคกโพธิ์ไชย,65,0.0,0.0,0.0,,,True
1790381700,2026-09-26T00:15:00Z,บ้านหลวง,91,0.0,0.0,0.0,,,True
1790381700,2026-09-26T00:15:00Z,นาน้อย,266,0.0,0.0,0.0,,,True
1790381700,2026-09-26T00:15:00Z,ภูผาม่าน,74,0.0,0.0,0.0,,,True
1790381700,2026-09-26T00:15:00Z,เมืองน่าน,161,0.0,0.0,0.0,,,True
1790381700,2026-09-26T00:15:00Z,แม่จริม,262,0.0,0.0,0.0,,,True
1790381700,2026-09-26T00:15:00Z,เวียงเก่า,78,0.0,0.0,0.0,,,True
1790381700,2026-09-26T00:15:00Z,เมืองกำแพงเพชร,368,0.004,0.098,0.0435,,30,True
1790381700,2026-09-26T00:15:00Z,ไทรงาม,133,0.005,0.098,0.0526,,45,True
1790381700,2026-09-26T00:15:00Z,ปางศิลาทอง,186,0.0,0.0,0.0,,,True
1790381700,2026-09-26T00:15:00Z,ลานกระบือ,103,0.001,0.098,0.0097,,15,True
1790381700,2026-09-26T00:15:00Z,ทรายทองวัฒนา,53,0.0,0.0,0.0,,,True
1790381700,2026-09-26T00:15:00Z,คลองขลุง,179,0.0,0.0,0.0,,,True
1790381700,2026-09-26T00:15:00Z,พรานกระต่าย,252,0.001,0.098,0.0119,,15,True
1790381700,2026-09-26T00:15:00Z,คลองลาน,363,0.002,0.098,0.0165,,75,True
1790381700,2026-09-26T00:15:00Z,ขาณุวรลักษบุรี,296,0.0,0.0,0.0,,,True
1790381700,2026-09-26T00:15:00Z,ภูเพียง,113,0.0,0.0,0.0,,,True
1790381700,2026-09-26T00:15:00Z,นาหมื่น,245,0.0,0.0,0.0,,,True
1790381700,2026-09-26T00:15:00Z,เวียงสา,543,0.0,0.0,0.0,,,True
1790381700,2026-09-26T00:15:00Z,น้ำโสม,153,0.0,0.0,0.0,,,True
1790381700,2026-09-26T00:15:00Z,นายูง,126,0.0,0.0,0.0,,,True
1790381700,2026-09-26T00:15:00Z,ชุมแพ,173,0.0,0.0,0.0,,,True
1790381700,2026-09-26T00:15:00Z,สีชมพู,132,0.0,0.0,0.0,,,True
1790381700,2026-09-26T00:15:00Z,สุวรรณคูหา,140,0.0,0.0,0.0,,,True
1790381700,2026-09-26T00:15:00Z,นาวัง,65,0.0,0.0,0.0,,,True
1790381700,2026-09-26T00:15:00Z,หนองเรือ,80,0.0,0.0,0.0,,,True
1790381700,2026-09-26T00:15:00Z,โนนสัง,51,0.0,0.0,0.0,,,True
1790381700,2026-09-26T00:15:00Z,ศรีบุญเรือง,224,0.0,0.0,0.0,,,True
1790381700,2026-09-26T00:15:00Z,เมืองหนองบัวลำภู,217,0.0,0.0,0.0,,,True
1790381700,2026-09-26T00:15:00Z,นากลาง,173,0.0,0.0,0.0,,,True
1790381700,2026-09-26T00:15:00Z,ทุ่งเสลี่ยม,144,0.0,0.0,0.0,,,True
1790381700,2026-09-26T00:15:00Z,ดอยหล่อ,56,0.0,0.0,0.0,,,True
1790381700,2026-09-26T00:15:00Z,เมืองตาก,486,0.0,0.0,0.0,,,True
1790381700,2026-09-26T00:15:00Z,แม่ออน,116,0.0,0.0,0.0,,,True
1790381700,2026-09-26T00:15:00Z,อุ้มผาง,1209,0.0,0.098,0.0017,,60,True
1790381700,2026-09-26T00:15:00Z,วังเจ้า,183,0.002,0.098,0.0219,,45,True
1790381700,2026-09-26T00:15:00Z,แม่สอด,398,0.0,0.0,0.0,,,True
1790381700,2026-09-26T00:15:00Z,พบพระ,249,0.005,0.098,0.0522,,15,True
1790381700,2026-09-26T00:15:00Z,แม่ระมาด,380,0.0,0.0,0.0,,,True
1790381700,2026-09-26T00:15:00Z,ท่าสองยาง,401,0.0,0.0,0.0,,,True
1790381700,2026-09-26T00:15:00Z,บ้านตาก,255,0.0,0.0,0.0,,,True
1790381700,2026-09-26T00:15:00Z,สามเงา,698,0.0,0.0,0.0,,,True
1790381700,2026-09-26T00:15:00Z,จอมทอง,280,0.0,0.0,0.0,,,True
1790381700,2026-09-26T00:15:00Z,แก้งสนามนาง,79,0.0,0.0,0.0,,,True
1790381700,2026-09-26T00:15:00Z,สีคิ้ว,292,0.0,0.0,0.0,,,True
1790381700,2026-09-26T00:15:00Z,พระทองคำ,90,0.0,0.0,0.0,,,True
1790381700,2026-09-26T00:15:00Z,เทพารักษ์,92,0.0,0.0,0.0,,,True
1790381700,2026-09-26T00:15:00Z,สันกำแพง,65,0.0,0.0,0.0,,,True
1790381700,2026-09-26T00:15:00Z,สันป่าตอง,44,0.0,0.0,0.0,,,True
1790381700,2026-09-26T00:15:00Z,ดอยเต่า,213,0.0,0.0,0.0,,,True
1790381700,2026-09-26T00:15:00Z,อมก๋อย,704,0.0,0.0,0.0,,,True
1790381700,2026-09-26T00:15:00Z,ฮอด,378,0.0,0.0,0.0,,,True
1790381700,2026-09-26T00:15:00Z,เมืองลำพูน,117,0.0,0.0,0.0,,,True
1790381700,2026-09-26T00:15:00Z,แม่ทา,192,0.0,0.0,0.0,,,True
1790381700,2026-09-26T00:15:00Z,บ้านธิ,34,0.0,0.0,0.0,,,True
1790381700,2026-09-26T00:15:00Z,บ้านหมอ,24,0.0,0.0,0.0,,,True
1790381700,2026-09-26T00:15:00Z,เวียงหนองล่อง,14,0.0,0.0,0.0,,,True
1790381700,2026-09-26T00:15:00Z,ทุ่งหัวช้าง,113,0.0,0.0,0.0,,,True
1790381700,2026-09-26T00:15:00Z,ป่าซาง,74,0.0,0.0,0.0,,,True
1790381700,2026-09-26T00:15:00Z,บ้านโฮ่ง,124,0.0,0.0,0.0,,,True
1790381700,2026-09-26T00:15:00Z,แก่งคอย,73,0.0,0.0,0.0,,,True
1790381700,2026-09-26T00:15:00Z,ลี้,454,0.0,0.0,0.0,,,True
1790381700,2026-09-26T00:15:00Z,พระพุทธบาท,55,0.0,0.0,0.0,,,True
1790381700,2026-09-26T00:15:00Z,ดอนพุด,7,0.0,0.0,0.0,,,True
1790381700,2026-09-26T00:15:00Z,หนองโดน,31,0.0,0.0,0.0,,,True
1790381700,2026-09-26T00:15:00Z,เมืองลำปาง,300,0.0,0.0,0.0,,,True
1790381700,2026-09-26T00:15:00Z,เถิน,443,0.0,0.0,0.0,,,True
1790381700,2026-09-26T00:15:00Z,แม่พริก,167,0.0,0.0,0.0,,,True
1790381700,2026-09-26T00:15:00Z,แจ้ห่ม,274,0.0,0.0,0.0,,,True
1790381700,2026-09-26T00:15:00Z,แม่เปิน,85,0.0,0.0,0.0,,,True
1790381700,2026-09-26T00:15:00Z,เสริมงาม,185,0.0,0.0,0.0,,,True
1790381700,2026-09-26T00:15:00Z,ชุมตาบง,61,0.0,0.0,0.0,,,True
1790381700,2026-09-26T00:15:00Z,งาว,344,0.0,0.0,0.0,,,True
1790381700,2026-09-26T00:15:00Z,ตากฟ้า,125,0.0,0.0,0.0,,,True
1790381700,2026-09-26T00:15:00Z,แม่เมาะ,283,0.0,0.0,0.0,,,True
1790381700,2026-09-26T00:15:00Z,แม่วงก์,257,0.0,0.0,0.0,,,True
1790381700,2026-09-26T00:15:00Z,เกาะคา,128,0.0,0.0,0.0,,,True
1790381700,2026-09-26T00:15:00Z,พยุหะคีรี,169,0.0,0.0,0.0,,,True
1790381700,2026-09-26T00:15:00Z,ลาดยาว,187,0.003,0.098,0.0267,,60,True
1790381700,2026-09-26T00:15:00Z,สบปราบ,125,0.0,0.0,0.0,,,True
1790381700,2026-09-26T00:15:00Z,ห้างฉัตร,154,0.0,0.0,0.0,,,True
1790381700,2026-09-26T00:15:00Z,แม่ทะ,203,0.0,0.0,0.0,,,True
1790381700,2026-09-26T00:15:00Z,เมืองปาน,202,0.0,0.0,0.0,,,True
1790381700,2026-09-26T00:15:00Z,เมืองอ่างทอง,6,0.0,0.0,0.0,,,True
1790381700,2026-09-26T00:15:00Z,ไชโย,20,0.0,0.0,0.0,,,True
1790381700,2026-09-26T00:15:00Z,สามโก้,10,0.0,0.0,0.0,,,True
1790381700,2026-09-26T00:15:00Z,แสวงหา,43,0.0,0.0,0.0,,,True
1790381700,2026-09-26T00:15:00Z,วิเศษชัยชาญ,7,0.0,0.0,0.0,,,True
1790381700,2026-09-26T00:15:00Z,โพธิ์ทอง,48,0.0,0.0,0.0,,,True
1790381700,2026-09-26T00:15:00Z,เมืองลพบุรี,190,0.0,0.0,0.0,,,True
1790381700,2026-09-26T00:15:00Z,เดิมบางนางบวช,130,0.0,0.0,0.0,,,True
1790381700,2026-09-26T00:15:00Z,ด่านช้าง,309,0.0,0.0,0.0,,,True
1790381700,2026-09-26T00:15:00Z,หนองม่วง,111,0.0,0.0,0.0,,,True
1790381700,2026-09-26T00:15:00Z,ลำสนธิ,136,0.0,0.0,0.0,,,True
1790381700,2026-09-26T00:15:00Z,สามชุก,77,0.005,0.098,0.0519,,15,True
1790381700,2026-09-26T00:15:00Z,ดอนเจดีย์,72,0.0,0.0,0.0,,,True
1790381700,2026-09-26T00:15:00Z,สระโบสถ์,83,0.0,0.0,0.0,,,True
1790381700,2026-09-26T00:15:00Z,ศรีประจันต์,41,0.0,0.0,0.0,,,True
1790381700,2026-09-26T00:15:00Z,โคกเจริญ,135,0.0,0.0,0.0,,,True
1790381700,2026-09-26T00:15:00Z,บ้านหมี่,136,0.0,0.0,0.0,,,True
1790381700,2026-09-26T00:15:00Z,ท่าหลวง,100,0.0,0.0,0.0,,,True
1790381700,2026-09-26T00:15:00Z,ชัยบาดาล,280,0.0,0.0,0.0,,,True
1790381700,2026-09-26T00:15:00Z,ท่าวุ้ง,64,0.0,0.0,0.0,,,True
1790381700,2026-09-26T00:15:00Z,พัฒนานิคม,217,0.0,0.0,0.0,,,True
1790381700,2026-09-26T00:15:00Z,โคกสำโรง,180,0.0,0.0,0.0,,,True
1790381700,2026-09-26T00:15:00Z,หนองหญ้าไซ,108,0.0,0.0,0.0,,,True
1790381700,2026-09-26T00:15:00Z,ท่าช้าง,11,0.0,0.0,0.0,,,True
1790381700,2026-09-26T00:15:00Z,อินทร์บุรี,66,0.0,0.0,0.0,,,True
1790381700,2026-09-26T00:15:00Z,ค่ายบางระจัน,26,0.0,0.0,0.0,,,True
1790381700,2026-09-26T00:15:00Z,พรหมบุรี,19,0.0,0.0,0.0,,,True
1790381700,2026-09-26T00:15:00Z,เนินสง่า,65,0.0,0.0,0.0,,,True
1790381700,2026-09-26T00:15:00Z,เมืองสิงห์บุรี,31,0.0,0.0,0.0,,,True
1790381700,2026-09-26T00:15:00Z,ซับใหญ่,72,0.0,0.0,0.0,,,True
1790381700,2026-09-26T00:15:00Z,บางระจัน,46,0.0,0.0,0.0,,,True
1790381700,2026-09-26T00:15:00Z,ภูกระดึง,190,0.0,0.0,0.0,,,True
1790381700,2026-09-26T00:15:00Z,ภูหลวง,145,0.0,0.0,0.0,,,True
1790381700,2026-09-26T00:15:00Z,หนองหิน,78,0.0,0.0,0.0,,,True
1790381700,2026-09-26T00:15:00Z,ผาขาว,100,0.0,0.0,0.0,,,True
1790381700,2026-09-26T00:15:00Z,เอราวัณ,87,0.0,0.0,0.0,,,True
1790381700,2026-09-26T00:15:00Z,วังสะพุง,281,0.0,0.0,0.0,,,True
1790381700,2026-09-26T00:15:00Z,วังม่วง,70,0.0,0.0,0.0,,,True
1790381700,2026-09-26T00:15:00Z,เฉลิมพระเกียรติ,35,0.0,0.0,0.0,,,True
1790381700,2026-09-26T00:15:00Z,มวกเหล็ก,175,0.0,0.0,0.0,,,True
1790381700,2026-09-26T00:15:00Z,บ้านเขว้า,124,0.0,0.0,0.0,,,True
1790381700,2026-09-26T00:15:00Z,คอนสวรรค์,113,0.0,0.0,0.0,,,True
1790381700,2026-09-26T00:15:00Z,เมืองชัยภูมิ,358,0.0,0.0,0.0,,,True
1790381700,2026-09-26T00:15:00Z,วังทอง,425,0.0,0.0,0.0,,,True
1790381700,2026-09-26T00:15:00Z,เนินมะปราง,276,0.0,0.0,0.0,,,True
1790381700,2026-09-26T00:15:00Z,สวรรคโลก,156,0.0,0.0,0.0,,,True
1790381700,2026-09-26T00:15:00Z,ศรีนคร,46,0.0,0.0,0.0,,,True
1790381700,2026-09-26T00:15:00Z,หันคา,139,0.017,0.098,0.1727,105,90,True
1790381700,2026-09-26T00:15:00Z,ศรีสัชนาลัย,534,0.0,0.0,0.0,,,True
1790381700,2026-09-26T00:15:00Z,หนองมะโมง,76,0.0,0.0,0.0,,,True
1790381700,2026-09-26T00:15:00Z,ศรีสำโรง,142,0.0,0.0,0.0,,,True
1790381700,2026-09-26T00:15:00Z,สรรพยา,55,0.02,0.098,0.2,45,30,True
1790381700,2026-09-26T00:15:00Z,คีรีมาศ,171,0.0,0.0,0.0,,,True
1790381700,2026-09-26T00:15:00Z,สรรคบุรี,89,0.0,0.0,0.0,,,True
1790381700,2026-09-26T00:15:00Z,กงไกรลาศ,108,0.0,0.0,0.0,,,True
1790381700,2026-09-26T00:15:00Z,มโนรมย์,66,0.0,0.0,0.0,,,True
1790381700,2026-09-26T00:15:00Z,เมืองสุโขทัย,136,0.0,0.0,0.0,,,True
1790381700,2026-09-26T00:15:00Z,วัดสิงห์,67,0.004,0.098,0.0448,,75,True
1790381700,2026-09-26T00:15:00Z,บ้านด่านลานหอย,231,0.0,0.0,0.0,,,True
1790381700,2026-09-26T00:15:00Z,เมืองชัยนาท,70,0.035,0.201,0.3429,60,30,True
1790381700,2026-09-26T00:15:00Z,เนินขาม,65,0.008,0.098,0.0769,,120,True
1790381700,2026-09-26T00:15:00Z,คอนสาร,334,0.0,0.0,0.0,,,True
1790381700,2026-09-26T00:15:00Z,ภักดีชุมพล,154,0.0,0.0,0.0,,,True
1790381700,2026-09-26T00:15:00Z,บ้านแท่น,76,0.0,0.0,0.0,,,True
1790381700,2026-09-26T00:15:00Z,แก้งคร้อ,168,0.0,0.0,0.0,,,True
1790381700,2026-09-26T00:15:00Z,ภูเขียว,201,0.0,0.0,0.0,,,True
1790381700,2026-09-26T00:15:00Z,หนองบัวระเหว,179,0.0,0.0,0.0,,,True
1790381700,2026-09-26T00:15:00Z,เทพสถิต,239,0.0,0.0,0.0,,,True
1790381700,2026-09-26T00:15:00Z,จัตุรัส,172,0.0,0.0,0.0,,,True
1790381700,2026-09-26T00:15:00Z,บำเหน็จณรงค์,120,0.0,0.0,0.0,,,True
1790381700,2026-09-26T00:15:00Z,เกษตรสมบูรณ์,268,0.0,0.0,0.0,,,True
1790381700,2026-09-26T00:15:00Z,หนองบัวแดง,537,0.0,0.0,0.0,,,True
1790381700,2026-09-26T00:15:00Z,ภูเรือ,168,0.0,0.0,0.0,,,True
1790381700,2026-09-26T00:15:00Z,ท่าลี่,171,0.0,0.0,0.0,,,True
1790381700,2026-09-26T00:15:00Z,วชิรบารมี,68,0.004,0.098,0.0441,,30,True
1790381700,2026-09-26T00:15:00Z,ด่านซ้าย,341,0.0,0.0,0.0,,,True
1790381700,2026-09-26T00:15:00Z,นาแห้ว,153,0.0,0.0,0.0,,,True
1790381700,2026-09-26T00:15:00Z,บึงนาราง,74,0.0,0.0,0.0,,,True
1790381700,2026-09-26T00:15:00Z,เชียงคาน,213,0.0,0.0,0.0,,,True
1790381700,2026-09-26T00:15:00Z,ดงเจริญ,56,0.0,0.0,0.0,,,True
1790381700,2026-09-26T00:15:00Z,ปากชม,240,0.0,0.0,0.0,,,True
1790381700,2026-09-26T00:15:00Z,เมืองเลย,314,0.0,0.0,0.0,,,True
1790381700,2026-09-26T00:15:00Z,นาด้วง,143,0.0,0.0,0.0,,,True
1790381700,2026-09-26T00:15:00Z,สากเหล็ก,45,0.0,0.0,0.0,,,True
1790381700,2026-09-26T00:15:00Z,สามง่าม,89,0.003,0.098,0.0337,,15,True
1790381700,2026-09-26T00:15:00Z,ทับคล้อ,104,0.0,0.0,0.0,,,True
1790381700,2026-09-26T00:15:00Z,พรหมพิราม,206,0.0,0.0,0.0,,,True
1790381700,2026-09-26T00:15:00Z,ด่านขุนทด,344,0.0,0.0,0.0,,,True
1790381700,2026-09-26T00:15:00Z,วัดโบสถ์,226,0.0,0.0,0.0,,,True
1790381700,2026-09-26T00:15:00Z,บางระกำ,246,0.0,0.0,0.0,,,True
1790381700,2026-09-26T00:15:00Z,บางกระทุ่ม,91,0.0,0.0,0.0,,,True
1790381700,2026-09-26T00:15:00Z,นครไทย,597,0.0,0.098,0.0017,,105,True
1790381700,2026-09-26T00:15:00Z,ชาติตระการ,415,0.0,0.0,0.0,,,True
1790381700,2026-09-26T00:15:00Z,บ้านเหลื่อม,55,0.0,0.0,0.0,,,True
1790381700,2026-09-26T00:15:00Z,เมืองพิษณุโลก,178,0.0,0.0,0.0,,,True
1790381700,2026-09-26T00:15:00Z,ชุมแสง,145,0.005,0.098,0.0483,,105,True
1790381700,2026-09-26T00:15:00Z,หนองบัว,208,0.031,0.196,0.2885,75,45,True
1790381700,2026-09-26T00:15:00Z,เมืองนครสวรรค์,183,0.006,0.098,0.0656,,15,True
1790381700,2026-09-26T00:15:00Z,โกรกพระ,71,0.0,0.0,0.0,,,True
1790381700,2026-09-26T00:15:00Z,ไพศาลี,244,0.002,0.098,0.0164,,75,True
1790381700,2026-09-26T00:15:00Z,ตาคลี,206,0.008,0.201,0.0728,,15,True
1790381700,2026-09-26T00:15:00Z,ท่าตะโก,211,0.004,0.098,0.0379,,120,True
1790381700,2026-09-26T00:15:00Z,เขาค้อ,207,0.0,0.0,0.0,,,True
1790381700,2026-09-26T00:15:00Z,บรรพตพิสัย,181,0.0,0.0,0.0,,,True
1790381700,2026-09-26T00:15:00Z,เก้าเลี้ยว,57,0.0,0.0,0.0,,,True
1790381700,2026-09-26T00:15:00Z,วังโป่ง,123,0.0,0.0,0.0,,,True
1790381700,2026-09-26T00:15:00Z,บึงสามพัน,194,0.024,0.196,0.2268,30,15,True
1790381700,2026-09-26T00:15:00Z,น้ำหนาว,231,0.0,0.0,0.0,,,True
1790381700,2026-09-26T00:15:00Z,ศรีเทพ,204,0.0,0.0,0.0,,,True
1790381700,2026-09-26T00:15:00Z,หนองไผ่,315,0.001,0.098,0.0095,,15,True
1790381700,2026-09-26T00:15:00Z,มหาราช,4,0.0,0.0,0.0,,,False
1790381700,2026-09-26T00:15:00Z,บ้านแพรก,10,0.0,0.0,0.0,,,True
1790381700,2026-09-26T00:15:00Z,บางมูลนาก,99,0.0,0.0,0.0,,,True
1790381700,2026-09-26T00:15:00Z,โพทะเล,131,0.0,0.0,0.0,,,True
1790381700,2026-09-26T00:15:00Z,โพธิ์ประทับช้าง,102,0.0,0.0,0.0,,,True
1790381700,2026-09-26T00:15:00Z,ตะพานหิน,109,0.0,0.0,0.0,,,True
1790381700,2026-09-26T00:15:00Z,เมืองพิจิตร,138,0.0,0.0,0.0,,,True
1790381700,2026-09-26T00:15:00Z,วังทรายพูน,66,0.0,0.0,0.0,,,True
1790382600,2026-09-26T00:30:00Z,พิชัย,176,0.0,0.0,0.0,,,True
1790382600,2026-09-26T00:30:00Z,ลับแล,116,0.0,0.0,0.0,,,True
1790382600,2026-09-26T00:30:00Z,ฟากท่า,163,0.0,0.0,0.0,,,True
1790382600,2026-09-26T00:30:00Z,บ้านโคก,247,0.0,0.0,0.0,,,True
1790382600,2026-09-26T00:30:00Z,ท่าปลา,442,0.0,0.0,0.0,,,True
1790382600,2026-09-26T00:30:00Z,น้ำปาด,363,0.0,0.0,0.0,,,True
1790382600,2026-09-26T00:30:00Z,เมืองอุตรดิตถ์,202,0.0,0.0,0.0,,,True
1790382600,2026-09-26T00:30:00Z,ตรอน,80,0.0,0.0,0.0,,,True
1790382600,2026-09-26T00:30:00Z,หล่มเก่า,246,0.0,0.0,0.0,,,True
1790382600,2026-09-26T00:30:00Z,วิเชียรบุรี,377,0.0,0.098,0.0027,,30,True
1790382600,2026-09-26T00:30:00Z,ชนแดน,279,0.0,0.0,0.0,,,True
1790382600,2026-09-26T00:30:00Z,หล่มสัก,350,0.0,0.0,0.0,,,True
1790382600,2026-09-26T00:30:00Z,เมืองเพชรบูรณ์,571,0.0,0.0,0.0,,,True
1790382600,2026-09-26T00:30:00Z,ทองแสนขัน,185,0.0,0.0,0.0,,,True
1790382600,2026-09-26T00:30:00Z,บึงสามัคคี,71,0.0,0.0,0.0,,,True
1790382600,2026-09-26T00:30:00Z,โกสัมพีนคร,137,0.0,0.0,0.0,,,True
1790382600,2026-09-26T00:30:00Z,สอง,380,0.0,0.0,0.0,,,True
1790382600,2026-09-26T00:30:00Z,วังชิ้น,255,0.0,0.0,0.0,,,True
1790382600,2026-09-26T00:30:00Z,สูงเม่น,88,0.0,0.0,0.0,,,True
1790382600,2026-09-26T00:30:00Z,เด่นชัย,135,0.0,0.0,0.0,,,True
1790382600,2026-09-26T00:30:00Z,ร้องกวาง,221,0.0,0.0,0.0,,,True
1790382600,2026-09-26T00:30:00Z,ลอง,317,0.0,0.0,0.0,,,True
1790382600,2026-09-26T00:30:00Z,เมืองแพร่,205,0.0,0.0,0.0,,,True
1790382600,2026-09-26T00:30:00Z,ทัพทัน,94,0.003,0.098,0.0319,,15,True
1790382600,2026-09-26T00:30:00Z,สว่างอารมณ์,110,0.007,0.098,0.0727,,15,True
1790382600,2026-09-26T00:30:00Z,เมืองอุทัยธานี,59,0.0,0.0,0.0,,,True
1790382600,2026-09-26T00:30:00Z,ห้วยคต,94,0.01,0.201,0.0957,,45,True
1790382600,2026-09-26T00:30:00Z,ศรีสวัสดิ์,440,0.009,0.299,0.0614,,30,True
1790382600,2026-09-26T00:30:00Z,บ้านไร่,821,0.022,0.397,0.1571,30,15,True
1790382600,2026-09-26T00:30:00Z,ลานสัก,360,0.004,0.098,0.0361,,30,True
1790382600,2026-09-26T00:30:00Z,หนองฉาง,89,0.008,0.098,0.0787,,15,True
1790382600,2026-09-26T00:30:00Z,หนองขาหย่าง,43,0.0,0.0,0.0,,,True
1790382600,2026-09-26T00:30:00Z,เชียงม่วน,82,0.0,0.0,0.0,,,True
1790382600,2026-09-26T00:30:00Z,ดอกคำใต้,37,0.0,0.0,0.0,,,True
1790382600,2026-09-26T00:30:00Z,เมืองพะเยา,6,0.0,0.0,0.0,,,True
1790382600,2026-09-26T00:30:00Z,ทองผาภูมิ,851,0.005,0.299,0.0376,,45,True
1790382600,2026-09-26T00:30:00Z,สังขละบุรี,793,0.0,0.0,0.0,,,True
1790382600,2026-09-26T00:30:00Z,หนองม่วงไข่,35,0.0,0.0,0.0,,,True
1790382600,2026-09-26T00:30:00Z,ภูเวียง,81,0.0,0.0,0.0,,,True
1790382600,2026-09-26T00:30:00Z,มัญจาคีรี,50,0.0,0.0,0.0,,,True
1790382600,2026-09-26T00:30:00Z,หนองปรือ,104,0.0,0.0,0.0,,,True
1790382600,2026-09-26T00:30:00Z,เลาขวัญ,123,0.001,0.098,0.0081,,105,True
1790382600,2026-09-26T00:30:00Z,หนองนาคำ,43,0.0,0.0,0.0,,,True
1790382600,2026-09-26T00:30:00Z,โคกโพธิ์ไชย,65,0.0,0.0,0.0,,,True
1790382600,2026-09-26T00:30:00Z,บ้านหลวง,91,0.0,0.0,0.0,,,True
1790382600,2026-09-26T00:30:00Z,นาน้อย,266,0.0,0.0,0.0,,,True
1790382600,2026-09-26T00:30:00Z,ภูผาม่าน,74,0.0,0.0,0.0,,,True
1790382600,2026-09-26T00:30:00Z,เมืองน่าน,161,0.0,0.0,0.0,,,True
1790382600,2026-09-26T00:30:00Z,แม่จริม,262,0.0,0.0,0.0,,,True
1790382600,2026-09-26T00:30:00Z,เวียงเก่า,78,0.0,0.0,0.0,,,True
1790382600,2026-09-26T00:30:00Z,เมืองกำแพงเพชร,368,0.001,0.098,0.0082,,15,True
1790382600,2026-09-26T00:30:00Z,ไทรงาม,133,0.002,0.098,0.0226,,30,True
1790382600,2026-09-26T00:30:00Z,ปางศิลาทอง,186,0.0,0.0,0.0,,,True
1790382600,2026-09-26T00:30:00Z,ลานกระบือ,103,0.0,0.0,0.0,,,True
1790382600,2026-09-26T00:30:00Z,ทรายทองวัฒนา,53,0.0,0.0,0.0,,,True
1790382600,2026-09-26T00:30:00Z,คลองขลุง,179,0.001,0.098,0.0056,,90,True
1790382600,2026-09-26T00:30:00Z,พรานกระต่าย,252,0.0,0.0,0.0,,,True
1790382600,2026-09-26T00:30:00Z,คลองลาน,363,0.002,0.098,0.0165,,60,True
1790382600,2026-09-26T00:30:00Z,ขาณุวรลักษบุรี,296,0.0,0.0,0.0,,,True
1790382600,2026-09-26T00:30:00Z,ภูเพียง,113,0.0,0.0,0.0,,,True
1790382600,2026-09-26T00:30:00Z,นาหมื่น,245,0.0,0.0,0.0,,,True
1790382600,2026-09-26T00:30:00Z,เวียงสา,543,0.0,0.0,0.0,,,True
1790382600,2026-09-26T00:30:00Z,น้ำโสม,153,0.0,0.0,0.0,,,True
1790382600,2026-09-26T00:30:00Z,นายูง,126,0.0,0.0,0.0,,,True
1790382600,2026-09-26T00:30:00Z,ชุมแพ,173,0.0,0.0,0.0,,,True
1790382600,2026-09-26T00:30:00Z,สีชมพู,132,0.0,0.0,0.0,,,True
1790382600,2026-09-26T00:30:00Z,สุวรรณคูหา,140,0.0,0.0,0.0,,,True
1790382600,2026-09-26T00:30:00Z,นาวัง,65,0.0,0.0,0.0,,,True
1790382600,2026-09-26T00:30:00Z,หนองเรือ,80,0.0,0.0,0.0,,,True
1790382600,2026-09-26T00:30:00Z,โนนสัง,51,0.0,0.0,0.0,,,True
1790382600,2026-09-26T00:30:00Z,ศรีบุญเรือง,224,0.0,0.0,0.0,,,True
1790382600,2026-09-26T00:30:00Z,เมืองหนองบัวลำภู,217,0.0,0.0,0.0,,,True
1790382600,2026-09-26T00:30:00Z,นากลาง,173,0.0,0.0,0.0,,,True
1790382600,2026-09-26T00:30:00Z,ทุ่งเสลี่ยม,144,0.0,0.0,0.0,,,True
1790382600,2026-09-26T00:30:00Z,ดอยหล่อ,56,0.0,0.0,0.0,,,True
1790382600,2026-09-26T00:30:00Z,เมืองตาก,486,0.0,0.0,0.0,,,True
1790382600,2026-09-26T00:30:00Z,แม่ออน,116,0.0,0.0,0.0,,,True
1790382600,2026-09-26T00:30:00Z,อุ้มผาง,1209,0.0,0.098,0.0017,,105,True
1790382600,2026-09-26T00:30:00Z,วังเจ้า,183,0.0,0.0,0.0,,,True
1790382600,2026-09-26T00:30:00Z,แม่สอด,398,0.0,0.0,0.0,,,True
1790382600,2026-09-26T00:30:00Z,พบพระ,249,0.0,0.0,0.0,,,True
1790382600,2026-09-26T00:30:00Z,แม่ระมาด,380,0.0,0.0,0.0,,,True
1790382600,2026-09-26T00:30:00Z,ท่าสองยาง,401,0.0,0.0,0.0,,,True
1790382600,2026-09-26T00:30:00Z,บ้านตาก,255,0.0,0.0,0.0,,,True
1790382600,2026-09-26T00:30:00Z,สามเงา,698,0.0,0.0,0.0,,,True
1790382600,2026-09-26T00:30:00Z,จอมทอง,280,0.0,0.0,0.0,,,True
1790382600,2026-09-26T00:30:00Z,แก้งสนามนาง,79,0.0,0.0,0.0,,,True
1790382600,2026-09-26T00:30:00Z,สีคิ้ว,292,0.0,0.0,0.0,,,True
1790382600,2026-09-26T00:30:00Z,พระทองคำ,90,0.0,0.0,0.0,,,True
1790382600,2026-09-26T00:30:00Z,เทพารักษ์,92,0.0,0.0,0.0,,,True
1790382600,2026-09-26T00:30:00Z,สันกำแพง,65,0.0,0.0,0.0,,,True
1790382600,2026-09-26T00:30:00Z,สันป่าตอง,44,0.0,0.0,0.0,,,True
1790382600,2026-09-26T00:30:00Z,ดอยเต่า,213,0.0,0.0,0.0,,,True
1790382600,2026-09-26T00:30:00Z,อมก๋อย,704,0.0,0.0,0.0,,,True
1790382600,2026-09-26T00:30:00Z,ฮอด,378,0.0,0.0,0.0,,,True
1790382600,2026-09-26T00:30:00Z,เมืองลำพูน,117,0.0,0.0,0.0,,,True
1790382600,2026-09-26T00:30:00Z,แม่ทา,192,0.0,0.0,0.0,,,True
1790382600,2026-09-26T00:30:00Z,บ้านธิ,34,0.0,0.0,0.0,,,True
1790382600,2026-09-26T00:30:00Z,บ้านหมอ,24,0.0,0.0,0.0,,,True
1790382600,2026-09-26T00:30:00Z,เวียงหนองล่อง,14,0.0,0.0,0.0,,,True
1790382600,2026-09-26T00:30:00Z,ทุ่งหัวช้าง,113,0.0,0.0,0.0,,,True
1790382600,2026-09-26T00:30:00Z,ป่าซาง,74,0.0,0.0,0.0,,,True
1790382600,2026-09-26T00:30:00Z,บ้านโฮ่ง,124,0.0,0.0,0.0,,,True
1790382600,2026-09-26T00:30:00Z,แก่งคอย,73,0.0,0.0,0.0,,,True
1790382600,2026-09-26T00:30:00Z,ลี้,454,0.0,0.0,0.0,,,True
1790382600,2026-09-26T00:30:00Z,พระพุทธบาท,55,0.0,0.0,0.0,,,True
1790382600,2026-09-26T00:30:00Z,ดอนพุด,7,0.0,0.0,0.0,,,True
1790382600,2026-09-26T00:30:00Z,หนองโดน,31,0.0,0.0,0.0,,,True
1790382600,2026-09-26T00:30:00Z,เมืองลำปาง,300,0.0,0.0,0.0,,,True
1790382600,2026-09-26T00:30:00Z,เถิน,443,0.0,0.0,0.0,,,True
1790382600,2026-09-26T00:30:00Z,แม่พริก,167,0.0,0.0,0.0,,,True
1790382600,2026-09-26T00:30:00Z,แจ้ห่ม,274,0.0,0.0,0.0,,,True
1790382600,2026-09-26T00:30:00Z,แม่เปิน,85,0.0,0.0,0.0,,,True
1790382600,2026-09-26T00:30:00Z,เสริมงาม,185,0.0,0.0,0.0,,,True
1790382600,2026-09-26T00:30:00Z,ชุมตาบง,61,0.0,0.0,0.0,,,True
1790382600,2026-09-26T00:30:00Z,งาว,344,0.0,0.0,0.0,,,True
1790382600,2026-09-26T00:30:00Z,ตากฟ้า,125,0.0,0.0,0.0,,,True
1790382600,2026-09-26T00:30:00Z,แม่เมาะ,283,0.0,0.0,0.0,,,True
1790382600,2026-09-26T00:30:00Z,แม่วงก์,257,0.0,0.0,0.0,,,True
1790382600,2026-09-26T00:30:00Z,เกาะคา,128,0.0,0.0,0.0,,,True
1790382600,2026-09-26T00:30:00Z,พยุหะคีรี,169,0.0,0.0,0.0,,,True
1790382600,2026-09-26T00:30:00Z,ลาดยาว,187,0.001,0.098,0.0053,,15,True
1790382600,2026-09-26T00:30:00Z,สบปราบ,125,0.0,0.0,0.0,,,True
1790382600,2026-09-26T00:30:00Z,ห้างฉัตร,154,0.0,0.0,0.0,,,True
1790382600,2026-09-26T00:30:00Z,แม่ทะ,203,0.0,0.0,0.0,,,True
1790382600,2026-09-26T00:30:00Z,เมืองปาน,202,0.0,0.0,0.0,,,True
1790382600,2026-09-26T00:30:00Z,เมืองอ่างทอง,6,0.0,0.0,0.0,,,True
1790382600,2026-09-26T00:30:00Z,ไชโย,20,0.0,0.0,0.0,,,True
1790382600,2026-09-26T00:30:00Z,สามโก้,10,0.0,0.0,0.0,,,True
1790382600,2026-09-26T00:30:00Z,แสวงหา,43,0.0,0.0,0.0,,,True
1790382600,2026-09-26T00:30:00Z,วิเศษชัยชาญ,7,0.0,0.0,0.0,,,True
1790382600,2026-09-26T00:30:00Z,โพธิ์ทอง,48,0.0,0.0,0.0,,,True
1790382600,2026-09-26T00:30:00Z,เมืองลพบุรี,190,0.0,0.0,0.0,,,True
1790382600,2026-09-26T00:30:00Z,เดิมบางนางบวช,130,0.001,0.098,0.0077,,90,True
1790382600,2026-09-26T00:30:00Z,ด่านช้าง,309,0.001,0.098,0.0129,,75,True
1790382600,2026-09-26T00:30:00Z,หนองม่วง,111,0.0,0.0,0.0,,,True
1790382600,2026-09-26T00:30:00Z,ลำสนธิ,136,0.0,0.0,0.0,,,True
1790382600,2026-09-26T00:30:00Z,สามชุก,77,0.0,0.0,0.0,,,True
1790382600,2026-09-26T00:30:00Z,ดอนเจดีย์,72,0.0,0.0,0.0,,,True
1790382600,2026-09-26T00:30:00Z,สระโบสถ์,83,0.0,0.0,0.0,,,True
1790382600,2026-09-26T00:30:00Z,ศรีประจันต์,41,0.0,0.0,0.0,,,True
1790382600,2026-09-26T00:30:00Z,โคกเจริญ,135,0.0,0.0,0.0,,,True
1790382600,2026-09-26T00:30:00Z,บ้านหมี่,136,0.001,0.098,0.0074,,15,True
1790382600,2026-09-26T00:30:00Z,ท่าหลวง,100,0.0,0.0,0.0,,,True
1790382600,2026-09-26T00:30:00Z,ชัยบาดาล,280,0.0,0.0,0.0,,,True
1790382600,2026-09-26T00:30:00Z,ท่าวุ้ง,64,0.0,0.0,0.0,,,True
1790382600,2026-09-26T00:30:00Z,พัฒนานิคม,217,0.0,0.0,0.0,,,True
1790382600,2026-09-26T00:30:00Z,โคกสำโรง,180,0.0,0.0,0.0,,,True
1790382600,2026-09-26T00:30:00Z,หนองหญ้าไซ,108,0.002,0.098,0.0185,,75,True
1790382600,2026-09-26T00:30:00Z,ท่าช้าง,11,0.0,0.0,0.0,,,True
1790382600,2026-09-26T00:30:00Z,อินทร์บุรี,66,0.0,0.0,0.0,,,True
1790382600,2026-09-26T00:30:00Z,ค่ายบางระจัน,26,0.0,0.0,0.0,,,True
1790382600,2026-09-26T00:30:00Z,พรหมบุรี,19,0.0,0.0,0.0,,,True
1790382600,2026-09-26T00:30:00Z,เนินสง่า,65,0.0,0.0,0.0,,,True
1790382600,2026-09-26T00:30:00Z,เมืองสิงห์บุรี,31,0.0,0.0,0.0,,,True
1790382600,2026-09-26T00:30:00Z,ซับใหญ่,72,0.0,0.0,0.0,,,True
1790382600,2026-09-26T00:30:00Z,บางระจัน,46,0.002,0.098,0.0217,,60,True
1790382600,2026-09-26T00:30:00Z,ภูกระดึง,190,0.0,0.0,0.0,,,True
1790382600,2026-09-26T00:30:00Z,ภูหลวง,145,0.0,0.0,0.0,,,True
1790382600,2026-09-26T00:30:00Z,หนองหิน,78,0.0,0.0,0.0,,,True
1790382600,2026-09-26T00:30:00Z,ผาขาว,100,0.0,0.0,0.0,,,True
1790382600,2026-09-26T00:30:00Z,เอราวัณ,87,0.0,0.0,0.0,,,True
1790382600,2026-09-26T00:30:00Z,วังสะพุง,281,0.0,0.0,0.0,,,True
1790382600,2026-09-26T00:30:00Z,วังม่วง,70,0.0,0.0,0.0,,,True
1790382600,2026-09-26T00:30:00Z,เฉลิมพระเกียรติ,35,0.0,0.0,0.0,,,True
1790382600,2026-09-26T00:30:00Z,มวกเหล็ก,175,0.0,0.0,0.0,,,True
1790382600,2026-09-26T00:30:00Z,บ้านเขว้า,124,0.0,0.0,0.0,,,True
1790382600,2026-09-26T00:30:00Z,คอนสวรรค์,113,0.0,0.0,0.0,,,True
1790382600,2026-09-26T00:30:00Z,เมืองชัยภูมิ,358,0.0,0.0,0.0,,,True
1790382600,2026-09-26T00:30:00Z,วังทอง,425,0.0,0.0,0.0,,,True
1790382600,2026-09-26T00:30:00Z,เนินมะปราง,276,0.0,0.0,0.0,,,True
1790382600,2026-09-26T00:30:00Z,สวรรคโลก,156,0.0,0.0,0.0,,,True
1790382600,2026-09-26T00:30:00Z,ศรีนคร,46,0.0,0.0,0.0,,,True
1790382600,2026-09-26T00:30:00Z,หันคา,139,0.01,0.098,0.1007,105,60,True
1790382600,2026-09-26T00:30:00Z,ศรีสัชนาลัย,534,0.0,0.0,0.0,,,True
1790382600,2026-09-26T00:30:00Z,หนองมะโมง,76,0.0,0.0,0.0,,,True
1790382600,2026-09-26T00:30:00Z,ศรีสำโรง,142,0.0,0.0,0.0,,,True
1790382600,2026-09-26T00:30:00Z,สรรพยา,55,0.007,0.098,0.0727,,15,True
1790382600,2026-09-26T00:30:00Z,คีรีมาศ,171,0.0,0.0,0.0,,,True
1790382600,2026-09-26T00:30:00Z,สรรคบุรี,89,0.0,0.0,0.0,,,True
1790382600,2026-09-26T00:30:00Z,กงไกรลาศ,108,0.0,0.0,0.0,,,True
1790382600,2026-09-26T00:30:00Z,มโนรมย์,66,0.0,0.0,0.0,,,True
1790382600,2026-09-26T00:30:00Z,เมืองสุโขทัย,136,0.0,0.0,0.0,,,True
1790382600,2026-09-26T00:30:00Z,วัดสิงห์,67,0.001,0.098,0.0149,,60,True
1790382600,2026-09-26T00:30:00Z,บ้านด่านลานหอย,231,0.0,0.0,0.0,,,True
1790382600,2026-09-26T00:30:00Z,เมืองชัยนาท,70,0.014,0.201,0.1286,60,30,True
1790382600,2026-09-26T00:30:00Z,เนินขาม,65,0.006,0.098,0.0615,,105,True
1790382600,2026-09-26T00:30:00Z,คอนสาร,334,0.0,0.0,0.0,,,True
1790382600,2026-09-26T00:30:00Z,ภักดีชุมพล,154,0.0,0.0,0.0,,,True
1790382600,2026-09-26T00:30:00Z,บ้านแท่น,76,0.0,0.0,0.0,,,True
1790382600,2026-09-26T00:30:00Z,แก้งคร้อ,168,0.0,0.0,0.0,,,True
1790382600,2026-09-26T00:30:00Z,ภูเขียว,201,0.0,0.0,0.0,,,True
1790382600,2026-09-26T00:30:00Z,หนองบัวระเหว,179,0.0,0.0,0.0,,,True
1790382600,2026-09-26T00:30:00Z,เทพสถิต,239,0.0,0.0,0.0,,,True
1790382600,2026-09-26T00:30:00Z,จัตุรัส,172,0.0,0.0,0.0,,,True
1790382600,2026-09-26T00:30:00Z,บำเหน็จณรงค์,120,0.0,0.0,0.0,,,True
1790382600,2026-09-26T00:30:00Z,เกษตรสมบูรณ์,268,0.0,0.0,0.0,,,True
1790382600,2026-09-26T00:30:00Z,หนองบัวแดง,537,0.0,0.0,0.0,,,True
1790382600,2026-09-26T00:30:00Z,ภูเรือ,168,0.0,0.0,0.0,,,True
1790382600,2026-09-26T00:30:00Z,ท่าลี่,171,0.0,0.0,0.0,,,True
1790382600,2026-09-26T00:30:00Z,วชิรบารมี,68,0.0,0.0,0.0,,,True
1790382600,2026-09-26T00:30:00Z,ด่านซ้าย,341,0.0,0.0,0.0,,,True
1790382600,2026-09-26T00:30:00Z,นาแห้ว,153,0.0,0.0,0.0,,,True
1790382600,2026-09-26T00:30:00Z,บึงนาราง,74,0.0,0.0,0.0,,,True
1790382600,2026-09-26T00:30:00Z,เชียงคาน,213,0.0,0.0,0.0,,,True
1790382600,2026-09-26T00:30:00Z,ดงเจริญ,56,0.0,0.0,0.0,,,True
1790382600,2026-09-26T00:30:00Z,ปากชม,240,0.0,0.0,0.0,,,True
1790382600,2026-09-26T00:30:00Z,เมืองเลย,314,0.0,0.0,0.0,,,True
1790382600,2026-09-26T00:30:00Z,นาด้วง,143,0.0,0.0,0.0,,,True
1790382600,2026-09-26T00:30:00Z,สากเหล็ก,45,0.0,0.0,0.0,,,True
1790382600,2026-09-26T00:30:00Z,สามง่าม,89,0.0,0.0,0.0,,,True
1790382600,2026-09-26T00:30:00Z,ทับคล้อ,104,0.0,0.0,0.0,,,True
1790382600,2026-09-26T00:30:00Z,พรหมพิราม,206,0.0,0.0,0.0,,,True
1790382600,2026-09-26T00:30:00Z,ด่านขุนทด,344,0.0,0.0,0.0,,,True
1790382600,2026-09-26T00:30:00Z,วัดโบสถ์,226,0.0,0.0,0.0,,,True
1790382600,2026-09-26T00:30:00Z,บางระกำ,246,0.0,0.0,0.0,,,True
1790382600,2026-09-26T00:30:00Z,บางกระทุ่ม,91,0.0,0.0,0.0,,,True
1790382600,2026-09-26T00:30:00Z,นครไทย,597,0.0,0.0,0.0,,,True
1790382600,2026-09-26T00:30:00Z,ชาติตระการ,415,0.0,0.0,0.0,,,True
1790382600,2026-09-26T00:30:00Z,บ้านเหลื่อม,55,0.0,0.0,0.0,,,True
1790382600,2026-09-26T00:30:00Z,เมืองพิษณุโลก,178,0.0,0.0,0.0,,,True
1790382600,2026-09-26T00:30:00Z,ชุมแสง,145,0.0,0.0,0.0,,,True
1790382600,2026-09-26T00:30:00Z,หนองบัว,208,0.003,0.098,0.0337,,60,True
1790382600,2026-09-26T00:30:00Z,เมืองนครสวรรค์,183,0.0,0.0,0.0,,,True
1790382600,2026-09-26T00:30:00Z,โกรกพระ,71,0.0,0.0,0.0,,,True
1790382600,2026-09-26T00:30:00Z,ไพศาลี,244,0.001,0.098,0.0082,,60,True
1790382600,2026-09-26T00:30:00Z,ตาคลี,206,0.002,0.098,0.0194,,15,True
1790382600,2026-09-26T00:30:00Z,ท่าตะโก,211,0.001,0.098,0.0095,,120,True
1790382600,2026-09-26T00:30:00Z,เขาค้อ,207,0.0,0.0,0.0,,,True
1790382600,2026-09-26T00:30:00Z,บรรพตพิสัย,181,0.0,0.0,0.0,,,True
1790382600,2026-09-26T00:30:00Z,เก้าเลี้ยว,57,0.0,0.0,0.0,,,True
1790382600,2026-09-26T00:30:00Z,วังโป่ง,123,0.0,0.0,0.0,,,True
1790382600,2026-09-26T00:30:00Z,บึงสามพัน,194,0.003,0.098,0.0258,,30,True
1790382600,2026-09-26T00:30:00Z,น้ำหนาว,231,0.0,0.0,0.0,,,True
1790382600,2026-09-26T00:30:00Z,ศรีเทพ,204,0.0,0.0,0.0,,,True
1790382600,2026-09-26T00:30:00Z,หนองไผ่,315,0.0,0.098,0.0032,,15,True
1790382600,2026-09-26T00:30:00Z,มหาราช,4,0.0,0.0,0.0,,,False
1790382600,2026-09-26T00:30:00Z,บ้านแพรก,10,0.0,0.0,0.0,,,True
1790382600,2026-09-26T00:30:00Z,บางมูลนาก,99,0.0,0.0,0.0,,,True
1790382600,2026-09-26T00:30:00Z,โพทะเล,131,0.0,0.0,0.0,,,True
1790382600,2026-09-26T00:30:00Z,โพธิ์ประทับช้าง,102,0.0,0.0,0.0,,,True
1790382600,2026-09-26T00:30:00Z,ตะพานหิน,109,0.0,0.0,0.0,,,True
1790382600,2026-09-26T00:30:00Z,เมืองพิจิตร,138,0.0,0.0,0.0,,,True
1790382600,2026-09-26T00:30:00Z,วังทรายพูน,66,0.0,0.0,0.0,,,True
1790383500,2026-09-26T00:45:00Z,พิชัย,176,0.0,0.0,0.0,,,True
1790383500,2026-09-26T00:45:00Z,ลับแล,116,0.0,0.0,0.0,,,True
1790383500,2026-09-26T00:45:00Z,ฟากท่า,163,0.0,0.0,0.0,,,True
1790383500,2026-09-26T00:45:00Z,บ้านโคก,247,0.0,0.0,0.0,,,True
1790383500,2026-09-26T00:45:00Z,ท่าปลา,442,0.0,0.0,0.0,,,True
1790383500,2026-09-26T00:45:00Z,น้ำปาด,363,0.0,0.0,0.0,,,True
1790383500,2026-09-26T00:45:00Z,เมืองอุตรดิตถ์,202,0.0,0.0,0.0,,,True
1790383500,2026-09-26T00:45:00Z,ตรอน,80,0.0,0.0,0.0,,,True
1790383500,2026-09-26T00:45:00Z,หล่มเก่า,246,0.0,0.0,0.0,,,True
1790383500,2026-09-26T00:45:00Z,วิเชียรบุรี,377,0.0,0.0,0.0,,,True
1790383500,2026-09-26T00:45:00Z,ชนแดน,279,0.0,0.0,0.0,,,True
1790383500,2026-09-26T00:45:00Z,หล่มสัก,350,0.0,0.0,0.0,,,True
1790383500,2026-09-26T00:45:00Z,เมืองเพชรบูรณ์,571,0.0,0.0,0.0,,,True
1790383500,2026-09-26T00:45:00Z,ทองแสนขัน,185,0.0,0.0,0.0,,,True
1790383500,2026-09-26T00:45:00Z,บึงสามัคคี,71,0.0,0.0,0.0,,,True
1790383500,2026-09-26T00:45:00Z,โกสัมพีนคร,137,0.0,0.0,0.0,,,True
1790383500,2026-09-26T00:45:00Z,สอง,380,0.0,0.0,0.0,,,True
1790383500,2026-09-26T00:45:00Z,วังชิ้น,255,0.0,0.0,0.0,,,True
1790383500,2026-09-26T00:45:00Z,สูงเม่น,88,0.0,0.0,0.0,,,True
1790383500,2026-09-26T00:45:00Z,เด่นชัย,135,0.0,0.0,0.0,,,True
1790383500,2026-09-26T00:45:00Z,ร้องกวาง,221,0.0,0.0,0.0,,,True
1790383500,2026-09-26T00:45:00Z,ลอง,317,0.0,0.0,0.0,,,True
1790383500,2026-09-26T00:45:00Z,เมืองแพร่,205,0.0,0.0,0.0,,,True
1790383500,2026-09-26T00:45:00Z,ทัพทัน,94,0.004,0.098,0.0426,,15,True
1790383500,2026-09-26T00:45:00Z,สว่างอารมณ์,110,0.0,0.0,0.0,,,True
1790383500,2026-09-26T00:45:00Z,เมืองอุทัยธานี,59,0.0,0.0,0.0,,,True
1790383500,2026-09-26T00:45:00Z,ห้วยคต,94,0.056,0.413,0.2872,30,15,True
1790383500,2026-09-26T00:45:00Z,ศรีสวัสดิ์,440,0.013,0.489,0.0795,,15,True
1790383500,2026-09-26T00:45:00Z,บ้านไร่,821,0.036,0.848,0.1669,60,15,True
1790383500,2026-09-26T00:45:00Z,ลานสัก,360,0.008,0.592,0.0444,,15,True
1790383500,2026-09-26T00:45:00Z,หนองฉาง,89,0.016,0.288,0.0899,,15,True
1790383500,2026-09-26T00:45:00Z,หนองขาหย่าง,43,0.0,0.0,0.0,,,True
1790383500,2026-09-26T00:45:00Z,เชียงม่วน,82,0.0,0.0,0.0,,,True
1790383500,2026-09-26T00:45:00Z,ดอกคำใต้,37,0.0,0.0,0.0,,,True
1790383500,2026-09-26T00:45:00Z,เมืองพะเยา,6,0.0,0.0,0.0,,,True
1790383500,2026-09-26T00:45:00Z,ทองผาภูมิ,851,0.006,0.489,0.0306,,30,True
1790383500,2026-09-26T00:45:00Z,สังขละบุรี,793,0.0,0.0,0.0,,,True
1790383500,2026-09-26T00:45:00Z,หนองม่วงไข่,35,0.0,0.0,0.0,,,True
1790383500,2026-09-26T00:45:00Z,ภูเวียง,81,0.0,0.0,0.0,,,True
1790383500,2026-09-26T00:45:00Z,มัญจาคีรี,50,0.0,0.0,0.0,,,True
1790383500,2026-09-26T00:45:00Z,หนองปรือ,104,0.0,0.0,0.0,,,True
1790383500,2026-09-26T00:45:00Z,เลาขวัญ,123,0.0,0.0,0.0,,,True
1790383500,2026-09-26T00:45:00Z,หนองนาคำ,43,0.0,0.0,0.0,,,True
1790383500,2026-09-26T00:45:00Z,โคกโพธิ์ไชย,65,0.0,0.0,0.0,,,True
1790383500,2026-09-26T00:45:00Z,บ้านหลวง,91,0.0,0.0,0.0,,,True
1790383500,2026-09-26T00:45:00Z,นาน้อย,266,0.0,0.0,0.0,,,True
1790383500,2026-09-26T00:45:00Z,ภูผาม่าน,74,0.0,0.0,0.0,,,True
1790383500,2026-09-26T00:45:00Z,เมืองน่าน,161,0.0,0.0,0.0,,,True
1790383500,2026-09-26T00:45:00Z,แม่จริม,262,0.0,0.0,0.0,,,True
1790383500,2026-09-26T00:45:00Z,เวียงเก่า,78,0.0,0.0,0.0,,,True
1790383500,2026-09-26T00:45:00Z,เมืองกำแพงเพชร,368,0.0,0.0,0.0,,,True
1790383500,2026-09-26T00:45:00Z,ไทรงาม,133,0.0,0.0,0.0,,,True
1790383500,2026-09-26T00:45:00Z,ปางศิลาทอง,186,0.0,0.0,0.0,,,True
1790383500,2026-09-26T00:45:00Z,ลานกระบือ,103,0.0,0.0,0.0,,,True
1790383500,2026-09-26T00:45:00Z,ทรายทองวัฒนา,53,0.0,0.0,0.0,,,True
1790383500,2026-09-26T00:45:00Z,คลองขลุง,179,0.0,0.0,0.0,,,True
1790383500,2026-09-26T00:45:00Z,พรานกระต่าย,252,0.0,0.0,0.0,,,True
1790383500,2026-09-26T00:45:00Z,คลองลาน,363,0.0,0.0,0.0,,,True
1790383500,2026-09-26T00:45:00Z,ขาณุวรลักษบุรี,296,0.0,0.0,0.0,,,True
1790383500,2026-09-26T00:45:00Z,ภูเพียง,113,0.0,0.0,0.0,,,True
1790383500,2026-09-26T00:45:00Z,นาหมื่น,245,0.0,0.0,0.0,,,True
1790383500,2026-09-26T00:45:00Z,เวียงสา,543,0.0,0.0,0.0,,,True
1790383500,2026-09-26T00:45:00Z,น้ำโสม,153,0.0,0.0,0.0,,,True
1790383500,2026-09-26T00:45:00Z,นายูง,126,0.0,0.0,0.0,,,True
1790383500,2026-09-26T00:45:00Z,ชุมแพ,173,0.0,0.0,0.0,,,True
1790383500,2026-09-26T00:45:00Z,สีชมพู,132,0.0,0.0,0.0,,,True
1790383500,2026-09-26T00:45:00Z,สุวรรณคูหา,140,0.0,0.0,0.0,,,True
1790383500,2026-09-26T00:45:00Z,นาวัง,65,0.0,0.0,0.0,,,True
1790383500,2026-09-26T00:45:00Z,หนองเรือ,80,0.0,0.0,0.0,,,True
1790383500,2026-09-26T00:45:00Z,โนนสัง,51,0.0,0.0,0.0,,,True
1790383500,2026-09-26T00:45:00Z,ศรีบุญเรือง,224,0.0,0.0,0.0,,,True
1790383500,2026-09-26T00:45:00Z,เมืองหนองบัวลำภู,217,0.0,0.0,0.0,,,True
1790383500,2026-09-26T00:45:00Z,นากลาง,173,0.0,0.0,0.0,,,True
1790383500,2026-09-26T00:45:00Z,ทุ่งเสลี่ยม,144,0.0,0.0,0.0,,,True
1790383500,2026-09-26T00:45:00Z,ดอยหล่อ,56,0.0,0.0,0.0,,,True
1790383500,2026-09-26T00:45:00Z,เมืองตาก,486,0.0,0.0,0.0,,,True
1790383500,2026-09-26T00:45:00Z,แม่ออน,116,0.0,0.0,0.0,,,True
1790383500,2026-09-26T00:45:00Z,อุ้มผาง,1209,0.0,0.0,0.0,,,True
1790383500,2026-09-26T00:45:00Z,วังเจ้า,183,0.0,0.0,0.0,,,True
1790383500,2026-09-26T00:45:00Z,แม่สอด,398,0.0,0.0,0.0,,,True
1790383500,2026-09-26T00:45:00Z,พบพระ,249,0.0,0.0,0.0,,,True
1790383500,2026-09-26T00:45:00Z,แม่ระมาด,380,0.0,0.0,0.0,,,True
1790383500,2026-09-26T00:45:00Z,ท่าสองยาง,401,0.0,0.0,0.0,,,True
1790383500,2026-09-26T00:45:00Z,บ้านตาก,255,0.0,0.0,0.0,,,True
1790383500,2026-09-26T00:45:00Z,สามเงา,698,0.0,0.0,0.0,,,True
1790383500,2026-09-26T00:45:00Z,จอมทอง,280,0.0,0.0,0.0,,,True
1790383500,2026-09-26T00:45:00Z,แก้งสนามนาง,79,0.0,0.0,0.0,,,True
1790383500,2026-09-26T00:45:00Z,สีคิ้ว,292,0.0,0.0,0.0,,,True
1790383500,2026-09-26T00:45:00Z,พระทองคำ,90,0.0,0.0,0.0,,,True
1790383500,2026-09-26T00:45:00Z,เทพารักษ์,92,0.0,0.0,0.0,,,True
1790383500,2026-09-26T00:45:00Z,สันกำแพง,65,0.0,0.0,0.0,,,True
1790383500,2026-09-26T00:45:00Z,สันป่าตอง,44,0.0,0.0,0.0,,,True
1790383500,2026-09-26T00:45:00Z,ดอยเต่า,213,0.0,0.0,0.0,,,True
1790383500,2026-09-26T00:45:00Z,อมก๋อย,704,0.0,0.0,0.0,,,True
1790383500,2026-09-26T00:45:00Z,ฮอด,378,0.0,0.0,0.0,,,True
1790383500,2026-09-26T00:45:00Z,เมืองลำพูน,117,0.0,0.0,0.0,,,True
1790383500,2026-09-26T00:45:00Z,แม่ทา,192,0.0,0.0,0.0,,,True
1790383500,2026-09-26T00:45:00Z,บ้านธิ,34,0.0,0.0,0.0,,,True
1790383500,2026-09-26T00:45:00Z,บ้านหมอ,24,0.0,0.0,0.0,,,True
1790383500,2026-09-26T00:45:00Z,เวียงหนองล่อง,14,0.0,0.0,0.0,,,True
1790383500,2026-09-26T00:45:00Z,ทุ่งหัวช้าง,113,0.0,0.0,0.0,,,True
1790383500,2026-09-26T00:45:00Z,ป่าซาง,74,0.0,0.0,0.0,,,True
1790383500,2026-09-26T00:45:00Z,บ้านโฮ่ง,124,0.0,0.0,0.0,,,True
1790383500,2026-09-26T00:45:00Z,แก่งคอย,73,0.0,0.0,0.0,,,True
1790383500,2026-09-26T00:45:00Z,ลี้,454,0.0,0.0,0.0,,,True
1790383500,2026-09-26T00:45:00Z,พระพุทธบาท,55,0.0,0.0,0.0,,,True
1790383500,2026-09-26T00:45:00Z,ดอนพุด,7,0.0,0.0,0.0,,,True
1790383500,2026-09-26T00:45:00Z,หนองโดน,31,0.0,0.0,0.0,,,True
1790383500,2026-09-26T00:45:00Z,เมืองลำปาง,300,0.0,0.0,0.0,,,True
1790383500,2026-09-26T00:45:00Z,เถิน,443,0.0,0.0,0.0,,,True
1790383500,2026-09-26T00:45:00Z,แม่พริก,167,0.0,0.0,0.0,,,True
1790383500,2026-09-26T00:45:00Z,แจ้ห่ม,274,0.0,0.0,0.0,,,True
1790383500,2026-09-26T00:45:00Z,แม่เปิน,85,0.0,0.0,0.0,,,True
1790383500,2026-09-26T00:45:00Z,เสริมงาม,185,0.0,0.0,0.0,,,True
1790383500,2026-09-26T00:45:00Z,ชุมตาบง,61,0.0,0.0,0.0,,,True
1790383500,2026-09-26T00:45:00Z,งาว,344,0.0,0.0,0.0,,,True
1790383500,2026-09-26T00:45:00Z,ตากฟ้า,125,0.0,0.0,0.0,,,True
1790383500,2026-09-26T00:45:00Z,แม่เมาะ,283,0.0,0.0,0.0,,,True
1790383500,2026-09-26T00:45:00Z,แม่วงก์,257,0.0,0.0,0.0,,,True
1790383500,2026-09-26T00:45:00Z,เกาะคา,128,0.0,0.0,0.0,,,True
1790383500,2026-09-26T00:45:00Z,พยุหะคีรี,169,0.0,0.0,0.0,,,True
1790383500,2026-09-26T00:45:00Z,ลาดยาว,187,0.0,0.0,0.0,,,True
1790383500,2026-09-26T00:45:00Z,สบปราบ,125,0.0,0.0,0.0,,,True
1790383500,2026-09-26T00:45:00Z,ห้างฉัตร,154,0.0,0.0,0.0,,,True
1790383500,2026-09-26T00:45:00Z,แม่ทะ,203,0.0,0.0,0.0,,,True
1790383500,2026-09-26T00:45:00Z,เมืองปาน,202,0.0,0.0,0.0,,,True
1790383500,2026-09-26T00:45:00Z,เมืองอ่างทอง,6,0.0,0.0,0.0,,,True
1790383500,2026-09-26T00:45:00Z,ไชโย,20,0.0,0.0,0.0,,,True
1790383500,2026-09-26T00:45:00Z,สามโก้,10,0.0,0.0,0.0,,,True
1790383500,2026-09-26T00:45:00Z,แสวงหา,43,0.0,0.0,0.0,,,True
1790383500,2026-09-26T00:45:00Z,วิเศษชัยชาญ,7,0.0,0.0,0.0,,,True
1790383500,2026-09-26T00:45:00Z,โพธิ์ทอง,48,0.0,0.0,0.0,,,True
1790383500,2026-09-26T00:45:00Z,เมืองลพบุรี,190,0.0,0.0,0.0,,,True
1790383500,2026-09-26T00:45:00Z,เดิมบางนางบวช,130,0.0,0.0,0.0,,,True
1790383500,2026-09-26T00:45:00Z,ด่านช้าง,309,0.001,0.098,0.0065,,60,True
1790383500,2026-09-26T00:45:00Z,หนองม่วง,111,0.0,0.0,0.0,,,True
1790383500,2026-09-26T00:45:00Z,ลำสนธิ,136,0.0,0.0,0.0,,,True
1790383500,2026-09-26T00:45:00Z,สามชุก,77,0.005,0.098,0.0519,,15,True
1790383500,2026-09-26T00:45:00Z,ดอนเจดีย์,72,0.005,0.098,0.0556,,45,True
1790383500,2026-09-26T00:45:00Z,สระโบสถ์,83,0.0,0.0,0.0,,,True
1790383500,2026-09-26T00:45:00Z,ศรีประจันต์,41,0.0,0.0,0.0,,,True
1790383500,2026-09-26T00:45:00Z,โคกเจริญ,135,0.0,0.0,0.0,,,True
1790383500,2026-09-26T00:45:00Z,บ้านหมี่,136,0.0,0.0,0.0,,,True
1790383500,2026-09-26T00:45:00Z,ท่าหลวง,100,0.0,0.0,0.0,,,True
1790383500,2026-09-26T00:45:00Z,ชัยบาดาล,280,0.0,0.0,0.0,,,True
1790383500,2026-09-26T00:45:00Z,ท่าวุ้ง,64,0.0,0.0,0.0,,,True
1790383500,2026-09-26T00:45:00Z,พัฒนานิคม,217,0.0,0.0,0.0,,,True
1790383500,2026-09-26T00:45:00Z,โคกสำโรง,180,0.0,0.0,0.0,,,True
1790383500,2026-09-26T00:45:00Z,หนองหญ้าไซ,108,0.0,0.0,0.0,,,True
1790383500,2026-09-26T00:45:00Z,ท่าช้าง,11,0.0,0.0,0.0,,,True
1790383500,2026-09-26T00:45:00Z,อินทร์บุรี,66,0.0,0.0,0.0,,,True
1790383500,2026-09-26T00:45:00Z,ค่ายบางระจัน,26,0.0,0.0,0.0,,,True
1790383500,2026-09-26T00:45:00Z,พรหมบุรี,19,0.0,0.0,0.0,,,True
1790383500,2026-09-26T00:45:00Z,เนินสง่า,65,0.0,0.0,0.0,,,True
1790383500,2026-09-26T00:45:00Z,เมืองสิงห์บุรี,31,0.0,0.0,0.0,,,True
1790383500,2026-09-26T00:45:00Z,ซับใหญ่,72,0.0,0.0,0.0,,,True
1790383500,2026-09-26T00:45:00Z,บางระจัน,46,0.0,0.0,0.0,,,True
1790383500,2026-09-26T00:45:00Z,ภูกระดึง,190,0.0,0.0,0.0,,,True
1790383500,2026-09-26T00:45:00Z,ภูหลวง,145,0.0,0.0,0.0,,,True
1790383500,2026-09-26T00:45:00Z,หนองหิน,78,0.0,0.0,0.0,,,True
1790383500,2026-09-26T00:45:00Z,ผาขาว,100,0.0,0.0,0.0,,,True
1790383500,2026-09-26T00:45:00Z,เอราวัณ,87,0.0,0.0,0.0,,,True
1790383500,2026-09-26T00:45:00Z,วังสะพุง,281,0.0,0.0,0.0,,,True
1790383500,2026-09-26T00:45:00Z,วังม่วง,70,0.0,0.0,0.0,,,True
1790383500,2026-09-26T00:45:00Z,เฉลิมพระเกียรติ,35,0.0,0.0,0.0,,,True
1790383500,2026-09-26T00:45:00Z,มวกเหล็ก,175,0.0,0.0,0.0,,,True
1790383500,2026-09-26T00:45:00Z,บ้านเขว้า,124,0.0,0.0,0.0,,,True
1790383500,2026-09-26T00:45:00Z,คอนสวรรค์,113,0.0,0.0,0.0,,,True
1790383500,2026-09-26T00:45:00Z,เมืองชัยภูมิ,358,0.0,0.0,0.0,,,True
1790383500,2026-09-26T00:45:00Z,วังทอง,425,0.0,0.0,0.0,,,True
1790383500,2026-09-26T00:45:00Z,เนินมะปราง,276,0.0,0.0,0.0,,,True
1790383500,2026-09-26T00:45:00Z,สวรรคโลก,156,0.0,0.0,0.0,,,True
1790383500,2026-09-26T00:45:00Z,ศรีนคร,46,0.0,0.0,0.0,,,True
1790383500,2026-09-26T00:45:00Z,หันคา,139,0.001,0.098,0.0072,,45,True
1790383500,2026-09-26T00:45:00Z,ศรีสัชนาลัย,534,0.0,0.0,0.0,,,True
1790383500,2026-09-26T00:45:00Z,หนองมะโมง,76,0.0,0.0,0.0,,,True
1790383500,2026-09-26T00:45:00Z,ศรีสำโรง,142,0.0,0.0,0.0,,,True
1790383500,2026-09-26T00:45:00Z,สรรพยา,55,0.0,0.0,0.0,,,True
1790383500,2026-09-26T00:45:00Z,คีรีมาศ,171,0.0,0.0,0.0,,,True
1790383500,2026-09-26T00:45:00Z,สรรคบุรี,89,0.0,0.0,0.0,,,True
1790383500,2026-09-26T00:45:00Z,กงไกรลาศ,108,0.0,0.0,0.0,,,True
1790383500,2026-09-26T00:45:00Z,มโนรมย์,66,0.0,0.0,0.0,,,True
1790383500,2026-09-26T00:45:00Z,เมืองสุโขทัย,136,0.0,0.0,0.0,,,True
1790383500,2026-09-26T00:45:00Z,วัดสิงห์,67,0.0,0.0,0.0,,,True
1790383500,2026-09-26T00:45:00Z,บ้านด่านลานหอย,231,0.0,0.0,0.0,,,True
1790383500,2026-09-26T00:45:00Z,เมืองชัยนาท,70,0.0,0.0,0.0,,,True
1790383500,2026-09-26T00:45:00Z,เนินขาม,65,0.0,0.0,0.0,,,True
1790383500,2026-09-26T00:45:00Z,คอนสาร,334,0.0,0.0,0.0,,,True
1790383500,2026-09-26T00:45:00Z,ภักดีชุมพล,154,0.0,0.0,0.0,,,True
1790383500,2026-09-26T00:45:00Z,บ้านแท่น,76,0.0,0.0,0.0,,,True
1790383500,2026-09-26T00:45:00Z,แก้งคร้อ,168,0.0,0.0,0.0,,,True
1790383500,2026-09-26T00:45:00Z,ภูเขียว,201,0.0,0.0,0.0,,,True
1790383500,2026-09-26T00:45:00Z,หนองบัวระเหว,179,0.0,0.0,0.0,,,True
1790383500,2026-09-26T00:45:00Z,เทพสถิต,239,0.0,0.0,0.0,,,True
1790383500,2026-09-26T00:45:00Z,จัตุรัส,172,0.0,0.0,0.0,,,True
1790383500,2026-09-26T00:45:00Z,บำเหน็จณรงค์,120,0.0,0.0,0.0,,,True
1790383500,2026-09-26T00:45:00Z,เกษตรสมบูรณ์,268,0.0,0.0,0.0,,,True
1790383500,2026-09-26T00:45:00Z,หนองบัวแดง,537,0.0,0.0,0.0,,,True
1790383500,2026-09-26T00:45:00Z,ภูเรือ,168,0.0,0.0,0.0,,,True
1790383500,2026-09-26T00:45:00Z,ท่าลี่,171,0.0,0.0,0.0,,,True
1790383500,2026-09-26T00:45:00Z,วชิรบารมี,68,0.0,0.0,0.0,,,True
1790383500,2026-09-26T00:45:00Z,ด่านซ้าย,341,0.0,0.0,0.0,,,True
1790383500,2026-09-26T00:45:00Z,นาแห้ว,153,0.0,0.0,0.0,,,True
1790383500,2026-09-26T00:45:00Z,บึงนาราง,74,0.0,0.0,0.0,,,True
1790383500,2026-09-26T00:45:00Z,เชียงคาน,213,0.0,0.0,0.0,,,True
1790383500,2026-09-26T00:45:00Z,ดงเจริญ,56,0.0,0.0,0.0,,,True
1790383500,2026-09-26T00:45:00Z,ปากชม,240,0.0,0.0,0.0,,,True
1790383500,2026-09-26T00:45:00Z,เมืองเลย,314,0.0,0.0,0.0,,,True
1790383500,2026-09-26T00:45:00Z,นาด้วง,143,0.0,0.0,0.0,,,True
1790383500,2026-09-26T00:45:00Z,สากเหล็ก,45,0.0,0.0,0.0,,,True
1790383500,2026-09-26T00:45:00Z,สามง่าม,89,0.0,0.0,0.0,,,True
1790383500,2026-09-26T00:45:00Z,ทับคล้อ,104,0.0,0.0,0.0,,,True
1790383500,2026-09-26T00:45:00Z,พรหมพิราม,206,0.0,0.0,0.0,,,True
1790383500,2026-09-26T00:45:00Z,ด่านขุนทด,344,0.0,0.0,0.0,,,True
1790383500,2026-09-26T00:45:00Z,วัดโบสถ์,226,0.0,0.0,0.0,,,True
1790383500,2026-09-26T00:45:00Z,บางระกำ,246,0.0,0.0,0.0,,,True
1790383500,2026-09-26T00:45:00Z,บางกระทุ่ม,91,0.0,0.0,0.0,,,True
1790383500,2026-09-26T00:45:00Z,นครไทย,597,0.0,0.0,0.0,,,True
1790383500,2026-09-26T00:45:00Z,ชาติตระการ,415,0.0,0.0,0.0,,,True
1790383500,2026-09-26T00:45:00Z,บ้านเหลื่อม,55,0.0,0.0,0.0,,,True
1790383500,2026-09-26T00:45:00Z,เมืองพิษณุโลก,178,0.0,0.0,0.0,,,True
1790383500,2026-09-26T00:45:00Z,ชุมแสง,145,0.0,0.0,0.0,,,True
1790383500,2026-09-26T00:45:00Z,หนองบัว,208,0.0,0.098,0.0048,,45,True
1790383500,2026-09-26T00:45:00Z,เมืองนครสวรรค์,183,0.0,0.0,0.0,,,True
1790383500,2026-09-26T00:45:00Z,โกรกพระ,71,0.0,0.0,0.0,,,True
1790383500,2026-09-26T00:45:00Z,ไพศาลี,244,0.0,0.0,0.0,,,True
1790383500,2026-09-26T00:45:00Z,ตาคลี,206,0.0,0.0,0.0,,,True
1790383500,2026-09-26T00:45:00Z,ท่าตะโก,211,0.0,0.098,0.0047,,105,True
1790383500,2026-09-26T00:45:00Z,เขาค้อ,207,0.0,0.0,0.0,,,True
1790383500,2026-09-26T00:45:00Z,บรรพตพิสัย,181,0.0,0.0,0.0,,,True
1790383500,2026-09-26T00:45:00Z,เก้าเลี้ยว,57,0.0,0.0,0.0,,,True
1790383500,2026-09-26T00:45:00Z,วังโป่ง,123,0.0,0.0,0.0,,,True
1790383500,2026-09-26T00:45:00Z,บึงสามพัน,194,0.0,0.0,0.0,,,True
1790383500,2026-09-26T00:45:00Z,น้ำหนาว,231,0.0,0.0,0.0,,,True
1790383500,2026-09-26T00:45:00Z,ศรีเทพ,204,0.0,0.0,0.0,,,True
1790383500,2026-09-26T00:45:00Z,หนองไผ่,315,0.0,0.0,0.0,,,True
1790383500,2026-09-26T00:45:00Z,มหาราช,4,0.0,0.0,0.0,,,False
1790383500,2026-09-26T00:45:00Z,บ้านแพรก,10,0.0,0.0,0.0,,,True
1790383500,2026-09-26T00:45:00Z,บางมูลนาก,99,0.0,0.0,0.0,,,True
1790383500,2026-09-26T00:45:00Z,โพทะเล,131,0.0,0.0,0.0,,,True
1790383500,2026-09-26T00:45:00Z,โพธิ์ประทับช้าง,102,0.0,0.0,0.0,,,True
1790383500,2026-09-26T00:45:00Z,ตะพานหิน,109,0.0,0.0,0.0,,,True
1790383500,2026-09-26T00:45:00Z,เมืองพิจิตร,138,0.0,0.0,0.0,,,True
1790383500,2026-09-26T00:45:00Z,วังทรายพูน,66,0.0,0.0,0.0,,,True
1790384400,2026-09-26T01:00:00Z,พิชัย,176,0.0,0.0,0.0,,,True
1790384400,2026-09-26T01:00:00Z,ลับแล,116,0.0,0.0,0.0,,,True
1790384400,2026-09-26T01:00:00Z,ฟากท่า,163,0.0,0.0,0.0,,,True
1790384400,2026-09-26T01:00:00Z,บ้านโคก,247,0.0,0.0,0.0,,,True
1790384400,2026-09-26T01:00:00Z,ท่าปลา,442,0.0,0.0,0.0,,,True
1790384400,2026-09-26T01:00:00Z,น้ำปาด,363,0.0,0.0,0.0,,,True
1790384400,2026-09-26T01:00:00Z,เมืองอุตรดิตถ์,202,0.0,0.0,0.0,,,True
1790384400,2026-09-26T01:00:00Z,ตรอน,80,0.0,0.0,0.0,,,True
1790384400,2026-09-26T01:00:00Z,หล่มเก่า,246,0.0,0.0,0.0,,,True
1790384400,2026-09-26T01:00:00Z,วิเชียรบุรี,377,0.0,0.0,0.0,,,True
1790384400,2026-09-26T01:00:00Z,ชนแดน,279,0.0,0.0,0.0,,,True
1790384400,2026-09-26T01:00:00Z,หล่มสัก,350,0.0,0.0,0.0,,,True
1790384400,2026-09-26T01:00:00Z,เมืองเพชรบูรณ์,571,0.0,0.0,0.0,,,True
1790384400,2026-09-26T01:00:00Z,ทองแสนขัน,185,0.0,0.0,0.0,,,True
1790384400,2026-09-26T01:00:00Z,บึงสามัคคี,71,0.0,0.0,0.0,,,True
1790384400,2026-09-26T01:00:00Z,โกสัมพีนคร,137,0.0,0.0,0.0,,,True
1790384400,2026-09-26T01:00:00Z,สอง,380,0.0,0.0,0.0,,,True
1790384400,2026-09-26T01:00:00Z,วังชิ้น,255,0.0,0.0,0.0,,,True
1790384400,2026-09-26T01:00:00Z,สูงเม่น,88,0.0,0.0,0.0,,,True
1790384400,2026-09-26T01:00:00Z,เด่นชัย,135,0.0,0.0,0.0,,,True
1790384400,2026-09-26T01:00:00Z,ร้องกวาง,221,0.0,0.0,0.0,,,True
1790384400,2026-09-26T01:00:00Z,ลอง,317,0.0,0.0,0.0,,,True
1790384400,2026-09-26T01:00:00Z,เมืองแพร่,205,0.0,0.0,0.0,,,True
1790384400,2026-09-26T01:00:00Z,ทัพทัน,94,0.0,0.0,0.0,,,True
1790384400,2026-09-26T01:00:00Z,สว่างอารมณ์,110,0.001,0.098,0.0091,,15,True
1790384400,2026-09-26T01:00:00Z,เมืองอุทัยธานี,59,0.0,0.0,0.0,,,True
1790384400,2026-09-26T01:00:00Z,ห้วยคต,94,0.02,0.201,0.1702,30,15,True
1790384400,2026-09-26T01:00:00Z,ศรีสวัสดิ์,440,0.001,0.098,0.0114,,75,True
1790384400,2026-09-26T01:00:00Z,บ้านไร่,821,0.011,0.201,0.0987,,15,True
1790384400,2026-09-26T01:00:00Z,ลานสัก,360,0.005,0.098,0.0528,,15,True
1790384400,2026-09-26T01:00:00Z,หนองฉาง,89,0.0,0.0,0.0,,,True
1790384400,2026-09-26T01:00:00Z,หนองขาหย่าง,43,0.0,0.0,0.0,,,True
1790384400,2026-09-26T01:00:00Z,เชียงม่วน,82,0.0,0.0,0.0,,,True
1790384400,2026-09-26T01:00:00Z,ดอกคำใต้,37,0.0,0.0,0.0,,,True
1790384400,2026-09-26T01:00:00Z,เมืองพะเยา,6,0.0,0.0,0.0,,,True
1790384400,2026-09-26T01:00:00Z,ทองผาภูมิ,851,0.002,0.201,0.0153,,30,True
1790384400,2026-09-26T01:00:00Z,สังขละบุรี,793,0.0,0.0,0.0,,,True
1790384400,2026-09-26T01:00:00Z,หนองม่วงไข่,35,0.0,0.0,0.0,,,True
1790384400,2026-09-26T01:00:00Z,ภูเวียง,81,0.0,0.0,0.0,,,True
1790384400,2026-09-26T01:00:00Z,มัญจาคีรี,50,0.0,0.0,0.0,,,True
1790384400,2026-09-26T01:00:00Z,หนองปรือ,104,0.0,0.0,0.0,,,True
1790384400,2026-09-26T01:00:00Z,เลาขวัญ,123,0.001,0.098,0.0081,,105,True
1790384400,2026-09-26T01:00:00Z,หนองนาคำ,43,0.0,0.0,0.0,,,True
1790384400,2026-09-26T01:00:00Z,โคกโพธิ์ไชย,65,0.0,0.0,0.0,,,True
1790384400,2026-09-26T01:00:00Z,บ้านหลวง,91,0.0,0.0,0.0,,,True
1790384400,2026-09-26T01:00:00Z,นาน้อย,266,0.0,0.0,0.0,,,True
1790384400,2026-09-26T01:00:00Z,ภูผาม่าน,74,0.0,0.0,0.0,,,True
1790384400,2026-09-26T01:00:00Z,เมืองน่าน,161,0.0,0.0,0.0,,,True
1790384400,2026-09-26T01:00:00Z,แม่จริม,262,0.0,0.0,0.0,,,True
1790384400,2026-09-26T01:00:00Z,เวียงเก่า,78,0.0,0.0,0.0,,,True
1790384400,2026-09-26T01:00:00Z,เมืองกำแพงเพชร,368,0.0,0.0,0.0,,,True
1790384400,2026-09-26T01:00:00Z,ไทรงาม,133,0.0,0.0,0.0,,,True
1790384400,2026-09-26T01:00:00Z,ปางศิลาทอง,186,0.0,0.0,0.0,,,True
1790384400,2026-09-26T01:00:00Z,ลานกระบือ,103,0.0,0.0,0.0,,,True
1790384400,2026-09-26T01:00:00Z,ทรายทองวัฒนา,53,0.0,0.0,0.0,,,True
1790384400,2026-09-26T01:00:00Z,คลองขลุง,179,0.0,0.0,0.0,,,True
1790384400,2026-09-26T01:00:00Z,พรานกระต่าย,252,0.0,0.0,0.0,,,True
1790384400,2026-09-26T01:00:00Z,คลองลาน,363,0.0,0.0,0.0,,,True
1790384400,2026-09-26T01:00:00Z,ขาณุวรลักษบุรี,296,0.0,0.0,0.0,,,True
1790384400,2026-09-26T01:00:00Z,ภูเพียง,113,0.0,0.0,0.0,,,True
1790384400,2026-09-26T01:00:00Z,นาหมื่น,245,0.0,0.0,0.0,,,True
1790384400,2026-09-26T01:00:00Z,เวียงสา,543,0.0,0.0,0.0,,,True
1790384400,2026-09-26T01:00:00Z,น้ำโสม,153,0.0,0.0,0.0,,,True
1790384400,2026-09-26T01:00:00Z,นายูง,126,0.0,0.0,0.0,,,True
1790384400,2026-09-26T01:00:00Z,ชุมแพ,173,0.0,0.0,0.0,,,True
1790384400,2026-09-26T01:00:00Z,สีชมพู,132,0.0,0.0,0.0,,,True
1790384400,2026-09-26T01:00:00Z,สุวรรณคูหา,140,0.0,0.0,0.0,,,True
1790384400,2026-09-26T01:00:00Z,นาวัง,65,0.0,0.0,0.0,,,True
1790384400,2026-09-26T01:00:00Z,หนองเรือ,80,0.0,0.0,0.0,,,True
1790384400,2026-09-26T01:00:00Z,โนนสัง,51,0.0,0.0,0.0,,,True
1790384400,2026-09-26T01:00:00Z,ศรีบุญเรือง,224,0.0,0.0,0.0,,,True
1790384400,2026-09-26T01:00:00Z,เมืองหนองบัวลำภู,217,0.0,0.0,0.0,,,True
1790384400,2026-09-26T01:00:00Z,นากลาง,173,0.0,0.0,0.0,,,True
1790384400,2026-09-26T01:00:00Z,ทุ่งเสลี่ยม,144,0.0,0.0,0.0,,,True
1790384400,2026-09-26T01:00:00Z,ดอยหล่อ,56,0.0,0.0,0.0,,,True
1790384400,2026-09-26T01:00:00Z,เมืองตาก,486,0.0,0.0,0.0,,,True
1790384400,2026-09-26T01:00:00Z,แม่ออน,116,0.0,0.0,0.0,,,True
1790384400,2026-09-26T01:00:00Z,อุ้มผาง,1209,0.0,0.0,0.0,,,True
1790384400,2026-09-26T01:00:00Z,วังเจ้า,183,0.0,0.0,0.0,,,True
1790384400,2026-09-26T01:00:00Z,แม่สอด,398,0.0,0.0,0.0,,,True
1790384400,2026-09-26T01:00:00Z,พบพระ,249,0.0,0.0,0.0,,,True
1790384400,2026-09-26T01:00:00Z,แม่ระมาด,380,0.0,0.0,0.0,,,True
1790384400,2026-09-26T01:00:00Z,ท่าสองยาง,401,0.0,0.0,0.0,,,True
1790384400,2026-09-26T01:00:00Z,บ้านตาก,255,0.0,0.0,0.0,,,True
1790384400,2026-09-26T01:00:00Z,สามเงา,698,0.0,0.0,0.0,,,True
1790384400,2026-09-26T01:00:00Z,จอมทอง,280,0.0,0.0,0.0,,,True
1790384400,2026-09-26T01:00:00Z,แก้งสนามนาง,79,0.0,0.0,0.0,,,True
1790384400,2026-09-26T01:00:00Z,สีคิ้ว,292,0.0,0.0,0.0,,,True
1790384400,2026-09-26T01:00:00Z,พระทองคำ,90,0.0,0.0,0.0,,,True
1790384400,2026-09-26T01:00:00Z,เทพารักษ์,92,0.0,0.0,0.0,,,True
1790384400,2026-09-26T01:00:00Z,สันกำแพง,65,0.0,0.0,0.0,,,True
1790384400,2026-09-26T01:00:00Z,สันป่าตอง,44,0.0,0.0,0.0,,,True
1790384400,2026-09-26T01:00:00Z,ดอยเต่า,213,0.0,0.0,0.0,,,True
1790384400,2026-09-26T01:00:00Z,อมก๋อย,704,0.0,0.0,0.0,,,True
1790384400,2026-09-26T01:00:00Z,ฮอด,378,0.0,0.0,0.0,,,True
1790384400,2026-09-26T01:00:00Z,เมืองลำพูน,117,0.0,0.0,0.0,,,True
1790384400,2026-09-26T01:00:00Z,แม่ทา,192,0.0,0.0,0.0,,,True
1790384400,2026-09-26T01:00:00Z,บ้านธิ,34,0.0,0.0,0.0,,,True
1790384400,2026-09-26T01:00:00Z,บ้านหมอ,24,0.0,0.0,0.0,,,True
1790384400,2026-09-26T01:00:00Z,เวียงหนองล่อง,14,0.0,0.0,0.0,,,True
1790384400,2026-09-26T01:00:00Z,ทุ่งหัวช้าง,113,0.0,0.0,0.0,,,True
1790384400,2026-09-26T01:00:00Z,ป่าซาง,74,0.0,0.0,0.0,,,True
1790384400,2026-09-26T01:00:00Z,บ้านโฮ่ง,124,0.0,0.0,0.0,,,True
1790384400,2026-09-26T01:00:00Z,แก่งคอย,73,0.0,0.0,0.0,,,True
1790384400,2026-09-26T01:00:00Z,ลี้,454,0.0,0.0,0.0,,,True
1790384400,2026-09-26T01:00:00Z,พระพุทธบาท,55,0.0,0.0,0.0,,,True
1790384400,2026-09-26T01:00:00Z,ดอนพุด,7,0.0,0.0,0.0,,,True
1790384400,2026-09-26T01:00:00Z,หนองโดน,31,0.0,0.0,0.0,,,True
1790384400,2026-09-26T01:00:00Z,เมืองลำปาง,300,0.003,0.201,0.03,,90,True
1790384400,2026-09-26T01:00:00Z,เถิน,443,0.0,0.0,0.0,,,True
1790384400,2026-09-26T01:00:00Z,แม่พริก,167,0.0,0.0,0.0,,,True
1790384400,2026-09-26T01:00:00Z,แจ้ห่ม,274,0.006,0.201,0.0547,,45,True
1790384400,2026-09-26T01:00:00Z,แม่เปิน,85,0.0,0.0,0.0,,,True
1790384400,2026-09-26T01:00:00Z,เสริมงาม,185,0.0,0.0,0.0,,,True
1790384400,2026-09-26T01:00:00Z,ชุมตาบง,61,0.0,0.0,0.0,,,True
1790384400,2026-09-26T01:00:00Z,งาว,344,0.003,0.201,0.0233,,15,True
1790384400,2026-09-26T01:00:00Z,ตากฟ้า,125,0.0,0.0,0.0,,,True
1790384400,2026-09-26T01:00:00Z,แม่เมาะ,283,0.0,0.0,0.0,,,True
1790384400,2026-09-26T01:00:00Z,แม่วงก์,257,0.0,0.0,0.0,,,True
1790384400,2026-09-26T01:00:00Z,เกาะคา,128,0.0,0.0,0.0,,,True
1790384400,2026-09-26T01:00:00Z,พยุหะคีรี,169,0.0,0.0,0.0,,,True
1790384400,2026-09-26T01:00:00Z,ลาดยาว,187,0.0,0.0,0.0,,,True
1790384400,2026-09-26T01:00:00Z,สบปราบ,125,0.0,0.0,0.0,,,True
1790384400,2026-09-26T01:00:00Z,ห้างฉัตร,154,0.006,0.201,0.0455,,120,True
1790384400,2026-09-26T01:00:00Z,แม่ทะ,203,0.0,0.0,0.0,,,True
1790384400,2026-09-26T01:00:00Z,เมืองปาน,202,0.001,0.098,0.0099,,90,True
1790384400,2026-09-26T01:00:00Z,เมืองอ่างทอง,6,0.0,0.0,0.0,,,True
1790384400,2026-09-26T01:00:00Z,ไชโย,20,0.0,0.0,0.0,,,True
1790384400,2026-09-26T01:00:00Z,สามโก้,10,0.0,0.0,0.0,,,True
1790384400,2026-09-26T01:00:00Z,แสวงหา,43,0.0,0.0,0.0,,,True
1790384400,2026-09-26T01:00:00Z,วิเศษชัยชาญ,7,0.0,0.0,0.0,,,True
1790384400,2026-09-26T01:00:00Z,โพธิ์ทอง,48,0.0,0.0,0.0,,,True
1790384400,2026-09-26T01:00:00Z,เมืองลพบุรี,190,0.0,0.0,0.0,,,True
1790384400,2026-09-26T01:00:00Z,เดิมบางนางบวช,130,0.001,0.098,0.0077,,45,True
1790384400,2026-09-26T01:00:00Z,ด่านช้าง,309,0.0,0.098,0.0032,,75,True
1790384400,2026-09-26T01:00:00Z,หนองม่วง,111,0.0,0.0,0.0,,,True
1790384400,2026-09-26T01:00:00Z,ลำสนธิ,136,0.0,0.0,0.0,,,True
1790384400,2026-09-26T01:00:00Z,สามชุก,77,0.0,0.0,0.0,,,True
1790384400,2026-09-26T01:00:00Z,ดอนเจดีย์,72,0.0,0.0,0.0,,,True
1790384400,2026-09-26T01:00:00Z,สระโบสถ์,83,0.0,0.0,0.0,,,True
1790384400,2026-09-26T01:00:00Z,ศรีประจันต์,41,0.0,0.0,0.0,,,True
1790384400,2026-09-26T01:00:00Z,โคกเจริญ,135,0.0,0.0,0.0,,,True
1790384400,2026-09-26T01:00:00Z,บ้านหมี่,136,0.0,0.0,0.0,,,True
1790384400,2026-09-26T01:00:00Z,ท่าหลวง,100,0.0,0.0,0.0,,,True
1790384400,2026-09-26T01:00:00Z,ชัยบาดาล,280,0.0,0.0,0.0,,,True
1790384400,2026-09-26T01:00:00Z,ท่าวุ้ง,64,0.0,0.0,0.0,,,True
1790384400,2026-09-26T01:00:00Z,พัฒนานิคม,217,0.0,0.0,0.0,,,True
1790384400,2026-09-26T01:00:00Z,โคกสำโรง,180,0.0,0.0,0.0,,,True
1790384400,2026-09-26T01:00:00Z,หนองหญ้าไซ,108,0.003,0.098,0.0278,,75,True
1790384400,2026-09-26T01:00:00Z,ท่าช้าง,11,0.0,0.0,0.0,,,True
1790384400,2026-09-26T01:00:00Z,อินทร์บุรี,66,0.0,0.0,0.0,,,True
1790384400,2026-09-26T01:00:00Z,ค่ายบางระจัน,26,0.0,0.0,0.0,,,True
1790384400,2026-09-26T01:00:00Z,พรหมบุรี,19,0.0,0.0,0.0,,,True
1790384400,2026-09-26T01:00:00Z,เนินสง่า,65,0.0,0.0,0.0,,,True
1790384400,2026-09-26T01:00:00Z,เมืองสิงห์บุรี,31,0.0,0.0,0.0,,,True
1790384400,2026-09-26T01:00:00Z,ซับใหญ่,72,0.0,0.0,0.0,,,True
1790384400,2026-09-26T01:00:00Z,บางระจัน,46,0.0,0.0,0.0,,,True
1790384400,2026-09-26T01:00:00Z,ภูกระดึง,190,0.0,0.0,0.0,,,True
1790384400,2026-09-26T01:00:00Z,ภูหลวง,145,0.0,0.0,0.0,,,True
1790384400,2026-09-26T01:00:00Z,หนองหิน,78,0.0,0.0,0.0,,,True
1790384400,2026-09-26T01:00:00Z,ผาขาว,100,0.0,0.0,0.0,,,True
1790384400,2026-09-26T01:00:00Z,เอราวัณ,87,0.0,0.0,0.0,,,True
1790384400,2026-09-26T01:00:00Z,วังสะพุง,281,0.0,0.0,0.0,,,True
1790384400,2026-09-26T01:00:00Z,วังม่วง,70,0.0,0.0,0.0,,,True
1790384400,2026-09-26T01:00:00Z,เฉลิมพระเกียรติ,35,0.0,0.0,0.0,,,True
1790384400,2026-09-26T01:00:00Z,มวกเหล็ก,175,0.0,0.0,0.0,,,True
1790384400,2026-09-26T01:00:00Z,บ้านเขว้า,124,0.0,0.0,0.0,,,True
1790384400,2026-09-26T01:00:00Z,คอนสวรรค์,113,0.0,0.0,0.0,,,True
1790384400,2026-09-26T01:00:00Z,เมืองชัยภูมิ,358,0.0,0.0,0.0,,,True
1790384400,2026-09-26T01:00:00Z,วังทอง,425,0.0,0.0,0.0,,,True
1790384400,2026-09-26T01:00:00Z,เนินมะปราง,276,0.0,0.0,0.0,,,True
1790384400,2026-09-26T01:00:00Z,สวรรคโลก,156,0.0,0.0,0.0,,,True
1790384400,2026-09-26T01:00:00Z,ศรีนคร,46,0.0,0.0,0.0,,,True
1790384400,2026-09-26T01:00:00Z,หันคา,139,0.0,0.0,0.0,,,True
1790384400,2026-09-26T01:00:00Z,ศรีสัชนาลัย,534,0.0,0.0,0.0,,,True
1790384400,2026-09-26T01:00:00Z,หนองมะโมง,76,0.0,0.0,0.0,,,True
1790384400,2026-09-26T01:00:00Z,ศรีสำโรง,142,0.0,0.0,0.0,,,True
1790384400,2026-09-26T01:00:00Z,สรรพยา,55,0.0,0.0,0.0,,,True
1790384400,2026-09-26T01:00:00Z,คีรีมาศ,171,0.0,0.0,0.0,,,True
1790384400,2026-09-26T01:00:00Z,สรรคบุรี,89,0.001,0.098,0.0112,,15,True
1790384400,2026-09-26T01:00:00Z,กงไกรลาศ,108,0.0,0.0,0.0,,,True
1790384400,2026-09-26T01:00:00Z,มโนรมย์,66,0.0,0.0,0.0,,,True
1790384400,2026-09-26T01:00:00Z,เมืองสุโขทัย,136,0.0,0.0,0.0,,,True
1790384400,2026-09-26T01:00:00Z,วัดสิงห์,67,0.0,0.0,0.0,,,True
1790384400,2026-09-26T01:00:00Z,บ้านด่านลานหอย,231,0.0,0.0,0.0,,,True
1790384400,2026-09-26T01:00:00Z,เมืองชัยนาท,70,0.0,0.0,0.0,,,True
1790384400,2026-09-26T01:00:00Z,เนินขาม,65,0.0,0.0,0.0,,,True
1790384400,2026-09-26T01:00:00Z,คอนสาร,334,0.0,0.0,0.0,,,True
1790384400,2026-09-26T01:00:00Z,ภักดีชุมพล,154,0.0,0.0,0.0,,,True
1790384400,2026-09-26T01:00:00Z,บ้านแท่น,76,0.0,0.0,0.0,,,True
1790384400,2026-09-26T01:00:00Z,แก้งคร้อ,168,0.0,0.0,0.0,,,True
1790384400,2026-09-26T01:00:00Z,ภูเขียว,201,0.0,0.0,0.0,,,True
1790384400,2026-09-26T01:00:00Z,หนองบัวระเหว,179,0.0,0.0,0.0,,,True
1790384400,2026-09-26T01:00:00Z,เทพสถิต,239,0.0,0.0,0.0,,,True
1790384400,2026-09-26T01:00:00Z,จัตุรัส,172,0.0,0.0,0.0,,,True
1790384400,2026-09-26T01:00:00Z,บำเหน็จณรงค์,120,0.0,0.0,0.0,,,True
1790384400,2026-09-26T01:00:00Z,เกษตรสมบูรณ์,268,0.0,0.0,0.0,,,True
1790384400,2026-09-26T01:00:00Z,หนองบัวแดง,537,0.0,0.0,0.0,,,True
1790384400,2026-09-26T01:00:00Z,ภูเรือ,168,0.0,0.0,0.0,,,True
1790384400,2026-09-26T01:00:00Z,ท่าลี่,171,0.0,0.0,0.0,,,True
1790384400,2026-09-26T01:00:00Z,วชิรบารมี,68,0.0,0.0,0.0,,,True
1790384400,2026-09-26T01:00:00Z,ด่านซ้าย,341,0.0,0.0,0.0,,,True
1790384400,2026-09-26T01:00:00Z,นาแห้ว,153,0.0,0.0,0.0,,,True
1790384400,2026-09-26T01:00:00Z,บึงนาราง,74,0.0,0.0,0.0,,,True
1790384400,2026-09-26T01:00:00Z,เชียงคาน,213,0.0,0.0,0.0,,,True
1790384400,2026-09-26T01:00:00Z,ดงเจริญ,56,0.0,0.0,0.0,,,True
1790384400,2026-09-26T01:00:00Z,ปากชม,240,0.0,0.0,0.0,,,True
1790384400,2026-09-26T01:00:00Z,เมืองเลย,314,0.0,0.0,0.0,,,True
1790384400,2026-09-26T01:00:00Z,นาด้วง,143,0.0,0.0,0.0,,,True
1790384400,2026-09-26T01:00:00Z,สากเหล็ก,45,0.0,0.0,0.0,,,True
1790384400,2026-09-26T01:00:00Z,สามง่าม,89,0.0,0.0,0.0,,,True
1790384400,2026-09-26T01:00:00Z,ทับคล้อ,104,0.0,0.0,0.0,,,True
1790384400,2026-09-26T01:00:00Z,พรหมพิราม,206,0.0,0.0,0.0,,,True
1790384400,2026-09-26T01:00:00Z,ด่านขุนทด,344,0.0,0.0,0.0,,,True
1790384400,2026-09-26T01:00:00Z,วัดโบสถ์,226,0.0,0.0,0.0,,,True
1790384400,2026-09-26T01:00:00Z,บางระกำ,246,0.0,0.0,0.0,,,True
1790384400,2026-09-26T01:00:00Z,บางกระทุ่ม,91,0.0,0.0,0.0,,,True
1790384400,2026-09-26T01:00:00Z,นครไทย,597,0.0,0.0,0.0,,,True
1790384400,2026-09-26T01:00:00Z,ชาติตระการ,415,0.0,0.0,0.0,,,True
1790384400,2026-09-26T01:00:00Z,บ้านเหลื่อม,55,0.0,0.0,0.0,,,True
1790384400,2026-09-26T01:00:00Z,เมืองพิษณุโลก,178,0.0,0.0,0.0,,,True
1790384400,2026-09-26T01:00:00Z,ชุมแสง,145,0.0,0.0,0.0,,,True
1790384400,2026-09-26T01:00:00Z,หนองบัว,208,0.0,0.0,0.0,,,True
1790384400,2026-09-26T01:00:00Z,เมืองนครสวรรค์,183,0.0,0.0,0.0,,,True
1790384400,2026-09-26T01:00:00Z,โกรกพระ,71,0.0,0.0,0.0,,,True
1790384400,2026-09-26T01:00:00Z,ไพศาลี,244,0.0,0.0,0.0,,,True
1790384400,2026-09-26T01:00:00Z,ตาคลี,206,0.0,0.0,0.0,,,True
1790384400,2026-09-26T01:00:00Z,ท่าตะโก,211,0.0,0.0,0.0,,,True
1790384400,2026-09-26T01:00:00Z,เขาค้อ,207,0.0,0.0,0.0,,,True
1790384400,2026-09-26T01:00:00Z,บรรพตพิสัย,181,0.0,0.0,0.0,,,True
1790384400,2026-09-26T01:00:00Z,เก้าเลี้ยว,57,0.0,0.0,0.0,,,True
1790384400,2026-09-26T01:00:00Z,วังโป่ง,123,0.0,0.0,0.0,,,True
1790384400,2026-09-26T01:00:00Z,บึงสามพัน,194,0.0,0.0,0.0,,,True
1790384400,2026-09-26T01:00:00Z,น้ำหนาว,231,0.0,0.0,0.0,,,True
1790384400,2026-09-26T01:00:00Z,ศรีเทพ,204,0.0,0.0,0.0,,,True
1790384400,2026-09-26T01:00:00Z,หนองไผ่,315,0.0,0.0,0.0,,,True
1790384400,2026-09-26T01:00:00Z,มหาราช,4,0.0,0.0,0.0,,,False
1790384400,2026-09-26T01:00:00Z,บ้านแพรก,10,0.0,0.0,0.0,,,True
1790384400,2026-09-26T01:00:00Z,บางมูลนาก,99,0.0,0.0,0.0,,,True
1790384400,2026-09-26T01:00:00Z,โพทะเล,131,0.0,0.0,0.0,,,True
1790384400,2026-09-26T01:00:00Z,โพธิ์ประทับช้าง,102,0.0,0.0,0.0,,,True
1790384400,2026-09-26T01:00:00Z,ตะพานหิน,109,0.0,0.0,0.0,,,True
1790384400,2026-09-26T01:00:00Z,เมืองพิจิตร,138,0.0,0.0,0.0,,,True
1790384400,2026-09-26T01:00:00Z,วังทรายพูน,66,0.0,0.0,0.0,,,True
1790385300,2026-09-26T01:15:00Z,พิชัย,176,0.0,0.0,0.0,,,True
1790385300,2026-09-26T01:15:00Z,ลับแล,116,0.0,0.0,0.0,,,True
1790385300,2026-09-26T01:15:00Z,ฟากท่า,163,0.0,0.0,0.0,,,True
1790385300,2026-09-26T01:15:00Z,บ้านโคก,247,0.0,0.0,0.0,,,True
1790385300,2026-09-26T01:15:00Z,ท่าปลา,442,0.0,0.0,0.0,,,True
1790385300,2026-09-26T01:15:00Z,น้ำปาด,363,0.0,0.0,0.0,,,True
1790385300,2026-09-26T01:15:00Z,เมืองอุตรดิตถ์,202,0.0,0.0,0.0,,,True
1790385300,2026-09-26T01:15:00Z,ตรอน,80,0.0,0.0,0.0,,,True
1790385300,2026-09-26T01:15:00Z,หล่มเก่า,246,0.0,0.0,0.0,,,True
1790385300,2026-09-26T01:15:00Z,วิเชียรบุรี,377,0.0,0.0,0.0,,,True
1790385300,2026-09-26T01:15:00Z,ชนแดน,279,0.0,0.0,0.0,,,True
1790385300,2026-09-26T01:15:00Z,หล่มสัก,350,0.0,0.0,0.0,,,True
1790385300,2026-09-26T01:15:00Z,เมืองเพชรบูรณ์,571,0.0,0.0,0.0,,,True
1790385300,2026-09-26T01:15:00Z,ทองแสนขัน,185,0.0,0.0,0.0,,,True
1790385300,2026-09-26T01:15:00Z,บึงสามัคคี,71,0.0,0.0,0.0,,,True
1790385300,2026-09-26T01:15:00Z,โกสัมพีนคร,137,0.0,0.0,0.0,,,True
1790385300,2026-09-26T01:15:00Z,สอง,380,0.0,0.0,0.0,,,True
1790385300,2026-09-26T01:15:00Z,วังชิ้น,255,0.0,0.0,0.0,,,True
1790385300,2026-09-26T01:15:00Z,สูงเม่น,88,0.0,0.0,0.0,,,True
1790385300,2026-09-26T01:15:00Z,เด่นชัย,135,0.0,0.0,0.0,,,True
1790385300,2026-09-26T01:15:00Z,ร้องกวาง,221,0.0,0.0,0.0,,,True
1790385300,2026-09-26T01:15:00Z,ลอง,317,0.0,0.0,0.0,,,True
1790385300,2026-09-26T01:15:00Z,เมืองแพร่,205,0.0,0.0,0.0,,,True
1790385300,2026-09-26T01:15:00Z,ทัพทัน,94,0.0,0.0,0.0,,,True
1790385300,2026-09-26T01:15:00Z,สว่างอารมณ์,110,0.0,0.0,0.0,,,True
1790385300,2026-09-26T01:15:00Z,เมืองอุทัยธานี,59,0.0,0.0,0.0,,,True
1790385300,2026-09-26T01:15:00Z,ห้วยคต,94,0.025,0.201,0.2234,15,15,True
1790385300,2026-09-26T01:15:00Z,ศรีสวัสดิ์,440,0.003,0.196,0.0318,,60,True
1790385300,2026-09-26T01:15:00Z,บ้านไร่,821,0.021,0.201,0.1876,75,15,True
1790385300,2026-09-26T01:15:00Z,ลานสัก,360,0.007,0.098,0.0667,,15,True
1790385300,2026-09-26T01:15:00Z,หนองฉาง,89,0.0,0.0,0.0,,,True
1790385300,2026-09-26T01:15:00Z,หนองขาหย่าง,43,0.0,0.0,0.0,,,True
1790385300,2026-09-26T01:15:00Z,เชียงม่วน,82,0.0,0.0,0.0,,,True
1790385300,2026-09-26T01:15:00Z,ดอกคำใต้,37,0.0,0.0,0.0,,,True
1790385300,2026-09-26T01:15:00Z,เมืองพะเยา,6,0.0,0.0,0.0,,,True
1790385300,2026-09-26T01:15:00Z,ทองผาภูมิ,851,0.002,0.201,0.0188,,105,True
1790385300,2026-09-26T01:15:00Z,สังขละบุรี,793,0.0,0.0,0.0,,,True
1790385300,2026-09-26T01:15:00Z,หนองม่วงไข่,35,0.0,0.0,0.0,,,True
1790385300,2026-09-26T01:15:00Z,ภูเวียง,81,0.0,0.0,0.0,,,True
1790385300,2026-09-26T01:15:00Z,มัญจาคีรี,50,0.0,0.0,0.0,,,True
1790385300,2026-09-26T01:15:00Z,หนองปรือ,104,0.0,0.0,0.0,,,True
1790385300,2026-09-26T01:15:00Z,เลาขวัญ,123,0.002,0.098,0.0163,,90,True
1790385300,2026-09-26T01:15:00Z,หนองนาคำ,43,0.0,0.0,0.0,,,True
1790385300,2026-09-26T01:15:00Z,โคกโพธิ์ไชย,65,0.0,0.0,0.0,,,True
1790385300,2026-09-26T01:15:00Z,บ้านหลวง,91,0.0,0.0,0.0,,,True
1790385300,2026-09-26T01:15:00Z,นาน้อย,266,0.0,0.0,0.0,,,True
1790385300,2026-09-26T01:15:00Z,ภูผาม่าน,74,0.0,0.0,0.0,,,True
1790385300,2026-09-26T01:15:00Z,เมืองน่าน,161,0.0,0.0,0.0,,,True
1790385300,2026-09-26T01:15:00Z,แม่จริม,262,0.0,0.0,0.0,,,True
1790385300,2026-09-26T01:15:00Z,เวียงเก่า,78,0.0,0.0,0.0,,,True
1790385300,2026-09-26T01:15:00Z,เมืองกำแพงเพชร,368,0.0,0.0,0.0,,,True
1790385300,2026-09-26T01:15:00Z,ไทรงาม,133,0.0,0.0,0.0,,,True
1790385300,2026-09-26T01:15:00Z,ปางศิลาทอง,186,0.0,0.0,0.0,,,True
1790385300,2026-09-26T01:15:00Z,ลานกระบือ,103,0.0,0.0,0.0,,,True
1790385300,2026-09-26T01:15:00Z,ทรายทองวัฒนา,53,0.0,0.0,0.0,,,True
1790385300,2026-09-26T01:15:00Z,คลองขลุง,179,0.0,0.0,0.0,,,True
1790385300,2026-09-26T01:15:00Z,พรานกระต่าย,252,0.0,0.0,0.0,,,True
1790385300,2026-09-26T01:15:00Z,คลองลาน,363,0.0,0.0,0.0,,,True
1790385300,2026-09-26T01:15:00Z,ขาณุวรลักษบุรี,296,0.0,0.0,0.0,,,True
1790385300,2026-09-26T01:15:00Z,ภูเพียง,113,0.0,0.0,0.0,,,True
1790385300,2026-09-26T01:15:00Z,นาหมื่น,245,0.0,0.0,0.0,,,True
1790385300,2026-09-26T01:15:00Z,เวียงสา,543,0.0,0.0,0.0,,,True
1790385300,2026-09-26T01:15:00Z,น้ำโสม,153,0.0,0.0,0.0,,,True
1790385300,2026-09-26T01:15:00Z,นายูง,126,0.0,0.0,0.0,,,True
1790385300,2026-09-26T01:15:00Z,ชุมแพ,173,0.0,0.0,0.0,,,True
1790385300,2026-09-26T01:15:00Z,สีชมพู,132,0.0,0.0,0.0,,,True
1790385300,2026-09-26T01:15:00Z,สุวรรณคูหา,140,0.0,0.0,0.0,,,True
1790385300,2026-09-26T01:15:00Z,นาวัง,65,0.0,0.0,0.0,,,True
1790385300,2026-09-26T01:15:00Z,หนองเรือ,80,0.0,0.0,0.0,,,True
1790385300,2026-09-26T01:15:00Z,โนนสัง,51,0.0,0.0,0.0,,,True
1790385300,2026-09-26T01:15:00Z,ศรีบุญเรือง,224,0.0,0.0,0.0,,,True
1790385300,2026-09-26T01:15:00Z,เมืองหนองบัวลำภู,217,0.0,0.0,0.0,,,True
1790385300,2026-09-26T01:15:00Z,นากลาง,173,0.0,0.0,0.0,,,True
1790385300,2026-09-26T01:15:00Z,ทุ่งเสลี่ยม,144,0.0,0.0,0.0,,,True
1790385300,2026-09-26T01:15:00Z,ดอยหล่อ,56,0.0,0.0,0.0,,,True
1790385300,2026-09-26T01:15:00Z,เมืองตาก,486,0.0,0.0,0.0,,,True
1790385300,2026-09-26T01:15:00Z,แม่ออน,116,0.0,0.0,0.0,,,True
1790385300,2026-09-26T01:15:00Z,อุ้มผาง,1209,0.0,0.098,0.0033,,120,True
1790385300,2026-09-26T01:15:00Z,วังเจ้า,183,0.0,0.0,0.0,,,True
1790385300,2026-09-26T01:15:00Z,แม่สอด,398,0.0,0.0,0.0,,,True
1790385300,2026-09-26T01:15:00Z,พบพระ,249,0.0,0.0,0.0,,,True
1790385300,2026-09-26T01:15:00Z,แม่ระมาด,380,0.0,0.0,0.0,,,True
1790385300,2026-09-26T01:15:00Z,ท่าสองยาง,401,0.0,0.0,0.0,,,True
1790385300,2026-09-26T01:15:00Z,บ้านตาก,255,0.0,0.0,0.0,,,True
1790385300,2026-09-26T01:15:00Z,สามเงา,698,0.0,0.0,0.0,,,True
1790385300,2026-09-26T01:15:00Z,จอมทอง,280,0.0,0.0,0.0,,,True
1790385300,2026-09-26T01:15:00Z,แก้งสนามนาง,79,0.0,0.0,0.0,,,True
1790385300,2026-09-26T01:15:00Z,สีคิ้ว,292,0.0,0.0,0.0,,,True
1790385300,2026-09-26T01:15:00Z,พระทองคำ,90,0.0,0.0,0.0,,,True
1790385300,2026-09-26T01:15:00Z,เทพารักษ์,92,0.0,0.0,0.0,,,True
1790385300,2026-09-26T01:15:00Z,สันกำแพง,65,0.0,0.0,0.0,,,True
1790385300,2026-09-26T01:15:00Z,สันป่าตอง,44,0.0,0.0,0.0,,,True
1790385300,2026-09-26T01:15:00Z,ดอยเต่า,213,0.0,0.0,0.0,,,True
1790385300,2026-09-26T01:15:00Z,อมก๋อย,704,0.0,0.0,0.0,,,True
1790385300,2026-09-26T01:15:00Z,ฮอด,378,0.0,0.0,0.0,,,True
1790385300,2026-09-26T01:15:00Z,เมืองลำพูน,117,0.0,0.0,0.0,,,True
1790385300,2026-09-26T01:15:00Z,แม่ทา,192,0.0,0.0,0.0,,,True
1790385300,2026-09-26T01:15:00Z,บ้านธิ,34,0.0,0.0,0.0,,,True
1790385300,2026-09-26T01:15:00Z,บ้านหมอ,24,0.0,0.0,0.0,,,True
1790385300,2026-09-26T01:15:00Z,เวียงหนองล่อง,14,0.0,0.0,0.0,,,True
1790385300,2026-09-26T01:15:00Z,ทุ่งหัวช้าง,113,0.0,0.0,0.0,,,True
1790385300,2026-09-26T01:15:00Z,ป่าซาง,74,0.0,0.0,0.0,,,True
1790385300,2026-09-26T01:15:00Z,บ้านโฮ่ง,124,0.0,0.0,0.0,,,True
1790385300,2026-09-26T01:15:00Z,แก่งคอย,73,0.0,0.0,0.0,,,True
1790385300,2026-09-26T01:15:00Z,ลี้,454,0.0,0.0,0.0,,,True
1790385300,2026-09-26T01:15:00Z,พระพุทธบาท,55,0.0,0.0,0.0,,,True
1790385300,2026-09-26T01:15:00Z,ดอนพุด,7,0.0,0.0,0.0,,,True
1790385300,2026-09-26T01:15:00Z,หนองโดน,31,0.0,0.0,0.0,,,True
1790385300,2026-09-26T01:15:00Z,เมืองลำปาง,300,0.0,0.0,0.0,,,True
1790385300,2026-09-26T01:15:00Z,เถิน,443,0.0,0.0,0.0,,,True
1790385300,2026-09-26T01:15:00Z,แม่พริก,167,0.0,0.0,0.0,,,True
1790385300,2026-09-26T01:15:00Z,แจ้ห่ม,274,0.0,0.0,0.0,,,True
1790385300,2026-09-26T01:15:00Z,แม่เปิน,85,0.0,0.0,0.0,,,True
1790385300,2026-09-26T01:15:00Z,เสริมงาม,185,0.0,0.0,0.0,,,True
1790385300,2026-09-26T01:15:00Z,ชุมตาบง,61,0.0,0.0,0.0,,,True
1790385300,2026-09-26T01:15:00Z,งาว,344,0.0,0.0,0.0,,,True
1790385300,2026-09-26T01:15:00Z,ตากฟ้า,125,0.0,0.0,0.0,,,True
1790385300,2026-09-26T01:15:00Z,แม่เมาะ,283,0.0,0.0,0.0,,,True
1790385300,2026-09-26T01:15:00Z,แม่วงก์,257,0.0,0.0,0.0,,,True
1790385300,2026-09-26T01:15:00Z,เกาะคา,128,0.0,0.0,0.0,,,True
1790385300,2026-09-26T01:15:00Z,พยุหะคีรี,169,0.0,0.0,0.0,,,True
1790385300,2026-09-26T01:15:00Z,ลาดยาว,187,0.0,0.0,0.0,,,True
1790385300,2026-09-26T01:15:00Z,สบปราบ,125,0.0,0.0,0.0,,,True
1790385300,2026-09-26T01:15:00Z,ห้างฉัตร,154,0.0,0.0,0.0,,,True
1790385300,2026-09-26T01:15:00Z,แม่ทะ,203,0.0,0.0,0.0,,,True
1790385300,2026-09-26T01:15:00Z,เมืองปาน,202,0.0,0.0,0.0,,,True
1790385300,2026-09-26T01:15:00Z,เมืองอ่างทอง,6,0.0,0.0,0.0,,,True
1790385300,2026-09-26T01:15:00Z,ไชโย,20,0.0,0.0,0.0,,,True
1790385300,2026-09-26T01:15:00Z,สามโก้,10,0.0,0.0,0.0,,,True
1790385300,2026-09-26T01:15:00Z,แสวงหา,43,0.0,0.0,0.0,,,True
1790385300,2026-09-26T01:15:00Z,วิเศษชัยชาญ,7,0.0,0.0,0.0,,,True
1790385300,2026-09-26T01:15:00Z,โพธิ์ทอง,48,0.0,0.0,0.0,,,True
1790385300,2026-09-26T01:15:00Z,เมืองลพบุรี,190,0.0,0.0,0.0,,,True
1790385300,2026-09-26T01:15:00Z,เดิมบางนางบวช,130,0.005,0.201,0.0462,,30,True
1790385300,2026-09-26T01:15:00Z,ด่านช้าง,309,0.001,0.098,0.0065,,30,True
1790385300,2026-09-26T01:15:00Z,หนองม่วง,111,0.0,0.0,0.0,,,True
1790385300,2026-09-26T01:15:00Z,ลำสนธิ,136,0.0,0.0,0.0,,,True
1790385300,2026-09-26T01:15:00Z,สามชุก,77,0.017,0.299,0.1299,60,15,True
1790385300,2026-09-26T01:15:00Z,ดอนเจดีย์,72,0.01,0.299,0.0694,,60,True
1790385300,2026-09-26T01:15:00Z,สระโบสถ์,83,0.0,0.0,0.0,,,True
1790385300,2026-09-26T01:15:00Z,ศรีประจันต์,41,0.0,0.0,0.0,,,True
1790385300,2026-09-26T01:15:00Z,โคกเจริญ,135,0.0,0.0,0.0,,,True
1790385300,2026-09-26T01:15:00Z,บ้านหมี่,136,0.0,0.0,0.0,,,True
1790385300,2026-09-26T01:15:00Z,ท่าหลวง,100,0.0,0.0,0.0,,,True
1790385300,2026-09-26T01:15:00Z,ชัยบาดาล,280,0.0,0.0,0.0,,,True
1790385300,2026-09-26T01:15:00Z,ท่าวุ้ง,64,0.0,0.0,0.0,,,True
1790385300,2026-09-26T01:15:00Z,พัฒนานิคม,217,0.0,0.0,0.0,,,True
1790385300,2026-09-26T01:15:00Z,โคกสำโรง,180,0.0,0.0,0.0,,,True
1790385300,2026-09-26T01:15:00Z,หนองหญ้าไซ,108,0.006,0.201,0.0556,,60,True
1790385300,2026-09-26T01:15:00Z,ท่าช้าง,11,0.0,0.0,0.0,,,True
1790385300,2026-09-26T01:15:00Z,อินทร์บุรี,66,0.0,0.0,0.0,,,True
1790385300,2026-09-26T01:15:00Z,ค่ายบางระจัน,26,0.012,0.201,0.0769,,30,True
1790385300,2026-09-26T01:15:00Z,พรหมบุรี,19,0.0,0.0,0.0,,,True
1790385300,2026-09-26T01:15:00Z,เนินสง่า,65,0.0,0.0,0.0,,,True
1790385300,2026-09-26T01:15:00Z,เมืองสิงห์บุรี,31,0.0,0.0,0.0,,,True
1790385300,2026-09-26T01:15:00Z,ซับใหญ่,72,0.0,0.0,0.0,,,True
1790385300,2026-09-26T01:15:00Z,บางระจัน,46,0.013,0.201,0.1087,30,15,True
1790385300,2026-09-26T01:15:00Z,ภูกระดึง,190,0.0,0.0,0.0,,,True
1790385300,2026-09-26T01:15:00Z,ภูหลวง,145,0.0,0.0,0.0,,,True
1790385300,2026-09-26T01:15:00Z,หนองหิน,78,0.0,0.0,0.0,,,True
1790385300,2026-09-26T01:15:00Z,ผาขาว,100,0.0,0.0,0.0,,,True
1790385300,2026-09-26T01:15:00Z,เอราวัณ,87,0.0,0.0,0.0,,,True
1790385300,2026-09-26T01:15:00Z,วังสะพุง,281,0.0,0.0,0.0,,,True
1790385300,2026-09-26T01:15:00Z,วังม่วง,70,0.0,0.0,0.0,,,True
1790385300,2026-09-26T01:15:00Z,เฉลิมพระเกียรติ,35,0.0,0.0,0.0,,,True
1790385300,2026-09-26T01:15:00Z,มวกเหล็ก,175,0.0,0.0,0.0,,,True
1790385300,2026-09-26T01:15:00Z,บ้านเขว้า,124,0.0,0.0,0.0,,,True
1790385300,2026-09-26T01:15:00Z,คอนสวรรค์,113,0.0,0.0,0.0,,,True
1790385300,2026-09-26T01:15:00Z,เมืองชัยภูมิ,358,0.0,0.0,0.0,,,True
1790385300,2026-09-26T01:15:00Z,วังทอง,425,0.0,0.0,0.0,,,True
1790385300,2026-09-26T01:15:00Z,เนินมะปราง,276,0.0,0.0,0.0,,,True
1790385300,2026-09-26T01:15:00Z,สวรรคโลก,156,0.0,0.0,0.0,,,True
1790385300,2026-09-26T01:15:00Z,ศรีนคร,46,0.0,0.0,0.0,,,True
1790385300,2026-09-26T01:15:00Z,หันคา,139,0.001,0.098,0.0072,,60,True
1790385300,2026-09-26T01:15:00Z,ศรีสัชนาลัย,534,0.0,0.0,0.0,,,True
1790385300,2026-09-26T01:15:00Z,หนองมะโมง,76,0.0,0.0,0.0,,,True
1790385300,2026-09-26T01:15:00Z,ศรีสำโรง,142,0.0,0.0,0.0,,,True
1790385300,2026-09-26T01:15:00Z,สรรพยา,55,0.0,0.0,0.0,,,True
1790385300,2026-09-26T01:15:00Z,คีรีมาศ,171,0.0,0.0,0.0,,,True
1790385300,2026-09-26T01:15:00Z,สรรคบุรี,89,0.0,0.0,0.0,,,True
1790385300,2026-09-26T01:15:00Z,กงไกรลาศ,108,0.0,0.0,0.0,,,True
1790385300,2026-09-26T01:15:00Z,มโนรมย์,66,0.0,0.0,0.0,,,True
1790385300,2026-09-26T01:15:00Z,เมืองสุโขทัย,136,0.0,0.0,0.0,,,True
1790385300,2026-09-26T01:15:00Z,วัดสิงห์,67,0.0,0.0,0.0,,,True
1790385300,2026-09-26T01:15:00Z,บ้านด่านลานหอย,231,0.0,0.0,0.0,,,True
1790385300,2026-09-26T01:15:00Z,เมืองชัยนาท,70,0.0,0.0,0.0,,,True
1790385300,2026-09-26T01:15:00Z,เนินขาม,65,0.0,0.0,0.0,,,True
1790385300,2026-09-26T01:15:00Z,คอนสาร,334,0.0,0.0,0.0,,,True
1790385300,2026-09-26T01:15:00Z,ภักดีชุมพล,154,0.0,0.0,0.0,,,True
1790385300,2026-09-26T01:15:00Z,บ้านแท่น,76,0.0,0.0,0.0,,,True
1790385300,2026-09-26T01:15:00Z,แก้งคร้อ,168,0.0,0.0,0.0,,,True
1790385300,2026-09-26T01:15:00Z,ภูเขียว,201,0.0,0.0,0.0,,,True
1790385300,2026-09-26T01:15:00Z,หนองบัวระเหว,179,0.0,0.0,0.0,,,True
1790385300,2026-09-26T01:15:00Z,เทพสถิต,239,0.0,0.0,0.0,,,True
1790385300,2026-09-26T01:15:00Z,จัตุรัส,172,0.0,0.0,0.0,,,True
1790385300,2026-09-26T01:15:00Z,บำเหน็จณรงค์,120,0.0,0.0,0.0,,,True
1790385300,2026-09-26T01:15:00Z,เกษตรสมบูรณ์,268,0.0,0.0,0.0,,,True
1790385300,2026-09-26T01:15:00Z,หนองบัวแดง,537,0.0,0.0,0.0,,,True
1790385300,2026-09-26T01:15:00Z,ภูเรือ,168,0.0,0.0,0.0,,,True
1790385300,2026-09-26T01:15:00Z,ท่าลี่,171,0.0,0.0,0.0,,,True
1790385300,2026-09-26T01:15:00Z,วชิรบารมี,68,0.0,0.0,0.0,,,True
1790385300,2026-09-26T01:15:00Z,ด่านซ้าย,341,0.0,0.0,0.0,,,True
1790385300,2026-09-26T01:15:00Z,นาแห้ว,153,0.0,0.0,0.0,,,True
1790385300,2026-09-26T01:15:00Z,บึงนาราง,74,0.0,0.0,0.0,,,True
1790385300,2026-09-26T01:15:00Z,เชียงคาน,213,0.0,0.0,0.0,,,True
1790385300,2026-09-26T01:15:00Z,ดงเจริญ,56,0.0,0.0,0.0,,,True
1790385300,2026-09-26T01:15:00Z,ปากชม,240,0.0,0.0,0.0,,,True
1790385300,2026-09-26T01:15:00Z,เมืองเลย,314,0.0,0.0,0.0,,,True
1790385300,2026-09-26T01:15:00Z,นาด้วง,143,0.0,0.0,0.0,,,True
1790385300,2026-09-26T01:15:00Z,สากเหล็ก,45,0.0,0.0,0.0,,,True
1790385300,2026-09-26T01:15:00Z,สามง่าม,89,0.0,0.0,0.0,,,True
1790385300,2026-09-26T01:15:00Z,ทับคล้อ,104,0.0,0.0,0.0,,,True
1790385300,2026-09-26T01:15:00Z,พรหมพิราม,206,0.0,0.0,0.0,,,True
1790385300,2026-09-26T01:15:00Z,ด่านขุนทด,344,0.0,0.0,0.0,,,True
1790385300,2026-09-26T01:15:00Z,วัดโบสถ์,226,0.0,0.0,0.0,,,True
1790385300,2026-09-26T01:15:00Z,บางระกำ,246,0.0,0.0,0.0,,,True
1790385300,2026-09-26T01:15:00Z,บางกระทุ่ม,91,0.0,0.0,0.0,,,True
1790385300,2026-09-26T01:15:00Z,นครไทย,597,0.0,0.0,0.0,,,True
1790385300,2026-09-26T01:15:00Z,ชาติตระการ,415,0.0,0.0,0.0,,,True
1790385300,2026-09-26T01:15:00Z,บ้านเหลื่อม,55,0.0,0.0,0.0,,,True
1790385300,2026-09-26T01:15:00Z,เมืองพิษณุโลก,178,0.0,0.0,0.0,,,True
1790385300,2026-09-26T01:15:00Z,ชุมแสง,145,0.0,0.0,0.0,,,True
1790385300,2026-09-26T01:15:00Z,หนองบัว,208,0.0,0.0,0.0,,,True
1790385300,2026-09-26T01:15:00Z,เมืองนครสวรรค์,183,0.0,0.0,0.0,,,True
1790385300,2026-09-26T01:15:00Z,โกรกพระ,71,0.0,0.0,0.0,,,True
1790385300,2026-09-26T01:15:00Z,ไพศาลี,244,0.0,0.0,0.0,,,True
1790385300,2026-09-26T01:15:00Z,ตาคลี,206,0.0,0.0,0.0,,,True
1790385300,2026-09-26T01:15:00Z,ท่าตะโก,211,0.0,0.0,0.0,,,True
1790385300,2026-09-26T01:15:00Z,เขาค้อ,207,0.0,0.0,0.0,,,True
1790385300,2026-09-26T01:15:00Z,บรรพตพิสัย,181,0.0,0.0,0.0,,,True
1790385300,2026-09-26T01:15:00Z,เก้าเลี้ยว,57,0.0,0.0,0.0,,,True
1790385300,2026-09-26T01:15:00Z,วังโป่ง,123,0.0,0.0,0.0,,,True
1790385300,2026-09-26T01:15:00Z,บึงสามพัน,194,0.0,0.0,0.0,,,True
1790385300,2026-09-26T01:15:00Z,น้ำหนาว,231,0.0,0.0,0.0,,,True
1790385300,2026-09-26T01:15:00Z,ศรีเทพ,204,0.0,0.0,0.0,,,True
1790385300,2026-09-26T01:15:00Z,หนองไผ่,315,0.0,0.0,0.0,,,True
1790385300,2026-09-26T01:15:00Z,มหาราช,4,0.0,0.0,0.0,,,False
1790385300,2026-09-26T01:15:00Z,บ้านแพรก,10,0.0,0.0,0.0,,,True
1790385300,2026-09-26T01:15:00Z,บางมูลนาก,99,0.0,0.0,0.0,,,True
1790385300,2026-09-26T01:15:00Z,โพทะเล,131,0.0,0.0,0.0,,,True
1790385300,2026-09-26T01:15:00Z,โพธิ์ประทับช้าง,102,0.0,0.0,0.0,,,True
1790385300,2026-09-26T01:15:00Z,ตะพานหิน,109,0.0,0.0,0.0,,,True
1790385300,2026-09-26T01:15:00Z,เมืองพิจิตร,138,0.0,0.0,0.0,,,True
1790385300,2026-09-26T01:15:00Z,วังทรายพูน,66,0.0,0.0,0.0,,,True
1790386200,2026-09-26T01:30:00Z,พิชัย,176,0.0,0.0,0.0,,,True
1790386200,2026-09-26T01:30:00Z,ลับแล,116,0.0,0.0,0.0,,,True
1790386200,2026-09-26T01:30:00Z,ฟากท่า,163,0.0,0.0,0.0,,,True
1790386200,2026-09-26T01:30:00Z,บ้านโคก,247,0.0,0.0,0.0,,,True
1790386200,2026-09-26T01:30:00Z,ท่าปลา,442,0.0,0.0,0.0,,,True
1790386200,2026-09-26T01:30:00Z,น้ำปาด,363,0.0,0.0,0.0,,,True
1790386200,2026-09-26T01:30:00Z,เมืองอุตรดิตถ์,202,0.0,0.0,0.0,,,True
1790386200,2026-09-26T01:30:00Z,ตรอน,80,0.0,0.0,0.0,,,True
1790386200,2026-09-26T01:30:00Z,หล่มเก่า,246,0.0,0.0,0.0,,,True
1790386200,2026-09-26T01:30:00Z,วิเชียรบุรี,377,0.0,0.0,0.0,,,True
1790386200,2026-09-26T01:30:00Z,ชนแดน,279,0.0,0.0,0.0,,,True
1790386200,2026-09-26T01:30:00Z,หล่มสัก,350,0.0,0.0,0.0,,,True
1790386200,2026-09-26T01:30:00Z,เมืองเพชรบูรณ์,571,0.0,0.0,0.0,,,True
1790386200,2026-09-26T01:30:00Z,ทองแสนขัน,185,0.0,0.0,0.0,,,True
1790386200,2026-09-26T01:30:00Z,บึงสามัคคี,71,0.0,0.0,0.0,,,True
1790386200,2026-09-26T01:30:00Z,โกสัมพีนคร,137,0.0,0.0,0.0,,,True
1790386200,2026-09-26T01:30:00Z,สอง,380,0.0,0.0,0.0,,,True
1790386200,2026-09-26T01:30:00Z,วังชิ้น,255,0.0,0.0,0.0,,,True
1790386200,2026-09-26T01:30:00Z,สูงเม่น,88,0.0,0.0,0.0,,,True
1790386200,2026-09-26T01:30:00Z,เด่นชัย,135,0.0,0.0,0.0,,,True
1790386200,2026-09-26T01:30:00Z,ร้องกวาง,221,0.0,0.0,0.0,,,True
1790386200,2026-09-26T01:30:00Z,ลอง,317,0.0,0.0,0.0,,,True
1790386200,2026-09-26T01:30:00Z,เมืองแพร่,205,0.0,0.0,0.0,,,True
1790386200,2026-09-26T01:30:00Z,ทัพทัน,94,0.0,0.0,0.0,,,True
1790386200,2026-09-26T01:30:00Z,สว่างอารมณ์,110,0.002,0.098,0.0182,,15,True
1790386200,2026-09-26T01:30:00Z,เมืองอุทัยธานี,59,0.0,0.0,0.0,,,True
1790386200,2026-09-26T01:30:00Z,ห้วยคต,94,0.016,0.201,0.1489,30,15,True
1790386200,2026-09-26T01:30:00Z,ศรีสวัสดิ์,440,0.003,0.098,0.0295,,45,True
1790386200,2026-09-26T01:30:00Z,บ้านไร่,821,0.031,0.288,0.2424,60,15,True
1790386200,2026-09-26T01:30:00Z,ลานสัก,360,0.018,0.288,0.1167,45,15,True
1790386200,2026-09-26T01:30:00Z,หนองฉาง,89,0.0,0.0,0.0,,,True
1790386200,2026-09-26T01:30:00Z,หนองขาหย่าง,43,0.0,0.0,0.0,,,True
1790386200,2026-09-26T01:30:00Z,เชียงม่วน,82,0.0,0.0,0.0,,,True
1790386200,2026-09-26T01:30:00Z,ดอกคำใต้,37,0.0,0.0,0.0,,,True
1790386200,2026-09-26T01:30:00Z,เมืองพะเยา,6,0.0,0.0,0.0,,,True
1790386200,2026-09-26T01:30:00Z,ทองผาภูมิ,851,0.007,0.288,0.0564,,90,True
1790386200,2026-09-26T01:30:00Z,สังขละบุรี,793,0.0,0.0,0.0,,,True
1790386200,2026-09-26T01:30:00Z,หนองม่วงไข่,35,0.0,0.0,0.0,,,True
1790386200,2026-09-26T01:30:00Z,ภูเวียง,81,0.0,0.0,0.0,,,True
1790386200,2026-09-26T01:30:00Z,มัญจาคีรี,50,0.0,0.0,0.0,,,True
1790386200,2026-09-26T01:30:00Z,หนองปรือ,104,0.0,0.0,0.0,,,True
1790386200,2026-09-26T01:30:00Z,เลาขวัญ,123,0.002,0.098,0.0244,,90,True
1790386200,2026-09-26T01:30:00Z,หนองนาคำ,43,0.0,0.0,0.0,,,True
1790386200,2026-09-26T01:30:00Z,โคกโพธิ์ไชย,65,0.0,0.0,0.0,,,True
1790386200,2026-09-26T01:30:00Z,บ้านหลวง,91,0.0,0.0,0.0,,,True
1790386200,2026-09-26T01:30:00Z,นาน้อย,266,0.0,0.0,0.0,,,True
1790386200,2026-09-26T01:30:00Z,ภูผาม่าน,74,0.0,0.0,0.0,,,True
1790386200,2026-09-26T01:30:00Z,เมืองน่าน,161,0.0,0.0,0.0,,,True
1790386200,2026-09-26T01:30:00Z,แม่จริม,262,0.0,0.0,0.0,,,True
1790386200,2026-09-26T01:30:00Z,เวียงเก่า,78,0.0,0.0,0.0,,,True
1790386200,2026-09-26T01:30:00Z,เมืองกำแพงเพชร,368,0.0,0.0,0.0,,,True
1790386200,2026-09-26T01:30:00Z,ไทรงาม,133,0.0,0.0,0.0,,,True
1790386200,2026-09-26T01:30:00Z,ปางศิลาทอง,186,0.0,0.0,0.0,,,True
1790386200,2026-09-26T01:30:00Z,ลานกระบือ,103,0.0,0.0,0.0,,,True
1790386200,2026-09-26T01:30:00Z,ทรายทองวัฒนา,53,0.0,0.0,0.0,,,True
1790386200,2026-09-26T01:30:00Z,คลองขลุง,179,0.0,0.0,0.0,,,True
1790386200,2026-09-26T01:30:00Z,พรานกระต่าย,252,0.0,0.0,0.0,,,True
1790386200,2026-09-26T01:30:00Z,คลองลาน,363,0.0,0.0,0.0,,,True
1790386200,2026-09-26T01:30:00Z,ขาณุวรลักษบุรี,296,0.0,0.0,0.0,,,True
1790386200,2026-09-26T01:30:00Z,ภูเพียง,113,0.0,0.0,0.0,,,True
1790386200,2026-09-26T01:30:00Z,นาหมื่น,245,0.0,0.0,0.0,,,True
1790386200,2026-09-26T01:30:00Z,เวียงสา,543,0.0,0.0,0.0,,,True
1790386200,2026-09-26T01:30:00Z,น้ำโสม,153,0.0,0.0,0.0,,,True
1790386200,2026-09-26T01:30:00Z,นายูง,126,0.0,0.0,0.0,,,True
1790386200,2026-09-26T01:30:00Z,ชุมแพ,173,0.0,0.0,0.0,,,True
1790386200,2026-09-26T01:30:00Z,สีชมพู,132,0.0,0.0,0.0,,,True
1790386200,2026-09-26T01:30:00Z,สุวรรณคูหา,140,0.0,0.0,0.0,,,True
1790386200,2026-09-26T01:30:00Z,นาวัง,65,0.0,0.0,0.0,,,True
1790386200,2026-09-26T01:30:00Z,หนองเรือ,80,0.0,0.0,0.0,,,True
1790386200,2026-09-26T01:30:00Z,โนนสัง,51,0.0,0.0,0.0,,,True
1790386200,2026-09-26T01:30:00Z,ศรีบุญเรือง,224,0.0,0.0,0.0,,,True
1790386200,2026-09-26T01:30:00Z,เมืองหนองบัวลำภู,217,0.0,0.0,0.0,,,True
1790386200,2026-09-26T01:30:00Z,นากลาง,173,0.0,0.0,0.0,,,True
1790386200,2026-09-26T01:30:00Z,ทุ่งเสลี่ยม,144,0.0,0.0,0.0,,,True
1790386200,2026-09-26T01:30:00Z,ดอยหล่อ,56,0.0,0.0,0.0,,,True
1790386200,2026-09-26T01:30:00Z,เมืองตาก,486,0.0,0.0,0.0,,,True
1790386200,2026-09-26T01:30:00Z,แม่ออน,116,0.0,0.0,0.0,,,True
1790386200,2026-09-26T01:30:00Z,อุ้มผาง,1209,0.002,0.288,0.0108,,105,True
1790386200,2026-09-26T01:30:00Z,วังเจ้า,183,0.0,0.0,0.0,,,True
1790386200,2026-09-26T01:30:00Z,แม่สอด,398,0.0,0.0,0.0,,,True
1790386200,2026-09-26T01:30:00Z,พบพระ,249,0.0,0.0,0.0,,,True
1790386200,2026-09-26T01:30:00Z,แม่ระมาด,380,0.0,0.0,0.0,,,True
1790386200,2026-09-26T01:30:00Z,ท่าสองยาง,401,0.0,0.0,0.0,,,True
1790386200,2026-09-26T01:30:00Z,บ้านตาก,255,0.0,0.0,0.0,,,True
1790386200,2026-09-26T01:30:00Z,สามเงา,698,0.0,0.0,0.0,,,True
1790386200,2026-09-26T01:30:00Z,จอมทอง,280,0.0,0.0,0.0,,,True
1790386200,2026-09-26T01:30:00Z,แก้งสนามนาง,79,0.0,0.0,0.0,,,True
1790386200,2026-09-26T01:30:00Z,สีคิ้ว,292,0.0,0.0,0.0,,,True
1790386200,2026-09-26T01:30:00Z,พระทองคำ,90,0.0,0.0,0.0,,,True
1790386200,2026-09-26T01:30:00Z,เทพารักษ์,92,0.0,0.0,0.0,,,True
1790386200,2026-09-26T01:30:00Z,สันกำแพง,65,0.0,0.0,0.0,,,True
1790386200,2026-09-26T01:30:00Z,สันป่าตอง,44,0.0,0.0,0.0,,,True
1790386200,2026-09-26T01:30:00Z,ดอยเต่า,213,0.0,0.0,0.0,,,True
1790386200,2026-09-26T01:30:00Z,อมก๋อย,704,0.0,0.0,0.0,,,True
1790386200,2026-09-26T01:30:00Z,ฮอด,378,0.0,0.0,0.0,,,True
1790386200,2026-09-26T01:30:00Z,เมืองลำพูน,117,0.0,0.0,0.0,,,True
1790386200,2026-09-26T01:30:00Z,แม่ทา,192,0.0,0.0,0.0,,,True
1790386200,2026-09-26T01:30:00Z,บ้านธิ,34,0.0,0.0,0.0,,,True
1790386200,2026-09-26T01:30:00Z,บ้านหมอ,24,0.0,0.0,0.0,,,True
1790386200,2026-09-26T01:30:00Z,เวียงหนองล่อง,14,0.0,0.0,0.0,,,True
1790386200,2026-09-26T01:30:00Z,ทุ่งหัวช้าง,113,0.0,0.0,0.0,,,True
1790386200,2026-09-26T01:30:00Z,ป่าซาง,74,0.0,0.0,0.0,,,True
1790386200,2026-09-26T01:30:00Z,บ้านโฮ่ง,124,0.0,0.0,0.0,,,True
1790386200,2026-09-26T01:30:00Z,แก่งคอย,73,0.0,0.0,0.0,,,True
1790386200,2026-09-26T01:30:00Z,ลี้,454,0.0,0.0,0.0,,,True
1790386200,2026-09-26T01:30:00Z,พระพุทธบาท,55,0.0,0.0,0.0,,,True
1790386200,2026-09-26T01:30:00Z,ดอนพุด,7,0.0,0.0,0.0,,,True
1790386200,2026-09-26T01:30:00Z,หนองโดน,31,0.0,0.0,0.0,,,True
1790386200,2026-09-26T01:30:00Z,เมืองลำปาง,300,0.002,0.098,0.0233,,60,True
1790386200,2026-09-26T01:30:00Z,เถิน,443,0.0,0.0,0.0,,,True
1790386200,2026-09-26T01:30:00Z,แม่พริก,167,0.0,0.0,0.0,,,True
1790386200,2026-09-26T01:30:00Z,แจ้ห่ม,274,0.001,0.098,0.0146,,45,True
1790386200,2026-09-26T01:30:00Z,แม่เปิน,85,0.0,0.0,0.0,,,True
1790386200,2026-09-26T01:30:00Z,เสริมงาม,185,0.0,0.0,0.0,,,True
1790386200,2026-09-26T01:30:00Z,ชุมตาบง,61,0.002,0.098,0.0164,,45,True
1790386200,2026-09-26T01:30:00Z,งาว,344,0.001,0.098,0.0145,,15,True
1790386200,2026-09-26T01:30:00Z,ตากฟ้า,125,0.0,0.0,0.0,,,True
1790386200,2026-09-26T01:30:00Z,แม่เมาะ,283,0.0,0.098,0.0035,,45,True
1790386200,2026-09-26T01:30:00Z,แม่วงก์,257,0.0,0.0,0.0,,,True
1790386200,2026-09-26T01:30:00Z,เกาะคา,128,0.0,0.0,0.0,,,True
1790386200,2026-09-26T01:30:00Z,พยุหะคีรี,169,0.0,0.0,0.0,,,True
1790386200,2026-09-26T01:30:00Z,ลาดยาว,187,0.0,0.0,0.0,,,True
1790386200,2026-09-26T01:30:00Z,สบปราบ,125,0.0,0.0,0.0,,,True
1790386200,2026-09-26T01:30:00Z,ห้างฉัตร,154,0.0,0.0,0.0,,,True
1790386200,2026-09-26T01:30:00Z,แม่ทะ,203,0.0,0.0,0.0,,,True
1790386200,2026-09-26T01:30:00Z,เมืองปาน,202,0.0,0.0,0.0,,,True
1790386200,2026-09-26T01:30:00Z,เมืองอ่างทอง,6,0.0,0.0,0.0,,,True
1790386200,2026-09-26T01:30:00Z,ไชโย,20,0.0,0.0,0.0,,,True
1790386200,2026-09-26T01:30:00Z,สามโก้,10,0.0,0.0,0.0,,,True
1790386200,2026-09-26T01:30:00Z,แสวงหา,43,0.0,0.0,0.0,,,True
1790386200,2026-09-26T01:30:00Z,วิเศษชัยชาญ,7,0.0,0.0,0.0,,,True
1790386200,2026-09-26T01:30:00Z,โพธิ์ทอง,48,0.0,0.0,0.0,,,True
1790386200,2026-09-26T01:30:00Z,เมืองลพบุรี,190,0.007,0.098,0.0684,,105,True
1790386200,2026-09-26T01:30:00Z,เดิมบางนางบวช,130,0.006,0.098,0.0615,,15,True
1790386200,2026-09-26T01:30:00Z,ด่านช้าง,309,0.002,0.098,0.0194,,15,True
1790386200,2026-09-26T01:30:00Z,หนองม่วง,111,0.0,0.0,0.0,,,True
1790386200,2026-09-26T01:30:00Z,ลำสนธิ,136,0.0,0.0,0.0,,,True
1790386200,2026-09-26T01:30:00Z,สามชุก,77,0.009,0.098,0.0909,,30,True
1790386200,2026-09-26T01:30:00Z,ดอนเจดีย์,72,0.008,0.098,0.0833,,45,True
1790386200,2026-09-26T01:30:00Z,สระโบสถ์,83,0.0,0.0,0.0,,,True
1790386200,2026-09-26T01:30:00Z,ศรีประจันต์,41,0.007,0.098,0.0732,,15,True
1790386200,2026-09-26T01:30:00Z,โคกเจริญ,135,0.0,0.0,0.0,,,True
1790386200,2026-09-26T01:30:00Z,บ้านหมี่,136,0.0,0.0,0.0,,,True
1790386200,2026-09-26T01:30:00Z,ท่าหลวง,100,0.0,0.0,0.0,,,True
1790386200,2026-09-26T01:30:00Z,ชัยบาดาล,280,0.0,0.0,0.0,,,True
1790386200,2026-09-26T01:30:00Z,ท่าวุ้ง,64,0.0,0.0,0.0,,,True
1790386200,2026-09-26T01:30:00Z,พัฒนานิคม,217,0.018,0.201,0.1751,75,30,True
1790386200,2026-09-26T01:30:00Z,โคกสำโรง,180,0.0,0.0,0.0,,,True
1790386200,2026-09-26T01:30:00Z,หนองหญ้าไซ,108,0.007,0.098,0.0741,,60,True
1790386200,2026-09-26T01:30:00Z,ท่าช้าง,11,0.0,0.0,0.0,,,True
1790386200,2026-09-26T01:30:00Z,อินทร์บุรี,66,0.0,0.0,0.0,,,True
1790386200,2026-09-26T01:30:00Z,ค่ายบางระจัน,26,0.0,0.0,0.0,,,True
1790386200,2026-09-26T01:30:00Z,พรหมบุรี,19,0.0,0.0,0.0,,,True
1790386200,2026-09-26T01:30:00Z,เนินสง่า,65,0.0,0.0,0.0,,,True
1790386200,2026-09-26T01:30:00Z,เมืองสิงห์บุรี,31,0.0,0.0,0.0,,,True
1790386200,2026-09-26T01:30:00Z,ซับใหญ่,72,0.0,0.0,0.0,,,True
1790386200,2026-09-26T01:30:00Z,บางระจัน,46,0.004,0.098,0.0435,,15,True
1790386200,2026-09-26T01:30:00Z,ภูกระดึง,190,0.0,0.0,0.0,,,True
1790386200,2026-09-26T01:30:00Z,ภูหลวง,145,0.0,0.0,0.0,,,True
1790386200,2026-09-26T01:30:00Z,หนองหิน,78,0.0,0.0,0.0,,,True
1790386200,2026-09-26T01:30:00Z,ผาขาว,100,0.0,0.0,0.0,,,True
1790386200,2026-09-26T01:30:00Z,เอราวัณ,87,0.0,0.0,0.0,,,True
1790386200,2026-09-26T01:30:00Z,วังสะพุง,281,0.0,0.0,0.0,,,True
1790386200,2026-09-26T01:30:00Z,วังม่วง,70,0.003,0.098,0.0286,,45,True
1790386200,2026-09-26T01:30:00Z,เฉลิมพระเกียรติ,35,0.0,0.0,0.0,,,True
1790386200,2026-09-26T01:30:00Z,มวกเหล็ก,175,0.005,0.201,0.0457,,15,True
1790386200,2026-09-26T01:30:00Z,บ้านเขว้า,124,0.0,0.0,0.0,,,True
1790386200,2026-09-26T01:30:00Z,คอนสวรรค์,113,0.0,0.0,0.0,,,True
1790386200,2026-09-26T01:30:00Z,เมืองชัยภูมิ,358,0.0,0.0,0.0,,,True
1790386200,2026-09-26T01:30:00Z,วังทอง,425,0.0,0.0,0.0,,,True
1790386200,2026-09-26T01:30:00Z,เนินมะปราง,276,0.0,0.0,0.0,,,True
1790386200,2026-09-26T01:30:00Z,สวรรคโลก,156,0.0,0.0,0.0,,,True
1790386200,2026-09-26T01:30:00Z,ศรีนคร,46,0.0,0.0,0.0,,,True
1790386200,2026-09-26T01:30:00Z,หันคา,139,0.0,0.0,0.0,,,True
1790386200,2026-09-26T01:30:00Z,ศรีสัชนาลัย,534,0.0,0.0,0.0,,,True
1790386200,2026-09-26T01:30:00Z,หนองมะโมง,76,0.0,0.0,0.0,,,True
1790386200,2026-09-26T01:30:00Z,ศรีสำโรง,142,0.0,0.0,0.0,,,True
1790386200,2026-09-26T01:30:00Z,สรรพยา,55,0.0,0.0,0.0,,,True
1790386200,2026-09-26T01:30:00Z,คีรีมาศ,171,0.0,0.0,0.0,,,True
1790386200,2026-09-26T01:30:00Z,สรรคบุรี,89,0.0,0.0,0.0,,,True
1790386200,2026-09-26T01:30:00Z,กงไกรลาศ,108,0.0,0.0,0.0,,,True
1790386200,2026-09-26T01:30:00Z,มโนรมย์,66,0.0,0.0,0.0,,,True
1790386200,2026-09-26T01:30:00Z,เมืองสุโขทัย,136,0.0,0.0,0.0,,,True
1790386200,2026-09-26T01:30:00Z,วัดสิงห์,67,0.0,0.0,0.0,,,True
1790386200,2026-09-26T01:30:00Z,บ้านด่านลานหอย,231,0.0,0.0,0.0,,,True
1790386200,2026-09-26T01:30:00Z,เมืองชัยนาท,70,0.0,0.0,0.0,,,True
1790386200,2026-09-26T01:30:00Z,เนินขาม,65,0.0,0.0,0.0,,,True
1790386200,2026-09-26T01:30:00Z,คอนสาร,334,0.0,0.0,0.0,,,True
1790386200,2026-09-26T01:30:00Z,ภักดีชุมพล,154,0.0,0.0,0.0,,,True
1790386200,2026-09-26T01:30:00Z,บ้านแท่น,76,0.0,0.0,0.0,,,True
1790386200,2026-09-26T01:30:00Z,แก้งคร้อ,168,0.0,0.0,0.0,,,True
1790386200,2026-09-26T01:30:00Z,ภูเขียว,201,0.0,0.0,0.0,,,True
1790386200,2026-09-26T01:30:00Z,หนองบัวระเหว,179,0.0,0.0,0.0,,,True
1790386200,2026-09-26T01:30:00Z,เทพสถิต,239,0.0,0.0,0.0,,,True
1790386200,2026-09-26T01:30:00Z,จัตุรัส,172,0.0,0.0,0.0,,,True
1790386200,2026-09-26T01:30:00Z,บำเหน็จณรงค์,120,0.0,0.0,0.0,,,True
1790386200,2026-09-26T01:30:00Z,เกษตรสมบูรณ์,268,0.0,0.0,0.0,,,True
1790386200,2026-09-26T01:30:00Z,หนองบัวแดง,537,0.0,0.0,0.0,,,True
1790386200,2026-09-26T01:30:00Z,ภูเรือ,168,0.0,0.0,0.0,,,True
1790386200,2026-09-26T01:30:00Z,ท่าลี่,171,0.0,0.0,0.0,,,True
1790386200,2026-09-26T01:30:00Z,วชิรบารมี,68,0.0,0.0,0.0,,,True
1790386200,2026-09-26T01:30:00Z,ด่านซ้าย,341,0.0,0.0,0.0,,,True
1790386200,2026-09-26T01:30:00Z,นาแห้ว,153,0.0,0.0,0.0,,,True
1790386200,2026-09-26T01:30:00Z,บึงนาราง,74,0.0,0.0,0.0,,,True
1790386200,2026-09-26T01:30:00Z,เชียงคาน,213,0.0,0.0,0.0,,,True
1790386200,2026-09-26T01:30:00Z,ดงเจริญ,56,0.0,0.0,0.0,,,True
1790386200,2026-09-26T01:30:00Z,ปากชม,240,0.0,0.0,0.0,,,True
1790386200,2026-09-26T01:30:00Z,เมืองเลย,314,0.0,0.0,0.0,,,True
1790386200,2026-09-26T01:30:00Z,นาด้วง,143,0.0,0.0,0.0,,,True
1790386200,2026-09-26T01:30:00Z,สากเหล็ก,45,0.0,0.0,0.0,,,True
1790386200,2026-09-26T01:30:00Z,สามง่าม,89,0.0,0.0,0.0,,,True
1790386200,2026-09-26T01:30:00Z,ทับคล้อ,104,0.0,0.0,0.0,,,True
1790386200,2026-09-26T01:30:00Z,พรหมพิราม,206,0.0,0.0,0.0,,,True
1790386200,2026-09-26T01:30:00Z,ด่านขุนทด,344,0.0,0.0,0.0,,,True
1790386200,2026-09-26T01:30:00Z,วัดโบสถ์,226,0.0,0.0,0.0,,,True
1790386200,2026-09-26T01:30:00Z,บางระกำ,246,0.0,0.0,0.0,,,True
1790386200,2026-09-26T01:30:00Z,บางกระทุ่ม,91,0.0,0.0,0.0,,,True
1790386200,2026-09-26T01:30:00Z,นครไทย,597,0.0,0.0,0.0,,,True
1790386200,2026-09-26T01:30:00Z,ชาติตระการ,415,0.0,0.0,0.0,,,True
1790386200,2026-09-26T01:30:00Z,บ้านเหลื่อม,55,0.0,0.0,0.0,,,True
1790386200,2026-09-26T01:30:00Z,เมืองพิษณุโลก,178,0.0,0.0,0.0,,,True
1790386200,2026-09-26T01:30:00Z,ชุมแสง,145,0.0,0.0,0.0,,,True
1790386200,2026-09-26T01:30:00Z,หนองบัว,208,0.0,0.0,0.0,,,True
1790386200,2026-09-26T01:30:00Z,เมืองนครสวรรค์,183,0.0,0.0,0.0,,,True
1790386200,2026-09-26T01:30:00Z,โกรกพระ,71,0.0,0.0,0.0,,,True
1790386200,2026-09-26T01:30:00Z,ไพศาลี,244,0.0,0.0,0.0,,,True
1790386200,2026-09-26T01:30:00Z,ตาคลี,206,0.0,0.0,0.0,,,True
1790386200,2026-09-26T01:30:00Z,ท่าตะโก,211,0.0,0.0,0.0,,,True
1790386200,2026-09-26T01:30:00Z,เขาค้อ,207,0.0,0.0,0.0,,,True
1790386200,2026-09-26T01:30:00Z,บรรพตพิสัย,181,0.0,0.0,0.0,,,True
1790386200,2026-09-26T01:30:00Z,เก้าเลี้ยว,57,0.0,0.0,0.0,,,True
1790386200,2026-09-26T01:30:00Z,วังโป่ง,123,0.0,0.0,0.0,,,True
1790386200,2026-09-26T01:30:00Z,บึงสามพัน,194,0.0,0.0,0.0,,,True
1790386200,2026-09-26T01:30:00Z,น้ำหนาว,231,0.0,0.0,0.0,,,True
1790386200,2026-09-26T01:30:00Z,ศรีเทพ,204,0.0,0.0,0.0,,,True
1790386200,2026-09-26T01:30:00Z,หนองไผ่,315,0.0,0.0,0.0,,,True
1790386200,2026-09-26T01:30:00Z,มหาราช,4,0.0,0.0,0.0,,,False
1790386200,2026-09-26T01:30:00Z,บ้านแพรก,10,0.0,0.0,0.0,,,True
1790386200,2026-09-26T01:30:00Z,บางมูลนาก,99,0.0,0.0,0.0,,,True
1790386200,2026-09-26T01:30:00Z,โพทะเล,131,0.0,0.0,0.0,,,True
1790386200,2026-09-26T01:30:00Z,โพธิ์ประทับช้าง,102,0.0,0.0,0.0,,,True
1790386200,2026-09-26T01:30:00Z,ตะพานหิน,109,0.0,0.0,0.0,,,True
1790386200,2026-09-26T01:30:00Z,เมืองพิจิตร,138,0.0,0.0,0.0,,,True
1790386200,2026-09-26T01:30:00Z,วังทรายพูน,66,0.0,0.0,0.0,,,True
1790387100,2026-09-26T01:45:00Z,พิชัย,176,0.0,0.0,0.0,,,True
1790387100,2026-09-26T01:45:00Z,ลับแล,116,0.0,0.0,0.0,,,True
1790387100,2026-09-26T01:45:00Z,ฟากท่า,163,0.0,0.0,0.0,,,True
1790387100,2026-09-26T01:45:00Z,บ้านโคก,247,0.0,0.0,0.0,,,True
1790387100,2026-09-26T01:45:00Z,ท่าปลา,442,0.0,0.0,0.0,,,True
1790387100,2026-09-26T01:45:00Z,น้ำปาด,363,0.0,0.0,0.0,,,True
1790387100,2026-09-26T01:45:00Z,เมืองอุตรดิตถ์,202,0.0,0.0,0.0,,,True
1790387100,2026-09-26T01:45:00Z,ตรอน,80,0.0,0.0,0.0,,,True
1790387100,2026-09-26T01:45:00Z,หล่มเก่า,246,0.0,0.0,0.0,,,True
1790387100,2026-09-26T01:45:00Z,วิเชียรบุรี,377,0.0,0.0,0.0,,,True
1790387100,2026-09-26T01:45:00Z,ชนแดน,279,0.0,0.0,0.0,,,True
1790387100,2026-09-26T01:45:00Z,หล่มสัก,350,0.0,0.0,0.0,,,True
1790387100,2026-09-26T01:45:00Z,เมืองเพชรบูรณ์,571,0.0,0.0,0.0,,,True
1790387100,2026-09-26T01:45:00Z,ทองแสนขัน,185,0.0,0.0,0.0,,,True
1790387100,2026-09-26T01:45:00Z,บึงสามัคคี,71,0.0,0.0,0.0,,,True
1790387100,2026-09-26T01:45:00Z,โกสัมพีนคร,137,0.0,0.0,0.0,,,True
1790387100,2026-09-26T01:45:00Z,สอง,380,0.0,0.0,0.0,,,True
1790387100,2026-09-26T01:45:00Z,วังชิ้น,255,0.0,0.0,0.0,,,True
1790387100,2026-09-26T01:45:00Z,สูงเม่น,88,0.0,0.0,0.0,,,True
1790387100,2026-09-26T01:45:00Z,เด่นชัย,135,0.0,0.0,0.0,,,True
1790387100,2026-09-26T01:45:00Z,ร้องกวาง,221,0.0,0.0,0.0,,,True
1790387100,2026-09-26T01:45:00Z,ลอง,317,0.0,0.0,0.0,,,True
1790387100,2026-09-26T01:45:00Z,เมืองแพร่,205,0.0,0.0,0.0,,,True
1790387100,2026-09-26T01:45:00Z,ทัพทัน,94,0.0,0.0,0.0,,,True
1790387100,2026-09-26T01:45:00Z,สว่างอารมณ์,110,0.01,0.201,0.0909,,15,True
1790387100,2026-09-26T01:45:00Z,เมืองอุทัยธานี,59,0.0,0.0,0.0,,,True
1790387100,2026-09-26T01:45:00Z,ห้วยคต,94,0.009,0.288,0.0532,,15,True
1790387100,2026-09-26T01:45:00Z,ศรีสวัสดิ์,440,0.012,0.201,0.1068,90,30,True
1790387100,2026-09-26T01:45:00Z,บ้านไร่,821,0.034,0.299,0.2351,45,15,True
1790387100,2026-09-26T01:45:00Z,ลานสัก,360,0.016,0.299,0.1167,90,15,True
1790387100,2026-09-26T01:45:00Z,หนองฉาง,89,0.0,0.0,0.0,,,True
1790387100,2026-09-26T01:45:00Z,หนองขาหย่าง,43,0.0,0.0,0.0,,,True
1790387100,2026-09-26T01:45:00Z,เชียงม่วน,82,0.0,0.0,0.0,,,True
1790387100,2026-09-26T01:45:00Z,ดอกคำใต้,37,0.0,0.0,0.0,,,True
1790387100,2026-09-26T01:45:00Z,เมืองพะเยา,6,0.0,0.0,0.0,,,True
1790387100,2026-09-26T01:45:00Z,ทองผาภูมิ,851,0.009,0.299,0.0529,,90,True
1790387100,2026-09-26T01:45:00Z,สังขละบุรี,793,0.0,0.0,0.0,,,True
1790387100,2026-09-26T01:45:00Z,หนองม่วงไข่,35,0.0,0.0,0.0,,,True
1790387100,2026-09-26T01:45:00Z,ภูเวียง,81,0.0,0.0,0.0,,,True
1790387100,2026-09-26T01:45:00Z,มัญจาคีรี,50,0.0,0.0,0.0,,,True
1790387100,2026-09-26T01:45:00Z,หนองปรือ,104,0.0,0.0,0.0,,,True
1790387100,2026-09-26T01:45:00Z,เลาขวัญ,123,0.005,0.098,0.0488,,75,True
1790387100,2026-09-26T01:45:00Z,หนองนาคำ,43,0.0,0.0,0.0,,,True
1790387100,2026-09-26T01:45:00Z,โคกโพธิ์ไชย,65,0.0,0.0,0.0,,,True
1790387100,2026-09-26T01:45:00Z,บ้านหลวง,91,0.0,0.0,0.0,,,True
1790387100,2026-09-26T01:45:00Z,นาน้อย,266,0.0,0.0,0.0,,,True
1790387100,2026-09-26T01:45:00Z,ภูผาม่าน,74,0.0,0.0,0.0,,,True
1790387100,2026-09-26T01:45:00Z,เมืองน่าน,161,0.0,0.0,0.0,,,True
1790387100,2026-09-26T01:45:00Z,แม่จริม,262,0.0,0.0,0.0,,,True
1790387100,2026-09-26T01:45:00Z,เวียงเก่า,78,0.0,0.0,0.0,,,True
1790387100,2026-09-26T01:45:00Z,เมืองกำแพงเพชร,368,0.0,0.0,0.0,,,True
1790387100,2026-09-26T01:45:00Z,ไทรงาม,133,0.0,0.0,0.0,,,True
1790387100,2026-09-26T01:45:00Z,ปางศิลาทอง,186,0.0,0.0,0.0,,,True
1790387100,2026-09-26T01:45:00Z,ลานกระบือ,103,0.0,0.0,0.0,,,True
1790387100,2026-09-26T01:45:00Z,ทรายทองวัฒนา,53,0.0,0.0,0.0,,,True
1790387100,2026-09-26T01:45:00Z,คลองขลุง,179,0.0,0.0,0.0,,,True
1790387100,2026-09-26T01:45:00Z,พรานกระต่าย,252,0.0,0.0,0.0,,,True
1790387100,2026-09-26T01:45:00Z,คลองลาน,363,0.0,0.0,0.0,,,True
1790387100,2026-09-26T01:45:00Z,ขาณุวรลักษบุรี,296,0.0,0.0,0.0,,,True
1790387100,2026-09-26T01:45:00Z,ภูเพียง,113,0.0,0.0,0.0,,,True
1790387100,2026-09-26T01:45:00Z,นาหมื่น,245,0.0,0.0,0.0,,,True
1790387100,2026-09-26T01:45:00Z,เวียงสา,543,0.0,0.0,0.0,,,True
1790387100,2026-09-26T01:45:00Z,น้ำโสม,153,0.0,0.0,0.0,,,True
1790387100,2026-09-26T01:45:00Z,นายูง,126,0.0,0.0,0.0,,,True
1790387100,2026-09-26T01:45:00Z,ชุมแพ,173,0.0,0.0,0.0,,,True
1790387100,2026-09-26T01:45:00Z,สีชมพู,132,0.0,0.0,0.0,,,True
1790387100,2026-09-26T01:45:00Z,สุวรรณคูหา,140,0.0,0.0,0.0,,,True
1790387100,2026-09-26T01:45:00Z,นาวัง,65,0.0,0.0,0.0,,,True
1790387100,2026-09-26T01:45:00Z,หนองเรือ,80,0.0,0.0,0.0,,,True
1790387100,2026-09-26T01:45:00Z,โนนสัง,51,0.0,0.0,0.0,,,True
1790387100,2026-09-26T01:45:00Z,ศรีบุญเรือง,224,0.0,0.0,0.0,,,True
1790387100,2026-09-26T01:45:00Z,เมืองหนองบัวลำภู,217,0.0,0.0,0.0,,,True
1790387100,2026-09-26T01:45:00Z,นากลาง,173,0.0,0.0,0.0,,,True
1790387100,2026-09-26T01:45:00Z,ทุ่งเสลี่ยม,144,0.0,0.0,0.0,,,True
1790387100,2026-09-26T01:45:00Z,ดอยหล่อ,56,0.0,0.0,0.0,,,True
1790387100,2026-09-26T01:45:00Z,เมืองตาก,486,0.0,0.0,0.0,,,True
1790387100,2026-09-26T01:45:00Z,แม่ออน,116,0.0,0.0,0.0,,,True
1790387100,2026-09-26T01:45:00Z,อุ้มผาง,1209,0.0,0.098,0.0017,,90,True
1790387100,2026-09-26T01:45:00Z,วังเจ้า,183,0.0,0.0,0.0,,,True
1790387100,2026-09-26T01:45:00Z,แม่สอด,398,0.0,0.0,0.0,,,True
1790387100,2026-09-26T01:45:00Z,พบพระ,249,0.0,0.0,0.0,,,True
1790387100,2026-09-26T01:45:00Z,แม่ระมาด,380,0.0,0.0,0.0,,,True
1790387100,2026-09-26T01:45:00Z,ท่าสองยาง,401,0.0,0.0,0.0,,,True
1790387100,2026-09-26T01:45:00Z,บ้านตาก,255,0.0,0.0,0.0,,,True
1790387100,2026-09-26T01:45:00Z,สามเงา,698,0.0,0.0,0.0,,,True
1790387100,2026-09-26T01:45:00Z,จอมทอง,280,0.0,0.0,0.0,,,True
1790387100,2026-09-26T01:45:00Z,แก้งสนามนาง,79,0.0,0.0,0.0,,,True
1790387100,2026-09-26T01:45:00Z,สีคิ้ว,292,0.0,0.0,0.0,,,True
1790387100,2026-09-26T01:45:00Z,พระทองคำ,90,0.0,0.0,0.0,,,True
1790387100,2026-09-26T01:45:00Z,เทพารักษ์,92,0.0,0.0,0.0,,,True
1790387100,2026-09-26T01:45:00Z,สันกำแพง,65,0.0,0.0,0.0,,,True
1790387100,2026-09-26T01:45:00Z,สันป่าตอง,44,0.0,0.0,0.0,,,True
1790387100,2026-09-26T01:45:00Z,ดอยเต่า,213,0.0,0.0,0.0,,,True
1790387100,2026-09-26T01:45:00Z,อมก๋อย,704,0.0,0.0,0.0,,,True
1790387100,2026-09-26T01:45:00Z,ฮอด,378,0.0,0.0,0.0,,,True
1790387100,2026-09-26T01:45:00Z,เมืองลำพูน,117,0.0,0.0,0.0,,,True
1790387100,2026-09-26T01:45:00Z,แม่ทา,192,0.0,0.0,0.0,,,True
1790387100,2026-09-26T01:45:00Z,บ้านธิ,34,0.0,0.0,0.0,,,True
1790387100,2026-09-26T01:45:00Z,บ้านหมอ,24,0.0,0.0,0.0,,,True
1790387100,2026-09-26T01:45:00Z,เวียงหนองล่อง,14,0.0,0.0,0.0,,,True
1790387100,2026-09-26T01:45:00Z,ทุ่งหัวช้าง,113,0.0,0.0,0.0,,,True
1790387100,2026-09-26T01:45:00Z,ป่าซาง,74,0.0,0.0,0.0,,,True
1790387100,2026-09-26T01:45:00Z,บ้านโฮ่ง,124,0.0,0.0,0.0,,,True
1790387100,2026-09-26T01:45:00Z,แก่งคอย,73,0.007,0.196,0.0411,,60,True
1790387100,2026-09-26T01:45:00Z,ลี้,454,0.0,0.0,0.0,,,True
1790387100,2026-09-26T01:45:00Z,พระพุทธบาท,55,0.036,0.299,0.2364,105,75,True
1790387100,2026-09-26T01:45:00Z,ดอนพุด,7,0.0,0.0,0.0,,,True
1790387100,2026-09-26T01:45:00Z,หนองโดน,31,0.013,0.098,0.129,120,120,True
1790387100,2026-09-26T01:45:00Z,เมืองลำปาง,300,0.002,0.098,0.02,,45,True
1790387100,2026-09-26T01:45:00Z,เถิน,443,0.0,0.0,0.0,,,True
1790387100,2026-09-26T01:45:00Z,แม่พริก,167,0.0,0.0,0.0,,,True
1790387100,2026-09-26T01:45:00Z,แจ้ห่ม,274,0.001,0.098,0.0109,,60,True
1790387100,2026-09-26T01:45:00Z,แม่เปิน,85,0.0,0.0,0.0,,,True
1790387100,2026-09-26T01:45:00Z,เสริมงาม,185,0.0,0.0,0.0,,,True
1790387100,2026-09-26T01:45:00Z,ชุมตาบง,61,0.0,0.0,0.0,,,True
1790387100,2026-09-26T01:45:00Z,งาว,344,0.001,0.098,0.0058,,15,True
1790387100,2026-09-26T01:45:00Z,ตากฟ้า,125,0.0,0.0,0.0,,,True
1790387100,2026-09-26T01:45:00Z,แม่เมาะ,283,0.001,0.098,0.0106,,30,True
1790387100,2026-09-26T01:45:00Z,แม่วงก์,257,0.0,0.0,0.0,,,True
1790387100,2026-09-26T01:45:00Z,เกาะคา,128,0.0,0.0,0.0,,,True
1790387100,2026-09-26T01:45:00Z,พยุหะคีรี,169,0.0,0.0,0.0,,,True
1790387100,2026-09-26T01:45:00Z,ลาดยาว,187,0.003,0.098,0.0267,,15,True
1790387100,2026-09-26T01:45:00Z,สบปราบ,125,0.0,0.0,0.0,,,True
1790387100,2026-09-26T01:45:00Z,ห้างฉัตร,154,0.002,0.098,0.0195,,120,True
1790387100,2026-09-26T01:45:00Z,แม่ทะ,203,0.0,0.0,0.0,,,True
1790387100,2026-09-26T01:45:00Z,เมืองปาน,202,0.0,0.0,0.0,,,True
1790387100,2026-09-26T01:45:00Z,เมืองอ่างทอง,6,0.0,0.0,0.0,,,True
1790387100,2026-09-26T01:45:00Z,ไชโย,20,0.0,0.0,0.0,,,True
1790387100,2026-09-26T01:45:00Z,สามโก้,10,0.0,0.0,0.0,,,True
1790387100,2026-09-26T01:45:00Z,แสวงหา,43,0.0,0.0,0.0,,,True
1790387100,2026-09-26T01:45:00Z,วิเศษชัยชาญ,7,0.0,0.0,0.0,,,True
1790387100,2026-09-26T01:45:00Z,โพธิ์ทอง,48,0.0,0.0,0.0,,,True
1790387100,2026-09-26T01:45:00Z,เมืองลพบุรี,190,0.0,0.0,0.0,,,True
1790387100,2026-09-26T01:45:00Z,เดิมบางนางบวช,130,0.014,0.098,0.1462,30,15,True
1790387100,2026-09-26T01:45:00Z,ด่านช้าง,309,0.004,0.201,0.0388,,15,True
1790387100,2026-09-26T01:45:00Z,หนองม่วง,111,0.0,0.0,0.0,,,True
1790387100,2026-09-26T01:45:00Z,ลำสนธิ,136,0.0,0.0,0.0,,,True
1790387100,2026-09-26T01:45:00Z,สามชุก,77,0.014,0.098,0.1429,60,45,True
1790387100,2026-09-26T01:45:00Z,ดอนเจดีย์,72,0.008,0.098,0.0833,,90,True
1790387100,2026-09-26T01:45:00Z,สระโบสถ์,83,0.0,0.0,0.0,,,True
1790387100,2026-09-26T01:45:00Z,ศรีประจันต์,41,0.014,0.098,0.1463,15,15,True
1790387100,2026-09-26T01:45:00Z,โคกเจริญ,135,0.0,0.0,0.0,,,True
1790387100,2026-09-26T01:45:00Z,บ้านหมี่,136,0.0,0.0,0.0,,,True
1790387100,2026-09-26T01:45:00Z,ท่าหลวง,100,0.002,0.098,0.02,,15,True
1790387100,2026-09-26T01:45:00Z,ชัยบาดาล,280,0.0,0.0,0.0,,,True
1790387100,2026-09-26T01:45:00Z,ท่าวุ้ง,64,0.0,0.0,0.0,,,True
1790387100,2026-09-26T01:45:00Z,พัฒนานิคม,217,0.022,0.201,0.1705,75,15,True
1790387100,2026-09-26T01:45:00Z,โคกสำโรง,180,0.0,0.0,0.0,,,True
1790387100,2026-09-26T01:45:00Z,หนองหญ้าไซ,108,0.018,0.098,0.1852,60,30,True
1790387100,2026-09-26T01:45:00Z,ท่าช้าง,11,0.0,0.0,0.0,,,True
1790387100,2026-09-26T01:45:00Z,อินทร์บุรี,66,0.0,0.0,0.0,,,True
1790387100,2026-09-26T01:45:00Z,ค่ายบางระจัน,26,0.0,0.0,0.0,,,True
1790387100,2026-09-26T01:45:00Z,พรหมบุรี,19,0.0,0.0,0.0,,,True
1790387100,2026-09-26T01:45:00Z,เนินสง่า,65,0.0,0.0,0.0,,,True
1790387100,2026-09-26T01:45:00Z,เมืองสิงห์บุรี,31,0.0,0.0,0.0,,,True
1790387100,2026-09-26T01:45:00Z,ซับใหญ่,72,0.0,0.0,0.0,,,True
1790387100,2026-09-26T01:45:00Z,บางระจัน,46,0.009,0.098,0.087,,15,True
1790387100,2026-09-26T01:45:00Z,ภูกระดึง,190,0.0,0.0,0.0,,,True
1790387100,2026-09-26T01:45:00Z,ภูหลวง,145,0.0,0.0,0.0,,,True
1790387100,2026-09-26T01:45:00Z,หนองหิน,78,0.0,0.0,0.0,,,True
1790387100,2026-09-26T01:45:00Z,ผาขาว,100,0.0,0.0,0.0,,,True
1790387100,2026-09-26T01:45:00Z,เอราวัณ,87,0.0,0.0,0.0,,,True
1790387100,2026-09-26T01:45:00Z,วังสะพุง,281,0.0,0.0,0.0,,,True
1790387100,2026-09-26T01:45:00Z,วังม่วง,70,0.042,0.201,0.2714,30,30,True
1790387100,2026-09-26T01:45:00Z,เฉลิมพระเกียรติ,35,0.025,0.201,0.1429,90,90,True
1790387100,2026-09-26T01:45:00Z,มวกเหล็ก,175,0.017,0.299,0.1143,15,15,True
1790387100,2026-09-26T01:45:00Z,บ้านเขว้า,124,0.0,0.0,0.0,,,True
1790387100,2026-09-26T01:45:00Z,คอนสวรรค์,113,0.0,0.0,0.0,,,True
1790387100,2026-09-26T01:45:00Z,เมืองชัยภูมิ,358,0.0,0.0,0.0,,,True
1790387100,2026-09-26T01:45:00Z,วังทอง,425,0.0,0.0,0.0,,,True
1790387100,2026-09-26T01:45:00Z,เนินมะปราง,276,0.0,0.0,0.0,,,True
1790387100,2026-09-26T01:45:00Z,สวรรคโลก,156,0.0,0.0,0.0,,,True
1790387100,2026-09-26T01:45:00Z,ศรีนคร,46,0.0,0.0,0.0,,,True
1790387100,2026-09-26T01:45:00Z,หันคา,139,0.0,0.0,0.0,,,True
1790387100,2026-09-26T01:45:00Z,ศรีสัชนาลัย,534,0.0,0.0,0.0,,,True
1790387100,2026-09-26T01:45:00Z,หนองมะโมง,76,0.0,0.0,0.0,,,True
1790387100,2026-09-26T01:45:00Z,ศรีสำโรง,142,0.0,0.0,0.0,,,True
1790387100,2026-09-26T01:45:00Z,สรรพยา,55,0.0,0.0,0.0,,,True
1790387100,2026-09-26T01:45:00Z,คีรีมาศ,171,0.0,0.0,0.0,,,True
1790387100,2026-09-26T01:45:00Z,สรรคบุรี,89,0.0,0.0,0.0,,,True
1790387100,2026-09-26T01:45:00Z,กงไกรลาศ,108,0.0,0.0,0.0,,,True
1790387100,2026-09-26T01:45:00Z,มโนรมย์,66,0.0,0.0,0.0,,,True
1790387100,2026-09-26T01:45:00Z,เมืองสุโขทัย,136,0.0,0.0,0.0,,,True
1790387100,2026-09-26T01:45:00Z,วัดสิงห์,67,0.0,0.0,0.0,,,True
1790387100,2026-09-26T01:45:00Z,บ้านด่านลานหอย,231,0.0,0.0,0.0,,,True
1790387100,2026-09-26T01:45:00Z,เมืองชัยนาท,70,0.0,0.0,0.0,,,True
1790387100,2026-09-26T01:45:00Z,เนินขาม,65,0.0,0.0,0.0,,,True
1790387100,2026-09-26T01:45:00Z,คอนสาร,334,0.0,0.0,0.0,,,True
1790387100,2026-09-26T01:45:00Z,ภักดีชุมพล,154,0.0,0.0,0.0,,,True
1790387100,2026-09-26T01:45:00Z,บ้านแท่น,76,0.0,0.0,0.0,,,True
1790387100,2026-09-26T01:45:00Z,แก้งคร้อ,168,0.0,0.0,0.0,,,True
1790387100,2026-09-26T01:45:00Z,ภูเขียว,201,0.0,0.0,0.0,,,True
1790387100,2026-09-26T01:45:00Z,หนองบัวระเหว,179,0.0,0.0,0.0,,,True
1790387100,2026-09-26T01:45:00Z,เทพสถิต,239,0.0,0.0,0.0,,,True
1790387100,2026-09-26T01:45:00Z,จัตุรัส,172,0.0,0.0,0.0,,,True
1790387100,2026-09-26T01:45:00Z,บำเหน็จณรงค์,120,0.0,0.0,0.0,,,True
1790387100,2026-09-26T01:45:00Z,เกษตรสมบูรณ์,268,0.0,0.0,0.0,,,True
1790387100,2026-09-26T01:45:00Z,หนองบัวแดง,537,0.0,0.0,0.0,,,True
1790387100,2026-09-26T01:45:00Z,ภูเรือ,168,0.0,0.0,0.0,,,True
1790387100,2026-09-26T01:45:00Z,ท่าลี่,171,0.0,0.0,0.0,,,True
1790387100,2026-09-26T01:45:00Z,วชิรบารมี,68,0.0,0.0,0.0,,,True
1790387100,2026-09-26T01:45:00Z,ด่านซ้าย,341,0.0,0.0,0.0,,,True
1790387100,2026-09-26T01:45:00Z,นาแห้ว,153,0.0,0.0,0.0,,,True
1790387100,2026-09-26T01:45:00Z,บึงนาราง,74,0.0,0.0,0.0,,,True
1790387100,2026-09-26T01:45:00Z,เชียงคาน,213,0.0,0.0,0.0,,,True
1790387100,2026-09-26T01:45:00Z,ดงเจริญ,56,0.0,0.0,0.0,,,True
1790387100,2026-09-26T01:45:00Z,ปากชม,240,0.0,0.0,0.0,,,True
1790387100,2026-09-26T01:45:00Z,เมืองเลย,314,0.0,0.0,0.0,,,True
1790387100,2026-09-26T01:45:00Z,นาด้วง,143,0.0,0.0,0.0,,,True
1790387100,2026-09-26T01:45:00Z,สากเหล็ก,45,0.0,0.0,0.0,,,True
1790387100,2026-09-26T01:45:00Z,สามง่าม,89,0.0,0.0,0.0,,,True
1790387100,2026-09-26T01:45:00Z,ทับคล้อ,104,0.0,0.0,0.0,,,True
1790387100,2026-09-26T01:45:00Z,พรหมพิราม,206,0.0,0.0,0.0,,,True
1790387100,2026-09-26T01:45:00Z,ด่านขุนทด,344,0.0,0.0,0.0,,,True
1790387100,2026-09-26T01:45:00Z,วัดโบสถ์,226,0.0,0.0,0.0,,,True
1790387100,2026-09-26T01:45:00Z,บางระกำ,246,0.0,0.0,0.0,,,True
1790387100,2026-09-26T01:45:00Z,บางกระทุ่ม,91,0.0,0.0,0.0,,,True
1790387100,2026-09-26T01:45:00Z,นครไทย,597,0.0,0.0,0.0,,,True
1790387100,2026-09-26T01:45:00Z,ชาติตระการ,415,0.0,0.0,0.0,,,True
1790387100,2026-09-26T01:45:00Z,บ้านเหลื่อม,55,0.0,0.0,0.0,,,True
1790387100,2026-09-26T01:45:00Z,เมืองพิษณุโลก,178,0.0,0.0,0.0,,,True
1790387100,2026-09-26T01:45:00Z,ชุมแสง,145,0.0,0.0,0.0,,,True
1790387100,2026-09-26T01:45:00Z,หนองบัว,208,0.0,0.0,0.0,,,True
1790387100,2026-09-26T01:45:00Z,เมืองนครสวรรค์,183,0.001,0.098,0.0055,,15,True
1790387100,2026-09-26T01:45:00Z,โกรกพระ,71,0.0,0.0,0.0,,,True
1790387100,2026-09-26T01:45:00Z,ไพศาลี,244,0.0,0.0,0.0,,,True
1790387100,2026-09-26T01:45:00Z,ตาคลี,206,0.0,0.0,0.0,,,True
1790387100,2026-09-26T01:45:00Z,ท่าตะโก,211,0.0,0.0,0.0,,,True
1790387100,2026-09-26T01:45:00Z,เขาค้อ,207,0.0,0.0,0.0,,,True
1790387100,2026-09-26T01:45:00Z,บรรพตพิสัย,181,0.0,0.0,0.0,,,True
1790387100,2026-09-26T01:45:00Z,เก้าเลี้ยว,57,0.0,0.0,0.0,,,True
1790387100,2026-09-26T01:45:00Z,วังโป่ง,123,0.0,0.0,0.0,,,True
1790387100,2026-09-26T01:45:00Z,บึงสามพัน,194,0.0,0.0,0.0,,,True
1790387100,2026-09-26T01:45:00Z,น้ำหนาว,231,0.0,0.0,0.0,,,True
1790387100,2026-09-26T01:45:00Z,ศรีเทพ,204,0.0,0.0,0.0,,,True
1790387100,2026-09-26T01:45:00Z,หนองไผ่,315,0.0,0.0,0.0,,,True
1790387100,2026-09-26T01:45:00Z,มหาราช,4,0.0,0.0,0.0,,,False
1790387100,2026-09-26T01:45:00Z,บ้านแพรก,10,0.0,0.0,0.0,,,True
1790387100,2026-09-26T01:45:00Z,บางมูลนาก,99,0.0,0.0,0.0,,,True
1790387100,2026-09-26T01:45:00Z,โพทะเล,131,0.0,0.0,0.0,,,True
1790387100,2026-09-26T01:45:00Z,โพธิ์ประทับช้าง,102,0.0,0.0,0.0,,,True
1790387100,2026-09-26T01:45:00Z,ตะพานหิน,109,0.0,0.0,0.0,,,True
1790387100,2026-09-26T01:45:00Z,เมืองพิจิตร,138,0.0,0.0,0.0,,,True
1790387100,2026-09-26T01:45:00Z,วังทรายพูน,66,0.0,0.0,0.0,,,True
1790387100,2026-09-26T01:45:00Z,พิชัย,176,0.0,0.0,0.0,,,True
1790387100,2026-09-26T01:45:00Z,ลับแล,116,0.0,0.0,0.0,,,True
1790387100,2026-09-26T01:45:00Z,ฟากท่า,163,0.0,0.0,0.0,,,True
1790387100,2026-09-26T01:45:00Z,บ้านโคก,247,0.0,0.0,0.0,,,True
1790387100,2026-09-26T01:45:00Z,ท่าปลา,442,0.0,0.0,0.0,,,True
1790387100,2026-09-26T01:45:00Z,น้ำปาด,363,0.0,0.0,0.0,,,True
1790387100,2026-09-26T01:45:00Z,เมืองอุตรดิตถ์,202,0.0,0.0,0.0,,,True
1790387100,2026-09-26T01:45:00Z,ตรอน,80,0.0,0.0,0.0,,,True
1790387100,2026-09-26T01:45:00Z,หล่มเก่า,246,0.0,0.0,0.0,,,True
1790387100,2026-09-26T01:45:00Z,วิเชียรบุรี,377,0.0,0.0,0.0,,,True
1790387100,2026-09-26T01:45:00Z,ชนแดน,279,0.0,0.0,0.0,,,True
1790387100,2026-09-26T01:45:00Z,หล่มสัก,350,0.0,0.0,0.0,,,True
1790387100,2026-09-26T01:45:00Z,เมืองเพชรบูรณ์,571,0.0,0.0,0.0,,,True
1790387100,2026-09-26T01:45:00Z,ทองแสนขัน,185,0.0,0.0,0.0,,,True
1790387100,2026-09-26T01:45:00Z,บึงสามัคคี,71,0.0,0.0,0.0,,,True
1790387100,2026-09-26T01:45:00Z,โกสัมพีนคร,137,0.0,0.0,0.0,,,True
1790387100,2026-09-26T01:45:00Z,สอง,380,0.0,0.0,0.0,,,True
1790387100,2026-09-26T01:45:00Z,วังชิ้น,255,0.0,0.0,0.0,,,True
1790387100,2026-09-26T01:45:00Z,สูงเม่น,88,0.0,0.0,0.0,,,True
1790387100,2026-09-26T01:45:00Z,เด่นชัย,135,0.0,0.0,0.0,,,True
1790387100,2026-09-26T01:45:00Z,ร้องกวาง,221,0.0,0.0,0.0,,,True
1790387100,2026-09-26T01:45:00Z,ลอง,317,0.0,0.0,0.0,,,True
1790387100,2026-09-26T01:45:00Z,เมืองแพร่,205,0.0,0.0,0.0,,,True
1790387100,2026-09-26T01:45:00Z,ทัพทัน,94,0.0,0.0,0.0,,,True
1790387100,2026-09-26T01:45:00Z,สว่างอารมณ์,110,0.01,0.201,0.0909,,15,True
1790387100,2026-09-26T01:45:00Z,เมืองอุทัยธานี,59,0.0,0.0,0.0,,,True
1790387100,2026-09-26T01:45:00Z,ห้วยคต,94,0.009,0.288,0.0532,,15,True
1790387100,2026-09-26T01:45:00Z,ศรีสวัสดิ์,440,0.012,0.201,0.1068,90,30,True
1790387100,2026-09-26T01:45:00Z,บ้านไร่,821,0.034,0.299,0.2351,45,15,True
1790387100,2026-09-26T01:45:00Z,ลานสัก,360,0.016,0.299,0.1167,90,15,True
1790387100,2026-09-26T01:45:00Z,หนองฉาง,89,0.0,0.0,0.0,,,True
1790387100,2026-09-26T01:45:00Z,หนองขาหย่าง,43,0.0,0.0,0.0,,,True
1790387100,2026-09-26T01:45:00Z,เชียงม่วน,82,0.0,0.0,0.0,,,True
1790387100,2026-09-26T01:45:00Z,ดอกคำใต้,37,0.0,0.0,0.0,,,True
1790387100,2026-09-26T01:45:00Z,เมืองพะเยา,6,0.0,0.0,0.0,,,True
1790387100,2026-09-26T01:45:00Z,ทองผาภูมิ,851,0.009,0.299,0.0529,,90,True
1790387100,2026-09-26T01:45:00Z,สังขละบุรี,793,0.0,0.0,0.0,,,True
1790387100,2026-09-26T01:45:00Z,หนองม่วงไข่,35,0.0,0.0,0.0,,,True
1790387100,2026-09-26T01:45:00Z,ภูเวียง,81,0.0,0.0,0.0,,,True
1790387100,2026-09-26T01:45:00Z,มัญจาคีรี,50,0.0,0.0,0.0,,,True
1790387100,2026-09-26T01:45:00Z,หนองปรือ,104,0.0,0.0,0.0,,,True
1790387100,2026-09-26T01:45:00Z,เลาขวัญ,123,0.005,0.098,0.0488,,75,True
1790387100,2026-09-26T01:45:00Z,หนองนาคำ,43,0.0,0.0,0.0,,,True
1790387100,2026-09-26T01:45:00Z,โคกโพธิ์ไชย,65,0.0,0.0,0.0,,,True
1790387100,2026-09-26T01:45:00Z,บ้านหลวง,91,0.0,0.0,0.0,,,True
1790387100,2026-09-26T01:45:00Z,นาน้อย,266,0.0,0.0,0.0,,,True
1790387100,2026-09-26T01:45:00Z,ภูผาม่าน,74,0.0,0.0,0.0,,,True
1790387100,2026-09-26T01:45:00Z,เมืองน่าน,161,0.0,0.0,0.0,,,True
1790387100,2026-09-26T01:45:00Z,แม่จริม,262,0.0,0.0,0.0,,,True
1790387100,2026-09-26T01:45:00Z,เวียงเก่า,78,0.0,0.0,0.0,,,True
1790387100,2026-09-26T01:45:00Z,เมืองกำแพงเพชร,368,0.0,0.0,0.0,,,True
1790387100,2026-09-26T01:45:00Z,ไทรงาม,133,0.0,0.0,0.0,,,True
1790387100,2026-09-26T01:45:00Z,ปางศิลาทอง,186,0.0,0.0,0.0,,,True
1790387100,2026-09-26T01:45:00Z,ลานกระบือ,103,0.0,0.0,0.0,,,True
1790387100,2026-09-26T01:45:00Z,ทรายทองวัฒนา,53,0.0,0.0,0.0,,,True
1790387100,2026-09-26T01:45:00Z,คลองขลุง,179,0.0,0.0,0.0,,,True
1790387100,2026-09-26T01:45:00Z,พรานกระต่าย,252,0.0,0.0,0.0,,,True
1790387100,2026-09-26T01:45:00Z,คลองลาน,363,0.0,0.0,0.0,,,True
1790387100,2026-09-26T01:45:00Z,ขาณุวรลักษบุรี,296,0.0,0.0,0.0,,,True
1790387100,2026-09-26T01:45:00Z,ภูเพียง,113,0.0,0.0,0.0,,,True
1790387100,2026-09-26T01:45:00Z,นาหมื่น,245,0.0,0.0,0.0,,,True
1790387100,2026-09-26T01:45:00Z,เวียงสา,543,0.0,0.0,0.0,,,True
1790387100,2026-09-26T01:45:00Z,น้ำโสม,153,0.0,0.0,0.0,,,True
1790387100,2026-09-26T01:45:00Z,นายูง,126,0.0,0.0,0.0,,,True
1790387100,2026-09-26T01:45:00Z,ชุมแพ,173,0.0,0.0,0.0,,,True
1790387100,2026-09-26T01:45:00Z,สีชมพู,132,0.0,0.0,0.0,,,True
1790387100,2026-09-26T01:45:00Z,สุวรรณคูหา,140,0.0,0.0,0.0,,,True
1790387100,2026-09-26T01:45:00Z,นาวัง,65,0.0,0.0,0.0,,,True
1790387100,2026-09-26T01:45:00Z,หนองเรือ,80,0.0,0.0,0.0,,,True
1790387100,2026-09-26T01:45:00Z,โนนสัง,51,0.0,0.0,0.0,,,True
1790387100,2026-09-26T01:45:00Z,ศรีบุญเรือง,224,0.0,0.0,0.0,,,True
1790387100,2026-09-26T01:45:00Z,เมืองหนองบัวลำภู,217,0.0,0.0,0.0,,,True
1790387100,2026-09-26T01:45:00Z,นากลาง,173,0.0,0.0,0.0,,,True
1790387100,2026-09-26T01:45:00Z,ทุ่งเสลี่ยม,144,0.0,0.0,0.0,,,True
1790387100,2026-09-26T01:45:00Z,ดอยหล่อ,56,0.0,0.0,0.0,,,True
1790387100,2026-09-26T01:45:00Z,เมืองตาก,486,0.0,0.0,0.0,,,True
1790387100,2026-09-26T01:45:00Z,แม่ออน,116,0.0,0.0,0.0,,,True
1790387100,2026-09-26T01:45:00Z,อุ้มผาง,1209,0.0,0.098,0.0017,,90,True
1790387100,2026-09-26T01:45:00Z,วังเจ้า,183,0.0,0.0,0.0,,,True
1790387100,2026-09-26T01:45:00Z,แม่สอด,398,0.0,0.0,0.0,,,True
1790387100,2026-09-26T01:45:00Z,พบพระ,249,0.0,0.0,0.0,,,True
1790387100,2026-09-26T01:45:00Z,แม่ระมาด,380,0.0,0.0,0.0,,,True
1790387100,2026-09-26T01:45:00Z,ท่าสองยาง,401,0.0,0.0,0.0,,,True
1790387100,2026-09-26T01:45:00Z,บ้านตาก,255,0.0,0.0,0.0,,,True
1790387100,2026-09-26T01:45:00Z,สามเงา,698,0.0,0.0,0.0,,,True
1790387100,2026-09-26T01:45:00Z,จอมทอง,280,0.0,0.0,0.0,,,True
1790387100,2026-09-26T01:45:00Z,แก้งสนามนาง,79,0.0,0.0,0.0,,,True
1790387100,2026-09-26T01:45:00Z,สีคิ้ว,292,0.0,0.0,0.0,,,True
1790387100,2026-09-26T01:45:00Z,พระทองคำ,90,0.0,0.0,0.0,,,True
1790387100,2026-09-26T01:45:00Z,เทพารักษ์,92,0.0,0.0,0.0,,,True
1790387100,2026-09-26T01:45:00Z,สันกำแพง,65,0.0,0.0,0.0,,,True
1790387100,2026-09-26T01:45:00Z,สันป่าตอง,44,0.0,0.0,0.0,,,True
1790387100,2026-09-26T01:45:00Z,ดอยเต่า,213,0.0,0.0,0.0,,,True
1790387100,2026-09-26T01:45:00Z,อมก๋อย,704,0.0,0.0,0.0,,,True
1790387100,2026-09-26T01:45:00Z,ฮอด,378,0.0,0.0,0.0,,,True
1790387100,2026-09-26T01:45:00Z,เมืองลำพูน,117,0.0,0.0,0.0,,,True
1790387100,2026-09-26T01:45:00Z,แม่ทา,192,0.0,0.0,0.0,,,True
1790387100,2026-09-26T01:45:00Z,บ้านธิ,34,0.0,0.0,0.0,,,True
1790387100,2026-09-26T01:45:00Z,บ้านหมอ,24,0.0,0.0,0.0,,,True
1790387100,2026-09-26T01:45:00Z,เวียงหนองล่อง,14,0.0,0.0,0.0,,,True
1790387100,2026-09-26T01:45:00Z,ทุ่งหัวช้าง,113,0.0,0.0,0.0,,,True
1790387100,2026-09-26T01:45:00Z,ป่าซาง,74,0.0,0.0,0.0,,,True
1790387100,2026-09-26T01:45:00Z,บ้านโฮ่ง,124,0.0,0.0,0.0,,,True
1790387100,2026-09-26T01:45:00Z,แก่งคอย,73,0.007,0.196,0.0411,,60,True
1790387100,2026-09-26T01:45:00Z,ลี้,454,0.0,0.0,0.0,,,True
1790387100,2026-09-26T01:45:00Z,พระพุทธบาท,55,0.036,0.299,0.2364,105,75,True
1790387100,2026-09-26T01:45:00Z,ดอนพุด,7,0.0,0.0,0.0,,,True
1790387100,2026-09-26T01:45:00Z,หนองโดน,31,0.013,0.098,0.129,120,120,True
1790387100,2026-09-26T01:45:00Z,เมืองลำปาง,300,0.002,0.098,0.02,,45,True
1790387100,2026-09-26T01:45:00Z,เถิน,443,0.0,0.0,0.0,,,True
1790387100,2026-09-26T01:45:00Z,แม่พริก,167,0.0,0.0,0.0,,,True
1790387100,2026-09-26T01:45:00Z,แจ้ห่ม,274,0.001,0.098,0.0109,,60,True
1790387100,2026-09-26T01:45:00Z,แม่เปิน,85,0.0,0.0,0.0,,,True
1790387100,2026-09-26T01:45:00Z,เสริมงาม,185,0.0,0.0,0.0,,,True
1790387100,2026-09-26T01:45:00Z,ชุมตาบง,61,0.0,0.0,0.0,,,True
1790387100,2026-09-26T01:45:00Z,งาว,344,0.001,0.098,0.0058,,15,True
1790387100,2026-09-26T01:45:00Z,ตากฟ้า,125,0.0,0.0,0.0,,,True
1790387100,2026-09-26T01:45:00Z,แม่เมาะ,283,0.001,0.098,0.0106,,30,True
1790387100,2026-09-26T01:45:00Z,แม่วงก์,257,0.0,0.0,0.0,,,True
1790387100,2026-09-26T01:45:00Z,เกาะคา,128,0.0,0.0,0.0,,,True
1790387100,2026-09-26T01:45:00Z,พยุหะคีรี,169,0.0,0.0,0.0,,,True
1790387100,2026-09-26T01:45:00Z,ลาดยาว,187,0.003,0.098,0.0267,,15,True
1790387100,2026-09-26T01:45:00Z,สบปราบ,125,0.0,0.0,0.0,,,True
1790387100,2026-09-26T01:45:00Z,ห้างฉัตร,154,0.002,0.098,0.0195,,120,True
1790387100,2026-09-26T01:45:00Z,แม่ทะ,203,0.0,0.0,0.0,,,True
1790387100,2026-09-26T01:45:00Z,เมืองปาน,202,0.0,0.0,0.0,,,True
1790387100,2026-09-26T01:45:00Z,เมืองอ่างทอง,6,0.0,0.0,0.0,,,True
1790387100,2026-09-26T01:45:00Z,ไชโย,20,0.0,0.0,0.0,,,True
1790387100,2026-09-26T01:45:00Z,สามโก้,10,0.0,0.0,0.0,,,True
1790387100,2026-09-26T01:45:00Z,แสวงหา,43,0.0,0.0,0.0,,,True
1790387100,2026-09-26T01:45:00Z,วิเศษชัยชาญ,7,0.0,0.0,0.0,,,True
1790387100,2026-09-26T01:45:00Z,โพธิ์ทอง,48,0.0,0.0,0.0,,,True
1790387100,2026-09-26T01:45:00Z,เมืองลพบุรี,190,0.0,0.0,0.0,,,True
1790387100,2026-09-26T01:45:00Z,เดิมบางนางบวช,130,0.014,0.098,0.1462,30,15,True
1790387100,2026-09-26T01:45:00Z,ด่านช้าง,309,0.004,0.201,0.0388,,15,True
1790387100,2026-09-26T01:45:00Z,หนองม่วง,111,0.0,0.0,0.0,,,True
1790387100,2026-09-26T01:45:00Z,ลำสนธิ,136,0.0,0.0,0.0,,,True
1790387100,2026-09-26T01:45:00Z,สามชุก,77,0.014,0.098,0.1429,60,45,True
1790387100,2026-09-26T01:45:00Z,ดอนเจดีย์,72,0.008,0.098,0.0833,,90,True
1790387100,2026-09-26T01:45:00Z,สระโบสถ์,83,0.0,0.0,0.0,,,True
1790387100,2026-09-26T01:45:00Z,ศรีประจันต์,41,0.014,0.098,0.1463,15,15,True
1790387100,2026-09-26T01:45:00Z,โคกเจริญ,135,0.0,0.0,0.0,,,True
1790387100,2026-09-26T01:45:00Z,บ้านหมี่,136,0.0,0.0,0.0,,,True
1790387100,2026-09-26T01:45:00Z,ท่าหลวง,100,0.002,0.098,0.02,,15,True
1790387100,2026-09-26T01:45:00Z,ชัยบาดาล,280,0.0,0.0,0.0,,,True
1790387100,2026-09-26T01:45:00Z,ท่าวุ้ง,64,0.0,0.0,0.0,,,True
1790387100,2026-09-26T01:45:00Z,พัฒนานิคม,217,0.022,0.201,0.1705,75,15,True
1790387100,2026-09-26T01:45:00Z,โคกสำโรง,180,0.0,0.0,0.0,,,True
1790387100,2026-09-26T01:45:00Z,หนองหญ้าไซ,108,0.018,0.098,0.1852,60,30,True
1790387100,2026-09-26T01:45:00Z,ท่าช้าง,11,0.0,0.0,0.0,,,True
1790387100,2026-09-26T01:45:00Z,อินทร์บุรี,66,0.0,0.0,0.0,,,True
1790387100,2026-09-26T01:45:00Z,ค่ายบางระจัน,26,0.0,0.0,0.0,,,True
1790387100,2026-09-26T01:45:00Z,พรหมบุรี,19,0.0,0.0,0.0,,,True
1790387100,2026-09-26T01:45:00Z,เนินสง่า,65,0.0,0.0,0.0,,,True
1790387100,2026-09-26T01:45:00Z,เมืองสิงห์บุรี,31,0.0,0.0,0.0,,,True
1790387100,2026-09-26T01:45:00Z,ซับใหญ่,72,0.0,0.0,0.0,,,True
1790387100,2026-09-26T01:45:00Z,บางระจัน,46,0.009,0.098,0.087,,15,True
1790387100,2026-09-26T01:45:00Z,ภูกระดึง,190,0.0,0.0,0.0,,,True
1790387100,2026-09-26T01:45:00Z,ภูหลวง,145,0.0,0.0,0.0,,,True
1790387100,2026-09-26T01:45:00Z,หนองหิน,78,0.0,0.0,0.0,,,True
1790387100,2026-09-26T01:45:00Z,ผาขาว,100,0.0,0.0,0.0,,,True
1790387100,2026-09-26T01:45:00Z,เอราวัณ,87,0.0,0.0,0.0,,,True
1790387100,2026-09-26T01:45:00Z,วังสะพุง,281,0.0,0.0,0.0,,,True
1790387100,2026-09-26T01:45:00Z,วังม่วง,70,0.042,0.201,0.2714,30,30,True
1790387100,2026-09-26T01:45:00Z,เฉลิมพระเกียรติ,35,0.025,0.201,0.1429,90,90,True
1790387100,2026-09-26T01:45:00Z,มวกเหล็ก,175,0.017,0.299,0.1143,15,15,True
1790387100,2026-09-26T01:45:00Z,บ้านเขว้า,124,0.0,0.0,0.0,,,True
1790387100,2026-09-26T01:45:00Z,คอนสวรรค์,113,0.0,0.0,0.0,,,True
1790387100,2026-09-26T01:45:00Z,เมืองชัยภูมิ,358,0.0,0.0,0.0,,,True
1790387100,2026-09-26T01:45:00Z,วังทอง,425,0.0,0.0,0.0,,,True
1790387100,2026-09-26T01:45:00Z,เนินมะปราง,276,0.0,0.0,0.0,,,True
1790387100,2026-09-26T01:45:00Z,สวรรคโลก,156,0.0,0.0,0.0,,,True
1790387100,2026-09-26T01:45:00Z,ศรีนคร,46,0.0,0.0,0.0,,,True
1790387100,2026-09-26T01:45:00Z,หันคา,139,0.0,0.0,0.0,,,True
1790387100,2026-09-26T01:45:00Z,ศรีสัชนาลัย,534,0.0,0.0,0.0,,,True
1790387100,2026-09-26T01:45:00Z,หนองมะโมง,76,0.0,0.0,0.0,,,True
1790387100,2026-09-26T01:45:00Z,ศรีสำโรง,142,0.0,0.0,0.0,,,True
1790387100,2026-09-26T01:45:00Z,สรรพยา,55,0.0,0.0,0.0,,,True
1790387100,2026-09-26T01:45:00Z,คีรีมาศ,171,0.0,0.0,0.0,,,True
1790387100,2026-09-26T01:45:00Z,สรรคบุรี,89,0.0,0.0,0.0,,,True
1790387100,2026-09-26T01:45:00Z,กงไกรลาศ,108,0.0,0.0,0.0,,,True
1790387100,2026-09-26T01:45:00Z,มโนรมย์,66,0.0,0.0,0.0,,,True
1790387100,2026-09-26T01:45:00Z,เมืองสุโขทัย,136,0.0,0.0,0.0,,,True
1790387100,2026-09-26T01:45:00Z,วัดสิงห์,67,0.0,0.0,0.0,,,True
1790387100,2026-09-26T01:45:00Z,บ้านด่านลานหอย,231,0.0,0.0,0.0,,,True
1790387100,2026-09-26T01:45:00Z,เมืองชัยนาท,70,0.0,0.0,0.0,,,True
1790387100,2026-09-26T01:45:00Z,เนินขาม,65,0.0,0.0,0.0,,,True
1790387100,2026-09-26T01:45:00Z,คอนสาร,334,0.0,0.0,0.0,,,True
1790387100,2026-09-26T01:45:00Z,ภักดีชุมพล,154,0.0,0.0,0.0,,,True
1790387100,2026-09-26T01:45:00Z,บ้านแท่น,76,0.0,0.0,0.0,,,True
1790387100,2026-09-26T01:45:00Z,แก้งคร้อ,168,0.0,0.0,0.0,,,True
1790387100,2026-09-26T01:45:00Z,ภูเขียว,201,0.0,0.0,0.0,,,True
1790387100,2026-09-26T01:45:00Z,หนองบัวระเหว,179,0.0,0.0,0.0,,,True
1790387100,2026-09-26T01:45:00Z,เทพสถิต,239,0.0,0.0,0.0,,,True
1790387100,2026-09-26T01:45:00Z,จัตุรัส,172,0.0,0.0,0.0,,,True
1790387100,2026-09-26T01:45:00Z,บำเหน็จณรงค์,120,0.0,0.0,0.0,,,True
1790387100,2026-09-26T01:45:00Z,เกษตรสมบูรณ์,268,0.0,0.0,0.0,,,True
1790387100,2026-09-26T01:45:00Z,หนองบัวแดง,537,0.0,0.0,0.0,,,True
1790387100,2026-09-26T01:45:00Z,ภูเรือ,168,0.0,0.0,0.0,,,True
1790387100,2026-09-26T01:45:00Z,ท่าลี่,171,0.0,0.0,0.0,,,True
1790387100,2026-09-26T01:45:00Z,วชิรบารมี,68,0.0,0.0,0.0,,,True
1790387100,2026-09-26T01:45:00Z,ด่านซ้าย,341,0.0,0.0,0.0,,,True
1790387100,2026-09-26T01:45:00Z,นาแห้ว,153,0.0,0.0,0.0,,,True
1790387100,2026-09-26T01:45:00Z,บึงนาราง,74,0.0,0.0,0.0,,,True
1790387100,2026-09-26T01:45:00Z,เชียงคาน,213,0.0,0.0,0.0,,,True
1790387100,2026-09-26T01:45:00Z,ดงเจริญ,56,0.0,0.0,0.0,,,True
1790387100,2026-09-26T01:45:00Z,ปากชม,240,0.0,0.0,0.0,,,True
1790387100,2026-09-26T01:45:00Z,เมืองเลย,314,0.0,0.0,0.0,,,True
1790387100,2026-09-26T01:45:00Z,นาด้วง,143,0.0,0.0,0.0,,,True
1790387100,2026-09-26T01:45:00Z,สากเหล็ก,45,0.0,0.0,0.0,,,True
1790387100,2026-09-26T01:45:00Z,สามง่าม,89,0.0,0.0,0.0,,,True
1790387100,2026-09-26T01:45:00Z,ทับคล้อ,104,0.0,0.0,0.0,,,True
1790387100,2026-09-26T01:45:00Z,พรหมพิราม,206,0.0,0.0,0.0,,,True
1790387100,2026-09-26T01:45:00Z,ด่านขุนทด,344,0.0,0.0,0.0,,,True
1790387100,2026-09-26T01:45:00Z,วัดโบสถ์,226,0.0,0.0,0.0,,,True
1790387100,2026-09-26T01:45:00Z,บางระกำ,246,0.0,0.0,0.0,,,True
1790387100,2026-09-26T01:45:00Z,บางกระทุ่ม,91,0.0,0.0,0.0,,,True
1790387100,2026-09-26T01:45:00Z,นครไทย,597,0.0,0.0,0.0,,,True
1790387100,2026-09-26T01:45:00Z,ชาติตระการ,415,0.0,0.0,0.0,,,True
1790387100,2026-09-26T01:45:00Z,บ้านเหลื่อม,55,0.0,0.0,0.0,,,True
1790387100,2026-09-26T01:45:00Z,เมืองพิษณุโลก,178,0.0,0.0,0.0,,,True
1790387100,2026-09-26T01:45:00Z,ชุมแสง,145,0.0,0.0,0.0,,,True
1790387100,2026-09-26T01:45:00Z,หนองบัว,208,0.0,0.0,0.0,,,True
1790387100,2026-09-26T01:45:00Z,เมืองนครสวรรค์,183,0.001,0.098,0.0055,,15,True
1790387100,2026-09-26T01:45:00Z,โกรกพระ,71,0.0,0.0,0.0,,,True
1790387100,2026-09-26T01:45:00Z,ไพศาลี,244,0.0,0.0,0.0,,,True
1790387100,2026-09-26T01:45:00Z,ตาคลี,206,0.0,0.0,0.0,,,True
1790387100,2026-09-26T01:45:00Z,ท่าตะโก,211,0.0,0.0,0.0,,,True
1790387100,2026-09-26T01:45:00Z,เขาค้อ,207,0.0,0.0,0.0,,,True
1790387100,2026-09-26T01:45:00Z,บรรพตพิสัย,181,0.0,0.0,0.0,,,True
1790387100,2026-09-26T01:45:00Z,เก้าเลี้ยว,57,0.0,0.0,0.0,,,True
1790387100,2026-09-26T01:45:00Z,วังโป่ง,123,0.0,0.0,0.0,,,True
1790387100,2026-09-26T01:45:00Z,บึงสามพัน,194,0.0,0.0,0.0,,,True
1790387100,2026-09-26T01:45:00Z,น้ำหนาว,231,0.0,0.0,0.0,,,True
1790387100,2026-09-26T01:45:00Z,ศรีเทพ,204,0.0,0.0,0.0,,,True
1790387100,2026-09-26T01:45:00Z,หนองไผ่,315,0.0,0.0,0.0,,,True
1790387100,2026-09-26T01:45:00Z,มหาราช,4,0.0,0.0,0.0,,,False
1790387100,2026-09-26T01:45:00Z,บ้านแพรก,10,0.0,0.0,0.0,,,True
1790387100,2026-09-26T01:45:00Z,บางมูลนาก,99,0.0,0.0,0.0,,,True
1790387100,2026-09-26T01:45:00Z,โพทะเล,131,0.0,0.0,0.0,,,True
1790387100,2026-09-26T01:45:00Z,โพธิ์ประทับช้าง,102,0.0,0.0,0.0,,,True
1790387100,2026-09-26T01:45:00Z,ตะพานหิน,109,0.0,0.0,0.0,,,True
1790387100,2026-09-26T01:45:00Z,เมืองพิจิตร,138,0.0,0.0,0.0,,,True
1790387100,2026-09-26T01:45:00Z,วังทรายพูน,66,0.0,0.0,0.0,,,True
1790388000,2026-09-26T02:00:00Z,พิชัย,176,0.0,0.0,0.0,,,True
1790388000,2026-09-26T02:00:00Z,ลับแล,116,0.0,0.0,0.0,,,True
1790388000,2026-09-26T02:00:00Z,ฟากท่า,163,0.0,0.0,0.0,,,True
1790388000,2026-09-26T02:00:00Z,บ้านโคก,247,0.0,0.0,0.0,,,True
1790388000,2026-09-26T02:00:00Z,ท่าปลา,442,0.0,0.0,0.0,,,True
1790388000,2026-09-26T02:00:00Z,น้ำปาด,363,0.0,0.0,0.0,,,True
1790388000,2026-09-26T02:00:00Z,เมืองอุตรดิตถ์,202,0.0,0.0,0.0,,,True
1790388000,2026-09-26T02:00:00Z,ตรอน,80,0.0,0.0,0.0,,,True
1790388000,2026-09-26T02:00:00Z,หล่มเก่า,246,0.0,0.0,0.0,,,True
1790388000,2026-09-26T02:00:00Z,วิเชียรบุรี,377,0.0,0.0,0.0,,,True
1790388000,2026-09-26T02:00:00Z,ชนแดน,279,0.0,0.0,0.0,,,True
1790388000,2026-09-26T02:00:00Z,หล่มสัก,350,0.0,0.0,0.0,,,True
1790388000,2026-09-26T02:00:00Z,เมืองเพชรบูรณ์,571,0.0,0.0,0.0,,,True
1790388000,2026-09-26T02:00:00Z,ทองแสนขัน,185,0.0,0.0,0.0,,,True
1790388000,2026-09-26T02:00:00Z,บึงสามัคคี,71,0.0,0.0,0.0,,,True
1790388000,2026-09-26T02:00:00Z,โกสัมพีนคร,137,0.0,0.0,0.0,,,True
1790388000,2026-09-26T02:00:00Z,สอง,380,0.0,0.0,0.0,,,True
1790388000,2026-09-26T02:00:00Z,วังชิ้น,255,0.0,0.0,0.0,,,True
1790388000,2026-09-26T02:00:00Z,สูงเม่น,88,0.0,0.0,0.0,,,True
1790388000,2026-09-26T02:00:00Z,เด่นชัย,135,0.0,0.0,0.0,,,True
1790388000,2026-09-26T02:00:00Z,ร้องกวาง,221,0.0,0.0,0.0,,,True
1790388000,2026-09-26T02:00:00Z,ลอง,317,0.0,0.0,0.0,,,True
1790388000,2026-09-26T02:00:00Z,เมืองแพร่,205,0.0,0.0,0.0,,,True
1790388000,2026-09-26T02:00:00Z,ทัพทัน,94,0.0,0.0,0.0,,,True
1790388000,2026-09-26T02:00:00Z,สว่างอารมณ์,110,0.013,0.196,0.1182,60,15,True
1790388000,2026-09-26T02:00:00Z,เมืองอุทัยธานี,59,0.0,0.0,0.0,,,True
1790388000,2026-09-26T02:00:00Z,ห้วยคต,94,0.008,0.098,0.0851,,15,True
1790388000,2026-09-26T02:00:00Z,ศรีสวัสดิ์,440,0.017,0.201,0.1432,75,45,True
1790388000,2026-09-26T02:00:00Z,บ้านไร่,821,0.032,0.299,0.2558,30,15,True
1790388000,2026-09-26T02:00:00Z,ลานสัก,360,0.011,0.201,0.1,120,15,True
1790388000,2026-09-26T02:00:00Z,หนองฉาง,89,0.0,0.0,0.0,,,True
1790388000,2026-09-26T02:00:00Z,หนองขาหย่าง,43,0.0,0.0,0.0,,,True
1790388000,2026-09-26T02:00:00Z,เชียงม่วน,82,0.0,0.0,0.0,,,True
1790388000,2026-09-26T02:00:00Z,ดอกคำใต้,37,0.0,0.0,0.0,,,True
1790388000,2026-09-26T02:00:00Z,เมืองพะเยา,6,0.0,0.0,0.0,,,True
1790388000,2026-09-26T02:00:00Z,ทองผาภูมิ,851,0.007,0.402,0.0541,,75,True
1790388000,2026-09-26T02:00:00Z,สังขละบุรี,793,0.0,0.0,0.0,,,True
1790388000,2026-09-26T02:00:00Z,หนองม่วงไข่,35,0.0,0.0,0.0,,,True
1790388000,2026-09-26T02:00:00Z,ภูเวียง,81,0.0,0.0,0.0,,,True
1790388000,2026-09-26T02:00:00Z,มัญจาคีรี,50,0.0,0.0,0.0,,,True
1790388000,2026-09-26T02:00:00Z,หนองปรือ,104,0.0,0.0,0.0,,,True
1790388000,2026-09-26T02:00:00Z,เลาขวัญ,123,0.017,0.201,0.1382,90,75,True
1790388000,2026-09-26T02:00:00Z,หนองนาคำ,43,0.0,0.0,0.0,,,True
1790388000,2026-09-26T02:00:00Z,โคกโพธิ์ไชย,65,0.0,0.0,0.0,,,True
1790388000,2026-09-26T02:00:00Z,บ้านหลวง,91,0.0,0.0,0.0,,,True
1790388000,2026-09-26T02:00:00Z,นาน้อย,266,0.0,0.0,0.0,,,True
1790388000,2026-09-26T02:00:00Z,ภูผาม่าน,74,0.0,0.0,0.0,,,True
1790388000,2026-09-26T02:00:00Z,เมืองน่าน,161,0.0,0.0,0.0,,,True
1790388000,2026-09-26T02:00:00Z,แม่จริม,262,0.0,0.0,0.0,,,True
1790388000,2026-09-26T02:00:00Z,เวียงเก่า,78,0.0,0.0,0.0,,,True
1790388000,2026-09-26T02:00:00Z,เมืองกำแพงเพชร,368,0.0,0.0,0.0,,,True
1790388000,2026-09-26T02:00:00Z,ไทรงาม,133,0.0,0.0,0.0,,,True
1790388000,2026-09-26T02:00:00Z,ปางศิลาทอง,186,0.0,0.0,0.0,,,True
1790388000,2026-09-26T02:00:00Z,ลานกระบือ,103,0.0,0.0,0.0,,,True
1790388000,2026-09-26T02:00:00Z,ทรายทองวัฒนา,53,0.0,0.0,0.0,,,True
1790388000,2026-09-26T02:00:00Z,คลองขลุง,179,0.0,0.0,0.0,,,True
1790388000,2026-09-26T02:00:00Z,พรานกระต่าย,252,0.0,0.0,0.0,,,True
1790388000,2026-09-26T02:00:00Z,คลองลาน,363,0.0,0.0,0.0,,,True
1790388000,2026-09-26T02:00:00Z,ขาณุวรลักษบุรี,296,0.0,0.0,0.0,,,True
1790388000,2026-09-26T02:00:00Z,ภูเพียง,113,0.0,0.0,0.0,,,True
1790388000,2026-09-26T02:00:00Z,นาหมื่น,245,0.0,0.0,0.0,,,True
1790388000,2026-09-26T02:00:00Z,เวียงสา,543,0.0,0.0,0.0,,,True
1790388000,2026-09-26T02:00:00Z,น้ำโสม,153,0.0,0.0,0.0,,,True
1790388000,2026-09-26T02:00:00Z,นายูง,126,0.0,0.0,0.0,,,True
1790388000,2026-09-26T02:00:00Z,ชุมแพ,173,0.0,0.0,0.0,,,True
1790388000,2026-09-26T02:00:00Z,สีชมพู,132,0.0,0.0,0.0,,,True
1790388000,2026-09-26T02:00:00Z,สุวรรณคูหา,140,0.0,0.0,0.0,,,True
1790388000,2026-09-26T02:00:00Z,นาวัง,65,0.0,0.0,0.0,,,True
1790388000,2026-09-26T02:00:00Z,หนองเรือ,80,0.0,0.0,0.0,,,True
1790388000,2026-09-26T02:00:00Z,โนนสัง,51,0.0,0.0,0.0,,,True
1790388000,2026-09-26T02:00:00Z,ศรีบุญเรือง,224,0.0,0.0,0.0,,,True
1790388000,2026-09-26T02:00:00Z,เมืองหนองบัวลำภู,217,0.0,0.0,0.0,,,True
1790388000,2026-09-26T02:00:00Z,นากลาง,173,0.0,0.0,0.0,,,True
1790388000,2026-09-26T02:00:00Z,ทุ่งเสลี่ยม,144,0.0,0.0,0.0,,,True
1790388000,2026-09-26T02:00:00Z,ดอยหล่อ,56,0.0,0.0,0.0,,,True
1790388000,2026-09-26T02:00:00Z,เมืองตาก,486,0.0,0.0,0.0,,,True
1790388000,2026-09-26T02:00:00Z,แม่ออน,116,0.0,0.0,0.0,,,True
1790388000,2026-09-26T02:00:00Z,อุ้มผาง,1209,0.0,0.098,0.0008,,90,True
1790388000,2026-09-26T02:00:00Z,วังเจ้า,183,0.0,0.0,0.0,,,True
1790388000,2026-09-26T02:00:00Z,แม่สอด,398,0.0,0.0,0.0,,,True
1790388000,2026-09-26T02:00:00Z,พบพระ,249,0.0,0.0,0.0,,,True
1790388000,2026-09-26T02:00:00Z,แม่ระมาด,380,0.0,0.0,0.0,,,True
1790388000,2026-09-26T02:00:00Z,ท่าสองยาง,401,0.0,0.0,0.0,,,True
1790388000,2026-09-26T02:00:00Z,บ้านตาก,255,0.0,0.0,0.0,,,True
1790388000,2026-09-26T02:00:00Z,สามเงา,698,0.0,0.0,0.0,,,True
1790388000,2026-09-26T02:00:00Z,จอมทอง,280,0.0,0.0,0.0,,,True
1790388000,2026-09-26T02:00:00Z,แก้งสนามนาง,79,0.0,0.0,0.0,,,True
1790388000,2026-09-26T02:00:00Z,สีคิ้ว,292,0.001,0.098,0.0137,,15,True
1790388000,2026-09-26T02:00:00Z,พระทองคำ,90,0.0,0.0,0.0,,,True
1790388000,2026-09-26T02:00:00Z,เทพารักษ์,92,0.0,0.0,0.0,,,True
1790388000,2026-09-26T02:00:00Z,สันกำแพง,65,0.0,0.0,0.0,,,True
1790388000,2026-09-26T02:00:00Z,สันป่าตอง,44,0.0,0.0,0.0,,,True
1790388000,2026-09-26T02:00:00Z,ดอยเต่า,213,0.0,0.0,0.0,,,True
1790388000,2026-09-26T02:00:00Z,อมก๋อย,704,0.0,0.0,0.0,,,True
1790388000,2026-09-26T02:00:00Z,ฮอด,378,0.0,0.0,0.0,,,True
1790388000,2026-09-26T02:00:00Z,เมืองลำพูน,117,0.0,0.0,0.0,,,True
1790388000,2026-09-26T02:00:00Z,แม่ทา,192,0.0,0.0,0.0,,,True
1790388000,2026-09-26T02:00:00Z,บ้านธิ,34,0.0,0.0,0.0,,,True
1790388000,2026-09-26T02:00:00Z,บ้านหมอ,24,0.0,0.0,0.0,,,True
1790388000,2026-09-26T02:00:00Z,เวียงหนองล่อง,14,0.0,0.0,0.0,,,True
1790388000,2026-09-26T02:00:00Z,ทุ่งหัวช้าง,113,0.0,0.0,0.0,,,True
1790388000,2026-09-26T02:00:00Z,ป่าซาง,74,0.0,0.0,0.0,,,True
1790388000,2026-09-26T02:00:00Z,บ้านโฮ่ง,124,0.0,0.0,0.0,,,True
1790388000,2026-09-26T02:00:00Z,แก่งคอย,73,0.004,0.294,0.0137,,75,True
1790388000,2026-09-26T02:00:00Z,ลี้,454,0.0,0.0,0.0,,,True
1790388000,2026-09-26T02:00:00Z,พระพุทธบาท,55,0.039,0.201,0.3091,120,90,True
1790388000,2026-09-26T02:00:00Z,ดอนพุด,7,0.0,0.0,0.0,,,True
1790388000,2026-09-26T02:00:00Z,หนองโดน,31,0.0,0.0,0.0,,,True
1790388000,2026-09-26T02:00:00Z,เมืองลำปาง,300,0.0,0.0,0.0,,,True
1790388000,2026-09-26T02:00:00Z,เถิน,443,0.0,0.0,0.0,,,True
1790388000,2026-09-26T02:00:00Z,แม่พริก,167,0.0,0.0,0.0,,,True
1790388000,2026-09-26T02:00:00Z,แจ้ห่ม,274,0.0,0.0,0.0,,,True
1790388000,2026-09-26T02:00:00Z,แม่เปิน,85,0.0,0.0,0.0,,,True
1790388000,2026-09-26T02:00:00Z,เสริมงาม,185,0.0,0.0,0.0,,,True
1790388000,2026-09-26T02:00:00Z,ชุมตาบง,61,0.003,0.098,0.0328,,45,True
1790388000,2026-09-26T02:00:00Z,งาว,344,0.0,0.0,0.0,,,True
1790388000,2026-09-26T02:00:00Z,ตากฟ้า,125,0.0,0.0,0.0,,,True
1790388000,2026-09-26T02:00:00Z,แม่เมาะ,283,0.0,0.0,0.0,,,True
1790388000,2026-09-26T02:00:00Z,แม่วงก์,257,0.0,0.0,0.0,,,True
1790388000,2026-09-26T02:00:00Z,เกาะคา,128,0.0,0.0,0.0,,,True
1790388000,2026-09-26T02:00:00Z,พยุหะคีรี,169,0.0,0.0,0.0,,,True
1790388000,2026-09-26T02:00:00Z,ลาดยาว,187,0.004,0.196,0.0321,,15,True
1790388000,2026-09-26T02:00:00Z,สบปราบ,125,0.0,0.0,0.0,,,True
1790388000,2026-09-26T02:00:00Z,ห้างฉัตร,154,0.0,0.0,0.0,,,True
1790388000,2026-09-26T02:00:00Z,แม่ทะ,203,0.0,0.0,0.0,,,True
1790388000,2026-09-26T02:00:00Z,เมืองปาน,202,0.0,0.0,0.0,,,True
1790388000,2026-09-26T02:00:00Z,เมืองอ่างทอง,6,0.0,0.0,0.0,,,True
1790388000,2026-09-26T02:00:00Z,ไชโย,20,0.0,0.0,0.0,,,True
1790388000,2026-09-26T02:00:00Z,สามโก้,10,0.0,0.0,0.0,,,True
1790388000,2026-09-26T02:00:00Z,แสวงหา,43,0.0,0.0,0.0,,,True
1790388000,2026-09-26T02:00:00Z,วิเศษชัยชาญ,7,0.0,0.0,0.0,,,True
1790388000,2026-09-26T02:00:00Z,โพธิ์ทอง,48,0.0,0.0,0.0,,,True
1790388000,2026-09-26T02:00:00Z,เมืองลพบุรี,190,0.003,0.098,0.0263,,105,True
1790388000,2026-09-26T02:00:00Z,เดิมบางนางบวช,130,0.015,0.201,0.1462,30,15,True
1790388000,2026-09-26T02:00:00Z,ด่านช้าง,309,0.008,0.201,0.0647,,15,True
1790388000,2026-09-26T02:00:00Z,หนองม่วง,111,0.0,0.0,0.0,,,True
1790388000,2026-09-26T02:00:00Z,ลำสนธิ,136,0.0,0.0,0.0,,,True
1790388000,2026-09-26T02:00:00Z,สามชุก,77,0.037,0.196,0.3636,30,15,True
1790388000,2026-09-26T02:00:00Z,ดอนเจดีย์,72,0.022,0.098,0.2222,75,60,True
1790388000,2026-09-26T02:00:00Z,สระโบสถ์,83,0.0,0.0,0.0,,,True
1790388000,2026-09-26T02:00:00Z,ศรีประจันต์,41,0.0,0.0,0.0,,,True
1790388000,2026-09-26T02:00:00Z,โคกเจริญ,135,0.0,0.0,0.0,,,True
1790388000,2026-09-26T02:00:00Z,บ้านหมี่,136,0.0,0.0,0.0,,,True
1790388000,2026-09-26T02:00:00Z,ท่าหลวง,100,0.017,0.299,0.13,30,15,True
1790388000,2026-09-26T02:00:00Z,ชัยบาดาล,280,0.0,0.0,0.0,,,True
1790388000,2026-09-26T02:00:00Z,ท่าวุ้ง,64,0.0,0.0,0.0,,,True
1790388000,2026-09-26T02:00:00Z,พัฒนานิคม,217,0.115,0.5,0.47,45,15,True
1790388000,2026-09-26T02:00:00Z,โคกสำโรง,180,0.0,0.0,0.0,,,True
1790388000,2026-09-26T02:00:00Z,หนองหญ้าไซ,108,0.037,0.201,0.3426,45,30,True
1790388000,2026-09-26T02:00:00Z,ท่าช้าง,11,0.0,0.0,0.0,,,True
1790388000,2026-09-26T02:00:00Z,อินทร์บุรี,66,0.0,0.0,0.0,,,True
1790388000,2026-09-26T02:00:00Z,ค่ายบางระจัน,26,0.0,0.0,0.0,,,True
1790388000,2026-09-26T02:00:00Z,พรหมบุรี,19,0.0,0.0,0.0,,,True
1790388000,2026-09-26T02:00:00Z,เนินสง่า,65,0.0,0.0,0.0,,,True
1790388000,2026-09-26T02:00:00Z,เมืองสิงห์บุรี,31,0.0,0.0,0.0,,,True
1790388000,2026-09-26T02:00:00Z,ซับใหญ่,72,0.0,0.0,0.0,,,True
1790388000,2026-09-26T02:00:00Z,บางระจัน,46,0.0,0.0,0.0,,,True
1790388000,2026-09-26T02:00:00Z,ภูกระดึง,190,0.0,0.0,0.0,,,True
1790388000,2026-09-26T02:00:00Z,ภูหลวง,145,0.0,0.0,0.0,,,True
1790388000,2026-09-26T02:00:00Z,หนองหิน,78,0.0,0.0,0.0,,,True
1790388000,2026-09-26T02:00:00Z,ผาขาว,100,0.0,0.0,0.0,,,True
1790388000,2026-09-26T02:00:00Z,เอราวัณ,87,0.0,0.0,0.0,,,True
1790388000,2026-09-26T02:00:00Z,วังสะพุง,281,0.0,0.0,0.0,,,True
1790388000,2026-09-26T02:00:00Z,วังม่วง,70,0.105,0.397,0.3714,45,30,True
1790388000,2026-09-26T02:00:00Z,เฉลิมพระเกียรติ,35,0.006,0.098,0.0571,,105,True
1790388000,2026-09-26T02:00:00Z,มวกเหล็ก,175,0.031,0.397,0.1657,15,15,True
1790388000,2026-09-26T02:00:00Z,บ้านเขว้า,124,0.0,0.0,0.0,,,True
1790388000,2026-09-26T02:00:00Z,คอนสวรรค์,113,0.0,0.0,0.0,,,True
1790388000,2026-09-26T02:00:00Z,เมืองชัยภูมิ,358,0.0,0.0,0.0,,,True
1790388000,2026-09-26T02:00:00Z,วังทอง,425,0.0,0.0,0.0,,,True
1790388000,2026-09-26T02:00:00Z,เนินมะปราง,276,0.0,0.0,0.0,,,True
1790388000,2026-09-26T02:00:00Z,สวรรคโลก,156,0.0,0.0,0.0,,,True
1790388000,2026-09-26T02:00:00Z,ศรีนคร,46,0.0,0.0,0.0,,,True
1790388000,2026-09-26T02:00:00Z,หันคา,139,0.0,0.0,0.0,,,True
1790388000,2026-09-26T02:00:00Z,ศรีสัชนาลัย,534,0.0,0.0,0.0,,,True
1790388000,2026-09-26T02:00:00Z,หนองมะโมง,76,0.0,0.0,0.0,,,True
1790388000,2026-09-26T02:00:00Z,ศรีสำโรง,142,0.0,0.0,0.0,,,True
1790388000,2026-09-26T02:00:00Z,สรรพยา,55,0.0,0.0,0.0,,,True
1790388000,2026-09-26T02:00:00Z,คีรีมาศ,171,0.0,0.0,0.0,,,True
1790388000,2026-09-26T02:00:00Z,สรรคบุรี,89,0.0,0.0,0.0,,,True
1790388000,2026-09-26T02:00:00Z,กงไกรลาศ,108,0.0,0.0,0.0,,,True
1790388000,2026-09-26T02:00:00Z,มโนรมย์,66,0.0,0.0,0.0,,,True
1790388000,2026-09-26T02:00:00Z,เมืองสุโขทัย,136,0.0,0.0,0.0,,,True
1790388000,2026-09-26T02:00:00Z,วัดสิงห์,67,0.0,0.0,0.0,,,True
1790388000,2026-09-26T02:00:00Z,บ้านด่านลานหอย,231,0.0,0.0,0.0,,,True
1790388000,2026-09-26T02:00:00Z,เมืองชัยนาท,70,0.0,0.0,0.0,,,True
1790388000,2026-09-26T02:00:00Z,เนินขาม,65,0.0,0.0,0.0,,,True
1790388000,2026-09-26T02:00:00Z,คอนสาร,334,0.0,0.0,0.0,,,True
1790388000,2026-09-26T02:00:00Z,ภักดีชุมพล,154,0.0,0.0,0.0,,,True
1790388000,2026-09-26T02:00:00Z,บ้านแท่น,76,0.0,0.0,0.0,,,True
1790388000,2026-09-26T02:00:00Z,แก้งคร้อ,168,0.0,0.0,0.0,,,True
1790388000,2026-09-26T02:00:00Z,ภูเขียว,201,0.0,0.0,0.0,,,True
1790388000,2026-09-26T02:00:00Z,หนองบัวระเหว,179,0.0,0.0,0.0,,,True
1790388000,2026-09-26T02:00:00Z,เทพสถิต,239,0.0,0.0,0.0,,,True
1790388000,2026-09-26T02:00:00Z,จัตุรัส,172,0.0,0.0,0.0,,,True
1790388000,2026-09-26T02:00:00Z,บำเหน็จณรงค์,120,0.0,0.0,0.0,,,True
1790388000,2026-09-26T02:00:00Z,เกษตรสมบูรณ์,268,0.0,0.0,0.0,,,True
1790388000,2026-09-26T02:00:00Z,หนองบัวแดง,537,0.0,0.0,0.0,,,True
1790388000,2026-09-26T02:00:00Z,ภูเรือ,168,0.0,0.0,0.0,,,True
1790388000,2026-09-26T02:00:00Z,ท่าลี่,171,0.0,0.0,0.0,,,True
1790388000,2026-09-26T02:00:00Z,วชิรบารมี,68,0.0,0.0,0.0,,,True
1790388000,2026-09-26T02:00:00Z,ด่านซ้าย,341,0.0,0.0,0.0,,,True
1790388000,2026-09-26T02:00:00Z,นาแห้ว,153,0.0,0.0,0.0,,,True
1790388000,2026-09-26T02:00:00Z,บึงนาราง,74,0.0,0.0,0.0,,,True
1790388000,2026-09-26T02:00:00Z,เชียงคาน,213,0.0,0.0,0.0,,,True
1790388000,2026-09-26T02:00:00Z,ดงเจริญ,56,0.0,0.0,0.0,,,True
1790388000,2026-09-26T02:00:00Z,ปากชม,240,0.0,0.0,0.0,,,True
1790388000,2026-09-26T02:00:00Z,เมืองเลย,314,0.0,0.0,0.0,,,True
1790388000,2026-09-26T02:00:00Z,นาด้วง,143,0.0,0.0,0.0,,,True
1790388000,2026-09-26T02:00:00Z,สากเหล็ก,45,0.0,0.0,0.0,,,True
1790388000,2026-09-26T02:00:00Z,สามง่าม,89,0.0,0.0,0.0,,,True
1790388000,2026-09-26T02:00:00Z,ทับคล้อ,104,0.0,0.0,0.0,,,True
1790388000,2026-09-26T02:00:00Z,พรหมพิราม,206,0.0,0.0,0.0,,,True
1790388000,2026-09-26T02:00:00Z,ด่านขุนทด,344,0.0,0.0,0.0,,,True
1790388000,2026-09-26T02:00:00Z,วัดโบสถ์,226,0.0,0.0,0.0,,,True
1790388000,2026-09-26T02:00:00Z,บางระกำ,246,0.0,0.0,0.0,,,True
1790388000,2026-09-26T02:00:00Z,บางกระทุ่ม,91,0.0,0.0,0.0,,,True
1790388000,2026-09-26T02:00:00Z,นครไทย,597,0.0,0.0,0.0,,,True
1790388000,2026-09-26T02:00:00Z,ชาติตระการ,415,0.0,0.0,0.0,,,True
1790388000,2026-09-26T02:00:00Z,บ้านเหลื่อม,55,0.0,0.0,0.0,,,True
1790388000,2026-09-26T02:00:00Z,เมืองพิษณุโลก,178,0.0,0.0,0.0,,,True
1790388000,2026-09-26T02:00:00Z,ชุมแสง,145,0.0,0.0,0.0,,,True
1790388000,2026-09-26T02:00:00Z,หนองบัว,208,0.0,0.0,0.0,,,True
1790388000,2026-09-26T02:00:00Z,เมืองนครสวรรค์,183,0.0,0.0,0.0,,,True
1790388000,2026-09-26T02:00:00Z,โกรกพระ,71,0.0,0.0,0.0,,,True
1790388000,2026-09-26T02:00:00Z,ไพศาลี,244,0.0,0.0,0.0,,,True
1790388000,2026-09-26T02:00:00Z,ตาคลี,206,0.0,0.0,0.0,,,True
1790388000,2026-09-26T02:00:00Z,ท่าตะโก,211,0.0,0.0,0.0,,,True
1790388000,2026-09-26T02:00:00Z,เขาค้อ,207,0.0,0.0,0.0,,,True
1790388000,2026-09-26T02:00:00Z,บรรพตพิสัย,181,0.0,0.0,0.0,,,True
1790388000,2026-09-26T02:00:00Z,เก้าเลี้ยว,57,0.0,0.0,0.0,,,True
1790388000,2026-09-26T02:00:00Z,วังโป่ง,123,0.0,0.0,0.0,,,True
1790388000,2026-09-26T02:00:00Z,บึงสามพัน,194,0.0,0.0,0.0,,,True
1790388000,2026-09-26T02:00:00Z,น้ำหนาว,231,0.0,0.0,0.0,,,True
1790388000,2026-09-26T02:00:00Z,ศรีเทพ,204,0.0,0.0,0.0,,,True
1790388000,2026-09-26T02:00:00Z,หนองไผ่,315,0.0,0.0,0.0,,,True
1790388000,2026-09-26T02:00:00Z,มหาราช,4,0.0,0.0,0.0,,,False
1790388000,2026-09-26T02:00:00Z,บ้านแพรก,10,0.0,0.0,0.0,,,True
1790388000,2026-09-26T02:00:00Z,บางมูลนาก,99,0.0,0.0,0.0,,,True
1790388000,2026-09-26T02:00:00Z,โพทะเล,131,0.0,0.0,0.0,,,True
1790388000,2026-09-26T02:00:00Z,โพธิ์ประทับช้าง,102,0.0,0.0,0.0,,,True
1790388000,2026-09-26T02:00:00Z,ตะพานหิน,109,0.0,0.0,0.0,,,True
1790388000,2026-09-26T02:00:00Z,เมืองพิจิตร,138,0.0,0.0,0.0,,,True
1790388000,2026-09-26T02:00:00Z,วังทรายพูน,66,0.0,0.0,0.0,,,True
1790388900,2026-09-26T02:15:00Z,พิชัย,176,0.0,0.0,0.0,,,True
1790388900,2026-09-26T02:15:00Z,ลับแล,116,0.0,0.0,0.0,,,True
1790388900,2026-09-26T02:15:00Z,ฟากท่า,163,0.0,0.0,0.0,,,True
1790388900,2026-09-26T02:15:00Z,บ้านโคก,247,0.0,0.0,0.0,,,True
1790388900,2026-09-26T02:15:00Z,ท่าปลา,442,0.0,0.0,0.0,,,True
1790388900,2026-09-26T02:15:00Z,น้ำปาด,363,0.0,0.0,0.0,,,True
1790388900,2026-09-26T02:15:00Z,เมืองอุตรดิตถ์,202,0.0,0.0,0.0,,,True
1790388900,2026-09-26T02:15:00Z,ตรอน,80,0.0,0.0,0.0,,,True
1790388900,2026-09-26T02:15:00Z,หล่มเก่า,246,0.0,0.0,0.0,,,True
1790388900,2026-09-26T02:15:00Z,วิเชียรบุรี,377,0.0,0.0,0.0,,,True
1790388900,2026-09-26T02:15:00Z,ชนแดน,279,0.0,0.0,0.0,,,True
1790388900,2026-09-26T02:15:00Z,หล่มสัก,350,0.0,0.0,0.0,,,True
1790388900,2026-09-26T02:15:00Z,เมืองเพชรบูรณ์,571,0.0,0.0,0.0,,,True
1790388900,2026-09-26T02:15:00Z,ทองแสนขัน,185,0.0,0.0,0.0,,,True
1790388900,2026-09-26T02:15:00Z,บึงสามัคคี,71,0.0,0.0,0.0,,,True
1790388900,2026-09-26T02:15:00Z,โกสัมพีนคร,137,0.0,0.0,0.0,,,True
1790388900,2026-09-26T02:15:00Z,สอง,380,0.0,0.0,0.0,,,True
1790388900,2026-09-26T02:15:00Z,วังชิ้น,255,0.0,0.0,0.0,,,True
1790388900,2026-09-26T02:15:00Z,สูงเม่น,88,0.0,0.0,0.0,,,True
1790388900,2026-09-26T02:15:00Z,เด่นชัย,135,0.0,0.0,0.0,,,True
1790388900,2026-09-26T02:15:00Z,ร้องกวาง,221,0.0,0.0,0.0,,,True
1790388900,2026-09-26T02:15:00Z,ลอง,317,0.0,0.0,0.0,,,True
1790388900,2026-09-26T02:15:00Z,เมืองแพร่,205,0.0,0.0,0.0,,,True
1790388900,2026-09-26T02:15:00Z,ทัพทัน,94,0.0,0.0,0.0,,,True
1790388900,2026-09-26T02:15:00Z,สว่างอารมณ์,110,0.012,0.098,0.1182,45,30,True
1790388900,2026-09-26T02:15:00Z,เมืองอุทัยธานี,59,0.0,0.0,0.0,,,True
1790388900,2026-09-26T02:15:00Z,ห้วยคต,94,0.008,0.098,0.0851,,15,True
1790388900,2026-09-26T02:15:00Z,ศรีสวัสดิ์,440,0.005,0.201,0.05,,30,True
1790388900,2026-09-26T02:15:00Z,บ้านไร่,821,0.009,0.299,0.0901,,15,True
1790388900,2026-09-26T02:15:00Z,ลานสัก,360,0.015,0.299,0.1278,90,15,True
1790388900,2026-09-26T02:15:00Z,หนองฉาง,89,0.0,0.0,0.0,,,True
1790388900,2026-09-26T02:15:00Z,หนองขาหย่าง,43,0.0,0.0,0.0,,,True
1790388900,2026-09-26T02:15:00Z,เชียงม่วน,82,0.0,0.0,0.0,,,True
1790388900,2026-09-26T02:15:00Z,ดอกคำใต้,37,0.0,0.0,0.0,,,True
1790388900,2026-09-26T02:15:00Z,เมืองพะเยา,6,0.0,0.0,0.0,,,True
1790388900,2026-09-26T02:15:00Z,ทองผาภูมิ,851,0.002,0.098,0.0223,,60,True
1790388900,2026-09-26T02:15:00Z,สังขละบุรี,793,0.0,0.0,0.0,,,True
1790388900,2026-09-26T02:15:00Z,หนองม่วงไข่,35,0.0,0.0,0.0,,,True
1790388900,2026-09-26T02:15:00Z,ภูเวียง,81,0.0,0.0,0.0,,,True
1790388900,2026-09-26T02:15:00Z,มัญจาคีรี,50,0.0,0.0,0.0,,,True
1790388900,2026-09-26T02:15:00Z,หนองปรือ,104,0.003,0.201,0.0192,,45,True
1790388900,2026-09-26T02:15:00Z,เลาขวัญ,123,0.002,0.098,0.0163,,60,True
1790388900,2026-09-26T02:15:00Z,หนองนาคำ,43,0.0,0.0,0.0,,,True
1790388900,2026-09-26T02:15:00Z,โคกโพธิ์ไชย,65,0.0,0.0,0.0,,,True
1790388900,2026-09-26T02:15:00Z,บ้านหลวง,91,0.0,0.0,0.0,,,True
1790388900,2026-09-26T02:15:00Z,นาน้อย,266,0.0,0.0,0.0,,,True
1790388900,2026-09-26T02:15:00Z,ภูผาม่าน,74,0.0,0.0,0.0,,,True
1790388900,2026-09-26T02:15:00Z,เมืองน่าน,161,0.0,0.0,0.0,,,True
1790388900,2026-09-26T02:15:00Z,แม่จริม,262,0.0,0.0,0.0,,,True
1790388900,2026-09-26T02:15:00Z,เวียงเก่า,78,0.0,0.0,0.0,,,True
1790388900,2026-09-26T02:15:00Z,เมืองกำแพงเพชร,368,0.0,0.0,0.0,,,True
1790388900,2026-09-26T02:15:00Z,ไทรงาม,133,0.0,0.0,0.0,,,True
1790388900,2026-09-26T02:15:00Z,ปางศิลาทอง,186,0.0,0.0,0.0,,,True
1790388900,2026-09-26T02:15:00Z,ลานกระบือ,103,0.0,0.0,0.0,,,True
1790388900,2026-09-26T02:15:00Z,ทรายทองวัฒนา,53,0.0,0.0,0.0,,,True
1790388900,2026-09-26T02:15:00Z,คลองขลุง,179,0.0,0.0,0.0,,,True
1790388900,2026-09-26T02:15:00Z,พรานกระต่าย,252,0.0,0.0,0.0,,,True
1790388900,2026-09-26T02:15:00Z,คลองลาน,363,0.0,0.0,0.0,,,True
1790388900,2026-09-26T02:15:00Z,ขาณุวรลักษบุรี,296,0.0,0.0,0.0,,,True
1790388900,2026-09-26T02:15:00Z,ภูเพียง,113,0.0,0.0,0.0,,,True
1790388900,2026-09-26T02:15:00Z,นาหมื่น,245,0.0,0.0,0.0,,,True
1790388900,2026-09-26T02:15:00Z,เวียงสา,543,0.0,0.0,0.0,,,True
1790388900,2026-09-26T02:15:00Z,น้ำโสม,153,0.0,0.0,0.0,,,True
1790388900,2026-09-26T02:15:00Z,นายูง,126,0.0,0.0,0.0,,,True
1790388900,2026-09-26T02:15:00Z,ชุมแพ,173,0.0,0.0,0.0,,,True
1790388900,2026-09-26T02:15:00Z,สีชมพู,132,0.0,0.0,0.0,,,True
1790388900,2026-09-26T02:15:00Z,สุวรรณคูหา,140,0.0,0.0,0.0,,,True
1790388900,2026-09-26T02:15:00Z,นาวัง,65,0.0,0.0,0.0,,,True
1790388900,2026-09-26T02:15:00Z,หนองเรือ,80,0.0,0.0,0.0,,,True
1790388900,2026-09-26T02:15:00Z,โนนสัง,51,0.0,0.0,0.0,,,True
1790388900,2026-09-26T02:15:00Z,ศรีบุญเรือง,224,0.0,0.0,0.0,,,True
1790388900,2026-09-26T02:15:00Z,เมืองหนองบัวลำภู,217,0.0,0.0,0.0,,,True
1790388900,2026-09-26T02:15:00Z,นากลาง,173,0.0,0.0,0.0,,,True
1790388900,2026-09-26T02:15:00Z,ทุ่งเสลี่ยม,144,0.0,0.0,0.0,,,True
1790388900,2026-09-26T02:15:00Z,ดอยหล่อ,56,0.0,0.0,0.0,,,True
1790388900,2026-09-26T02:15:00Z,เมืองตาก,486,0.0,0.0,0.0,,,True
1790388900,2026-09-26T02:15:00Z,แม่ออน,116,0.0,0.0,0.0,,,True
1790388900,2026-09-26T02:15:00Z,อุ้มผาง,1209,0.0,0.098,0.0017,,120,True
1790388900,2026-09-26T02:15:00Z,วังเจ้า,183,0.0,0.0,0.0,,,True
1790388900,2026-09-26T02:15:00Z,แม่สอด,398,0.0,0.0,0.0,,,True
1790388900,2026-09-26T02:15:00Z,พบพระ,249,0.0,0.0,0.0,,,True
1790388900,2026-09-26T02:15:00Z,แม่ระมาด,380,0.0,0.0,0.0,,,True
1790388900,2026-09-26T02:15:00Z,ท่าสองยาง,401,0.0,0.0,0.0,,,True
1790388900,2026-09-26T02:15:00Z,บ้านตาก,255,0.0,0.0,0.0,,,True
1790388900,2026-09-26T02:15:00Z,สามเงา,698,0.0,0.0,0.0,,,True
1790388900,2026-09-26T02:15:00Z,จอมทอง,280,0.0,0.0,0.0,,,True
1790388900,2026-09-26T02:15:00Z,แก้งสนามนาง,79,0.0,0.0,0.0,,,True
1790388900,2026-09-26T02:15:00Z,สีคิ้ว,292,0.004,0.196,0.0342,,15,True
1790388900,2026-09-26T02:15:00Z,พระทองคำ,90,0.0,0.0,0.0,,,True
1790388900,2026-09-26T02:15:00Z,เทพารักษ์,92,0.0,0.0,0.0,,,True
1790388900,2026-09-26T02:15:00Z,สันกำแพง,65,0.0,0.0,0.0,,,True
1790388900,2026-09-26T02:15:00Z,สันป่าตอง,44,0.0,0.0,0.0,,,True
1790388900,2026-09-26T02:15:00Z,ดอยเต่า,213,0.0,0.0,0.0,,,True
1790388900,2026-09-26T02:15:00Z,อมก๋อย,704,0.0,0.0,0.0,,,True
1790388900,2026-09-26T02:15:00Z,ฮอด,378,0.0,0.0,0.0,,,True
1790388900,2026-09-26T02:15:00Z,เมืองลำพูน,117,0.0,0.0,0.0,,,True
1790388900,2026-09-26T02:15:00Z,แม่ทา,192,0.0,0.0,0.0,,,True
1790388900,2026-09-26T02:15:00Z,บ้านธิ,34,0.0,0.0,0.0,,,True
1790388900,2026-09-26T02:15:00Z,บ้านหมอ,24,0.0,0.0,0.0,,,True
1790388900,2026-09-26T02:15:00Z,เวียงหนองล่อง,14,0.0,0.0,0.0,,,True
1790388900,2026-09-26T02:15:00Z,ทุ่งหัวช้าง,113,0.0,0.0,0.0,,,True
1790388900,2026-09-26T02:15:00Z,ป่าซาง,74,0.0,0.0,0.0,,,True
1790388900,2026-09-26T02:15:00Z,บ้านโฮ่ง,124,0.0,0.0,0.0,,,True
1790388900,2026-09-26T02:15:00Z,แก่งคอย,73,0.031,0.495,0.0959,,60,True
1790388900,2026-09-26T02:15:00Z,ลี้,454,0.0,0.0,0.0,,,True
1790388900,2026-09-26T02:15:00Z,พระพุทธบาท,55,0.062,0.392,0.4182,105,75,True
1790388900,2026-09-26T02:15:00Z,ดอนพุด,7,0.0,0.0,0.0,,,True
1790388900,2026-09-26T02:15:00Z,หนองโดน,31,0.0,0.0,0.0,,,True
1790388900,2026-09-26T02:15:00Z,เมืองลำปาง,300,0.0,0.0,0.0,,,True
1790388900,2026-09-26T02:15:00Z,เถิน,443,0.0,0.0,0.0,,,True
1790388900,2026-09-26T02:15:00Z,แม่พริก,167,0.0,0.0,0.0,,,True
1790388900,2026-09-26T02:15:00Z,แจ้ห่ม,274,0.0,0.0,0.0,,,True
1790388900,2026-09-26T02:15:00Z,แม่เปิน,85,0.001,0.098,0.0118,,30,True
1790388900,2026-09-26T02:15:00Z,เสริมงาม,185,0.0,0.0,0.0,,,True
1790388900,2026-09-26T02:15:00Z,ชุมตาบง,61,0.003,0.098,0.0328,,15,True
1790388900,2026-09-26T02:15:00Z,งาว,344,0.0,0.0,0.0,,,True
1790388900,2026-09-26T02:15:00Z,ตากฟ้า,125,0.0,0.0,0.0,,,True
1790388900,2026-09-26T02:15:00Z,แม่เมาะ,283,0.0,0.0,0.0,,,True
1790388900,2026-09-26T02:15:00Z,แม่วงก์,257,0.0,0.0,0.0,,,True
1790388900,2026-09-26T02:15:00Z,เกาะคา,128,0.0,0.0,0.0,,,True
1790388900,2026-09-26T02:15:00Z,พยุหะคีรี,169,0.0,0.0,0.0,,,True
1790388900,2026-09-26T02:15:00Z,ลาดยาว,187,0.004,0.201,0.0374,,15,True
1790388900,2026-09-26T02:15:00Z,สบปราบ,125,0.0,0.0,0.0,,,True
1790388900,2026-09-26T02:15:00Z,ห้างฉัตร,154,0.0,0.0,0.0,,,True
1790388900,2026-09-26T02:15:00Z,แม่ทะ,203,0.0,0.0,0.0,,,True
1790388900,2026-09-26T02:15:00Z,เมืองปาน,202,0.0,0.0,0.0,,,True
1790388900,2026-09-26T02:15:00Z,เมืองอ่างทอง,6,0.0,0.0,0.0,,,True
1790388900,2026-09-26T02:15:00Z,ไชโย,20,0.0,0.0,0.0,,,True
1790388900,2026-09-26T02:15:00Z,สามโก้,10,0.0,0.0,0.0,,,True
1790388900,2026-09-26T02:15:00Z,แสวงหา,43,0.0,0.0,0.0,,,True
1790388900,2026-09-26T02:15:00Z,วิเศษชัยชาญ,7,0.0,0.0,0.0,,,True
1790388900,2026-09-26T02:15:00Z,โพธิ์ทอง,48,0.0,0.0,0.0,,,True
1790388900,2026-09-26T02:15:00Z,เมืองลพบุรี,190,0.006,0.196,0.0579,,105,True
1790388900,2026-09-26T02:15:00Z,เดิมบางนางบวช,130,0.0,0.0,0.0,,,True
1790388900,2026-09-26T02:15:00Z,ด่านช้าง,309,0.008,0.201,0.0777,,15,True
1790388900,2026-09-26T02:15:00Z,หนองม่วง,111,0.0,0.0,0.0,,,True
1790388900,2026-09-26T02:15:00Z,ลำสนธิ,136,0.005,0.201,0.0441,,15,True
1790388900,2026-09-26T02:15:00Z,สามชุก,77,0.001,0.098,0.013,,15,True
1790388900,2026-09-26T02:15:00Z,ดอนเจดีย์,72,0.007,0.098,0.0694,,45,True
1790388900,2026-09-26T02:15:00Z,สระโบสถ์,83,0.0,0.0,0.0,,,True
1790388900,2026-09-26T02:15:00Z,ศรีประจันต์,41,0.0,0.0,0.0,,,True
1790388900,2026-09-26T02:15:00Z,โคกเจริญ,135,0.0,0.0,0.0,,,True
1790388900,2026-09-26T02:15:00Z,บ้านหมี่,136,0.0,0.0,0.0,,,True
1790388900,2026-09-26T02:15:00Z,ท่าหลวง,100,0.067,0.201,0.54,30,15,True
1790388900,2026-09-26T02:15:00Z,ชัยบาดาล,280,0.006,0.201,0.0571,,15,True
1790388900,2026-09-26T02:15:00Z,ท่าวุ้ง,64,0.0,0.0,0.0,,,True
1790388900,2026-09-26T02:15:00Z,พัฒนานิคม,217,0.134,0.588,0.5945,30,15,True
1790388900,2026-09-26T02:15:00Z,โคกสำโรง,180,0.0,0.0,0.0,,,True
1790388900,2026-09-26T02:15:00Z,หนองหญ้าไซ,108,0.01,0.201,0.0926,,15,True
1790388900,2026-09-26T02:15:00Z,ท่าช้าง,11,0.0,0.0,0.0,,,True
1790388900,2026-09-26T02:15:00Z,อินทร์บุรี,66,0.0,0.0,0.0,,,True
1790388900,2026-09-26T02:15:00Z,ค่ายบางระจัน,26,0.0,0.0,0.0,,,True
1790388900,2026-09-26T02:15:00Z,พรหมบุรี,19,0.0,0.0,0.0,,,True
1790388900,2026-09-26T02:15:00Z,เนินสง่า,65,0.0,0.0,0.0,,,True
1790388900,2026-09-26T02:15:00Z,เมืองสิงห์บุรี,31,0.0,0.0,0.0,,,True
1790388900,2026-09-26T02:15:00Z,ซับใหญ่,72,0.0,0.0,0.0,,,True
1790388900,2026-09-26T02:15:00Z,บางระจัน,46,0.0,0.0,0.0,,,True
1790388900,2026-09-26T02:15:00Z,ภูกระดึง,190,0.0,0.0,0.0,,,True
1790388900,2026-09-26T02:15:00Z,ภูหลวง,145,0.0,0.0,0.0,,,True
1790388900,2026-09-26T02:15:00Z,หนองหิน,78,0.0,0.0,0.0,,,True
1790388900,2026-09-26T02:15:00Z,ผาขาว,100,0.0,0.0,0.0,,,True
1790388900,2026-09-26T02:15:00Z,เอราวัณ,87,0.0,0.0,0.0,,,True
1790388900,2026-09-26T02:15:00Z,วังสะพุง,281,0.0,0.0,0.0,,,True
1790388900,2026-09-26T02:15:00Z,วังม่วง,70,0.192,0.588,0.4857,15,15,True
1790388900,2026-09-26T02:15:00Z,เฉลิมพระเกียรติ,35,0.048,0.392,0.1714,90,75,True
1790388900,2026-09-26T02:15:00Z,มวกเหล็ก,175,0.044,0.495,0.2057,15,15,True
1790388900,2026-09-26T02:15:00Z,บ้านเขว้า,124,0.0,0.0,0.0,,,True
1790388900,2026-09-26T02:15:00Z,คอนสวรรค์,113,0.0,0.0,0.0,,,True
1790388900,2026-09-26T02:15:00Z,เมืองชัยภูมิ,358,0.0,0.0,0.0,,,True
1790388900,2026-09-26T02:15:00Z,วังทอง,425,0.0,0.0,0.0,,,True
1790388900,2026-09-26T02:15:00Z,เนินมะปราง,276,0.0,0.0,0.0,,,True
1790388900,2026-09-26T02:15:00Z,สวรรคโลก,156,0.0,0.0,0.0,,,True
1790388900,2026-09-26T02:15:00Z,ศรีนคร,46,0.0,0.0,0.0,,,True
1790388900,2026-09-26T02:15:00Z,หันคา,139,0.0,0.0,0.0,,,True
1790388900,2026-09-26T02:15:00Z,ศรีสัชนาลัย,534,0.0,0.0,0.0,,,True
1790388900,2026-09-26T02:15:00Z,หนองมะโมง,76,0.0,0.0,0.0,,,True
1790388900,2026-09-26T02:15:00Z,ศรีสำโรง,142,0.0,0.0,0.0,,,True
1790388900,2026-09-26T02:15:00Z,สรรพยา,55,0.0,0.0,0.0,,,True
1790388900,2026-09-26T02:15:00Z,คีรีมาศ,171,0.0,0.0,0.0,,,True
1790388900,2026-09-26T02:15:00Z,สรรคบุรี,89,0.0,0.0,0.0,,,True
1790388900,2026-09-26T02:15:00Z,กงไกรลาศ,108,0.0,0.0,0.0,,,True
1790388900,2026-09-26T02:15:00Z,มโนรมย์,66,0.0,0.0,0.0,,,True
1790388900,2026-09-26T02:15:00Z,เมืองสุโขทัย,136,0.0,0.0,0.0,,,True
1790388900,2026-09-26T02:15:00Z,วัดสิงห์,67,0.0,0.0,0.0,,,True
1790388900,2026-09-26T02:15:00Z,บ้านด่านลานหอย,231,0.0,0.0,0.0,,,True
1790388900,2026-09-26T02:15:00Z,เมืองชัยนาท,70,0.0,0.0,0.0,,,True
1790388900,2026-09-26T02:15:00Z,เนินขาม,65,0.0,0.0,0.0,,,True
1790388900,2026-09-26T02:15:00Z,คอนสาร,334,0.0,0.0,0.0,,,True
1790388900,2026-09-26T02:15:00Z,ภักดีชุมพล,154,0.0,0.0,0.0,,,True
1790388900,2026-09-26T02:15:00Z,บ้านแท่น,76,0.0,0.0,0.0,,,True
1790388900,2026-09-26T02:15:00Z,แก้งคร้อ,168,0.0,0.0,0.0,,,True
1790388900,2026-09-26T02:15:00Z,ภูเขียว,201,0.0,0.0,0.0,,,True
1790388900,2026-09-26T02:15:00Z,หนองบัวระเหว,179,0.0,0.0,0.0,,,True
1790388900,2026-09-26T02:15:00Z,เทพสถิต,239,0.0,0.0,0.0,,,True
1790388900,2026-09-26T02:15:00Z,จัตุรัส,172,0.0,0.0,0.0,,,True
1790388900,2026-09-26T02:15:00Z,บำเหน็จณรงค์,120,0.0,0.0,0.0,,,True
1790388900,2026-09-26T02:15:00Z,เกษตรสมบูรณ์,268,0.0,0.0,0.0,,,True
1790388900,2026-09-26T02:15:00Z,หนองบัวแดง,537,0.0,0.0,0.0,,,True
1790388900,2026-09-26T02:15:00Z,ภูเรือ,168,0.0,0.0,0.0,,,True
1790388900,2026-09-26T02:15:00Z,ท่าลี่,171,0.0,0.0,0.0,,,True
1790388900,2026-09-26T02:15:00Z,วชิรบารมี,68,0.0,0.0,0.0,,,True
1790388900,2026-09-26T02:15:00Z,ด่านซ้าย,341,0.0,0.0,0.0,,,True
1790388900,2026-09-26T02:15:00Z,นาแห้ว,153,0.0,0.0,0.0,,,True
1790388900,2026-09-26T02:15:00Z,บึงนาราง,74,0.0,0.0,0.0,,,True
1790388900,2026-09-26T02:15:00Z,เชียงคาน,213,0.0,0.0,0.0,,,True
1790388900,2026-09-26T02:15:00Z,ดงเจริญ,56,0.0,0.0,0.0,,,True
1790388900,2026-09-26T02:15:00Z,ปากชม,240,0.0,0.0,0.0,,,True
1790388900,2026-09-26T02:15:00Z,เมืองเลย,314,0.0,0.0,0.0,,,True
1790388900,2026-09-26T02:15:00Z,นาด้วง,143,0.0,0.0,0.0,,,True
1790388900,2026-09-26T02:15:00Z,สากเหล็ก,45,0.0,0.0,0.0,,,True
1790388900,2026-09-26T02:15:00Z,สามง่าม,89,0.0,0.0,0.0,,,True
1790388900,2026-09-26T02:15:00Z,ทับคล้อ,104,0.0,0.0,0.0,,,True
1790388900,2026-09-26T02:15:00Z,พรหมพิราม,206,0.0,0.0,0.0,,,True
1790388900,2026-09-26T02:15:00Z,ด่านขุนทด,344,0.0,0.098,0.0029,,15,True
1790388900,2026-09-26T02:15:00Z,วัดโบสถ์,226,0.0,0.0,0.0,,,True
1790388900,2026-09-26T02:15:00Z,บางระกำ,246,0.0,0.0,0.0,,,True
1790388900,2026-09-26T02:15:00Z,บางกระทุ่ม,91,0.0,0.0,0.0,,,True
1790388900,2026-09-26T02:15:00Z,นครไทย,597,0.0,0.0,0.0,,,True
1790388900,2026-09-26T02:15:00Z,ชาติตระการ,415,0.0,0.0,0.0,,,True
1790388900,2026-09-26T02:15:00Z,บ้านเหลื่อม,55,0.0,0.0,0.0,,,True
1790388900,2026-09-26T02:15:00Z,เมืองพิษณุโลก,178,0.0,0.0,0.0,,,True
1790388900,2026-09-26T02:15:00Z,ชุมแสง,145,0.0,0.0,0.0,,,True
1790388900,2026-09-26T02:15:00Z,หนองบัว,208,0.0,0.0,0.0,,,True
1790388900,2026-09-26T02:15:00Z,เมืองนครสวรรค์,183,0.0,0.0,0.0,,,True
1790388900,2026-09-26T02:15:00Z,โกรกพระ,71,0.0,0.0,0.0,,,True
1790388900,2026-09-26T02:15:00Z,ไพศาลี,244,0.0,0.0,0.0,,,True
1790388900,2026-09-26T02:15:00Z,ตาคลี,206,0.0,0.0,0.0,,,True
1790388900,2026-09-26T02:15:00Z,ท่าตะโก,211,0.0,0.0,0.0,,,True
1790388900,2026-09-26T02:15:00Z,เขาค้อ,207,0.0,0.0,0.0,,,True
1790388900,2026-09-26T02:15:00Z,บรรพตพิสัย,181,0.0,0.0,0.0,,,True
1790388900,2026-09-26T02:15:00Z,เก้าเลี้ยว,57,0.0,0.0,0.0,,,True
1790388900,2026-09-26T02:15:00Z,วังโป่ง,123,0.0,0.0,0.0,,,True
1790388900,2026-09-26T02:15:00Z,บึงสามพัน,194,0.0,0.0,0.0,,,True
1790388900,2026-09-26T02:15:00Z,น้ำหนาว,231,0.0,0.0,0.0,,,True
1790388900,2026-09-26T02:15:00Z,ศรีเทพ,204,0.0,0.0,0.0,,,True
1790388900,2026-09-26T02:15:00Z,หนองไผ่,315,0.0,0.0,0.0,,,True
1790388900,2026-09-26T02:15:00Z,มหาราช,4,0.0,0.0,0.0,,,False
1790388900,2026-09-26T02:15:00Z,บ้านแพรก,10,0.0,0.0,0.0,,,True
1790388900,2026-09-26T02:15:00Z,บางมูลนาก,99,0.0,0.0,0.0,,,True
1790388900,2026-09-26T02:15:00Z,โพทะเล,131,0.0,0.0,0.0,,,True
1790388900,2026-09-26T02:15:00Z,โพธิ์ประทับช้าง,102,0.0,0.0,0.0,,,True
1790388900,2026-09-26T02:15:00Z,ตะพานหิน,109,0.0,0.0,0.0,,,True
1790388900,2026-09-26T02:15:00Z,เมืองพิจิตร,138,0.0,0.0,0.0,,,True
1790388900,2026-09-26T02:15:00Z,วังทรายพูน,66,0.0,0.0,0.0,,,True
1790389800,2026-09-26T02:30:00Z,พิชัย,176,0.0,0.0,0.0,,,True
1790389800,2026-09-26T02:30:00Z,ลับแล,116,0.0,0.0,0.0,,,True
1790389800,2026-09-26T02:30:00Z,ฟากท่า,163,0.0,0.0,0.0,,,True
1790389800,2026-09-26T02:30:00Z,บ้านโคก,247,0.0,0.0,0.0,,,True
1790389800,2026-09-26T02:30:00Z,ท่าปลา,442,0.0,0.0,0.0,,,True
1790389800,2026-09-26T02:30:00Z,น้ำปาด,363,0.0,0.0,0.0,,,True
1790389800,2026-09-26T02:30:00Z,เมืองอุตรดิตถ์,202,0.0,0.0,0.0,,,True
1790389800,2026-09-26T02:30:00Z,ตรอน,80,0.0,0.0,0.0,,,True
1790389800,2026-09-26T02:30:00Z,หล่มเก่า,246,0.0,0.0,0.0,,,True
1790389800,2026-09-26T02:30:00Z,วิเชียรบุรี,377,0.0,0.0,0.0,,,True
1790389800,2026-09-26T02:30:00Z,ชนแดน,279,0.0,0.0,0.0,,,True
1790389800,2026-09-26T02:30:00Z,หล่มสัก,350,0.0,0.0,0.0,,,True
1790389800,2026-09-26T02:30:00Z,เมืองเพชรบูรณ์,571,0.002,0.098,0.0158,,30,True
1790389800,2026-09-26T02:30:00Z,ทองแสนขัน,185,0.0,0.0,0.0,,,True
1790389800,2026-09-26T02:30:00Z,บึงสามัคคี,71,0.0,0.0,0.0,,,True
1790389800,2026-09-26T02:30:00Z,โกสัมพีนคร,137,0.0,0.0,0.0,,,True
1790389800,2026-09-26T02:30:00Z,สอง,380,0.0,0.0,0.0,,,True
1790389800,2026-09-26T02:30:00Z,วังชิ้น,255,0.0,0.0,0.0,,,True
1790389800,2026-09-26T02:30:00Z,สูงเม่น,88,0.0,0.0,0.0,,,True
1790389800,2026-09-26T02:30:00Z,เด่นชัย,135,0.0,0.0,0.0,,,True
1790389800,2026-09-26T02:30:00Z,ร้องกวาง,221,0.0,0.0,0.0,,,True
1790389800,2026-09-26T02:30:00Z,ลอง,317,0.0,0.0,0.0,,,True
1790389800,2026-09-26T02:30:00Z,เมืองแพร่,205,0.0,0.0,0.0,,,True
1790389800,2026-09-26T02:30:00Z,ทัพทัน,94,0.0,0.0,0.0,,,True
1790389800,2026-09-26T02:30:00Z,สว่างอารมณ์,110,0.013,0.299,0.0818,,15,True
1790389800,2026-09-26T02:30:00Z,เมืองอุทัยธานี,59,0.0,0.0,0.0,,,True
1790389800,2026-09-26T02:30:00Z,ห้วยคต,94,0.015,0.413,0.0638,,30,True
1790389800,2026-09-26T02:30:00Z,ศรีสวัสดิ์,440,0.002,0.201,0.0182,,15,True
1790389800,2026-09-26T02:30:00Z,บ้านไร่,821,0.031,0.848,0.1778,75,15,True
1790389800,2026-09-26T02:30:00Z,ลานสัก,360,0.041,0.69,0.2361,30,15,True
1790389800,2026-09-26T02:30:00Z,หนองฉาง,89,0.0,0.0,0.0,,,True
1790389800,2026-09-26T02:30:00Z,หนองขาหย่าง,43,0.0,0.0,0.0,,,True
1790389800,2026-09-26T02:30:00Z,เชียงม่วน,82,0.0,0.0,0.0,,,True
1790389800,2026-09-26T02:30:00Z,ดอกคำใต้,37,0.0,0.0,0.0,,,True
1790389800,2026-09-26T02:30:00Z,เมืองพะเยา,6,0.0,0.0,0.0,,,True
1790389800,2026-09-26T02:30:00Z,ทองผาภูมิ,851,0.004,0.196,0.0306,,60,True
1790389800,2026-09-26T02:30:00Z,สังขละบุรี,793,0.0,0.0,0.0,,,True
1790389800,2026-09-26T02:30:00Z,หนองม่วงไข่,35,0.0,0.0,0.0,,,True
1790389800,2026-09-26T02:30:00Z,ภูเวียง,81,0.0,0.0,0.0,,,True
1790389800,2026-09-26T02:30:00Z,มัญจาคีรี,50,0.0,0.0,0.0,,,True
1790389800,2026-09-26T02:30:00Z,หนองปรือ,104,0.002,0.098,0.0192,,30,True
1790389800,2026-09-26T02:30:00Z,เลาขวัญ,123,0.0,0.0,0.0,,,True
1790389800,2026-09-26T02:30:00Z,หนองนาคำ,43,0.0,0.0,0.0,,,True
1790389800,2026-09-26T02:30:00Z,โคกโพธิ์ไชย,65,0.0,0.0,0.0,,,True
1790389800,2026-09-26T02:30:00Z,บ้านหลวง,91,0.0,0.0,0.0,,,True
1790389800,2026-09-26T02:30:00Z,นาน้อย,266,0.0,0.0,0.0,,,True
1790389800,2026-09-26T02:30:00Z,ภูผาม่าน,74,0.0,0.0,0.0,,,True
1790389800,2026-09-26T02:30:00Z,เมืองน่าน,161,0.0,0.0,0.0,,,True
1790389800,2026-09-26T02:30:00Z,แม่จริม,262,0.0,0.0,0.0,,,True
1790389800,2026-09-26T02:30:00Z,เวียงเก่า,78,0.0,0.0,0.0,,,True
1790389800,2026-09-26T02:30:00Z,เมืองกำแพงเพชร,368,0.0,0.0,0.0,,,True
1790389800,2026-09-26T02:30:00Z,ไทรงาม,133,0.0,0.0,0.0,,,True
1790389800,2026-09-26T02:30:00Z,ปางศิลาทอง,186,0.0,0.0,0.0,,,True
1790389800,2026-09-26T02:30:00Z,ลานกระบือ,103,0.0,0.0,0.0,,,True
1790389800,2026-09-26T02:30:00Z,ทรายทองวัฒนา,53,0.0,0.0,0.0,,,True
1790389800,2026-09-26T02:30:00Z,คลองขลุง,179,0.0,0.0,0.0,,,True
1790389800,2026-09-26T02:30:00Z,พรานกระต่าย,252,0.0,0.0,0.0,,,True
1790389800,2026-09-26T02:30:00Z,คลองลาน,363,0.002,0.098,0.0165,,15,True
1790389800,2026-09-26T02:30:00Z,ขาณุวรลักษบุรี,296,0.0,0.0,0.0,,,True
1790389800,2026-09-26T02:30:00Z,ภูเพียง,113,0.0,0.0,0.0,,,True
1790389800,2026-09-26T02:30:00Z,นาหมื่น,245,0.0,0.0,0.0,,,True
1790389800,2026-09-26T02:30:00Z,เวียงสา,543,0.0,0.0,0.0,,,True
1790389800,2026-09-26T02:30:00Z,น้ำโสม,153,0.0,0.0,0.0,,,True
1790389800,2026-09-26T02:30:00Z,นายูง,126,0.0,0.0,0.0,,,True
1790389800,2026-09-26T02:30:00Z,ชุมแพ,173,0.0,0.0,0.0,,,True
1790389800,2026-09-26T02:30:00Z,สีชมพู,132,0.0,0.0,0.0,,,True
1790389800,2026-09-26T02:30:00Z,สุวรรณคูหา,140,0.0,0.0,0.0,,,True
1790389800,2026-09-26T02:30:00Z,นาวัง,65,0.0,0.0,0.0,,,True
1790389800,2026-09-26T02:30:00Z,หนองเรือ,80,0.0,0.0,0.0,,,True
1790389800,2026-09-26T02:30:00Z,โนนสัง,51,0.0,0.0,0.0,,,True
1790389800,2026-09-26T02:30:00Z,ศรีบุญเรือง,224,0.0,0.0,0.0,,,True
1790389800,2026-09-26T02:30:00Z,เมืองหนองบัวลำภู,217,0.0,0.0,0.0,,,True
1790389800,2026-09-26T02:30:00Z,นากลาง,173,0.0,0.0,0.0,,,True
1790389800,2026-09-26T02:30:00Z,ทุ่งเสลี่ยม,144,0.0,0.0,0.0,,,True
1790389800,2026-09-26T02:30:00Z,ดอยหล่อ,56,0.0,0.0,0.0,,,True
1790389800,2026-09-26T02:30:00Z,เมืองตาก,486,0.0,0.0,0.0,,,True
1790389800,2026-09-26T02:30:00Z,แม่ออน,116,0.0,0.0,0.0,,,True
1790389800,2026-09-26T02:30:00Z,อุ้มผาง,1209,0.001,0.098,0.0058,,75,True
1790389800,2026-09-26T02:30:00Z,วังเจ้า,183,0.0,0.0,0.0,,,True
1790389800,2026-09-26T02:30:00Z,แม่สอด,398,0.0,0.0,0.0,,,True
1790389800,2026-09-26T02:30:00Z,พบพระ,249,0.001,0.098,0.008,,15,True
1790389800,2026-09-26T02:30:00Z,แม่ระมาด,380,0.0,0.0,0.0,,,True
1790389800,2026-09-26T02:30:00Z,ท่าสองยาง,401,0.0,0.0,0.0,,,True
1790389800,2026-09-26T02:30:00Z,บ้านตาก,255,0.0,0.0,0.0,,,True
1790389800,2026-09-26T02:30:00Z,สามเงา,698,0.0,0.0,0.0,,,True
1790389800,2026-09-26T02:30:00Z,จอมทอง,280,0.0,0.0,0.0,,,True
1790389800,2026-09-26T02:30:00Z,แก้งสนามนาง,79,0.0,0.0,0.0,,,True
1790389800,2026-09-26T02:30:00Z,สีคิ้ว,292,0.063,1.245,0.1164,30,15,True
1790389800,2026-09-26T02:30:00Z,พระทองคำ,90,0.0,0.0,0.0,,,True
1790389800,2026-09-26T02:30:00Z,เทพารักษ์,92,0.0,0.0,0.0,,,True
1790389800,2026-09-26T02:30:00Z,สันกำแพง,65,0.0,0.0,0.0,,,True
1790389800,2026-09-26T02:30:00Z,สันป่าตอง,44,0.0,0.0,0.0,,,True
1790389800,2026-09-26T02:30:00Z,ดอยเต่า,213,0.0,0.0,0.0,,,True
1790389800,2026-09-26T02:30:00Z,อมก๋อย,704,0.0,0.0,0.0,,,True
1790389800,2026-09-26T02:30:00Z,ฮอด,378,0.0,0.0,0.0,,,True
1790389800,2026-09-26T02:30:00Z,เมืองลำพูน,117,0.0,0.0,0.0,,,True
1790389800,2026-09-26T02:30:00Z,แม่ทา,192,0.0,0.0,0.0,,,True
1790389800,2026-09-26T02:30:00Z,บ้านธิ,34,0.0,0.0,0.0,,,True
1790389800,2026-09-26T02:30:00Z,บ้านหมอ,24,0.0,0.0,0.0,,,True
1790389800,2026-09-26T02:30:00Z,เวียงหนองล่อง,14,0.0,0.0,0.0,,,True
1790389800,2026-09-26T02:30:00Z,ทุ่งหัวช้าง,113,0.0,0.0,0.0,,,True
1790389800,2026-09-26T02:30:00Z,ป่าซาง,74,0.0,0.0,0.0,,,True
1790389800,2026-09-26T02:30:00Z,บ้านโฮ่ง,124,0.0,0.0,0.0,,,True
1790389800,2026-09-26T02:30:00Z,แก่งคอย,73,0.004,0.196,0.0274,,90,True
1790389800,2026-09-26T02:30:00Z,ลี้,454,0.0,0.0,0.0,,,True
1790389800,2026-09-26T02:30:00Z,พระพุทธบาท,55,0.012,0.098,0.1273,120,105,True
1790389800,2026-09-26T02:30:00Z,ดอนพุด,7,0.0,0.0,0.0,,,True
1790389800,2026-09-26T02:30:00Z,หนองโดน,31,0.0,0.0,0.0,,,True
1790389800,2026-09-26T02:30:00Z,เมืองลำปาง,300,0.0,0.0,0.0,,,True
1790389800,2026-09-26T02:30:00Z,เถิน,443,0.0,0.0,0.0,,,True
1790389800,2026-09-26T02:30:00Z,แม่พริก,167,0.0,0.0,0.0,,,True
1790389800,2026-09-26T02:30:00Z,แจ้ห่ม,274,0.0,0.0,0.0,,,True
1790389800,2026-09-26T02:30:00Z,แม่เปิน,85,0.001,0.098,0.0118,,15,True
1790389800,2026-09-26T02:30:00Z,เสริมงาม,185,0.0,0.0,0.0,,,True
1790389800,2026-09-26T02:30:00Z,ชุมตาบง,61,0.002,0.098,0.0164,,15,True
1790389800,2026-09-26T02:30:00Z,งาว,344,0.0,0.0,0.0,,,True
1790389800,2026-09-26T02:30:00Z,ตากฟ้า,125,0.0,0.0,0.0,,,True
1790389800,2026-09-26T02:30:00Z,แม่เมาะ,283,0.0,0.0,0.0,,,True
1790389800,2026-09-26T02:30:00Z,แม่วงก์,257,0.0,0.0,0.0,,,True
1790389800,2026-09-26T02:30:00Z,เกาะคา,128,0.0,0.0,0.0,,,True
1790389800,2026-09-26T02:30:00Z,พยุหะคีรี,169,0.0,0.0,0.0,,,True
1790389800,2026-09-26T02:30:00Z,ลาดยาว,187,0.0,0.0,0.0,,,True
1790389800,2026-09-26T02:30:00Z,สบปราบ,125,0.0,0.0,0.0,,,True
1790389800,2026-09-26T02:30:00Z,ห้างฉัตร,154,0.0,0.0,0.0,,,True
1790389800,2026-09-26T02:30:00Z,แม่ทะ,203,0.0,0.0,0.0,,,True
1790389800,2026-09-26T02:30:00Z,เมืองปาน,202,0.0,0.0,0.0,,,True
1790389800,2026-09-26T02:30:00Z,เมืองอ่างทอง,6,0.0,0.0,0.0,,,True
1790389800,2026-09-26T02:30:00Z,ไชโย,20,0.0,0.0,0.0,,,True
1790389800,2026-09-26T02:30:00Z,สามโก้,10,0.0,0.0,0.0,,,True
1790389800,2026-09-26T02:30:00Z,แสวงหา,43,0.0,0.0,0.0,,,True
1790389800,2026-09-26T02:30:00Z,วิเศษชัยชาญ,7,0.0,0.0,0.0,,,True
1790389800,2026-09-26T02:30:00Z,โพธิ์ทอง,48,0.0,0.0,0.0,,,True
1790389800,2026-09-26T02:30:00Z,เมืองลพบุรี,190,0.002,0.098,0.0158,,60,True
1790389800,2026-09-26T02:30:00Z,เดิมบางนางบวช,130,0.0,0.0,0.0,,,True
1790389800,2026-09-26T02:30:00Z,ด่านช้าง,309,0.006,0.098,0.0647,,15,True
1790389800,2026-09-26T02:30:00Z,หนองม่วง,111,0.0,0.0,0.0,,,True
1790389800,2026-09-26T02:30:00Z,ลำสนธิ,136,0.04,0.908,0.1691,15,15,True
1790389800,2026-09-26T02:30:00Z,สามชุก,77,0.0,0.0,0.0,,,True
1790389800,2026-09-26T02:30:00Z,ดอนเจดีย์,72,0.0,0.0,0.0,,,True
1790389800,2026-09-26T02:30:00Z,สระโบสถ์,83,0.004,0.098,0.0361,,45,True
1790389800,2026-09-26T02:30:00Z,ศรีประจันต์,41,0.0,0.0,0.0,,,True
1790389800,2026-09-26T02:30:00Z,โคกเจริญ,135,0.0,0.0,0.0,,,True
1790389800,2026-09-26T02:30:00Z,บ้านหมี่,136,0.0,0.0,0.0,,,True
1790389800,2026-09-26T02:30:00Z,ท่าหลวง,100,0.237,1.613,0.9,30,15,True
1790389800,2026-09-26T02:30:00Z,ชัยบาดาล,280,0.063,1.109,0.3964,30,15,True
1790389800,2026-09-26T02:30:00Z,ท่าวุ้ง,64,0.003,0.098,0.0312,,75,True
1790389800,2026-09-26T02:30:00Z,พัฒนานิคม,217,0.173,0.696,0.6129,45,15,True
1790389800,2026-09-26T02:30:00Z,โคกสำโรง,180,0.034,0.098,0.35,90,30,True
1790389800,2026-09-26T02:30:00Z,หนองหญ้าไซ,108,0.0,0.0,0.0,,,True
1790389800,2026-09-26T02:30:00Z,ท่าช้าง,11,0.0,0.0,0.0,,,True
1790389800,2026-09-26T02:30:00Z,อินทร์บุรี,66,0.0,0.0,0.0,,,True
1790389800,2026-09-26T02:30:00Z,ค่ายบางระจัน,26,0.004,0.098,0.0385,,120,True
1790389800,2026-09-26T02:30:00Z,พรหมบุรี,19,0.005,0.098,0.0526,,105,True
1790389800,2026-09-26T02:30:00Z,เนินสง่า,65,0.0,0.0,0.0,,,True
1790389800,2026-09-26T02:30:00Z,เมืองสิงห์บุรี,31,0.0,0.0,0.0,,,True
1790389800,2026-09-26T02:30:00Z,ซับใหญ่,72,0.0,0.0,0.0,,,True
1790389800,2026-09-26T02:30:00Z,บางระจัน,46,0.0,0.0,0.0,,,True
1790389800,2026-09-26T02:30:00Z,ภูกระดึง,190,0.0,0.0,0.0,,,True
1790389800,2026-09-26T02:30:00Z,ภูหลวง,145,0.0,0.0,0.0,,,True
1790389800,2026-09-26T02:30:00Z,หนองหิน,78,0.0,0.0,0.0,,,True
1790389800,2026-09-26T02:30:00Z,ผาขาว,100,0.0,0.0,0.0,,,True
1790389800,2026-09-26T02:30:00Z,เอราวัณ,87,0.0,0.0,0.0,,,True
1790389800,2026-09-26T02:30:00Z,วังสะพุง,281,0.0,0.0,0.0,,,True
1790389800,2026-09-26T02:30:00Z,วังม่วง,70,0.165,0.783,0.4,30,15,True
1790389800,2026-09-26T02:30:00Z,เฉลิมพระเกียรติ,35,0.003,0.098,0.0286,,120,True
1790389800,2026-09-26T02:30:00Z,มวกเหล็ก,175,0.057,0.984,0.1714,15,15,True
1790389800,2026-09-26T02:30:00Z,บ้านเขว้า,124,0.0,0.0,0.0,,,True
1790389800,2026-09-26T02:30:00Z,คอนสวรรค์,113,0.0,0.0,0.0,,,True
1790389800,2026-09-26T02:30:00Z,เมืองชัยภูมิ,358,0.0,0.0,0.0,,,True
1790389800,2026-09-26T02:30:00Z,วังทอง,425,0.0,0.0,0.0,,,True
1790389800,2026-09-26T02:30:00Z,เนินมะปราง,276,0.0,0.0,0.0,,,True
1790389800,2026-09-26T02:30:00Z,สวรรคโลก,156,0.0,0.0,0.0,,,True
1790389800,2026-09-26T02:30:00Z,ศรีนคร,46,0.0,0.0,0.0,,,True
1790389800,2026-09-26T02:30:00Z,หันคา,139,0.0,0.0,0.0,,,True
1790389800,2026-09-26T02:30:00Z,ศรีสัชนาลัย,534,0.0,0.0,0.0,,,True
1790389800,2026-09-26T02:30:00Z,หนองมะโมง,76,0.0,0.0,0.0,,,True
1790389800,2026-09-26T02:30:00Z,ศรีสำโรง,142,0.0,0.0,0.0,,,True
1790389800,2026-09-26T02:30:00Z,สรรพยา,55,0.0,0.0,0.0,,,True
1790389800,2026-09-26T02:30:00Z,คีรีมาศ,171,0.0,0.0,0.0,,,True
1790389800,2026-09-26T02:30:00Z,สรรคบุรี,89,0.0,0.0,0.0,,,True
1790389800,2026-09-26T02:30:00Z,กงไกรลาศ,108,0.0,0.0,0.0,,,True
1790389800,2026-09-26T02:30:00Z,มโนรมย์,66,0.0,0.0,0.0,,,True
1790389800,2026-09-26T02:30:00Z,เมืองสุโขทัย,136,0.0,0.0,0.0,,,True
1790389800,2026-09-26T02:30:00Z,วัดสิงห์,67,0.0,0.0,0.0,,,True
1790389800,2026-09-26T02:30:00Z,บ้านด่านลานหอย,231,0.0,0.0,0.0,,,True
1790389800,2026-09-26T02:30:00Z,เมืองชัยนาท,70,0.0,0.0,0.0,,,True
1790389800,2026-09-26T02:30:00Z,เนินขาม,65,0.0,0.0,0.0,,,True
1790389800,2026-09-26T02:30:00Z,คอนสาร,334,0.0,0.098,0.003,,15,True
1790389800,2026-09-26T02:30:00Z,ภักดีชุมพล,154,0.0,0.0,0.0,,,True
1790389800,2026-09-26T02:30:00Z,บ้านแท่น,76,0.0,0.0,0.0,,,True
1790389800,2026-09-26T02:30:00Z,แก้งคร้อ,168,0.0,0.0,0.0,,,True
1790389800,2026-09-26T02:30:00Z,ภูเขียว,201,0.0,0.0,0.0,,,True
1790389800,2026-09-26T02:30:00Z,หนองบัวระเหว,179,0.0,0.0,0.0,,,True
1790389800,2026-09-26T02:30:00Z,เทพสถิต,239,0.0,0.0,0.0,,,True
1790389800,2026-09-26T02:30:00Z,จัตุรัส,172,0.0,0.0,0.0,,,True
1790389800,2026-09-26T02:30:00Z,บำเหน็จณรงค์,120,0.0,0.0,0.0,,,True
1790389800,2026-09-26T02:30:00Z,เกษตรสมบูรณ์,268,0.0,0.0,0.0,,,True
1790389800,2026-09-26T02:30:00Z,หนองบัวแดง,537,0.0,0.0,0.0,,,True
1790389800,2026-09-26T02:30:00Z,ภูเรือ,168,0.0,0.0,0.0,,,True
1790389800,2026-09-26T02:30:00Z,ท่าลี่,171,0.0,0.0,0.0,,,True
1790389800,2026-09-26T02:30:00Z,วชิรบารมี,68,0.0,0.0,0.0,,,True
1790389800,2026-09-26T02:30:00Z,ด่านซ้าย,341,0.0,0.0,0.0,,,True
1790389800,2026-09-26T02:30:00Z,นาแห้ว,153,0.0,0.0,0.0,,,True
1790389800,2026-09-26T02:30:00Z,บึงนาราง,74,0.0,0.0,0.0,,,True
1790389800,2026-09-26T02:30:00Z,เชียงคาน,213,0.0,0.0,0.0,,,True
1790389800,2026-09-26T02:30:00Z,ดงเจริญ,56,0.0,0.0,0.0,,,True
1790389800,2026-09-26T02:30:00Z,ปากชม,240,0.0,0.0,0.0,,,True
1790389800,2026-09-26T02:30:00Z,เมืองเลย,314,0.001,0.098,0.0096,,45,True
1790389800,2026-09-26T02:30:00Z,นาด้วง,143,0.0,0.0,0.0,,,True
1790389800,2026-09-26T02:30:00Z,สากเหล็ก,45,0.0,0.0,0.0,,,True
1790389800,2026-09-26T02:30:00Z,สามง่าม,89,0.0,0.0,0.0,,,True
1790389800,2026-09-26T02:30:00Z,ทับคล้อ,104,0.0,0.0,0.0,,,True
1790389800,2026-09-26T02:30:00Z,พรหมพิราม,206,0.0,0.0,0.0,,,True
1790389800,2026-09-26T02:30:00Z,ด่านขุนทด,344,0.04,1.216,0.1105,30,15,True
1790389800,2026-09-26T02:30:00Z,วัดโบสถ์,226,0.0,0.0,0.0,,,True
1790389800,2026-09-26T02:30:00Z,บางระกำ,246,0.0,0.0,0.0,,,True
1790389800,2026-09-26T02:30:00Z,บางกระทุ่ม,91,0.0,0.0,0.0,,,True
1790389800,2026-09-26T02:30:00Z,นครไทย,597,0.0,0.0,0.0,,,True
1790389800,2026-09-26T02:30:00Z,ชาติตระการ,415,0.0,0.0,0.0,,,True
1790389800,2026-09-26T02:30:00Z,บ้านเหลื่อม,55,0.0,0.0,0.0,,,True
1790389800,2026-09-26T02:30:00Z,เมืองพิษณุโลก,178,0.0,0.0,0.0,,,True
1790389800,2026-09-26T02:30:00Z,ชุมแสง,145,0.0,0.0,0.0,,,True
1790389800,2026-09-26T02:30:00Z,หนองบัว,208,0.0,0.0,0.0,,,True
1790389800,2026-09-26T02:30:00Z,เมืองนครสวรรค์,183,0.0,0.0,0.0,,,True
1790389800,2026-09-26T02:30:00Z,โกรกพระ,71,0.0,0.0,0.0,,,True
1790389800,2026-09-26T02:30:00Z,ไพศาลี,244,0.0,0.0,0.0,,,True
1790389800,2026-09-26T02:30:00Z,ตาคลี,206,0.0,0.0,0.0,,,True
1790389800,2026-09-26T02:30:00Z,ท่าตะโก,211,0.0,0.0,0.0,,,True
1790389800,2026-09-26T02:30:00Z,เขาค้อ,207,0.0,0.0,0.0,,,True
1790389800,2026-09-26T02:30:00Z,บรรพตพิสัย,181,0.0,0.0,0.0,,,True
1790389800,2026-09-26T02:30:00Z,เก้าเลี้ยว,57,0.0,0.0,0.0,,,True
1790389800,2026-09-26T02:30:00Z,วังโป่ง,123,0.0,0.0,0.0,,,True
1790389800,2026-09-26T02:30:00Z,บึงสามพัน,194,0.0,0.0,0.0,,,True
1790389800,2026-09-26T02:30:00Z,น้ำหนาว,231,0.0,0.0,0.0,,,True
1790389800,2026-09-26T02:30:00Z,ศรีเทพ,204,0.0,0.0,0.0,,,True
1790389800,2026-09-26T02:30:00Z,หนองไผ่,315,0.0,0.0,0.0,,,True
1790389800,2026-09-26T02:30:00Z,มหาราช,4,0.0,0.0,0.0,,,False
1790389800,2026-09-26T02:30:00Z,บ้านแพรก,10,0.0,0.0,0.0,,,True
1790389800,2026-09-26T02:30:00Z,บางมูลนาก,99,0.0,0.0,0.0,,,True
1790389800,2026-09-26T02:30:00Z,โพทะเล,131,0.0,0.0,0.0,,,True
1790389800,2026-09-26T02:30:00Z,โพธิ์ประทับช้าง,102,0.0,0.0,0.0,,,True
1790389800,2026-09-26T02:30:00Z,ตะพานหิน,109,0.0,0.0,0.0,,,True
1790389800,2026-09-26T02:30:00Z,เมืองพิจิตร,138,0.0,0.0,0.0,,,True
1790389800,2026-09-26T02:30:00Z,วังทรายพูน,66,0.0,0.0,0.0,,,True
1790390700,2026-09-26T02:45:00Z,พิชัย,176,0.0,0.0,0.0,,,True
1790390700,2026-09-26T02:45:00Z,ลับแล,116,0.0,0.0,0.0,,,True
1790390700,2026-09-26T02:45:00Z,ฟากท่า,163,0.0,0.0,0.0,,,True
1790390700,2026-09-26T02:45:00Z,บ้านโคก,247,0.0,0.0,0.0,,,True
1790390700,2026-09-26T02:45:00Z,ท่าปลา,442,0.0,0.0,0.0,,,True
1790390700,2026-09-26T02:45:00Z,น้ำปาด,363,0.0,0.0,0.0,,,True
1790390700,2026-09-26T02:45:00Z,เมืองอุตรดิตถ์,202,0.0,0.0,0.0,,,True
1790390700,2026-09-26T02:45:00Z,ตรอน,80,0.0,0.0,0.0,,,True
1790390700,2026-09-26T02:45:00Z,หล่มเก่า,246,0.0,0.0,0.0,,,True
1790390700,2026-09-26T02:45:00Z,วิเชียรบุรี,377,0.0,0.0,0.0,,,True
1790390700,2026-09-26T02:45:00Z,ชนแดน,279,0.001,0.098,0.0072,,120,True
1790390700,2026-09-26T02:45:00Z,หล่มสัก,350,0.0,0.0,0.0,,,True
1790390700,2026-09-26T02:45:00Z,เมืองเพชรบูรณ์,571,0.002,0.196,0.0193,,15,True
1790390700,2026-09-26T02:45:00Z,ทองแสนขัน,185,0.0,0.0,0.0,,,True
1790390700,2026-09-26T02:45:00Z,บึงสามัคคี,71,0.0,0.0,0.0,,,True
1790390700,2026-09-26T02:45:00Z,โกสัมพีนคร,137,0.0,0.0,0.0,,,True
1790390700,2026-09-26T02:45:00Z,สอง,380,0.0,0.0,0.0,,,True
1790390700,2026-09-26T02:45:00Z,วังชิ้น,255,0.0,0.0,0.0,,,True
1790390700,2026-09-26T02:45:00Z,สูงเม่น,88,0.0,0.0,0.0,,,True
1790390700,2026-09-26T02:45:00Z,เด่นชัย,135,0.0,0.0,0.0,,,True
1790390700,2026-09-26T02:45:00Z,ร้องกวาง,221,0.0,0.0,0.0,,,True
1790390700,2026-09-26T02:45:00Z,ลอง,317,0.0,0.0,0.0,,,True
1790390700,2026-09-26T02:45:00Z,เมืองแพร่,205,0.0,0.0,0.0,,,True
1790390700,2026-09-26T02:45:00Z,ทัพทัน,94,0.0,0.0,0.0,,,True
1790390700,2026-09-26T02:45:00Z,สว่างอารมณ์,110,0.012,0.288,0.1,15,15,True
1790390700,2026-09-26T02:45:00Z,เมืองอุทัยธานี,59,0.0,0.0,0.0,,,True
1790390700,2026-09-26T02:45:00Z,ห้วยคต,94,0.009,0.299,0.0745,,15,True
1790390700,2026-09-26T02:45:00Z,ศรีสวัสดิ์,440,0.001,0.098,0.0114,,15,True
1790390700,2026-09-26T02:45:00Z,บ้านไร่,821,0.025,0.397,0.1949,60,15,True
1790390700,2026-09-26T02:45:00Z,ลานสัก,360,0.027,0.299,0.2056,45,15,True
1790390700,2026-09-26T02:45:00Z,หนองฉาง,89,0.0,0.0,0.0,,,True
1790390700,2026-09-26T02:45:00Z,หนองขาหย่าง,43,0.0,0.0,0.0,,,True
1790390700,2026-09-26T02:45:00Z,เชียงม่วน,82,0.0,0.0,0.0,,,True
1790390700,2026-09-26T02:45:00Z,ดอกคำใต้,37,0.0,0.0,0.0,,,True
1790390700,2026-09-26T02:45:00Z,เมืองพะเยา,6,0.0,0.0,0.0,,,True
1790390700,2026-09-26T02:45:00Z,ทองผาภูมิ,851,0.01,0.386,0.0752,,45,True
1790390700,2026-09-26T02:45:00Z,สังขละบุรี,793,0.0,0.0,0.0,,,True
1790390700,2026-09-26T02:45:00Z,หนองม่วงไข่,35,0.0,0.0,0.0,,,True
1790390700,2026-09-26T02:45:00Z,ภูเวียง,81,0.0,0.0,0.0,,,True
1790390700,2026-09-26T02:45:00Z,มัญจาคีรี,50,0.0,0.0,0.0,,,True
1790390700,2026-09-26T02:45:00Z,หนองปรือ,104,0.002,0.098,0.0192,,30,True
1790390700,2026-09-26T02:45:00Z,เลาขวัญ,123,0.0,0.0,0.0,,,True
1790390700,2026-09-26T02:45:00Z,หนองนาคำ,43,0.0,0.0,0.0,,,True
1790390700,2026-09-26T02:45:00Z,โคกโพธิ์ไชย,65,0.0,0.0,0.0,,,True
1790390700,2026-09-26T02:45:00Z,บ้านหลวง,91,0.0,0.0,0.0,,,True
1790390700,2026-09-26T02:45:00Z,นาน้อย,266,0.0,0.0,0.0,,,True
1790390700,2026-09-26T02:45:00Z,ภูผาม่าน,74,0.0,0.0,0.0,,,True
1790390700,2026-09-26T02:45:00Z,เมืองน่าน,161,0.0,0.0,0.0,,,True
1790390700,2026-09-26T02:45:00Z,แม่จริม,262,0.0,0.0,0.0,,,True
1790390700,2026-09-26T02:45:00Z,เวียงเก่า,78,0.0,0.0,0.0,,,True
1790390700,2026-09-26T02:45:00Z,เมืองกำแพงเพชร,368,0.0,0.0,0.0,,,True
1790390700,2026-09-26T02:45:00Z,ไทรงาม,133,0.0,0.0,0.0,,,True
1790390700,2026-09-26T02:45:00Z,ปางศิลาทอง,186,0.0,0.0,0.0,,,True
1790390700,2026-09-26T02:45:00Z,ลานกระบือ,103,0.0,0.0,0.0,,,True
1790390700,2026-09-26T02:45:00Z,ทรายทองวัฒนา,53,0.0,0.0,0.0,,,True
1790390700,2026-09-26T02:45:00Z,คลองขลุง,179,0.0,0.0,0.0,,,True
1790390700,2026-09-26T02:45:00Z,พรานกระต่าย,252,0.0,0.0,0.0,,,True
1790390700,2026-09-26T02:45:00Z,คลองลาน,363,0.0,0.0,0.0,,,True
1790390700,2026-09-26T02:45:00Z,ขาณุวรลักษบุรี,296,0.0,0.0,0.0,,,True
1790390700,2026-09-26T02:45:00Z,ภูเพียง,113,0.0,0.0,0.0,,,True
1790390700,2026-09-26T02:45:00Z,นาหมื่น,245,0.0,0.0,0.0,,,True
1790390700,2026-09-26T02:45:00Z,เวียงสา,543,0.0,0.0,0.0,,,True
1790390700,2026-09-26T02:45:00Z,น้ำโสม,153,0.0,0.0,0.0,,,True
1790390700,2026-09-26T02:45:00Z,นายูง,126,0.0,0.0,0.0,,,True
1790390700,2026-09-26T02:45:00Z,ชุมแพ,173,0.0,0.0,0.0,,,True
1790390700,2026-09-26T02:45:00Z,สีชมพู,132,0.0,0.0,0.0,,,True
1790390700,2026-09-26T02:45:00Z,สุวรรณคูหา,140,0.0,0.0,0.0,,,True
1790390700,2026-09-26T02:45:00Z,นาวัง,65,0.0,0.0,0.0,,,True
1790390700,2026-09-26T02:45:00Z,หนองเรือ,80,0.0,0.0,0.0,,,True
1790390700,2026-09-26T02:45:00Z,โนนสัง,51,0.0,0.0,0.0,,,True
1790390700,2026-09-26T02:45:00Z,ศรีบุญเรือง,224,0.0,0.0,0.0,,,True
1790390700,2026-09-26T02:45:00Z,เมืองหนองบัวลำภู,217,0.0,0.0,0.0,,,True
1790390700,2026-09-26T02:45:00Z,นากลาง,173,0.0,0.0,0.0,,,True
1790390700,2026-09-26T02:45:00Z,ทุ่งเสลี่ยม,144,0.0,0.0,0.0,,,True
1790390700,2026-09-26T02:45:00Z,ดอยหล่อ,56,0.0,0.0,0.0,,,True
1790390700,2026-09-26T02:45:00Z,เมืองตาก,486,0.0,0.0,0.0,,,True
1790390700,2026-09-26T02:45:00Z,แม่ออน,116,0.0,0.0,0.0,,,True
1790390700,2026-09-26T02:45:00Z,อุ้มผาง,1209,0.002,0.201,0.0174,,45,True
1790390700,2026-09-26T02:45:00Z,วังเจ้า,183,0.0,0.0,0.0,,,True
1790390700,2026-09-26T02:45:00Z,แม่สอด,398,0.0,0.0,0.0,,,True
1790390700,2026-09-26T02:45:00Z,พบพระ,249,0.0,0.0,0.0,,,True
1790390700,2026-09-26T02:45:00Z,แม่ระมาด,380,0.0,0.0,0.0,,,True
1790390700,2026-09-26T02:45:00Z,ท่าสองยาง,401,0.0,0.0,0.0,,,True
1790390700,2026-09-26T02:45:00Z,บ้านตาก,255,0.0,0.0,0.0,,,True
1790390700,2026-09-26T02:45:00Z,สามเงา,698,0.0,0.0,0.0,,,True
1790390700,2026-09-26T02:45:00Z,จอมทอง,280,0.0,0.0,0.0,,,True
1790390700,2026-09-26T02:45:00Z,แก้งสนามนาง,79,0.0,0.0,0.0,,,True
1790390700,2026-09-26T02:45:00Z,สีคิ้ว,292,0.009,0.201,0.0616,,15,True
1790390700,2026-09-26T02:45:00Z,พระทองคำ,90,0.0,0.0,0.0,,,True
1790390700,2026-09-26T02:45:00Z,เทพารักษ์,92,0.008,0.201,0.0543,,15,True
1790390700,2026-09-26T02:45:00Z,สันกำแพง,65,0.0,0.0,0.0,,,True
1790390700,2026-09-26T02:45:00Z,สันป่าตอง,44,0.0,0.0,0.0,,,True
1790390700,2026-09-26T02:45:00Z,ดอยเต่า,213,0.0,0.0,0.0,,,True
1790390700,2026-09-26T02:45:00Z,อมก๋อย,704,0.0,0.0,0.0,,,True
1790390700,2026-09-26T02:45:00Z,ฮอด,378,0.0,0.0,0.0,,,True
1790390700,2026-09-26T02:45:00Z,เมืองลำพูน,117,0.0,0.0,0.0,,,True
1790390700,2026-09-26T02:45:00Z,แม่ทา,192,0.0,0.0,0.0,,,True
1790390700,2026-09-26T02:45:00Z,บ้านธิ,34,0.0,0.0,0.0,,,True
1790390700,2026-09-26T02:45:00Z,บ้านหมอ,24,0.0,0.0,0.0,,,True
1790390700,2026-09-26T02:45:00Z,เวียงหนองล่อง,14,0.0,0.0,0.0,,,True
1790390700,2026-09-26T02:45:00Z,ทุ่งหัวช้าง,113,0.0,0.0,0.0,,,True
1790390700,2026-09-26T02:45:00Z,ป่าซาง,74,0.0,0.0,0.0,,,True
1790390700,2026-09-26T02:45:00Z,บ้านโฮ่ง,124,0.0,0.0,0.0,,,True
1790390700,2026-09-26T02:45:00Z,แก่งคอย,73,0.0,0.0,0.0,,,True
1790390700,2026-09-26T02:45:00Z,ลี้,454,0.0,0.0,0.0,,,True
1790390700,2026-09-26T02:45:00Z,พระพุทธบาท,55,0.004,0.098,0.0364,,105,True
1790390700,2026-09-26T02:45:00Z,ดอนพุด,7,0.0,0.0,0.0,,,True
1790390700,2026-09-26T02:45:00Z,หนองโดน,31,0.0,0.0,0.0,,,True
1790390700,2026-09-26T02:45:00Z,เมืองลำปาง,300,0.0,0.0,0.0,,,True
1790390700,2026-09-26T02:45:00Z,เถิน,443,0.0,0.0,0.0,,,True
1790390700,2026-09-26T02:45:00Z,แม่พริก,167,0.0,0.0,0.0,,,True
1790390700,2026-09-26T02:45:00Z,แจ้ห่ม,274,0.0,0.0,0.0,,,True
1790390700,2026-09-26T02:45:00Z,แม่เปิน,85,0.001,0.098,0.0118,,45,True
1790390700,2026-09-26T02:45:00Z,เสริมงาม,185,0.0,0.0,0.0,,,True
1790390700,2026-09-26T02:45:00Z,ชุมตาบง,61,0.005,0.196,0.0328,,15,True
1790390700,2026-09-26T02:45:00Z,งาว,344,0.0,0.0,0.0,,,True
1790390700,2026-09-26T02:45:00Z,ตากฟ้า,125,0.0,0.0,0.0,,,True
1790390700,2026-09-26T02:45:00Z,แม่เมาะ,283,0.0,0.0,0.0,,,True
1790390700,2026-09-26T02:45:00Z,แม่วงก์,257,0.0,0.0,0.0,,,True
1790390700,2026-09-26T02:45:00Z,เกาะคา,128,0.0,0.0,0.0,,,True
1790390700,2026-09-26T02:45:00Z,พยุหะคีรี,169,0.0,0.0,0.0,,,True
1790390700,2026-09-26T02:45:00Z,ลาดยาว,187,0.0,0.0,0.0,,,True
1790390700,2026-09-26T02:45:00Z,สบปราบ,125,0.0,0.0,0.0,,,True
1790390700,2026-09-26T02:45:00Z,ห้างฉัตร,154,0.0,0.0,0.0,,,True
1790390700,2026-09-26T02:45:00Z,แม่ทะ,203,0.0,0.0,0.0,,,True
1790390700,2026-09-26T02:45:00Z,เมืองปาน,202,0.0,0.0,0.0,,,True
1790390700,2026-09-26T02:45:00Z,เมืองอ่างทอง,6,0.0,0.0,0.0,,,True
1790390700,2026-09-26T02:45:00Z,ไชโย,20,0.0,0.0,0.0,,,True
1790390700,2026-09-26T02:45:00Z,สามโก้,10,0.0,0.0,0.0,,,True
1790390700,2026-09-26T02:45:00Z,แสวงหา,43,0.0,0.0,0.0,,,True
1790390700,2026-09-26T02:45:00Z,วิเศษชัยชาญ,7,0.0,0.0,0.0,,,True
1790390700,2026-09-26T02:45:00Z,โพธิ์ทอง,48,0.0,0.0,0.0,,,True
1790390700,2026-09-26T02:45:00Z,เมืองลพบุรี,190,0.052,0.402,0.2737,105,90,True
1790390700,2026-09-26T02:45:00Z,เดิมบางนางบวช,130,0.0,0.0,0.0,,,True
1790390700,2026-09-26T02:45:00Z,ด่านช้าง,309,0.005,0.201,0.0324,,15,True
1790390700,2026-09-26T02:45:00Z,หนองม่วง,111,0.019,0.392,0.1081,105,45,True
1790390700,2026-09-26T02:45:00Z,ลำสนธิ,136,0.061,0.68,0.1985,15,15,True
1790390700,2026-09-26T02:45:00Z,สามชุก,77,0.0,0.0,0.0,,,True
1790390700,2026-09-26T02:45:00Z,ดอนเจดีย์,72,0.0,0.0,0.0,,,True
1790390700,2026-09-26T02:45:00Z,สระโบสถ์,83,0.162,0.495,0.6627,30,15,True
1790390700,2026-09-26T02:45:00Z,ศรีประจันต์,41,0.0,0.0,0.0,,,True
1790390700,2026-09-26T02:45:00Z,โคกเจริญ,135,0.0,0.0,0.0,,,True
1790390700,2026-09-26T02:45:00Z,บ้านหมี่,136,0.025,0.196,0.2353,105,90,True
1790390700,2026-09-26T02:45:00Z,ท่าหลวง,100,0.176,0.974,0.77,15,15,True
1790390700,2026-09-26T02:45:00Z,ชัยบาดาล,280,0.207,0.876,0.8071,15,15,True
1790390700,2026-09-26T02:45:00Z,ท่าวุ้ง,64,0.0,0.0,0.0,,,True
1790390700,2026-09-26T02:45:00Z,พัฒนานิคม,217,0.148,0.5,0.6544,15,15,True
1790390700,2026-09-26T02:45:00Z,โคกสำโรง,180,0.077,0.49,0.3944,75,45,True
1790390700,2026-09-26T02:45:00Z,หนองหญ้าไซ,108,0.0,0.0,0.0,,,True
1790390700,2026-09-26T02:45:00Z,ท่าช้าง,11,0.0,0.0,0.0,,,True
1790390700,2026-09-26T02:45:00Z,อินทร์บุรี,66,0.0,0.0,0.0,,,True
1790390700,2026-09-26T02:45:00Z,ค่ายบางระจัน,26,0.0,0.0,0.0,,,True
1790390700,2026-09-26T02:45:00Z,พรหมบุรี,19,0.0,0.0,0.0,,,True
1790390700,2026-09-26T02:45:00Z,เนินสง่า,65,0.0,0.0,0.0,,,True
1790390700,2026-09-26T02:45:00Z,เมืองสิงห์บุรี,31,0.0,0.0,0.0,,,True
1790390700,2026-09-26T02:45:00Z,ซับใหญ่,72,0.0,0.0,0.0,,,True
1790390700,2026-09-26T02:45:00Z,บางระจัน,46,0.0,0.0,0.0,,,True
1790390700,2026-09-26T02:45:00Z,ภูกระดึง,190,0.0,0.0,0.0,,,True
1790390700,2026-09-26T02:45:00Z,ภูหลวง,145,0.0,0.0,0.0,,,True
1790390700,2026-09-26T02:45:00Z,หนองหิน,78,0.0,0.0,0.0,,,True
1790390700,2026-09-26T02:45:00Z,ผาขาว,100,0.0,0.0,0.0,,,True
1790390700,2026-09-26T02:45:00Z,เอราวัณ,87,0.0,0.0,0.0,,,True
1790390700,2026-09-26T02:45:00Z,วังสะพุง,281,0.0,0.0,0.0,,,True
1790390700,2026-09-26T02:45:00Z,วังม่วง,70,0.027,0.196,0.2143,30,15,True
1790390700,2026-09-26T02:45:00Z,เฉลิมพระเกียรติ,35,0.0,0.0,0.0,,,True
1790390700,2026-09-26T02:45:00Z,มวกเหล็ก,175,0.003,0.098,0.0286,,15,True
1790390700,2026-09-26T02:45:00Z,บ้านเขว้า,124,0.0,0.0,0.0,,,True
1790390700,2026-09-26T02:45:00Z,คอนสวรรค์,113,0.0,0.0,0.0,,,True
1790390700,2026-09-26T02:45:00Z,เมืองชัยภูมิ,358,0.0,0.0,0.0,,,True
1790390700,2026-09-26T02:45:00Z,วังทอง,425,0.0,0.0,0.0,,,True
1790390700,2026-09-26T02:45:00Z,เนินมะปราง,276,0.0,0.0,0.0,,,True
1790390700,2026-09-26T02:45:00Z,สวรรคโลก,156,0.0,0.0,0.0,,,True
1790390700,2026-09-26T02:45:00Z,ศรีนคร,46,0.0,0.0,0.0,,,True
1790390700,2026-09-26T02:45:00Z,หันคา,139,0.0,0.0,0.0,,,True
1790390700,2026-09-26T02:45:00Z,ศรีสัชนาลัย,534,0.0,0.0,0.0,,,True
1790390700,2026-09-26T02:45:00Z,หนองมะโมง,76,0.0,0.0,0.0,,,True
1790390700,2026-09-26T02:45:00Z,ศรีสำโรง,142,0.0,0.0,0.0,,,True
1790390700,2026-09-26T02:45:00Z,สรรพยา,55,0.0,0.0,0.0,,,True
1790390700,2026-09-26T02:45:00Z,คีรีมาศ,171,0.0,0.0,0.0,,,True
1790390700,2026-09-26T02:45:00Z,สรรคบุรี,89,0.0,0.0,0.0,,,True
1790390700,2026-09-26T02:45:00Z,กงไกรลาศ,108,0.0,0.0,0.0,,,True
1790390700,2026-09-26T02:45:00Z,มโนรมย์,66,0.0,0.0,0.0,,,True
1790390700,2026-09-26T02:45:00Z,เมืองสุโขทัย,136,0.0,0.0,0.0,,,True
1790390700,2026-09-26T02:45:00Z,วัดสิงห์,67,0.0,0.0,0.0,,,True
1790390700,2026-09-26T02:45:00Z,บ้านด่านลานหอย,231,0.0,0.0,0.0,,,True
1790390700,2026-09-26T02:45:00Z,เมืองชัยนาท,70,0.0,0.0,0.0,,,True
1790390700,2026-09-26T02:45:00Z,เนินขาม,65,0.0,0.0,0.0,,,True
1790390700,2026-09-26T02:45:00Z,คอนสาร,334,0.0,0.0,0.0,,,True
1790390700,2026-09-26T02:45:00Z,ภักดีชุมพล,154,0.0,0.0,0.0,,,True
1790390700,2026-09-26T02:45:00Z,บ้านแท่น,76,0.0,0.0,0.0,,,True
1790390700,2026-09-26T02:45:00Z,แก้งคร้อ,168,0.0,0.0,0.0,,,True
1790390700,2026-09-26T02:45:00Z,ภูเขียว,201,0.0,0.0,0.0,,,True
1790390700,2026-09-26T02:45:00Z,หนองบัวระเหว,179,0.0,0.0,0.0,,,True
1790390700,2026-09-26T02:45:00Z,เทพสถิต,239,0.0,0.0,0.0,,,True
1790390700,2026-09-26T02:45:00Z,จัตุรัส,172,0.0,0.0,0.0,,,True
1790390700,2026-09-26T02:45:00Z,บำเหน็จณรงค์,120,0.0,0.0,0.0,,,True
1790390700,2026-09-26T02:45:00Z,เกษตรสมบูรณ์,268,0.0,0.0,0.0,,,True
1790390700,2026-09-26T02:45:00Z,หนองบัวแดง,537,0.0,0.0,0.0,,,True
1790390700,2026-09-26T02:45:00Z,ภูเรือ,168,0.0,0.0,0.0,,,True
1790390700,2026-09-26T02:45:00Z,ท่าลี่,171,0.008,0.098,0.0819,,90,True
1790390700,2026-09-26T02:45:00Z,วชิรบารมี,68,0.0,0.0,0.0,,,True
1790390700,2026-09-26T02:45:00Z,ด่านซ้าย,341,0.0,0.0,0.0,,,True
1790390700,2026-09-26T02:45:00Z,นาแห้ว,153,0.0,0.0,0.0,,,True
1790390700,2026-09-26T02:45:00Z,บึงนาราง,74,0.0,0.0,0.0,,,True
1790390700,2026-09-26T02:45:00Z,เชียงคาน,213,0.004,0.098,0.0423,,30,True
1790390700,2026-09-26T02:45:00Z,ดงเจริญ,56,0.0,0.0,0.0,,,True
1790390700,2026-09-26T02:45:00Z,ปากชม,240,0.002,0.098,0.0167,,15,True
1790390700,2026-09-26T02:45:00Z,เมืองเลย,314,0.009,0.098,0.0892,,15,True
1790390700,2026-09-26T02:45:00Z,นาด้วง,143,0.0,0.0,0.0,,,True
1790390700,2026-09-26T02:45:00Z,สากเหล็ก,45,0.0,0.0,0.0,,,True
1790390700,2026-09-26T02:45:00Z,สามง่าม,89,0.0,0.0,0.0,,,True
1790390700,2026-09-26T02:45:00Z,ทับคล้อ,104,0.0,0.0,0.0,,,True
1790390700,2026-09-26T02:45:00Z,พรหมพิราม,206,0.0,0.0,0.0,,,True
1790390700,2026-09-26T02:45:00Z,ด่านขุนทด,344,0.054,0.598,0.2093,15,15,True
1790390700,2026-09-26T02:45:00Z,วัดโบสถ์,226,0.0,0.0,0.0,,,True
1790390700,2026-09-26T02:45:00Z,บางระกำ,246,0.0,0.0,0.0,,,True
1790390700,2026-09-26T02:45:00Z,บางกระทุ่ม,91,0.0,0.0,0.0,,,True
1790390700,2026-09-26T02:45:00Z,นครไทย,597,0.0,0.0,0.0,,,True
1790390700,2026-09-26T02:45:00Z,ชาติตระการ,415,0.0,0.0,0.0,,,True
1790390700,2026-09-26T02:45:00Z,บ้านเหลื่อม,55,0.0,0.0,0.0,,,True
1790390700,2026-09-26T02:45:00Z,เมืองพิษณุโลก,178,0.0,0.0,0.0,,,True
1790390700,2026-09-26T02:45:00Z,ชุมแสง,145,0.0,0.0,0.0,,,True
1790390700,2026-09-26T02:45:00Z,หนองบัว,208,0.0,0.0,0.0,,,True
1790390700,2026-09-26T02:45:00Z,เมืองนครสวรรค์,183,0.0,0.0,0.0,,,True
1790390700,2026-09-26T02:45:00Z,โกรกพระ,71,0.0,0.0,0.0,,,True
1790390700,2026-09-26T02:45:00Z,ไพศาลี,244,0.0,0.0,0.0,,,True
1790390700,2026-09-26T02:45:00Z,ตาคลี,206,0.0,0.0,0.0,,,True
1790390700,2026-09-26T02:45:00Z,ท่าตะโก,211,0.0,0.0,0.0,,,True
1790390700,2026-09-26T02:45:00Z,เขาค้อ,207,0.0,0.0,0.0,,,True
1790390700,2026-09-26T02:45:00Z,บรรพตพิสัย,181,0.0,0.0,0.0,,,True
1790390700,2026-09-26T02:45:00Z,เก้าเลี้ยว,57,0.0,0.0,0.0,,,True
1790390700,2026-09-26T02:45:00Z,วังโป่ง,123,0.002,0.098,0.0244,,105,True
1790390700,2026-09-26T02:45:00Z,บึงสามพัน,194,0.0,0.0,0.0,,,True
1790390700,2026-09-26T02:45:00Z,น้ำหนาว,231,0.0,0.0,0.0,,,True
1790390700,2026-09-26T02:45:00Z,ศรีเทพ,204,0.0,0.0,0.0,,,True
1790390700,2026-09-26T02:45:00Z,หนองไผ่,315,0.0,0.0,0.0,,,True
1790390700,2026-09-26T02:45:00Z,มหาราช,4,0.0,0.0,0.0,,,False
1790390700,2026-09-26T02:45:00Z,บ้านแพรก,10,0.0,0.0,0.0,,,True
1790390700,2026-09-26T02:45:00Z,บางมูลนาก,99,0.0,0.0,0.0,,,True
1790390700,2026-09-26T02:45:00Z,โพทะเล,131,0.0,0.0,0.0,,,True
1790390700,2026-09-26T02:45:00Z,โพธิ์ประทับช้าง,102,0.0,0.0,0.0,,,True
1790390700,2026-09-26T02:45:00Z,ตะพานหิน,109,0.0,0.0,0.0,,,True
1790390700,2026-09-26T02:45:00Z,เมืองพิจิตร,138,0.0,0.0,0.0,,,True
1790390700,2026-09-26T02:45:00Z,วังทรายพูน,66,0.0,0.0,0.0,,,True
1790391600,2026-09-26T03:00:00Z,พิชัย,176,0.0,0.0,0.0,,,True
1790391600,2026-09-26T03:00:00Z,ลับแล,116,0.0,0.0,0.0,,,True
1790391600,2026-09-26T03:00:00Z,ฟากท่า,163,0.0,0.0,0.0,,,True
1790391600,2026-09-26T03:00:00Z,บ้านโคก,247,0.0,0.0,0.0,,,True
1790391600,2026-09-26T03:00:00Z,ท่าปลา,442,0.0,0.0,0.0,,,True
1790391600,2026-09-26T03:00:00Z,น้ำปาด,363,0.0,0.0,0.0,,,True
1790391600,2026-09-26T03:00:00Z,เมืองอุตรดิตถ์,202,0.0,0.0,0.0,,,True
1790391600,2026-09-26T03:00:00Z,ตรอน,80,0.0,0.0,0.0,,,True
1790391600,2026-09-26T03:00:00Z,หล่มเก่า,246,0.0,0.0,0.0,,,True
1790391600,2026-09-26T03:00:00Z,วิเชียรบุรี,377,0.0,0.0,0.0,,,True
1790391600,2026-09-26T03:00:00Z,ชนแดน,279,0.001,0.098,0.0143,,30,True
1790391600,2026-09-26T03:00:00Z,หล่มสัก,350,0.001,0.098,0.0086,,60,True
1790391600,2026-09-26T03:00:00Z,เมืองเพชรบูรณ์,571,0.001,0.098,0.0105,,30,True
1790391600,2026-09-26T03:00:00Z,ทองแสนขัน,185,0.0,0.0,0.0,,,True
1790391600,2026-09-26T03:00:00Z,บึงสามัคคี,71,0.0,0.0,0.0,,,True
1790391600,2026-09-26T03:00:00Z,โกสัมพีนคร,137,0.002,0.098,0.0219,,15,True
1790391600,2026-09-26T03:00:00Z,สอง,380,0.0,0.0,0.0,,,True
1790391600,2026-09-26T03:00:00Z,วังชิ้น,255,0.0,0.0,0.0,,,True
1790391600,2026-09-26T03:00:00Z,สูงเม่น,88,0.0,0.0,0.0,,,True
1790391600,2026-09-26T03:00:00Z,เด่นชัย,135,0.0,0.0,0.0,,,True
1790391600,2026-09-26T03:00:00Z,ร้องกวาง,221,0.0,0.0,0.0,,,True
1790391600,2026-09-26T03:00:00Z,ลอง,317,0.0,0.0,0.0,,,True
1790391600,2026-09-26T03:00:00Z,เมืองแพร่,205,0.0,0.0,0.0,,,True
1790391600,2026-09-26T03:00:00Z,ทัพทัน,94,0.0,0.0,0.0,,,True
1790391600,2026-09-26T03:00:00Z,สว่างอารมณ์,110,0.0,0.0,0.0,,,True
1790391600,2026-09-26T03:00:00Z,เมืองอุทัยธานี,59,0.0,0.0,0.0,,,True
1790391600,2026-09-26T03:00:00Z,ห้วยคต,94,0.005,0.201,0.0426,,15,True
1790391600,2026-09-26T03:00:00Z,ศรีสวัสดิ์,440,0.0,0.0,0.0,,,True
1790391600,2026-09-26T03:00:00Z,บ้านไร่,821,0.029,0.489,0.1876,60,15,True
1790391600,2026-09-26T03:00:00Z,ลานสัก,360,0.04,0.614,0.2278,30,15,True
1790391600,2026-09-26T03:00:00Z,หนองฉาง,89,0.0,0.0,0.0,,,True
1790391600,2026-09-26T03:00:00Z,หนองขาหย่าง,43,0.0,0.0,0.0,,,True
1790391600,2026-09-26T03:00:00Z,เชียงม่วน,82,0.0,0.0,0.0,,,True
1790391600,2026-09-26T03:00:00Z,ดอกคำใต้,37,0.0,0.0,0.0,,,True
1790391600,2026-09-26T03:00:00Z,เมืองพะเยา,6,0.0,0.0,0.0,,,True
1790391600,2026-09-26T03:00:00Z,ทองผาภูมิ,851,0.01,0.299,0.074,,45,True
1790391600,2026-09-26T03:00:00Z,สังขละบุรี,793,0.0,0.098,0.0025,,120,True
1790391600,2026-09-26T03:00:00Z,หนองม่วงไข่,35,0.0,0.0,0.0,,,True
1790391600,2026-09-26T03:00:00Z,ภูเวียง,81,0.0,0.0,0.0,,,True
1790391600,2026-09-26T03:00:00Z,มัญจาคีรี,50,0.0,0.0,0.0,,,True
1790391600,2026-09-26T03:00:00Z,หนองปรือ,104,0.0,0.0,0.0,,,True
1790391600,2026-09-26T03:00:00Z,เลาขวัญ,123,0.0,0.0,0.0,,,True
1790391600,2026-09-26T03:00:00Z,หนองนาคำ,43,0.0,0.0,0.0,,,True
1790391600,2026-09-26T03:00:00Z,โคกโพธิ์ไชย,65,0.0,0.0,0.0,,,True
1790391600,2026-09-26T03:00:00Z,บ้านหลวง,91,0.0,0.0,0.0,,,True
1790391600,2026-09-26T03:00:00Z,นาน้อย,266,0.0,0.0,0.0,,,True
1790391600,2026-09-26T03:00:00Z,ภูผาม่าน,74,0.0,0.0,0.0,,,True
1790391600,2026-09-26T03:00:00Z,เมืองน่าน,161,0.0,0.0,0.0,,,True
1790391600,2026-09-26T03:00:00Z,แม่จริม,262,0.0,0.0,0.0,,,True
1790391600,2026-09-26T03:00:00Z,เวียงเก่า,78,0.0,0.0,0.0,,,True
1790391600,2026-09-26T03:00:00Z,เมืองกำแพงเพชร,368,0.0,0.0,0.0,,,True
1790391600,2026-09-26T03:00:00Z,ไทรงาม,133,0.0,0.0,0.0,,,True
1790391600,2026-09-26T03:00:00Z,ปางศิลาทอง,186,0.0,0.0,0.0,,,True
1790391600,2026-09-26T03:00:00Z,ลานกระบือ,103,0.0,0.0,0.0,,,True
1790391600,2026-09-26T03:00:00Z,ทรายทองวัฒนา,53,0.0,0.0,0.0,,,True
1790391600,2026-09-26T03:00:00Z,คลองขลุง,179,0.0,0.0,0.0,,,True
1790391600,2026-09-26T03:00:00Z,พรานกระต่าย,252,0.0,0.0,0.0,,,True
1790391600,2026-09-26T03:00:00Z,คลองลาน,363,0.004,0.098,0.0358,,15,True
1790391600,2026-09-26T03:00:00Z,ขาณุวรลักษบุรี,296,0.0,0.0,0.0,,,True
1790391600,2026-09-26T03:00:00Z,ภูเพียง,113,0.0,0.0,0.0,,,True
1790391600,2026-09-26T03:00:00Z,นาหมื่น,245,0.0,0.0,0.0,,,True
1790391600,2026-09-26T03:00:00Z,เวียงสา,543,0.0,0.0,0.0,,,True
1790391600,2026-09-26T03:00:00Z,น้ำโสม,153,0.0,0.0,0.0,,,True
1790391600,2026-09-26T03:00:00Z,นายูง,126,0.0,0.0,0.0,,,True
1790391600,2026-09-26T03:00:00Z,ชุมแพ,173,0.0,0.0,0.0,,,True
1790391600,2026-09-26T03:00:00Z,สีชมพู,132,0.0,0.0,0.0,,,True
1790391600,2026-09-26T03:00:00Z,สุวรรณคูหา,140,0.0,0.0,0.0,,,True
1790391600,2026-09-26T03:00:00Z,นาวัง,65,0.0,0.0,0.0,,,True
1790391600,2026-09-26T03:00:00Z,หนองเรือ,80,0.0,0.0,0.0,,,True
1790391600,2026-09-26T03:00:00Z,โนนสัง,51,0.0,0.0,0.0,,,True
1790391600,2026-09-26T03:00:00Z,ศรีบุญเรือง,224,0.0,0.0,0.0,,,True
1790391600,2026-09-26T03:00:00Z,เมืองหนองบัวลำภู,217,0.0,0.0,0.0,,,True
1790391600,2026-09-26T03:00:00Z,นากลาง,173,0.0,0.0,0.0,,,True
1790391600,2026-09-26T03:00:00Z,ทุ่งเสลี่ยม,144,0.0,0.0,0.0,,,True
1790391600,2026-09-26T03:00:00Z,ดอยหล่อ,56,0.0,0.0,0.0,,,True
1790391600,2026-09-26T03:00:00Z,เมืองตาก,486,0.0,0.0,0.0,,,True
1790391600,2026-09-26T03:00:00Z,แม่ออน,116,0.0,0.0,0.0,,,True
1790391600,2026-09-26T03:00:00Z,อุ้มผาง,1209,0.008,0.614,0.0579,,15,True
1790391600,2026-09-26T03:00:00Z,วังเจ้า,183,0.0,0.0,0.0,,,True
1790391600,2026-09-26T03:00:00Z,แม่สอด,398,0.0,0.0,0.0,,,True
1790391600,2026-09-26T03:00:00Z,พบพระ,249,0.002,0.098,0.0201,,30,True
1790391600,2026-09-26T03:00:00Z,แม่ระมาด,380,0.0,0.0,0.0,,,True
1790391600,2026-09-26T03:00:00Z,ท่าสองยาง,401,0.0,0.0,0.0,,,True
1790391600,2026-09-26T03:00:00Z,บ้านตาก,255,0.0,0.0,0.0,,,True
1790391600,2026-09-26T03:00:00Z,สามเงา,698,0.0,0.0,0.0,,,True
1790391600,2026-09-26T03:00:00Z,จอมทอง,280,0.0,0.0,0.0,,,True
1790391600,2026-09-26T03:00:00Z,แก้งสนามนาง,79,0.0,0.0,0.0,,,True
1790391600,2026-09-26T03:00:00Z,สีคิ้ว,292,0.0,0.0,0.0,,,True
1790391600,2026-09-26T03:00:00Z,พระทองคำ,90,0.0,0.0,0.0,,,True
1790391600,2026-09-26T03:00:00Z,เทพารักษ์,92,0.048,0.299,0.3043,15,15,True
1790391600,2026-09-26T03:00:00Z,สันกำแพง,65,0.0,0.0,0.0,,,True
1790391600,2026-09-26T03:00:00Z,สันป่าตอง,44,0.0,0.0,0.0,,,True
1790391600,2026-09-26T03:00:00Z,ดอยเต่า,213,0.0,0.0,0.0,,,True
1790391600,2026-09-26T03:00:00Z,อมก๋อย,704,0.0,0.0,0.0,,,True
1790391600,2026-09-26T03:00:00Z,ฮอด,378,0.0,0.0,0.0,,,True
1790391600,2026-09-26T03:00:00Z,เมืองลำพูน,117,0.0,0.0,0.0,,,True
1790391600,2026-09-26T03:00:00Z,แม่ทา,192,0.0,0.0,0.0,,,True
1790391600,2026-09-26T03:00:00Z,บ้านธิ,34,0.0,0.0,0.0,,,True
1790391600,2026-09-26T03:00:00Z,บ้านหมอ,24,0.0,0.0,0.0,,,True
1790391600,2026-09-26T03:00:00Z,เวียงหนองล่อง,14,0.0,0.0,0.0,,,True
1790391600,2026-09-26T03:00:00Z,ทุ่งหัวช้าง,113,0.0,0.0,0.0,,,True
1790391600,2026-09-26T03:00:00Z,ป่าซาง,74,0.0,0.0,0.0,,,True
1790391600,2026-09-26T03:00:00Z,บ้านโฮ่ง,124,0.0,0.0,0.0,,,True
1790391600,2026-09-26T03:00:00Z,แก่งคอย,73,0.0,0.0,0.0,,,True
1790391600,2026-09-26T03:00:00Z,ลี้,454,0.0,0.0,0.0,,,True
1790391600,2026-09-26T03:00:00Z,พระพุทธบาท,55,0.0,0.0,0.0,,,True
1790391600,2026-09-26T03:00:00Z,ดอนพุด,7,0.0,0.0,0.0,,,True
1790391600,2026-09-26T03:00:00Z,หนองโดน,31,0.0,0.0,0.0,,,True
1790391600,2026-09-26T03:00:00Z,เมืองลำปาง,300,0.0,0.0,0.0,,,True
1790391600,2026-09-26T03:00:00Z,เถิน,443,0.0,0.0,0.0,,,True
1790391600,2026-09-26T03:00:00Z,แม่พริก,167,0.0,0.0,0.0,,,True
1790391600,2026-09-26T03:00:00Z,แจ้ห่ม,274,0.0,0.0,0.0,,,True
1790391600,2026-09-26T03:00:00Z,แม่เปิน,85,0.008,0.098,0.0824,,15,True
1790391600,2026-09-26T03:00:00Z,เสริมงาม,185,0.0,0.0,0.0,,,True
1790391600,2026-09-26T03:00:00Z,ชุมตาบง,61,0.01,0.098,0.0984,,15,True
1790391600,2026-09-26T03:00:00Z,งาว,344,0.0,0.0,0.0,,,True
1790391600,2026-09-26T03:00:00Z,ตากฟ้า,125,0.0,0.0,0.0,,,True
1790391600,2026-09-26T03:00:00Z,แม่เมาะ,283,0.0,0.0,0.0,,,True
1790391600,2026-09-26T03:00:00Z,แม่วงก์,257,0.0,0.0,0.0,,,True
1790391600,2026-09-26T03:00:00Z,เกาะคา,128,0.0,0.0,0.0,,,True
1790391600,2026-09-26T03:00:00Z,พยุหะคีรี,169,0.0,0.0,0.0,,,True
1790391600,2026-09-26T03:00:00Z,ลาดยาว,187,0.0,0.0,0.0,,,True
1790391600,2026-09-26T03:00:00Z,สบปราบ,125,0.0,0.0,0.0,,,True
1790391600,2026-09-26T03:00:00Z,ห้างฉัตร,154,0.0,0.0,0.0,,,True
1790391600,2026-09-26T03:00:00Z,แม่ทะ,203,0.0,0.0,0.0,,,True
1790391600,2026-09-26T03:00:00Z,เมืองปาน,202,0.0,0.0,0.0,,,True
1790391600,2026-09-26T03:00:00Z,เมืองอ่างทอง,6,0.0,0.0,0.0,,,True
1790391600,2026-09-26T03:00:00Z,ไชโย,20,0.0,0.0,0.0,,,True
1790391600,2026-09-26T03:00:00Z,สามโก้,10,0.0,0.0,0.0,,,True
1790391600,2026-09-26T03:00:00Z,แสวงหา,43,0.0,0.0,0.0,,,True
1790391600,2026-09-26T03:00:00Z,วิเศษชัยชาญ,7,0.0,0.0,0.0,,,True
1790391600,2026-09-26T03:00:00Z,โพธิ์ทอง,48,0.0,0.0,0.0,,,True
1790391600,2026-09-26T03:00:00Z,เมืองลพบุรี,190,0.043,0.294,0.3684,90,75,True
1790391600,2026-09-26T03:00:00Z,เดิมบางนางบวช,130,0.0,0.0,0.0,,,True
1790391600,2026-09-26T03:00:00Z,ด่านช้าง,309,0.0,0.0,0.0,,,True
1790391600,2026-09-26T03:00:00Z,หนองม่วง,111,0.159,0.593,0.6216,30,15,True
1790391600,2026-09-26T03:00:00Z,ลำสนธิ,136,0.046,0.495,0.2206,45,15,True
1790391600,2026-09-26T03:00:00Z,สามชุก,77,0.0,0.0,0.0,,,True
1790391600,2026-09-26T03:00:00Z,ดอนเจดีย์,72,0.0,0.0,0.0,,,True
1790391600,2026-09-26T03:00:00Z,สระโบสถ์,83,0.316,0.691,1.0,15,15,True
1790391600,2026-09-26T03:00:00Z,ศรีประจันต์,41,0.0,0.0,0.0,,,True
1790391600,2026-09-26T03:00:00Z,โคกเจริญ,135,0.025,0.392,0.1704,75,30,True
1790391600,2026-09-26T03:00:00Z,บ้านหมี่,136,0.03,0.392,0.1324,75,60,True
1790391600,2026-09-26T03:00:00Z,ท่าหลวง,100,0.085,0.402,0.36,15,15,True
1790391600,2026-09-26T03:00:00Z,ชัยบาดาล,280,0.202,0.794,0.6929,15,15,True
1790391600,2026-09-26T03:00:00Z,ท่าวุ้ง,64,0.0,0.0,0.0,,,True
1790391600,2026-09-26T03:00:00Z,พัฒนานิคม,217,0.089,0.5,0.5253,30,15,True
1790391600,2026-09-26T03:00:00Z,โคกสำโรง,180,0.049,0.5,0.2667,105,75,True
1790391600,2026-09-26T03:00:00Z,หนองหญ้าไซ,108,0.0,0.0,0.0,,,True
1790391600,2026-09-26T03:00:00Z,ท่าช้าง,11,0.0,0.0,0.0,,,True
1790391600,2026-09-26T03:00:00Z,อินทร์บุรี,66,0.0,0.0,0.0,,,True
1790391600,2026-09-26T03:00:00Z,ค่ายบางระจัน,26,0.0,0.0,0.0,,,True
1790391600,2026-09-26T03:00:00Z,พรหมบุรี,19,0.0,0.0,0.0,,,True
1790391600,2026-09-26T03:00:00Z,เนินสง่า,65,0.0,0.0,0.0,,,True
1790391600,2026-09-26T03:00:00Z,เมืองสิงห์บุรี,31,0.0,0.0,0.0,,,True
1790391600,2026-09-26T03:00:00Z,ซับใหญ่,72,0.0,0.0,0.0,,,True
1790391600,2026-09-26T03:00:00Z,บางระจัน,46,0.0,0.0,0.0,,,True
1790391600,2026-09-26T03:00:00Z,ภูกระดึง,190,0.0,0.0,0.0,,,True
1790391600,2026-09-26T03:00:00Z,ภูหลวง,145,0.0,0.0,0.0,,,True
1790391600,2026-09-26T03:00:00Z,หนองหิน,78,0.0,0.0,0.0,,,True
1790391600,2026-09-26T03:00:00Z,ผาขาว,100,0.0,0.0,0.0,,,True
1790391600,2026-09-26T03:00:00Z,เอราวัณ,87,0.0,0.0,0.0,,,True
1790391600,2026-09-26T03:00:00Z,วังสะพุง,281,0.0,0.0,0.0,,,True
1790391600,2026-09-26T03:00:00Z,วังม่วง,70,0.011,0.098,0.1143,15,15,True
1790391600,2026-09-26T03:00:00Z,เฉลิมพระเกียรติ,35,0.0,0.0,0.0,,,True
1790391600,2026-09-26T03:00:00Z,มวกเหล็ก,175,0.0,0.0,0.0,,,True
1790391600,2026-09-26T03:00:00Z,บ้านเขว้า,124,0.0,0.0,0.0,,,True
1790391600,2026-09-26T03:00:00Z,คอนสวรรค์,113,0.0,0.0,0.0,,,True
1790391600,2026-09-26T03:00:00Z,เมืองชัยภูมิ,358,0.0,0.0,0.0,,,True
1790391600,2026-09-26T03:00:00Z,วังทอง,425,0.0,0.0,0.0,,,True
1790391600,2026-09-26T03:00:00Z,เนินมะปราง,276,0.0,0.0,0.0,,,True
1790391600,2026-09-26T03:00:00Z,สวรรคโลก,156,0.0,0.0,0.0,,,True
1790391600,2026-09-26T03:00:00Z,ศรีนคร,46,0.0,0.0,0.0,,,True
1790391600,2026-09-26T03:00:00Z,หันคา,139,0.0,0.0,0.0,,,True
1790391600,2026-09-26T03:00:00Z,ศรีสัชนาลัย,534,0.0,0.0,0.0,,,True
1790391600,2026-09-26T03:00:00Z,หนองมะโมง,76,0.0,0.0,0.0,,,True
1790391600,2026-09-26T03:00:00Z,ศรีสำโรง,142,0.0,0.0,0.0,,,True
1790391600,2026-09-26T03:00:00Z,สรรพยา,55,0.011,0.098,0.1091,120,120,True
1790391600,2026-09-26T03:00:00Z,คีรีมาศ,171,0.0,0.0,0.0,,,True
1790391600,2026-09-26T03:00:00Z,สรรคบุรี,89,0.0,0.0,0.0,,,True
1790391600,2026-09-26T03:00:00Z,กงไกรลาศ,108,0.0,0.0,0.0,,,True
1790391600,2026-09-26T03:00:00Z,มโนรมย์,66,0.0,0.0,0.0,,,True
1790391600,2026-09-26T03:00:00Z,เมืองสุโขทัย,136,0.0,0.0,0.0,,,True
1790391600,2026-09-26T03:00:00Z,วัดสิงห์,67,0.0,0.0,0.0,,,True
1790391600,2026-09-26T03:00:00Z,บ้านด่านลานหอย,231,0.0,0.0,0.0,,,True
1790391600,2026-09-26T03:00:00Z,เมืองชัยนาท,70,0.0,0.0,0.0,,,True
1790391600,2026-09-26T03:00:00Z,เนินขาม,65,0.0,0.0,0.0,,,True
1790391600,2026-09-26T03:00:00Z,คอนสาร,334,0.001,0.098,0.006,,15,True
1790391600,2026-09-26T03:00:00Z,ภักดีชุมพล,154,0.0,0.0,0.0,,,True
1790391600,2026-09-26T03:00:00Z,บ้านแท่น,76,0.0,0.0,0.0,,,True
1790391600,2026-09-26T03:00:00Z,แก้งคร้อ,168,0.0,0.0,0.0,,,True
1790391600,2026-09-26T03:00:00Z,ภูเขียว,201,0.0,0.0,0.0,,,True
1790391600,2026-09-26T03:00:00Z,หนองบัวระเหว,179,0.0,0.0,0.0,,,True
1790391600,2026-09-26T03:00:00Z,เทพสถิต,239,0.0,0.0,0.0,,,True
1790391600,2026-09-26T03:00:00Z,จัตุรัส,172,0.0,0.0,0.0,,,True
1790391600,2026-09-26T03:00:00Z,บำเหน็จณรงค์,120,0.0,0.0,0.0,,,True
1790391600,2026-09-26T03:00:00Z,เกษตรสมบูรณ์,268,0.0,0.0,0.0,,,True
1790391600,2026-09-26T03:00:00Z,หนองบัวแดง,537,0.0,0.0,0.0,,,True
1790391600,2026-09-26T03:00:00Z,ภูเรือ,168,0.0,0.0,0.0,,,True
1790391600,2026-09-26T03:00:00Z,ท่าลี่,171,0.0,0.0,0.0,,,True
1790391600,2026-09-26T03:00:00Z,วชิรบารมี,68,0.0,0.0,0.0,,,True
1790391600,2026-09-26T03:00:00Z,ด่านซ้าย,341,0.0,0.0,0.0,,,True
1790391600,2026-09-26T03:00:00Z,นาแห้ว,153,0.0,0.0,0.0,,,True
1790391600,2026-09-26T03:00:00Z,บึงนาราง,74,0.0,0.0,0.0,,,True
1790391600,2026-09-26T03:00:00Z,เชียงคาน,213,0.0,0.0,0.0,,,True
1790391600,2026-09-26T03:00:00Z,ดงเจริญ,56,0.0,0.0,0.0,,,True
1790391600,2026-09-26T03:00:00Z,ปากชม,240,0.0,0.0,0.0,,,True
1790391600,2026-09-26T03:00:00Z,เมืองเลย,314,0.0,0.0,0.0,,,True
1790391600,2026-09-26T03:00:00Z,นาด้วง,143,0.0,0.0,0.0,,,True
1790391600,2026-09-26T03:00:00Z,สากเหล็ก,45,0.0,0.0,0.0,,,True
1790391600,2026-09-26T03:00:00Z,สามง่าม,89,0.0,0.0,0.0,,,True
1790391600,2026-09-26T03:00:00Z,ทับคล้อ,104,0.002,0.098,0.0192,,105,True
1790391600,2026-09-26T03:00:00Z,พรหมพิราม,206,0.0,0.0,0.0,,,True
1790391600,2026-09-26T03:00:00Z,ด่านขุนทด,344,0.021,0.397,0.1163,30,15,True
1790391600,2026-09-26T03:00:00Z,วัดโบสถ์,226,0.0,0.0,0.0,,,True
1790391600,2026-09-26T03:00:00Z,บางระกำ,246,0.0,0.0,0.0,,,True
1790391600,2026-09-26T03:00:00Z,บางกระทุ่ม,91,0.0,0.0,0.0,,,True
1790391600,2026-09-26T03:00:00Z,นครไทย,597,0.0,0.0,0.0,,,True
1790391600,2026-09-26T03:00:00Z,ชาติตระการ,415,0.0,0.0,0.0,,,True
1790391600,2026-09-26T03:00:00Z,บ้านเหลื่อม,55,0.0,0.0,0.0,,,True
1790391600,2026-09-26T03:00:00Z,เมืองพิษณุโลก,178,0.0,0.0,0.0,,,True
1790391600,2026-09-26T03:00:00Z,ชุมแสง,145,0.0,0.0,0.0,,,True
1790391600,2026-09-26T03:00:00Z,หนองบัว,208,0.0,0.0,0.0,,,True
1790391600,2026-09-26T03:00:00Z,เมืองนครสวรรค์,183,0.0,0.0,0.0,,,True
1790391600,2026-09-26T03:00:00Z,โกรกพระ,71,0.0,0.0,0.0,,,True
1790391600,2026-09-26T03:00:00Z,ไพศาลี,244,0.0,0.0,0.0,,,True
1790391600,2026-09-26T03:00:00Z,ตาคลี,206,0.033,0.397,0.233,105,75,True
1790391600,2026-09-26T03:00:00Z,ท่าตะโก,211,0.0,0.0,0.0,,,True
1790391600,2026-09-26T03:00:00Z,เขาค้อ,207,0.001,0.098,0.0097,,105,True
1790391600,2026-09-26T03:00:00Z,บรรพตพิสัย,181,0.0,0.0,0.0,,,True
1790391600,2026-09-26T03:00:00Z,เก้าเลี้ยว,57,0.0,0.0,0.0,,,True
1790391600,2026-09-26T03:00:00Z,วังโป่ง,123,0.0,0.0,0.0,,,True
1790391600,2026-09-26T03:00:00Z,บึงสามพัน,194,0.0,0.0,0.0,,,True
1790391600,2026-09-26T03:00:00Z,น้ำหนาว,231,0.0,0.0,0.0,,,True
1790391600,2026-09-26T03:00:00Z,ศรีเทพ,204,0.017,0.201,0.1275,45,15,True
1790391600,2026-09-26T03:00:00Z,หนองไผ่,315,0.0,0.098,0.0032,,30,True
1790391600,2026-09-26T03:00:00Z,มหาราช,4,0.0,0.0,0.0,,,False
1790391600,2026-09-26T03:00:00Z,บ้านแพรก,10,0.0,0.0,0.0,,,True
1790391600,2026-09-26T03:00:00Z,บางมูลนาก,99,0.0,0.0,0.0,,,True
1790391600,2026-09-26T03:00:00Z,โพทะเล,131,0.0,0.0,0.0,,,True
1790391600,2026-09-26T03:00:00Z,โพธิ์ประทับช้าง,102,0.0,0.0,0.0,,,True
1790391600,2026-09-26T03:00:00Z,ตะพานหิน,109,0.0,0.0,0.0,,,True
1790391600,2026-09-26T03:00:00Z,เมืองพิจิตร,138,0.0,0.0,0.0,,,True
1790391600,2026-09-26T03:00:00Z,วังทรายพูน,66,0.0,0.0,0.0,,,True
1790392500,2026-09-26T03:15:00Z,พิชัย,176,0.0,0.0,0.0,,,True
1790392500,2026-09-26T03:15:00Z,ลับแล,116,0.0,0.0,0.0,,,True
1790392500,2026-09-26T03:15:00Z,ฟากท่า,163,0.0,0.0,0.0,,,True
1790392500,2026-09-26T03:15:00Z,บ้านโคก,247,0.0,0.0,0.0,,,True
1790392500,2026-09-26T03:15:00Z,ท่าปลา,442,0.0,0.0,0.0,,,True
1790392500,2026-09-26T03:15:00Z,น้ำปาด,363,0.0,0.0,0.0,,,True
1790392500,2026-09-26T03:15:00Z,เมืองอุตรดิตถ์,202,0.0,0.0,0.0,,,True
1790392500,2026-09-26T03:15:00Z,ตรอน,80,0.0,0.0,0.0,,,True
1790392500,2026-09-26T03:15:00Z,หล่มเก่า,246,0.0,0.0,0.0,,,True
1790392500,2026-09-26T03:15:00Z,วิเชียรบุรี,377,0.0,0.0,0.0,,,True
1790392500,2026-09-26T03:15:00Z,ชนแดน,279,0.0,0.098,0.0036,,30,True
1790392500,2026-09-26T03:15:00Z,หล่มสัก,350,0.0,0.0,0.0,,,True
1790392500,2026-09-26T03:15:00Z,เมืองเพชรบูรณ์,571,0.0,0.0,0.0,,,True
1790392500,2026-09-26T03:15:00Z,ทองแสนขัน,185,0.0,0.0,0.0,,,True
1790392500,2026-09-26T03:15:00Z,บึงสามัคคี,71,0.0,0.0,0.0,,,True
1790392500,2026-09-26T03:15:00Z,โกสัมพีนคร,137,0.0,0.0,0.0,,,True
1790392500,2026-09-26T03:15:00Z,สอง,380,0.0,0.0,0.0,,,True
1790392500,2026-09-26T03:15:00Z,วังชิ้น,255,0.0,0.0,0.0,,,True
1790392500,2026-09-26T03:15:00Z,สูงเม่น,88,0.0,0.0,0.0,,,True
1790392500,2026-09-26T03:15:00Z,เด่นชัย,135,0.0,0.0,0.0,,,True
1790392500,2026-09-26T03:15:00Z,ร้องกวาง,221,0.0,0.0,0.0,,,True
1790392500,2026-09-26T03:15:00Z,ลอง,317,0.0,0.0,0.0,,,True
1790392500,2026-09-26T03:15:00Z,เมืองแพร่,205,0.0,0.0,0.0,,,True
1790392500,2026-09-26T03:15:00Z,ทัพทัน,94,0.0,0.0,0.0,,,True
1790392500,2026-09-26T03:15:00Z,สว่างอารมณ์,110,0.0,0.0,0.0,,,True
1790392500,2026-09-26T03:15:00Z,เมืองอุทัยธานี,59,0.0,0.0,0.0,,,True
1790392500,2026-09-26T03:15:00Z,ห้วยคต,94,0.006,0.098,0.0638,,15,True
1790392500,2026-09-26T03:15:00Z,ศรีสวัสดิ์,440,0.0,0.0,0.0,,,True
1790392500,2026-09-26T03:15:00Z,บ้านไร่,821,0.029,0.69,0.1596,60,15,True
1790392500,2026-09-26T03:15:00Z,ลานสัก,360,0.048,0.848,0.2833,15,15,True
1790392500,2026-09-26T03:15:00Z,หนองฉาง,89,0.0,0.0,0.0,,,True
1790392500,2026-09-26T03:15:00Z,หนองขาหย่าง,43,0.0,0.0,0.0,,,True
1790392500,2026-09-26T03:15:00Z,เชียงม่วน,82,0.0,0.0,0.0,,,True
1790392500,2026-09-26T03:15:00Z,ดอกคำใต้,37,0.0,0.0,0.0,,,True
1790392500,2026-09-26T03:15:00Z,เมืองพะเยา,6,0.0,0.0,0.0,,,True
1790392500,2026-09-26T03:15:00Z,ทองผาภูมิ,851,0.003,0.201,0.0247,,30,True
1790392500,2026-09-26T03:15:00Z,สังขละบุรี,793,0.006,0.201,0.058,,90,True
1790392500,2026-09-26T03:15:00Z,หนองม่วงไข่,35,0.0,0.0,0.0,,,True
1790392500,2026-09-26T03:15:00Z,ภูเวียง,81,0.0,0.0,0.0,,,True
1790392500,2026-09-26T03:15:00Z,มัญจาคีรี,50,0.0,0.0,0.0,,,True
1790392500,2026-09-26T03:15:00Z,หนองปรือ,104,0.0,0.0,0.0,,,True
1790392500,2026-09-26T03:15:00Z,เลาขวัญ,123,0.0,0.0,0.0,,,True
1790392500,2026-09-26T03:15:00Z,หนองนาคำ,43,0.0,0.0,0.0,,,True
1790392500,2026-09-26T03:15:00Z,โคกโพธิ์ไชย,65,0.0,0.0,0.0,,,True
1790392500,2026-09-26T03:15:00Z,บ้านหลวง,91,0.0,0.0,0.0,,,True
1790392500,2026-09-26T03:15:00Z,นาน้อย,266,0.0,0.0,0.0,,,True
1790392500,2026-09-26T03:15:00Z,ภูผาม่าน,74,0.0,0.0,0.0,,,True
1790392500,2026-09-26T03:15:00Z,เมืองน่าน,161,0.0,0.0,0.0,,,True
1790392500,2026-09-26T03:15:00Z,แม่จริม,262,0.0,0.0,0.0,,,True
1790392500,2026-09-26T03:15:00Z,เวียงเก่า,78,0.0,0.0,0.0,,,True
1790392500,2026-09-26T03:15:00Z,เมืองกำแพงเพชร,368,0.0,0.0,0.0,,,True
1790392500,2026-09-26T03:15:00Z,ไทรงาม,133,0.0,0.0,0.0,,,True
1790392500,2026-09-26T03:15:00Z,ปางศิลาทอง,186,0.0,0.0,0.0,,,True
1790392500,2026-09-26T03:15:00Z,ลานกระบือ,103,0.0,0.0,0.0,,,True
1790392500,2026-09-26T03:15:00Z,ทรายทองวัฒนา,53,0.0,0.0,0.0,,,True
1790392500,2026-09-26T03:15:00Z,คลองขลุง,179,0.0,0.0,0.0,,,True
1790392500,2026-09-26T03:15:00Z,พรานกระต่าย,252,0.0,0.0,0.0,,,True
1790392500,2026-09-26T03:15:00Z,คลองลาน,363,0.0,0.0,0.0,,,True
1790392500,2026-09-26T03:15:00Z,ขาณุวรลักษบุรี,296,0.0,0.0,0.0,,,True
1790392500,2026-09-26T03:15:00Z,ภูเพียง,113,0.0,0.0,0.0,,,True
1790392500,2026-09-26T03:15:00Z,นาหมื่น,245,0.0,0.0,0.0,,,True
1790392500,2026-09-26T03:15:00Z,เวียงสา,543,0.0,0.0,0.0,,,True
1790392500,2026-09-26T03:15:00Z,น้ำโสม,153,0.0,0.0,0.0,,,True
1790392500,2026-09-26T03:15:00Z,นายูง,126,0.0,0.0,0.0,,,True
1790392500,2026-09-26T03:15:00Z,ชุมแพ,173,0.0,0.0,0.0,,,True
1790392500,2026-09-26T03:15:00Z,สีชมพู,132,0.0,0.0,0.0,,,True
1790392500,2026-09-26T03:15:00Z,สุวรรณคูหา,140,0.0,0.0,0.0,,,True
1790392500,2026-09-26T03:15:00Z,นาวัง,65,0.0,0.0,0.0,,,True
1790392500,2026-09-26T03:15:00Z,หนองเรือ,80,0.0,0.0,0.0,,,True
1790392500,2026-09-26T03:15:00Z,โนนสัง,51,0.0,0.0,0.0,,,True
1790392500,2026-09-26T03:15:00Z,ศรีบุญเรือง,224,0.0,0.0,0.0,,,True
1790392500,2026-09-26T03:15:00Z,เมืองหนองบัวลำภู,217,0.0,0.0,0.0,,,True
1790392500,2026-09-26T03:15:00Z,นากลาง,173,0.0,0.0,0.0,,,True
1790392500,2026-09-26T03:15:00Z,ทุ่งเสลี่ยม,144,0.0,0.0,0.0,,,True
1790392500,2026-09-26T03:15:00Z,ดอยหล่อ,56,0.0,0.0,0.0,,,True
1790392500,2026-09-26T03:15:00Z,เมืองตาก,486,0.0,0.0,0.0,,,True
1790392500,2026-09-26T03:15:00Z,แม่ออน,116,0.0,0.0,0.0,,,True
1790392500,2026-09-26T03:15:00Z,อุ้มผาง,1209,0.017,0.788,0.1001,120,15,True
1790392500,2026-09-26T03:15:00Z,วังเจ้า,183,0.0,0.0,0.0,,,True
1790392500,2026-09-26T03:15:00Z,แม่สอด,398,0.0,0.0,0.0,,,True
1790392500,2026-09-26T03:15:00Z,พบพระ,249,0.002,0.098,0.0241,,15,True
1790392500,2026-09-26T03:15:00Z,แม่ระมาด,380,0.0,0.0,0.0,,,True
1790392500,2026-09-26T03:15:00Z,ท่าสองยาง,401,0.0,0.0,0.0,,,True
1790392500,2026-09-26T03:15:00Z,บ้านตาก,255,0.0,0.0,0.0,,,True
1790392500,2026-09-26T03:15:00Z,สามเงา,698,0.0,0.0,0.0,,,True
1790392500,2026-09-26T03:15:00Z,จอมทอง,280,0.0,0.0,0.0,,,True
1790392500,2026-09-26T03:15:00Z,แก้งสนามนาง,79,0.0,0.0,0.0,,,True
1790392500,2026-09-26T03:15:00Z,สีคิ้ว,292,0.0,0.0,0.0,,,True
1790392500,2026-09-26T03:15:00Z,พระทองคำ,90,0.0,0.0,0.0,,,True
1790392500,2026-09-26T03:15:00Z,เทพารักษ์,92,0.075,0.386,0.413,15,15,True
1790392500,2026-09-26T03:15:00Z,สันกำแพง,65,0.0,0.0,0.0,,,True
1790392500,2026-09-26T03:15:00Z,สันป่าตอง,44,0.0,0.0,0.0,,,True
1790392500,2026-09-26T03:15:00Z,ดอยเต่า,213,0.0,0.0,0.0,,,True
1790392500,2026-09-26T03:15:00Z,อมก๋อย,704,0.0,0.0,0.0,,,True
1790392500,2026-09-26T03:15:00Z,ฮอด,378,0.0,0.0,0.0,,,True
1790392500,2026-09-26T03:15:00Z,เมืองลำพูน,117,0.0,0.0,0.0,,,True
1790392500,2026-09-26T03:15:00Z,แม่ทา,192,0.0,0.0,0.0,,,True
1790392500,2026-09-26T03:15:00Z,บ้านธิ,34,0.0,0.0,0.0,,,True
1790392500,2026-09-26T03:15:00Z,บ้านหมอ,24,0.0,0.0,0.0,,,True
1790392500,2026-09-26T03:15:00Z,เวียงหนองล่อง,14,0.0,0.0,0.0,,,True
1790392500,2026-09-26T03:15:00Z,ทุ่งหัวช้าง,113,0.0,0.0,0.0,,,True
1790392500,2026-09-26T03:15:00Z,ป่าซาง,74,0.0,0.0,0.0,,,True
1790392500,2026-09-26T03:15:00Z,บ้านโฮ่ง,124,0.0,0.0,0.0,,,True
1790392500,2026-09-26T03:15:00Z,แก่งคอย,73,0.0,0.0,0.0,,,True
1790392500,2026-09-26T03:15:00Z,ลี้,454,0.0,0.0,0.0,,,True
1790392500,2026-09-26T03:15:00Z,พระพุทธบาท,55,0.0,0.0,0.0,,,True
1790392500,2026-09-26T03:15:00Z,ดอนพุด,7,0.0,0.0,0.0,,,True
1790392500,2026-09-26T03:15:00Z,หนองโดน,31,0.0,0.0,0.0,,,True
1790392500,2026-09-26T03:15:00Z,เมืองลำปาง,300,0.0,0.0,0.0,,,True
1790392500,2026-09-26T03:15:00Z,เถิน,443,0.0,0.0,0.0,,,True
1790392500,2026-09-26T03:15:00Z,แม่พริก,167,0.0,0.0,0.0,,,True
1790392500,2026-09-26T03:15:00Z,แจ้ห่ม,274,0.0,0.0,0.0,,,True
1790392500,2026-09-26T03:15:00Z,แม่เปิน,85,0.01,0.201,0.0941,,15,True
1790392500,2026-09-26T03:15:00Z,เสริมงาม,185,0.0,0.0,0.0,,,True
1790392500,2026-09-26T03:15:00Z,ชุมตาบง,61,0.0,0.0,0.0,,,True
1790392500,2026-09-26T03:15:00Z,งาว,344,0.0,0.0,0.0,,,True
1790392500,2026-09-26T03:15:00Z,ตากฟ้า,125,0.05,0.294,0.368,90,60,True
1790392500,2026-09-26T03:15:00Z,แม่เมาะ,283,0.0,0.0,0.0,,,True
1790392500,2026-09-26T03:15:00Z,แม่วงก์,257,0.0,0.0,0.0,,,True
1790392500,2026-09-26T03:15:00Z,เกาะคา,128,0.0,0.0,0.0,,,True
1790392500,2026-09-26T03:15:00Z,พยุหะคีรี,169,0.0,0.0,0.0,,,True
1790392500,2026-09-26T03:15:00Z,ลาดยาว,187,0.0,0.0,0.0,,,True
1790392500,2026-09-26T03:15:00Z,สบปราบ,125,0.0,0.0,0.0,,,True
1790392500,2026-09-26T03:15:00Z,ห้างฉัตร,154,0.0,0.0,0.0,,,True
1790392500,2026-09-26T03:15:00Z,แม่ทะ,203,0.0,0.0,0.0,,,True
1790392500,2026-09-26T03:15:00Z,เมืองปาน,202,0.0,0.0,0.0,,,True
1790392500,2026-09-26T03:15:00Z,เมืองอ่างทอง,6,0.0,0.0,0.0,,,True
1790392500,2026-09-26T03:15:00Z,ไชโย,20,0.0,0.0,0.0,,,True
1790392500,2026-09-26T03:15:00Z,สามโก้,10,0.0,0.0,0.0,,,True
1790392500,2026-09-26T03:15:00Z,แสวงหา,43,0.0,0.0,0.0,,,True
1790392500,2026-09-26T03:15:00Z,วิเศษชัยชาญ,7,0.0,0.0,0.0,,,True
1790392500,2026-09-26T03:15:00Z,โพธิ์ทอง,48,0.0,0.0,0.0,,,True
1790392500,2026-09-26T03:15:00Z,เมืองลพบุรี,190,0.008,0.098,0.0789,,15,True
1790392500,2026-09-26T03:15:00Z,เดิมบางนางบวช,130,0.0,0.0,0.0,,,True
1790392500,2026-09-26T03:15:00Z,ด่านช้าง,309,0.0,0.0,0.0,,,True
1790392500,2026-09-26T03:15:00Z,หนองม่วง,111,0.089,0.5,0.3784,60,30,True
1790392500,2026-09-26T03:15:00Z,ลำสนธิ,136,0.049,0.484,0.2721,30,15,True
1790392500,2026-09-26T03:15:00Z,สามชุก,77,0.0,0.0,0.0,,,True
1790392500,2026-09-26T03:15:00Z,ดอนเจดีย์,72,0.0,0.0,0.0,,,True
1790392500,2026-09-26T03:15:00Z,สระโบสถ์,83,0.095,0.598,0.3494,75,15,True
1790392500,2026-09-26T03:15:00Z,ศรีประจันต์,41,0.0,0.0,0.0,,,True
1790392500,2026-09-26T03:15:00Z,โคกเจริญ,135,0.232,0.794,0.6667,15,15,True
1790392500,2026-09-26T03:15:00Z,บ้านหมี่,136,0.005,0.098,0.0515,,120,True
1790392500,2026-09-26T03:15:00Z,ท่าหลวง,100,0.04,0.201,0.31,15,15,True
1790392500,2026-09-26T03:15:00Z,ชัยบาดาล,280,0.161,0.892,0.4857,15,15,True
1790392500,2026-09-26T03:15:00Z,ท่าวุ้ง,64,0.005,0.098,0.0469,,60,True
1790392500,2026-09-26T03:15:00Z,พัฒนานิคม,217,0.021,0.201,0.1935,45,15,True
1790392500,2026-09-26T03:15:00Z,โคกสำโรง,180,0.055,0.201,0.4667,75,60,True
1790392500,2026-09-26T03:15:00Z,หนองหญ้าไซ,108,0.0,0.0,0.0,,,True
1790392500,2026-09-26T03:15:00Z,ท่าช้าง,11,0.0,0.0,0.0,,,True
1790392500,2026-09-26T03:15:00Z,อินทร์บุรี,66,0.0,0.0,0.0,,,True
1790392500,2026-09-26T03:15:00Z,ค่ายบางระจัน,26,0.0,0.0,0.0,,,True
1790392500,2026-09-26T03:15:00Z,พรหมบุรี,19,0.0,0.0,0.0,,,True
1790392500,2026-09-26T03:15:00Z,เนินสง่า,65,0.0,0.0,0.0,,,True
1790392500,2026-09-26T03:15:00Z,เมืองสิงห์บุรี,31,0.003,0.098,0.0323,,90,True
1790392500,2026-09-26T03:15:00Z,ซับใหญ่,72,0.0,0.0,0.0,,,True
1790392500,2026-09-26T03:15:00Z,บางระจัน,46,0.006,0.098,0.0652,,105,True
1790392500,2026-09-26T03:15:00Z,ภูกระดึง,190,0.0,0.0,0.0,,,True
1790392500,2026-09-26T03:15:00Z,ภูหลวง,145,0.0,0.0,0.0,,,True
1790392500,2026-09-26T03:15:00Z,หนองหิน,78,0.0,0.0,0.0,,,True
1790392500,2026-09-26T03:15:00Z,ผาขาว,100,0.0,0.0,0.0,,,True
1790392500,2026-09-26T03:15:00Z,เอราวัณ,87,0.0,0.0,0.0,,,True
1790392500,2026-09-26T03:15:00Z,วังสะพุง,281,0.0,0.0,0.0,,,True
1790392500,2026-09-26T03:15:00Z,วังม่วง,70,0.004,0.098,0.0429,,15,True
1790392500,2026-09-26T03:15:00Z,เฉลิมพระเกียรติ,35,0.0,0.0,0.0,,,True
1790392500,2026-09-26T03:15:00Z,มวกเหล็ก,175,0.0,0.0,0.0,,,True
1790392500,2026-09-26T03:15:00Z,บ้านเขว้า,124,0.0,0.0,0.0,,,True
1790392500,2026-09-26T03:15:00Z,คอนสวรรค์,113,0.0,0.0,0.0,,,True
1790392500,2026-09-26T03:15:00Z,เมืองชัยภูมิ,358,0.0,0.0,0.0,,,True
1790392500,2026-09-26T03:15:00Z,วังทอง,425,0.0,0.0,0.0,,,True
1790392500,2026-09-26T03:15:00Z,เนินมะปราง,276,0.0,0.098,0.0036,,120,True
1790392500,2026-09-26T03:15:00Z,สวรรคโลก,156,0.0,0.0,0.0,,,True
1790392500,2026-09-26T03:15:00Z,ศรีนคร,46,0.0,0.0,0.0,,,True
1790392500,2026-09-26T03:15:00Z,หันคา,139,0.0,0.0,0.0,,,True
1790392500,2026-09-26T03:15:00Z,ศรีสัชนาลัย,534,0.0,0.0,0.0,,,True
1790392500,2026-09-26T03:15:00Z,หนองมะโมง,76,0.0,0.0,0.0,,,True
1790392500,2026-09-26T03:15:00Z,ศรีสำโรง,142,0.0,0.0,0.0,,,True
1790392500,2026-09-26T03:15:00Z,สรรพยา,55,0.0,0.0,0.0,,,True
1790392500,2026-09-26T03:15:00Z,คีรีมาศ,171,0.0,0.0,0.0,,,True
1790392500,2026-09-26T03:15:00Z,สรรคบุรี,89,0.0,0.0,0.0,,,True
1790392500,2026-09-26T03:15:00Z,กงไกรลาศ,108,0.0,0.0,0.0,,,True
1790392500,2026-09-26T03:15:00Z,มโนรมย์,66,0.0,0.0,0.0,,,True
1790392500,2026-09-26T03:15:00Z,เมืองสุโขทัย,136,0.001,0.098,0.0147,,30,True
1790392500,2026-09-26T03:15:00Z,วัดสิงห์,67,0.0,0.0,0.0,,,True
1790392500,2026-09-26T03:15:00Z,บ้านด่านลานหอย,231,0.0,0.098,0.0043,,90,True
1790392500,2026-09-26T03:15:00Z,เมืองชัยนาท,70,0.0,0.0,0.0,,,True
1790392500,2026-09-26T03:15:00Z,เนินขาม,65,0.0,0.0,0.0,,,True
1790392500,2026-09-26T03:15:00Z,คอนสาร,334,0.0,0.0,0.0,,,True
1790392500,2026-09-26T03:15:00Z,ภักดีชุมพล,154,0.0,0.0,0.0,,,True
1790392500,2026-09-26T03:15:00Z,บ้านแท่น,76,0.0,0.0,0.0,,,True
1790392500,2026-09-26T03:15:00Z,แก้งคร้อ,168,0.0,0.0,0.0,,,True
1790392500,2026-09-26T03:15:00Z,ภูเขียว,201,0.0,0.0,0.0,,,True
1790392500,2026-09-26T03:15:00Z,หนองบัวระเหว,179,0.0,0.0,0.0,,,True
1790392500,2026-09-26T03:15:00Z,เทพสถิต,239,0.001,0.196,0.0084,,30,True
1790392500,2026-09-26T03:15:00Z,จัตุรัส,172,0.0,0.0,0.0,,,True
1790392500,2026-09-26T03:15:00Z,บำเหน็จณรงค์,120,0.0,0.0,0.0,,,True
1790392500,2026-09-26T03:15:00Z,เกษตรสมบูรณ์,268,0.0,0.0,0.0,,,True
1790392500,2026-09-26T03:15:00Z,หนองบัวแดง,537,0.0,0.0,0.0,,,True
1790392500,2026-09-26T03:15:00Z,ภูเรือ,168,0.0,0.0,0.0,,,True
1790392500,2026-09-26T03:15:00Z,ท่าลี่,171,0.0,0.0,0.0,,,True
1790392500,2026-09-26T03:15:00Z,วชิรบารมี,68,0.0,0.0,0.0,,,True
1790392500,2026-09-26T03:15:00Z,ด่านซ้าย,341,0.0,0.0,0.0,,,True
1790392500,2026-09-26T03:15:00Z,นาแห้ว,153,0.0,0.0,0.0,,,True
1790392500,2026-09-26T03:15:00Z,บึงนาราง,74,0.0,0.0,0.0,,,True
1790392500,2026-09-26T03:15:00Z,เชียงคาน,213,0.0,0.0,0.0,,,True
1790392500,2026-09-26T03:15:00Z,ดงเจริญ,56,0.0,0.0,0.0,,,True
1790392500,2026-09-26T03:15:00Z,ปากชม,240,0.0,0.0,0.0,,,True
1790392500,2026-09-26T03:15:00Z,เมืองเลย,314,0.0,0.0,0.0,,,True
1790392500,2026-09-26T03:15:00Z,นาด้วง,143,0.0,0.0,0.0,,,True
1790392500,2026-09-26T03:15:00Z,สากเหล็ก,45,0.0,0.0,0.0,,,True
1790392500,2026-09-26T03:15:00Z,สามง่าม,89,0.0,0.0,0.0,,,True
1790392500,2026-09-26T03:15:00Z,ทับคล้อ,104,0.0,0.0,0.0,,,True
1790392500,2026-09-26T03:15:00Z,พรหมพิราม,206,0.0,0.0,0.0,,,True
1790392500,2026-09-26T03:15:00Z,ด่านขุนทด,344,0.002,0.098,0.0174,,15,True
1790392500,2026-09-26T03:15:00Z,วัดโบสถ์,226,0.0,0.0,0.0,,,True
1790392500,2026-09-26T03:15:00Z,บางระกำ,246,0.0,0.0,0.0,,,True
1790392500,2026-09-26T03:15:00Z,บางกระทุ่ม,91,0.0,0.0,0.0,,,True
1790392500,2026-09-26T03:15:00Z,นครไทย,597,0.0,0.0,0.0,,,True
1790392500,2026-09-26T03:15:00Z,ชาติตระการ,415,0.0,0.0,0.0,,,True
1790392500,2026-09-26T03:15:00Z,บ้านเหลื่อม,55,0.0,0.0,0.0,,,True
1790392500,2026-09-26T03:15:00Z,เมืองพิษณุโลก,178,0.0,0.0,0.0,,,True
1790392500,2026-09-26T03:15:00Z,ชุมแสง,145,0.0,0.0,0.0,,,True
1790392500,2026-09-26T03:15:00Z,หนองบัว,208,0.0,0.0,0.0,,,True
1790392500,2026-09-26T03:15:00Z,เมืองนครสวรรค์,183,0.0,0.0,0.0,,,True
1790392500,2026-09-26T03:15:00Z,โกรกพระ,71,0.0,0.0,0.0,,,True
1790392500,2026-09-26T03:15:00Z,ไพศาลี,244,0.008,0.294,0.0574,,75,True
1790392500,2026-09-26T03:15:00Z,ตาคลี,206,0.004,0.098,0.0437,,120,True
1790392500,2026-09-26T03:15:00Z,ท่าตะโก,211,0.0,0.0,0.0,,,True
1790392500,2026-09-26T03:15:00Z,เขาค้อ,207,0.0,0.0,0.0,,,True
1790392500,2026-09-26T03:15:00Z,บรรพตพิสัย,181,0.0,0.0,0.0,,,True
1790392500,2026-09-26T03:15:00Z,เก้าเลี้ยว,57,0.0,0.0,0.0,,,True
1790392500,2026-09-26T03:15:00Z,วังโป่ง,123,0.0,0.0,0.0,,,True
1790392500,2026-09-26T03:15:00Z,บึงสามพัน,194,0.0,0.0,0.0,,,True
1790392500,2026-09-26T03:15:00Z,น้ำหนาว,231,0.0,0.0,0.0,,,True
1790392500,2026-09-26T03:15:00Z,ศรีเทพ,204,0.107,0.696,0.3186,15,15,True
1790392500,2026-09-26T03:15:00Z,หนองไผ่,315,0.0,0.0,0.0,,,True
1790392500,2026-09-26T03:15:00Z,มหาราช,4,0.0,0.0,0.0,,,False
1790392500,2026-09-26T03:15:00Z,บ้านแพรก,10,0.0,0.0,0.0,,,True
1790392500,2026-09-26T03:15:00Z,บางมูลนาก,99,0.0,0.0,0.0,,,True
1790392500,2026-09-26T03:15:00Z,โพทะเล,131,0.0,0.0,0.0,,,True
1790392500,2026-09-26T03:15:00Z,โพธิ์ประทับช้าง,102,0.0,0.0,0.0,,,True
1790392500,2026-09-26T03:15:00Z,ตะพานหิน,109,0.0,0.0,0.0,,,True
1790392500,2026-09-26T03:15:00Z,เมืองพิจิตร,138,0.0,0.0,0.0,,,True
1790392500,2026-09-26T03:15:00Z,วังทรายพูน,66,0.0,0.0,0.0,,,True
1790393400,2026-09-26T03:30:00Z,พิชัย,176,0.0,0.0,0.0,,,True
1790393400,2026-09-26T03:30:00Z,ลับแล,116,0.0,0.0,0.0,,,True
1790393400,2026-09-26T03:30:00Z,ฟากท่า,163,0.0,0.0,0.0,,,True
1790393400,2026-09-26T03:30:00Z,บ้านโคก,247,0.0,0.0,0.0,,,True
1790393400,2026-09-26T03:30:00Z,ท่าปลา,442,0.0,0.0,0.0,,,True
1790393400,2026-09-26T03:30:00Z,น้ำปาด,363,0.0,0.0,0.0,,,True
1790393400,2026-09-26T03:30:00Z,เมืองอุตรดิตถ์,202,0.0,0.0,0.0,,,True
1790393400,2026-09-26T03:30:00Z,ตรอน,80,0.0,0.0,0.0,,,True
1790393400,2026-09-26T03:30:00Z,หล่มเก่า,246,0.0,0.0,0.0,,,True
1790393400,2026-09-26T03:30:00Z,วิเชียรบุรี,377,0.0,0.0,0.0,,,True
1790393400,2026-09-26T03:30:00Z,ชนแดน,279,0.0,0.0,0.0,,,True
1790393400,2026-09-26T03:30:00Z,หล่มสัก,350,0.0,0.0,0.0,,,True
1790393400,2026-09-26T03:30:00Z,เมืองเพชรบูรณ์,571,0.001,0.098,0.0105,,15,True
1790393400,2026-09-26T03:30:00Z,ทองแสนขัน,185,0.0,0.0,0.0,,,True
1790393400,2026-09-26T03:30:00Z,บึงสามัคคี,71,0.0,0.0,0.0,,,True
1790393400,2026-09-26T03:30:00Z,โกสัมพีนคร,137,0.0,0.0,0.0,,,True
1790393400,2026-09-26T03:30:00Z,สอง,380,0.0,0.0,0.0,,,True
1790393400,2026-09-26T03:30:00Z,วังชิ้น,255,0.0,0.0,0.0,,,True
1790393400,2026-09-26T03:30:00Z,สูงเม่น,88,0.0,0.0,0.0,,,True
1790393400,2026-09-26T03:30:00Z,เด่นชัย,135,0.0,0.0,0.0,,,True
1790393400,2026-09-26T03:30:00Z,ร้องกวาง,221,0.0,0.0,0.0,,,True
1790393400,2026-09-26T03:30:00Z,ลอง,317,0.0,0.0,0.0,,,True
1790393400,2026-09-26T03:30:00Z,เมืองแพร่,205,0.0,0.0,0.0,,,True
1790393400,2026-09-26T03:30:00Z,ทัพทัน,94,0.0,0.0,0.0,,,True
1790393400,2026-09-26T03:30:00Z,สว่างอารมณ์,110,0.0,0.0,0.0,,,True
1790393400,2026-09-26T03:30:00Z,เมืองอุทัยธานี,59,0.0,0.0,0.0,,,True
1790393400,2026-09-26T03:30:00Z,ห้วยคต,94,0.017,0.201,0.1277,15,15,True
1790393400,2026-09-26T03:30:00Z,ศรีสวัสดิ์,440,0.0,0.0,0.0,,,True
1790393400,2026-09-26T03:30:00Z,บ้านไร่,821,0.037,0.5,0.2144,45,15,True
1790393400,2026-09-26T03:30:00Z,ลานสัก,360,0.03,0.413,0.1556,15,15,True
1790393400,2026-09-26T03:30:00Z,หนองฉาง,89,0.0,0.0,0.0,,,True
1790393400,2026-09-26T03:30:00Z,หนองขาหย่าง,43,0.0,0.0,0.0,,,True
1790393400,2026-09-26T03:30:00Z,เชียงม่วน,82,0.0,0.0,0.0,,,True
1790393400,2026-09-26T03:30:00Z,ดอกคำใต้,37,0.0,0.0,0.0,,,True
1790393400,2026-09-26T03:30:00Z,เมืองพะเยา,6,0.0,0.0,0.0,,,True
1790393400,2026-09-26T03:30:00Z,ทองผาภูมิ,851,0.01,0.299,0.067,,45,True
1790393400,2026-09-26T03:30:00Z,สังขละบุรี,793,0.013,0.587,0.0643,,90,True
1790393400,2026-09-26T03:30:00Z,หนองม่วงไข่,35,0.0,0.0,0.0,,,True
1790393400,2026-09-26T03:30:00Z,ภูเวียง,81,0.0,0.0,0.0,,,True
1790393400,2026-09-26T03:30:00Z,มัญจาคีรี,50,0.0,0.0,0.0,,,True
1790393400,2026-09-26T03:30:00Z,หนองปรือ,104,0.0,0.0,0.0,,,True
1790393400,2026-09-26T03:30:00Z,เลาขวัญ,123,0.0,0.0,0.0,,,True
1790393400,2026-09-26T03:30:00Z,หนองนาคำ,43,0.0,0.0,0.0,,,True
1790393400,2026-09-26T03:30:00Z,โคกโพธิ์ไชย,65,0.0,0.0,0.0,,,True
1790393400,2026-09-26T03:30:00Z,บ้านหลวง,91,0.0,0.0,0.0,,,True
1790393400,2026-09-26T03:30:00Z,นาน้อย,266,0.0,0.0,0.0,,,True
1790393400,2026-09-26T03:30:00Z,ภูผาม่าน,74,0.0,0.0,0.0,,,True
1790393400,2026-09-26T03:30:00Z,เมืองน่าน,161,0.0,0.0,0.0,,,True
1790393400,2026-09-26T03:30:00Z,แม่จริม,262,0.0,0.0,0.0,,,True
1790393400,2026-09-26T03:30:00Z,เวียงเก่า,78,0.0,0.0,0.0,,,True
1790393400,2026-09-26T03:30:00Z,เมืองกำแพงเพชร,368,0.0,0.0,0.0,,,True
1790393400,2026-09-26T03:30:00Z,ไทรงาม,133,0.0,0.0,0.0,,,True
1790393400,2026-09-26T03:30:00Z,ปางศิลาทอง,186,0.0,0.0,0.0,,,True
1790393400,2026-09-26T03:30:00Z,ลานกระบือ,103,0.0,0.0,0.0,,,True
1790393400,2026-09-26T03:30:00Z,ทรายทองวัฒนา,53,0.0,0.0,0.0,,,True
1790393400,2026-09-26T03:30:00Z,คลองขลุง,179,0.0,0.0,0.0,,,True
1790393400,2026-09-26T03:30:00Z,พรานกระต่าย,252,0.0,0.0,0.0,,,True
1790393400,2026-09-26T03:30:00Z,คลองลาน,363,0.0,0.0,0.0,,,True
1790393400,2026-09-26T03:30:00Z,ขาณุวรลักษบุรี,296,0.0,0.0,0.0,,,True
1790393400,2026-09-26T03:30:00Z,ภูเพียง,113,0.0,0.0,0.0,,,True
1790393400,2026-09-26T03:30:00Z,นาหมื่น,245,0.0,0.0,0.0,,,True
1790393400,2026-09-26T03:30:00Z,เวียงสา,543,0.0,0.0,0.0,,,True
1790393400,2026-09-26T03:30:00Z,น้ำโสม,153,0.0,0.0,0.0,,,True
1790393400,2026-09-26T03:30:00Z,นายูง,126,0.0,0.0,0.0,,,True
1790393400,2026-09-26T03:30:00Z,ชุมแพ,173,0.0,0.0,0.0,,,True
1790393400,2026-09-26T03:30:00Z,สีชมพู,132,0.0,0.0,0.0,,,True
1790393400,2026-09-26T03:30:00Z,สุวรรณคูหา,140,0.0,0.0,0.0,,,True
1790393400,2026-09-26T03:30:00Z,นาวัง,65,0.0,0.0,0.0,,,True
1790393400,2026-09-26T03:30:00Z,หนองเรือ,80,0.0,0.0,0.0,,,True
1790393400,2026-09-26T03:30:00Z,โนนสัง,51,0.0,0.0,0.0,,,True
1790393400,2026-09-26T03:30:00Z,ศรีบุญเรือง,224,0.0,0.0,0.0,,,True
1790393400,2026-09-26T03:30:00Z,เมืองหนองบัวลำภู,217,0.0,0.0,0.0,,,True
1790393400,2026-09-26T03:30:00Z,นากลาง,173,0.0,0.0,0.0,,,True
1790393400,2026-09-26T03:30:00Z,ทุ่งเสลี่ยม,144,0.0,0.0,0.0,,,True
1790393400,2026-09-26T03:30:00Z,ดอยหล่อ,56,0.0,0.0,0.0,,,True
1790393400,2026-09-26T03:30:00Z,เมืองตาก,486,0.0,0.0,0.0,,,True
1790393400,2026-09-26T03:30:00Z,แม่ออน,116,0.0,0.0,0.0,,,True
1790393400,2026-09-26T03:30:00Z,อุ้มผาง,1209,0.02,0.587,0.0926,,30,True
1790393400,2026-09-26T03:30:00Z,วังเจ้า,183,0.0,0.0,0.0,,,True
1790393400,2026-09-26T03:30:00Z,แม่สอด,398,0.0,0.0,0.0,,,True
1790393400,2026-09-26T03:30:00Z,พบพระ,249,0.0,0.0,0.0,,,True
1790393400,2026-09-26T03:30:00Z,แม่ระมาด,380,0.0,0.0,0.0,,,True
1790393400,2026-09-26T03:30:00Z,ท่าสองยาง,401,0.0,0.0,0.0,,,True
1790393400,2026-09-26T03:30:00Z,บ้านตาก,255,0.0,0.0,0.0,,,True
1790393400,2026-09-26T03:30:00Z,สามเงา,698,0.0,0.0,0.0,,,True
1790393400,2026-09-26T03:30:00Z,จอมทอง,280,0.0,0.0,0.0,,,True
1790393400,2026-09-26T03:30:00Z,แก้งสนามนาง,79,0.0,0.0,0.0,,,True
1790393400,2026-09-26T03:30:00Z,สีคิ้ว,292,0.0,0.0,0.0,,,True
1790393400,2026-09-26T03:30:00Z,พระทองคำ,90,0.0,0.0,0.0,,,True
1790393400,2026-09-26T03:30:00Z,เทพารักษ์,92,0.014,0.098,0.1413,60,15,True
1790393400,2026-09-26T03:30:00Z,สันกำแพง,65,0.0,0.0,0.0,,,True
1790393400,2026-09-26T03:30:00Z,สันป่าตอง,44,0.0,0.0,0.0,,,True
1790393400,2026-09-26T03:30:00Z,ดอยเต่า,213,0.0,0.0,0.0,,,True
1790393400,2026-09-26T03:30:00Z,อมก๋อย,704,0.0,0.0,0.0,,,True
1790393400,2026-09-26T03:30:00Z,ฮอด,378,0.0,0.0,0.0,,,True
1790393400,2026-09-26T03:30:00Z,เมืองลำพูน,117,0.0,0.0,0.0,,,True
1790393400,2026-09-26T03:30:00Z,แม่ทา,192,0.0,0.0,0.0,,,True
1790393400,2026-09-26T03:30:00Z,บ้านธิ,34,0.0,0.0,0.0,,,True
1790393400,2026-09-26T03:30:00Z,บ้านหมอ,24,0.0,0.0,0.0,,,True
1790393400,2026-09-26T03:30:00Z,เวียงหนองล่อง,14,0.0,0.0,0.0,,,True
1790393400,2026-09-26T03:30:00Z,ทุ่งหัวช้าง,113,0.0,0.0,0.0,,,True
1790393400,2026-09-26T03:30:00Z,ป่าซาง,74,0.0,0.0,0.0,,,True
1790393400,2026-09-26T03:30:00Z,บ้านโฮ่ง,124,0.0,0.0,0.0,,,True
1790393400,2026-09-26T03:30:00Z,แก่งคอย,73,0.0,0.0,0.0,,,True
1790393400,2026-09-26T03:30:00Z,ลี้,454,0.0,0.0,0.0,,,True
1790393400,2026-09-26T03:30:00Z,พระพุทธบาท,55,0.0,0.0,0.0,,,True
1790393400,2026-09-26T03:30:00Z,ดอนพุด,7,0.0,0.0,0.0,,,True
1790393400,2026-09-26T03:30:00Z,หนองโดน,31,0.0,0.0,0.0,,,True
1790393400,2026-09-26T03:30:00Z,เมืองลำปาง,300,0.0,0.0,0.0,,,True
1790393400,2026-09-26T03:30:00Z,เถิน,443,0.0,0.0,0.0,,,True
1790393400,2026-09-26T03:30:00Z,แม่พริก,167,0.0,0.0,0.0,,,True
1790393400,2026-09-26T03:30:00Z,แจ้ห่ม,274,0.0,0.0,0.0,,,True
1790393400,2026-09-26T03:30:00Z,แม่เปิน,85,0.0,0.0,0.0,,,True
1790393400,2026-09-26T03:30:00Z,เสริมงาม,185,0.0,0.0,0.0,,,True
1790393400,2026-09-26T03:30:00Z,ชุมตาบง,61,0.0,0.0,0.0,,,True
1790393400,2026-09-26T03:30:00Z,งาว,344,0.0,0.0,0.0,,,True
1790393400,2026-09-26T03:30:00Z,ตากฟ้า,125,0.05,0.299,0.32,60,45,True
1790393400,2026-09-26T03:30:00Z,แม่เมาะ,283,0.0,0.0,0.0,,,True
1790393400,2026-09-26T03:30:00Z,แม่วงก์,257,0.0,0.0,0.0,,,True
1790393400,2026-09-26T03:30:00Z,เกาะคา,128,0.0,0.0,0.0,,,True
1790393400,2026-09-26T03:30:00Z,พยุหะคีรี,169,0.001,0.098,0.0059,,120,True
1790393400,2026-09-26T03:30:00Z,ลาดยาว,187,0.0,0.0,0.0,,,True
1790393400,2026-09-26T03:30:00Z,สบปราบ,125,0.0,0.0,0.0,,,True
1790393400,2026-09-26T03:30:00Z,ห้างฉัตร,154,0.0,0.0,0.0,,,True
1790393400,2026-09-26T03:30:00Z,แม่ทะ,203,0.0,0.0,0.0,,,True
1790393400,2026-09-26T03:30:00Z,เมืองปาน,202,0.0,0.0,0.0,,,True
1790393400,2026-09-26T03:30:00Z,เมืองอ่างทอง,6,0.0,0.0,0.0,,,True
1790393400,2026-09-26T03:30:00Z,ไชโย,20,0.0,0.0,0.0,,,True
1790393400,2026-09-26T03:30:00Z,สามโก้,10,0.0,0.0,0.0,,,True
1790393400,2026-09-26T03:30:00Z,แสวงหา,43,0.0,0.0,0.0,,,True
1790393400,2026-09-26T03:30:00Z,วิเศษชัยชาญ,7,0.0,0.0,0.0,,,True
1790393400,2026-09-26T03:30:00Z,โพธิ์ทอง,48,0.0,0.0,0.0,,,True
1790393400,2026-09-26T03:30:00Z,เมืองลพบุรี,190,0.014,0.196,0.1316,90,45,True
1790393400,2026-09-26T03:30:00Z,เดิมบางนางบวช,130,0.0,0.0,0.0,,,True
1790393400,2026-09-26T03:30:00Z,ด่านช้าง,309,0.0,0.0,0.0,,,True
1790393400,2026-09-26T03:30:00Z,หนองม่วง,111,0.113,0.299,0.6486,30,15,True
1790393400,2026-09-26T03:30:00Z,ลำสนธิ,136,0.023,0.288,0.1985,30,15,True
1790393400,2026-09-26T03:30:00Z,สามชุก,77,0.0,0.0,0.0,,,True
1790393400,2026-09-26T03:30:00Z,ดอนเจดีย์,72,0.001,0.098,0.0139,,15,True
1790393400,2026-09-26T03:30:00Z,สระโบสถ์,83,0.061,0.299,0.3735,60,45,True
1790393400,2026-09-26T03:30:00Z,ศรีประจันต์,41,0.0,0.0,0.0,,,True
1790393400,2026-09-26T03:30:00Z,โคกเจริญ,135,0.096,0.392,0.563,30,15,True
1790393400,2026-09-26T03:30:00Z,บ้านหมี่,136,0.02,0.196,0.1838,120,105,True
1790393400,2026-09-26T03:30:00Z,ท่าหลวง,100,0.014,0.098,0.14,30,15,True
1790393400,2026-09-26T03:30:00Z,ชัยบาดาล,280,0.065,0.299,0.4357,15,15,True
1790393400,2026-09-26T03:30:00Z,ท่าวุ้ง,64,0.009,0.098,0.0938,,120,True
1790393400,2026-09-26T03:30:00Z,พัฒนานิคม,217,0.036,0.299,0.2995,15,15,True
1790393400,2026-09-26T03:30:00Z,โคกสำโรง,180,0.051,0.299,0.3667,60,45,True
1790393400,2026-09-26T03:30:00Z,หนองหญ้าไซ,108,0.0,0.0,0.0,,,True
1790393400,2026-09-26T03:30:00Z,ท่าช้าง,11,0.0,0.0,0.0,,,True
1790393400,2026-09-26T03:30:00Z,อินทร์บุรี,66,0.0,0.0,0.0,,,True
1790393400,2026-09-26T03:30:00Z,ค่ายบางระจัน,26,0.0,0.0,0.0,,,True
1790393400,2026-09-26T03:30:00Z,พรหมบุรี,19,0.0,0.0,0.0,,,True
1790393400,2026-09-26T03:30:00Z,เนินสง่า,65,0.0,0.0,0.0,,,True
1790393400,2026-09-26T03:30:00Z,เมืองสิงห์บุรี,31,0.0,0.0,0.0,,,True
1790393400,2026-09-26T03:30:00Z,ซับใหญ่,72,0.0,0.0,0.0,,,True
1790393400,2026-09-26T03:30:00Z,บางระจัน,46,0.0,0.0,0.0,,,True
1790393400,2026-09-26T03:30:00Z,ภูกระดึง,190,0.0,0.0,0.0,,,True
1790393400,2026-09-26T03:30:00Z,ภูหลวง,145,0.0,0.0,0.0,,,True
1790393400,2026-09-26T03:30:00Z,หนองหิน,78,0.0,0.0,0.0,,,True
1790393400,2026-09-26T03:30:00Z,ผาขาว,100,0.0,0.0,0.0,,,True
1790393400,2026-09-26T03:30:00Z,เอราวัณ,87,0.0,0.0,0.0,,,True
1790393400,2026-09-26T03:30:00Z,วังสะพุง,281,0.0,0.0,0.0,,,True
1790393400,2026-09-26T03:30:00Z,วังม่วง,70,0.001,0.098,0.0143,,15,True
1790393400,2026-09-26T03:30:00Z,เฉลิมพระเกียรติ,35,0.0,0.0,0.0,,,True
1790393400,2026-09-26T03:30:00Z,มวกเหล็ก,175,0.0,0.0,0.0,,,True
1790393400,2026-09-26T03:30:00Z,บ้านเขว้า,124,0.0,0.0,0.0,,,True
1790393400,2026-09-26T03:30:00Z,คอนสวรรค์,113,0.0,0.0,0.0,,,True
1790393400,2026-09-26T03:30:00Z,เมืองชัยภูมิ,358,0.0,0.0,0.0,,,True
1790393400,2026-09-26T03:30:00Z,วังทอง,425,0.001,0.201,0.0047,,105,True
1790393400,2026-09-26T03:30:00Z,เนินมะปราง,276,0.009,0.201,0.087,,45,True
1790393400,2026-09-26T03:30:00Z,สวรรคโลก,156,0.0,0.0,0.0,,,True
1790393400,2026-09-26T03:30:00Z,ศรีนคร,46,0.0,0.0,0.0,,,True
1790393400,2026-09-26T03:30:00Z,หันคา,139,0.0,0.0,0.0,,,True
1790393400,2026-09-26T03:30:00Z,ศรีสัชนาลัย,534,0.0,0.0,0.0,,,True
1790393400,2026-09-26T03:30:00Z,หนองมะโมง,76,0.0,0.0,0.0,,,True
1790393400,2026-09-26T03:30:00Z,ศรีสำโรง,142,0.0,0.0,0.0,,,True
1790393400,2026-09-26T03:30:00Z,สรรพยา,55,0.0,0.0,0.0,,,True
1790393400,2026-09-26T03:30:00Z,คีรีมาศ,171,0.0,0.0,0.0,,,True
1790393400,2026-09-26T03:30:00Z,สรรคบุรี,89,0.0,0.0,0.0,,,True
1790393400,2026-09-26T03:30:00Z,กงไกรลาศ,108,0.0,0.0,0.0,,,True
1790393400,2026-09-26T03:30:00Z,มโนรมย์,66,0.015,0.098,0.1515,120,120,True
1790393400,2026-09-26T03:30:00Z,เมืองสุโขทัย,136,0.0,0.0,0.0,,,True
1790393400,2026-09-26T03:30:00Z,วัดสิงห์,67,0.0,0.0,0.0,,,True
1790393400,2026-09-26T03:30:00Z,บ้านด่านลานหอย,231,0.0,0.0,0.0,,,True
1790393400,2026-09-26T03:30:00Z,เมืองชัยนาท,70,0.0,0.0,0.0,,,True
1790393400,2026-09-26T03:30:00Z,เนินขาม,65,0.0,0.0,0.0,,,True
1790393400,2026-09-26T03:30:00Z,คอนสาร,334,0.0,0.0,0.0,,,True
1790393400,2026-09-26T03:30:00Z,ภักดีชุมพล,154,0.0,0.0,0.0,,,True
1790393400,2026-09-26T03:30:00Z,บ้านแท่น,76,0.0,0.0,0.0,,,True
1790393400,2026-09-26T03:30:00Z,แก้งคร้อ,168,0.0,0.0,0.0,,,True
1790393400,2026-09-26T03:30:00Z,ภูเขียว,201,0.0,0.0,0.0,,,True
1790393400,2026-09-26T03:30:00Z,หนองบัวระเหว,179,0.0,0.0,0.0,,,True
1790393400,2026-09-26T03:30:00Z,เทพสถิต,239,0.001,0.098,0.0126,,15,True
1790393400,2026-09-26T03:30:00Z,จัตุรัส,172,0.0,0.0,0.0,,,True
1790393400,2026-09-26T03:30:00Z,บำเหน็จณรงค์,120,0.0,0.0,0.0,,,True
1790393400,2026-09-26T03:30:00Z,เกษตรสมบูรณ์,268,0.0,0.0,0.0,,,True
1790393400,2026-09-26T03:30:00Z,หนองบัวแดง,537,0.0,0.0,0.0,,,True
1790393400,2026-09-26T03:30:00Z,ภูเรือ,168,0.0,0.0,0.0,,,True
1790393400,2026-09-26T03:30:00Z,ท่าลี่,171,0.0,0.0,0.0,,,True
1790393400,2026-09-26T03:30:00Z,วชิรบารมี,68,0.0,0.0,0.0,,,True
1790393400,2026-09-26T03:30:00Z,ด่านซ้าย,341,0.0,0.0,0.0,,,True
1790393400,2026-09-26T03:30:00Z,นาแห้ว,153,0.0,0.0,0.0,,,True
1790393400,2026-09-26T03:30:00Z,บึงนาราง,74,0.0,0.0,0.0,,,True
1790393400,2026-09-26T03:30:00Z,เชียงคาน,213,0.0,0.0,0.0,,,True
1790393400,2026-09-26T03:30:00Z,ดงเจริญ,56,0.0,0.0,0.0,,,True
1790393400,2026-09-26T03:30:00Z,ปากชม,240,0.0,0.0,0.0,,,True
1790393400,2026-09-26T03:30:00Z,เมืองเลย,314,0.0,0.0,0.0,,,True
1790393400,2026-09-26T03:30:00Z,นาด้วง,143,0.0,0.0,0.0,,,True
1790393400,2026-09-26T03:30:00Z,สากเหล็ก,45,0.013,0.098,0.1333,105,90,True
1790393400,2026-09-26T03:30:00Z,สามง่าม,89,0.0,0.0,0.0,,,True
1790393400,2026-09-26T03:30:00Z,ทับคล้อ,104,0.0,0.0,0.0,,,True
1790393400,2026-09-26T03:30:00Z,พรหมพิราม,206,0.0,0.0,0.0,,,True
1790393400,2026-09-26T03:30:00Z,ด่านขุนทด,344,0.012,0.288,0.0988,,15,True
1790393400,2026-09-26T03:30:00Z,วัดโบสถ์,226,0.0,0.0,0.0,,,True
1790393400,2026-09-26T03:30:00Z,บางระกำ,246,0.0,0.0,0.0,,,True
1790393400,2026-09-26T03:30:00Z,บางกระทุ่ม,91,0.005,0.098,0.0549,,105,True
1790393400,2026-09-26T03:30:00Z,นครไทย,597,0.0,0.0,0.0,,,True
1790393400,2026-09-26T03:30:00Z,ชาติตระการ,415,0.0,0.0,0.0,,,True
1790393400,2026-09-26T03:30:00Z,บ้านเหลื่อม,55,0.0,0.0,0.0,,,True
1790393400,2026-09-26T03:30:00Z,เมืองพิษณุโลก,178,0.0,0.0,0.0,,,True
1790393400,2026-09-26T03:30:00Z,ชุมแสง,145,0.0,0.0,0.0,,,True
1790393400,2026-09-26T03:30:00Z,หนองบัว,208,0.0,0.0,0.0,,,True
1790393400,2026-09-26T03:30:00Z,เมืองนครสวรรค์,183,0.0,0.0,0.0,,,True
1790393400,2026-09-26T03:30:00Z,โกรกพระ,71,0.0,0.0,0.0,,,True
1790393400,2026-09-26T03:30:00Z,ไพศาลี,244,0.01,0.294,0.0574,,45,True
1790393400,2026-09-26T03:30:00Z,ตาคลี,206,0.013,0.201,0.1165,120,90,True
1790393400,2026-09-26T03:30:00Z,ท่าตะโก,211,0.0,0.098,0.0047,,120,True
1790393400,2026-09-26T03:30:00Z,เขาค้อ,207,0.007,0.201,0.0676,,15,True
1790393400,2026-09-26T03:30:00Z,บรรพตพิสัย,181,0.0,0.0,0.0,,,True
1790393400,2026-09-26T03:30:00Z,เก้าเลี้ยว,57,0.0,0.0,0.0,,,True
1790393400,2026-09-26T03:30:00Z,วังโป่ง,123,0.005,0.098,0.0488,,75,True
1790393400,2026-09-26T03:30:00Z,บึงสามพัน,194,0.0,0.0,0.0,,,True
1790393400,2026-09-26T03:30:00Z,น้ำหนาว,231,0.0,0.0,0.0,,,True
1790393400,2026-09-26T03:30:00Z,ศรีเทพ,204,0.036,0.392,0.2206,15,15,True
1790393400,2026-09-26T03:30:00Z,หนองไผ่,315,0.0,0.0,0.0,,,True
1790393400,2026-09-26T03:30:00Z,มหาราช,4,0.0,0.0,0.0,,,False
1790393400,2026-09-26T03:30:00Z,บ้านแพรก,10,0.0,0.0,0.0,,,True
1790393400,2026-09-26T03:30:00Z,บางมูลนาก,99,0.0,0.0,0.0,,,True
1790393400,2026-09-26T03:30:00Z,โพทะเล,131,0.0,0.0,0.0,,,True
1790393400,2026-09-26T03:30:00Z,โพธิ์ประทับช้าง,102,0.0,0.0,0.0,,,True
1790393400,2026-09-26T03:30:00Z,ตะพานหิน,109,0.0,0.0,0.0,,,True
1790393400,2026-09-26T03:30:00Z,เมืองพิจิตร,138,0.001,0.098,0.0145,,120,True
1790393400,2026-09-26T03:30:00Z,วังทรายพูน,66,0.0,0.0,0.0,,,True
1790394300,2026-09-26T03:45:00Z,พิชัย,176,0.0,0.0,0.0,,,True
1790394300,2026-09-26T03:45:00Z,ลับแล,116,0.0,0.0,0.0,,,True
1790394300,2026-09-26T03:45:00Z,ฟากท่า,163,0.0,0.0,0.0,,,True
1790394300,2026-09-26T03:45:00Z,บ้านโคก,247,0.0,0.0,0.0,,,True
1790394300,2026-09-26T03:45:00Z,ท่าปลา,442,0.0,0.0,0.0,,,True
1790394300,2026-09-26T03:45:00Z,น้ำปาด,363,0.0,0.0,0.0,,,True
1790394300,2026-09-26T03:45:00Z,เมืองอุตรดิตถ์,202,0.0,0.0,0.0,,,True
1790394300,2026-09-26T03:45:00Z,ตรอน,80,0.0,0.0,0.0,,,True
1790394300,2026-09-26T03:45:00Z,หล่มเก่า,246,0.0,0.0,0.0,,,True
1790394300,2026-09-26T03:45:00Z,วิเชียรบุรี,377,0.0,0.0,0.0,,,True
1790394300,2026-09-26T03:45:00Z,ชนแดน,279,0.0,0.0,0.0,,,True
1790394300,2026-09-26T03:45:00Z,หล่มสัก,350,0.0,0.0,0.0,,,True
1790394300,2026-09-26T03:45:00Z,เมืองเพชรบูรณ์,571,0.002,0.098,0.021,,15,True
1790394300,2026-09-26T03:45:00Z,ทองแสนขัน,185,0.0,0.0,0.0,,,True
1790394300,2026-09-26T03:45:00Z,บึงสามัคคี,71,0.0,0.0,0.0,,,True
1790394300,2026-09-26T03:45:00Z,โกสัมพีนคร,137,0.0,0.0,0.0,,,True
1790394300,2026-09-26T03:45:00Z,สอง,380,0.0,0.0,0.0,,,True
1790394300,2026-09-26T03:45:00Z,วังชิ้น,255,0.0,0.0,0.0,,,True
1790394300,2026-09-26T03:45:00Z,สูงเม่น,88,0.0,0.0,0.0,,,True
1790394300,2026-09-26T03:45:00Z,เด่นชัย,135,0.0,0.0,0.0,,,True
1790394300,2026-09-26T03:45:00Z,ร้องกวาง,221,0.0,0.0,0.0,,,True
1790394300,2026-09-26T03:45:00Z,ลอง,317,0.0,0.0,0.0,,,True
1790394300,2026-09-26T03:45:00Z,เมืองแพร่,205,0.0,0.0,0.0,,,True
1790394300,2026-09-26T03:45:00Z,ทัพทัน,94,0.0,0.0,0.0,,,True
1790394300,2026-09-26T03:45:00Z,สว่างอารมณ์,110,0.0,0.0,0.0,,,True
1790394300,2026-09-26T03:45:00Z,เมืองอุทัยธานี,59,0.0,0.0,0.0,,,True
1790394300,2026-09-26T03:45:00Z,ห้วยคต,94,0.01,0.288,0.0745,,15,True
1790394300,2026-09-26T03:45:00Z,ศรีสวัสดิ์,440,0.0,0.0,0.0,,,True
1790394300,2026-09-26T03:45:00Z,บ้านไร่,821,0.039,0.484,0.2387,30,15,True
1790394300,2026-09-26T03:45:00Z,ลานสัก,360,0.009,0.299,0.0639,,15,True
1790394300,2026-09-26T03:45:00Z,หนองฉาง,89,0.0,0.0,0.0,,,True
1790394300,2026-09-26T03:45:00Z,หนองขาหย่าง,43,0.0,0.0,0.0,,,True
1790394300,2026-09-26T03:45:00Z,เชียงม่วน,82,0.0,0.0,0.0,,,True
1790394300,2026-09-26T03:45:00Z,ดอกคำใต้,37,0.0,0.0,0.0,,,True
1790394300,2026-09-26T03:45:00Z,เมืองพะเยา,6,0.0,0.0,0.0,,,True
1790394300,2026-09-26T03:45:00Z,ทองผาภูมิ,851,0.019,0.587,0.0952,,30,True
1790394300,2026-09-26T03:45:00Z,สังขละบุรี,793,0.012,0.299,0.0782,,90,True
1790394300,2026-09-26T03:45:00Z,หนองม่วงไข่,35,0.0,0.0,0.0,,,True
1790394300,2026-09-26T03:45:00Z,ภูเวียง,81,0.0,0.0,0.0,,,True
1790394300,2026-09-26T03:45:00Z,มัญจาคีรี,50,0.0,0.0,0.0,,,True
1790394300,2026-09-26T03:45:00Z,หนองปรือ,104,0.0,0.0,0.0,,,True
1790394300,2026-09-26T03:45:00Z,เลาขวัญ,123,0.0,0.0,0.0,,,True
1790394300,2026-09-26T03:45:00Z,หนองนาคำ,43,0.0,0.0,0.0,,,True
1790394300,2026-09-26T03:45:00Z,โคกโพธิ์ไชย,65,0.0,0.0,0.0,,,True
1790394300,2026-09-26T03:45:00Z,บ้านหลวง,91,0.0,0.0,0.0,,,True
1790394300,2026-09-26T03:45:00Z,นาน้อย,266,0.0,0.0,0.0,,,True
1790394300,2026-09-26T03:45:00Z,ภูผาม่าน,74,0.0,0.0,0.0,,,True
1790394300,2026-09-26T03:45:00Z,เมืองน่าน,161,0.0,0.0,0.0,,,True
1790394300,2026-09-26T03:45:00Z,แม่จริม,262,0.0,0.0,0.0,,,True
1790394300,2026-09-26T03:45:00Z,เวียงเก่า,78,0.0,0.0,0.0,,,True
1790394300,2026-09-26T03:45:00Z,เมืองกำแพงเพชร,368,0.0,0.0,0.0,,,True
1790394300,2026-09-26T03:45:00Z,ไทรงาม,133,0.0,0.0,0.0,,,True
1790394300,2026-09-26T03:45:00Z,ปางศิลาทอง,186,0.0,0.0,0.0,,,True
1790394300,2026-09-26T03:45:00Z,ลานกระบือ,103,0.0,0.0,0.0,,,True
1790394300,2026-09-26T03:45:00Z,ทรายทองวัฒนา,53,0.0,0.0,0.0,,,True
1790394300,2026-09-26T03:45:00Z,คลองขลุง,179,0.0,0.0,0.0,,,True
1790394300,2026-09-26T03:45:00Z,พรานกระต่าย,252,0.0,0.0,0.0,,,True
1790394300,2026-09-26T03:45:00Z,คลองลาน,363,0.0,0.0,0.0,,,True
1790394300,2026-09-26T03:45:00Z,ขาณุวรลักษบุรี,296,0.0,0.0,0.0,,,True
1790394300,2026-09-26T03:45:00Z,ภูเพียง,113,0.0,0.0,0.0,,,True
1790394300,2026-09-26T03:45:00Z,นาหมื่น,245,0.0,0.0,0.0,,,True
1790394300,2026-09-26T03:45:00Z,เวียงสา,543,0.0,0.0,0.0,,,True
1790394300,2026-09-26T03:45:00Z,น้ำโสม,153,0.0,0.0,0.0,,,True
1790394300,2026-09-26T03:45:00Z,นายูง,126,0.0,0.0,0.0,,,True
1790394300,2026-09-26T03:45:00Z,ชุมแพ,173,0.0,0.0,0.0,,,True
1790394300,2026-09-26T03:45:00Z,สีชมพู,132,0.0,0.0,0.0,,,True
1790394300,2026-09-26T03:45:00Z,สุวรรณคูหา,140,0.0,0.0,0.0,,,True
1790394300,2026-09-26T03:45:00Z,นาวัง,65,0.0,0.0,0.0,,,True
1790394300,2026-09-26T03:45:00Z,หนองเรือ,80,0.0,0.0,0.0,,,True
1790394300,2026-09-26T03:45:00Z,โนนสัง,51,0.0,0.0,0.0,,,True
1790394300,2026-09-26T03:45:00Z,ศรีบุญเรือง,224,0.0,0.0,0.0,,,True
1790394300,2026-09-26T03:45:00Z,เมืองหนองบัวลำภู,217,0.0,0.0,0.0,,,True
1790394300,2026-09-26T03:45:00Z,นากลาง,173,0.0,0.0,0.0,,,True
1790394300,2026-09-26T03:45:00Z,ทุ่งเสลี่ยม,144,0.0,0.0,0.0,,,True
1790394300,2026-09-26T03:45:00Z,ดอยหล่อ,56,0.0,0.0,0.0,,,True
1790394300,2026-09-26T03:45:00Z,เมืองตาก,486,0.0,0.098,0.0041,,90,True
1790394300,2026-09-26T03:45:00Z,แม่ออน,116,0.0,0.0,0.0,,,True
1790394300,2026-09-26T03:45:00Z,อุ้มผาง,1209,0.008,0.386,0.0562,,15,True
1790394300,2026-09-26T03:45:00Z,วังเจ้า,183,0.0,0.0,0.0,,,True
1790394300,2026-09-26T03:45:00Z,แม่สอด,398,0.0,0.0,0.0,,,True
1790394300,2026-09-26T03:45:00Z,พบพระ,249,0.0,0.0,0.0,,,True
1790394300,2026-09-26T03:45:00Z,แม่ระมาด,380,0.0,0.0,0.0,,,True
1790394300,2026-09-26T03:45:00Z,ท่าสองยาง,401,0.0,0.0,0.0,,,True
1790394300,2026-09-26T03:45:00Z,บ้านตาก,255,0.0,0.0,0.0,,,True
1790394300,2026-09-26T03:45:00Z,สามเงา,698,0.0,0.0,0.0,,,True
1790394300,2026-09-26T03:45:00Z,จอมทอง,280,0.0,0.0,0.0,,,True
1790394300,2026-09-26T03:45:00Z,แก้งสนามนาง,79,0.0,0.0,0.0,,,True
1790394300,2026-09-26T03:45:00Z,สีคิ้ว,292,0.0,0.0,0.0,,,True
1790394300,2026-09-26T03:45:00Z,พระทองคำ,90,0.0,0.0,0.0,,,True
1790394300,2026-09-26T03:45:00Z,เทพารักษ์,92,0.033,0.098,0.337,45,15,True
1790394300,2026-09-26T03:45:00Z,สันกำแพง,65,0.0,0.0,0.0,,,True
1790394300,2026-09-26T03:45:00Z,สันป่าตอง,44,0.0,0.0,0.0,,,True
1790394300,2026-09-26T03:45:00Z,ดอยเต่า,213,0.0,0.0,0.0,,,True
1790394300,2026-09-26T03:45:00Z,อมก๋อย,704,0.0,0.0,0.0,,,True
1790394300,2026-09-26T03:45:00Z,ฮอด,378,0.0,0.0,0.0,,,True
1790394300,2026-09-26T03:45:00Z,เมืองลำพูน,117,0.0,0.0,0.0,,,True
1790394300,2026-09-26T03:45:00Z,แม่ทา,192,0.0,0.0,0.0,,,True
1790394300,2026-09-26T03:45:00Z,บ้านธิ,34,0.0,0.0,0.0,,,True
1790394300,2026-09-26T03:45:00Z,บ้านหมอ,24,0.0,0.0,0.0,,,True
1790394300,2026-09-26T03:45:00Z,เวียงหนองล่อง,14,0.0,0.0,0.0,,,True
1790394300,2026-09-26T03:45:00Z,ทุ่งหัวช้าง,113,0.0,0.0,0.0,,,True
1790394300,2026-09-26T03:45:00Z,ป่าซาง,74,0.0,0.0,0.0,,,True
1790394300,2026-09-26T03:45:00Z,บ้านโฮ่ง,124,0.0,0.0,0.0,,,True
1790394300,2026-09-26T03:45:00Z,แก่งคอย,73,0.0,0.0,0.0,,,True
1790394300,2026-09-26T03:45:00Z,ลี้,454,0.0,0.0,0.0,,,True
1790394300,2026-09-26T03:45:00Z,พระพุทธบาท,55,0.0,0.0,0.0,,,True
1790394300,2026-09-26T03:45:00Z,ดอนพุด,7,0.0,0.0,0.0,,,True
1790394300,2026-09-26T03:45:00Z,หนองโดน,31,0.0,0.0,0.0,,,True
1790394300,2026-09-26T03:45:00Z,เมืองลำปาง,300,0.0,0.0,0.0,,,True
1790394300,2026-09-26T03:45:00Z,เถิน,443,0.0,0.0,0.0,,,True
1790394300,2026-09-26T03:45:00Z,แม่พริก,167,0.0,0.0,0.0,,,True
1790394300,2026-09-26T03:45:00Z,แจ้ห่ม,274,0.0,0.0,0.0,,,True
1790394300,2026-09-26T03:45:00Z,แม่เปิน,85,0.001,0.098,0.0118,,15,True
1790394300,2026-09-26T03:45:00Z,เสริมงาม,185,0.0,0.0,0.0,,,True
1790394300,2026-09-26T03:45:00Z,ชุมตาบง,61,0.0,0.0,0.0,,,True
1790394300,2026-09-26T03:45:00Z,งาว,344,0.0,0.0,0.0,,,True
1790394300,2026-09-26T03:45:00Z,ตากฟ้า,125,0.028,0.299,0.232,75,30,True
1790394300,2026-09-26T03:45:00Z,แม่เมาะ,283,0.0,0.0,0.0,,,True
1790394300,2026-09-26T03:45:00Z,แม่วงก์,257,0.0,0.0,0.0,,,True
1790394300,2026-09-26T03:45:00Z,เกาะคา,128,0.0,0.0,0.0,,,True
1790394300,2026-09-26T03:45:00Z,พยุหะคีรี,169,0.004,0.098,0.0414,,105,True
1790394300,2026-09-26T03:45:00Z,ลาดยาว,187,0.0,0.0,0.0,,,True
1790394300,2026-09-26T03:45:00Z,สบปราบ,125,0.0,0.0,0.0,,,True
1790394300,2026-09-26T03:45:00Z,ห้างฉัตร,154,0.0,0.0,0.0,,,True
1790394300,2026-09-26T03:45:00Z,แม่ทะ,203,0.0,0.0,0.0,,,True
1790394300,2026-09-26T03:45:00Z,เมืองปาน,202,0.0,0.0,0.0,,,True
1790394300,2026-09-26T03:45:00Z,เมืองอ่างทอง,6,0.0,0.0,0.0,,,True
1790394300,2026-09-26T03:45:00Z,ไชโย,20,0.0,0.0,0.0,,,True
1790394300,2026-09-26T03:45:00Z,สามโก้,10,0.0,0.0,0.0,,,True
1790394300,2026-09-26T03:45:00Z,แสวงหา,43,0.0,0.0,0.0,,,True
1790394300,2026-09-26T03:45:00Z,วิเศษชัยชาญ,7,0.0,0.0,0.0,,,True
1790394300,2026-09-26T03:45:00Z,โพธิ์ทอง,48,0.0,0.0,0.0,,,True
1790394300,2026-09-26T03:45:00Z,เมืองลพบุรี,190,0.015,0.299,0.1,105,45,True
1790394300,2026-09-26T03:45:00Z,เดิมบางนางบวช,130,0.0,0.0,0.0,,,True
1790394300,2026-09-26T03:45:00Z,ด่านช้าง,309,0.0,0.0,0.0,,,True
1790394300,2026-09-26T03:45:00Z,หนองม่วง,111,0.058,0.196,0.5405,75,15,True
1790394300,2026-09-26T03:45:00Z,ลำสนธิ,136,0.01,0.098,0.1029,105,75,True
1790394300,2026-09-26T03:45:00Z,สามชุก,77,0.0,0.0,0.0,,,True
1790394300,2026-09-26T03:45:00Z,ดอนเจดีย์,72,0.0,0.0,0.0,,,True
1790394300,2026-09-26T03:45:00Z,สระโบสถ์,83,0.041,0.196,0.4096,60,45,True
1790394300,2026-09-26T03:45:00Z,ศรีประจันต์,41,0.0,0.0,0.0,,,True
1790394300,2026-09-26T03:45:00Z,โคกเจริญ,135,0.031,0.201,0.3111,30,15,True
1790394300,2026-09-26T03:45:00Z,บ้านหมี่,136,0.041,0.299,0.2941,105,90,True
1790394300,2026-09-26T03:45:00Z,ท่าหลวง,100,0.005,0.098,0.05,,15,True
1790394300,2026-09-26T03:45:00Z,ชัยบาดาล,280,0.027,0.196,0.2714,30,15,True
1790394300,2026-09-26T03:45:00Z,ท่าวุ้ง,64,0.011,0.196,0.0781,,105,True
1790394300,2026-09-26T03:45:00Z,พัฒนานิคม,217,0.049,0.299,0.3088,15,15,True
1790394300,2026-09-26T03:45:00Z,โคกสำโรง,180,0.066,0.386,0.4333,60,30,True
1790394300,2026-09-26T03:45:00Z,หนองหญ้าไซ,108,0.0,0.0,0.0,,,True
1790394300,2026-09-26T03:45:00Z,ท่าช้าง,11,0.0,0.0,0.0,,,True
1790394300,2026-09-26T03:45:00Z,อินทร์บุรี,66,0.0,0.0,0.0,,,True
1790394300,2026-09-26T03:45:00Z,ค่ายบางระจัน,26,0.0,0.0,0.0,,,True
1790394300,2026-09-26T03:45:00Z,พรหมบุรี,19,0.0,0.0,0.0,,,True
1790394300,2026-09-26T03:45:00Z,เนินสง่า,65,0.0,0.0,0.0,,,True
1790394300,2026-09-26T03:45:00Z,เมืองสิงห์บุรี,31,0.0,0.0,0.0,,,True
1790394300,2026-09-26T03:45:00Z,ซับใหญ่,72,0.0,0.0,0.0,,,True
1790394300,2026-09-26T03:45:00Z,บางระจัน,46,0.0,0.0,0.0,,,True
1790394300,2026-09-26T03:45:00Z,ภูกระดึง,190,0.0,0.0,0.0,,,True
1790394300,2026-09-26T03:45:00Z,ภูหลวง,145,0.0,0.0,0.0,,,True
1790394300,2026-09-26T03:45:00Z,หนองหิน,78,0.0,0.0,0.0,,,True
1790394300,2026-09-26T03:45:00Z,ผาขาว,100,0.0,0.0,0.0,,,True
1790394300,2026-09-26T03:45:00Z,เอราวัณ,87,0.0,0.0,0.0,,,True
1790394300,2026-09-26T03:45:00Z,วังสะพุง,281,0.0,0.0,0.0,,,True
1790394300,2026-09-26T03:45:00Z,วังม่วง,70,0.0,0.0,0.0,,,True
1790394300,2026-09-26T03:45:00Z,เฉลิมพระเกียรติ,35,0.0,0.0,0.0,,,True
1790394300,2026-09-26T03:45:00Z,มวกเหล็ก,175,0.0,0.0,0.0,,,True
1790394300,2026-09-26T03:45:00Z,บ้านเขว้า,124,0.0,0.0,0.0,,,True
1790394300,2026-09-26T03:45:00Z,คอนสวรรค์,113,0.0,0.0,0.0,,,True
1790394300,2026-09-26T03:45:00Z,เมืองชัยภูมิ,358,0.0,0.0,0.0,,,True
1790394300,2026-09-26T03:45:00Z,วังทอง,425,0.002,0.098,0.0165,,75,True
1790394300,2026-09-26T03:45:00Z,เนินมะปราง,276,0.01,0.098,0.0978,,15,True
1790394300,2026-09-26T03:45:00Z,สวรรคโลก,156,0.0,0.0,0.0,,,True
1790394300,2026-09-26T03:45:00Z,ศรีนคร,46,0.0,0.0,0.0,,,True
1790394300,2026-09-26T03:45:00Z,หันคา,139,0.0,0.0,0.0,,,True
1790394300,2026-09-26T03:45:00Z,ศรีสัชนาลัย,534,0.0,0.0,0.0,,,True
1790394300,2026-09-26T03:45:00Z,หนองมะโมง,76,0.001,0.098,0.0132,,90,True
1790394300,2026-09-26T03:45:00Z,ศรีสำโรง,142,0.0,0.0,0.0,,,True
1790394300,2026-09-26T03:45:00Z,สรรพยา,55,0.0,0.0,0.0,,,True
1790394300,2026-09-26T03:45:00Z,คีรีมาศ,171,0.0,0.0,0.0,,,True
1790394300,2026-09-26T03:45:00Z,สรรคบุรี,89,0.0,0.0,0.0,,,True
1790394300,2026-09-26T03:45:00Z,กงไกรลาศ,108,0.0,0.0,0.0,,,True
1790394300,2026-09-26T03:45:00Z,มโนรมย์,66,0.016,0.098,0.1667,120,90,True
1790394300,2026-09-26T03:45:00Z,เมืองสุโขทัย,136,0.0,0.0,0.0,,,True
1790394300,2026-09-26T03:45:00Z,วัดสิงห์,67,0.0,0.0,0.0,,,True
1790394300,2026-09-26T03:45:00Z,บ้านด่านลานหอย,231,0.0,0.098,0.0043,,45,True
1790394300,2026-09-26T03:45:00Z,เมืองชัยนาท,70,0.0,0.0,0.0,,,True
1790394300,2026-09-26T03:45:00Z,เนินขาม,65,0.0,0.0,0.0,,,True
1790394300,2026-09-26T03:45:00Z,คอนสาร,334,0.0,0.0,0.0,,,True
1790394300,2026-09-26T03:45:00Z,ภักดีชุมพล,154,0.0,0.0,0.0,,,True
1790394300,2026-09-26T03:45:00Z,บ้านแท่น,76,0.0,0.0,0.0,,,True
1790394300,2026-09-26T03:45:00Z,แก้งคร้อ,168,0.0,0.0,0.0,,,True
1790394300,2026-09-26T03:45:00Z,ภูเขียว,201,0.0,0.0,0.0,,,True
1790394300,2026-09-26T03:45:00Z,หนองบัวระเหว,179,0.0,0.0,0.0,,,True
1790394300,2026-09-26T03:45:00Z,เทพสถิต,239,0.0,0.098,0.0042,,90,True
1790394300,2026-09-26T03:45:00Z,จัตุรัส,172,0.0,0.0,0.0,,,True
1790394300,2026-09-26T03:45:00Z,บำเหน็จณรงค์,120,0.0,0.0,0.0,,,True
1790394300,2026-09-26T03:45:00Z,เกษตรสมบูรณ์,268,0.0,0.0,0.0,,,True
1790394300,2026-09-26T03:45:00Z,หนองบัวแดง,537,0.0,0.0,0.0,,,True
1790394300,2026-09-26T03:45:00Z,ภูเรือ,168,0.0,0.0,0.0,,,True
1790394300,2026-09-26T03:45:00Z,ท่าลี่,171,0.0,0.0,0.0,,,True
1790394300,2026-09-26T03:45:00Z,วชิรบารมี,68,0.0,0.0,0.0,,,True
1790394300,2026-09-26T03:45:00Z,ด่านซ้าย,341,0.0,0.0,0.0,,,True
1790394300,2026-09-26T03:45:00Z,นาแห้ว,153,0.0,0.0,0.0,,,True
1790394300,2026-09-26T03:45:00Z,บึงนาราง,74,0.0,0.0,0.0,,,True
1790394300,2026-09-26T03:45:00Z,เชียงคาน,213,0.0,0.0,0.0,,,True
1790394300,2026-09-26T03:45:00Z,ดงเจริญ,56,0.0,0.0,0.0,,,True
1790394300,2026-09-26T03:45:00Z,ปากชม,240,0.0,0.0,0.0,,,True
1790394300,2026-09-26T03:45:00Z,เมืองเลย,314,0.0,0.0,0.0,,,True
1790394300,2026-09-26T03:45:00Z,นาด้วง,143,0.0,0.0,0.0,,,True
1790394300,2026-09-26T03:45:00Z,สากเหล็ก,45,0.002,0.098,0.0222,,75,True
1790394300,2026-09-26T03:45:00Z,สามง่าม,89,0.0,0.0,0.0,,,True
1790394300,2026-09-26T03:45:00Z,ทับคล้อ,104,0.0,0.0,0.0,,,True
1790394300,2026-09-26T03:45:00Z,พรหมพิราม,206,0.0,0.0,0.0,,,True
1790394300,2026-09-26T03:45:00Z,ด่านขุนทด,344,0.005,0.098,0.0494,,15,True
1790394300,2026-09-26T03:45:00Z,วัดโบสถ์,226,0.0,0.0,0.0,,,True
1790394300,2026-09-26T03:45:00Z,บางระกำ,246,0.0,0.0,0.0,,,True
1790394300,2026-09-26T03:45:00Z,บางกระทุ่ม,91,0.022,0.098,0.2198,105,90,True
1790394300,2026-09-26T03:45:00Z,นครไทย,597,0.0,0.0,0.0,,,True
1790394300,2026-09-26T03:45:00Z,ชาติตระการ,415,0.0,0.0,0.0,,,True
1790394300,2026-09-26T03:45:00Z,บ้านเหลื่อม,55,0.0,0.0,0.0,,,True
1790394300,2026-09-26T03:45:00Z,เมืองพิษณุโลก,178,0.0,0.0,0.0,,,True
1790394300,2026-09-26T03:45:00Z,ชุมแสง,145,0.0,0.0,0.0,,,True
1790394300,2026-09-26T03:45:00Z,หนองบัว,208,0.0,0.0,0.0,,,True
1790394300,2026-09-26T03:45:00Z,เมืองนครสวรรค์,183,0.0,0.0,0.0,,,True
1790394300,2026-09-26T03:45:00Z,โกรกพระ,71,0.0,0.0,0.0,,,True
1790394300,2026-09-26T03:45:00Z,ไพศาลี,244,0.015,0.299,0.1025,120,15,True
1790394300,2026-09-26T03:45:00Z,ตาคลี,206,0.015,0.196,0.1456,90,60,True
1790394300,2026-09-26T03:45:00Z,ท่าตะโก,211,0.002,0.196,0.0095,,45,True
1790394300,2026-09-26T03:45:00Z,เขาค้อ,207,0.004,0.098,0.0386,,15,True
1790394300,2026-09-26T03:45:00Z,บรรพตพิสัย,181,0.0,0.0,0.0,,,True
1790394300,2026-09-26T03:45:00Z,เก้าเลี้ยว,57,0.0,0.0,0.0,,,True
1790394300,2026-09-26T03:45:00Z,วังโป่ง,123,0.009,0.098,0.0894,,60,True
1790394300,2026-09-26T03:45:00Z,บึงสามพัน,194,0.0,0.0,0.0,,,True
1790394300,2026-09-26T03:45:00Z,น้ำหนาว,231,0.0,0.0,0.0,,,True
1790394300,2026-09-26T03:45:00Z,ศรีเทพ,204,0.003,0.201,0.0245,,15,True
1790394300,2026-09-26T03:45:00Z,หนองไผ่,315,0.0,0.0,0.0,,,True
1790394300,2026-09-26T03:45:00Z,มหาราช,4,0.0,0.0,0.0,,,False
1790394300,2026-09-26T03:45:00Z,บ้านแพรก,10,0.0,0.0,0.0,,,True
1790394300,2026-09-26T03:45:00Z,บางมูลนาก,99,0.0,0.0,0.0,,,True
1790394300,2026-09-26T03:45:00Z,โพทะเล,131,0.0,0.0,0.0,,,True
1790394300,2026-09-26T03:45:00Z,โพธิ์ประทับช้าง,102,0.0,0.0,0.0,,,True
1790394300,2026-09-26T03:45:00Z,ตะพานหิน,109,0.0,0.0,0.0,,,True
1790394300,2026-09-26T03:45:00Z,เมืองพิจิตร,138,0.002,0.201,0.0145,,120,True
1790394300,2026-09-26T03:45:00Z,วังทรายพูน,66,0.004,0.098,0.0455,,120,True
1790395200,2026-09-26T04:00:00Z,พิชัย,176,0.0,0.0,0.0,,,True
1790395200,2026-09-26T04:00:00Z,ลับแล,116,0.0,0.0,0.0,,,True
1790395200,2026-09-26T04:00:00Z,ฟากท่า,163,0.0,0.0,0.0,,,True
1790395200,2026-09-26T04:00:00Z,บ้านโคก,247,0.0,0.0,0.0,,,True
1790395200,2026-09-26T04:00:00Z,ท่าปลา,442,0.0,0.0,0.0,,,True
1790395200,2026-09-26T04:00:00Z,น้ำปาด,363,0.0,0.0,0.0,,,True
1790395200,2026-09-26T04:00:00Z,เมืองอุตรดิตถ์,202,0.0,0.0,0.0,,,True
1790395200,2026-09-26T04:00:00Z,ตรอน,80,0.0,0.0,0.0,,,True
1790395200,2026-09-26T04:00:00Z,หล่มเก่า,246,0.0,0.0,0.0,,,True
1790395200,2026-09-26T04:00:00Z,วิเชียรบุรี,377,0.0,0.0,0.0,,,True
1790395200,2026-09-26T04:00:00Z,ชนแดน,279,0.0,0.0,0.0,,,True
1790395200,2026-09-26T04:00:00Z,หล่มสัก,350,0.0,0.0,0.0,,,True
1790395200,2026-09-26T04:00:00Z,เมืองเพชรบูรณ์,571,0.001,0.098,0.0088,,15,True
1790395200,2026-09-26T04:00:00Z,ทองแสนขัน,185,0.0,0.0,0.0,,,True
1790395200,2026-09-26T04:00:00Z,บึงสามัคคี,71,0.0,0.0,0.0,,,True
1790395200,2026-09-26T04:00:00Z,โกสัมพีนคร,137,0.0,0.0,0.0,,,True
1790395200,2026-09-26T04:00:00Z,สอง,380,0.0,0.0,0.0,,,True
1790395200,2026-09-26T04:00:00Z,วังชิ้น,255,0.0,0.0,0.0,,,True
1790395200,2026-09-26T04:00:00Z,สูงเม่น,88,0.0,0.0,0.0,,,True
1790395200,2026-09-26T04:00:00Z,เด่นชัย,135,0.0,0.0,0.0,,,True
1790395200,2026-09-26T04:00:00Z,ร้องกวาง,221,0.0,0.0,0.0,,,True
1790395200,2026-09-26T04:00:00Z,ลอง,317,0.0,0.0,0.0,,,True
1790395200,2026-09-26T04:00:00Z,เมืองแพร่,205,0.0,0.0,0.0,,,True
1790395200,2026-09-26T04:00:00Z,ทัพทัน,94,0.0,0.0,0.0,,,True
1790395200,2026-09-26T04:00:00Z,สว่างอารมณ์,110,0.0,0.0,0.0,,,True
1790395200,2026-09-26T04:00:00Z,เมืองอุทัยธานี,59,0.028,0.196,0.2712,120,105,True
1790395200,2026-09-26T04:00:00Z,ห้วยคต,94,0.0,0.0,0.0,,,True
1790395200,2026-09-26T04:00:00Z,ศรีสวัสดิ์,440,0.0,0.0,0.0,,,True
1790395200,2026-09-26T04:00:00Z,บ้านไร่,821,0.03,0.946,0.1376,45,15,True
1790395200,2026-09-26T04:00:00Z,ลานสัก,360,0.0,0.0,0.0,,,True
1790395200,2026-09-26T04:00:00Z,หนองฉาง,89,0.0,0.0,0.0,,,True
1790395200,2026-09-26T04:00:00Z,หนองขาหย่าง,43,0.0,0.0,0.0,,,True
1790395200,2026-09-26T04:00:00Z,เชียงม่วน,82,0.0,0.0,0.0,,,True
1790395200,2026-09-26T04:00:00Z,ดอกคำใต้,37,0.0,0.0,0.0,,,True
1790395200,2026-09-26T04:00:00Z,เมืองพะเยา,6,0.0,0.0,0.0,,,True
1790395200,2026-09-26T04:00:00Z,ทองผาภูมิ,851,0.017,0.946,0.0611,,15,True
1790395200,2026-09-26T04:00:00Z,สังขละบุรี,793,0.005,0.288,0.0429,,75,True
1790395200,2026-09-26T04:00:00Z,หนองม่วงไข่,35,0.0,0.0,0.0,,,True
1790395200,2026-09-26T04:00:00Z,ภูเวียง,81,0.0,0.0,0.0,,,True
1790395200,2026-09-26T04:00:00Z,มัญจาคีรี,50,0.0,0.0,0.0,,,True
1790395200,2026-09-26T04:00:00Z,หนองปรือ,104,0.0,0.0,0.0,,,True
1790395200,2026-09-26T04:00:00Z,เลาขวัญ,123,0.0,0.0,0.0,,,True
1790395200,2026-09-26T04:00:00Z,หนองนาคำ,43,0.0,0.0,0.0,,,True
1790395200,2026-09-26T04:00:00Z,โคกโพธิ์ไชย,65,0.0,0.0,0.0,,,True
1790395200,2026-09-26T04:00:00Z,บ้านหลวง,91,0.0,0.0,0.0,,,True
1790395200,2026-09-26T04:00:00Z,นาน้อย,266,0.0,0.0,0.0,,,True
1790395200,2026-09-26T04:00:00Z,ภูผาม่าน,74,0.0,0.0,0.0,,,True
1790395200,2026-09-26T04:00:00Z,เมืองน่าน,161,0.0,0.0,0.0,,,True
1790395200,2026-09-26T04:00:00Z,แม่จริม,262,0.0,0.0,0.0,,,True
1790395200,2026-09-26T04:00:00Z,เวียงเก่า,78,0.0,0.0,0.0,,,True
1790395200,2026-09-26T04:00:00Z,เมืองกำแพงเพชร,368,0.0,0.0,0.0,,,True
1790395200,2026-09-26T04:00:00Z,ไทรงาม,133,0.0,0.0,0.0,,,True
1790395200,2026-09-26T04:00:00Z,ปางศิลาทอง,186,0.0,0.0,0.0,,,True
1790395200,2026-09-26T04:00:00Z,ลานกระบือ,103,0.0,0.0,0.0,,,True
1790395200,2026-09-26T04:00:00Z,ทรายทองวัฒนา,53,0.0,0.0,0.0,,,True
1790395200,2026-09-26T04:00:00Z,คลองขลุง,179,0.0,0.0,0.0,,,True
1790395200,2026-09-26T04:00:00Z,พรานกระต่าย,252,0.0,0.098,0.004,,120,True
1790395200,2026-09-26T04:00:00Z,คลองลาน,363,0.0,0.0,0.0,,,True
1790395200,2026-09-26T04:00:00Z,ขาณุวรลักษบุรี,296,0.0,0.0,0.0,,,True
1790395200,2026-09-26T04:00:00Z,ภูเพียง,113,0.0,0.0,0.0,,,True
1790395200,2026-09-26T04:00:00Z,นาหมื่น,245,0.0,0.0,0.0,,,True
1790395200,2026-09-26T04:00:00Z,เวียงสา,543,0.0,0.0,0.0,,,True
1790395200,2026-09-26T04:00:00Z,น้ำโสม,153,0.0,0.0,0.0,,,True
1790395200,2026-09-26T04:00:00Z,นายูง,126,0.0,0.0,0.0,,,True
1790395200,2026-09-26T04:00:00Z,ชุมแพ,173,0.0,0.0,0.0,,,True
1790395200,2026-09-26T04:00:00Z,สีชมพู,132,0.0,0.0,0.0,,,True
1790395200,2026-09-26T04:00:00Z,สุวรรณคูหา,140,0.0,0.0,0.0,,,True
1790395200,2026-09-26T04:00:00Z,นาวัง,65,0.0,0.0,0.0,,,True
1790395200,2026-09-26T04:00:00Z,หนองเรือ,80,0.0,0.0,0.0,,,True
1790395200,2026-09-26T04:00:00Z,โนนสัง,51,0.0,0.0,0.0,,,True
1790395200,2026-09-26T04:00:00Z,ศรีบุญเรือง,224,0.0,0.0,0.0,,,True
1790395200,2026-09-26T04:00:00Z,เมืองหนองบัวลำภู,217,0.0,0.0,0.0,,,True
1790395200,2026-09-26T04:00:00Z,นากลาง,173,0.0,0.0,0.0,,,True
1790395200,2026-09-26T04:00:00Z,ทุ่งเสลี่ยม,144,0.0,0.0,0.0,,,True
1790395200,2026-09-26T04:00:00Z,ดอยหล่อ,56,0.0,0.0,0.0,,,True
1790395200,2026-09-26T04:00:00Z,เมืองตาก,486,0.0,0.0,0.0,,,True
1790395200,2026-09-26T04:00:00Z,แม่ออน,116,0.0,0.0,0.0,,,True
1790395200,2026-09-26T04:00:00Z,อุ้มผาง,1209,0.003,0.288,0.0199,,30,True
1790395200,2026-09-26T04:00:00Z,วังเจ้า,183,0.0,0.0,0.0,,,True
1790395200,2026-09-26T04:00:00Z,แม่สอด,398,0.001,0.098,0.0151,,30,True
1790395200,2026-09-26T04:00:00Z,พบพระ,249,0.0,0.0,0.0,,,True
1790395200,2026-09-26T04:00:00Z,แม่ระมาด,380,0.0,0.0,0.0,,,True
1790395200,2026-09-26T04:00:00Z,ท่าสองยาง,401,0.0,0.0,0.0,,,True
1790395200,2026-09-26T04:00:00Z,บ้านตาก,255,0.0,0.0,0.0,,,True
1790395200,2026-09-26T04:00:00Z,สามเงา,698,0.0,0.0,0.0,,,True
1790395200,2026-09-26T04:00:00Z,จอมทอง,280,0.0,0.0,0.0,,,True
1790395200,2026-09-26T04:00:00Z,แก้งสนามนาง,79,0.0,0.0,0.0,,,True
1790395200,2026-09-26T04:00:00Z,สีคิ้ว,292,0.0,0.0,0.0,,,True
1790395200,2026-09-26T04:00:00Z,พระทองคำ,90,0.0,0.0,0.0,,,True
1790395200,2026-09-26T04:00:00Z,เทพารักษ์,92,0.039,0.196,0.3913,30,15,True
1790395200,2026-09-26T04:00:00Z,สันกำแพง,65,0.0,0.0,0.0,,,True
1790395200,2026-09-26T04:00:00Z,สันป่าตอง,44,0.0,0.0,0.0,,,True
1790395200,2026-09-26T04:00:00Z,ดอยเต่า,213,0.0,0.0,0.0,,,True
1790395200,2026-09-26T04:00:00Z,อมก๋อย,704,0.0,0.0,0.0,,,True
1790395200,2026-09-26T04:00:00Z,ฮอด,378,0.0,0.0,0.0,,,True
1790395200,2026-09-26T04:00:00Z,เมืองลำพูน,117,0.0,0.0,0.0,,,True
1790395200,2026-09-26T04:00:00Z,แม่ทา,192,0.0,0.0,0.0,,,True
1790395200,2026-09-26T04:00:00Z,บ้านธิ,34,0.0,0.0,0.0,,,True
1790395200,2026-09-26T04:00:00Z,บ้านหมอ,24,0.0,0.0,0.0,,,True
1790395200,2026-09-26T04:00:00Z,เวียงหนองล่อง,14,0.0,0.0,0.0,,,True
1790395200,2026-09-26T04:00:00Z,ทุ่งหัวช้าง,113,0.0,0.0,0.0,,,True
1790395200,2026-09-26T04:00:00Z,ป่าซาง,74,0.0,0.0,0.0,,,True
1790395200,2026-09-26T04:00:00Z,บ้านโฮ่ง,124,0.0,0.0,0.0,,,True
1790395200,2026-09-26T04:00:00Z,แก่งคอย,73,0.0,0.0,0.0,,,True
1790395200,2026-09-26T04:00:00Z,ลี้,454,0.0,0.0,0.0,,,True
1790395200,2026-09-26T04:00:00Z,พระพุทธบาท,55,0.0,0.0,0.0,,,True
1790395200,2026-09-26T04:00:00Z,ดอนพุด,7,0.0,0.0,0.0,,,True
1790395200,2026-09-26T04:00:00Z,หนองโดน,31,0.0,0.0,0.0,,,True
1790395200,2026-09-26T04:00:00Z,เมืองลำปาง,300,0.0,0.0,0.0,,,True
1790395200,2026-09-26T04:00:00Z,เถิน,443,0.0,0.0,0.0,,,True
1790395200,2026-09-26T04:00:00Z,แม่พริก,167,0.0,0.0,0.0,,,True
1790395200,2026-09-26T04:00:00Z,แจ้ห่ม,274,0.0,0.0,0.0,,,True
1790395200,2026-09-26T04:00:00Z,แม่เปิน,85,0.0,0.0,0.0,,,True
1790395200,2026-09-26T04:00:00Z,เสริมงาม,185,0.0,0.0,0.0,,,True
1790395200,2026-09-26T04:00:00Z,ชุมตาบง,61,0.0,0.0,0.0,,,True
1790395200,2026-09-26T04:00:00Z,งาว,344,0.0,0.0,0.0,,,True
1790395200,2026-09-26T04:00:00Z,ตากฟ้า,125,0.034,0.294,0.28,30,15,True
1790395200,2026-09-26T04:00:00Z,แม่เมาะ,283,0.0,0.0,0.0,,,True
1790395200,2026-09-26T04:00:00Z,แม่วงก์,257,0.0,0.0,0.0,,,True
1790395200,2026-09-26T04:00:00Z,เกาะคา,128,0.0,0.0,0.0,,,True
1790395200,2026-09-26T04:00:00Z,พยุหะคีรี,169,0.026,0.196,0.2367,75,45,True
1790395200,2026-09-26T04:00:00Z,ลาดยาว,187,0.0,0.0,0.0,,,True
1790395200,2026-09-26T04:00:00Z,สบปราบ,125,0.0,0.0,0.0,,,True
1790395200,2026-09-26T04:00:00Z,ห้างฉัตร,154,0.0,0.0,0.0,,,True
1790395200,2026-09-26T04:00:00Z,แม่ทะ,203,0.0,0.0,0.0,,,True
1790395200,2026-09-26T04:00:00Z,เมืองปาน,202,0.0,0.0,0.0,,,True
1790395200,2026-09-26T04:00:00Z,เมืองอ่างทอง,6,0.0,0.0,0.0,,,True
1790395200,2026-09-26T04:00:00Z,ไชโย,20,0.0,0.0,0.0,,,True
1790395200,2026-09-26T04:00:00Z,สามโก้,10,0.0,0.0,0.0,,,True
1790395200,2026-09-26T04:00:00Z,แสวงหา,43,0.0,0.0,0.0,,,True
1790395200,2026-09-26T04:00:00Z,วิเศษชัยชาญ,7,0.0,0.0,0.0,,,True
1790395200,2026-09-26T04:00:00Z,โพธิ์ทอง,48,0.0,0.0,0.0,,,True
1790395200,2026-09-26T04:00:00Z,เมืองลพบุรี,190,0.0,0.0,0.0,,,True
1790395200,2026-09-26T04:00:00Z,เดิมบางนางบวช,130,0.0,0.0,0.0,,,True
1790395200,2026-09-26T04:00:00Z,ด่านช้าง,309,0.0,0.0,0.0,,,True
1790395200,2026-09-26T04:00:00Z,หนองม่วง,111,0.014,0.098,0.1441,90,45,True
1790395200,2026-09-26T04:00:00Z,ลำสนธิ,136,0.009,0.098,0.0882,,75,True
1790395200,2026-09-26T04:00:00Z,สามชุก,77,0.0,0.0,0.0,,,True
1790395200,2026-09-26T04:00:00Z,ดอนเจดีย์,72,0.0,0.0,0.0,,,True
1790395200,2026-09-26T04:00:00Z,สระโบสถ์,83,0.006,0.098,0.0602,,45,True
1790395200,2026-09-26T04:00:00Z,ศรีประจันต์,41,0.0,0.0,0.0,,,True
1790395200,2026-09-26T04:00:00Z,โคกเจริญ,135,0.012,0.098,0.1259,60,15,True
1790395200,2026-09-26T04:00:00Z,บ้านหมี่,136,0.006,0.098,0.0588,,90,True
1790395200,2026-09-26T04:00:00Z,ท่าหลวง,100,0.0,0.0,0.0,,,True
1790395200,2026-09-26T04:00:00Z,ชัยบาดาล,280,0.012,0.196,0.1107,120,15,True
1790395200,2026-09-26T04:00:00Z,ท่าวุ้ง,64,0.0,0.0,0.0,,,True
1790395200,2026-09-26T04:00:00Z,พัฒนานิคม,217,0.003,0.098,0.0323,,15,True
1790395200,2026-09-26T04:00:00Z,โคกสำโรง,180,0.01,0.098,0.1,90,30,True
1790395200,2026-09-26T04:00:00Z,หนองหญ้าไซ,108,0.0,0.0,0.0,,,True
1790395200,2026-09-26T04:00:00Z,ท่าช้าง,11,0.0,0.0,0.0,,,True
1790395200,2026-09-26T04:00:00Z,อินทร์บุรี,66,0.001,0.098,0.0152,,120,True
1790395200,2026-09-26T04:00:00Z,ค่ายบางระจัน,26,0.0,0.0,0.0,,,True
1790395200,2026-09-26T04:00:00Z,พรหมบุรี,19,0.0,0.0,0.0,,,True
1790395200,2026-09-26T04:00:00Z,เนินสง่า,65,0.0,0.0,0.0,,,True
1790395200,2026-09-26T04:00:00Z,เมืองสิงห์บุรี,31,0.0,0.0,0.0,,,True
1790395200,2026-09-26T04:00:00Z,ซับใหญ่,72,0.0,0.0,0.0,,,True
1790395200,2026-09-26T04:00:00Z,บางระจัน,46,0.0,0.0,0.0,,,True
1790395200,2026-09-26T04:00:00Z,ภูกระดึง,190,0.0,0.0,0.0,,,True
1790395200,2026-09-26T04:00:00Z,ภูหลวง,145,0.0,0.0,0.0,,,True
1790395200,2026-09-26T04:00:00Z,หนองหิน,78,0.0,0.0,0.0,,,True
1790395200,2026-09-26T04:00:00Z,ผาขาว,100,0.0,0.0,0.0,,,True
1790395200,2026-09-26T04:00:00Z,เอราวัณ,87,0.0,0.0,0.0,,,True
1790395200,2026-09-26T04:00:00Z,วังสะพุง,281,0.0,0.0,0.0,,,True
1790395200,2026-09-26T04:00:00Z,วังม่วง,70,0.0,0.0,0.0,,,True
1790395200,2026-09-26T04:00:00Z,เฉลิมพระเกียรติ,35,0.0,0.0,0.0,,,True
1790395200,2026-09-26T04:00:00Z,มวกเหล็ก,175,0.0,0.0,0.0,,,True
1790395200,2026-09-26T04:00:00Z,บ้านเขว้า,124,0.0,0.0,0.0,,,True
1790395200,2026-09-26T04:00:00Z,คอนสวรรค์,113,0.0,0.0,0.0,,,True
1790395200,2026-09-26T04:00:00Z,เมืองชัยภูมิ,358,0.0,0.0,0.0,,,True
1790395200,2026-09-26T04:00:00Z,วังทอง,425,0.0,0.0,0.0,,,True
1790395200,2026-09-26T04:00:00Z,เนินมะปราง,276,0.002,0.098,0.0181,,75,True
1790395200,2026-09-26T04:00:00Z,สวรรคโลก,156,0.0,0.0,0.0,,,True
1790395200,2026-09-26T04:00:00Z,ศรีนคร,46,0.0,0.0,0.0,,,True
1790395200,2026-09-26T04:00:00Z,หันคา,139,0.0,0.0,0.0,,,True
1790395200,2026-09-26T04:00:00Z,ศรีสัชนาลัย,534,0.0,0.0,0.0,,,True
1790395200,2026-09-26T04:00:00Z,หนองมะโมง,76,0.0,0.0,0.0,,,True
1790395200,2026-09-26T04:00:00Z,ศรีสำโรง,142,0.0,0.0,0.0,,,True
1790395200,2026-09-26T04:00:00Z,สรรพยา,55,0.0,0.0,0.0,,,True
1790395200,2026-09-26T04:00:00Z,คีรีมาศ,171,0.002,0.098,0.0175,,60,True
1790395200,2026-09-26T04:00:00Z,สรรคบุรี,89,0.0,0.0,0.0,,,True
1790395200,2026-09-26T04:00:00Z,กงไกรลาศ,108,0.001,0.098,0.0093,,15,True
1790395200,2026-09-26T04:00:00Z,มโนรมย์,66,0.0,0.0,0.0,,,True
1790395200,2026-09-26T04:00:00Z,เมืองสุโขทัย,136,0.001,0.098,0.0074,,45,True
1790395200,2026-09-26T04:00:00Z,วัดสิงห์,67,0.0,0.0,0.0,,,True
1790395200,2026-09-26T04:00:00Z,บ้านด่านลานหอย,231,0.0,0.0,0.0,,,True
1790395200,2026-09-26T04:00:00Z,เมืองชัยนาท,70,0.0,0.0,0.0,,,True
1790395200,2026-09-26T04:00:00Z,เนินขาม,65,0.0,0.0,0.0,,,True
1790395200,2026-09-26T04:00:00Z,คอนสาร,334,0.0,0.0,0.0,,,True
1790395200,2026-09-26T04:00:00Z,ภักดีชุมพล,154,0.0,0.0,0.0,,,True
1790395200,2026-09-26T04:00:00Z,บ้านแท่น,76,0.0,0.0,0.0,,,True
1790395200,2026-09-26T04:00:00Z,แก้งคร้อ,168,0.0,0.0,0.0,,,True
1790395200,2026-09-26T04:00:00Z,ภูเขียว,201,0.0,0.0,0.0,,,True
1790395200,2026-09-26T04:00:00Z,หนองบัวระเหว,179,0.0,0.0,0.0,,,True
1790395200,2026-09-26T04:00:00Z,เทพสถิต,239,0.002,0.098,0.0167,,60,True
1790395200,2026-09-26T04:00:00Z,จัตุรัส,172,0.0,0.0,0.0,,,True
1790395200,2026-09-26T04:00:00Z,บำเหน็จณรงค์,120,0.0,0.0,0.0,,,True
1790395200,2026-09-26T04:00:00Z,เกษตรสมบูรณ์,268,0.0,0.0,0.0,,,True
1790395200,2026-09-26T04:00:00Z,หนองบัวแดง,537,0.0,0.0,0.0,,,True
1790395200,2026-09-26T04:00:00Z,ภูเรือ,168,0.0,0.0,0.0,,,True
1790395200,2026-09-26T04:00:00Z,ท่าลี่,171,0.0,0.0,0.0,,,True
1790395200,2026-09-26T04:00:00Z,วชิรบารมี,68,0.0,0.0,0.0,,,True
1790395200,2026-09-26T04:00:00Z,ด่านซ้าย,341,0.0,0.0,0.0,,,True
1790395200,2026-09-26T04:00:00Z,นาแห้ว,153,0.0,0.0,0.0,,,True
1790395200,2026-09-26T04:00:00Z,บึงนาราง,74,0.0,0.0,0.0,,,True
1790395200,2026-09-26T04:00:00Z,เชียงคาน,213,0.0,0.0,0.0,,,True
1790395200,2026-09-26T04:00:00Z,ดงเจริญ,56,0.0,0.0,0.0,,,True
1790395200,2026-09-26T04:00:00Z,ปากชม,240,0.0,0.0,0.0,,,True
1790395200,2026-09-26T04:00:00Z,เมืองเลย,314,0.0,0.0,0.0,,,True
1790395200,2026-09-26T04:00:00Z,นาด้วง,143,0.0,0.0,0.0,,,True
1790395200,2026-09-26T04:00:00Z,สากเหล็ก,45,0.0,0.0,0.0,,,True
1790395200,2026-09-26T04:00:00Z,สามง่าม,89,0.0,0.0,0.0,,,True
1790395200,2026-09-26T04:00:00Z,ทับคล้อ,104,0.0,0.0,0.0,,,True
1790395200,2026-09-26T04:00:00Z,พรหมพิราม,206,0.0,0.0,0.0,,,True
1790395200,2026-09-26T04:00:00Z,ด่านขุนทด,344,0.003,0.196,0.032,,15,True
1790395200,2026-09-26T04:00:00Z,วัดโบสถ์,226,0.0,0.0,0.0,,,True
1790395200,2026-09-26T04:00:00Z,บางระกำ,246,0.0,0.0,0.0,,,True
1790395200,2026-09-26T04:00:00Z,บางกระทุ่ม,91,0.0,0.0,0.0,,,True
1790395200,2026-09-26T04:00:00Z,นครไทย,597,0.0,0.0,0.0,,,True
1790395200,2026-09-26T04:00:00Z,ชาติตระการ,415,0.0,0.0,0.0,,,True
1790395200,2026-09-26T04:00:00Z,บ้านเหลื่อม,55,0.0,0.0,0.0,,,True
1790395200,2026-09-26T04:00:00Z,เมืองพิษณุโลก,178,0.0,0.0,0.0,,,True
1790395200,2026-09-26T04:00:00Z,ชุมแสง,145,0.0,0.0,0.0,,,True
1790395200,2026-09-26T04:00:00Z,หนองบัว,208,0.0,0.0,0.0,,,True
1790395200,2026-09-26T04:00:00Z,เมืองนครสวรรค์,183,0.0,0.0,0.0,,,True
1790395200,2026-09-26T04:00:00Z,โกรกพระ,71,0.0,0.0,0.0,,,True
1790395200,2026-09-26T04:00:00Z,ไพศาลี,244,0.004,0.196,0.041,,15,True
1790395200,2026-09-26T04:00:00Z,ตาคลี,206,0.004,0.196,0.034,,45,True
1790395200,2026-09-26T04:00:00Z,ท่าตะโก,211,0.004,0.098,0.0379,,15,True
1790395200,2026-09-26T04:00:00Z,เขาค้อ,207,0.0,0.0,0.0,,,True
1790395200,2026-09-26T04:00:00Z,บรรพตพิสัย,181,0.0,0.0,0.0,,,True
1790395200,2026-09-26T04:00:00Z,เก้าเลี้ยว,57,0.0,0.0,0.0,,,True
1790395200,2026-09-26T04:00:00Z,วังโป่ง,123,0.002,0.098,0.0163,,60,True
1790395200,2026-09-26T04:00:00Z,บึงสามพัน,194,0.0,0.0,0.0,,,True
1790395200,2026-09-26T04:00:00Z,น้ำหนาว,231,0.0,0.0,0.0,,,True
1790395200,2026-09-26T04:00:00Z,ศรีเทพ,204,0.006,0.196,0.0539,,15,True
1790395200,2026-09-26T04:00:00Z,หนองไผ่,315,0.0,0.0,0.0,,,True
1790395200,2026-09-26T04:00:00Z,มหาราช,4,0.0,0.0,0.0,,,False
1790395200,2026-09-26T04:00:00Z,บ้านแพรก,10,0.0,0.0,0.0,,,True
1790395200,2026-09-26T04:00:00Z,บางมูลนาก,99,0.0,0.0,0.0,,,True
1790395200,2026-09-26T04:00:00Z,โพทะเล,131,0.0,0.0,0.0,,,True
1790395200,2026-09-26T04:00:00Z,โพธิ์ประทับช้าง,102,0.0,0.0,0.0,,,True
1790395200,2026-09-26T04:00:00Z,ตะพานหิน,109,0.0,0.0,0.0,,,True
1790395200,2026-09-26T04:00:00Z,เมืองพิจิตร,138,0.001,0.098,0.0072,,120,True
1790395200,2026-09-26T04:00:00Z,วังทรายพูน,66,0.001,0.098,0.0152,,120,True
1790396100,2026-09-26T04:15:00Z,พิชัย,176,0.0,0.0,0.0,,,True
1790396100,2026-09-26T04:15:00Z,ลับแล,116,0.0,0.0,0.0,,,True
1790396100,2026-09-26T04:15:00Z,ฟากท่า,163,0.0,0.0,0.0,,,True
1790396100,2026-09-26T04:15:00Z,บ้านโคก,247,0.0,0.0,0.0,,,True
1790396100,2026-09-26T04:15:00Z,ท่าปลา,442,0.0,0.0,0.0,,,True
1790396100,2026-09-26T04:15:00Z,น้ำปาด,363,0.0,0.0,0.0,,,True
1790396100,2026-09-26T04:15:00Z,เมืองอุตรดิตถ์,202,0.0,0.0,0.0,,,True
1790396100,2026-09-26T04:15:00Z,ตรอน,80,0.0,0.0,0.0,,,True
1790396100,2026-09-26T04:15:00Z,หล่มเก่า,246,0.0,0.0,0.0,,,True
1790396100,2026-09-26T04:15:00Z,วิเชียรบุรี,377,0.0,0.0,0.0,,,True
1790396100,2026-09-26T04:15:00Z,ชนแดน,279,0.0,0.098,0.0036,,45,True
1790396100,2026-09-26T04:15:00Z,หล่มสัก,350,0.0,0.0,0.0,,,True
1790396100,2026-09-26T04:15:00Z,เมืองเพชรบูรณ์,571,0.001,0.098,0.007,,15,True
1790396100,2026-09-26T04:15:00Z,ทองแสนขัน,185,0.0,0.0,0.0,,,True
1790396100,2026-09-26T04:15:00Z,บึงสามัคคี,71,0.0,0.0,0.0,,,True
1790396100,2026-09-26T04:15:00Z,โกสัมพีนคร,137,0.0,0.0,0.0,,,True
1790396100,2026-09-26T04:15:00Z,สอง,380,0.0,0.0,0.0,,,True
1790396100,2026-09-26T04:15:00Z,วังชิ้น,255,0.0,0.0,0.0,,,True
1790396100,2026-09-26T04:15:00Z,สูงเม่น,88,0.0,0.0,0.0,,,True
1790396100,2026-09-26T04:15:00Z,เด่นชัย,135,0.0,0.0,0.0,,,True
1790396100,2026-09-26T04:15:00Z,ร้องกวาง,221,0.0,0.0,0.0,,,True
1790396100,2026-09-26T04:15:00Z,ลอง,317,0.0,0.0,0.0,,,True
1790396100,2026-09-26T04:15:00Z,เมืองแพร่,205,0.0,0.0,0.0,,,True
1790396100,2026-09-26T04:15:00Z,ทัพทัน,94,0.0,0.0,0.0,,,True
1790396100,2026-09-26T04:15:00Z,สว่างอารมณ์,110,0.0,0.0,0.0,,,True
1790396100,2026-09-26T04:15:00Z,เมืองอุทัยธานี,59,0.008,0.098,0.0847,,75,True
1790396100,2026-09-26T04:15:00Z,ห้วยคต,94,0.0,0.0,0.0,,,True
1790396100,2026-09-26T04:15:00Z,ศรีสวัสดิ์,440,0.0,0.0,0.0,,,True
1790396100,2026-09-26T04:15:00Z,บ้านไร่,821,0.022,0.69,0.1133,45,15,True
1790396100,2026-09-26T04:15:00Z,ลานสัก,360,0.0,0.098,0.0028,,15,True
1790396100,2026-09-26T04:15:00Z,หนองฉาง,89,0.003,0.098,0.0337,,120,True
1790396100,2026-09-26T04:15:00Z,หนองขาหย่าง,43,0.005,0.098,0.0465,,105,True
1790396100,2026-09-26T04:15:00Z,เชียงม่วน,82,0.0,0.0,0.0,,,True
1790396100,2026-09-26T04:15:00Z,ดอกคำใต้,37,0.0,0.0,0.0,,,True
1790396100,2026-09-26T04:15:00Z,เมืองพะเยา,6,0.0,0.0,0.0,,,True
1790396100,2026-09-26T04:15:00Z,ทองผาภูมิ,851,0.021,0.69,0.0846,,30,True
1790396100,2026-09-26T04:15:00Z,สังขละบุรี,793,0.008,0.201,0.0681,,60,True
1790396100,2026-09-26T04:15:00Z,หนองม่วงไข่,35,0.0,0.0,0.0,,,True
1790396100,2026-09-26T04:15:00Z,ภูเวียง,81,0.0,0.0,0.0,,,True
1790396100,2026-09-26T04:15:00Z,มัญจาคีรี,50,0.0,0.0,0.0,,,True
1790396100,2026-09-26T04:15:00Z,หนองปรือ,104,0.0,0.0,0.0,,,True
1790396100,2026-09-26T04:15:00Z,เลาขวัญ,123,0.0,0.0,0.0,,,True
1790396100,2026-09-26T04:15:00Z,หนองนาคำ,43,0.0,0.0,0.0,,,True
1790396100,2026-09-26T04:15:00Z,โคกโพธิ์ไชย,65,0.0,0.0,0.0,,,True
1790396100,2026-09-26T04:15:00Z,บ้านหลวง,91,0.0,0.0,0.0,,,True
1790396100,2026-09-26T04:15:00Z,นาน้อย,266,0.0,0.0,0.0,,,True
1790396100,2026-09-26T04:15:00Z,ภูผาม่าน,74,0.0,0.0,0.0,,,True
1790396100,2026-09-26T04:15:00Z,เมืองน่าน,161,0.0,0.0,0.0,,,True
1790396100,2026-09-26T04:15:00Z,แม่จริม,262,0.0,0.0,0.0,,,True
1790396100,2026-09-26T04:15:00Z,เวียงเก่า,78,0.0,0.0,0.0,,,True
1790396100,2026-09-26T04:15:00Z,เมืองกำแพงเพชร,368,0.0,0.0,0.0,,,True
1790396100,2026-09-26T04:15:00Z,ไทรงาม,133,0.0,0.0,0.0,,,True
1790396100,2026-09-26T04:15:00Z,ปางศิลาทอง,186,0.001,0.098,0.0054,,60,True
1790396100,2026-09-26T04:15:00Z,ลานกระบือ,103,0.001,0.098,0.0097,,120,True
1790396100,2026-09-26T04:15:00Z,ทรายทองวัฒนา,53,0.0,0.0,0.0,,,True
1790396100,2026-09-26T04:15:00Z,คลองขลุง,179,0.0,0.0,0.0,,,True
1790396100,2026-09-26T04:15:00Z,พรานกระต่าย,252,0.002,0.098,0.0159,,105,True
1790396100,2026-09-26T04:15:00Z,คลองลาน,363,0.0,0.0,0.0,,,True
1790396100,2026-09-26T04:15:00Z,ขาณุวรลักษบุรี,296,0.001,0.098,0.0135,,15,True
1790396100,2026-09-26T04:15:00Z,ภูเพียง,113,0.0,0.0,0.0,,,True
1790396100,2026-09-26T04:15:00Z,นาหมื่น,245,0.0,0.0,0.0,,,True
1790396100,2026-09-26T04:15:00Z,เวียงสา,543,0.0,0.0,0.0,,,True
1790396100,2026-09-26T04:15:00Z,น้ำโสม,153,0.0,0.0,0.0,,,True
1790396100,2026-09-26T04:15:00Z,นายูง,126,0.0,0.0,0.0,,,True
1790396100,2026-09-26T04:15:00Z,ชุมแพ,173,0.0,0.0,0.0,,,True
1790396100,2026-09-26T04:15:00Z,สีชมพู,132,0.0,0.0,0.0,,,True
1790396100,2026-09-26T04:15:00Z,สุวรรณคูหา,140,0.0,0.0,0.0,,,True
1790396100,2026-09-26T04:15:00Z,นาวัง,65,0.0,0.0,0.0,,,True
1790396100,2026-09-26T04:15:00Z,หนองเรือ,80,0.0,0.0,0.0,,,True
1790396100,2026-09-26T04:15:00Z,โนนสัง,51,0.0,0.0,0.0,,,True
1790396100,2026-09-26T04:15:00Z,ศรีบุญเรือง,224,0.0,0.0,0.0,,,True
1790396100,2026-09-26T04:15:00Z,เมืองหนองบัวลำภู,217,0.0,0.0,0.0,,,True
1790396100,2026-09-26T04:15:00Z,นากลาง,173,0.0,0.0,0.0,,,True
1790396100,2026-09-26T04:15:00Z,ทุ่งเสลี่ยม,144,0.0,0.0,0.0,,,True
1790396100,2026-09-26T04:15:00Z,ดอยหล่อ,56,0.0,0.0,0.0,,,True
1790396100,2026-09-26T04:15:00Z,เมืองตาก,486,0.001,0.098,0.0082,,120,True
1790396100,2026-09-26T04:15:00Z,แม่ออน,116,0.0,0.0,0.0,,,True
1790396100,2026-09-26T04:15:00Z,อุ้มผาง,1209,0.006,0.201,0.0438,,15,True
1790396100,2026-09-26T04:15:00Z,วังเจ้า,183,0.0,0.0,0.0,,,True
1790396100,2026-09-26T04:15:00Z,แม่สอด,398,0.001,0.098,0.0101,,15,True
1790396100,2026-09-26T04:15:00Z,พบพระ,249,0.0,0.0,0.0,,,True
1790396100,2026-09-26T04:15:00Z,แม่ระมาด,380,0.0,0.0,0.0,,,True
1790396100,2026-09-26T04:15:00Z,ท่าสองยาง,401,0.001,0.098,0.0075,,90,True
1790396100,2026-09-26T04:15:00Z,บ้านตาก,255,0.0,0.0,0.0,,,True
1790396100,2026-09-26T04:15:00Z,สามเงา,698,0.0,0.098,0.0029,,15,True
1790396100,2026-09-26T04:15:00Z,จอมทอง,280,0.0,0.0,0.0,,,True
1790396100,2026-09-26T04:15:00Z,แก้งสนามนาง,79,0.0,0.0,0.0,,,True
1790396100,2026-09-26T04:15:00Z,สีคิ้ว,292,0.0,0.0,0.0,,,True
1790396100,2026-09-26T04:15:00Z,พระทองคำ,90,0.0,0.0,0.0,,,True
1790396100,2026-09-26T04:15:00Z,เทพารักษ์,92,0.098,0.397,0.6413,30,15,True
1790396100,2026-09-26T04:15:00Z,สันกำแพง,65,0.0,0.0,0.0,,,True
1790396100,2026-09-26T04:15:00Z,สันป่าตอง,44,0.0,0.0,0.0,,,True
1790396100,2026-09-26T04:15:00Z,ดอยเต่า,213,0.0,0.0,0.0,,,True
1790396100,2026-09-26T04:15:00Z,อมก๋อย,704,0.001,0.098,0.0085,,45,True
1790396100,2026-09-26T04:15:00Z,ฮอด,378,0.0,0.0,0.0,,,True
1790396100,2026-09-26T04:15:00Z,เมืองลำพูน,117,0.0,0.0,0.0,,,True
1790396100,2026-09-26T04:15:00Z,แม่ทา,192,0.0,0.0,0.0,,,True
1790396100,2026-09-26T04:15:00Z,บ้านธิ,34,0.0,0.0,0.0,,,True
1790396100,2026-09-26T04:15:00Z,บ้านหมอ,24,0.0,0.0,0.0,,,True
1790396100,2026-09-26T04:15:00Z,เวียงหนองล่อง,14,0.0,0.0,0.0,,,True
1790396100,2026-09-26T04:15:00Z,ทุ่งหัวช้าง,113,0.0,0.0,0.0,,,True
1790396100,2026-09-26T04:15:00Z,ป่าซาง,74,0.0,0.0,0.0,,,True
1790396100,2026-09-26T04:15:00Z,บ้านโฮ่ง,124,0.0,0.0,0.0,,,True
1790396100,2026-09-26T04:15:00Z,แก่งคอย,73,0.0,0.0,0.0,,,True
1790396100,2026-09-26T04:15:00Z,ลี้,454,0.0,0.0,0.0,,,True
1790396100,2026-09-26T04:15:00Z,พระพุทธบาท,55,0.0,0.0,0.0,,,True
1790396100,2026-09-26T04:15:00Z,ดอนพุด,7,0.0,0.0,0.0,,,True
1790396100,2026-09-26T04:15:00Z,หนองโดน,31,0.0,0.0,0.0,,,True
1790396100,2026-09-26T04:15:00Z,เมืองลำปาง,300,0.0,0.0,0.0,,,True
1790396100,2026-09-26T04:15:00Z,เถิน,443,0.0,0.0,0.0,,,True
1790396100,2026-09-26T04:15:00Z,แม่พริก,167,0.0,0.0,0.0,,,True
1790396100,2026-09-26T04:15:00Z,แจ้ห่ม,274,0.0,0.0,0.0,,,True
1790396100,2026-09-26T04:15:00Z,แม่เปิน,85,0.0,0.0,0.0,,,True
1790396100,2026-09-26T04:15:00Z,เสริมงาม,185,0.0,0.0,0.0,,,True
1790396100,2026-09-26T04:15:00Z,ชุมตาบง,61,0.0,0.0,0.0,,,True
1790396100,2026-09-26T04:15:00Z,งาว,344,0.0,0.0,0.0,,,True
1790396100,2026-09-26T04:15:00Z,ตากฟ้า,125,0.005,0.098,0.056,,15,True
1790396100,2026-09-26T04:15:00Z,แม่เมาะ,283,0.0,0.0,0.0,,,True
1790396100,2026-09-26T04:15:00Z,แม่วงก์,257,0.002,0.098,0.0233,,15,True
1790396100,2026-09-26T04:15:00Z,เกาะคา,128,0.0,0.0,0.0,,,True
1790396100,2026-09-26T04:15:00Z,พยุหะคีรี,169,0.004,0.098,0.0414,,45,True
1790396100,2026-09-26T04:15:00Z,ลาดยาว,187,0.0,0.0,0.0,,,True
1790396100,2026-09-26T04:15:00Z,สบปราบ,125,0.0,0.0,0.0,,,True
1790396100,2026-09-26T04:15:00Z,ห้างฉัตร,154,0.0,0.0,0.0,,,True
1790396100,2026-09-26T04:15:00Z,แม่ทะ,203,0.0,0.0,0.0,,,True
1790396100,2026-09-26T04:15:00Z,เมืองปาน,202,0.0,0.0,0.0,,,True
1790396100,2026-09-26T04:15:00Z,เมืองอ่างทอง,6,0.0,0.0,0.0,,,True
1790396100,2026-09-26T04:15:00Z,ไชโย,20,0.0,0.0,0.0,,,True
1790396100,2026-09-26T04:15:00Z,สามโก้,10,0.0,0.0,0.0,,,True
1790396100,2026-09-26T04:15:00Z,แสวงหา,43,0.0,0.0,0.0,,,True
1790396100,2026-09-26T04:15:00Z,วิเศษชัยชาญ,7,0.0,0.0,0.0,,,True
1790396100,2026-09-26T04:15:00Z,โพธิ์ทอง,48,0.0,0.0,0.0,,,True
1790396100,2026-09-26T04:15:00Z,เมืองลพบุรี,190,0.001,0.098,0.0105,,45,True
1790396100,2026-09-26T04:15:00Z,เดิมบางนางบวช,130,0.0,0.0,0.0,,,True
1790396100,2026-09-26T04:15:00Z,ด่านช้าง,309,0.0,0.0,0.0,,,True
1790396100,2026-09-26T04:15:00Z,หนองม่วง,111,0.007,0.098,0.0721,,60,True
1790396100,2026-09-26T04:15:00Z,ลำสนธิ,136,0.026,0.397,0.1691,75,15,True
1790396100,2026-09-26T04:15:00Z,สามชุก,77,0.0,0.0,0.0,,,True
1790396100,2026-09-26T04:15:00Z,ดอนเจดีย์,72,0.0,0.0,0.0,,,True
1790396100,2026-09-26T04:15:00Z,สระโบสถ์,83,0.013,0.098,0.1325,120,30,True
1790396100,2026-09-26T04:15:00Z,ศรีประจันต์,41,0.0,0.0,0.0,,,True
1790396100,2026-09-26T04:15:00Z,โคกเจริญ,135,0.012,0.196,0.1111,120,15,True
1790396100,2026-09-26T04:15:00Z,บ้านหมี่,136,0.001,0.098,0.0147,,75,True
1790396100,2026-09-26T04:15:00Z,ท่าหลวง,100,0.0,0.0,0.0,,,True
1790396100,2026-09-26T04:15:00Z,ชัยบาดาล,280,0.026,0.397,0.175,105,15,True
1790396100,2026-09-26T04:15:00Z,ท่าวุ้ง,64,0.003,0.098,0.0312,,90,True
1790396100,2026-09-26T04:15:00Z,พัฒนานิคม,217,0.001,0.098,0.0138,,15,True
1790396100,2026-09-26T04:15:00Z,โคกสำโรง,180,0.001,0.098,0.0111,,15,True
1790396100,2026-09-26T04:15:00Z,หนองหญ้าไซ,108,0.0,0.0,0.0,,,True
1790396100,2026-09-26T04:15:00Z,ท่าช้าง,11,0.0,0.0,0.0,,,True
1790396100,2026-09-26T04:15:00Z,อินทร์บุรี,66,0.001,0.098,0.0152,,105,True
1790396100,2026-09-26T04:15:00Z,ค่ายบางระจัน,26,0.0,0.0,0.0,,,True
1790396100,2026-09-26T04:15:00Z,พรหมบุรี,19,0.005,0.098,0.0526,,120,True
1790396100,2026-09-26T04:15:00Z,เนินสง่า,65,0.0,0.0,0.0,,,True
1790396100,2026-09-26T04:15:00Z,เมืองสิงห์บุรี,31,0.0,0.0,0.0,,,True
1790396100,2026-09-26T04:15:00Z,ซับใหญ่,72,0.0,0.0,0.0,,,True
1790396100,2026-09-26T04:15:00Z,บางระจัน,46,0.0,0.0,0.0,,,True
1790396100,2026-09-26T04:15:00Z,ภูกระดึง,190,0.0,0.0,0.0,,,True
1790396100,2026-09-26T04:15:00Z,ภูหลวง,145,0.0,0.0,0.0,,,True
1790396100,2026-09-26T04:15:00Z,หนองหิน,78,0.0,0.0,0.0,,,True
1790396100,2026-09-26T04:15:00Z,ผาขาว,100,0.0,0.0,0.0,,,True
1790396100,2026-09-26T04:15:00Z,เอราวัณ,87,0.0,0.0,0.0,,,True
1790396100,2026-09-26T04:15:00Z,วังสะพุง,281,0.0,0.0,0.0,,,True
1790396100,2026-09-26T04:15:00Z,วังม่วง,70,0.0,0.0,0.0,,,True
1790396100,2026-09-26T04:15:00Z,เฉลิมพระเกียรติ,35,0.0,0.0,0.0,,,True
1790396100,2026-09-26T04:15:00Z,มวกเหล็ก,175,0.0,0.0,0.0,,,True
1790396100,2026-09-26T04:15:00Z,บ้านเขว้า,124,0.0,0.0,0.0,,,True
1790396100,2026-09-26T04:15:00Z,คอนสวรรค์,113,0.0,0.0,0.0,,,True
1790396100,2026-09-26T04:15:00Z,เมืองชัยภูมิ,358,0.0,0.0,0.0,,,True
1790396100,2026-09-26T04:15:00Z,วังทอง,425,0.0,0.098,0.0024,,30,True
1790396100,2026-09-26T04:15:00Z,เนินมะปราง,276,0.002,0.098,0.0181,,15,True
1790396100,2026-09-26T04:15:00Z,สวรรคโลก,156,0.0,0.0,0.0,,,True
1790396100,2026-09-26T04:15:00Z,ศรีนคร,46,0.0,0.0,0.0,,,True
1790396100,2026-09-26T04:15:00Z,หันคา,139,0.0,0.0,0.0,,,True
1790396100,2026-09-26T04:15:00Z,ศรีสัชนาลัย,534,0.0,0.0,0.0,,,True
1790396100,2026-09-26T04:15:00Z,หนองมะโมง,76,0.0,0.0,0.0,,,True
1790396100,2026-09-26T04:15:00Z,ศรีสำโรง,142,0.0,0.0,0.0,,,True
1790396100,2026-09-26T04:15:00Z,สรรพยา,55,0.0,0.0,0.0,,,True
1790396100,2026-09-26T04:15:00Z,คีรีมาศ,171,0.002,0.098,0.0234,,45,True
1790396100,2026-09-26T04:15:00Z,สรรคบุรี,89,0.0,0.0,0.0,,,True
1790396100,2026-09-26T04:15:00Z,กงไกรลาศ,108,0.005,0.098,0.0463,,15,True
1790396100,2026-09-26T04:15:00Z,มโนรมย์,66,0.001,0.098,0.0152,,75,True
1790396100,2026-09-26T04:15:00Z,เมืองสุโขทัย,136,0.001,0.098,0.0147,,30,True
1790396100,2026-09-26T04:15:00Z,วัดสิงห์,67,0.0,0.0,0.0,,,True
1790396100,2026-09-26T04:15:00Z,บ้านด่านลานหอย,231,0.002,0.098,0.0173,,75,True
1790396100,2026-09-26T04:15:00Z,เมืองชัยนาท,70,0.0,0.0,0.0,,,True
1790396100,2026-09-26T04:15:00Z,เนินขาม,65,0.0,0.0,0.0,,,True
1790396100,2026-09-26T04:15:00Z,คอนสาร,334,0.0,0.0,0.0,,,True
1790396100,2026-09-26T04:15:00Z,ภักดีชุมพล,154,0.0,0.0,0.0,,,True
1790396100,2026-09-26T04:15:00Z,บ้านแท่น,76,0.0,0.0,0.0,,,True
1790396100,2026-09-26T04:15:00Z,แก้งคร้อ,168,0.0,0.0,0.0,,,True
1790396100,2026-09-26T04:15:00Z,ภูเขียว,201,0.0,0.0,0.0,,,True
1790396100,2026-09-26T04:15:00Z,หนองบัวระเหว,179,0.0,0.0,0.0,,,True
1790396100,2026-09-26T04:15:00Z,เทพสถิต,239,0.005,0.201,0.0377,,45,True
1790396100,2026-09-26T04:15:00Z,จัตุรัส,172,0.0,0.0,0.0,,,True
1790396100,2026-09-26T04:15:00Z,บำเหน็จณรงค์,120,0.002,0.098,0.0167,,15,True
1790396100,2026-09-26T04:15:00Z,เกษตรสมบูรณ์,268,0.0,0.0,0.0,,,True
1790396100,2026-09-26T04:15:00Z,หนองบัวแดง,537,0.0,0.0,0.0,,,True
1790396100,2026-09-26T04:15:00Z,ภูเรือ,168,0.0,0.0,0.0,,,True
1790396100,2026-09-26T04:15:00Z,ท่าลี่,171,0.0,0.0,0.0,,,True
1790396100,2026-09-26T04:15:00Z,วชิรบารมี,68,0.006,0.098,0.0588,,90,True
1790396100,2026-09-26T04:15:00Z,ด่านซ้าย,341,0.0,0.0,0.0,,,True
1790396100,2026-09-26T04:15:00Z,นาแห้ว,153,0.0,0.0,0.0,,,True
1790396100,2026-09-26T04:15:00Z,บึงนาราง,74,0.0,0.0,0.0,,,True
1790396100,2026-09-26T04:15:00Z,เชียงคาน,213,0.0,0.0,0.0,,,True
1790396100,2026-09-26T04:15:00Z,ดงเจริญ,56,0.005,0.098,0.0536,,60,True
1790396100,2026-09-26T04:15:00Z,ปากชม,240,0.0,0.0,0.0,,,True
1790396100,2026-09-26T04:15:00Z,เมืองเลย,314,0.0,0.0,0.0,,,True
1790396100,2026-09-26T04:15:00Z,นาด้วง,143,0.0,0.0,0.0,,,True
1790396100,2026-09-26T04:15:00Z,สากเหล็ก,45,0.002,0.098,0.0222,,30,True
1790396100,2026-09-26T04:15:00Z,สามง่าม,89,0.002,0.098,0.0225,,90,True
1790396100,2026-09-26T04:15:00Z,ทับคล้อ,104,0.0,0.0,0.0,,,True
1790396100,2026-09-26T04:15:00Z,พรหมพิราม,206,0.0,0.0,0.0,,,True
1790396100,2026-09-26T04:15:00Z,ด่านขุนทด,344,0.009,0.201,0.0756,,15,True
1790396100,2026-09-26T04:15:00Z,วัดโบสถ์,226,0.0,0.0,0.0,,,True
1790396100,2026-09-26T04:15:00Z,บางระกำ,246,0.0,0.0,0.0,,,True
1790396100,2026-09-26T04:15:00Z,บางกระทุ่ม,91,0.006,0.098,0.0659,,45,True
1790396100,2026-09-26T04:15:00Z,นครไทย,597,0.0,0.0,0.0,,,True
1790396100,2026-09-26T04:15:00Z,ชาติตระการ,415,0.0,0.0,0.0,,,True
1790396100,2026-09-26T04:15:00Z,บ้านเหลื่อม,55,0.0,0.0,0.0,,,True
1790396100,2026-09-26T04:15:00Z,เมืองพิษณุโลก,178,0.0,0.0,0.0,,,True
1790396100,2026-09-26T04:15:00Z,ชุมแสง,145,0.0,0.0,0.0,,,True
1790396100,2026-09-26T04:15:00Z,หนองบัว,208,0.001,0.098,0.0096,,75,True
1790396100,2026-09-26T04:15:00Z,เมืองนครสวรรค์,183,0.0,0.0,0.0,,,True
1790396100,2026-09-26T04:15:00Z,โกรกพระ,71,0.0,0.0,0.0,,,True
1790396100,2026-09-26T04:15:00Z,ไพศาลี,244,0.0,0.0,0.0,,,True
1790396100,2026-09-26T04:15:00Z,ตาคลี,206,0.003,0.098,0.0291,,15,True
1790396100,2026-09-26T04:15:00Z,ท่าตะโก,211,0.0,0.0,0.0,,,True
1790396100,2026-09-26T04:15:00Z,เขาค้อ,207,0.0,0.0,0.0,,,True
1790396100,2026-09-26T04:15:00Z,บรรพตพิสัย,181,0.0,0.0,0.0,,,True
1790396100,2026-09-26T04:15:00Z,เก้าเลี้ยว,57,0.0,0.0,0.0,,,True
1790396100,2026-09-26T04:15:00Z,วังโป่ง,123,0.0,0.0,0.0,,,True
1790396100,2026-09-26T04:15:00Z,บึงสามพัน,194,0.0,0.0,0.0,,,True
1790396100,2026-09-26T04:15:00Z,น้ำหนาว,231,0.0,0.0,0.0,,,True
1790396100,2026-09-26T04:15:00Z,ศรีเทพ,204,0.014,0.196,0.1029,120,15,True
1790396100,2026-09-26T04:15:00Z,หนองไผ่,315,0.001,0.098,0.0063,,15,True
1790396100,2026-09-26T04:15:00Z,มหาราช,4,0.0,0.0,0.0,,,False
1790396100,2026-09-26T04:15:00Z,บ้านแพรก,10,0.0,0.0,0.0,,,True
1790396100,2026-09-26T04:15:00Z,บางมูลนาก,99,0.001,0.098,0.0101,,120,True
1790396100,2026-09-26T04:15:00Z,โพทะเล,131,0.0,0.0,0.0,,,True
1790396100,2026-09-26T04:15:00Z,โพธิ์ประทับช้าง,102,0.0,0.0,0.0,,,True
1790396100,2026-09-26T04:15:00Z,ตะพานหิน,109,0.0,0.0,0.0,,,True
1790396100,2026-09-26T04:15:00Z,เมืองพิจิตร,138,0.001,0.098,0.0145,,120,True
1790396100,2026-09-26T04:15:00Z,วังทรายพูน,66,0.001,0.098,0.0152,,105,True
1790397000,2026-09-26T04:30:00Z,พิชัย,176,0.0,0.0,0.0,,,True
1790397000,2026-09-26T04:30:00Z,ลับแล,116,0.0,0.0,0.0,,,True
1790397000,2026-09-26T04:30:00Z,ฟากท่า,163,0.0,0.0,0.0,,,True
1790397000,2026-09-26T04:30:00Z,บ้านโคก,247,0.0,0.0,0.0,,,True
1790397000,2026-09-26T04:30:00Z,ท่าปลา,442,0.0,0.0,0.0,,,True
1790397000,2026-09-26T04:30:00Z,น้ำปาด,363,0.0,0.0,0.0,,,True
1790397000,2026-09-26T04:30:00Z,เมืองอุตรดิตถ์,202,0.0,0.0,0.0,,,True
1790397000,2026-09-26T04:30:00Z,ตรอน,80,0.0,0.0,0.0,,,True
1790397000,2026-09-26T04:30:00Z,หล่มเก่า,246,0.0,0.0,0.0,,,True
1790397000,2026-09-26T04:30:00Z,วิเชียรบุรี,377,0.0,0.0,0.0,,,True
1790397000,2026-09-26T04:30:00Z,ชนแดน,279,0.0,0.0,0.0,,,True
1790397000,2026-09-26T04:30:00Z,หล่มสัก,350,0.0,0.0,0.0,,,True
1790397000,2026-09-26T04:30:00Z,เมืองเพชรบูรณ์,571,0.0,0.098,0.0035,,15,True
1790397000,2026-09-26T04:30:00Z,ทองแสนขัน,185,0.0,0.0,0.0,,,True
1790397000,2026-09-26T04:30:00Z,บึงสามัคคี,71,0.0,0.0,0.0,,,True
1790397000,2026-09-26T04:30:00Z,โกสัมพีนคร,137,0.0,0.0,0.0,,,True
1790397000,2026-09-26T04:30:00Z,สอง,380,0.0,0.0,0.0,,,True
1790397000,2026-09-26T04:30:00Z,วังชิ้น,255,0.0,0.0,0.0,,,True
1790397000,2026-09-26T04:30:00Z,สูงเม่น,88,0.0,0.0,0.0,,,True
1790397000,2026-09-26T04:30:00Z,เด่นชัย,135,0.0,0.0,0.0,,,True
1790397000,2026-09-26T04:30:00Z,ร้องกวาง,221,0.0,0.0,0.0,,,True
1790397000,2026-09-26T04:30:00Z,ลอง,317,0.0,0.0,0.0,,,True
1790397000,2026-09-26T04:30:00Z,เมืองแพร่,205,0.0,0.0,0.0,,,True
1790397000,2026-09-26T04:30:00Z,ทัพทัน,94,0.001,0.098,0.0106,,75,True
1790397000,2026-09-26T04:30:00Z,สว่างอารมณ์,110,0.0,0.0,0.0,,,True
1790397000,2026-09-26T04:30:00Z,เมืองอุทัยธานี,59,0.015,0.098,0.1525,45,30,True
1790397000,2026-09-26T04:30:00Z,ห้วยคต,94,0.001,0.098,0.0106,,120,True
1790397000,2026-09-26T04:30:00Z,ศรีสวัสดิ์,440,0.0,0.0,0.0,,,True
1790397000,2026-09-26T04:30:00Z,บ้านไร่,821,0.014,0.402,0.0901,,15,True
1790397000,2026-09-26T04:30:00Z,ลานสัก,360,0.003,0.098,0.0306,,15,True
1790397000,2026-09-26T04:30:00Z,หนองฉาง,89,0.015,0.196,0.1461,75,60,True
1790397000,2026-09-26T04:30:00Z,หนองขาหย่าง,43,0.009,0.098,0.093,,60,True
1790397000,2026-09-26T04:30:00Z,เชียงม่วน,82,0.0,0.0,0.0,,,True
1790397000,2026-09-26T04:30:00Z,ดอกคำใต้,37,0.0,0.0,0.0,,,True
1790397000,2026-09-26T04:30:00Z,เมืองพะเยา,6,0.0,0.0,0.0,,,True
1790397000,2026-09-26T04:30:00Z,ทองผาภูมิ,851,0.018,0.299,0.1116,60,30,True
1790397000,2026-09-26T04:30:00Z,สังขละบุรี,793,0.003,0.201,0.0265,,60,True
1790397000,2026-09-26T04:30:00Z,หนองม่วงไข่,35,0.0,0.0,0.0,,,True
1790397000,2026-09-26T04:30:00Z,ภูเวียง,81,0.0,0.0,0.0,,,True
1790397000,2026-09-26T04:30:00Z,มัญจาคีรี,50,0.0,0.0,0.0,,,True
1790397000,2026-09-26T04:30:00Z,หนองปรือ,104,0.0,0.0,0.0,,,True
1790397000,2026-09-26T04:30:00Z,เลาขวัญ,123,0.0,0.0,0.0,,,True
1790397000,2026-09-26T04:30:00Z,หนองนาคำ,43,0.0,0.0,0.0,,,True
1790397000,2026-09-26T04:30:00Z,โคกโพธิ์ไชย,65,0.0,0.0,0.0,,,True
1790397000,2026-09-26T04:30:00Z,บ้านหลวง,91,0.0,0.0,0.0,,,True
1790397000,2026-09-26T04:30:00Z,นาน้อย,266,0.0,0.0,0.0,,,True
1790397000,2026-09-26T04:30:00Z,ภูผาม่าน,74,0.0,0.0,0.0,,,True
1790397000,2026-09-26T04:30:00Z,เมืองน่าน,161,0.0,0.0,0.0,,,True
1790397000,2026-09-26T04:30:00Z,แม่จริม,262,0.0,0.0,0.0,,,True
1790397000,2026-09-26T04:30:00Z,เวียงเก่า,78,0.0,0.0,0.0,,,True
1790397000,2026-09-26T04:30:00Z,เมืองกำแพงเพชร,368,0.0,0.0,0.0,,,True
1790397000,2026-09-26T04:30:00Z,ไทรงาม,133,0.0,0.0,0.0,,,True
1790397000,2026-09-26T04:30:00Z,ปางศิลาทอง,186,0.005,0.098,0.0484,,45,True
1790397000,2026-09-26T04:30:00Z,ลานกระบือ,103,0.01,0.098,0.0971,,105,True
1790397000,2026-09-26T04:30:00Z,ทรายทองวัฒนา,53,0.0,0.0,0.0,,,True
1790397000,2026-09-26T04:30:00Z,คลองขลุง,179,0.0,0.0,0.0,,,True
1790397000,2026-09-26T04:30:00Z,พรานกระต่าย,252,0.0,0.0,0.0,,,True
1790397000,2026-09-26T04:30:00Z,คลองลาน,363,0.0,0.0,0.0,,,True
1790397000,2026-09-26T04:30:00Z,ขาณุวรลักษบุรี,296,0.003,0.201,0.0236,,15,True
1790397000,2026-09-26T04:30:00Z,ภูเพียง,113,0.0,0.0,0.0,,,True
1790397000,2026-09-26T04:30:00Z,นาหมื่น,245,0.0,0.0,0.0,,,True
1790397000,2026-09-26T04:30:00Z,เวียงสา,543,0.0,0.0,0.0,,,True
1790397000,2026-09-26T04:30:00Z,น้ำโสม,153,0.0,0.0,0.0,,,True
1790397000,2026-09-26T04:30:00Z,นายูง,126,0.0,0.0,0.0,,,True
1790397000,2026-09-26T04:30:00Z,ชุมแพ,173,0.0,0.0,0.0,,,True
1790397000,2026-09-26T04:30:00Z,สีชมพู,132,0.0,0.0,0.0,,,True
1790397000,2026-09-26T04:30:00Z,สุวรรณคูหา,140,0.0,0.0,0.0,,,True
1790397000,2026-09-26T04:30:00Z,นาวัง,65,0.0,0.0,0.0,,,True
1790397000,2026-09-26T04:30:00Z,หนองเรือ,80,0.0,0.0,0.0,,,True
1790397000,2026-09-26T04:30:00Z,โนนสัง,51,0.0,0.0,0.0,,,True
1790397000,2026-09-26T04:30:00Z,ศรีบุญเรือง,224,0.0,0.0,0.0,,,True
1790397000,2026-09-26T04:30:00Z,เมืองหนองบัวลำภู,217,0.0,0.0,0.0,,,True
1790397000,2026-09-26T04:30:00Z,นากลาง,173,0.0,0.0,0.0,,,True
1790397000,2026-09-26T04:30:00Z,ทุ่งเสลี่ยม,144,0.0,0.0,0.0,,,True
1790397000,2026-09-26T04:30:00Z,ดอยหล่อ,56,0.0,0.0,0.0,,,True
1790397000,2026-09-26T04:30:00Z,เมืองตาก,486,0.006,0.098,0.0597,,60,True
1790397000,2026-09-26T04:30:00Z,แม่ออน,116,0.0,0.0,0.0,,,True
1790397000,2026-09-26T04:30:00Z,อุ้มผาง,1209,0.003,0.201,0.0281,,30,True
1790397000,2026-09-26T04:30:00Z,วังเจ้า,183,0.0,0.0,0.0,,,True
1790397000,2026-09-26T04:30:00Z,แม่สอด,398,0.0,0.0,0.0,,,True
1790397000,2026-09-26T04:30:00Z,พบพระ,249,0.0,0.0,0.0,,,True
1790397000,2026-09-26T04:30:00Z,แม่ระมาด,380,0.0,0.098,0.0026,,15,True
1790397000,2026-09-26T04:30:00Z,ท่าสองยาง,401,0.0,0.0,0.0,,,True
1790397000,2026-09-26T04:30:00Z,บ้านตาก,255,0.01,0.098,0.098,,105,True
1790397000,2026-09-26T04:30:00Z,สามเงา,698,0.0,0.0,0.0,,,True
1790397000,2026-09-26T04:30:00Z,จอมทอง,280,0.0,0.0,0.0,,,True
1790397000,2026-09-26T04:30:00Z,แก้งสนามนาง,79,0.0,0.0,0.0,,,True
1790397000,2026-09-26T04:30:00Z,สีคิ้ว,292,0.0,0.0,0.0,,,True
1790397000,2026-09-26T04:30:00Z,พระทองคำ,90,0.0,0.0,0.0,,,True
1790397000,2026-09-26T04:30:00Z,เทพารักษ์,92,0.076,0.201,0.5326,15,15,True
1790397000,2026-09-26T04:30:00Z,สันกำแพง,65,0.0,0.0,0.0,,,True
1790397000,2026-09-26T04:30:00Z,สันป่าตอง,44,0.0,0.0,0.0,,,True
1790397000,2026-09-26T04:30:00Z,ดอยเต่า,213,0.0,0.0,0.0,,,True
1790397000,2026-09-26T04:30:00Z,อมก๋อย,704,0.0,0.0,0.0,,,True
1790397000,2026-09-26T04:30:00Z,ฮอด,378,0.0,0.0,0.0,,,True
1790397000,2026-09-26T04:30:00Z,เมืองลำพูน,117,0.0,0.0,0.0,,,True
1790397000,2026-09-26T04:30:00Z,แม่ทา,192,0.0,0.0,0.0,,,True
1790397000,2026-09-26T04:30:00Z,บ้านธิ,34,0.0,0.0,0.0,,,True
1790397000,2026-09-26T04:30:00Z,บ้านหมอ,24,0.0,0.0,0.0,,,True
1790397000,2026-09-26T04:30:00Z,เวียงหนองล่อง,14,0.0,0.0,0.0,,,True
1790397000,2026-09-26T04:30:00Z,ทุ่งหัวช้าง,113,0.0,0.0,0.0,,,True
1790397000,2026-09-26T04:30:00Z,ป่าซาง,74,0.0,0.0,0.0,,,True
1790397000,2026-09-26T04:30:00Z,บ้านโฮ่ง,124,0.0,0.0,0.0,,,True
1790397000,2026-09-26T04:30:00Z,แก่งคอย,73,0.0,0.0,0.0,,,True
1790397000,2026-09-26T04:30:00Z,ลี้,454,0.0,0.0,0.0,,,True
1790397000,2026-09-26T04:30:00Z,พระพุทธบาท,55,0.0,0.0,0.0,,,True
1790397000,2026-09-26T04:30:00Z,ดอนพุด,7,0.0,0.0,0.0,,,True
1790397000,2026-09-26T04:30:00Z,หนองโดน,31,0.0,0.0,0.0,,,True
1790397000,2026-09-26T04:30:00Z,เมืองลำปาง,300,0.0,0.0,0.0,,,True
1790397000,2026-09-26T04:30:00Z,เถิน,443,0.0,0.0,0.0,,,True
1790397000,2026-09-26T04:30:00Z,แม่พริก,167,0.0,0.0,0.0,,,True
1790397000,2026-09-26T04:30:00Z,แจ้ห่ม,274,0.0,0.0,0.0,,,True
1790397000,2026-09-26T04:30:00Z,แม่เปิน,85,0.0,0.0,0.0,,,True
1790397000,2026-09-26T04:30:00Z,เสริมงาม,185,0.001,0.098,0.0054,,15,True
1790397000,2026-09-26T04:30:00Z,ชุมตาบง,61,0.0,0.0,0.0,,,True
1790397000,2026-09-26T04:30:00Z,งาว,344,0.0,0.0,0.0,,,True
1790397000,2026-09-26T04:30:00Z,ตากฟ้า,125,0.004,0.098,0.04,,75,True
1790397000,2026-09-26T04:30:00Z,แม่เมาะ,283,0.0,0.0,0.0,,,True
1790397000,2026-09-26T04:30:00Z,แม่วงก์,257,0.0,0.0,0.0,,,True
1790397000,2026-09-26T04:30:00Z,เกาะคา,128,0.0,0.0,0.0,,,True
1790397000,2026-09-26T04:30:00Z,พยุหะคีรี,169,0.003,0.098,0.0296,,15,True
1790397000,2026-09-26T04:30:00Z,ลาดยาว,187,0.0,0.0,0.0,,,True
1790397000,2026-09-26T04:30:00Z,สบปราบ,125,0.0,0.0,0.0,,,True
1790397000,2026-09-26T04:30:00Z,ห้างฉัตร,154,0.0,0.0,0.0,,,True
1790397000,2026-09-26T04:30:00Z,แม่ทะ,203,0.0,0.0,0.0,,,True
1790397000,2026-09-26T04:30:00Z,เมืองปาน,202,0.0,0.0,0.0,,,True
1790397000,2026-09-26T04:30:00Z,เมืองอ่างทอง,6,0.0,0.0,0.0,,,True
1790397000,2026-09-26T04:30:00Z,ไชโย,20,0.0,0.0,0.0,,,True
1790397000,2026-09-26T04:30:00Z,สามโก้,10,0.0,0.0,0.0,,,True
1790397000,2026-09-26T04:30:00Z,แสวงหา,43,0.0,0.0,0.0,,,True
1790397000,2026-09-26T04:30:00Z,วิเศษชัยชาญ,7,0.0,0.0,0.0,,,True
1790397000,2026-09-26T04:30:00Z,โพธิ์ทอง,48,0.0,0.0,0.0,,,True
1790397000,2026-09-26T04:30:00Z,เมืองลพบุรี,190,0.0,0.0,0.0,,,True
1790397000,2026-09-26T04:30:00Z,เดิมบางนางบวช,130,0.0,0.0,0.0,,,True
1790397000,2026-09-26T04:30:00Z,ด่านช้าง,309,0.0,0.0,0.0,,,True
1790397000,2026-09-26T04:30:00Z,หนองม่วง,111,0.003,0.098,0.027,,45,True
1790397000,2026-09-26T04:30:00Z,ลำสนธิ,136,0.024,0.201,0.1985,75,60,True
1790397000,2026-09-26T04:30:00Z,สามชุก,77,0.0,0.0,0.0,,,True
1790397000,2026-09-26T04:30:00Z,ดอนเจดีย์,72,0.0,0.0,0.0,,,True
1790397000,2026-09-26T04:30:00Z,สระโบสถ์,83,0.002,0.098,0.0241,,30,True
1790397000,2026-09-26T04:30:00Z,ศรีประจันต์,41,0.0,0.0,0.0,,,True
1790397000,2026-09-26T04:30:00Z,โคกเจริญ,135,0.001,0.098,0.0074,,15,True
1790397000,2026-09-26T04:30:00Z,บ้านหมี่,136,0.001,0.098,0.0147,,60,True
1790397000,2026-09-26T04:30:00Z,ท่าหลวง,100,0.0,0.0,0.0,,,True
1790397000,2026-09-26T04:30:00Z,ชัยบาดาล,280,0.012,0.201,0.0964,,75,True
1790397000,2026-09-26T04:30:00Z,ท่าวุ้ง,64,0.0,0.0,0.0,,,True
1790397000,2026-09-26T04:30:00Z,พัฒนานิคม,217,0.0,0.0,0.0,,,True
1790397000,2026-09-26T04:30:00Z,โคกสำโรง,180,0.001,0.098,0.0111,,30,True
1790397000,2026-09-26T04:30:00Z,หนองหญ้าไซ,108,0.0,0.0,0.0,,,True
1790397000,2026-09-26T04:30:00Z,ท่าช้าง,11,0.0,0.0,0.0,,,True
1790397000,2026-09-26T04:30:00Z,อินทร์บุรี,66,0.003,0.098,0.0303,,90,True
1790397000,2026-09-26T04:30:00Z,ค่ายบางระจัน,26,0.0,0.0,0.0,,,True
1790397000,2026-09-26T04:30:00Z,พรหมบุรี,19,0.0,0.0,0.0,,,True
1790397000,2026-09-26T04:30:00Z,เนินสง่า,65,0.0,0.0,0.0,,,True
1790397000,2026-09-26T04:30:00Z,เมืองสิงห์บุรี,31,0.0,0.0,0.0,,,True
1790397000,2026-09-26T04:30:00Z,ซับใหญ่,72,0.0,0.0,0.0,,,True
1790397000,2026-09-26T04:30:00Z,บางระจัน,46,0.0,0.0,0.0,,,True
1790397000,2026-09-26T04:30:00Z,ภูกระดึง,190,0.0,0.0,0.0,,,True
1790397000,2026-09-26T04:30:00Z,ภูหลวง,145,0.0,0.0,0.0,,,True
1790397000,2026-09-26T04:30:00Z,หนองหิน,78,0.0,0.0,0.0,,,True
1790397000,2026-09-26T04:30:00Z,ผาขาว,100,0.0,0.0,0.0,,,True
1790397000,2026-09-26T04:30:00Z,เอราวัณ,87,0.0,0.0,0.0,,,True
1790397000,2026-09-26T04:30:00Z,วังสะพุง,281,0.0,0.0,0.0,,,True
1790397000,2026-09-26T04:30:00Z,วังม่วง,70,0.0,0.0,0.0,,,True
1790397000,2026-09-26T04:30:00Z,เฉลิมพระเกียรติ,35,0.0,0.0,0.0,,,True
1790397000,2026-09-26T04:30:00Z,มวกเหล็ก,175,0.0,0.0,0.0,,,True
1790397000,2026-09-26T04:30:00Z,บ้านเขว้า,124,0.0,0.0,0.0,,,True
1790397000,2026-09-26T04:30:00Z,คอนสวรรค์,113,0.0,0.0,0.0,,,True
1790397000,2026-09-26T04:30:00Z,เมืองชัยภูมิ,358,0.0,0.0,0.0,,,True
1790397000,2026-09-26T04:30:00Z,วังทอง,425,0.002,0.098,0.0165,,15,True
1790397000,2026-09-26T04:30:00Z,เนินมะปราง,276,0.003,0.098,0.029,,30,True
1790397000,2026-09-26T04:30:00Z,สวรรคโลก,156,0.0,0.0,0.0,,,True
1790397000,2026-09-26T04:30:00Z,ศรีนคร,46,0.0,0.0,0.0,,,True
1790397000,2026-09-26T04:30:00Z,หันคา,139,0.001,0.098,0.0144,,45,True
1790397000,2026-09-26T04:30:00Z,ศรีสัชนาลัย,534,0.0,0.0,0.0,,,True
1790397000,2026-09-26T04:30:00Z,หนองมะโมง,76,0.0,0.0,0.0,,,True
1790397000,2026-09-26T04:30:00Z,ศรีสำโรง,142,0.0,0.0,0.0,,,True
1790397000,2026-09-26T04:30:00Z,สรรพยา,55,0.0,0.0,0.0,,,True
1790397000,2026-09-26T04:30:00Z,คีรีมาศ,171,0.0,0.0,0.0,,,True
1790397000,2026-09-26T04:30:00Z,สรรคบุรี,89,0.001,0.098,0.0112,,120,True
1790397000,2026-09-26T04:30:00Z,กงไกรลาศ,108,0.0,0.0,0.0,,,True
1790397000,2026-09-26T04:30:00Z,มโนรมย์,66,0.001,0.098,0.0152,,15,True
1790397000,2026-09-26T04:30:00Z,เมืองสุโขทัย,136,0.012,0.098,0.125,30,15,True
1790397000,2026-09-26T04:30:00Z,วัดสิงห์,67,0.0,0.0,0.0,,,True
1790397000,2026-09-26T04:30:00Z,บ้านด่านลานหอย,231,0.01,0.098,0.0996,,30,True
1790397000,2026-09-26T04:30:00Z,เมืองชัยนาท,70,0.0,0.0,0.0,,,True
1790397000,2026-09-26T04:30:00Z,เนินขาม,65,0.0,0.0,0.0,,,True
1790397000,2026-09-26T04:30:00Z,คอนสาร,334,0.0,0.0,0.0,,,True
1790397000,2026-09-26T04:30:00Z,ภักดีชุมพล,154,0.0,0.0,0.0,,,True
1790397000,2026-09-26T04:30:00Z,บ้านแท่น,76,0.0,0.0,0.0,,,True
1790397000,2026-09-26T04:30:00Z,แก้งคร้อ,168,0.0,0.0,0.0,,,True
1790397000,2026-09-26T04:30:00Z,ภูเขียว,201,0.0,0.0,0.0,,,True
1790397000,2026-09-26T04:30:00Z,หนองบัวระเหว,179,0.0,0.0,0.0,,,True
1790397000,2026-09-26T04:30:00Z,เทพสถิต,239,0.006,0.201,0.0502,,30,True
1790397000,2026-09-26T04:30:00Z,จัตุรัส,172,0.0,0.0,0.0,,,True
1790397000,2026-09-26T04:30:00Z,บำเหน็จณรงค์,120,0.002,0.098,0.0167,,15,True
1790397000,2026-09-26T04:30:00Z,เกษตรสมบูรณ์,268,0.0,0.0,0.0,,,True
1790397000,2026-09-26T04:30:00Z,หนองบัวแดง,537,0.0,0.0,0.0,,,True
1790397000,2026-09-26T04:30:00Z,ภูเรือ,168,0.0,0.0,0.0,,,True
1790397000,2026-09-26T04:30:00Z,ท่าลี่,171,0.0,0.0,0.0,,,True
1790397000,2026-09-26T04:30:00Z,วชิรบารมี,68,0.0,0.0,0.0,,,True
1790397000,2026-09-26T04:30:00Z,ด่านซ้าย,341,0.0,0.0,0.0,,,True
1790397000,2026-09-26T04:30:00Z,นาแห้ว,153,0.0,0.0,0.0,,,True
1790397000,2026-09-26T04:30:00Z,บึงนาราง,74,0.0,0.0,0.0,,,True
1790397000,2026-09-26T04:30:00Z,เชียงคาน,213,0.0,0.0,0.0,,,True
1790397000,2026-09-26T04:30:00Z,ดงเจริญ,56,0.0,0.0,0.0,,,True
1790397000,2026-09-26T04:30:00Z,ปากชม,240,0.0,0.0,0.0,,,True
1790397000,2026-09-26T04:30:00Z,เมืองเลย,314,0.0,0.0,0.0,,,True
1790397000,2026-09-26T04:30:00Z,นาด้วง,143,0.0,0.0,0.0,,,True
1790397000,2026-09-26T04:30:00Z,สากเหล็ก,45,0.004,0.098,0.0444,,75,True
1790397000,2026-09-26T04:30:00Z,สามง่าม,89,0.003,0.098,0.0337,,60,True
1790397000,2026-09-26T04:30:00Z,ทับคล้อ,104,0.0,0.0,0.0,,,True
1790397000,2026-09-26T04:30:00Z,พรหมพิราม,206,0.0,0.0,0.0,,,True
1790397000,2026-09-26T04:30:00Z,ด่านขุนทด,344,0.007,0.201,0.064,,15,True
1790397000,2026-09-26T04:30:00Z,วัดโบสถ์,226,0.0,0.0,0.0,,,True
1790397000,2026-09-26T04:30:00Z,บางระกำ,246,0.008,0.098,0.0772,,75,True
1790397000,2026-09-26T04:30:00Z,บางกระทุ่ม,91,0.026,0.098,0.2637,45,15,True
1790397000,2026-09-26T04:30:00Z,นครไทย,597,0.0,0.0,0.0,,,True
1790397000,2026-09-26T04:30:00Z,ชาติตระการ,415,0.0,0.0,0.0,,,True
1790397000,2026-09-26T04:30:00Z,บ้านเหลื่อม,55,0.0,0.0,0.0,,,True
1790397000,2026-09-26T04:30:00Z,เมืองพิษณุโลก,178,0.001,0.098,0.0056,,60,True
1790397000,2026-09-26T04:30:00Z,ชุมแสง,145,0.0,0.0,0.0,,,True
1790397000,2026-09-26T04:30:00Z,หนองบัว,208,0.0,0.0,0.0,,,True
1790397000,2026-09-26T04:30:00Z,เมืองนครสวรรค์,183,0.0,0.0,0.0,,,True
1790397000,2026-09-26T04:30:00Z,โกรกพระ,71,0.0,0.0,0.0,,,True
1790397000,2026-09-26T04:30:00Z,ไพศาลี,244,0.0,0.098,0.0041,,75,True
1790397000,2026-09-26T04:30:00Z,ตาคลี,206,0.001,0.098,0.0097,,120,True
1790397000,2026-09-26T04:30:00Z,ท่าตะโก,211,0.0,0.0,0.0,,,True
1790397000,2026-09-26T04:30:00Z,เขาค้อ,207,0.0,0.098,0.0048,,15,True
1790397000,2026-09-26T04:30:00Z,บรรพตพิสัย,181,0.0,0.0,0.0,,,True
1790397000,2026-09-26T04:30:00Z,เก้าเลี้ยว,57,0.0,0.0,0.0,,,True
1790397000,2026-09-26T04:30:00Z,วังโป่ง,123,0.0,0.0,0.0,,,True
1790397000,2026-09-26T04:30:00Z,บึงสามพัน,194,0.0,0.0,0.0,,,True
1790397000,2026-09-26T04:30:00Z,น้ำหนาว,231,0.0,0.0,0.0,,,True
1790397000,2026-09-26T04:30:00Z,ศรีเทพ,204,0.029,0.201,0.2353,105,90,True
1790397000,2026-09-26T04:30:00Z,หนองไผ่,315,0.0,0.0,0.0,,,True
1790397000,2026-09-26T04:30:00Z,มหาราช,4,0.0,0.0,0.0,,,False
1790397000,2026-09-26T04:30:00Z,บ้านแพรก,10,0.0,0.0,0.0,,,True
1790397000,2026-09-26T04:30:00Z,บางมูลนาก,99,0.0,0.0,0.0,,,True
1790397000,2026-09-26T04:30:00Z,โพทะเล,131,0.0,0.0,0.0,,,True
1790397000,2026-09-26T04:30:00Z,โพธิ์ประทับช้าง,102,0.0,0.0,0.0,,,True
1790397000,2026-09-26T04:30:00Z,ตะพานหิน,109,0.0,0.0,0.0,,,True
1790397000,2026-09-26T04:30:00Z,เมืองพิจิตร,138,0.003,0.098,0.029,,90,True
1790397000,2026-09-26T04:30:00Z,วังทรายพูน,66,0.0,0.0,0.0,,,True
1790397900,2026-09-26T04:45:00Z,พิชัย,176,0.0,0.0,0.0,,,True
1790397900,2026-09-26T04:45:00Z,ลับแล,116,0.0,0.0,0.0,,,True
1790397900,2026-09-26T04:45:00Z,ฟากท่า,163,0.0,0.0,0.0,,,True
1790397900,2026-09-26T04:45:00Z,บ้านโคก,247,0.0,0.0,0.0,,,True
1790397900,2026-09-26T04:45:00Z,ท่าปลา,442,0.0,0.0,0.0,,,True
1790397900,2026-09-26T04:45:00Z,น้ำปาด,363,0.0,0.0,0.0,,,True
1790397900,2026-09-26T04:45:00Z,เมืองอุตรดิตถ์,202,0.0,0.0,0.0,,,True
1790397900,2026-09-26T04:45:00Z,ตรอน,80,0.0,0.0,0.0,,,True
1790397900,2026-09-26T04:45:00Z,หล่มเก่า,246,0.0,0.0,0.0,,,True
1790397900,2026-09-26T04:45:00Z,วิเชียรบุรี,377,0.0,0.0,0.0,,,True
1790397900,2026-09-26T04:45:00Z,ชนแดน,279,0.0,0.0,0.0,,,True
1790397900,2026-09-26T04:45:00Z,หล่มสัก,350,0.0,0.0,0.0,,,True
1790397900,2026-09-26T04:45:00Z,เมืองเพชรบูรณ์,571,0.0,0.098,0.0018,,30,True
1790397900,2026-09-26T04:45:00Z,ทองแสนขัน,185,0.0,0.0,0.0,,,True
1790397900,2026-09-26T04:45:00Z,บึงสามัคคี,71,0.0,0.0,0.0,,,True
1790397900,2026-09-26T04:45:00Z,โกสัมพีนคร,137,0.0,0.0,0.0,,,True
1790397900,2026-09-26T04:45:00Z,สอง,380,0.0,0.0,0.0,,,True
1790397900,2026-09-26T04:45:00Z,วังชิ้น,255,0.0,0.0,0.0,,,True
1790397900,2026-09-26T04:45:00Z,สูงเม่น,88,0.0,0.0,0.0,,,True
1790397900,2026-09-26T04:45:00Z,เด่นชัย,135,0.0,0.0,0.0,,,True
1790397900,2026-09-26T04:45:00Z,ร้องกวาง,221,0.0,0.0,0.0,,,True
1790397900,2026-09-26T04:45:00Z,ลอง,317,0.0,0.0,0.0,,,True
1790397900,2026-09-26T04:45:00Z,เมืองแพร่,205,0.0,0.0,0.0,,,True
1790397900,2026-09-26T04:45:00Z,ทัพทัน,94,0.009,0.098,0.0957,,60,True
1790397900,2026-09-26T04:45:00Z,สว่างอารมณ์,110,0.0,0.0,0.0,,,True
1790397900,2026-09-26T04:45:00Z,เมืองอุทัยธานี,59,0.028,0.196,0.2712,15,15,True
1790397900,2026-09-26T04:45:00Z,ห้วยคต,94,0.032,0.196,0.2979,105,75,True
1790397900,2026-09-26T04:45:00Z,ศรีสวัสดิ์,440,0.002,0.196,0.0114,,15,True
1790397900,2026-09-26T04:45:00Z,บ้านไร่,821,0.003,0.201,0.0244,,15,True
1790397900,2026-09-26T04:45:00Z,ลานสัก,360,0.003,0.098,0.0278,,90,True
1790397900,2026-09-26T04:45:00Z,หนองฉาง,89,0.036,0.196,0.3146,60,45,True
1790397900,2026-09-26T04:45:00Z,หนองขาหย่าง,43,0.036,0.196,0.3488,30,15,True
1790397900,2026-09-26T04:45:00Z,เชียงม่วน,82,0.0,0.0,0.0,,,True
1790397900,2026-09-26T04:45:00Z,ดอกคำใต้,37,0.0,0.0,0.0,,,True
1790397900,2026-09-26T04:45:00Z,เมืองพะเยา,6,0.0,0.0,0.0,,,True
1790397900,2026-09-26T04:45:00Z,ทองผาภูมิ,851,0.004,0.201,0.0329,,15,True
1790397900,2026-09-26T04:45:00Z,สังขละบุรี,793,0.0,0.098,0.0013,,75,True
1790397900,2026-09-26T04:45:00Z,หนองม่วงไข่,35,0.0,0.0,0.0,,,True
1790397900,2026-09-26T04:45:00Z,ภูเวียง,81,0.0,0.0,0.0,,,True
1790397900,2026-09-26T04:45:00Z,มัญจาคีรี,50,0.0,0.0,0.0,,,True
1790397900,2026-09-26T04:45:00Z,หนองปรือ,104,0.0,0.0,0.0,,,True
1790397900,2026-09-26T04:45:00Z,เลาขวัญ,123,0.001,0.098,0.0081,,120,True
1790397900,2026-09-26T04:45:00Z,หนองนาคำ,43,0.0,0.0,0.0,,,True
1790397900,2026-09-26T04:45:00Z,โคกโพธิ์ไชย,65,0.0,0.0,0.0,,,True
1790397900,2026-09-26T04:45:00Z,บ้านหลวง,91,0.0,0.0,0.0,,,True
1790397900,2026-09-26T04:45:00Z,นาน้อย,266,0.0,0.0,0.0,,,True
1790397900,2026-09-26T04:45:00Z,ภูผาม่าน,74,0.0,0.0,0.0,,,True
1790397900,2026-09-26T04:45:00Z,เมืองน่าน,161,0.0,0.0,0.0,,,True
1790397900,2026-09-26T04:45:00Z,แม่จริม,262,0.0,0.0,0.0,,,True
1790397900,2026-09-26T04:45:00Z,เวียงเก่า,78,0.0,0.0,0.0,,,True
1790397900,2026-09-26T04:45:00Z,เมืองกำแพงเพชร,368,0.0,0.0,0.0,,,True
1790397900,2026-09-26T04:45:00Z,ไทรงาม,133,0.0,0.0,0.0,,,True
1790397900,2026-09-26T04:45:00Z,ปางศิลาทอง,186,0.02,0.592,0.0645,,30,True
1790397900,2026-09-26T04:45:00Z,ลานกระบือ,103,0.024,0.201,0.2039,90,90,True
1790397900,2026-09-26T04:45:00Z,ทรายทองวัฒนา,53,0.0,0.0,0.0,,,True
1790397900,2026-09-26T04:45:00Z,คลองขลุง,179,0.0,0.0,0.0,,,True
1790397900,2026-09-26T04:45:00Z,พรานกระต่าย,252,0.015,0.201,0.1349,120,105,True
1790397900,2026-09-26T04:45:00Z,คลองลาน,363,0.0,0.0,0.0,,,True
1790397900,2026-09-26T04:45:00Z,ขาณุวรลักษบุรี,296,0.009,0.592,0.0439,,15,True
1790397900,2026-09-26T04:45:00Z,ภูเพียง,113,0.0,0.0,0.0,,,True
1790397900,2026-09-26T04:45:00Z,นาหมื่น,245,0.0,0.0,0.0,,,True
1790397900,2026-09-26T04:45:00Z,เวียงสา,543,0.0,0.0,0.0,,,True
1790397900,2026-09-26T04:45:00Z,น้ำโสม,153,0.0,0.0,0.0,,,True
1790397900,2026-09-26T04:45:00Z,นายูง,126,0.0,0.0,0.0,,,True
1790397900,2026-09-26T04:45:00Z,ชุมแพ,173,0.0,0.0,0.0,,,True
1790397900,2026-09-26T04:45:00Z,สีชมพู,132,0.0,0.0,0.0,,,True
1790397900,2026-09-26T04:45:00Z,สุวรรณคูหา,140,0.0,0.0,0.0,,,True
1790397900,2026-09-26T04:45:00Z,นาวัง,65,0.0,0.0,0.0,,,True
1790397900,2026-09-26T04:45:00Z,หนองเรือ,80,0.0,0.0,0.0,,,True
1790397900,2026-09-26T04:45:00Z,โนนสัง,51,0.0,0.0,0.0,,,True
1790397900,2026-09-26T04:45:00Z,ศรีบุญเรือง,224,0.0,0.0,0.0,,,True
1790397900,2026-09-26T04:45:00Z,เมืองหนองบัวลำภู,217,0.0,0.0,0.0,,,True
1790397900,2026-09-26T04:45:00Z,นากลาง,173,0.0,0.0,0.0,,,True
1790397900,2026-09-26T04:45:00Z,ทุ่งเสลี่ยม,144,0.0,0.0,0.0,,,True
1790397900,2026-09-26T04:45:00Z,ดอยหล่อ,56,0.0,0.0,0.0,,,True
1790397900,2026-09-26T04:45:00Z,เมืองตาก,486,0.004,0.098,0.0432,,45,True
1790397900,2026-09-26T04:45:00Z,แม่ออน,116,0.0,0.0,0.0,,,True
1790397900,2026-09-26T04:45:00Z,อุ้มผาง,1209,0.012,1.216,0.0422,,45,True
1790397900,2026-09-26T04:45:00Z,วังเจ้า,183,0.0,0.0,0.0,,,True
1790397900,2026-09-26T04:45:00Z,แม่สอด,398,0.001,0.098,0.0151,,15,True
1790397900,2026-09-26T04:45:00Z,พบพระ,249,0.0,0.0,0.0,,,True
1790397900,2026-09-26T04:45:00Z,แม่ระมาด,380,0.001,0.098,0.0132,,45,True
1790397900,2026-09-26T04:45:00Z,ท่าสองยาง,401,0.0,0.0,0.0,,,True
1790397900,2026-09-26T04:45:00Z,บ้านตาก,255,0.003,0.098,0.0353,,75,True
1790397900,2026-09-26T04:45:00Z,สามเงา,698,0.0,0.098,0.0014,,120,True
1790397900,2026-09-26T04:45:00Z,จอมทอง,280,0.0,0.0,0.0,,,True
1790397900,2026-09-26T04:45:00Z,แก้งสนามนาง,79,0.0,0.0,0.0,,,True
1790397900,2026-09-26T04:45:00Z,สีคิ้ว,292,0.0,0.0,0.0,,,True
1790397900,2026-09-26T04:45:00Z,พระทองคำ,90,0.0,0.0,0.0,,,True
1790397900,2026-09-26T04:45:00Z,เทพารักษ์,92,0.096,0.397,0.5326,15,15,True
1790397900,2026-09-26T04:45:00Z,สันกำแพง,65,0.0,0.0,0.0,,,True
1790397900,2026-09-26T04:45:00Z,สันป่าตอง,44,0.0,0.0,0.0,,,True
1790397900,2026-09-26T04:45:00Z,ดอยเต่า,213,0.0,0.0,0.0,,,True
1790397900,2026-09-26T04:45:00Z,อมก๋อย,704,0.0,0.0,0.0,,,True
1790397900,2026-09-26T04:45:00Z,ฮอด,378,0.0,0.0,0.0,,,True
1790397900,2026-09-26T04:45:00Z,เมืองลำพูน,117,0.0,0.0,0.0,,,True
1790397900,2026-09-26T04:45:00Z,แม่ทา,192,0.0,0.0,0.0,,,True
1790397900,2026-09-26T04:45:00Z,บ้านธิ,34,0.0,0.0,0.0,,,True
1790397900,2026-09-26T04:45:00Z,บ้านหมอ,24,0.0,0.0,0.0,,,True
1790397900,2026-09-26T04:45:00Z,เวียงหนองล่อง,14,0.0,0.0,0.0,,,True
1790397900,2026-09-26T04:45:00Z,ทุ่งหัวช้าง,113,0.0,0.0,0.0,,,True
1790397900,2026-09-26T04:45:00Z,ป่าซาง,74,0.0,0.0,0.0,,,True
1790397900,2026-09-26T04:45:00Z,บ้านโฮ่ง,124,0.0,0.0,0.0,,,True
1790397900,2026-09-26T04:45:00Z,แก่งคอย,73,0.0,0.0,0.0,,,True
1790397900,2026-09-26T04:45:00Z,ลี้,454,0.0,0.0,0.0,,,True
1790397900,2026-09-26T04:45:00Z,พระพุทธบาท,55,0.0,0.0,0.0,,,True
1790397900,2026-09-26T04:45:00Z,ดอนพุด,7,0.0,0.0,0.0,,,True
1790397900,2026-09-26T04:45:00Z,หนองโดน,31,0.006,0.098,0.0645,,15,True
1790397900,2026-09-26T04:45:00Z,เมืองลำปาง,300,0.0,0.0,0.0,,,True
1790397900,2026-09-26T04:45:00Z,เถิน,443,0.0,0.0,0.0,,,True
1790397900,2026-09-26T04:45:00Z,แม่พริก,167,0.0,0.0,0.0,,,True
1790397900,2026-09-26T04:45:00Z,แจ้ห่ม,274,0.0,0.0,0.0,,,True
1790397900,2026-09-26T04:45:00Z,แม่เปิน,85,0.0,0.0,0.0,,,True
1790397900,2026-09-26T04:45:00Z,เสริมงาม,185,0.0,0.0,0.0,,,True
1790397900,2026-09-26T04:45:00Z,ชุมตาบง,61,0.0,0.0,0.0,,,True
1790397900,2026-09-26T04:45:00Z,งาว,344,0.0,0.0,0.0,,,True
1790397900,2026-09-26T04:45:00Z,ตากฟ้า,125,0.0,0.0,0.0,,,True
1790397900,2026-09-26T04:45:00Z,แม่เมาะ,283,0.0,0.0,0.0,,,True
1790397900,2026-09-26T04:45:00Z,แม่วงก์,257,0.02,1.216,0.0817,,15,True
1790397900,2026-09-26T04:45:00Z,เกาะคา,128,0.0,0.0,0.0,,,True
1790397900,2026-09-26T04:45:00Z,พยุหะคีรี,169,0.004,0.098,0.0414,,15,True
1790397900,2026-09-26T04:45:00Z,ลาดยาว,187,0.009,0.201,0.0749,,105,True
1790397900,2026-09-26T04:45:00Z,สบปราบ,125,0.0,0.0,0.0,,,True
1790397900,2026-09-26T04:45:00Z,ห้างฉัตร,154,0.0,0.0,0.0,,,True
1790397900,2026-09-26T04:45:00Z,แม่ทะ,203,0.0,0.0,0.0,,,True
1790397900,2026-09-26T04:45:00Z,เมืองปาน,202,0.0,0.0,0.0,,,True
1790397900,2026-09-26T04:45:00Z,เมืองอ่างทอง,6,0.0,0.0,0.0,,,True
1790397900,2026-09-26T04:45:00Z,ไชโย,20,0.0,0.0,0.0,,,True
1790397900,2026-09-26T04:45:00Z,สามโก้,10,0.0,0.0,0.0,,,True
1790397900,2026-09-26T04:45:00Z,แสวงหา,43,0.002,0.098,0.0233,,90,True
1790397900,2026-09-26T04:45:00Z,วิเศษชัยชาญ,7,0.0,0.0,0.0,,,True
1790397900,2026-09-26T04:45:00Z,โพธิ์ทอง,48,0.004,0.098,0.0417,,75,True
1790397900,2026-09-26T04:45:00Z,เมืองลพบุรี,190,0.002,0.098,0.0211,,30,True
1790397900,2026-09-26T04:45:00Z,เดิมบางนางบวช,130,0.0,0.0,0.0,,,True
1790397900,2026-09-26T04:45:00Z,ด่านช้าง,309,0.0,0.0,0.0,,,True
1790397900,2026-09-26T04:45:00Z,หนองม่วง,111,0.0,0.0,0.0,,,True
1790397900,2026-09-26T04:45:00Z,ลำสนธิ,136,0.034,0.402,0.1912,60,45,True
1790397900,2026-09-26T04:45:00Z,สามชุก,77,0.0,0.0,0.0,,,True
1790397900,2026-09-26T04:45:00Z,ดอนเจดีย์,72,0.0,0.0,0.0,,,True
1790397900,2026-09-26T04:45:00Z,สระโบสถ์,83,0.0,0.0,0.0,,,True
1790397900,2026-09-26T04:45:00Z,ศรีประจันต์,41,0.0,0.0,0.0,,,True
1790397900,2026-09-26T04:45:00Z,โคกเจริญ,135,0.004,0.098,0.037,,120,True
1790397900,2026-09-26T04:45:00Z,บ้านหมี่,136,0.0,0.0,0.0,,,True
1790397900,2026-09-26T04:45:00Z,ท่าหลวง,100,0.0,0.0,0.0,,,True
1790397900,2026-09-26T04:45:00Z,ชัยบาดาล,280,0.018,0.397,0.1143,120,60,True
1790397900,2026-09-26T04:45:00Z,ท่าวุ้ง,64,0.002,0.098,0.0156,,60,True
1790397900,2026-09-26T04:45:00Z,พัฒนานิคม,217,0.0,0.098,0.0046,,15,True
1790397900,2026-09-26T04:45:00Z,โคกสำโรง,180,0.0,0.0,0.0,,,True
1790397900,2026-09-26T04:45:00Z,หนองหญ้าไซ,108,0.0,0.0,0.0,,,True
1790397900,2026-09-26T04:45:00Z,ท่าช้าง,11,0.0,0.0,0.0,,,True
1790397900,2026-09-26T04:45:00Z,อินทร์บุรี,66,0.0,0.0,0.0,,,True
1790397900,2026-09-26T04:45:00Z,ค่ายบางระจัน,26,0.0,0.0,0.0,,,True
1790397900,2026-09-26T04:45:00Z,พรหมบุรี,19,0.0,0.0,0.0,,,True
1790397900,2026-09-26T04:45:00Z,เนินสง่า,65,0.0,0.0,0.0,,,True
1790397900,2026-09-26T04:45:00Z,เมืองสิงห์บุรี,31,0.003,0.098,0.0323,,120,True
1790397900,2026-09-26T04:45:00Z,ซับใหญ่,72,0.0,0.0,0.0,,,True
1790397900,2026-09-26T04:45:00Z,บางระจัน,46,0.0,0.0,0.0,,,True
1790397900,2026-09-26T04:45:00Z,ภูกระดึง,190,0.0,0.0,0.0,,,True
1790397900,2026-09-26T04:45:00Z,ภูหลวง,145,0.0,0.0,0.0,,,True
1790397900,2026-09-26T04:45:00Z,หนองหิน,78,0.0,0.0,0.0,,,True
1790397900,2026-09-26T04:45:00Z,ผาขาว,100,0.0,0.0,0.0,,,True
1790397900,2026-09-26T04:45:00Z,เอราวัณ,87,0.0,0.0,0.0,,,True
1790397900,2026-09-26T04:45:00Z,วังสะพุง,281,0.0,0.0,0.0,,,True
1790397900,2026-09-26T04:45:00Z,วังม่วง,70,0.0,0.0,0.0,,,True
1790397900,2026-09-26T04:45:00Z,เฉลิมพระเกียรติ,35,0.0,0.0,0.0,,,True
1790397900,2026-09-26T04:45:00Z,มวกเหล็ก,175,0.0,0.0,0.0,,,True
1790397900,2026-09-26T04:45:00Z,บ้านเขว้า,124,0.0,0.0,0.0,,,True
1790397900,2026-09-26T04:45:00Z,คอนสวรรค์,113,0.0,0.0,0.0,,,True
1790397900,2026-09-26T04:45:00Z,เมืองชัยภูมิ,358,0.0,0.0,0.0,,,True
1790397900,2026-09-26T04:45:00Z,วังทอง,425,0.003,0.201,0.0259,,15,True
1790397900,2026-09-26T04:45:00Z,เนินมะปราง,276,0.0,0.0,0.0,,,True
1790397900,2026-09-26T04:45:00Z,สวรรคโลก,156,0.0,0.0,0.0,,,True
1790397900,2026-09-26T04:45:00Z,ศรีนคร,46,0.0,0.0,0.0,,,True
1790397900,2026-09-26T04:45:00Z,หันคา,139,0.0,0.0,0.0,,,True
1790397900,2026-09-26T04:45:00Z,ศรีสัชนาลัย,534,0.0,0.0,0.0,,,True
1790397900,2026-09-26T04:45:00Z,หนองมะโมง,76,0.0,0.0,0.0,,,True
1790397900,2026-09-26T04:45:00Z,ศรีสำโรง,142,0.0,0.0,0.0,,,True
1790397900,2026-09-26T04:45:00Z,สรรพยา,55,0.0,0.0,0.0,,,True
1790397900,2026-09-26T04:45:00Z,คีรีมาศ,171,0.001,0.098,0.0058,,105,True
1790397900,2026-09-26T04:45:00Z,สรรคบุรี,89,0.0,0.0,0.0,,,True
1790397900,2026-09-26T04:45:00Z,กงไกรลาศ,108,0.0,0.0,0.0,,,True
1790397900,2026-09-26T04:45:00Z,มโนรมย์,66,0.003,0.098,0.0303,,15,True
1790397900,2026-09-26T04:45:00Z,เมืองสุโขทัย,136,0.001,0.098,0.0074,,120,True
1790397900,2026-09-26T04:45:00Z,วัดสิงห์,67,0.0,0.0,0.0,,,True
1790397900,2026-09-26T04:45:00Z,บ้านด่านลานหอย,231,0.005,0.098,0.0476,,15,True
1790397900,2026-09-26T04:45:00Z,เมืองชัยนาท,70,0.0,0.0,0.0,,,True
1790397900,2026-09-26T04:45:00Z,เนินขาม,65,0.0,0.0,0.0,,,True
1790397900,2026-09-26T04:45:00Z,คอนสาร,334,0.0,0.0,0.0,,,True
1790397900,2026-09-26T04:45:00Z,ภักดีชุมพล,154,0.0,0.0,0.0,,,True
1790397900,2026-09-26T04:45:00Z,บ้านแท่น,76,0.0,0.0,0.0,,,True
1790397900,2026-09-26T04:45:00Z,แก้งคร้อ,168,0.0,0.0,0.0,,,True
1790397900,2026-09-26T04:45:00Z,ภูเขียว,201,0.0,0.0,0.0,,,True
1790397900,2026-09-26T04:45:00Z,หนองบัวระเหว,179,0.0,0.0,0.0,,,True
1790397900,2026-09-26T04:45:00Z,เทพสถิต,239,0.01,0.299,0.0669,,30,True
1790397900,2026-09-26T04:45:00Z,จัตุรัส,172,0.0,0.0,0.0,,,True
1790397900,2026-09-26T04:45:00Z,บำเหน็จณรงค์,120,0.001,0.098,0.0083,,15,True
1790397900,2026-09-26T04:45:00Z,เกษตรสมบูรณ์,268,0.0,0.0,0.0,,,True
1790397900,2026-09-26T04:45:00Z,หนองบัวแดง,537,0.0,0.0,0.0,,,True
1790397900,2026-09-26T04:45:00Z,ภูเรือ,168,0.0,0.0,0.0,,,True
1790397900,2026-09-26T04:45:00Z,ท่าลี่,171,0.0,0.0,0.0,,,True
1790397900,2026-09-26T04:45:00Z,วชิรบารมี,68,0.0,0.0,0.0,,,True
1790397900,2026-09-26T04:45:00Z,ด่านซ้าย,341,0.0,0.0,0.0,,,True
1790397900,2026-09-26T04:45:00Z,นาแห้ว,153,0.0,0.0,0.0,,,True
1790397900,2026-09-26T04:45:00Z,บึงนาราง,74,0.0,0.0,0.0,,,True
1790397900,2026-09-26T04:45:00Z,เชียงคาน,213,0.001,0.098,0.0094,,30,True
1790397900,2026-09-26T04:45:00Z,ดงเจริญ,56,0.0,0.0,0.0,,,True
1790397900,2026-09-26T04:45:00Z,ปากชม,240,0.0,0.0,0.0,,,True
1790397900,2026-09-26T04:45:00Z,เมืองเลย,314,0.0,0.0,0.0,,,True
1790397900,2026-09-26T04:45:00Z,นาด้วง,143,0.0,0.0,0.0,,,True
1790397900,2026-09-26T04:45:00Z,สากเหล็ก,45,0.0,0.0,0.0,,,True
1790397900,2026-09-26T04:45:00Z,สามง่าม,89,0.001,0.098,0.0112,,45,True
1790397900,2026-09-26T04:45:00Z,ทับคล้อ,104,0.0,0.0,0.0,,,True
1790397900,2026-09-26T04:45:00Z,พรหมพิราม,206,0.0,0.098,0.0049,,75,True
1790397900,2026-09-26T04:45:00Z,ด่านขุนทด,344,0.006,0.201,0.0378,,15,True
1790397900,2026-09-26T04:45:00Z,วัดโบสถ์,226,0.0,0.098,0.0044,,60,True
1790397900,2026-09-26T04:45:00Z,บางระกำ,246,0.022,0.201,0.2114,60,45,True
1790397900,2026-09-26T04:45:00Z,บางกระทุ่ม,91,0.02,0.098,0.2088,30,15,True
1790397900,2026-09-26T04:45:00Z,นครไทย,597,0.0,0.098,0.0034,,60,True
1790397900,2026-09-26T04:45:00Z,ชาติตระการ,415,0.0,0.0,0.0,,,True
1790397900,2026-09-26T04:45:00Z,บ้านเหลื่อม,55,0.0,0.0,0.0,,,True
1790397900,2026-09-26T04:45:00Z,เมืองพิษณุโลก,178,0.006,0.201,0.0506,,30,True
1790397900,2026-09-26T04:45:00Z,ชุมแสง,145,0.016,0.201,0.1379,60,30,True
1790397900,2026-09-26T04:45:00Z,หนองบัว,208,0.005,0.201,0.0433,,15,True
1790397900,2026-09-26T04:45:00Z,เมืองนครสวรรค์,183,0.001,0.098,0.0109,,45,True
1790397900,2026-09-26T04:45:00Z,โกรกพระ,71,0.0,0.0,0.0,,,True
1790397900,2026-09-26T04:45:00Z,ไพศาลี,244,0.0,0.0,0.0,,,True
1790397900,2026-09-26T04:45:00Z,ตาคลี,206,0.0,0.0,0.0,,,True
1790397900,2026-09-26T04:45:00Z,ท่าตะโก,211,0.001,0.098,0.0095,,15,True
1790397900,2026-09-26T04:45:00Z,เขาค้อ,207,0.0,0.0,0.0,,,True
1790397900,2026-09-26T04:45:00Z,บรรพตพิสัย,181,0.006,0.201,0.0552,,90,True
1790397900,2026-09-26T04:45:00Z,เก้าเลี้ยว,57,0.026,0.201,0.2105,75,60,True
1790397900,2026-09-26T04:45:00Z,วังโป่ง,123,0.0,0.0,0.0,,,True
1790397900,2026-09-26T04:45:00Z,บึงสามพัน,194,0.0,0.0,0.0,,,True
1790397900,2026-09-26T04:45:00Z,น้ำหนาว,231,0.0,0.0,0.0,,,True
1790397900,2026-09-26T04:45:00Z,ศรีเทพ,204,0.053,0.397,0.2794,90,75,True
1790397900,2026-09-26T04:45:00Z,หนองไผ่,315,0.0,0.0,0.0,,,True
1790397900,2026-09-26T04:45:00Z,มหาราช,4,0.0,0.0,0.0,,,False
1790397900,2026-09-26T04:45:00Z,บ้านแพรก,10,0.0,0.0,0.0,,,True
1790397900,2026-09-26T04:45:00Z,บางมูลนาก,99,0.0,0.0,0.0,,,True
1790397900,2026-09-26T04:45:00Z,โพทะเล,131,0.0,0.0,0.0,,,True
1790397900,2026-09-26T04:45:00Z,โพธิ์ประทับช้าง,102,0.0,0.0,0.0,,,True
1790397900,2026-09-26T04:45:00Z,ตะพานหิน,109,0.0,0.0,0.0,,,True
1790397900,2026-09-26T04:45:00Z,เมืองพิจิตร,138,0.0,0.0,0.0,,,True
1790397900,2026-09-26T04:45:00Z,วังทรายพูน,66,0.0,0.0,0.0,,,True
1790398800,2026-09-26T05:00:00Z,พิชัย,176,0.0,0.0,0.0,,,True
1790398800,2026-09-26T05:00:00Z,ลับแล,116,0.0,0.0,0.0,,,True
1790398800,2026-09-26T05:00:00Z,ฟากท่า,163,0.007,0.201,0.0552,,30,True
1790398800,2026-09-26T05:00:00Z,บ้านโคก,247,0.006,0.201,0.0364,,15,True
1790398800,2026-09-26T05:00:00Z,ท่าปลา,442,0.0,0.0,0.0,,,True
1790398800,2026-09-26T05:00:00Z,น้ำปาด,363,0.001,0.098,0.0138,,120,True
1790398800,2026-09-26T05:00:00Z,เมืองอุตรดิตถ์,202,0.0,0.0,0.0,,,True
1790398800,2026-09-26T05:00:00Z,ตรอน,80,0.0,0.0,0.0,,,True
1790398800,2026-09-26T05:00:00Z,หล่มเก่า,246,0.0,0.0,0.0,,,True
1790398800,2026-09-26T05:00:00Z,วิเชียรบุรี,377,0.0,0.098,0.0027,,120,True
1790398800,2026-09-26T05:00:00Z,ชนแดน,279,0.001,0.098,0.0072,,15,True
1790398800,2026-09-26T05:00:00Z,หล่มสัก,350,0.0,0.0,0.0,,,True
1790398800,2026-09-26T05:00:00Z,เมืองเพชรบูรณ์,571,0.0,0.0,0.0,,,True
1790398800,2026-09-26T05:00:00Z,ทองแสนขัน,185,0.0,0.0,0.0,,,True
1790398800,2026-09-26T05:00:00Z,บึงสามัคคี,71,0.0,0.0,0.0,,,True
1790398800,2026-09-26T05:00:00Z,โกสัมพีนคร,137,0.002,0.098,0.0219,,120,True
1790398800,2026-09-26T05:00:00Z,สอง,380,0.0,0.0,0.0,,,True
1790398800,2026-09-26T05:00:00Z,วังชิ้น,255,0.0,0.0,0.0,,,True
1790398800,2026-09-26T05:00:00Z,สูงเม่น,88,0.0,0.0,0.0,,,True
1790398800,2026-09-26T05:00:00Z,เด่นชัย,135,0.0,0.0,0.0,,,True
1790398800,2026-09-26T05:00:00Z,ร้องกวาง,221,0.0,0.0,0.0,,,True
1790398800,2026-09-26T05:00:00Z,ลอง,317,0.0,0.0,0.0,,,True
1790398800,2026-09-26T05:00:00Z,เมืองแพร่,205,0.005,0.201,0.039,,105,True
1790398800,2026-09-26T05:00:00Z,ทัพทัน,94,0.0,0.0,0.0,,,True
1790398800,2026-09-26T05:00:00Z,สว่างอารมณ์,110,0.006,0.201,0.0545,,105,True
1790398800,2026-09-26T05:00:00Z,เมืองอุทัยธานี,59,0.0,0.0,0.0,,,True
1790398800,2026-09-26T05:00:00Z,ห้วยคต,94,0.02,0.196,0.1702,75,30,True
1790398800,2026-09-26T05:00:00Z,ศรีสวัสดิ์,440,0.001,0.098,0.0068,,15,True
1790398800,2026-09-26T05:00:00Z,บ้านไร่,821,0.005,0.196,0.0426,,15,True
1790398800,2026-09-26T05:00:00Z,ลานสัก,360,0.0,0.0,0.0,,,True
1790398800,2026-09-26T05:00:00Z,หนองฉาง,89,0.011,0.098,0.1124,60,30,True
1790398800,2026-09-26T05:00:00Z,หนองขาหย่าง,43,0.023,0.098,0.2326,15,15,True
1790398800,2026-09-26T05:00:00Z,เชียงม่วน,82,0.0,0.0,0.0,,,True
1790398800,2026-09-26T05:00:00Z,ดอกคำใต้,37,0.0,0.0,0.0,,,True
1790398800,2026-09-26T05:00:00Z,เมืองพะเยา,6,0.0,0.0,0.0,,,True
1790398800,2026-09-26T05:00:00Z,ทองผาภูมิ,851,0.001,0.098,0.0082,,15,True
1790398800,2026-09-26T05:00:00Z,สังขละบุรี,793,0.001,0.098,0.0076,,60,True
1790398800,2026-09-26T05:00:00Z,หนองม่วงไข่,35,0.0,0.0,0.0,,,True
1790398800,2026-09-26T05:00:00Z,ภูเวียง,81,0.0,0.0,0.0,,,True
1790398800,2026-09-26T05:00:00Z,มัญจาคีรี,50,0.0,0.0,0.0,,,True
1790398800,2026-09-26T05:00:00Z,หนองปรือ,104,0.0,0.0,0.0,,,True
1790398800,2026-09-26T05:00:00Z,เลาขวัญ,123,0.002,0.098,0.0163,,105,True
1790398800,2026-09-26T05:00:00Z,หนองนาคำ,43,0.0,0.0,0.0,,,True
1790398800,2026-09-26T05:00:00Z,โคกโพธิ์ไชย,65,0.0,0.0,0.0,,,True
1790398800,2026-09-26T05:00:00Z,บ้านหลวง,91,0.0,0.0,0.0,,,True
1790398800,2026-09-26T05:00:00Z,นาน้อย,266,0.0,0.0,0.0,,,True
1790398800,2026-09-26T05:00:00Z,ภูผาม่าน,74,0.0,0.0,0.0,,,True
1790398800,2026-09-26T05:00:00Z,เมืองน่าน,161,0.0,0.0,0.0,,,True
1790398800,2026-09-26T05:00:00Z,แม่จริม,262,0.0,0.0,0.0,,,True
1790398800,2026-09-26T05:00:00Z,เวียงเก่า,78,0.0,0.0,0.0,,,True
1790398800,2026-09-26T05:00:00Z,เมืองกำแพงเพชร,368,0.0,0.098,0.0027,,120,True
1790398800,2026-09-26T05:00:00Z,ไทรงาม,133,0.0,0.0,0.0,,,True
1790398800,2026-09-26T05:00:00Z,ปางศิลาทอง,186,0.002,0.201,0.0108,,15,True
1790398800,2026-09-26T05:00:00Z,ลานกระบือ,103,0.006,0.098,0.0583,,60,True
1790398800,2026-09-26T05:00:00Z,ทรายทองวัฒนา,53,0.0,0.0,0.0,,,True
1790398800,2026-09-26T05:00:00Z,คลองขลุง,179,0.0,0.0,0.0,,,True
1790398800,2026-09-26T05:00:00Z,พรานกระต่าย,252,0.021,0.201,0.1944,105,75,True
1790398800,2026-09-26T05:00:00Z,คลองลาน,363,0.0,0.098,0.0028,,15,True
1790398800,2026-09-26T05:00:00Z,ขาณุวรลักษบุรี,296,0.0,0.0,0.0,,,True
1790398800,2026-09-26T05:00:00Z,ภูเพียง,113,0.0,0.0,0.0,,,True
1790398800,2026-09-26T05:00:00Z,นาหมื่น,245,0.015,0.288,0.1184,105,60,True
1790398800,2026-09-26T05:00:00Z,เวียงสา,543,0.0,0.0,0.0,,,True
1790398800,2026-09-26T05:00:00Z,น้ำโสม,153,0.0,0.0,0.0,,,True
1790398800,2026-09-26T05:00:00Z,นายูง,126,0.0,0.0,0.0,,,True
1790398800,2026-09-26T05:00:00Z,ชุมแพ,173,0.0,0.0,0.0,,,True
1790398800,2026-09-26T05:00:00Z,สีชมพู,132,0.0,0.0,0.0,,,True
1790398800,2026-09-26T05:00:00Z,สุวรรณคูหา,140,0.0,0.0,0.0,,,True
1790398800,2026-09-26T05:00:00Z,นาวัง,65,0.0,0.0,0.0,,,True
1790398800,2026-09-26T05:00:00Z,หนองเรือ,80,0.0,0.0,0.0,,,True
1790398800,2026-09-26T05:00:00Z,โนนสัง,51,0.0,0.0,0.0,,,True
1790398800,2026-09-26T05:00:00Z,ศรีบุญเรือง,224,0.0,0.0,0.0,,,True
1790398800,2026-09-26T05:00:00Z,เมืองหนองบัวลำภู,217,0.0,0.0,0.0,,,True
1790398800,2026-09-26T05:00:00Z,นากลาง,173,0.0,0.0,0.0,,,True
1790398800,2026-09-26T05:00:00Z,ทุ่งเสลี่ยม,144,0.0,0.0,0.0,,,True
1790398800,2026-09-26T05:00:00Z,ดอยหล่อ,56,0.0,0.0,0.0,,,True
1790398800,2026-09-26T05:00:00Z,เมืองตาก,486,0.009,0.098,0.0967,,15,True
1790398800,2026-09-26T05:00:00Z,แม่ออน,116,0.0,0.0,0.0,,,True
1790398800,2026-09-26T05:00:00Z,อุ้มผาง,1209,0.025,1.314,0.072,,15,True
1790398800,2026-09-26T05:00:00Z,วังเจ้า,183,0.0,0.0,0.0,,,True
1790398800,2026-09-26T05:00:00Z,แม่สอด,398,0.035,1.216,0.1206,90,15,True
1790398800,2026-09-26T05:00:00Z,พบพระ,249,0.001,0.098,0.008,,15,True
1790398800,2026-09-26T05:00:00Z,แม่ระมาด,380,0.002,0.098,0.0158,,75,True
1790398800,2026-09-26T05:00:00Z,ท่าสองยาง,401,0.0,0.0,0.0,,,True
1790398800,2026-09-26T05:00:00Z,บ้านตาก,255,0.0,0.098,0.0039,,60,True
1790398800,2026-09-26T05:00:00Z,สามเงา,698,0.0,0.0,0.0,,,True
1790398800,2026-09-26T05:00:00Z,จอมทอง,280,0.0,0.0,0.0,,,True
1790398800,2026-09-26T05:00:00Z,แก้งสนามนาง,79,0.0,0.0,0.0,,,True
1790398800,2026-09-26T05:00:00Z,สีคิ้ว,292,0.0,0.0,0.0,,,True
1790398800,2026-09-26T05:00:00Z,พระทองคำ,90,0.0,0.0,0.0,,,True
1790398800,2026-09-26T05:00:00Z,เทพารักษ์,92,0.01,0.098,0.0978,,15,True
1790398800,2026-09-26T05:00:00Z,สันกำแพง,65,0.0,0.0,0.0,,,True
1790398800,2026-09-26T05:00:00Z,สันป่าตอง,44,0.0,0.0,0.0,,,True
1790398800,2026-09-26T05:00:00Z,ดอยเต่า,213,0.0,0.0,0.0,,,True
1790398800,2026-09-26T05:00:00Z,อมก๋อย,704,0.0,0.0,0.0,,,True
1790398800,2026-09-26T05:00:00Z,ฮอด,378,0.0,0.0,0.0,,,True
1790398800,2026-09-26T05:00:00Z,เมืองลำพูน,117,0.0,0.0,0.0,,,True
1790398800,2026-09-26T05:00:00Z,แม่ทา,192,0.0,0.0,0.0,,,True
1790398800,2026-09-26T05:00:00Z,บ้านธิ,34,0.0,0.0,0.0,,,True
1790398800,2026-09-26T05:00:00Z,บ้านหมอ,24,0.0,0.0,0.0,,,True
1790398800,2026-09-26T05:00:00Z,เวียงหนองล่อง,14,0.0,0.0,0.0,,,True
1790398800,2026-09-26T05:00:00Z,ทุ่งหัวช้าง,113,0.0,0.0,0.0,,,True
1790398800,2026-09-26T05:00:00Z,ป่าซาง,74,0.0,0.0,0.0,,,True
1790398800,2026-09-26T05:00:00Z,บ้านโฮ่ง,124,0.0,0.0,0.0,,,True
1790398800,2026-09-26T05:00:00Z,แก่งคอย,73,0.0,0.0,0.0,,,True
1790398800,2026-09-26T05:00:00Z,ลี้,454,0.0,0.0,0.0,,,True
1790398800,2026-09-26T05:00:00Z,พระพุทธบาท,55,0.002,0.098,0.0182,,15,True
1790398800,2026-09-26T05:00:00Z,ดอนพุด,7,0.0,0.0,0.0,,,True
1790398800,2026-09-26T05:00:00Z,หนองโดน,31,0.032,0.201,0.2903,15,15,True
1790398800,2026-09-26T05:00:00Z,เมืองลำปาง,300,0.0,0.0,0.0,,,True
1790398800,2026-09-26T05:00:00Z,เถิน,443,0.0,0.0,0.0,,,True
1790398800,2026-09-26T05:00:00Z,แม่พริก,167,0.0,0.0,0.0,,,True
1790398800,2026-09-26T05:00:00Z,แจ้ห่ม,274,0.0,0.0,0.0,,,True
1790398800,2026-09-26T05:00:00Z,แม่เปิน,85,0.001,0.098,0.0118,,105,True
1790398800,2026-09-26T05:00:00Z,เสริมงาม,185,0.0,0.0,0.0,,,True
1790398800,2026-09-26T05:00:00Z,ชุมตาบง,61,0.003,0.098,0.0328,,120,True
1790398800,2026-09-26T05:00:00Z,งาว,344,0.0,0.0,0.0,,,True
1790398800,2026-09-26T05:00:00Z,ตากฟ้า,125,0.0,0.0,0.0,,,True
1790398800,2026-09-26T05:00:00Z,แม่เมาะ,283,0.0,0.0,0.0,,,True
1790398800,2026-09-26T05:00:00Z,แม่วงก์,257,0.05,1.314,0.1362,30,15,True
1790398800,2026-09-26T05:00:00Z,เกาะคา,128,0.0,0.0,0.0,,,True
1790398800,2026-09-26T05:00:00Z,พยุหะคีรี,169,0.01,0.098,0.1006,120,15,True
1790398800,2026-09-26T05:00:00Z,ลาดยาว,187,0.013,0.196,0.1176,105,60,True
1790398800,2026-09-26T05:00:00Z,สบปราบ,125,0.0,0.0,0.0,,,True
1790398800,2026-09-26T05:00:00Z,ห้างฉัตร,154,0.0,0.0,0.0,,,True
1790398800,2026-09-26T05:00:00Z,แม่ทะ,203,0.0,0.0,0.0,,,True
1790398800,2026-09-26T05:00:00Z,เมืองปาน,202,0.0,0.0,0.0,,,True
1790398800,2026-09-26T05:00:00Z,เมืองอ่างทอง,6,0.0,0.0,0.0,,,True
1790398800,2026-09-26T05:00:00Z,ไชโย,20,0.035,0.201,0.3,60,60,True
1790398800,2026-09-26T05:00:00Z,สามโก้,10,0.0,0.0,0.0,,,True
1790398800,2026-09-26T05:00:00Z,แสวงหา,43,0.0,0.0,0.0,,,True
1790398800,2026-09-26T05:00:00Z,วิเศษชัยชาญ,7,0.0,0.0,0.0,,,True
1790398800,2026-09-26T05:00:00Z,โพธิ์ทอง,48,0.049,0.201,0.4167,75,75,True
1790398800,2026-09-26T05:00:00Z,เมืองลพบุรี,190,0.009,0.201,0.0789,,30,True
1790398800,2026-09-26T05:00:00Z,เดิมบางนางบวช,130,0.0,0.0,0.0,,,True
1790398800,2026-09-26T05:00:00Z,ด่านช้าง,309,0.0,0.0,0.0,,,True
1790398800,2026-09-26T05:00:00Z,หนองม่วง,111,0.0,0.0,0.0,,,True
1790398800,2026-09-26T05:00:00Z,ลำสนธิ,136,0.007,0.196,0.0662,,60,True
1790398800,2026-09-26T05:00:00Z,สามชุก,77,0.004,0.098,0.039,,45,True
1790398800,2026-09-26T05:00:00Z,ดอนเจดีย์,72,0.0,0.0,0.0,,,True
1790398800,2026-09-26T05:00:00Z,สระโบสถ์,83,0.0,0.0,0.0,,,True
1790398800,2026-09-26T05:00:00Z,ศรีประจันต์,41,0.024,0.201,0.1951,120,120,True
1790398800,2026-09-26T05:00:00Z,โคกเจริญ,135,0.0,0.0,0.0,,,True
1790398800,2026-09-26T05:00:00Z,บ้านหมี่,136,0.0,0.0,0.0,,,True
1790398800,2026-09-26T05:00:00Z,ท่าหลวง,100,0.0,0.0,0.0,,,True
1790398800,2026-09-26T05:00:00Z,ชัยบาดาล,280,0.0,0.098,0.0036,,75,True
1790398800,2026-09-26T05:00:00Z,ท่าวุ้ง,64,0.009,0.201,0.0781,,60,True
1790398800,2026-09-26T05:00:00Z,พัฒนานิคม,217,0.0,0.0,0.0,,,True
1790398800,2026-09-26T05:00:00Z,โคกสำโรง,180,0.0,0.0,0.0,,,True
1790398800,2026-09-26T05:00:00Z,หนองหญ้าไซ,108,0.001,0.098,0.0093,,60,True
1790398800,2026-09-26T05:00:00Z,ท่าช้าง,11,0.0,0.0,0.0,,,True
1790398800,2026-09-26T05:00:00Z,อินทร์บุรี,66,0.0,0.0,0.0,,,True
1790398800,2026-09-26T05:00:00Z,ค่ายบางระจัน,26,0.0,0.0,0.0,,,True
1790398800,2026-09-26T05:00:00Z,พรหมบุรี,19,0.0,0.0,0.0,,,True
1790398800,2026-09-26T05:00:00Z,เนินสง่า,65,0.0,0.0,0.0,,,True
1790398800,2026-09-26T05:00:00Z,เมืองสิงห์บุรี,31,0.0,0.0,0.0,,,True
1790398800,2026-09-26T05:00:00Z,ซับใหญ่,72,0.0,0.0,0.0,,,True
1790398800,2026-09-26T05:00:00Z,บางระจัน,46,0.0,0.0,0.0,,,True
1790398800,2026-09-26T05:00:00Z,ภูกระดึง,190,0.0,0.0,0.0,,,True
1790398800,2026-09-26T05:00:00Z,ภูหลวง,145,0.0,0.0,0.0,,,True
1790398800,2026-09-26T05:00:00Z,หนองหิน,78,0.0,0.0,0.0,,,True
1790398800,2026-09-26T05:00:00Z,ผาขาว,100,0.0,0.0,0.0,,,True
1790398800,2026-09-26T05:00:00Z,เอราวัณ,87,0.0,0.0,0.0,,,True
1790398800,2026-09-26T05:00:00Z,วังสะพุง,281,0.0,0.098,0.0036,,15,True
1790398800,2026-09-26T05:00:00Z,วังม่วง,70,0.0,0.0,0.0,,,True
1790398800,2026-09-26T05:00:00Z,เฉลิมพระเกียรติ,35,0.0,0.0,0.0,,,True
1790398800,2026-09-26T05:00:00Z,มวกเหล็ก,175,0.0,0.0,0.0,,,True
1790398800,2026-09-26T05:00:00Z,บ้านเขว้า,124,0.0,0.0,0.0,,,True
1790398800,2026-09-26T05:00:00Z,คอนสวรรค์,113,0.0,0.0,0.0,,,True
1790398800,2026-09-26T05:00:00Z,เมืองชัยภูมิ,358,0.0,0.0,0.0,,,True
1790398800,2026-09-26T05:00:00Z,วังทอง,425,0.0,0.0,0.0,,,True
1790398800,2026-09-26T05:00:00Z,เนินมะปราง,276,0.0,0.0,0.0,,,True
1790398800,2026-09-26T05:00:00Z,สวรรคโลก,156,0.0,0.0,0.0,,,True
1790398800,2026-09-26T05:00:00Z,ศรีนคร,46,0.0,0.0,0.0,,,True
1790398800,2026-09-26T05:00:00Z,หันคา,139,0.0,0.0,0.0,,,True
1790398800,2026-09-26T05:00:00Z,ศรีสัชนาลัย,534,0.0,0.0,0.0,,,True
1790398800,2026-09-26T05:00:00Z,หนองมะโมง,76,0.015,0.196,0.1447,45,15,True
1790398800,2026-09-26T05:00:00Z,ศรีสำโรง,142,0.0,0.0,0.0,,,True
1790398800,2026-09-26T05:00:00Z,สรรพยา,55,0.0,0.0,0.0,,,True
1790398800,2026-09-26T05:00:00Z,คีรีมาศ,171,0.005,0.098,0.0468,,75,True
1790398800,2026-09-26T05:00:00Z,สรรคบุรี,89,0.0,0.0,0.0,,,True
1790398800,2026-09-26T05:00:00Z,กงไกรลาศ,108,0.005,0.098,0.0463,,30,True
1790398800,2026-09-26T05:00:00Z,มโนรมย์,66,0.0,0.0,0.0,,,True
1790398800,2026-09-26T05:00:00Z,เมืองสุโขทัย,136,0.006,0.098,0.0662,,45,True
1790398800,2026-09-26T05:00:00Z,วัดสิงห์,67,0.0,0.0,0.0,,,True
1790398800,2026-09-26T05:00:00Z,บ้านด่านลานหอย,231,0.002,0.098,0.0216,,75,True
1790398800,2026-09-26T05:00:00Z,เมืองชัยนาท,70,0.0,0.0,0.0,,,True
1790398800,2026-09-26T05:00:00Z,เนินขาม,65,0.0,0.0,0.0,,,True
1790398800,2026-09-26T05:00:00Z,คอนสาร,334,0.0,0.0,0.0,,,True
1790398800,2026-09-26T05:00:00Z,ภักดีชุมพล,154,0.0,0.0,0.0,,,True
1790398800,2026-09-26T05:00:00Z,บ้านแท่น,76,0.0,0.0,0.0,,,True
1790398800,2026-09-26T05:00:00Z,แก้งคร้อ,168,0.0,0.0,0.0,,,True
1790398800,2026-09-26T05:00:00Z,ภูเขียว,201,0.0,0.0,0.0,,,True
1790398800,2026-09-26T05:00:00Z,หนองบัวระเหว,179,0.0,0.0,0.0,,,True
1790398800,2026-09-26T05:00:00Z,เทพสถิต,239,0.008,0.196,0.0669,,15,True
1790398800,2026-09-26T05:00:00Z,จัตุรัส,172,0.0,0.0,0.0,,,True
1790398800,2026-09-26T05:00:00Z,บำเหน็จณรงค์,120,0.007,0.196,0.0583,,15,True
1790398800,2026-09-26T05:00:00Z,เกษตรสมบูรณ์,268,0.0,0.0,0.0,,,True
1790398800,2026-09-26T05:00:00Z,หนองบัวแดง,537,0.0,0.0,0.0,,,True
1790398800,2026-09-26T05:00:00Z,ภูเรือ,168,0.001,0.098,0.0119,,30,True
1790398800,2026-09-26T05:00:00Z,ท่าลี่,171,0.0,0.0,0.0,,,True
1790398800,2026-09-26T05:00:00Z,วชิรบารมี,68,0.0,0.0,0.0,,,True
1790398800,2026-09-26T05:00:00Z,ด่านซ้าย,341,0.0,0.0,0.0,,,True
1790398800,2026-09-26T05:00:00Z,นาแห้ว,153,0.0,0.0,0.0,,,True
1790398800,2026-09-26T05:00:00Z,บึงนาราง,74,0.0,0.0,0.0,,,True
1790398800,2026-09-26T05:00:00Z,เชียงคาน,213,0.005,0.098,0.0469,,15,True
1790398800,2026-09-26T05:00:00Z,ดงเจริญ,56,0.002,0.098,0.0179,,45,True
1790398800,2026-09-26T05:00:00Z,ปากชม,240,0.0,0.0,0.0,,,True
1790398800,2026-09-26T05:00:00Z,เมืองเลย,314,0.0,0.0,0.0,,,True
1790398800,2026-09-26T05:00:00Z,นาด้วง,143,0.0,0.0,0.0,,,True
1790398800,2026-09-26T05:00:00Z,สากเหล็ก,45,0.0,0.0,0.0,,,True
1790398800,2026-09-26T05:00:00Z,สามง่าม,89,0.0,0.0,0.0,,,True
1790398800,2026-09-26T05:00:00Z,ทับคล้อ,104,0.0,0.0,0.0,,,True
1790398800,2026-09-26T05:00:00Z,พรหมพิราม,206,0.003,0.098,0.0291,,15,True
1790398800,2026-09-26T05:00:00Z,ด่านขุนทด,344,0.0,0.098,0.0029,,15,True
1790398800,2026-09-26T05:00:00Z,วัดโบสถ์,226,0.0,0.0,0.0,,,True
1790398800,2026-09-26T05:00:00Z,บางระกำ,246,0.017,0.201,0.1667,45,30,True
1790398800,2026-09-26T05:00:00Z,บางกระทุ่ม,91,0.002,0.098,0.022,,15,True
1790398800,2026-09-26T05:00:00Z,นครไทย,597,0.0,0.0,0.0,,,True
1790398800,2026-09-26T05:00:00Z,ชาติตระการ,415,0.0,0.098,0.0048,,120,True
1790398800,2026-09-26T05:00:00Z,บ้านเหลื่อม,55,0.0,0.0,0.0,,,True
1790398800,2026-09-26T05:00:00Z,เมืองพิษณุโลก,178,0.008,0.201,0.073,,15,True
1790398800,2026-09-26T05:00:00Z,ชุมแสง,145,0.012,0.201,0.1103,30,15,True
1790398800,2026-09-26T05:00:00Z,หนองบัว,208,0.0,0.0,0.0,,,True
1790398800,2026-09-26T05:00:00Z,เมืองนครสวรรค์,183,0.011,0.201,0.1093,90,30,True
1790398800,2026-09-26T05:00:00Z,โกรกพระ,71,0.004,0.098,0.0423,,120,True
1790398800,2026-09-26T05:00:00Z,ไพศาลี,244,0.004,0.098,0.0451,,15,True
1790398800,2026-09-26T05:00:00Z,ตาคลี,206,0.0,0.0,0.0,,,True
1790398800,2026-09-26T05:00:00Z,ท่าตะโก,211,0.007,0.098,0.0758,,45,True
1790398800,2026-09-26T05:00:00Z,เขาค้อ,207,0.0,0.0,0.0,,,True
1790398800,2026-09-26T05:00:00Z,บรรพตพิสัย,181,0.002,0.098,0.0221,,60,True
1790398800,2026-09-26T05:00:00Z,เก้าเลี้ยว,57,0.007,0.098,0.0702,,45,True
1790398800,2026-09-26T05:00:00Z,วังโป่ง,123,0.0,0.0,0.0,,,True
1790398800,2026-09-26T05:00:00Z,บึงสามพัน,194,0.0,0.0,0.0,,,True
1790398800,2026-09-26T05:00:00Z,น้ำหนาว,231,0.0,0.0,0.0,,,True
1790398800,2026-09-26T05:00:00Z,ศรีเทพ,204,0.013,0.196,0.1324,105,75,True
1790398800,2026-09-26T05:00:00Z,หนองไผ่,315,0.0,0.0,0.0,,,True
1790398800,2026-09-26T05:00:00Z,มหาราช,4,0.0,0.0,0.0,,,False
1790398800,2026-09-26T05:00:00Z,บ้านแพรก,10,0.0,0.0,0.0,,,True
1790398800,2026-09-26T05:00:00Z,บางมูลนาก,99,0.003,0.098,0.0303,,60,True
1790398800,2026-09-26T05:00:00Z,โพทะเล,131,0.002,0.098,0.0229,,90,True
1790398800,2026-09-26T05:00:00Z,โพธิ์ประทับช้าง,102,0.0,0.0,0.0,,,True
1790398800,2026-09-26T05:00:00Z,ตะพานหิน,109,0.0,0.0,0.0,,,True
1790398800,2026-09-26T05:00:00Z,เมืองพิจิตร,138,0.0,0.0,0.0,,,True
1790398800,2026-09-26T05:00:00Z,วังทรายพูน,66,0.0,0.0,0.0,,,True
1790399700,2026-09-26T05:15:00Z,พิชัย,176,0.0,0.0,0.0,,,True
1790399700,2026-09-26T05:15:00Z,ลับแล,116,0.0,0.0,0.0,,,True
1790399700,2026-09-26T05:15:00Z,ฟากท่า,163,0.018,0.299,0.1472,45,30,True
1790399700,2026-09-26T05:15:00Z,บ้านโคก,247,0.019,0.201,0.17,60,15,True
1790399700,2026-09-26T05:15:00Z,ท่าปลา,442,0.0,0.0,0.0,,,True
1790399700,2026-09-26T05:15:00Z,น้ำปาด,363,0.0,0.0,0.0,,,True
1790399700,2026-09-26T05:15:00Z,เมืองอุตรดิตถ์,202,0.0,0.0,0.0,,,True
1790399700,2026-09-26T05:15:00Z,ตรอน,80,0.0,0.0,0.0,,,True
1790399700,2026-09-26T05:15:00Z,หล่มเก่า,246,0.0,0.0,0.0,,,True
1790399700,2026-09-26T05:15:00Z,วิเชียรบุรี,377,0.0,0.0,0.0,,,True
1790399700,2026-09-26T05:15:00Z,ชนแดน,279,0.0,0.0,0.0,,,True
1790399700,2026-09-26T05:15:00Z,หล่มสัก,350,0.0,0.0,0.0,,,True
1790399700,2026-09-26T05:15:00Z,เมืองเพชรบูรณ์,571,0.0,0.0,0.0,,,True
1790399700,2026-09-26T05:15:00Z,ทองแสนขัน,185,0.0,0.0,0.0,,,True
1790399700,2026-09-26T05:15:00Z,บึงสามัคคี,71,0.0,0.0,0.0,,,True
1790399700,2026-09-26T05:15:00Z,โกสัมพีนคร,137,0.021,0.201,0.1752,105,105,True
1790399700,2026-09-26T05:15:00Z,สอง,380,0.0,0.0,0.0,,,True
1790399700,2026-09-26T05:15:00Z,วังชิ้น,255,0.0,0.0,0.0,,,True
1790399700,2026-09-26T05:15:00Z,สูงเม่น,88,0.0,0.0,0.0,,,True
1790399700,2026-09-26T05:15:00Z,เด่นชัย,135,0.0,0.0,0.0,,,True
1790399700,2026-09-26T05:15:00Z,ร้องกวาง,221,0.004,0.201,0.0317,,120,True
1790399700,2026-09-26T05:15:00Z,ลอง,317,0.0,0.0,0.0,,,True
1790399700,2026-09-26T05:15:00Z,เมืองแพร่,205,0.002,0.098,0.0195,,105,True
1790399700,2026-09-26T05:15:00Z,ทัพทัน,94,0.011,0.098,0.117,120,45,True
1790399700,2026-09-26T05:15:00Z,สว่างอารมณ์,110,0.031,0.386,0.2182,75,45,True
1790399700,2026-09-26T05:15:00Z,เมืองอุทัยธานี,59,0.0,0.0,0.0,,,True
1790399700,2026-09-26T05:15:00Z,ห้วยคต,94,0.007,0.098,0.0745,,60,True
1790399700,2026-09-26T05:15:00Z,ศรีสวัสดิ์,440,0.0,0.0,0.0,,,True
1790399700,2026-09-26T05:15:00Z,บ้านไร่,821,0.013,0.299,0.1035,120,15,True
1790399700,2026-09-26T05:15:00Z,ลานสัก,360,0.013,0.288,0.1083,120,90,True
1790399700,2026-09-26T05:15:00Z,หนองฉาง,89,0.002,0.098,0.0225,,15,True
1790399700,2026-09-26T05:15:00Z,หนองขาหย่าง,43,0.002,0.098,0.0233,,15,True
1790399700,2026-09-26T05:15:00Z,เชียงม่วน,82,0.0,0.0,0.0,,,True
1790399700,2026-09-26T05:15:00Z,ดอกคำใต้,37,0.0,0.0,0.0,,,True
1790399700,2026-09-26T05:15:00Z,เมืองพะเยา,6,0.0,0.0,0.0,,,True
1790399700,2026-09-26T05:15:00Z,ทองผาภูมิ,851,0.0,0.0,0.0,,,True
1790399700,2026-09-26T05:15:00Z,สังขละบุรี,793,0.002,0.299,0.0088,,105,True
1790399700,2026-09-26T05:15:00Z,หนองม่วงไข่,35,0.0,0.0,0.0,,,True
1790399700,2026-09-26T05:15:00Z,ภูเวียง,81,0.0,0.0,0.0,,,True
1790399700,2026-09-26T05:15:00Z,มัญจาคีรี,50,0.0,0.0,0.0,,,True
1790399700,2026-09-26T05:15:00Z,หนองปรือ,104,0.0,0.0,0.0,,,True
1790399700,2026-09-26T05:15:00Z,เลาขวัญ,123,0.0,0.0,0.0,,,True
1790399700,2026-09-26T05:15:00Z,หนองนาคำ,43,0.0,0.0,0.0,,,True
1790399700,2026-09-26T05:15:00Z,โคกโพธิ์ไชย,65,0.0,0.0,0.0,,,True
1790399700,2026-09-26T05:15:00Z,บ้านหลวง,91,0.0,0.0,0.0,,,True
1790399700,2026-09-26T05:15:00Z,นาน้อย,266,0.002,0.098,0.0188,,105,True
1790399700,2026-09-26T05:15:00Z,ภูผาม่าน,74,0.0,0.0,0.0,,,True
1790399700,2026-09-26T05:15:00Z,เมืองน่าน,161,0.0,0.0,0.0,,,True
1790399700,2026-09-26T05:15:00Z,แม่จริม,262,0.0,0.0,0.0,,,True
1790399700,2026-09-26T05:15:00Z,เวียงเก่า,78,0.0,0.0,0.0,,,True
1790399700,2026-09-26T05:15:00Z,เมืองกำแพงเพชร,368,0.004,0.098,0.038,,90,True
1790399700,2026-09-26T05:15:00Z,ไทรงาม,133,0.011,0.098,0.1128,105,90,True
1790399700,2026-09-26T05:15:00Z,ปางศิลาทอง,186,0.0,0.0,0.0,,,True
1790399700,2026-09-26T05:15:00Z,ลานกระบือ,103,0.014,0.201,0.1359,45,45,True
1790399700,2026-09-26T05:15:00Z,ทรายทองวัฒนา,53,0.0,0.0,0.0,,,True
1790399700,2026-09-26T05:15:00Z,คลองขลุง,179,0.0,0.0,0.0,,,True
1790399700,2026-09-26T05:15:00Z,พรานกระต่าย,252,0.023,0.201,0.2103,75,60,True
1790399700,2026-09-26T05:15:00Z,คลองลาน,363,0.0,0.0,0.0,,,True
1790399700,2026-09-26T05:15:00Z,ขาณุวรลักษบุรี,296,0.005,0.098,0.0473,,60,True
1790399700,2026-09-26T05:15:00Z,ภูเพียง,113,0.0,0.0,0.0,,,True
1790399700,2026-09-26T05:15:00Z,นาหมื่น,245,0.042,0.299,0.3224,75,60,True
1790399700,2026-09-26T05:15:00Z,เวียงสา,543,0.0,0.0,0.0,,,True
1790399700,2026-09-26T05:15:00Z,น้ำโสม,153,0.0,0.0,0.0,,,True
1790399700,2026-09-26T05:15:00Z,นายูง,126,0.0,0.0,0.0,,,True
1790399700,2026-09-26T05:15:00Z,ชุมแพ,173,0.0,0.0,0.0,,,True
1790399700,2026-09-26T05:15:00Z,สีชมพู,132,0.0,0.0,0.0,,,True
1790399700,2026-09-26T05:15:00Z,สุวรรณคูหา,140,0.0,0.0,0.0,,,True
1790399700,2026-09-26T05:15:00Z,นาวัง,65,0.0,0.0,0.0,,,True
1790399700,2026-09-26T05:15:00Z,หนองเรือ,80,0.0,0.0,0.0,,,True
1790399700,2026-09-26T05:15:00Z,โนนสัง,51,0.0,0.0,0.0,,,True
1790399700,2026-09-26T05:15:00Z,ศรีบุญเรือง,224,0.0,0.0,0.0,,,True
1790399700,2026-09-26T05:15:00Z,เมืองหนองบัวลำภู,217,0.0,0.0,0.0,,,True
1790399700,2026-09-26T05:15:00Z,นากลาง,173,0.0,0.0,0.0,,,True
1790399700,2026-09-26T05:15:00Z,ทุ่งเสลี่ยม,144,0.0,0.0,0.0,,,True
1790399700,2026-09-26T05:15:00Z,ดอยหล่อ,56,0.0,0.0,0.0,,,True
1790399700,2026-09-26T05:15:00Z,เมืองตาก,486,0.02,0.848,0.1358,60,15,True
1790399700,2026-09-26T05:15:00Z,แม่ออน,116,0.0,0.0,0.0,,,True
1790399700,2026-09-26T05:15:00Z,อุ้มผาง,1209,0.028,1.216,0.091,,15,True
1790399700,2026-09-26T05:15:00Z,วังเจ้า,183,0.026,0.592,0.1366,120,15,True
1790399700,2026-09-26T05:15:00Z,แม่สอด,398,0.053,2.496,0.2362,45,15,True
1790399700,2026-09-26T05:15:00Z,พบพระ,249,0.038,1.216,0.1325,60,15,True
1790399700,2026-09-26T05:15:00Z,แม่ระมาด,380,0.002,0.201,0.0184,,60,True
1790399700,2026-09-26T05:15:00Z,ท่าสองยาง,401,0.0,0.0,0.0,,,True
1790399700,2026-09-26T05:15:00Z,บ้านตาก,255,0.003,0.098,0.0314,,30,True
1790399700,2026-09-26T05:15:00Z,สามเงา,698,0.001,0.098,0.0072,,60,True
1790399700,2026-09-26T05:15:00Z,จอมทอง,280,0.0,0.0,0.0,,,True
1790399700,2026-09-26T05:15:00Z,แก้งสนามนาง,79,0.0,0.0,0.0,,,True
1790399700,2026-09-26T05:15:00Z,สีคิ้ว,292,0.0,0.0,0.0,,,True
1790399700,2026-09-26T05:15:00Z,พระทองคำ,90,0.0,0.0,0.0,,,True
1790399700,2026-09-26T05:15:00Z,เทพารักษ์,92,0.0,0.0,0.0,,,True
1790399700,2026-09-26T05:15:00Z,สันกำแพง,65,0.0,0.0,0.0,,,True
1790399700,2026-09-26T05:15:00Z,สันป่าตอง,44,0.0,0.0,0.0,,,True
1790399700,2026-09-26T05:15:00Z,ดอยเต่า,213,0.001,0.098,0.0141,,30,True
1790399700,2026-09-26T05:15:00Z,อมก๋อย,704,0.001,0.098,0.0057,,75,True
1790399700,2026-09-26T05:15:00Z,ฮอด,378,0.0,0.0,0.0,,,True
1790399700,2026-09-26T05:15:00Z,เมืองลำพูน,117,0.0,0.0,0.0,,,True
1790399700,2026-09-26T05:15:00Z,แม่ทา,192,0.0,0.0,0.0,,,True
1790399700,2026-09-26T05:15:00Z,บ้านธิ,34,0.0,0.0,0.0,,,True
1790399700,2026-09-26T05:15:00Z,บ้านหมอ,24,0.0,0.0,0.0,,,True
1790399700,2026-09-26T05:15:00Z,เวียงหนองล่อง,14,0.0,0.0,0.0,,,True
1790399700,2026-09-26T05:15:00Z,ทุ่งหัวช้าง,113,0.0,0.0,0.0,,,True
1790399700,2026-09-26T05:15:00Z,ป่าซาง,74,0.0,0.0,0.0,,,True
1790399700,2026-09-26T05:15:00Z,บ้านโฮ่ง,124,0.0,0.0,0.0,,,True
1790399700,2026-09-26T05:15:00Z,แก่งคอย,73,0.0,0.0,0.0,,,True
1790399700,2026-09-26T05:15:00Z,ลี้,454,0.0,0.098,0.0022,,15,True
1790399700,2026-09-26T05:15:00Z,พระพุทธบาท,55,0.002,0.098,0.0182,,15,True
1790399700,2026-09-26T05:15:00Z,ดอนพุด,7,0.0,0.0,0.0,,,True
1790399700,2026-09-26T05:15:00Z,หนองโดน,31,0.013,0.098,0.129,30,15,True
1790399700,2026-09-26T05:15:00Z,เมืองลำปาง,300,0.0,0.0,0.0,,,True
1790399700,2026-09-26T05:15:00Z,เถิน,443,0.0,0.0,0.0,,,True
1790399700,2026-09-26T05:15:00Z,แม่พริก,167,0.0,0.0,0.0,,,True
1790399700,2026-09-26T05:15:00Z,แจ้ห่ม,274,0.0,0.0,0.0,,,True
1790399700,2026-09-26T05:15:00Z,แม่เปิน,85,0.043,0.592,0.1882,90,75,True
1790399700,2026-09-26T05:15:00Z,เสริมงาม,185,0.0,0.0,0.0,,,True
1790399700,2026-09-26T05:15:00Z,ชุมตาบง,61,0.104,0.69,0.3934,60,45,True
1790399700,2026-09-26T05:15:00Z,งาว,344,0.0,0.0,0.0,,,True
1790399700,2026-09-26T05:15:00Z,ตากฟ้า,125,0.0,0.0,0.0,,,True
1790399700,2026-09-26T05:15:00Z,แม่เมาะ,283,0.0,0.0,0.0,,,True
1790399700,2026-09-26T05:15:00Z,แม่วงก์,257,0.041,0.848,0.1595,15,15,True
1790399700,2026-09-26T05:15:00Z,เกาะคา,128,0.0,0.0,0.0,,,True
1790399700,2026-09-26T05:15:00Z,พยุหะคีรี,169,0.004,0.098,0.0414,,75,True
1790399700,2026-09-26T05:15:00Z,ลาดยาว,187,0.082,0.848,0.4011,45,15,True
1790399700,2026-09-26T05:15:00Z,สบปราบ,125,0.0,0.0,0.0,,,True
1790399700,2026-09-26T05:15:00Z,ห้างฉัตร,154,0.0,0.0,0.0,,,True
1790399700,2026-09-26T05:15:00Z,แม่ทะ,203,0.0,0.0,0.0,,,True
1790399700,2026-09-26T05:15:00Z,เมืองปาน,202,0.0,0.0,0.0,,,True
1790399700,2026-09-26T05:15:00Z,เมืองอ่างทอง,6,0.0,0.0,0.0,,,True
1790399700,2026-09-26T05:15:00Z,ไชโย,20,0.01,0.098,0.1,75,60,True
1790399700,2026-09-26T05:15:00Z,สามโก้,10,0.0,0.0,0.0,,,True
1790399700,2026-09-26T05:15:00Z,แสวงหา,43,0.009,0.098,0.093,,75,True
1790399700,2026-09-26T05:15:00Z,วิเศษชัยชาญ,7,0.0,0.0,0.0,,,True
1790399700,2026-09-26T05:15:00Z,โพธิ์ทอง,48,0.024,0.098,0.25,90,75,True
1790399700,2026-09-26T05:15:00Z,เมืองลพบุรี,190,0.005,0.098,0.0474,,15,True
1790399700,2026-09-26T05:15:00Z,เดิมบางนางบวช,130,0.0,0.0,0.0,,,True
1790399700,2026-09-26T05:15:00Z,ด่านช้าง,309,0.0,0.0,0.0,,,True
1790399700,2026-09-26T05:15:00Z,หนองม่วง,111,0.0,0.0,0.0,,,True
1790399700,2026-09-26T05:15:00Z,ลำสนธิ,136,0.0,0.0,0.0,,,True
1790399700,2026-09-26T05:15:00Z,สามชุก,77,0.006,0.098,0.0649,,105,True
1790399700,2026-09-26T05:15:00Z,ดอนเจดีย์,72,0.0,0.0,0.0,,,True
1790399700,2026-09-26T05:15:00Z,สระโบสถ์,83,0.0,0.0,0.0,,,True
1790399700,2026-09-26T05:15:00Z,ศรีประจันต์,41,0.012,0.098,0.122,120,105,True
1790399700,2026-09-26T05:15:00Z,โคกเจริญ,135,0.002,0.098,0.0222,,105,True
1790399700,2026-09-26T05:15:00Z,บ้านหมี่,136,0.0,0.0,0.0,,,True
1790399700,2026-09-26T05:15:00Z,ท่าหลวง,100,0.0,0.0,0.0,,,True
1790399700,2026-09-26T05:15:00Z,ชัยบาดาล,280,0.0,0.0,0.0,,,True
1790399700,2026-09-26T05:15:00Z,ท่าวุ้ง,64,0.011,0.098,0.1094,60,30,True
1790399700,2026-09-26T05:15:00Z,พัฒนานิคม,217,0.0,0.0,0.0,,,True
1790399700,2026-09-26T05:15:00Z,โคกสำโรง,180,0.0,0.0,0.0,,,True
1790399700,2026-09-26T05:15:00Z,หนองหญ้าไซ,108,0.0,0.0,0.0,,,True
1790399700,2026-09-26T05:15:00Z,ท่าช้าง,11,0.027,0.098,0.2727,60,60,True
1790399700,2026-09-26T05:15:00Z,อินทร์บุรี,66,0.0,0.0,0.0,,,True
1790399700,2026-09-26T05:15:00Z,ค่ายบางระจัน,26,0.0,0.0,0.0,,,True
1790399700,2026-09-26T05:15:00Z,พรหมบุรี,19,0.0,0.0,0.0,,,True
1790399700,2026-09-26T05:15:00Z,เนินสง่า,65,0.0,0.0,0.0,,,True
1790399700,2026-09-26T05:15:00Z,เมืองสิงห์บุรี,31,0.0,0.0,0.0,,,True
1790399700,2026-09-26T05:15:00Z,ซับใหญ่,72,0.0,0.0,0.0,,,True
1790399700,2026-09-26T05:15:00Z,บางระจัน,46,0.0,0.0,0.0,,,True
1790399700,2026-09-26T05:15:00Z,ภูกระดึง,190,0.0,0.0,0.0,,,True
1790399700,2026-09-26T05:15:00Z,ภูหลวง,145,0.0,0.0,0.0,,,True
1790399700,2026-09-26T05:15:00Z,หนองหิน,78,0.0,0.0,0.0,,,True
1790399700,2026-09-26T05:15:00Z,ผาขาว,100,0.0,0.0,0.0,,,True
1790399700,2026-09-26T05:15:00Z,เอราวัณ,87,0.0,0.0,0.0,,,True
1790399700,2026-09-26T05:15:00Z,วังสะพุง,281,0.003,0.098,0.0285,,15,True
1790399700,2026-09-26T05:15:00Z,วังม่วง,70,0.0,0.0,0.0,,,True
1790399700,2026-09-26T05:15:00Z,เฉลิมพระเกียรติ,35,0.0,0.0,0.0,,,True
1790399700,2026-09-26T05:15:00Z,มวกเหล็ก,175,0.0,0.0,0.0,,,True
1790399700,2026-09-26T05:15:00Z,บ้านเขว้า,124,0.0,0.0,0.0,,,True
1790399700,2026-09-26T05:15:00Z,คอนสวรรค์,113,0.0,0.0,0.0,,,True
1790399700,2026-09-26T05:15:00Z,เมืองชัยภูมิ,358,0.0,0.0,0.0,,,True
1790399700,2026-09-26T05:15:00Z,วังทอง,425,0.0,0.0,0.0,,,True
1790399700,2026-09-26T05:15:00Z,เนินมะปราง,276,0.0,0.0,0.0,,,True
1790399700,2026-09-26T05:15:00Z,สวรรคโลก,156,0.0,0.0,0.0,,,True
1790399700,2026-09-26T05:15:00Z,ศรีนคร,46,0.0,0.0,0.0,,,True
1790399700,2026-09-26T05:15:00Z,หันคา,139,0.0,0.0,0.0,,,True
1790399700,2026-09-26T05:15:00Z,ศรีสัชนาลัย,534,0.0,0.0,0.0,,,True
1790399700,2026-09-26T05:15:00Z,หนองมะโมง,76,0.041,0.299,0.3553,15,15,True
1790399700,2026-09-26T05:15:00Z,ศรีสำโรง,142,0.0,0.0,0.0,,,True
1790399700,2026-09-26T05:15:00Z,สรรพยา,55,0.0,0.0,0.0,,,True
1790399700,2026-09-26T05:15:00Z,คีรีมาศ,171,0.013,0.098,0.1345,75,45,True
1790399700,2026-09-26T05:15:00Z,สรรคบุรี,89,0.0,0.0,0.0,,,True
1790399700,2026-09-26T05:15:00Z,กงไกรลาศ,108,0.011,0.098,0.1111,60,15,True
1790399700,2026-09-26T05:15:00Z,มโนรมย์,66,0.0,0.0,0.0,,,True
1790399700,2026-09-26T05:15:00Z,เมืองสุโขทัย,136,0.004,0.098,0.0441,,15,True
1790399700,2026-09-26T05:15:00Z,วัดสิงห์,67,0.0,0.0,0.0,,,True
1790399700,2026-09-26T05:15:00Z,บ้านด่านลานหอย,231,0.007,0.098,0.0736,,15,True
1790399700,2026-09-26T05:15:00Z,เมืองชัยนาท,70,0.0,0.0,0.0,,,True
1790399700,2026-09-26T05:15:00Z,เนินขาม,65,0.0,0.0,0.0,,,True
1790399700,2026-09-26T05:15:00Z,คอนสาร,334,0.0,0.0,0.0,,,True
1790399700,2026-09-26T05:15:00Z,ภักดีชุมพล,154,0.0,0.0,0.0,,,True
1790399700,2026-09-26T05:15:00Z,บ้านแท่น,76,0.0,0.0,0.0,,,True
1790399700,2026-09-26T05:15:00Z,แก้งคร้อ,168,0.0,0.0,0.0,,,True
1790399700,2026-09-26T05:15:00Z,ภูเขียว,201,0.0,0.0,0.0,,,True
1790399700,2026-09-26T05:15:00Z,หนองบัวระเหว,179,0.0,0.0,0.0,,,True
1790399700,2026-09-26T05:15:00Z,เทพสถิต,239,0.0,0.098,0.0042,,15,True
1790399700,2026-09-26T05:15:00Z,จัตุรัส,172,0.0,0.0,0.0,,,True
1790399700,2026-09-26T05:15:00Z,บำเหน็จณรงค์,120,0.0,0.0,0.0,,,True
1790399700,2026-09-26T05:15:00Z,เกษตรสมบูรณ์,268,0.0,0.0,0.0,,,True
1790399700,2026-09-26T05:15:00Z,หนองบัวแดง,537,0.0,0.0,0.0,,,True
1790399700,2026-09-26T05:15:00Z,ภูเรือ,168,0.008,0.098,0.0774,,15,True
1790399700,2026-09-26T05:15:00Z,ท่าลี่,171,0.0,0.0,0.0,,,True
1790399700,2026-09-26T05:15:00Z,วชิรบารมี,68,0.016,0.098,0.1618,75,60,True
1790399700,2026-09-26T05:15:00Z,ด่านซ้าย,341,0.002,0.098,0.0235,,60,True
1790399700,2026-09-26T05:15:00Z,นาแห้ว,153,0.004,0.098,0.0458,,90,True
1790399700,2026-09-26T05:15:00Z,บึงนาราง,74,0.0,0.0,0.0,,,True
1790399700,2026-09-26T05:15:00Z,เชียงคาน,213,0.0,0.0,0.0,,,True
1790399700,2026-09-26T05:15:00Z,ดงเจริญ,56,0.003,0.098,0.0357,,15,True
1790399700,2026-09-26T05:15:00Z,ปากชม,240,0.0,0.0,0.0,,,True
1790399700,2026-09-26T05:15:00Z,เมืองเลย,314,0.0,0.0,0.0,,,True
1790399700,2026-09-26T05:15:00Z,นาด้วง,143,0.0,0.0,0.0,,,True
1790399700,2026-09-26T05:15:00Z,สากเหล็ก,45,0.02,0.098,0.2,15,15,True
1790399700,2026-09-26T05:15:00Z,สามง่าม,89,0.003,0.098,0.0337,,60,True
1790399700,2026-09-26T05:15:00Z,ทับคล้อ,104,0.0,0.0,0.0,,,True
1790399700,2026-09-26T05:15:00Z,พรหมพิราม,206,0.0,0.0,0.0,,,True
1790399700,2026-09-26T05:15:00Z,ด่านขุนทด,344,0.0,0.0,0.0,,,True
1790399700,2026-09-26T05:15:00Z,วัดโบสถ์,226,0.0,0.0,0.0,,,True
1790399700,2026-09-26T05:15:00Z,บางระกำ,246,0.025,0.201,0.2195,30,15,True
1790399700,2026-09-26T05:15:00Z,บางกระทุ่ม,91,0.0,0.0,0.0,,,True
1790399700,2026-09-26T05:15:00Z,นครไทย,597,0.0,0.098,0.0034,,120,True
1790399700,2026-09-26T05:15:00Z,ชาติตระการ,415,0.0,0.0,0.0,,,True
1790399700,2026-09-26T05:15:00Z,บ้านเหลื่อม,55,0.0,0.0,0.0,,,True
1790399700,2026-09-26T05:15:00Z,เมืองพิษณุโลก,178,0.003,0.098,0.0337,,15,True
1790399700,2026-09-26T05:15:00Z,ชุมแสง,145,0.019,0.592,0.0966,,15,True
1790399700,2026-09-26T05:15:00Z,หนองบัว,208,0.0,0.0,0.0,,,True
1790399700,2026-09-26T05:15:00Z,เมืองนครสวรรค์,183,0.064,0.592,0.3388,30,15,True
1790399700,2026-09-26T05:15:00Z,โกรกพระ,71,0.03,0.201,0.2958,45,15,True
1790399700,2026-09-26T05:15:00Z,ไพศาลี,244,0.002,0.098,0.0246,,15,True
1790399700,2026-09-26T05:15:00Z,ตาคลี,206,0.0,0.0,0.0,,,True
1790399700,2026-09-26T05:15:00Z,ท่าตะโก,211,0.012,0.098,0.1185,60,30,True
1790399700,2026-09-26T05:15:00Z,เขาค้อ,207,0.0,0.0,0.0,,,True
1790399700,2026-09-26T05:15:00Z,บรรพตพิสัย,181,0.015,0.098,0.1547,90,30,True
1790399700,2026-09-26T05:15:00Z,เก้าเลี้ยว,57,0.019,0.201,0.1754,30,15,True
1790399700,2026-09-26T05:15:00Z,วังโป่ง,123,0.0,0.0,0.0,,,True
1790399700,2026-09-26T05:15:00Z,บึงสามพัน,194,0.0,0.0,0.0,,,True
1790399700,2026-09-26T05:15:00Z,น้ำหนาว,231,0.0,0.0,0.0,,,True
1790399700,2026-09-26T05:15:00Z,ศรีเทพ,204,0.002,0.098,0.0245,,45,True
1790399700,2026-09-26T05:15:00Z,หนองไผ่,315,0.0,0.0,0.0,,,True
1790399700,2026-09-26T05:15:00Z,มหาราช,4,0.0,0.0,0.0,,,False
1790399700,2026-09-26T05:15:00Z,บ้านแพรก,10,0.0,0.0,0.0,,,True
1790399700,2026-09-26T05:15:00Z,บางมูลนาก,99,0.005,0.098,0.0505,,30,True
1790399700,2026-09-26T05:15:00Z,โพทะเล,131,0.007,0.098,0.0687,,15,True
1790399700,2026-09-26T05:15:00Z,โพธิ์ประทับช้าง,102,0.0,0.0,0.0,,,True
1790399700,2026-09-26T05:15:00Z,ตะพานหิน,109,0.0,0.0,0.0,,,True
1790399700,2026-09-26T05:15:00Z,เมืองพิจิตร,138,0.007,0.098,0.0725,,30,True
1790399700,2026-09-26T05:15:00Z,วังทรายพูน,66,0.0,0.0,0.0,,,True
1790400600,2026-09-26T05:30:00Z,พิชัย,176,0.0,0.0,0.0,,,True
1790400600,2026-09-26T05:30:00Z,ลับแล,116,0.0,0.0,0.0,,,True
1790400600,2026-09-26T05:30:00Z,ฟากท่า,163,0.008,0.196,0.0613,,15,True
1790400600,2026-09-26T05:30:00Z,บ้านโคก,247,0.026,0.299,0.1862,45,15,True
1790400600,2026-09-26T05:30:00Z,ท่าปลา,442,0.0,0.0,0.0,,,True
1790400600,2026-09-26T05:30:00Z,น้ำปาด,363,0.0,0.0,0.0,,,True
1790400600,2026-09-26T05:30:00Z,เมืองอุตรดิตถ์,202,0.0,0.0,0.0,,,True
1790400600,2026-09-26T05:30:00Z,ตรอน,80,0.0,0.0,0.0,,,True
1790400600,2026-09-26T05:30:00Z,หล่มเก่า,246,0.0,0.0,0.0,,,True
1790400600,2026-09-26T05:30:00Z,วิเชียรบุรี,377,0.0,0.0,0.0,,,True
1790400600,2026-09-26T05:30:00Z,ชนแดน,279,0.0,0.0,0.0,,,True
1790400600,2026-09-26T05:30:00Z,หล่มสัก,350,0.0,0.0,0.0,,,True
1790400600,2026-09-26T05:30:00Z,เมืองเพชรบูรณ์,571,0.0,0.0,0.0,,,True
1790400600,2026-09-26T05:30:00Z,ทองแสนขัน,185,0.0,0.0,0.0,,,True
1790400600,2026-09-26T05:30:00Z,บึงสามัคคี,71,0.0,0.0,0.0,,,True
1790400600,2026-09-26T05:30:00Z,โกสัมพีนคร,137,0.081,0.413,0.4891,105,15,True
1790400600,2026-09-26T05:30:00Z,สอง,380,0.0,0.0,0.0,,,True
1790400600,2026-09-26T05:30:00Z,วังชิ้น,255,0.0,0.0,0.0,,,True
1790400600,2026-09-26T05:30:00Z,สูงเม่น,88,0.0,0.0,0.0,,,True
1790400600,2026-09-26T05:30:00Z,เด่นชัย,135,0.0,0.0,0.0,,,True
1790400600,2026-09-26T05:30:00Z,ร้องกวาง,221,0.004,0.196,0.0362,,105,True
1790400600,2026-09-26T05:30:00Z,ลอง,317,0.0,0.0,0.0,,,True
1790400600,2026-09-26T05:30:00Z,เมืองแพร่,205,0.001,0.098,0.0098,,120,True
1790400600,2026-09-26T05:30:00Z,ทัพทัน,94,0.009,0.098,0.0957,,30,True
1790400600,2026-09-26T05:30:00Z,สว่างอารมณ์,110,0.059,0.201,0.4909,30,30,True
1790400600,2026-09-26T05:30:00Z,เมืองอุทัยธานี,59,0.0,0.0,0.0,,,True
1790400600,2026-09-26T05:30:00Z,ห้วยคต,94,0.002,0.098,0.0213,,45,True
1790400600,2026-09-26T05:30:00Z,ศรีสวัสดิ์,440,0.002,0.201,0.0182,,120,True
1790400600,2026-09-26T05:30:00Z,บ้านไร่,821,0.021,0.288,0.1425,90,15,True
1790400600,2026-09-26T05:30:00Z,ลานสัก,360,0.032,0.592,0.2472,90,60,True
1790400600,2026-09-26T05:30:00Z,หนองฉาง,89,0.0,0.0,0.0,,,True
1790400600,2026-09-26T05:30:00Z,หนองขาหย่าง,43,0.0,0.0,0.0,,,True
1790400600,2026-09-26T05:30:00Z,เชียงม่วน,82,0.0,0.0,0.0,,,True
1790400600,2026-09-26T05:30:00Z,ดอกคำใต้,37,0.0,0.0,0.0,,,True
1790400600,2026-09-26T05:30:00Z,เมืองพะเยา,6,0.0,0.0,0.0,,,True
1790400600,2026-09-26T05:30:00Z,ทองผาภูมิ,851,0.0,0.0,0.0,,,True
1790400600,2026-09-26T05:30:00Z,สังขละบุรี,793,0.006,0.788,0.0189,,90,True
1790400600,2026-09-26T05:30:00Z,หนองม่วงไข่,35,0.0,0.0,0.0,,,True
1790400600,2026-09-26T05:30:00Z,ภูเวียง,81,0.0,0.0,0.0,,,True
1790400600,2026-09-26T05:30:00Z,มัญจาคีรี,50,0.0,0.0,0.0,,,True
1790400600,2026-09-26T05:30:00Z,หนองปรือ,104,0.0,0.0,0.0,,,True
1790400600,2026-09-26T05:30:00Z,เลาขวัญ,123,0.0,0.0,0.0,,,True
1790400600,2026-09-26T05:30:00Z,หนองนาคำ,43,0.0,0.0,0.0,,,True
1790400600,2026-09-26T05:30:00Z,โคกโพธิ์ไชย,65,0.0,0.0,0.0,,,True
1790400600,2026-09-26T05:30:00Z,บ้านหลวง,91,0.0,0.0,0.0,,,True
1790400600,2026-09-26T05:30:00Z,นาน้อย,266,0.005,0.196,0.0451,,75,True
1790400600,2026-09-26T05:30:00Z,ภูผาม่าน,74,0.0,0.0,0.0,,,True
1790400600,2026-09-26T05:30:00Z,เมืองน่าน,161,0.0,0.0,0.0,,,True
1790400600,2026-09-26T05:30:00Z,แม่จริม,262,0.0,0.0,0.0,,,True
1790400600,2026-09-26T05:30:00Z,เวียงเก่า,78,0.0,0.0,0.0,,,True
1790400600,2026-09-26T05:30:00Z,เมืองกำแพงเพชร,368,0.01,0.299,0.0707,,75,True
1790400600,2026-09-26T05:30:00Z,ไทรงาม,133,0.004,0.098,0.0376,,45,True
1790400600,2026-09-26T05:30:00Z,ปางศิลาทอง,186,0.0,0.0,0.0,,,True
1790400600,2026-09-26T05:30:00Z,ลานกระบือ,103,0.054,0.386,0.3107,30,30,True
1790400600,2026-09-26T05:30:00Z,ทรายทองวัฒนา,53,0.0,0.0,0.0,,,True
1790400600,2026-09-26T05:30:00Z,คลองขลุง,179,0.0,0.0,0.0,,,True
1790400600,2026-09-26T05:30:00Z,พรานกระต่าย,252,0.083,0.386,0.5556,60,45,True
1790400600,2026-09-26T05:30:00Z,คลองลาน,363,0.0,0.0,0.0,,,True
1790400600,2026-09-26T05:30:00Z,ขาณุวรลักษบุรี,296,0.022,0.592,0.1115,105,15,True
1790400600,2026-09-26T05:30:00Z,ภูเพียง,113,0.0,0.0,0.0,,,True
1790400600,2026-09-26T05:30:00Z,นาหมื่น,245,0.035,0.201,0.2694,75,45,True
1790400600,2026-09-26T05:30:00Z,เวียงสา,543,0.0,0.0,0.0,,,True
1790400600,2026-09-26T05:30:00Z,น้ำโสม,153,0.0,0.0,0.0,,,True
1790400600,2026-09-26T05:30:00Z,นายูง,126,0.0,0.0,0.0,,,True
1790400600,2026-09-26T05:30:00Z,ชุมแพ,173,0.0,0.0,0.0,,,True
1790400600,2026-09-26T05:30:00Z,สีชมพู,132,0.0,0.0,0.0,,,True
1790400600,2026-09-26T05:30:00Z,สุวรรณคูหา,140,0.0,0.0,0.0,,,True
1790400600,2026-09-26T05:30:00Z,นาวัง,65,0.0,0.0,0.0,,,True
1790400600,2026-09-26T05:30:00Z,หนองเรือ,80,0.0,0.0,0.0,,,True
1790400600,2026-09-26T05:30:00Z,โนนสัง,51,0.0,0.0,0.0,,,True
1790400600,2026-09-26T05:30:00Z,ศรีบุญเรือง,224,0.0,0.0,0.0,,,True
1790400600,2026-09-26T05:30:00Z,เมืองหนองบัวลำภู,217,0.0,0.0,0.0,,,True
1790400600,2026-09-26T05:30:00Z,นากลาง,173,0.0,0.0,0.0,,,True
1790400600,2026-09-26T05:30:00Z,ทุ่งเสลี่ยม,144,0.0,0.0,0.0,,,True
1790400600,2026-09-26T05:30:00Z,ดอยหล่อ,56,0.0,0.0,0.0,,,True
1790400600,2026-09-26T05:30:00Z,เมืองตาก,486,0.007,0.098,0.072,,15,True
1790400600,2026-09-26T05:30:00Z,แม่ออน,116,0.0,0.0,0.0,,,True
1790400600,2026-09-26T05:30:00Z,อุ้มผาง,1209,0.033,0.788,0.1505,60,15,True
1790400600,2026-09-26T05:30:00Z,วังเจ้า,183,0.037,0.592,0.2732,120,15,True
1790400600,2026-09-26T05:30:00Z,แม่สอด,398,0.01,0.201,0.0955,,15,True
1790400600,2026-09-26T05:30:00Z,พบพระ,249,0.033,0.592,0.1968,60,15,True
1790400600,2026-09-26T05:30:00Z,แม่ระมาด,380,0.0,0.0,0.0,,,True
1790400600,2026-09-26T05:30:00Z,ท่าสองยาง,401,0.0,0.0,0.0,,,True
1790400600,2026-09-26T05:30:00Z,บ้านตาก,255,0.0,0.098,0.0039,,75,True
1790400600,2026-09-26T05:30:00Z,สามเงา,698,0.002,0.201,0.0143,,45,True
1790400600,2026-09-26T05:30:00Z,จอมทอง,280,0.0,0.0,0.0,,,True
1790400600,2026-09-26T05:30:00Z,แก้งสนามนาง,79,0.0,0.0,0.0,,,True
1790400600,2026-09-26T05:30:00Z,สีคิ้ว,292,0.0,0.0,0.0,,,True
1790400600,2026-09-26T05:30:00Z,พระทองคำ,90,0.0,0.0,0.0,,,True
1790400600,2026-09-26T05:30:00Z,เทพารักษ์,92,0.0,0.0,0.0,,,True
1790400600,2026-09-26T05:30:00Z,สันกำแพง,65,0.0,0.0,0.0,,,True
1790400600,2026-09-26T05:30:00Z,สันป่าตอง,44,0.0,0.0,0.0,,,True
1790400600,2026-09-26T05:30:00Z,ดอยเต่า,213,0.0,0.0,0.0,,,True
1790400600,2026-09-26T05:30:00Z,อมก๋อย,704,0.002,0.098,0.0185,,75,True
1790400600,2026-09-26T05:30:00Z,ฮอด,378,0.0,0.0,0.0,,,True
1790400600,2026-09-26T05:30:00Z,เมืองลำพูน,117,0.0,0.0,0.0,,,True
1790400600,2026-09-26T05:30:00Z,แม่ทา,192,0.0,0.0,0.0,,,True
1790400600,2026-09-26T05:30:00Z,บ้านธิ,34,0.0,0.0,0.0,,,True
1790400600,2026-09-26T05:30:00Z,บ้านหมอ,24,0.0,0.0,0.0,,,True
1790400600,2026-09-26T05:30:00Z,เวียงหนองล่อง,14,0.0,0.0,0.0,,,True
1790400600,2026-09-26T05:30:00Z,ทุ่งหัวช้าง,113,0.0,0.0,0.0,,,True
1790400600,2026-09-26T05:30:00Z,ป่าซาง,74,0.0,0.0,0.0,,,True
1790400600,2026-09-26T05:30:00Z,บ้านโฮ่ง,124,0.0,0.0,0.0,,,True
1790400600,2026-09-26T05:30:00Z,แก่งคอย,73,0.0,0.0,0.0,,,True
1790400600,2026-09-26T05:30:00Z,ลี้,454,0.002,0.098,0.0198,,15,True
1790400600,2026-09-26T05:30:00Z,พระพุทธบาท,55,0.023,0.288,0.1273,15,15,True
1790400600,2026-09-26T05:30:00Z,ดอนพุด,7,0.0,0.0,0.0,,,True
1790400600,2026-09-26T05:30:00Z,หนองโดน,31,0.045,0.402,0.1935,15,15,True
1790400600,2026-09-26T05:30:00Z,เมืองลำปาง,300,0.0,0.0,0.0,,,True
1790400600,2026-09-26T05:30:00Z,เถิน,443,0.001,0.098,0.009,,15,True
1790400600,2026-09-26T05:30:00Z,แม่พริก,167,0.0,0.0,0.0,,,True
1790400600,2026-09-26T05:30:00Z,แจ้ห่ม,274,0.0,0.0,0.0,,,True
1790400600,2026-09-26T05:30:00Z,แม่เปิน,85,0.098,1.216,0.3412,105,60,True
1790400600,2026-09-26T05:30:00Z,เสริมงาม,185,0.0,0.0,0.0,,,True
1790400600,2026-09-26T05:30:00Z,ชุมตาบง,61,0.227,1.216,0.7541,75,45,True
1790400600,2026-09-26T05:30:00Z,งาว,344,0.0,0.0,0.0,,,True
1790400600,2026-09-26T05:30:00Z,ตากฟ้า,125,0.0,0.0,0.0,,,True
1790400600,2026-09-26T05:30:00Z,แม่เมาะ,283,0.0,0.0,0.0,,,True
1790400600,2026-09-26T05:30:00Z,แม่วงก์,257,0.055,0.69,0.3152,90,15,True
1790400600,2026-09-26T05:30:00Z,เกาะคา,128,0.0,0.0,0.0,,,True
1790400600,2026-09-26T05:30:00Z,พยุหะคีรี,169,0.0,0.0,0.0,,,True
1790400600,2026-09-26T05:30:00Z,ลาดยาว,187,0.177,1.216,0.7701,45,15,True
1790400600,2026-09-26T05:30:00Z,สบปราบ,125,0.0,0.0,0.0,,,True
1790400600,2026-09-26T05:30:00Z,ห้างฉัตร,154,0.0,0.0,0.0,,,True
1790400600,2026-09-26T05:30:00Z,แม่ทะ,203,0.0,0.0,0.0,,,True
1790400600,2026-09-26T05:30:00Z,เมืองปาน,202,0.0,0.0,0.0,,,True
1790400600,2026-09-26T05:30:00Z,เมืองอ่างทอง,6,0.0,0.0,0.0,,,True
1790400600,2026-09-26T05:30:00Z,ไชโย,20,0.01,0.098,0.1,60,60,True
1790400600,2026-09-26T05:30:00Z,สามโก้,10,0.0,0.0,0.0,,,True
1790400600,2026-09-26T05:30:00Z,แสวงหา,43,0.156,0.402,0.6279,75,75,True
1790400600,2026-09-26T05:30:00Z,วิเศษชัยชาญ,7,0.0,0.0,0.0,,,True
1790400600,2026-09-26T05:30:00Z,โพธิ์ทอง,48,0.023,0.386,0.125,90,60,True
1790400600,2026-09-26T05:30:00Z,เมืองลพบุรี,190,0.04,0.386,0.2,30,15,True
1790400600,2026-09-26T05:30:00Z,เดิมบางนางบวช,130,0.005,0.201,0.0385,,90,True
1790400600,2026-09-26T05:30:00Z,ด่านช้าง,309,0.0,0.0,0.0,,,True
1790400600,2026-09-26T05:30:00Z,หนองม่วง,111,0.0,0.0,0.0,,,True
1790400600,2026-09-26T05:30:00Z,ลำสนธิ,136,0.0,0.0,0.0,,,True
1790400600,2026-09-26T05:30:00Z,สามชุก,77,0.042,0.386,0.2727,120,105,True
1790400600,2026-09-26T05:30:00Z,ดอนเจดีย์,72,0.0,0.0,0.0,,,True
1790400600,2026-09-26T05:30:00Z,สระโบสถ์,83,0.0,0.0,0.0,,,True
1790400600,2026-09-26T05:30:00Z,ศรีประจันต์,41,0.046,0.299,0.2195,105,105,True
1790400600,2026-09-26T05:30:00Z,โคกเจริญ,135,0.001,0.098,0.0074,,105,True
1790400600,2026-09-26T05:30:00Z,บ้านหมี่,136,0.0,0.0,0.0,,,True
1790400600,2026-09-26T05:30:00Z,ท่าหลวง,100,0.0,0.0,0.0,,,True
1790400600,2026-09-26T05:30:00Z,ชัยบาดาล,280,0.0,0.0,0.0,,,True
1790400600,2026-09-26T05:30:00Z,ท่าวุ้ง,64,0.048,0.386,0.2812,45,30,True
1790400600,2026-09-26T05:30:00Z,พัฒนานิคม,217,0.0,0.0,0.0,,,True
1790400600,2026-09-26T05:30:00Z,โคกสำโรง,180,0.0,0.0,0.0,,,True
1790400600,2026-09-26T05:30:00Z,หนองหญ้าไซ,108,0.0,0.0,0.0,,,True
1790400600,2026-09-26T05:30:00Z,ท่าช้าง,11,0.109,0.299,0.5455,75,60,True
1790400600,2026-09-26T05:30:00Z,อินทร์บุรี,66,0.0,0.0,0.0,,,True
1790400600,2026-09-26T05:30:00Z,ค่ายบางระจัน,26,0.038,0.201,0.2692,60,60,True
1790400600,2026-09-26T05:30:00Z,พรหมบุรี,19,0.115,0.402,0.4737,45,45,True
1790400600,2026-09-26T05:30:00Z,เนินสง่า,65,0.0,0.0,0.0,,,True
1790400600,2026-09-26T05:30:00Z,เมืองสิงห์บุรี,31,0.0,0.0,0.0,,,True
1790400600,2026-09-26T05:30:00Z,ซับใหญ่,72,0.0,0.0,0.0,,,True
1790400600,2026-09-26T05:30:00Z,บางระจัน,46,0.002,0.098,0.0217,,75,True
1790400600,2026-09-26T05:30:00Z,ภูกระดึง,190,0.0,0.0,0.0,,,True
1790400600,2026-09-26T05:30:00Z,ภูหลวง,145,0.0,0.0,0.0,,,True
1790400600,2026-09-26T05:30:00Z,หนองหิน,78,0.0,0.0,0.0,,,True
1790400600,2026-09-26T05:30:00Z,ผาขาว,100,0.0,0.0,0.0,,,True
1790400600,2026-09-26T05:30:00Z,เอราวัณ,87,0.0,0.0,0.0,,,True
1790400600,2026-09-26T05:30:00Z,วังสะพุง,281,0.0,0.0,0.0,,,True
1790400600,2026-09-26T05:30:00Z,วังม่วง,70,0.0,0.0,0.0,,,True
1790400600,2026-09-26T05:30:00Z,เฉลิมพระเกียรติ,35,0.0,0.0,0.0,,,True
1790400600,2026-09-26T05:30:00Z,มวกเหล็ก,175,0.0,0.0,0.0,,,True
1790400600,2026-09-26T05:30:00Z,บ้านเขว้า,124,0.0,0.0,0.0,,,True
1790400600,2026-09-26T05:30:00Z,คอนสวรรค์,113,0.0,0.0,0.0,,,True
1790400600,2026-09-26T05:30:00Z,เมืองชัยภูมิ,358,0.0,0.0,0.0,,,True
1790400600,2026-09-26T05:30:00Z,วังทอง,425,0.0,0.0,0.0,,,True
1790400600,2026-09-26T05:30:00Z,เนินมะปราง,276,0.0,0.0,0.0,,,True
1790400600,2026-09-26T05:30:00Z,สวรรคโลก,156,0.0,0.0,0.0,,,True
1790400600,2026-09-26T05:30:00Z,ศรีนคร,46,0.0,0.0,0.0,,,True
1790400600,2026-09-26T05:30:00Z,หันคา,139,0.0,0.0,0.0,,,True
1790400600,2026-09-26T05:30:00Z,ศรีสัชนาลัย,534,0.0,0.0,0.0,,,True
1790400600,2026-09-26T05:30:00Z,หนองมะโมง,76,0.035,0.288,0.2368,15,15,True
1790400600,2026-09-26T05:30:00Z,ศรีสำโรง,142,0.0,0.0,0.0,,,True
1790400600,2026-09-26T05:30:00Z,สรรพยา,55,0.0,0.0,0.0,,,True
1790400600,2026-09-26T05:30:00Z,คีรีมาศ,171,0.047,0.299,0.3626,45,30,True
1790400600,2026-09-26T05:30:00Z,สรรคบุรี,89,0.0,0.0,0.0,,,True
1790400600,2026-09-26T05:30:00Z,กงไกรลาศ,108,0.006,0.201,0.0556,,15,True
1790400600,2026-09-26T05:30:00Z,มโนรมย์,66,0.0,0.0,0.0,,,True
1790400600,2026-09-26T05:30:00Z,เมืองสุโขทัย,136,0.002,0.098,0.0221,,45,True
1790400600,2026-09-26T05:30:00Z,วัดสิงห์,67,0.0,0.0,0.0,,,True
1790400600,2026-09-26T05:30:00Z,บ้านด่านลานหอย,231,0.002,0.098,0.0173,,15,True
1790400600,2026-09-26T05:30:00Z,เมืองชัยนาท,70,0.0,0.0,0.0,,,True
1790400600,2026-09-26T05:30:00Z,เนินขาม,65,0.0,0.0,0.0,,,True
1790400600,2026-09-26T05:30:00Z,คอนสาร,334,0.0,0.0,0.0,,,True
1790400600,2026-09-26T05:30:00Z,ภักดีชุมพล,154,0.0,0.0,0.0,,,True
1790400600,2026-09-26T05:30:00Z,บ้านแท่น,76,0.0,0.0,0.0,,,True
1790400600,2026-09-26T05:30:00Z,แก้งคร้อ,168,0.0,0.0,0.0,,,True
1790400600,2026-09-26T05:30:00Z,ภูเขียว,201,0.0,0.0,0.0,,,True
1790400600,2026-09-26T05:30:00Z,หนองบัวระเหว,179,0.0,0.0,0.0,,,True
1790400600,2026-09-26T05:30:00Z,เทพสถิต,239,0.0,0.0,0.0,,,True
1790400600,2026-09-26T05:30:00Z,จัตุรัส,172,0.0,0.0,0.0,,,True
1790400600,2026-09-26T05:30:00Z,บำเหน็จณรงค์,120,0.0,0.0,0.0,,,True
1790400600,2026-09-26T05:30:00Z,เกษตรสมบูรณ์,268,0.0,0.0,0.0,,,True
1790400600,2026-09-26T05:30:00Z,หนองบัวแดง,537,0.0,0.0,0.0,,,True
1790400600,2026-09-26T05:30:00Z,ภูเรือ,168,0.0,0.0,0.0,,,True
1790400600,2026-09-26T05:30:00Z,ท่าลี่,171,0.0,0.0,0.0,,,True
1790400600,2026-09-26T05:30:00Z,วชิรบารมี,68,0.001,0.098,0.0147,,30,True
1790400600,2026-09-26T05:30:00Z,ด่านซ้าย,341,0.0,0.0,0.0,,,True
1790400600,2026-09-26T05:30:00Z,นาแห้ว,153,0.0,0.0,0.0,,,True
1790400600,2026-09-26T05:30:00Z,บึงนาราง,74,0.0,0.0,0.0,,,True
1790400600,2026-09-26T05:30:00Z,เชียงคาน,213,0.0,0.0,0.0,,,True
1790400600,2026-09-26T05:30:00Z,ดงเจริญ,56,0.0,0.0,0.0,,,True
1790400600,2026-09-26T05:30:00Z,ปากชม,240,0.0,0.0,0.0,,,True
1790400600,2026-09-26T05:30:00Z,เมืองเลย,314,0.0,0.0,0.0,,,True
1790400600,2026-09-26T05:30:00Z,นาด้วง,143,0.0,0.0,0.0,,,True
1790400600,2026-09-26T05:30:00Z,สากเหล็ก,45,0.0,0.0,0.0,,,True
1790400600,2026-09-26T05:30:00Z,สามง่าม,89,0.002,0.098,0.0225,,15,True
1790400600,2026-09-26T05:30:00Z,ทับคล้อ,104,0.0,0.0,0.0,,,True
1790400600,2026-09-26T05:30:00Z,พรหมพิราม,206,0.0,0.0,0.0,,,True
1790400600,2026-09-26T05:30:00Z,ด่านขุนทด,344,0.0,0.0,0.0,,,True
1790400600,2026-09-26T05:30:00Z,วัดโบสถ์,226,0.0,0.0,0.0,,,True
1790400600,2026-09-26T05:30:00Z,บางระกำ,246,0.063,0.299,0.4309,15,15,True
1790400600,2026-09-26T05:30:00Z,บางกระทุ่ม,91,0.0,0.0,0.0,,,True
1790400600,2026-09-26T05:30:00Z,นครไทย,597,0.0,0.098,0.0034,,30,True
1790400600,2026-09-26T05:30:00Z,ชาติตระการ,415,0.0,0.0,0.0,,,True
1790400600,2026-09-26T05:30:00Z,บ้านเหลื่อม,55,0.0,0.0,0.0,,,True
1790400600,2026-09-26T05:30:00Z,เมืองพิษณุโลก,178,0.004,0.288,0.0281,,15,True
1790400600,2026-09-26T05:30:00Z,ชุมแสง,145,0.019,0.592,0.0897,,15,True
1790400600,2026-09-26T05:30:00Z,หนองบัว,208,0.0,0.0,0.0,,,True
1790400600,2026-09-26T05:30:00Z,เมืองนครสวรรค์,183,0.08,1.216,0.3497,15,15,True
1790400600,2026-09-26T05:30:00Z,โกรกพระ,71,0.024,0.299,0.1831,15,15,True
1790400600,2026-09-26T05:30:00Z,ไพศาลี,244,0.0,0.0,0.0,,,True
1790400600,2026-09-26T05:30:00Z,ตาคลี,206,0.0,0.0,0.0,,,True
1790400600,2026-09-26T05:30:00Z,ท่าตะโก,211,0.002,0.098,0.0237,,15,True
1790400600,2026-09-26T05:30:00Z,เขาค้อ,207,0.0,0.0,0.0,,,True
1790400600,2026-09-26T05:30:00Z,บรรพตพิสัย,181,0.078,0.848,0.3923,45,15,True
1790400600,2026-09-26T05:30:00Z,เก้าเลี้ยว,57,0.104,0.413,0.7368,15,15,True
1790400600,2026-09-26T05:30:00Z,วังโป่ง,123,0.0,0.0,0.0,,,True
1790400600,2026-09-26T05:30:00Z,บึงสามพัน,194,0.0,0.0,0.0,,,True
1790400600,2026-09-26T05:30:00Z,น้ำหนาว,231,0.0,0.0,0.0,,,True
1790400600,2026-09-26T05:30:00Z,ศรีเทพ,204,0.0,0.0,0.0,,,True
1790400600,2026-09-26T05:30:00Z,หนองไผ่,315,0.0,0.0,0.0,,,True
1790400600,2026-09-26T05:30:00Z,มหาราช,4,0.0,0.0,0.0,,,False
1790400600,2026-09-26T05:30:00Z,บ้านแพรก,10,0.0,0.0,0.0,,,True
1790400600,2026-09-26T05:30:00Z,บางมูลนาก,99,0.008,0.288,0.0505,,15,True
1790400600,2026-09-26T05:30:00Z,โพทะเล,131,0.028,0.592,0.1298,30,15,True
1790400600,2026-09-26T05:30:00Z,โพธิ์ประทับช้าง,102,0.0,0.0,0.0,,,True
1790400600,2026-09-26T05:30:00Z,ตะพานหิน,109,0.001,0.098,0.0092,,90,True
1790400600,2026-09-26T05:30:00Z,เมืองพิจิตร,138,0.0,0.0,0.0,,,True
1790400600,2026-09-26T05:30:00Z,วังทรายพูน,66,0.0,0.0,0.0,,,True
1790401500,2026-09-26T05:45:00Z,พิชัย,176,0.0,0.0,0.0,,,True
1790401500,2026-09-26T05:45:00Z,ลับแล,116,0.0,0.0,0.0,,,True
1790401500,2026-09-26T05:45:00Z,ฟากท่า,163,0.007,0.299,0.0429,,30,True
1790401500,2026-09-26T05:45:00Z,บ้านโคก,247,0.045,0.592,0.2186,30,15,True
1790401500,2026-09-26T05:45:00Z,ท่าปลา,442,0.0,0.0,0.0,,,True
1790401500,2026-09-26T05:45:00Z,น้ำปาด,363,0.0,0.098,0.0028,,75,True
1790401500,2026-09-26T05:45:00Z,เมืองอุตรดิตถ์,202,0.0,0.0,0.0,,,True
1790401500,2026-09-26T05:45:00Z,ตรอน,80,0.0,0.0,0.0,,,True
1790401500,2026-09-26T05:45:00Z,หล่มเก่า,246,0.0,0.0,0.0,,,True
1790401500,2026-09-26T05:45:00Z,วิเชียรบุรี,377,0.0,0.0,0.0,,,True
1790401500,2026-09-26T05:45:00Z,ชนแดน,279,0.0,0.098,0.0036,,30,True
1790401500,2026-09-26T05:45:00Z,หล่มสัก,350,0.0,0.0,0.0,,,True
1790401500,2026-09-26T05:45:00Z,เมืองเพชรบูรณ์,571,0.0,0.0,0.0,,,True
1790401500,2026-09-26T05:45:00Z,ทองแสนขัน,185,0.0,0.0,0.0,,,True
1790401500,2026-09-26T05:45:00Z,บึงสามัคคี,71,0.0,0.0,0.0,,,True
1790401500,2026-09-26T05:45:00Z,โกสัมพีนคร,137,0.141,1.005,0.5547,90,75,True
1790401500,2026-09-26T05:45:00Z,สอง,380,0.0,0.0,0.0,,,True
1790401500,2026-09-26T05:45:00Z,วังชิ้น,255,0.0,0.0,0.0,,,True
1790401500,2026-09-26T05:45:00Z,สูงเม่น,88,0.067,0.848,0.2159,105,90,True
1790401500,2026-09-26T05:45:00Z,เด่นชัย,135,0.0,0.0,0.0,,,True
1790401500,2026-09-26T05:45:00Z,ร้องกวาง,221,0.004,0.201,0.0362,,120,True
1790401500,2026-09-26T05:45:00Z,ลอง,317,0.003,0.413,0.0126,,120,True
1790401500,2026-09-26T05:45:00Z,เมืองแพร่,205,0.031,0.848,0.1122,90,60,True
1790401500,2026-09-26T05:45:00Z,ทัพทัน,94,0.029,0.592,0.117,45,15,True
1790401500,2026-09-26T05:45:00Z,สว่างอารมณ์,110,0.109,0.592,0.4455,15,15,True
1790401500,2026-09-26T05:45:00Z,เมืองอุทัยธานี,59,0.0,0.0,0.0,,,True
1790401500,2026-09-26T05:45:00Z,ห้วยคต,94,0.005,0.201,0.0426,,30,True
1790401500,2026-09-26T05:45:00Z,ศรีสวัสดิ์,440,0.0,0.098,0.0045,,120,True
1790401500,2026-09-26T05:45:00Z,บ้านไร่,821,0.035,0.592,0.2217,60,15,True
1790401500,2026-09-26T05:45:00Z,ลานสัก,360,0.105,0.848,0.3472,90,45,True
1790401500,2026-09-26T05:45:00Z,หนองฉาง,89,0.0,0.0,0.0,,,True
1790401500,2026-09-26T05:45:00Z,หนองขาหย่าง,43,0.0,0.0,0.0,,,True
1790401500,2026-09-26T05:45:00Z,เชียงม่วน,82,0.0,0.0,0.0,,,True
1790401500,2026-09-26T05:45:00Z,ดอกคำใต้,37,0.0,0.0,0.0,,,True
1790401500,2026-09-26T05:45:00Z,เมืองพะเยา,6,0.0,0.0,0.0,,,True
1790401500,2026-09-26T05:45:00Z,ทองผาภูมิ,851,0.0,0.098,0.0012,,120,True
1790401500,2026-09-26T05:45:00Z,สังขละบุรี,793,0.0,0.098,0.0025,,90,True
1790401500,2026-09-26T05:45:00Z,หนองม่วงไข่,35,0.0,0.0,0.0,,,True
1790401500,2026-09-26T05:45:00Z,ภูเวียง,81,0.0,0.0,0.0,,,True
1790401500,2026-09-26T05:45:00Z,มัญจาคีรี,50,0.0,0.0,0.0,,,True
1790401500,2026-09-26T05:45:00Z,หนองปรือ,104,0.0,0.0,0.0,,,True
1790401500,2026-09-26T05:45:00Z,เลาขวัญ,123,0.0,0.0,0.0,,,True
1790401500,2026-09-26T05:45:00Z,หนองนาคำ,43,0.0,0.0,0.0,,,True
1790401500,2026-09-26T05:45:00Z,โคกโพธิ์ไชย,65,0.0,0.0,0.0,,,True
1790401500,2026-09-26T05:45:00Z,บ้านหลวง,91,0.0,0.0,0.0,,,True
1790401500,2026-09-26T05:45:00Z,นาน้อย,266,0.01,0.848,0.0489,,60,True
1790401500,2026-09-26T05:45:00Z,ภูผาม่าน,74,0.0,0.0,0.0,,,True
1790401500,2026-09-26T05:45:00Z,เมืองน่าน,161,0.0,0.0,0.0,,,True
1790401500,2026-09-26T05:45:00Z,แม่จริม,262,0.0,0.0,0.0,,,True
1790401500,2026-09-26T05:45:00Z,เวียงเก่า,78,0.0,0.0,0.0,,,True
1790401500,2026-09-26T05:45:00Z,เมืองกำแพงเพชร,368,0.015,0.69,0.0679,,75,True
1790401500,2026-09-26T05:45:00Z,ไทรงาม,133,0.003,0.098,0.0301,,75,True
1790401500,2026-09-26T05:45:00Z,ปางศิลาทอง,186,0.004,0.592,0.0108,,120,True
1790401500,2026-09-26T05:45:00Z,ลานกระบือ,103,0.058,0.489,0.3204,15,15,True
1790401500,2026-09-26T05:45:00Z,ทรายทองวัฒนา,53,0.0,0.0,0.0,,,True
1790401500,2026-09-26T05:45:00Z,คลองขลุง,179,0.0,0.0,0.0,,,True
1790401500,2026-09-26T05:45:00Z,พรานกระต่าย,252,0.191,1.727,0.7579,45,30,True
1790401500,2026-09-26T05:45:00Z,คลองลาน,363,0.0,0.0,0.0,,,True
1790401500,2026-09-26T05:45:00Z,ขาณุวรลักษบุรี,296,0.043,0.848,0.2061,90,30,True
1790401500,2026-09-26T05:45:00Z,ภูเพียง,113,0.0,0.0,0.0,,,True
1790401500,2026-09-26T05:45:00Z,นาหมื่น,245,0.096,0.592,0.449,45,15,True
1790401500,2026-09-26T05:45:00Z,เวียงสา,543,0.0,0.0,0.0,,,True
1790401500,2026-09-26T05:45:00Z,น้ำโสม,153,0.0,0.0,0.0,,,True
1790401500,2026-09-26T05:45:00Z,นายูง,126,0.0,0.0,0.0,,,True
1790401500,2026-09-26T05:45:00Z,ชุมแพ,173,0.0,0.0,0.0,,,True
1790401500,2026-09-26T05:45:00Z,สีชมพู,132,0.0,0.0,0.0,,,True
1790401500,2026-09-26T05:45:00Z,สุวรรณคูหา,140,0.0,0.0,0.0,,,True
1790401500,2026-09-26T05:45:00Z,นาวัง,65,0.0,0.0,0.0,,,True
1790401500,2026-09-26T05:45:00Z,หนองเรือ,80,0.0,0.0,0.0,,,True
1790401500,2026-09-26T05:45:00Z,โนนสัง,51,0.0,0.0,0.0,,,True
1790401500,2026-09-26T05:45:00Z,ศรีบุญเรือง,224,0.0,0.0,0.0,,,True
1790401500,2026-09-26T05:45:00Z,เมืองหนองบัวลำภู,217,0.0,0.0,0.0,,,True
1790401500,2026-09-26T05:45:00Z,นากลาง,173,0.0,0.0,0.0,,,True
1790401500,2026-09-26T05:45:00Z,ทุ่งเสลี่ยม,144,0.0,0.0,0.0,,,True
1790401500,2026-09-26T05:45:00Z,ดอยหล่อ,56,0.0,0.0,0.0,,,True
1790401500,2026-09-26T05:45:00Z,เมืองตาก,486,0.01,0.299,0.0864,,15,True
1790401500,2026-09-26T05:45:00Z,แม่ออน,116,0.0,0.0,0.0,,,True
1790401500,2026-09-26T05:45:00Z,อุ้มผาง,1209,0.016,0.511,0.0827,,15,True
1790401500,2026-09-26T05:45:00Z,วังเจ้า,183,0.064,0.511,0.388,105,15,True
1790401500,2026-09-26T05:45:00Z,แม่สอด,398,0.006,0.098,0.0628,,15,True
1790401500,2026-09-26T05:45:00Z,พบพระ,249,0.018,0.413,0.1486,60,15,True
1790401500,2026-09-26T05:45:00Z,แม่ระมาด,380,0.005,0.201,0.0421,,90,True
1790401500,2026-09-26T05:45:00Z,ท่าสองยาง,401,0.0,0.0,0.0,,,True
1790401500,2026-09-26T05:45:00Z,บ้านตาก,255,0.005,0.201,0.0392,,15,True
1790401500,2026-09-26T05:45:00Z,สามเงา,698,0.007,0.201,0.0616,,30,True
1790401500,2026-09-26T05:45:00Z,จอมทอง,280,0.0,0.0,0.0,,,True
1790401500,2026-09-26T05:45:00Z,แก้งสนามนาง,79,0.0,0.0,0.0,,,True
1790401500,2026-09-26T05:45:00Z,สีคิ้ว,292,0.0,0.0,0.0,,,True
1790401500,2026-09-26T05:45:00Z,พระทองคำ,90,0.0,0.0,0.0,,,True
1790401500,2026-09-26T05:45:00Z,เทพารักษ์,92,0.0,0.0,0.0,,,True
1790401500,2026-09-26T05:45:00Z,สันกำแพง,65,0.0,0.0,0.0,,,True
1790401500,2026-09-26T05:45:00Z,สันป่าตอง,44,0.0,0.0,0.0,,,True
1790401500,2026-09-26T05:45:00Z,ดอยเต่า,213,0.0,0.0,0.0,,,True
1790401500,2026-09-26T05:45:00Z,อมก๋อย,704,0.0,0.0,0.0,,,True
1790401500,2026-09-26T05:45:00Z,ฮอด,378,0.0,0.0,0.0,,,True
1790401500,2026-09-26T05:45:00Z,เมืองลำพูน,117,0.0,0.0,0.0,,,True
1790401500,2026-09-26T05:45:00Z,แม่ทา,192,0.0,0.0,0.0,,,True
1790401500,2026-09-26T05:45:00Z,บ้านธิ,34,0.0,0.0,0.0,,,True
1790401500,2026-09-26T05:45:00Z,บ้านหมอ,24,0.0,0.0,0.0,,,True
1790401500,2026-09-26T05:45:00Z,เวียงหนองล่อง,14,0.0,0.0,0.0,,,True
1790401500,2026-09-26T05:45:00Z,ทุ่งหัวช้าง,113,0.0,0.0,0.0,,,True
1790401500,2026-09-26T05:45:00Z,ป่าซาง,74,0.0,0.0,0.0,,,True
1790401500,2026-09-26T05:45:00Z,บ้านโฮ่ง,124,0.0,0.0,0.0,,,True
1790401500,2026-09-26T05:45:00Z,แก่งคอย,73,0.0,0.0,0.0,,,True
1790401500,2026-09-26T05:45:00Z,ลี้,454,0.001,0.098,0.0066,,60,True
1790401500,2026-09-26T05:45:00Z,พระพุทธบาท,55,0.016,0.098,0.1636,15,15,True
1790401500,2026-09-26T05:45:00Z,ดอนพุด,7,0.0,0.0,0.0,,,True
1790401500,2026-09-26T05:45:00Z,หนองโดน,31,0.009,0.196,0.0645,,15,True
1790401500,2026-09-26T05:45:00Z,เมืองลำปาง,300,0.0,0.0,0.0,,,True
1790401500,2026-09-26T05:45:00Z,เถิน,443,0.002,0.098,0.0181,,15,True
1790401500,2026-09-26T05:45:00Z,แม่พริก,167,0.001,0.098,0.006,,75,True
1790401500,2026-09-26T05:45:00Z,แจ้ห่ม,274,0.0,0.0,0.0,,,True
1790401500,2026-09-26T05:45:00Z,แม่เปิน,85,0.237,0.848,0.6941,90,75,True
1790401500,2026-09-26T05:45:00Z,เสริมงาม,185,0.0,0.0,0.0,,,True
1790401500,2026-09-26T05:45:00Z,ชุมตาบง,61,0.25,0.848,0.7377,60,60,True
1790401500,2026-09-26T05:45:00Z,งาว,344,0.0,0.0,0.0,,,True
1790401500,2026-09-26T05:45:00Z,ตากฟ้า,125,0.0,0.0,0.0,,,True
1790401500,2026-09-26T05:45:00Z,แม่เมาะ,283,0.0,0.0,0.0,,,True
1790401500,2026-09-26T05:45:00Z,แม่วงก์,257,0.076,0.848,0.3774,75,15,True
1790401500,2026-09-26T05:45:00Z,เกาะคา,128,0.0,0.0,0.0,,,True
1790401500,2026-09-26T05:45:00Z,พยุหะคีรี,169,0.0,0.0,0.0,,,True
1790401500,2026-09-26T05:45:00Z,ลาดยาว,187,0.244,0.848,0.7647,30,15,True
1790401500,2026-09-26T05:45:00Z,สบปราบ,125,0.0,0.0,0.0,,,True
1790401500,2026-09-26T05:45:00Z,ห้างฉัตร,154,0.0,0.0,0.0,,,True
1790401500,2026-09-26T05:45:00Z,แม่ทะ,203,0.0,0.0,0.0,,,True
1790401500,2026-09-26T05:45:00Z,เมืองปาน,202,0.0,0.0,0.0,,,True
1790401500,2026-09-26T05:45:00Z,เมืองอ่างทอง,6,0.0,0.0,0.0,,,True
1790401500,2026-09-26T05:45:00Z,ไชโย,20,0.0,0.0,0.0,,,True
1790401500,2026-09-26T05:45:00Z,สามโก้,10,0.0,0.0,0.0,,,True
1790401500,2026-09-26T05:45:00Z,แสวงหา,43,0.121,0.397,0.7209,75,60,True
1790401500,2026-09-26T05:45:00Z,วิเศษชัยชาญ,7,0.0,0.0,0.0,,,True
1790401500,2026-09-26T05:45:00Z,โพธิ์ทอง,48,0.002,0.098,0.0208,,75,True
1790401500,2026-09-26T05:45:00Z,เมืองลพบุรี,190,0.033,0.397,0.2211,15,15,True
1790401500,2026-09-26T05:45:00Z,เดิมบางนางบวช,130,0.006,0.098,0.0615,,75,True
1790401500,2026-09-26T05:45:00Z,ด่านช้าง,309,0.0,0.0,0.0,,,True
1790401500,2026-09-26T05:45:00Z,หนองม่วง,111,0.0,0.0,0.0,,,True
1790401500,2026-09-26T05:45:00Z,ลำสนธิ,136,0.0,0.0,0.0,,,True
1790401500,2026-09-26T05:45:00Z,สามชุก,77,0.065,0.299,0.4286,105,90,True
1790401500,2026-09-26T05:45:00Z,ดอนเจดีย์,72,0.005,0.098,0.0556,,30,True
1790401500,2026-09-26T05:45:00Z,สระโบสถ์,83,0.0,0.0,0.0,,,True
1790401500,2026-09-26T05:45:00Z,ศรีประจันต์,41,0.014,0.196,0.122,105,15,True
1790401500,2026-09-26T05:45:00Z,โคกเจริญ,135,0.0,0.0,0.0,,,True
1790401500,2026-09-26T05:45:00Z,บ้านหมี่,136,0.0,0.0,0.0,,,True
1790401500,2026-09-26T05:45:00Z,ท่าหลวง,100,0.0,0.0,0.0,,,True
1790401500,2026-09-26T05:45:00Z,ชัยบาดาล,280,0.0,0.0,0.0,,,True
1790401500,2026-09-26T05:45:00Z,ท่าวุ้ง,64,0.042,0.299,0.2969,45,30,True
1790401500,2026-09-26T05:45:00Z,พัฒนานิคม,217,0.0,0.0,0.0,,,True
1790401500,2026-09-26T05:45:00Z,โคกสำโรง,180,0.0,0.0,0.0,,,True
1790401500,2026-09-26T05:45:00Z,หนองหญ้าไซ,108,0.002,0.098,0.0185,,120,True
1790401500,2026-09-26T05:45:00Z,ท่าช้าง,11,0.17,0.386,0.7273,60,60,True
1790401500,2026-09-26T05:45:00Z,อินทร์บุรี,66,0.0,0.0,0.0,,,True
1790401500,2026-09-26T05:45:00Z,ค่ายบางระจัน,26,0.023,0.098,0.2308,75,75,True
1790401500,2026-09-26T05:45:00Z,พรหมบุรี,19,0.088,0.299,0.6842,45,45,True
1790401500,2026-09-26T05:45:00Z,เนินสง่า,65,0.0,0.0,0.0,,,True
1790401500,2026-09-26T05:45:00Z,เมืองสิงห์บุรี,31,0.003,0.098,0.0323,,45,True
1790401500,2026-09-26T05:45:00Z,ซับใหญ่,72,0.0,0.0,0.0,,,True
1790401500,2026-09-26T05:45:00Z,บางระจัน,46,0.002,0.098,0.0217,,60,True
1790401500,2026-09-26T05:45:00Z,ภูกระดึง,190,0.0,0.0,0.0,,,True
1790401500,2026-09-26T05:45:00Z,ภูหลวง,145,0.0,0.0,0.0,,,True
1790401500,2026-09-26T05:45:00Z,หนองหิน,78,0.0,0.0,0.0,,,True
1790401500,2026-09-26T05:45:00Z,ผาขาว,100,0.0,0.0,0.0,,,True
1790401500,2026-09-26T05:45:00Z,เอราวัณ,87,0.0,0.0,0.0,,,True
1790401500,2026-09-26T05:45:00Z,วังสะพุง,281,0.0,0.0,0.0,,,True
1790401500,2026-09-26T05:45:00Z,วังม่วง,70,0.0,0.0,0.0,,,True
1790401500,2026-09-26T05:45:00Z,เฉลิมพระเกียรติ,35,0.0,0.0,0.0,,,True
1790401500,2026-09-26T05:45:00Z,มวกเหล็ก,175,0.0,0.0,0.0,,,True
1790401500,2026-09-26T05:45:00Z,บ้านเขว้า,124,0.0,0.0,0.0,,,True
1790401500,2026-09-26T05:45:00Z,คอนสวรรค์,113,0.0,0.0,0.0,,,True
1790401500,2026-09-26T05:45:00Z,เมืองชัยภูมิ,358,0.0,0.0,0.0,,,True
1790401500,2026-09-26T05:45:00Z,วังทอง,425,0.0,0.0,0.0,,,True
1790401500,2026-09-26T05:45:00Z,เนินมะปราง,276,0.0,0.0,0.0,,,True
1790401500,2026-09-26T05:45:00Z,สวรรคโลก,156,0.0,0.0,0.0,,,True
1790401500,2026-09-26T05:45:00Z,ศรีนคร,46,0.0,0.0,0.0,,,True
1790401500,2026-09-26T05:45:00Z,หันคา,139,0.0,0.0,0.0,,,True
1790401500,2026-09-26T05:45:00Z,ศรีสัชนาลัย,534,0.0,0.0,0.0,,,True
1790401500,2026-09-26T05:45:00Z,หนองมะโมง,76,0.004,0.098,0.0395,,15,True
1790401500,2026-09-26T05:45:00Z,ศรีสำโรง,142,0.0,0.0,0.0,,,True
1790401500,2026-09-26T05:45:00Z,สรรพยา,55,0.0,0.0,0.0,,,True
1790401500,2026-09-26T05:45:00Z,คีรีมาศ,171,0.142,1.184,0.6374,30,15,True
1790401500,2026-09-26T05:45:00Z,สรรคบุรี,89,0.0,0.0,0.0,,,True
1790401500,2026-09-26T05:45:00Z,กงไกรลาศ,108,0.026,0.299,0.1759,30,15,True
1790401500,2026-09-26T05:45:00Z,มโนรมย์,66,0.0,0.0,0.0,,,True
1790401500,2026-09-26T05:45:00Z,เมืองสุโขทัย,136,0.002,0.098,0.0221,,30,True
1790401500,2026-09-26T05:45:00Z,วัดสิงห์,67,0.0,0.0,0.0,,,True
1790401500,2026-09-26T05:45:00Z,บ้านด่านลานหอย,231,0.003,0.196,0.026,,75,True
1790401500,2026-09-26T05:45:00Z,เมืองชัยนาท,70,0.0,0.0,0.0,,,True
1790401500,2026-09-26T05:45:00Z,เนินขาม,65,0.0,0.0,0.0,,,True
1790401500,2026-09-26T05:45:00Z,คอนสาร,334,0.0,0.0,0.0,,,True
1790401500,2026-09-26T05:45:00Z,ภักดีชุมพล,154,0.0,0.0,0.0,,,True
1790401500,2026-09-26T05:45:00Z,บ้านแท่น,76,0.0,0.0,0.0,,,True
1790401500,2026-09-26T05:45:00Z,แก้งคร้อ,168,0.0,0.0,0.0,,,True
1790401500,2026-09-26T05:45:00Z,ภูเขียว,201,0.0,0.0,0.0,,,True
1790401500,2026-09-26T05:45:00Z,หนองบัวระเหว,179,0.0,0.0,0.0,,,True
1790401500,2026-09-26T05:45:00Z,เทพสถิต,239,0.0,0.0,0.0,,,True
1790401500,2026-09-26T05:45:00Z,จัตุรัส,172,0.0,0.0,0.0,,,True
1790401500,2026-09-26T05:45:00Z,บำเหน็จณรงค์,120,0.0,0.0,0.0,,,True
1790401500,2026-09-26T05:45:00Z,เกษตรสมบูรณ์,268,0.0,0.0,0.0,,,True
1790401500,2026-09-26T05:45:00Z,หนองบัวแดง,537,0.0,0.0,0.0,,,True
1790401500,2026-09-26T05:45:00Z,ภูเรือ,168,0.007,0.098,0.0714,,15,True
1790401500,2026-09-26T05:45:00Z,ท่าลี่,171,0.0,0.0,0.0,,,True
1790401500,2026-09-26T05:45:00Z,วชิรบารมี,68,0.004,0.098,0.0441,,30,True
1790401500,2026-09-26T05:45:00Z,ด่านซ้าย,341,0.005,0.098,0.0528,,30,True
1790401500,2026-09-26T05:45:00Z,นาแห้ว,153,0.015,0.098,0.1569,75,60,True
1790401500,2026-09-26T05:45:00Z,บึงนาราง,74,0.0,0.0,0.0,,,True
1790401500,2026-09-26T05:45:00Z,เชียงคาน,213,0.0,0.0,0.0,,,True
1790401500,2026-09-26T05:45:00Z,ดงเจริญ,56,0.0,0.0,0.0,,,True
1790401500,2026-09-26T05:45:00Z,ปากชม,240,0.0,0.0,0.0,,,True
1790401500,2026-09-26T05:45:00Z,เมืองเลย,314,0.0,0.0,0.0,,,True
1790401500,2026-09-26T05:45:00Z,นาด้วง,143,0.0,0.0,0.0,,,True
1790401500,2026-09-26T05:45:00Z,สากเหล็ก,45,0.004,0.098,0.0444,,15,True
1790401500,2026-09-26T05:45:00Z,สามง่าม,89,0.001,0.098,0.0112,,45,True
1790401500,2026-09-26T05:45:00Z,ทับคล้อ,104,0.0,0.0,0.0,,,True
1790401500,2026-09-26T05:45:00Z,พรหมพิราม,206,0.001,0.098,0.0097,,15,True
1790401500,2026-09-26T05:45:00Z,ด่านขุนทด,344,0.0,0.0,0.0,,,True
1790401500,2026-09-26T05:45:00Z,วัดโบสถ์,226,0.0,0.0,0.0,,,True
1790401500,2026-09-26T05:45:00Z,บางระกำ,246,0.099,2.253,0.3943,15,15,True
1790401500,2026-09-26T05:45:00Z,บางกระทุ่ม,91,0.0,0.0,0.0,,,True
1790401500,2026-09-26T05:45:00Z,นครไทย,597,0.001,0.098,0.0084,,30,True
1790401500,2026-09-26T05:45:00Z,ชาติตระการ,415,0.005,0.098,0.053,,45,True
1790401500,2026-09-26T05:45:00Z,บ้านเหลื่อม,55,0.0,0.0,0.0,,,True
1790401500,2026-09-26T05:45:00Z,เมืองพิษณุโลก,178,0.002,0.098,0.0169,,15,True
1790401500,2026-09-26T05:45:00Z,ชุมแสง,145,0.003,0.098,0.0276,,30,True
1790401500,2026-09-26T05:45:00Z,หนองบัว,208,0.0,0.0,0.0,,,True
1790401500,2026-09-26T05:45:00Z,เมืองนครสวรรค์,183,0.071,0.848,0.2131,15,15,True
1790401500,2026-09-26T05:45:00Z,โกรกพระ,71,0.0,0.0,0.0,,,True
1790401500,2026-09-26T05:45:00Z,ไพศาลี,244,0.0,0.0,0.0,,,True
1790401500,2026-09-26T05:45:00Z,ตาคลี,206,0.0,0.0,0.0,,,True
1790401500,2026-09-26T05:45:00Z,ท่าตะโก,211,0.001,0.098,0.0142,,15,True
1790401500,2026-09-26T05:45:00Z,เขาค้อ,207,0.0,0.0,0.0,,,True
1790401500,2026-09-26T05:45:00Z,บรรพตพิสัย,181,0.053,0.848,0.3094,30,15,True
1790401500,2026-09-26T05:45:00Z,เก้าเลี้ยว,57,0.031,0.592,0.1579,15,15,True
1790401500,2026-09-26T05:45:00Z,วังโป่ง,123,0.0,0.0,0.0,,,True
1790401500,2026-09-26T05:45:00Z,บึงสามพัน,194,0.0,0.0,0.0,,,True
1790401500,2026-09-26T05:45:00Z,น้ำหนาว,231,0.0,0.0,0.0,,,True
1790401500,2026-09-26T05:45:00Z,ศรีเทพ,204,0.0,0.0,0.0,,,True
1790401500,2026-09-26T05:45:00Z,หนองไผ่,315,0.0,0.0,0.0,,,True
1790401500,2026-09-26T05:45:00Z,มหาราช,4,0.0,0.0,0.0,,,False
1790401500,2026-09-26T05:45:00Z,บ้านแพรก,10,0.0,0.0,0.0,,,True
1790401500,2026-09-26T05:45:00Z,บางมูลนาก,99,0.007,0.201,0.0606,,15,True
1790401500,2026-09-26T05:45:00Z,โพทะเล,131,0.019,0.201,0.1603,30,15,True
1790401500,2026-09-26T05:45:00Z,โพธิ์ประทับช้าง,102,0.0,0.0,0.0,,,True
1790401500,2026-09-26T05:45:00Z,ตะพานหิน,109,0.001,0.098,0.0092,,90,True
1790401500,2026-09-26T05:45:00Z,เมืองพิจิตร,138,0.001,0.098,0.0145,,15,True
1790401500,2026-09-26T05:45:00Z,วังทรายพูน,66,0.0,0.0,0.0,,,True
1790402400,2026-09-26T06:00:00Z,พิชัย,176,0.002,0.098,0.017,,105,True
1790402400,2026-09-26T06:00:00Z,ลับแล,116,0.0,0.0,0.0,,,True
1790402400,2026-09-26T06:00:00Z,ฟากท่า,163,0.0,0.0,0.0,,,True
1790402400,2026-09-26T06:00:00Z,บ้านโคก,247,0.013,0.196,0.1215,45,15,True
1790402400,2026-09-26T06:00:00Z,ท่าปลา,442,0.0,0.0,0.0,,,True
1790402400,2026-09-26T06:00:00Z,น้ำปาด,363,0.009,0.201,0.0882,,105,True
1790402400,2026-09-26T06:00:00Z,เมืองอุตรดิตถ์,202,0.0,0.0,0.0,,,True
1790402400,2026-09-26T06:00:00Z,ตรอน,80,0.0,0.0,0.0,,,True
1790402400,2026-09-26T06:00:00Z,หล่มเก่า,246,0.0,0.0,0.0,,,True
1790402400,2026-09-26T06:00:00Z,วิเชียรบุรี,377,0.003,0.098,0.0318,,45,True
1790402400,2026-09-26T06:00:00Z,ชนแดน,279,0.001,0.098,0.0072,,15,True
1790402400,2026-09-26T06:00:00Z,หล่มสัก,350,0.0,0.0,0.0,,,True
1790402400,2026-09-26T06:00:00Z,เมืองเพชรบูรณ์,571,0.0,0.0,0.0,,,True
1790402400,2026-09-26T06:00:00Z,ทองแสนขัน,185,0.001,0.098,0.0054,,105,True
1790402400,2026-09-26T06:00:00Z,บึงสามัคคี,71,0.0,0.0,0.0,,,True
1790402400,2026-09-26T06:00:00Z,โกสัมพีนคร,137,0.071,0.592,0.3358,75,15,True
1790402400,2026-09-26T06:00:00Z,สอง,380,0.0,0.0,0.0,,,True
1790402400,2026-09-26T06:00:00Z,วังชิ้น,255,0.0,0.0,0.0,,,True
1790402400,2026-09-26T06:00:00Z,สูงเม่น,88,0.037,0.592,0.125,90,75,True
1790402400,2026-09-26T06:00:00Z,เด่นชัย,135,0.0,0.0,0.0,,,True
1790402400,2026-09-26T06:00:00Z,ร้องกวาง,221,0.007,0.098,0.0724,,90,True
1790402400,2026-09-26T06:00:00Z,ลอง,317,0.016,0.592,0.0662,,90,True
1790402400,2026-09-26T06:00:00Z,เมืองแพร่,205,0.03,0.848,0.1561,60,45,True
1790402400,2026-09-26T06:00:00Z,ทัพทัน,94,0.045,0.848,0.1489,15,15,True
1790402400,2026-09-26T06:00:00Z,สว่างอารมณ์,110,0.049,0.848,0.2182,15,15,True
1790402400,2026-09-26T06:00:00Z,เมืองอุทัยธานี,59,0.0,0.0,0.0,,,True
1790402400,2026-09-26T06:00:00Z,ห้วยคต,94,0.014,0.098,0.1383,45,15,True
1790402400,2026-09-26T06:00:00Z,ศรีสวัสดิ์,440,0.003,0.098,0.0273,,105,True
1790402400,2026-09-26T06:00:00Z,บ้านไร่,821,0.054,0.848,0.3264,60,15,True
1790402400,2026-09-26T06:00:00Z,ลานสัก,360,0.142,0.848,0.4417,45,15,True
1790402400,2026-09-26T06:00:00Z,หนองฉาง,89,0.002,0.098,0.0225,,15,True
1790402400,2026-09-26T06:00:00Z,หนองขาหย่าง,43,0.0,0.0,0.0,,,True
1790402400,2026-09-26T06:00:00Z,เชียงม่วน,82,0.0,0.0,0.0,,,True
1790402400,2026-09-26T06:00:00Z,ดอกคำใต้,37,0.0,0.0,0.0,,,True
1790402400,2026-09-26T06:00:00Z,เมืองพะเยา,6,0.0,0.0,0.0,,,True
1790402400,2026-09-26T06:00:00Z,ทองผาภูมิ,851,0.002,0.098,0.0188,,90,True
1790402400,2026-09-26T06:00:00Z,สังขละบุรี,793,0.0,0.098,0.005,,75,True
1790402400,2026-09-26T06:00:00Z,หนองม่วงไข่,35,0.0,0.0,0.0,,,True
1790402400,2026-09-26T06:00:00Z,ภูเวียง,81,0.0,0.0,0.0,,,True
1790402400,2026-09-26T06:00:00Z,มัญจาคีรี,50,0.0,0.0,0.0,,,True
1790402400,2026-09-26T06:00:00Z,หนองปรือ,104,0.0,0.0,0.0,,,True
1790402400,2026-09-26T06:00:00Z,เลาขวัญ,123,0.0,0.0,0.0,,,True
1790402400,2026-09-26T06:00:00Z,หนองนาคำ,43,0.0,0.0,0.0,,,True
1790402400,2026-09-26T06:00:00Z,โคกโพธิ์ไชย,65,0.0,0.0,0.0,,,True
1790402400,2026-09-26T06:00:00Z,บ้านหลวง,91,0.0,0.0,0.0,,,True
1790402400,2026-09-26T06:00:00Z,นาน้อย,266,0.016,0.196,0.1504,90,30,True
1790402400,2026-09-26T06:00:00Z,ภูผาม่าน,74,0.0,0.0,0.0,,,True
1790402400,2026-09-26T06:00:00Z,เมืองน่าน,161,0.0,0.0,0.0,,,True
1790402400,2026-09-26T06:00:00Z,แม่จริม,262,0.0,0.0,0.0,,,True
1790402400,2026-09-26T06:00:00Z,เวียงเก่า,78,0.0,0.0,0.0,,,True
1790402400,2026-09-26T06:00:00Z,เมืองกำแพงเพชร,368,0.003,0.098,0.0272,,60,True
1790402400,2026-09-26T06:00:00Z,ไทรงาม,133,0.008,0.098,0.0827,,75,True
1790402400,2026-09-26T06:00:00Z,ปางศิลาทอง,186,0.012,0.098,0.1183,120,90,True
1790402400,2026-09-26T06:00:00Z,ลานกระบือ,103,0.007,0.098,0.068,,15,True
1790402400,2026-09-26T06:00:00Z,ทรายทองวัฒนา,53,0.0,0.0,0.0,,,True
1790402400,2026-09-26T06:00:00Z,คลองขลุง,179,0.0,0.0,0.0,,,True
1790402400,2026-09-26T06:00:00Z,พรานกระต่าย,252,0.151,0.788,0.627,45,15,True
1790402400,2026-09-26T06:00:00Z,คลองลาน,363,0.002,0.413,0.011,,15,True
1790402400,2026-09-26T06:00:00Z,ขาณุวรลักษบุรี,296,0.291,1.742,0.6149,45,15,True
1790402400,2026-09-26T06:00:00Z,ภูเพียง,113,0.0,0.0,0.0,,,True
1790402400,2026-09-26T06:00:00Z,นาหมื่น,245,0.026,0.592,0.1551,60,15,True
1790402400,2026-09-26T06:00:00Z,เวียงสา,543,0.0,0.0,0.0,,,True
1790402400,2026-09-26T06:00:00Z,น้ำโสม,153,0.0,0.0,0.0,,,True
1790402400,2026-09-26T06:00:00Z,นายูง,126,0.0,0.0,0.0,,,True
1790402400,2026-09-26T06:00:00Z,ชุมแพ,173,0.0,0.0,0.0,,,True
1790402400,2026-09-26T06:00:00Z,สีชมพู,132,0.0,0.0,0.0,,,True
1790402400,2026-09-26T06:00:00Z,สุวรรณคูหา,140,0.0,0.0,0.0,,,True
1790402400,2026-09-26T06:00:00Z,นาวัง,65,0.0,0.0,0.0,,,True
1790402400,2026-09-26T06:00:00Z,หนองเรือ,80,0.0,0.0,0.0,,,True
1790402400,2026-09-26T06:00:00Z,โนนสัง,51,0.0,0.0,0.0,,,True
1790402400,2026-09-26T06:00:00Z,ศรีบุญเรือง,224,0.0,0.0,0.0,,,True
1790402400,2026-09-26T06:00:00Z,เมืองหนองบัวลำภู,217,0.0,0.0,0.0,,,True
1790402400,2026-09-26T06:00:00Z,นากลาง,173,0.0,0.0,0.0,,,True
1790402400,2026-09-26T06:00:00Z,ทุ่งเสลี่ยม,144,0.0,0.0,0.0,,,True
1790402400,2026-09-26T06:00:00Z,ดอยหล่อ,56,0.0,0.0,0.0,,,True
1790402400,2026-09-26T06:00:00Z,เมืองตาก,486,0.049,0.788,0.2757,90,15,True
1790402400,2026-09-26T06:00:00Z,แม่ออน,116,0.0,0.0,0.0,,,True
1790402400,2026-09-26T06:00:00Z,อุ้มผาง,1209,0.017,0.511,0.1042,120,15,True
1790402400,2026-09-26T06:00:00Z,วังเจ้า,183,0.124,1.216,0.5574,90,15,True
1790402400,2026-09-26T06:00:00Z,แม่สอด,398,0.013,0.201,0.1231,120,15,True
1790402400,2026-09-26T06:00:00Z,พบพระ,249,0.1,1.216,0.4056,30,15,True
1790402400,2026-09-26T06:00:00Z,แม่ระมาด,380,0.002,0.098,0.0211,,75,True
1790402400,2026-09-26T06:00:00Z,ท่าสองยาง,401,0.001,0.288,0.01,,75,True
1790402400,2026-09-26T06:00:00Z,บ้านตาก,255,0.004,0.098,0.0392,,30,True
1790402400,2026-09-26T06:00:00Z,สามเงา,698,0.001,0.288,0.0115,,15,True
1790402400,2026-09-26T06:00:00Z,จอมทอง,280,0.0,0.0,0.0,,,True
1790402400,2026-09-26T06:00:00Z,แก้งสนามนาง,79,0.0,0.0,0.0,,,True
1790402400,2026-09-26T06:00:00Z,สีคิ้ว,292,0.0,0.0,0.0,,,True
1790402400,2026-09-26T06:00:00Z,พระทองคำ,90,0.0,0.0,0.0,,,True
1790402400,2026-09-26T06:00:00Z,เทพารักษ์,92,0.0,0.0,0.0,,,True
1790402400,2026-09-26T06:00:00Z,สันกำแพง,65,0.0,0.0,0.0,,,True
1790402400,2026-09-26T06:00:00Z,สันป่าตอง,44,0.0,0.0,0.0,,,True
1790402400,2026-09-26T06:00:00Z,ดอยเต่า,213,0.001,0.098,0.0094,,45,True
1790402400,2026-09-26T06:00:00Z,อมก๋อย,704,0.001,0.098,0.0114,,45,True
1790402400,2026-09-26T06:00:00Z,ฮอด,378,0.0,0.0,0.0,,,True
1790402400,2026-09-26T06:00:00Z,เมืองลำพูน,117,0.0,0.0,0.0,,,True
1790402400,2026-09-26T06:00:00Z,แม่ทา,192,0.002,0.098,0.0156,,45,True
1790402400,2026-09-26T06:00:00Z,บ้านธิ,34,0.0,0.0,0.0,,,True
1790402400,2026-09-26T06:00:00Z,บ้านหมอ,24,0.0,0.0,0.0,,,True
1790402400,2026-09-26T06:00:00Z,เวียงหนองล่อง,14,0.007,0.098,0.0714,,105,True
1790402400,2026-09-26T06:00:00Z,ทุ่งหัวช้าง,113,0.0,0.0,0.0,,,True
1790402400,2026-09-26T06:00:00Z,ป่าซาง,74,0.001,0.098,0.0135,,90,True
1790402400,2026-09-26T06:00:00Z,บ้านโฮ่ง,124,0.0,0.0,0.0,,,True
1790402400,2026-09-26T06:00:00Z,แก่งคอย,73,0.0,0.0,0.0,,,True
1790402400,2026-09-26T06:00:00Z,ลี้,454,0.002,0.098,0.022,,15,True
1790402400,2026-09-26T06:00:00Z,พระพุทธบาท,55,0.027,0.201,0.2364,15,15,True
1790402400,2026-09-26T06:00:00Z,ดอนพุด,7,0.0,0.0,0.0,,,True
1790402400,2026-09-26T06:00:00Z,หนองโดน,31,0.003,0.098,0.0323,,30,True
1790402400,2026-09-26T06:00:00Z,เมืองลำปาง,300,0.0,0.098,0.0033,,15,True
1790402400,2026-09-26T06:00:00Z,เถิน,443,0.004,0.098,0.0429,,30,True
1790402400,2026-09-26T06:00:00Z,แม่พริก,167,0.004,0.098,0.0419,,90,True
1790402400,2026-09-26T06:00:00Z,แจ้ห่ม,274,0.0,0.0,0.0,,,True
1790402400,2026-09-26T06:00:00Z,แม่เปิน,85,0.317,1.216,0.6706,75,30,True
1790402400,2026-09-26T06:00:00Z,เสริมงาม,185,0.0,0.0,0.0,,,True
1790402400,2026-09-26T06:00:00Z,ชุมตาบง,61,0.324,0.848,0.7213,45,45,True
1790402400,2026-09-26T06:00:00Z,งาว,344,0.0,0.0,0.0,,,True
1790402400,2026-09-26T06:00:00Z,ตากฟ้า,125,0.0,0.0,0.0,,,True
1790402400,2026-09-26T06:00:00Z,แม่เมาะ,283,0.0,0.0,0.0,,,True
1790402400,2026-09-26T06:00:00Z,แม่วงก์,257,0.282,1.742,0.6537,60,15,True
1790402400,2026-09-26T06:00:00Z,เกาะคา,128,0.0,0.0,0.0,,,True
1790402400,2026-09-26T06:00:00Z,พยุหะคีรี,169,0.0,0.0,0.0,,,True
1790402400,2026-09-26T06:00:00Z,ลาดยาว,187,0.299,1.216,0.7112,15,15,True
1790402400,2026-09-26T06:00:00Z,สบปราบ,125,0.0,0.0,0.0,,,True
1790402400,2026-09-26T06:00:00Z,ห้างฉัตร,154,0.001,0.098,0.0065,,30,True
1790402400,2026-09-26T06:00:00Z,แม่ทะ,203,0.0,0.098,0.0049,,75,True
1790402400,2026-09-26T06:00:00Z,เมืองปาน,202,0.0,0.0,0.0,,,True
1790402400,2026-09-26T06:00:00Z,เมืองอ่างทอง,6,0.0,0.0,0.0,,,True
1790402400,2026-09-26T06:00:00Z,ไชโย,20,0.0,0.0,0.0,,,True
1790402400,2026-09-26T06:00:00Z,สามโก้,10,0.0,0.0,0.0,,,True
1790402400,2026-09-26T06:00:00Z,แสวงหา,43,0.082,0.299,0.5349,90,75,True
1790402400,2026-09-26T06:00:00Z,วิเศษชัยชาญ,7,0.0,0.0,0.0,,,True
1790402400,2026-09-26T06:00:00Z,โพธิ์ทอง,48,0.002,0.098,0.0208,,60,True
1790402400,2026-09-26T06:00:00Z,เมืองลพบุรี,190,0.075,0.402,0.4263,15,15,True
1790402400,2026-09-26T06:00:00Z,เดิมบางนางบวช,130,0.035,0.288,0.2615,105,75,True
1790402400,2026-09-26T06:00:00Z,ด่านช้าง,309,0.0,0.0,0.0,,,True
1790402400,2026-09-26T06:00:00Z,หนองม่วง,111,0.0,0.0,0.0,,,True
1790402400,2026-09-26T06:00:00Z,ลำสนธิ,136,0.001,0.098,0.0074,,30,True
1790402400,2026-09-26T06:00:00Z,สามชุก,77,0.009,0.098,0.0909,,105,True
1790402400,2026-09-26T06:00:00Z,ดอนเจดีย์,72,0.0,0.0,0.0,,,True
1790402400,2026-09-26T06:00:00Z,สระโบสถ์,83,0.0,0.0,0.0,,,True
1790402400,2026-09-26T06:00:00Z,ศรีประจันต์,41,0.0,0.0,0.0,,,True
1790402400,2026-09-26T06:00:00Z,โคกเจริญ,135,0.0,0.0,0.0,,,True
1790402400,2026-09-26T06:00:00Z,บ้านหมี่,136,0.0,0.0,0.0,,,True
1790402400,2026-09-26T06:00:00Z,ท่าหลวง,100,0.0,0.0,0.0,,,True
1790402400,2026-09-26T06:00:00Z,ชัยบาดาล,280,0.0,0.0,0.0,,,True
1790402400,2026-09-26T06:00:00Z,ท่าวุ้ง,64,0.113,0.402,0.6719,30,15,True
1790402400,2026-09-26T06:00:00Z,พัฒนานิคม,217,0.002,0.098,0.023,,15,True
1790402400,2026-09-26T06:00:00Z,โคกสำโรง,180,0.0,0.0,0.0,,,True
1790402400,2026-09-26T06:00:00Z,หนองหญ้าไซ,108,0.002,0.098,0.0185,,120,True
1790402400,2026-09-26T06:00:00Z,ท่าช้าง,11,0.142,0.294,0.8182,75,75,True
1790402400,2026-09-26T06:00:00Z,อินทร์บุรี,66,0.0,0.0,0.0,,,True
1790402400,2026-09-26T06:00:00Z,ค่ายบางระจัน,26,0.201,0.386,0.9231,90,90,True
1790402400,2026-09-26T06:00:00Z,พรหมบุรี,19,0.157,0.397,0.7895,75,45,True
1790402400,2026-09-26T06:00:00Z,เนินสง่า,65,0.0,0.0,0.0,,,True
1790402400,2026-09-26T06:00:00Z,เมืองสิงห์บุรี,31,0.067,0.201,0.4194,45,45,True
1790402400,2026-09-26T06:00:00Z,ซับใหญ่,72,0.0,0.0,0.0,,,True
1790402400,2026-09-26T06:00:00Z,บางระจัน,46,0.06,0.288,0.413,75,45,True
1790402400,2026-09-26T06:00:00Z,ภูกระดึง,190,0.0,0.0,0.0,,,True
1790402400,2026-09-26T06:00:00Z,ภูหลวง,145,0.0,0.0,0.0,,,True
1790402400,2026-09-26T06:00:00Z,หนองหิน,78,0.0,0.0,0.0,,,True
1790402400,2026-09-26T06:00:00Z,ผาขาว,100,0.0,0.0,0.0,,,True
1790402400,2026-09-26T06:00:00Z,เอราวัณ,87,0.0,0.0,0.0,,,True
1790402400,2026-09-26T06:00:00Z,วังสะพุง,281,0.0,0.0,0.0,,,True
1790402400,2026-09-26T06:00:00Z,วังม่วง,70,0.0,0.0,0.0,,,True
1790402400,2026-09-26T06:00:00Z,เฉลิมพระเกียรติ,35,0.0,0.0,0.0,,,True
1790402400,2026-09-26T06:00:00Z,มวกเหล็ก,175,0.0,0.0,0.0,,,True
1790402400,2026-09-26T06:00:00Z,บ้านเขว้า,124,0.0,0.0,0.0,,,True
1790402400,2026-09-26T06:00:00Z,คอนสวรรค์,113,0.0,0.0,0.0,,,True
1790402400,2026-09-26T06:00:00Z,เมืองชัยภูมิ,358,0.0,0.0,0.0,,,True
1790402400,2026-09-26T06:00:00Z,วังทอง,425,0.0,0.0,0.0,,,True
1790402400,2026-09-26T06:00:00Z,เนินมะปราง,276,0.0,0.0,0.0,,,True
1790402400,2026-09-26T06:00:00Z,สวรรคโลก,156,0.0,0.0,0.0,,,True
1790402400,2026-09-26T06:00:00Z,ศรีนคร,46,0.0,0.0,0.0,,,True
1790402400,2026-09-26T06:00:00Z,หันคา,139,0.0,0.0,0.0,,,True
1790402400,2026-09-26T06:00:00Z,ศรีสัชนาลัย,534,0.001,0.098,0.0131,,15,True
1790402400,2026-09-26T06:00:00Z,หนองมะโมง,76,0.0,0.0,0.0,,,True
1790402400,2026-09-26T06:00:00Z,ศรีสำโรง,142,0.0,0.0,0.0,,,True
1790402400,2026-09-26T06:00:00Z,สรรพยา,55,0.0,0.0,0.0,,,True
1790402400,2026-09-26T06:00:00Z,คีรีมาศ,171,0.211,0.788,0.8538,15,15,True
1790402400,2026-09-26T06:00:00Z,สรรคบุรี,89,0.0,0.0,0.0,,,True
1790402400,2026-09-26T06:00:00Z,กงไกรลาศ,108,0.047,0.69,0.2222,15,15,True
1790402400,2026-09-26T06:00:00Z,มโนรมย์,66,0.0,0.0,0.0,,,True
1790402400,2026-09-26T06:00:00Z,เมืองสุโขทัย,136,0.019,0.288,0.1176,60,15,True
1790402400,2026-09-26T06:00:00Z,วัดสิงห์,67,0.0,0.0,0.0,,,True
1790402400,2026-09-26T06:00:00Z,บ้านด่านลานหอย,231,0.018,0.299,0.1169,105,45,True
1790402400,2026-09-26T06:00:00Z,เมืองชัยนาท,70,0.0,0.0,0.0,,,True
1790402400,2026-09-26T06:00:00Z,เนินขาม,65,0.0,0.0,0.0,,,True
1790402400,2026-09-26T06:00:00Z,คอนสาร,334,0.0,0.0,0.0,,,True
1790402400,2026-09-26T06:00:00Z,ภักดีชุมพล,154,0.002,0.098,0.0195,,30,True
1790402400,2026-09-26T06:00:00Z,บ้านแท่น,76,0.0,0.0,0.0,,,True
1790402400,2026-09-26T06:00:00Z,แก้งคร้อ,168,0.0,0.0,0.0,,,True
1790402400,2026-09-26T06:00:00Z,ภูเขียว,201,0.0,0.0,0.0,,,True
1790402400,2026-09-26T06:00:00Z,หนองบัวระเหว,179,0.0,0.0,0.0,,,True
1790402400,2026-09-26T06:00:00Z,เทพสถิต,239,0.001,0.098,0.0084,,15,True
1790402400,2026-09-26T06:00:00Z,จัตุรัส,172,0.0,0.0,0.0,,,True
1790402400,2026-09-26T06:00:00Z,บำเหน็จณรงค์,120,0.0,0.0,0.0,,,True
1790402400,2026-09-26T06:00:00Z,เกษตรสมบูรณ์,268,0.0,0.0,0.0,,,True
1790402400,2026-09-26T06:00:00Z,หนองบัวแดง,537,0.0,0.0,0.0,,,True
1790402400,2026-09-26T06:00:00Z,ภูเรือ,168,0.012,0.201,0.0952,,15,True
1790402400,2026-09-26T06:00:00Z,ท่าลี่,171,0.017,0.201,0.1345,30,15,True
1790402400,2026-09-26T06:00:00Z,วชิรบารมี,68,0.014,0.098,0.1471,60,45,True
1790402400,2026-09-26T06:00:00Z,ด่านซ้าย,341,0.005,0.201,0.0528,,15,True
1790402400,2026-09-26T06:00:00Z,นาแห้ว,153,0.019,0.201,0.183,60,45,True
1790402400,2026-09-26T06:00:00Z,บึงนาราง,74,0.009,0.201,0.0811,,30,True
1790402400,2026-09-26T06:00:00Z,เชียงคาน,213,0.0,0.0,0.0,,,True
1790402400,2026-09-26T06:00:00Z,ดงเจริญ,56,0.0,0.0,0.0,,,True
1790402400,2026-09-26T06:00:00Z,ปากชม,240,0.0,0.0,0.0,,,True
1790402400,2026-09-26T06:00:00Z,เมืองเลย,314,0.001,0.098,0.0064,,15,True
1790402400,2026-09-26T06:00:00Z,นาด้วง,143,0.0,0.0,0.0,,,True
1790402400,2026-09-26T06:00:00Z,สากเหล็ก,45,0.0,0.0,0.0,,,True
1790402400,2026-09-26T06:00:00Z,สามง่าม,89,0.001,0.098,0.0112,,30,True
1790402400,2026-09-26T06:00:00Z,ทับคล้อ,104,0.002,0.098,0.0192,,45,True
1790402400,2026-09-26T06:00:00Z,พรหมพิราม,206,0.001,0.098,0.0146,,15,True
1790402400,2026-09-26T06:00:00Z,ด่านขุนทด,344,0.0,0.0,0.0,,,True
1790402400,2026-09-26T06:00:00Z,วัดโบสถ์,226,0.001,0.098,0.0088,,75,True
1790402400,2026-09-26T06:00:00Z,บางระกำ,246,0.017,0.413,0.1098,15,15,True
1790402400,2026-09-26T06:00:00Z,บางกระทุ่ม,91,0.0,0.0,0.0,,,True
1790402400,2026-09-26T06:00:00Z,นครไทย,597,0.0,0.098,0.0017,,15,True
1790402400,2026-09-26T06:00:00Z,ชาติตระการ,415,0.011,0.288,0.0964,,15,True
1790402400,2026-09-26T06:00:00Z,บ้านเหลื่อม,55,0.0,0.0,0.0,,,True
1790402400,2026-09-26T06:00:00Z,เมืองพิษณุโลก,178,0.0,0.0,0.0,,,True
1790402400,2026-09-26T06:00:00Z,ชุมแสง,145,0.001,0.098,0.0138,,15,True
1790402400,2026-09-26T06:00:00Z,หนองบัว,208,0.0,0.0,0.0,,,True
1790402400,2026-09-26T06:00:00Z,เมืองนครสวรรค์,183,0.005,0.098,0.0546,,30,True
1790402400,2026-09-26T06:00:00Z,โกรกพระ,71,0.001,0.098,0.0141,,90,True
1790402400,2026-09-26T06:00:00Z,ไพศาลี,244,0.0,0.0,0.0,,,True
1790402400,2026-09-26T06:00:00Z,ตาคลี,206,0.0,0.0,0.0,,,True
1790402400,2026-09-26T06:00:00Z,ท่าตะโก,211,0.0,0.0,0.0,,,True
1790402400,2026-09-26T06:00:00Z,เขาค้อ,207,0.0,0.0,0.0,,,True
1790402400,2026-09-26T06:00:00Z,บรรพตพิสัย,181,0.382,1.742,0.6851,15,15,True
1790402400,2026-09-26T06:00:00Z,เก้าเลี้ยว,57,0.036,1.216,0.0526,,15,True
1790402400,2026-09-26T06:00:00Z,วังโป่ง,123,0.0,0.0,0.0,,,True
1790402400,2026-09-26T06:00:00Z,บึงสามพัน,194,0.005,0.098,0.0515,,90,True
1790402400,2026-09-26T06:00:00Z,น้ำหนาว,231,0.0,0.0,0.0,,,True
1790402400,2026-09-26T06:00:00Z,ศรีเทพ,204,0.0,0.0,0.0,,,True
1790402400,2026-09-26T06:00:00Z,หนองไผ่,315,0.0,0.0,0.0,,,True
1790402400,2026-09-26T06:00:00Z,มหาราช,4,0.0,0.0,0.0,,,False
1790402400,2026-09-26T06:00:00Z,บ้านแพรก,10,0.0,0.0,0.0,,,True
1790402400,2026-09-26T06:00:00Z,บางมูลนาก,99,0.0,0.0,0.0,,,True
1790402400,2026-09-26T06:00:00Z,โพทะเล,131,0.018,0.848,0.1145,30,15,True
1790402400,2026-09-26T06:00:00Z,โพธิ์ประทับช้าง,102,0.0,0.0,0.0,,,True
1790402400,2026-09-26T06:00:00Z,ตะพานหิน,109,0.005,0.098,0.055,,60,True
1790402400,2026-09-26T06:00:00Z,เมืองพิจิตร,138,0.004,0.098,0.0435,,15,True
1790402400,2026-09-26T06:00:00Z,วังทรายพูน,66,0.0,0.0,0.0,,,True
1790403300,2026-09-26T06:15:00Z,พิชัย,176,0.012,0.201,0.108,105,60,True
1790403300,2026-09-26T06:15:00Z,ลับแล,116,0.0,0.0,0.0,,,True
1790403300,2026-09-26T06:15:00Z,ฟากท่า,163,0.0,0.0,0.0,,,True
1790403300,2026-09-26T06:15:00Z,บ้านโคก,247,0.0,0.0,0.0,,,True
1790403300,2026-09-26T06:15:00Z,ท่าปลา,442,0.0,0.098,0.0023,,75,True
1790403300,2026-09-26T06:15:00Z,น้ำปาด,363,0.005,0.201,0.0358,,60,True
1790403300,2026-09-26T06:15:00Z,เมืองอุตรดิตถ์,202,0.0,0.0,0.0,,,True
1790403300,2026-09-26T06:15:00Z,ตรอน,80,0.0,0.0,0.0,,,True
1790403300,2026-09-26T06:15:00Z,หล่มเก่า,246,0.0,0.0,0.0,,,True
1790403300,2026-09-26T06:15:00Z,วิเชียรบุรี,377,0.009,0.201,0.0663,,30,True
1790403300,2026-09-26T06:15:00Z,ชนแดน,279,0.002,0.098,0.0215,,30,True
1790403300,2026-09-26T06:15:00Z,หล่มสัก,350,0.0,0.0,0.0,,,True
1790403300,2026-09-26T06:15:00Z,เมืองเพชรบูรณ์,571,0.0,0.098,0.0035,,45,True
1790403300,2026-09-26T06:15:00Z,ทองแสนขัน,185,0.012,0.288,0.0757,,75,True
1790403300,2026-09-26T06:15:00Z,บึงสามัคคี,71,0.0,0.0,0.0,,,True
1790403300,2026-09-26T06:15:00Z,โกสัมพีนคร,137,0.066,1.142,0.3066,60,15,True
1790403300,2026-09-26T06:15:00Z,สอง,380,0.001,0.288,0.0053,,60,True
1790403300,2026-09-26T06:15:00Z,วังชิ้น,255,0.0,0.0,0.0,,,True
1790403300,2026-09-26T06:15:00Z,สูงเม่น,88,0.053,0.511,0.25,60,15,True
1790403300,2026-09-26T06:15:00Z,เด่นชัย,135,0.0,0.0,0.0,,,True
1790403300,2026-09-26T06:15:00Z,ร้องกวาง,221,0.016,0.413,0.1131,90,15,True
1790403300,2026-09-26T06:15:00Z,ลอง,317,0.052,0.848,0.265,90,30,True
1790403300,2026-09-26T06:15:00Z,เมืองแพร่,205,0.073,0.592,0.3951,30,15,True
1790403300,2026-09-26T06:15:00Z,ทัพทัน,94,0.006,0.201,0.0532,,15,True
1790403300,2026-09-26T06:15:00Z,สว่างอารมณ์,110,0.071,0.848,0.3,15,15,True
1790403300,2026-09-26T06:15:00Z,เมืองอุทัยธานี,59,0.0,0.0,0.0,,,True
1790403300,2026-09-26T06:15:00Z,ห้วยคต,94,0.005,0.098,0.0532,,30,True
1790403300,2026-09-26T06:15:00Z,ศรีสวัสดิ์,440,0.001,0.098,0.0091,,90,True
1790403300,2026-09-26T06:15:00Z,บ้านไร่,821,0.037,0.848,0.1815,105,15,True
1790403300,2026-09-26T06:15:00Z,ลานสัก,360,0.148,1.261,0.6083,30,15,True
1790403300,2026-09-26T06:15:00Z,หนองฉาง,89,0.002,0.098,0.0225,,15,True
1790403300,2026-09-26T06:15:00Z,หนองขาหย่าง,43,0.0,0.0,0.0,,,True
1790403300,2026-09-26T06:15:00Z,เชียงม่วน,82,0.0,0.0,0.0,,,True
1790403300,2026-09-26T06:15:00Z,ดอกคำใต้,37,0.0,0.0,0.0,,,True
1790403300,2026-09-26T06:15:00Z,เมืองพะเยา,6,0.0,0.0,0.0,,,True
1790403300,2026-09-26T06:15:00Z,ทองผาภูมิ,851,0.0,0.098,0.0012,,120,True
1790403300,2026-09-26T06:15:00Z,สังขละบุรี,793,0.001,0.098,0.0063,,105,True
1790403300,2026-09-26T06:15:00Z,หนองม่วงไข่,35,0.014,0.098,0.1429,120,60,True
1790403300,2026-09-26T06:15:00Z,ภูเวียง,81,0.0,0.0,0.0,,,True
1790403300,2026-09-26T06:15:00Z,มัญจาคีรี,50,0.0,0.0,0.0,,,True
1790403300,2026-09-26T06:15:00Z,หนองปรือ,104,0.0,0.0,0.0,,,True
1790403300,2026-09-26T06:15:00Z,เลาขวัญ,123,0.0,0.0,0.0,,,True
1790403300,2026-09-26T06:15:00Z,หนองนาคำ,43,0.0,0.0,0.0,,,True
1790403300,2026-09-26T06:15:00Z,โคกโพธิ์ไชย,65,0.0,0.0,0.0,,,True
1790403300,2026-09-26T06:15:00Z,บ้านหลวง,91,0.0,0.0,0.0,,,True
1790403300,2026-09-26T06:15:00Z,นาน้อย,266,0.002,0.098,0.0226,,15,True
1790403300,2026-09-26T06:15:00Z,ภูผาม่าน,74,0.0,0.0,0.0,,,True
1790403300,2026-09-26T06:15:00Z,เมืองน่าน,161,0.0,0.0,0.0,,,True
1790403300,2026-09-26T06:15:00Z,แม่จริม,262,0.0,0.0,0.0,,,True
1790403300,2026-09-26T06:15:00Z,เวียงเก่า,78,0.0,0.0,0.0,,,True
1790403300,2026-09-26T06:15:00Z,เมืองกำแพงเพชร,368,0.002,0.098,0.0217,,45,True
1790403300,2026-09-26T06:15:00Z,ไทรงาม,133,0.001,0.098,0.0075,,75,True
1790403300,2026-09-26T06:15:00Z,ปางศิลาทอง,186,0.024,1.417,0.0806,,90,True
1790403300,2026-09-26T06:15:00Z,ลานกระบือ,103,0.001,0.098,0.0097,,60,True
1790403300,2026-09-26T06:15:00Z,ทรายทองวัฒนา,53,0.0,0.0,0.0,,,True
1790403300,2026-09-26T06:15:00Z,คลองขลุง,179,0.0,0.0,0.0,,,True
1790403300,2026-09-26T06:15:00Z,พรานกระต่าย,252,0.134,1.142,0.5714,30,15,True
1790403300,2026-09-26T06:15:00Z,คลองลาน,363,0.004,0.413,0.0193,,15,True
1790403300,2026-09-26T06:15:00Z,ขาณุวรลักษบุรี,296,0.426,1.602,0.6318,30,15,True
1790403300,2026-09-26T06:15:00Z,ภูเพียง,113,0.0,0.0,0.0,,,True
1790403300,2026-09-26T06:15:00Z,นาหมื่น,245,0.025,0.592,0.1469,30,15,True
1790403300,2026-09-26T06:15:00Z,เวียงสา,543,0.0,0.0,0.0,,,True
1790403300,2026-09-26T06:15:00Z,น้ำโสม,153,0.0,0.0,0.0,,,True
1790403300,2026-09-26T06:15:00Z,นายูง,126,0.0,0.0,0.0,,,True
1790403300,2026-09-26T06:15:00Z,ชุมแพ,173,0.0,0.0,0.0,,,True
1790403300,2026-09-26T06:15:00Z,สีชมพู,132,0.0,0.0,0.0,,,True
1790403300,2026-09-26T06:15:00Z,สุวรรณคูหา,140,0.0,0.0,0.0,,,True
1790403300,2026-09-26T06:15:00Z,นาวัง,65,0.0,0.0,0.0,,,True
1790403300,2026-09-26T06:15:00Z,หนองเรือ,80,0.0,0.0,0.0,,,True
1790403300,2026-09-26T06:15:00Z,โนนสัง,51,0.0,0.0,0.0,,,True
1790403300,2026-09-26T06:15:00Z,ศรีบุญเรือง,224,0.0,0.0,0.0,,,True
1790403300,2026-09-26T06:15:00Z,เมืองหนองบัวลำภู,217,0.0,0.0,0.0,,,True
1790403300,2026-09-26T06:15:00Z,นากลาง,173,0.0,0.0,0.0,,,True
1790403300,2026-09-26T06:15:00Z,ทุ่งเสลี่ยม,144,0.0,0.0,0.0,,,True
1790403300,2026-09-26T06:15:00Z,ดอยหล่อ,56,0.0,0.0,0.0,,,True
1790403300,2026-09-26T06:15:00Z,เมืองตาก,486,0.045,0.392,0.3374,75,15,True
1790403300,2026-09-26T06:15:00Z,แม่ออน,116,0.0,0.0,0.0,,,True
1790403300,2026-09-26T06:15:00Z,อุ้มผาง,1209,0.032,1.216,0.1423,120,15,True
1790403300,2026-09-26T06:15:00Z,วังเจ้า,183,0.149,1.044,0.5847,75,15,True
1790403300,2026-09-26T06:15:00Z,แม่สอด,398,0.007,0.201,0.0603,,60,True
1790403300,2026-09-26T06:15:00Z,พบพระ,249,0.274,1.742,0.7108,15,15,True
1790403300,2026-09-26T06:15:00Z,แม่ระมาด,380,0.025,0.592,0.1658,90,30,True
1790403300,2026-09-26T06:15:00Z,ท่าสองยาง,401,0.01,0.299,0.0723,,90,True
1790403300,2026-09-26T06:15:00Z,บ้านตาก,255,0.003,0.098,0.0314,,15,True
1790403300,2026-09-26T06:15:00Z,สามเงา,698,0.027,0.848,0.1648,45,15,True
1790403300,2026-09-26T06:15:00Z,จอมทอง,280,0.0,0.0,0.0,,,True
1790403300,2026-09-26T06:15:00Z,แก้งสนามนาง,79,0.0,0.0,0.0,,,True
1790403300,2026-09-26T06:15:00Z,สีคิ้ว,292,0.0,0.0,0.0,,,True
1790403300,2026-09-26T06:15:00Z,พระทองคำ,90,0.0,0.0,0.0,,,True
1790403300,2026-09-26T06:15:00Z,เทพารักษ์,92,0.0,0.0,0.0,,,True
1790403300,2026-09-26T06:15:00Z,สันกำแพง,65,0.0,0.0,0.0,,,True
1790403300,2026-09-26T06:15:00Z,สันป่าตอง,44,0.0,0.0,0.0,,,True
1790403300,2026-09-26T06:15:00Z,ดอยเต่า,213,0.0,0.0,0.0,,,True
1790403300,2026-09-26T06:15:00Z,อมก๋อย,704,0.004,0.201,0.0284,,60,True
1790403300,2026-09-26T06:15:00Z,ฮอด,378,0.0,0.0,0.0,,,True
1790403300,2026-09-26T06:15:00Z,เมืองลำพูน,117,0.0,0.0,0.0,,,True
1790403300,2026-09-26T06:15:00Z,แม่ทา,192,0.0,0.0,0.0,,,True
1790403300,2026-09-26T06:15:00Z,บ้านธิ,34,0.0,0.0,0.0,,,True
1790403300,2026-09-26T06:15:00Z,บ้านหมอ,24,0.0,0.0,0.0,,,True
1790403300,2026-09-26T06:15:00Z,เวียงหนองล่อง,14,0.0,0.0,0.0,,,True
1790403300,2026-09-26T06:15:00Z,ทุ่งหัวช้าง,113,0.0,0.0,0.0,,,True
1790403300,2026-09-26T06:15:00Z,ป่าซาง,74,0.0,0.0,0.0,,,True
1790403300,2026-09-26T06:15:00Z,บ้านโฮ่ง,124,0.0,0.0,0.0,,,True
1790403300,2026-09-26T06:15:00Z,แก่งคอย,73,0.0,0.0,0.0,,,True
1790403300,2026-09-26T06:15:00Z,ลี้,454,0.006,0.288,0.0396,,15,True
1790403300,2026-09-26T06:15:00Z,พระพุทธบาท,55,0.062,0.294,0.4,15,15,True
1790403300,2026-09-26T06:15:00Z,ดอนพุด,7,0.0,0.0,0.0,,,True
1790403300,2026-09-26T06:15:00Z,หนองโดน,31,0.028,0.196,0.1935,30,15,True
1790403300,2026-09-26T06:15:00Z,เมืองลำปาง,300,0.0,0.0,0.0,,,True
1790403300,2026-09-26T06:15:00Z,เถิน,443,0.014,0.592,0.0519,,30,True
1790403300,2026-09-26T06:15:00Z,แม่พริก,167,0.033,0.592,0.1317,90,75,True
1790403300,2026-09-26T06:15:00Z,แจ้ห่ม,274,0.0,0.0,0.0,,,True
1790403300,2026-09-26T06:15:00Z,แม่เปิน,85,0.31,1.216,0.9176,45,15,True
1790403300,2026-09-26T06:15:00Z,เสริมงาม,185,0.0,0.0,0.0,,,True
1790403300,2026-09-26T06:15:00Z,ชุมตาบง,61,0.306,0.848,0.9016,30,30,True
1790403300,2026-09-26T06:15:00Z,งาว,344,0.0,0.0,0.0,,,True
1790403300,2026-09-26T06:15:00Z,ตากฟ้า,125,0.0,0.0,0.0,,,True
1790403300,2026-09-26T06:15:00Z,แม่เมาะ,283,0.005,0.413,0.0318,,105,True
1790403300,2026-09-26T06:15:00Z,แม่วงก์,257,0.648,2.064,0.9027,45,30,True
1790403300,2026-09-26T06:15:00Z,เกาะคา,128,0.005,0.201,0.0391,,105,True
1790403300,2026-09-26T06:15:00Z,พยุหะคีรี,169,0.0,0.0,0.0,,,True
1790403300,2026-09-26T06:15:00Z,ลาดยาว,187,0.244,1.808,0.5187,15,15,True
1790403300,2026-09-26T06:15:00Z,สบปราบ,125,0.0,0.0,0.0,,,True
1790403300,2026-09-26T06:15:00Z,ห้างฉัตร,154,0.0,0.0,0.0,,,True
1790403300,2026-09-26T06:15:00Z,แม่ทะ,203,0.01,0.288,0.0837,,60,True
1790403300,2026-09-26T06:15:00Z,เมืองปาน,202,0.0,0.0,0.0,,,True
1790403300,2026-09-26T06:15:00Z,เมืองอ่างทอง,6,0.0,0.0,0.0,,,True
1790403300,2026-09-26T06:15:00Z,ไชโย,20,0.05,0.201,0.3,45,45,True
1790403300,2026-09-26T06:15:00Z,สามโก้,10,0.0,0.0,0.0,,,True
1790403300,2026-09-26T06:15:00Z,แสวงหา,43,0.178,0.299,0.9767,75,60,True
1790403300,2026-09-26T06:15:00Z,วิเศษชัยชาญ,7,0.0,0.0,0.0,,,True
1790403300,2026-09-26T06:15:00Z,โพธิ์ทอง,48,0.049,0.201,0.375,60,45,True
1790403300,2026-09-26T06:15:00Z,เมืองลพบุรี,190,0.113,0.299,0.6158,15,15,True
1790403300,2026-09-26T06:15:00Z,เดิมบางนางบวช,130,0.015,0.201,0.1,120,105,True
1790403300,2026-09-26T06:15:00Z,ด่านช้าง,309,0.001,0.098,0.0065,,45,True
1790403300,2026-09-26T06:15:00Z,หนองม่วง,111,0.0,0.0,0.0,,,True
1790403300,2026-09-26T06:15:00Z,ลำสนธิ,136,0.0,0.0,0.0,,,True
1790403300,2026-09-26T06:15:00Z,สามชุก,77,0.024,0.201,0.2078,120,105,True
1790403300,2026-09-26T06:15:00Z,ดอนเจดีย์,72,0.01,0.201,0.0833,,45,True
1790403300,2026-09-26T06:15:00Z,สระโบสถ์,83,0.0,0.0,0.0,,,True
1790403300,2026-09-26T06:15:00Z,ศรีประจันต์,41,0.031,0.201,0.2683,105,90,True
1790403300,2026-09-26T06:15:00Z,โคกเจริญ,135,0.0,0.0,0.0,,,True
1790403300,2026-09-26T06:15:00Z,บ้านหมี่,136,0.007,0.201,0.0588,,105,True
1790403300,2026-09-26T06:15:00Z,ท่าหลวง,100,0.007,0.201,0.06,,15,True
1790403300,2026-09-26T06:15:00Z,ชัยบาดาล,280,0.0,0.098,0.0036,,30,True
1790403300,2026-09-26T06:15:00Z,ท่าวุ้ง,64,0.119,0.299,0.6406,45,30,True
1790403300,2026-09-26T06:15:00Z,พัฒนานิคม,217,0.01,0.201,0.0922,,15,True
1790403300,2026-09-26T06:15:00Z,โคกสำโรง,180,0.014,0.201,0.1056,105,60,True
1790403300,2026-09-26T06:15:00Z,หนองหญ้าไซ,108,0.0,0.0,0.0,,,True
1790403300,2026-09-26T06:15:00Z,ท่าช้าง,11,0.205,0.294,1.0,75,75,True
1790403300,2026-09-26T06:15:00Z,อินทร์บุรี,66,0.0,0.0,0.0,,,True
1790403300,2026-09-26T06:15:00Z,ค่ายบางระจัน,26,0.179,0.299,1.0,90,90,True
1790403300,2026-09-26T06:15:00Z,พรหมบุรี,19,0.217,0.299,1.0,45,45,True
1790403300,2026-09-26T06:15:00Z,เนินสง่า,65,0.0,0.0,0.0,,,True
1790403300,2026-09-26T06:15:00Z,เมืองสิงห์บุรี,31,0.045,0.294,0.2581,75,75,True
1790403300,2026-09-26T06:15:00Z,ซับใหญ่,72,0.0,0.0,0.0,,,True
1790403300,2026-09-26T06:15:00Z,บางระจัน,46,0.041,0.299,0.1957,90,90,True
1790403300,2026-09-26T06:15:00Z,ภูกระดึง,190,0.0,0.0,0.0,,,True
1790403300,2026-09-26T06:15:00Z,ภูหลวง,145,0.0,0.0,0.0,,,True
1790403300,2026-09-26T06:15:00Z,หนองหิน,78,0.0,0.0,0.0,,,True
1790403300,2026-09-26T06:15:00Z,ผาขาว,100,0.0,0.0,0.0,,,True
1790403300,2026-09-26T06:15:00Z,เอราวัณ,87,0.0,0.0,0.0,,,True
1790403300,2026-09-26T06:15:00Z,วังสะพุง,281,0.0,0.0,0.0,,,True
1790403300,2026-09-26T06:15:00Z,วังม่วง,70,0.0,0.0,0.0,,,True
1790403300,2026-09-26T06:15:00Z,เฉลิมพระเกียรติ,35,0.0,0.0,0.0,,,True
1790403300,2026-09-26T06:15:00Z,มวกเหล็ก,175,0.0,0.0,0.0,,,True
1790403300,2026-09-26T06:15:00Z,บ้านเขว้า,124,0.0,0.0,0.0,,,True
1790403300,2026-09-26T06:15:00Z,คอนสวรรค์,113,0.0,0.0,0.0,,,True
1790403300,2026-09-26T06:15:00Z,เมืองชัยภูมิ,358,0.0,0.0,0.0,,,True
1790403300,2026-09-26T06:15:00Z,วังทอง,425,0.0,0.0,0.0,,,True
1790403300,2026-09-26T06:15:00Z,เนินมะปราง,276,0.0,0.0,0.0,,,True
1790403300,2026-09-26T06:15:00Z,สวรรคโลก,156,0.009,0.201,0.0833,,105,True
1790403300,2026-09-26T06:15:00Z,ศรีนคร,46,0.013,0.201,0.1087,105,90,True
1790403300,2026-09-26T06:15:00Z,หันคา,139,0.0,0.0,0.0,,,True
1790403300,2026-09-26T06:15:00Z,ศรีสัชนาลัย,534,0.005,0.592,0.0225,,15,True
1790403300,2026-09-26T06:15:00Z,หนองมะโมง,76,0.008,0.098,0.0789,,60,True
1790403300,2026-09-26T06:15:00Z,ศรีสำโรง,142,0.001,0.098,0.007,,120,True
1790403300,2026-09-26T06:15:00Z,สรรพยา,55,0.0,0.0,0.0,,,True
1790403300,2026-09-26T06:15:00Z,คีรีมาศ,171,0.138,1.142,0.6901,15,15,True
1790403300,2026-09-26T06:15:00Z,สรรคบุรี,89,0.0,0.0,0.0,,,True
1790403300,2026-09-26T06:15:00Z,กงไกรลาศ,108,0.004,0.098,0.037,,15,True
1790403300,2026-09-26T06:15:00Z,มโนรมย์,66,0.0,0.0,0.0,,,True
1790403300,2026-09-26T06:15:00Z,เมืองสุโขทัย,136,0.007,0.201,0.0662,,15,True
1790403300,2026-09-26T06:15:00Z,วัดสิงห์,67,0.006,0.098,0.0597,,30,True
1790403300,2026-09-26T06:15:00Z,บ้านด่านลานหอย,231,0.018,0.299,0.1472,45,30,True
1790403300,2026-09-26T06:15:00Z,เมืองชัยนาท,70,0.001,0.098,0.0143,,15,True
1790403300,2026-09-26T06:15:00Z,เนินขาม,65,0.0,0.0,0.0,,,True
1790403300,2026-09-26T06:15:00Z,คอนสาร,334,0.0,0.0,0.0,,,True
1790403300,2026-09-26T06:15:00Z,ภักดีชุมพล,154,0.011,0.201,0.0779,,15,True
1790403300,2026-09-26T06:15:00Z,บ้านแท่น,76,0.0,0.0,0.0,,,True
1790403300,2026-09-26T06:15:00Z,แก้งคร้อ,168,0.0,0.0,0.0,,,True
1790403300,2026-09-26T06:15:00Z,ภูเขียว,201,0.0,0.0,0.0,,,True
1790403300,2026-09-26T06:15:00Z,หนองบัวระเหว,179,0.0,0.0,0.0,,,True
1790403300,2026-09-26T06:15:00Z,เทพสถิต,239,0.0,0.0,0.0,,,True
1790403300,2026-09-26T06:15:00Z,จัตุรัส,172,0.0,0.0,0.0,,,True
1790403300,2026-09-26T06:15:00Z,บำเหน็จณรงค์,120,0.0,0.0,0.0,,,True
1790403300,2026-09-26T06:15:00Z,เกษตรสมบูรณ์,268,0.0,0.0,0.0,,,True
1790403300,2026-09-26T06:15:00Z,หนองบัวแดง,537,0.0,0.0,0.0,,,True
1790403300,2026-09-26T06:15:00Z,ภูเรือ,168,0.001,0.098,0.0119,,15,True
1790403300,2026-09-26T06:15:00Z,ท่าลี่,171,0.012,0.201,0.0877,,15,True
1790403300,2026-09-26T06:15:00Z,วชิรบารมี,68,0.001,0.098,0.0147,,30,True
1790403300,2026-09-26T06:15:00Z,ด่านซ้าย,341,0.0,0.0,0.0,,,True
1790403300,2026-09-26T06:15:00Z,นาแห้ว,153,0.008,0.201,0.0523,,15,True
1790403300,2026-09-26T06:15:00Z,บึงนาราง,74,0.007,0.098,0.0676,,15,True
1790403300,2026-09-26T06:15:00Z,เชียงคาน,213,0.0,0.0,0.0,,,True
1790403300,2026-09-26T06:15:00Z,ดงเจริญ,56,0.0,0.0,0.0,,,True
1790403300,2026-09-26T06:15:00Z,ปากชม,240,0.0,0.0,0.0,,,True
1790403300,2026-09-26T06:15:00Z,เมืองเลย,314,0.004,0.201,0.0255,,15,True
1790403300,2026-09-26T06:15:00Z,นาด้วง,143,0.0,0.0,0.0,,,True
1790403300,2026-09-26T06:15:00Z,สากเหล็ก,45,0.0,0.0,0.0,,,True
1790403300,2026-09-26T06:15:00Z,สามง่าม,89,0.0,0.0,0.0,,,True
1790403300,2026-09-26T06:15:00Z,ทับคล้อ,104,0.004,0.098,0.0385,,45,True
1790403300,2026-09-26T06:15:00Z,พรหมพิราม,206,0.0,0.0,0.0,,,True
1790403300,2026-09-26T06:15:00Z,ด่านขุนทด,344,0.0,0.0,0.0,,,True
1790403300,2026-09-26T06:15:00Z,วัดโบสถ์,226,0.005,0.201,0.0442,,30,True
1790403300,2026-09-26T06:15:00Z,บางระกำ,246,0.004,0.098,0.0407,,15,True
1790403300,2026-09-26T06:15:00Z,บางกระทุ่ม,91,0.0,0.0,0.0,,,True
1790403300,2026-09-26T06:15:00Z,นครไทย,597,0.0,0.0,0.0,,,True
1790403300,2026-09-26T06:15:00Z,ชาติตระการ,415,0.007,0.288,0.053,,15,True
1790403300,2026-09-26T06:15:00Z,บ้านเหลื่อม,55,0.0,0.0,0.0,,,True
1790403300,2026-09-26T06:15:00Z,เมืองพิษณุโลก,178,0.0,0.0,0.0,,,True
1790403300,2026-09-26T06:15:00Z,ชุมแสง,145,0.0,0.0,0.0,,,True
1790403300,2026-09-26T06:15:00Z,หนองบัว,208,0.008,0.201,0.0577,,120,True
1790403300,2026-09-26T06:15:00Z,เมืองนครสวรรค์,183,0.0,0.0,0.0,,,True
1790403300,2026-09-26T06:15:00Z,โกรกพระ,71,0.0,0.0,0.0,,,True
1790403300,2026-09-26T06:15:00Z,ไพศาลี,244,0.0,0.0,0.0,,,True
1790403300,2026-09-26T06:15:00Z,ตาคลี,206,0.0,0.0,0.0,,,True
1790403300,2026-09-26T06:15:00Z,ท่าตะโก,211,0.0,0.0,0.0,,,True
1790403300,2026-09-26T06:15:00Z,เขาค้อ,207,0.0,0.0,0.0,,,True
1790403300,2026-09-26T06:15:00Z,บรรพตพิสัย,181,0.374,1.417,0.5635,15,15,True
1790403300,2026-09-26T06:15:00Z,เก้าเลี้ยว,57,0.0,0.0,0.0,,,True
1790403300,2026-09-26T06:15:00Z,วังโป่ง,123,0.0,0.0,0.0,,,True
1790403300,2026-09-26T06:15:00Z,บึงสามพัน,194,0.038,0.201,0.2732,75,45,True
1790403300,2026-09-26T06:15:00Z,น้ำหนาว,231,0.0,0.0,0.0,,,True
1790403300,2026-09-26T06:15:00Z,ศรีเทพ,204,0.0,0.0,0.0,,,True
1790403300,2026-09-26T06:15:00Z,หนองไผ่,315,0.001,0.098,0.0127,,15,True
1790403300,2026-09-26T06:15:00Z,มหาราช,4,0.0,0.0,0.0,,,False
1790403300,2026-09-26T06:15:00Z,บ้านแพรก,10,0.0,0.0,0.0,,,True
1790403300,2026-09-26T06:15:00Z,บางมูลนาก,99,0.0,0.0,0.0,,,True
1790403300,2026-09-26T06:15:00Z,โพทะเล,131,0.011,0.413,0.0611,,15,True
1790403300,2026-09-26T06:15:00Z,โพธิ์ประทับช้าง,102,0.0,0.0,0.0,,,True
1790403300,2026-09-26T06:15:00Z,ตะพานหิน,109,0.001,0.098,0.0092,,60,True
1790403300,2026-09-26T06:15:00Z,เมืองพิจิตร,138,0.001,0.098,0.0072,,15,True
1790403300,2026-09-26T06:15:00Z,วังทรายพูน,66,0.0,0.0,0.0,,,True
1790404200,2026-09-26T06:30:00Z,พิชัย,176,0.055,0.201,0.4261,45,30,True
1790404200,2026-09-26T06:30:00Z,ลับแล,116,0.0,0.0,0.0,,,True
1790404200,2026-09-26T06:30:00Z,ฟากท่า,163,0.0,0.0,0.0,,,True
1790404200,2026-09-26T06:30:00Z,บ้านโคก,247,0.0,0.0,0.0,,,True
1790404200,2026-09-26T06:30:00Z,ท่าปลา,442,0.001,0.098,0.0068,,120,True
1790404200,2026-09-26T06:30:00Z,น้ำปาด,363,0.008,0.201,0.0744,,45,True
1790404200,2026-09-26T06:30:00Z,เมืองอุตรดิตถ์,202,0.004,0.098,0.0396,,120,True
1790404200,2026-09-26T06:30:00Z,ตรอน,80,0.014,0.201,0.125,90,75,True
1790404200,2026-09-26T06:30:00Z,หล่มเก่า,246,0.0,0.0,0.0,,,True
1790404200,2026-09-26T06:30:00Z,วิเชียรบุรี,377,0.004,0.413,0.0239,,15,True
1790404200,2026-09-26T06:30:00Z,ชนแดน,279,0.015,0.592,0.0824,,15,True
1790404200,2026-09-26T06:30:00Z,หล่มสัก,350,0.0,0.0,0.0,,,True
1790404200,2026-09-26T06:30:00Z,เมืองเพชรบูรณ์,571,0.0,0.0,0.0,,,True
1790404200,2026-09-26T06:30:00Z,ทองแสนขัน,185,0.017,0.201,0.1676,90,45,True
1790404200,2026-09-26T06:30:00Z,บึงสามัคคี,71,0.007,0.201,0.0563,,45,True
1790404200,2026-09-26T06:30:00Z,โกสัมพีนคร,137,0.04,0.402,0.2336,45,45,True
1790404200,2026-09-26T06:30:00Z,สอง,380,0.001,0.098,0.0105,,45,True
1790404200,2026-09-26T06:30:00Z,วังชิ้น,255,0.001,0.098,0.0078,,60,True
1790404200,2026-09-26T06:30:00Z,สูงเม่น,88,0.013,0.196,0.1136,60,45,True
1790404200,2026-09-26T06:30:00Z,เด่นชัย,135,0.003,0.098,0.0296,,60,True
1790404200,2026-09-26T06:30:00Z,ร้องกวาง,221,0.006,0.201,0.0498,,15,True
1790404200,2026-09-26T06:30:00Z,ลอง,317,0.021,0.201,0.1798,90,15,True
1790404200,2026-09-26T06:30:00Z,เมืองแพร่,205,0.034,0.201,0.2829,30,15,True
1790404200,2026-09-26T06:30:00Z,ทัพทัน,94,0.0,0.0,0.0,,,True
1790404200,2026-09-26T06:30:00Z,สว่างอารมณ์,110,0.004,0.098,0.0455,,15,True
1790404200,2026-09-26T06:30:00Z,เมืองอุทัยธานี,59,0.0,0.0,0.0,,,True
1790404200,2026-09-26T06:30:00Z,ห้วยคต,94,0.006,0.098,0.0638,,15,True
1790404200,2026-09-26T06:30:00Z,ศรีสวัสดิ์,440,0.001,0.098,0.0136,,60,True
1790404200,2026-09-26T06:30:00Z,บ้านไร่,821,0.04,1.261,0.2083,75,15,True
1790404200,2026-09-26T06:30:00Z,ลานสัก,360,0.073,1.216,0.3306,45,15,True
1790404200,2026-09-26T06:30:00Z,หนองฉาง,89,0.0,0.0,0.0,,,True
1790404200,2026-09-26T06:30:00Z,หนองขาหย่าง,43,0.0,0.0,0.0,,,True
1790404200,2026-09-26T06:30:00Z,เชียงม่วน,82,0.0,0.0,0.0,,,True
1790404200,2026-09-26T06:30:00Z,ดอกคำใต้,37,0.0,0.0,0.0,,,True
1790404200,2026-09-26T06:30:00Z,เมืองพะเยา,6,0.0,0.0,0.0,,,True
1790404200,2026-09-26T06:30:00Z,ทองผาภูมิ,851,0.002,0.098,0.0223,,105,True
1790404200,2026-09-26T06:30:00Z,สังขละบุรี,793,0.002,0.413,0.0088,,120,True
1790404200,2026-09-26T06:30:00Z,หนองม่วงไข่,35,0.011,0.098,0.1143,90,45,True
1790404200,2026-09-26T06:30:00Z,ภูเวียง,81,0.0,0.0,0.0,,,True
1790404200,2026-09-26T06:30:00Z,มัญจาคีรี,50,0.0,0.0,0.0,,,True
1790404200,2026-09-26T06:30:00Z,หนองปรือ,104,0.0,0.0,0.0,,,True
1790404200,2026-09-26T06:30:00Z,เลาขวัญ,123,0.0,0.0,0.0,,,True
1790404200,2026-09-26T06:30:00Z,หนองนาคำ,43,0.0,0.0,0.0,,,True
1790404200,2026-09-26T06:30:00Z,โคกโพธิ์ไชย,65,0.0,0.0,0.0,,,True
1790404200,2026-09-26T06:30:00Z,บ้านหลวง,91,0.0,0.0,0.0,,,True
1790404200,2026-09-26T06:30:00Z,นาน้อย,266,0.0,0.0,0.0,,,True
1790404200,2026-09-26T06:30:00Z,ภูผาม่าน,74,0.0,0.0,0.0,,,True
1790404200,2026-09-26T06:30:00Z,เมืองน่าน,161,0.0,0.0,0.0,,,True
1790404200,2026-09-26T06:30:00Z,แม่จริม,262,0.0,0.0,0.0,,,True
1790404200,2026-09-26T06:30:00Z,เวียงเก่า,78,0.0,0.0,0.0,,,True
1790404200,2026-09-26T06:30:00Z,เมืองกำแพงเพชร,368,0.002,0.196,0.0136,,30,True
1790404200,2026-09-26T06:30:00Z,ไทรงาม,133,0.0,0.0,0.0,,,True
1790404200,2026-09-26T06:30:00Z,ปางศิลาทอง,186,0.23,2.431,0.3065,90,75,True
1790404200,2026-09-26T06:30:00Z,ลานกระบือ,103,0.0,0.0,0.0,,,True
1790404200,2026-09-26T06:30:00Z,ทรายทองวัฒนา,53,0.002,0.098,0.0189,,15,True
1790404200,2026-09-26T06:30:00Z,คลองขลุง,179,0.001,0.098,0.0056,,30,True
1790404200,2026-09-26T06:30:00Z,พรานกระต่าย,252,0.095,0.397,0.5278,15,15,True
1790404200,2026-09-26T06:30:00Z,คลองลาน,363,0.004,0.201,0.0358,,15,True
1790404200,2026-09-26T06:30:00Z,ขาณุวรลักษบุรี,296,0.657,2.958,0.6993,15,15,True
1790404200,2026-09-26T06:30:00Z,ภูเพียง,113,0.0,0.0,0.0,,,True
1790404200,2026-09-26T06:30:00Z,นาหมื่น,245,0.003,0.098,0.0286,,15,True
1790404200,2026-09-26T06:30:00Z,เวียงสา,543,0.001,0.098,0.0055,,15,True
1790404200,2026-09-26T06:30:00Z,น้ำโสม,153,0.0,0.0,0.0,,,True
1790404200,2026-09-26T06:30:00Z,นายูง,126,0.0,0.0,0.0,,,True
1790404200,2026-09-26T06:30:00Z,ชุมแพ,173,0.0,0.0,0.0,,,True
1790404200,2026-09-26T06:30:00Z,สีชมพู,132,0.0,0.0,0.0,,,True
1790404200,2026-09-26T06:30:00Z,สุวรรณคูหา,140,0.0,0.0,0.0,,,True
1790404200,2026-09-26T06:30:00Z,นาวัง,65,0.0,0.0,0.0,,,True
1790404200,2026-09-26T06:30:00Z,หนองเรือ,80,0.0,0.0,0.0,,,True
1790404200,2026-09-26T06:30:00Z,โนนสัง,51,0.0,0.0,0.0,,,True
1790404200,2026-09-26T06:30:00Z,ศรีบุญเรือง,224,0.0,0.0,0.0,,,True
1790404200,2026-09-26T06:30:00Z,เมืองหนองบัวลำภู,217,0.0,0.0,0.0,,,True
1790404200,2026-09-26T06:30:00Z,นากลาง,173,0.0,0.0,0.0,,,True
1790404200,2026-09-26T06:30:00Z,ทุ่งเสลี่ยม,144,0.01,0.201,0.0625,,45,True
1790404200,2026-09-26T06:30:00Z,ดอยหล่อ,56,0.0,0.0,0.0,,,True
1790404200,2026-09-26T06:30:00Z,เมืองตาก,486,0.084,0.397,0.5864,60,15,True
1790404200,2026-09-26T06:30:00Z,แม่ออน,116,0.0,0.0,0.0,,,True
1790404200,2026-09-26T06:30:00Z,อุ้มผาง,1209,0.09,1.697,0.2366,105,15,True
1790404200,2026-09-26T06:30:00Z,วังเจ้า,183,0.096,0.484,0.5191,60,15,True
1790404200,2026-09-26T06:30:00Z,แม่สอด,398,0.022,0.386,0.1583,120,45,True
1790404200,2026-09-26T06:30:00Z,พบพระ,249,0.146,1.216,0.4458,15,15,True
1790404200,2026-09-26T06:30:00Z,แม่ระมาด,380,0.035,0.848,0.2263,75,15,True
1790404200,2026-09-26T06:30:00Z,ท่าสองยาง,401,0.008,0.201,0.0698,,75,True
1790404200,2026-09-26T06:30:00Z,บ้านตาก,255,0.003,0.098,0.0314,,15,True
1790404200,2026-09-26T06:30:00Z,สามเงา,698,0.022,0.413,0.1562,45,15,True
1790404200,2026-09-26T06:30:00Z,จอมทอง,280,0.0,0.0,0.0,,,True
1790404200,2026-09-26T06:30:00Z,แก้งสนามนาง,79,0.0,0.0,0.0,,,True
1790404200,2026-09-26T06:30:00Z,สีคิ้ว,292,0.0,0.0,0.0,,,True
1790404200,2026-09-26T06:30:00Z,พระทองคำ,90,0.0,0.0,0.0,,,True
1790404200,2026-09-26T06:30:00Z,เทพารักษ์,92,0.0,0.0,0.0,,,True
1790404200,2026-09-26T06:30:00Z,สันกำแพง,65,0.0,0.0,0.0,,,True
1790404200,2026-09-26T06:30:00Z,สันป่าตอง,44,0.0,0.0,0.0,,,True
1790404200,2026-09-26T06:30:00Z,ดอยเต่า,213,0.0,0.0,0.0,,,True
1790404200,2026-09-26T06:30:00Z,อมก๋อย,704,0.001,0.098,0.0099,,30,True
1790404200,2026-09-26T06:30:00Z,ฮอด,378,0.0,0.0,0.0,,,True
1790404200,2026-09-26T06:30:00Z,เมืองลำพูน,117,0.0,0.0,0.0,,,True
1790404200,2026-09-26T06:30:00Z,แม่ทา,192,0.0,0.0,0.0,,,True
1790404200,2026-09-26T06:30:00Z,บ้านธิ,34,0.0,0.0,0.0,,,True
1790404200,2026-09-26T06:30:00Z,บ้านหมอ,24,0.0,0.0,0.0,,,True
1790404200,2026-09-26T06:30:00Z,เวียงหนองล่อง,14,0.0,0.0,0.0,,,True
1790404200,2026-09-26T06:30:00Z,ทุ่งหัวช้าง,113,0.0,0.0,0.0,,,True
1790404200,2026-09-26T06:30:00Z,ป่าซาง,74,0.0,0.0,0.0,,,True
1790404200,2026-09-26T06:30:00Z,บ้านโฮ่ง,124,0.0,0.0,0.0,,,True
1790404200,2026-09-26T06:30:00Z,แก่งคอย,73,0.0,0.0,0.0,,,True
1790404200,2026-09-26T06:30:00Z,ลี้,454,0.026,0.848,0.0859,,60,True
1790404200,2026-09-26T06:30:00Z,พระพุทธบาท,55,0.028,0.196,0.2182,15,15,True
1790404200,2026-09-26T06:30:00Z,ดอนพุด,7,0.0,0.0,0.0,,,True
1790404200,2026-09-26T06:30:00Z,หนองโดน,31,0.009,0.098,0.0968,,15,True
1790404200,2026-09-26T06:30:00Z,เมืองลำปาง,300,0.0,0.0,0.0,,,True
1790404200,2026-09-26T06:30:00Z,เถิน,443,0.033,0.848,0.1196,45,15,True
1790404200,2026-09-26T06:30:00Z,แม่พริก,167,0.074,0.848,0.1976,75,60,True
1790404200,2026-09-26T06:30:00Z,แจ้ห่ม,274,0.0,0.0,0.0,,,True
1790404200,2026-09-26T06:30:00Z,แม่เปิน,85,0.279,1.44,0.8,30,15,True
1790404200,2026-09-26T06:30:00Z,เสริมงาม,185,0.001,0.098,0.0108,,120,True
1790404200,2026-09-26T06:30:00Z,ชุมตาบง,61,0.103,0.592,0.623,15,15,True
1790404200,2026-09-26T06:30:00Z,งาว,344,0.0,0.098,0.0029,,120,True
1790404200,2026-09-26T06:30:00Z,ตากฟ้า,125,0.0,0.0,0.0,,,True
1790404200,2026-09-26T06:30:00Z,แม่เมาะ,283,0.005,0.201,0.0424,,90,True
1790404200,2026-09-26T06:30:00Z,แม่วงก์,257,0.93,2.958,1.0,30,15,True
1790404200,2026-09-26T06:30:00Z,เกาะคา,128,0.001,0.098,0.0078,,105,True
1790404200,2026-09-26T06:30:00Z,พยุหะคีรี,169,0.0,0.0,0.0,,,True
1790404200,2026-09-26T06:30:00Z,ลาดยาว,187,0.17,1.504,0.2781,15,15,True
1790404200,2026-09-26T06:30:00Z,สบปราบ,125,0.0,0.0,0.0,,,True
1790404200,2026-09-26T06:30:00Z,ห้างฉัตร,154,0.0,0.0,0.0,,,True
1790404200,2026-09-26T06:30:00Z,แม่ทะ,203,0.014,0.201,0.1133,120,75,True
1790404200,2026-09-26T06:30:00Z,เมืองปาน,202,0.0,0.0,0.0,,,True
1790404200,2026-09-26T06:30:00Z,เมืองอ่างทอง,6,0.0,0.0,0.0,,,True
1790404200,2026-09-26T06:30:00Z,ไชโย,20,0.02,0.098,0.2,30,30,True
1790404200,2026-09-26T06:30:00Z,สามโก้,10,0.0,0.0,0.0,,,True
1790404200,2026-09-26T06:30:00Z,แสวงหา,43,0.075,0.294,0.5814,75,60,True
1790404200,2026-09-26T06:30:00Z,วิเศษชัยชาญ,7,0.0,0.0,0.0,,,True
1790404200,2026-09-26T06:30:00Z,โพธิ์ทอง,48,0.029,0.196,0.2708,60,45,True
1790404200,2026-09-26T06:30:00Z,เมืองลพบุรี,190,0.124,0.392,0.7263,15,15,True
1790404200,2026-09-26T06:30:00Z,เดิมบางนางบวช,130,0.015,0.196,0.1462,120,105,True
1790404200,2026-09-26T06:30:00Z,ด่านช้าง,309,0.007,0.098,0.068,,15,True
1790404200,2026-09-26T06:30:00Z,หนองม่วง,111,0.007,0.098,0.0721,,60,True
1790404200,2026-09-26T06:30:00Z,ลำสนธิ,136,0.0,0.0,0.0,,,True
1790404200,2026-09-26T06:30:00Z,สามชุก,77,0.025,0.098,0.2597,105,105,True
1790404200,2026-09-26T06:30:00Z,ดอนเจดีย์,72,0.007,0.098,0.0694,,120,True
1790404200,2026-09-26T06:30:00Z,สระโบสถ์,83,0.008,0.098,0.0843,,30,True
1790404200,2026-09-26T06:30:00Z,ศรีประจันต์,41,0.026,0.196,0.2439,90,90,True
1790404200,2026-09-26T06:30:00Z,โคกเจริญ,135,0.004,0.098,0.037,,75,True
1790404200,2026-09-26T06:30:00Z,บ้านหมี่,136,0.012,0.098,0.125,105,30,True
1790404200,2026-09-26T06:30:00Z,ท่าหลวง,100,0.0,0.0,0.0,,,True
1790404200,2026-09-26T06:30:00Z,ชัยบาดาล,280,0.006,0.098,0.0607,,15,True
1790404200,2026-09-26T06:30:00Z,ท่าวุ้ง,64,0.178,0.299,0.9062,45,30,True
1790404200,2026-09-26T06:30:00Z,พัฒนานิคม,217,0.003,0.098,0.0276,,15,True
1790404200,2026-09-26T06:30:00Z,โคกสำโรง,180,0.007,0.098,0.0722,,15,True
1790404200,2026-09-26T06:30:00Z,หนองหญ้าไซ,108,0.0,0.0,0.0,,,True
1790404200,2026-09-26T06:30:00Z,ท่าช้าง,11,0.134,0.392,0.7273,60,60,True
1790404200,2026-09-26T06:30:00Z,อินทร์บุรี,66,0.007,0.098,0.0758,,75,True
1790404200,2026-09-26T06:30:00Z,ค่ายบางระจัน,26,0.147,0.294,0.9231,90,90,True
1790404200,2026-09-26T06:30:00Z,พรหมบุรี,19,0.134,0.294,0.7368,45,45,True
1790404200,2026-09-26T06:30:00Z,เนินสง่า,65,0.0,0.0,0.0,,,True
1790404200,2026-09-26T06:30:00Z,เมืองสิงห์บุรี,31,0.162,0.299,0.871,75,60,True
1790404200,2026-09-26T06:30:00Z,ซับใหญ่,72,0.0,0.0,0.0,,,True
1790404200,2026-09-26T06:30:00Z,บางระจัน,46,0.139,0.299,0.9565,90,90,True
1790404200,2026-09-26T06:30:00Z,ภูกระดึง,190,0.0,0.0,0.0,,,True
1790404200,2026-09-26T06:30:00Z,ภูหลวง,145,0.0,0.0,0.0,,,True
1790404200,2026-09-26T06:30:00Z,หนองหิน,78,0.0,0.0,0.0,,,True
1790404200,2026-09-26T06:30:00Z,ผาขาว,100,0.0,0.0,0.0,,,True
1790404200,2026-09-26T06:30:00Z,เอราวัณ,87,0.0,0.0,0.0,,,True
1790404200,2026-09-26T06:30:00Z,วังสะพุง,281,0.0,0.0,0.0,,,True
1790404200,2026-09-26T06:30:00Z,วังม่วง,70,0.0,0.0,0.0,,,True
1790404200,2026-09-26T06:30:00Z,เฉลิมพระเกียรติ,35,0.0,0.0,0.0,,,True
1790404200,2026-09-26T06:30:00Z,มวกเหล็ก,175,0.0,0.0,0.0,,,True
1790404200,2026-09-26T06:30:00Z,บ้านเขว้า,124,0.002,0.098,0.0242,,15,True
1790404200,2026-09-26T06:30:00Z,คอนสวรรค์,113,0.0,0.0,0.0,,,True
1790404200,2026-09-26T06:30:00Z,เมืองชัยภูมิ,358,0.0,0.0,0.0,,,True
1790404200,2026-09-26T06:30:00Z,วังทอง,425,0.0,0.0,0.0,,,True
1790404200,2026-09-26T06:30:00Z,เนินมะปราง,276,0.0,0.0,0.0,,,True
1790404200,2026-09-26T06:30:00Z,สวรรคโลก,156,0.045,0.288,0.3526,90,15,True
1790404200,2026-09-26T06:30:00Z,ศรีนคร,46,0.073,0.201,0.5652,75,75,True
1790404200,2026-09-26T06:30:00Z,หันคา,139,0.0,0.0,0.0,,,True
1790404200,2026-09-26T06:30:00Z,ศรีสัชนาลัย,534,0.003,0.592,0.0131,,15,True
1790404200,2026-09-26T06:30:00Z,หนองมะโมง,76,0.0,0.0,0.0,,,True
1790404200,2026-09-26T06:30:00Z,ศรีสำโรง,142,0.008,0.098,0.0775,,45,True
1790404200,2026-09-26T06:30:00Z,สรรพยา,55,0.0,0.0,0.0,,,True
1790404200,2026-09-26T06:30:00Z,คีรีมาศ,171,0.045,0.299,0.3275,15,15,True
1790404200,2026-09-26T06:30:00Z,สรรคบุรี,89,0.004,0.098,0.0449,,90,True
1790404200,2026-09-26T06:30:00Z,กงไกรลาศ,108,0.0,0.0,0.0,,,True
1790404200,2026-09-26T06:30:00Z,มโนรมย์,66,0.0,0.0,0.0,,,True
1790404200,2026-09-26T06:30:00Z,เมืองสุโขทัย,136,0.018,0.201,0.1544,30,15,True
1790404200,2026-09-26T06:30:00Z,วัดสิงห์,67,0.0,0.0,0.0,,,True
1790404200,2026-09-26T06:30:00Z,บ้านด่านลานหอย,231,0.033,0.299,0.2684,30,15,True
1790404200,2026-09-26T06:30:00Z,เมืองชัยนาท,70,0.0,0.0,0.0,,,True
1790404200,2026-09-26T06:30:00Z,เนินขาม,65,0.0,0.0,0.0,,,True
1790404200,2026-09-26T06:30:00Z,คอนสาร,334,0.0,0.0,0.0,,,True
1790404200,2026-09-26T06:30:00Z,ภักดีชุมพล,154,0.0,0.0,0.0,,,True
1790404200,2026-09-26T06:30:00Z,บ้านแท่น,76,0.0,0.0,0.0,,,True
1790404200,2026-09-26T06:30:00Z,แก้งคร้อ,168,0.0,0.0,0.0,,,True
1790404200,2026-09-26T06:30:00Z,ภูเขียว,201,0.0,0.0,0.0,,,True
1790404200,2026-09-26T06:30:00Z,หนองบัวระเหว,179,0.001,0.098,0.0056,,60,True
1790404200,2026-09-26T06:30:00Z,เทพสถิต,239,0.0,0.098,0.0042,,90,True
1790404200,2026-09-26T06:30:00Z,จัตุรัส,172,0.0,0.0,0.0,,,True
1790404200,2026-09-26T06:30:00Z,บำเหน็จณรงค์,120,0.0,0.0,0.0,,,True
1790404200,2026-09-26T06:30:00Z,เกษตรสมบูรณ์,268,0.0,0.0,0.0,,,True
1790404200,2026-09-26T06:30:00Z,หนองบัวแดง,537,0.0,0.0,0.0,,,True
1790404200,2026-09-26T06:30:00Z,ภูเรือ,168,0.0,0.0,0.0,,,True
1790404200,2026-09-26T06:30:00Z,ท่าลี่,171,0.006,0.098,0.0585,,15,True
1790404200,2026-09-26T06:30:00Z,วชิรบารมี,68,0.0,0.0,0.0,,,True
1790404200,2026-09-26T06:30:00Z,ด่านซ้าย,341,0.0,0.0,0.0,,,True
1790404200,2026-09-26T06:30:00Z,นาแห้ว,153,0.005,0.098,0.0523,,15,True
1790404200,2026-09-26T06:30:00Z,บึงนาราง,74,0.019,0.201,0.1757,120,90,True
1790404200,2026-09-26T06:30:00Z,เชียงคาน,213,0.004,0.098,0.0423,,15,True
1790404200,2026-09-26T06:30:00Z,ดงเจริญ,56,0.036,0.592,0.125,105,105,True
1790404200,2026-09-26T06:30:00Z,ปากชม,240,0.0,0.0,0.0,,,True
1790404200,2026-09-26T06:30:00Z,เมืองเลย,314,0.001,0.098,0.0064,,30,True
1790404200,2026-09-26T06:30:00Z,นาด้วง,143,0.0,0.0,0.0,,,True
1790404200,2026-09-26T06:30:00Z,สากเหล็ก,45,0.0,0.0,0.0,,,True
1790404200,2026-09-26T06:30:00Z,สามง่าม,89,0.0,0.0,0.0,,,True
1790404200,2026-09-26T06:30:00Z,ทับคล้อ,104,0.01,0.201,0.0865,,30,True
1790404200,2026-09-26T06:30:00Z,พรหมพิราม,206,0.001,0.098,0.0097,,30,True
1790404200,2026-09-26T06:30:00Z,ด่านขุนทด,344,0.0,0.0,0.0,,,True
1790404200,2026-09-26T06:30:00Z,วัดโบสถ์,226,0.02,0.201,0.1549,45,15,True
1790404200,2026-09-26T06:30:00Z,บางระกำ,246,0.0,0.0,0.0,,,True
1790404200,2026-09-26T06:30:00Z,บางกระทุ่ม,91,0.0,0.0,0.0,,,True
1790404200,2026-09-26T06:30:00Z,นครไทย,597,0.0,0.0,0.0,,,True
1790404200,2026-09-26T06:30:00Z,ชาติตระการ,415,0.02,0.201,0.159,30,15,True
1790404200,2026-09-26T06:30:00Z,บ้านเหลื่อม,55,0.0,0.0,0.0,,,True
1790404200,2026-09-26T06:30:00Z,เมืองพิษณุโลก,178,0.0,0.0,0.0,,,True
1790404200,2026-09-26T06:30:00Z,ชุมแสง,145,0.0,0.0,0.0,,,True
1790404200,2026-09-26T06:30:00Z,หนองบัว,208,0.019,0.592,0.1058,120,105,True
1790404200,2026-09-26T06:30:00Z,เมืองนครสวรรค์,183,0.0,0.0,0.0,,,True
1790404200,2026-09-26T06:30:00Z,โกรกพระ,71,0.0,0.0,0.0,,,True
1790404200,2026-09-26T06:30:00Z,ไพศาลี,244,0.0,0.0,0.0,,,True
1790404200,2026-09-26T06:30:00Z,ตาคลี,206,0.003,0.098,0.034,,105,True
1790404200,2026-09-26T06:30:00Z,ท่าตะโก,211,0.0,0.0,0.0,,,True
1790404200,2026-09-26T06:30:00Z,เขาค้อ,207,0.0,0.0,0.0,,,True
1790404200,2026-09-26T06:30:00Z,บรรพตพิสัย,181,0.146,2.064,0.2431,15,15,True
1790404200,2026-09-26T06:30:00Z,เก้าเลี้ยว,57,0.0,0.0,0.0,,,True
1790404200,2026-09-26T06:30:00Z,วังโป่ง,123,0.0,0.0,0.0,,,True
1790404200,2026-09-26T06:30:00Z,บึงสามพัน,194,0.02,0.592,0.134,60,15,True
1790404200,2026-09-26T06:30:00Z,น้ำหนาว,231,0.0,0.0,0.0,,,True
1790404200,2026-09-26T06:30:00Z,ศรีเทพ,204,0.001,0.098,0.0098,,45,True
1790404200,2026-09-26T06:30:00Z,หนองไผ่,315,0.03,0.592,0.1302,75,30,True
1790404200,2026-09-26T06:30:00Z,มหาราช,4,0.0,0.0,0.0,,,False
1790404200,2026-09-26T06:30:00Z,บ้านแพรก,10,0.0,0.0,0.0,,,True
1790404200,2026-09-26T06:30:00Z,บางมูลนาก,99,0.0,0.0,0.0,,,True
1790404200,2026-09-26T06:30:00Z,โพทะเล,131,0.001,0.098,0.0076,,15,True
1790404200,2026-09-26T06:30:00Z,โพธิ์ประทับช้าง,102,0.007,0.098,0.0686,,90,True
1790404200,2026-09-26T06:30:00Z,ตะพานหิน,109,0.02,0.201,0.1835,75,45,True
1790404200,2026-09-26T06:30:00Z,เมืองพิจิตร,138,0.0,0.0,0.0,,,True
1790404200,2026-09-26T06:30:00Z,วังทรายพูน,66,0.0,0.0,0.0,,,True
1790405100,2026-09-26T06:45:00Z,พิชัย,176,0.124,0.946,0.5966,30,15,True
1790405100,2026-09-26T06:45:00Z,ลับแล,116,0.002,0.098,0.0172,,120,True
1790405100,2026-09-26T06:45:00Z,ฟากท่า,163,0.0,0.0,0.0,,,True
1790405100,2026-09-26T06:45:00Z,บ้านโคก,247,0.0,0.0,0.0,,,True
1790405100,2026-09-26T06:45:00Z,ท่าปลา,442,0.002,0.098,0.0204,,105,True
1790405100,2026-09-26T06:45:00Z,น้ำปาด,363,0.007,0.299,0.0634,,30,True
1790405100,2026-09-26T06:45:00Z,เมืองอุตรดิตถ์,202,0.0,0.098,0.005,,105,True
1790405100,2026-09-26T06:45:00Z,ตรอน,80,0.022,0.201,0.175,75,60,True
1790405100,2026-09-26T06:45:00Z,หล่มเก่า,246,0.0,0.0,0.0,,,True
1790405100,2026-09-26T06:45:00Z,วิเชียรบุรี,377,0.01,0.299,0.0769,,60,True
1790405100,2026-09-26T06:45:00Z,ชนแดน,279,0.007,0.201,0.0573,,60,True
1790405100,2026-09-26T06:45:00Z,หล่มสัก,350,0.0,0.0,0.0,,,True
1790405100,2026-09-26T06:45:00Z,เมืองเพชรบูรณ์,571,0.0,0.0,0.0,,,True
1790405100,2026-09-26T06:45:00Z,ทองแสนขัน,185,0.016,0.489,0.1081,75,15,True
1790405100,2026-09-26T06:45:00Z,บึงสามัคคี,71,0.013,0.413,0.0704,,30,True
1790405100,2026-09-26T06:45:00Z,โกสัมพีนคร,137,0.037,0.294,0.2628,30,30,True
1790405100,2026-09-26T06:45:00Z,สอง,380,0.002,0.201,0.0132,,30,True
1790405100,2026-09-26T06:45:00Z,วังชิ้น,255,0.002,0.098,0.0235,,15,True
1790405100,2026-09-26T06:45:00Z,สูงเม่น,88,0.014,0.098,0.1477,30,15,True
1790405100,2026-09-26T06:45:00Z,เด่นชัย,135,0.0,0.0,0.0,,,True
1790405100,2026-09-26T06:45:00Z,ร้องกวาง,221,0.008,0.413,0.0362,,15,True
1790405100,2026-09-26T06:45:00Z,ลอง,317,0.036,0.592,0.2177,60,15,True
1790405100,2026-09-26T06:45:00Z,เมืองแพร่,205,0.027,0.592,0.1805,30,15,True
1790405100,2026-09-26T06:45:00Z,ทัพทัน,94,0.0,0.0,0.0,,,True
1790405100,2026-09-26T06:45:00Z,สว่างอารมณ์,110,0.0,0.0,0.0,,,True
1790405100,2026-09-26T06:45:00Z,เมืองอุทัยธานี,59,0.0,0.0,0.0,,,True
1790405100,2026-09-26T06:45:00Z,ห้วยคต,94,0.0,0.0,0.0,,,True
1790405100,2026-09-26T06:45:00Z,ศรีสวัสดิ์,440,0.021,0.413,0.175,75,45,True
1790405100,2026-09-26T06:45:00Z,บ้านไร่,821,0.07,1.697,0.296,45,15,True
1790405100,2026-09-26T06:45:00Z,ลานสัก,360,0.095,1.261,0.4139,30,15,True
1790405100,2026-09-26T06:45:00Z,หนองฉาง,89,0.0,0.0,0.0,,,True
1790405100,2026-09-26T06:45:00Z,หนองขาหย่าง,43,0.0,0.0,0.0,,,True
1790405100,2026-09-26T06:45:00Z,เชียงม่วน,82,0.0,0.0,0.0,,,True
1790405100,2026-09-26T06:45:00Z,ดอกคำใต้,37,0.0,0.0,0.0,,,True
1790405100,2026-09-26T06:45:00Z,เมืองพะเยา,6,0.0,0.0,0.0,,,True
1790405100,2026-09-26T06:45:00Z,ทองผาภูมิ,851,0.003,0.413,0.0141,,90,True
1790405100,2026-09-26T06:45:00Z,สังขละบุรี,793,0.003,0.201,0.024,,30,True
1790405100,2026-09-26T06:45:00Z,หนองม่วงไข่,35,0.022,0.288,0.1714,45,45,True
1790405100,2026-09-26T06:45:00Z,ภูเวียง,81,0.0,0.0,0.0,,,True
1790405100,2026-09-26T06:45:00Z,มัญจาคีรี,50,0.0,0.0,0.0,,,True
1790405100,2026-09-26T06:45:00Z,หนองปรือ,104,0.0,0.0,0.0,,,True
1790405100,2026-09-26T06:45:00Z,เลาขวัญ,123,0.0,0.0,0.0,,,True
1790405100,2026-09-26T06:45:00Z,หนองนาคำ,43,0.0,0.0,0.0,,,True
1790405100,2026-09-26T06:45:00Z,โคกโพธิ์ไชย,65,0.0,0.0,0.0,,,True
1790405100,2026-09-26T06:45:00Z,บ้านหลวง,91,0.0,0.0,0.0,,,True
1790405100,2026-09-26T06:45:00Z,นาน้อย,266,0.0,0.0,0.0,,,True
1790405100,2026-09-26T06:45:00Z,ภูผาม่าน,74,0.0,0.0,0.0,,,True
1790405100,2026-09-26T06:45:00Z,เมืองน่าน,161,0.0,0.0,0.0,,,True
1790405100,2026-09-26T06:45:00Z,แม่จริม,262,0.0,0.0,0.0,,,True
1790405100,2026-09-26T06:45:00Z,เวียงเก่า,78,0.0,0.0,0.0,,,True
1790405100,2026-09-26T06:45:00Z,เมืองกำแพงเพชร,368,0.007,0.592,0.038,,15,True
1790405100,2026-09-26T06:45:00Z,ไทรงาม,133,0.0,0.0,0.0,,,True
1790405100,2026-09-26T06:45:00Z,ปางศิลาทอง,186,0.481,2.688,0.5323,75,45,True
1790405100,2026-09-26T06:45:00Z,ลานกระบือ,103,0.0,0.0,0.0,,,True
1790405100,2026-09-26T06:45:00Z,ทรายทองวัฒนา,53,0.005,0.288,0.0189,,45,True
1790405100,2026-09-26T06:45:00Z,คลองขลุง,179,0.044,1.216,0.162,60,15,True
1790405100,2026-09-26T06:45:00Z,พรานกระต่าย,252,0.055,0.299,0.3929,15,15,True
1790405100,2026-09-26T06:45:00Z,คลองลาน,363,0.015,0.614,0.0799,,15,True
1790405100,2026-09-26T06:45:00Z,ขาณุวรลักษบุรี,296,0.88,3.056,0.8412,15,15,True
1790405100,2026-09-26T06:45:00Z,ภูเพียง,113,0.0,0.0,0.0,,,True
1790405100,2026-09-26T06:45:00Z,นาหมื่น,245,0.0,0.0,0.0,,,True
1790405100,2026-09-26T06:45:00Z,เวียงสา,543,0.0,0.0,0.0,,,True
1790405100,2026-09-26T06:45:00Z,น้ำโสม,153,0.0,0.0,0.0,,,True
1790405100,2026-09-26T06:45:00Z,นายูง,126,0.0,0.0,0.0,,,True
1790405100,2026-09-26T06:45:00Z,ชุมแพ,173,0.0,0.0,0.0,,,True
1790405100,2026-09-26T06:45:00Z,สีชมพู,132,0.0,0.0,0.0,,,True
1790405100,2026-09-26T06:45:00Z,สุวรรณคูหา,140,0.0,0.0,0.0,,,True
1790405100,2026-09-26T06:45:00Z,นาวัง,65,0.0,0.0,0.0,,,True
1790405100,2026-09-26T06:45:00Z,หนองเรือ,80,0.0,0.0,0.0,,,True
1790405100,2026-09-26T06:45:00Z,โนนสัง,51,0.0,0.0,0.0,,,True
1790405100,2026-09-26T06:45:00Z,ศรีบุญเรือง,224,0.0,0.0,0.0,,,True
1790405100,2026-09-26T06:45:00Z,เมืองหนองบัวลำภู,217,0.0,0.0,0.0,,,True
1790405100,2026-09-26T06:45:00Z,นากลาง,173,0.0,0.0,0.0,,,True
1790405100,2026-09-26T06:45:00Z,ทุ่งเสลี่ยม,144,0.054,0.848,0.25,105,30,True
1790405100,2026-09-26T06:45:00Z,ดอยหล่อ,56,0.0,0.0,0.0,,,True
1790405100,2026-09-26T06:45:00Z,เมืองตาก,486,0.047,0.299,0.3765,45,15,True
1790405100,2026-09-26T06:45:00Z,แม่ออน,116,0.0,0.0,0.0,,,True
1790405100,2026-09-26T06:45:00Z,อุ้มผาง,1209,0.157,2.431,0.3474,90,15,True
1790405100,2026-09-26T06:45:00Z,วังเจ้า,183,0.085,0.299,0.5519,45,15,True
1790405100,2026-09-26T06:45:00Z,แม่สอด,398,0.027,0.299,0.2261,105,30,True
1790405100,2026-09-26T06:45:00Z,พบพระ,249,0.085,0.848,0.4538,15,15,True
1790405100,2026-09-26T06:45:00Z,แม่ระมาด,380,0.024,0.288,0.1737,60,15,True
1790405100,2026-09-26T06:45:00Z,ท่าสองยาง,401,0.012,0.288,0.0823,,60,True
1790405100,2026-09-26T06:45:00Z,บ้านตาก,255,0.001,0.098,0.0118,,90,True
1790405100,2026-09-26T06:45:00Z,สามเงา,698,0.022,0.848,0.1418,90,15,True
1790405100,2026-09-26T06:45:00Z,จอมทอง,280,0.0,0.0,0.0,,,True
1790405100,2026-09-26T06:45:00Z,แก้งสนามนาง,79,0.0,0.0,0.0,,,True
1790405100,2026-09-26T06:45:00Z,สีคิ้ว,292,0.0,0.0,0.0,,,True
1790405100,2026-09-26T06:45:00Z,พระทองคำ,90,0.0,0.0,0.0,,,True
1790405100,2026-09-26T06:45:00Z,เทพารักษ์,92,0.0,0.0,0.0,,,True
1790405100,2026-09-26T06:45:00Z,สันกำแพง,65,0.0,0.0,0.0,,,True
1790405100,2026-09-26T06:45:00Z,สันป่าตอง,44,0.0,0.0,0.0,,,True
1790405100,2026-09-26T06:45:00Z,ดอยเต่า,213,0.0,0.0,0.0,,,True
1790405100,2026-09-26T06:45:00Z,อมก๋อย,704,0.002,0.098,0.0156,,30,True
1790405100,2026-09-26T06:45:00Z,ฮอด,378,0.0,0.0,0.0,,,True
1790405100,2026-09-26T06:45:00Z,เมืองลำพูน,117,0.0,0.0,0.0,,,True
1790405100,2026-09-26T06:45:00Z,แม่ทา,192,0.0,0.0,0.0,,,True
1790405100,2026-09-26T06:45:00Z,บ้านธิ,34,0.0,0.0,0.0,,,True
1790405100,2026-09-26T06:45:00Z,บ้านหมอ,24,0.0,0.0,0.0,,,True
1790405100,2026-09-26T06:45:00Z,เวียงหนองล่อง,14,0.0,0.0,0.0,,,True
1790405100,2026-09-26T06:45:00Z,ทุ่งหัวช้าง,113,0.0,0.0,0.0,,,True
1790405100,2026-09-26T06:45:00Z,ป่าซาง,74,0.0,0.0,0.0,,,True
1790405100,2026-09-26T06:45:00Z,บ้านโฮ่ง,124,0.0,0.0,0.0,,,True
1790405100,2026-09-26T06:45:00Z,แก่งคอย,73,0.0,0.0,0.0,,,True
1790405100,2026-09-26T06:45:00Z,ลี้,454,0.037,1.216,0.1189,105,45,True
1790405100,2026-09-26T06:45:00Z,พระพุทธบาท,55,0.014,0.196,0.1273,30,15,True
1790405100,2026-09-26T06:45:00Z,ดอนพุด,7,0.0,0.0,0.0,,,True
1790405100,2026-09-26T06:45:00Z,หนองโดน,31,0.019,0.098,0.1935,15,15,True
1790405100,2026-09-26T06:45:00Z,เมืองลำปาง,300,0.009,0.413,0.0533,,105,True
1790405100,2026-09-26T06:45:00Z,เถิน,443,0.063,1.84,0.158,30,15,True
1790405100,2026-09-26T06:45:00Z,แม่พริก,167,0.082,1.314,0.2635,60,15,True
1790405100,2026-09-26T06:45:00Z,แจ้ห่ม,274,0.0,0.0,0.0,,,True
1790405100,2026-09-26T06:45:00Z,แม่เปิน,85,0.425,1.697,0.9294,15,15,True
1790405100,2026-09-26T06:45:00Z,เสริมงาม,185,0.005,0.098,0.0486,,105,True
1790405100,2026-09-26T06:45:00Z,ชุมตาบง,61,0.158,0.946,0.623,15,15,True
1790405100,2026-09-26T06:45:00Z,งาว,344,0.0,0.0,0.0,,,True
1790405100,2026-09-26T06:45:00Z,ตากฟ้า,125,0.003,0.098,0.032,,75,True
1790405100,2026-09-26T06:45:00Z,แม่เมาะ,283,0.02,0.592,0.1095,105,75,True
1790405100,2026-09-26T06:45:00Z,แม่วงก์,257,0.93,2.59,0.9844,15,15,True
1790405100,2026-09-26T06:45:00Z,เกาะคา,128,0.004,0.098,0.0391,,90,True
1790405100,2026-09-26T06:45:00Z,พยุหะคีรี,169,0.0,0.0,0.0,,,True
1790405100,2026-09-26T06:45:00Z,ลาดยาว,187,0.033,0.848,0.0749,,15,True
1790405100,2026-09-26T06:45:00Z,สบปราบ,125,0.0,0.0,0.0,,,True
1790405100,2026-09-26T06:45:00Z,ห้างฉัตร,154,0.0,0.0,0.0,,,True
1790405100,2026-09-26T06:45:00Z,แม่ทะ,203,0.037,0.413,0.3005,90,45,True
1790405100,2026-09-26T06:45:00Z,เมืองปาน,202,0.0,0.0,0.0,,,True
1790405100,2026-09-26T06:45:00Z,เมืองอ่างทอง,6,0.0,0.0,0.0,,,True
1790405100,2026-09-26T06:45:00Z,ไชโย,20,0.044,0.196,0.35,30,15,True
1790405100,2026-09-26T06:45:00Z,สามโก้,10,0.0,0.0,0.0,,,True
1790405100,2026-09-26T06:45:00Z,แสวงหา,43,0.073,0.196,0.6977,90,90,True
1790405100,2026-09-26T06:45:00Z,วิเศษชัยชาญ,7,0.0,0.0,0.0,,,True
1790405100,2026-09-26T06:45:00Z,โพธิ์ทอง,48,0.057,0.196,0.5,75,60,True
1790405100,2026-09-26T06:45:00Z,เมืองลพบุรี,190,0.115,0.397,0.6632,15,15,True
1790405100,2026-09-26T06:45:00Z,เดิมบางนางบวช,130,0.0,0.0,0.0,,,True
1790405100,2026-09-26T06:45:00Z,ด่านช้าง,309,0.011,0.098,0.1165,45,15,True
1790405100,2026-09-26T06:45:00Z,หนองม่วง,111,0.018,0.098,0.1802,75,45,True
1790405100,2026-09-26T06:45:00Z,ลำสนธิ,136,0.006,0.196,0.0588,,15,True
1790405100,2026-09-26T06:45:00Z,สามชุก,77,0.0,0.0,0.0,,,True
1790405100,2026-09-26T06:45:00Z,ดอนเจดีย์,72,0.0,0.0,0.0,,,True
1790405100,2026-09-26T06:45:00Z,สระโบสถ์,83,0.021,0.098,0.2169,30,15,True
1790405100,2026-09-26T06:45:00Z,ศรีประจันต์,41,0.026,0.098,0.2683,120,90,True
1790405100,2026-09-26T06:45:00Z,โคกเจริญ,135,0.0,0.0,0.0,,,True
1790405100,2026-09-26T06:45:00Z,บ้านหมี่,136,0.001,0.098,0.0074,,90,True
1790405100,2026-09-26T06:45:00Z,ท่าหลวง,100,0.0,0.0,0.0,,,True
1790405100,2026-09-26T06:45:00Z,ชัยบาดาล,280,0.0,0.098,0.0036,,15,True
1790405100,2026-09-26T06:45:00Z,ท่าวุ้ง,64,0.132,0.386,0.75,60,45,True
1790405100,2026-09-26T06:45:00Z,พัฒนานิคม,217,0.007,0.299,0.0461,,15,True
1790405100,2026-09-26T06:45:00Z,โคกสำโรง,180,0.0,0.0,0.0,,,True
1790405100,2026-09-26T06:45:00Z,หนองหญ้าไซ,108,0.0,0.0,0.0,,,True
1790405100,2026-09-26T06:45:00Z,ท่าช้าง,11,0.116,0.201,0.9091,90,75,True
1790405100,2026-09-26T06:45:00Z,อินทร์บุรี,66,0.0,0.0,0.0,,,True
1790405100,2026-09-26T06:45:00Z,ค่ายบางระจัน,26,0.019,0.098,0.1923,120,105,True
1790405100,2026-09-26T06:45:00Z,พรหมบุรี,19,0.186,0.299,1.0,60,60,True
1790405100,2026-09-26T06:45:00Z,เนินสง่า,65,0.0,0.0,0.0,,,True
1790405100,2026-09-26T06:45:00Z,เมืองสิงห์บุรี,31,0.048,0.201,0.3548,105,90,True
1790405100,2026-09-26T06:45:00Z,ซับใหญ่,72,0.0,0.0,0.0,,,True
1790405100,2026-09-26T06:45:00Z,บางระจัน,46,0.015,0.201,0.1087,120,120,True
1790405100,2026-09-26T06:45:00Z,ภูกระดึง,190,0.0,0.0,0.0,,,True
1790405100,2026-09-26T06:45:00Z,ภูหลวง,145,0.0,0.0,0.0,,,True
1790405100,2026-09-26T06:45:00Z,หนองหิน,78,0.0,0.0,0.0,,,True
1790405100,2026-09-26T06:45:00Z,ผาขาว,100,0.0,0.0,0.0,,,True
1790405100,2026-09-26T06:45:00Z,เอราวัณ,87,0.0,0.0,0.0,,,True
1790405100,2026-09-26T06:45:00Z,วังสะพุง,281,0.0,0.0,0.0,,,True
1790405100,2026-09-26T06:45:00Z,วังม่วง,70,0.0,0.0,0.0,,,True
1790405100,2026-09-26T06:45:00Z,เฉลิมพระเกียรติ,35,0.0,0.0,0.0,,,True
1790405100,2026-09-26T06:45:00Z,มวกเหล็ก,175,0.0,0.0,0.0,,,True
1790405100,2026-09-26T06:45:00Z,บ้านเขว้า,124,0.027,0.592,0.1048,30,15,True
1790405100,2026-09-26T06:45:00Z,คอนสวรรค์,113,0.0,0.0,0.0,,,True
1790405100,2026-09-26T06:45:00Z,เมืองชัยภูมิ,358,0.0,0.0,0.0,,,True
1790405100,2026-09-26T06:45:00Z,วังทอง,425,0.0,0.0,0.0,,,True
1790405100,2026-09-26T06:45:00Z,เนินมะปราง,276,0.0,0.0,0.0,,,True
1790405100,2026-09-26T06:45:00Z,สวรรคโลก,156,0.122,0.946,0.6538,75,15,True
1790405100,2026-09-26T06:45:00Z,ศรีนคร,46,0.118,0.793,0.5217,60,60,True
1790405100,2026-09-26T06:45:00Z,หันคา,139,0.0,0.0,0.0,,,True
1790405100,2026-09-26T06:45:00Z,ศรีสัชนาลัย,534,0.007,0.848,0.0318,,15,True
1790405100,2026-09-26T06:45:00Z,หนองมะโมง,76,0.0,0.0,0.0,,,True
1790405100,2026-09-26T06:45:00Z,ศรีสำโรง,142,0.04,0.299,0.3451,75,30,True
1790405100,2026-09-26T06:45:00Z,สรรพยา,55,0.0,0.0,0.0,,,True
1790405100,2026-09-26T06:45:00Z,คีรีมาศ,171,0.004,0.098,0.0409,,15,True
1790405100,2026-09-26T06:45:00Z,สรรคบุรี,89,0.0,0.0,0.0,,,True
1790405100,2026-09-26T06:45:00Z,กงไกรลาศ,108,0.0,0.0,0.0,,,True
1790405100,2026-09-26T06:45:00Z,มโนรมย์,66,0.0,0.0,0.0,,,True
1790405100,2026-09-26T06:45:00Z,เมืองสุโขทัย,136,0.014,0.098,0.1471,30,15,True
1790405100,2026-09-26T06:45:00Z,วัดสิงห์,67,0.0,0.0,0.0,,,True
1790405100,2026-09-26T06:45:00Z,บ้านด่านลานหอย,231,0.018,0.196,0.1645,90,15,True
1790405100,2026-09-26T06:45:00Z,เมืองชัยนาท,70,0.0,0.0,0.0,,,True
1790405100,2026-09-26T06:45:00Z,เนินขาม,65,0.0,0.0,0.0,,,True
1790405100,2026-09-26T06:45:00Z,คอนสาร,334,0.0,0.0,0.0,,,True
1790405100,2026-09-26T06:45:00Z,ภักดีชุมพล,154,0.013,0.288,0.0779,,15,True
1790405100,2026-09-26T06:45:00Z,บ้านแท่น,76,0.0,0.0,0.0,,,True
1790405100,2026-09-26T06:45:00Z,แก้งคร้อ,168,0.0,0.0,0.0,,,True
1790405100,2026-09-26T06:45:00Z,ภูเขียว,201,0.0,0.0,0.0,,,True
1790405100,2026-09-26T06:45:00Z,หนองบัวระเหว,179,0.027,0.592,0.1061,90,45,True
1790405100,2026-09-26T06:45:00Z,เทพสถิต,239,0.002,0.098,0.0167,,15,True
1790405100,2026-09-26T06:45:00Z,จัตุรัส,172,0.0,0.0,0.0,,,True
1790405100,2026-09-26T06:45:00Z,บำเหน็จณรงค์,120,0.0,0.0,0.0,,,True
1790405100,2026-09-26T06:45:00Z,เกษตรสมบูรณ์,268,0.0,0.0,0.0,,,True
1790405100,2026-09-26T06:45:00Z,หนองบัวแดง,537,0.0,0.0,0.0,,,True
1790405100,2026-09-26T06:45:00Z,ภูเรือ,168,0.0,0.0,0.0,,,True
1790405100,2026-09-26T06:45:00Z,ท่าลี่,171,0.016,0.201,0.1228,45,15,True
1790405100,2026-09-26T06:45:00Z,วชิรบารมี,68,0.0,0.0,0.0,,,True
1790405100,2026-09-26T06:45:00Z,ด่านซ้าย,341,0.0,0.0,0.0,,,True
1790405100,2026-09-26T06:45:00Z,นาแห้ว,153,0.0,0.0,0.0,,,True
1790405100,2026-09-26T06:45:00Z,บึงนาราง,74,0.016,0.592,0.0405,,15,True
1790405100,2026-09-26T06:45:00Z,เชียงคาน,213,0.0,0.0,0.0,,,True
1790405100,2026-09-26T06:45:00Z,ดงเจริญ,56,0.032,0.201,0.2143,120,105,True
1790405100,2026-09-26T06:45:00Z,ปากชม,240,0.0,0.0,0.0,,,True
1790405100,2026-09-26T06:45:00Z,เมืองเลย,314,0.003,0.288,0.0191,,15,True
1790405100,2026-09-26T06:45:00Z,นาด้วง,143,0.0,0.0,0.0,,,True
1790405100,2026-09-26T06:45:00Z,สากเหล็ก,45,0.0,0.0,0.0,,,True
1790405100,2026-09-26T06:45:00Z,สามง่าม,89,0.0,0.0,0.0,,,True
1790405100,2026-09-26T06:45:00Z,ทับคล้อ,104,0.0,0.0,0.0,,,True
1790405100,2026-09-26T06:45:00Z,พรหมพิราม,206,0.007,0.098,0.0728,,15,True
1790405100,2026-09-26T06:45:00Z,ด่านขุนทด,344,0.0,0.0,0.0,,,True
1790405100,2026-09-26T06:45:00Z,วัดโบสถ์,226,0.03,0.69,0.177,15,15,True
1790405100,2026-09-26T06:45:00Z,บางระกำ,246,0.0,0.0,0.0,,,True
1790405100,2026-09-26T06:45:00Z,บางกระทุ่ม,91,0.0,0.0,0.0,,,True
1790405100,2026-09-26T06:45:00Z,นครไทย,597,0.0,0.0,0.0,,,True
1790405100,2026-09-26T06:45:00Z,ชาติตระการ,415,0.016,0.299,0.1108,105,15,True
1790405100,2026-09-26T06:45:00Z,บ้านเหลื่อม,55,0.0,0.0,0.0,,,True
1790405100,2026-09-26T06:45:00Z,เมืองพิษณุโลก,178,0.0,0.0,0.0,,,True
1790405100,2026-09-26T06:45:00Z,ชุมแสง,145,0.0,0.0,0.0,,,True
1790405100,2026-09-26T06:45:00Z,หนองบัว,208,0.001,0.098,0.0096,,105,True
1790405100,2026-09-26T06:45:00Z,เมืองนครสวรรค์,183,0.0,0.0,0.0,,,True
1790405100,2026-09-26T06:45:00Z,โกรกพระ,71,0.0,0.0,0.0,,,True
1790405100,2026-09-26T06:45:00Z,ไพศาลี,244,0.001,0.098,0.0123,,120,True
1790405100,2026-09-26T06:45:00Z,ตาคลี,206,0.007,0.098,0.0728,,90,True
1790405100,2026-09-26T06:45:00Z,ท่าตะโก,211,0.0,0.0,0.0,,,True
1790405100,2026-09-26T06:45:00Z,เขาค้อ,207,0.0,0.0,0.0,,,True
1790405100,2026-09-26T06:45:00Z,บรรพตพิสัย,181,0.015,1.216,0.0276,,15,True
1790405100,2026-09-26T06:45:00Z,เก้าเลี้ยว,57,0.0,0.0,0.0,,,True
1790405100,2026-09-26T06:45:00Z,วังโป่ง,123,0.0,0.0,0.0,,,True
1790405100,2026-09-26T06:45:00Z,บึงสามพัน,194,0.0,0.0,0.0,,,True
1790405100,2026-09-26T06:45:00Z,น้ำหนาว,231,0.0,0.0,0.0,,,True
1790405100,2026-09-26T06:45:00Z,ศรีเทพ,204,0.018,0.299,0.1275,75,15,True
1790405100,2026-09-26T06:45:00Z,หนองไผ่,315,0.016,0.288,0.1079,120,15,True
1790405100,2026-09-26T06:45:00Z,มหาราช,4,0.0,0.0,0.0,,,False
1790405100,2026-09-26T06:45:00Z,บ้านแพรก,10,0.0,0.0,0.0,,,True
1790405100,2026-09-26T06:45:00Z,บางมูลนาก,99,0.0,0.0,0.0,,,True
1790405100,2026-09-26T06:45:00Z,โพทะเล,131,0.0,0.0,0.0,,,True
1790405100,2026-09-26T06:45:00Z,โพธิ์ประทับช้าง,102,0.001,0.098,0.0098,,15,True
1790405100,2026-09-26T06:45:00Z,ตะพานหิน,109,0.0,0.0,0.0,,,True
1790405100,2026-09-26T06:45:00Z,เมืองพิจิตร,138,0.0,0.0,0.0,,,True
1790405100,2026-09-26T06:45:00Z,วังทรายพูน,66,0.0,0.0,0.0,,,True
