origin,utc,name,n_cells,mean_mm,max_mm,coverage,eta_area,eta_first,reliable
1791504000,2026-10-09T00:00:00Z,พิชัย,176,0.0,0.0,0.0,,,True
1791504000,2026-10-09T00:00:00Z,ลับแล,116,0.0,0.0,0.0,,,True
1791504000,2026-10-09T00:00:00Z,ฟากท่า,163,0.0,0.0,0.0,,,True
1791504000,2026-10-09T00:00:00Z,บ้านโคก,247,0.0,0.0,0.0,,,True
1791504000,2026-10-09T00:00:00Z,ท่าปลา,442,0.0,0.0,0.0,,,True
1791504000,2026-10-09T00:00:00Z,น้ำปาด,363,0.0,0.0,0.0,,,True
1791504000,2026-10-09T00:00:00Z,เมืองอุตรดิตถ์,202,0.0,0.0,0.0,,,True
1791504000,2026-10-09T00:00:00Z,ตรอน,80,0.0,0.0,0.0,,,True
1791504000,2026-10-09T00:00:00Z,หล่มเก่า,246,0.0,0.0,0.0,,,True
1791504000,2026-10-09T00:00:00Z,วิเชียรบุรี,377,0.0,0.0,0.0,,,True
1791504000,2026-10-09T00:00:00Z,ชนแดน,279,0.0,0.0,0.0,,,True
1791504000,2026-10-09T00:00:00Z,หล่มสัก,350,0.0,0.0,0.0,,,True
1791504000,2026-10-09T00:00:00Z,เมืองเพชรบูรณ์,571,0.0,0.0,0.0,,,True
1791504000,2026-10-09T00:00:00Z,ทองแสนขัน,185,0.0,0.0,0.0,,,True
1791504000,2026-10-09T00:00:00Z,บึงสามัคคี,71,0.0,0.0,0.0,,,True
1791504000,2026-10-09T00:00:00Z,โกสัมพีนคร,137,0.0,0.0,0.0,,,True
1791504000,2026-10-09T00:00:00Z,สอง,380,0.0,0.0,0.0,,,True
1791504000,2026-10-09T00:00:00Z,วังชิ้น,255,0.0,0.0,0.0,,,True
1791504000,2026-10-09T00:00:00Z,สูงเม่น,88,0.0,0.0,0.0,,,True
1791504000,2026-10-09T00:00:00Z,เด่นชัย,135,0.0,0.0,0.0,,,True
1791504000,2026-10-09T00:00:00Z,ร้องกวาง,221,0.0,0.0,0.0,,,True
1791504000,2026-10-09T00:00:00Z,ลอง,317,0.0,0.0,0.0,,,True
1791504000,2026-10-09T00:00:00Z,เมืองแพร่,205,0.0,0.0,0.0,,,True
1791504000,2026-10-09T00:00:00Z,ทัพทัน,94,0.0,0.0,0.0,,,True
1791504000,2026-10-09T00:00:00Z,สว่างอารมณ์,110,0.0,0.0,0.0,,,True
1791504000,2026-10-09T00:00:00Z,เมืองอุทัยธานี,59,0.0,0.0,0.0,,,True
1791504000,2026-10-09T00:00:00Z,ห้วยคต,94,0.0,0.0,0.0,,,True
1791504000,2026-10-09T00:00:00Z,ศรีสวัสดิ์,440,0.0,0.0,0.0,,,True
1791504000,2026-10-09T00:00:00Z,บ้านไร่,821,0.153,2.889,0.151,75,15,True
1791504000,2026-10-09T00:00:00Z,ลานสัก,360,0.23,2.632,0.3139,15,15,True
1791504000,2026-10-09T00:00:00Z,หนองฉาง,89,0.0,0.0,0.0,,,True
1791504000,2026-10-09T00:00:00Z,หนองขาหย่าง,43,0.0,0.0,0.0,,,True
1791504000,2026-10-09T00:00:00Z,เชียงม่วน,82,0.0,0.0,0.0,,,True
1791504000,2026-10-09T00:00:00Z,ดอกคำใต้,37,0.0,0.0,0.0,,,True
1791504000,2026-10-09T00:00:00Z,เมืองพะเยา,6,0.0,0.0,0.0,,,True
1791504000,2026-10-09T00:00:00Z,ทองผาภูมิ,851,0.002,0.201,0.0176,,75,True
1791504000,2026-10-09T00:00:00Z,สังขละบุรี,793,0.001,0.201,0.0113,,90,True
1791504000,2026-10-09T00:00:00Z,หนองม่วงไข่,35,0.0,0.0,0.0,,,True
1791504000,2026-10-09T00:00:00Z,ภูเวียง,81,0.0,0.0,0.0,,,True
1791504000,2026-10-09T00:00:00Z,มัญจาคีรี,50,0.0,0.0,0.0,,,True
1791504000,2026-10-09T00:00:00Z,หนองปรือ,104,0.0,0.0,0.0,,,True
1791504000,2026-10-09T00:00:00Z,เลาขวัญ,123,0.0,0.0,0.0,,,True
1791504000,2026-10-09T00:00:00Z,หนองนาคำ,43,0.0,0.0,0.0,,,True
1791504000,2026-10-09T00:00:00Z,โคกโพธิ์ไชย,65,0.0,0.0,0.0,,,True
1791504000,2026-10-09T00:00:00Z,บ้านหลวง,91,0.0,0.0,0.0,,,True
1791504000,2026-10-09T00:00:00Z,นาน้อย,266,0.0,0.0,0.0,,,True
1791504000,2026-10-09T00:00:00Z,ภูผาม่าน,74,0.0,0.0,0.0,,,True
1791504000,2026-10-09T00:00:00Z,เมืองน่าน,161,0.0,0.0,0.0,,,True
1791504000,2026-10-09T00:00:00Z,แม่จริม,262,0.0,0.0,0.0,,,True
1791504000,2026-10-09T00:00:00Z,เวียงเก่า,78,0.0,0.0,0.0,,,True
1791504000,2026-10-09T00:00:00Z,เมืองกำแพงเพชร,368,0.0,0.0,0.0,,,True
1791504000,2026-10-09T00:00:00Z,ไทรงาม,133,0.0,0.0,0.0,,,True
1791504000,2026-10-09T00:00:00Z,ปางศิลาทอง,186,0.005,0.413,0.0269,,15,True
1791504000,2026-10-09T00:00:00Z,ลานกระบือ,103,0.0,0.0,0.0,,,True
1791504000,2026-10-09T00:00:00Z,ทรายทองวัฒนา,53,0.0,0.0,0.0,,,True
1791504000,2026-10-09T00:00:00Z,คลองขลุง,179,0.0,0.0,0.0,,,True
1791504000,2026-10-09T00:00:00Z,พรานกระต่าย,252,0.0,0.0,0.0,,,True
1791504000,2026-10-09T00:00:00Z,คลองลาน,363,0.0,0.098,0.0028,,75,True
1791504000,2026-10-09T00:00:00Z,ขาณุวรลักษบุรี,296,0.018,1.216,0.0473,,15,True
1791504000,2026-10-09T00:00:00Z,ภูเพียง,113,0.0,0.0,0.0,,,True
1791504000,2026-10-09T00:00:00Z,นาหมื่น,245,0.0,0.0,0.0,,,True
1791504000,2026-10-09T00:00:00Z,เวียงสา,543,0.0,0.0,0.0,,,True
1791504000,2026-10-09T00:00:00Z,น้ำโสม,153,0.0,0.0,0.0,,,True
1791504000,2026-10-09T00:00:00Z,นายูง,126,0.0,0.0,0.0,,,True
1791504000,2026-10-09T00:00:00Z,ชุมแพ,173,0.0,0.0,0.0,,,True
1791504000,2026-10-09T00:00:00Z,สีชมพู,132,0.0,0.0,0.0,,,True
1791504000,2026-10-09T00:00:00Z,สุวรรณคูหา,140,0.0,0.0,0.0,,,True
1791504000,2026-10-09T00:00:00Z,นาวัง,65,0.0,0.0,0.0,,,True
1791504000,2026-10-09T00:00:00Z,หนองเรือ,80,0.0,0.0,0.0,,,True
1791504000,2026-10-09T00:00:00Z,โนนสัง,51,0.0,0.0,0.0,,,True
1791504000,2026-10-09T00:00:00Z,ศรีบุญเรือง,224,0.0,0.0,0.0,,,True
1791504000,2026-10-09T00:00:00Z,เมืองหนองบัวลำภู,217,0.0,0.0,0.0,,,True
1791504000,2026-10-09T00:00:00Z,นากลาง,173,0.0,0.0,0.0,,,True
1791504000,2026-10-09T00:00:00Z,ทุ่งเสลี่ยม,144,0.0,0.0,0.0,,,True
1791504000,2026-10-09T00:00:00Z,ดอยหล่อ,56,0.0,0.0,0.0,,,True
1791504000,2026-10-09T00:00:00Z,เมืองตาก,486,0.0,0.0,0.0,,,True
1791504000,2026-10-09T00:00:00Z,แม่ออน,116,0.0,0.0,0.0,,,True
1791504000,2026-10-09T00:00:00Z,อุ้มผาง,1209,0.035,2.632,0.0629,,30,True
1791504000,2026-10-09T00:00:00Z,วังเจ้า,183,0.0,0.0,0.0,,,True
1791504000,2026-10-09T00:00:00Z,แม่สอด,398,0.0,0.0,0.0,,,True
1791504000,2026-10-09T00:00:00Z,พบพระ,249,0.0,0.0,0.0,,,True
1791504000,2026-10-09T00:00:00Z,แม่ระมาด,380,0.0,0.0,0.0,,,True
1791504000,2026-10-09T00:00:00Z,ท่าสองยาง,401,0.0,0.0,0.0,,,True
1791504000,2026-10-09T00:00:00Z,บ้านตาก,255,0.0,0.0,0.0,,,True
1791504000,2026-10-09T00:00:00Z,สามเงา,698,0.0,0.0,0.0,,,True
1791504000,2026-10-09T00:00:00Z,จอมทอง,280,0.0,0.0,0.0,,,True
1791504000,2026-10-09T00:00:00Z,แก้งสนามนาง,79,0.0,0.0,0.0,,,True
1791504000,2026-10-09T00:00:00Z,สีคิ้ว,292,0.0,0.0,0.0,,,True
1791504000,2026-10-09T00:00:00Z,พระทองคำ,90,0.0,0.0,0.0,,,True
1791504000,2026-10-09T00:00:00Z,เทพารักษ์,92,0.0,0.0,0.0,,,True
1791504000,2026-10-09T00:00:00Z,สันกำแพง,65,0.0,0.0,0.0,,,True
1791504000,2026-10-09T00:00:00Z,สันป่าตอง,44,0.0,0.0,0.0,,,True
1791504000,2026-10-09T00:00:00Z,ดอยเต่า,213,0.0,0.0,0.0,,,True
1791504000,2026-10-09T00:00:00Z,อมก๋อย,704,0.0,0.0,0.0,,,True
1791504000,2026-10-09T00:00:00Z,ฮอด,378,0.0,0.0,0.0,,,True
1791504000,2026-10-09T00:00:00Z,เมืองลำพูน,117,0.0,0.0,0.0,,,True
1791504000,2026-10-09T00:00:00Z,แม่ทา,192,0.0,0.0,0.0,,,True
1791504000,2026-10-09T00:00:00Z,บ้านธิ,34,0.0,0.0,0.0,,,True
1791504000,2026-10-09T00:00:00Z,บ้านหมอ,24,0.0,0.0,0.0,,,True
1791504000,2026-10-09T00:00:00Z,เวียงหนองล่อง,14,0.0,0.0,0.0,,,True
1791504000,2026-10-09T00:00:00Z,ทุ่งหัวช้าง,113,0.0,0.0,0.0,,,True
1791504000,2026-10-09T00:00:00Z,ป่าซาง,74,0.0,0.0,0.0,,,True
1791504000,2026-10-09T00:00:00Z,บ้านโฮ่ง,124,0.0,0.0,0.0,,,True
1791504000,2026-10-09T00:00:00Z,แก่งคอย,73,0.0,0.0,0.0,,,True
1791504000,2026-10-09T00:00:00Z,ลี้,454,0.0,0.0,0.0,,,True
1791504000,2026-10-09T00:00:00Z,พระพุทธบาท,55,0.0,0.0,0.0,,,True
1791504000,2026-10-09T00:00:00Z,ดอนพุด,7,0.0,0.0,0.0,,,True
1791504000,2026-10-09T00:00:00Z,หนองโดน,31,0.0,0.0,0.0,,,True
1791504000,2026-10-09T00:00:00Z,เมืองลำปาง,300,0.0,0.0,0.0,,,True
1791504000,2026-10-09T00:00:00Z,เถิน,443,0.0,0.0,0.0,,,True
1791504000,2026-10-09T00:00:00Z,แม่พริก,167,0.0,0.0,0.0,,,True
1791504000,2026-10-09T00:00:00Z,แจ้ห่ม,274,0.0,0.0,0.0,,,True
1791504000,2026-10-09T00:00:00Z,แม่เปิน,85,0.086,0.848,0.2,30,15,True
1791504000,2026-10-09T00:00:00Z,เสริมงาม,185,0.0,0.0,0.0,,,True
1791504000,2026-10-09T00:00:00Z,ชุมตาบง,61,0.0,0.0,0.0,,,True
1791504000,2026-10-09T00:00:00Z,งาว,344,0.0,0.0,0.0,,,True
1791504000,2026-10-09T00:00:00Z,ตากฟ้า,125,0.0,0.0,0.0,,,True
1791504000,2026-10-09T00:00:00Z,แม่เมาะ,283,0.0,0.0,0.0,,,True
1791504000,2026-10-09T00:00:00Z,แม่วงก์,257,0.048,1.742,0.1323,90,15,True
1791504000,2026-10-09T00:00:00Z,เกาะคา,128,0.0,0.0,0.0,,,True
1791504000,2026-10-09T00:00:00Z,พยุหะคีรี,169,0.0,0.0,0.0,,,True
1791504000,2026-10-09T00:00:00Z,ลาดยาว,187,0.0,0.0,0.0,,,True
1791504000,2026-10-09T00:00:00Z,สบปราบ,125,0.0,0.0,0.0,,,True
1791504000,2026-10-09T00:00:00Z,ห้างฉัตร,154,0.0,0.0,0.0,,,True
1791504000,2026-10-09T00:00:00Z,แม่ทะ,203,0.0,0.0,0.0,,,True
1791504000,2026-10-09T00:00:00Z,เมืองปาน,202,0.0,0.0,0.0,,,True
1791504000,2026-10-09T00:00:00Z,เมืองอ่างทอง,6,0.0,0.0,0.0,,,True
1791504000,2026-10-09T00:00:00Z,ไชโย,20,0.0,0.0,0.0,,,True
1791504000,2026-10-09T00:00:00Z,สามโก้,10,0.0,0.0,0.0,,,True
1791504000,2026-10-09T00:00:00Z,แสวงหา,43,0.0,0.0,0.0,,,True
1791504000,2026-10-09T00:00:00Z,วิเศษชัยชาญ,7,0.0,0.0,0.0,,,True
1791504000,2026-10-09T00:00:00Z,โพธิ์ทอง,48,0.0,0.0,0.0,,,True
1791504000,2026-10-09T00:00:00Z,เมืองลพบุรี,190,0.0,0.0,0.0,,,True
1791504000,2026-10-09T00:00:00Z,เดิมบางนางบวช,130,0.0,0.0,0.0,,,True
1791504000,2026-10-09T00:00:00Z,ด่านช้าง,309,0.0,0.0,0.0,,,True
1791504000,2026-10-09T00:00:00Z,หนองม่วง,111,0.0,0.0,0.0,,,True
1791504000,2026-10-09T00:00:00Z,ลำสนธิ,136,0.0,0.0,0.0,,,True
1791504000,2026-10-09T00:00:00Z,สามชุก,77,0.0,0.0,0.0,,,True
1791504000,2026-10-09T00:00:00Z,ดอนเจดีย์,72,0.0,0.0,0.0,,,True
1791504000,2026-10-09T00:00:00Z,สระโบสถ์,83,0.0,0.0,0.0,,,True
1791504000,2026-10-09T00:00:00Z,ศรีประจันต์,41,0.0,0.0,0.0,,,True
1791504000,2026-10-09T00:00:00Z,โคกเจริญ,135,0.0,0.0,0.0,,,True
1791504000,2026-10-09T00:00:00Z,บ้านหมี่,136,0.0,0.0,0.0,,,True
1791504000,2026-10-09T00:00:00Z,ท่าหลวง,100,0.0,0.0,0.0,,,True
1791504000,2026-10-09T00:00:00Z,ชัยบาดาล,280,0.0,0.0,0.0,,,True
1791504000,2026-10-09T00:00:00Z,ท่าวุ้ง,64,0.0,0.0,0.0,,,True
1791504000,2026-10-09T00:00:00Z,พัฒนานิคม,217,0.0,0.0,0.0,,,True
1791504000,2026-10-09T00:00:00Z,โคกสำโรง,180,0.0,0.0,0.0,,,True
1791504000,2026-10-09T00:00:00Z,หนองหญ้าไซ,108,0.0,0.0,0.0,,,True
1791504000,2026-10-09T00:00:00Z,ท่าช้าง,11,0.0,0.0,0.0,,,True
1791504000,2026-10-09T00:00:00Z,อินทร์บุรี,66,0.0,0.0,0.0,,,True
1791504000,2026-10-09T00:00:00Z,ค่ายบางระจัน,26,0.0,0.0,0.0,,,True
1791504000,2026-10-09T00:00:00Z,พรหมบุรี,19,0.0,0.0,0.0,,,True
1791504000,2026-10-09T00:00:00Z,เนินสง่า,65,0.0,0.0,0.0,,,True
1791504000,2026-10-09T00:00:00Z,เมืองสิงห์บุรี,31,0.0,0.0,0.0,,,True
1791504000,2026-10-09T00:00:00Z,ซับใหญ่,72,0.0,0.0,0.0,,,True
1791504000,2026-10-09T00:00:00Z,บางระจัน,46,0.0,0.0,0.0,,,True
1791504000,2026-10-09T00:00:00Z,ภูกระดึง,190,0.0,0.0,0.0,,,True
1791504000,2026-10-09T00:00:00Z,ภูหลวง,145,0.0,0.0,0.0,,,True
1791504000,2026-10-09T00:00:00Z,หนองหิน,78,0.0,0.0,0.0,,,True
1791504000,2026-10-09T00:00:00Z,ผาขาว,100,0.0,0.0,0.0,,,True
1791504000,2026-10-09T00:00:00Z,เอราวัณ,87,0.0,0.0,0.0,,,True
1791504000,2026-10-09T00:00:00Z,วังสะพุง,281,0.0,0.0,0.0,,,True
1791504000,2026-10-09T00:00:00Z,วังม่วง,70,0.0,0.0,0.0,,,True
1791504000,2026-10-09T00:00:00Z,เฉลิมพระเกียรติ,35,0.0,0.0,0.0,,,True
1791504000,2026-10-09T00:00:00Z,มวกเหล็ก,175,0.0,0.0,0.0,,,True
1791504000,2026-10-09T00:00:00Z,บ้านเขว้า,124,0.0,0.0,0.0,,,True
1791504000,2026-10-09T00:00:00Z,คอนสวรรค์,113,0.0,0.0,0.0,,,True
1791504000,2026-10-09T00:00:00Z,เมืองชัยภูมิ,358,0.0,0.0,0.0,,,True
1791504000,2026-10-09T00:00:00Z,วังทอง,425,0.0,0.0,0.0,,,True
1791504000,2026-10-09T00:00:00Z,เนินมะปราง,276,0.0,0.0,0.0,,,True
1791504000,2026-10-09T00:00:00Z,สวรรคโลก,156,0.0,0.0,0.0,,,True
1791504000,2026-10-09T00:00:00Z,ศรีนคร,46,0.0,0.0,0.0,,,True
1791504000,2026-10-09T00:00:00Z,หันคา,139,0.0,0.0,0.0,,,True
1791504000,2026-10-09T00:00:00Z,ศรีสัชนาลัย,534,0.0,0.0,0.0,,,True
1791504000,2026-10-09T00:00:00Z,หนองมะโมง,76,0.0,0.0,0.0,,,True
1791504000,2026-10-09T00:00:00Z,ศรีสำโรง,142,0.0,0.0,0.0,,,True
1791504000,2026-10-09T00:00:00Z,สรรพยา,55,0.0,0.0,0.0,,,True
1791504000,2026-10-09T00:00:00Z,คีรีมาศ,171,0.0,0.0,0.0,,,True
1791504000,2026-10-09T00:00:00Z,สรรคบุรี,89,0.0,0.0,0.0,,,True
1791504000,2026-10-09T00:00:00Z,กงไกรลาศ,108,0.0,0.0,0.0,,,True
1791504000,2026-10-09T00:00:00Z,มโนรมย์,66,0.0,0.0,0.0,,,True
1791504000,2026-10-09T00:00:00Z,เมืองสุโขทัย,136,0.0,0.0,0.0,,,True
1791504000,2026-10-09T00:00:00Z,วัดสิงห์,67,0.0,0.0,0.0,,,True
1791504000,2026-10-09T00:00:00Z,บ้านด่านลานหอย,231,0.0,0.0,0.0,,,True
1791504000,2026-10-09T00:00:00Z,เมืองชัยนาท,70,0.0,0.0,0.0,,,True
1791504000,2026-10-09T00:00:00Z,เนินขาม,65,0.0,0.0,0.0,,,True
1791504000,2026-10-09T00:00:00Z,คอนสาร,334,0.0,0.0,0.0,,,True
1791504000,2026-10-09T00:00:00Z,ภักดีชุมพล,154,0.0,0.0,0.0,,,True
1791504000,2026-10-09T00:00:00Z,บ้านแท่น,76,0.0,0.0,0.0,,,True
1791504000,2026-10-09T00:00:00Z,แก้งคร้อ,168,0.0,0.0,0.0,,,True
1791504000,2026-10-09T00:00:00Z,ภูเขียว,201,0.0,0.0,0.0,,,True
1791504000,2026-10-09T00:00:00Z,หนองบัวระเหว,179,0.0,0.0,0.0,,,True
1791504000,2026-10-09T00:00:00Z,เทพสถิต,239,0.0,0.0,0.0,,,True
1791504000,2026-10-09T00:00:00Z,จัตุรัส,172,0.0,0.0,0.0,,,True
1791504000,2026-10-09T00:00:00Z,บำเหน็จณรงค์,120,0.0,0.0,0.0,,,True
1791504000,2026-10-09T00:00:00Z,เกษตรสมบูรณ์,268,0.0,0.0,0.0,,,True
1791504000,2026-10-09T00:00:00Z,หนองบัวแดง,537,0.0,0.0,0.0,,,True
1791504000,2026-10-09T00:00:00Z,ภูเรือ,168,0.0,0.0,0.0,,,True
1791504000,2026-10-09T00:00:00Z,ท่าลี่,171,0.0,0.0,0.0,,,True
1791504000,2026-10-09T00:00:00Z,วชิรบารมี,68,0.0,0.0,0.0,,,True
1791504000,2026-10-09T00:00:00Z,ด่านซ้าย,341,0.0,0.0,0.0,,,True
1791504000,2026-10-09T00:00:00Z,นาแห้ว,153,0.0,0.0,0.0,,,True
1791504000,2026-10-09T00:00:00Z,บึงนาราง,74,0.0,0.0,0.0,,,True
1791504000,2026-10-09T00:00:00Z,เชียงคาน,213,0.0,0.0,0.0,,,True
1791504000,2026-10-09T00:00:00Z,ดงเจริญ,56,0.0,0.0,0.0,,,True
1791504000,2026-10-09T00:00:00Z,ปากชม,240,0.0,0.0,0.0,,,True
1791504000,2026-10-09T00:00:00Z,เมืองเลย,314,0.0,0.0,0.0,,,True
1791504000,2026-10-09T00:00:00Z,นาด้วง,143,0.0,0.0,0.0,,,True
1791504000,2026-10-09T00:00:00Z,สากเหล็ก,45,0.0,0.0,0.0,,,True
1791504000,2026-10-09T00:00:00Z,สามง่าม,89,0.0,0.0,0.0,,,True
1791504000,2026-10-09T00:00:00Z,ทับคล้อ,104,0.0,0.0,0.0,,,True
1791504000,2026-10-09T00:00:00Z,พรหมพิราม,206,0.0,0.0,0.0,,,True
1791504000,2026-10-09T00:00:00Z,ด่านขุนทด,344,0.0,0.0,0.0,,,True
1791504000,2026-10-09T00:00:00Z,วัดโบสถ์,226,0.0,0.0,0.0,,,True
1791504000,2026-10-09T00:00:00Z,บางระกำ,246,0.0,0.0,0.0,,,True
1791504000,2026-10-09T00:00:00Z,บางกระทุ่ม,91,0.0,0.0,0.0,,,True
1791504000,2026-10-09T00:00:00Z,นครไทย,597,0.0,0.0,0.0,,,True
1791504000,2026-10-09T00:00:00Z,ชาติตระการ,415,0.0,0.0,0.0,,,True
1791504000,2026-10-09T00:00:00Z,บ้านเหลื่อม,55,0.0,0.0,0.0,,,True
1791504000,2026-10-09T00:00:00Z,เมืองพิษณุโลก,178,0.0,0.0,0.0,,,True
1791504000,2026-10-09T00:00:00Z,ชุมแสง,145,0.0,0.0,0.0,,,True
1791504000,2026-10-09T00:00:00Z,หนองบัว,208,0.0,0.0,0.0,,,True
1791504000,2026-10-09T00:00:00Z,เมืองนครสวรรค์,183,0.0,0.0,0.0,,,True
1791504000,2026-10-09T00:00:00Z,โกรกพระ,71,0.0,0.0,0.0,,,True
1791504000,2026-10-09T00:00:00Z,ไพศาลี,244,0.0,0.0,0.0,,,True
1791504000,2026-10-09T00:00:00Z,ตาคลี,206,0.0,0.0,0.0,,,True
1791504000,2026-10-09T00:00:00Z,ท่าตะโก,211,0.0,0.0,0.0,,,True
1791504000,2026-10-09T00:00:00Z,เขาค้อ,207,0.0,0.0,0.0,,,True
1791504000,2026-10-09T00:00:00Z,บรรพตพิสัย,181,0.0,0.0,0.0,,,True
1791504000,2026-10-09T00:00:00Z,เก้าเลี้ยว,57,0.0,0.0,0.0,,,True
1791504000,2026-10-09T00:00:00Z,วังโป่ง,123,0.0,0.0,0.0,,,True
1791504000,2026-10-09T00:00:00Z,บึงสามพัน,194,0.0,0.0,0.0,,,True
1791504000,2026-10-09T00:00:00Z,น้ำหนาว,231,0.0,0.0,0.0,,,True
1791504000,2026-10-09T00:00:00Z,ศรีเทพ,204,0.0,0.0,0.0,,,True
1791504000,2026-10-09T00:00:00Z,หนองไผ่,315,0.0,0.0,0.0,,,True
1791504000,2026-10-09T00:00:00Z,มหาราช,4,0.0,0.0,0.0,,,False
1791504000,2026-10-09T00:00:00Z,บ้านแพรก,10,0.0,0.0,0.0,,,True
1791504000,2026-10-09T00:00:00Z,บางมูลนาก,99,0.0,0.0,0.0,,,True
1791504000,2026-10-09T00:00:00Z,โพทะเล,131,0.0,0.0,0.0,,,True
1791504000,2026-10-09T00:00:00Z,โพธิ์ประทับช้าง,102,0.0,0.0,0.0,,,True
1791504000,2026-10-09T00:00:00Z,ตะพานหิน,109,0.0,0.0,0.0,,,True
1791504000,2026-10-09T00:00:00Z,เมืองพิจิตร,138,0.0,0.0,0.0,,,True
1791504000,2026-10-09T00:00:00Z,วังทรายพูน,66,0.0,0.0,0.0,,,True
1791504900,2026-10-09T00:15:00Z,พิชัย,176,0.0,0.0,0.0,,,True
1791504900,2026-10-09T00:15:00Z,ลับแล,116,0.0,0.0,0.0,,,True
1791504900,2026-10-09T00:15:00Z,ฟากท่า,163,0.0,0.0,0.0,,,True
1791504900,2026-10-09T00:15:00Z,บ้านโคก,247,0.0,0.0,0.0,,,True
1791504900,2026-10-09T00:15:00Z,ท่าปลา,442,0.0,0.0,0.0,,,True
1791504900,2026-10-09T00:15:00Z,น้ำปาด,363,0.0,0.0,0.0,,,True
1791504900,2026-10-09T00:15:00Z,เมืองอุตรดิตถ์,202,0.0,0.0,0.0,,,True
1791504900,2026-10-09T00:15:00Z,ตรอน,80,0.0,0.0,0.0,,,True
1791504900,2026-10-09T00:15:00Z,หล่มเก่า,246,0.0,0.0,0.0,,,True
1791504900,2026-10-09T00:15:00Z,วิเชียรบุรี,377,0.0,0.0,0.0,,,True
1791504900,2026-10-09T00:15:00Z,ชนแดน,279,0.0,0.0,0.0,,,True
1791504900,2026-10-09T00:15:00Z,หล่มสัก,350,0.0,0.0,0.0,,,True
1791504900,2026-10-09T00:15:00Z,เมืองเพชรบูรณ์,571,0.0,0.0,0.0,,,True
1791504900,2026-10-09T00:15:00Z,ทองแสนขัน,185,0.0,0.0,0.0,,,True
1791504900,2026-10-09T00:15:00Z,บึงสามัคคี,71,0.0,0.0,0.0,,,True
1791504900,2026-10-09T00:15:00Z,โกสัมพีนคร,137,0.0,0.0,0.0,,,True
1791504900,2026-10-09T00:15:00Z,สอง,380,0.0,0.0,0.0,,,True
1791504900,2026-10-09T00:15:00Z,วังชิ้น,255,0.0,0.0,0.0,,,True
1791504900,2026-10-09T00:15:00Z,สูงเม่น,88,0.0,0.0,0.0,,,True
1791504900,2026-10-09T00:15:00Z,เด่นชัย,135,0.0,0.0,0.0,,,True
1791504900,2026-10-09T00:15:00Z,ร้องกวาง,221,0.0,0.0,0.0,,,True
1791504900,2026-10-09T00:15:00Z,ลอง,317,0.0,0.0,0.0,,,True
1791504900,2026-10-09T00:15:00Z,เมืองแพร่,205,0.0,0.0,0.0,,,True
1791504900,2026-10-09T00:15:00Z,ทัพทัน,94,0.0,0.0,0.0,,,True
1791504900,2026-10-09T00:15:00Z,สว่างอารมณ์,110,0.0,0.0,0.0,,,True
1791504900,2026-10-09T00:15:00Z,เมืองอุทัยธานี,59,0.0,0.0,0.0,,,True
1791504900,2026-10-09T00:15:00Z,ห้วยคต,94,0.0,0.0,0.0,,,True
1791504900,2026-10-09T00:15:00Z,ศรีสวัสดิ์,440,0.0,0.0,0.0,,,True
1791504900,2026-10-09T00:15:00Z,บ้านไร่,821,0.108,1.504,0.1486,60,15,True
1791504900,2026-10-09T00:15:00Z,ลานสัก,360,0.173,1.504,0.2944,15,15,True
1791504900,2026-10-09T00:15:00Z,หนองฉาง,89,0.0,0.0,0.0,,,True
1791504900,2026-10-09T00:15:00Z,หนองขาหย่าง,43,0.0,0.0,0.0,,,True
1791504900,2026-10-09T00:15:00Z,เชียงม่วน,82,0.0,0.0,0.0,,,True
1791504900,2026-10-09T00:15:00Z,ดอกคำใต้,37,0.0,0.0,0.0,,,True
1791504900,2026-10-09T00:15:00Z,เมืองพะเยา,6,0.0,0.0,0.0,,,True
1791504900,2026-10-09T00:15:00Z,ทองผาภูมิ,851,0.0,0.0,0.0,,,True
1791504900,2026-10-09T00:15:00Z,สังขละบุรี,793,0.005,0.201,0.0391,,75,True
1791504900,2026-10-09T00:15:00Z,หนองม่วงไข่,35,0.0,0.0,0.0,,,True
1791504900,2026-10-09T00:15:00Z,ภูเวียง,81,0.0,0.0,0.0,,,True
1791504900,2026-10-09T00:15:00Z,มัญจาคีรี,50,0.0,0.0,0.0,,,True
1791504900,2026-10-09T00:15:00Z,หนองปรือ,104,0.0,0.0,0.0,,,True
1791504900,2026-10-09T00:15:00Z,เลาขวัญ,123,0.0,0.0,0.0,,,True
1791504900,2026-10-09T00:15:00Z,หนองนาคำ,43,0.0,0.0,0.0,,,True
1791504900,2026-10-09T00:15:00Z,โคกโพธิ์ไชย,65,0.0,0.0,0.0,,,True
1791504900,2026-10-09T00:15:00Z,บ้านหลวง,91,0.0,0.0,0.0,,,True
1791504900,2026-10-09T00:15:00Z,นาน้อย,266,0.0,0.0,0.0,,,True
1791504900,2026-10-09T00:15:00Z,ภูผาม่าน,74,0.0,0.0,0.0,,,True
1791504900,2026-10-09T00:15:00Z,เมืองน่าน,161,0.0,0.0,0.0,,,True
1791504900,2026-10-09T00:15:00Z,แม่จริม,262,0.0,0.0,0.0,,,True
1791504900,2026-10-09T00:15:00Z,เวียงเก่า,78,0.0,0.0,0.0,,,True
1791504900,2026-10-09T00:15:00Z,เมืองกำแพงเพชร,368,0.008,1.216,0.0136,,15,True
1791504900,2026-10-09T00:15:00Z,ไทรงาม,133,0.0,0.0,0.0,,,True
1791504900,2026-10-09T00:15:00Z,ปางศิลาทอง,186,0.135,1.84,0.2097,30,15,True
1791504900,2026-10-09T00:15:00Z,ลานกระบือ,103,0.0,0.0,0.0,,,True
1791504900,2026-10-09T00:15:00Z,ทรายทองวัฒนา,53,0.0,0.0,0.0,,,True
1791504900,2026-10-09T00:15:00Z,คลองขลุง,179,0.0,0.0,0.0,,,True
1791504900,2026-10-09T00:15:00Z,พรานกระต่าย,252,0.0,0.0,0.0,,,True
1791504900,2026-10-09T00:15:00Z,คลองลาน,363,0.108,2.496,0.1377,90,15,True
1791504900,2026-10-09T00:15:00Z,ขาณุวรลักษบุรี,296,0.017,1.216,0.0338,,15,True
1791504900,2026-10-09T00:15:00Z,ภูเพียง,113,0.0,0.0,0.0,,,True
1791504900,2026-10-09T00:15:00Z,นาหมื่น,245,0.0,0.0,0.0,,,True
1791504900,2026-10-09T00:15:00Z,เวียงสา,543,0.0,0.0,0.0,,,True
1791504900,2026-10-09T00:15:00Z,น้ำโสม,153,0.0,0.0,0.0,,,True
1791504900,2026-10-09T00:15:00Z,นายูง,126,0.0,0.0,0.0,,,True
1791504900,2026-10-09T00:15:00Z,ชุมแพ,173,0.0,0.0,0.0,,,True
1791504900,2026-10-09T00:15:00Z,สีชมพู,132,0.0,0.0,0.0,,,True
1791504900,2026-10-09T00:15:00Z,สุวรรณคูหา,140,0.0,0.0,0.0,,,True
1791504900,2026-10-09T00:15:00Z,นาวัง,65,0.0,0.0,0.0,,,True
1791504900,2026-10-09T00:15:00Z,หนองเรือ,80,0.0,0.0,0.0,,,True
1791504900,2026-10-09T00:15:00Z,โนนสัง,51,0.0,0.0,0.0,,,True
1791504900,2026-10-09T00:15:00Z,ศรีบุญเรือง,224,0.0,0.0,0.0,,,True
1791504900,2026-10-09T00:15:00Z,เมืองหนองบัวลำภู,217,0.0,0.0,0.0,,,True
1791504900,2026-10-09T00:15:00Z,นากลาง,173,0.0,0.0,0.0,,,True
1791504900,2026-10-09T00:15:00Z,ทุ่งเสลี่ยม,144,0.0,0.0,0.0,,,True
1791504900,2026-10-09T00:15:00Z,ดอยหล่อ,56,0.0,0.0,0.0,,,True
1791504900,2026-10-09T00:15:00Z,เมืองตาก,486,0.0,0.0,0.0,,,True
1791504900,2026-10-09T00:15:00Z,แม่ออน,116,0.0,0.0,0.0,,,True
1791504900,2026-10-09T00:15:00Z,อุ้มผาง,1209,0.088,1.44,0.1439,120,15,True
1791504900,2026-10-09T00:15:00Z,วังเจ้า,183,0.0,0.0,0.0,,,True
1791504900,2026-10-09T00:15:00Z,แม่สอด,398,0.0,0.0,0.0,,,True
1791504900,2026-10-09T00:15:00Z,พบพระ,249,0.0,0.0,0.0,,,True
1791504900,2026-10-09T00:15:00Z,แม่ระมาด,380,0.0,0.0,0.0,,,True
1791504900,2026-10-09T00:15:00Z,ท่าสองยาง,401,0.0,0.0,0.0,,,True
1791504900,2026-10-09T00:15:00Z,บ้านตาก,255,0.0,0.0,0.0,,,True
1791504900,2026-10-09T00:15:00Z,สามเงา,698,0.0,0.0,0.0,,,True
1791504900,2026-10-09T00:15:00Z,จอมทอง,280,0.0,0.0,0.0,,,True
1791504900,2026-10-09T00:15:00Z,แก้งสนามนาง,79,0.0,0.0,0.0,,,True
1791504900,2026-10-09T00:15:00Z,สีคิ้ว,292,0.0,0.0,0.0,,,True
1791504900,2026-10-09T00:15:00Z,พระทองคำ,90,0.0,0.0,0.0,,,True
1791504900,2026-10-09T00:15:00Z,เทพารักษ์,92,0.0,0.0,0.0,,,True
1791504900,2026-10-09T00:15:00Z,สันกำแพง,65,0.0,0.0,0.0,,,True
1791504900,2026-10-09T00:15:00Z,สันป่าตอง,44,0.0,0.0,0.0,,,True
1791504900,2026-10-09T00:15:00Z,ดอยเต่า,213,0.0,0.0,0.0,,,True
1791504900,2026-10-09T00:15:00Z,อมก๋อย,704,0.0,0.0,0.0,,,True
1791504900,2026-10-09T00:15:00Z,ฮอด,378,0.0,0.0,0.0,,,True
1791504900,2026-10-09T00:15:00Z,เมืองลำพูน,117,0.0,0.0,0.0,,,True
1791504900,2026-10-09T00:15:00Z,แม่ทา,192,0.0,0.0,0.0,,,True
1791504900,2026-10-09T00:15:00Z,บ้านธิ,34,0.0,0.0,0.0,,,True
1791504900,2026-10-09T00:15:00Z,บ้านหมอ,24,0.0,0.0,0.0,,,True
1791504900,2026-10-09T00:15:00Z,เวียงหนองล่อง,14,0.0,0.0,0.0,,,True
1791504900,2026-10-09T00:15:00Z,ทุ่งหัวช้าง,113,0.0,0.0,0.0,,,True
1791504900,2026-10-09T00:15:00Z,ป่าซาง,74,0.0,0.0,0.0,,,True
1791504900,2026-10-09T00:15:00Z,บ้านโฮ่ง,124,0.0,0.0,0.0,,,True
1791504900,2026-10-09T00:15:00Z,แก่งคอย,73,0.0,0.0,0.0,,,True
1791504900,2026-10-09T00:15:00Z,ลี้,454,0.0,0.0,0.0,,,True
1791504900,2026-10-09T00:15:00Z,พระพุทธบาท,55,0.0,0.0,0.0,,,True
1791504900,2026-10-09T00:15:00Z,ดอนพุด,7,0.0,0.0,0.0,,,True
1791504900,2026-10-09T00:15:00Z,หนองโดน,31,0.0,0.0,0.0,,,True
1791504900,2026-10-09T00:15:00Z,เมืองลำปาง,300,0.0,0.0,0.0,,,True
1791504900,2026-10-09T00:15:00Z,เถิน,443,0.0,0.0,0.0,,,True
1791504900,2026-10-09T00:15:00Z,แม่พริก,167,0.0,0.0,0.0,,,True
1791504900,2026-10-09T00:15:00Z,แจ้ห่ม,274,0.0,0.0,0.0,,,True
1791504900,2026-10-09T00:15:00Z,แม่เปิน,85,0.125,1.697,0.2,15,15,True
1791504900,2026-10-09T00:15:00Z,เสริมงาม,185,0.0,0.0,0.0,,,True
1791504900,2026-10-09T00:15:00Z,ชุมตาบง,61,0.0,0.0,0.0,,,True
1791504900,2026-10-09T00:15:00Z,งาว,344,0.0,0.0,0.0,,,True
1791504900,2026-10-09T00:15:00Z,ตากฟ้า,125,0.0,0.0,0.0,,,True
1791504900,2026-10-09T00:15:00Z,แม่เมาะ,283,0.0,0.0,0.0,,,True
1791504900,2026-10-09T00:15:00Z,แม่วงก์,257,0.162,1.742,0.249,60,15,True
1791504900,2026-10-09T00:15:00Z,เกาะคา,128,0.0,0.0,0.0,,,True
1791504900,2026-10-09T00:15:00Z,พยุหะคีรี,169,0.0,0.0,0.0,,,True
1791504900,2026-10-09T00:15:00Z,ลาดยาว,187,0.0,0.0,0.0,,,True
1791504900,2026-10-09T00:15:00Z,สบปราบ,125,0.0,0.0,0.0,,,True
1791504900,2026-10-09T00:15:00Z,ห้างฉัตร,154,0.0,0.0,0.0,,,True
1791504900,2026-10-09T00:15:00Z,แม่ทะ,203,0.0,0.0,0.0,,,True
1791504900,2026-10-09T00:15:00Z,เมืองปาน,202,0.0,0.0,0.0,,,True
1791504900,2026-10-09T00:15:00Z,เมืองอ่างทอง,6,0.0,0.0,0.0,,,True
1791504900,2026-10-09T00:15:00Z,ไชโย,20,0.0,0.0,0.0,,,True
1791504900,2026-10-09T00:15:00Z,สามโก้,10,0.0,0.0,0.0,,,True
1791504900,2026-10-09T00:15:00Z,แสวงหา,43,0.0,0.0,0.0,,,True
1791504900,2026-10-09T00:15:00Z,วิเศษชัยชาญ,7,0.0,0.0,0.0,,,True
1791504900,2026-10-09T00:15:00Z,โพธิ์ทอง,48,0.0,0.0,0.0,,,True
1791504900,2026-10-09T00:15:00Z,เมืองลพบุรี,190,0.0,0.0,0.0,,,True
1791504900,2026-10-09T00:15:00Z,เดิมบางนางบวช,130,0.0,0.0,0.0,,,True
1791504900,2026-10-09T00:15:00Z,ด่านช้าง,309,0.0,0.0,0.0,,,True
1791504900,2026-10-09T00:15:00Z,หนองม่วง,111,0.0,0.0,0.0,,,True
1791504900,2026-10-09T00:15:00Z,ลำสนธิ,136,0.0,0.0,0.0,,,True
1791504900,2026-10-09T00:15:00Z,สามชุก,77,0.001,0.098,0.013,,30,True
1791504900,2026-10-09T00:15:00Z,ดอนเจดีย์,72,0.003,0.098,0.0278,,60,True
1791504900,2026-10-09T00:15:00Z,สระโบสถ์,83,0.0,0.0,0.0,,,True
1791504900,2026-10-09T00:15:00Z,ศรีประจันต์,41,0.0,0.0,0.0,,,True
1791504900,2026-10-09T00:15:00Z,โคกเจริญ,135,0.0,0.0,0.0,,,True
1791504900,2026-10-09T00:15:00Z,บ้านหมี่,136,0.0,0.0,0.0,,,True
1791504900,2026-10-09T00:15:00Z,ท่าหลวง,100,0.0,0.0,0.0,,,True
1791504900,2026-10-09T00:15:00Z,ชัยบาดาล,280,0.0,0.0,0.0,,,True
1791504900,2026-10-09T00:15:00Z,ท่าวุ้ง,64,0.0,0.0,0.0,,,True
1791504900,2026-10-09T00:15:00Z,พัฒนานิคม,217,0.0,0.0,0.0,,,True
1791504900,2026-10-09T00:15:00Z,โคกสำโรง,180,0.0,0.0,0.0,,,True
1791504900,2026-10-09T00:15:00Z,หนองหญ้าไซ,108,0.0,0.0,0.0,,,True
1791504900,2026-10-09T00:15:00Z,ท่าช้าง,11,0.0,0.0,0.0,,,True
1791504900,2026-10-09T00:15:00Z,อินทร์บุรี,66,0.0,0.0,0.0,,,True
1791504900,2026-10-09T00:15:00Z,ค่ายบางระจัน,26,0.0,0.0,0.0,,,True
1791504900,2026-10-09T00:15:00Z,พรหมบุรี,19,0.0,0.0,0.0,,,True
1791504900,2026-10-09T00:15:00Z,เนินสง่า,65,0.0,0.0,0.0,,,True
1791504900,2026-10-09T00:15:00Z,เมืองสิงห์บุรี,31,0.0,0.0,0.0,,,True
1791504900,2026-10-09T00:15:00Z,ซับใหญ่,72,0.0,0.0,0.0,,,True
1791504900,2026-10-09T00:15:00Z,บางระจัน,46,0.0,0.0,0.0,,,True
1791504900,2026-10-09T00:15:00Z,ภูกระดึง,190,0.0,0.0,0.0,,,True
1791504900,2026-10-09T00:15:00Z,ภูหลวง,145,0.0,0.0,0.0,,,True
1791504900,2026-10-09T00:15:00Z,หนองหิน,78,0.0,0.0,0.0,,,True
1791504900,2026-10-09T00:15:00Z,ผาขาว,100,0.0,0.0,0.0,,,True
1791504900,2026-10-09T00:15:00Z,เอราวัณ,87,0.0,0.0,0.0,,,True
1791504900,2026-10-09T00:15:00Z,วังสะพุง,281,0.0,0.0,0.0,,,True
1791504900,2026-10-09T00:15:00Z,วังม่วง,70,0.0,0.0,0.0,,,True
1791504900,2026-10-09T00:15:00Z,เฉลิมพระเกียรติ,35,0.0,0.0,0.0,,,True
1791504900,2026-10-09T00:15:00Z,มวกเหล็ก,175,0.0,0.0,0.0,,,True
1791504900,2026-10-09T00:15:00Z,บ้านเขว้า,124,0.0,0.0,0.0,,,True
1791504900,2026-10-09T00:15:00Z,คอนสวรรค์,113,0.0,0.0,0.0,,,True
1791504900,2026-10-09T00:15:00Z,เมืองชัยภูมิ,358,0.0,0.0,0.0,,,True
1791504900,2026-10-09T00:15:00Z,วังทอง,425,0.0,0.0,0.0,,,True
1791504900,2026-10-09T00:15:00Z,เนินมะปราง,276,0.0,0.0,0.0,,,True
1791504900,2026-10-09T00:15:00Z,สวรรคโลก,156,0.0,0.0,0.0,,,True
1791504900,2026-10-09T00:15:00Z,ศรีนคร,46,0.0,0.0,0.0,,,True
1791504900,2026-10-09T00:15:00Z,หันคา,139,0.0,0.0,0.0,,,True
1791504900,2026-10-09T00:15:00Z,ศรีสัชนาลัย,534,0.0,0.0,0.0,,,True
1791504900,2026-10-09T00:15:00Z,หนองมะโมง,76,0.0,0.0,0.0,,,True
1791504900,2026-10-09T00:15:00Z,ศรีสำโรง,142,0.0,0.0,0.0,,,True
1791504900,2026-10-09T00:15:00Z,สรรพยา,55,0.0,0.0,0.0,,,True
1791504900,2026-10-09T00:15:00Z,คีรีมาศ,171,0.0,0.0,0.0,,,True
1791504900,2026-10-09T00:15:00Z,สรรคบุรี,89,0.0,0.0,0.0,,,True
1791504900,2026-10-09T00:15:00Z,กงไกรลาศ,108,0.0,0.0,0.0,,,True
1791504900,2026-10-09T00:15:00Z,มโนรมย์,66,0.0,0.0,0.0,,,True
1791504900,2026-10-09T00:15:00Z,เมืองสุโขทัย,136,0.0,0.0,0.0,,,True
1791504900,2026-10-09T00:15:00Z,วัดสิงห์,67,0.0,0.0,0.0,,,True
1791504900,2026-10-09T00:15:00Z,บ้านด่านลานหอย,231,0.0,0.0,0.0,,,True
1791504900,2026-10-09T00:15:00Z,เมืองชัยนาท,70,0.0,0.0,0.0,,,True
1791504900,2026-10-09T00:15:00Z,เนินขาม,65,0.0,0.0,0.0,,,True
1791504900,2026-10-09T00:15:00Z,คอนสาร,334,0.0,0.0,0.0,,,True
1791504900,2026-10-09T00:15:00Z,ภักดีชุมพล,154,0.0,0.0,0.0,,,True
1791504900,2026-10-09T00:15:00Z,บ้านแท่น,76,0.0,0.0,0.0,,,True
1791504900,2026-10-09T00:15:00Z,แก้งคร้อ,168,0.0,0.0,0.0,,,True
1791504900,2026-10-09T00:15:00Z,ภูเขียว,201,0.0,0.0,0.0,,,True
1791504900,2026-10-09T00:15:00Z,หนองบัวระเหว,179,0.0,0.0,0.0,,,True
1791504900,2026-10-09T00:15:00Z,เทพสถิต,239,0.0,0.0,0.0,,,True
1791504900,2026-10-09T00:15:00Z,จัตุรัส,172,0.0,0.0,0.0,,,True
1791504900,2026-10-09T00:15:00Z,บำเหน็จณรงค์,120,0.0,0.0,0.0,,,True
1791504900,2026-10-09T00:15:00Z,เกษตรสมบูรณ์,268,0.0,0.0,0.0,,,True
1791504900,2026-10-09T00:15:00Z,หนองบัวแดง,537,0.0,0.0,0.0,,,True
1791504900,2026-10-09T00:15:00Z,ภูเรือ,168,0.0,0.0,0.0,,,True
1791504900,2026-10-09T00:15:00Z,ท่าลี่,171,0.0,0.0,0.0,,,True
1791504900,2026-10-09T00:15:00Z,วชิรบารมี,68,0.0,0.0,0.0,,,True
1791504900,2026-10-09T00:15:00Z,ด่านซ้าย,341,0.0,0.0,0.0,,,True
1791504900,2026-10-09T00:15:00Z,นาแห้ว,153,0.0,0.0,0.0,,,True
1791504900,2026-10-09T00:15:00Z,บึงนาราง,74,0.0,0.0,0.0,,,True
1791504900,2026-10-09T00:15:00Z,เชียงคาน,213,0.0,0.0,0.0,,,True
1791504900,2026-10-09T00:15:00Z,ดงเจริญ,56,0.0,0.0,0.0,,,True
1791504900,2026-10-09T00:15:00Z,ปากชม,240,0.0,0.0,0.0,,,True
1791504900,2026-10-09T00:15:00Z,เมืองเลย,314,0.0,0.0,0.0,,,True
1791504900,2026-10-09T00:15:00Z,นาด้วง,143,0.0,0.0,0.0,,,True
1791504900,2026-10-09T00:15:00Z,สากเหล็ก,45,0.0,0.0,0.0,,,True
1791504900,2026-10-09T00:15:00Z,สามง่าม,89,0.0,0.0,0.0,,,True
1791504900,2026-10-09T00:15:00Z,ทับคล้อ,104,0.0,0.0,0.0,,,True
1791504900,2026-10-09T00:15:00Z,พรหมพิราม,206,0.0,0.0,0.0,,,True
1791504900,2026-10-09T00:15:00Z,ด่านขุนทด,344,0.0,0.0,0.0,,,True
1791504900,2026-10-09T00:15:00Z,วัดโบสถ์,226,0.0,0.0,0.0,,,True
1791504900,2026-10-09T00:15:00Z,บางระกำ,246,0.0,0.0,0.0,,,True
1791504900,2026-10-09T00:15:00Z,บางกระทุ่ม,91,0.0,0.0,0.0,,,True
1791504900,2026-10-09T00:15:00Z,นครไทย,597,0.0,0.0,0.0,,,True
1791504900,2026-10-09T00:15:00Z,ชาติตระการ,415,0.0,0.0,0.0,,,True
1791504900,2026-10-09T00:15:00Z,บ้านเหลื่อม,55,0.0,0.0,0.0,,,True
1791504900,2026-10-09T00:15:00Z,เมืองพิษณุโลก,178,0.0,0.0,0.0,,,True
1791504900,2026-10-09T00:15:00Z,ชุมแสง,145,0.0,0.0,0.0,,,True
1791504900,2026-10-09T00:15:00Z,หนองบัว,208,0.0,0.0,0.0,,,True
1791504900,2026-10-09T00:15:00Z,เมืองนครสวรรค์,183,0.0,0.0,0.0,,,True
1791504900,2026-10-09T00:15:00Z,โกรกพระ,71,0.0,0.0,0.0,,,True
1791504900,2026-10-09T00:15:00Z,ไพศาลี,244,0.0,0.0,0.0,,,True
1791504900,2026-10-09T00:15:00Z,ตาคลี,206,0.0,0.0,0.0,,,True
1791504900,2026-10-09T00:15:00Z,ท่าตะโก,211,0.0,0.0,0.0,,,True
1791504900,2026-10-09T00:15:00Z,เขาค้อ,207,0.0,0.0,0.0,,,True
1791504900,2026-10-09T00:15:00Z,บรรพตพิสัย,181,0.0,0.0,0.0,,,True
1791504900,2026-10-09T00:15:00Z,เก้าเลี้ยว,57,0.0,0.0,0.0,,,True
1791504900,2026-10-09T00:15:00Z,วังโป่ง,123,0.0,0.0,0.0,,,True
1791504900,2026-10-09T00:15:00Z,บึงสามพัน,194,0.0,0.0,0.0,,,True
1791504900,2026-10-09T00:15:00Z,น้ำหนาว,231,0.0,0.0,0.0,,,True
1791504900,2026-10-09T00:15:00Z,ศรีเทพ,204,0.0,0.0,0.0,,,True
1791504900,2026-10-09T00:15:00Z,หนองไผ่,315,0.0,0.0,0.0,,,True
1791504900,2026-10-09T00:15:00Z,มหาราช,4,0.0,0.0,0.0,,,False
1791504900,2026-10-09T00:15:00Z,บ้านแพรก,10,0.0,0.0,0.0,,,True
1791504900,2026-10-09T00:15:00Z,บางมูลนาก,99,0.0,0.0,0.0,,,True
1791504900,2026-10-09T00:15:00Z,โพทะเล,131,0.0,0.0,0.0,,,True
1791504900,2026-10-09T00:15:00Z,โพธิ์ประทับช้าง,102,0.0,0.0,0.0,,,True
1791504900,2026-10-09T00:15:00Z,ตะพานหิน,109,0.0,0.0,0.0,,,True
1791504900,2026-10-09T00:15:00Z,เมืองพิจิตร,138,0.0,0.0,0.0,,,True
1791504900,2026-10-09T00:15:00Z,วังทรายพูน,66,0.0,0.0,0.0,,,True
1791505800,2026-10-09T00:30:00Z,พิชัย,176,0.0,0.0,0.0,,,True
1791505800,2026-10-09T00:30:00Z,ลับแล,116,0.0,0.0,0.0,,,True
1791505800,2026-10-09T00:30:00Z,ฟากท่า,163,0.0,0.0,0.0,,,True
1791505800,2026-10-09T00:30:00Z,บ้านโคก,247,0.0,0.0,0.0,,,True
1791505800,2026-10-09T00:30:00Z,ท่าปลา,442,0.0,0.0,0.0,,,True
1791505800,2026-10-09T00:30:00Z,น้ำปาด,363,0.0,0.0,0.0,,,True
1791505800,2026-10-09T00:30:00Z,เมืองอุตรดิตถ์,202,0.0,0.0,0.0,,,True
1791505800,2026-10-09T00:30:00Z,ตรอน,80,0.0,0.0,0.0,,,True
1791505800,2026-10-09T00:30:00Z,หล่มเก่า,246,0.0,0.0,0.0,,,True
1791505800,2026-10-09T00:30:00Z,วิเชียรบุรี,377,0.0,0.0,0.0,,,True
1791505800,2026-10-09T00:30:00Z,ชนแดน,279,0.0,0.0,0.0,,,True
1791505800,2026-10-09T00:30:00Z,หล่มสัก,350,0.0,0.0,0.0,,,True
1791505800,2026-10-09T00:30:00Z,เมืองเพชรบูรณ์,571,0.0,0.0,0.0,,,True
1791505800,2026-10-09T00:30:00Z,ทองแสนขัน,185,0.0,0.0,0.0,,,True
1791505800,2026-10-09T00:30:00Z,บึงสามัคคี,71,0.0,0.0,0.0,,,True
1791505800,2026-10-09T00:30:00Z,โกสัมพีนคร,137,0.0,0.0,0.0,,,True
1791505800,2026-10-09T00:30:00Z,สอง,380,0.0,0.0,0.0,,,True
1791505800,2026-10-09T00:30:00Z,วังชิ้น,255,0.0,0.0,0.0,,,True
1791505800,2026-10-09T00:30:00Z,สูงเม่น,88,0.0,0.0,0.0,,,True
1791505800,2026-10-09T00:30:00Z,เด่นชัย,135,0.0,0.0,0.0,,,True
1791505800,2026-10-09T00:30:00Z,ร้องกวาง,221,0.0,0.0,0.0,,,True
1791505800,2026-10-09T00:30:00Z,ลอง,317,0.0,0.0,0.0,,,True
1791505800,2026-10-09T00:30:00Z,เมืองแพร่,205,0.0,0.0,0.0,,,True
1791505800,2026-10-09T00:30:00Z,ทัพทัน,94,0.0,0.0,0.0,,,True
1791505800,2026-10-09T00:30:00Z,สว่างอารมณ์,110,0.0,0.0,0.0,,,True
1791505800,2026-10-09T00:30:00Z,เมืองอุทัยธานี,59,0.0,0.0,0.0,,,True
1791505800,2026-10-09T00:30:00Z,ห้วยคต,94,0.0,0.0,0.0,,,True
1791505800,2026-10-09T00:30:00Z,ศรีสวัสดิ์,440,0.0,0.0,0.0,,,True
1791505800,2026-10-09T00:30:00Z,บ้านไร่,821,0.101,2.496,0.1437,60,15,True
1791505800,2026-10-09T00:30:00Z,ลานสัก,360,0.18,2.496,0.2417,15,15,True
1791505800,2026-10-09T00:30:00Z,หนองฉาง,89,0.0,0.0,0.0,,,True
1791505800,2026-10-09T00:30:00Z,หนองขาหย่าง,43,0.0,0.0,0.0,,,True
1791505800,2026-10-09T00:30:00Z,เชียงม่วน,82,0.0,0.0,0.0,,,True
1791505800,2026-10-09T00:30:00Z,ดอกคำใต้,37,0.0,0.0,0.0,,,True
1791505800,2026-10-09T00:30:00Z,เมืองพะเยา,6,0.0,0.0,0.0,,,True
1791505800,2026-10-09T00:30:00Z,ทองผาภูมิ,851,0.001,0.201,0.0047,,90,True
1791505800,2026-10-09T00:30:00Z,สังขละบุรี,793,0.003,0.098,0.0277,,75,True
1791505800,2026-10-09T00:30:00Z,หนองม่วงไข่,35,0.0,0.0,0.0,,,True
1791505800,2026-10-09T00:30:00Z,ภูเวียง,81,0.0,0.0,0.0,,,True
1791505800,2026-10-09T00:30:00Z,มัญจาคีรี,50,0.0,0.0,0.0,,,True
1791505800,2026-10-09T00:30:00Z,หนองปรือ,104,0.0,0.0,0.0,,,True
1791505800,2026-10-09T00:30:00Z,เลาขวัญ,123,0.0,0.0,0.0,,,True
1791505800,2026-10-09T00:30:00Z,หนองนาคำ,43,0.0,0.0,0.0,,,True
1791505800,2026-10-09T00:30:00Z,โคกโพธิ์ไชย,65,0.0,0.0,0.0,,,True
1791505800,2026-10-09T00:30:00Z,บ้านหลวง,91,0.0,0.0,0.0,,,True
1791505800,2026-10-09T00:30:00Z,นาน้อย,266,0.0,0.0,0.0,,,True
1791505800,2026-10-09T00:30:00Z,ภูผาม่าน,74,0.0,0.0,0.0,,,True
1791505800,2026-10-09T00:30:00Z,เมืองน่าน,161,0.0,0.0,0.0,,,True
1791505800,2026-10-09T00:30:00Z,แม่จริม,262,0.0,0.0,0.0,,,True
1791505800,2026-10-09T00:30:00Z,เวียงเก่า,78,0.0,0.0,0.0,,,True
1791505800,2026-10-09T00:30:00Z,เมืองกำแพงเพชร,368,0.001,0.098,0.0054,,15,True
1791505800,2026-10-09T00:30:00Z,ไทรงาม,133,0.0,0.0,0.0,,,True
1791505800,2026-10-09T00:30:00Z,ปางศิลาทอง,186,0.2,1.84,0.3172,30,15,True
1791505800,2026-10-09T00:30:00Z,ลานกระบือ,103,0.0,0.0,0.0,,,True
1791505800,2026-10-09T00:30:00Z,ทรายทองวัฒนา,53,0.0,0.0,0.0,,,True
1791505800,2026-10-09T00:30:00Z,คลองขลุง,179,0.0,0.0,0.0,,,True
1791505800,2026-10-09T00:30:00Z,พรานกระต่าย,252,0.0,0.0,0.0,,,True
1791505800,2026-10-09T00:30:00Z,คลองลาน,363,0.007,0.592,0.0551,,15,True
1791505800,2026-10-09T00:30:00Z,ขาณุวรลักษบุรี,296,0.011,1.216,0.0203,,15,True
1791505800,2026-10-09T00:30:00Z,ภูเพียง,113,0.0,0.0,0.0,,,True
1791505800,2026-10-09T00:30:00Z,นาหมื่น,245,0.0,0.0,0.0,,,True
1791505800,2026-10-09T00:30:00Z,เวียงสา,543,0.0,0.0,0.0,,,True
1791505800,2026-10-09T00:30:00Z,น้ำโสม,153,0.0,0.0,0.0,,,True
1791505800,2026-10-09T00:30:00Z,นายูง,126,0.0,0.0,0.0,,,True
1791505800,2026-10-09T00:30:00Z,ชุมแพ,173,0.0,0.0,0.0,,,True
1791505800,2026-10-09T00:30:00Z,สีชมพู,132,0.0,0.0,0.0,,,True
1791505800,2026-10-09T00:30:00Z,สุวรรณคูหา,140,0.0,0.0,0.0,,,True
1791505800,2026-10-09T00:30:00Z,นาวัง,65,0.0,0.0,0.0,,,True
1791505800,2026-10-09T00:30:00Z,หนองเรือ,80,0.0,0.0,0.0,,,True
1791505800,2026-10-09T00:30:00Z,โนนสัง,51,0.0,0.0,0.0,,,True
1791505800,2026-10-09T00:30:00Z,ศรีบุญเรือง,224,0.0,0.0,0.0,,,True
1791505800,2026-10-09T00:30:00Z,เมืองหนองบัวลำภู,217,0.0,0.0,0.0,,,True
1791505800,2026-10-09T00:30:00Z,นากลาง,173,0.0,0.0,0.0,,,True
1791505800,2026-10-09T00:30:00Z,ทุ่งเสลี่ยม,144,0.0,0.0,0.0,,,True
1791505800,2026-10-09T00:30:00Z,ดอยหล่อ,56,0.0,0.0,0.0,,,True
1791505800,2026-10-09T00:30:00Z,เมืองตาก,486,0.0,0.0,0.0,,,True
1791505800,2026-10-09T00:30:00Z,แม่ออน,116,0.0,0.0,0.0,,,True
1791505800,2026-10-09T00:30:00Z,อุ้มผาง,1209,0.094,2.496,0.1514,105,15,True
1791505800,2026-10-09T00:30:00Z,วังเจ้า,183,0.0,0.0,0.0,,,True
1791505800,2026-10-09T00:30:00Z,แม่สอด,398,0.0,0.0,0.0,,,True
1791505800,2026-10-09T00:30:00Z,พบพระ,249,0.0,0.0,0.0,,,True
1791505800,2026-10-09T00:30:00Z,แม่ระมาด,380,0.0,0.0,0.0,,,True
1791505800,2026-10-09T00:30:00Z,ท่าสองยาง,401,0.0,0.0,0.0,,,True
1791505800,2026-10-09T00:30:00Z,บ้านตาก,255,0.0,0.0,0.0,,,True
1791505800,2026-10-09T00:30:00Z,สามเงา,698,0.0,0.0,0.0,,,True
1791505800,2026-10-09T00:30:00Z,จอมทอง,280,0.0,0.0,0.0,,,True
1791505800,2026-10-09T00:30:00Z,แก้งสนามนาง,79,0.0,0.0,0.0,,,True
1791505800,2026-10-09T00:30:00Z,สีคิ้ว,292,0.0,0.0,0.0,,,True
1791505800,2026-10-09T00:30:00Z,พระทองคำ,90,0.0,0.0,0.0,,,True
1791505800,2026-10-09T00:30:00Z,เทพารักษ์,92,0.0,0.0,0.0,,,True
1791505800,2026-10-09T00:30:00Z,สันกำแพง,65,0.0,0.0,0.0,,,True
1791505800,2026-10-09T00:30:00Z,สันป่าตอง,44,0.0,0.0,0.0,,,True
1791505800,2026-10-09T00:30:00Z,ดอยเต่า,213,0.0,0.0,0.0,,,True
1791505800,2026-10-09T00:30:00Z,อมก๋อย,704,0.0,0.0,0.0,,,True
1791505800,2026-10-09T00:30:00Z,ฮอด,378,0.0,0.0,0.0,,,True
1791505800,2026-10-09T00:30:00Z,เมืองลำพูน,117,0.0,0.0,0.0,,,True
1791505800,2026-10-09T00:30:00Z,แม่ทา,192,0.0,0.0,0.0,,,True
1791505800,2026-10-09T00:30:00Z,บ้านธิ,34,0.0,0.0,0.0,,,True
1791505800,2026-10-09T00:30:00Z,บ้านหมอ,24,0.0,0.0,0.0,,,True
1791505800,2026-10-09T00:30:00Z,เวียงหนองล่อง,14,0.0,0.0,0.0,,,True
1791505800,2026-10-09T00:30:00Z,ทุ่งหัวช้าง,113,0.0,0.0,0.0,,,True
1791505800,2026-10-09T00:30:00Z,ป่าซาง,74,0.0,0.0,0.0,,,True
1791505800,2026-10-09T00:30:00Z,บ้านโฮ่ง,124,0.0,0.0,0.0,,,True
1791505800,2026-10-09T00:30:00Z,แก่งคอย,73,0.0,0.0,0.0,,,True
1791505800,2026-10-09T00:30:00Z,ลี้,454,0.0,0.0,0.0,,,True
1791505800,2026-10-09T00:30:00Z,พระพุทธบาท,55,0.0,0.0,0.0,,,True
1791505800,2026-10-09T00:30:00Z,ดอนพุด,7,0.0,0.0,0.0,,,True
1791505800,2026-10-09T00:30:00Z,หนองโดน,31,0.0,0.0,0.0,,,True
1791505800,2026-10-09T00:30:00Z,เมืองลำปาง,300,0.0,0.0,0.0,,,True
1791505800,2026-10-09T00:30:00Z,เถิน,443,0.0,0.0,0.0,,,True
1791505800,2026-10-09T00:30:00Z,แม่พริก,167,0.0,0.0,0.0,,,True
1791505800,2026-10-09T00:30:00Z,แจ้ห่ม,274,0.0,0.0,0.0,,,True
1791505800,2026-10-09T00:30:00Z,แม่เปิน,85,0.284,2.496,0.2471,15,15,True
1791505800,2026-10-09T00:30:00Z,เสริมงาม,185,0.0,0.0,0.0,,,True
1791505800,2026-10-09T00:30:00Z,ชุมตาบง,61,0.0,0.0,0.0,,,True
1791505800,2026-10-09T00:30:00Z,งาว,344,0.0,0.0,0.0,,,True
1791505800,2026-10-09T00:30:00Z,ตากฟ้า,125,0.0,0.0,0.0,,,True
1791505800,2026-10-09T00:30:00Z,แม่เมาะ,283,0.0,0.0,0.0,,,True
1791505800,2026-10-09T00:30:00Z,แม่วงก์,257,0.433,2.594,0.3307,45,15,True
1791505800,2026-10-09T00:30:00Z,เกาะคา,128,0.0,0.0,0.0,,,True
1791505800,2026-10-09T00:30:00Z,พยุหะคีรี,169,0.0,0.0,0.0,,,True
1791505800,2026-10-09T00:30:00Z,ลาดยาว,187,0.0,0.0,0.0,,,True
1791505800,2026-10-09T00:30:00Z,สบปราบ,125,0.0,0.0,0.0,,,True
1791505800,2026-10-09T00:30:00Z,ห้างฉัตร,154,0.0,0.0,0.0,,,True
1791505800,2026-10-09T00:30:00Z,แม่ทะ,203,0.0,0.0,0.0,,,True
1791505800,2026-10-09T00:30:00Z,เมืองปาน,202,0.0,0.0,0.0,,,True
1791505800,2026-10-09T00:30:00Z,เมืองอ่างทอง,6,0.0,0.0,0.0,,,True
1791505800,2026-10-09T00:30:00Z,ไชโย,20,0.0,0.0,0.0,,,True
1791505800,2026-10-09T00:30:00Z,สามโก้,10,0.0,0.0,0.0,,,True
1791505800,2026-10-09T00:30:00Z,แสวงหา,43,0.0,0.0,0.0,,,True
1791505800,2026-10-09T00:30:00Z,วิเศษชัยชาญ,7,0.0,0.0,0.0,,,True
1791505800,2026-10-09T00:30:00Z,โพธิ์ทอง,48,0.0,0.0,0.0,,,True
1791505800,2026-10-09T00:30:00Z,เมืองลพบุรี,190,0.0,0.0,0.0,,,True
1791505800,2026-10-09T00:30:00Z,เดิมบางนางบวช,130,0.0,0.0,0.0,,,True
1791505800,2026-10-09T00:30:00Z,ด่านช้าง,309,0.0,0.0,0.0,,,True
1791505800,2026-10-09T00:30:00Z,หนองม่วง,111,0.0,0.0,0.0,,,True
1791505800,2026-10-09T00:30:00Z,ลำสนธิ,136,0.0,0.0,0.0,,,True
1791505800,2026-10-09T00:30:00Z,สามชุก,77,0.0,0.0,0.0,,,True
1791505800,2026-10-09T00:30:00Z,ดอนเจดีย์,72,0.0,0.0,0.0,,,True
1791505800,2026-10-09T00:30:00Z,สระโบสถ์,83,0.0,0.0,0.0,,,True
1791505800,2026-10-09T00:30:00Z,ศรีประจันต์,41,0.0,0.0,0.0,,,True
1791505800,2026-10-09T00:30:00Z,โคกเจริญ,135,0.0,0.0,0.0,,,True
1791505800,2026-10-09T00:30:00Z,บ้านหมี่,136,0.0,0.0,0.0,,,True
1791505800,2026-10-09T00:30:00Z,ท่าหลวง,100,0.0,0.0,0.0,,,True
1791505800,2026-10-09T00:30:00Z,ชัยบาดาล,280,0.0,0.0,0.0,,,True
1791505800,2026-10-09T00:30:00Z,ท่าวุ้ง,64,0.0,0.0,0.0,,,True
1791505800,2026-10-09T00:30:00Z,พัฒนานิคม,217,0.0,0.0,0.0,,,True
1791505800,2026-10-09T00:30:00Z,โคกสำโรง,180,0.0,0.0,0.0,,,True
1791505800,2026-10-09T00:30:00Z,หนองหญ้าไซ,108,0.0,0.0,0.0,,,True
1791505800,2026-10-09T00:30:00Z,ท่าช้าง,11,0.0,0.0,0.0,,,True
1791505800,2026-10-09T00:30:00Z,อินทร์บุรี,66,0.0,0.0,0.0,,,True
1791505800,2026-10-09T00:30:00Z,ค่ายบางระจัน,26,0.0,0.0,0.0,,,True
1791505800,2026-10-09T00:30:00Z,พรหมบุรี,19,0.0,0.0,0.0,,,True
1791505800,2026-10-09T00:30:00Z,เนินสง่า,65,0.0,0.0,0.0,,,True
1791505800,2026-10-09T00:30:00Z,เมืองสิงห์บุรี,31,0.0,0.0,0.0,,,True
1791505800,2026-10-09T00:30:00Z,ซับใหญ่,72,0.0,0.0,0.0,,,True
1791505800,2026-10-09T00:30:00Z,บางระจัน,46,0.0,0.0,0.0,,,True
1791505800,2026-10-09T00:30:00Z,ภูกระดึง,190,0.0,0.0,0.0,,,True
1791505800,2026-10-09T00:30:00Z,ภูหลวง,145,0.0,0.0,0.0,,,True
1791505800,2026-10-09T00:30:00Z,หนองหิน,78,0.0,0.0,0.0,,,True
1791505800,2026-10-09T00:30:00Z,ผาขาว,100,0.0,0.0,0.0,,,True
1791505800,2026-10-09T00:30:00Z,เอราวัณ,87,0.0,0.0,0.0,,,True
1791505800,2026-10-09T00:30:00Z,วังสะพุง,281,0.0,0.0,0.0,,,True
1791505800,2026-10-09T00:30:00Z,วังม่วง,70,0.0,0.0,0.0,,,True
1791505800,2026-10-09T00:30:00Z,เฉลิมพระเกียรติ,35,0.0,0.0,0.0,,,True
1791505800,2026-10-09T00:30:00Z,มวกเหล็ก,175,0.0,0.0,0.0,,,True
1791505800,2026-10-09T00:30:00Z,บ้านเขว้า,124,0.0,0.0,0.0,,,True
1791505800,2026-10-09T00:30:00Z,คอนสวรรค์,113,0.0,0.0,0.0,,,True
1791505800,2026-10-09T00:30:00Z,เมืองชัยภูมิ,358,0.0,0.0,0.0,,,True
1791505800,2026-10-09T00:30:00Z,วังทอง,425,0.0,0.0,0.0,,,True
1791505800,2026-10-09T00:30:00Z,เนินมะปราง,276,0.0,0.0,0.0,,,True
1791505800,2026-10-09T00:30:00Z,สวรรคโลก,156,0.0,0.0,0.0,,,True
1791505800,2026-10-09T00:30:00Z,ศรีนคร,46,0.0,0.0,0.0,,,True
1791505800,2026-10-09T00:30:00Z,หันคา,139,0.0,0.0,0.0,,,True
1791505800,2026-10-09T00:30:00Z,ศรีสัชนาลัย,534,0.0,0.0,0.0,,,True
1791505800,2026-10-09T00:30:00Z,หนองมะโมง,76,0.0,0.0,0.0,,,True
1791505800,2026-10-09T00:30:00Z,ศรีสำโรง,142,0.0,0.0,0.0,,,True
1791505800,2026-10-09T00:30:00Z,สรรพยา,55,0.0,0.0,0.0,,,True
1791505800,2026-10-09T00:30:00Z,คีรีมาศ,171,0.0,0.0,0.0,,,True
1791505800,2026-10-09T00:30:00Z,สรรคบุรี,89,0.0,0.0,0.0,,,True
1791505800,2026-10-09T00:30:00Z,กงไกรลาศ,108,0.0,0.0,0.0,,,True
1791505800,2026-10-09T00:30:00Z,มโนรมย์,66,0.0,0.0,0.0,,,True
1791505800,2026-10-09T00:30:00Z,เมืองสุโขทัย,136,0.0,0.0,0.0,,,True
1791505800,2026-10-09T00:30:00Z,วัดสิงห์,67,0.0,0.0,0.0,,,True
1791505800,2026-10-09T00:30:00Z,บ้านด่านลานหอย,231,0.0,0.0,0.0,,,True
1791505800,2026-10-09T00:30:00Z,เมืองชัยนาท,70,0.0,0.0,0.0,,,True
1791505800,2026-10-09T00:30:00Z,เนินขาม,65,0.0,0.0,0.0,,,True
1791505800,2026-10-09T00:30:00Z,คอนสาร,334,0.0,0.0,0.0,,,True
1791505800,2026-10-09T00:30:00Z,ภักดีชุมพล,154,0.0,0.0,0.0,,,True
1791505800,2026-10-09T00:30:00Z,บ้านแท่น,76,0.0,0.0,0.0,,,True
1791505800,2026-10-09T00:30:00Z,แก้งคร้อ,168,0.0,0.0,0.0,,,True
1791505800,2026-10-09T00:30:00Z,ภูเขียว,201,0.0,0.0,0.0,,,True
1791505800,2026-10-09T00:30:00Z,หนองบัวระเหว,179,0.0,0.0,0.0,,,True
1791505800,2026-10-09T00:30:00Z,เทพสถิต,239,0.0,0.0,0.0,,,True
1791505800,2026-10-09T00:30:00Z,จัตุรัส,172,0.0,0.0,0.0,,,True
1791505800,2026-10-09T00:30:00Z,บำเหน็จณรงค์,120,0.0,0.0,0.0,,,True
1791505800,2026-10-09T00:30:00Z,เกษตรสมบูรณ์,268,0.0,0.0,0.0,,,True
1791505800,2026-10-09T00:30:00Z,หนองบัวแดง,537,0.0,0.0,0.0,,,True
1791505800,2026-10-09T00:30:00Z,ภูเรือ,168,0.0,0.0,0.0,,,True
1791505800,2026-10-09T00:30:00Z,ท่าลี่,171,0.0,0.0,0.0,,,True
1791505800,2026-10-09T00:30:00Z,วชิรบารมี,68,0.0,0.0,0.0,,,True
1791505800,2026-10-09T00:30:00Z,ด่านซ้าย,341,0.0,0.0,0.0,,,True
1791505800,2026-10-09T00:30:00Z,นาแห้ว,153,0.0,0.0,0.0,,,True
1791505800,2026-10-09T00:30:00Z,บึงนาราง,74,0.0,0.0,0.0,,,True
1791505800,2026-10-09T00:30:00Z,เชียงคาน,213,0.0,0.0,0.0,,,True
1791505800,2026-10-09T00:30:00Z,ดงเจริญ,56,0.0,0.0,0.0,,,True
1791505800,2026-10-09T00:30:00Z,ปากชม,240,0.0,0.0,0.0,,,True
1791505800,2026-10-09T00:30:00Z,เมืองเลย,314,0.0,0.0,0.0,,,True
1791505800,2026-10-09T00:30:00Z,นาด้วง,143,0.0,0.0,0.0,,,True
1791505800,2026-10-09T00:30:00Z,สากเหล็ก,45,0.0,0.0,0.0,,,True
1791505800,2026-10-09T00:30:00Z,สามง่าม,89,0.0,0.0,0.0,,,True
1791505800,2026-10-09T00:30:00Z,ทับคล้อ,104,0.0,0.0,0.0,,,True
1791505800,2026-10-09T00:30:00Z,พรหมพิราม,206,0.0,0.0,0.0,,,True
1791505800,2026-10-09T00:30:00Z,ด่านขุนทด,344,0.0,0.0,0.0,,,True
1791505800,2026-10-09T00:30:00Z,วัดโบสถ์,226,0.0,0.0,0.0,,,True
1791505800,2026-10-09T00:30:00Z,บางระกำ,246,0.0,0.0,0.0,,,True
1791505800,2026-10-09T00:30:00Z,บางกระทุ่ม,91,0.0,0.0,0.0,,,True
1791505800,2026-10-09T00:30:00Z,นครไทย,597,0.0,0.0,0.0,,,True
1791505800,2026-10-09T00:30:00Z,ชาติตระการ,415,0.0,0.0,0.0,,,True
1791505800,2026-10-09T00:30:00Z,บ้านเหลื่อม,55,0.0,0.0,0.0,,,True
1791505800,2026-10-09T00:30:00Z,เมืองพิษณุโลก,178,0.0,0.0,0.0,,,True
1791505800,2026-10-09T00:30:00Z,ชุมแสง,145,0.0,0.0,0.0,,,True
1791505800,2026-10-09T00:30:00Z,หนองบัว,208,0.0,0.0,0.0,,,True
1791505800,2026-10-09T00:30:00Z,เมืองนครสวรรค์,183,0.0,0.0,0.0,,,True
1791505800,2026-10-09T00:30:00Z,โกรกพระ,71,0.0,0.0,0.0,,,True
1791505800,2026-10-09T00:30:00Z,ไพศาลี,244,0.0,0.0,0.0,,,True
1791505800,2026-10-09T00:30:00Z,ตาคลี,206,0.0,0.0,0.0,,,True
1791505800,2026-10-09T00:30:00Z,ท่าตะโก,211,0.0,0.0,0.0,,,True
1791505800,2026-10-09T00:30:00Z,เขาค้อ,207,0.0,0.0,0.0,,,True
1791505800,2026-10-09T00:30:00Z,บรรพตพิสัย,181,0.0,0.0,0.0,,,True
1791505800,2026-10-09T00:30:00Z,เก้าเลี้ยว,57,0.0,0.0,0.0,,,True
1791505800,2026-10-09T00:30:00Z,วังโป่ง,123,0.0,0.0,0.0,,,True
1791505800,2026-10-09T00:30:00Z,บึงสามพัน,194,0.0,0.0,0.0,,,True
1791505800,2026-10-09T00:30:00Z,น้ำหนาว,231,0.0,0.0,0.0,,,True
1791505800,2026-10-09T00:30:00Z,ศรีเทพ,204,0.0,0.0,0.0,,,True
1791505800,2026-10-09T00:30:00Z,หนองไผ่,315,0.0,0.0,0.0,,,True
1791505800,2026-10-09T00:30:00Z,มหาราช,4,0.0,0.0,0.0,,,False
1791505800,2026-10-09T00:30:00Z,บ้านแพรก,10,0.0,0.0,0.0,,,True
1791505800,2026-10-09T00:30:00Z,บางมูลนาก,99,0.0,0.0,0.0,,,True
1791505800,2026-10-09T00:30:00Z,โพทะเล,131,0.0,0.0,0.0,,,True
1791505800,2026-10-09T00:30:00Z,โพธิ์ประทับช้าง,102,0.0,0.0,0.0,,,True
1791505800,2026-10-09T00:30:00Z,ตะพานหิน,109,0.0,0.0,0.0,,,True
1791505800,2026-10-09T00:30:00Z,เมืองพิจิตร,138,0.0,0.0,0.0,,,True
1791505800,2026-10-09T00:30:00Z,วังทรายพูน,66,0.0,0.0,0.0,,,True
1791506700,2026-10-09T00:45:00Z,พิชัย,176,0.0,0.0,0.0,,,True
1791506700,2026-10-09T00:45:00Z,ลับแล,116,0.0,0.0,0.0,,,True
1791506700,2026-10-09T00:45:00Z,ฟากท่า,163,0.0,0.0,0.0,,,True
1791506700,2026-10-09T00:45:00Z,บ้านโคก,247,0.0,0.0,0.0,,,True
1791506700,2026-10-09T00:45:00Z,ท่าปลา,442,0.0,0.0,0.0,,,True
1791506700,2026-10-09T00:45:00Z,น้ำปาด,363,0.0,0.0,0.0,,,True
1791506700,2026-10-09T00:45:00Z,เมืองอุตรดิตถ์,202,0.0,0.0,0.0,,,True
1791506700,2026-10-09T00:45:00Z,ตรอน,80,0.0,0.0,0.0,,,True
1791506700,2026-10-09T00:45:00Z,หล่มเก่า,246,0.0,0.0,0.0,,,True
1791506700,2026-10-09T00:45:00Z,วิเชียรบุรี,377,0.0,0.0,0.0,,,True
1791506700,2026-10-09T00:45:00Z,ชนแดน,279,0.0,0.0,0.0,,,True
1791506700,2026-10-09T00:45:00Z,หล่มสัก,350,0.0,0.0,0.0,,,True
1791506700,2026-10-09T00:45:00Z,เมืองเพชรบูรณ์,571,0.0,0.0,0.0,,,True
1791506700,2026-10-09T00:45:00Z,ทองแสนขัน,185,0.0,0.0,0.0,,,True
1791506700,2026-10-09T00:45:00Z,บึงสามัคคี,71,0.0,0.0,0.0,,,True
1791506700,2026-10-09T00:45:00Z,โกสัมพีนคร,137,0.0,0.0,0.0,,,True
1791506700,2026-10-09T00:45:00Z,สอง,380,0.0,0.0,0.0,,,True
1791506700,2026-10-09T00:45:00Z,วังชิ้น,255,0.0,0.0,0.0,,,True
1791506700,2026-10-09T00:45:00Z,สูงเม่น,88,0.0,0.0,0.0,,,True
1791506700,2026-10-09T00:45:00Z,เด่นชัย,135,0.0,0.0,0.0,,,True
1791506700,2026-10-09T00:45:00Z,ร้องกวาง,221,0.0,0.0,0.0,,,True
1791506700,2026-10-09T00:45:00Z,ลอง,317,0.0,0.0,0.0,,,True
1791506700,2026-10-09T00:45:00Z,เมืองแพร่,205,0.0,0.0,0.0,,,True
1791506700,2026-10-09T00:45:00Z,ทัพทัน,94,0.0,0.0,0.0,,,True
1791506700,2026-10-09T00:45:00Z,สว่างอารมณ์,110,0.0,0.0,0.0,,,True
1791506700,2026-10-09T00:45:00Z,เมืองอุทัยธานี,59,0.0,0.0,0.0,,,True
1791506700,2026-10-09T00:45:00Z,ห้วยคต,94,0.0,0.0,0.0,,,True
1791506700,2026-10-09T00:45:00Z,ศรีสวัสดิ์,440,0.0,0.0,0.0,,,True
1791506700,2026-10-09T00:45:00Z,บ้านไร่,821,0.087,2.107,0.1121,60,15,True
1791506700,2026-10-09T00:45:00Z,ลานสัก,360,0.111,2.064,0.1389,30,15,True
1791506700,2026-10-09T00:45:00Z,หนองฉาง,89,0.0,0.0,0.0,,,True
1791506700,2026-10-09T00:45:00Z,หนองขาหย่าง,43,0.0,0.0,0.0,,,True
1791506700,2026-10-09T00:45:00Z,เชียงม่วน,82,0.0,0.0,0.0,,,True
1791506700,2026-10-09T00:45:00Z,ดอกคำใต้,37,0.0,0.0,0.0,,,True
1791506700,2026-10-09T00:45:00Z,เมืองพะเยา,6,0.0,0.0,0.0,,,True
1791506700,2026-10-09T00:45:00Z,ทองผาภูมิ,851,0.001,0.098,0.0153,,60,True
1791506700,2026-10-09T00:45:00Z,สังขละบุรี,793,0.001,0.098,0.0151,,60,True
1791506700,2026-10-09T00:45:00Z,หนองม่วงไข่,35,0.0,0.0,0.0,,,True
1791506700,2026-10-09T00:45:00Z,ภูเวียง,81,0.0,0.0,0.0,,,True
1791506700,2026-10-09T00:45:00Z,มัญจาคีรี,50,0.0,0.0,0.0,,,True
1791506700,2026-10-09T00:45:00Z,หนองปรือ,104,0.0,0.0,0.0,,,True
1791506700,2026-10-09T00:45:00Z,เลาขวัญ,123,0.0,0.0,0.0,,,True
1791506700,2026-10-09T00:45:00Z,หนองนาคำ,43,0.0,0.0,0.0,,,True
1791506700,2026-10-09T00:45:00Z,โคกโพธิ์ไชย,65,0.0,0.0,0.0,,,True
1791506700,2026-10-09T00:45:00Z,บ้านหลวง,91,0.0,0.0,0.0,,,True
1791506700,2026-10-09T00:45:00Z,นาน้อย,266,0.0,0.0,0.0,,,True
1791506700,2026-10-09T00:45:00Z,ภูผาม่าน,74,0.0,0.0,0.0,,,True
1791506700,2026-10-09T00:45:00Z,เมืองน่าน,161,0.0,0.0,0.0,,,True
1791506700,2026-10-09T00:45:00Z,แม่จริม,262,0.0,0.0,0.0,,,True
1791506700,2026-10-09T00:45:00Z,เวียงเก่า,78,0.0,0.0,0.0,,,True
1791506700,2026-10-09T00:45:00Z,เมืองกำแพงเพชร,368,0.0,0.0,0.0,,,True
1791506700,2026-10-09T00:45:00Z,ไทรงาม,133,0.0,0.0,0.0,,,True
1791506700,2026-10-09T00:45:00Z,ปางศิลาทอง,186,0.154,1.808,0.3495,15,15,True
1791506700,2026-10-09T00:45:00Z,ลานกระบือ,103,0.0,0.0,0.0,,,True
1791506700,2026-10-09T00:45:00Z,ทรายทองวัฒนา,53,0.0,0.0,0.0,,,True
1791506700,2026-10-09T00:45:00Z,คลองขลุง,179,0.0,0.0,0.0,,,True
1791506700,2026-10-09T00:45:00Z,พรานกระต่าย,252,0.0,0.0,0.0,,,True
1791506700,2026-10-09T00:45:00Z,คลองลาน,363,0.041,0.592,0.124,90,15,True
1791506700,2026-10-09T00:45:00Z,ขาณุวรลักษบุรี,296,0.002,0.592,0.0034,,15,True
1791506700,2026-10-09T00:45:00Z,ภูเพียง,113,0.0,0.0,0.0,,,True
1791506700,2026-10-09T00:45:00Z,นาหมื่น,245,0.0,0.0,0.0,,,True
1791506700,2026-10-09T00:45:00Z,เวียงสา,543,0.0,0.0,0.0,,,True
1791506700,2026-10-09T00:45:00Z,น้ำโสม,153,0.0,0.0,0.0,,,True
1791506700,2026-10-09T00:45:00Z,นายูง,126,0.0,0.0,0.0,,,True
1791506700,2026-10-09T00:45:00Z,ชุมแพ,173,0.0,0.0,0.0,,,True
1791506700,2026-10-09T00:45:00Z,สีชมพู,132,0.0,0.0,0.0,,,True
1791506700,2026-10-09T00:45:00Z,สุวรรณคูหา,140,0.0,0.0,0.0,,,True
1791506700,2026-10-09T00:45:00Z,นาวัง,65,0.0,0.0,0.0,,,True
1791506700,2026-10-09T00:45:00Z,หนองเรือ,80,0.0,0.0,0.0,,,True
1791506700,2026-10-09T00:45:00Z,โนนสัง,51,0.0,0.0,0.0,,,True
1791506700,2026-10-09T00:45:00Z,ศรีบุญเรือง,224,0.0,0.0,0.0,,,True
1791506700,2026-10-09T00:45:00Z,เมืองหนองบัวลำภู,217,0.0,0.0,0.0,,,True
1791506700,2026-10-09T00:45:00Z,นากลาง,173,0.0,0.0,0.0,,,True
1791506700,2026-10-09T00:45:00Z,ทุ่งเสลี่ยม,144,0.0,0.0,0.0,,,True
1791506700,2026-10-09T00:45:00Z,ดอยหล่อ,56,0.0,0.0,0.0,,,True
1791506700,2026-10-09T00:45:00Z,เมืองตาก,486,0.0,0.0,0.0,,,True
1791506700,2026-10-09T00:45:00Z,แม่ออน,116,0.0,0.0,0.0,,,True
1791506700,2026-10-09T00:45:00Z,อุ้มผาง,1209,0.14,2.003,0.2192,90,15,True
1791506700,2026-10-09T00:45:00Z,วังเจ้า,183,0.0,0.0,0.0,,,True
1791506700,2026-10-09T00:45:00Z,แม่สอด,398,0.0,0.0,0.0,,,True
1791506700,2026-10-09T00:45:00Z,พบพระ,249,0.0,0.0,0.0,,,True
1791506700,2026-10-09T00:45:00Z,แม่ระมาด,380,0.0,0.0,0.0,,,True
1791506700,2026-10-09T00:45:00Z,ท่าสองยาง,401,0.0,0.0,0.0,,,True
1791506700,2026-10-09T00:45:00Z,บ้านตาก,255,0.0,0.0,0.0,,,True
1791506700,2026-10-09T00:45:00Z,สามเงา,698,0.0,0.0,0.0,,,True
1791506700,2026-10-09T00:45:00Z,จอมทอง,280,0.0,0.0,0.0,,,True
1791506700,2026-10-09T00:45:00Z,แก้งสนามนาง,79,0.0,0.0,0.0,,,True
1791506700,2026-10-09T00:45:00Z,สีคิ้ว,292,0.0,0.0,0.0,,,True
1791506700,2026-10-09T00:45:00Z,พระทองคำ,90,0.0,0.0,0.0,,,True
1791506700,2026-10-09T00:45:00Z,เทพารักษ์,92,0.0,0.0,0.0,,,True
1791506700,2026-10-09T00:45:00Z,สันกำแพง,65,0.0,0.0,0.0,,,True
1791506700,2026-10-09T00:45:00Z,สันป่าตอง,44,0.0,0.0,0.0,,,True
1791506700,2026-10-09T00:45:00Z,ดอยเต่า,213,0.0,0.0,0.0,,,True
1791506700,2026-10-09T00:45:00Z,อมก๋อย,704,0.0,0.0,0.0,,,True
1791506700,2026-10-09T00:45:00Z,ฮอด,378,0.0,0.0,0.0,,,True
1791506700,2026-10-09T00:45:00Z,เมืองลำพูน,117,0.0,0.0,0.0,,,True
1791506700,2026-10-09T00:45:00Z,แม่ทา,192,0.0,0.0,0.0,,,True
1791506700,2026-10-09T00:45:00Z,บ้านธิ,34,0.0,0.0,0.0,,,True
1791506700,2026-10-09T00:45:00Z,บ้านหมอ,24,0.0,0.0,0.0,,,True
1791506700,2026-10-09T00:45:00Z,เวียงหนองล่อง,14,0.0,0.0,0.0,,,True
1791506700,2026-10-09T00:45:00Z,ทุ่งหัวช้าง,113,0.0,0.0,0.0,,,True
1791506700,2026-10-09T00:45:00Z,ป่าซาง,74,0.0,0.0,0.0,,,True
1791506700,2026-10-09T00:45:00Z,บ้านโฮ่ง,124,0.0,0.0,0.0,,,True
1791506700,2026-10-09T00:45:00Z,แก่งคอย,73,0.0,0.0,0.0,,,True
1791506700,2026-10-09T00:45:00Z,ลี้,454,0.0,0.0,0.0,,,True
1791506700,2026-10-09T00:45:00Z,พระพุทธบาท,55,0.0,0.0,0.0,,,True
1791506700,2026-10-09T00:45:00Z,ดอนพุด,7,0.0,0.0,0.0,,,True
1791506700,2026-10-09T00:45:00Z,หนองโดน,31,0.0,0.0,0.0,,,True
1791506700,2026-10-09T00:45:00Z,เมืองลำปาง,300,0.0,0.0,0.0,,,True
1791506700,2026-10-09T00:45:00Z,เถิน,443,0.0,0.0,0.0,,,True
1791506700,2026-10-09T00:45:00Z,แม่พริก,167,0.0,0.0,0.0,,,True
1791506700,2026-10-09T00:45:00Z,แจ้ห่ม,274,0.0,0.0,0.0,,,True
1791506700,2026-10-09T00:45:00Z,แม่เปิน,85,0.104,1.216,0.1294,15,15,True
1791506700,2026-10-09T00:45:00Z,เสริมงาม,185,0.0,0.0,0.0,,,True
1791506700,2026-10-09T00:45:00Z,ชุมตาบง,61,0.0,0.0,0.0,,,True
1791506700,2026-10-09T00:45:00Z,งาว,344,0.0,0.0,0.0,,,True
1791506700,2026-10-09T00:45:00Z,ตากฟ้า,125,0.0,0.0,0.0,,,True
1791506700,2026-10-09T00:45:00Z,แม่เมาะ,283,0.0,0.0,0.0,,,True
1791506700,2026-10-09T00:45:00Z,แม่วงก์,257,0.341,1.808,0.3385,15,15,True
1791506700,2026-10-09T00:45:00Z,เกาะคา,128,0.0,0.0,0.0,,,True
1791506700,2026-10-09T00:45:00Z,พยุหะคีรี,169,0.0,0.0,0.0,,,True
1791506700,2026-10-09T00:45:00Z,ลาดยาว,187,0.0,0.0,0.0,,,True
1791506700,2026-10-09T00:45:00Z,สบปราบ,125,0.0,0.0,0.0,,,True
1791506700,2026-10-09T00:45:00Z,ห้างฉัตร,154,0.0,0.0,0.0,,,True
1791506700,2026-10-09T00:45:00Z,แม่ทะ,203,0.0,0.0,0.0,,,True
1791506700,2026-10-09T00:45:00Z,เมืองปาน,202,0.0,0.0,0.0,,,True
1791506700,2026-10-09T00:45:00Z,เมืองอ่างทอง,6,0.0,0.0,0.0,,,True
1791506700,2026-10-09T00:45:00Z,ไชโย,20,0.0,0.0,0.0,,,True
1791506700,2026-10-09T00:45:00Z,สามโก้,10,0.0,0.0,0.0,,,True
1791506700,2026-10-09T00:45:00Z,แสวงหา,43,0.0,0.0,0.0,,,True
1791506700,2026-10-09T00:45:00Z,วิเศษชัยชาญ,7,0.0,0.0,0.0,,,True
1791506700,2026-10-09T00:45:00Z,โพธิ์ทอง,48,0.0,0.0,0.0,,,True
1791506700,2026-10-09T00:45:00Z,เมืองลพบุรี,190,0.0,0.0,0.0,,,True
1791506700,2026-10-09T00:45:00Z,เดิมบางนางบวช,130,0.0,0.0,0.0,,,True
1791506700,2026-10-09T00:45:00Z,ด่านช้าง,309,0.0,0.0,0.0,,,True
1791506700,2026-10-09T00:45:00Z,หนองม่วง,111,0.0,0.0,0.0,,,True
1791506700,2026-10-09T00:45:00Z,ลำสนธิ,136,0.0,0.0,0.0,,,True
1791506700,2026-10-09T00:45:00Z,สามชุก,77,0.0,0.0,0.0,,,True
1791506700,2026-10-09T00:45:00Z,ดอนเจดีย์,72,0.0,0.0,0.0,,,True
1791506700,2026-10-09T00:45:00Z,สระโบสถ์,83,0.0,0.0,0.0,,,True
1791506700,2026-10-09T00:45:00Z,ศรีประจันต์,41,0.0,0.0,0.0,,,True
1791506700,2026-10-09T00:45:00Z,โคกเจริญ,135,0.0,0.0,0.0,,,True
1791506700,2026-10-09T00:45:00Z,บ้านหมี่,136,0.0,0.0,0.0,,,True
1791506700,2026-10-09T00:45:00Z,ท่าหลวง,100,0.0,0.0,0.0,,,True
1791506700,2026-10-09T00:45:00Z,ชัยบาดาล,280,0.0,0.0,0.0,,,True
1791506700,2026-10-09T00:45:00Z,ท่าวุ้ง,64,0.0,0.0,0.0,,,True
1791506700,2026-10-09T00:45:00Z,พัฒนานิคม,217,0.0,0.0,0.0,,,True
1791506700,2026-10-09T00:45:00Z,โคกสำโรง,180,0.0,0.0,0.0,,,True
1791506700,2026-10-09T00:45:00Z,หนองหญ้าไซ,108,0.0,0.0,0.0,,,True
1791506700,2026-10-09T00:45:00Z,ท่าช้าง,11,0.0,0.0,0.0,,,True
1791506700,2026-10-09T00:45:00Z,อินทร์บุรี,66,0.0,0.0,0.0,,,True
1791506700,2026-10-09T00:45:00Z,ค่ายบางระจัน,26,0.0,0.0,0.0,,,True
1791506700,2026-10-09T00:45:00Z,พรหมบุรี,19,0.0,0.0,0.0,,,True
1791506700,2026-10-09T00:45:00Z,เนินสง่า,65,0.0,0.0,0.0,,,True
1791506700,2026-10-09T00:45:00Z,เมืองสิงห์บุรี,31,0.0,0.0,0.0,,,True
1791506700,2026-10-09T00:45:00Z,ซับใหญ่,72,0.0,0.0,0.0,,,True
1791506700,2026-10-09T00:45:00Z,บางระจัน,46,0.0,0.0,0.0,,,True
1791506700,2026-10-09T00:45:00Z,ภูกระดึง,190,0.0,0.0,0.0,,,True
1791506700,2026-10-09T00:45:00Z,ภูหลวง,145,0.0,0.0,0.0,,,True
1791506700,2026-10-09T00:45:00Z,หนองหิน,78,0.0,0.0,0.0,,,True
1791506700,2026-10-09T00:45:00Z,ผาขาว,100,0.0,0.0,0.0,,,True
1791506700,2026-10-09T00:45:00Z,เอราวัณ,87,0.0,0.0,0.0,,,True
1791506700,2026-10-09T00:45:00Z,วังสะพุง,281,0.0,0.0,0.0,,,True
1791506700,2026-10-09T00:45:00Z,วังม่วง,70,0.0,0.0,0.0,,,True
1791506700,2026-10-09T00:45:00Z,เฉลิมพระเกียรติ,35,0.0,0.0,0.0,,,True
1791506700,2026-10-09T00:45:00Z,มวกเหล็ก,175,0.0,0.0,0.0,,,True
1791506700,2026-10-09T00:45:00Z,บ้านเขว้า,124,0.0,0.0,0.0,,,True
1791506700,2026-10-09T00:45:00Z,คอนสวรรค์,113,0.0,0.0,0.0,,,True
1791506700,2026-10-09T00:45:00Z,เมืองชัยภูมิ,358,0.0,0.0,0.0,,,True
1791506700,2026-10-09T00:45:00Z,วังทอง,425,0.0,0.0,0.0,,,True
1791506700,2026-10-09T00:45:00Z,เนินมะปราง,276,0.0,0.0,0.0,,,True
1791506700,2026-10-09T00:45:00Z,สวรรคโลก,156,0.0,0.0,0.0,,,True
1791506700,2026-10-09T00:45:00Z,ศรีนคร,46,0.0,0.0,0.0,,,True
1791506700,2026-10-09T00:45:00Z,หันคา,139,0.0,0.0,0.0,,,True
1791506700,2026-10-09T00:45:00Z,ศรีสัชนาลัย,534,0.0,0.0,0.0,,,True
1791506700,2026-10-09T00:45:00Z,หนองมะโมง,76,0.0,0.0,0.0,,,True
1791506700,2026-10-09T00:45:00Z,ศรีสำโรง,142,0.0,0.0,0.0,,,True
1791506700,2026-10-09T00:45:00Z,สรรพยา,55,0.0,0.0,0.0,,,True
1791506700,2026-10-09T00:45:00Z,คีรีมาศ,171,0.0,0.0,0.0,,,True
1791506700,2026-10-09T00:45:00Z,สรรคบุรี,89,0.0,0.0,0.0,,,True
1791506700,2026-10-09T00:45:00Z,กงไกรลาศ,108,0.0,0.0,0.0,,,True
1791506700,2026-10-09T00:45:00Z,มโนรมย์,66,0.0,0.0,0.0,,,True
1791506700,2026-10-09T00:45:00Z,เมืองสุโขทัย,136,0.0,0.0,0.0,,,True
1791506700,2026-10-09T00:45:00Z,วัดสิงห์,67,0.0,0.0,0.0,,,True
1791506700,2026-10-09T00:45:00Z,บ้านด่านลานหอย,231,0.0,0.0,0.0,,,True
1791506700,2026-10-09T00:45:00Z,เมืองชัยนาท,70,0.0,0.0,0.0,,,True
1791506700,2026-10-09T00:45:00Z,เนินขาม,65,0.0,0.0,0.0,,,True
1791506700,2026-10-09T00:45:00Z,คอนสาร,334,0.0,0.0,0.0,,,True
1791506700,2026-10-09T00:45:00Z,ภักดีชุมพล,154,0.0,0.0,0.0,,,True
1791506700,2026-10-09T00:45:00Z,บ้านแท่น,76,0.0,0.0,0.0,,,True
1791506700,2026-10-09T00:45:00Z,แก้งคร้อ,168,0.0,0.0,0.0,,,True
1791506700,2026-10-09T00:45:00Z,ภูเขียว,201,0.0,0.0,0.0,,,True
1791506700,2026-10-09T00:45:00Z,หนองบัวระเหว,179,0.0,0.0,0.0,,,True
1791506700,2026-10-09T00:45:00Z,เทพสถิต,239,0.0,0.0,0.0,,,True
1791506700,2026-10-09T00:45:00Z,จัตุรัส,172,0.0,0.0,0.0,,,True
1791506700,2026-10-09T00:45:00Z,บำเหน็จณรงค์,120,0.0,0.0,0.0,,,True
1791506700,2026-10-09T00:45:00Z,เกษตรสมบูรณ์,268,0.0,0.0,0.0,,,True
1791506700,2026-10-09T00:45:00Z,หนองบัวแดง,537,0.0,0.0,0.0,,,True
1791506700,2026-10-09T00:45:00Z,ภูเรือ,168,0.0,0.0,0.0,,,True
1791506700,2026-10-09T00:45:00Z,ท่าลี่,171,0.0,0.0,0.0,,,True
1791506700,2026-10-09T00:45:00Z,วชิรบารมี,68,0.0,0.0,0.0,,,True
1791506700,2026-10-09T00:45:00Z,ด่านซ้าย,341,0.0,0.0,0.0,,,True
1791506700,2026-10-09T00:45:00Z,นาแห้ว,153,0.0,0.0,0.0,,,True
1791506700,2026-10-09T00:45:00Z,บึงนาราง,74,0.0,0.0,0.0,,,True
1791506700,2026-10-09T00:45:00Z,เชียงคาน,213,0.0,0.0,0.0,,,True
1791506700,2026-10-09T00:45:00Z,ดงเจริญ,56,0.0,0.0,0.0,,,True
1791506700,2026-10-09T00:45:00Z,ปากชม,240,0.0,0.0,0.0,,,True
1791506700,2026-10-09T00:45:00Z,เมืองเลย,314,0.0,0.0,0.0,,,True
1791506700,2026-10-09T00:45:00Z,นาด้วง,143,0.0,0.0,0.0,,,True
1791506700,2026-10-09T00:45:00Z,สากเหล็ก,45,0.0,0.0,0.0,,,True
1791506700,2026-10-09T00:45:00Z,สามง่าม,89,0.0,0.0,0.0,,,True
1791506700,2026-10-09T00:45:00Z,ทับคล้อ,104,0.0,0.0,0.0,,,True
1791506700,2026-10-09T00:45:00Z,พรหมพิราม,206,0.0,0.0,0.0,,,True
1791506700,2026-10-09T00:45:00Z,ด่านขุนทด,344,0.0,0.0,0.0,,,True
1791506700,2026-10-09T00:45:00Z,วัดโบสถ์,226,0.0,0.0,0.0,,,True
1791506700,2026-10-09T00:45:00Z,บางระกำ,246,0.0,0.0,0.0,,,True
1791506700,2026-10-09T00:45:00Z,บางกระทุ่ม,91,0.0,0.0,0.0,,,True
1791506700,2026-10-09T00:45:00Z,นครไทย,597,0.0,0.0,0.0,,,True
1791506700,2026-10-09T00:45:00Z,ชาติตระการ,415,0.0,0.0,0.0,,,True
1791506700,2026-10-09T00:45:00Z,บ้านเหลื่อม,55,0.0,0.0,0.0,,,True
1791506700,2026-10-09T00:45:00Z,เมืองพิษณุโลก,178,0.0,0.0,0.0,,,True
1791506700,2026-10-09T00:45:00Z,ชุมแสง,145,0.0,0.0,0.0,,,True
1791506700,2026-10-09T00:45:00Z,หนองบัว,208,0.0,0.0,0.0,,,True
1791506700,2026-10-09T00:45:00Z,เมืองนครสวรรค์,183,0.0,0.0,0.0,,,True
1791506700,2026-10-09T00:45:00Z,โกรกพระ,71,0.0,0.0,0.0,,,True
1791506700,2026-10-09T00:45:00Z,ไพศาลี,244,0.0,0.0,0.0,,,True
1791506700,2026-10-09T00:45:00Z,ตาคลี,206,0.0,0.0,0.0,,,True
1791506700,2026-10-09T00:45:00Z,ท่าตะโก,211,0.0,0.0,0.0,,,True
1791506700,2026-10-09T00:45:00Z,เขาค้อ,207,0.0,0.0,0.0,,,True
1791506700,2026-10-09T00:45:00Z,บรรพตพิสัย,181,0.0,0.0,0.0,,,True
1791506700,2026-10-09T00:45:00Z,เก้าเลี้ยว,57,0.0,0.0,0.0,,,True
1791506700,2026-10-09T00:45:00Z,วังโป่ง,123,0.0,0.0,0.0,,,True
1791506700,2026-10-09T00:45:00Z,บึงสามพัน,194,0.0,0.0,0.0,,,True
1791506700,2026-10-09T00:45:00Z,น้ำหนาว,231,0.0,0.0,0.0,,,True
1791506700,2026-10-09T00:45:00Z,ศรีเทพ,204,0.0,0.0,0.0,,,True
1791506700,2026-10-09T00:45:00Z,หนองไผ่,315,0.0,0.0,0.0,,,True
1791506700,2026-10-09T00:45:00Z,มหาราช,4,0.0,0.0,0.0,,,False
1791506700,2026-10-09T00:45:00Z,บ้านแพรก,10,0.0,0.0,0.0,,,True
1791506700,2026-10-09T00:45:00Z,บางมูลนาก,99,0.0,0.0,0.0,,,True
1791506700,2026-10-09T00:45:00Z,โพทะเล,131,0.0,0.0,0.0,,,True
1791506700,2026-10-09T00:45:00Z,โพธิ์ประทับช้าง,102,0.0,0.0,0.0,,,True
1791506700,2026-10-09T00:45:00Z,ตะพานหิน,109,0.0,0.0,0.0,,,True
1791506700,2026-10-09T00:45:00Z,เมืองพิจิตร,138,0.0,0.0,0.0,,,True
1791506700,2026-10-09T00:45:00Z,วังทรายพูน,66,0.0,0.0,0.0,,,True
1791506700,2026-10-09T00:45:00Z,พิชัย,176,0.0,0.0,0.0,,,True
1791506700,2026-10-09T00:45:00Z,ลับแล,116,0.0,0.0,0.0,,,True
1791506700,2026-10-09T00:45:00Z,ฟากท่า,163,0.0,0.0,0.0,,,True
1791506700,2026-10-09T00:45:00Z,บ้านโคก,247,0.0,0.0,0.0,,,True
1791506700,2026-10-09T00:45:00Z,ท่าปลา,442,0.0,0.0,0.0,,,True
1791506700,2026-10-09T00:45:00Z,น้ำปาด,363,0.0,0.0,0.0,,,True
1791506700,2026-10-09T00:45:00Z,เมืองอุตรดิตถ์,202,0.0,0.0,0.0,,,True
1791506700,2026-10-09T00:45:00Z,ตรอน,80,0.0,0.0,0.0,,,True
1791506700,2026-10-09T00:45:00Z,หล่มเก่า,246,0.0,0.0,0.0,,,True
1791506700,2026-10-09T00:45:00Z,วิเชียรบุรี,377,0.0,0.0,0.0,,,True
1791506700,2026-10-09T00:45:00Z,ชนแดน,279,0.0,0.0,0.0,,,True
1791506700,2026-10-09T00:45:00Z,หล่มสัก,350,0.0,0.0,0.0,,,True
1791506700,2026-10-09T00:45:00Z,เมืองเพชรบูรณ์,571,0.0,0.0,0.0,,,True
1791506700,2026-10-09T00:45:00Z,ทองแสนขัน,185,0.0,0.0,0.0,,,True
1791506700,2026-10-09T00:45:00Z,บึงสามัคคี,71,0.0,0.0,0.0,,,True
1791506700,2026-10-09T00:45:00Z,โกสัมพีนคร,137,0.0,0.0,0.0,,,True
1791506700,2026-10-09T00:45:00Z,สอง,380,0.0,0.0,0.0,,,True
1791506700,2026-10-09T00:45:00Z,วังชิ้น,255,0.0,0.0,0.0,,,True
1791506700,2026-10-09T00:45:00Z,สูงเม่น,88,0.0,0.0,0.0,,,True
1791506700,2026-10-09T00:45:00Z,เด่นชัย,135,0.0,0.0,0.0,,,True
1791506700,2026-10-09T00:45:00Z,ร้องกวาง,221,0.0,0.0,0.0,,,True
1791506700,2026-10-09T00:45:00Z,ลอง,317,0.0,0.0,0.0,,,True
1791506700,2026-10-09T00:45:00Z,เมืองแพร่,205,0.0,0.0,0.0,,,True
1791506700,2026-10-09T00:45:00Z,ทัพทัน,94,0.0,0.0,0.0,,,True
1791506700,2026-10-09T00:45:00Z,สว่างอารมณ์,110,0.0,0.0,0.0,,,True
1791506700,2026-10-09T00:45:00Z,เมืองอุทัยธานี,59,0.0,0.0,0.0,,,True
1791506700,2026-10-09T00:45:00Z,ห้วยคต,94,0.0,0.0,0.0,,,True
1791506700,2026-10-09T00:45:00Z,ศรีสวัสดิ์,440,0.0,0.0,0.0,,,True
1791506700,2026-10-09T00:45:00Z,บ้านไร่,821,0.087,2.107,0.1121,60,15,True
1791506700,2026-10-09T00:45:00Z,ลานสัก,360,0.111,2.064,0.1389,30,15,True
1791506700,2026-10-09T00:45:00Z,หนองฉาง,89,0.0,0.0,0.0,,,True
1791506700,2026-10-09T00:45:00Z,หนองขาหย่าง,43,0.0,0.0,0.0,,,True
1791506700,2026-10-09T00:45:00Z,เชียงม่วน,82,0.0,0.0,0.0,,,True
1791506700,2026-10-09T00:45:00Z,ดอกคำใต้,37,0.0,0.0,0.0,,,True
1791506700,2026-10-09T00:45:00Z,เมืองพะเยา,6,0.0,0.0,0.0,,,True
1791506700,2026-10-09T00:45:00Z,ทองผาภูมิ,851,0.001,0.098,0.0153,,60,True
1791506700,2026-10-09T00:45:00Z,สังขละบุรี,793,0.001,0.098,0.0151,,60,True
1791506700,2026-10-09T00:45:00Z,หนองม่วงไข่,35,0.0,0.0,0.0,,,True
1791506700,2026-10-09T00:45:00Z,ภูเวียง,81,0.0,0.0,0.0,,,True
1791506700,2026-10-09T00:45:00Z,มัญจาคีรี,50,0.0,0.0,0.0,,,True
1791506700,2026-10-09T00:45:00Z,หนองปรือ,104,0.0,0.0,0.0,,,True
1791506700,2026-10-09T00:45:00Z,เลาขวัญ,123,0.0,0.0,0.0,,,True
1791506700,2026-10-09T00:45:00Z,หนองนาคำ,43,0.0,0.0,0.0,,,True
1791506700,2026-10-09T00:45:00Z,โคกโพธิ์ไชย,65,0.0,0.0,0.0,,,True
1791506700,2026-10-09T00:45:00Z,บ้านหลวง,91,0.0,0.0,0.0,,,True
1791506700,2026-10-09T00:45:00Z,นาน้อย,266,0.0,0.0,0.0,,,True
1791506700,2026-10-09T00:45:00Z,ภูผาม่าน,74,0.0,0.0,0.0,,,True
1791506700,2026-10-09T00:45:00Z,เมืองน่าน,161,0.0,0.0,0.0,,,True
1791506700,2026-10-09T00:45:00Z,แม่จริม,262,0.0,0.0,0.0,,,True
1791506700,2026-10-09T00:45:00Z,เวียงเก่า,78,0.0,0.0,0.0,,,True
1791506700,2026-10-09T00:45:00Z,เมืองกำแพงเพชร,368,0.0,0.0,0.0,,,True
1791506700,2026-10-09T00:45:00Z,ไทรงาม,133,0.0,0.0,0.0,,,True
1791506700,2026-10-09T00:45:00Z,ปางศิลาทอง,186,0.154,1.808,0.3495,15,15,True
1791506700,2026-10-09T00:45:00Z,ลานกระบือ,103,0.0,0.0,0.0,,,True
1791506700,2026-10-09T00:45:00Z,ทรายทองวัฒนา,53,0.0,0.0,0.0,,,True
1791506700,2026-10-09T00:45:00Z,คลองขลุง,179,0.0,0.0,0.0,,,True
1791506700,2026-10-09T00:45:00Z,พรานกระต่าย,252,0.0,0.0,0.0,,,True
1791506700,2026-10-09T00:45:00Z,คลองลาน,363,0.041,0.592,0.124,90,15,True
1791506700,2026-10-09T00:45:00Z,ขาณุวรลักษบุรี,296,0.002,0.592,0.0034,,15,True
1791506700,2026-10-09T00:45:00Z,ภูเพียง,113,0.0,0.0,0.0,,,True
1791506700,2026-10-09T00:45:00Z,นาหมื่น,245,0.0,0.0,0.0,,,True
1791506700,2026-10-09T00:45:00Z,เวียงสา,543,0.0,0.0,0.0,,,True
1791506700,2026-10-09T00:45:00Z,น้ำโสม,153,0.0,0.0,0.0,,,True
1791506700,2026-10-09T00:45:00Z,นายูง,126,0.0,0.0,0.0,,,True
1791506700,2026-10-09T00:45:00Z,ชุมแพ,173,0.0,0.0,0.0,,,True
1791506700,2026-10-09T00:45:00Z,สีชมพู,132,0.0,0.0,0.0,,,True
1791506700,2026-10-09T00:45:00Z,สุวรรณคูหา,140,0.0,0.0,0.0,,,True
1791506700,2026-10-09T00:45:00Z,นาวัง,65,0.0,0.0,0.0,,,True
1791506700,2026-10-09T00:45:00Z,หนองเรือ,80,0.0,0.0,0.0,,,True
1791506700,2026-10-09T00:45:00Z,โนนสัง,51,0.0,0.0,0.0,,,True
1791506700,2026-10-09T00:45:00Z,ศรีบุญเรือง,224,0.0,0.0,0.0,,,True
1791506700,2026-10-09T00:45:00Z,เมืองหนองบัวลำภู,217,0.0,0.0,0.0,,,True
1791506700,2026-10-09T00:45:00Z,นากลาง,173,0.0,0.0,0.0,,,True
1791506700,2026-10-09T00:45:00Z,ทุ่งเสลี่ยม,144,0.0,0.0,0.0,,,True
1791506700,2026-10-09T00:45:00Z,ดอยหล่อ,56,0.0,0.0,0.0,,,True
1791506700,2026-10-09T00:45:00Z,เมืองตาก,486,0.0,0.0,0.0,,,True
1791506700,2026-10-09T00:45:00Z,แม่ออน,116,0.0,0.0,0.0,,,True
1791506700,2026-10-09T00:45:00Z,อุ้มผาง,1209,0.14,2.003,0.2192,90,15,True
1791506700,2026-10-09T00:45:00Z,วังเจ้า,183,0.0,0.0,0.0,,,True
1791506700,2026-10-09T00:45:00Z,แม่สอด,398,0.0,0.0,0.0,,,True
1791506700,2026-10-09T00:45:00Z,พบพระ,249,0.0,0.0,0.0,,,True
1791506700,2026-10-09T00:45:00Z,แม่ระมาด,380,0.0,0.0,0.0,,,True
1791506700,2026-10-09T00:45:00Z,ท่าสองยาง,401,0.0,0.0,0.0,,,True
1791506700,2026-10-09T00:45:00Z,บ้านตาก,255,0.0,0.0,0.0,,,True
1791506700,2026-10-09T00:45:00Z,สามเงา,698,0.0,0.0,0.0,,,True
1791506700,2026-10-09T00:45:00Z,จอมทอง,280,0.0,0.0,0.0,,,True
1791506700,2026-10-09T00:45:00Z,แก้งสนามนาง,79,0.0,0.0,0.0,,,True
1791506700,2026-10-09T00:45:00Z,สีคิ้ว,292,0.0,0.0,0.0,,,True
1791506700,2026-10-09T00:45:00Z,พระทองคำ,90,0.0,0.0,0.0,,,True
1791506700,2026-10-09T00:45:00Z,เทพารักษ์,92,0.0,0.0,0.0,,,True
1791506700,2026-10-09T00:45:00Z,สันกำแพง,65,0.0,0.0,0.0,,,True
1791506700,2026-10-09T00:45:00Z,สันป่าตอง,44,0.0,0.0,0.0,,,True
1791506700,2026-10-09T00:45:00Z,ดอยเต่า,213,0.0,0.0,0.0,,,True
1791506700,2026-10-09T00:45:00Z,อมก๋อย,704,0.0,0.0,0.0,,,True
1791506700,2026-10-09T00:45:00Z,ฮอด,378,0.0,0.0,0.0,,,True
1791506700,2026-10-09T00:45:00Z,เมืองลำพูน,117,0.0,0.0,0.0,,,True
1791506700,2026-10-09T00:45:00Z,แม่ทา,192,0.0,0.0,0.0,,,True
1791506700,2026-10-09T00:45:00Z,บ้านธิ,34,0.0,0.0,0.0,,,True
1791506700,2026-10-09T00:45:00Z,บ้านหมอ,24,0.0,0.0,0.0,,,True
1791506700,2026-10-09T00:45:00Z,เวียงหนองล่อง,14,0.0,0.0,0.0,,,True
1791506700,2026-10-09T00:45:00Z,ทุ่งหัวช้าง,113,0.0,0.0,0.0,,,True
1791506700,2026-10-09T00:45:00Z,ป่าซาง,74,0.0,0.0,0.0,,,True
1791506700,2026-10-09T00:45:00Z,บ้านโฮ่ง,124,0.0,0.0,0.0,,,True
1791506700,2026-10-09T00:45:00Z,แก่งคอย,73,0.0,0.0,0.0,,,True
1791506700,2026-10-09T00:45:00Z,ลี้,454,0.0,0.0,0.0,,,True
1791506700,2026-10-09T00:45:00Z,พระพุทธบาท,55,0.0,0.0,0.0,,,True
1791506700,2026-10-09T00:45:00Z,ดอนพุด,7,0.0,0.0,0.0,,,True
1791506700,2026-10-09T00:45:00Z,หนองโดน,31,0.0,0.0,0.0,,,True
1791506700,2026-10-09T00:45:00Z,เมืองลำปาง,300,0.0,0.0,0.0,,,True
1791506700,2026-10-09T00:45:00Z,เถิน,443,0.0,0.0,0.0,,,True
1791506700,2026-10-09T00:45:00Z,แม่พริก,167,0.0,0.0,0.0,,,True
1791506700,2026-10-09T00:45:00Z,แจ้ห่ม,274,0.0,0.0,0.0,,,True
1791506700,2026-10-09T00:45:00Z,แม่เปิน,85,0.104,1.216,0.1294,15,15,True
1791506700,2026-10-09T00:45:00Z,เสริมงาม,185,0.0,0.0,0.0,,,True
1791506700,2026-10-09T00:45:00Z,ชุมตาบง,61,0.0,0.0,0.0,,,True
1791506700,2026-10-09T00:45:00Z,งาว,344,0.0,0.0,0.0,,,True
1791506700,2026-10-09T00:45:00Z,ตากฟ้า,125,0.0,0.0,0.0,,,True
1791506700,2026-10-09T00:45:00Z,แม่เมาะ,283,0.0,0.0,0.0,,,True
1791506700,2026-10-09T00:45:00Z,แม่วงก์,257,0.341,1.808,0.3385,15,15,True
1791506700,2026-10-09T00:45:00Z,เกาะคา,128,0.0,0.0,0.0,,,True
1791506700,2026-10-09T00:45:00Z,พยุหะคีรี,169,0.0,0.0,0.0,,,True
1791506700,2026-10-09T00:45:00Z,ลาดยาว,187,0.0,0.0,0.0,,,True
1791506700,2026-10-09T00:45:00Z,สบปราบ,125,0.0,0.0,0.0,,,True
1791506700,2026-10-09T00:45:00Z,ห้างฉัตร,154,0.0,0.0,0.0,,,True
1791506700,2026-10-09T00:45:00Z,แม่ทะ,203,0.0,0.0,0.0,,,True
1791506700,2026-10-09T00:45:00Z,เมืองปาน,202,0.0,0.0,0.0,,,True
1791506700,2026-10-09T00:45:00Z,เมืองอ่างทอง,6,0.0,0.0,0.0,,,True
1791506700,2026-10-09T00:45:00Z,ไชโย,20,0.0,0.0,0.0,,,True
1791506700,2026-10-09T00:45:00Z,สามโก้,10,0.0,0.0,0.0,,,True
1791506700,2026-10-09T00:45:00Z,แสวงหา,43,0.0,0.0,0.0,,,True
1791506700,2026-10-09T00:45:00Z,วิเศษชัยชาญ,7,0.0,0.0,0.0,,,True
1791506700,2026-10-09T00:45:00Z,โพธิ์ทอง,48,0.0,0.0,0.0,,,True
1791506700,2026-10-09T00:45:00Z,เมืองลพบุรี,190,0.0,0.0,0.0,,,True
1791506700,2026-10-09T00:45:00Z,เดิมบางนางบวช,130,0.0,0.0,0.0,,,True
1791506700,2026-10-09T00:45:00Z,ด่านช้าง,309,0.0,0.0,0.0,,,True
1791506700,2026-10-09T00:45:00Z,หนองม่วง,111,0.0,0.0,0.0,,,True
1791506700,2026-10-09T00:45:00Z,ลำสนธิ,136,0.0,0.0,0.0,,,True
1791506700,2026-10-09T00:45:00Z,สามชุก,77,0.0,0.0,0.0,,,True
1791506700,2026-10-09T00:45:00Z,ดอนเจดีย์,72,0.0,0.0,0.0,,,True
1791506700,2026-10-09T00:45:00Z,สระโบสถ์,83,0.0,0.0,0.0,,,True
1791506700,2026-10-09T00:45:00Z,ศรีประจันต์,41,0.0,0.0,0.0,,,True
1791506700,2026-10-09T00:45:00Z,โคกเจริญ,135,0.0,0.0,0.0,,,True
1791506700,2026-10-09T00:45:00Z,บ้านหมี่,136,0.0,0.0,0.0,,,True
1791506700,2026-10-09T00:45:00Z,ท่าหลวง,100,0.0,0.0,0.0,,,True
1791506700,2026-10-09T00:45:00Z,ชัยบาดาล,280,0.0,0.0,0.0,,,True
1791506700,2026-10-09T00:45:00Z,ท่าวุ้ง,64,0.0,0.0,0.0,,,True
1791506700,2026-10-09T00:45:00Z,พัฒนานิคม,217,0.0,0.0,0.0,,,True
1791506700,2026-10-09T00:45:00Z,โคกสำโรง,180,0.0,0.0,0.0,,,True
1791506700,2026-10-09T00:45:00Z,หนองหญ้าไซ,108,0.0,0.0,0.0,,,True
1791506700,2026-10-09T00:45:00Z,ท่าช้าง,11,0.0,0.0,0.0,,,True
1791506700,2026-10-09T00:45:00Z,อินทร์บุรี,66,0.0,0.0,0.0,,,True
1791506700,2026-10-09T00:45:00Z,ค่ายบางระจัน,26,0.0,0.0,0.0,,,True
1791506700,2026-10-09T00:45:00Z,พรหมบุรี,19,0.0,0.0,0.0,,,True
1791506700,2026-10-09T00:45:00Z,เนินสง่า,65,0.0,0.0,0.0,,,True
1791506700,2026-10-09T00:45:00Z,เมืองสิงห์บุรี,31,0.0,0.0,0.0,,,True
1791506700,2026-10-09T00:45:00Z,ซับใหญ่,72,0.0,0.0,0.0,,,True
1791506700,2026-10-09T00:45:00Z,บางระจัน,46,0.0,0.0,0.0,,,True
1791506700,2026-10-09T00:45:00Z,ภูกระดึง,190,0.0,0.0,0.0,,,True
1791506700,2026-10-09T00:45:00Z,ภูหลวง,145,0.0,0.0,0.0,,,True
1791506700,2026-10-09T00:45:00Z,หนองหิน,78,0.0,0.0,0.0,,,True
1791506700,2026-10-09T00:45:00Z,ผาขาว,100,0.0,0.0,0.0,,,True
1791506700,2026-10-09T00:45:00Z,เอราวัณ,87,0.0,0.0,0.0,,,True
1791506700,2026-10-09T00:45:00Z,วังสะพุง,281,0.0,0.0,0.0,,,True
1791506700,2026-10-09T00:45:00Z,วังม่วง,70,0.0,0.0,0.0,,,True
1791506700,2026-10-09T00:45:00Z,เฉลิมพระเกียรติ,35,0.0,0.0,0.0,,,True
1791506700,2026-10-09T00:45:00Z,มวกเหล็ก,175,0.0,0.0,0.0,,,True
1791506700,2026-10-09T00:45:00Z,บ้านเขว้า,124,0.0,0.0,0.0,,,True
1791506700,2026-10-09T00:45:00Z,คอนสวรรค์,113,0.0,0.0,0.0,,,True
1791506700,2026-10-09T00:45:00Z,เมืองชัยภูมิ,358,0.0,0.0,0.0,,,True
1791506700,2026-10-09T00:45:00Z,วังทอง,425,0.0,0.0,0.0,,,True
1791506700,2026-10-09T00:45:00Z,เนินมะปราง,276,0.0,0.0,0.0,,,True
1791506700,2026-10-09T00:45:00Z,สวรรคโลก,156,0.0,0.0,0.0,,,True
1791506700,2026-10-09T00:45:00Z,ศรีนคร,46,0.0,0.0,0.0,,,True
1791506700,2026-10-09T00:45:00Z,หันคา,139,0.0,0.0,0.0,,,True
1791506700,2026-10-09T00:45:00Z,ศรีสัชนาลัย,534,0.0,0.0,0.0,,,True
1791506700,2026-10-09T00:45:00Z,หนองมะโมง,76,0.0,0.0,0.0,,,True
1791506700,2026-10-09T00:45:00Z,ศรีสำโรง,142,0.0,0.0,0.0,,,True
1791506700,2026-10-09T00:45:00Z,สรรพยา,55,0.0,0.0,0.0,,,True
1791506700,2026-10-09T00:45:00Z,คีรีมาศ,171,0.0,0.0,0.0,,,True
1791506700,2026-10-09T00:45:00Z,สรรคบุรี,89,0.0,0.0,0.0,,,True
1791506700,2026-10-09T00:45:00Z,กงไกรลาศ,108,0.0,0.0,0.0,,,True
1791506700,2026-10-09T00:45:00Z,มโนรมย์,66,0.0,0.0,0.0,,,True
1791506700,2026-10-09T00:45:00Z,เมืองสุโขทัย,136,0.0,0.0,0.0,,,True
1791506700,2026-10-09T00:45:00Z,วัดสิงห์,67,0.0,0.0,0.0,,,True
1791506700,2026-10-09T00:45:00Z,บ้านด่านลานหอย,231,0.0,0.0,0.0,,,True
1791506700,2026-10-09T00:45:00Z,เมืองชัยนาท,70,0.0,0.0,0.0,,,True
1791506700,2026-10-09T00:45:00Z,เนินขาม,65,0.0,0.0,0.0,,,True
1791506700,2026-10-09T00:45:00Z,คอนสาร,334,0.0,0.0,0.0,,,True
1791506700,2026-10-09T00:45:00Z,ภักดีชุมพล,154,0.0,0.0,0.0,,,True
1791506700,2026-10-09T00:45:00Z,บ้านแท่น,76,0.0,0.0,0.0,,,True
1791506700,2026-10-09T00:45:00Z,แก้งคร้อ,168,0.0,0.0,0.0,,,True
1791506700,2026-10-09T00:45:00Z,ภูเขียว,201,0.0,0.0,0.0,,,True
1791506700,2026-10-09T00:45:00Z,หนองบัวระเหว,179,0.0,0.0,0.0,,,True
1791506700,2026-10-09T00:45:00Z,เทพสถิต,239,0.0,0.0,0.0,,,True
1791506700,2026-10-09T00:45:00Z,จัตุรัส,172,0.0,0.0,0.0,,,True
1791506700,2026-10-09T00:45:00Z,บำเหน็จณรงค์,120,0.0,0.0,0.0,,,True
1791506700,2026-10-09T00:45:00Z,เกษตรสมบูรณ์,268,0.0,0.0,0.0,,,True
1791506700,2026-10-09T00:45:00Z,หนองบัวแดง,537,0.0,0.0,0.0,,,True
1791506700,2026-10-09T00:45:00Z,ภูเรือ,168,0.0,0.0,0.0,,,True
1791506700,2026-10-09T00:45:00Z,ท่าลี่,171,0.0,0.0,0.0,,,True
1791506700,2026-10-09T00:45:00Z,วชิรบารมี,68,0.0,0.0,0.0,,,True
1791506700,2026-10-09T00:45:00Z,ด่านซ้าย,341,0.0,0.0,0.0,,,True
1791506700,2026-10-09T00:45:00Z,นาแห้ว,153,0.0,0.0,0.0,,,True
1791506700,2026-10-09T00:45:00Z,บึงนาราง,74,0.0,0.0,0.0,,,True
1791506700,2026-10-09T00:45:00Z,เชียงคาน,213,0.0,0.0,0.0,,,True
1791506700,2026-10-09T00:45:00Z,ดงเจริญ,56,0.0,0.0,0.0,,,True
1791506700,2026-10-09T00:45:00Z,ปากชม,240,0.0,0.0,0.0,,,True
1791506700,2026-10-09T00:45:00Z,เมืองเลย,314,0.0,0.0,0.0,,,True
1791506700,2026-10-09T00:45:00Z,นาด้วง,143,0.0,0.0,0.0,,,True
1791506700,2026-10-09T00:45:00Z,สากเหล็ก,45,0.0,0.0,0.0,,,True
1791506700,2026-10-09T00:45:00Z,สามง่าม,89,0.0,0.0,0.0,,,True
1791506700,2026-10-09T00:45:00Z,ทับคล้อ,104,0.0,0.0,0.0,,,True
1791506700,2026-10-09T00:45:00Z,พรหมพิราม,206,0.0,0.0,0.0,,,True
1791506700,2026-10-09T00:45:00Z,ด่านขุนทด,344,0.0,0.0,0.0,,,True
1791506700,2026-10-09T00:45:00Z,วัดโบสถ์,226,0.0,0.0,0.0,,,True
1791506700,2026-10-09T00:45:00Z,บางระกำ,246,0.0,0.0,0.0,,,True
1791506700,2026-10-09T00:45:00Z,บางกระทุ่ม,91,0.0,0.0,0.0,,,True
1791506700,2026-10-09T00:45:00Z,นครไทย,597,0.0,0.0,0.0,,,True
1791506700,2026-10-09T00:45:00Z,ชาติตระการ,415,0.0,0.0,0.0,,,True
1791506700,2026-10-09T00:45:00Z,บ้านเหลื่อม,55,0.0,0.0,0.0,,,True
1791506700,2026-10-09T00:45:00Z,เมืองพิษณุโลก,178,0.0,0.0,0.0,,,True
1791506700,2026-10-09T00:45:00Z,ชุมแสง,145,0.0,0.0,0.0,,,True
1791506700,2026-10-09T00:45:00Z,หนองบัว,208,0.0,0.0,0.0,,,True
1791506700,2026-10-09T00:45:00Z,เมืองนครสวรรค์,183,0.0,0.0,0.0,,,True
1791506700,2026-10-09T00:45:00Z,โกรกพระ,71,0.0,0.0,0.0,,,True
1791506700,2026-10-09T00:45:00Z,ไพศาลี,244,0.0,0.0,0.0,,,True
1791506700,2026-10-09T00:45:00Z,ตาคลี,206,0.0,0.0,0.0,,,True
1791506700,2026-10-09T00:45:00Z,ท่าตะโก,211,0.0,0.0,0.0,,,True
1791506700,2026-10-09T00:45:00Z,เขาค้อ,207,0.0,0.0,0.0,,,True
1791506700,2026-10-09T00:45:00Z,บรรพตพิสัย,181,0.0,0.0,0.0,,,True
1791506700,2026-10-09T00:45:00Z,เก้าเลี้ยว,57,0.0,0.0,0.0,,,True
1791506700,2026-10-09T00:45:00Z,วังโป่ง,123,0.0,0.0,0.0,,,True
1791506700,2026-10-09T00:45:00Z,บึงสามพัน,194,0.0,0.0,0.0,,,True
1791506700,2026-10-09T00:45:00Z,น้ำหนาว,231,0.0,0.0,0.0,,,True
1791506700,2026-10-09T00:45:00Z,ศรีเทพ,204,0.0,0.0,0.0,,,True
1791506700,2026-10-09T00:45:00Z,หนองไผ่,315,0.0,0.0,0.0,,,True
1791506700,2026-10-09T00:45:00Z,มหาราช,4,0.0,0.0,0.0,,,False
1791506700,2026-10-09T00:45:00Z,บ้านแพรก,10,0.0,0.0,0.0,,,True
1791506700,2026-10-09T00:45:00Z,บางมูลนาก,99,0.0,0.0,0.0,,,True
1791506700,2026-10-09T00:45:00Z,โพทะเล,131,0.0,0.0,0.0,,,True
1791506700,2026-10-09T00:45:00Z,โพธิ์ประทับช้าง,102,0.0,0.0,0.0,,,True
1791506700,2026-10-09T00:45:00Z,ตะพานหิน,109,0.0,0.0,0.0,,,True
1791506700,2026-10-09T00:45:00Z,เมืองพิจิตร,138,0.0,0.0,0.0,,,True
1791506700,2026-10-09T00:45:00Z,วังทรายพูน,66,0.0,0.0,0.0,,,True
1791508500,2026-10-09T01:15:00Z,พิชัย,176,0.0,0.0,0.0,,,True
1791508500,2026-10-09T01:15:00Z,ลับแล,116,0.0,0.0,0.0,,,True
1791508500,2026-10-09T01:15:00Z,ฟากท่า,163,0.0,0.0,0.0,,,True
1791508500,2026-10-09T01:15:00Z,บ้านโคก,247,0.0,0.0,0.0,,,True
1791508500,2026-10-09T01:15:00Z,ท่าปลา,442,0.0,0.0,0.0,,,True
1791508500,2026-10-09T01:15:00Z,น้ำปาด,363,0.0,0.0,0.0,,,True
1791508500,2026-10-09T01:15:00Z,เมืองอุตรดิตถ์,202,0.0,0.0,0.0,,,True
1791508500,2026-10-09T01:15:00Z,ตรอน,80,0.0,0.0,0.0,,,True
1791508500,2026-10-09T01:15:00Z,หล่มเก่า,246,0.0,0.0,0.0,,,True
1791508500,2026-10-09T01:15:00Z,วิเชียรบุรี,377,0.0,0.0,0.0,,,True
1791508500,2026-10-09T01:15:00Z,ชนแดน,279,0.0,0.0,0.0,,,True
1791508500,2026-10-09T01:15:00Z,หล่มสัก,350,0.0,0.0,0.0,,,True
1791508500,2026-10-09T01:15:00Z,เมืองเพชรบูรณ์,571,0.0,0.0,0.0,,,True
1791508500,2026-10-09T01:15:00Z,ทองแสนขัน,185,0.0,0.0,0.0,,,True
1791508500,2026-10-09T01:15:00Z,บึงสามัคคี,71,0.0,0.0,0.0,,,True
1791508500,2026-10-09T01:15:00Z,โกสัมพีนคร,137,0.0,0.0,0.0,,,True
1791508500,2026-10-09T01:15:00Z,สอง,380,0.0,0.0,0.0,,,True
1791508500,2026-10-09T01:15:00Z,วังชิ้น,255,0.0,0.0,0.0,,,True
1791508500,2026-10-09T01:15:00Z,สูงเม่น,88,0.0,0.0,0.0,,,True
1791508500,2026-10-09T01:15:00Z,เด่นชัย,135,0.0,0.0,0.0,,,True
1791508500,2026-10-09T01:15:00Z,ร้องกวาง,221,0.0,0.0,0.0,,,True
1791508500,2026-10-09T01:15:00Z,ลอง,317,0.0,0.0,0.0,,,True
1791508500,2026-10-09T01:15:00Z,เมืองแพร่,205,0.0,0.0,0.0,,,True
1791508500,2026-10-09T01:15:00Z,ทัพทัน,94,0.0,0.0,0.0,,,True
1791508500,2026-10-09T01:15:00Z,สว่างอารมณ์,110,0.0,0.0,0.0,,,True
1791508500,2026-10-09T01:15:00Z,เมืองอุทัยธานี,59,0.0,0.0,0.0,,,True
1791508500,2026-10-09T01:15:00Z,ห้วยคต,94,0.0,0.0,0.0,,,True
1791508500,2026-10-09T01:15:00Z,ศรีสวัสดิ์,440,0.0,0.0,0.0,,,True
1791508500,2026-10-09T01:15:00Z,บ้านไร่,821,0.031,1.44,0.1194,45,15,True
1791508500,2026-10-09T01:15:00Z,ลานสัก,360,0.012,1.261,0.0361,,15,True
1791508500,2026-10-09T01:15:00Z,หนองฉาง,89,0.0,0.0,0.0,,,True
1791508500,2026-10-09T01:15:00Z,หนองขาหย่าง,43,0.0,0.0,0.0,,,True
1791508500,2026-10-09T01:15:00Z,เชียงม่วน,82,0.0,0.0,0.0,,,True
1791508500,2026-10-09T01:15:00Z,ดอกคำใต้,37,0.0,0.0,0.0,,,True
1791508500,2026-10-09T01:15:00Z,เมืองพะเยา,6,0.0,0.0,0.0,,,True
1791508500,2026-10-09T01:15:00Z,ทองผาภูมิ,851,0.002,0.299,0.0188,,30,True
1791508500,2026-10-09T01:15:00Z,สังขละบุรี,793,0.007,0.413,0.0265,,90,True
1791508500,2026-10-09T01:15:00Z,หนองม่วงไข่,35,0.0,0.0,0.0,,,True
1791508500,2026-10-09T01:15:00Z,ภูเวียง,81,0.0,0.0,0.0,,,True
1791508500,2026-10-09T01:15:00Z,มัญจาคีรี,50,0.0,0.0,0.0,,,True
1791508500,2026-10-09T01:15:00Z,หนองปรือ,104,0.0,0.0,0.0,,,True
1791508500,2026-10-09T01:15:00Z,เลาขวัญ,123,0.0,0.0,0.0,,,True
1791508500,2026-10-09T01:15:00Z,หนองนาคำ,43,0.0,0.0,0.0,,,True
1791508500,2026-10-09T01:15:00Z,โคกโพธิ์ไชย,65,0.0,0.0,0.0,,,True
1791508500,2026-10-09T01:15:00Z,บ้านหลวง,91,0.0,0.0,0.0,,,True
1791508500,2026-10-09T01:15:00Z,นาน้อย,266,0.0,0.0,0.0,,,True
1791508500,2026-10-09T01:15:00Z,ภูผาม่าน,74,0.0,0.0,0.0,,,True
1791508500,2026-10-09T01:15:00Z,เมืองน่าน,161,0.0,0.0,0.0,,,True
1791508500,2026-10-09T01:15:00Z,แม่จริม,262,0.0,0.0,0.0,,,True
1791508500,2026-10-09T01:15:00Z,เวียงเก่า,78,0.0,0.0,0.0,,,True
1791508500,2026-10-09T01:15:00Z,เมืองกำแพงเพชร,368,0.0,0.0,0.0,,,True
1791508500,2026-10-09T01:15:00Z,ไทรงาม,133,0.0,0.0,0.0,,,True
1791508500,2026-10-09T01:15:00Z,ปางศิลาทอง,186,0.043,0.793,0.1237,60,15,True
1791508500,2026-10-09T01:15:00Z,ลานกระบือ,103,0.0,0.0,0.0,,,True
1791508500,2026-10-09T01:15:00Z,ทรายทองวัฒนา,53,0.0,0.0,0.0,,,True
1791508500,2026-10-09T01:15:00Z,คลองขลุง,179,0.0,0.0,0.0,,,True
1791508500,2026-10-09T01:15:00Z,พรานกระต่าย,252,0.0,0.0,0.0,,,True
1791508500,2026-10-09T01:15:00Z,คลองลาน,363,0.011,0.201,0.0771,,15,True
1791508500,2026-10-09T01:15:00Z,ขาณุวรลักษบุรี,296,0.0,0.0,0.0,,,True
1791508500,2026-10-09T01:15:00Z,ภูเพียง,113,0.0,0.0,0.0,,,True
1791508500,2026-10-09T01:15:00Z,นาหมื่น,245,0.0,0.0,0.0,,,True
1791508500,2026-10-09T01:15:00Z,เวียงสา,543,0.0,0.0,0.0,,,True
1791508500,2026-10-09T01:15:00Z,น้ำโสม,153,0.0,0.0,0.0,,,True
1791508500,2026-10-09T01:15:00Z,นายูง,126,0.0,0.0,0.0,,,True
1791508500,2026-10-09T01:15:00Z,ชุมแพ,173,0.0,0.0,0.0,,,True
1791508500,2026-10-09T01:15:00Z,สีชมพู,132,0.0,0.0,0.0,,,True
1791508500,2026-10-09T01:15:00Z,สุวรรณคูหา,140,0.0,0.0,0.0,,,True
1791508500,2026-10-09T01:15:00Z,นาวัง,65,0.0,0.0,0.0,,,True
1791508500,2026-10-09T01:15:00Z,หนองเรือ,80,0.0,0.0,0.0,,,True
1791508500,2026-10-09T01:15:00Z,โนนสัง,51,0.0,0.0,0.0,,,True
1791508500,2026-10-09T01:15:00Z,ศรีบุญเรือง,224,0.0,0.0,0.0,,,True
1791508500,2026-10-09T01:15:00Z,เมืองหนองบัวลำภู,217,0.0,0.0,0.0,,,True
1791508500,2026-10-09T01:15:00Z,นากลาง,173,0.0,0.0,0.0,,,True
1791508500,2026-10-09T01:15:00Z,ทุ่งเสลี่ยม,144,0.0,0.0,0.0,,,True
1791508500,2026-10-09T01:15:00Z,ดอยหล่อ,56,0.0,0.0,0.0,,,True
1791508500,2026-10-09T01:15:00Z,เมืองตาก,486,0.0,0.0,0.0,,,True
1791508500,2026-10-09T01:15:00Z,แม่ออน,116,0.0,0.0,0.0,,,True
1791508500,2026-10-09T01:15:00Z,อุ้มผาง,1209,0.092,1.727,0.2184,75,15,True
1791508500,2026-10-09T01:15:00Z,วังเจ้า,183,0.0,0.0,0.0,,,True
1791508500,2026-10-09T01:15:00Z,แม่สอด,398,0.0,0.0,0.0,,,True
1791508500,2026-10-09T01:15:00Z,พบพระ,249,0.0,0.0,0.0,,,True
1791508500,2026-10-09T01:15:00Z,แม่ระมาด,380,0.0,0.0,0.0,,,True
1791508500,2026-10-09T01:15:00Z,ท่าสองยาง,401,0.0,0.0,0.0,,,True
1791508500,2026-10-09T01:15:00Z,บ้านตาก,255,0.0,0.0,0.0,,,True
1791508500,2026-10-09T01:15:00Z,สามเงา,698,0.0,0.0,0.0,,,True
1791508500,2026-10-09T01:15:00Z,จอมทอง,280,0.0,0.0,0.0,,,True
1791508500,2026-10-09T01:15:00Z,แก้งสนามนาง,79,0.0,0.0,0.0,,,True
1791508500,2026-10-09T01:15:00Z,สีคิ้ว,292,0.0,0.0,0.0,,,True
1791508500,2026-10-09T01:15:00Z,พระทองคำ,90,0.0,0.0,0.0,,,True
1791508500,2026-10-09T01:15:00Z,เทพารักษ์,92,0.0,0.0,0.0,,,True
1791508500,2026-10-09T01:15:00Z,สันกำแพง,65,0.0,0.0,0.0,,,True
1791508500,2026-10-09T01:15:00Z,สันป่าตอง,44,0.0,0.0,0.0,,,True
1791508500,2026-10-09T01:15:00Z,ดอยเต่า,213,0.0,0.0,0.0,,,True
1791508500,2026-10-09T01:15:00Z,อมก๋อย,704,0.0,0.0,0.0,,,True
1791508500,2026-10-09T01:15:00Z,ฮอด,378,0.0,0.0,0.0,,,True
1791508500,2026-10-09T01:15:00Z,เมืองลำพูน,117,0.0,0.0,0.0,,,True
1791508500,2026-10-09T01:15:00Z,แม่ทา,192,0.0,0.0,0.0,,,True
1791508500,2026-10-09T01:15:00Z,บ้านธิ,34,0.0,0.0,0.0,,,True
1791508500,2026-10-09T01:15:00Z,บ้านหมอ,24,0.0,0.0,0.0,,,True
1791508500,2026-10-09T01:15:00Z,เวียงหนองล่อง,14,0.0,0.0,0.0,,,True
1791508500,2026-10-09T01:15:00Z,ทุ่งหัวช้าง,113,0.0,0.0,0.0,,,True
1791508500,2026-10-09T01:15:00Z,ป่าซาง,74,0.0,0.0,0.0,,,True
1791508500,2026-10-09T01:15:00Z,บ้านโฮ่ง,124,0.0,0.0,0.0,,,True
1791508500,2026-10-09T01:15:00Z,แก่งคอย,73,0.0,0.0,0.0,,,True
1791508500,2026-10-09T01:15:00Z,ลี้,454,0.0,0.0,0.0,,,True
1791508500,2026-10-09T01:15:00Z,พระพุทธบาท,55,0.0,0.0,0.0,,,True
1791508500,2026-10-09T01:15:00Z,ดอนพุด,7,0.0,0.0,0.0,,,True
1791508500,2026-10-09T01:15:00Z,หนองโดน,31,0.0,0.0,0.0,,,True
1791508500,2026-10-09T01:15:00Z,เมืองลำปาง,300,0.0,0.0,0.0,,,True
1791508500,2026-10-09T01:15:00Z,เถิน,443,0.0,0.0,0.0,,,True
1791508500,2026-10-09T01:15:00Z,แม่พริก,167,0.0,0.0,0.0,,,True
1791508500,2026-10-09T01:15:00Z,แจ้ห่ม,274,0.0,0.0,0.0,,,True
1791508500,2026-10-09T01:15:00Z,แม่เปิน,85,0.044,1.504,0.0471,,15,True
1791508500,2026-10-09T01:15:00Z,เสริมงาม,185,0.0,0.0,0.0,,,True
1791508500,2026-10-09T01:15:00Z,ชุมตาบง,61,0.0,0.0,0.0,,,True
1791508500,2026-10-09T01:15:00Z,งาว,344,0.0,0.0,0.0,,,True
1791508500,2026-10-09T01:15:00Z,ตากฟ้า,125,0.0,0.0,0.0,,,True
1791508500,2026-10-09T01:15:00Z,แม่เมาะ,283,0.0,0.0,0.0,,,True
1791508500,2026-10-09T01:15:00Z,แม่วงก์,257,0.152,1.44,0.2257,15,15,True
1791508500,2026-10-09T01:15:00Z,เกาะคา,128,0.0,0.0,0.0,,,True
1791508500,2026-10-09T01:15:00Z,พยุหะคีรี,169,0.0,0.0,0.0,,,True
1791508500,2026-10-09T01:15:00Z,ลาดยาว,187,0.0,0.0,0.0,,,True
1791508500,2026-10-09T01:15:00Z,สบปราบ,125,0.0,0.0,0.0,,,True
1791508500,2026-10-09T01:15:00Z,ห้างฉัตร,154,0.0,0.0,0.0,,,True
1791508500,2026-10-09T01:15:00Z,แม่ทะ,203,0.0,0.0,0.0,,,True
1791508500,2026-10-09T01:15:00Z,เมืองปาน,202,0.0,0.0,0.0,,,True
1791508500,2026-10-09T01:15:00Z,เมืองอ่างทอง,6,0.0,0.0,0.0,,,True
1791508500,2026-10-09T01:15:00Z,ไชโย,20,0.0,0.0,0.0,,,True
1791508500,2026-10-09T01:15:00Z,สามโก้,10,0.0,0.0,0.0,,,True
1791508500,2026-10-09T01:15:00Z,แสวงหา,43,0.0,0.0,0.0,,,True
1791508500,2026-10-09T01:15:00Z,วิเศษชัยชาญ,7,0.0,0.0,0.0,,,True
1791508500,2026-10-09T01:15:00Z,โพธิ์ทอง,48,0.0,0.0,0.0,,,True
1791508500,2026-10-09T01:15:00Z,เมืองลพบุรี,190,0.0,0.0,0.0,,,True
1791508500,2026-10-09T01:15:00Z,เดิมบางนางบวช,130,0.0,0.0,0.0,,,True
1791508500,2026-10-09T01:15:00Z,ด่านช้าง,309,0.0,0.0,0.0,,,True
1791508500,2026-10-09T01:15:00Z,หนองม่วง,111,0.0,0.0,0.0,,,True
1791508500,2026-10-09T01:15:00Z,ลำสนธิ,136,0.0,0.0,0.0,,,True
1791508500,2026-10-09T01:15:00Z,สามชุก,77,0.0,0.0,0.0,,,True
1791508500,2026-10-09T01:15:00Z,ดอนเจดีย์,72,0.0,0.0,0.0,,,True
1791508500,2026-10-09T01:15:00Z,สระโบสถ์,83,0.0,0.0,0.0,,,True
1791508500,2026-10-09T01:15:00Z,ศรีประจันต์,41,0.0,0.0,0.0,,,True
1791508500,2026-10-09T01:15:00Z,โคกเจริญ,135,0.0,0.0,0.0,,,True
1791508500,2026-10-09T01:15:00Z,บ้านหมี่,136,0.0,0.0,0.0,,,True
1791508500,2026-10-09T01:15:00Z,ท่าหลวง,100,0.0,0.0,0.0,,,True
1791508500,2026-10-09T01:15:00Z,ชัยบาดาล,280,0.0,0.0,0.0,,,True
1791508500,2026-10-09T01:15:00Z,ท่าวุ้ง,64,0.0,0.0,0.0,,,True
1791508500,2026-10-09T01:15:00Z,พัฒนานิคม,217,0.0,0.0,0.0,,,True
1791508500,2026-10-09T01:15:00Z,โคกสำโรง,180,0.0,0.0,0.0,,,True
1791508500,2026-10-09T01:15:00Z,หนองหญ้าไซ,108,0.0,0.0,0.0,,,True
1791508500,2026-10-09T01:15:00Z,ท่าช้าง,11,0.0,0.0,0.0,,,True
1791508500,2026-10-09T01:15:00Z,อินทร์บุรี,66,0.0,0.0,0.0,,,True
1791508500,2026-10-09T01:15:00Z,ค่ายบางระจัน,26,0.0,0.0,0.0,,,True
1791508500,2026-10-09T01:15:00Z,พรหมบุรี,19,0.0,0.0,0.0,,,True
1791508500,2026-10-09T01:15:00Z,เนินสง่า,65,0.0,0.0,0.0,,,True
1791508500,2026-10-09T01:15:00Z,เมืองสิงห์บุรี,31,0.0,0.0,0.0,,,True
1791508500,2026-10-09T01:15:00Z,ซับใหญ่,72,0.0,0.0,0.0,,,True
1791508500,2026-10-09T01:15:00Z,บางระจัน,46,0.0,0.0,0.0,,,True
1791508500,2026-10-09T01:15:00Z,ภูกระดึง,190,0.0,0.0,0.0,,,True
1791508500,2026-10-09T01:15:00Z,ภูหลวง,145,0.0,0.0,0.0,,,True
1791508500,2026-10-09T01:15:00Z,หนองหิน,78,0.0,0.0,0.0,,,True
1791508500,2026-10-09T01:15:00Z,ผาขาว,100,0.0,0.0,0.0,,,True
1791508500,2026-10-09T01:15:00Z,เอราวัณ,87,0.0,0.0,0.0,,,True
1791508500,2026-10-09T01:15:00Z,วังสะพุง,281,0.0,0.0,0.0,,,True
1791508500,2026-10-09T01:15:00Z,วังม่วง,70,0.0,0.0,0.0,,,True
1791508500,2026-10-09T01:15:00Z,เฉลิมพระเกียรติ,35,0.0,0.0,0.0,,,True
1791508500,2026-10-09T01:15:00Z,มวกเหล็ก,175,0.0,0.0,0.0,,,True
1791508500,2026-10-09T01:15:00Z,บ้านเขว้า,124,0.0,0.0,0.0,,,True
1791508500,2026-10-09T01:15:00Z,คอนสวรรค์,113,0.0,0.0,0.0,,,True
1791508500,2026-10-09T01:15:00Z,เมืองชัยภูมิ,358,0.0,0.0,0.0,,,True
1791508500,2026-10-09T01:15:00Z,วังทอง,425,0.0,0.0,0.0,,,True
1791508500,2026-10-09T01:15:00Z,เนินมะปราง,276,0.0,0.0,0.0,,,True
1791508500,2026-10-09T01:15:00Z,สวรรคโลก,156,0.0,0.0,0.0,,,True
1791508500,2026-10-09T01:15:00Z,ศรีนคร,46,0.0,0.0,0.0,,,True
1791508500,2026-10-09T01:15:00Z,หันคา,139,0.0,0.0,0.0,,,True
1791508500,2026-10-09T01:15:00Z,ศรีสัชนาลัย,534,0.0,0.0,0.0,,,True
1791508500,2026-10-09T01:15:00Z,หนองมะโมง,76,0.0,0.0,0.0,,,True
1791508500,2026-10-09T01:15:00Z,ศรีสำโรง,142,0.0,0.0,0.0,,,True
1791508500,2026-10-09T01:15:00Z,สรรพยา,55,0.0,0.0,0.0,,,True
1791508500,2026-10-09T01:15:00Z,คีรีมาศ,171,0.0,0.0,0.0,,,True
1791508500,2026-10-09T01:15:00Z,สรรคบุรี,89,0.0,0.0,0.0,,,True
1791508500,2026-10-09T01:15:00Z,กงไกรลาศ,108,0.0,0.0,0.0,,,True
1791508500,2026-10-09T01:15:00Z,มโนรมย์,66,0.0,0.0,0.0,,,True
1791508500,2026-10-09T01:15:00Z,เมืองสุโขทัย,136,0.0,0.0,0.0,,,True
1791508500,2026-10-09T01:15:00Z,วัดสิงห์,67,0.0,0.0,0.0,,,True
1791508500,2026-10-09T01:15:00Z,บ้านด่านลานหอย,231,0.0,0.0,0.0,,,True
1791508500,2026-10-09T01:15:00Z,เมืองชัยนาท,70,0.0,0.0,0.0,,,True
1791508500,2026-10-09T01:15:00Z,เนินขาม,65,0.0,0.0,0.0,,,True
1791508500,2026-10-09T01:15:00Z,คอนสาร,334,0.0,0.0,0.0,,,True
1791508500,2026-10-09T01:15:00Z,ภักดีชุมพล,154,0.0,0.0,0.0,,,True
1791508500,2026-10-09T01:15:00Z,บ้านแท่น,76,0.0,0.0,0.0,,,True
1791508500,2026-10-09T01:15:00Z,แก้งคร้อ,168,0.0,0.0,0.0,,,True
1791508500,2026-10-09T01:15:00Z,ภูเขียว,201,0.0,0.0,0.0,,,True
1791508500,2026-10-09T01:15:00Z,หนองบัวระเหว,179,0.0,0.0,0.0,,,True
1791508500,2026-10-09T01:15:00Z,เทพสถิต,239,0.0,0.0,0.0,,,True
1791508500,2026-10-09T01:15:00Z,จัตุรัส,172,0.0,0.0,0.0,,,True
1791508500,2026-10-09T01:15:00Z,บำเหน็จณรงค์,120,0.0,0.0,0.0,,,True
1791508500,2026-10-09T01:15:00Z,เกษตรสมบูรณ์,268,0.0,0.0,0.0,,,True
1791508500,2026-10-09T01:15:00Z,หนองบัวแดง,537,0.0,0.0,0.0,,,True
1791508500,2026-10-09T01:15:00Z,ภูเรือ,168,0.0,0.0,0.0,,,True
1791508500,2026-10-09T01:15:00Z,ท่าลี่,171,0.0,0.0,0.0,,,True
1791508500,2026-10-09T01:15:00Z,วชิรบารมี,68,0.0,0.0,0.0,,,True
1791508500,2026-10-09T01:15:00Z,ด่านซ้าย,341,0.0,0.0,0.0,,,True
1791508500,2026-10-09T01:15:00Z,นาแห้ว,153,0.0,0.0,0.0,,,True
1791508500,2026-10-09T01:15:00Z,บึงนาราง,74,0.0,0.0,0.0,,,True
1791508500,2026-10-09T01:15:00Z,เชียงคาน,213,0.0,0.0,0.0,,,True
1791508500,2026-10-09T01:15:00Z,ดงเจริญ,56,0.0,0.0,0.0,,,True
1791508500,2026-10-09T01:15:00Z,ปากชม,240,0.0,0.0,0.0,,,True
1791508500,2026-10-09T01:15:00Z,เมืองเลย,314,0.0,0.0,0.0,,,True
1791508500,2026-10-09T01:15:00Z,นาด้วง,143,0.0,0.0,0.0,,,True
1791508500,2026-10-09T01:15:00Z,สากเหล็ก,45,0.0,0.0,0.0,,,True
1791508500,2026-10-09T01:15:00Z,สามง่าม,89,0.0,0.0,0.0,,,True
1791508500,2026-10-09T01:15:00Z,ทับคล้อ,104,0.0,0.0,0.0,,,True
1791508500,2026-10-09T01:15:00Z,พรหมพิราม,206,0.0,0.0,0.0,,,True
1791508500,2026-10-09T01:15:00Z,ด่านขุนทด,344,0.0,0.0,0.0,,,True
1791508500,2026-10-09T01:15:00Z,วัดโบสถ์,226,0.0,0.0,0.0,,,True
1791508500,2026-10-09T01:15:00Z,บางระกำ,246,0.0,0.0,0.0,,,True
1791508500,2026-10-09T01:15:00Z,บางกระทุ่ม,91,0.0,0.0,0.0,,,True
1791508500,2026-10-09T01:15:00Z,นครไทย,597,0.0,0.0,0.0,,,True
1791508500,2026-10-09T01:15:00Z,ชาติตระการ,415,0.0,0.0,0.0,,,True
1791508500,2026-10-09T01:15:00Z,บ้านเหลื่อม,55,0.0,0.0,0.0,,,True
1791508500,2026-10-09T01:15:00Z,เมืองพิษณุโลก,178,0.0,0.0,0.0,,,True
1791508500,2026-10-09T01:15:00Z,ชุมแสง,145,0.0,0.0,0.0,,,True
1791508500,2026-10-09T01:15:00Z,หนองบัว,208,0.0,0.0,0.0,,,True
1791508500,2026-10-09T01:15:00Z,เมืองนครสวรรค์,183,0.0,0.0,0.0,,,True
1791508500,2026-10-09T01:15:00Z,โกรกพระ,71,0.0,0.0,0.0,,,True
1791508500,2026-10-09T01:15:00Z,ไพศาลี,244,0.0,0.0,0.0,,,True
1791508500,2026-10-09T01:15:00Z,ตาคลี,206,0.0,0.0,0.0,,,True
1791508500,2026-10-09T01:15:00Z,ท่าตะโก,211,0.0,0.0,0.0,,,True
1791508500,2026-10-09T01:15:00Z,เขาค้อ,207,0.0,0.0,0.0,,,True
1791508500,2026-10-09T01:15:00Z,บรรพตพิสัย,181,0.0,0.0,0.0,,,True
1791508500,2026-10-09T01:15:00Z,เก้าเลี้ยว,57,0.0,0.0,0.0,,,True
1791508500,2026-10-09T01:15:00Z,วังโป่ง,123,0.0,0.0,0.0,,,True
1791508500,2026-10-09T01:15:00Z,บึงสามพัน,194,0.0,0.0,0.0,,,True
1791508500,2026-10-09T01:15:00Z,น้ำหนาว,231,0.0,0.0,0.0,,,True
1791508500,2026-10-09T01:15:00Z,ศรีเทพ,204,0.0,0.0,0.0,,,True
1791508500,2026-10-09T01:15:00Z,หนองไผ่,315,0.0,0.0,0.0,,,True
1791508500,2026-10-09T01:15:00Z,มหาราช,4,0.0,0.0,0.0,,,False
1791508500,2026-10-09T01:15:00Z,บ้านแพรก,10,0.0,0.0,0.0,,,True
1791508500,2026-10-09T01:15:00Z,บางมูลนาก,99,0.0,0.0,0.0,,,True
1791508500,2026-10-09T01:15:00Z,โพทะเล,131,0.0,0.0,0.0,,,True
1791508500,2026-10-09T01:15:00Z,โพธิ์ประทับช้าง,102,0.0,0.0,0.0,,,True
1791508500,2026-10-09T01:15:00Z,ตะพานหิน,109,0.0,0.0,0.0,,,True
1791508500,2026-10-09T01:15:00Z,เมืองพิจิตร,138,0.0,0.0,0.0,,,True
1791508500,2026-10-09T01:15:00Z,วังทรายพูน,66,0.0,0.0,0.0,,,True
1791509400,2026-10-09T01:30:00Z,พิชัย,176,0.0,0.0,0.0,,,True
1791509400,2026-10-09T01:30:00Z,ลับแล,116,0.0,0.0,0.0,,,True
1791509400,2026-10-09T01:30:00Z,ฟากท่า,163,0.0,0.0,0.0,,,True
1791509400,2026-10-09T01:30:00Z,บ้านโคก,247,0.0,0.0,0.0,,,True
1791509400,2026-10-09T01:30:00Z,ท่าปลา,442,0.0,0.0,0.0,,,True
1791509400,2026-10-09T01:30:00Z,น้ำปาด,363,0.0,0.0,0.0,,,True
1791509400,2026-10-09T01:30:00Z,เมืองอุตรดิตถ์,202,0.0,0.0,0.0,,,True
1791509400,2026-10-09T01:30:00Z,ตรอน,80,0.0,0.0,0.0,,,True
1791509400,2026-10-09T01:30:00Z,หล่มเก่า,246,0.0,0.0,0.0,,,True
1791509400,2026-10-09T01:30:00Z,วิเชียรบุรี,377,0.0,0.0,0.0,,,True
1791509400,2026-10-09T01:30:00Z,ชนแดน,279,0.0,0.0,0.0,,,True
1791509400,2026-10-09T01:30:00Z,หล่มสัก,350,0.0,0.0,0.0,,,True
1791509400,2026-10-09T01:30:00Z,เมืองเพชรบูรณ์,571,0.0,0.0,0.0,,,True
1791509400,2026-10-09T01:30:00Z,ทองแสนขัน,185,0.0,0.0,0.0,,,True
1791509400,2026-10-09T01:30:00Z,บึงสามัคคี,71,0.0,0.0,0.0,,,True
1791509400,2026-10-09T01:30:00Z,โกสัมพีนคร,137,0.0,0.0,0.0,,,True
1791509400,2026-10-09T01:30:00Z,สอง,380,0.0,0.0,0.0,,,True
1791509400,2026-10-09T01:30:00Z,วังชิ้น,255,0.0,0.0,0.0,,,True
1791509400,2026-10-09T01:30:00Z,สูงเม่น,88,0.0,0.0,0.0,,,True
1791509400,2026-10-09T01:30:00Z,เด่นชัย,135,0.0,0.0,0.0,,,True
1791509400,2026-10-09T01:30:00Z,ร้องกวาง,221,0.0,0.0,0.0,,,True
1791509400,2026-10-09T01:30:00Z,ลอง,317,0.0,0.0,0.0,,,True
1791509400,2026-10-09T01:30:00Z,เมืองแพร่,205,0.0,0.0,0.0,,,True
1791509400,2026-10-09T01:30:00Z,ทัพทัน,94,0.0,0.0,0.0,,,True
1791509400,2026-10-09T01:30:00Z,สว่างอารมณ์,110,0.0,0.0,0.0,,,True
1791509400,2026-10-09T01:30:00Z,เมืองอุทัยธานี,59,0.0,0.0,0.0,,,True
1791509400,2026-10-09T01:30:00Z,ห้วยคต,94,0.0,0.0,0.0,,,True
1791509400,2026-10-09T01:30:00Z,ศรีสวัสดิ์,440,0.0,0.0,0.0,,,True
1791509400,2026-10-09T01:30:00Z,บ้านไร่,821,0.004,0.299,0.0317,,15,True
1791509400,2026-10-09T01:30:00Z,ลานสัก,360,0.001,0.299,0.0056,,15,True
1791509400,2026-10-09T01:30:00Z,หนองฉาง,89,0.0,0.0,0.0,,,True
1791509400,2026-10-09T01:30:00Z,หนองขาหย่าง,43,0.0,0.0,0.0,,,True
1791509400,2026-10-09T01:30:00Z,เชียงม่วน,82,0.0,0.0,0.0,,,True
1791509400,2026-10-09T01:30:00Z,ดอกคำใต้,37,0.0,0.0,0.0,,,True
1791509400,2026-10-09T01:30:00Z,เมืองพะเยา,6,0.0,0.0,0.0,,,True
1791509400,2026-10-09T01:30:00Z,ทองผาภูมิ,851,0.006,0.294,0.0494,,15,True
1791509400,2026-10-09T01:30:00Z,สังขละบุรี,793,0.012,0.712,0.0479,,60,True
1791509400,2026-10-09T01:30:00Z,หนองม่วงไข่,35,0.0,0.0,0.0,,,True
1791509400,2026-10-09T01:30:00Z,ภูเวียง,81,0.0,0.0,0.0,,,True
1791509400,2026-10-09T01:30:00Z,มัญจาคีรี,50,0.0,0.0,0.0,,,True
1791509400,2026-10-09T01:30:00Z,หนองปรือ,104,0.0,0.0,0.0,,,True
1791509400,2026-10-09T01:30:00Z,เลาขวัญ,123,0.0,0.0,0.0,,,True
1791509400,2026-10-09T01:30:00Z,หนองนาคำ,43,0.0,0.0,0.0,,,True
1791509400,2026-10-09T01:30:00Z,โคกโพธิ์ไชย,65,0.0,0.0,0.0,,,True
1791509400,2026-10-09T01:30:00Z,บ้านหลวง,91,0.0,0.0,0.0,,,True
1791509400,2026-10-09T01:30:00Z,นาน้อย,266,0.0,0.0,0.0,,,True
1791509400,2026-10-09T01:30:00Z,ภูผาม่าน,74,0.0,0.0,0.0,,,True
1791509400,2026-10-09T01:30:00Z,เมืองน่าน,161,0.0,0.0,0.0,,,True
1791509400,2026-10-09T01:30:00Z,แม่จริม,262,0.0,0.0,0.0,,,True
1791509400,2026-10-09T01:30:00Z,เวียงเก่า,78,0.0,0.0,0.0,,,True
1791509400,2026-10-09T01:30:00Z,เมืองกำแพงเพชร,368,0.0,0.0,0.0,,,True
1791509400,2026-10-09T01:30:00Z,ไทรงาม,133,0.0,0.0,0.0,,,True
1791509400,2026-10-09T01:30:00Z,ปางศิลาทอง,186,0.007,0.413,0.0269,,15,True
1791509400,2026-10-09T01:30:00Z,ลานกระบือ,103,0.0,0.0,0.0,,,True
1791509400,2026-10-09T01:30:00Z,ทรายทองวัฒนา,53,0.0,0.0,0.0,,,True
1791509400,2026-10-09T01:30:00Z,คลองขลุง,179,0.0,0.0,0.0,,,True
1791509400,2026-10-09T01:30:00Z,พรานกระต่าย,252,0.0,0.0,0.0,,,True
1791509400,2026-10-09T01:30:00Z,คลองลาน,363,0.003,0.098,0.0303,,15,True
1791509400,2026-10-09T01:30:00Z,ขาณุวรลักษบุรี,296,0.0,0.0,0.0,,,True
1791509400,2026-10-09T01:30:00Z,ภูเพียง,113,0.0,0.0,0.0,,,True
1791509400,2026-10-09T01:30:00Z,นาหมื่น,245,0.0,0.0,0.0,,,True
1791509400,2026-10-09T01:30:00Z,เวียงสา,543,0.0,0.0,0.0,,,True
1791509400,2026-10-09T01:30:00Z,น้ำโสม,153,0.0,0.0,0.0,,,True
1791509400,2026-10-09T01:30:00Z,นายูง,126,0.0,0.0,0.0,,,True
1791509400,2026-10-09T01:30:00Z,ชุมแพ,173,0.0,0.0,0.0,,,True
1791509400,2026-10-09T01:30:00Z,สีชมพู,132,0.0,0.0,0.0,,,True
1791509400,2026-10-09T01:30:00Z,สุวรรณคูหา,140,0.0,0.0,0.0,,,True
1791509400,2026-10-09T01:30:00Z,นาวัง,65,0.0,0.0,0.0,,,True
1791509400,2026-10-09T01:30:00Z,หนองเรือ,80,0.0,0.0,0.0,,,True
1791509400,2026-10-09T01:30:00Z,โนนสัง,51,0.0,0.0,0.0,,,True
1791509400,2026-10-09T01:30:00Z,ศรีบุญเรือง,224,0.0,0.0,0.0,,,True
1791509400,2026-10-09T01:30:00Z,เมืองหนองบัวลำภู,217,0.0,0.0,0.0,,,True
1791509400,2026-10-09T01:30:00Z,นากลาง,173,0.0,0.0,0.0,,,True
1791509400,2026-10-09T01:30:00Z,ทุ่งเสลี่ยม,144,0.0,0.0,0.0,,,True
1791509400,2026-10-09T01:30:00Z,ดอยหล่อ,56,0.0,0.0,0.0,,,True
1791509400,2026-10-09T01:30:00Z,เมืองตาก,486,0.0,0.0,0.0,,,True
1791509400,2026-10-09T01:30:00Z,แม่ออน,116,0.0,0.0,0.0,,,True
1791509400,2026-10-09T01:30:00Z,อุ้มผาง,1209,0.05,0.994,0.1902,75,15,True
1791509400,2026-10-09T01:30:00Z,วังเจ้า,183,0.0,0.0,0.0,,,True
1791509400,2026-10-09T01:30:00Z,แม่สอด,398,0.0,0.0,0.0,,,True
1791509400,2026-10-09T01:30:00Z,พบพระ,249,0.0,0.0,0.0,,,True
1791509400,2026-10-09T01:30:00Z,แม่ระมาด,380,0.0,0.0,0.0,,,True
1791509400,2026-10-09T01:30:00Z,ท่าสองยาง,401,0.0,0.0,0.0,,,True
1791509400,2026-10-09T01:30:00Z,บ้านตาก,255,0.0,0.0,0.0,,,True
1791509400,2026-10-09T01:30:00Z,สามเงา,698,0.0,0.0,0.0,,,True
1791509400,2026-10-09T01:30:00Z,จอมทอง,280,0.0,0.0,0.0,,,True
1791509400,2026-10-09T01:30:00Z,แก้งสนามนาง,79,0.0,0.0,0.0,,,True
1791509400,2026-10-09T01:30:00Z,สีคิ้ว,292,0.0,0.0,0.0,,,True
1791509400,2026-10-09T01:30:00Z,พระทองคำ,90,0.0,0.0,0.0,,,True
1791509400,2026-10-09T01:30:00Z,เทพารักษ์,92,0.0,0.0,0.0,,,True
1791509400,2026-10-09T01:30:00Z,สันกำแพง,65,0.0,0.0,0.0,,,True
1791509400,2026-10-09T01:30:00Z,สันป่าตอง,44,0.0,0.0,0.0,,,True
1791509400,2026-10-09T01:30:00Z,ดอยเต่า,213,0.0,0.0,0.0,,,True
1791509400,2026-10-09T01:30:00Z,อมก๋อย,704,0.0,0.0,0.0,,,True
1791509400,2026-10-09T01:30:00Z,ฮอด,378,0.0,0.0,0.0,,,True
1791509400,2026-10-09T01:30:00Z,เมืองลำพูน,117,0.0,0.0,0.0,,,True
1791509400,2026-10-09T01:30:00Z,แม่ทา,192,0.0,0.0,0.0,,,True
1791509400,2026-10-09T01:30:00Z,บ้านธิ,34,0.0,0.0,0.0,,,True
1791509400,2026-10-09T01:30:00Z,บ้านหมอ,24,0.0,0.0,0.0,,,True
1791509400,2026-10-09T01:30:00Z,เวียงหนองล่อง,14,0.0,0.0,0.0,,,True
1791509400,2026-10-09T01:30:00Z,ทุ่งหัวช้าง,113,0.0,0.0,0.0,,,True
1791509400,2026-10-09T01:30:00Z,ป่าซาง,74,0.0,0.0,0.0,,,True
1791509400,2026-10-09T01:30:00Z,บ้านโฮ่ง,124,0.0,0.0,0.0,,,True
1791509400,2026-10-09T01:30:00Z,แก่งคอย,73,0.0,0.0,0.0,,,True
1791509400,2026-10-09T01:30:00Z,ลี้,454,0.0,0.0,0.0,,,True
1791509400,2026-10-09T01:30:00Z,พระพุทธบาท,55,0.0,0.0,0.0,,,True
1791509400,2026-10-09T01:30:00Z,ดอนพุด,7,0.0,0.0,0.0,,,True
1791509400,2026-10-09T01:30:00Z,หนองโดน,31,0.0,0.0,0.0,,,True
1791509400,2026-10-09T01:30:00Z,เมืองลำปาง,300,0.0,0.0,0.0,,,True
1791509400,2026-10-09T01:30:00Z,เถิน,443,0.0,0.0,0.0,,,True
1791509400,2026-10-09T01:30:00Z,แม่พริก,167,0.0,0.0,0.0,,,True
1791509400,2026-10-09T01:30:00Z,แจ้ห่ม,274,0.0,0.0,0.0,,,True
1791509400,2026-10-09T01:30:00Z,แม่เปิน,85,0.001,0.098,0.0118,,15,True
1791509400,2026-10-09T01:30:00Z,เสริมงาม,185,0.0,0.0,0.0,,,True
1791509400,2026-10-09T01:30:00Z,ชุมตาบง,61,0.0,0.0,0.0,,,True
1791509400,2026-10-09T01:30:00Z,งาว,344,0.0,0.0,0.0,,,True
1791509400,2026-10-09T01:30:00Z,ตากฟ้า,125,0.0,0.0,0.0,,,True
1791509400,2026-10-09T01:30:00Z,แม่เมาะ,283,0.0,0.0,0.0,,,True
1791509400,2026-10-09T01:30:00Z,แม่วงก์,257,0.078,0.994,0.1829,15,15,True
1791509400,2026-10-09T01:30:00Z,เกาะคา,128,0.0,0.0,0.0,,,True
1791509400,2026-10-09T01:30:00Z,พยุหะคีรี,169,0.0,0.0,0.0,,,True
1791509400,2026-10-09T01:30:00Z,ลาดยาว,187,0.0,0.0,0.0,,,True
1791509400,2026-10-09T01:30:00Z,สบปราบ,125,0.0,0.0,0.0,,,True
1791509400,2026-10-09T01:30:00Z,ห้างฉัตร,154,0.0,0.0,0.0,,,True
1791509400,2026-10-09T01:30:00Z,แม่ทะ,203,0.0,0.0,0.0,,,True
1791509400,2026-10-09T01:30:00Z,เมืองปาน,202,0.0,0.0,0.0,,,True
1791509400,2026-10-09T01:30:00Z,เมืองอ่างทอง,6,0.0,0.0,0.0,,,True
1791509400,2026-10-09T01:30:00Z,ไชโย,20,0.0,0.0,0.0,,,True
1791509400,2026-10-09T01:30:00Z,สามโก้,10,0.0,0.0,0.0,,,True
1791509400,2026-10-09T01:30:00Z,แสวงหา,43,0.0,0.0,0.0,,,True
1791509400,2026-10-09T01:30:00Z,วิเศษชัยชาญ,7,0.0,0.0,0.0,,,True
1791509400,2026-10-09T01:30:00Z,โพธิ์ทอง,48,0.0,0.0,0.0,,,True
1791509400,2026-10-09T01:30:00Z,เมืองลพบุรี,190,0.0,0.0,0.0,,,True
1791509400,2026-10-09T01:30:00Z,เดิมบางนางบวช,130,0.0,0.0,0.0,,,True
1791509400,2026-10-09T01:30:00Z,ด่านช้าง,309,0.0,0.0,0.0,,,True
1791509400,2026-10-09T01:30:00Z,หนองม่วง,111,0.0,0.0,0.0,,,True
1791509400,2026-10-09T01:30:00Z,ลำสนธิ,136,0.0,0.0,0.0,,,True
1791509400,2026-10-09T01:30:00Z,สามชุก,77,0.0,0.0,0.0,,,True
1791509400,2026-10-09T01:30:00Z,ดอนเจดีย์,72,0.0,0.0,0.0,,,True
1791509400,2026-10-09T01:30:00Z,สระโบสถ์,83,0.0,0.0,0.0,,,True
1791509400,2026-10-09T01:30:00Z,ศรีประจันต์,41,0.0,0.0,0.0,,,True
1791509400,2026-10-09T01:30:00Z,โคกเจริญ,135,0.0,0.0,0.0,,,True
1791509400,2026-10-09T01:30:00Z,บ้านหมี่,136,0.0,0.0,0.0,,,True
1791509400,2026-10-09T01:30:00Z,ท่าหลวง,100,0.0,0.0,0.0,,,True
1791509400,2026-10-09T01:30:00Z,ชัยบาดาล,280,0.0,0.0,0.0,,,True
1791509400,2026-10-09T01:30:00Z,ท่าวุ้ง,64,0.0,0.0,0.0,,,True
1791509400,2026-10-09T01:30:00Z,พัฒนานิคม,217,0.0,0.0,0.0,,,True
1791509400,2026-10-09T01:30:00Z,โคกสำโรง,180,0.0,0.0,0.0,,,True
1791509400,2026-10-09T01:30:00Z,หนองหญ้าไซ,108,0.0,0.0,0.0,,,True
1791509400,2026-10-09T01:30:00Z,ท่าช้าง,11,0.0,0.0,0.0,,,True
1791509400,2026-10-09T01:30:00Z,อินทร์บุรี,66,0.0,0.0,0.0,,,True
1791509400,2026-10-09T01:30:00Z,ค่ายบางระจัน,26,0.0,0.0,0.0,,,True
1791509400,2026-10-09T01:30:00Z,พรหมบุรี,19,0.0,0.0,0.0,,,True
1791509400,2026-10-09T01:30:00Z,เนินสง่า,65,0.0,0.0,0.0,,,True
1791509400,2026-10-09T01:30:00Z,เมืองสิงห์บุรี,31,0.0,0.0,0.0,,,True
1791509400,2026-10-09T01:30:00Z,ซับใหญ่,72,0.0,0.0,0.0,,,True
1791509400,2026-10-09T01:30:00Z,บางระจัน,46,0.0,0.0,0.0,,,True
1791509400,2026-10-09T01:30:00Z,ภูกระดึง,190,0.0,0.0,0.0,,,True
1791509400,2026-10-09T01:30:00Z,ภูหลวง,145,0.0,0.0,0.0,,,True
1791509400,2026-10-09T01:30:00Z,หนองหิน,78,0.0,0.0,0.0,,,True
1791509400,2026-10-09T01:30:00Z,ผาขาว,100,0.0,0.0,0.0,,,True
1791509400,2026-10-09T01:30:00Z,เอราวัณ,87,0.0,0.0,0.0,,,True
1791509400,2026-10-09T01:30:00Z,วังสะพุง,281,0.0,0.0,0.0,,,True
1791509400,2026-10-09T01:30:00Z,วังม่วง,70,0.0,0.0,0.0,,,True
1791509400,2026-10-09T01:30:00Z,เฉลิมพระเกียรติ,35,0.0,0.0,0.0,,,True
1791509400,2026-10-09T01:30:00Z,มวกเหล็ก,175,0.0,0.0,0.0,,,True
1791509400,2026-10-09T01:30:00Z,บ้านเขว้า,124,0.0,0.0,0.0,,,True
1791509400,2026-10-09T01:30:00Z,คอนสวรรค์,113,0.0,0.0,0.0,,,True
1791509400,2026-10-09T01:30:00Z,เมืองชัยภูมิ,358,0.0,0.0,0.0,,,True
1791509400,2026-10-09T01:30:00Z,วังทอง,425,0.0,0.0,0.0,,,True
1791509400,2026-10-09T01:30:00Z,เนินมะปราง,276,0.0,0.0,0.0,,,True
1791509400,2026-10-09T01:30:00Z,สวรรคโลก,156,0.0,0.0,0.0,,,True
1791509400,2026-10-09T01:30:00Z,ศรีนคร,46,0.0,0.0,0.0,,,True
1791509400,2026-10-09T01:30:00Z,หันคา,139,0.0,0.0,0.0,,,True
1791509400,2026-10-09T01:30:00Z,ศรีสัชนาลัย,534,0.0,0.0,0.0,,,True
1791509400,2026-10-09T01:30:00Z,หนองมะโมง,76,0.0,0.0,0.0,,,True
1791509400,2026-10-09T01:30:00Z,ศรีสำโรง,142,0.0,0.0,0.0,,,True
1791509400,2026-10-09T01:30:00Z,สรรพยา,55,0.0,0.0,0.0,,,True
1791509400,2026-10-09T01:30:00Z,คีรีมาศ,171,0.0,0.0,0.0,,,True
1791509400,2026-10-09T01:30:00Z,สรรคบุรี,89,0.0,0.0,0.0,,,True
1791509400,2026-10-09T01:30:00Z,กงไกรลาศ,108,0.0,0.0,0.0,,,True
1791509400,2026-10-09T01:30:00Z,มโนรมย์,66,0.0,0.0,0.0,,,True
1791509400,2026-10-09T01:30:00Z,เมืองสุโขทัย,136,0.0,0.0,0.0,,,True
1791509400,2026-10-09T01:30:00Z,วัดสิงห์,67,0.0,0.0,0.0,,,True
1791509400,2026-10-09T01:30:00Z,บ้านด่านลานหอย,231,0.0,0.0,0.0,,,True
1791509400,2026-10-09T01:30:00Z,เมืองชัยนาท,70,0.0,0.0,0.0,,,True
1791509400,2026-10-09T01:30:00Z,เนินขาม,65,0.0,0.0,0.0,,,True
1791509400,2026-10-09T01:30:00Z,คอนสาร,334,0.0,0.0,0.0,,,True
1791509400,2026-10-09T01:30:00Z,ภักดีชุมพล,154,0.0,0.0,0.0,,,True
1791509400,2026-10-09T01:30:00Z,บ้านแท่น,76,0.0,0.0,0.0,,,True
1791509400,2026-10-09T01:30:00Z,แก้งคร้อ,168,0.0,0.0,0.0,,,True
1791509400,2026-10-09T01:30:00Z,ภูเขียว,201,0.0,0.0,0.0,,,True
1791509400,2026-10-09T01:30:00Z,หนองบัวระเหว,179,0.0,0.0,0.0,,,True
1791509400,2026-10-09T01:30:00Z,เทพสถิต,239,0.0,0.0,0.0,,,True
1791509400,2026-10-09T01:30:00Z,จัตุรัส,172,0.0,0.0,0.0,,,True
1791509400,2026-10-09T01:30:00Z,บำเหน็จณรงค์,120,0.0,0.0,0.0,,,True
1791509400,2026-10-09T01:30:00Z,เกษตรสมบูรณ์,268,0.0,0.0,0.0,,,True
1791509400,2026-10-09T01:30:00Z,หนองบัวแดง,537,0.0,0.0,0.0,,,True
1791509400,2026-10-09T01:30:00Z,ภูเรือ,168,0.0,0.0,0.0,,,True
1791509400,2026-10-09T01:30:00Z,ท่าลี่,171,0.0,0.0,0.0,,,True
1791509400,2026-10-09T01:30:00Z,วชิรบารมี,68,0.0,0.0,0.0,,,True
1791509400,2026-10-09T01:30:00Z,ด่านซ้าย,341,0.0,0.0,0.0,,,True
1791509400,2026-10-09T01:30:00Z,นาแห้ว,153,0.0,0.0,0.0,,,True
1791509400,2026-10-09T01:30:00Z,บึงนาราง,74,0.0,0.0,0.0,,,True
1791509400,2026-10-09T01:30:00Z,เชียงคาน,213,0.0,0.0,0.0,,,True
1791509400,2026-10-09T01:30:00Z,ดงเจริญ,56,0.0,0.0,0.0,,,True
1791509400,2026-10-09T01:30:00Z,ปากชม,240,0.0,0.0,0.0,,,True
1791509400,2026-10-09T01:30:00Z,เมืองเลย,314,0.0,0.0,0.0,,,True
1791509400,2026-10-09T01:30:00Z,นาด้วง,143,0.0,0.0,0.0,,,True
1791509400,2026-10-09T01:30:00Z,สากเหล็ก,45,0.0,0.0,0.0,,,True
1791509400,2026-10-09T01:30:00Z,สามง่าม,89,0.0,0.0,0.0,,,True
1791509400,2026-10-09T01:30:00Z,ทับคล้อ,104,0.0,0.0,0.0,,,True
1791509400,2026-10-09T01:30:00Z,พรหมพิราม,206,0.0,0.0,0.0,,,True
1791509400,2026-10-09T01:30:00Z,ด่านขุนทด,344,0.0,0.0,0.0,,,True
1791509400,2026-10-09T01:30:00Z,วัดโบสถ์,226,0.0,0.0,0.0,,,True
1791509400,2026-10-09T01:30:00Z,บางระกำ,246,0.0,0.0,0.0,,,True
1791509400,2026-10-09T01:30:00Z,บางกระทุ่ม,91,0.0,0.0,0.0,,,True
1791509400,2026-10-09T01:30:00Z,นครไทย,597,0.0,0.0,0.0,,,True
1791509400,2026-10-09T01:30:00Z,ชาติตระการ,415,0.0,0.0,0.0,,,True
1791509400,2026-10-09T01:30:00Z,บ้านเหลื่อม,55,0.0,0.0,0.0,,,True
1791509400,2026-10-09T01:30:00Z,เมืองพิษณุโลก,178,0.0,0.0,0.0,,,True
1791509400,2026-10-09T01:30:00Z,ชุมแสง,145,0.0,0.0,0.0,,,True
1791509400,2026-10-09T01:30:00Z,หนองบัว,208,0.0,0.0,0.0,,,True
1791509400,2026-10-09T01:30:00Z,เมืองนครสวรรค์,183,0.0,0.0,0.0,,,True
1791509400,2026-10-09T01:30:00Z,โกรกพระ,71,0.0,0.0,0.0,,,True
1791509400,2026-10-09T01:30:00Z,ไพศาลี,244,0.0,0.0,0.0,,,True
1791509400,2026-10-09T01:30:00Z,ตาคลี,206,0.0,0.0,0.0,,,True
1791509400,2026-10-09T01:30:00Z,ท่าตะโก,211,0.0,0.0,0.0,,,True
1791509400,2026-10-09T01:30:00Z,เขาค้อ,207,0.0,0.0,0.0,,,True
1791509400,2026-10-09T01:30:00Z,บรรพตพิสัย,181,0.0,0.0,0.0,,,True
1791509400,2026-10-09T01:30:00Z,เก้าเลี้ยว,57,0.0,0.0,0.0,,,True
1791509400,2026-10-09T01:30:00Z,วังโป่ง,123,0.0,0.0,0.0,,,True
1791509400,2026-10-09T01:30:00Z,บึงสามพัน,194,0.0,0.0,0.0,,,True
1791509400,2026-10-09T01:30:00Z,น้ำหนาว,231,0.0,0.0,0.0,,,True
1791509400,2026-10-09T01:30:00Z,ศรีเทพ,204,0.0,0.0,0.0,,,True
1791509400,2026-10-09T01:30:00Z,หนองไผ่,315,0.0,0.0,0.0,,,True
1791509400,2026-10-09T01:30:00Z,มหาราช,4,0.0,0.0,0.0,,,False
1791509400,2026-10-09T01:30:00Z,บ้านแพรก,10,0.0,0.0,0.0,,,True
1791509400,2026-10-09T01:30:00Z,บางมูลนาก,99,0.0,0.0,0.0,,,True
1791509400,2026-10-09T01:30:00Z,โพทะเล,131,0.0,0.0,0.0,,,True
1791509400,2026-10-09T01:30:00Z,โพธิ์ประทับช้าง,102,0.0,0.0,0.0,,,True
1791509400,2026-10-09T01:30:00Z,ตะพานหิน,109,0.0,0.0,0.0,,,True
1791509400,2026-10-09T01:30:00Z,เมืองพิจิตร,138,0.0,0.0,0.0,,,True
1791509400,2026-10-09T01:30:00Z,วังทรายพูน,66,0.0,0.0,0.0,,,True
1791510300,2026-10-09T01:45:00Z,พิชัย,176,0.0,0.0,0.0,,,True
1791510300,2026-10-09T01:45:00Z,ลับแล,116,0.0,0.0,0.0,,,True
1791510300,2026-10-09T01:45:00Z,ฟากท่า,163,0.0,0.0,0.0,,,True
1791510300,2026-10-09T01:45:00Z,บ้านโคก,247,0.0,0.0,0.0,,,True
1791510300,2026-10-09T01:45:00Z,ท่าปลา,442,0.0,0.0,0.0,,,True
1791510300,2026-10-09T01:45:00Z,น้ำปาด,363,0.0,0.0,0.0,,,True
1791510300,2026-10-09T01:45:00Z,เมืองอุตรดิตถ์,202,0.0,0.0,0.0,,,True
1791510300,2026-10-09T01:45:00Z,ตรอน,80,0.0,0.0,0.0,,,True
1791510300,2026-10-09T01:45:00Z,หล่มเก่า,246,0.0,0.0,0.0,,,True
1791510300,2026-10-09T01:45:00Z,วิเชียรบุรี,377,0.0,0.0,0.0,,,True
1791510300,2026-10-09T01:45:00Z,ชนแดน,279,0.0,0.0,0.0,,,True
1791510300,2026-10-09T01:45:00Z,หล่มสัก,350,0.0,0.0,0.0,,,True
1791510300,2026-10-09T01:45:00Z,เมืองเพชรบูรณ์,571,0.0,0.0,0.0,,,True
1791510300,2026-10-09T01:45:00Z,ทองแสนขัน,185,0.0,0.0,0.0,,,True
1791510300,2026-10-09T01:45:00Z,บึงสามัคคี,71,0.0,0.0,0.0,,,True
1791510300,2026-10-09T01:45:00Z,โกสัมพีนคร,137,0.0,0.0,0.0,,,True
1791510300,2026-10-09T01:45:00Z,สอง,380,0.0,0.0,0.0,,,True
1791510300,2026-10-09T01:45:00Z,วังชิ้น,255,0.0,0.0,0.0,,,True
1791510300,2026-10-09T01:45:00Z,สูงเม่น,88,0.0,0.0,0.0,,,True
1791510300,2026-10-09T01:45:00Z,เด่นชัย,135,0.0,0.0,0.0,,,True
1791510300,2026-10-09T01:45:00Z,ร้องกวาง,221,0.0,0.0,0.0,,,True
1791510300,2026-10-09T01:45:00Z,ลอง,317,0.0,0.0,0.0,,,True
1791510300,2026-10-09T01:45:00Z,เมืองแพร่,205,0.0,0.0,0.0,,,True
1791510300,2026-10-09T01:45:00Z,ทัพทัน,94,0.0,0.0,0.0,,,True
1791510300,2026-10-09T01:45:00Z,สว่างอารมณ์,110,0.0,0.0,0.0,,,True
1791510300,2026-10-09T01:45:00Z,เมืองอุทัยธานี,59,0.0,0.0,0.0,,,True
1791510300,2026-10-09T01:45:00Z,ห้วยคต,94,0.0,0.0,0.0,,,True
1791510300,2026-10-09T01:45:00Z,ศรีสวัสดิ์,440,0.0,0.0,0.0,,,True
1791510300,2026-10-09T01:45:00Z,บ้านไร่,821,0.001,0.098,0.0097,,15,True
1791510300,2026-10-09T01:45:00Z,ลานสัก,360,0.0,0.0,0.0,,,True
1791510300,2026-10-09T01:45:00Z,หนองฉาง,89,0.0,0.0,0.0,,,True
1791510300,2026-10-09T01:45:00Z,หนองขาหย่าง,43,0.0,0.0,0.0,,,True
1791510300,2026-10-09T01:45:00Z,เชียงม่วน,82,0.0,0.0,0.0,,,True
1791510300,2026-10-09T01:45:00Z,ดอกคำใต้,37,0.0,0.0,0.0,,,True
1791510300,2026-10-09T01:45:00Z,เมืองพะเยา,6,0.0,0.0,0.0,,,True
1791510300,2026-10-09T01:45:00Z,ทองผาภูมิ,851,0.007,0.196,0.0576,,15,True
1791510300,2026-10-09T01:45:00Z,สังขละบุรี,793,0.004,0.201,0.0353,,60,True
1791510300,2026-10-09T01:45:00Z,หนองม่วงไข่,35,0.0,0.0,0.0,,,True
1791510300,2026-10-09T01:45:00Z,ภูเวียง,81,0.0,0.0,0.0,,,True
1791510300,2026-10-09T01:45:00Z,มัญจาคีรี,50,0.0,0.0,0.0,,,True
1791510300,2026-10-09T01:45:00Z,หนองปรือ,104,0.0,0.0,0.0,,,True
1791510300,2026-10-09T01:45:00Z,เลาขวัญ,123,0.0,0.0,0.0,,,True
1791510300,2026-10-09T01:45:00Z,หนองนาคำ,43,0.0,0.0,0.0,,,True
1791510300,2026-10-09T01:45:00Z,โคกโพธิ์ไชย,65,0.0,0.0,0.0,,,True
1791510300,2026-10-09T01:45:00Z,บ้านหลวง,91,0.0,0.0,0.0,,,True
1791510300,2026-10-09T01:45:00Z,นาน้อย,266,0.0,0.0,0.0,,,True
1791510300,2026-10-09T01:45:00Z,ภูผาม่าน,74,0.0,0.0,0.0,,,True
1791510300,2026-10-09T01:45:00Z,เมืองน่าน,161,0.0,0.0,0.0,,,True
1791510300,2026-10-09T01:45:00Z,แม่จริม,262,0.0,0.0,0.0,,,True
1791510300,2026-10-09T01:45:00Z,เวียงเก่า,78,0.0,0.0,0.0,,,True
1791510300,2026-10-09T01:45:00Z,เมืองกำแพงเพชร,368,0.0,0.0,0.0,,,True
1791510300,2026-10-09T01:45:00Z,ไทรงาม,133,0.0,0.0,0.0,,,True
1791510300,2026-10-09T01:45:00Z,ปางศิลาทอง,186,0.0,0.0,0.0,,,True
1791510300,2026-10-09T01:45:00Z,ลานกระบือ,103,0.0,0.0,0.0,,,True
1791510300,2026-10-09T01:45:00Z,ทรายทองวัฒนา,53,0.0,0.0,0.0,,,True
1791510300,2026-10-09T01:45:00Z,คลองขลุง,179,0.0,0.0,0.0,,,True
1791510300,2026-10-09T01:45:00Z,พรานกระต่าย,252,0.0,0.0,0.0,,,True
1791510300,2026-10-09T01:45:00Z,คลองลาน,363,0.006,0.201,0.0468,,15,True
1791510300,2026-10-09T01:45:00Z,ขาณุวรลักษบุรี,296,0.0,0.0,0.0,,,True
1791510300,2026-10-09T01:45:00Z,ภูเพียง,113,0.0,0.0,0.0,,,True
1791510300,2026-10-09T01:45:00Z,นาหมื่น,245,0.0,0.0,0.0,,,True
1791510300,2026-10-09T01:45:00Z,เวียงสา,543,0.0,0.0,0.0,,,True
1791510300,2026-10-09T01:45:00Z,น้ำโสม,153,0.0,0.0,0.0,,,True
1791510300,2026-10-09T01:45:00Z,นายูง,126,0.0,0.0,0.0,,,True
1791510300,2026-10-09T01:45:00Z,ชุมแพ,173,0.0,0.0,0.0,,,True
1791510300,2026-10-09T01:45:00Z,สีชมพู,132,0.0,0.0,0.0,,,True
1791510300,2026-10-09T01:45:00Z,สุวรรณคูหา,140,0.0,0.0,0.0,,,True
1791510300,2026-10-09T01:45:00Z,นาวัง,65,0.0,0.0,0.0,,,True
1791510300,2026-10-09T01:45:00Z,หนองเรือ,80,0.0,0.0,0.0,,,True
1791510300,2026-10-09T01:45:00Z,โนนสัง,51,0.0,0.0,0.0,,,True
1791510300,2026-10-09T01:45:00Z,ศรีบุญเรือง,224,0.0,0.0,0.0,,,True
1791510300,2026-10-09T01:45:00Z,เมืองหนองบัวลำภู,217,0.0,0.0,0.0,,,True
1791510300,2026-10-09T01:45:00Z,นากลาง,173,0.0,0.0,0.0,,,True
1791510300,2026-10-09T01:45:00Z,ทุ่งเสลี่ยม,144,0.0,0.0,0.0,,,True
1791510300,2026-10-09T01:45:00Z,ดอยหล่อ,56,0.0,0.0,0.0,,,True
1791510300,2026-10-09T01:45:00Z,เมืองตาก,486,0.0,0.0,0.0,,,True
1791510300,2026-10-09T01:45:00Z,แม่ออน,116,0.0,0.0,0.0,,,True
1791510300,2026-10-09T01:45:00Z,อุ้มผาง,1209,0.044,1.641,0.0968,,15,True
1791510300,2026-10-09T01:45:00Z,วังเจ้า,183,0.0,0.0,0.0,,,True
1791510300,2026-10-09T01:45:00Z,แม่สอด,398,0.0,0.0,0.0,,,True
1791510300,2026-10-09T01:45:00Z,พบพระ,249,0.0,0.0,0.0,,,True
1791510300,2026-10-09T01:45:00Z,แม่ระมาด,380,0.0,0.0,0.0,,,True
1791510300,2026-10-09T01:45:00Z,ท่าสองยาง,401,0.0,0.0,0.0,,,True
1791510300,2026-10-09T01:45:00Z,บ้านตาก,255,0.0,0.0,0.0,,,True
1791510300,2026-10-09T01:45:00Z,สามเงา,698,0.0,0.0,0.0,,,True
1791510300,2026-10-09T01:45:00Z,จอมทอง,280,0.0,0.0,0.0,,,True
1791510300,2026-10-09T01:45:00Z,แก้งสนามนาง,79,0.0,0.0,0.0,,,True
1791510300,2026-10-09T01:45:00Z,สีคิ้ว,292,0.0,0.0,0.0,,,True
1791510300,2026-10-09T01:45:00Z,พระทองคำ,90,0.0,0.0,0.0,,,True
1791510300,2026-10-09T01:45:00Z,เทพารักษ์,92,0.0,0.0,0.0,,,True
1791510300,2026-10-09T01:45:00Z,สันกำแพง,65,0.0,0.0,0.0,,,True
1791510300,2026-10-09T01:45:00Z,สันป่าตอง,44,0.0,0.0,0.0,,,True
1791510300,2026-10-09T01:45:00Z,ดอยเต่า,213,0.0,0.0,0.0,,,True
1791510300,2026-10-09T01:45:00Z,อมก๋อย,704,0.0,0.0,0.0,,,True
1791510300,2026-10-09T01:45:00Z,ฮอด,378,0.0,0.0,0.0,,,True
1791510300,2026-10-09T01:45:00Z,เมืองลำพูน,117,0.0,0.0,0.0,,,True
1791510300,2026-10-09T01:45:00Z,แม่ทา,192,0.0,0.0,0.0,,,True
1791510300,2026-10-09T01:45:00Z,บ้านธิ,34,0.0,0.0,0.0,,,True
1791510300,2026-10-09T01:45:00Z,บ้านหมอ,24,0.0,0.0,0.0,,,True
1791510300,2026-10-09T01:45:00Z,เวียงหนองล่อง,14,0.0,0.0,0.0,,,True
1791510300,2026-10-09T01:45:00Z,ทุ่งหัวช้าง,113,0.0,0.0,0.0,,,True
1791510300,2026-10-09T01:45:00Z,ป่าซาง,74,0.0,0.0,0.0,,,True
1791510300,2026-10-09T01:45:00Z,บ้านโฮ่ง,124,0.0,0.0,0.0,,,True
1791510300,2026-10-09T01:45:00Z,แก่งคอย,73,0.0,0.0,0.0,,,True
1791510300,2026-10-09T01:45:00Z,ลี้,454,0.0,0.0,0.0,,,True
1791510300,2026-10-09T01:45:00Z,พระพุทธบาท,55,0.0,0.0,0.0,,,True
1791510300,2026-10-09T01:45:00Z,ดอนพุด,7,0.0,0.0,0.0,,,True
1791510300,2026-10-09T01:45:00Z,หนองโดน,31,0.0,0.0,0.0,,,True
1791510300,2026-10-09T01:45:00Z,เมืองลำปาง,300,0.0,0.0,0.0,,,True
1791510300,2026-10-09T01:45:00Z,เถิน,443,0.0,0.0,0.0,,,True
1791510300,2026-10-09T01:45:00Z,แม่พริก,167,0.0,0.0,0.0,,,True
1791510300,2026-10-09T01:45:00Z,แจ้ห่ม,274,0.0,0.0,0.0,,,True
1791510300,2026-10-09T01:45:00Z,แม่เปิน,85,0.0,0.0,0.0,,,True
1791510300,2026-10-09T01:45:00Z,เสริมงาม,185,0.0,0.0,0.0,,,True
1791510300,2026-10-09T01:45:00Z,ชุมตาบง,61,0.0,0.0,0.0,,,True
1791510300,2026-10-09T01:45:00Z,งาว,344,0.0,0.0,0.0,,,True
1791510300,2026-10-09T01:45:00Z,ตากฟ้า,125,0.0,0.0,0.0,,,True
1791510300,2026-10-09T01:45:00Z,แม่เมาะ,283,0.0,0.0,0.0,,,True
1791510300,2026-10-09T01:45:00Z,แม่วงก์,257,0.075,1.641,0.0973,,15,True
1791510300,2026-10-09T01:45:00Z,เกาะคา,128,0.0,0.0,0.0,,,True
1791510300,2026-10-09T01:45:00Z,พยุหะคีรี,169,0.0,0.0,0.0,,,True
1791510300,2026-10-09T01:45:00Z,ลาดยาว,187,0.0,0.0,0.0,,,True
1791510300,2026-10-09T01:45:00Z,สบปราบ,125,0.0,0.0,0.0,,,True
1791510300,2026-10-09T01:45:00Z,ห้างฉัตร,154,0.0,0.0,0.0,,,True
1791510300,2026-10-09T01:45:00Z,แม่ทะ,203,0.0,0.0,0.0,,,True
1791510300,2026-10-09T01:45:00Z,เมืองปาน,202,0.0,0.0,0.0,,,True
1791510300,2026-10-09T01:45:00Z,เมืองอ่างทอง,6,0.0,0.0,0.0,,,True
1791510300,2026-10-09T01:45:00Z,ไชโย,20,0.0,0.0,0.0,,,True
1791510300,2026-10-09T01:45:00Z,สามโก้,10,0.0,0.0,0.0,,,True
1791510300,2026-10-09T01:45:00Z,แสวงหา,43,0.0,0.0,0.0,,,True
1791510300,2026-10-09T01:45:00Z,วิเศษชัยชาญ,7,0.0,0.0,0.0,,,True
1791510300,2026-10-09T01:45:00Z,โพธิ์ทอง,48,0.0,0.0,0.0,,,True
1791510300,2026-10-09T01:45:00Z,เมืองลพบุรี,190,0.0,0.0,0.0,,,True
1791510300,2026-10-09T01:45:00Z,เดิมบางนางบวช,130,0.0,0.0,0.0,,,True
1791510300,2026-10-09T01:45:00Z,ด่านช้าง,309,0.0,0.0,0.0,,,True
1791510300,2026-10-09T01:45:00Z,หนองม่วง,111,0.0,0.0,0.0,,,True
1791510300,2026-10-09T01:45:00Z,ลำสนธิ,136,0.0,0.0,0.0,,,True
1791510300,2026-10-09T01:45:00Z,สามชุก,77,0.0,0.0,0.0,,,True
1791510300,2026-10-09T01:45:00Z,ดอนเจดีย์,72,0.0,0.0,0.0,,,True
1791510300,2026-10-09T01:45:00Z,สระโบสถ์,83,0.0,0.0,0.0,,,True
1791510300,2026-10-09T01:45:00Z,ศรีประจันต์,41,0.0,0.0,0.0,,,True
1791510300,2026-10-09T01:45:00Z,โคกเจริญ,135,0.0,0.0,0.0,,,True
1791510300,2026-10-09T01:45:00Z,บ้านหมี่,136,0.0,0.0,0.0,,,True
1791510300,2026-10-09T01:45:00Z,ท่าหลวง,100,0.0,0.0,0.0,,,True
1791510300,2026-10-09T01:45:00Z,ชัยบาดาล,280,0.0,0.0,0.0,,,True
1791510300,2026-10-09T01:45:00Z,ท่าวุ้ง,64,0.0,0.0,0.0,,,True
1791510300,2026-10-09T01:45:00Z,พัฒนานิคม,217,0.0,0.0,0.0,,,True
1791510300,2026-10-09T01:45:00Z,โคกสำโรง,180,0.0,0.0,0.0,,,True
1791510300,2026-10-09T01:45:00Z,หนองหญ้าไซ,108,0.0,0.0,0.0,,,True
1791510300,2026-10-09T01:45:00Z,ท่าช้าง,11,0.0,0.0,0.0,,,True
1791510300,2026-10-09T01:45:00Z,อินทร์บุรี,66,0.0,0.0,0.0,,,True
1791510300,2026-10-09T01:45:00Z,ค่ายบางระจัน,26,0.0,0.0,0.0,,,True
1791510300,2026-10-09T01:45:00Z,พรหมบุรี,19,0.0,0.0,0.0,,,True
1791510300,2026-10-09T01:45:00Z,เนินสง่า,65,0.0,0.0,0.0,,,True
1791510300,2026-10-09T01:45:00Z,เมืองสิงห์บุรี,31,0.0,0.0,0.0,,,True
1791510300,2026-10-09T01:45:00Z,ซับใหญ่,72,0.0,0.0,0.0,,,True
1791510300,2026-10-09T01:45:00Z,บางระจัน,46,0.0,0.0,0.0,,,True
1791510300,2026-10-09T01:45:00Z,ภูกระดึง,190,0.0,0.0,0.0,,,True
1791510300,2026-10-09T01:45:00Z,ภูหลวง,145,0.0,0.0,0.0,,,True
1791510300,2026-10-09T01:45:00Z,หนองหิน,78,0.0,0.0,0.0,,,True
1791510300,2026-10-09T01:45:00Z,ผาขาว,100,0.0,0.0,0.0,,,True
1791510300,2026-10-09T01:45:00Z,เอราวัณ,87,0.0,0.0,0.0,,,True
1791510300,2026-10-09T01:45:00Z,วังสะพุง,281,0.0,0.0,0.0,,,True
1791510300,2026-10-09T01:45:00Z,วังม่วง,70,0.0,0.0,0.0,,,True
1791510300,2026-10-09T01:45:00Z,เฉลิมพระเกียรติ,35,0.0,0.0,0.0,,,True
1791510300,2026-10-09T01:45:00Z,มวกเหล็ก,175,0.0,0.0,0.0,,,True
1791510300,2026-10-09T01:45:00Z,บ้านเขว้า,124,0.0,0.0,0.0,,,True
1791510300,2026-10-09T01:45:00Z,คอนสวรรค์,113,0.0,0.0,0.0,,,True
1791510300,2026-10-09T01:45:00Z,เมืองชัยภูมิ,358,0.0,0.0,0.0,,,True
1791510300,2026-10-09T01:45:00Z,วังทอง,425,0.0,0.0,0.0,,,True
1791510300,2026-10-09T01:45:00Z,เนินมะปราง,276,0.0,0.0,0.0,,,True
1791510300,2026-10-09T01:45:00Z,สวรรคโลก,156,0.0,0.0,0.0,,,True
1791510300,2026-10-09T01:45:00Z,ศรีนคร,46,0.0,0.0,0.0,,,True
1791510300,2026-10-09T01:45:00Z,หันคา,139,0.0,0.0,0.0,,,True
1791510300,2026-10-09T01:45:00Z,ศรีสัชนาลัย,534,0.0,0.0,0.0,,,True
1791510300,2026-10-09T01:45:00Z,หนองมะโมง,76,0.0,0.0,0.0,,,True
1791510300,2026-10-09T01:45:00Z,ศรีสำโรง,142,0.0,0.0,0.0,,,True
1791510300,2026-10-09T01:45:00Z,สรรพยา,55,0.0,0.0,0.0,,,True
1791510300,2026-10-09T01:45:00Z,คีรีมาศ,171,0.0,0.0,0.0,,,True
1791510300,2026-10-09T01:45:00Z,สรรคบุรี,89,0.0,0.0,0.0,,,True
1791510300,2026-10-09T01:45:00Z,กงไกรลาศ,108,0.0,0.0,0.0,,,True
1791510300,2026-10-09T01:45:00Z,มโนรมย์,66,0.0,0.0,0.0,,,True
1791510300,2026-10-09T01:45:00Z,เมืองสุโขทัย,136,0.0,0.0,0.0,,,True
1791510300,2026-10-09T01:45:00Z,วัดสิงห์,67,0.0,0.0,0.0,,,True
1791510300,2026-10-09T01:45:00Z,บ้านด่านลานหอย,231,0.0,0.0,0.0,,,True
1791510300,2026-10-09T01:45:00Z,เมืองชัยนาท,70,0.0,0.0,0.0,,,True
1791510300,2026-10-09T01:45:00Z,เนินขาม,65,0.0,0.0,0.0,,,True
1791510300,2026-10-09T01:45:00Z,คอนสาร,334,0.0,0.0,0.0,,,True
1791510300,2026-10-09T01:45:00Z,ภักดีชุมพล,154,0.0,0.0,0.0,,,True
1791510300,2026-10-09T01:45:00Z,บ้านแท่น,76,0.0,0.0,0.0,,,True
1791510300,2026-10-09T01:45:00Z,แก้งคร้อ,168,0.0,0.0,0.0,,,True
1791510300,2026-10-09T01:45:00Z,ภูเขียว,201,0.0,0.0,0.0,,,True
1791510300,2026-10-09T01:45:00Z,หนองบัวระเหว,179,0.0,0.0,0.0,,,True
1791510300,2026-10-09T01:45:00Z,เทพสถิต,239,0.0,0.0,0.0,,,True
1791510300,2026-10-09T01:45:00Z,จัตุรัส,172,0.0,0.0,0.0,,,True
1791510300,2026-10-09T01:45:00Z,บำเหน็จณรงค์,120,0.0,0.0,0.0,,,True
1791510300,2026-10-09T01:45:00Z,เกษตรสมบูรณ์,268,0.0,0.0,0.0,,,True
1791510300,2026-10-09T01:45:00Z,หนองบัวแดง,537,0.0,0.0,0.0,,,True
1791510300,2026-10-09T01:45:00Z,ภูเรือ,168,0.0,0.0,0.0,,,True
1791510300,2026-10-09T01:45:00Z,ท่าลี่,171,0.0,0.0,0.0,,,True
1791510300,2026-10-09T01:45:00Z,วชิรบารมี,68,0.0,0.0,0.0,,,True
1791510300,2026-10-09T01:45:00Z,ด่านซ้าย,341,0.0,0.0,0.0,,,True
1791510300,2026-10-09T01:45:00Z,นาแห้ว,153,0.0,0.0,0.0,,,True
1791510300,2026-10-09T01:45:00Z,บึงนาราง,74,0.0,0.0,0.0,,,True
1791510300,2026-10-09T01:45:00Z,เชียงคาน,213,0.0,0.0,0.0,,,True
1791510300,2026-10-09T01:45:00Z,ดงเจริญ,56,0.0,0.0,0.0,,,True
1791510300,2026-10-09T01:45:00Z,ปากชม,240,0.0,0.0,0.0,,,True
1791510300,2026-10-09T01:45:00Z,เมืองเลย,314,0.0,0.0,0.0,,,True
1791510300,2026-10-09T01:45:00Z,นาด้วง,143,0.0,0.0,0.0,,,True
1791510300,2026-10-09T01:45:00Z,สากเหล็ก,45,0.0,0.0,0.0,,,True
1791510300,2026-10-09T01:45:00Z,สามง่าม,89,0.0,0.0,0.0,,,True
1791510300,2026-10-09T01:45:00Z,ทับคล้อ,104,0.0,0.0,0.0,,,True
1791510300,2026-10-09T01:45:00Z,พรหมพิราม,206,0.0,0.0,0.0,,,True
1791510300,2026-10-09T01:45:00Z,ด่านขุนทด,344,0.0,0.0,0.0,,,True
1791510300,2026-10-09T01:45:00Z,วัดโบสถ์,226,0.0,0.0,0.0,,,True
1791510300,2026-10-09T01:45:00Z,บางระกำ,246,0.0,0.0,0.0,,,True
1791510300,2026-10-09T01:45:00Z,บางกระทุ่ม,91,0.0,0.0,0.0,,,True
1791510300,2026-10-09T01:45:00Z,นครไทย,597,0.0,0.0,0.0,,,True
1791510300,2026-10-09T01:45:00Z,ชาติตระการ,415,0.0,0.0,0.0,,,True
1791510300,2026-10-09T01:45:00Z,บ้านเหลื่อม,55,0.0,0.0,0.0,,,True
1791510300,2026-10-09T01:45:00Z,เมืองพิษณุโลก,178,0.0,0.0,0.0,,,True
1791510300,2026-10-09T01:45:00Z,ชุมแสง,145,0.0,0.0,0.0,,,True
1791510300,2026-10-09T01:45:00Z,หนองบัว,208,0.0,0.0,0.0,,,True
1791510300,2026-10-09T01:45:00Z,เมืองนครสวรรค์,183,0.0,0.0,0.0,,,True
1791510300,2026-10-09T01:45:00Z,โกรกพระ,71,0.0,0.0,0.0,,,True
1791510300,2026-10-09T01:45:00Z,ไพศาลี,244,0.0,0.0,0.0,,,True
1791510300,2026-10-09T01:45:00Z,ตาคลี,206,0.0,0.0,0.0,,,True
1791510300,2026-10-09T01:45:00Z,ท่าตะโก,211,0.0,0.0,0.0,,,True
1791510300,2026-10-09T01:45:00Z,เขาค้อ,207,0.0,0.0,0.0,,,True
1791510300,2026-10-09T01:45:00Z,บรรพตพิสัย,181,0.0,0.0,0.0,,,True
1791510300,2026-10-09T01:45:00Z,เก้าเลี้ยว,57,0.0,0.0,0.0,,,True
1791510300,2026-10-09T01:45:00Z,วังโป่ง,123,0.0,0.0,0.0,,,True
1791510300,2026-10-09T01:45:00Z,บึงสามพัน,194,0.0,0.0,0.0,,,True
1791510300,2026-10-09T01:45:00Z,น้ำหนาว,231,0.0,0.0,0.0,,,True
1791510300,2026-10-09T01:45:00Z,ศรีเทพ,204,0.0,0.0,0.0,,,True
1791510300,2026-10-09T01:45:00Z,หนองไผ่,315,0.0,0.0,0.0,,,True
1791510300,2026-10-09T01:45:00Z,มหาราช,4,0.0,0.0,0.0,,,False
1791510300,2026-10-09T01:45:00Z,บ้านแพรก,10,0.0,0.0,0.0,,,True
1791510300,2026-10-09T01:45:00Z,บางมูลนาก,99,0.0,0.0,0.0,,,True
1791510300,2026-10-09T01:45:00Z,โพทะเล,131,0.0,0.0,0.0,,,True
1791510300,2026-10-09T01:45:00Z,โพธิ์ประทับช้าง,102,0.0,0.0,0.0,,,True
1791510300,2026-10-09T01:45:00Z,ตะพานหิน,109,0.0,0.0,0.0,,,True
1791510300,2026-10-09T01:45:00Z,เมืองพิจิตร,138,0.0,0.0,0.0,,,True
1791510300,2026-10-09T01:45:00Z,วังทรายพูน,66,0.0,0.0,0.0,,,True
1791511200,2026-10-09T02:00:00Z,พิชัย,176,0.0,0.0,0.0,,,True
1791511200,2026-10-09T02:00:00Z,ลับแล,116,0.0,0.0,0.0,,,True
1791511200,2026-10-09T02:00:00Z,ฟากท่า,163,0.0,0.0,0.0,,,True
1791511200,2026-10-09T02:00:00Z,บ้านโคก,247,0.0,0.0,0.0,,,True
1791511200,2026-10-09T02:00:00Z,ท่าปลา,442,0.0,0.0,0.0,,,True
1791511200,2026-10-09T02:00:00Z,น้ำปาด,363,0.0,0.0,0.0,,,True
1791511200,2026-10-09T02:00:00Z,เมืองอุตรดิตถ์,202,0.0,0.0,0.0,,,True
1791511200,2026-10-09T02:00:00Z,ตรอน,80,0.0,0.0,0.0,,,True
1791511200,2026-10-09T02:00:00Z,หล่มเก่า,246,0.0,0.0,0.0,,,True
1791511200,2026-10-09T02:00:00Z,วิเชียรบุรี,377,0.0,0.0,0.0,,,True
1791511200,2026-10-09T02:00:00Z,ชนแดน,279,0.0,0.0,0.0,,,True
1791511200,2026-10-09T02:00:00Z,หล่มสัก,350,0.0,0.0,0.0,,,True
1791511200,2026-10-09T02:00:00Z,เมืองเพชรบูรณ์,571,0.0,0.0,0.0,,,True
1791511200,2026-10-09T02:00:00Z,ทองแสนขัน,185,0.0,0.0,0.0,,,True
1791511200,2026-10-09T02:00:00Z,บึงสามัคคี,71,0.0,0.0,0.0,,,True
1791511200,2026-10-09T02:00:00Z,โกสัมพีนคร,137,0.0,0.0,0.0,,,True
1791511200,2026-10-09T02:00:00Z,สอง,380,0.0,0.0,0.0,,,True
1791511200,2026-10-09T02:00:00Z,วังชิ้น,255,0.0,0.0,0.0,,,True
1791511200,2026-10-09T02:00:00Z,สูงเม่น,88,0.0,0.0,0.0,,,True
1791511200,2026-10-09T02:00:00Z,เด่นชัย,135,0.0,0.0,0.0,,,True
1791511200,2026-10-09T02:00:00Z,ร้องกวาง,221,0.0,0.0,0.0,,,True
1791511200,2026-10-09T02:00:00Z,ลอง,317,0.0,0.0,0.0,,,True
1791511200,2026-10-09T02:00:00Z,เมืองแพร่,205,0.0,0.0,0.0,,,True
1791511200,2026-10-09T02:00:00Z,ทัพทัน,94,0.0,0.0,0.0,,,True
1791511200,2026-10-09T02:00:00Z,สว่างอารมณ์,110,0.0,0.0,0.0,,,True
1791511200,2026-10-09T02:00:00Z,เมืองอุทัยธานี,59,0.0,0.0,0.0,,,True
1791511200,2026-10-09T02:00:00Z,ห้วยคต,94,0.0,0.0,0.0,,,True
1791511200,2026-10-09T02:00:00Z,ศรีสวัสดิ์,440,0.0,0.0,0.0,,,True
1791511200,2026-10-09T02:00:00Z,บ้านไร่,821,0.0,0.0,0.0,,,True
1791511200,2026-10-09T02:00:00Z,ลานสัก,360,0.0,0.0,0.0,,,True
1791511200,2026-10-09T02:00:00Z,หนองฉาง,89,0.0,0.0,0.0,,,True
1791511200,2026-10-09T02:00:00Z,หนองขาหย่าง,43,0.0,0.0,0.0,,,True
1791511200,2026-10-09T02:00:00Z,เชียงม่วน,82,0.0,0.0,0.0,,,True
1791511200,2026-10-09T02:00:00Z,ดอกคำใต้,37,0.0,0.0,0.0,,,True
1791511200,2026-10-09T02:00:00Z,เมืองพะเยา,6,0.0,0.0,0.0,,,True
1791511200,2026-10-09T02:00:00Z,ทองผาภูมิ,851,0.01,0.299,0.0787,,15,True
1791511200,2026-10-09T02:00:00Z,สังขละบุรี,793,0.004,0.299,0.0252,,45,True
1791511200,2026-10-09T02:00:00Z,หนองม่วงไข่,35,0.0,0.0,0.0,,,True
1791511200,2026-10-09T02:00:00Z,ภูเวียง,81,0.0,0.0,0.0,,,True
1791511200,2026-10-09T02:00:00Z,มัญจาคีรี,50,0.0,0.0,0.0,,,True
1791511200,2026-10-09T02:00:00Z,หนองปรือ,104,0.0,0.0,0.0,,,True
1791511200,2026-10-09T02:00:00Z,เลาขวัญ,123,0.0,0.0,0.0,,,True
1791511200,2026-10-09T02:00:00Z,หนองนาคำ,43,0.0,0.0,0.0,,,True
1791511200,2026-10-09T02:00:00Z,โคกโพธิ์ไชย,65,0.0,0.0,0.0,,,True
1791511200,2026-10-09T02:00:00Z,บ้านหลวง,91,0.0,0.0,0.0,,,True
1791511200,2026-10-09T02:00:00Z,นาน้อย,266,0.0,0.0,0.0,,,True
1791511200,2026-10-09T02:00:00Z,ภูผาม่าน,74,0.0,0.0,0.0,,,True
1791511200,2026-10-09T02:00:00Z,เมืองน่าน,161,0.0,0.0,0.0,,,True
1791511200,2026-10-09T02:00:00Z,แม่จริม,262,0.0,0.0,0.0,,,True
1791511200,2026-10-09T02:00:00Z,เวียงเก่า,78,0.0,0.0,0.0,,,True
1791511200,2026-10-09T02:00:00Z,เมืองกำแพงเพชร,368,0.0,0.0,0.0,,,True
1791511200,2026-10-09T02:00:00Z,ไทรงาม,133,0.0,0.0,0.0,,,True
1791511200,2026-10-09T02:00:00Z,ปางศิลาทอง,186,0.001,0.098,0.0054,,15,True
1791511200,2026-10-09T02:00:00Z,ลานกระบือ,103,0.0,0.0,0.0,,,True
1791511200,2026-10-09T02:00:00Z,ทรายทองวัฒนา,53,0.0,0.0,0.0,,,True
1791511200,2026-10-09T02:00:00Z,คลองขลุง,179,0.0,0.0,0.0,,,True
1791511200,2026-10-09T02:00:00Z,พรานกระต่าย,252,0.0,0.0,0.0,,,True
1791511200,2026-10-09T02:00:00Z,คลองลาน,363,0.0,0.0,0.0,,,True
1791511200,2026-10-09T02:00:00Z,ขาณุวรลักษบุรี,296,0.0,0.0,0.0,,,True
1791511200,2026-10-09T02:00:00Z,ภูเพียง,113,0.0,0.0,0.0,,,True
1791511200,2026-10-09T02:00:00Z,นาหมื่น,245,0.0,0.0,0.0,,,True
1791511200,2026-10-09T02:00:00Z,เวียงสา,543,0.0,0.0,0.0,,,True
1791511200,2026-10-09T02:00:00Z,น้ำโสม,153,0.0,0.0,0.0,,,True
1791511200,2026-10-09T02:00:00Z,นายูง,126,0.0,0.0,0.0,,,True
1791511200,2026-10-09T02:00:00Z,ชุมแพ,173,0.0,0.0,0.0,,,True
1791511200,2026-10-09T02:00:00Z,สีชมพู,132,0.0,0.0,0.0,,,True
1791511200,2026-10-09T02:00:00Z,สุวรรณคูหา,140,0.0,0.0,0.0,,,True
1791511200,2026-10-09T02:00:00Z,นาวัง,65,0.0,0.0,0.0,,,True
1791511200,2026-10-09T02:00:00Z,หนองเรือ,80,0.0,0.0,0.0,,,True
1791511200,2026-10-09T02:00:00Z,โนนสัง,51,0.0,0.0,0.0,,,True
1791511200,2026-10-09T02:00:00Z,ศรีบุญเรือง,224,0.0,0.0,0.0,,,True
1791511200,2026-10-09T02:00:00Z,เมืองหนองบัวลำภู,217,0.0,0.0,0.0,,,True
1791511200,2026-10-09T02:00:00Z,นากลาง,173,0.0,0.0,0.0,,,True
1791511200,2026-10-09T02:00:00Z,ทุ่งเสลี่ยม,144,0.0,0.0,0.0,,,True
1791511200,2026-10-09T02:00:00Z,ดอยหล่อ,56,0.0,0.0,0.0,,,True
1791511200,2026-10-09T02:00:00Z,เมืองตาก,486,0.0,0.0,0.0,,,True
1791511200,2026-10-09T02:00:00Z,แม่ออน,116,0.0,0.0,0.0,,,True
1791511200,2026-10-09T02:00:00Z,อุ้มผาง,1209,0.015,0.614,0.0744,,15,True
1791511200,2026-10-09T02:00:00Z,วังเจ้า,183,0.0,0.0,0.0,,,True
1791511200,2026-10-09T02:00:00Z,แม่สอด,398,0.0,0.0,0.0,,,True
1791511200,2026-10-09T02:00:00Z,พบพระ,249,0.0,0.0,0.0,,,True
1791511200,2026-10-09T02:00:00Z,แม่ระมาด,380,0.0,0.0,0.0,,,True
1791511200,2026-10-09T02:00:00Z,ท่าสองยาง,401,0.0,0.0,0.0,,,True
1791511200,2026-10-09T02:00:00Z,บ้านตาก,255,0.0,0.0,0.0,,,True
1791511200,2026-10-09T02:00:00Z,สามเงา,698,0.0,0.0,0.0,,,True
1791511200,2026-10-09T02:00:00Z,จอมทอง,280,0.0,0.0,0.0,,,True
1791511200,2026-10-09T02:00:00Z,แก้งสนามนาง,79,0.0,0.0,0.0,,,True
1791511200,2026-10-09T02:00:00Z,สีคิ้ว,292,0.0,0.0,0.0,,,True
1791511200,2026-10-09T02:00:00Z,พระทองคำ,90,0.0,0.0,0.0,,,True
1791511200,2026-10-09T02:00:00Z,เทพารักษ์,92,0.0,0.0,0.0,,,True
1791511200,2026-10-09T02:00:00Z,สันกำแพง,65,0.0,0.0,0.0,,,True
1791511200,2026-10-09T02:00:00Z,สันป่าตอง,44,0.0,0.0,0.0,,,True
1791511200,2026-10-09T02:00:00Z,ดอยเต่า,213,0.0,0.0,0.0,,,True
1791511200,2026-10-09T02:00:00Z,อมก๋อย,704,0.0,0.0,0.0,,,True
1791511200,2026-10-09T02:00:00Z,ฮอด,378,0.0,0.0,0.0,,,True
1791511200,2026-10-09T02:00:00Z,เมืองลำพูน,117,0.0,0.0,0.0,,,True
1791511200,2026-10-09T02:00:00Z,แม่ทา,192,0.0,0.0,0.0,,,True
1791511200,2026-10-09T02:00:00Z,บ้านธิ,34,0.0,0.0,0.0,,,True
1791511200,2026-10-09T02:00:00Z,บ้านหมอ,24,0.0,0.0,0.0,,,True
1791511200,2026-10-09T02:00:00Z,เวียงหนองล่อง,14,0.0,0.0,0.0,,,True
1791511200,2026-10-09T02:00:00Z,ทุ่งหัวช้าง,113,0.0,0.0,0.0,,,True
1791511200,2026-10-09T02:00:00Z,ป่าซาง,74,0.0,0.0,0.0,,,True
1791511200,2026-10-09T02:00:00Z,บ้านโฮ่ง,124,0.0,0.0,0.0,,,True
1791511200,2026-10-09T02:00:00Z,แก่งคอย,73,0.0,0.0,0.0,,,True
1791511200,2026-10-09T02:00:00Z,ลี้,454,0.0,0.0,0.0,,,True
1791511200,2026-10-09T02:00:00Z,พระพุทธบาท,55,0.0,0.0,0.0,,,True
1791511200,2026-10-09T02:00:00Z,ดอนพุด,7,0.0,0.0,0.0,,,True
1791511200,2026-10-09T02:00:00Z,หนองโดน,31,0.0,0.0,0.0,,,True
1791511200,2026-10-09T02:00:00Z,เมืองลำปาง,300,0.0,0.0,0.0,,,True
1791511200,2026-10-09T02:00:00Z,เถิน,443,0.0,0.0,0.0,,,True
1791511200,2026-10-09T02:00:00Z,แม่พริก,167,0.0,0.0,0.0,,,True
1791511200,2026-10-09T02:00:00Z,แจ้ห่ม,274,0.0,0.0,0.0,,,True
1791511200,2026-10-09T02:00:00Z,แม่เปิน,85,0.0,0.0,0.0,,,True
1791511200,2026-10-09T02:00:00Z,เสริมงาม,185,0.0,0.0,0.0,,,True
1791511200,2026-10-09T02:00:00Z,ชุมตาบง,61,0.0,0.0,0.0,,,True
1791511200,2026-10-09T02:00:00Z,งาว,344,0.0,0.0,0.0,,,True
1791511200,2026-10-09T02:00:00Z,ตากฟ้า,125,0.0,0.0,0.0,,,True
1791511200,2026-10-09T02:00:00Z,แม่เมาะ,283,0.0,0.0,0.0,,,True
1791511200,2026-10-09T02:00:00Z,แม่วงก์,257,0.01,0.592,0.0506,,15,True
1791511200,2026-10-09T02:00:00Z,เกาะคา,128,0.0,0.0,0.0,,,True
1791511200,2026-10-09T02:00:00Z,พยุหะคีรี,169,0.0,0.0,0.0,,,True
1791511200,2026-10-09T02:00:00Z,ลาดยาว,187,0.0,0.0,0.0,,,True
1791511200,2026-10-09T02:00:00Z,สบปราบ,125,0.0,0.0,0.0,,,True
1791511200,2026-10-09T02:00:00Z,ห้างฉัตร,154,0.0,0.0,0.0,,,True
1791511200,2026-10-09T02:00:00Z,แม่ทะ,203,0.0,0.0,0.0,,,True
1791511200,2026-10-09T02:00:00Z,เมืองปาน,202,0.0,0.0,0.0,,,True
1791511200,2026-10-09T02:00:00Z,เมืองอ่างทอง,6,0.0,0.0,0.0,,,True
1791511200,2026-10-09T02:00:00Z,ไชโย,20,0.0,0.0,0.0,,,True
1791511200,2026-10-09T02:00:00Z,สามโก้,10,0.0,0.0,0.0,,,True
1791511200,2026-10-09T02:00:00Z,แสวงหา,43,0.0,0.0,0.0,,,True
1791511200,2026-10-09T02:00:00Z,วิเศษชัยชาญ,7,0.0,0.0,0.0,,,True
1791511200,2026-10-09T02:00:00Z,โพธิ์ทอง,48,0.0,0.0,0.0,,,True
1791511200,2026-10-09T02:00:00Z,เมืองลพบุรี,190,0.0,0.0,0.0,,,True
1791511200,2026-10-09T02:00:00Z,เดิมบางนางบวช,130,0.0,0.0,0.0,,,True
1791511200,2026-10-09T02:00:00Z,ด่านช้าง,309,0.0,0.0,0.0,,,True
1791511200,2026-10-09T02:00:00Z,หนองม่วง,111,0.0,0.0,0.0,,,True
1791511200,2026-10-09T02:00:00Z,ลำสนธิ,136,0.0,0.0,0.0,,,True
1791511200,2026-10-09T02:00:00Z,สามชุก,77,0.0,0.0,0.0,,,True
1791511200,2026-10-09T02:00:00Z,ดอนเจดีย์,72,0.0,0.0,0.0,,,True
1791511200,2026-10-09T02:00:00Z,สระโบสถ์,83,0.0,0.0,0.0,,,True
1791511200,2026-10-09T02:00:00Z,ศรีประจันต์,41,0.0,0.0,0.0,,,True
1791511200,2026-10-09T02:00:00Z,โคกเจริญ,135,0.0,0.0,0.0,,,True
1791511200,2026-10-09T02:00:00Z,บ้านหมี่,136,0.0,0.0,0.0,,,True
1791511200,2026-10-09T02:00:00Z,ท่าหลวง,100,0.0,0.0,0.0,,,True
1791511200,2026-10-09T02:00:00Z,ชัยบาดาล,280,0.0,0.0,0.0,,,True
1791511200,2026-10-09T02:00:00Z,ท่าวุ้ง,64,0.0,0.0,0.0,,,True
1791511200,2026-10-09T02:00:00Z,พัฒนานิคม,217,0.0,0.0,0.0,,,True
1791511200,2026-10-09T02:00:00Z,โคกสำโรง,180,0.0,0.0,0.0,,,True
1791511200,2026-10-09T02:00:00Z,หนองหญ้าไซ,108,0.0,0.0,0.0,,,True
1791511200,2026-10-09T02:00:00Z,ท่าช้าง,11,0.0,0.0,0.0,,,True
1791511200,2026-10-09T02:00:00Z,อินทร์บุรี,66,0.0,0.0,0.0,,,True
1791511200,2026-10-09T02:00:00Z,ค่ายบางระจัน,26,0.0,0.0,0.0,,,True
1791511200,2026-10-09T02:00:00Z,พรหมบุรี,19,0.0,0.0,0.0,,,True
1791511200,2026-10-09T02:00:00Z,เนินสง่า,65,0.0,0.0,0.0,,,True
1791511200,2026-10-09T02:00:00Z,เมืองสิงห์บุรี,31,0.0,0.0,0.0,,,True
1791511200,2026-10-09T02:00:00Z,ซับใหญ่,72,0.0,0.0,0.0,,,True
1791511200,2026-10-09T02:00:00Z,บางระจัน,46,0.0,0.0,0.0,,,True
1791511200,2026-10-09T02:00:00Z,ภูกระดึง,190,0.0,0.0,0.0,,,True
1791511200,2026-10-09T02:00:00Z,ภูหลวง,145,0.0,0.0,0.0,,,True
1791511200,2026-10-09T02:00:00Z,หนองหิน,78,0.0,0.0,0.0,,,True
1791511200,2026-10-09T02:00:00Z,ผาขาว,100,0.0,0.0,0.0,,,True
1791511200,2026-10-09T02:00:00Z,เอราวัณ,87,0.0,0.0,0.0,,,True
1791511200,2026-10-09T02:00:00Z,วังสะพุง,281,0.0,0.0,0.0,,,True
1791511200,2026-10-09T02:00:00Z,วังม่วง,70,0.0,0.0,0.0,,,True
1791511200,2026-10-09T02:00:00Z,เฉลิมพระเกียรติ,35,0.0,0.0,0.0,,,True
1791511200,2026-10-09T02:00:00Z,มวกเหล็ก,175,0.0,0.0,0.0,,,True
1791511200,2026-10-09T02:00:00Z,บ้านเขว้า,124,0.0,0.0,0.0,,,True
1791511200,2026-10-09T02:00:00Z,คอนสวรรค์,113,0.0,0.0,0.0,,,True
1791511200,2026-10-09T02:00:00Z,เมืองชัยภูมิ,358,0.0,0.0,0.0,,,True
1791511200,2026-10-09T02:00:00Z,วังทอง,425,0.0,0.0,0.0,,,True
1791511200,2026-10-09T02:00:00Z,เนินมะปราง,276,0.0,0.0,0.0,,,True
1791511200,2026-10-09T02:00:00Z,สวรรคโลก,156,0.0,0.0,0.0,,,True
1791511200,2026-10-09T02:00:00Z,ศรีนคร,46,0.0,0.0,0.0,,,True
1791511200,2026-10-09T02:00:00Z,หันคา,139,0.0,0.0,0.0,,,True
1791511200,2026-10-09T02:00:00Z,ศรีสัชนาลัย,534,0.0,0.0,0.0,,,True
1791511200,2026-10-09T02:00:00Z,หนองมะโมง,76,0.0,0.0,0.0,,,True
1791511200,2026-10-09T02:00:00Z,ศรีสำโรง,142,0.0,0.0,0.0,,,True
1791511200,2026-10-09T02:00:00Z,สรรพยา,55,0.0,0.0,0.0,,,True
1791511200,2026-10-09T02:00:00Z,คีรีมาศ,171,0.0,0.0,0.0,,,True
1791511200,2026-10-09T02:00:00Z,สรรคบุรี,89,0.0,0.0,0.0,,,True
1791511200,2026-10-09T02:00:00Z,กงไกรลาศ,108,0.0,0.0,0.0,,,True
1791511200,2026-10-09T02:00:00Z,มโนรมย์,66,0.0,0.0,0.0,,,True
1791511200,2026-10-09T02:00:00Z,เมืองสุโขทัย,136,0.0,0.0,0.0,,,True
1791511200,2026-10-09T02:00:00Z,วัดสิงห์,67,0.0,0.0,0.0,,,True
1791511200,2026-10-09T02:00:00Z,บ้านด่านลานหอย,231,0.0,0.0,0.0,,,True
1791511200,2026-10-09T02:00:00Z,เมืองชัยนาท,70,0.0,0.0,0.0,,,True
1791511200,2026-10-09T02:00:00Z,เนินขาม,65,0.0,0.0,0.0,,,True
1791511200,2026-10-09T02:00:00Z,คอนสาร,334,0.0,0.0,0.0,,,True
1791511200,2026-10-09T02:00:00Z,ภักดีชุมพล,154,0.0,0.0,0.0,,,True
1791511200,2026-10-09T02:00:00Z,บ้านแท่น,76,0.0,0.0,0.0,,,True
1791511200,2026-10-09T02:00:00Z,แก้งคร้อ,168,0.0,0.0,0.0,,,True
1791511200,2026-10-09T02:00:00Z,ภูเขียว,201,0.0,0.0,0.0,,,True
1791511200,2026-10-09T02:00:00Z,หนองบัวระเหว,179,0.0,0.0,0.0,,,True
1791511200,2026-10-09T02:00:00Z,เทพสถิต,239,0.0,0.0,0.0,,,True
1791511200,2026-10-09T02:00:00Z,จัตุรัส,172,0.0,0.0,0.0,,,True
1791511200,2026-10-09T02:00:00Z,บำเหน็จณรงค์,120,0.0,0.0,0.0,,,True
1791511200,2026-10-09T02:00:00Z,เกษตรสมบูรณ์,268,0.0,0.0,0.0,,,True
1791511200,2026-10-09T02:00:00Z,หนองบัวแดง,537,0.0,0.0,0.0,,,True
1791511200,2026-10-09T02:00:00Z,ภูเรือ,168,0.0,0.0,0.0,,,True
1791511200,2026-10-09T02:00:00Z,ท่าลี่,171,0.0,0.0,0.0,,,True
1791511200,2026-10-09T02:00:00Z,วชิรบารมี,68,0.0,0.0,0.0,,,True
1791511200,2026-10-09T02:00:00Z,ด่านซ้าย,341,0.0,0.0,0.0,,,True
1791511200,2026-10-09T02:00:00Z,นาแห้ว,153,0.0,0.0,0.0,,,True
1791511200,2026-10-09T02:00:00Z,บึงนาราง,74,0.0,0.0,0.0,,,True
1791511200,2026-10-09T02:00:00Z,เชียงคาน,213,0.0,0.0,0.0,,,True
1791511200,2026-10-09T02:00:00Z,ดงเจริญ,56,0.0,0.0,0.0,,,True
1791511200,2026-10-09T02:00:00Z,ปากชม,240,0.0,0.0,0.0,,,True
1791511200,2026-10-09T02:00:00Z,เมืองเลย,314,0.0,0.0,0.0,,,True
1791511200,2026-10-09T02:00:00Z,นาด้วง,143,0.0,0.0,0.0,,,True
1791511200,2026-10-09T02:00:00Z,สากเหล็ก,45,0.0,0.0,0.0,,,True
1791511200,2026-10-09T02:00:00Z,สามง่าม,89,0.0,0.0,0.0,,,True
1791511200,2026-10-09T02:00:00Z,ทับคล้อ,104,0.0,0.0,0.0,,,True
1791511200,2026-10-09T02:00:00Z,พรหมพิราม,206,0.0,0.0,0.0,,,True
1791511200,2026-10-09T02:00:00Z,ด่านขุนทด,344,0.0,0.0,0.0,,,True
1791511200,2026-10-09T02:00:00Z,วัดโบสถ์,226,0.0,0.0,0.0,,,True
1791511200,2026-10-09T02:00:00Z,บางระกำ,246,0.0,0.0,0.0,,,True
1791511200,2026-10-09T02:00:00Z,บางกระทุ่ม,91,0.0,0.0,0.0,,,True
1791511200,2026-10-09T02:00:00Z,นครไทย,597,0.0,0.0,0.0,,,True
1791511200,2026-10-09T02:00:00Z,ชาติตระการ,415,0.0,0.0,0.0,,,True
1791511200,2026-10-09T02:00:00Z,บ้านเหลื่อม,55,0.0,0.0,0.0,,,True
1791511200,2026-10-09T02:00:00Z,เมืองพิษณุโลก,178,0.0,0.0,0.0,,,True
1791511200,2026-10-09T02:00:00Z,ชุมแสง,145,0.0,0.0,0.0,,,True
1791511200,2026-10-09T02:00:00Z,หนองบัว,208,0.0,0.0,0.0,,,True
1791511200,2026-10-09T02:00:00Z,เมืองนครสวรรค์,183,0.0,0.0,0.0,,,True
1791511200,2026-10-09T02:00:00Z,โกรกพระ,71,0.0,0.0,0.0,,,True
1791511200,2026-10-09T02:00:00Z,ไพศาลี,244,0.0,0.0,0.0,,,True
1791511200,2026-10-09T02:00:00Z,ตาคลี,206,0.0,0.0,0.0,,,True
1791511200,2026-10-09T02:00:00Z,ท่าตะโก,211,0.0,0.0,0.0,,,True
1791511200,2026-10-09T02:00:00Z,เขาค้อ,207,0.0,0.0,0.0,,,True
1791511200,2026-10-09T02:00:00Z,บรรพตพิสัย,181,0.0,0.0,0.0,,,True
1791511200,2026-10-09T02:00:00Z,เก้าเลี้ยว,57,0.0,0.0,0.0,,,True
1791511200,2026-10-09T02:00:00Z,วังโป่ง,123,0.0,0.0,0.0,,,True
1791511200,2026-10-09T02:00:00Z,บึงสามพัน,194,0.0,0.0,0.0,,,True
1791511200,2026-10-09T02:00:00Z,น้ำหนาว,231,0.0,0.0,0.0,,,True
1791511200,2026-10-09T02:00:00Z,ศรีเทพ,204,0.0,0.0,0.0,,,True
1791511200,2026-10-09T02:00:00Z,หนองไผ่,315,0.0,0.0,0.0,,,True
1791511200,2026-10-09T02:00:00Z,มหาราช,4,0.0,0.0,0.0,,,False
1791511200,2026-10-09T02:00:00Z,บ้านแพรก,10,0.0,0.0,0.0,,,True
1791511200,2026-10-09T02:00:00Z,บางมูลนาก,99,0.0,0.0,0.0,,,True
1791511200,2026-10-09T02:00:00Z,โพทะเล,131,0.0,0.0,0.0,,,True
1791511200,2026-10-09T02:00:00Z,โพธิ์ประทับช้าง,102,0.0,0.0,0.0,,,True
1791511200,2026-10-09T02:00:00Z,ตะพานหิน,109,0.0,0.0,0.0,,,True
1791511200,2026-10-09T02:00:00Z,เมืองพิจิตร,138,0.0,0.0,0.0,,,True
1791511200,2026-10-09T02:00:00Z,วังทรายพูน,66,0.0,0.0,0.0,,,True
1791512100,2026-10-09T02:15:00Z,พิชัย,176,0.0,0.0,0.0,,,True
1791512100,2026-10-09T02:15:00Z,ลับแล,116,0.0,0.0,0.0,,,True
1791512100,2026-10-09T02:15:00Z,ฟากท่า,163,0.0,0.0,0.0,,,True
1791512100,2026-10-09T02:15:00Z,บ้านโคก,247,0.0,0.0,0.0,,,True
1791512100,2026-10-09T02:15:00Z,ท่าปลา,442,0.0,0.0,0.0,,,True
1791512100,2026-10-09T02:15:00Z,น้ำปาด,363,0.0,0.0,0.0,,,True
1791512100,2026-10-09T02:15:00Z,เมืองอุตรดิตถ์,202,0.0,0.0,0.0,,,True
1791512100,2026-10-09T02:15:00Z,ตรอน,80,0.0,0.0,0.0,,,True
1791512100,2026-10-09T02:15:00Z,หล่มเก่า,246,0.0,0.0,0.0,,,True
1791512100,2026-10-09T02:15:00Z,วิเชียรบุรี,377,0.0,0.0,0.0,,,True
1791512100,2026-10-09T02:15:00Z,ชนแดน,279,0.0,0.0,0.0,,,True
1791512100,2026-10-09T02:15:00Z,หล่มสัก,350,0.0,0.0,0.0,,,True
1791512100,2026-10-09T02:15:00Z,เมืองเพชรบูรณ์,571,0.0,0.0,0.0,,,True
1791512100,2026-10-09T02:15:00Z,ทองแสนขัน,185,0.0,0.0,0.0,,,True
1791512100,2026-10-09T02:15:00Z,บึงสามัคคี,71,0.0,0.0,0.0,,,True
1791512100,2026-10-09T02:15:00Z,โกสัมพีนคร,137,0.0,0.0,0.0,,,True
1791512100,2026-10-09T02:15:00Z,สอง,380,0.0,0.0,0.0,,,True
1791512100,2026-10-09T02:15:00Z,วังชิ้น,255,0.0,0.0,0.0,,,True
1791512100,2026-10-09T02:15:00Z,สูงเม่น,88,0.0,0.0,0.0,,,True
1791512100,2026-10-09T02:15:00Z,เด่นชัย,135,0.0,0.0,0.0,,,True
1791512100,2026-10-09T02:15:00Z,ร้องกวาง,221,0.0,0.0,0.0,,,True
1791512100,2026-10-09T02:15:00Z,ลอง,317,0.0,0.0,0.0,,,True
1791512100,2026-10-09T02:15:00Z,เมืองแพร่,205,0.0,0.0,0.0,,,True
1791512100,2026-10-09T02:15:00Z,ทัพทัน,94,0.0,0.0,0.0,,,True
1791512100,2026-10-09T02:15:00Z,สว่างอารมณ์,110,0.0,0.0,0.0,,,True
1791512100,2026-10-09T02:15:00Z,เมืองอุทัยธานี,59,0.0,0.0,0.0,,,True
1791512100,2026-10-09T02:15:00Z,ห้วยคต,94,0.0,0.0,0.0,,,True
1791512100,2026-10-09T02:15:00Z,ศรีสวัสดิ์,440,0.0,0.0,0.0,,,True
1791512100,2026-10-09T02:15:00Z,บ้านไร่,821,0.0,0.0,0.0,,,True
1791512100,2026-10-09T02:15:00Z,ลานสัก,360,0.0,0.0,0.0,,,True
1791512100,2026-10-09T02:15:00Z,หนองฉาง,89,0.0,0.0,0.0,,,True
1791512100,2026-10-09T02:15:00Z,หนองขาหย่าง,43,0.0,0.0,0.0,,,True
1791512100,2026-10-09T02:15:00Z,เชียงม่วน,82,0.0,0.0,0.0,,,True
1791512100,2026-10-09T02:15:00Z,ดอกคำใต้,37,0.0,0.0,0.0,,,True
1791512100,2026-10-09T02:15:00Z,เมืองพะเยา,6,0.0,0.0,0.0,,,True
1791512100,2026-10-09T02:15:00Z,ทองผาภูมิ,851,0.005,0.201,0.0411,,15,True
1791512100,2026-10-09T02:15:00Z,สังขละบุรี,793,0.001,0.201,0.0076,,30,True
1791512100,2026-10-09T02:15:00Z,หนองม่วงไข่,35,0.0,0.0,0.0,,,True
1791512100,2026-10-09T02:15:00Z,ภูเวียง,81,0.0,0.0,0.0,,,True
1791512100,2026-10-09T02:15:00Z,มัญจาคีรี,50,0.0,0.0,0.0,,,True
1791512100,2026-10-09T02:15:00Z,หนองปรือ,104,0.0,0.0,0.0,,,True
1791512100,2026-10-09T02:15:00Z,เลาขวัญ,123,0.0,0.0,0.0,,,True
1791512100,2026-10-09T02:15:00Z,หนองนาคำ,43,0.0,0.0,0.0,,,True
1791512100,2026-10-09T02:15:00Z,โคกโพธิ์ไชย,65,0.0,0.0,0.0,,,True
1791512100,2026-10-09T02:15:00Z,บ้านหลวง,91,0.0,0.0,0.0,,,True
1791512100,2026-10-09T02:15:00Z,นาน้อย,266,0.0,0.0,0.0,,,True
1791512100,2026-10-09T02:15:00Z,ภูผาม่าน,74,0.0,0.0,0.0,,,True
1791512100,2026-10-09T02:15:00Z,เมืองน่าน,161,0.0,0.0,0.0,,,True
1791512100,2026-10-09T02:15:00Z,แม่จริม,262,0.0,0.0,0.0,,,True
1791512100,2026-10-09T02:15:00Z,เวียงเก่า,78,0.0,0.0,0.0,,,True
1791512100,2026-10-09T02:15:00Z,เมืองกำแพงเพชร,368,0.0,0.0,0.0,,,True
1791512100,2026-10-09T02:15:00Z,ไทรงาม,133,0.0,0.0,0.0,,,True
1791512100,2026-10-09T02:15:00Z,ปางศิลาทอง,186,0.002,0.098,0.0161,,60,True
1791512100,2026-10-09T02:15:00Z,ลานกระบือ,103,0.0,0.0,0.0,,,True
1791512100,2026-10-09T02:15:00Z,ทรายทองวัฒนา,53,0.0,0.0,0.0,,,True
1791512100,2026-10-09T02:15:00Z,คลองขลุง,179,0.0,0.0,0.0,,,True
1791512100,2026-10-09T02:15:00Z,พรานกระต่าย,252,0.0,0.0,0.0,,,True
1791512100,2026-10-09T02:15:00Z,คลองลาน,363,0.001,0.098,0.0083,,30,True
1791512100,2026-10-09T02:15:00Z,ขาณุวรลักษบุรี,296,0.0,0.0,0.0,,,True
1791512100,2026-10-09T02:15:00Z,ภูเพียง,113,0.0,0.0,0.0,,,True
1791512100,2026-10-09T02:15:00Z,นาหมื่น,245,0.0,0.0,0.0,,,True
1791512100,2026-10-09T02:15:00Z,เวียงสา,543,0.0,0.0,0.0,,,True
1791512100,2026-10-09T02:15:00Z,น้ำโสม,153,0.0,0.0,0.0,,,True
1791512100,2026-10-09T02:15:00Z,นายูง,126,0.0,0.0,0.0,,,True
1791512100,2026-10-09T02:15:00Z,ชุมแพ,173,0.0,0.0,0.0,,,True
1791512100,2026-10-09T02:15:00Z,สีชมพู,132,0.0,0.0,0.0,,,True
1791512100,2026-10-09T02:15:00Z,สุวรรณคูหา,140,0.0,0.0,0.0,,,True
1791512100,2026-10-09T02:15:00Z,นาวัง,65,0.0,0.0,0.0,,,True
1791512100,2026-10-09T02:15:00Z,หนองเรือ,80,0.0,0.0,0.0,,,True
1791512100,2026-10-09T02:15:00Z,โนนสัง,51,0.0,0.0,0.0,,,True
1791512100,2026-10-09T02:15:00Z,ศรีบุญเรือง,224,0.0,0.0,0.0,,,True
1791512100,2026-10-09T02:15:00Z,เมืองหนองบัวลำภู,217,0.0,0.0,0.0,,,True
1791512100,2026-10-09T02:15:00Z,นากลาง,173,0.0,0.0,0.0,,,True
1791512100,2026-10-09T02:15:00Z,ทุ่งเสลี่ยม,144,0.0,0.0,0.0,,,True
1791512100,2026-10-09T02:15:00Z,ดอยหล่อ,56,0.0,0.0,0.0,,,True
1791512100,2026-10-09T02:15:00Z,เมืองตาก,486,0.0,0.0,0.0,,,True
1791512100,2026-10-09T02:15:00Z,แม่ออน,116,0.0,0.0,0.0,,,True
1791512100,2026-10-09T02:15:00Z,อุ้มผาง,1209,0.004,0.201,0.0422,,15,True
1791512100,2026-10-09T02:15:00Z,วังเจ้า,183,0.0,0.0,0.0,,,True
1791512100,2026-10-09T02:15:00Z,แม่สอด,398,0.0,0.0,0.0,,,True
1791512100,2026-10-09T02:15:00Z,พบพระ,249,0.0,0.0,0.0,,,True
1791512100,2026-10-09T02:15:00Z,แม่ระมาด,380,0.0,0.0,0.0,,,True
1791512100,2026-10-09T02:15:00Z,ท่าสองยาง,401,0.0,0.0,0.0,,,True
1791512100,2026-10-09T02:15:00Z,บ้านตาก,255,0.0,0.0,0.0,,,True
1791512100,2026-10-09T02:15:00Z,สามเงา,698,0.0,0.0,0.0,,,True
1791512100,2026-10-09T02:15:00Z,จอมทอง,280,0.0,0.0,0.0,,,True
1791512100,2026-10-09T02:15:00Z,แก้งสนามนาง,79,0.0,0.0,0.0,,,True
1791512100,2026-10-09T02:15:00Z,สีคิ้ว,292,0.0,0.0,0.0,,,True
1791512100,2026-10-09T02:15:00Z,พระทองคำ,90,0.0,0.0,0.0,,,True
1791512100,2026-10-09T02:15:00Z,เทพารักษ์,92,0.0,0.0,0.0,,,True
1791512100,2026-10-09T02:15:00Z,สันกำแพง,65,0.0,0.0,0.0,,,True
1791512100,2026-10-09T02:15:00Z,สันป่าตอง,44,0.0,0.0,0.0,,,True
1791512100,2026-10-09T02:15:00Z,ดอยเต่า,213,0.0,0.0,0.0,,,True
1791512100,2026-10-09T02:15:00Z,อมก๋อย,704,0.0,0.0,0.0,,,True
1791512100,2026-10-09T02:15:00Z,ฮอด,378,0.0,0.0,0.0,,,True
1791512100,2026-10-09T02:15:00Z,เมืองลำพูน,117,0.0,0.0,0.0,,,True
1791512100,2026-10-09T02:15:00Z,แม่ทา,192,0.0,0.0,0.0,,,True
1791512100,2026-10-09T02:15:00Z,บ้านธิ,34,0.0,0.0,0.0,,,True
1791512100,2026-10-09T02:15:00Z,บ้านหมอ,24,0.0,0.0,0.0,,,True
1791512100,2026-10-09T02:15:00Z,เวียงหนองล่อง,14,0.0,0.0,0.0,,,True
1791512100,2026-10-09T02:15:00Z,ทุ่งหัวช้าง,113,0.0,0.0,0.0,,,True
1791512100,2026-10-09T02:15:00Z,ป่าซาง,74,0.0,0.0,0.0,,,True
1791512100,2026-10-09T02:15:00Z,บ้านโฮ่ง,124,0.0,0.0,0.0,,,True
1791512100,2026-10-09T02:15:00Z,แก่งคอย,73,0.0,0.0,0.0,,,True
1791512100,2026-10-09T02:15:00Z,ลี้,454,0.0,0.0,0.0,,,True
1791512100,2026-10-09T02:15:00Z,พระพุทธบาท,55,0.0,0.0,0.0,,,True
1791512100,2026-10-09T02:15:00Z,ดอนพุด,7,0.0,0.0,0.0,,,True
1791512100,2026-10-09T02:15:00Z,หนองโดน,31,0.0,0.0,0.0,,,True
1791512100,2026-10-09T02:15:00Z,เมืองลำปาง,300,0.0,0.0,0.0,,,True
1791512100,2026-10-09T02:15:00Z,เถิน,443,0.0,0.0,0.0,,,True
1791512100,2026-10-09T02:15:00Z,แม่พริก,167,0.0,0.0,0.0,,,True
1791512100,2026-10-09T02:15:00Z,แจ้ห่ม,274,0.0,0.0,0.0,,,True
1791512100,2026-10-09T02:15:00Z,แม่เปิน,85,0.0,0.0,0.0,,,True
1791512100,2026-10-09T02:15:00Z,เสริมงาม,185,0.0,0.0,0.0,,,True
1791512100,2026-10-09T02:15:00Z,ชุมตาบง,61,0.0,0.0,0.0,,,True
1791512100,2026-10-09T02:15:00Z,งาว,344,0.0,0.0,0.0,,,True
1791512100,2026-10-09T02:15:00Z,ตากฟ้า,125,0.0,0.0,0.0,,,True
1791512100,2026-10-09T02:15:00Z,แม่เมาะ,283,0.0,0.0,0.0,,,True
1791512100,2026-10-09T02:15:00Z,แม่วงก์,257,0.002,0.098,0.0156,,15,True
1791512100,2026-10-09T02:15:00Z,เกาะคา,128,0.0,0.0,0.0,,,True
1791512100,2026-10-09T02:15:00Z,พยุหะคีรี,169,0.0,0.0,0.0,,,True
1791512100,2026-10-09T02:15:00Z,ลาดยาว,187,0.0,0.0,0.0,,,True
1791512100,2026-10-09T02:15:00Z,สบปราบ,125,0.0,0.0,0.0,,,True
1791512100,2026-10-09T02:15:00Z,ห้างฉัตร,154,0.0,0.0,0.0,,,True
1791512100,2026-10-09T02:15:00Z,แม่ทะ,203,0.0,0.0,0.0,,,True
1791512100,2026-10-09T02:15:00Z,เมืองปาน,202,0.0,0.0,0.0,,,True
1791512100,2026-10-09T02:15:00Z,เมืองอ่างทอง,6,0.0,0.0,0.0,,,True
1791512100,2026-10-09T02:15:00Z,ไชโย,20,0.0,0.0,0.0,,,True
1791512100,2026-10-09T02:15:00Z,สามโก้,10,0.0,0.0,0.0,,,True
1791512100,2026-10-09T02:15:00Z,แสวงหา,43,0.0,0.0,0.0,,,True
1791512100,2026-10-09T02:15:00Z,วิเศษชัยชาญ,7,0.0,0.0,0.0,,,True
1791512100,2026-10-09T02:15:00Z,โพธิ์ทอง,48,0.0,0.0,0.0,,,True
1791512100,2026-10-09T02:15:00Z,เมืองลพบุรี,190,0.0,0.0,0.0,,,True
1791512100,2026-10-09T02:15:00Z,เดิมบางนางบวช,130,0.0,0.0,0.0,,,True
1791512100,2026-10-09T02:15:00Z,ด่านช้าง,309,0.0,0.0,0.0,,,True
1791512100,2026-10-09T02:15:00Z,หนองม่วง,111,0.0,0.0,0.0,,,True
1791512100,2026-10-09T02:15:00Z,ลำสนธิ,136,0.0,0.0,0.0,,,True
1791512100,2026-10-09T02:15:00Z,สามชุก,77,0.0,0.0,0.0,,,True
1791512100,2026-10-09T02:15:00Z,ดอนเจดีย์,72,0.0,0.0,0.0,,,True
1791512100,2026-10-09T02:15:00Z,สระโบสถ์,83,0.0,0.0,0.0,,,True
1791512100,2026-10-09T02:15:00Z,ศรีประจันต์,41,0.0,0.0,0.0,,,True
1791512100,2026-10-09T02:15:00Z,โคกเจริญ,135,0.0,0.0,0.0,,,True
1791512100,2026-10-09T02:15:00Z,บ้านหมี่,136,0.0,0.0,0.0,,,True
1791512100,2026-10-09T02:15:00Z,ท่าหลวง,100,0.0,0.0,0.0,,,True
1791512100,2026-10-09T02:15:00Z,ชัยบาดาล,280,0.0,0.0,0.0,,,True
1791512100,2026-10-09T02:15:00Z,ท่าวุ้ง,64,0.0,0.0,0.0,,,True
1791512100,2026-10-09T02:15:00Z,พัฒนานิคม,217,0.0,0.0,0.0,,,True
1791512100,2026-10-09T02:15:00Z,โคกสำโรง,180,0.0,0.0,0.0,,,True
1791512100,2026-10-09T02:15:00Z,หนองหญ้าไซ,108,0.0,0.0,0.0,,,True
1791512100,2026-10-09T02:15:00Z,ท่าช้าง,11,0.0,0.0,0.0,,,True
1791512100,2026-10-09T02:15:00Z,อินทร์บุรี,66,0.0,0.0,0.0,,,True
1791512100,2026-10-09T02:15:00Z,ค่ายบางระจัน,26,0.0,0.0,0.0,,,True
1791512100,2026-10-09T02:15:00Z,พรหมบุรี,19,0.0,0.0,0.0,,,True
1791512100,2026-10-09T02:15:00Z,เนินสง่า,65,0.0,0.0,0.0,,,True
1791512100,2026-10-09T02:15:00Z,เมืองสิงห์บุรี,31,0.0,0.0,0.0,,,True
1791512100,2026-10-09T02:15:00Z,ซับใหญ่,72,0.0,0.0,0.0,,,True
1791512100,2026-10-09T02:15:00Z,บางระจัน,46,0.0,0.0,0.0,,,True
1791512100,2026-10-09T02:15:00Z,ภูกระดึง,190,0.0,0.0,0.0,,,True
1791512100,2026-10-09T02:15:00Z,ภูหลวง,145,0.0,0.0,0.0,,,True
1791512100,2026-10-09T02:15:00Z,หนองหิน,78,0.0,0.0,0.0,,,True
1791512100,2026-10-09T02:15:00Z,ผาขาว,100,0.0,0.0,0.0,,,True
1791512100,2026-10-09T02:15:00Z,เอราวัณ,87,0.0,0.0,0.0,,,True
1791512100,2026-10-09T02:15:00Z,วังสะพุง,281,0.0,0.0,0.0,,,True
1791512100,2026-10-09T02:15:00Z,วังม่วง,70,0.0,0.0,0.0,,,True
1791512100,2026-10-09T02:15:00Z,เฉลิมพระเกียรติ,35,0.0,0.0,0.0,,,True
1791512100,2026-10-09T02:15:00Z,มวกเหล็ก,175,0.0,0.0,0.0,,,True
1791512100,2026-10-09T02:15:00Z,บ้านเขว้า,124,0.0,0.0,0.0,,,True
1791512100,2026-10-09T02:15:00Z,คอนสวรรค์,113,0.0,0.0,0.0,,,True
1791512100,2026-10-09T02:15:00Z,เมืองชัยภูมิ,358,0.0,0.0,0.0,,,True
1791512100,2026-10-09T02:15:00Z,วังทอง,425,0.0,0.0,0.0,,,True
1791512100,2026-10-09T02:15:00Z,เนินมะปราง,276,0.0,0.0,0.0,,,True
1791512100,2026-10-09T02:15:00Z,สวรรคโลก,156,0.0,0.0,0.0,,,True
1791512100,2026-10-09T02:15:00Z,ศรีนคร,46,0.0,0.0,0.0,,,True
1791512100,2026-10-09T02:15:00Z,หันคา,139,0.0,0.0,0.0,,,True
1791512100,2026-10-09T02:15:00Z,ศรีสัชนาลัย,534,0.0,0.0,0.0,,,True
1791512100,2026-10-09T02:15:00Z,หนองมะโมง,76,0.0,0.0,0.0,,,True
1791512100,2026-10-09T02:15:00Z,ศรีสำโรง,142,0.0,0.0,0.0,,,True
1791512100,2026-10-09T02:15:00Z,สรรพยา,55,0.0,0.0,0.0,,,True
1791512100,2026-10-09T02:15:00Z,คีรีมาศ,171,0.0,0.0,0.0,,,True
1791512100,2026-10-09T02:15:00Z,สรรคบุรี,89,0.0,0.0,0.0,,,True
1791512100,2026-10-09T02:15:00Z,กงไกรลาศ,108,0.0,0.0,0.0,,,True
1791512100,2026-10-09T02:15:00Z,มโนรมย์,66,0.0,0.0,0.0,,,True
1791512100,2026-10-09T02:15:00Z,เมืองสุโขทัย,136,0.0,0.0,0.0,,,True
1791512100,2026-10-09T02:15:00Z,วัดสิงห์,67,0.0,0.0,0.0,,,True
1791512100,2026-10-09T02:15:00Z,บ้านด่านลานหอย,231,0.0,0.0,0.0,,,True
1791512100,2026-10-09T02:15:00Z,เมืองชัยนาท,70,0.0,0.0,0.0,,,True
1791512100,2026-10-09T02:15:00Z,เนินขาม,65,0.0,0.0,0.0,,,True
1791512100,2026-10-09T02:15:00Z,คอนสาร,334,0.0,0.0,0.0,,,True
1791512100,2026-10-09T02:15:00Z,ภักดีชุมพล,154,0.0,0.0,0.0,,,True
1791512100,2026-10-09T02:15:00Z,บ้านแท่น,76,0.0,0.0,0.0,,,True
1791512100,2026-10-09T02:15:00Z,แก้งคร้อ,168,0.0,0.0,0.0,,,True
1791512100,2026-10-09T02:15:00Z,ภูเขียว,201,0.0,0.0,0.0,,,True
1791512100,2026-10-09T02:15:00Z,หนองบัวระเหว,179,0.0,0.0,0.0,,,True
1791512100,2026-10-09T02:15:00Z,เทพสถิต,239,0.0,0.0,0.0,,,True
1791512100,2026-10-09T02:15:00Z,จัตุรัส,172,0.0,0.0,0.0,,,True
1791512100,2026-10-09T02:15:00Z,บำเหน็จณรงค์,120,0.0,0.0,0.0,,,True
1791512100,2026-10-09T02:15:00Z,เกษตรสมบูรณ์,268,0.0,0.0,0.0,,,True
1791512100,2026-10-09T02:15:00Z,หนองบัวแดง,537,0.0,0.0,0.0,,,True
1791512100,2026-10-09T02:15:00Z,ภูเรือ,168,0.0,0.0,0.0,,,True
1791512100,2026-10-09T02:15:00Z,ท่าลี่,171,0.0,0.0,0.0,,,True
1791512100,2026-10-09T02:15:00Z,วชิรบารมี,68,0.0,0.0,0.0,,,True
1791512100,2026-10-09T02:15:00Z,ด่านซ้าย,341,0.0,0.0,0.0,,,True
1791512100,2026-10-09T02:15:00Z,นาแห้ว,153,0.0,0.0,0.0,,,True
1791512100,2026-10-09T02:15:00Z,บึงนาราง,74,0.0,0.0,0.0,,,True
1791512100,2026-10-09T02:15:00Z,เชียงคาน,213,0.0,0.0,0.0,,,True
1791512100,2026-10-09T02:15:00Z,ดงเจริญ,56,0.0,0.0,0.0,,,True
1791512100,2026-10-09T02:15:00Z,ปากชม,240,0.0,0.0,0.0,,,True
1791512100,2026-10-09T02:15:00Z,เมืองเลย,314,0.0,0.0,0.0,,,True
1791512100,2026-10-09T02:15:00Z,นาด้วง,143,0.0,0.0,0.0,,,True
1791512100,2026-10-09T02:15:00Z,สากเหล็ก,45,0.0,0.0,0.0,,,True
1791512100,2026-10-09T02:15:00Z,สามง่าม,89,0.0,0.0,0.0,,,True
1791512100,2026-10-09T02:15:00Z,ทับคล้อ,104,0.0,0.0,0.0,,,True
1791512100,2026-10-09T02:15:00Z,พรหมพิราม,206,0.0,0.0,0.0,,,True
1791512100,2026-10-09T02:15:00Z,ด่านขุนทด,344,0.0,0.0,0.0,,,True
1791512100,2026-10-09T02:15:00Z,วัดโบสถ์,226,0.0,0.0,0.0,,,True
1791512100,2026-10-09T02:15:00Z,บางระกำ,246,0.0,0.0,0.0,,,True
1791512100,2026-10-09T02:15:00Z,บางกระทุ่ม,91,0.0,0.0,0.0,,,True
1791512100,2026-10-09T02:15:00Z,นครไทย,597,0.0,0.0,0.0,,,True
1791512100,2026-10-09T02:15:00Z,ชาติตระการ,415,0.0,0.0,0.0,,,True
1791512100,2026-10-09T02:15:00Z,บ้านเหลื่อม,55,0.0,0.0,0.0,,,True
1791512100,2026-10-09T02:15:00Z,เมืองพิษณุโลก,178,0.0,0.0,0.0,,,True
1791512100,2026-10-09T02:15:00Z,ชุมแสง,145,0.0,0.0,0.0,,,True
1791512100,2026-10-09T02:15:00Z,หนองบัว,208,0.0,0.0,0.0,,,True
1791512100,2026-10-09T02:15:00Z,เมืองนครสวรรค์,183,0.0,0.0,0.0,,,True
1791512100,2026-10-09T02:15:00Z,โกรกพระ,71,0.0,0.0,0.0,,,True
1791512100,2026-10-09T02:15:00Z,ไพศาลี,244,0.0,0.0,0.0,,,True
1791512100,2026-10-09T02:15:00Z,ตาคลี,206,0.0,0.0,0.0,,,True
1791512100,2026-10-09T02:15:00Z,ท่าตะโก,211,0.0,0.0,0.0,,,True
1791512100,2026-10-09T02:15:00Z,เขาค้อ,207,0.0,0.0,0.0,,,True
1791512100,2026-10-09T02:15:00Z,บรรพตพิสัย,181,0.0,0.0,0.0,,,True
1791512100,2026-10-09T02:15:00Z,เก้าเลี้ยว,57,0.0,0.0,0.0,,,True
1791512100,2026-10-09T02:15:00Z,วังโป่ง,123,0.0,0.0,0.0,,,True
1791512100,2026-10-09T02:15:00Z,บึงสามพัน,194,0.0,0.0,0.0,,,True
1791512100,2026-10-09T02:15:00Z,น้ำหนาว,231,0.0,0.0,0.0,,,True
1791512100,2026-10-09T02:15:00Z,ศรีเทพ,204,0.0,0.0,0.0,,,True
1791512100,2026-10-09T02:15:00Z,หนองไผ่,315,0.0,0.0,0.0,,,True
1791512100,2026-10-09T02:15:00Z,มหาราช,4,0.0,0.0,0.0,,,False
1791512100,2026-10-09T02:15:00Z,บ้านแพรก,10,0.0,0.0,0.0,,,True
1791512100,2026-10-09T02:15:00Z,บางมูลนาก,99,0.0,0.0,0.0,,,True
1791512100,2026-10-09T02:15:00Z,โพทะเล,131,0.0,0.0,0.0,,,True
1791512100,2026-10-09T02:15:00Z,โพธิ์ประทับช้าง,102,0.0,0.0,0.0,,,True
1791512100,2026-10-09T02:15:00Z,ตะพานหิน,109,0.0,0.0,0.0,,,True
1791512100,2026-10-09T02:15:00Z,เมืองพิจิตร,138,0.0,0.0,0.0,,,True
1791512100,2026-10-09T02:15:00Z,วังทรายพูน,66,0.0,0.0,0.0,,,True
1791513000,2026-10-09T02:30:00Z,พิชัย,176,0.0,0.0,0.0,,,True
1791513000,2026-10-09T02:30:00Z,ลับแล,116,0.0,0.0,0.0,,,True
1791513000,2026-10-09T02:30:00Z,ฟากท่า,163,0.0,0.0,0.0,,,True
1791513000,2026-10-09T02:30:00Z,บ้านโคก,247,0.0,0.0,0.0,,,True
1791513000,2026-10-09T02:30:00Z,ท่าปลา,442,0.0,0.0,0.0,,,True
1791513000,2026-10-09T02:30:00Z,น้ำปาด,363,0.0,0.0,0.0,,,True
1791513000,2026-10-09T02:30:00Z,เมืองอุตรดิตถ์,202,0.0,0.0,0.0,,,True
1791513000,2026-10-09T02:30:00Z,ตรอน,80,0.0,0.0,0.0,,,True
1791513000,2026-10-09T02:30:00Z,หล่มเก่า,246,0.0,0.0,0.0,,,True
1791513000,2026-10-09T02:30:00Z,วิเชียรบุรี,377,0.0,0.0,0.0,,,True
1791513000,2026-10-09T02:30:00Z,ชนแดน,279,0.0,0.0,0.0,,,True
1791513000,2026-10-09T02:30:00Z,หล่มสัก,350,0.0,0.0,0.0,,,True
1791513000,2026-10-09T02:30:00Z,เมืองเพชรบูรณ์,571,0.0,0.0,0.0,,,True
1791513000,2026-10-09T02:30:00Z,ทองแสนขัน,185,0.0,0.0,0.0,,,True
1791513000,2026-10-09T02:30:00Z,บึงสามัคคี,71,0.0,0.0,0.0,,,True
1791513000,2026-10-09T02:30:00Z,โกสัมพีนคร,137,0.0,0.0,0.0,,,True
1791513000,2026-10-09T02:30:00Z,สอง,380,0.0,0.0,0.0,,,True
1791513000,2026-10-09T02:30:00Z,วังชิ้น,255,0.0,0.0,0.0,,,True
1791513000,2026-10-09T02:30:00Z,สูงเม่น,88,0.0,0.0,0.0,,,True
1791513000,2026-10-09T02:30:00Z,เด่นชัย,135,0.0,0.0,0.0,,,True
1791513000,2026-10-09T02:30:00Z,ร้องกวาง,221,0.0,0.0,0.0,,,True
1791513000,2026-10-09T02:30:00Z,ลอง,317,0.0,0.0,0.0,,,True
1791513000,2026-10-09T02:30:00Z,เมืองแพร่,205,0.0,0.0,0.0,,,True
1791513000,2026-10-09T02:30:00Z,ทัพทัน,94,0.0,0.0,0.0,,,True
1791513000,2026-10-09T02:30:00Z,สว่างอารมณ์,110,0.0,0.0,0.0,,,True
1791513000,2026-10-09T02:30:00Z,เมืองอุทัยธานี,59,0.0,0.0,0.0,,,True
1791513000,2026-10-09T02:30:00Z,ห้วยคต,94,0.0,0.0,0.0,,,True
1791513000,2026-10-09T02:30:00Z,ศรีสวัสดิ์,440,0.0,0.0,0.0,,,True
1791513000,2026-10-09T02:30:00Z,บ้านไร่,821,0.0,0.0,0.0,,,True
1791513000,2026-10-09T02:30:00Z,ลานสัก,360,0.0,0.0,0.0,,,True
1791513000,2026-10-09T02:30:00Z,หนองฉาง,89,0.0,0.0,0.0,,,True
1791513000,2026-10-09T02:30:00Z,หนองขาหย่าง,43,0.0,0.0,0.0,,,True
1791513000,2026-10-09T02:30:00Z,เชียงม่วน,82,0.0,0.0,0.0,,,True
1791513000,2026-10-09T02:30:00Z,ดอกคำใต้,37,0.0,0.0,0.0,,,True
1791513000,2026-10-09T02:30:00Z,เมืองพะเยา,6,0.0,0.0,0.0,,,True
1791513000,2026-10-09T02:30:00Z,ทองผาภูมิ,851,0.0,0.0,0.0,,,True
1791513000,2026-10-09T02:30:00Z,สังขละบุรี,793,0.0,0.0,0.0,,,True
1791513000,2026-10-09T02:30:00Z,หนองม่วงไข่,35,0.0,0.0,0.0,,,True
1791513000,2026-10-09T02:30:00Z,ภูเวียง,81,0.0,0.0,0.0,,,True
1791513000,2026-10-09T02:30:00Z,มัญจาคีรี,50,0.0,0.0,0.0,,,True
1791513000,2026-10-09T02:30:00Z,หนองปรือ,104,0.0,0.0,0.0,,,True
1791513000,2026-10-09T02:30:00Z,เลาขวัญ,123,0.0,0.0,0.0,,,True
1791513000,2026-10-09T02:30:00Z,หนองนาคำ,43,0.0,0.0,0.0,,,True
1791513000,2026-10-09T02:30:00Z,โคกโพธิ์ไชย,65,0.0,0.0,0.0,,,True
1791513000,2026-10-09T02:30:00Z,บ้านหลวง,91,0.0,0.0,0.0,,,True
1791513000,2026-10-09T02:30:00Z,นาน้อย,266,0.0,0.0,0.0,,,True
1791513000,2026-10-09T02:30:00Z,ภูผาม่าน,74,0.0,0.0,0.0,,,True
1791513000,2026-10-09T02:30:00Z,เมืองน่าน,161,0.0,0.0,0.0,,,True
1791513000,2026-10-09T02:30:00Z,แม่จริม,262,0.0,0.0,0.0,,,True
1791513000,2026-10-09T02:30:00Z,เวียงเก่า,78,0.0,0.0,0.0,,,True
1791513000,2026-10-09T02:30:00Z,เมืองกำแพงเพชร,368,0.0,0.0,0.0,,,True
1791513000,2026-10-09T02:30:00Z,ไทรงาม,133,0.0,0.0,0.0,,,True
1791513000,2026-10-09T02:30:00Z,ปางศิลาทอง,186,0.0,0.0,0.0,,,True
1791513000,2026-10-09T02:30:00Z,ลานกระบือ,103,0.0,0.0,0.0,,,True
1791513000,2026-10-09T02:30:00Z,ทรายทองวัฒนา,53,0.0,0.0,0.0,,,True
1791513000,2026-10-09T02:30:00Z,คลองขลุง,179,0.0,0.0,0.0,,,True
1791513000,2026-10-09T02:30:00Z,พรานกระต่าย,252,0.0,0.0,0.0,,,True
1791513000,2026-10-09T02:30:00Z,คลองลาน,363,0.0,0.0,0.0,,,True
1791513000,2026-10-09T02:30:00Z,ขาณุวรลักษบุรี,296,0.0,0.0,0.0,,,True
1791513000,2026-10-09T02:30:00Z,ภูเพียง,113,0.0,0.0,0.0,,,True
1791513000,2026-10-09T02:30:00Z,นาหมื่น,245,0.0,0.0,0.0,,,True
1791513000,2026-10-09T02:30:00Z,เวียงสา,543,0.0,0.0,0.0,,,True
1791513000,2026-10-09T02:30:00Z,น้ำโสม,153,0.0,0.0,0.0,,,True
1791513000,2026-10-09T02:30:00Z,นายูง,126,0.0,0.0,0.0,,,True
1791513000,2026-10-09T02:30:00Z,ชุมแพ,173,0.0,0.0,0.0,,,True
1791513000,2026-10-09T02:30:00Z,สีชมพู,132,0.0,0.0,0.0,,,True
1791513000,2026-10-09T02:30:00Z,สุวรรณคูหา,140,0.0,0.0,0.0,,,True
1791513000,2026-10-09T02:30:00Z,นาวัง,65,0.0,0.0,0.0,,,True
1791513000,2026-10-09T02:30:00Z,หนองเรือ,80,0.0,0.0,0.0,,,True
1791513000,2026-10-09T02:30:00Z,โนนสัง,51,0.0,0.0,0.0,,,True
1791513000,2026-10-09T02:30:00Z,ศรีบุญเรือง,224,0.0,0.0,0.0,,,True
1791513000,2026-10-09T02:30:00Z,เมืองหนองบัวลำภู,217,0.0,0.0,0.0,,,True
1791513000,2026-10-09T02:30:00Z,นากลาง,173,0.0,0.0,0.0,,,True
1791513000,2026-10-09T02:30:00Z,ทุ่งเสลี่ยม,144,0.0,0.0,0.0,,,True
1791513000,2026-10-09T02:30:00Z,ดอยหล่อ,56,0.0,0.0,0.0,,,True
1791513000,2026-10-09T02:30:00Z,เมืองตาก,486,0.0,0.0,0.0,,,True
1791513000,2026-10-09T02:30:00Z,แม่ออน,116,0.0,0.0,0.0,,,True
1791513000,2026-10-09T02:30:00Z,อุ้มผาง,1209,0.001,0.098,0.0058,,15,True
1791513000,2026-10-09T02:30:00Z,วังเจ้า,183,0.0,0.0,0.0,,,True
1791513000,2026-10-09T02:30:00Z,แม่สอด,398,0.0,0.0,0.0,,,True
1791513000,2026-10-09T02:30:00Z,พบพระ,249,0.0,0.0,0.0,,,True
1791513000,2026-10-09T02:30:00Z,แม่ระมาด,380,0.0,0.0,0.0,,,True
1791513000,2026-10-09T02:30:00Z,ท่าสองยาง,401,0.0,0.0,0.0,,,True
1791513000,2026-10-09T02:30:00Z,บ้านตาก,255,0.0,0.0,0.0,,,True
1791513000,2026-10-09T02:30:00Z,สามเงา,698,0.0,0.0,0.0,,,True
1791513000,2026-10-09T02:30:00Z,จอมทอง,280,0.0,0.0,0.0,,,True
1791513000,2026-10-09T02:30:00Z,แก้งสนามนาง,79,0.0,0.0,0.0,,,True
1791513000,2026-10-09T02:30:00Z,สีคิ้ว,292,0.0,0.0,0.0,,,True
1791513000,2026-10-09T02:30:00Z,พระทองคำ,90,0.0,0.0,0.0,,,True
1791513000,2026-10-09T02:30:00Z,เทพารักษ์,92,0.0,0.0,0.0,,,True
1791513000,2026-10-09T02:30:00Z,สันกำแพง,65,0.0,0.0,0.0,,,True
1791513000,2026-10-09T02:30:00Z,สันป่าตอง,44,0.0,0.0,0.0,,,True
1791513000,2026-10-09T02:30:00Z,ดอยเต่า,213,0.0,0.0,0.0,,,True
1791513000,2026-10-09T02:30:00Z,อมก๋อย,704,0.0,0.0,0.0,,,True
1791513000,2026-10-09T02:30:00Z,ฮอด,378,0.0,0.0,0.0,,,True
1791513000,2026-10-09T02:30:00Z,เมืองลำพูน,117,0.0,0.0,0.0,,,True
1791513000,2026-10-09T02:30:00Z,แม่ทา,192,0.0,0.0,0.0,,,True
1791513000,2026-10-09T02:30:00Z,บ้านธิ,34,0.0,0.0,0.0,,,True
1791513000,2026-10-09T02:30:00Z,บ้านหมอ,24,0.0,0.0,0.0,,,True
1791513000,2026-10-09T02:30:00Z,เวียงหนองล่อง,14,0.0,0.0,0.0,,,True
1791513000,2026-10-09T02:30:00Z,ทุ่งหัวช้าง,113,0.0,0.0,0.0,,,True
1791513000,2026-10-09T02:30:00Z,ป่าซาง,74,0.0,0.0,0.0,,,True
1791513000,2026-10-09T02:30:00Z,บ้านโฮ่ง,124,0.0,0.0,0.0,,,True
1791513000,2026-10-09T02:30:00Z,แก่งคอย,73,0.0,0.0,0.0,,,True
1791513000,2026-10-09T02:30:00Z,ลี้,454,0.0,0.0,0.0,,,True
1791513000,2026-10-09T02:30:00Z,พระพุทธบาท,55,0.0,0.0,0.0,,,True
1791513000,2026-10-09T02:30:00Z,ดอนพุด,7,0.0,0.0,0.0,,,True
1791513000,2026-10-09T02:30:00Z,หนองโดน,31,0.0,0.0,0.0,,,True
1791513000,2026-10-09T02:30:00Z,เมืองลำปาง,300,0.0,0.0,0.0,,,True
1791513000,2026-10-09T02:30:00Z,เถิน,443,0.0,0.0,0.0,,,True
1791513000,2026-10-09T02:30:00Z,แม่พริก,167,0.0,0.0,0.0,,,True
1791513000,2026-10-09T02:30:00Z,แจ้ห่ม,274,0.0,0.0,0.0,,,True
1791513000,2026-10-09T02:30:00Z,แม่เปิน,85,0.0,0.0,0.0,,,True
1791513000,2026-10-09T02:30:00Z,เสริมงาม,185,0.0,0.0,0.0,,,True
1791513000,2026-10-09T02:30:00Z,ชุมตาบง,61,0.0,0.0,0.0,,,True
1791513000,2026-10-09T02:30:00Z,งาว,344,0.0,0.0,0.0,,,True
1791513000,2026-10-09T02:30:00Z,ตากฟ้า,125,0.0,0.0,0.0,,,True
1791513000,2026-10-09T02:30:00Z,แม่เมาะ,283,0.0,0.0,0.0,,,True
1791513000,2026-10-09T02:30:00Z,แม่วงก์,257,0.0,0.0,0.0,,,True
1791513000,2026-10-09T02:30:00Z,เกาะคา,128,0.0,0.0,0.0,,,True
1791513000,2026-10-09T02:30:00Z,พยุหะคีรี,169,0.0,0.0,0.0,,,True
1791513000,2026-10-09T02:30:00Z,ลาดยาว,187,0.0,0.0,0.0,,,True
1791513000,2026-10-09T02:30:00Z,สบปราบ,125,0.0,0.0,0.0,,,True
1791513000,2026-10-09T02:30:00Z,ห้างฉัตร,154,0.0,0.0,0.0,,,True
1791513000,2026-10-09T02:30:00Z,แม่ทะ,203,0.0,0.0,0.0,,,True
1791513000,2026-10-09T02:30:00Z,เมืองปาน,202,0.0,0.0,0.0,,,True
1791513000,2026-10-09T02:30:00Z,เมืองอ่างทอง,6,0.0,0.0,0.0,,,True
1791513000,2026-10-09T02:30:00Z,ไชโย,20,0.0,0.0,0.0,,,True
1791513000,2026-10-09T02:30:00Z,สามโก้,10,0.0,0.0,0.0,,,True
1791513000,2026-10-09T02:30:00Z,แสวงหา,43,0.0,0.0,0.0,,,True
1791513000,2026-10-09T02:30:00Z,วิเศษชัยชาญ,7,0.0,0.0,0.0,,,True
1791513000,2026-10-09T02:30:00Z,โพธิ์ทอง,48,0.0,0.0,0.0,,,True
1791513000,2026-10-09T02:30:00Z,เมืองลพบุรี,190,0.0,0.0,0.0,,,True
1791513000,2026-10-09T02:30:00Z,เดิมบางนางบวช,130,0.0,0.0,0.0,,,True
1791513000,2026-10-09T02:30:00Z,ด่านช้าง,309,0.0,0.0,0.0,,,True
1791513000,2026-10-09T02:30:00Z,หนองม่วง,111,0.0,0.0,0.0,,,True
1791513000,2026-10-09T02:30:00Z,ลำสนธิ,136,0.0,0.0,0.0,,,True
1791513000,2026-10-09T02:30:00Z,สามชุก,77,0.0,0.0,0.0,,,True
1791513000,2026-10-09T02:30:00Z,ดอนเจดีย์,72,0.0,0.0,0.0,,,True
1791513000,2026-10-09T02:30:00Z,สระโบสถ์,83,0.0,0.0,0.0,,,True
1791513000,2026-10-09T02:30:00Z,ศรีประจันต์,41,0.0,0.0,0.0,,,True
1791513000,2026-10-09T02:30:00Z,โคกเจริญ,135,0.0,0.0,0.0,,,True
1791513000,2026-10-09T02:30:00Z,บ้านหมี่,136,0.0,0.0,0.0,,,True
1791513000,2026-10-09T02:30:00Z,ท่าหลวง,100,0.0,0.0,0.0,,,True
1791513000,2026-10-09T02:30:00Z,ชัยบาดาล,280,0.0,0.0,0.0,,,True
1791513000,2026-10-09T02:30:00Z,ท่าวุ้ง,64,0.0,0.0,0.0,,,True
1791513000,2026-10-09T02:30:00Z,พัฒนานิคม,217,0.0,0.0,0.0,,,True
1791513000,2026-10-09T02:30:00Z,โคกสำโรง,180,0.0,0.0,0.0,,,True
1791513000,2026-10-09T02:30:00Z,หนองหญ้าไซ,108,0.0,0.0,0.0,,,True
1791513000,2026-10-09T02:30:00Z,ท่าช้าง,11,0.0,0.0,0.0,,,True
1791513000,2026-10-09T02:30:00Z,อินทร์บุรี,66,0.0,0.0,0.0,,,True
1791513000,2026-10-09T02:30:00Z,ค่ายบางระจัน,26,0.0,0.0,0.0,,,True
1791513000,2026-10-09T02:30:00Z,พรหมบุรี,19,0.0,0.0,0.0,,,True
1791513000,2026-10-09T02:30:00Z,เนินสง่า,65,0.0,0.0,0.0,,,True
1791513000,2026-10-09T02:30:00Z,เมืองสิงห์บุรี,31,0.0,0.0,0.0,,,True
1791513000,2026-10-09T02:30:00Z,ซับใหญ่,72,0.0,0.0,0.0,,,True
1791513000,2026-10-09T02:30:00Z,บางระจัน,46,0.0,0.0,0.0,,,True
1791513000,2026-10-09T02:30:00Z,ภูกระดึง,190,0.0,0.0,0.0,,,True
1791513000,2026-10-09T02:30:00Z,ภูหลวง,145,0.0,0.0,0.0,,,True
1791513000,2026-10-09T02:30:00Z,หนองหิน,78,0.0,0.0,0.0,,,True
1791513000,2026-10-09T02:30:00Z,ผาขาว,100,0.0,0.0,0.0,,,True
1791513000,2026-10-09T02:30:00Z,เอราวัณ,87,0.0,0.0,0.0,,,True
1791513000,2026-10-09T02:30:00Z,วังสะพุง,281,0.0,0.0,0.0,,,True
1791513000,2026-10-09T02:30:00Z,วังม่วง,70,0.0,0.0,0.0,,,True
1791513000,2026-10-09T02:30:00Z,เฉลิมพระเกียรติ,35,0.0,0.0,0.0,,,True
1791513000,2026-10-09T02:30:00Z,มวกเหล็ก,175,0.0,0.0,0.0,,,True
1791513000,2026-10-09T02:30:00Z,บ้านเขว้า,124,0.0,0.0,0.0,,,True
1791513000,2026-10-09T02:30:00Z,คอนสวรรค์,113,0.0,0.0,0.0,,,True
1791513000,2026-10-09T02:30:00Z,เมืองชัยภูมิ,358,0.0,0.0,0.0,,,True
1791513000,2026-10-09T02:30:00Z,วังทอง,425,0.0,0.0,0.0,,,True
1791513000,2026-10-09T02:30:00Z,เนินมะปราง,276,0.0,0.0,0.0,,,True
1791513000,2026-10-09T02:30:00Z,สวรรคโลก,156,0.0,0.0,0.0,,,True
1791513000,2026-10-09T02:30:00Z,ศรีนคร,46,0.0,0.0,0.0,,,True
1791513000,2026-10-09T02:30:00Z,หันคา,139,0.0,0.0,0.0,,,True
1791513000,2026-10-09T02:30:00Z,ศรีสัชนาลัย,534,0.0,0.0,0.0,,,True
1791513000,2026-10-09T02:30:00Z,หนองมะโมง,76,0.0,0.0,0.0,,,True
1791513000,2026-10-09T02:30:00Z,ศรีสำโรง,142,0.0,0.0,0.0,,,True
1791513000,2026-10-09T02:30:00Z,สรรพยา,55,0.0,0.0,0.0,,,True
1791513000,2026-10-09T02:30:00Z,คีรีมาศ,171,0.0,0.0,0.0,,,True
1791513000,2026-10-09T02:30:00Z,สรรคบุรี,89,0.0,0.0,0.0,,,True
1791513000,2026-10-09T02:30:00Z,กงไกรลาศ,108,0.0,0.0,0.0,,,True
1791513000,2026-10-09T02:30:00Z,มโนรมย์,66,0.0,0.0,0.0,,,True
1791513000,2026-10-09T02:30:00Z,เมืองสุโขทัย,136,0.0,0.0,0.0,,,True
1791513000,2026-10-09T02:30:00Z,วัดสิงห์,67,0.0,0.0,0.0,,,True
1791513000,2026-10-09T02:30:00Z,บ้านด่านลานหอย,231,0.0,0.0,0.0,,,True
1791513000,2026-10-09T02:30:00Z,เมืองชัยนาท,70,0.0,0.0,0.0,,,True
1791513000,2026-10-09T02:30:00Z,เนินขาม,65,0.0,0.0,0.0,,,True
1791513000,2026-10-09T02:30:00Z,คอนสาร,334,0.0,0.0,0.0,,,True
1791513000,2026-10-09T02:30:00Z,ภักดีชุมพล,154,0.0,0.0,0.0,,,True
1791513000,2026-10-09T02:30:00Z,บ้านแท่น,76,0.0,0.0,0.0,,,True
1791513000,2026-10-09T02:30:00Z,แก้งคร้อ,168,0.0,0.0,0.0,,,True
1791513000,2026-10-09T02:30:00Z,ภูเขียว,201,0.0,0.0,0.0,,,True
1791513000,2026-10-09T02:30:00Z,หนองบัวระเหว,179,0.0,0.0,0.0,,,True
1791513000,2026-10-09T02:30:00Z,เทพสถิต,239,0.0,0.0,0.0,,,True
1791513000,2026-10-09T02:30:00Z,จัตุรัส,172,0.0,0.0,0.0,,,True
1791513000,2026-10-09T02:30:00Z,บำเหน็จณรงค์,120,0.0,0.0,0.0,,,True
1791513000,2026-10-09T02:30:00Z,เกษตรสมบูรณ์,268,0.0,0.0,0.0,,,True
1791513000,2026-10-09T02:30:00Z,หนองบัวแดง,537,0.0,0.0,0.0,,,True
1791513000,2026-10-09T02:30:00Z,ภูเรือ,168,0.0,0.0,0.0,,,True
1791513000,2026-10-09T02:30:00Z,ท่าลี่,171,0.0,0.0,0.0,,,True
1791513000,2026-10-09T02:30:00Z,วชิรบารมี,68,0.0,0.0,0.0,,,True
1791513000,2026-10-09T02:30:00Z,ด่านซ้าย,341,0.0,0.0,0.0,,,True
1791513000,2026-10-09T02:30:00Z,นาแห้ว,153,0.0,0.0,0.0,,,True
1791513000,2026-10-09T02:30:00Z,บึงนาราง,74,0.0,0.0,0.0,,,True
1791513000,2026-10-09T02:30:00Z,เชียงคาน,213,0.0,0.0,0.0,,,True
1791513000,2026-10-09T02:30:00Z,ดงเจริญ,56,0.0,0.0,0.0,,,True
1791513000,2026-10-09T02:30:00Z,ปากชม,240,0.0,0.0,0.0,,,True
1791513000,2026-10-09T02:30:00Z,เมืองเลย,314,0.0,0.0,0.0,,,True
1791513000,2026-10-09T02:30:00Z,นาด้วง,143,0.0,0.0,0.0,,,True
1791513000,2026-10-09T02:30:00Z,สากเหล็ก,45,0.0,0.0,0.0,,,True
1791513000,2026-10-09T02:30:00Z,สามง่าม,89,0.0,0.0,0.0,,,True
1791513000,2026-10-09T02:30:00Z,ทับคล้อ,104,0.0,0.0,0.0,,,True
1791513000,2026-10-09T02:30:00Z,พรหมพิราม,206,0.0,0.0,0.0,,,True
1791513000,2026-10-09T02:30:00Z,ด่านขุนทด,344,0.0,0.0,0.0,,,True
1791513000,2026-10-09T02:30:00Z,วัดโบสถ์,226,0.0,0.0,0.0,,,True
1791513000,2026-10-09T02:30:00Z,บางระกำ,246,0.0,0.0,0.0,,,True
1791513000,2026-10-09T02:30:00Z,บางกระทุ่ม,91,0.0,0.0,0.0,,,True
1791513000,2026-10-09T02:30:00Z,นครไทย,597,0.0,0.0,0.0,,,True
1791513000,2026-10-09T02:30:00Z,ชาติตระการ,415,0.0,0.0,0.0,,,True
1791513000,2026-10-09T02:30:00Z,บ้านเหลื่อม,55,0.0,0.0,0.0,,,True
1791513000,2026-10-09T02:30:00Z,เมืองพิษณุโลก,178,0.0,0.0,0.0,,,True
1791513000,2026-10-09T02:30:00Z,ชุมแสง,145,0.0,0.0,0.0,,,True
1791513000,2026-10-09T02:30:00Z,หนองบัว,208,0.0,0.0,0.0,,,True
1791513000,2026-10-09T02:30:00Z,เมืองนครสวรรค์,183,0.0,0.0,0.0,,,True
1791513000,2026-10-09T02:30:00Z,โกรกพระ,71,0.0,0.0,0.0,,,True
1791513000,2026-10-09T02:30:00Z,ไพศาลี,244,0.0,0.0,0.0,,,True
1791513000,2026-10-09T02:30:00Z,ตาคลี,206,0.0,0.0,0.0,,,True
1791513000,2026-10-09T02:30:00Z,ท่าตะโก,211,0.0,0.0,0.0,,,True
1791513000,2026-10-09T02:30:00Z,เขาค้อ,207,0.0,0.0,0.0,,,True
1791513000,2026-10-09T02:30:00Z,บรรพตพิสัย,181,0.0,0.0,0.0,,,True
1791513000,2026-10-09T02:30:00Z,เก้าเลี้ยว,57,0.0,0.0,0.0,,,True
1791513000,2026-10-09T02:30:00Z,วังโป่ง,123,0.0,0.0,0.0,,,True
1791513000,2026-10-09T02:30:00Z,บึงสามพัน,194,0.0,0.0,0.0,,,True
1791513000,2026-10-09T02:30:00Z,น้ำหนาว,231,0.0,0.0,0.0,,,True
1791513000,2026-10-09T02:30:00Z,ศรีเทพ,204,0.0,0.0,0.0,,,True
1791513000,2026-10-09T02:30:00Z,หนองไผ่,315,0.0,0.0,0.0,,,True
1791513000,2026-10-09T02:30:00Z,มหาราช,4,0.0,0.0,0.0,,,False
1791513000,2026-10-09T02:30:00Z,บ้านแพรก,10,0.0,0.0,0.0,,,True
1791513000,2026-10-09T02:30:00Z,บางมูลนาก,99,0.0,0.0,0.0,,,True
1791513000,2026-10-09T02:30:00Z,โพทะเล,131,0.0,0.0,0.0,,,True
1791513000,2026-10-09T02:30:00Z,โพธิ์ประทับช้าง,102,0.0,0.0,0.0,,,True
1791513000,2026-10-09T02:30:00Z,ตะพานหิน,109,0.0,0.0,0.0,,,True
1791513000,2026-10-09T02:30:00Z,เมืองพิจิตร,138,0.0,0.0,0.0,,,True
1791513000,2026-10-09T02:30:00Z,วังทรายพูน,66,0.0,0.0,0.0,,,True
1791513000,2026-10-09T02:30:00Z,พิชัย,176,0.0,0.0,0.0,,,True
1791513000,2026-10-09T02:30:00Z,ลับแล,116,0.0,0.0,0.0,,,True
1791513000,2026-10-09T02:30:00Z,ฟากท่า,163,0.0,0.0,0.0,,,True
1791513000,2026-10-09T02:30:00Z,บ้านโคก,247,0.0,0.0,0.0,,,True
1791513000,2026-10-09T02:30:00Z,ท่าปลา,442,0.0,0.0,0.0,,,True
1791513000,2026-10-09T02:30:00Z,น้ำปาด,363,0.0,0.0,0.0,,,True
1791513000,2026-10-09T02:30:00Z,เมืองอุตรดิตถ์,202,0.0,0.0,0.0,,,True
1791513000,2026-10-09T02:30:00Z,ตรอน,80,0.0,0.0,0.0,,,True
1791513000,2026-10-09T02:30:00Z,หล่มเก่า,246,0.0,0.0,0.0,,,True
1791513000,2026-10-09T02:30:00Z,วิเชียรบุรี,377,0.0,0.0,0.0,,,True
1791513000,2026-10-09T02:30:00Z,ชนแดน,279,0.0,0.0,0.0,,,True
1791513000,2026-10-09T02:30:00Z,หล่มสัก,350,0.0,0.0,0.0,,,True
1791513000,2026-10-09T02:30:00Z,เมืองเพชรบูรณ์,571,0.0,0.0,0.0,,,True
1791513000,2026-10-09T02:30:00Z,ทองแสนขัน,185,0.0,0.0,0.0,,,True
1791513000,2026-10-09T02:30:00Z,บึงสามัคคี,71,0.0,0.0,0.0,,,True
1791513000,2026-10-09T02:30:00Z,โกสัมพีนคร,137,0.0,0.0,0.0,,,True
1791513000,2026-10-09T02:30:00Z,สอง,380,0.0,0.0,0.0,,,True
1791513000,2026-10-09T02:30:00Z,วังชิ้น,255,0.0,0.0,0.0,,,True
1791513000,2026-10-09T02:30:00Z,สูงเม่น,88,0.0,0.0,0.0,,,True
1791513000,2026-10-09T02:30:00Z,เด่นชัย,135,0.0,0.0,0.0,,,True
1791513000,2026-10-09T02:30:00Z,ร้องกวาง,221,0.0,0.0,0.0,,,True
1791513000,2026-10-09T02:30:00Z,ลอง,317,0.0,0.0,0.0,,,True
1791513000,2026-10-09T02:30:00Z,เมืองแพร่,205,0.0,0.0,0.0,,,True
1791513000,2026-10-09T02:30:00Z,ทัพทัน,94,0.0,0.0,0.0,,,True
1791513000,2026-10-09T02:30:00Z,สว่างอารมณ์,110,0.0,0.0,0.0,,,True
1791513000,2026-10-09T02:30:00Z,เมืองอุทัยธานี,59,0.0,0.0,0.0,,,True
1791513000,2026-10-09T02:30:00Z,ห้วยคต,94,0.0,0.0,0.0,,,True
1791513000,2026-10-09T02:30:00Z,ศรีสวัสดิ์,440,0.0,0.0,0.0,,,True
1791513000,2026-10-09T02:30:00Z,บ้านไร่,821,0.0,0.0,0.0,,,True
1791513000,2026-10-09T02:30:00Z,ลานสัก,360,0.0,0.0,0.0,,,True
1791513000,2026-10-09T02:30:00Z,หนองฉาง,89,0.0,0.0,0.0,,,True
1791513000,2026-10-09T02:30:00Z,หนองขาหย่าง,43,0.0,0.0,0.0,,,True
1791513000,2026-10-09T02:30:00Z,เชียงม่วน,82,0.0,0.0,0.0,,,True
1791513000,2026-10-09T02:30:00Z,ดอกคำใต้,37,0.0,0.0,0.0,,,True
1791513000,2026-10-09T02:30:00Z,เมืองพะเยา,6,0.0,0.0,0.0,,,True
1791513000,2026-10-09T02:30:00Z,ทองผาภูมิ,851,0.0,0.0,0.0,,,True
1791513000,2026-10-09T02:30:00Z,สังขละบุรี,793,0.0,0.0,0.0,,,True
1791513000,2026-10-09T02:30:00Z,หนองม่วงไข่,35,0.0,0.0,0.0,,,True
1791513000,2026-10-09T02:30:00Z,ภูเวียง,81,0.0,0.0,0.0,,,True
1791513000,2026-10-09T02:30:00Z,มัญจาคีรี,50,0.0,0.0,0.0,,,True
1791513000,2026-10-09T02:30:00Z,หนองปรือ,104,0.0,0.0,0.0,,,True
1791513000,2026-10-09T02:30:00Z,เลาขวัญ,123,0.0,0.0,0.0,,,True
1791513000,2026-10-09T02:30:00Z,หนองนาคำ,43,0.0,0.0,0.0,,,True
1791513000,2026-10-09T02:30:00Z,โคกโพธิ์ไชย,65,0.0,0.0,0.0,,,True
1791513000,2026-10-09T02:30:00Z,บ้านหลวง,91,0.0,0.0,0.0,,,True
1791513000,2026-10-09T02:30:00Z,นาน้อย,266,0.0,0.0,0.0,,,True
1791513000,2026-10-09T02:30:00Z,ภูผาม่าน,74,0.0,0.0,0.0,,,True
1791513000,2026-10-09T02:30:00Z,เมืองน่าน,161,0.0,0.0,0.0,,,True
1791513000,2026-10-09T02:30:00Z,แม่จริม,262,0.0,0.0,0.0,,,True
1791513000,2026-10-09T02:30:00Z,เวียงเก่า,78,0.0,0.0,0.0,,,True
1791513000,2026-10-09T02:30:00Z,เมืองกำแพงเพชร,368,0.0,0.0,0.0,,,True
1791513000,2026-10-09T02:30:00Z,ไทรงาม,133,0.0,0.0,0.0,,,True
1791513000,2026-10-09T02:30:00Z,ปางศิลาทอง,186,0.0,0.0,0.0,,,True
1791513000,2026-10-09T02:30:00Z,ลานกระบือ,103,0.0,0.0,0.0,,,True
1791513000,2026-10-09T02:30:00Z,ทรายทองวัฒนา,53,0.0,0.0,0.0,,,True
1791513000,2026-10-09T02:30:00Z,คลองขลุง,179,0.0,0.0,0.0,,,True
1791513000,2026-10-09T02:30:00Z,พรานกระต่าย,252,0.0,0.0,0.0,,,True
1791513000,2026-10-09T02:30:00Z,คลองลาน,363,0.0,0.0,0.0,,,True
1791513000,2026-10-09T02:30:00Z,ขาณุวรลักษบุรี,296,0.0,0.0,0.0,,,True
1791513000,2026-10-09T02:30:00Z,ภูเพียง,113,0.0,0.0,0.0,,,True
1791513000,2026-10-09T02:30:00Z,นาหมื่น,245,0.0,0.0,0.0,,,True
1791513000,2026-10-09T02:30:00Z,เวียงสา,543,0.0,0.0,0.0,,,True
1791513000,2026-10-09T02:30:00Z,น้ำโสม,153,0.0,0.0,0.0,,,True
1791513000,2026-10-09T02:30:00Z,นายูง,126,0.0,0.0,0.0,,,True
1791513000,2026-10-09T02:30:00Z,ชุมแพ,173,0.0,0.0,0.0,,,True
1791513000,2026-10-09T02:30:00Z,สีชมพู,132,0.0,0.0,0.0,,,True
1791513000,2026-10-09T02:30:00Z,สุวรรณคูหา,140,0.0,0.0,0.0,,,True
1791513000,2026-10-09T02:30:00Z,นาวัง,65,0.0,0.0,0.0,,,True
1791513000,2026-10-09T02:30:00Z,หนองเรือ,80,0.0,0.0,0.0,,,True
1791513000,2026-10-09T02:30:00Z,โนนสัง,51,0.0,0.0,0.0,,,True
1791513000,2026-10-09T02:30:00Z,ศรีบุญเรือง,224,0.0,0.0,0.0,,,True
1791513000,2026-10-09T02:30:00Z,เมืองหนองบัวลำภู,217,0.0,0.0,0.0,,,True
1791513000,2026-10-09T02:30:00Z,นากลาง,173,0.0,0.0,0.0,,,True
1791513000,2026-10-09T02:30:00Z,ทุ่งเสลี่ยม,144,0.0,0.0,0.0,,,True
1791513000,2026-10-09T02:30:00Z,ดอยหล่อ,56,0.0,0.0,0.0,,,True
1791513000,2026-10-09T02:30:00Z,เมืองตาก,486,0.0,0.0,0.0,,,True
1791513000,2026-10-09T02:30:00Z,แม่ออน,116,0.0,0.0,0.0,,,True
1791513000,2026-10-09T02:30:00Z,อุ้มผาง,1209,0.001,0.098,0.0058,,15,True
1791513000,2026-10-09T02:30:00Z,วังเจ้า,183,0.0,0.0,0.0,,,True
1791513000,2026-10-09T02:30:00Z,แม่สอด,398,0.0,0.0,0.0,,,True
1791513000,2026-10-09T02:30:00Z,พบพระ,249,0.0,0.0,0.0,,,True
1791513000,2026-10-09T02:30:00Z,แม่ระมาด,380,0.0,0.0,0.0,,,True
1791513000,2026-10-09T02:30:00Z,ท่าสองยาง,401,0.0,0.0,0.0,,,True
1791513000,2026-10-09T02:30:00Z,บ้านตาก,255,0.0,0.0,0.0,,,True
1791513000,2026-10-09T02:30:00Z,สามเงา,698,0.0,0.0,0.0,,,True
1791513000,2026-10-09T02:30:00Z,จอมทอง,280,0.0,0.0,0.0,,,True
1791513000,2026-10-09T02:30:00Z,แก้งสนามนาง,79,0.0,0.0,0.0,,,True
1791513000,2026-10-09T02:30:00Z,สีคิ้ว,292,0.0,0.0,0.0,,,True
1791513000,2026-10-09T02:30:00Z,พระทองคำ,90,0.0,0.0,0.0,,,True
1791513000,2026-10-09T02:30:00Z,เทพารักษ์,92,0.0,0.0,0.0,,,True
1791513000,2026-10-09T02:30:00Z,สันกำแพง,65,0.0,0.0,0.0,,,True
1791513000,2026-10-09T02:30:00Z,สันป่าตอง,44,0.0,0.0,0.0,,,True
1791513000,2026-10-09T02:30:00Z,ดอยเต่า,213,0.0,0.0,0.0,,,True
1791513000,2026-10-09T02:30:00Z,อมก๋อย,704,0.0,0.0,0.0,,,True
1791513000,2026-10-09T02:30:00Z,ฮอด,378,0.0,0.0,0.0,,,True
1791513000,2026-10-09T02:30:00Z,เมืองลำพูน,117,0.0,0.0,0.0,,,True
1791513000,2026-10-09T02:30:00Z,แม่ทา,192,0.0,0.0,0.0,,,True
1791513000,2026-10-09T02:30:00Z,บ้านธิ,34,0.0,0.0,0.0,,,True
1791513000,2026-10-09T02:30:00Z,บ้านหมอ,24,0.0,0.0,0.0,,,True
1791513000,2026-10-09T02:30:00Z,เวียงหนองล่อง,14,0.0,0.0,0.0,,,True
1791513000,2026-10-09T02:30:00Z,ทุ่งหัวช้าง,113,0.0,0.0,0.0,,,True
1791513000,2026-10-09T02:30:00Z,ป่าซาง,74,0.0,0.0,0.0,,,True
1791513000,2026-10-09T02:30:00Z,บ้านโฮ่ง,124,0.0,0.0,0.0,,,True
1791513000,2026-10-09T02:30:00Z,แก่งคอย,73,0.0,0.0,0.0,,,True
1791513000,2026-10-09T02:30:00Z,ลี้,454,0.0,0.0,0.0,,,True
1791513000,2026-10-09T02:30:00Z,พระพุทธบาท,55,0.0,0.0,0.0,,,True
1791513000,2026-10-09T02:30:00Z,ดอนพุด,7,0.0,0.0,0.0,,,True
1791513000,2026-10-09T02:30:00Z,หนองโดน,31,0.0,0.0,0.0,,,True
1791513000,2026-10-09T02:30:00Z,เมืองลำปาง,300,0.0,0.0,0.0,,,True
1791513000,2026-10-09T02:30:00Z,เถิน,443,0.0,0.0,0.0,,,True
1791513000,2026-10-09T02:30:00Z,แม่พริก,167,0.0,0.0,0.0,,,True
1791513000,2026-10-09T02:30:00Z,แจ้ห่ม,274,0.0,0.0,0.0,,,True
1791513000,2026-10-09T02:30:00Z,แม่เปิน,85,0.0,0.0,0.0,,,True
1791513000,2026-10-09T02:30:00Z,เสริมงาม,185,0.0,0.0,0.0,,,True
1791513000,2026-10-09T02:30:00Z,ชุมตาบง,61,0.0,0.0,0.0,,,True
1791513000,2026-10-09T02:30:00Z,งาว,344,0.0,0.0,0.0,,,True
1791513000,2026-10-09T02:30:00Z,ตากฟ้า,125,0.0,0.0,0.0,,,True
1791513000,2026-10-09T02:30:00Z,แม่เมาะ,283,0.0,0.0,0.0,,,True
1791513000,2026-10-09T02:30:00Z,แม่วงก์,257,0.0,0.0,0.0,,,True
1791513000,2026-10-09T02:30:00Z,เกาะคา,128,0.0,0.0,0.0,,,True
1791513000,2026-10-09T02:30:00Z,พยุหะคีรี,169,0.0,0.0,0.0,,,True
1791513000,2026-10-09T02:30:00Z,ลาดยาว,187,0.0,0.0,0.0,,,True
1791513000,2026-10-09T02:30:00Z,สบปราบ,125,0.0,0.0,0.0,,,True
1791513000,2026-10-09T02:30:00Z,ห้างฉัตร,154,0.0,0.0,0.0,,,True
1791513000,2026-10-09T02:30:00Z,แม่ทะ,203,0.0,0.0,0.0,,,True
1791513000,2026-10-09T02:30:00Z,เมืองปาน,202,0.0,0.0,0.0,,,True
1791513000,2026-10-09T02:30:00Z,เมืองอ่างทอง,6,0.0,0.0,0.0,,,True
1791513000,2026-10-09T02:30:00Z,ไชโย,20,0.0,0.0,0.0,,,True
1791513000,2026-10-09T02:30:00Z,สามโก้,10,0.0,0.0,0.0,,,True
1791513000,2026-10-09T02:30:00Z,แสวงหา,43,0.0,0.0,0.0,,,True
1791513000,2026-10-09T02:30:00Z,วิเศษชัยชาญ,7,0.0,0.0,0.0,,,True
1791513000,2026-10-09T02:30:00Z,โพธิ์ทอง,48,0.0,0.0,0.0,,,True
1791513000,2026-10-09T02:30:00Z,เมืองลพบุรี,190,0.0,0.0,0.0,,,True
1791513000,2026-10-09T02:30:00Z,เดิมบางนางบวช,130,0.0,0.0,0.0,,,True
1791513000,2026-10-09T02:30:00Z,ด่านช้าง,309,0.0,0.0,0.0,,,True
1791513000,2026-10-09T02:30:00Z,หนองม่วง,111,0.0,0.0,0.0,,,True
1791513000,2026-10-09T02:30:00Z,ลำสนธิ,136,0.0,0.0,0.0,,,True
1791513000,2026-10-09T02:30:00Z,สามชุก,77,0.0,0.0,0.0,,,True
1791513000,2026-10-09T02:30:00Z,ดอนเจดีย์,72,0.0,0.0,0.0,,,True
1791513000,2026-10-09T02:30:00Z,สระโบสถ์,83,0.0,0.0,0.0,,,True
1791513000,2026-10-09T02:30:00Z,ศรีประจันต์,41,0.0,0.0,0.0,,,True
1791513000,2026-10-09T02:30:00Z,โคกเจริญ,135,0.0,0.0,0.0,,,True
1791513000,2026-10-09T02:30:00Z,บ้านหมี่,136,0.0,0.0,0.0,,,True
1791513000,2026-10-09T02:30:00Z,ท่าหลวง,100,0.0,0.0,0.0,,,True
1791513000,2026-10-09T02:30:00Z,ชัยบาดาล,280,0.0,0.0,0.0,,,True
1791513000,2026-10-09T02:30:00Z,ท่าวุ้ง,64,0.0,0.0,0.0,,,True
1791513000,2026-10-09T02:30:00Z,พัฒนานิคม,217,0.0,0.0,0.0,,,True
1791513000,2026-10-09T02:30:00Z,โคกสำโรง,180,0.0,0.0,0.0,,,True
1791513000,2026-10-09T02:30:00Z,หนองหญ้าไซ,108,0.0,0.0,0.0,,,True
1791513000,2026-10-09T02:30:00Z,ท่าช้าง,11,0.0,0.0,0.0,,,True
1791513000,2026-10-09T02:30:00Z,อินทร์บุรี,66,0.0,0.0,0.0,,,True
1791513000,2026-10-09T02:30:00Z,ค่ายบางระจัน,26,0.0,0.0,0.0,,,True
1791513000,2026-10-09T02:30:00Z,พรหมบุรี,19,0.0,0.0,0.0,,,True
1791513000,2026-10-09T02:30:00Z,เนินสง่า,65,0.0,0.0,0.0,,,True
1791513000,2026-10-09T02:30:00Z,เมืองสิงห์บุรี,31,0.0,0.0,0.0,,,True
1791513000,2026-10-09T02:30:00Z,ซับใหญ่,72,0.0,0.0,0.0,,,True
1791513000,2026-10-09T02:30:00Z,บางระจัน,46,0.0,0.0,0.0,,,True
1791513000,2026-10-09T02:30:00Z,ภูกระดึง,190,0.0,0.0,0.0,,,True
1791513000,2026-10-09T02:30:00Z,ภูหลวง,145,0.0,0.0,0.0,,,True
1791513000,2026-10-09T02:30:00Z,หนองหิน,78,0.0,0.0,0.0,,,True
1791513000,2026-10-09T02:30:00Z,ผาขาว,100,0.0,0.0,0.0,,,True
1791513000,2026-10-09T02:30:00Z,เอราวัณ,87,0.0,0.0,0.0,,,True
1791513000,2026-10-09T02:30:00Z,วังสะพุง,281,0.0,0.0,0.0,,,True
1791513000,2026-10-09T02:30:00Z,วังม่วง,70,0.0,0.0,0.0,,,True
1791513000,2026-10-09T02:30:00Z,เฉลิมพระเกียรติ,35,0.0,0.0,0.0,,,True
1791513000,2026-10-09T02:30:00Z,มวกเหล็ก,175,0.0,0.0,0.0,,,True
1791513000,2026-10-09T02:30:00Z,บ้านเขว้า,124,0.0,0.0,0.0,,,True
1791513000,2026-10-09T02:30:00Z,คอนสวรรค์,113,0.0,0.0,0.0,,,True
1791513000,2026-10-09T02:30:00Z,เมืองชัยภูมิ,358,0.0,0.0,0.0,,,True
1791513000,2026-10-09T02:30:00Z,วังทอง,425,0.0,0.0,0.0,,,True
1791513000,2026-10-09T02:30:00Z,เนินมะปราง,276,0.0,0.0,0.0,,,True
1791513000,2026-10-09T02:30:00Z,สวรรคโลก,156,0.0,0.0,0.0,,,True
1791513000,2026-10-09T02:30:00Z,ศรีนคร,46,0.0,0.0,0.0,,,True
1791513000,2026-10-09T02:30:00Z,หันคา,139,0.0,0.0,0.0,,,True
1791513000,2026-10-09T02:30:00Z,ศรีสัชนาลัย,534,0.0,0.0,0.0,,,True
1791513000,2026-10-09T02:30:00Z,หนองมะโมง,76,0.0,0.0,0.0,,,True
1791513000,2026-10-09T02:30:00Z,ศรีสำโรง,142,0.0,0.0,0.0,,,True
1791513000,2026-10-09T02:30:00Z,สรรพยา,55,0.0,0.0,0.0,,,True
1791513000,2026-10-09T02:30:00Z,คีรีมาศ,171,0.0,0.0,0.0,,,True
1791513000,2026-10-09T02:30:00Z,สรรคบุรี,89,0.0,0.0,0.0,,,True
1791513000,2026-10-09T02:30:00Z,กงไกรลาศ,108,0.0,0.0,0.0,,,True
1791513000,2026-10-09T02:30:00Z,มโนรมย์,66,0.0,0.0,0.0,,,True
1791513000,2026-10-09T02:30:00Z,เมืองสุโขทัย,136,0.0,0.0,0.0,,,True
1791513000,2026-10-09T02:30:00Z,วัดสิงห์,67,0.0,0.0,0.0,,,True
1791513000,2026-10-09T02:30:00Z,บ้านด่านลานหอย,231,0.0,0.0,0.0,,,True
1791513000,2026-10-09T02:30:00Z,เมืองชัยนาท,70,0.0,0.0,0.0,,,True
1791513000,2026-10-09T02:30:00Z,เนินขาม,65,0.0,0.0,0.0,,,True
1791513000,2026-10-09T02:30:00Z,คอนสาร,334,0.0,0.0,0.0,,,True
1791513000,2026-10-09T02:30:00Z,ภักดีชุมพล,154,0.0,0.0,0.0,,,True
1791513000,2026-10-09T02:30:00Z,บ้านแท่น,76,0.0,0.0,0.0,,,True
1791513000,2026-10-09T02:30:00Z,แก้งคร้อ,168,0.0,0.0,0.0,,,True
1791513000,2026-10-09T02:30:00Z,ภูเขียว,201,0.0,0.0,0.0,,,True
1791513000,2026-10-09T02:30:00Z,หนองบัวระเหว,179,0.0,0.0,0.0,,,True
1791513000,2026-10-09T02:30:00Z,เทพสถิต,239,0.0,0.0,0.0,,,True
1791513000,2026-10-09T02:30:00Z,จัตุรัส,172,0.0,0.0,0.0,,,True
1791513000,2026-10-09T02:30:00Z,บำเหน็จณรงค์,120,0.0,0.0,0.0,,,True
1791513000,2026-10-09T02:30:00Z,เกษตรสมบูรณ์,268,0.0,0.0,0.0,,,True
1791513000,2026-10-09T02:30:00Z,หนองบัวแดง,537,0.0,0.0,0.0,,,True
1791513000,2026-10-09T02:30:00Z,ภูเรือ,168,0.0,0.0,0.0,,,True
1791513000,2026-10-09T02:30:00Z,ท่าลี่,171,0.0,0.0,0.0,,,True
1791513000,2026-10-09T02:30:00Z,วชิรบารมี,68,0.0,0.0,0.0,,,True
1791513000,2026-10-09T02:30:00Z,ด่านซ้าย,341,0.0,0.0,0.0,,,True
1791513000,2026-10-09T02:30:00Z,นาแห้ว,153,0.0,0.0,0.0,,,True
1791513000,2026-10-09T02:30:00Z,บึงนาราง,74,0.0,0.0,0.0,,,True
1791513000,2026-10-09T02:30:00Z,เชียงคาน,213,0.0,0.0,0.0,,,True
1791513000,2026-10-09T02:30:00Z,ดงเจริญ,56,0.0,0.0,0.0,,,True
1791513000,2026-10-09T02:30:00Z,ปากชม,240,0.0,0.0,0.0,,,True
1791513000,2026-10-09T02:30:00Z,เมืองเลย,314,0.0,0.0,0.0,,,True
1791513000,2026-10-09T02:30:00Z,นาด้วง,143,0.0,0.0,0.0,,,True
1791513000,2026-10-09T02:30:00Z,สากเหล็ก,45,0.0,0.0,0.0,,,True
1791513000,2026-10-09T02:30:00Z,สามง่าม,89,0.0,0.0,0.0,,,True
1791513000,2026-10-09T02:30:00Z,ทับคล้อ,104,0.0,0.0,0.0,,,True
1791513000,2026-10-09T02:30:00Z,พรหมพิราม,206,0.0,0.0,0.0,,,True
1791513000,2026-10-09T02:30:00Z,ด่านขุนทด,344,0.0,0.0,0.0,,,True
1791513000,2026-10-09T02:30:00Z,วัดโบสถ์,226,0.0,0.0,0.0,,,True
1791513000,2026-10-09T02:30:00Z,บางระกำ,246,0.0,0.0,0.0,,,True
1791513000,2026-10-09T02:30:00Z,บางกระทุ่ม,91,0.0,0.0,0.0,,,True
1791513000,2026-10-09T02:30:00Z,นครไทย,597,0.0,0.0,0.0,,,True
1791513000,2026-10-09T02:30:00Z,ชาติตระการ,415,0.0,0.0,0.0,,,True
1791513000,2026-10-09T02:30:00Z,บ้านเหลื่อม,55,0.0,0.0,0.0,,,True
1791513000,2026-10-09T02:30:00Z,เมืองพิษณุโลก,178,0.0,0.0,0.0,,,True
1791513000,2026-10-09T02:30:00Z,ชุมแสง,145,0.0,0.0,0.0,,,True
1791513000,2026-10-09T02:30:00Z,หนองบัว,208,0.0,0.0,0.0,,,True
1791513000,2026-10-09T02:30:00Z,เมืองนครสวรรค์,183,0.0,0.0,0.0,,,True
1791513000,2026-10-09T02:30:00Z,โกรกพระ,71,0.0,0.0,0.0,,,True
1791513000,2026-10-09T02:30:00Z,ไพศาลี,244,0.0,0.0,0.0,,,True
1791513000,2026-10-09T02:30:00Z,ตาคลี,206,0.0,0.0,0.0,,,True
1791513000,2026-10-09T02:30:00Z,ท่าตะโก,211,0.0,0.0,0.0,,,True
1791513000,2026-10-09T02:30:00Z,เขาค้อ,207,0.0,0.0,0.0,,,True
1791513000,2026-10-09T02:30:00Z,บรรพตพิสัย,181,0.0,0.0,0.0,,,True
1791513000,2026-10-09T02:30:00Z,เก้าเลี้ยว,57,0.0,0.0,0.0,,,True
1791513000,2026-10-09T02:30:00Z,วังโป่ง,123,0.0,0.0,0.0,,,True
1791513000,2026-10-09T02:30:00Z,บึงสามพัน,194,0.0,0.0,0.0,,,True
1791513000,2026-10-09T02:30:00Z,น้ำหนาว,231,0.0,0.0,0.0,,,True
1791513000,2026-10-09T02:30:00Z,ศรีเทพ,204,0.0,0.0,0.0,,,True
1791513000,2026-10-09T02:30:00Z,หนองไผ่,315,0.0,0.0,0.0,,,True
1791513000,2026-10-09T02:30:00Z,มหาราช,4,0.0,0.0,0.0,,,False
1791513000,2026-10-09T02:30:00Z,บ้านแพรก,10,0.0,0.0,0.0,,,True
1791513000,2026-10-09T02:30:00Z,บางมูลนาก,99,0.0,0.0,0.0,,,True
1791513000,2026-10-09T02:30:00Z,โพทะเล,131,0.0,0.0,0.0,,,True
1791513000,2026-10-09T02:30:00Z,โพธิ์ประทับช้าง,102,0.0,0.0,0.0,,,True
1791513000,2026-10-09T02:30:00Z,ตะพานหิน,109,0.0,0.0,0.0,,,True
1791513000,2026-10-09T02:30:00Z,เมืองพิจิตร,138,0.0,0.0,0.0,,,True
1791513000,2026-10-09T02:30:00Z,วังทรายพูน,66,0.0,0.0,0.0,,,True
1791513900,2026-10-09T02:45:00Z,พิชัย,176,0.0,0.0,0.0,,,True
1791513900,2026-10-09T02:45:00Z,ลับแล,116,0.0,0.0,0.0,,,True
1791513900,2026-10-09T02:45:00Z,ฟากท่า,163,0.0,0.0,0.0,,,True
1791513900,2026-10-09T02:45:00Z,บ้านโคก,247,0.0,0.0,0.0,,,True
1791513900,2026-10-09T02:45:00Z,ท่าปลา,442,0.0,0.0,0.0,,,True
1791513900,2026-10-09T02:45:00Z,น้ำปาด,363,0.0,0.0,0.0,,,True
1791513900,2026-10-09T02:45:00Z,เมืองอุตรดิตถ์,202,0.0,0.0,0.0,,,True
1791513900,2026-10-09T02:45:00Z,ตรอน,80,0.0,0.0,0.0,,,True
1791513900,2026-10-09T02:45:00Z,หล่มเก่า,246,0.0,0.0,0.0,,,True
1791513900,2026-10-09T02:45:00Z,วิเชียรบุรี,377,0.0,0.0,0.0,,,True
1791513900,2026-10-09T02:45:00Z,ชนแดน,279,0.0,0.0,0.0,,,True
1791513900,2026-10-09T02:45:00Z,หล่มสัก,350,0.0,0.0,0.0,,,True
1791513900,2026-10-09T02:45:00Z,เมืองเพชรบูรณ์,571,0.0,0.0,0.0,,,True
1791513900,2026-10-09T02:45:00Z,ทองแสนขัน,185,0.0,0.0,0.0,,,True
1791513900,2026-10-09T02:45:00Z,บึงสามัคคี,71,0.0,0.0,0.0,,,True
1791513900,2026-10-09T02:45:00Z,โกสัมพีนคร,137,0.0,0.0,0.0,,,True
1791513900,2026-10-09T02:45:00Z,สอง,380,0.0,0.0,0.0,,,True
1791513900,2026-10-09T02:45:00Z,วังชิ้น,255,0.0,0.0,0.0,,,True
1791513900,2026-10-09T02:45:00Z,สูงเม่น,88,0.0,0.0,0.0,,,True
1791513900,2026-10-09T02:45:00Z,เด่นชัย,135,0.0,0.0,0.0,,,True
1791513900,2026-10-09T02:45:00Z,ร้องกวาง,221,0.0,0.0,0.0,,,True
1791513900,2026-10-09T02:45:00Z,ลอง,317,0.0,0.0,0.0,,,True
1791513900,2026-10-09T02:45:00Z,เมืองแพร่,205,0.0,0.0,0.0,,,True
1791513900,2026-10-09T02:45:00Z,ทัพทัน,94,0.0,0.0,0.0,,,True
1791513900,2026-10-09T02:45:00Z,สว่างอารมณ์,110,0.0,0.0,0.0,,,True
1791513900,2026-10-09T02:45:00Z,เมืองอุทัยธานี,59,0.0,0.0,0.0,,,True
1791513900,2026-10-09T02:45:00Z,ห้วยคต,94,0.0,0.0,0.0,,,True
1791513900,2026-10-09T02:45:00Z,ศรีสวัสดิ์,440,0.0,0.0,0.0,,,True
1791513900,2026-10-09T02:45:00Z,บ้านไร่,821,0.0,0.0,0.0,,,True
1791513900,2026-10-09T02:45:00Z,ลานสัก,360,0.0,0.0,0.0,,,True
1791513900,2026-10-09T02:45:00Z,หนองฉาง,89,0.0,0.0,0.0,,,True
1791513900,2026-10-09T02:45:00Z,หนองขาหย่าง,43,0.0,0.0,0.0,,,True
1791513900,2026-10-09T02:45:00Z,เชียงม่วน,82,0.0,0.0,0.0,,,True
1791513900,2026-10-09T02:45:00Z,ดอกคำใต้,37,0.0,0.0,0.0,,,True
1791513900,2026-10-09T02:45:00Z,เมืองพะเยา,6,0.0,0.0,0.0,,,True
1791513900,2026-10-09T02:45:00Z,ทองผาภูมิ,851,0.0,0.0,0.0,,,True
1791513900,2026-10-09T02:45:00Z,สังขละบุรี,793,0.0,0.0,0.0,,,True
1791513900,2026-10-09T02:45:00Z,หนองม่วงไข่,35,0.0,0.0,0.0,,,True
1791513900,2026-10-09T02:45:00Z,ภูเวียง,81,0.0,0.0,0.0,,,True
1791513900,2026-10-09T02:45:00Z,มัญจาคีรี,50,0.0,0.0,0.0,,,True
1791513900,2026-10-09T02:45:00Z,หนองปรือ,104,0.0,0.0,0.0,,,True
1791513900,2026-10-09T02:45:00Z,เลาขวัญ,123,0.0,0.0,0.0,,,True
1791513900,2026-10-09T02:45:00Z,หนองนาคำ,43,0.0,0.0,0.0,,,True
1791513900,2026-10-09T02:45:00Z,โคกโพธิ์ไชย,65,0.0,0.0,0.0,,,True
1791513900,2026-10-09T02:45:00Z,บ้านหลวง,91,0.0,0.0,0.0,,,True
1791513900,2026-10-09T02:45:00Z,นาน้อย,266,0.0,0.0,0.0,,,True
1791513900,2026-10-09T02:45:00Z,ภูผาม่าน,74,0.0,0.0,0.0,,,True
1791513900,2026-10-09T02:45:00Z,เมืองน่าน,161,0.0,0.0,0.0,,,True
1791513900,2026-10-09T02:45:00Z,แม่จริม,262,0.0,0.0,0.0,,,True
1791513900,2026-10-09T02:45:00Z,เวียงเก่า,78,0.0,0.0,0.0,,,True
1791513900,2026-10-09T02:45:00Z,เมืองกำแพงเพชร,368,0.0,0.0,0.0,,,True
1791513900,2026-10-09T02:45:00Z,ไทรงาม,133,0.0,0.0,0.0,,,True
1791513900,2026-10-09T02:45:00Z,ปางศิลาทอง,186,0.0,0.0,0.0,,,True
1791513900,2026-10-09T02:45:00Z,ลานกระบือ,103,0.0,0.0,0.0,,,True
1791513900,2026-10-09T02:45:00Z,ทรายทองวัฒนา,53,0.0,0.0,0.0,,,True
1791513900,2026-10-09T02:45:00Z,คลองขลุง,179,0.0,0.0,0.0,,,True
1791513900,2026-10-09T02:45:00Z,พรานกระต่าย,252,0.0,0.0,0.0,,,True
1791513900,2026-10-09T02:45:00Z,คลองลาน,363,0.0,0.0,0.0,,,True
1791513900,2026-10-09T02:45:00Z,ขาณุวรลักษบุรี,296,0.0,0.0,0.0,,,True
1791513900,2026-10-09T02:45:00Z,ภูเพียง,113,0.0,0.0,0.0,,,True
1791513900,2026-10-09T02:45:00Z,นาหมื่น,245,0.0,0.0,0.0,,,True
1791513900,2026-10-09T02:45:00Z,เวียงสา,543,0.0,0.0,0.0,,,True
1791513900,2026-10-09T02:45:00Z,น้ำโสม,153,0.0,0.0,0.0,,,True
1791513900,2026-10-09T02:45:00Z,นายูง,126,0.0,0.0,0.0,,,True
1791513900,2026-10-09T02:45:00Z,ชุมแพ,173,0.0,0.0,0.0,,,True
1791513900,2026-10-09T02:45:00Z,สีชมพู,132,0.0,0.0,0.0,,,True
1791513900,2026-10-09T02:45:00Z,สุวรรณคูหา,140,0.0,0.0,0.0,,,True
1791513900,2026-10-09T02:45:00Z,นาวัง,65,0.0,0.0,0.0,,,True
1791513900,2026-10-09T02:45:00Z,หนองเรือ,80,0.0,0.0,0.0,,,True
1791513900,2026-10-09T02:45:00Z,โนนสัง,51,0.0,0.0,0.0,,,True
1791513900,2026-10-09T02:45:00Z,ศรีบุญเรือง,224,0.0,0.0,0.0,,,True
1791513900,2026-10-09T02:45:00Z,เมืองหนองบัวลำภู,217,0.0,0.0,0.0,,,True
1791513900,2026-10-09T02:45:00Z,นากลาง,173,0.0,0.0,0.0,,,True
1791513900,2026-10-09T02:45:00Z,ทุ่งเสลี่ยม,144,0.0,0.0,0.0,,,True
1791513900,2026-10-09T02:45:00Z,ดอยหล่อ,56,0.0,0.0,0.0,,,True
1791513900,2026-10-09T02:45:00Z,เมืองตาก,486,0.0,0.0,0.0,,,True
1791513900,2026-10-09T02:45:00Z,แม่ออน,116,0.0,0.0,0.0,,,True
1791513900,2026-10-09T02:45:00Z,อุ้มผาง,1209,0.0,0.0,0.0,,,True
1791513900,2026-10-09T02:45:00Z,วังเจ้า,183,0.0,0.0,0.0,,,True
1791513900,2026-10-09T02:45:00Z,แม่สอด,398,0.0,0.0,0.0,,,True
1791513900,2026-10-09T02:45:00Z,พบพระ,249,0.0,0.0,0.0,,,True
1791513900,2026-10-09T02:45:00Z,แม่ระมาด,380,0.0,0.0,0.0,,,True
1791513900,2026-10-09T02:45:00Z,ท่าสองยาง,401,0.0,0.0,0.0,,,True
1791513900,2026-10-09T02:45:00Z,บ้านตาก,255,0.0,0.0,0.0,,,True
1791513900,2026-10-09T02:45:00Z,สามเงา,698,0.0,0.0,0.0,,,True
1791513900,2026-10-09T02:45:00Z,จอมทอง,280,0.0,0.0,0.0,,,True
1791513900,2026-10-09T02:45:00Z,แก้งสนามนาง,79,0.0,0.0,0.0,,,True
1791513900,2026-10-09T02:45:00Z,สีคิ้ว,292,0.0,0.0,0.0,,,True
1791513900,2026-10-09T02:45:00Z,พระทองคำ,90,0.0,0.0,0.0,,,True
1791513900,2026-10-09T02:45:00Z,เทพารักษ์,92,0.0,0.0,0.0,,,True
1791513900,2026-10-09T02:45:00Z,สันกำแพง,65,0.0,0.0,0.0,,,True
1791513900,2026-10-09T02:45:00Z,สันป่าตอง,44,0.0,0.0,0.0,,,True
1791513900,2026-10-09T02:45:00Z,ดอยเต่า,213,0.0,0.0,0.0,,,True
1791513900,2026-10-09T02:45:00Z,อมก๋อย,704,0.0,0.0,0.0,,,True
1791513900,2026-10-09T02:45:00Z,ฮอด,378,0.0,0.0,0.0,,,True
1791513900,2026-10-09T02:45:00Z,เมืองลำพูน,117,0.0,0.0,0.0,,,True
1791513900,2026-10-09T02:45:00Z,แม่ทา,192,0.0,0.0,0.0,,,True
1791513900,2026-10-09T02:45:00Z,บ้านธิ,34,0.0,0.0,0.0,,,True
1791513900,2026-10-09T02:45:00Z,บ้านหมอ,24,0.0,0.0,0.0,,,True
1791513900,2026-10-09T02:45:00Z,เวียงหนองล่อง,14,0.0,0.0,0.0,,,True
1791513900,2026-10-09T02:45:00Z,ทุ่งหัวช้าง,113,0.0,0.0,0.0,,,True
1791513900,2026-10-09T02:45:00Z,ป่าซาง,74,0.0,0.0,0.0,,,True
1791513900,2026-10-09T02:45:00Z,บ้านโฮ่ง,124,0.0,0.0,0.0,,,True
1791513900,2026-10-09T02:45:00Z,แก่งคอย,73,0.0,0.0,0.0,,,True
1791513900,2026-10-09T02:45:00Z,ลี้,454,0.0,0.0,0.0,,,True
1791513900,2026-10-09T02:45:00Z,พระพุทธบาท,55,0.0,0.0,0.0,,,True
1791513900,2026-10-09T02:45:00Z,ดอนพุด,7,0.0,0.0,0.0,,,True
1791513900,2026-10-09T02:45:00Z,หนองโดน,31,0.0,0.0,0.0,,,True
1791513900,2026-10-09T02:45:00Z,เมืองลำปาง,300,0.0,0.0,0.0,,,True
1791513900,2026-10-09T02:45:00Z,เถิน,443,0.0,0.0,0.0,,,True
1791513900,2026-10-09T02:45:00Z,แม่พริก,167,0.0,0.0,0.0,,,True
1791513900,2026-10-09T02:45:00Z,แจ้ห่ม,274,0.0,0.0,0.0,,,True
1791513900,2026-10-09T02:45:00Z,แม่เปิน,85,0.0,0.0,0.0,,,True
1791513900,2026-10-09T02:45:00Z,เสริมงาม,185,0.0,0.0,0.0,,,True
1791513900,2026-10-09T02:45:00Z,ชุมตาบง,61,0.002,0.098,0.0164,,105,True
1791513900,2026-10-09T02:45:00Z,งาว,344,0.0,0.0,0.0,,,True
1791513900,2026-10-09T02:45:00Z,ตากฟ้า,125,0.0,0.0,0.0,,,True
1791513900,2026-10-09T02:45:00Z,แม่เมาะ,283,0.0,0.0,0.0,,,True
1791513900,2026-10-09T02:45:00Z,แม่วงก์,257,0.0,0.0,0.0,,,True
1791513900,2026-10-09T02:45:00Z,เกาะคา,128,0.0,0.0,0.0,,,True
1791513900,2026-10-09T02:45:00Z,พยุหะคีรี,169,0.0,0.0,0.0,,,True
1791513900,2026-10-09T02:45:00Z,ลาดยาว,187,0.0,0.0,0.0,,,True
1791513900,2026-10-09T02:45:00Z,สบปราบ,125,0.0,0.0,0.0,,,True
1791513900,2026-10-09T02:45:00Z,ห้างฉัตร,154,0.0,0.0,0.0,,,True
1791513900,2026-10-09T02:45:00Z,แม่ทะ,203,0.0,0.0,0.0,,,True
1791513900,2026-10-09T02:45:00Z,เมืองปาน,202,0.0,0.0,0.0,,,True
1791513900,2026-10-09T02:45:00Z,เมืองอ่างทอง,6,0.0,0.0,0.0,,,True
1791513900,2026-10-09T02:45:00Z,ไชโย,20,0.0,0.0,0.0,,,True
1791513900,2026-10-09T02:45:00Z,สามโก้,10,0.0,0.0,0.0,,,True
1791513900,2026-10-09T02:45:00Z,แสวงหา,43,0.0,0.0,0.0,,,True
1791513900,2026-10-09T02:45:00Z,วิเศษชัยชาญ,7,0.0,0.0,0.0,,,True
1791513900,2026-10-09T02:45:00Z,โพธิ์ทอง,48,0.0,0.0,0.0,,,True
1791513900,2026-10-09T02:45:00Z,เมืองลพบุรี,190,0.0,0.0,0.0,,,True
1791513900,2026-10-09T02:45:00Z,เดิมบางนางบวช,130,0.0,0.0,0.0,,,True
1791513900,2026-10-09T02:45:00Z,ด่านช้าง,309,0.0,0.0,0.0,,,True
1791513900,2026-10-09T02:45:00Z,หนองม่วง,111,0.0,0.0,0.0,,,True
1791513900,2026-10-09T02:45:00Z,ลำสนธิ,136,0.0,0.0,0.0,,,True
1791513900,2026-10-09T02:45:00Z,สามชุก,77,0.0,0.0,0.0,,,True
1791513900,2026-10-09T02:45:00Z,ดอนเจดีย์,72,0.0,0.0,0.0,,,True
1791513900,2026-10-09T02:45:00Z,สระโบสถ์,83,0.0,0.0,0.0,,,True
1791513900,2026-10-09T02:45:00Z,ศรีประจันต์,41,0.0,0.0,0.0,,,True
1791513900,2026-10-09T02:45:00Z,โคกเจริญ,135,0.0,0.0,0.0,,,True
1791513900,2026-10-09T02:45:00Z,บ้านหมี่,136,0.0,0.0,0.0,,,True
1791513900,2026-10-09T02:45:00Z,ท่าหลวง,100,0.0,0.0,0.0,,,True
1791513900,2026-10-09T02:45:00Z,ชัยบาดาล,280,0.0,0.0,0.0,,,True
1791513900,2026-10-09T02:45:00Z,ท่าวุ้ง,64,0.0,0.0,0.0,,,True
1791513900,2026-10-09T02:45:00Z,พัฒนานิคม,217,0.0,0.0,0.0,,,True
1791513900,2026-10-09T02:45:00Z,โคกสำโรง,180,0.0,0.0,0.0,,,True
1791513900,2026-10-09T02:45:00Z,หนองหญ้าไซ,108,0.0,0.0,0.0,,,True
1791513900,2026-10-09T02:45:00Z,ท่าช้าง,11,0.0,0.0,0.0,,,True
1791513900,2026-10-09T02:45:00Z,อินทร์บุรี,66,0.0,0.0,0.0,,,True
1791513900,2026-10-09T02:45:00Z,ค่ายบางระจัน,26,0.0,0.0,0.0,,,True
1791513900,2026-10-09T02:45:00Z,พรหมบุรี,19,0.0,0.0,0.0,,,True
1791513900,2026-10-09T02:45:00Z,เนินสง่า,65,0.0,0.0,0.0,,,True
1791513900,2026-10-09T02:45:00Z,เมืองสิงห์บุรี,31,0.0,0.0,0.0,,,True
1791513900,2026-10-09T02:45:00Z,ซับใหญ่,72,0.0,0.0,0.0,,,True
1791513900,2026-10-09T02:45:00Z,บางระจัน,46,0.0,0.0,0.0,,,True
1791513900,2026-10-09T02:45:00Z,ภูกระดึง,190,0.0,0.0,0.0,,,True
1791513900,2026-10-09T02:45:00Z,ภูหลวง,145,0.0,0.0,0.0,,,True
1791513900,2026-10-09T02:45:00Z,หนองหิน,78,0.0,0.0,0.0,,,True
1791513900,2026-10-09T02:45:00Z,ผาขาว,100,0.0,0.0,0.0,,,True
1791513900,2026-10-09T02:45:00Z,เอราวัณ,87,0.0,0.0,0.0,,,True
1791513900,2026-10-09T02:45:00Z,วังสะพุง,281,0.0,0.0,0.0,,,True
1791513900,2026-10-09T02:45:00Z,วังม่วง,70,0.0,0.0,0.0,,,True
1791513900,2026-10-09T02:45:00Z,เฉลิมพระเกียรติ,35,0.0,0.0,0.0,,,True
1791513900,2026-10-09T02:45:00Z,มวกเหล็ก,175,0.0,0.0,0.0,,,True
1791513900,2026-10-09T02:45:00Z,บ้านเขว้า,124,0.0,0.0,0.0,,,True
1791513900,2026-10-09T02:45:00Z,คอนสวรรค์,113,0.0,0.0,0.0,,,True
1791513900,2026-10-09T02:45:00Z,เมืองชัยภูมิ,358,0.0,0.0,0.0,,,True
1791513900,2026-10-09T02:45:00Z,วังทอง,425,0.0,0.0,0.0,,,True
1791513900,2026-10-09T02:45:00Z,เนินมะปราง,276,0.0,0.0,0.0,,,True
1791513900,2026-10-09T02:45:00Z,สวรรคโลก,156,0.0,0.0,0.0,,,True
1791513900,2026-10-09T02:45:00Z,ศรีนคร,46,0.0,0.0,0.0,,,True
1791513900,2026-10-09T02:45:00Z,หันคา,139,0.0,0.0,0.0,,,True
1791513900,2026-10-09T02:45:00Z,ศรีสัชนาลัย,534,0.0,0.0,0.0,,,True
1791513900,2026-10-09T02:45:00Z,หนองมะโมง,76,0.0,0.0,0.0,,,True
1791513900,2026-10-09T02:45:00Z,ศรีสำโรง,142,0.0,0.0,0.0,,,True
1791513900,2026-10-09T02:45:00Z,สรรพยา,55,0.0,0.0,0.0,,,True
1791513900,2026-10-09T02:45:00Z,คีรีมาศ,171,0.0,0.0,0.0,,,True
1791513900,2026-10-09T02:45:00Z,สรรคบุรี,89,0.0,0.0,0.0,,,True
1791513900,2026-10-09T02:45:00Z,กงไกรลาศ,108,0.0,0.0,0.0,,,True
1791513900,2026-10-09T02:45:00Z,มโนรมย์,66,0.0,0.0,0.0,,,True
1791513900,2026-10-09T02:45:00Z,เมืองสุโขทัย,136,0.0,0.0,0.0,,,True
1791513900,2026-10-09T02:45:00Z,วัดสิงห์,67,0.0,0.0,0.0,,,True
1791513900,2026-10-09T02:45:00Z,บ้านด่านลานหอย,231,0.0,0.0,0.0,,,True
1791513900,2026-10-09T02:45:00Z,เมืองชัยนาท,70,0.0,0.0,0.0,,,True
1791513900,2026-10-09T02:45:00Z,เนินขาม,65,0.0,0.0,0.0,,,True
1791513900,2026-10-09T02:45:00Z,คอนสาร,334,0.0,0.0,0.0,,,True
1791513900,2026-10-09T02:45:00Z,ภักดีชุมพล,154,0.0,0.0,0.0,,,True
1791513900,2026-10-09T02:45:00Z,บ้านแท่น,76,0.0,0.0,0.0,,,True
1791513900,2026-10-09T02:45:00Z,แก้งคร้อ,168,0.0,0.0,0.0,,,True
1791513900,2026-10-09T02:45:00Z,ภูเขียว,201,0.0,0.0,0.0,,,True
1791513900,2026-10-09T02:45:00Z,หนองบัวระเหว,179,0.0,0.0,0.0,,,True
1791513900,2026-10-09T02:45:00Z,เทพสถิต,239,0.0,0.0,0.0,,,True
1791513900,2026-10-09T02:45:00Z,จัตุรัส,172,0.0,0.0,0.0,,,True
1791513900,2026-10-09T02:45:00Z,บำเหน็จณรงค์,120,0.0,0.0,0.0,,,True
1791513900,2026-10-09T02:45:00Z,เกษตรสมบูรณ์,268,0.0,0.0,0.0,,,True
1791513900,2026-10-09T02:45:00Z,หนองบัวแดง,537,0.0,0.0,0.0,,,True
1791513900,2026-10-09T02:45:00Z,ภูเรือ,168,0.0,0.0,0.0,,,True
1791513900,2026-10-09T02:45:00Z,ท่าลี่,171,0.0,0.0,0.0,,,True
1791513900,2026-10-09T02:45:00Z,วชิรบารมี,68,0.0,0.0,0.0,,,True
1791513900,2026-10-09T02:45:00Z,ด่านซ้าย,341,0.0,0.0,0.0,,,True
1791513900,2026-10-09T02:45:00Z,นาแห้ว,153,0.0,0.0,0.0,,,True
1791513900,2026-10-09T02:45:00Z,บึงนาราง,74,0.0,0.0,0.0,,,True
1791513900,2026-10-09T02:45:00Z,เชียงคาน,213,0.0,0.0,0.0,,,True
1791513900,2026-10-09T02:45:00Z,ดงเจริญ,56,0.0,0.0,0.0,,,True
1791513900,2026-10-09T02:45:00Z,ปากชม,240,0.0,0.0,0.0,,,True
1791513900,2026-10-09T02:45:00Z,เมืองเลย,314,0.0,0.0,0.0,,,True
1791513900,2026-10-09T02:45:00Z,นาด้วง,143,0.0,0.0,0.0,,,True
1791513900,2026-10-09T02:45:00Z,สากเหล็ก,45,0.0,0.0,0.0,,,True
1791513900,2026-10-09T02:45:00Z,สามง่าม,89,0.0,0.0,0.0,,,True
1791513900,2026-10-09T02:45:00Z,ทับคล้อ,104,0.0,0.0,0.0,,,True
1791513900,2026-10-09T02:45:00Z,พรหมพิราม,206,0.0,0.0,0.0,,,True
1791513900,2026-10-09T02:45:00Z,ด่านขุนทด,344,0.0,0.0,0.0,,,True
1791513900,2026-10-09T02:45:00Z,วัดโบสถ์,226,0.0,0.0,0.0,,,True
1791513900,2026-10-09T02:45:00Z,บางระกำ,246,0.0,0.0,0.0,,,True
1791513900,2026-10-09T02:45:00Z,บางกระทุ่ม,91,0.0,0.0,0.0,,,True
1791513900,2026-10-09T02:45:00Z,นครไทย,597,0.0,0.0,0.0,,,True
1791513900,2026-10-09T02:45:00Z,ชาติตระการ,415,0.0,0.0,0.0,,,True
1791513900,2026-10-09T02:45:00Z,บ้านเหลื่อม,55,0.0,0.0,0.0,,,True
1791513900,2026-10-09T02:45:00Z,เมืองพิษณุโลก,178,0.0,0.0,0.0,,,True
1791513900,2026-10-09T02:45:00Z,ชุมแสง,145,0.0,0.0,0.0,,,True
1791513900,2026-10-09T02:45:00Z,หนองบัว,208,0.0,0.0,0.0,,,True
1791513900,2026-10-09T02:45:00Z,เมืองนครสวรรค์,183,0.0,0.0,0.0,,,True
1791513900,2026-10-09T02:45:00Z,โกรกพระ,71,0.0,0.0,0.0,,,True
1791513900,2026-10-09T02:45:00Z,ไพศาลี,244,0.0,0.0,0.0,,,True
1791513900,2026-10-09T02:45:00Z,ตาคลี,206,0.0,0.0,0.0,,,True
1791513900,2026-10-09T02:45:00Z,ท่าตะโก,211,0.0,0.0,0.0,,,True
1791513900,2026-10-09T02:45:00Z,เขาค้อ,207,0.0,0.0,0.0,,,True
1791513900,2026-10-09T02:45:00Z,บรรพตพิสัย,181,0.0,0.0,0.0,,,True
1791513900,2026-10-09T02:45:00Z,เก้าเลี้ยว,57,0.0,0.0,0.0,,,True
1791513900,2026-10-09T02:45:00Z,วังโป่ง,123,0.0,0.0,0.0,,,True
1791513900,2026-10-09T02:45:00Z,บึงสามพัน,194,0.0,0.0,0.0,,,True
1791513900,2026-10-09T02:45:00Z,น้ำหนาว,231,0.0,0.0,0.0,,,True
1791513900,2026-10-09T02:45:00Z,ศรีเทพ,204,0.0,0.0,0.0,,,True
1791513900,2026-10-09T02:45:00Z,หนองไผ่,315,0.0,0.0,0.0,,,True
1791513900,2026-10-09T02:45:00Z,มหาราช,4,0.0,0.0,0.0,,,False
1791513900,2026-10-09T02:45:00Z,บ้านแพรก,10,0.0,0.0,0.0,,,True
1791513900,2026-10-09T02:45:00Z,บางมูลนาก,99,0.0,0.0,0.0,,,True
1791513900,2026-10-09T02:45:00Z,โพทะเล,131,0.0,0.0,0.0,,,True
1791513900,2026-10-09T02:45:00Z,โพธิ์ประทับช้าง,102,0.0,0.0,0.0,,,True
1791513900,2026-10-09T02:45:00Z,ตะพานหิน,109,0.0,0.0,0.0,,,True
1791513900,2026-10-09T02:45:00Z,เมืองพิจิตร,138,0.0,0.0,0.0,,,True
1791513900,2026-10-09T02:45:00Z,วังทรายพูน,66,0.0,0.0,0.0,,,True
1791514800,2026-10-09T03:00:00Z,พิชัย,176,0.0,0.0,0.0,,,True
1791514800,2026-10-09T03:00:00Z,ลับแล,116,0.0,0.0,0.0,,,True
1791514800,2026-10-09T03:00:00Z,ฟากท่า,163,0.0,0.0,0.0,,,True
1791514800,2026-10-09T03:00:00Z,บ้านโคก,247,0.0,0.0,0.0,,,True
1791514800,2026-10-09T03:00:00Z,ท่าปลา,442,0.0,0.0,0.0,,,True
1791514800,2026-10-09T03:00:00Z,น้ำปาด,363,0.0,0.0,0.0,,,True
1791514800,2026-10-09T03:00:00Z,เมืองอุตรดิตถ์,202,0.0,0.0,0.0,,,True
1791514800,2026-10-09T03:00:00Z,ตรอน,80,0.0,0.0,0.0,,,True
1791514800,2026-10-09T03:00:00Z,หล่มเก่า,246,0.0,0.0,0.0,,,True
1791514800,2026-10-09T03:00:00Z,วิเชียรบุรี,377,0.0,0.0,0.0,,,True
1791514800,2026-10-09T03:00:00Z,ชนแดน,279,0.0,0.0,0.0,,,True
1791514800,2026-10-09T03:00:00Z,หล่มสัก,350,0.0,0.0,0.0,,,True
1791514800,2026-10-09T03:00:00Z,เมืองเพชรบูรณ์,571,0.0,0.0,0.0,,,True
1791514800,2026-10-09T03:00:00Z,ทองแสนขัน,185,0.0,0.0,0.0,,,True
1791514800,2026-10-09T03:00:00Z,บึงสามัคคี,71,0.0,0.0,0.0,,,True
1791514800,2026-10-09T03:00:00Z,โกสัมพีนคร,137,0.0,0.0,0.0,,,True
1791514800,2026-10-09T03:00:00Z,สอง,380,0.0,0.0,0.0,,,True
1791514800,2026-10-09T03:00:00Z,วังชิ้น,255,0.0,0.0,0.0,,,True
1791514800,2026-10-09T03:00:00Z,สูงเม่น,88,0.0,0.0,0.0,,,True
1791514800,2026-10-09T03:00:00Z,เด่นชัย,135,0.0,0.0,0.0,,,True
1791514800,2026-10-09T03:00:00Z,ร้องกวาง,221,0.0,0.0,0.0,,,True
1791514800,2026-10-09T03:00:00Z,ลอง,317,0.0,0.0,0.0,,,True
1791514800,2026-10-09T03:00:00Z,เมืองแพร่,205,0.0,0.0,0.0,,,True
1791514800,2026-10-09T03:00:00Z,ทัพทัน,94,0.0,0.0,0.0,,,True
1791514800,2026-10-09T03:00:00Z,สว่างอารมณ์,110,0.0,0.0,0.0,,,True
1791514800,2026-10-09T03:00:00Z,เมืองอุทัยธานี,59,0.0,0.0,0.0,,,True
1791514800,2026-10-09T03:00:00Z,ห้วยคต,94,0.0,0.0,0.0,,,True
1791514800,2026-10-09T03:00:00Z,ศรีสวัสดิ์,440,0.0,0.0,0.0,,,True
1791514800,2026-10-09T03:00:00Z,บ้านไร่,821,0.0,0.0,0.0,,,True
1791514800,2026-10-09T03:00:00Z,ลานสัก,360,0.0,0.0,0.0,,,True
1791514800,2026-10-09T03:00:00Z,หนองฉาง,89,0.0,0.0,0.0,,,True
1791514800,2026-10-09T03:00:00Z,หนองขาหย่าง,43,0.0,0.0,0.0,,,True
1791514800,2026-10-09T03:00:00Z,เชียงม่วน,82,0.0,0.0,0.0,,,True
1791514800,2026-10-09T03:00:00Z,ดอกคำใต้,37,0.0,0.0,0.0,,,True
1791514800,2026-10-09T03:00:00Z,เมืองพะเยา,6,0.0,0.0,0.0,,,True
1791514800,2026-10-09T03:00:00Z,ทองผาภูมิ,851,0.0,0.0,0.0,,,True
1791514800,2026-10-09T03:00:00Z,สังขละบุรี,793,0.0,0.0,0.0,,,True
1791514800,2026-10-09T03:00:00Z,หนองม่วงไข่,35,0.0,0.0,0.0,,,True
1791514800,2026-10-09T03:00:00Z,ภูเวียง,81,0.0,0.0,0.0,,,True
1791514800,2026-10-09T03:00:00Z,มัญจาคีรี,50,0.0,0.0,0.0,,,True
1791514800,2026-10-09T03:00:00Z,หนองปรือ,104,0.0,0.0,0.0,,,True
1791514800,2026-10-09T03:00:00Z,เลาขวัญ,123,0.0,0.0,0.0,,,True
1791514800,2026-10-09T03:00:00Z,หนองนาคำ,43,0.0,0.0,0.0,,,True
1791514800,2026-10-09T03:00:00Z,โคกโพธิ์ไชย,65,0.0,0.0,0.0,,,True
1791514800,2026-10-09T03:00:00Z,บ้านหลวง,91,0.0,0.0,0.0,,,True
1791514800,2026-10-09T03:00:00Z,นาน้อย,266,0.0,0.0,0.0,,,True
1791514800,2026-10-09T03:00:00Z,ภูผาม่าน,74,0.0,0.0,0.0,,,True
1791514800,2026-10-09T03:00:00Z,เมืองน่าน,161,0.0,0.0,0.0,,,True
1791514800,2026-10-09T03:00:00Z,แม่จริม,262,0.0,0.0,0.0,,,True
1791514800,2026-10-09T03:00:00Z,เวียงเก่า,78,0.0,0.0,0.0,,,True
1791514800,2026-10-09T03:00:00Z,เมืองกำแพงเพชร,368,0.0,0.0,0.0,,,True
1791514800,2026-10-09T03:00:00Z,ไทรงาม,133,0.0,0.0,0.0,,,True
1791514800,2026-10-09T03:00:00Z,ปางศิลาทอง,186,0.0,0.0,0.0,,,True
1791514800,2026-10-09T03:00:00Z,ลานกระบือ,103,0.0,0.0,0.0,,,True
1791514800,2026-10-09T03:00:00Z,ทรายทองวัฒนา,53,0.0,0.0,0.0,,,True
1791514800,2026-10-09T03:00:00Z,คลองขลุง,179,0.0,0.0,0.0,,,True
1791514800,2026-10-09T03:00:00Z,พรานกระต่าย,252,0.0,0.0,0.0,,,True
1791514800,2026-10-09T03:00:00Z,คลองลาน,363,0.0,0.0,0.0,,,True
1791514800,2026-10-09T03:00:00Z,ขาณุวรลักษบุรี,296,0.0,0.0,0.0,,,True
1791514800,2026-10-09T03:00:00Z,ภูเพียง,113,0.0,0.0,0.0,,,True
1791514800,2026-10-09T03:00:00Z,นาหมื่น,245,0.0,0.0,0.0,,,True
1791514800,2026-10-09T03:00:00Z,เวียงสา,543,0.0,0.0,0.0,,,True
1791514800,2026-10-09T03:00:00Z,น้ำโสม,153,0.0,0.0,0.0,,,True
1791514800,2026-10-09T03:00:00Z,นายูง,126,0.0,0.0,0.0,,,True
1791514800,2026-10-09T03:00:00Z,ชุมแพ,173,0.0,0.0,0.0,,,True
1791514800,2026-10-09T03:00:00Z,สีชมพู,132,0.0,0.0,0.0,,,True
1791514800,2026-10-09T03:00:00Z,สุวรรณคูหา,140,0.0,0.0,0.0,,,True
1791514800,2026-10-09T03:00:00Z,นาวัง,65,0.0,0.0,0.0,,,True
1791514800,2026-10-09T03:00:00Z,หนองเรือ,80,0.0,0.0,0.0,,,True
1791514800,2026-10-09T03:00:00Z,โนนสัง,51,0.0,0.0,0.0,,,True
1791514800,2026-10-09T03:00:00Z,ศรีบุญเรือง,224,0.0,0.0,0.0,,,True
1791514800,2026-10-09T03:00:00Z,เมืองหนองบัวลำภู,217,0.0,0.0,0.0,,,True
1791514800,2026-10-09T03:00:00Z,นากลาง,173,0.0,0.0,0.0,,,True
1791514800,2026-10-09T03:00:00Z,ทุ่งเสลี่ยม,144,0.0,0.0,0.0,,,True
1791514800,2026-10-09T03:00:00Z,ดอยหล่อ,56,0.0,0.0,0.0,,,True
1791514800,2026-10-09T03:00:00Z,เมืองตาก,486,0.0,0.0,0.0,,,True
1791514800,2026-10-09T03:00:00Z,แม่ออน,116,0.0,0.0,0.0,,,True
1791514800,2026-10-09T03:00:00Z,อุ้มผาง,1209,0.0,0.0,0.0,,,True
1791514800,2026-10-09T03:00:00Z,วังเจ้า,183,0.0,0.0,0.0,,,True
1791514800,2026-10-09T03:00:00Z,แม่สอด,398,0.0,0.0,0.0,,,True
1791514800,2026-10-09T03:00:00Z,พบพระ,249,0.0,0.0,0.0,,,True
1791514800,2026-10-09T03:00:00Z,แม่ระมาด,380,0.0,0.0,0.0,,,True
1791514800,2026-10-09T03:00:00Z,ท่าสองยาง,401,0.0,0.0,0.0,,,True
1791514800,2026-10-09T03:00:00Z,บ้านตาก,255,0.0,0.0,0.0,,,True
1791514800,2026-10-09T03:00:00Z,สามเงา,698,0.0,0.0,0.0,,,True
1791514800,2026-10-09T03:00:00Z,จอมทอง,280,0.0,0.0,0.0,,,True
1791514800,2026-10-09T03:00:00Z,แก้งสนามนาง,79,0.0,0.0,0.0,,,True
1791514800,2026-10-09T03:00:00Z,สีคิ้ว,292,0.0,0.0,0.0,,,True
1791514800,2026-10-09T03:00:00Z,พระทองคำ,90,0.0,0.0,0.0,,,True
1791514800,2026-10-09T03:00:00Z,เทพารักษ์,92,0.0,0.0,0.0,,,True
1791514800,2026-10-09T03:00:00Z,สันกำแพง,65,0.0,0.0,0.0,,,True
1791514800,2026-10-09T03:00:00Z,สันป่าตอง,44,0.0,0.0,0.0,,,True
1791514800,2026-10-09T03:00:00Z,ดอยเต่า,213,0.0,0.0,0.0,,,True
1791514800,2026-10-09T03:00:00Z,อมก๋อย,704,0.0,0.0,0.0,,,True
1791514800,2026-10-09T03:00:00Z,ฮอด,378,0.0,0.0,0.0,,,True
1791514800,2026-10-09T03:00:00Z,เมืองลำพูน,117,0.0,0.0,0.0,,,True
1791514800,2026-10-09T03:00:00Z,แม่ทา,192,0.0,0.0,0.0,,,True
1791514800,2026-10-09T03:00:00Z,บ้านธิ,34,0.0,0.0,0.0,,,True
1791514800,2026-10-09T03:00:00Z,บ้านหมอ,24,0.0,0.0,0.0,,,True
1791514800,2026-10-09T03:00:00Z,เวียงหนองล่อง,14,0.0,0.0,0.0,,,True
1791514800,2026-10-09T03:00:00Z,ทุ่งหัวช้าง,113,0.0,0.0,0.0,,,True
1791514800,2026-10-09T03:00:00Z,ป่าซาง,74,0.0,0.0,0.0,,,True
1791514800,2026-10-09T03:00:00Z,บ้านโฮ่ง,124,0.0,0.0,0.0,,,True
1791514800,2026-10-09T03:00:00Z,แก่งคอย,73,0.0,0.0,0.0,,,True
1791514800,2026-10-09T03:00:00Z,ลี้,454,0.0,0.0,0.0,,,True
1791514800,2026-10-09T03:00:00Z,พระพุทธบาท,55,0.0,0.0,0.0,,,True
1791514800,2026-10-09T03:00:00Z,ดอนพุด,7,0.0,0.0,0.0,,,True
1791514800,2026-10-09T03:00:00Z,หนองโดน,31,0.0,0.0,0.0,,,True
1791514800,2026-10-09T03:00:00Z,เมืองลำปาง,300,0.0,0.0,0.0,,,True
1791514800,2026-10-09T03:00:00Z,เถิน,443,0.0,0.0,0.0,,,True
1791514800,2026-10-09T03:00:00Z,แม่พริก,167,0.0,0.0,0.0,,,True
1791514800,2026-10-09T03:00:00Z,แจ้ห่ม,274,0.0,0.0,0.0,,,True
1791514800,2026-10-09T03:00:00Z,แม่เปิน,85,0.0,0.0,0.0,,,True
1791514800,2026-10-09T03:00:00Z,เสริมงาม,185,0.0,0.0,0.0,,,True
1791514800,2026-10-09T03:00:00Z,ชุมตาบง,61,0.003,0.098,0.0328,,90,True
1791514800,2026-10-09T03:00:00Z,งาว,344,0.0,0.0,0.0,,,True
1791514800,2026-10-09T03:00:00Z,ตากฟ้า,125,0.0,0.0,0.0,,,True
1791514800,2026-10-09T03:00:00Z,แม่เมาะ,283,0.0,0.0,0.0,,,True
1791514800,2026-10-09T03:00:00Z,แม่วงก์,257,0.0,0.0,0.0,,,True
1791514800,2026-10-09T03:00:00Z,เกาะคา,128,0.0,0.0,0.0,,,True
1791514800,2026-10-09T03:00:00Z,พยุหะคีรี,169,0.0,0.0,0.0,,,True
1791514800,2026-10-09T03:00:00Z,ลาดยาว,187,0.001,0.098,0.0053,,45,True
1791514800,2026-10-09T03:00:00Z,สบปราบ,125,0.0,0.0,0.0,,,True
1791514800,2026-10-09T03:00:00Z,ห้างฉัตร,154,0.0,0.0,0.0,,,True
1791514800,2026-10-09T03:00:00Z,แม่ทะ,203,0.0,0.0,0.0,,,True
1791514800,2026-10-09T03:00:00Z,เมืองปาน,202,0.0,0.0,0.0,,,True
1791514800,2026-10-09T03:00:00Z,เมืองอ่างทอง,6,0.0,0.0,0.0,,,True
1791514800,2026-10-09T03:00:00Z,ไชโย,20,0.0,0.0,0.0,,,True
1791514800,2026-10-09T03:00:00Z,สามโก้,10,0.0,0.0,0.0,,,True
1791514800,2026-10-09T03:00:00Z,แสวงหา,43,0.0,0.0,0.0,,,True
1791514800,2026-10-09T03:00:00Z,วิเศษชัยชาญ,7,0.0,0.0,0.0,,,True
1791514800,2026-10-09T03:00:00Z,โพธิ์ทอง,48,0.0,0.0,0.0,,,True
1791514800,2026-10-09T03:00:00Z,เมืองลพบุรี,190,0.0,0.0,0.0,,,True
1791514800,2026-10-09T03:00:00Z,เดิมบางนางบวช,130,0.0,0.0,0.0,,,True
1791514800,2026-10-09T03:00:00Z,ด่านช้าง,309,0.0,0.0,0.0,,,True
1791514800,2026-10-09T03:00:00Z,หนองม่วง,111,0.0,0.0,0.0,,,True
1791514800,2026-10-09T03:00:00Z,ลำสนธิ,136,0.0,0.0,0.0,,,True
1791514800,2026-10-09T03:00:00Z,สามชุก,77,0.0,0.0,0.0,,,True
1791514800,2026-10-09T03:00:00Z,ดอนเจดีย์,72,0.0,0.0,0.0,,,True
1791514800,2026-10-09T03:00:00Z,สระโบสถ์,83,0.0,0.0,0.0,,,True
1791514800,2026-10-09T03:00:00Z,ศรีประจันต์,41,0.0,0.0,0.0,,,True
1791514800,2026-10-09T03:00:00Z,โคกเจริญ,135,0.0,0.0,0.0,,,True
1791514800,2026-10-09T03:00:00Z,บ้านหมี่,136,0.0,0.0,0.0,,,True
1791514800,2026-10-09T03:00:00Z,ท่าหลวง,100,0.0,0.0,0.0,,,True
1791514800,2026-10-09T03:00:00Z,ชัยบาดาล,280,0.0,0.0,0.0,,,True
1791514800,2026-10-09T03:00:00Z,ท่าวุ้ง,64,0.0,0.0,0.0,,,True
1791514800,2026-10-09T03:00:00Z,พัฒนานิคม,217,0.0,0.0,0.0,,,True
1791514800,2026-10-09T03:00:00Z,โคกสำโรง,180,0.0,0.0,0.0,,,True
1791514800,2026-10-09T03:00:00Z,หนองหญ้าไซ,108,0.0,0.0,0.0,,,True
1791514800,2026-10-09T03:00:00Z,ท่าช้าง,11,0.0,0.0,0.0,,,True
1791514800,2026-10-09T03:00:00Z,อินทร์บุรี,66,0.0,0.0,0.0,,,True
1791514800,2026-10-09T03:00:00Z,ค่ายบางระจัน,26,0.0,0.0,0.0,,,True
1791514800,2026-10-09T03:00:00Z,พรหมบุรี,19,0.0,0.0,0.0,,,True
1791514800,2026-10-09T03:00:00Z,เนินสง่า,65,0.0,0.0,0.0,,,True
1791514800,2026-10-09T03:00:00Z,เมืองสิงห์บุรี,31,0.0,0.0,0.0,,,True
1791514800,2026-10-09T03:00:00Z,ซับใหญ่,72,0.0,0.0,0.0,,,True
1791514800,2026-10-09T03:00:00Z,บางระจัน,46,0.0,0.0,0.0,,,True
1791514800,2026-10-09T03:00:00Z,ภูกระดึง,190,0.0,0.0,0.0,,,True
1791514800,2026-10-09T03:00:00Z,ภูหลวง,145,0.0,0.0,0.0,,,True
1791514800,2026-10-09T03:00:00Z,หนองหิน,78,0.0,0.0,0.0,,,True
1791514800,2026-10-09T03:00:00Z,ผาขาว,100,0.0,0.0,0.0,,,True
1791514800,2026-10-09T03:00:00Z,เอราวัณ,87,0.0,0.0,0.0,,,True
1791514800,2026-10-09T03:00:00Z,วังสะพุง,281,0.0,0.0,0.0,,,True
1791514800,2026-10-09T03:00:00Z,วังม่วง,70,0.0,0.0,0.0,,,True
1791514800,2026-10-09T03:00:00Z,เฉลิมพระเกียรติ,35,0.0,0.0,0.0,,,True
1791514800,2026-10-09T03:00:00Z,มวกเหล็ก,175,0.0,0.0,0.0,,,True
1791514800,2026-10-09T03:00:00Z,บ้านเขว้า,124,0.0,0.0,0.0,,,True
1791514800,2026-10-09T03:00:00Z,คอนสวรรค์,113,0.0,0.0,0.0,,,True
1791514800,2026-10-09T03:00:00Z,เมืองชัยภูมิ,358,0.0,0.0,0.0,,,True
1791514800,2026-10-09T03:00:00Z,วังทอง,425,0.0,0.0,0.0,,,True
1791514800,2026-10-09T03:00:00Z,เนินมะปราง,276,0.0,0.0,0.0,,,True
1791514800,2026-10-09T03:00:00Z,สวรรคโลก,156,0.0,0.0,0.0,,,True
1791514800,2026-10-09T03:00:00Z,ศรีนคร,46,0.0,0.0,0.0,,,True
1791514800,2026-10-09T03:00:00Z,หันคา,139,0.0,0.0,0.0,,,True
1791514800,2026-10-09T03:00:00Z,ศรีสัชนาลัย,534,0.0,0.0,0.0,,,True
1791514800,2026-10-09T03:00:00Z,หนองมะโมง,76,0.0,0.0,0.0,,,True
1791514800,2026-10-09T03:00:00Z,ศรีสำโรง,142,0.0,0.0,0.0,,,True
1791514800,2026-10-09T03:00:00Z,สรรพยา,55,0.0,0.0,0.0,,,True
1791514800,2026-10-09T03:00:00Z,คีรีมาศ,171,0.0,0.0,0.0,,,True
1791514800,2026-10-09T03:00:00Z,สรรคบุรี,89,0.0,0.0,0.0,,,True
1791514800,2026-10-09T03:00:00Z,กงไกรลาศ,108,0.0,0.0,0.0,,,True
1791514800,2026-10-09T03:00:00Z,มโนรมย์,66,0.0,0.0,0.0,,,True
1791514800,2026-10-09T03:00:00Z,เมืองสุโขทัย,136,0.0,0.0,0.0,,,True
1791514800,2026-10-09T03:00:00Z,วัดสิงห์,67,0.0,0.0,0.0,,,True
1791514800,2026-10-09T03:00:00Z,บ้านด่านลานหอย,231,0.0,0.0,0.0,,,True
1791514800,2026-10-09T03:00:00Z,เมืองชัยนาท,70,0.0,0.0,0.0,,,True
1791514800,2026-10-09T03:00:00Z,เนินขาม,65,0.0,0.0,0.0,,,True
1791514800,2026-10-09T03:00:00Z,คอนสาร,334,0.0,0.0,0.0,,,True
1791514800,2026-10-09T03:00:00Z,ภักดีชุมพล,154,0.0,0.0,0.0,,,True
1791514800,2026-10-09T03:00:00Z,บ้านแท่น,76,0.0,0.0,0.0,,,True
1791514800,2026-10-09T03:00:00Z,แก้งคร้อ,168,0.0,0.0,0.0,,,True
1791514800,2026-10-09T03:00:00Z,ภูเขียว,201,0.0,0.0,0.0,,,True
1791514800,2026-10-09T03:00:00Z,หนองบัวระเหว,179,0.0,0.0,0.0,,,True
1791514800,2026-10-09T03:00:00Z,เทพสถิต,239,0.0,0.0,0.0,,,True
1791514800,2026-10-09T03:00:00Z,จัตุรัส,172,0.0,0.0,0.0,,,True
1791514800,2026-10-09T03:00:00Z,บำเหน็จณรงค์,120,0.0,0.0,0.0,,,True
1791514800,2026-10-09T03:00:00Z,เกษตรสมบูรณ์,268,0.0,0.0,0.0,,,True
1791514800,2026-10-09T03:00:00Z,หนองบัวแดง,537,0.0,0.0,0.0,,,True
1791514800,2026-10-09T03:00:00Z,ภูเรือ,168,0.0,0.0,0.0,,,True
1791514800,2026-10-09T03:00:00Z,ท่าลี่,171,0.0,0.0,0.0,,,True
1791514800,2026-10-09T03:00:00Z,วชิรบารมี,68,0.0,0.0,0.0,,,True
1791514800,2026-10-09T03:00:00Z,ด่านซ้าย,341,0.0,0.0,0.0,,,True
1791514800,2026-10-09T03:00:00Z,นาแห้ว,153,0.0,0.0,0.0,,,True
1791514800,2026-10-09T03:00:00Z,บึงนาราง,74,0.0,0.0,0.0,,,True
1791514800,2026-10-09T03:00:00Z,เชียงคาน,213,0.0,0.0,0.0,,,True
1791514800,2026-10-09T03:00:00Z,ดงเจริญ,56,0.0,0.0,0.0,,,True
1791514800,2026-10-09T03:00:00Z,ปากชม,240,0.0,0.0,0.0,,,True
1791514800,2026-10-09T03:00:00Z,เมืองเลย,314,0.0,0.0,0.0,,,True
1791514800,2026-10-09T03:00:00Z,นาด้วง,143,0.0,0.0,0.0,,,True
1791514800,2026-10-09T03:00:00Z,สากเหล็ก,45,0.0,0.0,0.0,,,True
1791514800,2026-10-09T03:00:00Z,สามง่าม,89,0.0,0.0,0.0,,,True
1791514800,2026-10-09T03:00:00Z,ทับคล้อ,104,0.0,0.0,0.0,,,True
1791514800,2026-10-09T03:00:00Z,พรหมพิราม,206,0.0,0.0,0.0,,,True
1791514800,2026-10-09T03:00:00Z,ด่านขุนทด,344,0.0,0.0,0.0,,,True
1791514800,2026-10-09T03:00:00Z,วัดโบสถ์,226,0.0,0.0,0.0,,,True
1791514800,2026-10-09T03:00:00Z,บางระกำ,246,0.0,0.0,0.0,,,True
1791514800,2026-10-09T03:00:00Z,บางกระทุ่ม,91,0.0,0.0,0.0,,,True
1791514800,2026-10-09T03:00:00Z,นครไทย,597,0.0,0.0,0.0,,,True
1791514800,2026-10-09T03:00:00Z,ชาติตระการ,415,0.0,0.0,0.0,,,True
1791514800,2026-10-09T03:00:00Z,บ้านเหลื่อม,55,0.0,0.0,0.0,,,True
1791514800,2026-10-09T03:00:00Z,เมืองพิษณุโลก,178,0.0,0.0,0.0,,,True
1791514800,2026-10-09T03:00:00Z,ชุมแสง,145,0.0,0.0,0.0,,,True
1791514800,2026-10-09T03:00:00Z,หนองบัว,208,0.0,0.0,0.0,,,True
1791514800,2026-10-09T03:00:00Z,เมืองนครสวรรค์,183,0.0,0.0,0.0,,,True
1791514800,2026-10-09T03:00:00Z,โกรกพระ,71,0.0,0.0,0.0,,,True
1791514800,2026-10-09T03:00:00Z,ไพศาลี,244,0.0,0.0,0.0,,,True
1791514800,2026-10-09T03:00:00Z,ตาคลี,206,0.0,0.0,0.0,,,True
1791514800,2026-10-09T03:00:00Z,ท่าตะโก,211,0.0,0.0,0.0,,,True
1791514800,2026-10-09T03:00:00Z,เขาค้อ,207,0.0,0.0,0.0,,,True
1791514800,2026-10-09T03:00:00Z,บรรพตพิสัย,181,0.0,0.0,0.0,,,True
1791514800,2026-10-09T03:00:00Z,เก้าเลี้ยว,57,0.0,0.0,0.0,,,True
1791514800,2026-10-09T03:00:00Z,วังโป่ง,123,0.0,0.0,0.0,,,True
1791514800,2026-10-09T03:00:00Z,บึงสามพัน,194,0.0,0.0,0.0,,,True
1791514800,2026-10-09T03:00:00Z,น้ำหนาว,231,0.0,0.0,0.0,,,True
1791514800,2026-10-09T03:00:00Z,ศรีเทพ,204,0.0,0.0,0.0,,,True
1791514800,2026-10-09T03:00:00Z,หนองไผ่,315,0.0,0.0,0.0,,,True
1791514800,2026-10-09T03:00:00Z,มหาราช,4,0.0,0.0,0.0,,,False
1791514800,2026-10-09T03:00:00Z,บ้านแพรก,10,0.0,0.0,0.0,,,True
1791514800,2026-10-09T03:00:00Z,บางมูลนาก,99,0.0,0.0,0.0,,,True
1791514800,2026-10-09T03:00:00Z,โพทะเล,131,0.0,0.0,0.0,,,True
1791514800,2026-10-09T03:00:00Z,โพธิ์ประทับช้าง,102,0.0,0.0,0.0,,,True
1791514800,2026-10-09T03:00:00Z,ตะพานหิน,109,0.0,0.0,0.0,,,True
1791514800,2026-10-09T03:00:00Z,เมืองพิจิตร,138,0.0,0.0,0.0,,,True
1791514800,2026-10-09T03:00:00Z,วังทรายพูน,66,0.0,0.0,0.0,,,True
1791514800,2026-10-09T03:00:00Z,พิชัย,176,0.0,0.0,0.0,,,True
1791514800,2026-10-09T03:00:00Z,ลับแล,116,0.0,0.0,0.0,,,True
1791514800,2026-10-09T03:00:00Z,ฟากท่า,163,0.0,0.0,0.0,,,True
1791514800,2026-10-09T03:00:00Z,บ้านโคก,247,0.0,0.0,0.0,,,True
1791514800,2026-10-09T03:00:00Z,ท่าปลา,442,0.0,0.0,0.0,,,True
1791514800,2026-10-09T03:00:00Z,น้ำปาด,363,0.0,0.0,0.0,,,True
1791514800,2026-10-09T03:00:00Z,เมืองอุตรดิตถ์,202,0.0,0.0,0.0,,,True
1791514800,2026-10-09T03:00:00Z,ตรอน,80,0.0,0.0,0.0,,,True
1791514800,2026-10-09T03:00:00Z,หล่มเก่า,246,0.0,0.0,0.0,,,True
1791514800,2026-10-09T03:00:00Z,วิเชียรบุรี,377,0.0,0.0,0.0,,,True
1791514800,2026-10-09T03:00:00Z,ชนแดน,279,0.0,0.0,0.0,,,True
1791514800,2026-10-09T03:00:00Z,หล่มสัก,350,0.0,0.0,0.0,,,True
1791514800,2026-10-09T03:00:00Z,เมืองเพชรบูรณ์,571,0.0,0.0,0.0,,,True
1791514800,2026-10-09T03:00:00Z,ทองแสนขัน,185,0.0,0.0,0.0,,,True
1791514800,2026-10-09T03:00:00Z,บึงสามัคคี,71,0.0,0.0,0.0,,,True
1791514800,2026-10-09T03:00:00Z,โกสัมพีนคร,137,0.0,0.0,0.0,,,True
1791514800,2026-10-09T03:00:00Z,สอง,380,0.0,0.0,0.0,,,True
1791514800,2026-10-09T03:00:00Z,วังชิ้น,255,0.0,0.0,0.0,,,True
1791514800,2026-10-09T03:00:00Z,สูงเม่น,88,0.0,0.0,0.0,,,True
1791514800,2026-10-09T03:00:00Z,เด่นชัย,135,0.0,0.0,0.0,,,True
1791514800,2026-10-09T03:00:00Z,ร้องกวาง,221,0.0,0.0,0.0,,,True
1791514800,2026-10-09T03:00:00Z,ลอง,317,0.0,0.0,0.0,,,True
1791514800,2026-10-09T03:00:00Z,เมืองแพร่,205,0.0,0.0,0.0,,,True
1791514800,2026-10-09T03:00:00Z,ทัพทัน,94,0.0,0.0,0.0,,,True
1791514800,2026-10-09T03:00:00Z,สว่างอารมณ์,110,0.0,0.0,0.0,,,True
1791514800,2026-10-09T03:00:00Z,เมืองอุทัยธานี,59,0.0,0.0,0.0,,,True
1791514800,2026-10-09T03:00:00Z,ห้วยคต,94,0.0,0.0,0.0,,,True
1791514800,2026-10-09T03:00:00Z,ศรีสวัสดิ์,440,0.0,0.0,0.0,,,True
1791514800,2026-10-09T03:00:00Z,บ้านไร่,821,0.0,0.0,0.0,,,True
1791514800,2026-10-09T03:00:00Z,ลานสัก,360,0.0,0.0,0.0,,,True
1791514800,2026-10-09T03:00:00Z,หนองฉาง,89,0.0,0.0,0.0,,,True
1791514800,2026-10-09T03:00:00Z,หนองขาหย่าง,43,0.0,0.0,0.0,,,True
1791514800,2026-10-09T03:00:00Z,เชียงม่วน,82,0.0,0.0,0.0,,,True
1791514800,2026-10-09T03:00:00Z,ดอกคำใต้,37,0.0,0.0,0.0,,,True
1791514800,2026-10-09T03:00:00Z,เมืองพะเยา,6,0.0,0.0,0.0,,,True
1791514800,2026-10-09T03:00:00Z,ทองผาภูมิ,851,0.0,0.0,0.0,,,True
1791514800,2026-10-09T03:00:00Z,สังขละบุรี,793,0.0,0.0,0.0,,,True
1791514800,2026-10-09T03:00:00Z,หนองม่วงไข่,35,0.0,0.0,0.0,,,True
1791514800,2026-10-09T03:00:00Z,ภูเวียง,81,0.0,0.0,0.0,,,True
1791514800,2026-10-09T03:00:00Z,มัญจาคีรี,50,0.0,0.0,0.0,,,True
1791514800,2026-10-09T03:00:00Z,หนองปรือ,104,0.0,0.0,0.0,,,True
1791514800,2026-10-09T03:00:00Z,เลาขวัญ,123,0.0,0.0,0.0,,,True
1791514800,2026-10-09T03:00:00Z,หนองนาคำ,43,0.0,0.0,0.0,,,True
1791514800,2026-10-09T03:00:00Z,โคกโพธิ์ไชย,65,0.0,0.0,0.0,,,True
1791514800,2026-10-09T03:00:00Z,บ้านหลวง,91,0.0,0.0,0.0,,,True
1791514800,2026-10-09T03:00:00Z,นาน้อย,266,0.0,0.0,0.0,,,True
1791514800,2026-10-09T03:00:00Z,ภูผาม่าน,74,0.0,0.0,0.0,,,True
1791514800,2026-10-09T03:00:00Z,เมืองน่าน,161,0.0,0.0,0.0,,,True
1791514800,2026-10-09T03:00:00Z,แม่จริม,262,0.0,0.0,0.0,,,True
1791514800,2026-10-09T03:00:00Z,เวียงเก่า,78,0.0,0.0,0.0,,,True
1791514800,2026-10-09T03:00:00Z,เมืองกำแพงเพชร,368,0.0,0.0,0.0,,,True
1791514800,2026-10-09T03:00:00Z,ไทรงาม,133,0.0,0.0,0.0,,,True
1791514800,2026-10-09T03:00:00Z,ปางศิลาทอง,186,0.0,0.0,0.0,,,True
1791514800,2026-10-09T03:00:00Z,ลานกระบือ,103,0.0,0.0,0.0,,,True
1791514800,2026-10-09T03:00:00Z,ทรายทองวัฒนา,53,0.0,0.0,0.0,,,True
1791514800,2026-10-09T03:00:00Z,คลองขลุง,179,0.0,0.0,0.0,,,True
1791514800,2026-10-09T03:00:00Z,พรานกระต่าย,252,0.0,0.0,0.0,,,True
1791514800,2026-10-09T03:00:00Z,คลองลาน,363,0.0,0.0,0.0,,,True
1791514800,2026-10-09T03:00:00Z,ขาณุวรลักษบุรี,296,0.0,0.0,0.0,,,True
1791514800,2026-10-09T03:00:00Z,ภูเพียง,113,0.0,0.0,0.0,,,True
1791514800,2026-10-09T03:00:00Z,นาหมื่น,245,0.0,0.0,0.0,,,True
1791514800,2026-10-09T03:00:00Z,เวียงสา,543,0.0,0.0,0.0,,,True
1791514800,2026-10-09T03:00:00Z,น้ำโสม,153,0.0,0.0,0.0,,,True
1791514800,2026-10-09T03:00:00Z,นายูง,126,0.0,0.0,0.0,,,True
1791514800,2026-10-09T03:00:00Z,ชุมแพ,173,0.0,0.0,0.0,,,True
1791514800,2026-10-09T03:00:00Z,สีชมพู,132,0.0,0.0,0.0,,,True
1791514800,2026-10-09T03:00:00Z,สุวรรณคูหา,140,0.0,0.0,0.0,,,True
1791514800,2026-10-09T03:00:00Z,นาวัง,65,0.0,0.0,0.0,,,True
1791514800,2026-10-09T03:00:00Z,หนองเรือ,80,0.0,0.0,0.0,,,True
1791514800,2026-10-09T03:00:00Z,โนนสัง,51,0.0,0.0,0.0,,,True
1791514800,2026-10-09T03:00:00Z,ศรีบุญเรือง,224,0.0,0.0,0.0,,,True
1791514800,2026-10-09T03:00:00Z,เมืองหนองบัวลำภู,217,0.0,0.0,0.0,,,True
1791514800,2026-10-09T03:00:00Z,นากลาง,173,0.0,0.0,0.0,,,True
1791514800,2026-10-09T03:00:00Z,ทุ่งเสลี่ยม,144,0.0,0.0,0.0,,,True
1791514800,2026-10-09T03:00:00Z,ดอยหล่อ,56,0.0,0.0,0.0,,,True
1791514800,2026-10-09T03:00:00Z,เมืองตาก,486,0.0,0.0,0.0,,,True
1791514800,2026-10-09T03:00:00Z,แม่ออน,116,0.0,0.0,0.0,,,True
1791514800,2026-10-09T03:00:00Z,อุ้มผาง,1209,0.0,0.0,0.0,,,True
1791514800,2026-10-09T03:00:00Z,วังเจ้า,183,0.0,0.0,0.0,,,True
1791514800,2026-10-09T03:00:00Z,แม่สอด,398,0.0,0.0,0.0,,,True
1791514800,2026-10-09T03:00:00Z,พบพระ,249,0.0,0.0,0.0,,,True
1791514800,2026-10-09T03:00:00Z,แม่ระมาด,380,0.0,0.0,0.0,,,True
1791514800,2026-10-09T03:00:00Z,ท่าสองยาง,401,0.0,0.0,0.0,,,True
1791514800,2026-10-09T03:00:00Z,บ้านตาก,255,0.0,0.0,0.0,,,True
1791514800,2026-10-09T03:00:00Z,สามเงา,698,0.0,0.0,0.0,,,True
1791514800,2026-10-09T03:00:00Z,จอมทอง,280,0.0,0.0,0.0,,,True
1791514800,2026-10-09T03:00:00Z,แก้งสนามนาง,79,0.0,0.0,0.0,,,True
1791514800,2026-10-09T03:00:00Z,สีคิ้ว,292,0.0,0.0,0.0,,,True
1791514800,2026-10-09T03:00:00Z,พระทองคำ,90,0.0,0.0,0.0,,,True
1791514800,2026-10-09T03:00:00Z,เทพารักษ์,92,0.0,0.0,0.0,,,True
1791514800,2026-10-09T03:00:00Z,สันกำแพง,65,0.0,0.0,0.0,,,True
1791514800,2026-10-09T03:00:00Z,สันป่าตอง,44,0.0,0.0,0.0,,,True
1791514800,2026-10-09T03:00:00Z,ดอยเต่า,213,0.0,0.0,0.0,,,True
1791514800,2026-10-09T03:00:00Z,อมก๋อย,704,0.0,0.0,0.0,,,True
1791514800,2026-10-09T03:00:00Z,ฮอด,378,0.0,0.0,0.0,,,True
1791514800,2026-10-09T03:00:00Z,เมืองลำพูน,117,0.0,0.0,0.0,,,True
1791514800,2026-10-09T03:00:00Z,แม่ทา,192,0.0,0.0,0.0,,,True
1791514800,2026-10-09T03:00:00Z,บ้านธิ,34,0.0,0.0,0.0,,,True
1791514800,2026-10-09T03:00:00Z,บ้านหมอ,24,0.0,0.0,0.0,,,True
1791514800,2026-10-09T03:00:00Z,เวียงหนองล่อง,14,0.0,0.0,0.0,,,True
1791514800,2026-10-09T03:00:00Z,ทุ่งหัวช้าง,113,0.0,0.0,0.0,,,True
1791514800,2026-10-09T03:00:00Z,ป่าซาง,74,0.0,0.0,0.0,,,True
1791514800,2026-10-09T03:00:00Z,บ้านโฮ่ง,124,0.0,0.0,0.0,,,True
1791514800,2026-10-09T03:00:00Z,แก่งคอย,73,0.0,0.0,0.0,,,True
1791514800,2026-10-09T03:00:00Z,ลี้,454,0.0,0.0,0.0,,,True
1791514800,2026-10-09T03:00:00Z,พระพุทธบาท,55,0.0,0.0,0.0,,,True
1791514800,2026-10-09T03:00:00Z,ดอนพุด,7,0.0,0.0,0.0,,,True
1791514800,2026-10-09T03:00:00Z,หนองโดน,31,0.0,0.0,0.0,,,True
1791514800,2026-10-09T03:00:00Z,เมืองลำปาง,300,0.0,0.0,0.0,,,True
1791514800,2026-10-09T03:00:00Z,เถิน,443,0.0,0.0,0.0,,,True
1791514800,2026-10-09T03:00:00Z,แม่พริก,167,0.0,0.0,0.0,,,True
1791514800,2026-10-09T03:00:00Z,แจ้ห่ม,274,0.0,0.0,0.0,,,True
1791514800,2026-10-09T03:00:00Z,แม่เปิน,85,0.0,0.0,0.0,,,True
1791514800,2026-10-09T03:00:00Z,เสริมงาม,185,0.0,0.0,0.0,,,True
1791514800,2026-10-09T03:00:00Z,ชุมตาบง,61,0.003,0.098,0.0328,,90,True
1791514800,2026-10-09T03:00:00Z,งาว,344,0.0,0.0,0.0,,,True
1791514800,2026-10-09T03:00:00Z,ตากฟ้า,125,0.0,0.0,0.0,,,True
1791514800,2026-10-09T03:00:00Z,แม่เมาะ,283,0.0,0.0,0.0,,,True
1791514800,2026-10-09T03:00:00Z,แม่วงก์,257,0.0,0.0,0.0,,,True
1791514800,2026-10-09T03:00:00Z,เกาะคา,128,0.0,0.0,0.0,,,True
1791514800,2026-10-09T03:00:00Z,พยุหะคีรี,169,0.0,0.0,0.0,,,True
1791514800,2026-10-09T03:00:00Z,ลาดยาว,187,0.001,0.098,0.0053,,45,True
1791514800,2026-10-09T03:00:00Z,สบปราบ,125,0.0,0.0,0.0,,,True
1791514800,2026-10-09T03:00:00Z,ห้างฉัตร,154,0.0,0.0,0.0,,,True
1791514800,2026-10-09T03:00:00Z,แม่ทะ,203,0.0,0.0,0.0,,,True
1791514800,2026-10-09T03:00:00Z,เมืองปาน,202,0.0,0.0,0.0,,,True
1791514800,2026-10-09T03:00:00Z,เมืองอ่างทอง,6,0.0,0.0,0.0,,,True
1791514800,2026-10-09T03:00:00Z,ไชโย,20,0.0,0.0,0.0,,,True
1791514800,2026-10-09T03:00:00Z,สามโก้,10,0.0,0.0,0.0,,,True
1791514800,2026-10-09T03:00:00Z,แสวงหา,43,0.0,0.0,0.0,,,True
1791514800,2026-10-09T03:00:00Z,วิเศษชัยชาญ,7,0.0,0.0,0.0,,,True
1791514800,2026-10-09T03:00:00Z,โพธิ์ทอง,48,0.0,0.0,0.0,,,True
1791514800,2026-10-09T03:00:00Z,เมืองลพบุรี,190,0.0,0.0,0.0,,,True
1791514800,2026-10-09T03:00:00Z,เดิมบางนางบวช,130,0.0,0.0,0.0,,,True
1791514800,2026-10-09T03:00:00Z,ด่านช้าง,309,0.0,0.0,0.0,,,True
1791514800,2026-10-09T03:00:00Z,หนองม่วง,111,0.0,0.0,0.0,,,True
1791514800,2026-10-09T03:00:00Z,ลำสนธิ,136,0.0,0.0,0.0,,,True
1791514800,2026-10-09T03:00:00Z,สามชุก,77,0.0,0.0,0.0,,,True
1791514800,2026-10-09T03:00:00Z,ดอนเจดีย์,72,0.0,0.0,0.0,,,True
1791514800,2026-10-09T03:00:00Z,สระโบสถ์,83,0.0,0.0,0.0,,,True
1791514800,2026-10-09T03:00:00Z,ศรีประจันต์,41,0.0,0.0,0.0,,,True
1791514800,2026-10-09T03:00:00Z,โคกเจริญ,135,0.0,0.0,0.0,,,True
1791514800,2026-10-09T03:00:00Z,บ้านหมี่,136,0.0,0.0,0.0,,,True
1791514800,2026-10-09T03:00:00Z,ท่าหลวง,100,0.0,0.0,0.0,,,True
1791514800,2026-10-09T03:00:00Z,ชัยบาดาล,280,0.0,0.0,0.0,,,True
1791514800,2026-10-09T03:00:00Z,ท่าวุ้ง,64,0.0,0.0,0.0,,,True
1791514800,2026-10-09T03:00:00Z,พัฒนานิคม,217,0.0,0.0,0.0,,,True
1791514800,2026-10-09T03:00:00Z,โคกสำโรง,180,0.0,0.0,0.0,,,True
1791514800,2026-10-09T03:00:00Z,หนองหญ้าไซ,108,0.0,0.0,0.0,,,True
1791514800,2026-10-09T03:00:00Z,ท่าช้าง,11,0.0,0.0,0.0,,,True
1791514800,2026-10-09T03:00:00Z,อินทร์บุรี,66,0.0,0.0,0.0,,,True
1791514800,2026-10-09T03:00:00Z,ค่ายบางระจัน,26,0.0,0.0,0.0,,,True
1791514800,2026-10-09T03:00:00Z,พรหมบุรี,19,0.0,0.0,0.0,,,True
1791514800,2026-10-09T03:00:00Z,เนินสง่า,65,0.0,0.0,0.0,,,True
1791514800,2026-10-09T03:00:00Z,เมืองสิงห์บุรี,31,0.0,0.0,0.0,,,True
1791514800,2026-10-09T03:00:00Z,ซับใหญ่,72,0.0,0.0,0.0,,,True
1791514800,2026-10-09T03:00:00Z,บางระจัน,46,0.0,0.0,0.0,,,True
1791514800,2026-10-09T03:00:00Z,ภูกระดึง,190,0.0,0.0,0.0,,,True
1791514800,2026-10-09T03:00:00Z,ภูหลวง,145,0.0,0.0,0.0,,,True
1791514800,2026-10-09T03:00:00Z,หนองหิน,78,0.0,0.0,0.0,,,True
1791514800,2026-10-09T03:00:00Z,ผาขาว,100,0.0,0.0,0.0,,,True
1791514800,2026-10-09T03:00:00Z,เอราวัณ,87,0.0,0.0,0.0,,,True
1791514800,2026-10-09T03:00:00Z,วังสะพุง,281,0.0,0.0,0.0,,,True
1791514800,2026-10-09T03:00:00Z,วังม่วง,70,0.0,0.0,0.0,,,True
1791514800,2026-10-09T03:00:00Z,เฉลิมพระเกียรติ,35,0.0,0.0,0.0,,,True
1791514800,2026-10-09T03:00:00Z,มวกเหล็ก,175,0.0,0.0,0.0,,,True
1791514800,2026-10-09T03:00:00Z,บ้านเขว้า,124,0.0,0.0,0.0,,,True
1791514800,2026-10-09T03:00:00Z,คอนสวรรค์,113,0.0,0.0,0.0,,,True
1791514800,2026-10-09T03:00:00Z,เมืองชัยภูมิ,358,0.0,0.0,0.0,,,True
1791514800,2026-10-09T03:00:00Z,วังทอง,425,0.0,0.0,0.0,,,True
1791514800,2026-10-09T03:00:00Z,เนินมะปราง,276,0.0,0.0,0.0,,,True
1791514800,2026-10-09T03:00:00Z,สวรรคโลก,156,0.0,0.0,0.0,,,True
1791514800,2026-10-09T03:00:00Z,ศรีนคร,46,0.0,0.0,0.0,,,True
1791514800,2026-10-09T03:00:00Z,หันคา,139,0.0,0.0,0.0,,,True
1791514800,2026-10-09T03:00:00Z,ศรีสัชนาลัย,534,0.0,0.0,0.0,,,True
1791514800,2026-10-09T03:00:00Z,หนองมะโมง,76,0.0,0.0,0.0,,,True
1791514800,2026-10-09T03:00:00Z,ศรีสำโรง,142,0.0,0.0,0.0,,,True
1791514800,2026-10-09T03:00:00Z,สรรพยา,55,0.0,0.0,0.0,,,True
1791514800,2026-10-09T03:00:00Z,คีรีมาศ,171,0.0,0.0,0.0,,,True
1791514800,2026-10-09T03:00:00Z,สรรคบุรี,89,0.0,0.0,0.0,,,True
1791514800,2026-10-09T03:00:00Z,กงไกรลาศ,108,0.0,0.0,0.0,,,True
1791514800,2026-10-09T03:00:00Z,มโนรมย์,66,0.0,0.0,0.0,,,True
1791514800,2026-10-09T03:00:00Z,เมืองสุโขทัย,136,0.0,0.0,0.0,,,True
1791514800,2026-10-09T03:00:00Z,วัดสิงห์,67,0.0,0.0,0.0,,,True
1791514800,2026-10-09T03:00:00Z,บ้านด่านลานหอย,231,0.0,0.0,0.0,,,True
1791514800,2026-10-09T03:00:00Z,เมืองชัยนาท,70,0.0,0.0,0.0,,,True
1791514800,2026-10-09T03:00:00Z,เนินขาม,65,0.0,0.0,0.0,,,True
1791514800,2026-10-09T03:00:00Z,คอนสาร,334,0.0,0.0,0.0,,,True
1791514800,2026-10-09T03:00:00Z,ภักดีชุมพล,154,0.0,0.0,0.0,,,True
1791514800,2026-10-09T03:00:00Z,บ้านแท่น,76,0.0,0.0,0.0,,,True
1791514800,2026-10-09T03:00:00Z,แก้งคร้อ,168,0.0,0.0,0.0,,,True
1791514800,2026-10-09T03:00:00Z,ภูเขียว,201,0.0,0.0,0.0,,,True
1791514800,2026-10-09T03:00:00Z,หนองบัวระเหว,179,0.0,0.0,0.0,,,True
1791514800,2026-10-09T03:00:00Z,เทพสถิต,239,0.0,0.0,0.0,,,True
1791514800,2026-10-09T03:00:00Z,จัตุรัส,172,0.0,0.0,0.0,,,True
1791514800,2026-10-09T03:00:00Z,บำเหน็จณรงค์,120,0.0,0.0,0.0,,,True
1791514800,2026-10-09T03:00:00Z,เกษตรสมบูรณ์,268,0.0,0.0,0.0,,,True
1791514800,2026-10-09T03:00:00Z,หนองบัวแดง,537,0.0,0.0,0.0,,,True
1791514800,2026-10-09T03:00:00Z,ภูเรือ,168,0.0,0.0,0.0,,,True
1791514800,2026-10-09T03:00:00Z,ท่าลี่,171,0.0,0.0,0.0,,,True
1791514800,2026-10-09T03:00:00Z,วชิรบารมี,68,0.0,0.0,0.0,,,True
1791514800,2026-10-09T03:00:00Z,ด่านซ้าย,341,0.0,0.0,0.0,,,True
1791514800,2026-10-09T03:00:00Z,นาแห้ว,153,0.0,0.0,0.0,,,True
1791514800,2026-10-09T03:00:00Z,บึงนาราง,74,0.0,0.0,0.0,,,True
1791514800,2026-10-09T03:00:00Z,เชียงคาน,213,0.0,0.0,0.0,,,True
1791514800,2026-10-09T03:00:00Z,ดงเจริญ,56,0.0,0.0,0.0,,,True
1791514800,2026-10-09T03:00:00Z,ปากชม,240,0.0,0.0,0.0,,,True
1791514800,2026-10-09T03:00:00Z,เมืองเลย,314,0.0,0.0,0.0,,,True
1791514800,2026-10-09T03:00:00Z,นาด้วง,143,0.0,0.0,0.0,,,True
1791514800,2026-10-09T03:00:00Z,สากเหล็ก,45,0.0,0.0,0.0,,,True
1791514800,2026-10-09T03:00:00Z,สามง่าม,89,0.0,0.0,0.0,,,True
1791514800,2026-10-09T03:00:00Z,ทับคล้อ,104,0.0,0.0,0.0,,,True
1791514800,2026-10-09T03:00:00Z,พรหมพิราม,206,0.0,0.0,0.0,,,True
1791514800,2026-10-09T03:00:00Z,ด่านขุนทด,344,0.0,0.0,0.0,,,True
1791514800,2026-10-09T03:00:00Z,วัดโบสถ์,226,0.0,0.0,0.0,,,True
1791514800,2026-10-09T03:00:00Z,บางระกำ,246,0.0,0.0,0.0,,,True
1791514800,2026-10-09T03:00:00Z,บางกระทุ่ม,91,0.0,0.0,0.0,,,True
1791514800,2026-10-09T03:00:00Z,นครไทย,597,0.0,0.0,0.0,,,True
1791514800,2026-10-09T03:00:00Z,ชาติตระการ,415,0.0,0.0,0.0,,,True
1791514800,2026-10-09T03:00:00Z,บ้านเหลื่อม,55,0.0,0.0,0.0,,,True
1791514800,2026-10-09T03:00:00Z,เมืองพิษณุโลก,178,0.0,0.0,0.0,,,True
1791514800,2026-10-09T03:00:00Z,ชุมแสง,145,0.0,0.0,0.0,,,True
1791514800,2026-10-09T03:00:00Z,หนองบัว,208,0.0,0.0,0.0,,,True
1791514800,2026-10-09T03:00:00Z,เมืองนครสวรรค์,183,0.0,0.0,0.0,,,True
1791514800,2026-10-09T03:00:00Z,โกรกพระ,71,0.0,0.0,0.0,,,True
1791514800,2026-10-09T03:00:00Z,ไพศาลี,244,0.0,0.0,0.0,,,True
1791514800,2026-10-09T03:00:00Z,ตาคลี,206,0.0,0.0,0.0,,,True
1791514800,2026-10-09T03:00:00Z,ท่าตะโก,211,0.0,0.0,0.0,,,True
1791514800,2026-10-09T03:00:00Z,เขาค้อ,207,0.0,0.0,0.0,,,True
1791514800,2026-10-09T03:00:00Z,บรรพตพิสัย,181,0.0,0.0,0.0,,,True
1791514800,2026-10-09T03:00:00Z,เก้าเลี้ยว,57,0.0,0.0,0.0,,,True
1791514800,2026-10-09T03:00:00Z,วังโป่ง,123,0.0,0.0,0.0,,,True
1791514800,2026-10-09T03:00:00Z,บึงสามพัน,194,0.0,0.0,0.0,,,True
1791514800,2026-10-09T03:00:00Z,น้ำหนาว,231,0.0,0.0,0.0,,,True
1791514800,2026-10-09T03:00:00Z,ศรีเทพ,204,0.0,0.0,0.0,,,True
1791514800,2026-10-09T03:00:00Z,หนองไผ่,315,0.0,0.0,0.0,,,True
1791514800,2026-10-09T03:00:00Z,มหาราช,4,0.0,0.0,0.0,,,False
1791514800,2026-10-09T03:00:00Z,บ้านแพรก,10,0.0,0.0,0.0,,,True
1791514800,2026-10-09T03:00:00Z,บางมูลนาก,99,0.0,0.0,0.0,,,True
1791514800,2026-10-09T03:00:00Z,โพทะเล,131,0.0,0.0,0.0,,,True
1791514800,2026-10-09T03:00:00Z,โพธิ์ประทับช้าง,102,0.0,0.0,0.0,,,True
1791514800,2026-10-09T03:00:00Z,ตะพานหิน,109,0.0,0.0,0.0,,,True
1791514800,2026-10-09T03:00:00Z,เมืองพิจิตร,138,0.0,0.0,0.0,,,True
1791514800,2026-10-09T03:00:00Z,วังทรายพูน,66,0.0,0.0,0.0,,,True
1791516600,2026-10-09T03:30:00Z,พิชัย,176,0.0,0.0,0.0,,,True
1791516600,2026-10-09T03:30:00Z,ลับแล,116,0.0,0.0,0.0,,,True
1791516600,2026-10-09T03:30:00Z,ฟากท่า,163,0.0,0.0,0.0,,,True
1791516600,2026-10-09T03:30:00Z,บ้านโคก,247,0.0,0.0,0.0,,,True
1791516600,2026-10-09T03:30:00Z,ท่าปลา,442,0.0,0.0,0.0,,,True
1791516600,2026-10-09T03:30:00Z,น้ำปาด,363,0.0,0.0,0.0,,,True
1791516600,2026-10-09T03:30:00Z,เมืองอุตรดิตถ์,202,0.0,0.0,0.0,,,True
1791516600,2026-10-09T03:30:00Z,ตรอน,80,0.0,0.0,0.0,,,True
1791516600,2026-10-09T03:30:00Z,หล่มเก่า,246,0.0,0.0,0.0,,,True
1791516600,2026-10-09T03:30:00Z,วิเชียรบุรี,377,0.0,0.0,0.0,,,True
1791516600,2026-10-09T03:30:00Z,ชนแดน,279,0.0,0.0,0.0,,,True
1791516600,2026-10-09T03:30:00Z,หล่มสัก,350,0.0,0.0,0.0,,,True
1791516600,2026-10-09T03:30:00Z,เมืองเพชรบูรณ์,571,0.0,0.0,0.0,,,True
1791516600,2026-10-09T03:30:00Z,ทองแสนขัน,185,0.0,0.0,0.0,,,True
1791516600,2026-10-09T03:30:00Z,บึงสามัคคี,71,0.0,0.0,0.0,,,True
1791516600,2026-10-09T03:30:00Z,โกสัมพีนคร,137,0.0,0.0,0.0,,,True
1791516600,2026-10-09T03:30:00Z,สอง,380,0.0,0.0,0.0,,,True
1791516600,2026-10-09T03:30:00Z,วังชิ้น,255,0.0,0.0,0.0,,,True
1791516600,2026-10-09T03:30:00Z,สูงเม่น,88,0.0,0.0,0.0,,,True
1791516600,2026-10-09T03:30:00Z,เด่นชัย,135,0.0,0.0,0.0,,,True
1791516600,2026-10-09T03:30:00Z,ร้องกวาง,221,0.0,0.0,0.0,,,True
1791516600,2026-10-09T03:30:00Z,ลอง,317,0.0,0.0,0.0,,,True
1791516600,2026-10-09T03:30:00Z,เมืองแพร่,205,0.0,0.0,0.0,,,True
1791516600,2026-10-09T03:30:00Z,ทัพทัน,94,0.0,0.0,0.0,,,True
1791516600,2026-10-09T03:30:00Z,สว่างอารมณ์,110,0.0,0.0,0.0,,,True
1791516600,2026-10-09T03:30:00Z,เมืองอุทัยธานี,59,0.0,0.0,0.0,,,True
1791516600,2026-10-09T03:30:00Z,ห้วยคต,94,0.0,0.0,0.0,,,True
1791516600,2026-10-09T03:30:00Z,ศรีสวัสดิ์,440,0.0,0.0,0.0,,,True
1791516600,2026-10-09T03:30:00Z,บ้านไร่,821,0.0,0.0,0.0,,,True
1791516600,2026-10-09T03:30:00Z,ลานสัก,360,0.0,0.0,0.0,,,True
1791516600,2026-10-09T03:30:00Z,หนองฉาง,89,0.0,0.0,0.0,,,True
1791516600,2026-10-09T03:30:00Z,หนองขาหย่าง,43,0.0,0.0,0.0,,,True
1791516600,2026-10-09T03:30:00Z,เชียงม่วน,82,0.0,0.0,0.0,,,True
1791516600,2026-10-09T03:30:00Z,ดอกคำใต้,37,0.0,0.0,0.0,,,True
1791516600,2026-10-09T03:30:00Z,เมืองพะเยา,6,0.0,0.0,0.0,,,True
1791516600,2026-10-09T03:30:00Z,ทองผาภูมิ,851,0.0,0.0,0.0,,,True
1791516600,2026-10-09T03:30:00Z,สังขละบุรี,793,0.0,0.0,0.0,,,True
1791516600,2026-10-09T03:30:00Z,หนองม่วงไข่,35,0.0,0.0,0.0,,,True
1791516600,2026-10-09T03:30:00Z,ภูเวียง,81,0.0,0.0,0.0,,,True
1791516600,2026-10-09T03:30:00Z,มัญจาคีรี,50,0.0,0.0,0.0,,,True
1791516600,2026-10-09T03:30:00Z,หนองปรือ,104,0.0,0.0,0.0,,,True
1791516600,2026-10-09T03:30:00Z,เลาขวัญ,123,0.0,0.0,0.0,,,True
1791516600,2026-10-09T03:30:00Z,หนองนาคำ,43,0.0,0.0,0.0,,,True
1791516600,2026-10-09T03:30:00Z,โคกโพธิ์ไชย,65,0.0,0.0,0.0,,,True
1791516600,2026-10-09T03:30:00Z,บ้านหลวง,91,0.0,0.0,0.0,,,True
1791516600,2026-10-09T03:30:00Z,นาน้อย,266,0.0,0.0,0.0,,,True
1791516600,2026-10-09T03:30:00Z,ภูผาม่าน,74,0.0,0.0,0.0,,,True
1791516600,2026-10-09T03:30:00Z,เมืองน่าน,161,0.0,0.0,0.0,,,True
1791516600,2026-10-09T03:30:00Z,แม่จริม,262,0.0,0.0,0.0,,,True
1791516600,2026-10-09T03:30:00Z,เวียงเก่า,78,0.0,0.0,0.0,,,True
1791516600,2026-10-09T03:30:00Z,เมืองกำแพงเพชร,368,0.0,0.0,0.0,,,True
1791516600,2026-10-09T03:30:00Z,ไทรงาม,133,0.0,0.0,0.0,,,True
1791516600,2026-10-09T03:30:00Z,ปางศิลาทอง,186,0.0,0.0,0.0,,,True
1791516600,2026-10-09T03:30:00Z,ลานกระบือ,103,0.0,0.0,0.0,,,True
1791516600,2026-10-09T03:30:00Z,ทรายทองวัฒนา,53,0.0,0.0,0.0,,,True
1791516600,2026-10-09T03:30:00Z,คลองขลุง,179,0.0,0.0,0.0,,,True
1791516600,2026-10-09T03:30:00Z,พรานกระต่าย,252,0.0,0.0,0.0,,,True
1791516600,2026-10-09T03:30:00Z,คลองลาน,363,0.004,0.784,0.0055,,15,True
1791516600,2026-10-09T03:30:00Z,ขาณุวรลักษบุรี,296,0.0,0.0,0.0,,,True
1791516600,2026-10-09T03:30:00Z,ภูเพียง,113,0.0,0.0,0.0,,,True
1791516600,2026-10-09T03:30:00Z,นาหมื่น,245,0.0,0.0,0.0,,,True
1791516600,2026-10-09T03:30:00Z,เวียงสา,543,0.0,0.0,0.0,,,True
1791516600,2026-10-09T03:30:00Z,น้ำโสม,153,0.0,0.0,0.0,,,True
1791516600,2026-10-09T03:30:00Z,นายูง,126,0.0,0.0,0.0,,,True
1791516600,2026-10-09T03:30:00Z,ชุมแพ,173,0.0,0.0,0.0,,,True
1791516600,2026-10-09T03:30:00Z,สีชมพู,132,0.0,0.0,0.0,,,True
1791516600,2026-10-09T03:30:00Z,สุวรรณคูหา,140,0.0,0.0,0.0,,,True
1791516600,2026-10-09T03:30:00Z,นาวัง,65,0.0,0.0,0.0,,,True
1791516600,2026-10-09T03:30:00Z,หนองเรือ,80,0.0,0.0,0.0,,,True
1791516600,2026-10-09T03:30:00Z,โนนสัง,51,0.0,0.0,0.0,,,True
1791516600,2026-10-09T03:30:00Z,ศรีบุญเรือง,224,0.0,0.0,0.0,,,True
1791516600,2026-10-09T03:30:00Z,เมืองหนองบัวลำภู,217,0.0,0.0,0.0,,,True
1791516600,2026-10-09T03:30:00Z,นากลาง,173,0.0,0.0,0.0,,,True
1791516600,2026-10-09T03:30:00Z,ทุ่งเสลี่ยม,144,0.0,0.0,0.0,,,True
1791516600,2026-10-09T03:30:00Z,ดอยหล่อ,56,0.0,0.0,0.0,,,True
1791516600,2026-10-09T03:30:00Z,เมืองตาก,486,0.0,0.0,0.0,,,True
1791516600,2026-10-09T03:30:00Z,แม่ออน,116,0.0,0.0,0.0,,,True
1791516600,2026-10-09T03:30:00Z,อุ้มผาง,1209,0.0,0.0,0.0,,,True
1791516600,2026-10-09T03:30:00Z,วังเจ้า,183,0.0,0.0,0.0,,,True
1791516600,2026-10-09T03:30:00Z,แม่สอด,398,0.0,0.0,0.0,,,True
1791516600,2026-10-09T03:30:00Z,พบพระ,249,0.0,0.0,0.0,,,True
1791516600,2026-10-09T03:30:00Z,แม่ระมาด,380,0.0,0.0,0.0,,,True
1791516600,2026-10-09T03:30:00Z,ท่าสองยาง,401,0.0,0.0,0.0,,,True
1791516600,2026-10-09T03:30:00Z,บ้านตาก,255,0.0,0.0,0.0,,,True
1791516600,2026-10-09T03:30:00Z,สามเงา,698,0.0,0.0,0.0,,,True
1791516600,2026-10-09T03:30:00Z,จอมทอง,280,0.0,0.0,0.0,,,True
1791516600,2026-10-09T03:30:00Z,แก้งสนามนาง,79,0.0,0.0,0.0,,,True
1791516600,2026-10-09T03:30:00Z,สีคิ้ว,292,0.0,0.0,0.0,,,True
1791516600,2026-10-09T03:30:00Z,พระทองคำ,90,0.0,0.0,0.0,,,True
1791516600,2026-10-09T03:30:00Z,เทพารักษ์,92,0.0,0.0,0.0,,,True
1791516600,2026-10-09T03:30:00Z,สันกำแพง,65,0.0,0.0,0.0,,,True
1791516600,2026-10-09T03:30:00Z,สันป่าตอง,44,0.0,0.0,0.0,,,True
1791516600,2026-10-09T03:30:00Z,ดอยเต่า,213,0.0,0.0,0.0,,,True
1791516600,2026-10-09T03:30:00Z,อมก๋อย,704,0.0,0.0,0.0,,,True
1791516600,2026-10-09T03:30:00Z,ฮอด,378,0.0,0.0,0.0,,,True
1791516600,2026-10-09T03:30:00Z,เมืองลำพูน,117,0.0,0.0,0.0,,,True
1791516600,2026-10-09T03:30:00Z,แม่ทา,192,0.0,0.0,0.0,,,True
1791516600,2026-10-09T03:30:00Z,บ้านธิ,34,0.0,0.0,0.0,,,True
1791516600,2026-10-09T03:30:00Z,บ้านหมอ,24,0.0,0.0,0.0,,,True
1791516600,2026-10-09T03:30:00Z,เวียงหนองล่อง,14,0.0,0.0,0.0,,,True
1791516600,2026-10-09T03:30:00Z,ทุ่งหัวช้าง,113,0.0,0.0,0.0,,,True
1791516600,2026-10-09T03:30:00Z,ป่าซาง,74,0.0,0.0,0.0,,,True
1791516600,2026-10-09T03:30:00Z,บ้านโฮ่ง,124,0.0,0.0,0.0,,,True
1791516600,2026-10-09T03:30:00Z,แก่งคอย,73,0.0,0.0,0.0,,,True
1791516600,2026-10-09T03:30:00Z,ลี้,454,0.0,0.0,0.0,,,True
1791516600,2026-10-09T03:30:00Z,พระพุทธบาท,55,0.0,0.0,0.0,,,True
1791516600,2026-10-09T03:30:00Z,ดอนพุด,7,0.0,0.0,0.0,,,True
1791516600,2026-10-09T03:30:00Z,หนองโดน,31,0.0,0.0,0.0,,,True
1791516600,2026-10-09T03:30:00Z,เมืองลำปาง,300,0.0,0.0,0.0,,,True
1791516600,2026-10-09T03:30:00Z,เถิน,443,0.0,0.0,0.0,,,True
1791516600,2026-10-09T03:30:00Z,แม่พริก,167,0.0,0.0,0.0,,,True
1791516600,2026-10-09T03:30:00Z,แจ้ห่ม,274,0.0,0.0,0.0,,,True
1791516600,2026-10-09T03:30:00Z,แม่เปิน,85,0.0,0.0,0.0,,,True
1791516600,2026-10-09T03:30:00Z,เสริมงาม,185,0.0,0.0,0.0,,,True
1791516600,2026-10-09T03:30:00Z,ชุมตาบง,61,0.0,0.0,0.0,,,True
1791516600,2026-10-09T03:30:00Z,งาว,344,0.0,0.0,0.0,,,True
1791516600,2026-10-09T03:30:00Z,ตากฟ้า,125,0.0,0.0,0.0,,,True
1791516600,2026-10-09T03:30:00Z,แม่เมาะ,283,0.0,0.0,0.0,,,True
1791516600,2026-10-09T03:30:00Z,แม่วงก์,257,0.0,0.0,0.0,,,True
1791516600,2026-10-09T03:30:00Z,เกาะคา,128,0.0,0.0,0.0,,,True
1791516600,2026-10-09T03:30:00Z,พยุหะคีรี,169,0.0,0.0,0.0,,,True
1791516600,2026-10-09T03:30:00Z,ลาดยาว,187,0.0,0.0,0.0,,,True
1791516600,2026-10-09T03:30:00Z,สบปราบ,125,0.0,0.0,0.0,,,True
1791516600,2026-10-09T03:30:00Z,ห้างฉัตร,154,0.0,0.0,0.0,,,True
1791516600,2026-10-09T03:30:00Z,แม่ทะ,203,0.0,0.0,0.0,,,True
1791516600,2026-10-09T03:30:00Z,เมืองปาน,202,0.0,0.0,0.0,,,True
1791516600,2026-10-09T03:30:00Z,เมืองอ่างทอง,6,0.0,0.0,0.0,,,True
1791516600,2026-10-09T03:30:00Z,ไชโย,20,0.0,0.0,0.0,,,True
1791516600,2026-10-09T03:30:00Z,สามโก้,10,0.0,0.0,0.0,,,True
1791516600,2026-10-09T03:30:00Z,แสวงหา,43,0.0,0.0,0.0,,,True
1791516600,2026-10-09T03:30:00Z,วิเศษชัยชาญ,7,0.0,0.0,0.0,,,True
1791516600,2026-10-09T03:30:00Z,โพธิ์ทอง,48,0.0,0.0,0.0,,,True
1791516600,2026-10-09T03:30:00Z,เมืองลพบุรี,190,0.0,0.0,0.0,,,True
1791516600,2026-10-09T03:30:00Z,เดิมบางนางบวช,130,0.0,0.0,0.0,,,True
1791516600,2026-10-09T03:30:00Z,ด่านช้าง,309,0.0,0.0,0.0,,,True
1791516600,2026-10-09T03:30:00Z,หนองม่วง,111,0.0,0.0,0.0,,,True
1791516600,2026-10-09T03:30:00Z,ลำสนธิ,136,0.0,0.0,0.0,,,True
1791516600,2026-10-09T03:30:00Z,สามชุก,77,0.0,0.0,0.0,,,True
1791516600,2026-10-09T03:30:00Z,ดอนเจดีย์,72,0.0,0.0,0.0,,,True
1791516600,2026-10-09T03:30:00Z,สระโบสถ์,83,0.0,0.0,0.0,,,True
1791516600,2026-10-09T03:30:00Z,ศรีประจันต์,41,0.0,0.0,0.0,,,True
1791516600,2026-10-09T03:30:00Z,โคกเจริญ,135,0.0,0.0,0.0,,,True
1791516600,2026-10-09T03:30:00Z,บ้านหมี่,136,0.0,0.0,0.0,,,True
1791516600,2026-10-09T03:30:00Z,ท่าหลวง,100,0.0,0.0,0.0,,,True
1791516600,2026-10-09T03:30:00Z,ชัยบาดาล,280,0.0,0.0,0.0,,,True
1791516600,2026-10-09T03:30:00Z,ท่าวุ้ง,64,0.0,0.0,0.0,,,True
1791516600,2026-10-09T03:30:00Z,พัฒนานิคม,217,0.0,0.0,0.0,,,True
1791516600,2026-10-09T03:30:00Z,โคกสำโรง,180,0.0,0.0,0.0,,,True
1791516600,2026-10-09T03:30:00Z,หนองหญ้าไซ,108,0.0,0.0,0.0,,,True
1791516600,2026-10-09T03:30:00Z,ท่าช้าง,11,0.0,0.0,0.0,,,True
1791516600,2026-10-09T03:30:00Z,อินทร์บุรี,66,0.0,0.0,0.0,,,True
1791516600,2026-10-09T03:30:00Z,ค่ายบางระจัน,26,0.0,0.0,0.0,,,True
1791516600,2026-10-09T03:30:00Z,พรหมบุรี,19,0.0,0.0,0.0,,,True
1791516600,2026-10-09T03:30:00Z,เนินสง่า,65,0.0,0.0,0.0,,,True
1791516600,2026-10-09T03:30:00Z,เมืองสิงห์บุรี,31,0.0,0.0,0.0,,,True
1791516600,2026-10-09T03:30:00Z,ซับใหญ่,72,0.0,0.0,0.0,,,True
1791516600,2026-10-09T03:30:00Z,บางระจัน,46,0.0,0.0,0.0,,,True
1791516600,2026-10-09T03:30:00Z,ภูกระดึง,190,0.0,0.0,0.0,,,True
1791516600,2026-10-09T03:30:00Z,ภูหลวง,145,0.0,0.0,0.0,,,True
1791516600,2026-10-09T03:30:00Z,หนองหิน,78,0.0,0.0,0.0,,,True
1791516600,2026-10-09T03:30:00Z,ผาขาว,100,0.0,0.0,0.0,,,True
1791516600,2026-10-09T03:30:00Z,เอราวัณ,87,0.0,0.0,0.0,,,True
1791516600,2026-10-09T03:30:00Z,วังสะพุง,281,0.0,0.0,0.0,,,True
1791516600,2026-10-09T03:30:00Z,วังม่วง,70,0.0,0.0,0.0,,,True
1791516600,2026-10-09T03:30:00Z,เฉลิมพระเกียรติ,35,0.0,0.0,0.0,,,True
1791516600,2026-10-09T03:30:00Z,มวกเหล็ก,175,0.0,0.0,0.0,,,True
1791516600,2026-10-09T03:30:00Z,บ้านเขว้า,124,0.0,0.0,0.0,,,True
1791516600,2026-10-09T03:30:00Z,คอนสวรรค์,113,0.0,0.0,0.0,,,True
1791516600,2026-10-09T03:30:00Z,เมืองชัยภูมิ,358,0.0,0.0,0.0,,,True
1791516600,2026-10-09T03:30:00Z,วังทอง,425,0.0,0.0,0.0,,,True
1791516600,2026-10-09T03:30:00Z,เนินมะปราง,276,0.0,0.0,0.0,,,True
1791516600,2026-10-09T03:30:00Z,สวรรคโลก,156,0.0,0.0,0.0,,,True
1791516600,2026-10-09T03:30:00Z,ศรีนคร,46,0.0,0.0,0.0,,,True
1791516600,2026-10-09T03:30:00Z,หันคา,139,0.0,0.0,0.0,,,True
1791516600,2026-10-09T03:30:00Z,ศรีสัชนาลัย,534,0.0,0.0,0.0,,,True
1791516600,2026-10-09T03:30:00Z,หนองมะโมง,76,0.0,0.0,0.0,,,True
1791516600,2026-10-09T03:30:00Z,ศรีสำโรง,142,0.0,0.0,0.0,,,True
1791516600,2026-10-09T03:30:00Z,สรรพยา,55,0.0,0.0,0.0,,,True
1791516600,2026-10-09T03:30:00Z,คีรีมาศ,171,0.0,0.0,0.0,,,True
1791516600,2026-10-09T03:30:00Z,สรรคบุรี,89,0.0,0.0,0.0,,,True
1791516600,2026-10-09T03:30:00Z,กงไกรลาศ,108,0.0,0.0,0.0,,,True
1791516600,2026-10-09T03:30:00Z,มโนรมย์,66,0.0,0.0,0.0,,,True
1791516600,2026-10-09T03:30:00Z,เมืองสุโขทัย,136,0.0,0.0,0.0,,,True
1791516600,2026-10-09T03:30:00Z,วัดสิงห์,67,0.0,0.0,0.0,,,True
1791516600,2026-10-09T03:30:00Z,บ้านด่านลานหอย,231,0.0,0.0,0.0,,,True
1791516600,2026-10-09T03:30:00Z,เมืองชัยนาท,70,0.0,0.0,0.0,,,True
1791516600,2026-10-09T03:30:00Z,เนินขาม,65,0.0,0.0,0.0,,,True
1791516600,2026-10-09T03:30:00Z,คอนสาร,334,0.0,0.0,0.0,,,True
1791516600,2026-10-09T03:30:00Z,ภักดีชุมพล,154,0.0,0.0,0.0,,,True
1791516600,2026-10-09T03:30:00Z,บ้านแท่น,76,0.0,0.0,0.0,,,True
1791516600,2026-10-09T03:30:00Z,แก้งคร้อ,168,0.0,0.0,0.0,,,True
1791516600,2026-10-09T03:30:00Z,ภูเขียว,201,0.0,0.0,0.0,,,True
1791516600,2026-10-09T03:30:00Z,หนองบัวระเหว,179,0.0,0.0,0.0,,,True
1791516600,2026-10-09T03:30:00Z,เทพสถิต,239,0.0,0.0,0.0,,,True
1791516600,2026-10-09T03:30:00Z,จัตุรัส,172,0.0,0.0,0.0,,,True
1791516600,2026-10-09T03:30:00Z,บำเหน็จณรงค์,120,0.0,0.0,0.0,,,True
1791516600,2026-10-09T03:30:00Z,เกษตรสมบูรณ์,268,0.0,0.0,0.0,,,True
1791516600,2026-10-09T03:30:00Z,หนองบัวแดง,537,0.0,0.0,0.0,,,True
1791516600,2026-10-09T03:30:00Z,ภูเรือ,168,0.0,0.0,0.0,,,True
1791516600,2026-10-09T03:30:00Z,ท่าลี่,171,0.0,0.0,0.0,,,True
1791516600,2026-10-09T03:30:00Z,วชิรบารมี,68,0.0,0.0,0.0,,,True
1791516600,2026-10-09T03:30:00Z,ด่านซ้าย,341,0.0,0.0,0.0,,,True
1791516600,2026-10-09T03:30:00Z,นาแห้ว,153,0.0,0.0,0.0,,,True
1791516600,2026-10-09T03:30:00Z,บึงนาราง,74,0.0,0.0,0.0,,,True
1791516600,2026-10-09T03:30:00Z,เชียงคาน,213,0.0,0.0,0.0,,,True
1791516600,2026-10-09T03:30:00Z,ดงเจริญ,56,0.0,0.0,0.0,,,True
1791516600,2026-10-09T03:30:00Z,ปากชม,240,0.0,0.0,0.0,,,True
1791516600,2026-10-09T03:30:00Z,เมืองเลย,314,0.0,0.0,0.0,,,True
1791516600,2026-10-09T03:30:00Z,นาด้วง,143,0.0,0.0,0.0,,,True
1791516600,2026-10-09T03:30:00Z,สากเหล็ก,45,0.0,0.0,0.0,,,True
1791516600,2026-10-09T03:30:00Z,สามง่าม,89,0.0,0.0,0.0,,,True
1791516600,2026-10-09T03:30:00Z,ทับคล้อ,104,0.0,0.0,0.0,,,True
1791516600,2026-10-09T03:30:00Z,พรหมพิราม,206,0.0,0.0,0.0,,,True
1791516600,2026-10-09T03:30:00Z,ด่านขุนทด,344,0.0,0.0,0.0,,,True
1791516600,2026-10-09T03:30:00Z,วัดโบสถ์,226,0.0,0.0,0.0,,,True
1791516600,2026-10-09T03:30:00Z,บางระกำ,246,0.0,0.0,0.0,,,True
1791516600,2026-10-09T03:30:00Z,บางกระทุ่ม,91,0.0,0.0,0.0,,,True
1791516600,2026-10-09T03:30:00Z,นครไทย,597,0.0,0.0,0.0,,,True
1791516600,2026-10-09T03:30:00Z,ชาติตระการ,415,0.0,0.0,0.0,,,True
1791516600,2026-10-09T03:30:00Z,บ้านเหลื่อม,55,0.0,0.0,0.0,,,True
1791516600,2026-10-09T03:30:00Z,เมืองพิษณุโลก,178,0.0,0.0,0.0,,,True
1791516600,2026-10-09T03:30:00Z,ชุมแสง,145,0.0,0.0,0.0,,,True
1791516600,2026-10-09T03:30:00Z,หนองบัว,208,0.0,0.0,0.0,,,True
1791516600,2026-10-09T03:30:00Z,เมืองนครสวรรค์,183,0.0,0.0,0.0,,,True
1791516600,2026-10-09T03:30:00Z,โกรกพระ,71,0.0,0.0,0.0,,,True
1791516600,2026-10-09T03:30:00Z,ไพศาลี,244,0.0,0.0,0.0,,,True
1791516600,2026-10-09T03:30:00Z,ตาคลี,206,0.0,0.0,0.0,,,True
1791516600,2026-10-09T03:30:00Z,ท่าตะโก,211,0.0,0.0,0.0,,,True
1791516600,2026-10-09T03:30:00Z,เขาค้อ,207,0.0,0.0,0.0,,,True
1791516600,2026-10-09T03:30:00Z,บรรพตพิสัย,181,0.0,0.0,0.0,,,True
1791516600,2026-10-09T03:30:00Z,เก้าเลี้ยว,57,0.0,0.0,0.0,,,True
1791516600,2026-10-09T03:30:00Z,วังโป่ง,123,0.0,0.0,0.0,,,True
1791516600,2026-10-09T03:30:00Z,บึงสามพัน,194,0.0,0.0,0.0,,,True
1791516600,2026-10-09T03:30:00Z,น้ำหนาว,231,0.0,0.0,0.0,,,True
1791516600,2026-10-09T03:30:00Z,ศรีเทพ,204,0.0,0.0,0.0,,,True
1791516600,2026-10-09T03:30:00Z,หนองไผ่,315,0.0,0.0,0.0,,,True
1791516600,2026-10-09T03:30:00Z,มหาราช,4,0.0,0.0,0.0,,,False
1791516600,2026-10-09T03:30:00Z,บ้านแพรก,10,0.0,0.0,0.0,,,True
1791516600,2026-10-09T03:30:00Z,บางมูลนาก,99,0.0,0.0,0.0,,,True
1791516600,2026-10-09T03:30:00Z,โพทะเล,131,0.0,0.0,0.0,,,True
1791516600,2026-10-09T03:30:00Z,โพธิ์ประทับช้าง,102,0.0,0.0,0.0,,,True
1791516600,2026-10-09T03:30:00Z,ตะพานหิน,109,0.0,0.0,0.0,,,True
1791516600,2026-10-09T03:30:00Z,เมืองพิจิตร,138,0.0,0.0,0.0,,,True
1791516600,2026-10-09T03:30:00Z,วังทรายพูน,66,0.0,0.0,0.0,,,True
1791517500,2026-10-09T03:45:00Z,พิชัย,176,0.0,0.0,0.0,,,True
1791517500,2026-10-09T03:45:00Z,ลับแล,116,0.0,0.0,0.0,,,True
1791517500,2026-10-09T03:45:00Z,ฟากท่า,163,0.0,0.0,0.0,,,True
1791517500,2026-10-09T03:45:00Z,บ้านโคก,247,0.0,0.0,0.0,,,True
1791517500,2026-10-09T03:45:00Z,ท่าปลา,442,0.0,0.0,0.0,,,True
1791517500,2026-10-09T03:45:00Z,น้ำปาด,363,0.0,0.0,0.0,,,True
1791517500,2026-10-09T03:45:00Z,เมืองอุตรดิตถ์,202,0.0,0.0,0.0,,,True
1791517500,2026-10-09T03:45:00Z,ตรอน,80,0.0,0.0,0.0,,,True
1791517500,2026-10-09T03:45:00Z,หล่มเก่า,246,0.0,0.0,0.0,,,True
1791517500,2026-10-09T03:45:00Z,วิเชียรบุรี,377,0.0,0.0,0.0,,,True
1791517500,2026-10-09T03:45:00Z,ชนแดน,279,0.0,0.0,0.0,,,True
1791517500,2026-10-09T03:45:00Z,หล่มสัก,350,0.0,0.0,0.0,,,True
1791517500,2026-10-09T03:45:00Z,เมืองเพชรบูรณ์,571,0.0,0.0,0.0,,,True
1791517500,2026-10-09T03:45:00Z,ทองแสนขัน,185,0.0,0.0,0.0,,,True
1791517500,2026-10-09T03:45:00Z,บึงสามัคคี,71,0.0,0.0,0.0,,,True
1791517500,2026-10-09T03:45:00Z,โกสัมพีนคร,137,0.0,0.0,0.0,,,True
1791517500,2026-10-09T03:45:00Z,สอง,380,0.0,0.0,0.0,,,True
1791517500,2026-10-09T03:45:00Z,วังชิ้น,255,0.0,0.0,0.0,,,True
1791517500,2026-10-09T03:45:00Z,สูงเม่น,88,0.0,0.0,0.0,,,True
1791517500,2026-10-09T03:45:00Z,เด่นชัย,135,0.0,0.0,0.0,,,True
1791517500,2026-10-09T03:45:00Z,ร้องกวาง,221,0.0,0.0,0.0,,,True
1791517500,2026-10-09T03:45:00Z,ลอง,317,0.0,0.0,0.0,,,True
1791517500,2026-10-09T03:45:00Z,เมืองแพร่,205,0.0,0.0,0.0,,,True
1791517500,2026-10-09T03:45:00Z,ทัพทัน,94,0.0,0.0,0.0,,,True
1791517500,2026-10-09T03:45:00Z,สว่างอารมณ์,110,0.0,0.0,0.0,,,True
1791517500,2026-10-09T03:45:00Z,เมืองอุทัยธานี,59,0.0,0.0,0.0,,,True
1791517500,2026-10-09T03:45:00Z,ห้วยคต,94,0.0,0.0,0.0,,,True
1791517500,2026-10-09T03:45:00Z,ศรีสวัสดิ์,440,0.0,0.0,0.0,,,True
1791517500,2026-10-09T03:45:00Z,บ้านไร่,821,0.0,0.0,0.0,,,True
1791517500,2026-10-09T03:45:00Z,ลานสัก,360,0.0,0.0,0.0,,,True
1791517500,2026-10-09T03:45:00Z,หนองฉาง,89,0.0,0.0,0.0,,,True
1791517500,2026-10-09T03:45:00Z,หนองขาหย่าง,43,0.0,0.0,0.0,,,True
1791517500,2026-10-09T03:45:00Z,เชียงม่วน,82,0.0,0.0,0.0,,,True
1791517500,2026-10-09T03:45:00Z,ดอกคำใต้,37,0.0,0.0,0.0,,,True
1791517500,2026-10-09T03:45:00Z,เมืองพะเยา,6,0.0,0.0,0.0,,,True
1791517500,2026-10-09T03:45:00Z,ทองผาภูมิ,851,0.0,0.0,0.0,,,True
1791517500,2026-10-09T03:45:00Z,สังขละบุรี,793,0.0,0.0,0.0,,,True
1791517500,2026-10-09T03:45:00Z,หนองม่วงไข่,35,0.0,0.0,0.0,,,True
1791517500,2026-10-09T03:45:00Z,ภูเวียง,81,0.0,0.0,0.0,,,True
1791517500,2026-10-09T03:45:00Z,มัญจาคีรี,50,0.0,0.0,0.0,,,True
1791517500,2026-10-09T03:45:00Z,หนองปรือ,104,0.0,0.0,0.0,,,True
1791517500,2026-10-09T03:45:00Z,เลาขวัญ,123,0.0,0.0,0.0,,,True
1791517500,2026-10-09T03:45:00Z,หนองนาคำ,43,0.0,0.0,0.0,,,True
1791517500,2026-10-09T03:45:00Z,โคกโพธิ์ไชย,65,0.0,0.0,0.0,,,True
1791517500,2026-10-09T03:45:00Z,บ้านหลวง,91,0.0,0.0,0.0,,,True
1791517500,2026-10-09T03:45:00Z,นาน้อย,266,0.0,0.0,0.0,,,True
1791517500,2026-10-09T03:45:00Z,ภูผาม่าน,74,0.0,0.0,0.0,,,True
1791517500,2026-10-09T03:45:00Z,เมืองน่าน,161,0.0,0.0,0.0,,,True
1791517500,2026-10-09T03:45:00Z,แม่จริม,262,0.0,0.0,0.0,,,True
1791517500,2026-10-09T03:45:00Z,เวียงเก่า,78,0.0,0.0,0.0,,,True
1791517500,2026-10-09T03:45:00Z,เมืองกำแพงเพชร,368,0.002,0.784,0.0027,,15,True
1791517500,2026-10-09T03:45:00Z,ไทรงาม,133,0.0,0.0,0.0,,,True
1791517500,2026-10-09T03:45:00Z,ปางศิลาทอง,186,0.0,0.0,0.0,,,True
1791517500,2026-10-09T03:45:00Z,ลานกระบือ,103,0.0,0.0,0.0,,,True
1791517500,2026-10-09T03:45:00Z,ทรายทองวัฒนา,53,0.0,0.0,0.0,,,True
1791517500,2026-10-09T03:45:00Z,คลองขลุง,179,0.0,0.0,0.0,,,True
1791517500,2026-10-09T03:45:00Z,พรานกระต่าย,252,0.0,0.0,0.0,,,True
1791517500,2026-10-09T03:45:00Z,คลองลาน,363,0.071,13.936,0.0138,,15,True
1791517500,2026-10-09T03:45:00Z,ขาณุวรลักษบุรี,296,0.0,0.0,0.0,,,True
1791517500,2026-10-09T03:45:00Z,ภูเพียง,113,0.0,0.0,0.0,,,True
1791517500,2026-10-09T03:45:00Z,นาหมื่น,245,0.0,0.0,0.0,,,True
1791517500,2026-10-09T03:45:00Z,เวียงสา,543,0.0,0.0,0.0,,,True
1791517500,2026-10-09T03:45:00Z,น้ำโสม,153,0.0,0.0,0.0,,,True
1791517500,2026-10-09T03:45:00Z,นายูง,126,0.0,0.0,0.0,,,True
1791517500,2026-10-09T03:45:00Z,ชุมแพ,173,0.0,0.0,0.0,,,True
1791517500,2026-10-09T03:45:00Z,สีชมพู,132,0.0,0.0,0.0,,,True
1791517500,2026-10-09T03:45:00Z,สุวรรณคูหา,140,0.0,0.0,0.0,,,True
1791517500,2026-10-09T03:45:00Z,นาวัง,65,0.0,0.0,0.0,,,True
1791517500,2026-10-09T03:45:00Z,หนองเรือ,80,0.0,0.0,0.0,,,True
1791517500,2026-10-09T03:45:00Z,โนนสัง,51,0.0,0.0,0.0,,,True
1791517500,2026-10-09T03:45:00Z,ศรีบุญเรือง,224,0.0,0.0,0.0,,,True
1791517500,2026-10-09T03:45:00Z,เมืองหนองบัวลำภู,217,0.0,0.0,0.0,,,True
1791517500,2026-10-09T03:45:00Z,นากลาง,173,0.0,0.0,0.0,,,True
1791517500,2026-10-09T03:45:00Z,ทุ่งเสลี่ยม,144,0.0,0.0,0.0,,,True
1791517500,2026-10-09T03:45:00Z,ดอยหล่อ,56,0.0,0.0,0.0,,,True
1791517500,2026-10-09T03:45:00Z,เมืองตาก,486,0.0,0.0,0.0,,,True
1791517500,2026-10-09T03:45:00Z,แม่ออน,116,0.0,0.0,0.0,,,True
1791517500,2026-10-09T03:45:00Z,อุ้มผาง,1209,0.0,0.0,0.0,,,True
1791517500,2026-10-09T03:45:00Z,วังเจ้า,183,0.0,0.0,0.0,,,True
1791517500,2026-10-09T03:45:00Z,แม่สอด,398,0.0,0.0,0.0,,,True
1791517500,2026-10-09T03:45:00Z,พบพระ,249,0.0,0.0,0.0,,,True
1791517500,2026-10-09T03:45:00Z,แม่ระมาด,380,0.0,0.0,0.0,,,True
1791517500,2026-10-09T03:45:00Z,ท่าสองยาง,401,0.0,0.0,0.0,,,True
1791517500,2026-10-09T03:45:00Z,บ้านตาก,255,0.0,0.0,0.0,,,True
1791517500,2026-10-09T03:45:00Z,สามเงา,698,0.0,0.0,0.0,,,True
1791517500,2026-10-09T03:45:00Z,จอมทอง,280,0.0,0.0,0.0,,,True
1791517500,2026-10-09T03:45:00Z,แก้งสนามนาง,79,0.0,0.0,0.0,,,True
1791517500,2026-10-09T03:45:00Z,สีคิ้ว,292,0.0,0.0,0.0,,,True
1791517500,2026-10-09T03:45:00Z,พระทองคำ,90,0.0,0.0,0.0,,,True
1791517500,2026-10-09T03:45:00Z,เทพารักษ์,92,0.0,0.0,0.0,,,True
1791517500,2026-10-09T03:45:00Z,สันกำแพง,65,0.0,0.0,0.0,,,True
1791517500,2026-10-09T03:45:00Z,สันป่าตอง,44,0.0,0.0,0.0,,,True
1791517500,2026-10-09T03:45:00Z,ดอยเต่า,213,0.0,0.0,0.0,,,True
1791517500,2026-10-09T03:45:00Z,อมก๋อย,704,0.0,0.0,0.0,,,True
1791517500,2026-10-09T03:45:00Z,ฮอด,378,0.0,0.0,0.0,,,True
1791517500,2026-10-09T03:45:00Z,เมืองลำพูน,117,0.0,0.0,0.0,,,True
1791517500,2026-10-09T03:45:00Z,แม่ทา,192,0.0,0.0,0.0,,,True
1791517500,2026-10-09T03:45:00Z,บ้านธิ,34,0.0,0.0,0.0,,,True
1791517500,2026-10-09T03:45:00Z,บ้านหมอ,24,0.0,0.0,0.0,,,True
1791517500,2026-10-09T03:45:00Z,เวียงหนองล่อง,14,0.0,0.0,0.0,,,True
1791517500,2026-10-09T03:45:00Z,ทุ่งหัวช้าง,113,0.0,0.0,0.0,,,True
1791517500,2026-10-09T03:45:00Z,ป่าซาง,74,0.0,0.0,0.0,,,True
1791517500,2026-10-09T03:45:00Z,บ้านโฮ่ง,124,0.0,0.0,0.0,,,True
1791517500,2026-10-09T03:45:00Z,แก่งคอย,73,0.0,0.0,0.0,,,True
1791517500,2026-10-09T03:45:00Z,ลี้,454,0.0,0.0,0.0,,,True
1791517500,2026-10-09T03:45:00Z,พระพุทธบาท,55,0.0,0.0,0.0,,,True
1791517500,2026-10-09T03:45:00Z,ดอนพุด,7,0.0,0.0,0.0,,,True
1791517500,2026-10-09T03:45:00Z,หนองโดน,31,0.0,0.0,0.0,,,True
1791517500,2026-10-09T03:45:00Z,เมืองลำปาง,300,0.0,0.0,0.0,,,True
1791517500,2026-10-09T03:45:00Z,เถิน,443,0.0,0.0,0.0,,,True
1791517500,2026-10-09T03:45:00Z,แม่พริก,167,0.0,0.0,0.0,,,True
1791517500,2026-10-09T03:45:00Z,แจ้ห่ม,274,0.0,0.0,0.0,,,True
1791517500,2026-10-09T03:45:00Z,แม่เปิน,85,0.0,0.0,0.0,,,True
1791517500,2026-10-09T03:45:00Z,เสริมงาม,185,0.0,0.0,0.0,,,True
1791517500,2026-10-09T03:45:00Z,ชุมตาบง,61,0.0,0.0,0.0,,,True
1791517500,2026-10-09T03:45:00Z,งาว,344,0.0,0.0,0.0,,,True
1791517500,2026-10-09T03:45:00Z,ตากฟ้า,125,0.0,0.0,0.0,,,True
1791517500,2026-10-09T03:45:00Z,แม่เมาะ,283,0.0,0.0,0.0,,,True
1791517500,2026-10-09T03:45:00Z,แม่วงก์,257,0.0,0.0,0.0,,,True
1791517500,2026-10-09T03:45:00Z,เกาะคา,128,0.0,0.0,0.0,,,True
1791517500,2026-10-09T03:45:00Z,พยุหะคีรี,169,0.0,0.0,0.0,,,True
1791517500,2026-10-09T03:45:00Z,ลาดยาว,187,0.0,0.0,0.0,,,True
1791517500,2026-10-09T03:45:00Z,สบปราบ,125,0.0,0.0,0.0,,,True
1791517500,2026-10-09T03:45:00Z,ห้างฉัตร,154,0.0,0.0,0.0,,,True
1791517500,2026-10-09T03:45:00Z,แม่ทะ,203,0.0,0.0,0.0,,,True
1791517500,2026-10-09T03:45:00Z,เมืองปาน,202,0.0,0.0,0.0,,,True
1791517500,2026-10-09T03:45:00Z,เมืองอ่างทอง,6,0.0,0.0,0.0,,,True
1791517500,2026-10-09T03:45:00Z,ไชโย,20,0.0,0.0,0.0,,,True
1791517500,2026-10-09T03:45:00Z,สามโก้,10,0.0,0.0,0.0,,,True
1791517500,2026-10-09T03:45:00Z,แสวงหา,43,0.0,0.0,0.0,,,True
1791517500,2026-10-09T03:45:00Z,วิเศษชัยชาญ,7,0.0,0.0,0.0,,,True
1791517500,2026-10-09T03:45:00Z,โพธิ์ทอง,48,0.0,0.0,0.0,,,True
1791517500,2026-10-09T03:45:00Z,เมืองลพบุรี,190,0.0,0.0,0.0,,,True
1791517500,2026-10-09T03:45:00Z,เดิมบางนางบวช,130,0.0,0.0,0.0,,,True
1791517500,2026-10-09T03:45:00Z,ด่านช้าง,309,0.0,0.0,0.0,,,True
1791517500,2026-10-09T03:45:00Z,หนองม่วง,111,0.0,0.0,0.0,,,True
1791517500,2026-10-09T03:45:00Z,ลำสนธิ,136,0.0,0.0,0.0,,,True
1791517500,2026-10-09T03:45:00Z,สามชุก,77,0.0,0.0,0.0,,,True
1791517500,2026-10-09T03:45:00Z,ดอนเจดีย์,72,0.0,0.0,0.0,,,True
1791517500,2026-10-09T03:45:00Z,สระโบสถ์,83,0.0,0.0,0.0,,,True
1791517500,2026-10-09T03:45:00Z,ศรีประจันต์,41,0.0,0.0,0.0,,,True
1791517500,2026-10-09T03:45:00Z,โคกเจริญ,135,0.0,0.0,0.0,,,True
1791517500,2026-10-09T03:45:00Z,บ้านหมี่,136,0.0,0.0,0.0,,,True
1791517500,2026-10-09T03:45:00Z,ท่าหลวง,100,0.0,0.0,0.0,,,True
1791517500,2026-10-09T03:45:00Z,ชัยบาดาล,280,0.0,0.0,0.0,,,True
1791517500,2026-10-09T03:45:00Z,ท่าวุ้ง,64,0.0,0.0,0.0,,,True
1791517500,2026-10-09T03:45:00Z,พัฒนานิคม,217,0.0,0.0,0.0,,,True
1791517500,2026-10-09T03:45:00Z,โคกสำโรง,180,0.0,0.0,0.0,,,True
1791517500,2026-10-09T03:45:00Z,หนองหญ้าไซ,108,0.0,0.0,0.0,,,True
1791517500,2026-10-09T03:45:00Z,ท่าช้าง,11,0.0,0.0,0.0,,,True
1791517500,2026-10-09T03:45:00Z,อินทร์บุรี,66,0.0,0.0,0.0,,,True
1791517500,2026-10-09T03:45:00Z,ค่ายบางระจัน,26,0.0,0.0,0.0,,,True
1791517500,2026-10-09T03:45:00Z,พรหมบุรี,19,0.0,0.0,0.0,,,True
1791517500,2026-10-09T03:45:00Z,เนินสง่า,65,0.0,0.0,0.0,,,True
1791517500,2026-10-09T03:45:00Z,เมืองสิงห์บุรี,31,0.0,0.0,0.0,,,True
1791517500,2026-10-09T03:45:00Z,ซับใหญ่,72,0.0,0.0,0.0,,,True
1791517500,2026-10-09T03:45:00Z,บางระจัน,46,0.0,0.0,0.0,,,True
1791517500,2026-10-09T03:45:00Z,ภูกระดึง,190,0.0,0.0,0.0,,,True
1791517500,2026-10-09T03:45:00Z,ภูหลวง,145,0.0,0.0,0.0,,,True
1791517500,2026-10-09T03:45:00Z,หนองหิน,78,0.0,0.0,0.0,,,True
1791517500,2026-10-09T03:45:00Z,ผาขาว,100,0.0,0.0,0.0,,,True
1791517500,2026-10-09T03:45:00Z,เอราวัณ,87,0.0,0.0,0.0,,,True
1791517500,2026-10-09T03:45:00Z,วังสะพุง,281,0.0,0.0,0.0,,,True
1791517500,2026-10-09T03:45:00Z,วังม่วง,70,0.0,0.0,0.0,,,True
1791517500,2026-10-09T03:45:00Z,เฉลิมพระเกียรติ,35,0.0,0.0,0.0,,,True
1791517500,2026-10-09T03:45:00Z,มวกเหล็ก,175,0.0,0.0,0.0,,,True
1791517500,2026-10-09T03:45:00Z,บ้านเขว้า,124,0.0,0.0,0.0,,,True
1791517500,2026-10-09T03:45:00Z,คอนสวรรค์,113,0.0,0.0,0.0,,,True
1791517500,2026-10-09T03:45:00Z,เมืองชัยภูมิ,358,0.0,0.0,0.0,,,True
1791517500,2026-10-09T03:45:00Z,วังทอง,425,0.0,0.0,0.0,,,True
1791517500,2026-10-09T03:45:00Z,เนินมะปราง,276,0.0,0.0,0.0,,,True
1791517500,2026-10-09T03:45:00Z,สวรรคโลก,156,0.0,0.0,0.0,,,True
1791517500,2026-10-09T03:45:00Z,ศรีนคร,46,0.0,0.0,0.0,,,True
1791517500,2026-10-09T03:45:00Z,หันคา,139,0.0,0.0,0.0,,,True
1791517500,2026-10-09T03:45:00Z,ศรีสัชนาลัย,534,0.0,0.0,0.0,,,True
1791517500,2026-10-09T03:45:00Z,หนองมะโมง,76,0.0,0.0,0.0,,,True
1791517500,2026-10-09T03:45:00Z,ศรีสำโรง,142,0.0,0.0,0.0,,,True
1791517500,2026-10-09T03:45:00Z,สรรพยา,55,0.0,0.0,0.0,,,True
1791517500,2026-10-09T03:45:00Z,คีรีมาศ,171,0.0,0.0,0.0,,,True
1791517500,2026-10-09T03:45:00Z,สรรคบุรี,89,0.0,0.0,0.0,,,True
1791517500,2026-10-09T03:45:00Z,กงไกรลาศ,108,0.0,0.0,0.0,,,True
1791517500,2026-10-09T03:45:00Z,มโนรมย์,66,0.0,0.0,0.0,,,True
1791517500,2026-10-09T03:45:00Z,เมืองสุโขทัย,136,0.0,0.0,0.0,,,True
1791517500,2026-10-09T03:45:00Z,วัดสิงห์,67,0.0,0.0,0.0,,,True
1791517500,2026-10-09T03:45:00Z,บ้านด่านลานหอย,231,0.0,0.0,0.0,,,True
1791517500,2026-10-09T03:45:00Z,เมืองชัยนาท,70,0.0,0.0,0.0,,,True
1791517500,2026-10-09T03:45:00Z,เนินขาม,65,0.0,0.0,0.0,,,True
1791517500,2026-10-09T03:45:00Z,คอนสาร,334,0.0,0.0,0.0,,,True
1791517500,2026-10-09T03:45:00Z,ภักดีชุมพล,154,0.0,0.0,0.0,,,True
1791517500,2026-10-09T03:45:00Z,บ้านแท่น,76,0.0,0.0,0.0,,,True
1791517500,2026-10-09T03:45:00Z,แก้งคร้อ,168,0.0,0.0,0.0,,,True
1791517500,2026-10-09T03:45:00Z,ภูเขียว,201,0.0,0.0,0.0,,,True
1791517500,2026-10-09T03:45:00Z,หนองบัวระเหว,179,0.0,0.0,0.0,,,True
1791517500,2026-10-09T03:45:00Z,เทพสถิต,239,0.0,0.0,0.0,,,True
1791517500,2026-10-09T03:45:00Z,จัตุรัส,172,0.0,0.0,0.0,,,True
1791517500,2026-10-09T03:45:00Z,บำเหน็จณรงค์,120,0.0,0.0,0.0,,,True
1791517500,2026-10-09T03:45:00Z,เกษตรสมบูรณ์,268,0.0,0.0,0.0,,,True
1791517500,2026-10-09T03:45:00Z,หนองบัวแดง,537,0.0,0.0,0.0,,,True
1791517500,2026-10-09T03:45:00Z,ภูเรือ,168,0.0,0.0,0.0,,,True
1791517500,2026-10-09T03:45:00Z,ท่าลี่,171,0.0,0.0,0.0,,,True
1791517500,2026-10-09T03:45:00Z,วชิรบารมี,68,0.0,0.0,0.0,,,True
1791517500,2026-10-09T03:45:00Z,ด่านซ้าย,341,0.0,0.0,0.0,,,True
1791517500,2026-10-09T03:45:00Z,นาแห้ว,153,0.0,0.0,0.0,,,True
1791517500,2026-10-09T03:45:00Z,บึงนาราง,74,0.0,0.0,0.0,,,True
1791517500,2026-10-09T03:45:00Z,เชียงคาน,213,0.0,0.0,0.0,,,True
1791517500,2026-10-09T03:45:00Z,ดงเจริญ,56,0.0,0.0,0.0,,,True
1791517500,2026-10-09T03:45:00Z,ปากชม,240,0.0,0.0,0.0,,,True
1791517500,2026-10-09T03:45:00Z,เมืองเลย,314,0.0,0.0,0.0,,,True
1791517500,2026-10-09T03:45:00Z,นาด้วง,143,0.0,0.0,0.0,,,True
1791517500,2026-10-09T03:45:00Z,สากเหล็ก,45,0.0,0.0,0.0,,,True
1791517500,2026-10-09T03:45:00Z,สามง่าม,89,0.0,0.0,0.0,,,True
1791517500,2026-10-09T03:45:00Z,ทับคล้อ,104,0.0,0.0,0.0,,,True
1791517500,2026-10-09T03:45:00Z,พรหมพิราม,206,0.0,0.0,0.0,,,True
1791517500,2026-10-09T03:45:00Z,ด่านขุนทด,344,0.0,0.0,0.0,,,True
1791517500,2026-10-09T03:45:00Z,วัดโบสถ์,226,0.0,0.0,0.0,,,True
1791517500,2026-10-09T03:45:00Z,บางระกำ,246,0.0,0.0,0.0,,,True
1791517500,2026-10-09T03:45:00Z,บางกระทุ่ม,91,0.0,0.0,0.0,,,True
1791517500,2026-10-09T03:45:00Z,นครไทย,597,0.0,0.0,0.0,,,True
1791517500,2026-10-09T03:45:00Z,ชาติตระการ,415,0.0,0.0,0.0,,,True
1791517500,2026-10-09T03:45:00Z,บ้านเหลื่อม,55,0.0,0.0,0.0,,,True
1791517500,2026-10-09T03:45:00Z,เมืองพิษณุโลก,178,0.0,0.0,0.0,,,True
1791517500,2026-10-09T03:45:00Z,ชุมแสง,145,0.0,0.0,0.0,,,True
1791517500,2026-10-09T03:45:00Z,หนองบัว,208,0.0,0.0,0.0,,,True
1791517500,2026-10-09T03:45:00Z,เมืองนครสวรรค์,183,0.0,0.0,0.0,,,True
1791517500,2026-10-09T03:45:00Z,โกรกพระ,71,0.0,0.0,0.0,,,True
1791517500,2026-10-09T03:45:00Z,ไพศาลี,244,0.0,0.0,0.0,,,True
1791517500,2026-10-09T03:45:00Z,ตาคลี,206,0.0,0.0,0.0,,,True
1791517500,2026-10-09T03:45:00Z,ท่าตะโก,211,0.0,0.0,0.0,,,True
1791517500,2026-10-09T03:45:00Z,เขาค้อ,207,0.0,0.0,0.0,,,True
1791517500,2026-10-09T03:45:00Z,บรรพตพิสัย,181,0.0,0.0,0.0,,,True
1791517500,2026-10-09T03:45:00Z,เก้าเลี้ยว,57,0.0,0.0,0.0,,,True
1791517500,2026-10-09T03:45:00Z,วังโป่ง,123,0.0,0.0,0.0,,,True
1791517500,2026-10-09T03:45:00Z,บึงสามพัน,194,0.0,0.0,0.0,,,True
1791517500,2026-10-09T03:45:00Z,น้ำหนาว,231,0.0,0.0,0.0,,,True
1791517500,2026-10-09T03:45:00Z,ศรีเทพ,204,0.0,0.0,0.0,,,True
1791517500,2026-10-09T03:45:00Z,หนองไผ่,315,0.0,0.0,0.0,,,True
1791517500,2026-10-09T03:45:00Z,มหาราช,4,0.0,0.0,0.0,,,False
1791517500,2026-10-09T03:45:00Z,บ้านแพรก,10,0.0,0.0,0.0,,,True
1791517500,2026-10-09T03:45:00Z,บางมูลนาก,99,0.0,0.0,0.0,,,True
1791517500,2026-10-09T03:45:00Z,โพทะเล,131,0.0,0.0,0.0,,,True
1791517500,2026-10-09T03:45:00Z,โพธิ์ประทับช้าง,102,0.0,0.0,0.0,,,True
1791517500,2026-10-09T03:45:00Z,ตะพานหิน,109,0.0,0.0,0.0,,,True
1791517500,2026-10-09T03:45:00Z,เมืองพิจิตร,138,0.0,0.0,0.0,,,True
1791517500,2026-10-09T03:45:00Z,วังทรายพูน,66,0.0,0.0,0.0,,,True
1791517500,2026-10-09T03:45:00Z,พิชัย,176,0.0,0.0,0.0,,,True
1791517500,2026-10-09T03:45:00Z,ลับแล,116,0.0,0.0,0.0,,,True
1791517500,2026-10-09T03:45:00Z,ฟากท่า,163,0.0,0.0,0.0,,,True
1791517500,2026-10-09T03:45:00Z,บ้านโคก,247,0.0,0.0,0.0,,,True
1791517500,2026-10-09T03:45:00Z,ท่าปลา,442,0.0,0.0,0.0,,,True
1791517500,2026-10-09T03:45:00Z,น้ำปาด,363,0.0,0.0,0.0,,,True
1791517500,2026-10-09T03:45:00Z,เมืองอุตรดิตถ์,202,0.0,0.0,0.0,,,True
1791517500,2026-10-09T03:45:00Z,ตรอน,80,0.0,0.0,0.0,,,True
1791517500,2026-10-09T03:45:00Z,หล่มเก่า,246,0.0,0.0,0.0,,,True
1791517500,2026-10-09T03:45:00Z,วิเชียรบุรี,377,0.0,0.0,0.0,,,True
1791517500,2026-10-09T03:45:00Z,ชนแดน,279,0.0,0.0,0.0,,,True
1791517500,2026-10-09T03:45:00Z,หล่มสัก,350,0.0,0.0,0.0,,,True
1791517500,2026-10-09T03:45:00Z,เมืองเพชรบูรณ์,571,0.0,0.0,0.0,,,True
1791517500,2026-10-09T03:45:00Z,ทองแสนขัน,185,0.0,0.0,0.0,,,True
1791517500,2026-10-09T03:45:00Z,บึงสามัคคี,71,0.0,0.0,0.0,,,True
1791517500,2026-10-09T03:45:00Z,โกสัมพีนคร,137,0.0,0.0,0.0,,,True
1791517500,2026-10-09T03:45:00Z,สอง,380,0.0,0.0,0.0,,,True
1791517500,2026-10-09T03:45:00Z,วังชิ้น,255,0.0,0.0,0.0,,,True
1791517500,2026-10-09T03:45:00Z,สูงเม่น,88,0.0,0.0,0.0,,,True
1791517500,2026-10-09T03:45:00Z,เด่นชัย,135,0.0,0.0,0.0,,,True
1791517500,2026-10-09T03:45:00Z,ร้องกวาง,221,0.0,0.0,0.0,,,True
1791517500,2026-10-09T03:45:00Z,ลอง,317,0.0,0.0,0.0,,,True
1791517500,2026-10-09T03:45:00Z,เมืองแพร่,205,0.0,0.0,0.0,,,True
1791517500,2026-10-09T03:45:00Z,ทัพทัน,94,0.0,0.0,0.0,,,True
1791517500,2026-10-09T03:45:00Z,สว่างอารมณ์,110,0.0,0.0,0.0,,,True
1791517500,2026-10-09T03:45:00Z,เมืองอุทัยธานี,59,0.0,0.0,0.0,,,True
1791517500,2026-10-09T03:45:00Z,ห้วยคต,94,0.0,0.0,0.0,,,True
1791517500,2026-10-09T03:45:00Z,ศรีสวัสดิ์,440,0.0,0.0,0.0,,,True
1791517500,2026-10-09T03:45:00Z,บ้านไร่,821,0.0,0.0,0.0,,,True
1791517500,2026-10-09T03:45:00Z,ลานสัก,360,0.0,0.0,0.0,,,True
1791517500,2026-10-09T03:45:00Z,หนองฉาง,89,0.0,0.0,0.0,,,True
1791517500,2026-10-09T03:45:00Z,หนองขาหย่าง,43,0.0,0.0,0.0,,,True
1791517500,2026-10-09T03:45:00Z,เชียงม่วน,82,0.0,0.0,0.0,,,True
1791517500,2026-10-09T03:45:00Z,ดอกคำใต้,37,0.0,0.0,0.0,,,True
1791517500,2026-10-09T03:45:00Z,เมืองพะเยา,6,0.0,0.0,0.0,,,True
1791517500,2026-10-09T03:45:00Z,ทองผาภูมิ,851,0.0,0.0,0.0,,,True
1791517500,2026-10-09T03:45:00Z,สังขละบุรี,793,0.0,0.0,0.0,,,True
1791517500,2026-10-09T03:45:00Z,หนองม่วงไข่,35,0.0,0.0,0.0,,,True
1791517500,2026-10-09T03:45:00Z,ภูเวียง,81,0.0,0.0,0.0,,,True
1791517500,2026-10-09T03:45:00Z,มัญจาคีรี,50,0.0,0.0,0.0,,,True
1791517500,2026-10-09T03:45:00Z,หนองปรือ,104,0.0,0.0,0.0,,,True
1791517500,2026-10-09T03:45:00Z,เลาขวัญ,123,0.0,0.0,0.0,,,True
1791517500,2026-10-09T03:45:00Z,หนองนาคำ,43,0.0,0.0,0.0,,,True
1791517500,2026-10-09T03:45:00Z,โคกโพธิ์ไชย,65,0.0,0.0,0.0,,,True
1791517500,2026-10-09T03:45:00Z,บ้านหลวง,91,0.0,0.0,0.0,,,True
1791517500,2026-10-09T03:45:00Z,นาน้อย,266,0.0,0.0,0.0,,,True
1791517500,2026-10-09T03:45:00Z,ภูผาม่าน,74,0.0,0.0,0.0,,,True
1791517500,2026-10-09T03:45:00Z,เมืองน่าน,161,0.0,0.0,0.0,,,True
1791517500,2026-10-09T03:45:00Z,แม่จริม,262,0.0,0.0,0.0,,,True
1791517500,2026-10-09T03:45:00Z,เวียงเก่า,78,0.0,0.0,0.0,,,True
1791517500,2026-10-09T03:45:00Z,เมืองกำแพงเพชร,368,0.002,0.784,0.0027,,15,True
1791517500,2026-10-09T03:45:00Z,ไทรงาม,133,0.0,0.0,0.0,,,True
1791517500,2026-10-09T03:45:00Z,ปางศิลาทอง,186,0.0,0.0,0.0,,,True
1791517500,2026-10-09T03:45:00Z,ลานกระบือ,103,0.0,0.0,0.0,,,True
1791517500,2026-10-09T03:45:00Z,ทรายทองวัฒนา,53,0.0,0.0,0.0,,,True
1791517500,2026-10-09T03:45:00Z,คลองขลุง,179,0.0,0.0,0.0,,,True
1791517500,2026-10-09T03:45:00Z,พรานกระต่าย,252,0.0,0.0,0.0,,,True
1791517500,2026-10-09T03:45:00Z,คลองลาน,363,0.071,13.936,0.0138,,15,True
1791517500,2026-10-09T03:45:00Z,ขาณุวรลักษบุรี,296,0.0,0.0,0.0,,,True
1791517500,2026-10-09T03:45:00Z,ภูเพียง,113,0.0,0.0,0.0,,,True
1791517500,2026-10-09T03:45:00Z,นาหมื่น,245,0.0,0.0,0.0,,,True
1791517500,2026-10-09T03:45:00Z,เวียงสา,543,0.0,0.0,0.0,,,True
1791517500,2026-10-09T03:45:00Z,น้ำโสม,153,0.0,0.0,0.0,,,True
1791517500,2026-10-09T03:45:00Z,นายูง,126,0.0,0.0,0.0,,,True
1791517500,2026-10-09T03:45:00Z,ชุมแพ,173,0.0,0.0,0.0,,,True
1791517500,2026-10-09T03:45:00Z,สีชมพู,132,0.0,0.0,0.0,,,True
1791517500,2026-10-09T03:45:00Z,สุวรรณคูหา,140,0.0,0.0,0.0,,,True
1791517500,2026-10-09T03:45:00Z,นาวัง,65,0.0,0.0,0.0,,,True
1791517500,2026-10-09T03:45:00Z,หนองเรือ,80,0.0,0.0,0.0,,,True
1791517500,2026-10-09T03:45:00Z,โนนสัง,51,0.0,0.0,0.0,,,True
1791517500,2026-10-09T03:45:00Z,ศรีบุญเรือง,224,0.0,0.0,0.0,,,True
1791517500,2026-10-09T03:45:00Z,เมืองหนองบัวลำภู,217,0.0,0.0,0.0,,,True
1791517500,2026-10-09T03:45:00Z,นากลาง,173,0.0,0.0,0.0,,,True
1791517500,2026-10-09T03:45:00Z,ทุ่งเสลี่ยม,144,0.0,0.0,0.0,,,True
1791517500,2026-10-09T03:45:00Z,ดอยหล่อ,56,0.0,0.0,0.0,,,True
1791517500,2026-10-09T03:45:00Z,เมืองตาก,486,0.0,0.0,0.0,,,True
1791517500,2026-10-09T03:45:00Z,แม่ออน,116,0.0,0.0,0.0,,,True
1791517500,2026-10-09T03:45:00Z,อุ้มผาง,1209,0.0,0.0,0.0,,,True
1791517500,2026-10-09T03:45:00Z,วังเจ้า,183,0.0,0.0,0.0,,,True
1791517500,2026-10-09T03:45:00Z,แม่สอด,398,0.0,0.0,0.0,,,True
1791517500,2026-10-09T03:45:00Z,พบพระ,249,0.0,0.0,0.0,,,True
1791517500,2026-10-09T03:45:00Z,แม่ระมาด,380,0.0,0.0,0.0,,,True
1791517500,2026-10-09T03:45:00Z,ท่าสองยาง,401,0.0,0.0,0.0,,,True
1791517500,2026-10-09T03:45:00Z,บ้านตาก,255,0.0,0.0,0.0,,,True
1791517500,2026-10-09T03:45:00Z,สามเงา,698,0.0,0.0,0.0,,,True
1791517500,2026-10-09T03:45:00Z,จอมทอง,280,0.0,0.0,0.0,,,True
1791517500,2026-10-09T03:45:00Z,แก้งสนามนาง,79,0.0,0.0,0.0,,,True
1791517500,2026-10-09T03:45:00Z,สีคิ้ว,292,0.0,0.0,0.0,,,True
1791517500,2026-10-09T03:45:00Z,พระทองคำ,90,0.0,0.0,0.0,,,True
1791517500,2026-10-09T03:45:00Z,เทพารักษ์,92,0.0,0.0,0.0,,,True
1791517500,2026-10-09T03:45:00Z,สันกำแพง,65,0.0,0.0,0.0,,,True
1791517500,2026-10-09T03:45:00Z,สันป่าตอง,44,0.0,0.0,0.0,,,True
1791517500,2026-10-09T03:45:00Z,ดอยเต่า,213,0.0,0.0,0.0,,,True
1791517500,2026-10-09T03:45:00Z,อมก๋อย,704,0.0,0.0,0.0,,,True
1791517500,2026-10-09T03:45:00Z,ฮอด,378,0.0,0.0,0.0,,,True
1791517500,2026-10-09T03:45:00Z,เมืองลำพูน,117,0.0,0.0,0.0,,,True
1791517500,2026-10-09T03:45:00Z,แม่ทา,192,0.0,0.0,0.0,,,True
1791517500,2026-10-09T03:45:00Z,บ้านธิ,34,0.0,0.0,0.0,,,True
1791517500,2026-10-09T03:45:00Z,บ้านหมอ,24,0.0,0.0,0.0,,,True
1791517500,2026-10-09T03:45:00Z,เวียงหนองล่อง,14,0.0,0.0,0.0,,,True
1791517500,2026-10-09T03:45:00Z,ทุ่งหัวช้าง,113,0.0,0.0,0.0,,,True
1791517500,2026-10-09T03:45:00Z,ป่าซาง,74,0.0,0.0,0.0,,,True
1791517500,2026-10-09T03:45:00Z,บ้านโฮ่ง,124,0.0,0.0,0.0,,,True
1791517500,2026-10-09T03:45:00Z,แก่งคอย,73,0.0,0.0,0.0,,,True
1791517500,2026-10-09T03:45:00Z,ลี้,454,0.0,0.0,0.0,,,True
1791517500,2026-10-09T03:45:00Z,พระพุทธบาท,55,0.0,0.0,0.0,,,True
1791517500,2026-10-09T03:45:00Z,ดอนพุด,7,0.0,0.0,0.0,,,True
1791517500,2026-10-09T03:45:00Z,หนองโดน,31,0.0,0.0,0.0,,,True
1791517500,2026-10-09T03:45:00Z,เมืองลำปาง,300,0.0,0.0,0.0,,,True
1791517500,2026-10-09T03:45:00Z,เถิน,443,0.0,0.0,0.0,,,True
1791517500,2026-10-09T03:45:00Z,แม่พริก,167,0.0,0.0,0.0,,,True
1791517500,2026-10-09T03:45:00Z,แจ้ห่ม,274,0.0,0.0,0.0,,,True
1791517500,2026-10-09T03:45:00Z,แม่เปิน,85,0.0,0.0,0.0,,,True
1791517500,2026-10-09T03:45:00Z,เสริมงาม,185,0.0,0.0,0.0,,,True
1791517500,2026-10-09T03:45:00Z,ชุมตาบง,61,0.0,0.0,0.0,,,True
1791517500,2026-10-09T03:45:00Z,งาว,344,0.0,0.0,0.0,,,True
1791517500,2026-10-09T03:45:00Z,ตากฟ้า,125,0.0,0.0,0.0,,,True
1791517500,2026-10-09T03:45:00Z,แม่เมาะ,283,0.0,0.0,0.0,,,True
1791517500,2026-10-09T03:45:00Z,แม่วงก์,257,0.0,0.0,0.0,,,True
1791517500,2026-10-09T03:45:00Z,เกาะคา,128,0.0,0.0,0.0,,,True
1791517500,2026-10-09T03:45:00Z,พยุหะคีรี,169,0.0,0.0,0.0,,,True
1791517500,2026-10-09T03:45:00Z,ลาดยาว,187,0.0,0.0,0.0,,,True
1791517500,2026-10-09T03:45:00Z,สบปราบ,125,0.0,0.0,0.0,,,True
1791517500,2026-10-09T03:45:00Z,ห้างฉัตร,154,0.0,0.0,0.0,,,True
1791517500,2026-10-09T03:45:00Z,แม่ทะ,203,0.0,0.0,0.0,,,True
1791517500,2026-10-09T03:45:00Z,เมืองปาน,202,0.0,0.0,0.0,,,True
1791517500,2026-10-09T03:45:00Z,เมืองอ่างทอง,6,0.0,0.0,0.0,,,True
1791517500,2026-10-09T03:45:00Z,ไชโย,20,0.0,0.0,0.0,,,True
1791517500,2026-10-09T03:45:00Z,สามโก้,10,0.0,0.0,0.0,,,True
1791517500,2026-10-09T03:45:00Z,แสวงหา,43,0.0,0.0,0.0,,,True
1791517500,2026-10-09T03:45:00Z,วิเศษชัยชาญ,7,0.0,0.0,0.0,,,True
1791517500,2026-10-09T03:45:00Z,โพธิ์ทอง,48,0.0,0.0,0.0,,,True
1791517500,2026-10-09T03:45:00Z,เมืองลพบุรี,190,0.0,0.0,0.0,,,True
1791517500,2026-10-09T03:45:00Z,เดิมบางนางบวช,130,0.0,0.0,0.0,,,True
1791517500,2026-10-09T03:45:00Z,ด่านช้าง,309,0.0,0.0,0.0,,,True
1791517500,2026-10-09T03:45:00Z,หนองม่วง,111,0.0,0.0,0.0,,,True
1791517500,2026-10-09T03:45:00Z,ลำสนธิ,136,0.0,0.0,0.0,,,True
1791517500,2026-10-09T03:45:00Z,สามชุก,77,0.0,0.0,0.0,,,True
1791517500,2026-10-09T03:45:00Z,ดอนเจดีย์,72,0.0,0.0,0.0,,,True
1791517500,2026-10-09T03:45:00Z,สระโบสถ์,83,0.0,0.0,0.0,,,True
1791517500,2026-10-09T03:45:00Z,ศรีประจันต์,41,0.0,0.0,0.0,,,True
1791517500,2026-10-09T03:45:00Z,โคกเจริญ,135,0.0,0.0,0.0,,,True
1791517500,2026-10-09T03:45:00Z,บ้านหมี่,136,0.0,0.0,0.0,,,True
1791517500,2026-10-09T03:45:00Z,ท่าหลวง,100,0.0,0.0,0.0,,,True
1791517500,2026-10-09T03:45:00Z,ชัยบาดาล,280,0.0,0.0,0.0,,,True
1791517500,2026-10-09T03:45:00Z,ท่าวุ้ง,64,0.0,0.0,0.0,,,True
1791517500,2026-10-09T03:45:00Z,พัฒนานิคม,217,0.0,0.0,0.0,,,True
1791517500,2026-10-09T03:45:00Z,โคกสำโรง,180,0.0,0.0,0.0,,,True
1791517500,2026-10-09T03:45:00Z,หนองหญ้าไซ,108,0.0,0.0,0.0,,,True
1791517500,2026-10-09T03:45:00Z,ท่าช้าง,11,0.0,0.0,0.0,,,True
1791517500,2026-10-09T03:45:00Z,อินทร์บุรี,66,0.0,0.0,0.0,,,True
1791517500,2026-10-09T03:45:00Z,ค่ายบางระจัน,26,0.0,0.0,0.0,,,True
1791517500,2026-10-09T03:45:00Z,พรหมบุรี,19,0.0,0.0,0.0,,,True
1791517500,2026-10-09T03:45:00Z,เนินสง่า,65,0.0,0.0,0.0,,,True
1791517500,2026-10-09T03:45:00Z,เมืองสิงห์บุรี,31,0.0,0.0,0.0,,,True
1791517500,2026-10-09T03:45:00Z,ซับใหญ่,72,0.0,0.0,0.0,,,True
1791517500,2026-10-09T03:45:00Z,บางระจัน,46,0.0,0.0,0.0,,,True
1791517500,2026-10-09T03:45:00Z,ภูกระดึง,190,0.0,0.0,0.0,,,True
1791517500,2026-10-09T03:45:00Z,ภูหลวง,145,0.0,0.0,0.0,,,True
1791517500,2026-10-09T03:45:00Z,หนองหิน,78,0.0,0.0,0.0,,,True
1791517500,2026-10-09T03:45:00Z,ผาขาว,100,0.0,0.0,0.0,,,True
1791517500,2026-10-09T03:45:00Z,เอราวัณ,87,0.0,0.0,0.0,,,True
1791517500,2026-10-09T03:45:00Z,วังสะพุง,281,0.0,0.0,0.0,,,True
1791517500,2026-10-09T03:45:00Z,วังม่วง,70,0.0,0.0,0.0,,,True
1791517500,2026-10-09T03:45:00Z,เฉลิมพระเกียรติ,35,0.0,0.0,0.0,,,True
1791517500,2026-10-09T03:45:00Z,มวกเหล็ก,175,0.0,0.0,0.0,,,True
1791517500,2026-10-09T03:45:00Z,บ้านเขว้า,124,0.0,0.0,0.0,,,True
1791517500,2026-10-09T03:45:00Z,คอนสวรรค์,113,0.0,0.0,0.0,,,True
1791517500,2026-10-09T03:45:00Z,เมืองชัยภูมิ,358,0.0,0.0,0.0,,,True
1791517500,2026-10-09T03:45:00Z,วังทอง,425,0.0,0.0,0.0,,,True
1791517500,2026-10-09T03:45:00Z,เนินมะปราง,276,0.0,0.0,0.0,,,True
1791517500,2026-10-09T03:45:00Z,สวรรคโลก,156,0.0,0.0,0.0,,,True
1791517500,2026-10-09T03:45:00Z,ศรีนคร,46,0.0,0.0,0.0,,,True
1791517500,2026-10-09T03:45:00Z,หันคา,139,0.0,0.0,0.0,,,True
1791517500,2026-10-09T03:45:00Z,ศรีสัชนาลัย,534,0.0,0.0,0.0,,,True
1791517500,2026-10-09T03:45:00Z,หนองมะโมง,76,0.0,0.0,0.0,,,True
1791517500,2026-10-09T03:45:00Z,ศรีสำโรง,142,0.0,0.0,0.0,,,True
1791517500,2026-10-09T03:45:00Z,สรรพยา,55,0.0,0.0,0.0,,,True
1791517500,2026-10-09T03:45:00Z,คีรีมาศ,171,0.0,0.0,0.0,,,True
1791517500,2026-10-09T03:45:00Z,สรรคบุรี,89,0.0,0.0,0.0,,,True
1791517500,2026-10-09T03:45:00Z,กงไกรลาศ,108,0.0,0.0,0.0,,,True
1791517500,2026-10-09T03:45:00Z,มโนรมย์,66,0.0,0.0,0.0,,,True
1791517500,2026-10-09T03:45:00Z,เมืองสุโขทัย,136,0.0,0.0,0.0,,,True
1791517500,2026-10-09T03:45:00Z,วัดสิงห์,67,0.0,0.0,0.0,,,True
1791517500,2026-10-09T03:45:00Z,บ้านด่านลานหอย,231,0.0,0.0,0.0,,,True
1791517500,2026-10-09T03:45:00Z,เมืองชัยนาท,70,0.0,0.0,0.0,,,True
1791517500,2026-10-09T03:45:00Z,เนินขาม,65,0.0,0.0,0.0,,,True
1791517500,2026-10-09T03:45:00Z,คอนสาร,334,0.0,0.0,0.0,,,True
1791517500,2026-10-09T03:45:00Z,ภักดีชุมพล,154,0.0,0.0,0.0,,,True
1791517500,2026-10-09T03:45:00Z,บ้านแท่น,76,0.0,0.0,0.0,,,True
1791517500,2026-10-09T03:45:00Z,แก้งคร้อ,168,0.0,0.0,0.0,,,True
1791517500,2026-10-09T03:45:00Z,ภูเขียว,201,0.0,0.0,0.0,,,True
1791517500,2026-10-09T03:45:00Z,หนองบัวระเหว,179,0.0,0.0,0.0,,,True
1791517500,2026-10-09T03:45:00Z,เทพสถิต,239,0.0,0.0,0.0,,,True
1791517500,2026-10-09T03:45:00Z,จัตุรัส,172,0.0,0.0,0.0,,,True
1791517500,2026-10-09T03:45:00Z,บำเหน็จณรงค์,120,0.0,0.0,0.0,,,True
1791517500,2026-10-09T03:45:00Z,เกษตรสมบูรณ์,268,0.0,0.0,0.0,,,True
1791517500,2026-10-09T03:45:00Z,หนองบัวแดง,537,0.0,0.0,0.0,,,True
1791517500,2026-10-09T03:45:00Z,ภูเรือ,168,0.0,0.0,0.0,,,True
1791517500,2026-10-09T03:45:00Z,ท่าลี่,171,0.0,0.0,0.0,,,True
1791517500,2026-10-09T03:45:00Z,วชิรบารมี,68,0.0,0.0,0.0,,,True
1791517500,2026-10-09T03:45:00Z,ด่านซ้าย,341,0.0,0.0,0.0,,,True
1791517500,2026-10-09T03:45:00Z,นาแห้ว,153,0.0,0.0,0.0,,,True
1791517500,2026-10-09T03:45:00Z,บึงนาราง,74,0.0,0.0,0.0,,,True
1791517500,2026-10-09T03:45:00Z,เชียงคาน,213,0.0,0.0,0.0,,,True
1791517500,2026-10-09T03:45:00Z,ดงเจริญ,56,0.0,0.0,0.0,,,True
1791517500,2026-10-09T03:45:00Z,ปากชม,240,0.0,0.0,0.0,,,True
1791517500,2026-10-09T03:45:00Z,เมืองเลย,314,0.0,0.0,0.0,,,True
1791517500,2026-10-09T03:45:00Z,นาด้วง,143,0.0,0.0,0.0,,,True
1791517500,2026-10-09T03:45:00Z,สากเหล็ก,45,0.0,0.0,0.0,,,True
1791517500,2026-10-09T03:45:00Z,สามง่าม,89,0.0,0.0,0.0,,,True
1791517500,2026-10-09T03:45:00Z,ทับคล้อ,104,0.0,0.0,0.0,,,True
1791517500,2026-10-09T03:45:00Z,พรหมพิราม,206,0.0,0.0,0.0,,,True
1791517500,2026-10-09T03:45:00Z,ด่านขุนทด,344,0.0,0.0,0.0,,,True
1791517500,2026-10-09T03:45:00Z,วัดโบสถ์,226,0.0,0.0,0.0,,,True
1791517500,2026-10-09T03:45:00Z,บางระกำ,246,0.0,0.0,0.0,,,True
1791517500,2026-10-09T03:45:00Z,บางกระทุ่ม,91,0.0,0.0,0.0,,,True
1791517500,2026-10-09T03:45:00Z,นครไทย,597,0.0,0.0,0.0,,,True
1791517500,2026-10-09T03:45:00Z,ชาติตระการ,415,0.0,0.0,0.0,,,True
1791517500,2026-10-09T03:45:00Z,บ้านเหลื่อม,55,0.0,0.0,0.0,,,True
1791517500,2026-10-09T03:45:00Z,เมืองพิษณุโลก,178,0.0,0.0,0.0,,,True
1791517500,2026-10-09T03:45:00Z,ชุมแสง,145,0.0,0.0,0.0,,,True
1791517500,2026-10-09T03:45:00Z,หนองบัว,208,0.0,0.0,0.0,,,True
1791517500,2026-10-09T03:45:00Z,เมืองนครสวรรค์,183,0.0,0.0,0.0,,,True
1791517500,2026-10-09T03:45:00Z,โกรกพระ,71,0.0,0.0,0.0,,,True
1791517500,2026-10-09T03:45:00Z,ไพศาลี,244,0.0,0.0,0.0,,,True
1791517500,2026-10-09T03:45:00Z,ตาคลี,206,0.0,0.0,0.0,,,True
1791517500,2026-10-09T03:45:00Z,ท่าตะโก,211,0.0,0.0,0.0,,,True
1791517500,2026-10-09T03:45:00Z,เขาค้อ,207,0.0,0.0,0.0,,,True
1791517500,2026-10-09T03:45:00Z,บรรพตพิสัย,181,0.0,0.0,0.0,,,True
1791517500,2026-10-09T03:45:00Z,เก้าเลี้ยว,57,0.0,0.0,0.0,,,True
1791517500,2026-10-09T03:45:00Z,วังโป่ง,123,0.0,0.0,0.0,,,True
1791517500,2026-10-09T03:45:00Z,บึงสามพัน,194,0.0,0.0,0.0,,,True
1791517500,2026-10-09T03:45:00Z,น้ำหนาว,231,0.0,0.0,0.0,,,True
1791517500,2026-10-09T03:45:00Z,ศรีเทพ,204,0.0,0.0,0.0,,,True
1791517500,2026-10-09T03:45:00Z,หนองไผ่,315,0.0,0.0,0.0,,,True
1791517500,2026-10-09T03:45:00Z,มหาราช,4,0.0,0.0,0.0,,,False
1791517500,2026-10-09T03:45:00Z,บ้านแพรก,10,0.0,0.0,0.0,,,True
1791517500,2026-10-09T03:45:00Z,บางมูลนาก,99,0.0,0.0,0.0,,,True
1791517500,2026-10-09T03:45:00Z,โพทะเล,131,0.0,0.0,0.0,,,True
1791517500,2026-10-09T03:45:00Z,โพธิ์ประทับช้าง,102,0.0,0.0,0.0,,,True
1791517500,2026-10-09T03:45:00Z,ตะพานหิน,109,0.0,0.0,0.0,,,True
1791517500,2026-10-09T03:45:00Z,เมืองพิจิตร,138,0.0,0.0,0.0,,,True
1791517500,2026-10-09T03:45:00Z,วังทรายพูน,66,0.0,0.0,0.0,,,True
1791519300,2026-10-09T04:15:00Z,พิชัย,176,0.0,0.0,0.0,,,True
1791519300,2026-10-09T04:15:00Z,ลับแล,116,0.0,0.0,0.0,,,True
1791519300,2026-10-09T04:15:00Z,ฟากท่า,163,0.0,0.0,0.0,,,True
1791519300,2026-10-09T04:15:00Z,บ้านโคก,247,0.0,0.0,0.0,,,True
1791519300,2026-10-09T04:15:00Z,ท่าปลา,442,0.0,0.0,0.0,,,True
1791519300,2026-10-09T04:15:00Z,น้ำปาด,363,0.0,0.0,0.0,,,True
1791519300,2026-10-09T04:15:00Z,เมืองอุตรดิตถ์,202,0.0,0.0,0.0,,,True
1791519300,2026-10-09T04:15:00Z,ตรอน,80,0.0,0.0,0.0,,,True
1791519300,2026-10-09T04:15:00Z,หล่มเก่า,246,0.0,0.0,0.0,,,True
1791519300,2026-10-09T04:15:00Z,วิเชียรบุรี,377,0.0,0.0,0.0,,,True
1791519300,2026-10-09T04:15:00Z,ชนแดน,279,0.0,0.0,0.0,,,True
1791519300,2026-10-09T04:15:00Z,หล่มสัก,350,0.0,0.0,0.0,,,True
1791519300,2026-10-09T04:15:00Z,เมืองเพชรบูรณ์,571,0.0,0.0,0.0,,,True
1791519300,2026-10-09T04:15:00Z,ทองแสนขัน,185,0.0,0.0,0.0,,,True
1791519300,2026-10-09T04:15:00Z,บึงสามัคคี,71,0.0,0.0,0.0,,,True
1791519300,2026-10-09T04:15:00Z,โกสัมพีนคร,137,0.0,0.0,0.0,,,True
1791519300,2026-10-09T04:15:00Z,สอง,380,0.0,0.0,0.0,,,True
1791519300,2026-10-09T04:15:00Z,วังชิ้น,255,0.0,0.0,0.0,,,True
1791519300,2026-10-09T04:15:00Z,สูงเม่น,88,0.0,0.0,0.0,,,True
1791519300,2026-10-09T04:15:00Z,เด่นชัย,135,0.0,0.0,0.0,,,True
1791519300,2026-10-09T04:15:00Z,ร้องกวาง,221,0.0,0.0,0.0,,,True
1791519300,2026-10-09T04:15:00Z,ลอง,317,0.0,0.0,0.0,,,True
1791519300,2026-10-09T04:15:00Z,เมืองแพร่,205,0.0,0.0,0.0,,,True
1791519300,2026-10-09T04:15:00Z,ทัพทัน,94,0.0,0.0,0.0,,,True
1791519300,2026-10-09T04:15:00Z,สว่างอารมณ์,110,0.0,0.0,0.0,,,True
1791519300,2026-10-09T04:15:00Z,เมืองอุทัยธานี,59,0.0,0.0,0.0,,,True
1791519300,2026-10-09T04:15:00Z,ห้วยคต,94,0.0,0.0,0.0,,,True
1791519300,2026-10-09T04:15:00Z,ศรีสวัสดิ์,440,0.0,0.0,0.0,,,True
1791519300,2026-10-09T04:15:00Z,บ้านไร่,821,0.0,0.0,0.0,,,True
1791519300,2026-10-09T04:15:00Z,ลานสัก,360,0.0,0.0,0.0,,,True
1791519300,2026-10-09T04:15:00Z,หนองฉาง,89,0.0,0.0,0.0,,,True
1791519300,2026-10-09T04:15:00Z,หนองขาหย่าง,43,0.0,0.0,0.0,,,True
1791519300,2026-10-09T04:15:00Z,เชียงม่วน,82,0.0,0.0,0.0,,,True
1791519300,2026-10-09T04:15:00Z,ดอกคำใต้,37,0.0,0.0,0.0,,,True
1791519300,2026-10-09T04:15:00Z,เมืองพะเยา,6,0.0,0.0,0.0,,,True
1791519300,2026-10-09T04:15:00Z,ทองผาภูมิ,851,0.0,0.0,0.0,,,True
1791519300,2026-10-09T04:15:00Z,สังขละบุรี,793,0.0,0.0,0.0,,,True
1791519300,2026-10-09T04:15:00Z,หนองม่วงไข่,35,0.0,0.0,0.0,,,True
1791519300,2026-10-09T04:15:00Z,ภูเวียง,81,0.0,0.0,0.0,,,True
1791519300,2026-10-09T04:15:00Z,มัญจาคีรี,50,0.0,0.0,0.0,,,True
1791519300,2026-10-09T04:15:00Z,หนองปรือ,104,0.0,0.0,0.0,,,True
1791519300,2026-10-09T04:15:00Z,เลาขวัญ,123,0.0,0.0,0.0,,,True
1791519300,2026-10-09T04:15:00Z,หนองนาคำ,43,0.0,0.0,0.0,,,True
1791519300,2026-10-09T04:15:00Z,โคกโพธิ์ไชย,65,0.0,0.0,0.0,,,True
1791519300,2026-10-09T04:15:00Z,บ้านหลวง,91,0.0,0.0,0.0,,,True
1791519300,2026-10-09T04:15:00Z,นาน้อย,266,0.0,0.0,0.0,,,True
1791519300,2026-10-09T04:15:00Z,ภูผาม่าน,74,0.0,0.0,0.0,,,True
1791519300,2026-10-09T04:15:00Z,เมืองน่าน,161,0.0,0.0,0.0,,,True
1791519300,2026-10-09T04:15:00Z,แม่จริม,262,0.0,0.0,0.0,,,True
1791519300,2026-10-09T04:15:00Z,เวียงเก่า,78,0.0,0.0,0.0,,,True
1791519300,2026-10-09T04:15:00Z,เมืองกำแพงเพชร,368,0.0,0.0,0.0,,,True
1791519300,2026-10-09T04:15:00Z,ไทรงาม,133,0.0,0.0,0.0,,,True
1791519300,2026-10-09T04:15:00Z,ปางศิลาทอง,186,0.0,0.0,0.0,,,True
1791519300,2026-10-09T04:15:00Z,ลานกระบือ,103,0.0,0.0,0.0,,,True
1791519300,2026-10-09T04:15:00Z,ทรายทองวัฒนา,53,0.0,0.0,0.0,,,True
1791519300,2026-10-09T04:15:00Z,คลองขลุง,179,0.0,0.0,0.0,,,True
1791519300,2026-10-09T04:15:00Z,พรานกระต่าย,252,0.0,0.0,0.0,,,True
1791519300,2026-10-09T04:15:00Z,คลองลาน,363,0.045,3.945,0.0358,,15,True
1791519300,2026-10-09T04:15:00Z,ขาณุวรลักษบุรี,296,0.0,0.0,0.0,,,True
1791519300,2026-10-09T04:15:00Z,ภูเพียง,113,0.0,0.0,0.0,,,True
1791519300,2026-10-09T04:15:00Z,นาหมื่น,245,0.0,0.0,0.0,,,True
1791519300,2026-10-09T04:15:00Z,เวียงสา,543,0.0,0.0,0.0,,,True
1791519300,2026-10-09T04:15:00Z,น้ำโสม,153,0.0,0.0,0.0,,,True
1791519300,2026-10-09T04:15:00Z,นายูง,126,0.0,0.0,0.0,,,True
1791519300,2026-10-09T04:15:00Z,ชุมแพ,173,0.0,0.0,0.0,,,True
1791519300,2026-10-09T04:15:00Z,สีชมพู,132,0.0,0.0,0.0,,,True
1791519300,2026-10-09T04:15:00Z,สุวรรณคูหา,140,0.0,0.0,0.0,,,True
1791519300,2026-10-09T04:15:00Z,นาวัง,65,0.0,0.0,0.0,,,True
1791519300,2026-10-09T04:15:00Z,หนองเรือ,80,0.0,0.0,0.0,,,True
1791519300,2026-10-09T04:15:00Z,โนนสัง,51,0.0,0.0,0.0,,,True
1791519300,2026-10-09T04:15:00Z,ศรีบุญเรือง,224,0.0,0.0,0.0,,,True
1791519300,2026-10-09T04:15:00Z,เมืองหนองบัวลำภู,217,0.0,0.0,0.0,,,True
1791519300,2026-10-09T04:15:00Z,นากลาง,173,0.0,0.0,0.0,,,True
1791519300,2026-10-09T04:15:00Z,ทุ่งเสลี่ยม,144,0.0,0.0,0.0,,,True
1791519300,2026-10-09T04:15:00Z,ดอยหล่อ,56,0.0,0.0,0.0,,,True
1791519300,2026-10-09T04:15:00Z,เมืองตาก,486,0.0,0.0,0.0,,,True
1791519300,2026-10-09T04:15:00Z,แม่ออน,116,0.0,0.0,0.0,,,True
1791519300,2026-10-09T04:15:00Z,อุ้มผาง,1209,0.0,0.0,0.0,,,True
1791519300,2026-10-09T04:15:00Z,วังเจ้า,183,0.0,0.0,0.0,,,True
1791519300,2026-10-09T04:15:00Z,แม่สอด,398,0.0,0.0,0.0,,,True
1791519300,2026-10-09T04:15:00Z,พบพระ,249,0.0,0.0,0.0,,,True
1791519300,2026-10-09T04:15:00Z,แม่ระมาด,380,0.0,0.0,0.0,,,True
1791519300,2026-10-09T04:15:00Z,ท่าสองยาง,401,0.0,0.0,0.0,,,True
1791519300,2026-10-09T04:15:00Z,บ้านตาก,255,0.0,0.0,0.0,,,True
1791519300,2026-10-09T04:15:00Z,สามเงา,698,0.0,0.0,0.0,,,True
1791519300,2026-10-09T04:15:00Z,จอมทอง,280,0.0,0.0,0.0,,,True
1791519300,2026-10-09T04:15:00Z,แก้งสนามนาง,79,0.0,0.0,0.0,,,True
1791519300,2026-10-09T04:15:00Z,สีคิ้ว,292,0.0,0.0,0.0,,,True
1791519300,2026-10-09T04:15:00Z,พระทองคำ,90,0.0,0.0,0.0,,,True
1791519300,2026-10-09T04:15:00Z,เทพารักษ์,92,0.0,0.0,0.0,,,True
1791519300,2026-10-09T04:15:00Z,สันกำแพง,65,0.0,0.0,0.0,,,True
1791519300,2026-10-09T04:15:00Z,สันป่าตอง,44,0.0,0.0,0.0,,,True
1791519300,2026-10-09T04:15:00Z,ดอยเต่า,213,0.0,0.0,0.0,,,True
1791519300,2026-10-09T04:15:00Z,อมก๋อย,704,0.0,0.0,0.0,,,True
1791519300,2026-10-09T04:15:00Z,ฮอด,378,0.0,0.0,0.0,,,True
1791519300,2026-10-09T04:15:00Z,เมืองลำพูน,117,0.0,0.0,0.0,,,True
1791519300,2026-10-09T04:15:00Z,แม่ทา,192,0.0,0.0,0.0,,,True
1791519300,2026-10-09T04:15:00Z,บ้านธิ,34,0.0,0.0,0.0,,,True
1791519300,2026-10-09T04:15:00Z,บ้านหมอ,24,0.0,0.0,0.0,,,True
1791519300,2026-10-09T04:15:00Z,เวียงหนองล่อง,14,0.0,0.0,0.0,,,True
1791519300,2026-10-09T04:15:00Z,ทุ่งหัวช้าง,113,0.0,0.0,0.0,,,True
1791519300,2026-10-09T04:15:00Z,ป่าซาง,74,0.0,0.0,0.0,,,True
1791519300,2026-10-09T04:15:00Z,บ้านโฮ่ง,124,0.0,0.0,0.0,,,True
1791519300,2026-10-09T04:15:00Z,แก่งคอย,73,0.0,0.0,0.0,,,True
1791519300,2026-10-09T04:15:00Z,ลี้,454,0.0,0.0,0.0,,,True
1791519300,2026-10-09T04:15:00Z,พระพุทธบาท,55,0.0,0.0,0.0,,,True
1791519300,2026-10-09T04:15:00Z,ดอนพุด,7,0.0,0.0,0.0,,,True
1791519300,2026-10-09T04:15:00Z,หนองโดน,31,0.0,0.0,0.0,,,True
1791519300,2026-10-09T04:15:00Z,เมืองลำปาง,300,0.0,0.0,0.0,,,True
1791519300,2026-10-09T04:15:00Z,เถิน,443,0.0,0.0,0.0,,,True
1791519300,2026-10-09T04:15:00Z,แม่พริก,167,0.0,0.0,0.0,,,True
1791519300,2026-10-09T04:15:00Z,แจ้ห่ม,274,0.0,0.0,0.0,,,True
1791519300,2026-10-09T04:15:00Z,แม่เปิน,85,0.0,0.0,0.0,,,True
1791519300,2026-10-09T04:15:00Z,เสริมงาม,185,0.0,0.0,0.0,,,True
1791519300,2026-10-09T04:15:00Z,ชุมตาบง,61,0.0,0.0,0.0,,,True
1791519300,2026-10-09T04:15:00Z,งาว,344,0.0,0.0,0.0,,,True
1791519300,2026-10-09T04:15:00Z,ตากฟ้า,125,0.0,0.0,0.0,,,True
1791519300,2026-10-09T04:15:00Z,แม่เมาะ,283,0.0,0.0,0.0,,,True
1791519300,2026-10-09T04:15:00Z,แม่วงก์,257,0.0,0.0,0.0,,,True
1791519300,2026-10-09T04:15:00Z,เกาะคา,128,0.0,0.0,0.0,,,True
1791519300,2026-10-09T04:15:00Z,พยุหะคีรี,169,0.0,0.0,0.0,,,True
1791519300,2026-10-09T04:15:00Z,ลาดยาว,187,0.0,0.0,0.0,,,True
1791519300,2026-10-09T04:15:00Z,สบปราบ,125,0.0,0.0,0.0,,,True
1791519300,2026-10-09T04:15:00Z,ห้างฉัตร,154,0.0,0.0,0.0,,,True
1791519300,2026-10-09T04:15:00Z,แม่ทะ,203,0.0,0.0,0.0,,,True
1791519300,2026-10-09T04:15:00Z,เมืองปาน,202,0.0,0.0,0.0,,,True
1791519300,2026-10-09T04:15:00Z,เมืองอ่างทอง,6,0.0,0.0,0.0,,,True
1791519300,2026-10-09T04:15:00Z,ไชโย,20,0.0,0.0,0.0,,,True
1791519300,2026-10-09T04:15:00Z,สามโก้,10,0.0,0.0,0.0,,,True
1791519300,2026-10-09T04:15:00Z,แสวงหา,43,0.0,0.0,0.0,,,True
1791519300,2026-10-09T04:15:00Z,วิเศษชัยชาญ,7,0.0,0.0,0.0,,,True
1791519300,2026-10-09T04:15:00Z,โพธิ์ทอง,48,0.0,0.0,0.0,,,True
1791519300,2026-10-09T04:15:00Z,เมืองลพบุรี,190,0.0,0.0,0.0,,,True
1791519300,2026-10-09T04:15:00Z,เดิมบางนางบวช,130,0.0,0.0,0.0,,,True
1791519300,2026-10-09T04:15:00Z,ด่านช้าง,309,0.0,0.0,0.0,,,True
1791519300,2026-10-09T04:15:00Z,หนองม่วง,111,0.0,0.0,0.0,,,True
1791519300,2026-10-09T04:15:00Z,ลำสนธิ,136,0.0,0.0,0.0,,,True
1791519300,2026-10-09T04:15:00Z,สามชุก,77,0.0,0.0,0.0,,,True
1791519300,2026-10-09T04:15:00Z,ดอนเจดีย์,72,0.0,0.0,0.0,,,True
1791519300,2026-10-09T04:15:00Z,สระโบสถ์,83,0.0,0.0,0.0,,,True
1791519300,2026-10-09T04:15:00Z,ศรีประจันต์,41,0.0,0.0,0.0,,,True
1791519300,2026-10-09T04:15:00Z,โคกเจริญ,135,0.0,0.0,0.0,,,True
1791519300,2026-10-09T04:15:00Z,บ้านหมี่,136,0.0,0.0,0.0,,,True
1791519300,2026-10-09T04:15:00Z,ท่าหลวง,100,0.0,0.0,0.0,,,True
1791519300,2026-10-09T04:15:00Z,ชัยบาดาล,280,0.0,0.0,0.0,,,True
1791519300,2026-10-09T04:15:00Z,ท่าวุ้ง,64,0.0,0.0,0.0,,,True
1791519300,2026-10-09T04:15:00Z,พัฒนานิคม,217,0.0,0.0,0.0,,,True
1791519300,2026-10-09T04:15:00Z,โคกสำโรง,180,0.0,0.0,0.0,,,True
1791519300,2026-10-09T04:15:00Z,หนองหญ้าไซ,108,0.0,0.0,0.0,,,True
1791519300,2026-10-09T04:15:00Z,ท่าช้าง,11,0.0,0.0,0.0,,,True
1791519300,2026-10-09T04:15:00Z,อินทร์บุรี,66,0.0,0.0,0.0,,,True
1791519300,2026-10-09T04:15:00Z,ค่ายบางระจัน,26,0.0,0.0,0.0,,,True
1791519300,2026-10-09T04:15:00Z,พรหมบุรี,19,0.0,0.0,0.0,,,True
1791519300,2026-10-09T04:15:00Z,เนินสง่า,65,0.0,0.0,0.0,,,True
1791519300,2026-10-09T04:15:00Z,เมืองสิงห์บุรี,31,0.0,0.0,0.0,,,True
1791519300,2026-10-09T04:15:00Z,ซับใหญ่,72,0.0,0.0,0.0,,,True
1791519300,2026-10-09T04:15:00Z,บางระจัน,46,0.0,0.0,0.0,,,True
1791519300,2026-10-09T04:15:00Z,ภูกระดึง,190,0.0,0.0,0.0,,,True
1791519300,2026-10-09T04:15:00Z,ภูหลวง,145,0.0,0.0,0.0,,,True
1791519300,2026-10-09T04:15:00Z,หนองหิน,78,0.0,0.0,0.0,,,True
1791519300,2026-10-09T04:15:00Z,ผาขาว,100,0.0,0.0,0.0,,,True
1791519300,2026-10-09T04:15:00Z,เอราวัณ,87,0.0,0.0,0.0,,,True
1791519300,2026-10-09T04:15:00Z,วังสะพุง,281,0.0,0.0,0.0,,,True
1791519300,2026-10-09T04:15:00Z,วังม่วง,70,0.0,0.0,0.0,,,True
1791519300,2026-10-09T04:15:00Z,เฉลิมพระเกียรติ,35,0.0,0.0,0.0,,,True
1791519300,2026-10-09T04:15:00Z,มวกเหล็ก,175,0.0,0.0,0.0,,,True
1791519300,2026-10-09T04:15:00Z,บ้านเขว้า,124,0.0,0.0,0.0,,,True
1791519300,2026-10-09T04:15:00Z,คอนสวรรค์,113,0.0,0.0,0.0,,,True
1791519300,2026-10-09T04:15:00Z,เมืองชัยภูมิ,358,0.0,0.0,0.0,,,True
1791519300,2026-10-09T04:15:00Z,วังทอง,425,0.0,0.0,0.0,,,True
1791519300,2026-10-09T04:15:00Z,เนินมะปราง,276,0.0,0.0,0.0,,,True
1791519300,2026-10-09T04:15:00Z,สวรรคโลก,156,0.0,0.0,0.0,,,True
1791519300,2026-10-09T04:15:00Z,ศรีนคร,46,0.0,0.0,0.0,,,True
1791519300,2026-10-09T04:15:00Z,หันคา,139,0.0,0.0,0.0,,,True
1791519300,2026-10-09T04:15:00Z,ศรีสัชนาลัย,534,0.0,0.0,0.0,,,True
1791519300,2026-10-09T04:15:00Z,หนองมะโมง,76,0.0,0.0,0.0,,,True
1791519300,2026-10-09T04:15:00Z,ศรีสำโรง,142,0.0,0.0,0.0,,,True
1791519300,2026-10-09T04:15:00Z,สรรพยา,55,0.0,0.0,0.0,,,True
1791519300,2026-10-09T04:15:00Z,คีรีมาศ,171,0.0,0.0,0.0,,,True
1791519300,2026-10-09T04:15:00Z,สรรคบุรี,89,0.0,0.0,0.0,,,True
1791519300,2026-10-09T04:15:00Z,กงไกรลาศ,108,0.0,0.0,0.0,,,True
1791519300,2026-10-09T04:15:00Z,มโนรมย์,66,0.0,0.0,0.0,,,True
1791519300,2026-10-09T04:15:00Z,เมืองสุโขทัย,136,0.0,0.0,0.0,,,True
1791519300,2026-10-09T04:15:00Z,วัดสิงห์,67,0.0,0.0,0.0,,,True
1791519300,2026-10-09T04:15:00Z,บ้านด่านลานหอย,231,0.0,0.0,0.0,,,True
1791519300,2026-10-09T04:15:00Z,เมืองชัยนาท,70,0.0,0.0,0.0,,,True
1791519300,2026-10-09T04:15:00Z,เนินขาม,65,0.0,0.0,0.0,,,True
1791519300,2026-10-09T04:15:00Z,คอนสาร,334,0.0,0.0,0.0,,,True
1791519300,2026-10-09T04:15:00Z,ภักดีชุมพล,154,0.0,0.0,0.0,,,True
1791519300,2026-10-09T04:15:00Z,บ้านแท่น,76,0.0,0.0,0.0,,,True
1791519300,2026-10-09T04:15:00Z,แก้งคร้อ,168,0.0,0.0,0.0,,,True
1791519300,2026-10-09T04:15:00Z,ภูเขียว,201,0.0,0.0,0.0,,,True
1791519300,2026-10-09T04:15:00Z,หนองบัวระเหว,179,0.0,0.0,0.0,,,True
1791519300,2026-10-09T04:15:00Z,เทพสถิต,239,0.0,0.0,0.0,,,True
1791519300,2026-10-09T04:15:00Z,จัตุรัส,172,0.0,0.0,0.0,,,True
1791519300,2026-10-09T04:15:00Z,บำเหน็จณรงค์,120,0.0,0.0,0.0,,,True
1791519300,2026-10-09T04:15:00Z,เกษตรสมบูรณ์,268,0.0,0.0,0.0,,,True
1791519300,2026-10-09T04:15:00Z,หนองบัวแดง,537,0.0,0.0,0.0,,,True
1791519300,2026-10-09T04:15:00Z,ภูเรือ,168,0.0,0.0,0.0,,,True
1791519300,2026-10-09T04:15:00Z,ท่าลี่,171,0.0,0.0,0.0,,,True
1791519300,2026-10-09T04:15:00Z,วชิรบารมี,68,0.0,0.0,0.0,,,True
1791519300,2026-10-09T04:15:00Z,ด่านซ้าย,341,0.0,0.0,0.0,,,True
1791519300,2026-10-09T04:15:00Z,นาแห้ว,153,0.0,0.0,0.0,,,True
1791519300,2026-10-09T04:15:00Z,บึงนาราง,74,0.0,0.0,0.0,,,True
1791519300,2026-10-09T04:15:00Z,เชียงคาน,213,0.0,0.0,0.0,,,True
1791519300,2026-10-09T04:15:00Z,ดงเจริญ,56,0.0,0.0,0.0,,,True
1791519300,2026-10-09T04:15:00Z,ปากชม,240,0.0,0.0,0.0,,,True
1791519300,2026-10-09T04:15:00Z,เมืองเลย,314,0.0,0.0,0.0,,,True
1791519300,2026-10-09T04:15:00Z,นาด้วง,143,0.0,0.0,0.0,,,True
1791519300,2026-10-09T04:15:00Z,สากเหล็ก,45,0.0,0.0,0.0,,,True
1791519300,2026-10-09T04:15:00Z,สามง่าม,89,0.0,0.0,0.0,,,True
1791519300,2026-10-09T04:15:00Z,ทับคล้อ,104,0.0,0.0,0.0,,,True
1791519300,2026-10-09T04:15:00Z,พรหมพิราม,206,0.0,0.0,0.0,,,True
1791519300,2026-10-09T04:15:00Z,ด่านขุนทด,344,0.0,0.0,0.0,,,True
1791519300,2026-10-09T04:15:00Z,วัดโบสถ์,226,0.0,0.0,0.0,,,True
1791519300,2026-10-09T04:15:00Z,บางระกำ,246,0.0,0.0,0.0,,,True
1791519300,2026-10-09T04:15:00Z,บางกระทุ่ม,91,0.0,0.0,0.0,,,True
1791519300,2026-10-09T04:15:00Z,นครไทย,597,0.0,0.0,0.0,,,True
1791519300,2026-10-09T04:15:00Z,ชาติตระการ,415,0.0,0.0,0.0,,,True
1791519300,2026-10-09T04:15:00Z,บ้านเหลื่อม,55,0.0,0.0,0.0,,,True
1791519300,2026-10-09T04:15:00Z,เมืองพิษณุโลก,178,0.0,0.0,0.0,,,True
1791519300,2026-10-09T04:15:00Z,ชุมแสง,145,0.0,0.0,0.0,,,True
1791519300,2026-10-09T04:15:00Z,หนองบัว,208,0.0,0.0,0.0,,,True
1791519300,2026-10-09T04:15:00Z,เมืองนครสวรรค์,183,0.0,0.0,0.0,,,True
1791519300,2026-10-09T04:15:00Z,โกรกพระ,71,0.0,0.0,0.0,,,True
1791519300,2026-10-09T04:15:00Z,ไพศาลี,244,0.0,0.0,0.0,,,True
1791519300,2026-10-09T04:15:00Z,ตาคลี,206,0.0,0.0,0.0,,,True
1791519300,2026-10-09T04:15:00Z,ท่าตะโก,211,0.0,0.0,0.0,,,True
1791519300,2026-10-09T04:15:00Z,เขาค้อ,207,0.0,0.0,0.0,,,True
1791519300,2026-10-09T04:15:00Z,บรรพตพิสัย,181,0.0,0.0,0.0,,,True
1791519300,2026-10-09T04:15:00Z,เก้าเลี้ยว,57,0.0,0.0,0.0,,,True
1791519300,2026-10-09T04:15:00Z,วังโป่ง,123,0.0,0.0,0.0,,,True
1791519300,2026-10-09T04:15:00Z,บึงสามพัน,194,0.0,0.0,0.0,,,True
1791519300,2026-10-09T04:15:00Z,น้ำหนาว,231,0.0,0.0,0.0,,,True
1791519300,2026-10-09T04:15:00Z,ศรีเทพ,204,0.0,0.0,0.0,,,True
1791519300,2026-10-09T04:15:00Z,หนองไผ่,315,0.0,0.0,0.0,,,True
1791519300,2026-10-09T04:15:00Z,มหาราช,4,0.0,0.0,0.0,,,False
1791519300,2026-10-09T04:15:00Z,บ้านแพรก,10,0.0,0.0,0.0,,,True
1791519300,2026-10-09T04:15:00Z,บางมูลนาก,99,0.0,0.0,0.0,,,True
1791519300,2026-10-09T04:15:00Z,โพทะเล,131,0.0,0.0,0.0,,,True
1791519300,2026-10-09T04:15:00Z,โพธิ์ประทับช้าง,102,0.0,0.0,0.0,,,True
1791519300,2026-10-09T04:15:00Z,ตะพานหิน,109,0.0,0.0,0.0,,,True
1791519300,2026-10-09T04:15:00Z,เมืองพิจิตร,138,0.0,0.0,0.0,,,True
1791519300,2026-10-09T04:15:00Z,วังทรายพูน,66,0.0,0.0,0.0,,,True
1791520200,2026-10-09T04:30:00Z,พิชัย,176,0.0,0.0,0.0,,,True
1791520200,2026-10-09T04:30:00Z,ลับแล,116,0.0,0.0,0.0,,,True
1791520200,2026-10-09T04:30:00Z,ฟากท่า,163,0.0,0.0,0.0,,,True
1791520200,2026-10-09T04:30:00Z,บ้านโคก,247,0.0,0.0,0.0,,,True
1791520200,2026-10-09T04:30:00Z,ท่าปลา,442,0.0,0.0,0.0,,,True
1791520200,2026-10-09T04:30:00Z,น้ำปาด,363,0.0,0.0,0.0,,,True
1791520200,2026-10-09T04:30:00Z,เมืองอุตรดิตถ์,202,0.0,0.0,0.0,,,True
1791520200,2026-10-09T04:30:00Z,ตรอน,80,0.0,0.0,0.0,,,True
1791520200,2026-10-09T04:30:00Z,หล่มเก่า,246,0.0,0.0,0.0,,,True
1791520200,2026-10-09T04:30:00Z,วิเชียรบุรี,377,0.0,0.0,0.0,,,True
1791520200,2026-10-09T04:30:00Z,ชนแดน,279,0.0,0.0,0.0,,,True
1791520200,2026-10-09T04:30:00Z,หล่มสัก,350,0.0,0.0,0.0,,,True
1791520200,2026-10-09T04:30:00Z,เมืองเพชรบูรณ์,571,0.0,0.0,0.0,,,True
1791520200,2026-10-09T04:30:00Z,ทองแสนขัน,185,0.0,0.0,0.0,,,True
1791520200,2026-10-09T04:30:00Z,บึงสามัคคี,71,0.0,0.0,0.0,,,True
1791520200,2026-10-09T04:30:00Z,โกสัมพีนคร,137,0.0,0.0,0.0,,,True
1791520200,2026-10-09T04:30:00Z,สอง,380,0.0,0.0,0.0,,,True
1791520200,2026-10-09T04:30:00Z,วังชิ้น,255,0.0,0.0,0.0,,,True
1791520200,2026-10-09T04:30:00Z,สูงเม่น,88,0.0,0.0,0.0,,,True
1791520200,2026-10-09T04:30:00Z,เด่นชัย,135,0.0,0.0,0.0,,,True
1791520200,2026-10-09T04:30:00Z,ร้องกวาง,221,0.0,0.0,0.0,,,True
1791520200,2026-10-09T04:30:00Z,ลอง,317,0.0,0.0,0.0,,,True
1791520200,2026-10-09T04:30:00Z,เมืองแพร่,205,0.0,0.0,0.0,,,True
1791520200,2026-10-09T04:30:00Z,ทัพทัน,94,0.0,0.0,0.0,,,True
1791520200,2026-10-09T04:30:00Z,สว่างอารมณ์,110,0.0,0.0,0.0,,,True
1791520200,2026-10-09T04:30:00Z,เมืองอุทัยธานี,59,0.0,0.0,0.0,,,True
1791520200,2026-10-09T04:30:00Z,ห้วยคต,94,0.0,0.0,0.0,,,True
1791520200,2026-10-09T04:30:00Z,ศรีสวัสดิ์,440,0.0,0.0,0.0,,,True
1791520200,2026-10-09T04:30:00Z,บ้านไร่,821,0.0,0.0,0.0,,,True
1791520200,2026-10-09T04:30:00Z,ลานสัก,360,0.0,0.0,0.0,,,True
1791520200,2026-10-09T04:30:00Z,หนองฉาง,89,0.0,0.0,0.0,,,True
1791520200,2026-10-09T04:30:00Z,หนองขาหย่าง,43,0.0,0.0,0.0,,,True
1791520200,2026-10-09T04:30:00Z,เชียงม่วน,82,0.0,0.0,0.0,,,True
1791520200,2026-10-09T04:30:00Z,ดอกคำใต้,37,0.0,0.0,0.0,,,True
1791520200,2026-10-09T04:30:00Z,เมืองพะเยา,6,0.0,0.0,0.0,,,True
1791520200,2026-10-09T04:30:00Z,ทองผาภูมิ,851,0.0,0.0,0.0,,,True
1791520200,2026-10-09T04:30:00Z,สังขละบุรี,793,0.0,0.0,0.0,,,True
1791520200,2026-10-09T04:30:00Z,หนองม่วงไข่,35,0.0,0.0,0.0,,,True
1791520200,2026-10-09T04:30:00Z,ภูเวียง,81,0.0,0.0,0.0,,,True
1791520200,2026-10-09T04:30:00Z,มัญจาคีรี,50,0.0,0.0,0.0,,,True
1791520200,2026-10-09T04:30:00Z,หนองปรือ,104,0.0,0.0,0.0,,,True
1791520200,2026-10-09T04:30:00Z,เลาขวัญ,123,0.0,0.0,0.0,,,True
1791520200,2026-10-09T04:30:00Z,หนองนาคำ,43,0.0,0.0,0.0,,,True
1791520200,2026-10-09T04:30:00Z,โคกโพธิ์ไชย,65,0.0,0.0,0.0,,,True
1791520200,2026-10-09T04:30:00Z,บ้านหลวง,91,0.0,0.0,0.0,,,True
1791520200,2026-10-09T04:30:00Z,นาน้อย,266,0.0,0.0,0.0,,,True
1791520200,2026-10-09T04:30:00Z,ภูผาม่าน,74,0.0,0.0,0.0,,,True
1791520200,2026-10-09T04:30:00Z,เมืองน่าน,161,0.0,0.0,0.0,,,True
1791520200,2026-10-09T04:30:00Z,แม่จริม,262,0.0,0.0,0.0,,,True
1791520200,2026-10-09T04:30:00Z,เวียงเก่า,78,0.0,0.0,0.0,,,True
1791520200,2026-10-09T04:30:00Z,เมืองกำแพงเพชร,368,0.0,0.0,0.0,,,True
1791520200,2026-10-09T04:30:00Z,ไทรงาม,133,0.0,0.0,0.0,,,True
1791520200,2026-10-09T04:30:00Z,ปางศิลาทอง,186,0.0,0.0,0.0,,,True
1791520200,2026-10-09T04:30:00Z,ลานกระบือ,103,0.0,0.0,0.0,,,True
1791520200,2026-10-09T04:30:00Z,ทรายทองวัฒนา,53,0.0,0.0,0.0,,,True
1791520200,2026-10-09T04:30:00Z,คลองขลุง,179,0.0,0.0,0.0,,,True
1791520200,2026-10-09T04:30:00Z,พรานกระต่าย,252,0.0,0.0,0.0,,,True
1791520200,2026-10-09T04:30:00Z,คลองลาน,363,0.018,0.592,0.0716,,15,True
1791520200,2026-10-09T04:30:00Z,ขาณุวรลักษบุรี,296,0.0,0.0,0.0,,,True
1791520200,2026-10-09T04:30:00Z,ภูเพียง,113,0.0,0.0,0.0,,,True
1791520200,2026-10-09T04:30:00Z,นาหมื่น,245,0.0,0.0,0.0,,,True
1791520200,2026-10-09T04:30:00Z,เวียงสา,543,0.0,0.0,0.0,,,True
1791520200,2026-10-09T04:30:00Z,น้ำโสม,153,0.0,0.0,0.0,,,True
1791520200,2026-10-09T04:30:00Z,นายูง,126,0.0,0.0,0.0,,,True
1791520200,2026-10-09T04:30:00Z,ชุมแพ,173,0.0,0.0,0.0,,,True
1791520200,2026-10-09T04:30:00Z,สีชมพู,132,0.0,0.0,0.0,,,True
1791520200,2026-10-09T04:30:00Z,สุวรรณคูหา,140,0.0,0.0,0.0,,,True
1791520200,2026-10-09T04:30:00Z,นาวัง,65,0.0,0.0,0.0,,,True
1791520200,2026-10-09T04:30:00Z,หนองเรือ,80,0.0,0.0,0.0,,,True
1791520200,2026-10-09T04:30:00Z,โนนสัง,51,0.0,0.0,0.0,,,True
1791520200,2026-10-09T04:30:00Z,ศรีบุญเรือง,224,0.0,0.0,0.0,,,True
1791520200,2026-10-09T04:30:00Z,เมืองหนองบัวลำภู,217,0.0,0.0,0.0,,,True
1791520200,2026-10-09T04:30:00Z,นากลาง,173,0.0,0.0,0.0,,,True
1791520200,2026-10-09T04:30:00Z,ทุ่งเสลี่ยม,144,0.0,0.0,0.0,,,True
1791520200,2026-10-09T04:30:00Z,ดอยหล่อ,56,0.0,0.0,0.0,,,True
1791520200,2026-10-09T04:30:00Z,เมืองตาก,486,0.0,0.0,0.0,,,True
1791520200,2026-10-09T04:30:00Z,แม่ออน,116,0.0,0.0,0.0,,,True
1791520200,2026-10-09T04:30:00Z,อุ้มผาง,1209,0.009,0.592,0.0513,,30,True
1791520200,2026-10-09T04:30:00Z,วังเจ้า,183,0.0,0.0,0.0,,,True
1791520200,2026-10-09T04:30:00Z,แม่สอด,398,0.0,0.0,0.0,,,True
1791520200,2026-10-09T04:30:00Z,พบพระ,249,0.0,0.0,0.0,,,True
1791520200,2026-10-09T04:30:00Z,แม่ระมาด,380,0.0,0.0,0.0,,,True
1791520200,2026-10-09T04:30:00Z,ท่าสองยาง,401,0.0,0.0,0.0,,,True
1791520200,2026-10-09T04:30:00Z,บ้านตาก,255,0.0,0.0,0.0,,,True
1791520200,2026-10-09T04:30:00Z,สามเงา,698,0.0,0.0,0.0,,,True
1791520200,2026-10-09T04:30:00Z,จอมทอง,280,0.0,0.0,0.0,,,True
1791520200,2026-10-09T04:30:00Z,แก้งสนามนาง,79,0.0,0.0,0.0,,,True
1791520200,2026-10-09T04:30:00Z,สีคิ้ว,292,0.0,0.0,0.0,,,True
1791520200,2026-10-09T04:30:00Z,พระทองคำ,90,0.0,0.0,0.0,,,True
1791520200,2026-10-09T04:30:00Z,เทพารักษ์,92,0.0,0.0,0.0,,,True
1791520200,2026-10-09T04:30:00Z,สันกำแพง,65,0.0,0.0,0.0,,,True
1791520200,2026-10-09T04:30:00Z,สันป่าตอง,44,0.0,0.0,0.0,,,True
1791520200,2026-10-09T04:30:00Z,ดอยเต่า,213,0.0,0.0,0.0,,,True
1791520200,2026-10-09T04:30:00Z,อมก๋อย,704,0.0,0.0,0.0,,,True
1791520200,2026-10-09T04:30:00Z,ฮอด,378,0.0,0.0,0.0,,,True
1791520200,2026-10-09T04:30:00Z,เมืองลำพูน,117,0.0,0.0,0.0,,,True
1791520200,2026-10-09T04:30:00Z,แม่ทา,192,0.0,0.0,0.0,,,True
1791520200,2026-10-09T04:30:00Z,บ้านธิ,34,0.0,0.0,0.0,,,True
1791520200,2026-10-09T04:30:00Z,บ้านหมอ,24,0.0,0.0,0.0,,,True
1791520200,2026-10-09T04:30:00Z,เวียงหนองล่อง,14,0.0,0.0,0.0,,,True
1791520200,2026-10-09T04:30:00Z,ทุ่งหัวช้าง,113,0.0,0.0,0.0,,,True
1791520200,2026-10-09T04:30:00Z,ป่าซาง,74,0.0,0.0,0.0,,,True
1791520200,2026-10-09T04:30:00Z,บ้านโฮ่ง,124,0.0,0.0,0.0,,,True
1791520200,2026-10-09T04:30:00Z,แก่งคอย,73,0.0,0.0,0.0,,,True
1791520200,2026-10-09T04:30:00Z,ลี้,454,0.0,0.0,0.0,,,True
1791520200,2026-10-09T04:30:00Z,พระพุทธบาท,55,0.0,0.0,0.0,,,True
1791520200,2026-10-09T04:30:00Z,ดอนพุด,7,0.0,0.0,0.0,,,True
1791520200,2026-10-09T04:30:00Z,หนองโดน,31,0.0,0.0,0.0,,,True
1791520200,2026-10-09T04:30:00Z,เมืองลำปาง,300,0.0,0.0,0.0,,,True
1791520200,2026-10-09T04:30:00Z,เถิน,443,0.0,0.0,0.0,,,True
1791520200,2026-10-09T04:30:00Z,แม่พริก,167,0.0,0.0,0.0,,,True
1791520200,2026-10-09T04:30:00Z,แจ้ห่ม,274,0.0,0.0,0.0,,,True
1791520200,2026-10-09T04:30:00Z,แม่เปิน,85,0.0,0.0,0.0,,,True
1791520200,2026-10-09T04:30:00Z,เสริมงาม,185,0.0,0.0,0.0,,,True
1791520200,2026-10-09T04:30:00Z,ชุมตาบง,61,0.0,0.0,0.0,,,True
1791520200,2026-10-09T04:30:00Z,งาว,344,0.0,0.0,0.0,,,True
1791520200,2026-10-09T04:30:00Z,ตากฟ้า,125,0.0,0.0,0.0,,,True
1791520200,2026-10-09T04:30:00Z,แม่เมาะ,283,0.0,0.0,0.0,,,True
1791520200,2026-10-09T04:30:00Z,แม่วงก์,257,0.0,0.0,0.0,,,True
1791520200,2026-10-09T04:30:00Z,เกาะคา,128,0.0,0.0,0.0,,,True
1791520200,2026-10-09T04:30:00Z,พยุหะคีรี,169,0.0,0.0,0.0,,,True
1791520200,2026-10-09T04:30:00Z,ลาดยาว,187,0.0,0.0,0.0,,,True
1791520200,2026-10-09T04:30:00Z,สบปราบ,125,0.0,0.0,0.0,,,True
1791520200,2026-10-09T04:30:00Z,ห้างฉัตร,154,0.0,0.0,0.0,,,True
1791520200,2026-10-09T04:30:00Z,แม่ทะ,203,0.0,0.0,0.0,,,True
1791520200,2026-10-09T04:30:00Z,เมืองปาน,202,0.0,0.0,0.0,,,True
1791520200,2026-10-09T04:30:00Z,เมืองอ่างทอง,6,0.0,0.0,0.0,,,True
1791520200,2026-10-09T04:30:00Z,ไชโย,20,0.0,0.0,0.0,,,True
1791520200,2026-10-09T04:30:00Z,สามโก้,10,0.0,0.0,0.0,,,True
1791520200,2026-10-09T04:30:00Z,แสวงหา,43,0.0,0.0,0.0,,,True
1791520200,2026-10-09T04:30:00Z,วิเศษชัยชาญ,7,0.0,0.0,0.0,,,True
1791520200,2026-10-09T04:30:00Z,โพธิ์ทอง,48,0.0,0.0,0.0,,,True
1791520200,2026-10-09T04:30:00Z,เมืองลพบุรี,190,0.0,0.0,0.0,,,True
1791520200,2026-10-09T04:30:00Z,เดิมบางนางบวช,130,0.0,0.0,0.0,,,True
1791520200,2026-10-09T04:30:00Z,ด่านช้าง,309,0.0,0.0,0.0,,,True
1791520200,2026-10-09T04:30:00Z,หนองม่วง,111,0.0,0.0,0.0,,,True
1791520200,2026-10-09T04:30:00Z,ลำสนธิ,136,0.0,0.0,0.0,,,True
1791520200,2026-10-09T04:30:00Z,สามชุก,77,0.0,0.0,0.0,,,True
1791520200,2026-10-09T04:30:00Z,ดอนเจดีย์,72,0.0,0.0,0.0,,,True
1791520200,2026-10-09T04:30:00Z,สระโบสถ์,83,0.0,0.0,0.0,,,True
1791520200,2026-10-09T04:30:00Z,ศรีประจันต์,41,0.0,0.0,0.0,,,True
1791520200,2026-10-09T04:30:00Z,โคกเจริญ,135,0.0,0.0,0.0,,,True
1791520200,2026-10-09T04:30:00Z,บ้านหมี่,136,0.0,0.0,0.0,,,True
1791520200,2026-10-09T04:30:00Z,ท่าหลวง,100,0.0,0.0,0.0,,,True
1791520200,2026-10-09T04:30:00Z,ชัยบาดาล,280,0.0,0.0,0.0,,,True
1791520200,2026-10-09T04:30:00Z,ท่าวุ้ง,64,0.0,0.0,0.0,,,True
1791520200,2026-10-09T04:30:00Z,พัฒนานิคม,217,0.0,0.0,0.0,,,True
1791520200,2026-10-09T04:30:00Z,โคกสำโรง,180,0.0,0.0,0.0,,,True
1791520200,2026-10-09T04:30:00Z,หนองหญ้าไซ,108,0.0,0.0,0.0,,,True
1791520200,2026-10-09T04:30:00Z,ท่าช้าง,11,0.0,0.0,0.0,,,True
1791520200,2026-10-09T04:30:00Z,อินทร์บุรี,66,0.0,0.0,0.0,,,True
1791520200,2026-10-09T04:30:00Z,ค่ายบางระจัน,26,0.0,0.0,0.0,,,True
1791520200,2026-10-09T04:30:00Z,พรหมบุรี,19,0.0,0.0,0.0,,,True
1791520200,2026-10-09T04:30:00Z,เนินสง่า,65,0.0,0.0,0.0,,,True
1791520200,2026-10-09T04:30:00Z,เมืองสิงห์บุรี,31,0.0,0.0,0.0,,,True
1791520200,2026-10-09T04:30:00Z,ซับใหญ่,72,0.0,0.0,0.0,,,True
1791520200,2026-10-09T04:30:00Z,บางระจัน,46,0.0,0.0,0.0,,,True
1791520200,2026-10-09T04:30:00Z,ภูกระดึง,190,0.0,0.0,0.0,,,True
1791520200,2026-10-09T04:30:00Z,ภูหลวง,145,0.0,0.0,0.0,,,True
1791520200,2026-10-09T04:30:00Z,หนองหิน,78,0.0,0.0,0.0,,,True
1791520200,2026-10-09T04:30:00Z,ผาขาว,100,0.0,0.0,0.0,,,True
1791520200,2026-10-09T04:30:00Z,เอราวัณ,87,0.0,0.0,0.0,,,True
1791520200,2026-10-09T04:30:00Z,วังสะพุง,281,0.0,0.0,0.0,,,True
1791520200,2026-10-09T04:30:00Z,วังม่วง,70,0.0,0.0,0.0,,,True
1791520200,2026-10-09T04:30:00Z,เฉลิมพระเกียรติ,35,0.0,0.0,0.0,,,True
1791520200,2026-10-09T04:30:00Z,มวกเหล็ก,175,0.0,0.0,0.0,,,True
1791520200,2026-10-09T04:30:00Z,บ้านเขว้า,124,0.0,0.0,0.0,,,True
1791520200,2026-10-09T04:30:00Z,คอนสวรรค์,113,0.0,0.0,0.0,,,True
1791520200,2026-10-09T04:30:00Z,เมืองชัยภูมิ,358,0.0,0.0,0.0,,,True
1791520200,2026-10-09T04:30:00Z,วังทอง,425,0.0,0.0,0.0,,,True
1791520200,2026-10-09T04:30:00Z,เนินมะปราง,276,0.0,0.0,0.0,,,True
1791520200,2026-10-09T04:30:00Z,สวรรคโลก,156,0.0,0.0,0.0,,,True
1791520200,2026-10-09T04:30:00Z,ศรีนคร,46,0.0,0.0,0.0,,,True
1791520200,2026-10-09T04:30:00Z,หันคา,139,0.0,0.0,0.0,,,True
1791520200,2026-10-09T04:30:00Z,ศรีสัชนาลัย,534,0.0,0.0,0.0,,,True
1791520200,2026-10-09T04:30:00Z,หนองมะโมง,76,0.0,0.0,0.0,,,True
1791520200,2026-10-09T04:30:00Z,ศรีสำโรง,142,0.0,0.0,0.0,,,True
1791520200,2026-10-09T04:30:00Z,สรรพยา,55,0.0,0.0,0.0,,,True
1791520200,2026-10-09T04:30:00Z,คีรีมาศ,171,0.0,0.0,0.0,,,True
1791520200,2026-10-09T04:30:00Z,สรรคบุรี,89,0.0,0.0,0.0,,,True
1791520200,2026-10-09T04:30:00Z,กงไกรลาศ,108,0.0,0.0,0.0,,,True
1791520200,2026-10-09T04:30:00Z,มโนรมย์,66,0.0,0.0,0.0,,,True
1791520200,2026-10-09T04:30:00Z,เมืองสุโขทัย,136,0.0,0.0,0.0,,,True
1791520200,2026-10-09T04:30:00Z,วัดสิงห์,67,0.0,0.0,0.0,,,True
1791520200,2026-10-09T04:30:00Z,บ้านด่านลานหอย,231,0.0,0.0,0.0,,,True
1791520200,2026-10-09T04:30:00Z,เมืองชัยนาท,70,0.0,0.0,0.0,,,True
1791520200,2026-10-09T04:30:00Z,เนินขาม,65,0.0,0.0,0.0,,,True
1791520200,2026-10-09T04:30:00Z,คอนสาร,334,0.0,0.0,0.0,,,True
1791520200,2026-10-09T04:30:00Z,ภักดีชุมพล,154,0.0,0.0,0.0,,,True
1791520200,2026-10-09T04:30:00Z,บ้านแท่น,76,0.0,0.0,0.0,,,True
1791520200,2026-10-09T04:30:00Z,แก้งคร้อ,168,0.0,0.0,0.0,,,True
1791520200,2026-10-09T04:30:00Z,ภูเขียว,201,0.0,0.0,0.0,,,True
1791520200,2026-10-09T04:30:00Z,หนองบัวระเหว,179,0.0,0.0,0.0,,,True
1791520200,2026-10-09T04:30:00Z,เทพสถิต,239,0.0,0.0,0.0,,,True
1791520200,2026-10-09T04:30:00Z,จัตุรัส,172,0.0,0.0,0.0,,,True
1791520200,2026-10-09T04:30:00Z,บำเหน็จณรงค์,120,0.0,0.0,0.0,,,True
1791520200,2026-10-09T04:30:00Z,เกษตรสมบูรณ์,268,0.0,0.0,0.0,,,True
1791520200,2026-10-09T04:30:00Z,หนองบัวแดง,537,0.0,0.0,0.0,,,True
1791520200,2026-10-09T04:30:00Z,ภูเรือ,168,0.0,0.0,0.0,,,True
1791520200,2026-10-09T04:30:00Z,ท่าลี่,171,0.0,0.0,0.0,,,True
1791520200,2026-10-09T04:30:00Z,วชิรบารมี,68,0.0,0.0,0.0,,,True
1791520200,2026-10-09T04:30:00Z,ด่านซ้าย,341,0.0,0.0,0.0,,,True
1791520200,2026-10-09T04:30:00Z,นาแห้ว,153,0.0,0.0,0.0,,,True
1791520200,2026-10-09T04:30:00Z,บึงนาราง,74,0.0,0.0,0.0,,,True
1791520200,2026-10-09T04:30:00Z,เชียงคาน,213,0.0,0.0,0.0,,,True
1791520200,2026-10-09T04:30:00Z,ดงเจริญ,56,0.0,0.0,0.0,,,True
1791520200,2026-10-09T04:30:00Z,ปากชม,240,0.0,0.0,0.0,,,True
1791520200,2026-10-09T04:30:00Z,เมืองเลย,314,0.0,0.0,0.0,,,True
1791520200,2026-10-09T04:30:00Z,นาด้วง,143,0.0,0.0,0.0,,,True
1791520200,2026-10-09T04:30:00Z,สากเหล็ก,45,0.0,0.0,0.0,,,True
1791520200,2026-10-09T04:30:00Z,สามง่าม,89,0.0,0.0,0.0,,,True
1791520200,2026-10-09T04:30:00Z,ทับคล้อ,104,0.0,0.0,0.0,,,True
1791520200,2026-10-09T04:30:00Z,พรหมพิราม,206,0.0,0.0,0.0,,,True
1791520200,2026-10-09T04:30:00Z,ด่านขุนทด,344,0.0,0.0,0.0,,,True
1791520200,2026-10-09T04:30:00Z,วัดโบสถ์,226,0.0,0.0,0.0,,,True
1791520200,2026-10-09T04:30:00Z,บางระกำ,246,0.0,0.0,0.0,,,True
1791520200,2026-10-09T04:30:00Z,บางกระทุ่ม,91,0.0,0.0,0.0,,,True
1791520200,2026-10-09T04:30:00Z,นครไทย,597,0.0,0.0,0.0,,,True
1791520200,2026-10-09T04:30:00Z,ชาติตระการ,415,0.0,0.0,0.0,,,True
1791520200,2026-10-09T04:30:00Z,บ้านเหลื่อม,55,0.0,0.0,0.0,,,True
1791520200,2026-10-09T04:30:00Z,เมืองพิษณุโลก,178,0.0,0.0,0.0,,,True
1791520200,2026-10-09T04:30:00Z,ชุมแสง,145,0.0,0.0,0.0,,,True
1791520200,2026-10-09T04:30:00Z,หนองบัว,208,0.0,0.0,0.0,,,True
1791520200,2026-10-09T04:30:00Z,เมืองนครสวรรค์,183,0.0,0.0,0.0,,,True
1791520200,2026-10-09T04:30:00Z,โกรกพระ,71,0.0,0.0,0.0,,,True
1791520200,2026-10-09T04:30:00Z,ไพศาลี,244,0.0,0.0,0.0,,,True
1791520200,2026-10-09T04:30:00Z,ตาคลี,206,0.0,0.0,0.0,,,True
1791520200,2026-10-09T04:30:00Z,ท่าตะโก,211,0.0,0.0,0.0,,,True
1791520200,2026-10-09T04:30:00Z,เขาค้อ,207,0.0,0.0,0.0,,,True
1791520200,2026-10-09T04:30:00Z,บรรพตพิสัย,181,0.0,0.0,0.0,,,True
1791520200,2026-10-09T04:30:00Z,เก้าเลี้ยว,57,0.0,0.0,0.0,,,True
1791520200,2026-10-09T04:30:00Z,วังโป่ง,123,0.0,0.0,0.0,,,True
1791520200,2026-10-09T04:30:00Z,บึงสามพัน,194,0.0,0.0,0.0,,,True
1791520200,2026-10-09T04:30:00Z,น้ำหนาว,231,0.0,0.0,0.0,,,True
1791520200,2026-10-09T04:30:00Z,ศรีเทพ,204,0.0,0.0,0.0,,,True
1791520200,2026-10-09T04:30:00Z,หนองไผ่,315,0.0,0.0,0.0,,,True
1791520200,2026-10-09T04:30:00Z,มหาราช,4,0.0,0.0,0.0,,,False
1791520200,2026-10-09T04:30:00Z,บ้านแพรก,10,0.0,0.0,0.0,,,True
1791520200,2026-10-09T04:30:00Z,บางมูลนาก,99,0.0,0.0,0.0,,,True
1791520200,2026-10-09T04:30:00Z,โพทะเล,131,0.0,0.0,0.0,,,True
1791520200,2026-10-09T04:30:00Z,โพธิ์ประทับช้าง,102,0.0,0.0,0.0,,,True
1791520200,2026-10-09T04:30:00Z,ตะพานหิน,109,0.0,0.0,0.0,,,True
1791520200,2026-10-09T04:30:00Z,เมืองพิจิตร,138,0.0,0.0,0.0,,,True
1791520200,2026-10-09T04:30:00Z,วังทรายพูน,66,0.0,0.0,0.0,,,True
1791520200,2026-10-09T04:30:00Z,พิชัย,176,0.0,0.0,0.0,,,True
1791520200,2026-10-09T04:30:00Z,ลับแล,116,0.0,0.0,0.0,,,True
1791520200,2026-10-09T04:30:00Z,ฟากท่า,163,0.0,0.0,0.0,,,True
1791520200,2026-10-09T04:30:00Z,บ้านโคก,247,0.0,0.0,0.0,,,True
1791520200,2026-10-09T04:30:00Z,ท่าปลา,442,0.0,0.0,0.0,,,True
1791520200,2026-10-09T04:30:00Z,น้ำปาด,363,0.0,0.0,0.0,,,True
1791520200,2026-10-09T04:30:00Z,เมืองอุตรดิตถ์,202,0.0,0.0,0.0,,,True
1791520200,2026-10-09T04:30:00Z,ตรอน,80,0.0,0.0,0.0,,,True
1791520200,2026-10-09T04:30:00Z,หล่มเก่า,246,0.0,0.0,0.0,,,True
1791520200,2026-10-09T04:30:00Z,วิเชียรบุรี,377,0.0,0.0,0.0,,,True
1791520200,2026-10-09T04:30:00Z,ชนแดน,279,0.0,0.0,0.0,,,True
1791520200,2026-10-09T04:30:00Z,หล่มสัก,350,0.0,0.0,0.0,,,True
1791520200,2026-10-09T04:30:00Z,เมืองเพชรบูรณ์,571,0.0,0.0,0.0,,,True
1791520200,2026-10-09T04:30:00Z,ทองแสนขัน,185,0.0,0.0,0.0,,,True
1791520200,2026-10-09T04:30:00Z,บึงสามัคคี,71,0.0,0.0,0.0,,,True
1791520200,2026-10-09T04:30:00Z,โกสัมพีนคร,137,0.0,0.0,0.0,,,True
1791520200,2026-10-09T04:30:00Z,สอง,380,0.0,0.0,0.0,,,True
1791520200,2026-10-09T04:30:00Z,วังชิ้น,255,0.0,0.0,0.0,,,True
1791520200,2026-10-09T04:30:00Z,สูงเม่น,88,0.0,0.0,0.0,,,True
1791520200,2026-10-09T04:30:00Z,เด่นชัย,135,0.0,0.0,0.0,,,True
1791520200,2026-10-09T04:30:00Z,ร้องกวาง,221,0.0,0.0,0.0,,,True
1791520200,2026-10-09T04:30:00Z,ลอง,317,0.0,0.0,0.0,,,True
1791520200,2026-10-09T04:30:00Z,เมืองแพร่,205,0.0,0.0,0.0,,,True
1791520200,2026-10-09T04:30:00Z,ทัพทัน,94,0.0,0.0,0.0,,,True
1791520200,2026-10-09T04:30:00Z,สว่างอารมณ์,110,0.0,0.0,0.0,,,True
1791520200,2026-10-09T04:30:00Z,เมืองอุทัยธานี,59,0.0,0.0,0.0,,,True
1791520200,2026-10-09T04:30:00Z,ห้วยคต,94,0.0,0.0,0.0,,,True
1791520200,2026-10-09T04:30:00Z,ศรีสวัสดิ์,440,0.0,0.0,0.0,,,True
1791520200,2026-10-09T04:30:00Z,บ้านไร่,821,0.0,0.0,0.0,,,True
1791520200,2026-10-09T04:30:00Z,ลานสัก,360,0.0,0.0,0.0,,,True
1791520200,2026-10-09T04:30:00Z,หนองฉาง,89,0.0,0.0,0.0,,,True
1791520200,2026-10-09T04:30:00Z,หนองขาหย่าง,43,0.0,0.0,0.0,,,True
1791520200,2026-10-09T04:30:00Z,เชียงม่วน,82,0.0,0.0,0.0,,,True
1791520200,2026-10-09T04:30:00Z,ดอกคำใต้,37,0.0,0.0,0.0,,,True
1791520200,2026-10-09T04:30:00Z,เมืองพะเยา,6,0.0,0.0,0.0,,,True
1791520200,2026-10-09T04:30:00Z,ทองผาภูมิ,851,0.0,0.0,0.0,,,True
1791520200,2026-10-09T04:30:00Z,สังขละบุรี,793,0.0,0.0,0.0,,,True
1791520200,2026-10-09T04:30:00Z,หนองม่วงไข่,35,0.0,0.0,0.0,,,True
1791520200,2026-10-09T04:30:00Z,ภูเวียง,81,0.0,0.0,0.0,,,True
1791520200,2026-10-09T04:30:00Z,มัญจาคีรี,50,0.0,0.0,0.0,,,True
1791520200,2026-10-09T04:30:00Z,หนองปรือ,104,0.0,0.0,0.0,,,True
1791520200,2026-10-09T04:30:00Z,เลาขวัญ,123,0.0,0.0,0.0,,,True
1791520200,2026-10-09T04:30:00Z,หนองนาคำ,43,0.0,0.0,0.0,,,True
1791520200,2026-10-09T04:30:00Z,โคกโพธิ์ไชย,65,0.0,0.0,0.0,,,True
1791520200,2026-10-09T04:30:00Z,บ้านหลวง,91,0.0,0.0,0.0,,,True
1791520200,2026-10-09T04:30:00Z,นาน้อย,266,0.0,0.0,0.0,,,True
1791520200,2026-10-09T04:30:00Z,ภูผาม่าน,74,0.0,0.0,0.0,,,True
1791520200,2026-10-09T04:30:00Z,เมืองน่าน,161,0.0,0.0,0.0,,,True
1791520200,2026-10-09T04:30:00Z,แม่จริม,262,0.0,0.0,0.0,,,True
1791520200,2026-10-09T04:30:00Z,เวียงเก่า,78,0.0,0.0,0.0,,,True
1791520200,2026-10-09T04:30:00Z,เมืองกำแพงเพชร,368,0.0,0.0,0.0,,,True
1791520200,2026-10-09T04:30:00Z,ไทรงาม,133,0.0,0.0,0.0,,,True
1791520200,2026-10-09T04:30:00Z,ปางศิลาทอง,186,0.0,0.0,0.0,,,True
1791520200,2026-10-09T04:30:00Z,ลานกระบือ,103,0.0,0.0,0.0,,,True
1791520200,2026-10-09T04:30:00Z,ทรายทองวัฒนา,53,0.0,0.0,0.0,,,True
1791520200,2026-10-09T04:30:00Z,คลองขลุง,179,0.0,0.0,0.0,,,True
1791520200,2026-10-09T04:30:00Z,พรานกระต่าย,252,0.0,0.0,0.0,,,True
1791520200,2026-10-09T04:30:00Z,คลองลาน,363,0.018,0.592,0.0716,,15,True
1791520200,2026-10-09T04:30:00Z,ขาณุวรลักษบุรี,296,0.0,0.0,0.0,,,True
1791520200,2026-10-09T04:30:00Z,ภูเพียง,113,0.0,0.0,0.0,,,True
1791520200,2026-10-09T04:30:00Z,นาหมื่น,245,0.0,0.0,0.0,,,True
1791520200,2026-10-09T04:30:00Z,เวียงสา,543,0.0,0.0,0.0,,,True
1791520200,2026-10-09T04:30:00Z,น้ำโสม,153,0.0,0.0,0.0,,,True
1791520200,2026-10-09T04:30:00Z,นายูง,126,0.0,0.0,0.0,,,True
1791520200,2026-10-09T04:30:00Z,ชุมแพ,173,0.0,0.0,0.0,,,True
1791520200,2026-10-09T04:30:00Z,สีชมพู,132,0.0,0.0,0.0,,,True
1791520200,2026-10-09T04:30:00Z,สุวรรณคูหา,140,0.0,0.0,0.0,,,True
1791520200,2026-10-09T04:30:00Z,นาวัง,65,0.0,0.0,0.0,,,True
1791520200,2026-10-09T04:30:00Z,หนองเรือ,80,0.0,0.0,0.0,,,True
1791520200,2026-10-09T04:30:00Z,โนนสัง,51,0.0,0.0,0.0,,,True
1791520200,2026-10-09T04:30:00Z,ศรีบุญเรือง,224,0.0,0.0,0.0,,,True
1791520200,2026-10-09T04:30:00Z,เมืองหนองบัวลำภู,217,0.0,0.0,0.0,,,True
1791520200,2026-10-09T04:30:00Z,นากลาง,173,0.0,0.0,0.0,,,True
1791520200,2026-10-09T04:30:00Z,ทุ่งเสลี่ยม,144,0.0,0.0,0.0,,,True
1791520200,2026-10-09T04:30:00Z,ดอยหล่อ,56,0.0,0.0,0.0,,,True
1791520200,2026-10-09T04:30:00Z,เมืองตาก,486,0.0,0.0,0.0,,,True
1791520200,2026-10-09T04:30:00Z,แม่ออน,116,0.0,0.0,0.0,,,True
1791520200,2026-10-09T04:30:00Z,อุ้มผาง,1209,0.009,0.592,0.0513,,30,True
1791520200,2026-10-09T04:30:00Z,วังเจ้า,183,0.0,0.0,0.0,,,True
1791520200,2026-10-09T04:30:00Z,แม่สอด,398,0.0,0.0,0.0,,,True
1791520200,2026-10-09T04:30:00Z,พบพระ,249,0.0,0.0,0.0,,,True
1791520200,2026-10-09T04:30:00Z,แม่ระมาด,380,0.0,0.0,0.0,,,True
1791520200,2026-10-09T04:30:00Z,ท่าสองยาง,401,0.0,0.0,0.0,,,True
1791520200,2026-10-09T04:30:00Z,บ้านตาก,255,0.0,0.0,0.0,,,True
1791520200,2026-10-09T04:30:00Z,สามเงา,698,0.0,0.0,0.0,,,True
1791520200,2026-10-09T04:30:00Z,จอมทอง,280,0.0,0.0,0.0,,,True
1791520200,2026-10-09T04:30:00Z,แก้งสนามนาง,79,0.0,0.0,0.0,,,True
1791520200,2026-10-09T04:30:00Z,สีคิ้ว,292,0.0,0.0,0.0,,,True
1791520200,2026-10-09T04:30:00Z,พระทองคำ,90,0.0,0.0,0.0,,,True
1791520200,2026-10-09T04:30:00Z,เทพารักษ์,92,0.0,0.0,0.0,,,True
1791520200,2026-10-09T04:30:00Z,สันกำแพง,65,0.0,0.0,0.0,,,True
1791520200,2026-10-09T04:30:00Z,สันป่าตอง,44,0.0,0.0,0.0,,,True
1791520200,2026-10-09T04:30:00Z,ดอยเต่า,213,0.0,0.0,0.0,,,True
1791520200,2026-10-09T04:30:00Z,อมก๋อย,704,0.0,0.0,0.0,,,True
1791520200,2026-10-09T04:30:00Z,ฮอด,378,0.0,0.0,0.0,,,True
1791520200,2026-10-09T04:30:00Z,เมืองลำพูน,117,0.0,0.0,0.0,,,True
1791520200,2026-10-09T04:30:00Z,แม่ทา,192,0.0,0.0,0.0,,,True
1791520200,2026-10-09T04:30:00Z,บ้านธิ,34,0.0,0.0,0.0,,,True
1791520200,2026-10-09T04:30:00Z,บ้านหมอ,24,0.0,0.0,0.0,,,True
1791520200,2026-10-09T04:30:00Z,เวียงหนองล่อง,14,0.0,0.0,0.0,,,True
1791520200,2026-10-09T04:30:00Z,ทุ่งหัวช้าง,113,0.0,0.0,0.0,,,True
1791520200,2026-10-09T04:30:00Z,ป่าซาง,74,0.0,0.0,0.0,,,True
1791520200,2026-10-09T04:30:00Z,บ้านโฮ่ง,124,0.0,0.0,0.0,,,True
1791520200,2026-10-09T04:30:00Z,แก่งคอย,73,0.0,0.0,0.0,,,True
1791520200,2026-10-09T04:30:00Z,ลี้,454,0.0,0.0,0.0,,,True
1791520200,2026-10-09T04:30:00Z,พระพุทธบาท,55,0.0,0.0,0.0,,,True
1791520200,2026-10-09T04:30:00Z,ดอนพุด,7,0.0,0.0,0.0,,,True
1791520200,2026-10-09T04:30:00Z,หนองโดน,31,0.0,0.0,0.0,,,True
1791520200,2026-10-09T04:30:00Z,เมืองลำปาง,300,0.0,0.0,0.0,,,True
1791520200,2026-10-09T04:30:00Z,เถิน,443,0.0,0.0,0.0,,,True
1791520200,2026-10-09T04:30:00Z,แม่พริก,167,0.0,0.0,0.0,,,True
1791520200,2026-10-09T04:30:00Z,แจ้ห่ม,274,0.0,0.0,0.0,,,True
1791520200,2026-10-09T04:30:00Z,แม่เปิน,85,0.0,0.0,0.0,,,True
1791520200,2026-10-09T04:30:00Z,เสริมงาม,185,0.0,0.0,0.0,,,True
1791520200,2026-10-09T04:30:00Z,ชุมตาบง,61,0.0,0.0,0.0,,,True
1791520200,2026-10-09T04:30:00Z,งาว,344,0.0,0.0,0.0,,,True
1791520200,2026-10-09T04:30:00Z,ตากฟ้า,125,0.0,0.0,0.0,,,True
1791520200,2026-10-09T04:30:00Z,แม่เมาะ,283,0.0,0.0,0.0,,,True
1791520200,2026-10-09T04:30:00Z,แม่วงก์,257,0.0,0.0,0.0,,,True
1791520200,2026-10-09T04:30:00Z,เกาะคา,128,0.0,0.0,0.0,,,True
1791520200,2026-10-09T04:30:00Z,พยุหะคีรี,169,0.0,0.0,0.0,,,True
1791520200,2026-10-09T04:30:00Z,ลาดยาว,187,0.0,0.0,0.0,,,True
1791520200,2026-10-09T04:30:00Z,สบปราบ,125,0.0,0.0,0.0,,,True
1791520200,2026-10-09T04:30:00Z,ห้างฉัตร,154,0.0,0.0,0.0,,,True
1791520200,2026-10-09T04:30:00Z,แม่ทะ,203,0.0,0.0,0.0,,,True
1791520200,2026-10-09T04:30:00Z,เมืองปาน,202,0.0,0.0,0.0,,,True
1791520200,2026-10-09T04:30:00Z,เมืองอ่างทอง,6,0.0,0.0,0.0,,,True
1791520200,2026-10-09T04:30:00Z,ไชโย,20,0.0,0.0,0.0,,,True
1791520200,2026-10-09T04:30:00Z,สามโก้,10,0.0,0.0,0.0,,,True
1791520200,2026-10-09T04:30:00Z,แสวงหา,43,0.0,0.0,0.0,,,True
1791520200,2026-10-09T04:30:00Z,วิเศษชัยชาญ,7,0.0,0.0,0.0,,,True
1791520200,2026-10-09T04:30:00Z,โพธิ์ทอง,48,0.0,0.0,0.0,,,True
1791520200,2026-10-09T04:30:00Z,เมืองลพบุรี,190,0.0,0.0,0.0,,,True
1791520200,2026-10-09T04:30:00Z,เดิมบางนางบวช,130,0.0,0.0,0.0,,,True
1791520200,2026-10-09T04:30:00Z,ด่านช้าง,309,0.0,0.0,0.0,,,True
1791520200,2026-10-09T04:30:00Z,หนองม่วง,111,0.0,0.0,0.0,,,True
1791520200,2026-10-09T04:30:00Z,ลำสนธิ,136,0.0,0.0,0.0,,,True
1791520200,2026-10-09T04:30:00Z,สามชุก,77,0.0,0.0,0.0,,,True
1791520200,2026-10-09T04:30:00Z,ดอนเจดีย์,72,0.0,0.0,0.0,,,True
1791520200,2026-10-09T04:30:00Z,สระโบสถ์,83,0.0,0.0,0.0,,,True
1791520200,2026-10-09T04:30:00Z,ศรีประจันต์,41,0.0,0.0,0.0,,,True
1791520200,2026-10-09T04:30:00Z,โคกเจริญ,135,0.0,0.0,0.0,,,True
1791520200,2026-10-09T04:30:00Z,บ้านหมี่,136,0.0,0.0,0.0,,,True
1791520200,2026-10-09T04:30:00Z,ท่าหลวง,100,0.0,0.0,0.0,,,True
1791520200,2026-10-09T04:30:00Z,ชัยบาดาล,280,0.0,0.0,0.0,,,True
1791520200,2026-10-09T04:30:00Z,ท่าวุ้ง,64,0.0,0.0,0.0,,,True
1791520200,2026-10-09T04:30:00Z,พัฒนานิคม,217,0.0,0.0,0.0,,,True
1791520200,2026-10-09T04:30:00Z,โคกสำโรง,180,0.0,0.0,0.0,,,True
1791520200,2026-10-09T04:30:00Z,หนองหญ้าไซ,108,0.0,0.0,0.0,,,True
1791520200,2026-10-09T04:30:00Z,ท่าช้าง,11,0.0,0.0,0.0,,,True
1791520200,2026-10-09T04:30:00Z,อินทร์บุรี,66,0.0,0.0,0.0,,,True
1791520200,2026-10-09T04:30:00Z,ค่ายบางระจัน,26,0.0,0.0,0.0,,,True
1791520200,2026-10-09T04:30:00Z,พรหมบุรี,19,0.0,0.0,0.0,,,True
1791520200,2026-10-09T04:30:00Z,เนินสง่า,65,0.0,0.0,0.0,,,True
1791520200,2026-10-09T04:30:00Z,เมืองสิงห์บุรี,31,0.0,0.0,0.0,,,True
1791520200,2026-10-09T04:30:00Z,ซับใหญ่,72,0.0,0.0,0.0,,,True
1791520200,2026-10-09T04:30:00Z,บางระจัน,46,0.0,0.0,0.0,,,True
1791520200,2026-10-09T04:30:00Z,ภูกระดึง,190,0.0,0.0,0.0,,,True
1791520200,2026-10-09T04:30:00Z,ภูหลวง,145,0.0,0.0,0.0,,,True
1791520200,2026-10-09T04:30:00Z,หนองหิน,78,0.0,0.0,0.0,,,True
1791520200,2026-10-09T04:30:00Z,ผาขาว,100,0.0,0.0,0.0,,,True
1791520200,2026-10-09T04:30:00Z,เอราวัณ,87,0.0,0.0,0.0,,,True
1791520200,2026-10-09T04:30:00Z,วังสะพุง,281,0.0,0.0,0.0,,,True
1791520200,2026-10-09T04:30:00Z,วังม่วง,70,0.0,0.0,0.0,,,True
1791520200,2026-10-09T04:30:00Z,เฉลิมพระเกียรติ,35,0.0,0.0,0.0,,,True
1791520200,2026-10-09T04:30:00Z,มวกเหล็ก,175,0.0,0.0,0.0,,,True
1791520200,2026-10-09T04:30:00Z,บ้านเขว้า,124,0.0,0.0,0.0,,,True
1791520200,2026-10-09T04:30:00Z,คอนสวรรค์,113,0.0,0.0,0.0,,,True
1791520200,2026-10-09T04:30:00Z,เมืองชัยภูมิ,358,0.0,0.0,0.0,,,True
1791520200,2026-10-09T04:30:00Z,วังทอง,425,0.0,0.0,0.0,,,True
1791520200,2026-10-09T04:30:00Z,เนินมะปราง,276,0.0,0.0,0.0,,,True
1791520200,2026-10-09T04:30:00Z,สวรรคโลก,156,0.0,0.0,0.0,,,True
1791520200,2026-10-09T04:30:00Z,ศรีนคร,46,0.0,0.0,0.0,,,True
1791520200,2026-10-09T04:30:00Z,หันคา,139,0.0,0.0,0.0,,,True
1791520200,2026-10-09T04:30:00Z,ศรีสัชนาลัย,534,0.0,0.0,0.0,,,True
1791520200,2026-10-09T04:30:00Z,หนองมะโมง,76,0.0,0.0,0.0,,,True
1791520200,2026-10-09T04:30:00Z,ศรีสำโรง,142,0.0,0.0,0.0,,,True
1791520200,2026-10-09T04:30:00Z,สรรพยา,55,0.0,0.0,0.0,,,True
1791520200,2026-10-09T04:30:00Z,คีรีมาศ,171,0.0,0.0,0.0,,,True
1791520200,2026-10-09T04:30:00Z,สรรคบุรี,89,0.0,0.0,0.0,,,True
1791520200,2026-10-09T04:30:00Z,กงไกรลาศ,108,0.0,0.0,0.0,,,True
1791520200,2026-10-09T04:30:00Z,มโนรมย์,66,0.0,0.0,0.0,,,True
1791520200,2026-10-09T04:30:00Z,เมืองสุโขทัย,136,0.0,0.0,0.0,,,True
1791520200,2026-10-09T04:30:00Z,วัดสิงห์,67,0.0,0.0,0.0,,,True
1791520200,2026-10-09T04:30:00Z,บ้านด่านลานหอย,231,0.0,0.0,0.0,,,True
1791520200,2026-10-09T04:30:00Z,เมืองชัยนาท,70,0.0,0.0,0.0,,,True
1791520200,2026-10-09T04:30:00Z,เนินขาม,65,0.0,0.0,0.0,,,True
1791520200,2026-10-09T04:30:00Z,คอนสาร,334,0.0,0.0,0.0,,,True
1791520200,2026-10-09T04:30:00Z,ภักดีชุมพล,154,0.0,0.0,0.0,,,True
1791520200,2026-10-09T04:30:00Z,บ้านแท่น,76,0.0,0.0,0.0,,,True
1791520200,2026-10-09T04:30:00Z,แก้งคร้อ,168,0.0,0.0,0.0,,,True
1791520200,2026-10-09T04:30:00Z,ภูเขียว,201,0.0,0.0,0.0,,,True
1791520200,2026-10-09T04:30:00Z,หนองบัวระเหว,179,0.0,0.0,0.0,,,True
1791520200,2026-10-09T04:30:00Z,เทพสถิต,239,0.0,0.0,0.0,,,True
1791520200,2026-10-09T04:30:00Z,จัตุรัส,172,0.0,0.0,0.0,,,True
1791520200,2026-10-09T04:30:00Z,บำเหน็จณรงค์,120,0.0,0.0,0.0,,,True
1791520200,2026-10-09T04:30:00Z,เกษตรสมบูรณ์,268,0.0,0.0,0.0,,,True
1791520200,2026-10-09T04:30:00Z,หนองบัวแดง,537,0.0,0.0,0.0,,,True
1791520200,2026-10-09T04:30:00Z,ภูเรือ,168,0.0,0.0,0.0,,,True
1791520200,2026-10-09T04:30:00Z,ท่าลี่,171,0.0,0.0,0.0,,,True
1791520200,2026-10-09T04:30:00Z,วชิรบารมี,68,0.0,0.0,0.0,,,True
1791520200,2026-10-09T04:30:00Z,ด่านซ้าย,341,0.0,0.0,0.0,,,True
1791520200,2026-10-09T04:30:00Z,นาแห้ว,153,0.0,0.0,0.0,,,True
1791520200,2026-10-09T04:30:00Z,บึงนาราง,74,0.0,0.0,0.0,,,True
1791520200,2026-10-09T04:30:00Z,เชียงคาน,213,0.0,0.0,0.0,,,True
1791520200,2026-10-09T04:30:00Z,ดงเจริญ,56,0.0,0.0,0.0,,,True
1791520200,2026-10-09T04:30:00Z,ปากชม,240,0.0,0.0,0.0,,,True
1791520200,2026-10-09T04:30:00Z,เมืองเลย,314,0.0,0.0,0.0,,,True
1791520200,2026-10-09T04:30:00Z,นาด้วง,143,0.0,0.0,0.0,,,True
1791520200,2026-10-09T04:30:00Z,สากเหล็ก,45,0.0,0.0,0.0,,,True
1791520200,2026-10-09T04:30:00Z,สามง่าม,89,0.0,0.0,0.0,,,True
1791520200,2026-10-09T04:30:00Z,ทับคล้อ,104,0.0,0.0,0.0,,,True
1791520200,2026-10-09T04:30:00Z,พรหมพิราม,206,0.0,0.0,0.0,,,True
1791520200,2026-10-09T04:30:00Z,ด่านขุนทด,344,0.0,0.0,0.0,,,True
1791520200,2026-10-09T04:30:00Z,วัดโบสถ์,226,0.0,0.0,0.0,,,True
1791520200,2026-10-09T04:30:00Z,บางระกำ,246,0.0,0.0,0.0,,,True
1791520200,2026-10-09T04:30:00Z,บางกระทุ่ม,91,0.0,0.0,0.0,,,True
1791520200,2026-10-09T04:30:00Z,นครไทย,597,0.0,0.0,0.0,,,True
1791520200,2026-10-09T04:30:00Z,ชาติตระการ,415,0.0,0.0,0.0,,,True
1791520200,2026-10-09T04:30:00Z,บ้านเหลื่อม,55,0.0,0.0,0.0,,,True
1791520200,2026-10-09T04:30:00Z,เมืองพิษณุโลก,178,0.0,0.0,0.0,,,True
1791520200,2026-10-09T04:30:00Z,ชุมแสง,145,0.0,0.0,0.0,,,True
1791520200,2026-10-09T04:30:00Z,หนองบัว,208,0.0,0.0,0.0,,,True
1791520200,2026-10-09T04:30:00Z,เมืองนครสวรรค์,183,0.0,0.0,0.0,,,True
1791520200,2026-10-09T04:30:00Z,โกรกพระ,71,0.0,0.0,0.0,,,True
1791520200,2026-10-09T04:30:00Z,ไพศาลี,244,0.0,0.0,0.0,,,True
1791520200,2026-10-09T04:30:00Z,ตาคลี,206,0.0,0.0,0.0,,,True
1791520200,2026-10-09T04:30:00Z,ท่าตะโก,211,0.0,0.0,0.0,,,True
1791520200,2026-10-09T04:30:00Z,เขาค้อ,207,0.0,0.0,0.0,,,True
1791520200,2026-10-09T04:30:00Z,บรรพตพิสัย,181,0.0,0.0,0.0,,,True
1791520200,2026-10-09T04:30:00Z,เก้าเลี้ยว,57,0.0,0.0,0.0,,,True
1791520200,2026-10-09T04:30:00Z,วังโป่ง,123,0.0,0.0,0.0,,,True
1791520200,2026-10-09T04:30:00Z,บึงสามพัน,194,0.0,0.0,0.0,,,True
1791520200,2026-10-09T04:30:00Z,น้ำหนาว,231,0.0,0.0,0.0,,,True
1791520200,2026-10-09T04:30:00Z,ศรีเทพ,204,0.0,0.0,0.0,,,True
1791520200,2026-10-09T04:30:00Z,หนองไผ่,315,0.0,0.0,0.0,,,True
1791520200,2026-10-09T04:30:00Z,มหาราช,4,0.0,0.0,0.0,,,False
1791520200,2026-10-09T04:30:00Z,บ้านแพรก,10,0.0,0.0,0.0,,,True
1791520200,2026-10-09T04:30:00Z,บางมูลนาก,99,0.0,0.0,0.0,,,True
1791520200,2026-10-09T04:30:00Z,โพทะเล,131,0.0,0.0,0.0,,,True
1791520200,2026-10-09T04:30:00Z,โพธิ์ประทับช้าง,102,0.0,0.0,0.0,,,True
1791520200,2026-10-09T04:30:00Z,ตะพานหิน,109,0.0,0.0,0.0,,,True
1791520200,2026-10-09T04:30:00Z,เมืองพิจิตร,138,0.0,0.0,0.0,,,True
1791520200,2026-10-09T04:30:00Z,วังทรายพูน,66,0.0,0.0,0.0,,,True
1791520200,2026-10-09T04:30:00Z,พิชัย,176,0.0,0.0,0.0,,,True
1791520200,2026-10-09T04:30:00Z,ลับแล,116,0.0,0.0,0.0,,,True
1791520200,2026-10-09T04:30:00Z,ฟากท่า,163,0.0,0.0,0.0,,,True
1791520200,2026-10-09T04:30:00Z,บ้านโคก,247,0.0,0.0,0.0,,,True
1791520200,2026-10-09T04:30:00Z,ท่าปลา,442,0.0,0.0,0.0,,,True
1791520200,2026-10-09T04:30:00Z,น้ำปาด,363,0.0,0.0,0.0,,,True
1791520200,2026-10-09T04:30:00Z,เมืองอุตรดิตถ์,202,0.0,0.0,0.0,,,True
1791520200,2026-10-09T04:30:00Z,ตรอน,80,0.0,0.0,0.0,,,True
1791520200,2026-10-09T04:30:00Z,หล่มเก่า,246,0.0,0.0,0.0,,,True
1791520200,2026-10-09T04:30:00Z,วิเชียรบุรี,377,0.0,0.0,0.0,,,True
1791520200,2026-10-09T04:30:00Z,ชนแดน,279,0.0,0.0,0.0,,,True
1791520200,2026-10-09T04:30:00Z,หล่มสัก,350,0.0,0.0,0.0,,,True
1791520200,2026-10-09T04:30:00Z,เมืองเพชรบูรณ์,571,0.0,0.0,0.0,,,True
1791520200,2026-10-09T04:30:00Z,ทองแสนขัน,185,0.0,0.0,0.0,,,True
1791520200,2026-10-09T04:30:00Z,บึงสามัคคี,71,0.0,0.0,0.0,,,True
1791520200,2026-10-09T04:30:00Z,โกสัมพีนคร,137,0.0,0.0,0.0,,,True
1791520200,2026-10-09T04:30:00Z,สอง,380,0.0,0.0,0.0,,,True
1791520200,2026-10-09T04:30:00Z,วังชิ้น,255,0.0,0.0,0.0,,,True
1791520200,2026-10-09T04:30:00Z,สูงเม่น,88,0.0,0.0,0.0,,,True
1791520200,2026-10-09T04:30:00Z,เด่นชัย,135,0.0,0.0,0.0,,,True
1791520200,2026-10-09T04:30:00Z,ร้องกวาง,221,0.0,0.0,0.0,,,True
1791520200,2026-10-09T04:30:00Z,ลอง,317,0.0,0.0,0.0,,,True
1791520200,2026-10-09T04:30:00Z,เมืองแพร่,205,0.0,0.0,0.0,,,True
1791520200,2026-10-09T04:30:00Z,ทัพทัน,94,0.0,0.0,0.0,,,True
1791520200,2026-10-09T04:30:00Z,สว่างอารมณ์,110,0.0,0.0,0.0,,,True
1791520200,2026-10-09T04:30:00Z,เมืองอุทัยธานี,59,0.0,0.0,0.0,,,True
1791520200,2026-10-09T04:30:00Z,ห้วยคต,94,0.0,0.0,0.0,,,True
1791520200,2026-10-09T04:30:00Z,ศรีสวัสดิ์,440,0.0,0.0,0.0,,,True
1791520200,2026-10-09T04:30:00Z,บ้านไร่,821,0.0,0.0,0.0,,,True
1791520200,2026-10-09T04:30:00Z,ลานสัก,360,0.0,0.0,0.0,,,True
1791520200,2026-10-09T04:30:00Z,หนองฉาง,89,0.0,0.0,0.0,,,True
1791520200,2026-10-09T04:30:00Z,หนองขาหย่าง,43,0.0,0.0,0.0,,,True
1791520200,2026-10-09T04:30:00Z,เชียงม่วน,82,0.0,0.0,0.0,,,True
1791520200,2026-10-09T04:30:00Z,ดอกคำใต้,37,0.0,0.0,0.0,,,True
1791520200,2026-10-09T04:30:00Z,เมืองพะเยา,6,0.0,0.0,0.0,,,True
1791520200,2026-10-09T04:30:00Z,ทองผาภูมิ,851,0.0,0.0,0.0,,,True
1791520200,2026-10-09T04:30:00Z,สังขละบุรี,793,0.0,0.0,0.0,,,True
1791520200,2026-10-09T04:30:00Z,หนองม่วงไข่,35,0.0,0.0,0.0,,,True
1791520200,2026-10-09T04:30:00Z,ภูเวียง,81,0.0,0.0,0.0,,,True
1791520200,2026-10-09T04:30:00Z,มัญจาคีรี,50,0.0,0.0,0.0,,,True
1791520200,2026-10-09T04:30:00Z,หนองปรือ,104,0.0,0.0,0.0,,,True
1791520200,2026-10-09T04:30:00Z,เลาขวัญ,123,0.0,0.0,0.0,,,True
1791520200,2026-10-09T04:30:00Z,หนองนาคำ,43,0.0,0.0,0.0,,,True
1791520200,2026-10-09T04:30:00Z,โคกโพธิ์ไชย,65,0.0,0.0,0.0,,,True
1791520200,2026-10-09T04:30:00Z,บ้านหลวง,91,0.0,0.0,0.0,,,True
1791520200,2026-10-09T04:30:00Z,นาน้อย,266,0.0,0.0,0.0,,,True
1791520200,2026-10-09T04:30:00Z,ภูผาม่าน,74,0.0,0.0,0.0,,,True
1791520200,2026-10-09T04:30:00Z,เมืองน่าน,161,0.0,0.0,0.0,,,True
1791520200,2026-10-09T04:30:00Z,แม่จริม,262,0.0,0.0,0.0,,,True
1791520200,2026-10-09T04:30:00Z,เวียงเก่า,78,0.0,0.0,0.0,,,True
1791520200,2026-10-09T04:30:00Z,เมืองกำแพงเพชร,368,0.0,0.0,0.0,,,True
1791520200,2026-10-09T04:30:00Z,ไทรงาม,133,0.0,0.0,0.0,,,True
1791520200,2026-10-09T04:30:00Z,ปางศิลาทอง,186,0.0,0.0,0.0,,,True
1791520200,2026-10-09T04:30:00Z,ลานกระบือ,103,0.0,0.0,0.0,,,True
1791520200,2026-10-09T04:30:00Z,ทรายทองวัฒนา,53,0.0,0.0,0.0,,,True
1791520200,2026-10-09T04:30:00Z,คลองขลุง,179,0.0,0.0,0.0,,,True
1791520200,2026-10-09T04:30:00Z,พรานกระต่าย,252,0.0,0.0,0.0,,,True
1791520200,2026-10-09T04:30:00Z,คลองลาน,363,0.018,0.592,0.0716,,15,True
1791520200,2026-10-09T04:30:00Z,ขาณุวรลักษบุรี,296,0.0,0.0,0.0,,,True
1791520200,2026-10-09T04:30:00Z,ภูเพียง,113,0.0,0.0,0.0,,,True
1791520200,2026-10-09T04:30:00Z,นาหมื่น,245,0.0,0.0,0.0,,,True
1791520200,2026-10-09T04:30:00Z,เวียงสา,543,0.0,0.0,0.0,,,True
1791520200,2026-10-09T04:30:00Z,น้ำโสม,153,0.0,0.0,0.0,,,True
1791520200,2026-10-09T04:30:00Z,นายูง,126,0.0,0.0,0.0,,,True
1791520200,2026-10-09T04:30:00Z,ชุมแพ,173,0.0,0.0,0.0,,,True
1791520200,2026-10-09T04:30:00Z,สีชมพู,132,0.0,0.0,0.0,,,True
1791520200,2026-10-09T04:30:00Z,สุวรรณคูหา,140,0.0,0.0,0.0,,,True
1791520200,2026-10-09T04:30:00Z,นาวัง,65,0.0,0.0,0.0,,,True
1791520200,2026-10-09T04:30:00Z,หนองเรือ,80,0.0,0.0,0.0,,,True
1791520200,2026-10-09T04:30:00Z,โนนสัง,51,0.0,0.0,0.0,,,True
1791520200,2026-10-09T04:30:00Z,ศรีบุญเรือง,224,0.0,0.0,0.0,,,True
1791520200,2026-10-09T04:30:00Z,เมืองหนองบัวลำภู,217,0.0,0.0,0.0,,,True
1791520200,2026-10-09T04:30:00Z,นากลาง,173,0.0,0.0,0.0,,,True
1791520200,2026-10-09T04:30:00Z,ทุ่งเสลี่ยม,144,0.0,0.0,0.0,,,True
1791520200,2026-10-09T04:30:00Z,ดอยหล่อ,56,0.0,0.0,0.0,,,True
1791520200,2026-10-09T04:30:00Z,เมืองตาก,486,0.0,0.0,0.0,,,True
1791520200,2026-10-09T04:30:00Z,แม่ออน,116,0.0,0.0,0.0,,,True
1791520200,2026-10-09T04:30:00Z,อุ้มผาง,1209,0.009,0.592,0.0513,,30,True
1791520200,2026-10-09T04:30:00Z,วังเจ้า,183,0.0,0.0,0.0,,,True
1791520200,2026-10-09T04:30:00Z,แม่สอด,398,0.0,0.0,0.0,,,True
1791520200,2026-10-09T04:30:00Z,พบพระ,249,0.0,0.0,0.0,,,True
1791520200,2026-10-09T04:30:00Z,แม่ระมาด,380,0.0,0.0,0.0,,,True
1791520200,2026-10-09T04:30:00Z,ท่าสองยาง,401,0.0,0.0,0.0,,,True
1791520200,2026-10-09T04:30:00Z,บ้านตาก,255,0.0,0.0,0.0,,,True
1791520200,2026-10-09T04:30:00Z,สามเงา,698,0.0,0.0,0.0,,,True
1791520200,2026-10-09T04:30:00Z,จอมทอง,280,0.0,0.0,0.0,,,True
1791520200,2026-10-09T04:30:00Z,แก้งสนามนาง,79,0.0,0.0,0.0,,,True
1791520200,2026-10-09T04:30:00Z,สีคิ้ว,292,0.0,0.0,0.0,,,True
1791520200,2026-10-09T04:30:00Z,พระทองคำ,90,0.0,0.0,0.0,,,True
1791520200,2026-10-09T04:30:00Z,เทพารักษ์,92,0.0,0.0,0.0,,,True
1791520200,2026-10-09T04:30:00Z,สันกำแพง,65,0.0,0.0,0.0,,,True
1791520200,2026-10-09T04:30:00Z,สันป่าตอง,44,0.0,0.0,0.0,,,True
1791520200,2026-10-09T04:30:00Z,ดอยเต่า,213,0.0,0.0,0.0,,,True
1791520200,2026-10-09T04:30:00Z,อมก๋อย,704,0.0,0.0,0.0,,,True
1791520200,2026-10-09T04:30:00Z,ฮอด,378,0.0,0.0,0.0,,,True
1791520200,2026-10-09T04:30:00Z,เมืองลำพูน,117,0.0,0.0,0.0,,,True
1791520200,2026-10-09T04:30:00Z,แม่ทา,192,0.0,0.0,0.0,,,True
1791520200,2026-10-09T04:30:00Z,บ้านธิ,34,0.0,0.0,0.0,,,True
1791520200,2026-10-09T04:30:00Z,บ้านหมอ,24,0.0,0.0,0.0,,,True
1791520200,2026-10-09T04:30:00Z,เวียงหนองล่อง,14,0.0,0.0,0.0,,,True
1791520200,2026-10-09T04:30:00Z,ทุ่งหัวช้าง,113,0.0,0.0,0.0,,,True
1791520200,2026-10-09T04:30:00Z,ป่าซาง,74,0.0,0.0,0.0,,,True
1791520200,2026-10-09T04:30:00Z,บ้านโฮ่ง,124,0.0,0.0,0.0,,,True
1791520200,2026-10-09T04:30:00Z,แก่งคอย,73,0.0,0.0,0.0,,,True
1791520200,2026-10-09T04:30:00Z,ลี้,454,0.0,0.0,0.0,,,True
1791520200,2026-10-09T04:30:00Z,พระพุทธบาท,55,0.0,0.0,0.0,,,True
1791520200,2026-10-09T04:30:00Z,ดอนพุด,7,0.0,0.0,0.0,,,True
1791520200,2026-10-09T04:30:00Z,หนองโดน,31,0.0,0.0,0.0,,,True
1791520200,2026-10-09T04:30:00Z,เมืองลำปาง,300,0.0,0.0,0.0,,,True
1791520200,2026-10-09T04:30:00Z,เถิน,443,0.0,0.0,0.0,,,True
1791520200,2026-10-09T04:30:00Z,แม่พริก,167,0.0,0.0,0.0,,,True
1791520200,2026-10-09T04:30:00Z,แจ้ห่ม,274,0.0,0.0,0.0,,,True
1791520200,2026-10-09T04:30:00Z,แม่เปิน,85,0.0,0.0,0.0,,,True
1791520200,2026-10-09T04:30:00Z,เสริมงาม,185,0.0,0.0,0.0,,,True
1791520200,2026-10-09T04:30:00Z,ชุมตาบง,61,0.0,0.0,0.0,,,True
1791520200,2026-10-09T04:30:00Z,งาว,344,0.0,0.0,0.0,,,True
1791520200,2026-10-09T04:30:00Z,ตากฟ้า,125,0.0,0.0,0.0,,,True
1791520200,2026-10-09T04:30:00Z,แม่เมาะ,283,0.0,0.0,0.0,,,True
1791520200,2026-10-09T04:30:00Z,แม่วงก์,257,0.0,0.0,0.0,,,True
1791520200,2026-10-09T04:30:00Z,เกาะคา,128,0.0,0.0,0.0,,,True
1791520200,2026-10-09T04:30:00Z,พยุหะคีรี,169,0.0,0.0,0.0,,,True
1791520200,2026-10-09T04:30:00Z,ลาดยาว,187,0.0,0.0,0.0,,,True
1791520200,2026-10-09T04:30:00Z,สบปราบ,125,0.0,0.0,0.0,,,True
1791520200,2026-10-09T04:30:00Z,ห้างฉัตร,154,0.0,0.0,0.0,,,True
1791520200,2026-10-09T04:30:00Z,แม่ทะ,203,0.0,0.0,0.0,,,True
1791520200,2026-10-09T04:30:00Z,เมืองปาน,202,0.0,0.0,0.0,,,True
1791520200,2026-10-09T04:30:00Z,เมืองอ่างทอง,6,0.0,0.0,0.0,,,True
1791520200,2026-10-09T04:30:00Z,ไชโย,20,0.0,0.0,0.0,,,True
1791520200,2026-10-09T04:30:00Z,สามโก้,10,0.0,0.0,0.0,,,True
1791520200,2026-10-09T04:30:00Z,แสวงหา,43,0.0,0.0,0.0,,,True
1791520200,2026-10-09T04:30:00Z,วิเศษชัยชาญ,7,0.0,0.0,0.0,,,True
1791520200,2026-10-09T04:30:00Z,โพธิ์ทอง,48,0.0,0.0,0.0,,,True
1791520200,2026-10-09T04:30:00Z,เมืองลพบุรี,190,0.0,0.0,0.0,,,True
1791520200,2026-10-09T04:30:00Z,เดิมบางนางบวช,130,0.0,0.0,0.0,,,True
1791520200,2026-10-09T04:30:00Z,ด่านช้าง,309,0.0,0.0,0.0,,,True
1791520200,2026-10-09T04:30:00Z,หนองม่วง,111,0.0,0.0,0.0,,,True
1791520200,2026-10-09T04:30:00Z,ลำสนธิ,136,0.0,0.0,0.0,,,True
1791520200,2026-10-09T04:30:00Z,สามชุก,77,0.0,0.0,0.0,,,True
1791520200,2026-10-09T04:30:00Z,ดอนเจดีย์,72,0.0,0.0,0.0,,,True
1791520200,2026-10-09T04:30:00Z,สระโบสถ์,83,0.0,0.0,0.0,,,True
1791520200,2026-10-09T04:30:00Z,ศรีประจันต์,41,0.0,0.0,0.0,,,True
1791520200,2026-10-09T04:30:00Z,โคกเจริญ,135,0.0,0.0,0.0,,,True
1791520200,2026-10-09T04:30:00Z,บ้านหมี่,136,0.0,0.0,0.0,,,True
1791520200,2026-10-09T04:30:00Z,ท่าหลวง,100,0.0,0.0,0.0,,,True
1791520200,2026-10-09T04:30:00Z,ชัยบาดาล,280,0.0,0.0,0.0,,,True
1791520200,2026-10-09T04:30:00Z,ท่าวุ้ง,64,0.0,0.0,0.0,,,True
1791520200,2026-10-09T04:30:00Z,พัฒนานิคม,217,0.0,0.0,0.0,,,True
1791520200,2026-10-09T04:30:00Z,โคกสำโรง,180,0.0,0.0,0.0,,,True
1791520200,2026-10-09T04:30:00Z,หนองหญ้าไซ,108,0.0,0.0,0.0,,,True
1791520200,2026-10-09T04:30:00Z,ท่าช้าง,11,0.0,0.0,0.0,,,True
1791520200,2026-10-09T04:30:00Z,อินทร์บุรี,66,0.0,0.0,0.0,,,True
1791520200,2026-10-09T04:30:00Z,ค่ายบางระจัน,26,0.0,0.0,0.0,,,True
1791520200,2026-10-09T04:30:00Z,พรหมบุรี,19,0.0,0.0,0.0,,,True
1791520200,2026-10-09T04:30:00Z,เนินสง่า,65,0.0,0.0,0.0,,,True
1791520200,2026-10-09T04:30:00Z,เมืองสิงห์บุรี,31,0.0,0.0,0.0,,,True
1791520200,2026-10-09T04:30:00Z,ซับใหญ่,72,0.0,0.0,0.0,,,True
1791520200,2026-10-09T04:30:00Z,บางระจัน,46,0.0,0.0,0.0,,,True
1791520200,2026-10-09T04:30:00Z,ภูกระดึง,190,0.0,0.0,0.0,,,True
1791520200,2026-10-09T04:30:00Z,ภูหลวง,145,0.0,0.0,0.0,,,True
1791520200,2026-10-09T04:30:00Z,หนองหิน,78,0.0,0.0,0.0,,,True
1791520200,2026-10-09T04:30:00Z,ผาขาว,100,0.0,0.0,0.0,,,True
1791520200,2026-10-09T04:30:00Z,เอราวัณ,87,0.0,0.0,0.0,,,True
1791520200,2026-10-09T04:30:00Z,วังสะพุง,281,0.0,0.0,0.0,,,True
1791520200,2026-10-09T04:30:00Z,วังม่วง,70,0.0,0.0,0.0,,,True
1791520200,2026-10-09T04:30:00Z,เฉลิมพระเกียรติ,35,0.0,0.0,0.0,,,True
1791520200,2026-10-09T04:30:00Z,มวกเหล็ก,175,0.0,0.0,0.0,,,True
1791520200,2026-10-09T04:30:00Z,บ้านเขว้า,124,0.0,0.0,0.0,,,True
1791520200,2026-10-09T04:30:00Z,คอนสวรรค์,113,0.0,0.0,0.0,,,True
1791520200,2026-10-09T04:30:00Z,เมืองชัยภูมิ,358,0.0,0.0,0.0,,,True
1791520200,2026-10-09T04:30:00Z,วังทอง,425,0.0,0.0,0.0,,,True
1791520200,2026-10-09T04:30:00Z,เนินมะปราง,276,0.0,0.0,0.0,,,True
1791520200,2026-10-09T04:30:00Z,สวรรคโลก,156,0.0,0.0,0.0,,,True
1791520200,2026-10-09T04:30:00Z,ศรีนคร,46,0.0,0.0,0.0,,,True
1791520200,2026-10-09T04:30:00Z,หันคา,139,0.0,0.0,0.0,,,True
1791520200,2026-10-09T04:30:00Z,ศรีสัชนาลัย,534,0.0,0.0,0.0,,,True
1791520200,2026-10-09T04:30:00Z,หนองมะโมง,76,0.0,0.0,0.0,,,True
1791520200,2026-10-09T04:30:00Z,ศรีสำโรง,142,0.0,0.0,0.0,,,True
1791520200,2026-10-09T04:30:00Z,สรรพยา,55,0.0,0.0,0.0,,,True
1791520200,2026-10-09T04:30:00Z,คีรีมาศ,171,0.0,0.0,0.0,,,True
1791520200,2026-10-09T04:30:00Z,สรรคบุรี,89,0.0,0.0,0.0,,,True
1791520200,2026-10-09T04:30:00Z,กงไกรลาศ,108,0.0,0.0,0.0,,,True
1791520200,2026-10-09T04:30:00Z,มโนรมย์,66,0.0,0.0,0.0,,,True
1791520200,2026-10-09T04:30:00Z,เมืองสุโขทัย,136,0.0,0.0,0.0,,,True
1791520200,2026-10-09T04:30:00Z,วัดสิงห์,67,0.0,0.0,0.0,,,True
1791520200,2026-10-09T04:30:00Z,บ้านด่านลานหอย,231,0.0,0.0,0.0,,,True
1791520200,2026-10-09T04:30:00Z,เมืองชัยนาท,70,0.0,0.0,0.0,,,True
1791520200,2026-10-09T04:30:00Z,เนินขาม,65,0.0,0.0,0.0,,,True
1791520200,2026-10-09T04:30:00Z,คอนสาร,334,0.0,0.0,0.0,,,True
1791520200,2026-10-09T04:30:00Z,ภักดีชุมพล,154,0.0,0.0,0.0,,,True
1791520200,2026-10-09T04:30:00Z,บ้านแท่น,76,0.0,0.0,0.0,,,True
1791520200,2026-10-09T04:30:00Z,แก้งคร้อ,168,0.0,0.0,0.0,,,True
1791520200,2026-10-09T04:30:00Z,ภูเขียว,201,0.0,0.0,0.0,,,True
1791520200,2026-10-09T04:30:00Z,หนองบัวระเหว,179,0.0,0.0,0.0,,,True
1791520200,2026-10-09T04:30:00Z,เทพสถิต,239,0.0,0.0,0.0,,,True
1791520200,2026-10-09T04:30:00Z,จัตุรัส,172,0.0,0.0,0.0,,,True
1791520200,2026-10-09T04:30:00Z,บำเหน็จณรงค์,120,0.0,0.0,0.0,,,True
1791520200,2026-10-09T04:30:00Z,เกษตรสมบูรณ์,268,0.0,0.0,0.0,,,True
1791520200,2026-10-09T04:30:00Z,หนองบัวแดง,537,0.0,0.0,0.0,,,True
1791520200,2026-10-09T04:30:00Z,ภูเรือ,168,0.0,0.0,0.0,,,True
1791520200,2026-10-09T04:30:00Z,ท่าลี่,171,0.0,0.0,0.0,,,True
1791520200,2026-10-09T04:30:00Z,วชิรบารมี,68,0.0,0.0,0.0,,,True
1791520200,2026-10-09T04:30:00Z,ด่านซ้าย,341,0.0,0.0,0.0,,,True
1791520200,2026-10-09T04:30:00Z,นาแห้ว,153,0.0,0.0,0.0,,,True
1791520200,2026-10-09T04:30:00Z,บึงนาราง,74,0.0,0.0,0.0,,,True
1791520200,2026-10-09T04:30:00Z,เชียงคาน,213,0.0,0.0,0.0,,,True
1791520200,2026-10-09T04:30:00Z,ดงเจริญ,56,0.0,0.0,0.0,,,True
1791520200,2026-10-09T04:30:00Z,ปากชม,240,0.0,0.0,0.0,,,True
1791520200,2026-10-09T04:30:00Z,เมืองเลย,314,0.0,0.0,0.0,,,True
1791520200,2026-10-09T04:30:00Z,นาด้วง,143,0.0,0.0,0.0,,,True
1791520200,2026-10-09T04:30:00Z,สากเหล็ก,45,0.0,0.0,0.0,,,True
1791520200,2026-10-09T04:30:00Z,สามง่าม,89,0.0,0.0,0.0,,,True
1791520200,2026-10-09T04:30:00Z,ทับคล้อ,104,0.0,0.0,0.0,,,True
1791520200,2026-10-09T04:30:00Z,พรหมพิราม,206,0.0,0.0,0.0,,,True
1791520200,2026-10-09T04:30:00Z,ด่านขุนทด,344,0.0,0.0,0.0,,,True
1791520200,2026-10-09T04:30:00Z,วัดโบสถ์,226,0.0,0.0,0.0,,,True
1791520200,2026-10-09T04:30:00Z,บางระกำ,246,0.0,0.0,0.0,,,True
1791520200,2026-10-09T04:30:00Z,บางกระทุ่ม,91,0.0,0.0,0.0,,,True
1791520200,2026-10-09T04:30:00Z,นครไทย,597,0.0,0.0,0.0,,,True
1791520200,2026-10-09T04:30:00Z,ชาติตระการ,415,0.0,0.0,0.0,,,True
1791520200,2026-10-09T04:30:00Z,บ้านเหลื่อม,55,0.0,0.0,0.0,,,True
1791520200,2026-10-09T04:30:00Z,เมืองพิษณุโลก,178,0.0,0.0,0.0,,,True
1791520200,2026-10-09T04:30:00Z,ชุมแสง,145,0.0,0.0,0.0,,,True
1791520200,2026-10-09T04:30:00Z,หนองบัว,208,0.0,0.0,0.0,,,True
1791520200,2026-10-09T04:30:00Z,เมืองนครสวรรค์,183,0.0,0.0,0.0,,,True
1791520200,2026-10-09T04:30:00Z,โกรกพระ,71,0.0,0.0,0.0,,,True
1791520200,2026-10-09T04:30:00Z,ไพศาลี,244,0.0,0.0,0.0,,,True
1791520200,2026-10-09T04:30:00Z,ตาคลี,206,0.0,0.0,0.0,,,True
1791520200,2026-10-09T04:30:00Z,ท่าตะโก,211,0.0,0.0,0.0,,,True
1791520200,2026-10-09T04:30:00Z,เขาค้อ,207,0.0,0.0,0.0,,,True
1791520200,2026-10-09T04:30:00Z,บรรพตพิสัย,181,0.0,0.0,0.0,,,True
1791520200,2026-10-09T04:30:00Z,เก้าเลี้ยว,57,0.0,0.0,0.0,,,True
1791520200,2026-10-09T04:30:00Z,วังโป่ง,123,0.0,0.0,0.0,,,True
1791520200,2026-10-09T04:30:00Z,บึงสามพัน,194,0.0,0.0,0.0,,,True
1791520200,2026-10-09T04:30:00Z,น้ำหนาว,231,0.0,0.0,0.0,,,True
1791520200,2026-10-09T04:30:00Z,ศรีเทพ,204,0.0,0.0,0.0,,,True
1791520200,2026-10-09T04:30:00Z,หนองไผ่,315,0.0,0.0,0.0,,,True
1791520200,2026-10-09T04:30:00Z,มหาราช,4,0.0,0.0,0.0,,,False
1791520200,2026-10-09T04:30:00Z,บ้านแพรก,10,0.0,0.0,0.0,,,True
1791520200,2026-10-09T04:30:00Z,บางมูลนาก,99,0.0,0.0,0.0,,,True
1791520200,2026-10-09T04:30:00Z,โพทะเล,131,0.0,0.0,0.0,,,True
1791520200,2026-10-09T04:30:00Z,โพธิ์ประทับช้าง,102,0.0,0.0,0.0,,,True
1791520200,2026-10-09T04:30:00Z,ตะพานหิน,109,0.0,0.0,0.0,,,True
1791520200,2026-10-09T04:30:00Z,เมืองพิจิตร,138,0.0,0.0,0.0,,,True
1791520200,2026-10-09T04:30:00Z,วังทรายพูน,66,0.0,0.0,0.0,,,True
1791520200,2026-10-09T04:30:00Z,พิชัย,176,0.0,0.0,0.0,,,True
1791520200,2026-10-09T04:30:00Z,ลับแล,116,0.0,0.0,0.0,,,True
1791520200,2026-10-09T04:30:00Z,ฟากท่า,163,0.0,0.0,0.0,,,True
1791520200,2026-10-09T04:30:00Z,บ้านโคก,247,0.0,0.0,0.0,,,True
1791520200,2026-10-09T04:30:00Z,ท่าปลา,442,0.0,0.0,0.0,,,True
1791520200,2026-10-09T04:30:00Z,น้ำปาด,363,0.0,0.0,0.0,,,True
1791520200,2026-10-09T04:30:00Z,เมืองอุตรดิตถ์,202,0.0,0.0,0.0,,,True
1791520200,2026-10-09T04:30:00Z,ตรอน,80,0.0,0.0,0.0,,,True
1791520200,2026-10-09T04:30:00Z,หล่มเก่า,246,0.0,0.0,0.0,,,True
1791520200,2026-10-09T04:30:00Z,วิเชียรบุรี,377,0.0,0.0,0.0,,,True
1791520200,2026-10-09T04:30:00Z,ชนแดน,279,0.0,0.0,0.0,,,True
1791520200,2026-10-09T04:30:00Z,หล่มสัก,350,0.0,0.0,0.0,,,True
1791520200,2026-10-09T04:30:00Z,เมืองเพชรบูรณ์,571,0.0,0.0,0.0,,,True
1791520200,2026-10-09T04:30:00Z,ทองแสนขัน,185,0.0,0.0,0.0,,,True
1791520200,2026-10-09T04:30:00Z,บึงสามัคคี,71,0.0,0.0,0.0,,,True
1791520200,2026-10-09T04:30:00Z,โกสัมพีนคร,137,0.0,0.0,0.0,,,True
1791520200,2026-10-09T04:30:00Z,สอง,380,0.0,0.0,0.0,,,True
1791520200,2026-10-09T04:30:00Z,วังชิ้น,255,0.0,0.0,0.0,,,True
1791520200,2026-10-09T04:30:00Z,สูงเม่น,88,0.0,0.0,0.0,,,True
1791520200,2026-10-09T04:30:00Z,เด่นชัย,135,0.0,0.0,0.0,,,True
1791520200,2026-10-09T04:30:00Z,ร้องกวาง,221,0.0,0.0,0.0,,,True
1791520200,2026-10-09T04:30:00Z,ลอง,317,0.0,0.0,0.0,,,True
1791520200,2026-10-09T04:30:00Z,เมืองแพร่,205,0.0,0.0,0.0,,,True
1791520200,2026-10-09T04:30:00Z,ทัพทัน,94,0.0,0.0,0.0,,,True
1791520200,2026-10-09T04:30:00Z,สว่างอารมณ์,110,0.0,0.0,0.0,,,True
1791520200,2026-10-09T04:30:00Z,เมืองอุทัยธานี,59,0.0,0.0,0.0,,,True
1791520200,2026-10-09T04:30:00Z,ห้วยคต,94,0.0,0.0,0.0,,,True
1791520200,2026-10-09T04:30:00Z,ศรีสวัสดิ์,440,0.0,0.0,0.0,,,True
1791520200,2026-10-09T04:30:00Z,บ้านไร่,821,0.0,0.0,0.0,,,True
1791520200,2026-10-09T04:30:00Z,ลานสัก,360,0.0,0.0,0.0,,,True
1791520200,2026-10-09T04:30:00Z,หนองฉาง,89,0.0,0.0,0.0,,,True
1791520200,2026-10-09T04:30:00Z,หนองขาหย่าง,43,0.0,0.0,0.0,,,True
1791520200,2026-10-09T04:30:00Z,เชียงม่วน,82,0.0,0.0,0.0,,,True
1791520200,2026-10-09T04:30:00Z,ดอกคำใต้,37,0.0,0.0,0.0,,,True
1791520200,2026-10-09T04:30:00Z,เมืองพะเยา,6,0.0,0.0,0.0,,,True
1791520200,2026-10-09T04:30:00Z,ทองผาภูมิ,851,0.0,0.0,0.0,,,True
1791520200,2026-10-09T04:30:00Z,สังขละบุรี,793,0.0,0.0,0.0,,,True
1791520200,2026-10-09T04:30:00Z,หนองม่วงไข่,35,0.0,0.0,0.0,,,True
1791520200,2026-10-09T04:30:00Z,ภูเวียง,81,0.0,0.0,0.0,,,True
1791520200,2026-10-09T04:30:00Z,มัญจาคีรี,50,0.0,0.0,0.0,,,True
1791520200,2026-10-09T04:30:00Z,หนองปรือ,104,0.0,0.0,0.0,,,True
1791520200,2026-10-09T04:30:00Z,เลาขวัญ,123,0.0,0.0,0.0,,,True
1791520200,2026-10-09T04:30:00Z,หนองนาคำ,43,0.0,0.0,0.0,,,True
1791520200,2026-10-09T04:30:00Z,โคกโพธิ์ไชย,65,0.0,0.0,0.0,,,True
1791520200,2026-10-09T04:30:00Z,บ้านหลวง,91,0.0,0.0,0.0,,,True
1791520200,2026-10-09T04:30:00Z,นาน้อย,266,0.0,0.0,0.0,,,True
1791520200,2026-10-09T04:30:00Z,ภูผาม่าน,74,0.0,0.0,0.0,,,True
1791520200,2026-10-09T04:30:00Z,เมืองน่าน,161,0.0,0.0,0.0,,,True
1791520200,2026-10-09T04:30:00Z,แม่จริม,262,0.0,0.0,0.0,,,True
1791520200,2026-10-09T04:30:00Z,เวียงเก่า,78,0.0,0.0,0.0,,,True
1791520200,2026-10-09T04:30:00Z,เมืองกำแพงเพชร,368,0.0,0.0,0.0,,,True
1791520200,2026-10-09T04:30:00Z,ไทรงาม,133,0.0,0.0,0.0,,,True
1791520200,2026-10-09T04:30:00Z,ปางศิลาทอง,186,0.0,0.0,0.0,,,True
1791520200,2026-10-09T04:30:00Z,ลานกระบือ,103,0.0,0.0,0.0,,,True
1791520200,2026-10-09T04:30:00Z,ทรายทองวัฒนา,53,0.0,0.0,0.0,,,True
1791520200,2026-10-09T04:30:00Z,คลองขลุง,179,0.0,0.0,0.0,,,True
1791520200,2026-10-09T04:30:00Z,พรานกระต่าย,252,0.0,0.0,0.0,,,True
1791520200,2026-10-09T04:30:00Z,คลองลาน,363,0.018,0.592,0.0716,,15,True
1791520200,2026-10-09T04:30:00Z,ขาณุวรลักษบุรี,296,0.0,0.0,0.0,,,True
1791520200,2026-10-09T04:30:00Z,ภูเพียง,113,0.0,0.0,0.0,,,True
1791520200,2026-10-09T04:30:00Z,นาหมื่น,245,0.0,0.0,0.0,,,True
1791520200,2026-10-09T04:30:00Z,เวียงสา,543,0.0,0.0,0.0,,,True
1791520200,2026-10-09T04:30:00Z,น้ำโสม,153,0.0,0.0,0.0,,,True
1791520200,2026-10-09T04:30:00Z,นายูง,126,0.0,0.0,0.0,,,True
1791520200,2026-10-09T04:30:00Z,ชุมแพ,173,0.0,0.0,0.0,,,True
1791520200,2026-10-09T04:30:00Z,สีชมพู,132,0.0,0.0,0.0,,,True
1791520200,2026-10-09T04:30:00Z,สุวรรณคูหา,140,0.0,0.0,0.0,,,True
1791520200,2026-10-09T04:30:00Z,นาวัง,65,0.0,0.0,0.0,,,True
1791520200,2026-10-09T04:30:00Z,หนองเรือ,80,0.0,0.0,0.0,,,True
1791520200,2026-10-09T04:30:00Z,โนนสัง,51,0.0,0.0,0.0,,,True
1791520200,2026-10-09T04:30:00Z,ศรีบุญเรือง,224,0.0,0.0,0.0,,,True
1791520200,2026-10-09T04:30:00Z,เมืองหนองบัวลำภู,217,0.0,0.0,0.0,,,True
1791520200,2026-10-09T04:30:00Z,นากลาง,173,0.0,0.0,0.0,,,True
1791520200,2026-10-09T04:30:00Z,ทุ่งเสลี่ยม,144,0.0,0.0,0.0,,,True
1791520200,2026-10-09T04:30:00Z,ดอยหล่อ,56,0.0,0.0,0.0,,,True
1791520200,2026-10-09T04:30:00Z,เมืองตาก,486,0.0,0.0,0.0,,,True
1791520200,2026-10-09T04:30:00Z,แม่ออน,116,0.0,0.0,0.0,,,True
1791520200,2026-10-09T04:30:00Z,อุ้มผาง,1209,0.009,0.592,0.0513,,30,True
1791520200,2026-10-09T04:30:00Z,วังเจ้า,183,0.0,0.0,0.0,,,True
1791520200,2026-10-09T04:30:00Z,แม่สอด,398,0.0,0.0,0.0,,,True
1791520200,2026-10-09T04:30:00Z,พบพระ,249,0.0,0.0,0.0,,,True
1791520200,2026-10-09T04:30:00Z,แม่ระมาด,380,0.0,0.0,0.0,,,True
1791520200,2026-10-09T04:30:00Z,ท่าสองยาง,401,0.0,0.0,0.0,,,True
1791520200,2026-10-09T04:30:00Z,บ้านตาก,255,0.0,0.0,0.0,,,True
1791520200,2026-10-09T04:30:00Z,สามเงา,698,0.0,0.0,0.0,,,True
1791520200,2026-10-09T04:30:00Z,จอมทอง,280,0.0,0.0,0.0,,,True
1791520200,2026-10-09T04:30:00Z,แก้งสนามนาง,79,0.0,0.0,0.0,,,True
1791520200,2026-10-09T04:30:00Z,สีคิ้ว,292,0.0,0.0,0.0,,,True
1791520200,2026-10-09T04:30:00Z,พระทองคำ,90,0.0,0.0,0.0,,,True
1791520200,2026-10-09T04:30:00Z,เทพารักษ์,92,0.0,0.0,0.0,,,True
1791520200,2026-10-09T04:30:00Z,สันกำแพง,65,0.0,0.0,0.0,,,True
1791520200,2026-10-09T04:30:00Z,สันป่าตอง,44,0.0,0.0,0.0,,,True
1791520200,2026-10-09T04:30:00Z,ดอยเต่า,213,0.0,0.0,0.0,,,True
1791520200,2026-10-09T04:30:00Z,อมก๋อย,704,0.0,0.0,0.0,,,True
1791520200,2026-10-09T04:30:00Z,ฮอด,378,0.0,0.0,0.0,,,True
1791520200,2026-10-09T04:30:00Z,เมืองลำพูน,117,0.0,0.0,0.0,,,True
1791520200,2026-10-09T04:30:00Z,แม่ทา,192,0.0,0.0,0.0,,,True
1791520200,2026-10-09T04:30:00Z,บ้านธิ,34,0.0,0.0,0.0,,,True
1791520200,2026-10-09T04:30:00Z,บ้านหมอ,24,0.0,0.0,0.0,,,True
1791520200,2026-10-09T04:30:00Z,เวียงหนองล่อง,14,0.0,0.0,0.0,,,True
1791520200,2026-10-09T04:30:00Z,ทุ่งหัวช้าง,113,0.0,0.0,0.0,,,True
1791520200,2026-10-09T04:30:00Z,ป่าซาง,74,0.0,0.0,0.0,,,True
1791520200,2026-10-09T04:30:00Z,บ้านโฮ่ง,124,0.0,0.0,0.0,,,True
1791520200,2026-10-09T04:30:00Z,แก่งคอย,73,0.0,0.0,0.0,,,True
1791520200,2026-10-09T04:30:00Z,ลี้,454,0.0,0.0,0.0,,,True
1791520200,2026-10-09T04:30:00Z,พระพุทธบาท,55,0.0,0.0,0.0,,,True
1791520200,2026-10-09T04:30:00Z,ดอนพุด,7,0.0,0.0,0.0,,,True
1791520200,2026-10-09T04:30:00Z,หนองโดน,31,0.0,0.0,0.0,,,True
1791520200,2026-10-09T04:30:00Z,เมืองลำปาง,300,0.0,0.0,0.0,,,True
1791520200,2026-10-09T04:30:00Z,เถิน,443,0.0,0.0,0.0,,,True
1791520200,2026-10-09T04:30:00Z,แม่พริก,167,0.0,0.0,0.0,,,True
1791520200,2026-10-09T04:30:00Z,แจ้ห่ม,274,0.0,0.0,0.0,,,True
1791520200,2026-10-09T04:30:00Z,แม่เปิน,85,0.0,0.0,0.0,,,True
1791520200,2026-10-09T04:30:00Z,เสริมงาม,185,0.0,0.0,0.0,,,True
1791520200,2026-10-09T04:30:00Z,ชุมตาบง,61,0.0,0.0,0.0,,,True
1791520200,2026-10-09T04:30:00Z,งาว,344,0.0,0.0,0.0,,,True
1791520200,2026-10-09T04:30:00Z,ตากฟ้า,125,0.0,0.0,0.0,,,True
1791520200,2026-10-09T04:30:00Z,แม่เมาะ,283,0.0,0.0,0.0,,,True
1791520200,2026-10-09T04:30:00Z,แม่วงก์,257,0.0,0.0,0.0,,,True
1791520200,2026-10-09T04:30:00Z,เกาะคา,128,0.0,0.0,0.0,,,True
1791520200,2026-10-09T04:30:00Z,พยุหะคีรี,169,0.0,0.0,0.0,,,True
1791520200,2026-10-09T04:30:00Z,ลาดยาว,187,0.0,0.0,0.0,,,True
1791520200,2026-10-09T04:30:00Z,สบปราบ,125,0.0,0.0,0.0,,,True
1791520200,2026-10-09T04:30:00Z,ห้างฉัตร,154,0.0,0.0,0.0,,,True
1791520200,2026-10-09T04:30:00Z,แม่ทะ,203,0.0,0.0,0.0,,,True
1791520200,2026-10-09T04:30:00Z,เมืองปาน,202,0.0,0.0,0.0,,,True
1791520200,2026-10-09T04:30:00Z,เมืองอ่างทอง,6,0.0,0.0,0.0,,,True
1791520200,2026-10-09T04:30:00Z,ไชโย,20,0.0,0.0,0.0,,,True
1791520200,2026-10-09T04:30:00Z,สามโก้,10,0.0,0.0,0.0,,,True
1791520200,2026-10-09T04:30:00Z,แสวงหา,43,0.0,0.0,0.0,,,True
1791520200,2026-10-09T04:30:00Z,วิเศษชัยชาญ,7,0.0,0.0,0.0,,,True
1791520200,2026-10-09T04:30:00Z,โพธิ์ทอง,48,0.0,0.0,0.0,,,True
1791520200,2026-10-09T04:30:00Z,เมืองลพบุรี,190,0.0,0.0,0.0,,,True
1791520200,2026-10-09T04:30:00Z,เดิมบางนางบวช,130,0.0,0.0,0.0,,,True
1791520200,2026-10-09T04:30:00Z,ด่านช้าง,309,0.0,0.0,0.0,,,True
1791520200,2026-10-09T04:30:00Z,หนองม่วง,111,0.0,0.0,0.0,,,True
1791520200,2026-10-09T04:30:00Z,ลำสนธิ,136,0.0,0.0,0.0,,,True
1791520200,2026-10-09T04:30:00Z,สามชุก,77,0.0,0.0,0.0,,,True
1791520200,2026-10-09T04:30:00Z,ดอนเจดีย์,72,0.0,0.0,0.0,,,True
1791520200,2026-10-09T04:30:00Z,สระโบสถ์,83,0.0,0.0,0.0,,,True
1791520200,2026-10-09T04:30:00Z,ศรีประจันต์,41,0.0,0.0,0.0,,,True
1791520200,2026-10-09T04:30:00Z,โคกเจริญ,135,0.0,0.0,0.0,,,True
1791520200,2026-10-09T04:30:00Z,บ้านหมี่,136,0.0,0.0,0.0,,,True
1791520200,2026-10-09T04:30:00Z,ท่าหลวง,100,0.0,0.0,0.0,,,True
1791520200,2026-10-09T04:30:00Z,ชัยบาดาล,280,0.0,0.0,0.0,,,True
1791520200,2026-10-09T04:30:00Z,ท่าวุ้ง,64,0.0,0.0,0.0,,,True
1791520200,2026-10-09T04:30:00Z,พัฒนานิคม,217,0.0,0.0,0.0,,,True
1791520200,2026-10-09T04:30:00Z,โคกสำโรง,180,0.0,0.0,0.0,,,True
1791520200,2026-10-09T04:30:00Z,หนองหญ้าไซ,108,0.0,0.0,0.0,,,True
1791520200,2026-10-09T04:30:00Z,ท่าช้าง,11,0.0,0.0,0.0,,,True
1791520200,2026-10-09T04:30:00Z,อินทร์บุรี,66,0.0,0.0,0.0,,,True
1791520200,2026-10-09T04:30:00Z,ค่ายบางระจัน,26,0.0,0.0,0.0,,,True
1791520200,2026-10-09T04:30:00Z,พรหมบุรี,19,0.0,0.0,0.0,,,True
1791520200,2026-10-09T04:30:00Z,เนินสง่า,65,0.0,0.0,0.0,,,True
1791520200,2026-10-09T04:30:00Z,เมืองสิงห์บุรี,31,0.0,0.0,0.0,,,True
1791520200,2026-10-09T04:30:00Z,ซับใหญ่,72,0.0,0.0,0.0,,,True
1791520200,2026-10-09T04:30:00Z,บางระจัน,46,0.0,0.0,0.0,,,True
1791520200,2026-10-09T04:30:00Z,ภูกระดึง,190,0.0,0.0,0.0,,,True
1791520200,2026-10-09T04:30:00Z,ภูหลวง,145,0.0,0.0,0.0,,,True
1791520200,2026-10-09T04:30:00Z,หนองหิน,78,0.0,0.0,0.0,,,True
1791520200,2026-10-09T04:30:00Z,ผาขาว,100,0.0,0.0,0.0,,,True
1791520200,2026-10-09T04:30:00Z,เอราวัณ,87,0.0,0.0,0.0,,,True
1791520200,2026-10-09T04:30:00Z,วังสะพุง,281,0.0,0.0,0.0,,,True
1791520200,2026-10-09T04:30:00Z,วังม่วง,70,0.0,0.0,0.0,,,True
1791520200,2026-10-09T04:30:00Z,เฉลิมพระเกียรติ,35,0.0,0.0,0.0,,,True
1791520200,2026-10-09T04:30:00Z,มวกเหล็ก,175,0.0,0.0,0.0,,,True
1791520200,2026-10-09T04:30:00Z,บ้านเขว้า,124,0.0,0.0,0.0,,,True
1791520200,2026-10-09T04:30:00Z,คอนสวรรค์,113,0.0,0.0,0.0,,,True
1791520200,2026-10-09T04:30:00Z,เมืองชัยภูมิ,358,0.0,0.0,0.0,,,True
1791520200,2026-10-09T04:30:00Z,วังทอง,425,0.0,0.0,0.0,,,True
1791520200,2026-10-09T04:30:00Z,เนินมะปราง,276,0.0,0.0,0.0,,,True
1791520200,2026-10-09T04:30:00Z,สวรรคโลก,156,0.0,0.0,0.0,,,True
1791520200,2026-10-09T04:30:00Z,ศรีนคร,46,0.0,0.0,0.0,,,True
1791520200,2026-10-09T04:30:00Z,หันคา,139,0.0,0.0,0.0,,,True
1791520200,2026-10-09T04:30:00Z,ศรีสัชนาลัย,534,0.0,0.0,0.0,,,True
1791520200,2026-10-09T04:30:00Z,หนองมะโมง,76,0.0,0.0,0.0,,,True
1791520200,2026-10-09T04:30:00Z,ศรีสำโรง,142,0.0,0.0,0.0,,,True
1791520200,2026-10-09T04:30:00Z,สรรพยา,55,0.0,0.0,0.0,,,True
1791520200,2026-10-09T04:30:00Z,คีรีมาศ,171,0.0,0.0,0.0,,,True
1791520200,2026-10-09T04:30:00Z,สรรคบุรี,89,0.0,0.0,0.0,,,True
1791520200,2026-10-09T04:30:00Z,กงไกรลาศ,108,0.0,0.0,0.0,,,True
1791520200,2026-10-09T04:30:00Z,มโนรมย์,66,0.0,0.0,0.0,,,True
1791520200,2026-10-09T04:30:00Z,เมืองสุโขทัย,136,0.0,0.0,0.0,,,True
1791520200,2026-10-09T04:30:00Z,วัดสิงห์,67,0.0,0.0,0.0,,,True
1791520200,2026-10-09T04:30:00Z,บ้านด่านลานหอย,231,0.0,0.0,0.0,,,True
1791520200,2026-10-09T04:30:00Z,เมืองชัยนาท,70,0.0,0.0,0.0,,,True
1791520200,2026-10-09T04:30:00Z,เนินขาม,65,0.0,0.0,0.0,,,True
1791520200,2026-10-09T04:30:00Z,คอนสาร,334,0.0,0.0,0.0,,,True
1791520200,2026-10-09T04:30:00Z,ภักดีชุมพล,154,0.0,0.0,0.0,,,True
1791520200,2026-10-09T04:30:00Z,บ้านแท่น,76,0.0,0.0,0.0,,,True
1791520200,2026-10-09T04:30:00Z,แก้งคร้อ,168,0.0,0.0,0.0,,,True
1791520200,2026-10-09T04:30:00Z,ภูเขียว,201,0.0,0.0,0.0,,,True
1791520200,2026-10-09T04:30:00Z,หนองบัวระเหว,179,0.0,0.0,0.0,,,True
1791520200,2026-10-09T04:30:00Z,เทพสถิต,239,0.0,0.0,0.0,,,True
1791520200,2026-10-09T04:30:00Z,จัตุรัส,172,0.0,0.0,0.0,,,True
1791520200,2026-10-09T04:30:00Z,บำเหน็จณรงค์,120,0.0,0.0,0.0,,,True
1791520200,2026-10-09T04:30:00Z,เกษตรสมบูรณ์,268,0.0,0.0,0.0,,,True
1791520200,2026-10-09T04:30:00Z,หนองบัวแดง,537,0.0,0.0,0.0,,,True
1791520200,2026-10-09T04:30:00Z,ภูเรือ,168,0.0,0.0,0.0,,,True
1791520200,2026-10-09T04:30:00Z,ท่าลี่,171,0.0,0.0,0.0,,,True
1791520200,2026-10-09T04:30:00Z,วชิรบารมี,68,0.0,0.0,0.0,,,True
1791520200,2026-10-09T04:30:00Z,ด่านซ้าย,341,0.0,0.0,0.0,,,True
1791520200,2026-10-09T04:30:00Z,นาแห้ว,153,0.0,0.0,0.0,,,True
1791520200,2026-10-09T04:30:00Z,บึงนาราง,74,0.0,0.0,0.0,,,True
1791520200,2026-10-09T04:30:00Z,เชียงคาน,213,0.0,0.0,0.0,,,True
1791520200,2026-10-09T04:30:00Z,ดงเจริญ,56,0.0,0.0,0.0,,,True
1791520200,2026-10-09T04:30:00Z,ปากชม,240,0.0,0.0,0.0,,,True
1791520200,2026-10-09T04:30:00Z,เมืองเลย,314,0.0,0.0,0.0,,,True
1791520200,2026-10-09T04:30:00Z,นาด้วง,143,0.0,0.0,0.0,,,True
1791520200,2026-10-09T04:30:00Z,สากเหล็ก,45,0.0,0.0,0.0,,,True
1791520200,2026-10-09T04:30:00Z,สามง่าม,89,0.0,0.0,0.0,,,True
1791520200,2026-10-09T04:30:00Z,ทับคล้อ,104,0.0,0.0,0.0,,,True
1791520200,2026-10-09T04:30:00Z,พรหมพิราม,206,0.0,0.0,0.0,,,True
1791520200,2026-10-09T04:30:00Z,ด่านขุนทด,344,0.0,0.0,0.0,,,True
1791520200,2026-10-09T04:30:00Z,วัดโบสถ์,226,0.0,0.0,0.0,,,True
1791520200,2026-10-09T04:30:00Z,บางระกำ,246,0.0,0.0,0.0,,,True
1791520200,2026-10-09T04:30:00Z,บางกระทุ่ม,91,0.0,0.0,0.0,,,True
1791520200,2026-10-09T04:30:00Z,นครไทย,597,0.0,0.0,0.0,,,True
1791520200,2026-10-09T04:30:00Z,ชาติตระการ,415,0.0,0.0,0.0,,,True
1791520200,2026-10-09T04:30:00Z,บ้านเหลื่อม,55,0.0,0.0,0.0,,,True
1791520200,2026-10-09T04:30:00Z,เมืองพิษณุโลก,178,0.0,0.0,0.0,,,True
1791520200,2026-10-09T04:30:00Z,ชุมแสง,145,0.0,0.0,0.0,,,True
1791520200,2026-10-09T04:30:00Z,หนองบัว,208,0.0,0.0,0.0,,,True
1791520200,2026-10-09T04:30:00Z,เมืองนครสวรรค์,183,0.0,0.0,0.0,,,True
1791520200,2026-10-09T04:30:00Z,โกรกพระ,71,0.0,0.0,0.0,,,True
1791520200,2026-10-09T04:30:00Z,ไพศาลี,244,0.0,0.0,0.0,,,True
1791520200,2026-10-09T04:30:00Z,ตาคลี,206,0.0,0.0,0.0,,,True
1791520200,2026-10-09T04:30:00Z,ท่าตะโก,211,0.0,0.0,0.0,,,True
1791520200,2026-10-09T04:30:00Z,เขาค้อ,207,0.0,0.0,0.0,,,True
1791520200,2026-10-09T04:30:00Z,บรรพตพิสัย,181,0.0,0.0,0.0,,,True
1791520200,2026-10-09T04:30:00Z,เก้าเลี้ยว,57,0.0,0.0,0.0,,,True
1791520200,2026-10-09T04:30:00Z,วังโป่ง,123,0.0,0.0,0.0,,,True
1791520200,2026-10-09T04:30:00Z,บึงสามพัน,194,0.0,0.0,0.0,,,True
1791520200,2026-10-09T04:30:00Z,น้ำหนาว,231,0.0,0.0,0.0,,,True
1791520200,2026-10-09T04:30:00Z,ศรีเทพ,204,0.0,0.0,0.0,,,True
1791520200,2026-10-09T04:30:00Z,หนองไผ่,315,0.0,0.0,0.0,,,True
1791520200,2026-10-09T04:30:00Z,มหาราช,4,0.0,0.0,0.0,,,False
1791520200,2026-10-09T04:30:00Z,บ้านแพรก,10,0.0,0.0,0.0,,,True
1791520200,2026-10-09T04:30:00Z,บางมูลนาก,99,0.0,0.0,0.0,,,True
1791520200,2026-10-09T04:30:00Z,โพทะเล,131,0.0,0.0,0.0,,,True
1791520200,2026-10-09T04:30:00Z,โพธิ์ประทับช้าง,102,0.0,0.0,0.0,,,True
1791520200,2026-10-09T04:30:00Z,ตะพานหิน,109,0.0,0.0,0.0,,,True
1791520200,2026-10-09T04:30:00Z,เมืองพิจิตร,138,0.0,0.0,0.0,,,True
1791520200,2026-10-09T04:30:00Z,วังทรายพูน,66,0.0,0.0,0.0,,,True
1791520200,2026-10-09T04:30:00Z,พิชัย,176,0.0,0.0,0.0,,,True
1791520200,2026-10-09T04:30:00Z,ลับแล,116,0.0,0.0,0.0,,,True
1791520200,2026-10-09T04:30:00Z,ฟากท่า,163,0.0,0.0,0.0,,,True
1791520200,2026-10-09T04:30:00Z,บ้านโคก,247,0.0,0.0,0.0,,,True
1791520200,2026-10-09T04:30:00Z,ท่าปลา,442,0.0,0.0,0.0,,,True
1791520200,2026-10-09T04:30:00Z,น้ำปาด,363,0.0,0.0,0.0,,,True
1791520200,2026-10-09T04:30:00Z,เมืองอุตรดิตถ์,202,0.0,0.0,0.0,,,True
1791520200,2026-10-09T04:30:00Z,ตรอน,80,0.0,0.0,0.0,,,True
1791520200,2026-10-09T04:30:00Z,หล่มเก่า,246,0.0,0.0,0.0,,,True
1791520200,2026-10-09T04:30:00Z,วิเชียรบุรี,377,0.0,0.0,0.0,,,True
1791520200,2026-10-09T04:30:00Z,ชนแดน,279,0.0,0.0,0.0,,,True
1791520200,2026-10-09T04:30:00Z,หล่มสัก,350,0.0,0.0,0.0,,,True
1791520200,2026-10-09T04:30:00Z,เมืองเพชรบูรณ์,571,0.0,0.0,0.0,,,True
1791520200,2026-10-09T04:30:00Z,ทองแสนขัน,185,0.0,0.0,0.0,,,True
1791520200,2026-10-09T04:30:00Z,บึงสามัคคี,71,0.0,0.0,0.0,,,True
1791520200,2026-10-09T04:30:00Z,โกสัมพีนคร,137,0.0,0.0,0.0,,,True
1791520200,2026-10-09T04:30:00Z,สอง,380,0.0,0.0,0.0,,,True
1791520200,2026-10-09T04:30:00Z,วังชิ้น,255,0.0,0.0,0.0,,,True
1791520200,2026-10-09T04:30:00Z,สูงเม่น,88,0.0,0.0,0.0,,,True
1791520200,2026-10-09T04:30:00Z,เด่นชัย,135,0.0,0.0,0.0,,,True
1791520200,2026-10-09T04:30:00Z,ร้องกวาง,221,0.0,0.0,0.0,,,True
1791520200,2026-10-09T04:30:00Z,ลอง,317,0.0,0.0,0.0,,,True
1791520200,2026-10-09T04:30:00Z,เมืองแพร่,205,0.0,0.0,0.0,,,True
1791520200,2026-10-09T04:30:00Z,ทัพทัน,94,0.0,0.0,0.0,,,True
1791520200,2026-10-09T04:30:00Z,สว่างอารมณ์,110,0.0,0.0,0.0,,,True
1791520200,2026-10-09T04:30:00Z,เมืองอุทัยธานี,59,0.0,0.0,0.0,,,True
1791520200,2026-10-09T04:30:00Z,ห้วยคต,94,0.0,0.0,0.0,,,True
1791520200,2026-10-09T04:30:00Z,ศรีสวัสดิ์,440,0.0,0.0,0.0,,,True
1791520200,2026-10-09T04:30:00Z,บ้านไร่,821,0.0,0.0,0.0,,,True
1791520200,2026-10-09T04:30:00Z,ลานสัก,360,0.0,0.0,0.0,,,True
1791520200,2026-10-09T04:30:00Z,หนองฉาง,89,0.0,0.0,0.0,,,True
1791520200,2026-10-09T04:30:00Z,หนองขาหย่าง,43,0.0,0.0,0.0,,,True
1791520200,2026-10-09T04:30:00Z,เชียงม่วน,82,0.0,0.0,0.0,,,True
1791520200,2026-10-09T04:30:00Z,ดอกคำใต้,37,0.0,0.0,0.0,,,True
1791520200,2026-10-09T04:30:00Z,เมืองพะเยา,6,0.0,0.0,0.0,,,True
1791520200,2026-10-09T04:30:00Z,ทองผาภูมิ,851,0.0,0.0,0.0,,,True
1791520200,2026-10-09T04:30:00Z,สังขละบุรี,793,0.0,0.0,0.0,,,True
1791520200,2026-10-09T04:30:00Z,หนองม่วงไข่,35,0.0,0.0,0.0,,,True
1791520200,2026-10-09T04:30:00Z,ภูเวียง,81,0.0,0.0,0.0,,,True
1791520200,2026-10-09T04:30:00Z,มัญจาคีรี,50,0.0,0.0,0.0,,,True
1791520200,2026-10-09T04:30:00Z,หนองปรือ,104,0.0,0.0,0.0,,,True
1791520200,2026-10-09T04:30:00Z,เลาขวัญ,123,0.0,0.0,0.0,,,True
1791520200,2026-10-09T04:30:00Z,หนองนาคำ,43,0.0,0.0,0.0,,,True
1791520200,2026-10-09T04:30:00Z,โคกโพธิ์ไชย,65,0.0,0.0,0.0,,,True
1791520200,2026-10-09T04:30:00Z,บ้านหลวง,91,0.0,0.0,0.0,,,True
1791520200,2026-10-09T04:30:00Z,นาน้อย,266,0.0,0.0,0.0,,,True
1791520200,2026-10-09T04:30:00Z,ภูผาม่าน,74,0.0,0.0,0.0,,,True
1791520200,2026-10-09T04:30:00Z,เมืองน่าน,161,0.0,0.0,0.0,,,True
1791520200,2026-10-09T04:30:00Z,แม่จริม,262,0.0,0.0,0.0,,,True
1791520200,2026-10-09T04:30:00Z,เวียงเก่า,78,0.0,0.0,0.0,,,True
1791520200,2026-10-09T04:30:00Z,เมืองกำแพงเพชร,368,0.0,0.0,0.0,,,True
1791520200,2026-10-09T04:30:00Z,ไทรงาม,133,0.0,0.0,0.0,,,True
1791520200,2026-10-09T04:30:00Z,ปางศิลาทอง,186,0.0,0.0,0.0,,,True
1791520200,2026-10-09T04:30:00Z,ลานกระบือ,103,0.0,0.0,0.0,,,True
1791520200,2026-10-09T04:30:00Z,ทรายทองวัฒนา,53,0.0,0.0,0.0,,,True
1791520200,2026-10-09T04:30:00Z,คลองขลุง,179,0.0,0.0,0.0,,,True
1791520200,2026-10-09T04:30:00Z,พรานกระต่าย,252,0.0,0.0,0.0,,,True
1791520200,2026-10-09T04:30:00Z,คลองลาน,363,0.018,0.592,0.0716,,15,True
1791520200,2026-10-09T04:30:00Z,ขาณุวรลักษบุรี,296,0.0,0.0,0.0,,,True
1791520200,2026-10-09T04:30:00Z,ภูเพียง,113,0.0,0.0,0.0,,,True
1791520200,2026-10-09T04:30:00Z,นาหมื่น,245,0.0,0.0,0.0,,,True
1791520200,2026-10-09T04:30:00Z,เวียงสา,543,0.0,0.0,0.0,,,True
1791520200,2026-10-09T04:30:00Z,น้ำโสม,153,0.0,0.0,0.0,,,True
1791520200,2026-10-09T04:30:00Z,นายูง,126,0.0,0.0,0.0,,,True
1791520200,2026-10-09T04:30:00Z,ชุมแพ,173,0.0,0.0,0.0,,,True
1791520200,2026-10-09T04:30:00Z,สีชมพู,132,0.0,0.0,0.0,,,True
1791520200,2026-10-09T04:30:00Z,สุวรรณคูหา,140,0.0,0.0,0.0,,,True
1791520200,2026-10-09T04:30:00Z,นาวัง,65,0.0,0.0,0.0,,,True
1791520200,2026-10-09T04:30:00Z,หนองเรือ,80,0.0,0.0,0.0,,,True
1791520200,2026-10-09T04:30:00Z,โนนสัง,51,0.0,0.0,0.0,,,True
1791520200,2026-10-09T04:30:00Z,ศรีบุญเรือง,224,0.0,0.0,0.0,,,True
1791520200,2026-10-09T04:30:00Z,เมืองหนองบัวลำภู,217,0.0,0.0,0.0,,,True
1791520200,2026-10-09T04:30:00Z,นากลาง,173,0.0,0.0,0.0,,,True
1791520200,2026-10-09T04:30:00Z,ทุ่งเสลี่ยม,144,0.0,0.0,0.0,,,True
1791520200,2026-10-09T04:30:00Z,ดอยหล่อ,56,0.0,0.0,0.0,,,True
1791520200,2026-10-09T04:30:00Z,เมืองตาก,486,0.0,0.0,0.0,,,True
1791520200,2026-10-09T04:30:00Z,แม่ออน,116,0.0,0.0,0.0,,,True
1791520200,2026-10-09T04:30:00Z,อุ้มผาง,1209,0.009,0.592,0.0513,,30,True
1791520200,2026-10-09T04:30:00Z,วังเจ้า,183,0.0,0.0,0.0,,,True
1791520200,2026-10-09T04:30:00Z,แม่สอด,398,0.0,0.0,0.0,,,True
1791520200,2026-10-09T04:30:00Z,พบพระ,249,0.0,0.0,0.0,,,True
1791520200,2026-10-09T04:30:00Z,แม่ระมาด,380,0.0,0.0,0.0,,,True
1791520200,2026-10-09T04:30:00Z,ท่าสองยาง,401,0.0,0.0,0.0,,,True
1791520200,2026-10-09T04:30:00Z,บ้านตาก,255,0.0,0.0,0.0,,,True
1791520200,2026-10-09T04:30:00Z,สามเงา,698,0.0,0.0,0.0,,,True
1791520200,2026-10-09T04:30:00Z,จอมทอง,280,0.0,0.0,0.0,,,True
1791520200,2026-10-09T04:30:00Z,แก้งสนามนาง,79,0.0,0.0,0.0,,,True
1791520200,2026-10-09T04:30:00Z,สีคิ้ว,292,0.0,0.0,0.0,,,True
1791520200,2026-10-09T04:30:00Z,พระทองคำ,90,0.0,0.0,0.0,,,True
1791520200,2026-10-09T04:30:00Z,เทพารักษ์,92,0.0,0.0,0.0,,,True
1791520200,2026-10-09T04:30:00Z,สันกำแพง,65,0.0,0.0,0.0,,,True
1791520200,2026-10-09T04:30:00Z,สันป่าตอง,44,0.0,0.0,0.0,,,True
1791520200,2026-10-09T04:30:00Z,ดอยเต่า,213,0.0,0.0,0.0,,,True
1791520200,2026-10-09T04:30:00Z,อมก๋อย,704,0.0,0.0,0.0,,,True
1791520200,2026-10-09T04:30:00Z,ฮอด,378,0.0,0.0,0.0,,,True
1791520200,2026-10-09T04:30:00Z,เมืองลำพูน,117,0.0,0.0,0.0,,,True
1791520200,2026-10-09T04:30:00Z,แม่ทา,192,0.0,0.0,0.0,,,True
1791520200,2026-10-09T04:30:00Z,บ้านธิ,34,0.0,0.0,0.0,,,True
1791520200,2026-10-09T04:30:00Z,บ้านหมอ,24,0.0,0.0,0.0,,,True
1791520200,2026-10-09T04:30:00Z,เวียงหนองล่อง,14,0.0,0.0,0.0,,,True
1791520200,2026-10-09T04:30:00Z,ทุ่งหัวช้าง,113,0.0,0.0,0.0,,,True
1791520200,2026-10-09T04:30:00Z,ป่าซาง,74,0.0,0.0,0.0,,,True
1791520200,2026-10-09T04:30:00Z,บ้านโฮ่ง,124,0.0,0.0,0.0,,,True
1791520200,2026-10-09T04:30:00Z,แก่งคอย,73,0.0,0.0,0.0,,,True
1791520200,2026-10-09T04:30:00Z,ลี้,454,0.0,0.0,0.0,,,True
1791520200,2026-10-09T04:30:00Z,พระพุทธบาท,55,0.0,0.0,0.0,,,True
1791520200,2026-10-09T04:30:00Z,ดอนพุด,7,0.0,0.0,0.0,,,True
1791520200,2026-10-09T04:30:00Z,หนองโดน,31,0.0,0.0,0.0,,,True
1791520200,2026-10-09T04:30:00Z,เมืองลำปาง,300,0.0,0.0,0.0,,,True
1791520200,2026-10-09T04:30:00Z,เถิน,443,0.0,0.0,0.0,,,True
1791520200,2026-10-09T04:30:00Z,แม่พริก,167,0.0,0.0,0.0,,,True
1791520200,2026-10-09T04:30:00Z,แจ้ห่ม,274,0.0,0.0,0.0,,,True
1791520200,2026-10-09T04:30:00Z,แม่เปิน,85,0.0,0.0,0.0,,,True
1791520200,2026-10-09T04:30:00Z,เสริมงาม,185,0.0,0.0,0.0,,,True
1791520200,2026-10-09T04:30:00Z,ชุมตาบง,61,0.0,0.0,0.0,,,True
1791520200,2026-10-09T04:30:00Z,งาว,344,0.0,0.0,0.0,,,True
1791520200,2026-10-09T04:30:00Z,ตากฟ้า,125,0.0,0.0,0.0,,,True
1791520200,2026-10-09T04:30:00Z,แม่เมาะ,283,0.0,0.0,0.0,,,True
1791520200,2026-10-09T04:30:00Z,แม่วงก์,257,0.0,0.0,0.0,,,True
1791520200,2026-10-09T04:30:00Z,เกาะคา,128,0.0,0.0,0.0,,,True
1791520200,2026-10-09T04:30:00Z,พยุหะคีรี,169,0.0,0.0,0.0,,,True
1791520200,2026-10-09T04:30:00Z,ลาดยาว,187,0.0,0.0,0.0,,,True
1791520200,2026-10-09T04:30:00Z,สบปราบ,125,0.0,0.0,0.0,,,True
1791520200,2026-10-09T04:30:00Z,ห้างฉัตร,154,0.0,0.0,0.0,,,True
1791520200,2026-10-09T04:30:00Z,แม่ทะ,203,0.0,0.0,0.0,,,True
1791520200,2026-10-09T04:30:00Z,เมืองปาน,202,0.0,0.0,0.0,,,True
1791520200,2026-10-09T04:30:00Z,เมืองอ่างทอง,6,0.0,0.0,0.0,,,True
1791520200,2026-10-09T04:30:00Z,ไชโย,20,0.0,0.0,0.0,,,True
1791520200,2026-10-09T04:30:00Z,สามโก้,10,0.0,0.0,0.0,,,True
1791520200,2026-10-09T04:30:00Z,แสวงหา,43,0.0,0.0,0.0,,,True
1791520200,2026-10-09T04:30:00Z,วิเศษชัยชาญ,7,0.0,0.0,0.0,,,True
1791520200,2026-10-09T04:30:00Z,โพธิ์ทอง,48,0.0,0.0,0.0,,,True
1791520200,2026-10-09T04:30:00Z,เมืองลพบุรี,190,0.0,0.0,0.0,,,True
1791520200,2026-10-09T04:30:00Z,เดิมบางนางบวช,130,0.0,0.0,0.0,,,True
1791520200,2026-10-09T04:30:00Z,ด่านช้าง,309,0.0,0.0,0.0,,,True
1791520200,2026-10-09T04:30:00Z,หนองม่วง,111,0.0,0.0,0.0,,,True
1791520200,2026-10-09T04:30:00Z,ลำสนธิ,136,0.0,0.0,0.0,,,True
1791520200,2026-10-09T04:30:00Z,สามชุก,77,0.0,0.0,0.0,,,True
1791520200,2026-10-09T04:30:00Z,ดอนเจดีย์,72,0.0,0.0,0.0,,,True
1791520200,2026-10-09T04:30:00Z,สระโบสถ์,83,0.0,0.0,0.0,,,True
1791520200,2026-10-09T04:30:00Z,ศรีประจันต์,41,0.0,0.0,0.0,,,True
1791520200,2026-10-09T04:30:00Z,โคกเจริญ,135,0.0,0.0,0.0,,,True
1791520200,2026-10-09T04:30:00Z,บ้านหมี่,136,0.0,0.0,0.0,,,True
1791520200,2026-10-09T04:30:00Z,ท่าหลวง,100,0.0,0.0,0.0,,,True
1791520200,2026-10-09T04:30:00Z,ชัยบาดาล,280,0.0,0.0,0.0,,,True
1791520200,2026-10-09T04:30:00Z,ท่าวุ้ง,64,0.0,0.0,0.0,,,True
1791520200,2026-10-09T04:30:00Z,พัฒนานิคม,217,0.0,0.0,0.0,,,True
1791520200,2026-10-09T04:30:00Z,โคกสำโรง,180,0.0,0.0,0.0,,,True
1791520200,2026-10-09T04:30:00Z,หนองหญ้าไซ,108,0.0,0.0,0.0,,,True
1791520200,2026-10-09T04:30:00Z,ท่าช้าง,11,0.0,0.0,0.0,,,True
1791520200,2026-10-09T04:30:00Z,อินทร์บุรี,66,0.0,0.0,0.0,,,True
1791520200,2026-10-09T04:30:00Z,ค่ายบางระจัน,26,0.0,0.0,0.0,,,True
1791520200,2026-10-09T04:30:00Z,พรหมบุรี,19,0.0,0.0,0.0,,,True
1791520200,2026-10-09T04:30:00Z,เนินสง่า,65,0.0,0.0,0.0,,,True
1791520200,2026-10-09T04:30:00Z,เมืองสิงห์บุรี,31,0.0,0.0,0.0,,,True
1791520200,2026-10-09T04:30:00Z,ซับใหญ่,72,0.0,0.0,0.0,,,True
1791520200,2026-10-09T04:30:00Z,บางระจัน,46,0.0,0.0,0.0,,,True
1791520200,2026-10-09T04:30:00Z,ภูกระดึง,190,0.0,0.0,0.0,,,True
1791520200,2026-10-09T04:30:00Z,ภูหลวง,145,0.0,0.0,0.0,,,True
1791520200,2026-10-09T04:30:00Z,หนองหิน,78,0.0,0.0,0.0,,,True
1791520200,2026-10-09T04:30:00Z,ผาขาว,100,0.0,0.0,0.0,,,True
1791520200,2026-10-09T04:30:00Z,เอราวัณ,87,0.0,0.0,0.0,,,True
1791520200,2026-10-09T04:30:00Z,วังสะพุง,281,0.0,0.0,0.0,,,True
1791520200,2026-10-09T04:30:00Z,วังม่วง,70,0.0,0.0,0.0,,,True
1791520200,2026-10-09T04:30:00Z,เฉลิมพระเกียรติ,35,0.0,0.0,0.0,,,True
1791520200,2026-10-09T04:30:00Z,มวกเหล็ก,175,0.0,0.0,0.0,,,True
1791520200,2026-10-09T04:30:00Z,บ้านเขว้า,124,0.0,0.0,0.0,,,True
1791520200,2026-10-09T04:30:00Z,คอนสวรรค์,113,0.0,0.0,0.0,,,True
1791520200,2026-10-09T04:30:00Z,เมืองชัยภูมิ,358,0.0,0.0,0.0,,,True
1791520200,2026-10-09T04:30:00Z,วังทอง,425,0.0,0.0,0.0,,,True
1791520200,2026-10-09T04:30:00Z,เนินมะปราง,276,0.0,0.0,0.0,,,True
1791520200,2026-10-09T04:30:00Z,สวรรคโลก,156,0.0,0.0,0.0,,,True
1791520200,2026-10-09T04:30:00Z,ศรีนคร,46,0.0,0.0,0.0,,,True
1791520200,2026-10-09T04:30:00Z,หันคา,139,0.0,0.0,0.0,,,True
1791520200,2026-10-09T04:30:00Z,ศรีสัชนาลัย,534,0.0,0.0,0.0,,,True
1791520200,2026-10-09T04:30:00Z,หนองมะโมง,76,0.0,0.0,0.0,,,True
1791520200,2026-10-09T04:30:00Z,ศรีสำโรง,142,0.0,0.0,0.0,,,True
1791520200,2026-10-09T04:30:00Z,สรรพยา,55,0.0,0.0,0.0,,,True
1791520200,2026-10-09T04:30:00Z,คีรีมาศ,171,0.0,0.0,0.0,,,True
1791520200,2026-10-09T04:30:00Z,สรรคบุรี,89,0.0,0.0,0.0,,,True
1791520200,2026-10-09T04:30:00Z,กงไกรลาศ,108,0.0,0.0,0.0,,,True
1791520200,2026-10-09T04:30:00Z,มโนรมย์,66,0.0,0.0,0.0,,,True
1791520200,2026-10-09T04:30:00Z,เมืองสุโขทัย,136,0.0,0.0,0.0,,,True
1791520200,2026-10-09T04:30:00Z,วัดสิงห์,67,0.0,0.0,0.0,,,True
1791520200,2026-10-09T04:30:00Z,บ้านด่านลานหอย,231,0.0,0.0,0.0,,,True
1791520200,2026-10-09T04:30:00Z,เมืองชัยนาท,70,0.0,0.0,0.0,,,True
1791520200,2026-10-09T04:30:00Z,เนินขาม,65,0.0,0.0,0.0,,,True
1791520200,2026-10-09T04:30:00Z,คอนสาร,334,0.0,0.0,0.0,,,True
1791520200,2026-10-09T04:30:00Z,ภักดีชุมพล,154,0.0,0.0,0.0,,,True
1791520200,2026-10-09T04:30:00Z,บ้านแท่น,76,0.0,0.0,0.0,,,True
1791520200,2026-10-09T04:30:00Z,แก้งคร้อ,168,0.0,0.0,0.0,,,True
1791520200,2026-10-09T04:30:00Z,ภูเขียว,201,0.0,0.0,0.0,,,True
1791520200,2026-10-09T04:30:00Z,หนองบัวระเหว,179,0.0,0.0,0.0,,,True
1791520200,2026-10-09T04:30:00Z,เทพสถิต,239,0.0,0.0,0.0,,,True
1791520200,2026-10-09T04:30:00Z,จัตุรัส,172,0.0,0.0,0.0,,,True
1791520200,2026-10-09T04:30:00Z,บำเหน็จณรงค์,120,0.0,0.0,0.0,,,True
1791520200,2026-10-09T04:30:00Z,เกษตรสมบูรณ์,268,0.0,0.0,0.0,,,True
1791520200,2026-10-09T04:30:00Z,หนองบัวแดง,537,0.0,0.0,0.0,,,True
1791520200,2026-10-09T04:30:00Z,ภูเรือ,168,0.0,0.0,0.0,,,True
1791520200,2026-10-09T04:30:00Z,ท่าลี่,171,0.0,0.0,0.0,,,True
1791520200,2026-10-09T04:30:00Z,วชิรบารมี,68,0.0,0.0,0.0,,,True
1791520200,2026-10-09T04:30:00Z,ด่านซ้าย,341,0.0,0.0,0.0,,,True
1791520200,2026-10-09T04:30:00Z,นาแห้ว,153,0.0,0.0,0.0,,,True
1791520200,2026-10-09T04:30:00Z,บึงนาราง,74,0.0,0.0,0.0,,,True
1791520200,2026-10-09T04:30:00Z,เชียงคาน,213,0.0,0.0,0.0,,,True
1791520200,2026-10-09T04:30:00Z,ดงเจริญ,56,0.0,0.0,0.0,,,True
1791520200,2026-10-09T04:30:00Z,ปากชม,240,0.0,0.0,0.0,,,True
1791520200,2026-10-09T04:30:00Z,เมืองเลย,314,0.0,0.0,0.0,,,True
1791520200,2026-10-09T04:30:00Z,นาด้วง,143,0.0,0.0,0.0,,,True
1791520200,2026-10-09T04:30:00Z,สากเหล็ก,45,0.0,0.0,0.0,,,True
1791520200,2026-10-09T04:30:00Z,สามง่าม,89,0.0,0.0,0.0,,,True
1791520200,2026-10-09T04:30:00Z,ทับคล้อ,104,0.0,0.0,0.0,,,True
1791520200,2026-10-09T04:30:00Z,พรหมพิราม,206,0.0,0.0,0.0,,,True
1791520200,2026-10-09T04:30:00Z,ด่านขุนทด,344,0.0,0.0,0.0,,,True
1791520200,2026-10-09T04:30:00Z,วัดโบสถ์,226,0.0,0.0,0.0,,,True
1791520200,2026-10-09T04:30:00Z,บางระกำ,246,0.0,0.0,0.0,,,True
1791520200,2026-10-09T04:30:00Z,บางกระทุ่ม,91,0.0,0.0,0.0,,,True
1791520200,2026-10-09T04:30:00Z,นครไทย,597,0.0,0.0,0.0,,,True
1791520200,2026-10-09T04:30:00Z,ชาติตระการ,415,0.0,0.0,0.0,,,True
1791520200,2026-10-09T04:30:00Z,บ้านเหลื่อม,55,0.0,0.0,0.0,,,True
1791520200,2026-10-09T04:30:00Z,เมืองพิษณุโลก,178,0.0,0.0,0.0,,,True
1791520200,2026-10-09T04:30:00Z,ชุมแสง,145,0.0,0.0,0.0,,,True
1791520200,2026-10-09T04:30:00Z,หนองบัว,208,0.0,0.0,0.0,,,True
1791520200,2026-10-09T04:30:00Z,เมืองนครสวรรค์,183,0.0,0.0,0.0,,,True
1791520200,2026-10-09T04:30:00Z,โกรกพระ,71,0.0,0.0,0.0,,,True
1791520200,2026-10-09T04:30:00Z,ไพศาลี,244,0.0,0.0,0.0,,,True
1791520200,2026-10-09T04:30:00Z,ตาคลี,206,0.0,0.0,0.0,,,True
1791520200,2026-10-09T04:30:00Z,ท่าตะโก,211,0.0,0.0,0.0,,,True
1791520200,2026-10-09T04:30:00Z,เขาค้อ,207,0.0,0.0,0.0,,,True
1791520200,2026-10-09T04:30:00Z,บรรพตพิสัย,181,0.0,0.0,0.0,,,True
1791520200,2026-10-09T04:30:00Z,เก้าเลี้ยว,57,0.0,0.0,0.0,,,True
1791520200,2026-10-09T04:30:00Z,วังโป่ง,123,0.0,0.0,0.0,,,True
1791520200,2026-10-09T04:30:00Z,บึงสามพัน,194,0.0,0.0,0.0,,,True
1791520200,2026-10-09T04:30:00Z,น้ำหนาว,231,0.0,0.0,0.0,,,True
1791520200,2026-10-09T04:30:00Z,ศรีเทพ,204,0.0,0.0,0.0,,,True
1791520200,2026-10-09T04:30:00Z,หนองไผ่,315,0.0,0.0,0.0,,,True
1791520200,2026-10-09T04:30:00Z,มหาราช,4,0.0,0.0,0.0,,,False
1791520200,2026-10-09T04:30:00Z,บ้านแพรก,10,0.0,0.0,0.0,,,True
1791520200,2026-10-09T04:30:00Z,บางมูลนาก,99,0.0,0.0,0.0,,,True
1791520200,2026-10-09T04:30:00Z,โพทะเล,131,0.0,0.0,0.0,,,True
1791520200,2026-10-09T04:30:00Z,โพธิ์ประทับช้าง,102,0.0,0.0,0.0,,,True
1791520200,2026-10-09T04:30:00Z,ตะพานหิน,109,0.0,0.0,0.0,,,True
1791520200,2026-10-09T04:30:00Z,เมืองพิจิตร,138,0.0,0.0,0.0,,,True
1791520200,2026-10-09T04:30:00Z,วังทรายพูน,66,0.0,0.0,0.0,,,True
1791520200,2026-10-09T04:30:00Z,พิชัย,176,0.0,0.0,0.0,,,True
1791520200,2026-10-09T04:30:00Z,ลับแล,116,0.0,0.0,0.0,,,True
1791520200,2026-10-09T04:30:00Z,ฟากท่า,163,0.0,0.0,0.0,,,True
1791520200,2026-10-09T04:30:00Z,บ้านโคก,247,0.0,0.0,0.0,,,True
1791520200,2026-10-09T04:30:00Z,ท่าปลา,442,0.0,0.0,0.0,,,True
1791520200,2026-10-09T04:30:00Z,น้ำปาด,363,0.0,0.0,0.0,,,True
1791520200,2026-10-09T04:30:00Z,เมืองอุตรดิตถ์,202,0.0,0.0,0.0,,,True
1791520200,2026-10-09T04:30:00Z,ตรอน,80,0.0,0.0,0.0,,,True
1791520200,2026-10-09T04:30:00Z,หล่มเก่า,246,0.0,0.0,0.0,,,True
1791520200,2026-10-09T04:30:00Z,วิเชียรบุรี,377,0.0,0.0,0.0,,,True
1791520200,2026-10-09T04:30:00Z,ชนแดน,279,0.0,0.0,0.0,,,True
1791520200,2026-10-09T04:30:00Z,หล่มสัก,350,0.0,0.0,0.0,,,True
1791520200,2026-10-09T04:30:00Z,เมืองเพชรบูรณ์,571,0.0,0.0,0.0,,,True
1791520200,2026-10-09T04:30:00Z,ทองแสนขัน,185,0.0,0.0,0.0,,,True
1791520200,2026-10-09T04:30:00Z,บึงสามัคคี,71,0.0,0.0,0.0,,,True
1791520200,2026-10-09T04:30:00Z,โกสัมพีนคร,137,0.0,0.0,0.0,,,True
1791520200,2026-10-09T04:30:00Z,สอง,380,0.0,0.0,0.0,,,True
1791520200,2026-10-09T04:30:00Z,วังชิ้น,255,0.0,0.0,0.0,,,True
1791520200,2026-10-09T04:30:00Z,สูงเม่น,88,0.0,0.0,0.0,,,True
1791520200,2026-10-09T04:30:00Z,เด่นชัย,135,0.0,0.0,0.0,,,True
1791520200,2026-10-09T04:30:00Z,ร้องกวาง,221,0.0,0.0,0.0,,,True
1791520200,2026-10-09T04:30:00Z,ลอง,317,0.0,0.0,0.0,,,True
1791520200,2026-10-09T04:30:00Z,เมืองแพร่,205,0.0,0.0,0.0,,,True
1791520200,2026-10-09T04:30:00Z,ทัพทัน,94,0.0,0.0,0.0,,,True
1791520200,2026-10-09T04:30:00Z,สว่างอารมณ์,110,0.0,0.0,0.0,,,True
1791520200,2026-10-09T04:30:00Z,เมืองอุทัยธานี,59,0.0,0.0,0.0,,,True
1791520200,2026-10-09T04:30:00Z,ห้วยคต,94,0.0,0.0,0.0,,,True
1791520200,2026-10-09T04:30:00Z,ศรีสวัสดิ์,440,0.0,0.0,0.0,,,True
1791520200,2026-10-09T04:30:00Z,บ้านไร่,821,0.0,0.0,0.0,,,True
1791520200,2026-10-09T04:30:00Z,ลานสัก,360,0.0,0.0,0.0,,,True
1791520200,2026-10-09T04:30:00Z,หนองฉาง,89,0.0,0.0,0.0,,,True
1791520200,2026-10-09T04:30:00Z,หนองขาหย่าง,43,0.0,0.0,0.0,,,True
1791520200,2026-10-09T04:30:00Z,เชียงม่วน,82,0.0,0.0,0.0,,,True
1791520200,2026-10-09T04:30:00Z,ดอกคำใต้,37,0.0,0.0,0.0,,,True
1791520200,2026-10-09T04:30:00Z,เมืองพะเยา,6,0.0,0.0,0.0,,,True
1791520200,2026-10-09T04:30:00Z,ทองผาภูมิ,851,0.0,0.0,0.0,,,True
1791520200,2026-10-09T04:30:00Z,สังขละบุรี,793,0.0,0.0,0.0,,,True
1791520200,2026-10-09T04:30:00Z,หนองม่วงไข่,35,0.0,0.0,0.0,,,True
1791520200,2026-10-09T04:30:00Z,ภูเวียง,81,0.0,0.0,0.0,,,True
1791520200,2026-10-09T04:30:00Z,มัญจาคีรี,50,0.0,0.0,0.0,,,True
1791520200,2026-10-09T04:30:00Z,หนองปรือ,104,0.0,0.0,0.0,,,True
1791520200,2026-10-09T04:30:00Z,เลาขวัญ,123,0.0,0.0,0.0,,,True
1791520200,2026-10-09T04:30:00Z,หนองนาคำ,43,0.0,0.0,0.0,,,True
1791520200,2026-10-09T04:30:00Z,โคกโพธิ์ไชย,65,0.0,0.0,0.0,,,True
1791520200,2026-10-09T04:30:00Z,บ้านหลวง,91,0.0,0.0,0.0,,,True
1791520200,2026-10-09T04:30:00Z,นาน้อย,266,0.0,0.0,0.0,,,True
1791520200,2026-10-09T04:30:00Z,ภูผาม่าน,74,0.0,0.0,0.0,,,True
1791520200,2026-10-09T04:30:00Z,เมืองน่าน,161,0.0,0.0,0.0,,,True
1791520200,2026-10-09T04:30:00Z,แม่จริม,262,0.0,0.0,0.0,,,True
1791520200,2026-10-09T04:30:00Z,เวียงเก่า,78,0.0,0.0,0.0,,,True
1791520200,2026-10-09T04:30:00Z,เมืองกำแพงเพชร,368,0.0,0.0,0.0,,,True
1791520200,2026-10-09T04:30:00Z,ไทรงาม,133,0.0,0.0,0.0,,,True
1791520200,2026-10-09T04:30:00Z,ปางศิลาทอง,186,0.0,0.0,0.0,,,True
1791520200,2026-10-09T04:30:00Z,ลานกระบือ,103,0.0,0.0,0.0,,,True
1791520200,2026-10-09T04:30:00Z,ทรายทองวัฒนา,53,0.0,0.0,0.0,,,True
1791520200,2026-10-09T04:30:00Z,คลองขลุง,179,0.0,0.0,0.0,,,True
1791520200,2026-10-09T04:30:00Z,พรานกระต่าย,252,0.0,0.0,0.0,,,True
1791520200,2026-10-09T04:30:00Z,คลองลาน,363,0.018,0.592,0.0716,,15,True
1791520200,2026-10-09T04:30:00Z,ขาณุวรลักษบุรี,296,0.0,0.0,0.0,,,True
1791520200,2026-10-09T04:30:00Z,ภูเพียง,113,0.0,0.0,0.0,,,True
1791520200,2026-10-09T04:30:00Z,นาหมื่น,245,0.0,0.0,0.0,,,True
1791520200,2026-10-09T04:30:00Z,เวียงสา,543,0.0,0.0,0.0,,,True
1791520200,2026-10-09T04:30:00Z,น้ำโสม,153,0.0,0.0,0.0,,,True
1791520200,2026-10-09T04:30:00Z,นายูง,126,0.0,0.0,0.0,,,True
1791520200,2026-10-09T04:30:00Z,ชุมแพ,173,0.0,0.0,0.0,,,True
1791520200,2026-10-09T04:30:00Z,สีชมพู,132,0.0,0.0,0.0,,,True
1791520200,2026-10-09T04:30:00Z,สุวรรณคูหา,140,0.0,0.0,0.0,,,True
1791520200,2026-10-09T04:30:00Z,นาวัง,65,0.0,0.0,0.0,,,True
1791520200,2026-10-09T04:30:00Z,หนองเรือ,80,0.0,0.0,0.0,,,True
1791520200,2026-10-09T04:30:00Z,โนนสัง,51,0.0,0.0,0.0,,,True
1791520200,2026-10-09T04:30:00Z,ศรีบุญเรือง,224,0.0,0.0,0.0,,,True
1791520200,2026-10-09T04:30:00Z,เมืองหนองบัวลำภู,217,0.0,0.0,0.0,,,True
1791520200,2026-10-09T04:30:00Z,นากลาง,173,0.0,0.0,0.0,,,True
1791520200,2026-10-09T04:30:00Z,ทุ่งเสลี่ยม,144,0.0,0.0,0.0,,,True
1791520200,2026-10-09T04:30:00Z,ดอยหล่อ,56,0.0,0.0,0.0,,,True
1791520200,2026-10-09T04:30:00Z,เมืองตาก,486,0.0,0.0,0.0,,,True
1791520200,2026-10-09T04:30:00Z,แม่ออน,116,0.0,0.0,0.0,,,True
1791520200,2026-10-09T04:30:00Z,อุ้มผาง,1209,0.009,0.592,0.0513,,30,True
1791520200,2026-10-09T04:30:00Z,วังเจ้า,183,0.0,0.0,0.0,,,True
1791520200,2026-10-09T04:30:00Z,แม่สอด,398,0.0,0.0,0.0,,,True
1791520200,2026-10-09T04:30:00Z,พบพระ,249,0.0,0.0,0.0,,,True
1791520200,2026-10-09T04:30:00Z,แม่ระมาด,380,0.0,0.0,0.0,,,True
1791520200,2026-10-09T04:30:00Z,ท่าสองยาง,401,0.0,0.0,0.0,,,True
1791520200,2026-10-09T04:30:00Z,บ้านตาก,255,0.0,0.0,0.0,,,True
1791520200,2026-10-09T04:30:00Z,สามเงา,698,0.0,0.0,0.0,,,True
1791520200,2026-10-09T04:30:00Z,จอมทอง,280,0.0,0.0,0.0,,,True
1791520200,2026-10-09T04:30:00Z,แก้งสนามนาง,79,0.0,0.0,0.0,,,True
1791520200,2026-10-09T04:30:00Z,สีคิ้ว,292,0.0,0.0,0.0,,,True
1791520200,2026-10-09T04:30:00Z,พระทองคำ,90,0.0,0.0,0.0,,,True
1791520200,2026-10-09T04:30:00Z,เทพารักษ์,92,0.0,0.0,0.0,,,True
1791520200,2026-10-09T04:30:00Z,สันกำแพง,65,0.0,0.0,0.0,,,True
1791520200,2026-10-09T04:30:00Z,สันป่าตอง,44,0.0,0.0,0.0,,,True
1791520200,2026-10-09T04:30:00Z,ดอยเต่า,213,0.0,0.0,0.0,,,True
1791520200,2026-10-09T04:30:00Z,อมก๋อย,704,0.0,0.0,0.0,,,True
1791520200,2026-10-09T04:30:00Z,ฮอด,378,0.0,0.0,0.0,,,True
1791520200,2026-10-09T04:30:00Z,เมืองลำพูน,117,0.0,0.0,0.0,,,True
1791520200,2026-10-09T04:30:00Z,แม่ทา,192,0.0,0.0,0.0,,,True
1791520200,2026-10-09T04:30:00Z,บ้านธิ,34,0.0,0.0,0.0,,,True
1791520200,2026-10-09T04:30:00Z,บ้านหมอ,24,0.0,0.0,0.0,,,True
1791520200,2026-10-09T04:30:00Z,เวียงหนองล่อง,14,0.0,0.0,0.0,,,True
1791520200,2026-10-09T04:30:00Z,ทุ่งหัวช้าง,113,0.0,0.0,0.0,,,True
1791520200,2026-10-09T04:30:00Z,ป่าซาง,74,0.0,0.0,0.0,,,True
1791520200,2026-10-09T04:30:00Z,บ้านโฮ่ง,124,0.0,0.0,0.0,,,True
1791520200,2026-10-09T04:30:00Z,แก่งคอย,73,0.0,0.0,0.0,,,True
1791520200,2026-10-09T04:30:00Z,ลี้,454,0.0,0.0,0.0,,,True
1791520200,2026-10-09T04:30:00Z,พระพุทธบาท,55,0.0,0.0,0.0,,,True
1791520200,2026-10-09T04:30:00Z,ดอนพุด,7,0.0,0.0,0.0,,,True
1791520200,2026-10-09T04:30:00Z,หนองโดน,31,0.0,0.0,0.0,,,True
1791520200,2026-10-09T04:30:00Z,เมืองลำปาง,300,0.0,0.0,0.0,,,True
1791520200,2026-10-09T04:30:00Z,เถิน,443,0.0,0.0,0.0,,,True
1791520200,2026-10-09T04:30:00Z,แม่พริก,167,0.0,0.0,0.0,,,True
1791520200,2026-10-09T04:30:00Z,แจ้ห่ม,274,0.0,0.0,0.0,,,True
1791520200,2026-10-09T04:30:00Z,แม่เปิน,85,0.0,0.0,0.0,,,True
1791520200,2026-10-09T04:30:00Z,เสริมงาม,185,0.0,0.0,0.0,,,True
1791520200,2026-10-09T04:30:00Z,ชุมตาบง,61,0.0,0.0,0.0,,,True
1791520200,2026-10-09T04:30:00Z,งาว,344,0.0,0.0,0.0,,,True
1791520200,2026-10-09T04:30:00Z,ตากฟ้า,125,0.0,0.0,0.0,,,True
1791520200,2026-10-09T04:30:00Z,แม่เมาะ,283,0.0,0.0,0.0,,,True
1791520200,2026-10-09T04:30:00Z,แม่วงก์,257,0.0,0.0,0.0,,,True
1791520200,2026-10-09T04:30:00Z,เกาะคา,128,0.0,0.0,0.0,,,True
1791520200,2026-10-09T04:30:00Z,พยุหะคีรี,169,0.0,0.0,0.0,,,True
1791520200,2026-10-09T04:30:00Z,ลาดยาว,187,0.0,0.0,0.0,,,True
1791520200,2026-10-09T04:30:00Z,สบปราบ,125,0.0,0.0,0.0,,,True
1791520200,2026-10-09T04:30:00Z,ห้างฉัตร,154,0.0,0.0,0.0,,,True
1791520200,2026-10-09T04:30:00Z,แม่ทะ,203,0.0,0.0,0.0,,,True
1791520200,2026-10-09T04:30:00Z,เมืองปาน,202,0.0,0.0,0.0,,,True
1791520200,2026-10-09T04:30:00Z,เมืองอ่างทอง,6,0.0,0.0,0.0,,,True
1791520200,2026-10-09T04:30:00Z,ไชโย,20,0.0,0.0,0.0,,,True
1791520200,2026-10-09T04:30:00Z,สามโก้,10,0.0,0.0,0.0,,,True
1791520200,2026-10-09T04:30:00Z,แสวงหา,43,0.0,0.0,0.0,,,True
1791520200,2026-10-09T04:30:00Z,วิเศษชัยชาญ,7,0.0,0.0,0.0,,,True
1791520200,2026-10-09T04:30:00Z,โพธิ์ทอง,48,0.0,0.0,0.0,,,True
1791520200,2026-10-09T04:30:00Z,เมืองลพบุรี,190,0.0,0.0,0.0,,,True
1791520200,2026-10-09T04:30:00Z,เดิมบางนางบวช,130,0.0,0.0,0.0,,,True
1791520200,2026-10-09T04:30:00Z,ด่านช้าง,309,0.0,0.0,0.0,,,True
1791520200,2026-10-09T04:30:00Z,หนองม่วง,111,0.0,0.0,0.0,,,True
1791520200,2026-10-09T04:30:00Z,ลำสนธิ,136,0.0,0.0,0.0,,,True
1791520200,2026-10-09T04:30:00Z,สามชุก,77,0.0,0.0,0.0,,,True
1791520200,2026-10-09T04:30:00Z,ดอนเจดีย์,72,0.0,0.0,0.0,,,True
1791520200,2026-10-09T04:30:00Z,สระโบสถ์,83,0.0,0.0,0.0,,,True
1791520200,2026-10-09T04:30:00Z,ศรีประจันต์,41,0.0,0.0,0.0,,,True
1791520200,2026-10-09T04:30:00Z,โคกเจริญ,135,0.0,0.0,0.0,,,True
1791520200,2026-10-09T04:30:00Z,บ้านหมี่,136,0.0,0.0,0.0,,,True
1791520200,2026-10-09T04:30:00Z,ท่าหลวง,100,0.0,0.0,0.0,,,True
1791520200,2026-10-09T04:30:00Z,ชัยบาดาล,280,0.0,0.0,0.0,,,True
1791520200,2026-10-09T04:30:00Z,ท่าวุ้ง,64,0.0,0.0,0.0,,,True
1791520200,2026-10-09T04:30:00Z,พัฒนานิคม,217,0.0,0.0,0.0,,,True
1791520200,2026-10-09T04:30:00Z,โคกสำโรง,180,0.0,0.0,0.0,,,True
1791520200,2026-10-09T04:30:00Z,หนองหญ้าไซ,108,0.0,0.0,0.0,,,True
1791520200,2026-10-09T04:30:00Z,ท่าช้าง,11,0.0,0.0,0.0,,,True
1791520200,2026-10-09T04:30:00Z,อินทร์บุรี,66,0.0,0.0,0.0,,,True
1791520200,2026-10-09T04:30:00Z,ค่ายบางระจัน,26,0.0,0.0,0.0,,,True
1791520200,2026-10-09T04:30:00Z,พรหมบุรี,19,0.0,0.0,0.0,,,True
1791520200,2026-10-09T04:30:00Z,เนินสง่า,65,0.0,0.0,0.0,,,True
1791520200,2026-10-09T04:30:00Z,เมืองสิงห์บุรี,31,0.0,0.0,0.0,,,True
1791520200,2026-10-09T04:30:00Z,ซับใหญ่,72,0.0,0.0,0.0,,,True
1791520200,2026-10-09T04:30:00Z,บางระจัน,46,0.0,0.0,0.0,,,True
1791520200,2026-10-09T04:30:00Z,ภูกระดึง,190,0.0,0.0,0.0,,,True
1791520200,2026-10-09T04:30:00Z,ภูหลวง,145,0.0,0.0,0.0,,,True
1791520200,2026-10-09T04:30:00Z,หนองหิน,78,0.0,0.0,0.0,,,True
1791520200,2026-10-09T04:30:00Z,ผาขาว,100,0.0,0.0,0.0,,,True
1791520200,2026-10-09T04:30:00Z,เอราวัณ,87,0.0,0.0,0.0,,,True
1791520200,2026-10-09T04:30:00Z,วังสะพุง,281,0.0,0.0,0.0,,,True
1791520200,2026-10-09T04:30:00Z,วังม่วง,70,0.0,0.0,0.0,,,True
1791520200,2026-10-09T04:30:00Z,เฉลิมพระเกียรติ,35,0.0,0.0,0.0,,,True
1791520200,2026-10-09T04:30:00Z,มวกเหล็ก,175,0.0,0.0,0.0,,,True
1791520200,2026-10-09T04:30:00Z,บ้านเขว้า,124,0.0,0.0,0.0,,,True
1791520200,2026-10-09T04:30:00Z,คอนสวรรค์,113,0.0,0.0,0.0,,,True
1791520200,2026-10-09T04:30:00Z,เมืองชัยภูมิ,358,0.0,0.0,0.0,,,True
1791520200,2026-10-09T04:30:00Z,วังทอง,425,0.0,0.0,0.0,,,True
1791520200,2026-10-09T04:30:00Z,เนินมะปราง,276,0.0,0.0,0.0,,,True
1791520200,2026-10-09T04:30:00Z,สวรรคโลก,156,0.0,0.0,0.0,,,True
1791520200,2026-10-09T04:30:00Z,ศรีนคร,46,0.0,0.0,0.0,,,True
1791520200,2026-10-09T04:30:00Z,หันคา,139,0.0,0.0,0.0,,,True
1791520200,2026-10-09T04:30:00Z,ศรีสัชนาลัย,534,0.0,0.0,0.0,,,True
1791520200,2026-10-09T04:30:00Z,หนองมะโมง,76,0.0,0.0,0.0,,,True
1791520200,2026-10-09T04:30:00Z,ศรีสำโรง,142,0.0,0.0,0.0,,,True
1791520200,2026-10-09T04:30:00Z,สรรพยา,55,0.0,0.0,0.0,,,True
1791520200,2026-10-09T04:30:00Z,คีรีมาศ,171,0.0,0.0,0.0,,,True
1791520200,2026-10-09T04:30:00Z,สรรคบุรี,89,0.0,0.0,0.0,,,True
1791520200,2026-10-09T04:30:00Z,กงไกรลาศ,108,0.0,0.0,0.0,,,True
1791520200,2026-10-09T04:30:00Z,มโนรมย์,66,0.0,0.0,0.0,,,True
1791520200,2026-10-09T04:30:00Z,เมืองสุโขทัย,136,0.0,0.0,0.0,,,True
1791520200,2026-10-09T04:30:00Z,วัดสิงห์,67,0.0,0.0,0.0,,,True
1791520200,2026-10-09T04:30:00Z,บ้านด่านลานหอย,231,0.0,0.0,0.0,,,True
1791520200,2026-10-09T04:30:00Z,เมืองชัยนาท,70,0.0,0.0,0.0,,,True
1791520200,2026-10-09T04:30:00Z,เนินขาม,65,0.0,0.0,0.0,,,True
1791520200,2026-10-09T04:30:00Z,คอนสาร,334,0.0,0.0,0.0,,,True
1791520200,2026-10-09T04:30:00Z,ภักดีชุมพล,154,0.0,0.0,0.0,,,True
1791520200,2026-10-09T04:30:00Z,บ้านแท่น,76,0.0,0.0,0.0,,,True
1791520200,2026-10-09T04:30:00Z,แก้งคร้อ,168,0.0,0.0,0.0,,,True
1791520200,2026-10-09T04:30:00Z,ภูเขียว,201,0.0,0.0,0.0,,,True
1791520200,2026-10-09T04:30:00Z,หนองบัวระเหว,179,0.0,0.0,0.0,,,True
1791520200,2026-10-09T04:30:00Z,เทพสถิต,239,0.0,0.0,0.0,,,True
1791520200,2026-10-09T04:30:00Z,จัตุรัส,172,0.0,0.0,0.0,,,True
1791520200,2026-10-09T04:30:00Z,บำเหน็จณรงค์,120,0.0,0.0,0.0,,,True
1791520200,2026-10-09T04:30:00Z,เกษตรสมบูรณ์,268,0.0,0.0,0.0,,,True
1791520200,2026-10-09T04:30:00Z,หนองบัวแดง,537,0.0,0.0,0.0,,,True
1791520200,2026-10-09T04:30:00Z,ภูเรือ,168,0.0,0.0,0.0,,,True
1791520200,2026-10-09T04:30:00Z,ท่าลี่,171,0.0,0.0,0.0,,,True
1791520200,2026-10-09T04:30:00Z,วชิรบารมี,68,0.0,0.0,0.0,,,True
1791520200,2026-10-09T04:30:00Z,ด่านซ้าย,341,0.0,0.0,0.0,,,True
1791520200,2026-10-09T04:30:00Z,นาแห้ว,153,0.0,0.0,0.0,,,True
1791520200,2026-10-09T04:30:00Z,บึงนาราง,74,0.0,0.0,0.0,,,True
1791520200,2026-10-09T04:30:00Z,เชียงคาน,213,0.0,0.0,0.0,,,True
1791520200,2026-10-09T04:30:00Z,ดงเจริญ,56,0.0,0.0,0.0,,,True
1791520200,2026-10-09T04:30:00Z,ปากชม,240,0.0,0.0,0.0,,,True
1791520200,2026-10-09T04:30:00Z,เมืองเลย,314,0.0,0.0,0.0,,,True
1791520200,2026-10-09T04:30:00Z,นาด้วง,143,0.0,0.0,0.0,,,True
1791520200,2026-10-09T04:30:00Z,สากเหล็ก,45,0.0,0.0,0.0,,,True
1791520200,2026-10-09T04:30:00Z,สามง่าม,89,0.0,0.0,0.0,,,True
1791520200,2026-10-09T04:30:00Z,ทับคล้อ,104,0.0,0.0,0.0,,,True
1791520200,2026-10-09T04:30:00Z,พรหมพิราม,206,0.0,0.0,0.0,,,True
1791520200,2026-10-09T04:30:00Z,ด่านขุนทด,344,0.0,0.0,0.0,,,True
1791520200,2026-10-09T04:30:00Z,วัดโบสถ์,226,0.0,0.0,0.0,,,True
1791520200,2026-10-09T04:30:00Z,บางระกำ,246,0.0,0.0,0.0,,,True
1791520200,2026-10-09T04:30:00Z,บางกระทุ่ม,91,0.0,0.0,0.0,,,True
1791520200,2026-10-09T04:30:00Z,นครไทย,597,0.0,0.0,0.0,,,True
1791520200,2026-10-09T04:30:00Z,ชาติตระการ,415,0.0,0.0,0.0,,,True
1791520200,2026-10-09T04:30:00Z,บ้านเหลื่อม,55,0.0,0.0,0.0,,,True
1791520200,2026-10-09T04:30:00Z,เมืองพิษณุโลก,178,0.0,0.0,0.0,,,True
1791520200,2026-10-09T04:30:00Z,ชุมแสง,145,0.0,0.0,0.0,,,True
1791520200,2026-10-09T04:30:00Z,หนองบัว,208,0.0,0.0,0.0,,,True
1791520200,2026-10-09T04:30:00Z,เมืองนครสวรรค์,183,0.0,0.0,0.0,,,True
1791520200,2026-10-09T04:30:00Z,โกรกพระ,71,0.0,0.0,0.0,,,True
1791520200,2026-10-09T04:30:00Z,ไพศาลี,244,0.0,0.0,0.0,,,True
1791520200,2026-10-09T04:30:00Z,ตาคลี,206,0.0,0.0,0.0,,,True
1791520200,2026-10-09T04:30:00Z,ท่าตะโก,211,0.0,0.0,0.0,,,True
1791520200,2026-10-09T04:30:00Z,เขาค้อ,207,0.0,0.0,0.0,,,True
1791520200,2026-10-09T04:30:00Z,บรรพตพิสัย,181,0.0,0.0,0.0,,,True
1791520200,2026-10-09T04:30:00Z,เก้าเลี้ยว,57,0.0,0.0,0.0,,,True
1791520200,2026-10-09T04:30:00Z,วังโป่ง,123,0.0,0.0,0.0,,,True
1791520200,2026-10-09T04:30:00Z,บึงสามพัน,194,0.0,0.0,0.0,,,True
1791520200,2026-10-09T04:30:00Z,น้ำหนาว,231,0.0,0.0,0.0,,,True
1791520200,2026-10-09T04:30:00Z,ศรีเทพ,204,0.0,0.0,0.0,,,True
1791520200,2026-10-09T04:30:00Z,หนองไผ่,315,0.0,0.0,0.0,,,True
1791520200,2026-10-09T04:30:00Z,มหาราช,4,0.0,0.0,0.0,,,False
1791520200,2026-10-09T04:30:00Z,บ้านแพรก,10,0.0,0.0,0.0,,,True
1791520200,2026-10-09T04:30:00Z,บางมูลนาก,99,0.0,0.0,0.0,,,True
1791520200,2026-10-09T04:30:00Z,โพทะเล,131,0.0,0.0,0.0,,,True
1791520200,2026-10-09T04:30:00Z,โพธิ์ประทับช้าง,102,0.0,0.0,0.0,,,True
1791520200,2026-10-09T04:30:00Z,ตะพานหิน,109,0.0,0.0,0.0,,,True
1791520200,2026-10-09T04:30:00Z,เมืองพิจิตร,138,0.0,0.0,0.0,,,True
1791520200,2026-10-09T04:30:00Z,วังทรายพูน,66,0.0,0.0,0.0,,,True
1791520200,2026-10-09T04:30:00Z,พิชัย,176,0.0,0.0,0.0,,,True
1791520200,2026-10-09T04:30:00Z,ลับแล,116,0.0,0.0,0.0,,,True
1791520200,2026-10-09T04:30:00Z,ฟากท่า,163,0.0,0.0,0.0,,,True
1791520200,2026-10-09T04:30:00Z,บ้านโคก,247,0.0,0.0,0.0,,,True
1791520200,2026-10-09T04:30:00Z,ท่าปลา,442,0.0,0.0,0.0,,,True
1791520200,2026-10-09T04:30:00Z,น้ำปาด,363,0.0,0.0,0.0,,,True
1791520200,2026-10-09T04:30:00Z,เมืองอุตรดิตถ์,202,0.0,0.0,0.0,,,True
1791520200,2026-10-09T04:30:00Z,ตรอน,80,0.0,0.0,0.0,,,True
1791520200,2026-10-09T04:30:00Z,หล่มเก่า,246,0.0,0.0,0.0,,,True
1791520200,2026-10-09T04:30:00Z,วิเชียรบุรี,377,0.0,0.0,0.0,,,True
1791520200,2026-10-09T04:30:00Z,ชนแดน,279,0.0,0.0,0.0,,,True
1791520200,2026-10-09T04:30:00Z,หล่มสัก,350,0.0,0.0,0.0,,,True
1791520200,2026-10-09T04:30:00Z,เมืองเพชรบูรณ์,571,0.0,0.0,0.0,,,True
1791520200,2026-10-09T04:30:00Z,ทองแสนขัน,185,0.0,0.0,0.0,,,True
1791520200,2026-10-09T04:30:00Z,บึงสามัคคี,71,0.0,0.0,0.0,,,True
1791520200,2026-10-09T04:30:00Z,โกสัมพีนคร,137,0.0,0.0,0.0,,,True
1791520200,2026-10-09T04:30:00Z,สอง,380,0.0,0.0,0.0,,,True
1791520200,2026-10-09T04:30:00Z,วังชิ้น,255,0.0,0.0,0.0,,,True
1791520200,2026-10-09T04:30:00Z,สูงเม่น,88,0.0,0.0,0.0,,,True
1791520200,2026-10-09T04:30:00Z,เด่นชัย,135,0.0,0.0,0.0,,,True
1791520200,2026-10-09T04:30:00Z,ร้องกวาง,221,0.0,0.0,0.0,,,True
1791520200,2026-10-09T04:30:00Z,ลอง,317,0.0,0.0,0.0,,,True
1791520200,2026-10-09T04:30:00Z,เมืองแพร่,205,0.0,0.0,0.0,,,True
1791520200,2026-10-09T04:30:00Z,ทัพทัน,94,0.0,0.0,0.0,,,True
1791520200,2026-10-09T04:30:00Z,สว่างอารมณ์,110,0.0,0.0,0.0,,,True
1791520200,2026-10-09T04:30:00Z,เมืองอุทัยธานี,59,0.0,0.0,0.0,,,True
1791520200,2026-10-09T04:30:00Z,ห้วยคต,94,0.0,0.0,0.0,,,True
1791520200,2026-10-09T04:30:00Z,ศรีสวัสดิ์,440,0.0,0.0,0.0,,,True
1791520200,2026-10-09T04:30:00Z,บ้านไร่,821,0.0,0.0,0.0,,,True
1791520200,2026-10-09T04:30:00Z,ลานสัก,360,0.0,0.0,0.0,,,True
1791520200,2026-10-09T04:30:00Z,หนองฉาง,89,0.0,0.0,0.0,,,True
1791520200,2026-10-09T04:30:00Z,หนองขาหย่าง,43,0.0,0.0,0.0,,,True
1791520200,2026-10-09T04:30:00Z,เชียงม่วน,82,0.0,0.0,0.0,,,True
1791520200,2026-10-09T04:30:00Z,ดอกคำใต้,37,0.0,0.0,0.0,,,True
1791520200,2026-10-09T04:30:00Z,เมืองพะเยา,6,0.0,0.0,0.0,,,True
1791520200,2026-10-09T04:30:00Z,ทองผาภูมิ,851,0.0,0.0,0.0,,,True
1791520200,2026-10-09T04:30:00Z,สังขละบุรี,793,0.0,0.0,0.0,,,True
1791520200,2026-10-09T04:30:00Z,หนองม่วงไข่,35,0.0,0.0,0.0,,,True
1791520200,2026-10-09T04:30:00Z,ภูเวียง,81,0.0,0.0,0.0,,,True
1791520200,2026-10-09T04:30:00Z,มัญจาคีรี,50,0.0,0.0,0.0,,,True
1791520200,2026-10-09T04:30:00Z,หนองปรือ,104,0.0,0.0,0.0,,,True
1791520200,2026-10-09T04:30:00Z,เลาขวัญ,123,0.0,0.0,0.0,,,True
1791520200,2026-10-09T04:30:00Z,หนองนาคำ,43,0.0,0.0,0.0,,,True
1791520200,2026-10-09T04:30:00Z,โคกโพธิ์ไชย,65,0.0,0.0,0.0,,,True
1791520200,2026-10-09T04:30:00Z,บ้านหลวง,91,0.0,0.0,0.0,,,True
1791520200,2026-10-09T04:30:00Z,นาน้อย,266,0.0,0.0,0.0,,,True
1791520200,2026-10-09T04:30:00Z,ภูผาม่าน,74,0.0,0.0,0.0,,,True
1791520200,2026-10-09T04:30:00Z,เมืองน่าน,161,0.0,0.0,0.0,,,True
1791520200,2026-10-09T04:30:00Z,แม่จริม,262,0.0,0.0,0.0,,,True
1791520200,2026-10-09T04:30:00Z,เวียงเก่า,78,0.0,0.0,0.0,,,True
1791520200,2026-10-09T04:30:00Z,เมืองกำแพงเพชร,368,0.0,0.0,0.0,,,True
1791520200,2026-10-09T04:30:00Z,ไทรงาม,133,0.0,0.0,0.0,,,True
1791520200,2026-10-09T04:30:00Z,ปางศิลาทอง,186,0.0,0.0,0.0,,,True
1791520200,2026-10-09T04:30:00Z,ลานกระบือ,103,0.0,0.0,0.0,,,True
1791520200,2026-10-09T04:30:00Z,ทรายทองวัฒนา,53,0.0,0.0,0.0,,,True
1791520200,2026-10-09T04:30:00Z,คลองขลุง,179,0.0,0.0,0.0,,,True
1791520200,2026-10-09T04:30:00Z,พรานกระต่าย,252,0.0,0.0,0.0,,,True
1791520200,2026-10-09T04:30:00Z,คลองลาน,363,0.018,0.592,0.0716,,15,True
1791520200,2026-10-09T04:30:00Z,ขาณุวรลักษบุรี,296,0.0,0.0,0.0,,,True
1791520200,2026-10-09T04:30:00Z,ภูเพียง,113,0.0,0.0,0.0,,,True
1791520200,2026-10-09T04:30:00Z,นาหมื่น,245,0.0,0.0,0.0,,,True
1791520200,2026-10-09T04:30:00Z,เวียงสา,543,0.0,0.0,0.0,,,True
1791520200,2026-10-09T04:30:00Z,น้ำโสม,153,0.0,0.0,0.0,,,True
1791520200,2026-10-09T04:30:00Z,นายูง,126,0.0,0.0,0.0,,,True
1791520200,2026-10-09T04:30:00Z,ชุมแพ,173,0.0,0.0,0.0,,,True
1791520200,2026-10-09T04:30:00Z,สีชมพู,132,0.0,0.0,0.0,,,True
1791520200,2026-10-09T04:30:00Z,สุวรรณคูหา,140,0.0,0.0,0.0,,,True
1791520200,2026-10-09T04:30:00Z,นาวัง,65,0.0,0.0,0.0,,,True
1791520200,2026-10-09T04:30:00Z,หนองเรือ,80,0.0,0.0,0.0,,,True
1791520200,2026-10-09T04:30:00Z,โนนสัง,51,0.0,0.0,0.0,,,True
1791520200,2026-10-09T04:30:00Z,ศรีบุญเรือง,224,0.0,0.0,0.0,,,True
1791520200,2026-10-09T04:30:00Z,เมืองหนองบัวลำภู,217,0.0,0.0,0.0,,,True
1791520200,2026-10-09T04:30:00Z,นากลาง,173,0.0,0.0,0.0,,,True
1791520200,2026-10-09T04:30:00Z,ทุ่งเสลี่ยม,144,0.0,0.0,0.0,,,True
1791520200,2026-10-09T04:30:00Z,ดอยหล่อ,56,0.0,0.0,0.0,,,True
1791520200,2026-10-09T04:30:00Z,เมืองตาก,486,0.0,0.0,0.0,,,True
1791520200,2026-10-09T04:30:00Z,แม่ออน,116,0.0,0.0,0.0,,,True
1791520200,2026-10-09T04:30:00Z,อุ้มผาง,1209,0.009,0.592,0.0513,,30,True
1791520200,2026-10-09T04:30:00Z,วังเจ้า,183,0.0,0.0,0.0,,,True
1791520200,2026-10-09T04:30:00Z,แม่สอด,398,0.0,0.0,0.0,,,True
1791520200,2026-10-09T04:30:00Z,พบพระ,249,0.0,0.0,0.0,,,True
1791520200,2026-10-09T04:30:00Z,แม่ระมาด,380,0.0,0.0,0.0,,,True
1791520200,2026-10-09T04:30:00Z,ท่าสองยาง,401,0.0,0.0,0.0,,,True
1791520200,2026-10-09T04:30:00Z,บ้านตาก,255,0.0,0.0,0.0,,,True
1791520200,2026-10-09T04:30:00Z,สามเงา,698,0.0,0.0,0.0,,,True
1791520200,2026-10-09T04:30:00Z,จอมทอง,280,0.0,0.0,0.0,,,True
1791520200,2026-10-09T04:30:00Z,แก้งสนามนาง,79,0.0,0.0,0.0,,,True
1791520200,2026-10-09T04:30:00Z,สีคิ้ว,292,0.0,0.0,0.0,,,True
1791520200,2026-10-09T04:30:00Z,พระทองคำ,90,0.0,0.0,0.0,,,True
1791520200,2026-10-09T04:30:00Z,เทพารักษ์,92,0.0,0.0,0.0,,,True
1791520200,2026-10-09T04:30:00Z,สันกำแพง,65,0.0,0.0,0.0,,,True
1791520200,2026-10-09T04:30:00Z,สันป่าตอง,44,0.0,0.0,0.0,,,True
1791520200,2026-10-09T04:30:00Z,ดอยเต่า,213,0.0,0.0,0.0,,,True
1791520200,2026-10-09T04:30:00Z,อมก๋อย,704,0.0,0.0,0.0,,,True
1791520200,2026-10-09T04:30:00Z,ฮอด,378,0.0,0.0,0.0,,,True
1791520200,2026-10-09T04:30:00Z,เมืองลำพูน,117,0.0,0.0,0.0,,,True
1791520200,2026-10-09T04:30:00Z,แม่ทา,192,0.0,0.0,0.0,,,True
1791520200,2026-10-09T04:30:00Z,บ้านธิ,34,0.0,0.0,0.0,,,True
1791520200,2026-10-09T04:30:00Z,บ้านหมอ,24,0.0,0.0,0.0,,,True
1791520200,2026-10-09T04:30:00Z,เวียงหนองล่อง,14,0.0,0.0,0.0,,,True
1791520200,2026-10-09T04:30:00Z,ทุ่งหัวช้าง,113,0.0,0.0,0.0,,,True
1791520200,2026-10-09T04:30:00Z,ป่าซาง,74,0.0,0.0,0.0,,,True
1791520200,2026-10-09T04:30:00Z,บ้านโฮ่ง,124,0.0,0.0,0.0,,,True
1791520200,2026-10-09T04:30:00Z,แก่งคอย,73,0.0,0.0,0.0,,,True
1791520200,2026-10-09T04:30:00Z,ลี้,454,0.0,0.0,0.0,,,True
1791520200,2026-10-09T04:30:00Z,พระพุทธบาท,55,0.0,0.0,0.0,,,True
1791520200,2026-10-09T04:30:00Z,ดอนพุด,7,0.0,0.0,0.0,,,True
1791520200,2026-10-09T04:30:00Z,หนองโดน,31,0.0,0.0,0.0,,,True
1791520200,2026-10-09T04:30:00Z,เมืองลำปาง,300,0.0,0.0,0.0,,,True
1791520200,2026-10-09T04:30:00Z,เถิน,443,0.0,0.0,0.0,,,True
1791520200,2026-10-09T04:30:00Z,แม่พริก,167,0.0,0.0,0.0,,,True
1791520200,2026-10-09T04:30:00Z,แจ้ห่ม,274,0.0,0.0,0.0,,,True
1791520200,2026-10-09T04:30:00Z,แม่เปิน,85,0.0,0.0,0.0,,,True
1791520200,2026-10-09T04:30:00Z,เสริมงาม,185,0.0,0.0,0.0,,,True
1791520200,2026-10-09T04:30:00Z,ชุมตาบง,61,0.0,0.0,0.0,,,True
1791520200,2026-10-09T04:30:00Z,งาว,344,0.0,0.0,0.0,,,True
1791520200,2026-10-09T04:30:00Z,ตากฟ้า,125,0.0,0.0,0.0,,,True
1791520200,2026-10-09T04:30:00Z,แม่เมาะ,283,0.0,0.0,0.0,,,True
1791520200,2026-10-09T04:30:00Z,แม่วงก์,257,0.0,0.0,0.0,,,True
1791520200,2026-10-09T04:30:00Z,เกาะคา,128,0.0,0.0,0.0,,,True
1791520200,2026-10-09T04:30:00Z,พยุหะคีรี,169,0.0,0.0,0.0,,,True
1791520200,2026-10-09T04:30:00Z,ลาดยาว,187,0.0,0.0,0.0,,,True
1791520200,2026-10-09T04:30:00Z,สบปราบ,125,0.0,0.0,0.0,,,True
1791520200,2026-10-09T04:30:00Z,ห้างฉัตร,154,0.0,0.0,0.0,,,True
1791520200,2026-10-09T04:30:00Z,แม่ทะ,203,0.0,0.0,0.0,,,True
1791520200,2026-10-09T04:30:00Z,เมืองปาน,202,0.0,0.0,0.0,,,True
1791520200,2026-10-09T04:30:00Z,เมืองอ่างทอง,6,0.0,0.0,0.0,,,True
1791520200,2026-10-09T04:30:00Z,ไชโย,20,0.0,0.0,0.0,,,True
1791520200,2026-10-09T04:30:00Z,สามโก้,10,0.0,0.0,0.0,,,True
1791520200,2026-10-09T04:30:00Z,แสวงหา,43,0.0,0.0,0.0,,,True
1791520200,2026-10-09T04:30:00Z,วิเศษชัยชาญ,7,0.0,0.0,0.0,,,True
1791520200,2026-10-09T04:30:00Z,โพธิ์ทอง,48,0.0,0.0,0.0,,,True
1791520200,2026-10-09T04:30:00Z,เมืองลพบุรี,190,0.0,0.0,0.0,,,True
1791520200,2026-10-09T04:30:00Z,เดิมบางนางบวช,130,0.0,0.0,0.0,,,True
1791520200,2026-10-09T04:30:00Z,ด่านช้าง,309,0.0,0.0,0.0,,,True
1791520200,2026-10-09T04:30:00Z,หนองม่วง,111,0.0,0.0,0.0,,,True
1791520200,2026-10-09T04:30:00Z,ลำสนธิ,136,0.0,0.0,0.0,,,True
1791520200,2026-10-09T04:30:00Z,สามชุก,77,0.0,0.0,0.0,,,True
1791520200,2026-10-09T04:30:00Z,ดอนเจดีย์,72,0.0,0.0,0.0,,,True
1791520200,2026-10-09T04:30:00Z,สระโบสถ์,83,0.0,0.0,0.0,,,True
1791520200,2026-10-09T04:30:00Z,ศรีประจันต์,41,0.0,0.0,0.0,,,True
1791520200,2026-10-09T04:30:00Z,โคกเจริญ,135,0.0,0.0,0.0,,,True
1791520200,2026-10-09T04:30:00Z,บ้านหมี่,136,0.0,0.0,0.0,,,True
1791520200,2026-10-09T04:30:00Z,ท่าหลวง,100,0.0,0.0,0.0,,,True
1791520200,2026-10-09T04:30:00Z,ชัยบาดาล,280,0.0,0.0,0.0,,,True
1791520200,2026-10-09T04:30:00Z,ท่าวุ้ง,64,0.0,0.0,0.0,,,True
1791520200,2026-10-09T04:30:00Z,พัฒนานิคม,217,0.0,0.0,0.0,,,True
1791520200,2026-10-09T04:30:00Z,โคกสำโรง,180,0.0,0.0,0.0,,,True
1791520200,2026-10-09T04:30:00Z,หนองหญ้าไซ,108,0.0,0.0,0.0,,,True
1791520200,2026-10-09T04:30:00Z,ท่าช้าง,11,0.0,0.0,0.0,,,True
1791520200,2026-10-09T04:30:00Z,อินทร์บุรี,66,0.0,0.0,0.0,,,True
1791520200,2026-10-09T04:30:00Z,ค่ายบางระจัน,26,0.0,0.0,0.0,,,True
1791520200,2026-10-09T04:30:00Z,พรหมบุรี,19,0.0,0.0,0.0,,,True
1791520200,2026-10-09T04:30:00Z,เนินสง่า,65,0.0,0.0,0.0,,,True
1791520200,2026-10-09T04:30:00Z,เมืองสิงห์บุรี,31,0.0,0.0,0.0,,,True
1791520200,2026-10-09T04:30:00Z,ซับใหญ่,72,0.0,0.0,0.0,,,True
1791520200,2026-10-09T04:30:00Z,บางระจัน,46,0.0,0.0,0.0,,,True
1791520200,2026-10-09T04:30:00Z,ภูกระดึง,190,0.0,0.0,0.0,,,True
1791520200,2026-10-09T04:30:00Z,ภูหลวง,145,0.0,0.0,0.0,,,True
1791520200,2026-10-09T04:30:00Z,หนองหิน,78,0.0,0.0,0.0,,,True
1791520200,2026-10-09T04:30:00Z,ผาขาว,100,0.0,0.0,0.0,,,True
1791520200,2026-10-09T04:30:00Z,เอราวัณ,87,0.0,0.0,0.0,,,True
1791520200,2026-10-09T04:30:00Z,วังสะพุง,281,0.0,0.0,0.0,,,True
1791520200,2026-10-09T04:30:00Z,วังม่วง,70,0.0,0.0,0.0,,,True
1791520200,2026-10-09T04:30:00Z,เฉลิมพระเกียรติ,35,0.0,0.0,0.0,,,True
1791520200,2026-10-09T04:30:00Z,มวกเหล็ก,175,0.0,0.0,0.0,,,True
1791520200,2026-10-09T04:30:00Z,บ้านเขว้า,124,0.0,0.0,0.0,,,True
1791520200,2026-10-09T04:30:00Z,คอนสวรรค์,113,0.0,0.0,0.0,,,True
1791520200,2026-10-09T04:30:00Z,เมืองชัยภูมิ,358,0.0,0.0,0.0,,,True
1791520200,2026-10-09T04:30:00Z,วังทอง,425,0.0,0.0,0.0,,,True
1791520200,2026-10-09T04:30:00Z,เนินมะปราง,276,0.0,0.0,0.0,,,True
1791520200,2026-10-09T04:30:00Z,สวรรคโลก,156,0.0,0.0,0.0,,,True
1791520200,2026-10-09T04:30:00Z,ศรีนคร,46,0.0,0.0,0.0,,,True
1791520200,2026-10-09T04:30:00Z,หันคา,139,0.0,0.0,0.0,,,True
1791520200,2026-10-09T04:30:00Z,ศรีสัชนาลัย,534,0.0,0.0,0.0,,,True
1791520200,2026-10-09T04:30:00Z,หนองมะโมง,76,0.0,0.0,0.0,,,True
1791520200,2026-10-09T04:30:00Z,ศรีสำโรง,142,0.0,0.0,0.0,,,True
1791520200,2026-10-09T04:30:00Z,สรรพยา,55,0.0,0.0,0.0,,,True
1791520200,2026-10-09T04:30:00Z,คีรีมาศ,171,0.0,0.0,0.0,,,True
1791520200,2026-10-09T04:30:00Z,สรรคบุรี,89,0.0,0.0,0.0,,,True
1791520200,2026-10-09T04:30:00Z,กงไกรลาศ,108,0.0,0.0,0.0,,,True
1791520200,2026-10-09T04:30:00Z,มโนรมย์,66,0.0,0.0,0.0,,,True
1791520200,2026-10-09T04:30:00Z,เมืองสุโขทัย,136,0.0,0.0,0.0,,,True
1791520200,2026-10-09T04:30:00Z,วัดสิงห์,67,0.0,0.0,0.0,,,True
1791520200,2026-10-09T04:30:00Z,บ้านด่านลานหอย,231,0.0,0.0,0.0,,,True
1791520200,2026-10-09T04:30:00Z,เมืองชัยนาท,70,0.0,0.0,0.0,,,True
1791520200,2026-10-09T04:30:00Z,เนินขาม,65,0.0,0.0,0.0,,,True
1791520200,2026-10-09T04:30:00Z,คอนสาร,334,0.0,0.0,0.0,,,True
1791520200,2026-10-09T04:30:00Z,ภักดีชุมพล,154,0.0,0.0,0.0,,,True
1791520200,2026-10-09T04:30:00Z,บ้านแท่น,76,0.0,0.0,0.0,,,True
1791520200,2026-10-09T04:30:00Z,แก้งคร้อ,168,0.0,0.0,0.0,,,True
1791520200,2026-10-09T04:30:00Z,ภูเขียว,201,0.0,0.0,0.0,,,True
1791520200,2026-10-09T04:30:00Z,หนองบัวระเหว,179,0.0,0.0,0.0,,,True
1791520200,2026-10-09T04:30:00Z,เทพสถิต,239,0.0,0.0,0.0,,,True
1791520200,2026-10-09T04:30:00Z,จัตุรัส,172,0.0,0.0,0.0,,,True
1791520200,2026-10-09T04:30:00Z,บำเหน็จณรงค์,120,0.0,0.0,0.0,,,True
1791520200,2026-10-09T04:30:00Z,เกษตรสมบูรณ์,268,0.0,0.0,0.0,,,True
1791520200,2026-10-09T04:30:00Z,หนองบัวแดง,537,0.0,0.0,0.0,,,True
1791520200,2026-10-09T04:30:00Z,ภูเรือ,168,0.0,0.0,0.0,,,True
1791520200,2026-10-09T04:30:00Z,ท่าลี่,171,0.0,0.0,0.0,,,True
1791520200,2026-10-09T04:30:00Z,วชิรบารมี,68,0.0,0.0,0.0,,,True
1791520200,2026-10-09T04:30:00Z,ด่านซ้าย,341,0.0,0.0,0.0,,,True
1791520200,2026-10-09T04:30:00Z,นาแห้ว,153,0.0,0.0,0.0,,,True
1791520200,2026-10-09T04:30:00Z,บึงนาราง,74,0.0,0.0,0.0,,,True
1791520200,2026-10-09T04:30:00Z,เชียงคาน,213,0.0,0.0,0.0,,,True
1791520200,2026-10-09T04:30:00Z,ดงเจริญ,56,0.0,0.0,0.0,,,True
1791520200,2026-10-09T04:30:00Z,ปากชม,240,0.0,0.0,0.0,,,True
1791520200,2026-10-09T04:30:00Z,เมืองเลย,314,0.0,0.0,0.0,,,True
1791520200,2026-10-09T04:30:00Z,นาด้วง,143,0.0,0.0,0.0,,,True
1791520200,2026-10-09T04:30:00Z,สากเหล็ก,45,0.0,0.0,0.0,,,True
1791520200,2026-10-09T04:30:00Z,สามง่าม,89,0.0,0.0,0.0,,,True
1791520200,2026-10-09T04:30:00Z,ทับคล้อ,104,0.0,0.0,0.0,,,True
1791520200,2026-10-09T04:30:00Z,พรหมพิราม,206,0.0,0.0,0.0,,,True
1791520200,2026-10-09T04:30:00Z,ด่านขุนทด,344,0.0,0.0,0.0,,,True
1791520200,2026-10-09T04:30:00Z,วัดโบสถ์,226,0.0,0.0,0.0,,,True
1791520200,2026-10-09T04:30:00Z,บางระกำ,246,0.0,0.0,0.0,,,True
1791520200,2026-10-09T04:30:00Z,บางกระทุ่ม,91,0.0,0.0,0.0,,,True
1791520200,2026-10-09T04:30:00Z,นครไทย,597,0.0,0.0,0.0,,,True
1791520200,2026-10-09T04:30:00Z,ชาติตระการ,415,0.0,0.0,0.0,,,True
1791520200,2026-10-09T04:30:00Z,บ้านเหลื่อม,55,0.0,0.0,0.0,,,True
1791520200,2026-10-09T04:30:00Z,เมืองพิษณุโลก,178,0.0,0.0,0.0,,,True
1791520200,2026-10-09T04:30:00Z,ชุมแสง,145,0.0,0.0,0.0,,,True
1791520200,2026-10-09T04:30:00Z,หนองบัว,208,0.0,0.0,0.0,,,True
1791520200,2026-10-09T04:30:00Z,เมืองนครสวรรค์,183,0.0,0.0,0.0,,,True
1791520200,2026-10-09T04:30:00Z,โกรกพระ,71,0.0,0.0,0.0,,,True
1791520200,2026-10-09T04:30:00Z,ไพศาลี,244,0.0,0.0,0.0,,,True
1791520200,2026-10-09T04:30:00Z,ตาคลี,206,0.0,0.0,0.0,,,True
1791520200,2026-10-09T04:30:00Z,ท่าตะโก,211,0.0,0.0,0.0,,,True
1791520200,2026-10-09T04:30:00Z,เขาค้อ,207,0.0,0.0,0.0,,,True
1791520200,2026-10-09T04:30:00Z,บรรพตพิสัย,181,0.0,0.0,0.0,,,True
1791520200,2026-10-09T04:30:00Z,เก้าเลี้ยว,57,0.0,0.0,0.0,,,True
1791520200,2026-10-09T04:30:00Z,วังโป่ง,123,0.0,0.0,0.0,,,True
1791520200,2026-10-09T04:30:00Z,บึงสามพัน,194,0.0,0.0,0.0,,,True
1791520200,2026-10-09T04:30:00Z,น้ำหนาว,231,0.0,0.0,0.0,,,True
1791520200,2026-10-09T04:30:00Z,ศรีเทพ,204,0.0,0.0,0.0,,,True
1791520200,2026-10-09T04:30:00Z,หนองไผ่,315,0.0,0.0,0.0,,,True
1791520200,2026-10-09T04:30:00Z,มหาราช,4,0.0,0.0,0.0,,,False
1791520200,2026-10-09T04:30:00Z,บ้านแพรก,10,0.0,0.0,0.0,,,True
1791520200,2026-10-09T04:30:00Z,บางมูลนาก,99,0.0,0.0,0.0,,,True
1791520200,2026-10-09T04:30:00Z,โพทะเล,131,0.0,0.0,0.0,,,True
1791520200,2026-10-09T04:30:00Z,โพธิ์ประทับช้าง,102,0.0,0.0,0.0,,,True
1791520200,2026-10-09T04:30:00Z,ตะพานหิน,109,0.0,0.0,0.0,,,True
1791520200,2026-10-09T04:30:00Z,เมืองพิจิตร,138,0.0,0.0,0.0,,,True
1791520200,2026-10-09T04:30:00Z,วังทรายพูน,66,0.0,0.0,0.0,,,True
1791520200,2026-10-09T04:30:00Z,พิชัย,176,0.0,0.0,0.0,,,True
1791520200,2026-10-09T04:30:00Z,ลับแล,116,0.0,0.0,0.0,,,True
1791520200,2026-10-09T04:30:00Z,ฟากท่า,163,0.0,0.0,0.0,,,True
1791520200,2026-10-09T04:30:00Z,บ้านโคก,247,0.0,0.0,0.0,,,True
1791520200,2026-10-09T04:30:00Z,ท่าปลา,442,0.0,0.0,0.0,,,True
1791520200,2026-10-09T04:30:00Z,น้ำปาด,363,0.0,0.0,0.0,,,True
1791520200,2026-10-09T04:30:00Z,เมืองอุตรดิตถ์,202,0.0,0.0,0.0,,,True
1791520200,2026-10-09T04:30:00Z,ตรอน,80,0.0,0.0,0.0,,,True
1791520200,2026-10-09T04:30:00Z,หล่มเก่า,246,0.0,0.0,0.0,,,True
1791520200,2026-10-09T04:30:00Z,วิเชียรบุรี,377,0.0,0.0,0.0,,,True
1791520200,2026-10-09T04:30:00Z,ชนแดน,279,0.0,0.0,0.0,,,True
1791520200,2026-10-09T04:30:00Z,หล่มสัก,350,0.0,0.0,0.0,,,True
1791520200,2026-10-09T04:30:00Z,เมืองเพชรบูรณ์,571,0.0,0.0,0.0,,,True
1791520200,2026-10-09T04:30:00Z,ทองแสนขัน,185,0.0,0.0,0.0,,,True
1791520200,2026-10-09T04:30:00Z,บึงสามัคคี,71,0.0,0.0,0.0,,,True
1791520200,2026-10-09T04:30:00Z,โกสัมพีนคร,137,0.0,0.0,0.0,,,True
1791520200,2026-10-09T04:30:00Z,สอง,380,0.0,0.0,0.0,,,True
1791520200,2026-10-09T04:30:00Z,วังชิ้น,255,0.0,0.0,0.0,,,True
1791520200,2026-10-09T04:30:00Z,สูงเม่น,88,0.0,0.0,0.0,,,True
1791520200,2026-10-09T04:30:00Z,เด่นชัย,135,0.0,0.0,0.0,,,True
1791520200,2026-10-09T04:30:00Z,ร้องกวาง,221,0.0,0.0,0.0,,,True
1791520200,2026-10-09T04:30:00Z,ลอง,317,0.0,0.0,0.0,,,True
1791520200,2026-10-09T04:30:00Z,เมืองแพร่,205,0.0,0.0,0.0,,,True
1791520200,2026-10-09T04:30:00Z,ทัพทัน,94,0.0,0.0,0.0,,,True
1791520200,2026-10-09T04:30:00Z,สว่างอารมณ์,110,0.0,0.0,0.0,,,True
1791520200,2026-10-09T04:30:00Z,เมืองอุทัยธานี,59,0.0,0.0,0.0,,,True
1791520200,2026-10-09T04:30:00Z,ห้วยคต,94,0.0,0.0,0.0,,,True
1791520200,2026-10-09T04:30:00Z,ศรีสวัสดิ์,440,0.0,0.0,0.0,,,True
1791520200,2026-10-09T04:30:00Z,บ้านไร่,821,0.0,0.0,0.0,,,True
1791520200,2026-10-09T04:30:00Z,ลานสัก,360,0.0,0.0,0.0,,,True
1791520200,2026-10-09T04:30:00Z,หนองฉาง,89,0.0,0.0,0.0,,,True
1791520200,2026-10-09T04:30:00Z,หนองขาหย่าง,43,0.0,0.0,0.0,,,True
1791520200,2026-10-09T04:30:00Z,เชียงม่วน,82,0.0,0.0,0.0,,,True
1791520200,2026-10-09T04:30:00Z,ดอกคำใต้,37,0.0,0.0,0.0,,,True
1791520200,2026-10-09T04:30:00Z,เมืองพะเยา,6,0.0,0.0,0.0,,,True
1791520200,2026-10-09T04:30:00Z,ทองผาภูมิ,851,0.0,0.0,0.0,,,True
1791520200,2026-10-09T04:30:00Z,สังขละบุรี,793,0.0,0.0,0.0,,,True
1791520200,2026-10-09T04:30:00Z,หนองม่วงไข่,35,0.0,0.0,0.0,,,True
1791520200,2026-10-09T04:30:00Z,ภูเวียง,81,0.0,0.0,0.0,,,True
1791520200,2026-10-09T04:30:00Z,มัญจาคีรี,50,0.0,0.0,0.0,,,True
1791520200,2026-10-09T04:30:00Z,หนองปรือ,104,0.0,0.0,0.0,,,True
1791520200,2026-10-09T04:30:00Z,เลาขวัญ,123,0.0,0.0,0.0,,,True
1791520200,2026-10-09T04:30:00Z,หนองนาคำ,43,0.0,0.0,0.0,,,True
1791520200,2026-10-09T04:30:00Z,โคกโพธิ์ไชย,65,0.0,0.0,0.0,,,True
1791520200,2026-10-09T04:30:00Z,บ้านหลวง,91,0.0,0.0,0.0,,,True
1791520200,2026-10-09T04:30:00Z,นาน้อย,266,0.0,0.0,0.0,,,True
1791520200,2026-10-09T04:30:00Z,ภูผาม่าน,74,0.0,0.0,0.0,,,True
1791520200,2026-10-09T04:30:00Z,เมืองน่าน,161,0.0,0.0,0.0,,,True
1791520200,2026-10-09T04:30:00Z,แม่จริม,262,0.0,0.0,0.0,,,True
1791520200,2026-10-09T04:30:00Z,เวียงเก่า,78,0.0,0.0,0.0,,,True
1791520200,2026-10-09T04:30:00Z,เมืองกำแพงเพชร,368,0.0,0.0,0.0,,,True
1791520200,2026-10-09T04:30:00Z,ไทรงาม,133,0.0,0.0,0.0,,,True
1791520200,2026-10-09T04:30:00Z,ปางศิลาทอง,186,0.0,0.0,0.0,,,True
1791520200,2026-10-09T04:30:00Z,ลานกระบือ,103,0.0,0.0,0.0,,,True
1791520200,2026-10-09T04:30:00Z,ทรายทองวัฒนา,53,0.0,0.0,0.0,,,True
1791520200,2026-10-09T04:30:00Z,คลองขลุง,179,0.0,0.0,0.0,,,True
1791520200,2026-10-09T04:30:00Z,พรานกระต่าย,252,0.0,0.0,0.0,,,True
1791520200,2026-10-09T04:30:00Z,คลองลาน,363,0.018,0.592,0.0716,,15,True
1791520200,2026-10-09T04:30:00Z,ขาณุวรลักษบุรี,296,0.0,0.0,0.0,,,True
1791520200,2026-10-09T04:30:00Z,ภูเพียง,113,0.0,0.0,0.0,,,True
1791520200,2026-10-09T04:30:00Z,นาหมื่น,245,0.0,0.0,0.0,,,True
1791520200,2026-10-09T04:30:00Z,เวียงสา,543,0.0,0.0,0.0,,,True
1791520200,2026-10-09T04:30:00Z,น้ำโสม,153,0.0,0.0,0.0,,,True
1791520200,2026-10-09T04:30:00Z,นายูง,126,0.0,0.0,0.0,,,True
1791520200,2026-10-09T04:30:00Z,ชุมแพ,173,0.0,0.0,0.0,,,True
1791520200,2026-10-09T04:30:00Z,สีชมพู,132,0.0,0.0,0.0,,,True
1791520200,2026-10-09T04:30:00Z,สุวรรณคูหา,140,0.0,0.0,0.0,,,True
1791520200,2026-10-09T04:30:00Z,นาวัง,65,0.0,0.0,0.0,,,True
1791520200,2026-10-09T04:30:00Z,หนองเรือ,80,0.0,0.0,0.0,,,True
1791520200,2026-10-09T04:30:00Z,โนนสัง,51,0.0,0.0,0.0,,,True
1791520200,2026-10-09T04:30:00Z,ศรีบุญเรือง,224,0.0,0.0,0.0,,,True
1791520200,2026-10-09T04:30:00Z,เมืองหนองบัวลำภู,217,0.0,0.0,0.0,,,True
1791520200,2026-10-09T04:30:00Z,นากลาง,173,0.0,0.0,0.0,,,True
1791520200,2026-10-09T04:30:00Z,ทุ่งเสลี่ยม,144,0.0,0.0,0.0,,,True
1791520200,2026-10-09T04:30:00Z,ดอยหล่อ,56,0.0,0.0,0.0,,,True
1791520200,2026-10-09T04:30:00Z,เมืองตาก,486,0.0,0.0,0.0,,,True
1791520200,2026-10-09T04:30:00Z,แม่ออน,116,0.0,0.0,0.0,,,True
1791520200,2026-10-09T04:30:00Z,อุ้มผาง,1209,0.009,0.592,0.0513,,30,True
1791520200,2026-10-09T04:30:00Z,วังเจ้า,183,0.0,0.0,0.0,,,True
1791520200,2026-10-09T04:30:00Z,แม่สอด,398,0.0,0.0,0.0,,,True
1791520200,2026-10-09T04:30:00Z,พบพระ,249,0.0,0.0,0.0,,,True
1791520200,2026-10-09T04:30:00Z,แม่ระมาด,380,0.0,0.0,0.0,,,True
1791520200,2026-10-09T04:30:00Z,ท่าสองยาง,401,0.0,0.0,0.0,,,True
1791520200,2026-10-09T04:30:00Z,บ้านตาก,255,0.0,0.0,0.0,,,True
1791520200,2026-10-09T04:30:00Z,สามเงา,698,0.0,0.0,0.0,,,True
1791520200,2026-10-09T04:30:00Z,จอมทอง,280,0.0,0.0,0.0,,,True
1791520200,2026-10-09T04:30:00Z,แก้งสนามนาง,79,0.0,0.0,0.0,,,True
1791520200,2026-10-09T04:30:00Z,สีคิ้ว,292,0.0,0.0,0.0,,,True
1791520200,2026-10-09T04:30:00Z,พระทองคำ,90,0.0,0.0,0.0,,,True
1791520200,2026-10-09T04:30:00Z,เทพารักษ์,92,0.0,0.0,0.0,,,True
1791520200,2026-10-09T04:30:00Z,สันกำแพง,65,0.0,0.0,0.0,,,True
1791520200,2026-10-09T04:30:00Z,สันป่าตอง,44,0.0,0.0,0.0,,,True
1791520200,2026-10-09T04:30:00Z,ดอยเต่า,213,0.0,0.0,0.0,,,True
1791520200,2026-10-09T04:30:00Z,อมก๋อย,704,0.0,0.0,0.0,,,True
1791520200,2026-10-09T04:30:00Z,ฮอด,378,0.0,0.0,0.0,,,True
1791520200,2026-10-09T04:30:00Z,เมืองลำพูน,117,0.0,0.0,0.0,,,True
1791520200,2026-10-09T04:30:00Z,แม่ทา,192,0.0,0.0,0.0,,,True
1791520200,2026-10-09T04:30:00Z,บ้านธิ,34,0.0,0.0,0.0,,,True
1791520200,2026-10-09T04:30:00Z,บ้านหมอ,24,0.0,0.0,0.0,,,True
1791520200,2026-10-09T04:30:00Z,เวียงหนองล่อง,14,0.0,0.0,0.0,,,True
1791520200,2026-10-09T04:30:00Z,ทุ่งหัวช้าง,113,0.0,0.0,0.0,,,True
1791520200,2026-10-09T04:30:00Z,ป่าซาง,74,0.0,0.0,0.0,,,True
1791520200,2026-10-09T04:30:00Z,บ้านโฮ่ง,124,0.0,0.0,0.0,,,True
1791520200,2026-10-09T04:30:00Z,แก่งคอย,73,0.0,0.0,0.0,,,True
1791520200,2026-10-09T04:30:00Z,ลี้,454,0.0,0.0,0.0,,,True
1791520200,2026-10-09T04:30:00Z,พระพุทธบาท,55,0.0,0.0,0.0,,,True
1791520200,2026-10-09T04:30:00Z,ดอนพุด,7,0.0,0.0,0.0,,,True
1791520200,2026-10-09T04:30:00Z,หนองโดน,31,0.0,0.0,0.0,,,True
1791520200,2026-10-09T04:30:00Z,เมืองลำปาง,300,0.0,0.0,0.0,,,True
1791520200,2026-10-09T04:30:00Z,เถิน,443,0.0,0.0,0.0,,,True
1791520200,2026-10-09T04:30:00Z,แม่พริก,167,0.0,0.0,0.0,,,True
1791520200,2026-10-09T04:30:00Z,แจ้ห่ม,274,0.0,0.0,0.0,,,True
1791520200,2026-10-09T04:30:00Z,แม่เปิน,85,0.0,0.0,0.0,,,True
1791520200,2026-10-09T04:30:00Z,เสริมงาม,185,0.0,0.0,0.0,,,True
1791520200,2026-10-09T04:30:00Z,ชุมตาบง,61,0.0,0.0,0.0,,,True
1791520200,2026-10-09T04:30:00Z,งาว,344,0.0,0.0,0.0,,,True
1791520200,2026-10-09T04:30:00Z,ตากฟ้า,125,0.0,0.0,0.0,,,True
1791520200,2026-10-09T04:30:00Z,แม่เมาะ,283,0.0,0.0,0.0,,,True
1791520200,2026-10-09T04:30:00Z,แม่วงก์,257,0.0,0.0,0.0,,,True
1791520200,2026-10-09T04:30:00Z,เกาะคา,128,0.0,0.0,0.0,,,True
1791520200,2026-10-09T04:30:00Z,พยุหะคีรี,169,0.0,0.0,0.0,,,True
1791520200,2026-10-09T04:30:00Z,ลาดยาว,187,0.0,0.0,0.0,,,True
1791520200,2026-10-09T04:30:00Z,สบปราบ,125,0.0,0.0,0.0,,,True
1791520200,2026-10-09T04:30:00Z,ห้างฉัตร,154,0.0,0.0,0.0,,,True
1791520200,2026-10-09T04:30:00Z,แม่ทะ,203,0.0,0.0,0.0,,,True
1791520200,2026-10-09T04:30:00Z,เมืองปาน,202,0.0,0.0,0.0,,,True
1791520200,2026-10-09T04:30:00Z,เมืองอ่างทอง,6,0.0,0.0,0.0,,,True
1791520200,2026-10-09T04:30:00Z,ไชโย,20,0.0,0.0,0.0,,,True
1791520200,2026-10-09T04:30:00Z,สามโก้,10,0.0,0.0,0.0,,,True
1791520200,2026-10-09T04:30:00Z,แสวงหา,43,0.0,0.0,0.0,,,True
1791520200,2026-10-09T04:30:00Z,วิเศษชัยชาญ,7,0.0,0.0,0.0,,,True
1791520200,2026-10-09T04:30:00Z,โพธิ์ทอง,48,0.0,0.0,0.0,,,True
1791520200,2026-10-09T04:30:00Z,เมืองลพบุรี,190,0.0,0.0,0.0,,,True
1791520200,2026-10-09T04:30:00Z,เดิมบางนางบวช,130,0.0,0.0,0.0,,,True
1791520200,2026-10-09T04:30:00Z,ด่านช้าง,309,0.0,0.0,0.0,,,True
1791520200,2026-10-09T04:30:00Z,หนองม่วง,111,0.0,0.0,0.0,,,True
1791520200,2026-10-09T04:30:00Z,ลำสนธิ,136,0.0,0.0,0.0,,,True
1791520200,2026-10-09T04:30:00Z,สามชุก,77,0.0,0.0,0.0,,,True
1791520200,2026-10-09T04:30:00Z,ดอนเจดีย์,72,0.0,0.0,0.0,,,True
1791520200,2026-10-09T04:30:00Z,สระโบสถ์,83,0.0,0.0,0.0,,,True
1791520200,2026-10-09T04:30:00Z,ศรีประจันต์,41,0.0,0.0,0.0,,,True
1791520200,2026-10-09T04:30:00Z,โคกเจริญ,135,0.0,0.0,0.0,,,True
1791520200,2026-10-09T04:30:00Z,บ้านหมี่,136,0.0,0.0,0.0,,,True
1791520200,2026-10-09T04:30:00Z,ท่าหลวง,100,0.0,0.0,0.0,,,True
1791520200,2026-10-09T04:30:00Z,ชัยบาดาล,280,0.0,0.0,0.0,,,True
1791520200,2026-10-09T04:30:00Z,ท่าวุ้ง,64,0.0,0.0,0.0,,,True
1791520200,2026-10-09T04:30:00Z,พัฒนานิคม,217,0.0,0.0,0.0,,,True
1791520200,2026-10-09T04:30:00Z,โคกสำโรง,180,0.0,0.0,0.0,,,True
1791520200,2026-10-09T04:30:00Z,หนองหญ้าไซ,108,0.0,0.0,0.0,,,True
1791520200,2026-10-09T04:30:00Z,ท่าช้าง,11,0.0,0.0,0.0,,,True
1791520200,2026-10-09T04:30:00Z,อินทร์บุรี,66,0.0,0.0,0.0,,,True
1791520200,2026-10-09T04:30:00Z,ค่ายบางระจัน,26,0.0,0.0,0.0,,,True
1791520200,2026-10-09T04:30:00Z,พรหมบุรี,19,0.0,0.0,0.0,,,True
1791520200,2026-10-09T04:30:00Z,เนินสง่า,65,0.0,0.0,0.0,,,True
1791520200,2026-10-09T04:30:00Z,เมืองสิงห์บุรี,31,0.0,0.0,0.0,,,True
1791520200,2026-10-09T04:30:00Z,ซับใหญ่,72,0.0,0.0,0.0,,,True
1791520200,2026-10-09T04:30:00Z,บางระจัน,46,0.0,0.0,0.0,,,True
1791520200,2026-10-09T04:30:00Z,ภูกระดึง,190,0.0,0.0,0.0,,,True
1791520200,2026-10-09T04:30:00Z,ภูหลวง,145,0.0,0.0,0.0,,,True
1791520200,2026-10-09T04:30:00Z,หนองหิน,78,0.0,0.0,0.0,,,True
1791520200,2026-10-09T04:30:00Z,ผาขาว,100,0.0,0.0,0.0,,,True
1791520200,2026-10-09T04:30:00Z,เอราวัณ,87,0.0,0.0,0.0,,,True
1791520200,2026-10-09T04:30:00Z,วังสะพุง,281,0.0,0.0,0.0,,,True
1791520200,2026-10-09T04:30:00Z,วังม่วง,70,0.0,0.0,0.0,,,True
1791520200,2026-10-09T04:30:00Z,เฉลิมพระเกียรติ,35,0.0,0.0,0.0,,,True
1791520200,2026-10-09T04:30:00Z,มวกเหล็ก,175,0.0,0.0,0.0,,,True
1791520200,2026-10-09T04:30:00Z,บ้านเขว้า,124,0.0,0.0,0.0,,,True
1791520200,2026-10-09T04:30:00Z,คอนสวรรค์,113,0.0,0.0,0.0,,,True
1791520200,2026-10-09T04:30:00Z,เมืองชัยภูมิ,358,0.0,0.0,0.0,,,True
1791520200,2026-10-09T04:30:00Z,วังทอง,425,0.0,0.0,0.0,,,True
1791520200,2026-10-09T04:30:00Z,เนินมะปราง,276,0.0,0.0,0.0,,,True
1791520200,2026-10-09T04:30:00Z,สวรรคโลก,156,0.0,0.0,0.0,,,True
1791520200,2026-10-09T04:30:00Z,ศรีนคร,46,0.0,0.0,0.0,,,True
1791520200,2026-10-09T04:30:00Z,หันคา,139,0.0,0.0,0.0,,,True
1791520200,2026-10-09T04:30:00Z,ศรีสัชนาลัย,534,0.0,0.0,0.0,,,True
1791520200,2026-10-09T04:30:00Z,หนองมะโมง,76,0.0,0.0,0.0,,,True
1791520200,2026-10-09T04:30:00Z,ศรีสำโรง,142,0.0,0.0,0.0,,,True
1791520200,2026-10-09T04:30:00Z,สรรพยา,55,0.0,0.0,0.0,,,True
1791520200,2026-10-09T04:30:00Z,คีรีมาศ,171,0.0,0.0,0.0,,,True
1791520200,2026-10-09T04:30:00Z,สรรคบุรี,89,0.0,0.0,0.0,,,True
1791520200,2026-10-09T04:30:00Z,กงไกรลาศ,108,0.0,0.0,0.0,,,True
1791520200,2026-10-09T04:30:00Z,มโนรมย์,66,0.0,0.0,0.0,,,True
1791520200,2026-10-09T04:30:00Z,เมืองสุโขทัย,136,0.0,0.0,0.0,,,True
1791520200,2026-10-09T04:30:00Z,วัดสิงห์,67,0.0,0.0,0.0,,,True
1791520200,2026-10-09T04:30:00Z,บ้านด่านลานหอย,231,0.0,0.0,0.0,,,True
1791520200,2026-10-09T04:30:00Z,เมืองชัยนาท,70,0.0,0.0,0.0,,,True
1791520200,2026-10-09T04:30:00Z,เนินขาม,65,0.0,0.0,0.0,,,True
1791520200,2026-10-09T04:30:00Z,คอนสาร,334,0.0,0.0,0.0,,,True
1791520200,2026-10-09T04:30:00Z,ภักดีชุมพล,154,0.0,0.0,0.0,,,True
1791520200,2026-10-09T04:30:00Z,บ้านแท่น,76,0.0,0.0,0.0,,,True
1791520200,2026-10-09T04:30:00Z,แก้งคร้อ,168,0.0,0.0,0.0,,,True
1791520200,2026-10-09T04:30:00Z,ภูเขียว,201,0.0,0.0,0.0,,,True
1791520200,2026-10-09T04:30:00Z,หนองบัวระเหว,179,0.0,0.0,0.0,,,True
1791520200,2026-10-09T04:30:00Z,เทพสถิต,239,0.0,0.0,0.0,,,True
1791520200,2026-10-09T04:30:00Z,จัตุรัส,172,0.0,0.0,0.0,,,True
1791520200,2026-10-09T04:30:00Z,บำเหน็จณรงค์,120,0.0,0.0,0.0,,,True
1791520200,2026-10-09T04:30:00Z,เกษตรสมบูรณ์,268,0.0,0.0,0.0,,,True
1791520200,2026-10-09T04:30:00Z,หนองบัวแดง,537,0.0,0.0,0.0,,,True
1791520200,2026-10-09T04:30:00Z,ภูเรือ,168,0.0,0.0,0.0,,,True
1791520200,2026-10-09T04:30:00Z,ท่าลี่,171,0.0,0.0,0.0,,,True
1791520200,2026-10-09T04:30:00Z,วชิรบารมี,68,0.0,0.0,0.0,,,True
1791520200,2026-10-09T04:30:00Z,ด่านซ้าย,341,0.0,0.0,0.0,,,True
1791520200,2026-10-09T04:30:00Z,นาแห้ว,153,0.0,0.0,0.0,,,True
1791520200,2026-10-09T04:30:00Z,บึงนาราง,74,0.0,0.0,0.0,,,True
1791520200,2026-10-09T04:30:00Z,เชียงคาน,213,0.0,0.0,0.0,,,True
1791520200,2026-10-09T04:30:00Z,ดงเจริญ,56,0.0,0.0,0.0,,,True
1791520200,2026-10-09T04:30:00Z,ปากชม,240,0.0,0.0,0.0,,,True
1791520200,2026-10-09T04:30:00Z,เมืองเลย,314,0.0,0.0,0.0,,,True
1791520200,2026-10-09T04:30:00Z,นาด้วง,143,0.0,0.0,0.0,,,True
1791520200,2026-10-09T04:30:00Z,สากเหล็ก,45,0.0,0.0,0.0,,,True
1791520200,2026-10-09T04:30:00Z,สามง่าม,89,0.0,0.0,0.0,,,True
1791520200,2026-10-09T04:30:00Z,ทับคล้อ,104,0.0,0.0,0.0,,,True
1791520200,2026-10-09T04:30:00Z,พรหมพิราม,206,0.0,0.0,0.0,,,True
1791520200,2026-10-09T04:30:00Z,ด่านขุนทด,344,0.0,0.0,0.0,,,True
1791520200,2026-10-09T04:30:00Z,วัดโบสถ์,226,0.0,0.0,0.0,,,True
1791520200,2026-10-09T04:30:00Z,บางระกำ,246,0.0,0.0,0.0,,,True
1791520200,2026-10-09T04:30:00Z,บางกระทุ่ม,91,0.0,0.0,0.0,,,True
1791520200,2026-10-09T04:30:00Z,นครไทย,597,0.0,0.0,0.0,,,True
1791520200,2026-10-09T04:30:00Z,ชาติตระการ,415,0.0,0.0,0.0,,,True
1791520200,2026-10-09T04:30:00Z,บ้านเหลื่อม,55,0.0,0.0,0.0,,,True
1791520200,2026-10-09T04:30:00Z,เมืองพิษณุโลก,178,0.0,0.0,0.0,,,True
1791520200,2026-10-09T04:30:00Z,ชุมแสง,145,0.0,0.0,0.0,,,True
1791520200,2026-10-09T04:30:00Z,หนองบัว,208,0.0,0.0,0.0,,,True
1791520200,2026-10-09T04:30:00Z,เมืองนครสวรรค์,183,0.0,0.0,0.0,,,True
1791520200,2026-10-09T04:30:00Z,โกรกพระ,71,0.0,0.0,0.0,,,True
1791520200,2026-10-09T04:30:00Z,ไพศาลี,244,0.0,0.0,0.0,,,True
1791520200,2026-10-09T04:30:00Z,ตาคลี,206,0.0,0.0,0.0,,,True
1791520200,2026-10-09T04:30:00Z,ท่าตะโก,211,0.0,0.0,0.0,,,True
1791520200,2026-10-09T04:30:00Z,เขาค้อ,207,0.0,0.0,0.0,,,True
1791520200,2026-10-09T04:30:00Z,บรรพตพิสัย,181,0.0,0.0,0.0,,,True
1791520200,2026-10-09T04:30:00Z,เก้าเลี้ยว,57,0.0,0.0,0.0,,,True
1791520200,2026-10-09T04:30:00Z,วังโป่ง,123,0.0,0.0,0.0,,,True
1791520200,2026-10-09T04:30:00Z,บึงสามพัน,194,0.0,0.0,0.0,,,True
1791520200,2026-10-09T04:30:00Z,น้ำหนาว,231,0.0,0.0,0.0,,,True
1791520200,2026-10-09T04:30:00Z,ศรีเทพ,204,0.0,0.0,0.0,,,True
1791520200,2026-10-09T04:30:00Z,หนองไผ่,315,0.0,0.0,0.0,,,True
1791520200,2026-10-09T04:30:00Z,มหาราช,4,0.0,0.0,0.0,,,False
1791520200,2026-10-09T04:30:00Z,บ้านแพรก,10,0.0,0.0,0.0,,,True
1791520200,2026-10-09T04:30:00Z,บางมูลนาก,99,0.0,0.0,0.0,,,True
1791520200,2026-10-09T04:30:00Z,โพทะเล,131,0.0,0.0,0.0,,,True
1791520200,2026-10-09T04:30:00Z,โพธิ์ประทับช้าง,102,0.0,0.0,0.0,,,True
1791520200,2026-10-09T04:30:00Z,ตะพานหิน,109,0.0,0.0,0.0,,,True
1791520200,2026-10-09T04:30:00Z,เมืองพิจิตร,138,0.0,0.0,0.0,,,True
1791520200,2026-10-09T04:30:00Z,วังทรายพูน,66,0.0,0.0,0.0,,,True
1791520200,2026-10-09T04:30:00Z,พิชัย,176,0.0,0.0,0.0,,,True
1791520200,2026-10-09T04:30:00Z,ลับแล,116,0.0,0.0,0.0,,,True
1791520200,2026-10-09T04:30:00Z,ฟากท่า,163,0.0,0.0,0.0,,,True
1791520200,2026-10-09T04:30:00Z,บ้านโคก,247,0.0,0.0,0.0,,,True
1791520200,2026-10-09T04:30:00Z,ท่าปลา,442,0.0,0.0,0.0,,,True
1791520200,2026-10-09T04:30:00Z,น้ำปาด,363,0.0,0.0,0.0,,,True
1791520200,2026-10-09T04:30:00Z,เมืองอุตรดิตถ์,202,0.0,0.0,0.0,,,True
1791520200,2026-10-09T04:30:00Z,ตรอน,80,0.0,0.0,0.0,,,True
1791520200,2026-10-09T04:30:00Z,หล่มเก่า,246,0.0,0.0,0.0,,,True
1791520200,2026-10-09T04:30:00Z,วิเชียรบุรี,377,0.0,0.0,0.0,,,True
1791520200,2026-10-09T04:30:00Z,ชนแดน,279,0.0,0.0,0.0,,,True
1791520200,2026-10-09T04:30:00Z,หล่มสัก,350,0.0,0.0,0.0,,,True
1791520200,2026-10-09T04:30:00Z,เมืองเพชรบูรณ์,571,0.0,0.0,0.0,,,True
1791520200,2026-10-09T04:30:00Z,ทองแสนขัน,185,0.0,0.0,0.0,,,True
1791520200,2026-10-09T04:30:00Z,บึงสามัคคี,71,0.0,0.0,0.0,,,True
1791520200,2026-10-09T04:30:00Z,โกสัมพีนคร,137,0.0,0.0,0.0,,,True
1791520200,2026-10-09T04:30:00Z,สอง,380,0.0,0.0,0.0,,,True
1791520200,2026-10-09T04:30:00Z,วังชิ้น,255,0.0,0.0,0.0,,,True
1791520200,2026-10-09T04:30:00Z,สูงเม่น,88,0.0,0.0,0.0,,,True
1791520200,2026-10-09T04:30:00Z,เด่นชัย,135,0.0,0.0,0.0,,,True
1791520200,2026-10-09T04:30:00Z,ร้องกวาง,221,0.0,0.0,0.0,,,True
1791520200,2026-10-09T04:30:00Z,ลอง,317,0.0,0.0,0.0,,,True
1791520200,2026-10-09T04:30:00Z,เมืองแพร่,205,0.0,0.0,0.0,,,True
1791520200,2026-10-09T04:30:00Z,ทัพทัน,94,0.0,0.0,0.0,,,True
1791520200,2026-10-09T04:30:00Z,สว่างอารมณ์,110,0.0,0.0,0.0,,,True
1791520200,2026-10-09T04:30:00Z,เมืองอุทัยธานี,59,0.0,0.0,0.0,,,True
1791520200,2026-10-09T04:30:00Z,ห้วยคต,94,0.0,0.0,0.0,,,True
1791520200,2026-10-09T04:30:00Z,ศรีสวัสดิ์,440,0.0,0.0,0.0,,,True
1791520200,2026-10-09T04:30:00Z,บ้านไร่,821,0.0,0.0,0.0,,,True
1791520200,2026-10-09T04:30:00Z,ลานสัก,360,0.0,0.0,0.0,,,True
1791520200,2026-10-09T04:30:00Z,หนองฉาง,89,0.0,0.0,0.0,,,True
1791520200,2026-10-09T04:30:00Z,หนองขาหย่าง,43,0.0,0.0,0.0,,,True
1791520200,2026-10-09T04:30:00Z,เชียงม่วน,82,0.0,0.0,0.0,,,True
1791520200,2026-10-09T04:30:00Z,ดอกคำใต้,37,0.0,0.0,0.0,,,True
1791520200,2026-10-09T04:30:00Z,เมืองพะเยา,6,0.0,0.0,0.0,,,True
1791520200,2026-10-09T04:30:00Z,ทองผาภูมิ,851,0.0,0.0,0.0,,,True
1791520200,2026-10-09T04:30:00Z,สังขละบุรี,793,0.0,0.0,0.0,,,True
1791520200,2026-10-09T04:30:00Z,หนองม่วงไข่,35,0.0,0.0,0.0,,,True
1791520200,2026-10-09T04:30:00Z,ภูเวียง,81,0.0,0.0,0.0,,,True
1791520200,2026-10-09T04:30:00Z,มัญจาคีรี,50,0.0,0.0,0.0,,,True
1791520200,2026-10-09T04:30:00Z,หนองปรือ,104,0.0,0.0,0.0,,,True
1791520200,2026-10-09T04:30:00Z,เลาขวัญ,123,0.0,0.0,0.0,,,True
1791520200,2026-10-09T04:30:00Z,หนองนาคำ,43,0.0,0.0,0.0,,,True
1791520200,2026-10-09T04:30:00Z,โคกโพธิ์ไชย,65,0.0,0.0,0.0,,,True
1791520200,2026-10-09T04:30:00Z,บ้านหลวง,91,0.0,0.0,0.0,,,True
1791520200,2026-10-09T04:30:00Z,นาน้อย,266,0.0,0.0,0.0,,,True
1791520200,2026-10-09T04:30:00Z,ภูผาม่าน,74,0.0,0.0,0.0,,,True
1791520200,2026-10-09T04:30:00Z,เมืองน่าน,161,0.0,0.0,0.0,,,True
1791520200,2026-10-09T04:30:00Z,แม่จริม,262,0.0,0.0,0.0,,,True
1791520200,2026-10-09T04:30:00Z,เวียงเก่า,78,0.0,0.0,0.0,,,True
1791520200,2026-10-09T04:30:00Z,เมืองกำแพงเพชร,368,0.0,0.0,0.0,,,True
1791520200,2026-10-09T04:30:00Z,ไทรงาม,133,0.0,0.0,0.0,,,True
1791520200,2026-10-09T04:30:00Z,ปางศิลาทอง,186,0.0,0.0,0.0,,,True
1791520200,2026-10-09T04:30:00Z,ลานกระบือ,103,0.0,0.0,0.0,,,True
1791520200,2026-10-09T04:30:00Z,ทรายทองวัฒนา,53,0.0,0.0,0.0,,,True
1791520200,2026-10-09T04:30:00Z,คลองขลุง,179,0.0,0.0,0.0,,,True
1791520200,2026-10-09T04:30:00Z,พรานกระต่าย,252,0.0,0.0,0.0,,,True
1791520200,2026-10-09T04:30:00Z,คลองลาน,363,0.018,0.592,0.0716,,15,True
1791520200,2026-10-09T04:30:00Z,ขาณุวรลักษบุรี,296,0.0,0.0,0.0,,,True
1791520200,2026-10-09T04:30:00Z,ภูเพียง,113,0.0,0.0,0.0,,,True
1791520200,2026-10-09T04:30:00Z,นาหมื่น,245,0.0,0.0,0.0,,,True
1791520200,2026-10-09T04:30:00Z,เวียงสา,543,0.0,0.0,0.0,,,True
1791520200,2026-10-09T04:30:00Z,น้ำโสม,153,0.0,0.0,0.0,,,True
1791520200,2026-10-09T04:30:00Z,นายูง,126,0.0,0.0,0.0,,,True
1791520200,2026-10-09T04:30:00Z,ชุมแพ,173,0.0,0.0,0.0,,,True
1791520200,2026-10-09T04:30:00Z,สีชมพู,132,0.0,0.0,0.0,,,True
1791520200,2026-10-09T04:30:00Z,สุวรรณคูหา,140,0.0,0.0,0.0,,,True
1791520200,2026-10-09T04:30:00Z,นาวัง,65,0.0,0.0,0.0,,,True
1791520200,2026-10-09T04:30:00Z,หนองเรือ,80,0.0,0.0,0.0,,,True
1791520200,2026-10-09T04:30:00Z,โนนสัง,51,0.0,0.0,0.0,,,True
1791520200,2026-10-09T04:30:00Z,ศรีบุญเรือง,224,0.0,0.0,0.0,,,True
1791520200,2026-10-09T04:30:00Z,เมืองหนองบัวลำภู,217,0.0,0.0,0.0,,,True
1791520200,2026-10-09T04:30:00Z,นากลาง,173,0.0,0.0,0.0,,,True
1791520200,2026-10-09T04:30:00Z,ทุ่งเสลี่ยม,144,0.0,0.0,0.0,,,True
1791520200,2026-10-09T04:30:00Z,ดอยหล่อ,56,0.0,0.0,0.0,,,True
1791520200,2026-10-09T04:30:00Z,เมืองตาก,486,0.0,0.0,0.0,,,True
1791520200,2026-10-09T04:30:00Z,แม่ออน,116,0.0,0.0,0.0,,,True
1791520200,2026-10-09T04:30:00Z,อุ้มผาง,1209,0.009,0.592,0.0513,,30,True
1791520200,2026-10-09T04:30:00Z,วังเจ้า,183,0.0,0.0,0.0,,,True
1791520200,2026-10-09T04:30:00Z,แม่สอด,398,0.0,0.0,0.0,,,True
1791520200,2026-10-09T04:30:00Z,พบพระ,249,0.0,0.0,0.0,,,True
1791520200,2026-10-09T04:30:00Z,แม่ระมาด,380,0.0,0.0,0.0,,,True
1791520200,2026-10-09T04:30:00Z,ท่าสองยาง,401,0.0,0.0,0.0,,,True
1791520200,2026-10-09T04:30:00Z,บ้านตาก,255,0.0,0.0,0.0,,,True
1791520200,2026-10-09T04:30:00Z,สามเงา,698,0.0,0.0,0.0,,,True
1791520200,2026-10-09T04:30:00Z,จอมทอง,280,0.0,0.0,0.0,,,True
1791520200,2026-10-09T04:30:00Z,แก้งสนามนาง,79,0.0,0.0,0.0,,,True
1791520200,2026-10-09T04:30:00Z,สีคิ้ว,292,0.0,0.0,0.0,,,True
1791520200,2026-10-09T04:30:00Z,พระทองคำ,90,0.0,0.0,0.0,,,True
1791520200,2026-10-09T04:30:00Z,เทพารักษ์,92,0.0,0.0,0.0,,,True
1791520200,2026-10-09T04:30:00Z,สันกำแพง,65,0.0,0.0,0.0,,,True
1791520200,2026-10-09T04:30:00Z,สันป่าตอง,44,0.0,0.0,0.0,,,True
1791520200,2026-10-09T04:30:00Z,ดอยเต่า,213,0.0,0.0,0.0,,,True
1791520200,2026-10-09T04:30:00Z,อมก๋อย,704,0.0,0.0,0.0,,,True
1791520200,2026-10-09T04:30:00Z,ฮอด,378,0.0,0.0,0.0,,,True
1791520200,2026-10-09T04:30:00Z,เมืองลำพูน,117,0.0,0.0,0.0,,,True
1791520200,2026-10-09T04:30:00Z,แม่ทา,192,0.0,0.0,0.0,,,True
1791520200,2026-10-09T04:30:00Z,บ้านธิ,34,0.0,0.0,0.0,,,True
1791520200,2026-10-09T04:30:00Z,บ้านหมอ,24,0.0,0.0,0.0,,,True
1791520200,2026-10-09T04:30:00Z,เวียงหนองล่อง,14,0.0,0.0,0.0,,,True
1791520200,2026-10-09T04:30:00Z,ทุ่งหัวช้าง,113,0.0,0.0,0.0,,,True
1791520200,2026-10-09T04:30:00Z,ป่าซาง,74,0.0,0.0,0.0,,,True
1791520200,2026-10-09T04:30:00Z,บ้านโฮ่ง,124,0.0,0.0,0.0,,,True
1791520200,2026-10-09T04:30:00Z,แก่งคอย,73,0.0,0.0,0.0,,,True
1791520200,2026-10-09T04:30:00Z,ลี้,454,0.0,0.0,0.0,,,True
1791520200,2026-10-09T04:30:00Z,พระพุทธบาท,55,0.0,0.0,0.0,,,True
1791520200,2026-10-09T04:30:00Z,ดอนพุด,7,0.0,0.0,0.0,,,True
1791520200,2026-10-09T04:30:00Z,หนองโดน,31,0.0,0.0,0.0,,,True
1791520200,2026-10-09T04:30:00Z,เมืองลำปาง,300,0.0,0.0,0.0,,,True
1791520200,2026-10-09T04:30:00Z,เถิน,443,0.0,0.0,0.0,,,True
1791520200,2026-10-09T04:30:00Z,แม่พริก,167,0.0,0.0,0.0,,,True
1791520200,2026-10-09T04:30:00Z,แจ้ห่ม,274,0.0,0.0,0.0,,,True
1791520200,2026-10-09T04:30:00Z,แม่เปิน,85,0.0,0.0,0.0,,,True
1791520200,2026-10-09T04:30:00Z,เสริมงาม,185,0.0,0.0,0.0,,,True
1791520200,2026-10-09T04:30:00Z,ชุมตาบง,61,0.0,0.0,0.0,,,True
1791520200,2026-10-09T04:30:00Z,งาว,344,0.0,0.0,0.0,,,True
1791520200,2026-10-09T04:30:00Z,ตากฟ้า,125,0.0,0.0,0.0,,,True
1791520200,2026-10-09T04:30:00Z,แม่เมาะ,283,0.0,0.0,0.0,,,True
1791520200,2026-10-09T04:30:00Z,แม่วงก์,257,0.0,0.0,0.0,,,True
1791520200,2026-10-09T04:30:00Z,เกาะคา,128,0.0,0.0,0.0,,,True
1791520200,2026-10-09T04:30:00Z,พยุหะคีรี,169,0.0,0.0,0.0,,,True
1791520200,2026-10-09T04:30:00Z,ลาดยาว,187,0.0,0.0,0.0,,,True
1791520200,2026-10-09T04:30:00Z,สบปราบ,125,0.0,0.0,0.0,,,True
1791520200,2026-10-09T04:30:00Z,ห้างฉัตร,154,0.0,0.0,0.0,,,True
1791520200,2026-10-09T04:30:00Z,แม่ทะ,203,0.0,0.0,0.0,,,True
1791520200,2026-10-09T04:30:00Z,เมืองปาน,202,0.0,0.0,0.0,,,True
1791520200,2026-10-09T04:30:00Z,เมืองอ่างทอง,6,0.0,0.0,0.0,,,True
1791520200,2026-10-09T04:30:00Z,ไชโย,20,0.0,0.0,0.0,,,True
1791520200,2026-10-09T04:30:00Z,สามโก้,10,0.0,0.0,0.0,,,True
1791520200,2026-10-09T04:30:00Z,แสวงหา,43,0.0,0.0,0.0,,,True
1791520200,2026-10-09T04:30:00Z,วิเศษชัยชาญ,7,0.0,0.0,0.0,,,True
1791520200,2026-10-09T04:30:00Z,โพธิ์ทอง,48,0.0,0.0,0.0,,,True
1791520200,2026-10-09T04:30:00Z,เมืองลพบุรี,190,0.0,0.0,0.0,,,True
1791520200,2026-10-09T04:30:00Z,เดิมบางนางบวช,130,0.0,0.0,0.0,,,True
1791520200,2026-10-09T04:30:00Z,ด่านช้าง,309,0.0,0.0,0.0,,,True
1791520200,2026-10-09T04:30:00Z,หนองม่วง,111,0.0,0.0,0.0,,,True
1791520200,2026-10-09T04:30:00Z,ลำสนธิ,136,0.0,0.0,0.0,,,True
1791520200,2026-10-09T04:30:00Z,สามชุก,77,0.0,0.0,0.0,,,True
1791520200,2026-10-09T04:30:00Z,ดอนเจดีย์,72,0.0,0.0,0.0,,,True
1791520200,2026-10-09T04:30:00Z,สระโบสถ์,83,0.0,0.0,0.0,,,True
1791520200,2026-10-09T04:30:00Z,ศรีประจันต์,41,0.0,0.0,0.0,,,True
1791520200,2026-10-09T04:30:00Z,โคกเจริญ,135,0.0,0.0,0.0,,,True
1791520200,2026-10-09T04:30:00Z,บ้านหมี่,136,0.0,0.0,0.0,,,True
1791520200,2026-10-09T04:30:00Z,ท่าหลวง,100,0.0,0.0,0.0,,,True
1791520200,2026-10-09T04:30:00Z,ชัยบาดาล,280,0.0,0.0,0.0,,,True
1791520200,2026-10-09T04:30:00Z,ท่าวุ้ง,64,0.0,0.0,0.0,,,True
1791520200,2026-10-09T04:30:00Z,พัฒนานิคม,217,0.0,0.0,0.0,,,True
1791520200,2026-10-09T04:30:00Z,โคกสำโรง,180,0.0,0.0,0.0,,,True
1791520200,2026-10-09T04:30:00Z,หนองหญ้าไซ,108,0.0,0.0,0.0,,,True
1791520200,2026-10-09T04:30:00Z,ท่าช้าง,11,0.0,0.0,0.0,,,True
1791520200,2026-10-09T04:30:00Z,อินทร์บุรี,66,0.0,0.0,0.0,,,True
1791520200,2026-10-09T04:30:00Z,ค่ายบางระจัน,26,0.0,0.0,0.0,,,True
1791520200,2026-10-09T04:30:00Z,พรหมบุรี,19,0.0,0.0,0.0,,,True
1791520200,2026-10-09T04:30:00Z,เนินสง่า,65,0.0,0.0,0.0,,,True
1791520200,2026-10-09T04:30:00Z,เมืองสิงห์บุรี,31,0.0,0.0,0.0,,,True
1791520200,2026-10-09T04:30:00Z,ซับใหญ่,72,0.0,0.0,0.0,,,True
1791520200,2026-10-09T04:30:00Z,บางระจัน,46,0.0,0.0,0.0,,,True
1791520200,2026-10-09T04:30:00Z,ภูกระดึง,190,0.0,0.0,0.0,,,True
1791520200,2026-10-09T04:30:00Z,ภูหลวง,145,0.0,0.0,0.0,,,True
1791520200,2026-10-09T04:30:00Z,หนองหิน,78,0.0,0.0,0.0,,,True
1791520200,2026-10-09T04:30:00Z,ผาขาว,100,0.0,0.0,0.0,,,True
1791520200,2026-10-09T04:30:00Z,เอราวัณ,87,0.0,0.0,0.0,,,True
1791520200,2026-10-09T04:30:00Z,วังสะพุง,281,0.0,0.0,0.0,,,True
1791520200,2026-10-09T04:30:00Z,วังม่วง,70,0.0,0.0,0.0,,,True
1791520200,2026-10-09T04:30:00Z,เฉลิมพระเกียรติ,35,0.0,0.0,0.0,,,True
1791520200,2026-10-09T04:30:00Z,มวกเหล็ก,175,0.0,0.0,0.0,,,True
1791520200,2026-10-09T04:30:00Z,บ้านเขว้า,124,0.0,0.0,0.0,,,True
1791520200,2026-10-09T04:30:00Z,คอนสวรรค์,113,0.0,0.0,0.0,,,True
1791520200,2026-10-09T04:30:00Z,เมืองชัยภูมิ,358,0.0,0.0,0.0,,,True
1791520200,2026-10-09T04:30:00Z,วังทอง,425,0.0,0.0,0.0,,,True
1791520200,2026-10-09T04:30:00Z,เนินมะปราง,276,0.0,0.0,0.0,,,True
1791520200,2026-10-09T04:30:00Z,สวรรคโลก,156,0.0,0.0,0.0,,,True
1791520200,2026-10-09T04:30:00Z,ศรีนคร,46,0.0,0.0,0.0,,,True
1791520200,2026-10-09T04:30:00Z,หันคา,139,0.0,0.0,0.0,,,True
1791520200,2026-10-09T04:30:00Z,ศรีสัชนาลัย,534,0.0,0.0,0.0,,,True
1791520200,2026-10-09T04:30:00Z,หนองมะโมง,76,0.0,0.0,0.0,,,True
1791520200,2026-10-09T04:30:00Z,ศรีสำโรง,142,0.0,0.0,0.0,,,True
1791520200,2026-10-09T04:30:00Z,สรรพยา,55,0.0,0.0,0.0,,,True
1791520200,2026-10-09T04:30:00Z,คีรีมาศ,171,0.0,0.0,0.0,,,True
1791520200,2026-10-09T04:30:00Z,สรรคบุรี,89,0.0,0.0,0.0,,,True
1791520200,2026-10-09T04:30:00Z,กงไกรลาศ,108,0.0,0.0,0.0,,,True
1791520200,2026-10-09T04:30:00Z,มโนรมย์,66,0.0,0.0,0.0,,,True
1791520200,2026-10-09T04:30:00Z,เมืองสุโขทัย,136,0.0,0.0,0.0,,,True
1791520200,2026-10-09T04:30:00Z,วัดสิงห์,67,0.0,0.0,0.0,,,True
1791520200,2026-10-09T04:30:00Z,บ้านด่านลานหอย,231,0.0,0.0,0.0,,,True
1791520200,2026-10-09T04:30:00Z,เมืองชัยนาท,70,0.0,0.0,0.0,,,True
1791520200,2026-10-09T04:30:00Z,เนินขาม,65,0.0,0.0,0.0,,,True
1791520200,2026-10-09T04:30:00Z,คอนสาร,334,0.0,0.0,0.0,,,True
1791520200,2026-10-09T04:30:00Z,ภักดีชุมพล,154,0.0,0.0,0.0,,,True
1791520200,2026-10-09T04:30:00Z,บ้านแท่น,76,0.0,0.0,0.0,,,True
1791520200,2026-10-09T04:30:00Z,แก้งคร้อ,168,0.0,0.0,0.0,,,True
1791520200,2026-10-09T04:30:00Z,ภูเขียว,201,0.0,0.0,0.0,,,True
1791520200,2026-10-09T04:30:00Z,หนองบัวระเหว,179,0.0,0.0,0.0,,,True
1791520200,2026-10-09T04:30:00Z,เทพสถิต,239,0.0,0.0,0.0,,,True
1791520200,2026-10-09T04:30:00Z,จัตุรัส,172,0.0,0.0,0.0,,,True
1791520200,2026-10-09T04:30:00Z,บำเหน็จณรงค์,120,0.0,0.0,0.0,,,True
1791520200,2026-10-09T04:30:00Z,เกษตรสมบูรณ์,268,0.0,0.0,0.0,,,True
1791520200,2026-10-09T04:30:00Z,หนองบัวแดง,537,0.0,0.0,0.0,,,True
1791520200,2026-10-09T04:30:00Z,ภูเรือ,168,0.0,0.0,0.0,,,True
1791520200,2026-10-09T04:30:00Z,ท่าลี่,171,0.0,0.0,0.0,,,True
1791520200,2026-10-09T04:30:00Z,วชิรบารมี,68,0.0,0.0,0.0,,,True
1791520200,2026-10-09T04:30:00Z,ด่านซ้าย,341,0.0,0.0,0.0,,,True
1791520200,2026-10-09T04:30:00Z,นาแห้ว,153,0.0,0.0,0.0,,,True
1791520200,2026-10-09T04:30:00Z,บึงนาราง,74,0.0,0.0,0.0,,,True
1791520200,2026-10-09T04:30:00Z,เชียงคาน,213,0.0,0.0,0.0,,,True
1791520200,2026-10-09T04:30:00Z,ดงเจริญ,56,0.0,0.0,0.0,,,True
1791520200,2026-10-09T04:30:00Z,ปากชม,240,0.0,0.0,0.0,,,True
1791520200,2026-10-09T04:30:00Z,เมืองเลย,314,0.0,0.0,0.0,,,True
1791520200,2026-10-09T04:30:00Z,นาด้วง,143,0.0,0.0,0.0,,,True
1791520200,2026-10-09T04:30:00Z,สากเหล็ก,45,0.0,0.0,0.0,,,True
1791520200,2026-10-09T04:30:00Z,สามง่าม,89,0.0,0.0,0.0,,,True
1791520200,2026-10-09T04:30:00Z,ทับคล้อ,104,0.0,0.0,0.0,,,True
1791520200,2026-10-09T04:30:00Z,พรหมพิราม,206,0.0,0.0,0.0,,,True
1791520200,2026-10-09T04:30:00Z,ด่านขุนทด,344,0.0,0.0,0.0,,,True
1791520200,2026-10-09T04:30:00Z,วัดโบสถ์,226,0.0,0.0,0.0,,,True
1791520200,2026-10-09T04:30:00Z,บางระกำ,246,0.0,0.0,0.0,,,True
1791520200,2026-10-09T04:30:00Z,บางกระทุ่ม,91,0.0,0.0,0.0,,,True
1791520200,2026-10-09T04:30:00Z,นครไทย,597,0.0,0.0,0.0,,,True
1791520200,2026-10-09T04:30:00Z,ชาติตระการ,415,0.0,0.0,0.0,,,True
1791520200,2026-10-09T04:30:00Z,บ้านเหลื่อม,55,0.0,0.0,0.0,,,True
1791520200,2026-10-09T04:30:00Z,เมืองพิษณุโลก,178,0.0,0.0,0.0,,,True
1791520200,2026-10-09T04:30:00Z,ชุมแสง,145,0.0,0.0,0.0,,,True
1791520200,2026-10-09T04:30:00Z,หนองบัว,208,0.0,0.0,0.0,,,True
1791520200,2026-10-09T04:30:00Z,เมืองนครสวรรค์,183,0.0,0.0,0.0,,,True
1791520200,2026-10-09T04:30:00Z,โกรกพระ,71,0.0,0.0,0.0,,,True
1791520200,2026-10-09T04:30:00Z,ไพศาลี,244,0.0,0.0,0.0,,,True
1791520200,2026-10-09T04:30:00Z,ตาคลี,206,0.0,0.0,0.0,,,True
1791520200,2026-10-09T04:30:00Z,ท่าตะโก,211,0.0,0.0,0.0,,,True
1791520200,2026-10-09T04:30:00Z,เขาค้อ,207,0.0,0.0,0.0,,,True
1791520200,2026-10-09T04:30:00Z,บรรพตพิสัย,181,0.0,0.0,0.0,,,True
1791520200,2026-10-09T04:30:00Z,เก้าเลี้ยว,57,0.0,0.0,0.0,,,True
1791520200,2026-10-09T04:30:00Z,วังโป่ง,123,0.0,0.0,0.0,,,True
1791520200,2026-10-09T04:30:00Z,บึงสามพัน,194,0.0,0.0,0.0,,,True
1791520200,2026-10-09T04:30:00Z,น้ำหนาว,231,0.0,0.0,0.0,,,True
1791520200,2026-10-09T04:30:00Z,ศรีเทพ,204,0.0,0.0,0.0,,,True
1791520200,2026-10-09T04:30:00Z,หนองไผ่,315,0.0,0.0,0.0,,,True
1791520200,2026-10-09T04:30:00Z,มหาราช,4,0.0,0.0,0.0,,,False
1791520200,2026-10-09T04:30:00Z,บ้านแพรก,10,0.0,0.0,0.0,,,True
1791520200,2026-10-09T04:30:00Z,บางมูลนาก,99,0.0,0.0,0.0,,,True
1791520200,2026-10-09T04:30:00Z,โพทะเล,131,0.0,0.0,0.0,,,True
1791520200,2026-10-09T04:30:00Z,โพธิ์ประทับช้าง,102,0.0,0.0,0.0,,,True
1791520200,2026-10-09T04:30:00Z,ตะพานหิน,109,0.0,0.0,0.0,,,True
1791520200,2026-10-09T04:30:00Z,เมืองพิจิตร,138,0.0,0.0,0.0,,,True
1791520200,2026-10-09T04:30:00Z,วังทรายพูน,66,0.0,0.0,0.0,,,True
1791528300,2026-10-09T06:45:00Z,พิชัย,176,0.0,0.0,0.0,,,True
1791528300,2026-10-09T06:45:00Z,ลับแล,116,0.0,0.0,0.0,,,True
1791528300,2026-10-09T06:45:00Z,ฟากท่า,163,0.0,0.0,0.0,,,True
1791528300,2026-10-09T06:45:00Z,บ้านโคก,247,0.0,0.0,0.0,,,True
1791528300,2026-10-09T06:45:00Z,ท่าปลา,442,0.0,0.0,0.0,,,True
1791528300,2026-10-09T06:45:00Z,น้ำปาด,363,0.0,0.0,0.0,,,True
1791528300,2026-10-09T06:45:00Z,เมืองอุตรดิตถ์,202,0.0,0.0,0.0,,,True
1791528300,2026-10-09T06:45:00Z,ตรอน,80,0.0,0.0,0.0,,,True
1791528300,2026-10-09T06:45:00Z,หล่มเก่า,246,0.0,0.0,0.0,,,True
1791528300,2026-10-09T06:45:00Z,วิเชียรบุรี,377,0.0,0.0,0.0,,,True
1791528300,2026-10-09T06:45:00Z,ชนแดน,279,0.0,0.0,0.0,,,True
1791528300,2026-10-09T06:45:00Z,หล่มสัก,350,0.0,0.0,0.0,,,True
1791528300,2026-10-09T06:45:00Z,เมืองเพชรบูรณ์,571,0.0,0.0,0.0,,,True
1791528300,2026-10-09T06:45:00Z,ทองแสนขัน,185,0.0,0.0,0.0,,,True
1791528300,2026-10-09T06:45:00Z,บึงสามัคคี,71,0.0,0.0,0.0,,,True
1791528300,2026-10-09T06:45:00Z,โกสัมพีนคร,137,0.0,0.0,0.0,,,True
1791528300,2026-10-09T06:45:00Z,สอง,380,0.0,0.0,0.0,,,True
1791528300,2026-10-09T06:45:00Z,วังชิ้น,255,0.0,0.0,0.0,,,True
1791528300,2026-10-09T06:45:00Z,สูงเม่น,88,0.0,0.0,0.0,,,True
1791528300,2026-10-09T06:45:00Z,เด่นชัย,135,0.0,0.0,0.0,,,True
1791528300,2026-10-09T06:45:00Z,ร้องกวาง,221,0.0,0.0,0.0,,,True
1791528300,2026-10-09T06:45:00Z,ลอง,317,0.0,0.0,0.0,,,True
1791528300,2026-10-09T06:45:00Z,เมืองแพร่,205,0.0,0.0,0.0,,,True
1791528300,2026-10-09T06:45:00Z,ทัพทัน,94,0.0,0.0,0.0,,,True
1791528300,2026-10-09T06:45:00Z,สว่างอารมณ์,110,0.0,0.0,0.0,,,True
1791528300,2026-10-09T06:45:00Z,เมืองอุทัยธานี,59,0.0,0.0,0.0,,,True
1791528300,2026-10-09T06:45:00Z,ห้วยคต,94,0.0,0.0,0.0,,,True
1791528300,2026-10-09T06:45:00Z,ศรีสวัสดิ์,440,0.0,0.0,0.0,,,True
1791528300,2026-10-09T06:45:00Z,บ้านไร่,821,0.0,0.0,0.0,,,True
1791528300,2026-10-09T06:45:00Z,ลานสัก,360,0.0,0.0,0.0,,,True
1791528300,2026-10-09T06:45:00Z,หนองฉาง,89,0.0,0.0,0.0,,,True
1791528300,2026-10-09T06:45:00Z,หนองขาหย่าง,43,0.0,0.0,0.0,,,True
1791528300,2026-10-09T06:45:00Z,เชียงม่วน,82,0.0,0.0,0.0,,,True
1791528300,2026-10-09T06:45:00Z,ดอกคำใต้,37,0.0,0.0,0.0,,,True
1791528300,2026-10-09T06:45:00Z,เมืองพะเยา,6,0.0,0.0,0.0,,,True
1791528300,2026-10-09T06:45:00Z,ทองผาภูมิ,851,0.0,0.0,0.0,,,True
1791528300,2026-10-09T06:45:00Z,สังขละบุรี,793,0.0,0.0,0.0,,,True
1791528300,2026-10-09T06:45:00Z,หนองม่วงไข่,35,0.0,0.0,0.0,,,True
1791528300,2026-10-09T06:45:00Z,ภูเวียง,81,0.0,0.0,0.0,,,True
1791528300,2026-10-09T06:45:00Z,มัญจาคีรี,50,0.0,0.0,0.0,,,True
1791528300,2026-10-09T06:45:00Z,หนองปรือ,104,0.0,0.0,0.0,,,True
1791528300,2026-10-09T06:45:00Z,เลาขวัญ,123,0.0,0.0,0.0,,,True
1791528300,2026-10-09T06:45:00Z,หนองนาคำ,43,0.0,0.0,0.0,,,True
1791528300,2026-10-09T06:45:00Z,โคกโพธิ์ไชย,65,0.0,0.0,0.0,,,True
1791528300,2026-10-09T06:45:00Z,บ้านหลวง,91,0.0,0.0,0.0,,,True
1791528300,2026-10-09T06:45:00Z,นาน้อย,266,0.0,0.0,0.0,,,True
1791528300,2026-10-09T06:45:00Z,ภูผาม่าน,74,0.0,0.0,0.0,,,True
1791528300,2026-10-09T06:45:00Z,เมืองน่าน,161,0.0,0.0,0.0,,,True
1791528300,2026-10-09T06:45:00Z,แม่จริม,262,0.0,0.0,0.0,,,True
1791528300,2026-10-09T06:45:00Z,เวียงเก่า,78,0.0,0.0,0.0,,,True
1791528300,2026-10-09T06:45:00Z,เมืองกำแพงเพชร,368,0.0,0.0,0.0,,,True
1791528300,2026-10-09T06:45:00Z,ไทรงาม,133,0.0,0.0,0.0,,,True
1791528300,2026-10-09T06:45:00Z,ปางศิลาทอง,186,0.0,0.0,0.0,,,True
1791528300,2026-10-09T06:45:00Z,ลานกระบือ,103,0.0,0.0,0.0,,,True
1791528300,2026-10-09T06:45:00Z,ทรายทองวัฒนา,53,0.0,0.0,0.0,,,True
1791528300,2026-10-09T06:45:00Z,คลองขลุง,179,0.0,0.0,0.0,,,True
1791528300,2026-10-09T06:45:00Z,พรานกระต่าย,252,0.0,0.0,0.0,,,True
1791528300,2026-10-09T06:45:00Z,คลองลาน,363,0.002,0.098,0.0165,,15,True
1791528300,2026-10-09T06:45:00Z,ขาณุวรลักษบุรี,296,0.0,0.098,0.0034,,120,True
1791528300,2026-10-09T06:45:00Z,ภูเพียง,113,0.0,0.0,0.0,,,True
1791528300,2026-10-09T06:45:00Z,นาหมื่น,245,0.0,0.0,0.0,,,True
1791528300,2026-10-09T06:45:00Z,เวียงสา,543,0.0,0.0,0.0,,,True
1791528300,2026-10-09T06:45:00Z,น้ำโสม,153,0.0,0.0,0.0,,,True
1791528300,2026-10-09T06:45:00Z,นายูง,126,0.0,0.0,0.0,,,True
1791528300,2026-10-09T06:45:00Z,ชุมแพ,173,0.0,0.0,0.0,,,True
1791528300,2026-10-09T06:45:00Z,สีชมพู,132,0.0,0.0,0.0,,,True
1791528300,2026-10-09T06:45:00Z,สุวรรณคูหา,140,0.0,0.0,0.0,,,True
1791528300,2026-10-09T06:45:00Z,นาวัง,65,0.0,0.0,0.0,,,True
1791528300,2026-10-09T06:45:00Z,หนองเรือ,80,0.0,0.0,0.0,,,True
1791528300,2026-10-09T06:45:00Z,โนนสัง,51,0.0,0.0,0.0,,,True
1791528300,2026-10-09T06:45:00Z,ศรีบุญเรือง,224,0.0,0.0,0.0,,,True
1791528300,2026-10-09T06:45:00Z,เมืองหนองบัวลำภู,217,0.0,0.0,0.0,,,True
1791528300,2026-10-09T06:45:00Z,นากลาง,173,0.0,0.0,0.0,,,True
1791528300,2026-10-09T06:45:00Z,ทุ่งเสลี่ยม,144,0.0,0.0,0.0,,,True
1791528300,2026-10-09T06:45:00Z,ดอยหล่อ,56,0.0,0.0,0.0,,,True
1791528300,2026-10-09T06:45:00Z,เมืองตาก,486,0.0,0.0,0.0,,,True
1791528300,2026-10-09T06:45:00Z,แม่ออน,116,0.0,0.0,0.0,,,True
1791528300,2026-10-09T06:45:00Z,อุ้มผาง,1209,0.003,0.848,0.0058,,90,True
1791528300,2026-10-09T06:45:00Z,วังเจ้า,183,0.0,0.0,0.0,,,True
1791528300,2026-10-09T06:45:00Z,แม่สอด,398,0.0,0.0,0.0,,,True
1791528300,2026-10-09T06:45:00Z,พบพระ,249,0.007,0.592,0.0201,,15,True
1791528300,2026-10-09T06:45:00Z,แม่ระมาด,380,0.0,0.0,0.0,,,True
1791528300,2026-10-09T06:45:00Z,ท่าสองยาง,401,0.0,0.0,0.0,,,True
1791528300,2026-10-09T06:45:00Z,บ้านตาก,255,0.0,0.0,0.0,,,True
1791528300,2026-10-09T06:45:00Z,สามเงา,698,0.0,0.0,0.0,,,True
1791528300,2026-10-09T06:45:00Z,จอมทอง,280,0.0,0.0,0.0,,,True
1791528300,2026-10-09T06:45:00Z,แก้งสนามนาง,79,0.0,0.0,0.0,,,True
1791528300,2026-10-09T06:45:00Z,สีคิ้ว,292,0.0,0.0,0.0,,,True
1791528300,2026-10-09T06:45:00Z,พระทองคำ,90,0.0,0.0,0.0,,,True
1791528300,2026-10-09T06:45:00Z,เทพารักษ์,92,0.0,0.0,0.0,,,True
1791528300,2026-10-09T06:45:00Z,สันกำแพง,65,0.0,0.0,0.0,,,True
1791528300,2026-10-09T06:45:00Z,สันป่าตอง,44,0.0,0.0,0.0,,,True
1791528300,2026-10-09T06:45:00Z,ดอยเต่า,213,0.0,0.0,0.0,,,True
1791528300,2026-10-09T06:45:00Z,อมก๋อย,704,0.0,0.0,0.0,,,True
1791528300,2026-10-09T06:45:00Z,ฮอด,378,0.0,0.0,0.0,,,True
1791528300,2026-10-09T06:45:00Z,เมืองลำพูน,117,0.0,0.0,0.0,,,True
1791528300,2026-10-09T06:45:00Z,แม่ทา,192,0.0,0.0,0.0,,,True
1791528300,2026-10-09T06:45:00Z,บ้านธิ,34,0.0,0.0,0.0,,,True
1791528300,2026-10-09T06:45:00Z,บ้านหมอ,24,0.0,0.0,0.0,,,True
1791528300,2026-10-09T06:45:00Z,เวียงหนองล่อง,14,0.0,0.0,0.0,,,True
1791528300,2026-10-09T06:45:00Z,ทุ่งหัวช้าง,113,0.0,0.0,0.0,,,True
1791528300,2026-10-09T06:45:00Z,ป่าซาง,74,0.0,0.0,0.0,,,True
1791528300,2026-10-09T06:45:00Z,บ้านโฮ่ง,124,0.0,0.0,0.0,,,True
1791528300,2026-10-09T06:45:00Z,แก่งคอย,73,0.0,0.0,0.0,,,True
1791528300,2026-10-09T06:45:00Z,ลี้,454,0.0,0.0,0.0,,,True
1791528300,2026-10-09T06:45:00Z,พระพุทธบาท,55,0.0,0.0,0.0,,,True
1791528300,2026-10-09T06:45:00Z,ดอนพุด,7,0.0,0.0,0.0,,,True
1791528300,2026-10-09T06:45:00Z,หนองโดน,31,0.0,0.0,0.0,,,True
1791528300,2026-10-09T06:45:00Z,เมืองลำปาง,300,0.0,0.0,0.0,,,True
1791528300,2026-10-09T06:45:00Z,เถิน,443,0.0,0.0,0.0,,,True
1791528300,2026-10-09T06:45:00Z,แม่พริก,167,0.0,0.0,0.0,,,True
1791528300,2026-10-09T06:45:00Z,แจ้ห่ม,274,0.0,0.0,0.0,,,True
1791528300,2026-10-09T06:45:00Z,แม่เปิน,85,0.0,0.0,0.0,,,True
1791528300,2026-10-09T06:45:00Z,เสริมงาม,185,0.0,0.0,0.0,,,True
1791528300,2026-10-09T06:45:00Z,ชุมตาบง,61,0.0,0.0,0.0,,,True
1791528300,2026-10-09T06:45:00Z,งาว,344,0.0,0.0,0.0,,,True
1791528300,2026-10-09T06:45:00Z,ตากฟ้า,125,0.0,0.0,0.0,,,True
1791528300,2026-10-09T06:45:00Z,แม่เมาะ,283,0.0,0.0,0.0,,,True
1791528300,2026-10-09T06:45:00Z,แม่วงก์,257,0.0,0.0,0.0,,,True
1791528300,2026-10-09T06:45:00Z,เกาะคา,128,0.0,0.0,0.0,,,True
1791528300,2026-10-09T06:45:00Z,พยุหะคีรี,169,0.0,0.0,0.0,,,True
1791528300,2026-10-09T06:45:00Z,ลาดยาว,187,0.0,0.0,0.0,,,True
1791528300,2026-10-09T06:45:00Z,สบปราบ,125,0.0,0.0,0.0,,,True
1791528300,2026-10-09T06:45:00Z,ห้างฉัตร,154,0.0,0.0,0.0,,,True
1791528300,2026-10-09T06:45:00Z,แม่ทะ,203,0.0,0.0,0.0,,,True
1791528300,2026-10-09T06:45:00Z,เมืองปาน,202,0.0,0.0,0.0,,,True
1791528300,2026-10-09T06:45:00Z,เมืองอ่างทอง,6,0.0,0.0,0.0,,,True
1791528300,2026-10-09T06:45:00Z,ไชโย,20,0.0,0.0,0.0,,,True
1791528300,2026-10-09T06:45:00Z,สามโก้,10,0.0,0.0,0.0,,,True
1791528300,2026-10-09T06:45:00Z,แสวงหา,43,0.0,0.0,0.0,,,True
1791528300,2026-10-09T06:45:00Z,วิเศษชัยชาญ,7,0.0,0.0,0.0,,,True
1791528300,2026-10-09T06:45:00Z,โพธิ์ทอง,48,0.0,0.0,0.0,,,True
1791528300,2026-10-09T06:45:00Z,เมืองลพบุรี,190,0.0,0.0,0.0,,,True
1791528300,2026-10-09T06:45:00Z,เดิมบางนางบวช,130,0.0,0.0,0.0,,,True
1791528300,2026-10-09T06:45:00Z,ด่านช้าง,309,0.0,0.0,0.0,,,True
1791528300,2026-10-09T06:45:00Z,หนองม่วง,111,0.0,0.0,0.0,,,True
1791528300,2026-10-09T06:45:00Z,ลำสนธิ,136,0.0,0.0,0.0,,,True
1791528300,2026-10-09T06:45:00Z,สามชุก,77,0.0,0.0,0.0,,,True
1791528300,2026-10-09T06:45:00Z,ดอนเจดีย์,72,0.0,0.0,0.0,,,True
1791528300,2026-10-09T06:45:00Z,สระโบสถ์,83,0.0,0.0,0.0,,,True
1791528300,2026-10-09T06:45:00Z,ศรีประจันต์,41,0.0,0.0,0.0,,,True
1791528300,2026-10-09T06:45:00Z,โคกเจริญ,135,0.0,0.0,0.0,,,True
1791528300,2026-10-09T06:45:00Z,บ้านหมี่,136,0.0,0.0,0.0,,,True
1791528300,2026-10-09T06:45:00Z,ท่าหลวง,100,0.0,0.0,0.0,,,True
1791528300,2026-10-09T06:45:00Z,ชัยบาดาล,280,0.0,0.0,0.0,,,True
1791528300,2026-10-09T06:45:00Z,ท่าวุ้ง,64,0.0,0.0,0.0,,,True
1791528300,2026-10-09T06:45:00Z,พัฒนานิคม,217,0.0,0.0,0.0,,,True
1791528300,2026-10-09T06:45:00Z,โคกสำโรง,180,0.0,0.0,0.0,,,True
1791528300,2026-10-09T06:45:00Z,หนองหญ้าไซ,108,0.0,0.0,0.0,,,True
1791528300,2026-10-09T06:45:00Z,ท่าช้าง,11,0.0,0.0,0.0,,,True
1791528300,2026-10-09T06:45:00Z,อินทร์บุรี,66,0.0,0.0,0.0,,,True
1791528300,2026-10-09T06:45:00Z,ค่ายบางระจัน,26,0.0,0.0,0.0,,,True
1791528300,2026-10-09T06:45:00Z,พรหมบุรี,19,0.0,0.0,0.0,,,True
1791528300,2026-10-09T06:45:00Z,เนินสง่า,65,0.0,0.0,0.0,,,True
1791528300,2026-10-09T06:45:00Z,เมืองสิงห์บุรี,31,0.0,0.0,0.0,,,True
1791528300,2026-10-09T06:45:00Z,ซับใหญ่,72,0.0,0.0,0.0,,,True
1791528300,2026-10-09T06:45:00Z,บางระจัน,46,0.0,0.0,0.0,,,True
1791528300,2026-10-09T06:45:00Z,ภูกระดึง,190,0.0,0.0,0.0,,,True
1791528300,2026-10-09T06:45:00Z,ภูหลวง,145,0.0,0.0,0.0,,,True
1791528300,2026-10-09T06:45:00Z,หนองหิน,78,0.0,0.0,0.0,,,True
1791528300,2026-10-09T06:45:00Z,ผาขาว,100,0.0,0.0,0.0,,,True
1791528300,2026-10-09T06:45:00Z,เอราวัณ,87,0.0,0.0,0.0,,,True
1791528300,2026-10-09T06:45:00Z,วังสะพุง,281,0.0,0.0,0.0,,,True
1791528300,2026-10-09T06:45:00Z,วังม่วง,70,0.0,0.0,0.0,,,True
1791528300,2026-10-09T06:45:00Z,เฉลิมพระเกียรติ,35,0.0,0.0,0.0,,,True
1791528300,2026-10-09T06:45:00Z,มวกเหล็ก,175,0.0,0.0,0.0,,,True
1791528300,2026-10-09T06:45:00Z,บ้านเขว้า,124,0.0,0.0,0.0,,,True
1791528300,2026-10-09T06:45:00Z,คอนสวรรค์,113,0.0,0.0,0.0,,,True
1791528300,2026-10-09T06:45:00Z,เมืองชัยภูมิ,358,0.0,0.0,0.0,,,True
1791528300,2026-10-09T06:45:00Z,วังทอง,425,0.0,0.0,0.0,,,True
1791528300,2026-10-09T06:45:00Z,เนินมะปราง,276,0.0,0.0,0.0,,,True
1791528300,2026-10-09T06:45:00Z,สวรรคโลก,156,0.0,0.0,0.0,,,True
1791528300,2026-10-09T06:45:00Z,ศรีนคร,46,0.0,0.0,0.0,,,True
1791528300,2026-10-09T06:45:00Z,หันคา,139,0.0,0.0,0.0,,,True
1791528300,2026-10-09T06:45:00Z,ศรีสัชนาลัย,534,0.0,0.0,0.0,,,True
1791528300,2026-10-09T06:45:00Z,หนองมะโมง,76,0.0,0.0,0.0,,,True
1791528300,2026-10-09T06:45:00Z,ศรีสำโรง,142,0.0,0.0,0.0,,,True
1791528300,2026-10-09T06:45:00Z,สรรพยา,55,0.0,0.0,0.0,,,True
1791528300,2026-10-09T06:45:00Z,คีรีมาศ,171,0.0,0.0,0.0,,,True
1791528300,2026-10-09T06:45:00Z,สรรคบุรี,89,0.0,0.0,0.0,,,True
1791528300,2026-10-09T06:45:00Z,กงไกรลาศ,108,0.0,0.0,0.0,,,True
1791528300,2026-10-09T06:45:00Z,มโนรมย์,66,0.0,0.0,0.0,,,True
1791528300,2026-10-09T06:45:00Z,เมืองสุโขทัย,136,0.0,0.0,0.0,,,True
1791528300,2026-10-09T06:45:00Z,วัดสิงห์,67,0.0,0.0,0.0,,,True
1791528300,2026-10-09T06:45:00Z,บ้านด่านลานหอย,231,0.0,0.0,0.0,,,True
1791528300,2026-10-09T06:45:00Z,เมืองชัยนาท,70,0.0,0.0,0.0,,,True
1791528300,2026-10-09T06:45:00Z,เนินขาม,65,0.0,0.0,0.0,,,True
1791528300,2026-10-09T06:45:00Z,คอนสาร,334,0.0,0.0,0.0,,,True
1791528300,2026-10-09T06:45:00Z,ภักดีชุมพล,154,0.0,0.0,0.0,,,True
1791528300,2026-10-09T06:45:00Z,บ้านแท่น,76,0.0,0.0,0.0,,,True
1791528300,2026-10-09T06:45:00Z,แก้งคร้อ,168,0.0,0.0,0.0,,,True
1791528300,2026-10-09T06:45:00Z,ภูเขียว,201,0.0,0.0,0.0,,,True
1791528300,2026-10-09T06:45:00Z,หนองบัวระเหว,179,0.0,0.0,0.0,,,True
1791528300,2026-10-09T06:45:00Z,เทพสถิต,239,0.0,0.0,0.0,,,True
1791528300,2026-10-09T06:45:00Z,จัตุรัส,172,0.0,0.0,0.0,,,True
1791528300,2026-10-09T06:45:00Z,บำเหน็จณรงค์,120,0.0,0.0,0.0,,,True
1791528300,2026-10-09T06:45:00Z,เกษตรสมบูรณ์,268,0.0,0.0,0.0,,,True
1791528300,2026-10-09T06:45:00Z,หนองบัวแดง,537,0.0,0.0,0.0,,,True
1791528300,2026-10-09T06:45:00Z,ภูเรือ,168,0.0,0.0,0.0,,,True
1791528300,2026-10-09T06:45:00Z,ท่าลี่,171,0.0,0.0,0.0,,,True
1791528300,2026-10-09T06:45:00Z,วชิรบารมี,68,0.0,0.0,0.0,,,True
1791528300,2026-10-09T06:45:00Z,ด่านซ้าย,341,0.0,0.0,0.0,,,True
1791528300,2026-10-09T06:45:00Z,นาแห้ว,153,0.0,0.0,0.0,,,True
1791528300,2026-10-09T06:45:00Z,บึงนาราง,74,0.0,0.0,0.0,,,True
1791528300,2026-10-09T06:45:00Z,เชียงคาน,213,0.0,0.0,0.0,,,True
1791528300,2026-10-09T06:45:00Z,ดงเจริญ,56,0.0,0.0,0.0,,,True
1791528300,2026-10-09T06:45:00Z,ปากชม,240,0.0,0.0,0.0,,,True
1791528300,2026-10-09T06:45:00Z,เมืองเลย,314,0.0,0.0,0.0,,,True
1791528300,2026-10-09T06:45:00Z,นาด้วง,143,0.0,0.0,0.0,,,True
1791528300,2026-10-09T06:45:00Z,สากเหล็ก,45,0.0,0.0,0.0,,,True
1791528300,2026-10-09T06:45:00Z,สามง่าม,89,0.0,0.0,0.0,,,True
1791528300,2026-10-09T06:45:00Z,ทับคล้อ,104,0.0,0.0,0.0,,,True
1791528300,2026-10-09T06:45:00Z,พรหมพิราม,206,0.0,0.0,0.0,,,True
1791528300,2026-10-09T06:45:00Z,ด่านขุนทด,344,0.0,0.0,0.0,,,True
1791528300,2026-10-09T06:45:00Z,วัดโบสถ์,226,0.0,0.0,0.0,,,True
1791528300,2026-10-09T06:45:00Z,บางระกำ,246,0.0,0.0,0.0,,,True
1791528300,2026-10-09T06:45:00Z,บางกระทุ่ม,91,0.0,0.0,0.0,,,True
1791528300,2026-10-09T06:45:00Z,นครไทย,597,0.0,0.0,0.0,,,True
1791528300,2026-10-09T06:45:00Z,ชาติตระการ,415,0.0,0.0,0.0,,,True
1791528300,2026-10-09T06:45:00Z,บ้านเหลื่อม,55,0.0,0.0,0.0,,,True
1791528300,2026-10-09T06:45:00Z,เมืองพิษณุโลก,178,0.0,0.0,0.0,,,True
1791528300,2026-10-09T06:45:00Z,ชุมแสง,145,0.0,0.0,0.0,,,True
1791528300,2026-10-09T06:45:00Z,หนองบัว,208,0.0,0.0,0.0,,,True
1791528300,2026-10-09T06:45:00Z,เมืองนครสวรรค์,183,0.0,0.0,0.0,,,True
1791528300,2026-10-09T06:45:00Z,โกรกพระ,71,0.0,0.0,0.0,,,True
1791528300,2026-10-09T06:45:00Z,ไพศาลี,244,0.0,0.0,0.0,,,True
1791528300,2026-10-09T06:45:00Z,ตาคลี,206,0.0,0.0,0.0,,,True
1791528300,2026-10-09T06:45:00Z,ท่าตะโก,211,0.0,0.0,0.0,,,True
1791528300,2026-10-09T06:45:00Z,เขาค้อ,207,0.0,0.0,0.0,,,True
1791528300,2026-10-09T06:45:00Z,บรรพตพิสัย,181,0.0,0.0,0.0,,,True
1791528300,2026-10-09T06:45:00Z,เก้าเลี้ยว,57,0.0,0.0,0.0,,,True
1791528300,2026-10-09T06:45:00Z,วังโป่ง,123,0.0,0.0,0.0,,,True
1791528300,2026-10-09T06:45:00Z,บึงสามพัน,194,0.0,0.0,0.0,,,True
1791528300,2026-10-09T06:45:00Z,น้ำหนาว,231,0.0,0.0,0.0,,,True
1791528300,2026-10-09T06:45:00Z,ศรีเทพ,204,0.0,0.0,0.0,,,True
1791528300,2026-10-09T06:45:00Z,หนองไผ่,315,0.0,0.0,0.0,,,True
1791528300,2026-10-09T06:45:00Z,มหาราช,4,0.0,0.0,0.0,,,False
1791528300,2026-10-09T06:45:00Z,บ้านแพรก,10,0.0,0.0,0.0,,,True
1791528300,2026-10-09T06:45:00Z,บางมูลนาก,99,0.0,0.0,0.0,,,True
1791528300,2026-10-09T06:45:00Z,โพทะเล,131,0.0,0.0,0.0,,,True
1791528300,2026-10-09T06:45:00Z,โพธิ์ประทับช้าง,102,0.0,0.0,0.0,,,True
1791528300,2026-10-09T06:45:00Z,ตะพานหิน,109,0.0,0.0,0.0,,,True
1791528300,2026-10-09T06:45:00Z,เมืองพิจิตร,138,0.0,0.0,0.0,,,True
1791528300,2026-10-09T06:45:00Z,วังทรายพูน,66,0.0,0.0,0.0,,,True
1791529200,2026-10-09T07:00:00Z,พิชัย,176,0.0,0.0,0.0,,,True
1791529200,2026-10-09T07:00:00Z,ลับแล,116,0.0,0.0,0.0,,,True
1791529200,2026-10-09T07:00:00Z,ฟากท่า,163,0.0,0.0,0.0,,,True
1791529200,2026-10-09T07:00:00Z,บ้านโคก,247,0.0,0.0,0.0,,,True
1791529200,2026-10-09T07:00:00Z,ท่าปลา,442,0.0,0.0,0.0,,,True
1791529200,2026-10-09T07:00:00Z,น้ำปาด,363,0.0,0.0,0.0,,,True
1791529200,2026-10-09T07:00:00Z,เมืองอุตรดิตถ์,202,0.0,0.0,0.0,,,True
1791529200,2026-10-09T07:00:00Z,ตรอน,80,0.0,0.0,0.0,,,True
1791529200,2026-10-09T07:00:00Z,หล่มเก่า,246,0.0,0.0,0.0,,,True
1791529200,2026-10-09T07:00:00Z,วิเชียรบุรี,377,0.0,0.0,0.0,,,True
1791529200,2026-10-09T07:00:00Z,ชนแดน,279,0.0,0.0,0.0,,,True
1791529200,2026-10-09T07:00:00Z,หล่มสัก,350,0.0,0.0,0.0,,,True
1791529200,2026-10-09T07:00:00Z,เมืองเพชรบูรณ์,571,0.0,0.0,0.0,,,True
1791529200,2026-10-09T07:00:00Z,ทองแสนขัน,185,0.0,0.0,0.0,,,True
1791529200,2026-10-09T07:00:00Z,บึงสามัคคี,71,0.0,0.0,0.0,,,True
1791529200,2026-10-09T07:00:00Z,โกสัมพีนคร,137,0.0,0.0,0.0,,,True
1791529200,2026-10-09T07:00:00Z,สอง,380,0.0,0.0,0.0,,,True
1791529200,2026-10-09T07:00:00Z,วังชิ้น,255,0.0,0.0,0.0,,,True
1791529200,2026-10-09T07:00:00Z,สูงเม่น,88,0.0,0.0,0.0,,,True
1791529200,2026-10-09T07:00:00Z,เด่นชัย,135,0.0,0.0,0.0,,,True
1791529200,2026-10-09T07:00:00Z,ร้องกวาง,221,0.0,0.0,0.0,,,True
1791529200,2026-10-09T07:00:00Z,ลอง,317,0.0,0.0,0.0,,,True
1791529200,2026-10-09T07:00:00Z,เมืองแพร่,205,0.0,0.0,0.0,,,True
1791529200,2026-10-09T07:00:00Z,ทัพทัน,94,0.0,0.0,0.0,,,True
1791529200,2026-10-09T07:00:00Z,สว่างอารมณ์,110,0.0,0.0,0.0,,,True
1791529200,2026-10-09T07:00:00Z,เมืองอุทัยธานี,59,0.0,0.0,0.0,,,True
1791529200,2026-10-09T07:00:00Z,ห้วยคต,94,0.0,0.0,0.0,,,True
1791529200,2026-10-09T07:00:00Z,ศรีสวัสดิ์,440,0.0,0.0,0.0,,,True
1791529200,2026-10-09T07:00:00Z,บ้านไร่,821,0.0,0.0,0.0,,,True
1791529200,2026-10-09T07:00:00Z,ลานสัก,360,0.0,0.0,0.0,,,True
1791529200,2026-10-09T07:00:00Z,หนองฉาง,89,0.0,0.0,0.0,,,True
1791529200,2026-10-09T07:00:00Z,หนองขาหย่าง,43,0.0,0.0,0.0,,,True
1791529200,2026-10-09T07:00:00Z,เชียงม่วน,82,0.0,0.0,0.0,,,True
1791529200,2026-10-09T07:00:00Z,ดอกคำใต้,37,0.0,0.0,0.0,,,True
1791529200,2026-10-09T07:00:00Z,เมืองพะเยา,6,0.0,0.0,0.0,,,True
1791529200,2026-10-09T07:00:00Z,ทองผาภูมิ,851,0.0,0.0,0.0,,,True
1791529200,2026-10-09T07:00:00Z,สังขละบุรี,793,0.001,0.288,0.0025,,120,True
1791529200,2026-10-09T07:00:00Z,หนองม่วงไข่,35,0.0,0.0,0.0,,,True
1791529200,2026-10-09T07:00:00Z,ภูเวียง,81,0.0,0.0,0.0,,,True
1791529200,2026-10-09T07:00:00Z,มัญจาคีรี,50,0.0,0.0,0.0,,,True
1791529200,2026-10-09T07:00:00Z,หนองปรือ,104,0.0,0.0,0.0,,,True
1791529200,2026-10-09T07:00:00Z,เลาขวัญ,123,0.0,0.0,0.0,,,True
1791529200,2026-10-09T07:00:00Z,หนองนาคำ,43,0.0,0.0,0.0,,,True
1791529200,2026-10-09T07:00:00Z,โคกโพธิ์ไชย,65,0.0,0.0,0.0,,,True
1791529200,2026-10-09T07:00:00Z,บ้านหลวง,91,0.0,0.0,0.0,,,True
1791529200,2026-10-09T07:00:00Z,นาน้อย,266,0.0,0.0,0.0,,,True
1791529200,2026-10-09T07:00:00Z,ภูผาม่าน,74,0.0,0.0,0.0,,,True
1791529200,2026-10-09T07:00:00Z,เมืองน่าน,161,0.0,0.0,0.0,,,True
1791529200,2026-10-09T07:00:00Z,แม่จริม,262,0.0,0.0,0.0,,,True
1791529200,2026-10-09T07:00:00Z,เวียงเก่า,78,0.0,0.0,0.0,,,True
1791529200,2026-10-09T07:00:00Z,เมืองกำแพงเพชร,368,0.0,0.0,0.0,,,True
1791529200,2026-10-09T07:00:00Z,ไทรงาม,133,0.0,0.0,0.0,,,True
1791529200,2026-10-09T07:00:00Z,ปางศิลาทอง,186,0.0,0.0,0.0,,,True
1791529200,2026-10-09T07:00:00Z,ลานกระบือ,103,0.0,0.0,0.0,,,True
1791529200,2026-10-09T07:00:00Z,ทรายทองวัฒนา,53,0.0,0.0,0.0,,,True
1791529200,2026-10-09T07:00:00Z,คลองขลุง,179,0.0,0.0,0.0,,,True
1791529200,2026-10-09T07:00:00Z,พรานกระต่าย,252,0.0,0.0,0.0,,,True
1791529200,2026-10-09T07:00:00Z,คลองลาน,363,0.001,0.098,0.0138,,15,True
1791529200,2026-10-09T07:00:00Z,ขาณุวรลักษบุรี,296,0.0,0.0,0.0,,,True
1791529200,2026-10-09T07:00:00Z,ภูเพียง,113,0.0,0.0,0.0,,,True
1791529200,2026-10-09T07:00:00Z,นาหมื่น,245,0.0,0.0,0.0,,,True
1791529200,2026-10-09T07:00:00Z,เวียงสา,543,0.0,0.0,0.0,,,True
1791529200,2026-10-09T07:00:00Z,น้ำโสม,153,0.0,0.0,0.0,,,True
1791529200,2026-10-09T07:00:00Z,นายูง,126,0.0,0.0,0.0,,,True
1791529200,2026-10-09T07:00:00Z,ชุมแพ,173,0.0,0.0,0.0,,,True
1791529200,2026-10-09T07:00:00Z,สีชมพู,132,0.0,0.0,0.0,,,True
1791529200,2026-10-09T07:00:00Z,สุวรรณคูหา,140,0.0,0.0,0.0,,,True
1791529200,2026-10-09T07:00:00Z,นาวัง,65,0.0,0.0,0.0,,,True
1791529200,2026-10-09T07:00:00Z,หนองเรือ,80,0.0,0.0,0.0,,,True
1791529200,2026-10-09T07:00:00Z,โนนสัง,51,0.0,0.0,0.0,,,True
1791529200,2026-10-09T07:00:00Z,ศรีบุญเรือง,224,0.0,0.0,0.0,,,True
1791529200,2026-10-09T07:00:00Z,เมืองหนองบัวลำภู,217,0.0,0.0,0.0,,,True
1791529200,2026-10-09T07:00:00Z,นากลาง,173,0.0,0.0,0.0,,,True
1791529200,2026-10-09T07:00:00Z,ทุ่งเสลี่ยม,144,0.0,0.0,0.0,,,True
1791529200,2026-10-09T07:00:00Z,ดอยหล่อ,56,0.0,0.0,0.0,,,True
1791529200,2026-10-09T07:00:00Z,เมืองตาก,486,0.0,0.0,0.0,,,True
1791529200,2026-10-09T07:00:00Z,แม่ออน,116,0.0,0.0,0.0,,,True
1791529200,2026-10-09T07:00:00Z,อุ้มผาง,1209,0.006,0.848,0.0223,,45,True
1791529200,2026-10-09T07:00:00Z,วังเจ้า,183,0.0,0.0,0.0,,,True
1791529200,2026-10-09T07:00:00Z,แม่สอด,398,0.0,0.0,0.0,,,True
1791529200,2026-10-09T07:00:00Z,พบพระ,249,0.0,0.0,0.0,,,True
1791529200,2026-10-09T07:00:00Z,แม่ระมาด,380,0.0,0.0,0.0,,,True
1791529200,2026-10-09T07:00:00Z,ท่าสองยาง,401,0.0,0.0,0.0,,,True
1791529200,2026-10-09T07:00:00Z,บ้านตาก,255,0.0,0.0,0.0,,,True
1791529200,2026-10-09T07:00:00Z,สามเงา,698,0.0,0.0,0.0,,,True
1791529200,2026-10-09T07:00:00Z,จอมทอง,280,0.0,0.0,0.0,,,True
1791529200,2026-10-09T07:00:00Z,แก้งสนามนาง,79,0.0,0.0,0.0,,,True
1791529200,2026-10-09T07:00:00Z,สีคิ้ว,292,0.0,0.0,0.0,,,True
1791529200,2026-10-09T07:00:00Z,พระทองคำ,90,0.0,0.0,0.0,,,True
1791529200,2026-10-09T07:00:00Z,เทพารักษ์,92,0.0,0.0,0.0,,,True
1791529200,2026-10-09T07:00:00Z,สันกำแพง,65,0.0,0.0,0.0,,,True
1791529200,2026-10-09T07:00:00Z,สันป่าตอง,44,0.0,0.0,0.0,,,True
1791529200,2026-10-09T07:00:00Z,ดอยเต่า,213,0.0,0.0,0.0,,,True
1791529200,2026-10-09T07:00:00Z,อมก๋อย,704,0.0,0.0,0.0,,,True
1791529200,2026-10-09T07:00:00Z,ฮอด,378,0.0,0.0,0.0,,,True
1791529200,2026-10-09T07:00:00Z,เมืองลำพูน,117,0.0,0.0,0.0,,,True
1791529200,2026-10-09T07:00:00Z,แม่ทา,192,0.0,0.0,0.0,,,True
1791529200,2026-10-09T07:00:00Z,บ้านธิ,34,0.0,0.0,0.0,,,True
1791529200,2026-10-09T07:00:00Z,บ้านหมอ,24,0.0,0.0,0.0,,,True
1791529200,2026-10-09T07:00:00Z,เวียงหนองล่อง,14,0.0,0.0,0.0,,,True
1791529200,2026-10-09T07:00:00Z,ทุ่งหัวช้าง,113,0.0,0.0,0.0,,,True
1791529200,2026-10-09T07:00:00Z,ป่าซาง,74,0.0,0.0,0.0,,,True
1791529200,2026-10-09T07:00:00Z,บ้านโฮ่ง,124,0.0,0.0,0.0,,,True
1791529200,2026-10-09T07:00:00Z,แก่งคอย,73,0.0,0.0,0.0,,,True
1791529200,2026-10-09T07:00:00Z,ลี้,454,0.0,0.0,0.0,,,True
1791529200,2026-10-09T07:00:00Z,พระพุทธบาท,55,0.0,0.0,0.0,,,True
1791529200,2026-10-09T07:00:00Z,ดอนพุด,7,0.0,0.0,0.0,,,True
1791529200,2026-10-09T07:00:00Z,หนองโดน,31,0.0,0.0,0.0,,,True
1791529200,2026-10-09T07:00:00Z,เมืองลำปาง,300,0.0,0.0,0.0,,,True
1791529200,2026-10-09T07:00:00Z,เถิน,443,0.0,0.0,0.0,,,True
1791529200,2026-10-09T07:00:00Z,แม่พริก,167,0.0,0.0,0.0,,,True
1791529200,2026-10-09T07:00:00Z,แจ้ห่ม,274,0.0,0.0,0.0,,,True
1791529200,2026-10-09T07:00:00Z,แม่เปิน,85,0.0,0.0,0.0,,,True
1791529200,2026-10-09T07:00:00Z,เสริมงาม,185,0.0,0.0,0.0,,,True
1791529200,2026-10-09T07:00:00Z,ชุมตาบง,61,0.0,0.0,0.0,,,True
1791529200,2026-10-09T07:00:00Z,งาว,344,0.0,0.0,0.0,,,True
1791529200,2026-10-09T07:00:00Z,ตากฟ้า,125,0.0,0.0,0.0,,,True
1791529200,2026-10-09T07:00:00Z,แม่เมาะ,283,0.0,0.0,0.0,,,True
1791529200,2026-10-09T07:00:00Z,แม่วงก์,257,0.0,0.0,0.0,,,True
1791529200,2026-10-09T07:00:00Z,เกาะคา,128,0.0,0.0,0.0,,,True
1791529200,2026-10-09T07:00:00Z,พยุหะคีรี,169,0.0,0.0,0.0,,,True
1791529200,2026-10-09T07:00:00Z,ลาดยาว,187,0.0,0.0,0.0,,,True
1791529200,2026-10-09T07:00:00Z,สบปราบ,125,0.0,0.0,0.0,,,True
1791529200,2026-10-09T07:00:00Z,ห้างฉัตร,154,0.0,0.0,0.0,,,True
1791529200,2026-10-09T07:00:00Z,แม่ทะ,203,0.0,0.0,0.0,,,True
1791529200,2026-10-09T07:00:00Z,เมืองปาน,202,0.0,0.0,0.0,,,True
1791529200,2026-10-09T07:00:00Z,เมืองอ่างทอง,6,0.0,0.0,0.0,,,True
1791529200,2026-10-09T07:00:00Z,ไชโย,20,0.0,0.0,0.0,,,True
1791529200,2026-10-09T07:00:00Z,สามโก้,10,0.0,0.0,0.0,,,True
1791529200,2026-10-09T07:00:00Z,แสวงหา,43,0.0,0.0,0.0,,,True
1791529200,2026-10-09T07:00:00Z,วิเศษชัยชาญ,7,0.0,0.0,0.0,,,True
1791529200,2026-10-09T07:00:00Z,โพธิ์ทอง,48,0.0,0.0,0.0,,,True
1791529200,2026-10-09T07:00:00Z,เมืองลพบุรี,190,0.0,0.0,0.0,,,True
1791529200,2026-10-09T07:00:00Z,เดิมบางนางบวช,130,0.0,0.0,0.0,,,True
1791529200,2026-10-09T07:00:00Z,ด่านช้าง,309,0.0,0.0,0.0,,,True
1791529200,2026-10-09T07:00:00Z,หนองม่วง,111,0.0,0.0,0.0,,,True
1791529200,2026-10-09T07:00:00Z,ลำสนธิ,136,0.0,0.0,0.0,,,True
1791529200,2026-10-09T07:00:00Z,สามชุก,77,0.0,0.0,0.0,,,True
1791529200,2026-10-09T07:00:00Z,ดอนเจดีย์,72,0.0,0.0,0.0,,,True
1791529200,2026-10-09T07:00:00Z,สระโบสถ์,83,0.0,0.0,0.0,,,True
1791529200,2026-10-09T07:00:00Z,ศรีประจันต์,41,0.0,0.0,0.0,,,True
1791529200,2026-10-09T07:00:00Z,โคกเจริญ,135,0.0,0.0,0.0,,,True
1791529200,2026-10-09T07:00:00Z,บ้านหมี่,136,0.0,0.0,0.0,,,True
1791529200,2026-10-09T07:00:00Z,ท่าหลวง,100,0.0,0.0,0.0,,,True
1791529200,2026-10-09T07:00:00Z,ชัยบาดาล,280,0.0,0.0,0.0,,,True
1791529200,2026-10-09T07:00:00Z,ท่าวุ้ง,64,0.0,0.0,0.0,,,True
1791529200,2026-10-09T07:00:00Z,พัฒนานิคม,217,0.0,0.0,0.0,,,True
1791529200,2026-10-09T07:00:00Z,โคกสำโรง,180,0.0,0.0,0.0,,,True
1791529200,2026-10-09T07:00:00Z,หนองหญ้าไซ,108,0.0,0.0,0.0,,,True
1791529200,2026-10-09T07:00:00Z,ท่าช้าง,11,0.0,0.0,0.0,,,True
1791529200,2026-10-09T07:00:00Z,อินทร์บุรี,66,0.0,0.0,0.0,,,True
1791529200,2026-10-09T07:00:00Z,ค่ายบางระจัน,26,0.0,0.0,0.0,,,True
1791529200,2026-10-09T07:00:00Z,พรหมบุรี,19,0.0,0.0,0.0,,,True
1791529200,2026-10-09T07:00:00Z,เนินสง่า,65,0.0,0.0,0.0,,,True
1791529200,2026-10-09T07:00:00Z,เมืองสิงห์บุรี,31,0.0,0.0,0.0,,,True
1791529200,2026-10-09T07:00:00Z,ซับใหญ่,72,0.0,0.0,0.0,,,True
1791529200,2026-10-09T07:00:00Z,บางระจัน,46,0.0,0.0,0.0,,,True
1791529200,2026-10-09T07:00:00Z,ภูกระดึง,190,0.0,0.0,0.0,,,True
1791529200,2026-10-09T07:00:00Z,ภูหลวง,145,0.0,0.0,0.0,,,True
1791529200,2026-10-09T07:00:00Z,หนองหิน,78,0.0,0.0,0.0,,,True
1791529200,2026-10-09T07:00:00Z,ผาขาว,100,0.0,0.0,0.0,,,True
1791529200,2026-10-09T07:00:00Z,เอราวัณ,87,0.0,0.0,0.0,,,True
1791529200,2026-10-09T07:00:00Z,วังสะพุง,281,0.0,0.0,0.0,,,True
1791529200,2026-10-09T07:00:00Z,วังม่วง,70,0.0,0.0,0.0,,,True
1791529200,2026-10-09T07:00:00Z,เฉลิมพระเกียรติ,35,0.0,0.0,0.0,,,True
1791529200,2026-10-09T07:00:00Z,มวกเหล็ก,175,0.0,0.0,0.0,,,True
1791529200,2026-10-09T07:00:00Z,บ้านเขว้า,124,0.0,0.0,0.0,,,True
1791529200,2026-10-09T07:00:00Z,คอนสวรรค์,113,0.0,0.0,0.0,,,True
1791529200,2026-10-09T07:00:00Z,เมืองชัยภูมิ,358,0.0,0.0,0.0,,,True
1791529200,2026-10-09T07:00:00Z,วังทอง,425,0.0,0.0,0.0,,,True
1791529200,2026-10-09T07:00:00Z,เนินมะปราง,276,0.0,0.0,0.0,,,True
1791529200,2026-10-09T07:00:00Z,สวรรคโลก,156,0.0,0.0,0.0,,,True
1791529200,2026-10-09T07:00:00Z,ศรีนคร,46,0.0,0.0,0.0,,,True
1791529200,2026-10-09T07:00:00Z,หันคา,139,0.0,0.0,0.0,,,True
1791529200,2026-10-09T07:00:00Z,ศรีสัชนาลัย,534,0.0,0.0,0.0,,,True
1791529200,2026-10-09T07:00:00Z,หนองมะโมง,76,0.0,0.0,0.0,,,True
1791529200,2026-10-09T07:00:00Z,ศรีสำโรง,142,0.0,0.0,0.0,,,True
1791529200,2026-10-09T07:00:00Z,สรรพยา,55,0.0,0.0,0.0,,,True
1791529200,2026-10-09T07:00:00Z,คีรีมาศ,171,0.0,0.0,0.0,,,True
1791529200,2026-10-09T07:00:00Z,สรรคบุรี,89,0.0,0.0,0.0,,,True
1791529200,2026-10-09T07:00:00Z,กงไกรลาศ,108,0.0,0.0,0.0,,,True
1791529200,2026-10-09T07:00:00Z,มโนรมย์,66,0.0,0.0,0.0,,,True
1791529200,2026-10-09T07:00:00Z,เมืองสุโขทัย,136,0.0,0.0,0.0,,,True
1791529200,2026-10-09T07:00:00Z,วัดสิงห์,67,0.0,0.0,0.0,,,True
1791529200,2026-10-09T07:00:00Z,บ้านด่านลานหอย,231,0.0,0.0,0.0,,,True
1791529200,2026-10-09T07:00:00Z,เมืองชัยนาท,70,0.0,0.0,0.0,,,True
1791529200,2026-10-09T07:00:00Z,เนินขาม,65,0.0,0.0,0.0,,,True
1791529200,2026-10-09T07:00:00Z,คอนสาร,334,0.0,0.0,0.0,,,True
1791529200,2026-10-09T07:00:00Z,ภักดีชุมพล,154,0.0,0.0,0.0,,,True
1791529200,2026-10-09T07:00:00Z,บ้านแท่น,76,0.0,0.0,0.0,,,True
1791529200,2026-10-09T07:00:00Z,แก้งคร้อ,168,0.0,0.0,0.0,,,True
1791529200,2026-10-09T07:00:00Z,ภูเขียว,201,0.0,0.0,0.0,,,True
1791529200,2026-10-09T07:00:00Z,หนองบัวระเหว,179,0.0,0.0,0.0,,,True
1791529200,2026-10-09T07:00:00Z,เทพสถิต,239,0.0,0.0,0.0,,,True
1791529200,2026-10-09T07:00:00Z,จัตุรัส,172,0.0,0.0,0.0,,,True
1791529200,2026-10-09T07:00:00Z,บำเหน็จณรงค์,120,0.0,0.0,0.0,,,True
1791529200,2026-10-09T07:00:00Z,เกษตรสมบูรณ์,268,0.0,0.0,0.0,,,True
1791529200,2026-10-09T07:00:00Z,หนองบัวแดง,537,0.0,0.0,0.0,,,True
1791529200,2026-10-09T07:00:00Z,ภูเรือ,168,0.0,0.0,0.0,,,True
1791529200,2026-10-09T07:00:00Z,ท่าลี่,171,0.0,0.0,0.0,,,True
1791529200,2026-10-09T07:00:00Z,วชิรบารมี,68,0.0,0.0,0.0,,,True
1791529200,2026-10-09T07:00:00Z,ด่านซ้าย,341,0.0,0.0,0.0,,,True
1791529200,2026-10-09T07:00:00Z,นาแห้ว,153,0.0,0.0,0.0,,,True
1791529200,2026-10-09T07:00:00Z,บึงนาราง,74,0.0,0.0,0.0,,,True
1791529200,2026-10-09T07:00:00Z,เชียงคาน,213,0.0,0.0,0.0,,,True
1791529200,2026-10-09T07:00:00Z,ดงเจริญ,56,0.0,0.0,0.0,,,True
1791529200,2026-10-09T07:00:00Z,ปากชม,240,0.0,0.0,0.0,,,True
1791529200,2026-10-09T07:00:00Z,เมืองเลย,314,0.0,0.0,0.0,,,True
1791529200,2026-10-09T07:00:00Z,นาด้วง,143,0.0,0.0,0.0,,,True
1791529200,2026-10-09T07:00:00Z,สากเหล็ก,45,0.0,0.0,0.0,,,True
1791529200,2026-10-09T07:00:00Z,สามง่าม,89,0.0,0.0,0.0,,,True
1791529200,2026-10-09T07:00:00Z,ทับคล้อ,104,0.0,0.0,0.0,,,True
1791529200,2026-10-09T07:00:00Z,พรหมพิราม,206,0.0,0.0,0.0,,,True
1791529200,2026-10-09T07:00:00Z,ด่านขุนทด,344,0.0,0.0,0.0,,,True
1791529200,2026-10-09T07:00:00Z,วัดโบสถ์,226,0.0,0.0,0.0,,,True
1791529200,2026-10-09T07:00:00Z,บางระกำ,246,0.0,0.0,0.0,,,True
1791529200,2026-10-09T07:00:00Z,บางกระทุ่ม,91,0.0,0.0,0.0,,,True
1791529200,2026-10-09T07:00:00Z,นครไทย,597,0.0,0.0,0.0,,,True
1791529200,2026-10-09T07:00:00Z,ชาติตระการ,415,0.0,0.0,0.0,,,True
1791529200,2026-10-09T07:00:00Z,บ้านเหลื่อม,55,0.0,0.0,0.0,,,True
1791529200,2026-10-09T07:00:00Z,เมืองพิษณุโลก,178,0.0,0.0,0.0,,,True
1791529200,2026-10-09T07:00:00Z,ชุมแสง,145,0.0,0.0,0.0,,,True
1791529200,2026-10-09T07:00:00Z,หนองบัว,208,0.0,0.0,0.0,,,True
1791529200,2026-10-09T07:00:00Z,เมืองนครสวรรค์,183,0.0,0.0,0.0,,,True
1791529200,2026-10-09T07:00:00Z,โกรกพระ,71,0.0,0.0,0.0,,,True
1791529200,2026-10-09T07:00:00Z,ไพศาลี,244,0.0,0.0,0.0,,,True
1791529200,2026-10-09T07:00:00Z,ตาคลี,206,0.0,0.0,0.0,,,True
1791529200,2026-10-09T07:00:00Z,ท่าตะโก,211,0.0,0.0,0.0,,,True
1791529200,2026-10-09T07:00:00Z,เขาค้อ,207,0.0,0.0,0.0,,,True
1791529200,2026-10-09T07:00:00Z,บรรพตพิสัย,181,0.0,0.0,0.0,,,True
1791529200,2026-10-09T07:00:00Z,เก้าเลี้ยว,57,0.0,0.0,0.0,,,True
1791529200,2026-10-09T07:00:00Z,วังโป่ง,123,0.0,0.0,0.0,,,True
1791529200,2026-10-09T07:00:00Z,บึงสามพัน,194,0.0,0.0,0.0,,,True
1791529200,2026-10-09T07:00:00Z,น้ำหนาว,231,0.0,0.0,0.0,,,True
1791529200,2026-10-09T07:00:00Z,ศรีเทพ,204,0.0,0.0,0.0,,,True
1791529200,2026-10-09T07:00:00Z,หนองไผ่,315,0.0,0.0,0.0,,,True
1791529200,2026-10-09T07:00:00Z,มหาราช,4,0.0,0.0,0.0,,,False
1791529200,2026-10-09T07:00:00Z,บ้านแพรก,10,0.0,0.0,0.0,,,True
1791529200,2026-10-09T07:00:00Z,บางมูลนาก,99,0.0,0.0,0.0,,,True
1791529200,2026-10-09T07:00:00Z,โพทะเล,131,0.0,0.0,0.0,,,True
1791529200,2026-10-09T07:00:00Z,โพธิ์ประทับช้าง,102,0.0,0.0,0.0,,,True
1791529200,2026-10-09T07:00:00Z,ตะพานหิน,109,0.0,0.0,0.0,,,True
1791529200,2026-10-09T07:00:00Z,เมืองพิจิตร,138,0.0,0.0,0.0,,,True
1791529200,2026-10-09T07:00:00Z,วังทรายพูน,66,0.0,0.0,0.0,,,True
1791530100,2026-10-09T07:15:00Z,พิชัย,176,0.0,0.0,0.0,,,True
1791530100,2026-10-09T07:15:00Z,ลับแล,116,0.0,0.0,0.0,,,True
1791530100,2026-10-09T07:15:00Z,ฟากท่า,163,0.0,0.0,0.0,,,True
1791530100,2026-10-09T07:15:00Z,บ้านโคก,247,0.0,0.0,0.0,,,True
1791530100,2026-10-09T07:15:00Z,ท่าปลา,442,0.0,0.0,0.0,,,True
1791530100,2026-10-09T07:15:00Z,น้ำปาด,363,0.0,0.0,0.0,,,True
1791530100,2026-10-09T07:15:00Z,เมืองอุตรดิตถ์,202,0.0,0.0,0.0,,,True
1791530100,2026-10-09T07:15:00Z,ตรอน,80,0.0,0.0,0.0,,,True
1791530100,2026-10-09T07:15:00Z,หล่มเก่า,246,0.0,0.0,0.0,,,True
1791530100,2026-10-09T07:15:00Z,วิเชียรบุรี,377,0.0,0.0,0.0,,,True
1791530100,2026-10-09T07:15:00Z,ชนแดน,279,0.0,0.0,0.0,,,True
1791530100,2026-10-09T07:15:00Z,หล่มสัก,350,0.0,0.0,0.0,,,True
1791530100,2026-10-09T07:15:00Z,เมืองเพชรบูรณ์,571,0.0,0.0,0.0,,,True
1791530100,2026-10-09T07:15:00Z,ทองแสนขัน,185,0.0,0.0,0.0,,,True
1791530100,2026-10-09T07:15:00Z,บึงสามัคคี,71,0.0,0.0,0.0,,,True
1791530100,2026-10-09T07:15:00Z,โกสัมพีนคร,137,0.0,0.0,0.0,,,True
1791530100,2026-10-09T07:15:00Z,สอง,380,0.0,0.0,0.0,,,True
1791530100,2026-10-09T07:15:00Z,วังชิ้น,255,0.0,0.0,0.0,,,True
1791530100,2026-10-09T07:15:00Z,สูงเม่น,88,0.0,0.0,0.0,,,True
1791530100,2026-10-09T07:15:00Z,เด่นชัย,135,0.0,0.0,0.0,,,True
1791530100,2026-10-09T07:15:00Z,ร้องกวาง,221,0.0,0.0,0.0,,,True
1791530100,2026-10-09T07:15:00Z,ลอง,317,0.0,0.0,0.0,,,True
1791530100,2026-10-09T07:15:00Z,เมืองแพร่,205,0.0,0.0,0.0,,,True
1791530100,2026-10-09T07:15:00Z,ทัพทัน,94,0.0,0.0,0.0,,,True
1791530100,2026-10-09T07:15:00Z,สว่างอารมณ์,110,0.0,0.0,0.0,,,True
1791530100,2026-10-09T07:15:00Z,เมืองอุทัยธานี,59,0.0,0.0,0.0,,,True
1791530100,2026-10-09T07:15:00Z,ห้วยคต,94,0.0,0.0,0.0,,,True
1791530100,2026-10-09T07:15:00Z,ศรีสวัสดิ์,440,0.0,0.0,0.0,,,True
1791530100,2026-10-09T07:15:00Z,บ้านไร่,821,0.0,0.0,0.0,,,True
1791530100,2026-10-09T07:15:00Z,ลานสัก,360,0.0,0.0,0.0,,,True
1791530100,2026-10-09T07:15:00Z,หนองฉาง,89,0.0,0.0,0.0,,,True
1791530100,2026-10-09T07:15:00Z,หนองขาหย่าง,43,0.0,0.0,0.0,,,True
1791530100,2026-10-09T07:15:00Z,เชียงม่วน,82,0.0,0.0,0.0,,,True
1791530100,2026-10-09T07:15:00Z,ดอกคำใต้,37,0.0,0.0,0.0,,,True
1791530100,2026-10-09T07:15:00Z,เมืองพะเยา,6,0.0,0.0,0.0,,,True
1791530100,2026-10-09T07:15:00Z,ทองผาภูมิ,851,0.0,0.0,0.0,,,True
1791530100,2026-10-09T07:15:00Z,สังขละบุรี,793,0.0,0.0,0.0,,,True
1791530100,2026-10-09T07:15:00Z,หนองม่วงไข่,35,0.0,0.0,0.0,,,True
1791530100,2026-10-09T07:15:00Z,ภูเวียง,81,0.0,0.0,0.0,,,True
1791530100,2026-10-09T07:15:00Z,มัญจาคีรี,50,0.0,0.0,0.0,,,True
1791530100,2026-10-09T07:15:00Z,หนองปรือ,104,0.0,0.0,0.0,,,True
1791530100,2026-10-09T07:15:00Z,เลาขวัญ,123,0.0,0.0,0.0,,,True
1791530100,2026-10-09T07:15:00Z,หนองนาคำ,43,0.0,0.0,0.0,,,True
1791530100,2026-10-09T07:15:00Z,โคกโพธิ์ไชย,65,0.0,0.0,0.0,,,True
1791530100,2026-10-09T07:15:00Z,บ้านหลวง,91,0.0,0.0,0.0,,,True
1791530100,2026-10-09T07:15:00Z,นาน้อย,266,0.0,0.0,0.0,,,True
1791530100,2026-10-09T07:15:00Z,ภูผาม่าน,74,0.0,0.0,0.0,,,True
1791530100,2026-10-09T07:15:00Z,เมืองน่าน,161,0.0,0.0,0.0,,,True
1791530100,2026-10-09T07:15:00Z,แม่จริม,262,0.0,0.0,0.0,,,True
1791530100,2026-10-09T07:15:00Z,เวียงเก่า,78,0.0,0.0,0.0,,,True
1791530100,2026-10-09T07:15:00Z,เมืองกำแพงเพชร,368,0.0,0.0,0.0,,,True
1791530100,2026-10-09T07:15:00Z,ไทรงาม,133,0.0,0.0,0.0,,,True
1791530100,2026-10-09T07:15:00Z,ปางศิลาทอง,186,0.0,0.0,0.0,,,True
1791530100,2026-10-09T07:15:00Z,ลานกระบือ,103,0.0,0.0,0.0,,,True
1791530100,2026-10-09T07:15:00Z,ทรายทองวัฒนา,53,0.0,0.0,0.0,,,True
1791530100,2026-10-09T07:15:00Z,คลองขลุง,179,0.0,0.0,0.0,,,True
1791530100,2026-10-09T07:15:00Z,พรานกระต่าย,252,0.0,0.0,0.0,,,True
1791530100,2026-10-09T07:15:00Z,คลองลาน,363,0.0,0.0,0.0,,,True
1791530100,2026-10-09T07:15:00Z,ขาณุวรลักษบุรี,296,0.0,0.0,0.0,,,True
1791530100,2026-10-09T07:15:00Z,ภูเพียง,113,0.0,0.0,0.0,,,True
1791530100,2026-10-09T07:15:00Z,นาหมื่น,245,0.0,0.0,0.0,,,True
1791530100,2026-10-09T07:15:00Z,เวียงสา,543,0.0,0.0,0.0,,,True
1791530100,2026-10-09T07:15:00Z,น้ำโสม,153,0.0,0.0,0.0,,,True
1791530100,2026-10-09T07:15:00Z,นายูง,126,0.0,0.0,0.0,,,True
1791530100,2026-10-09T07:15:00Z,ชุมแพ,173,0.0,0.0,0.0,,,True
1791530100,2026-10-09T07:15:00Z,สีชมพู,132,0.0,0.0,0.0,,,True
1791530100,2026-10-09T07:15:00Z,สุวรรณคูหา,140,0.0,0.0,0.0,,,True
1791530100,2026-10-09T07:15:00Z,นาวัง,65,0.0,0.0,0.0,,,True
1791530100,2026-10-09T07:15:00Z,หนองเรือ,80,0.0,0.0,0.0,,,True
1791530100,2026-10-09T07:15:00Z,โนนสัง,51,0.0,0.0,0.0,,,True
1791530100,2026-10-09T07:15:00Z,ศรีบุญเรือง,224,0.0,0.0,0.0,,,True
1791530100,2026-10-09T07:15:00Z,เมืองหนองบัวลำภู,217,0.0,0.0,0.0,,,True
1791530100,2026-10-09T07:15:00Z,นากลาง,173,0.0,0.0,0.0,,,True
1791530100,2026-10-09T07:15:00Z,ทุ่งเสลี่ยม,144,0.0,0.0,0.0,,,True
1791530100,2026-10-09T07:15:00Z,ดอยหล่อ,56,0.0,0.0,0.0,,,True
1791530100,2026-10-09T07:15:00Z,เมืองตาก,486,0.0,0.0,0.0,,,True
1791530100,2026-10-09T07:15:00Z,แม่ออน,116,0.0,0.0,0.0,,,True
1791530100,2026-10-09T07:15:00Z,อุ้มผาง,1209,0.007,1.216,0.0165,,30,True
1791530100,2026-10-09T07:15:00Z,วังเจ้า,183,0.0,0.0,0.0,,,True
1791530100,2026-10-09T07:15:00Z,แม่สอด,398,0.0,0.0,0.0,,,True
1791530100,2026-10-09T07:15:00Z,พบพระ,249,0.0,0.0,0.0,,,True
1791530100,2026-10-09T07:15:00Z,แม่ระมาด,380,0.0,0.0,0.0,,,True
1791530100,2026-10-09T07:15:00Z,ท่าสองยาง,401,0.0,0.0,0.0,,,True
1791530100,2026-10-09T07:15:00Z,บ้านตาก,255,0.0,0.0,0.0,,,True
1791530100,2026-10-09T07:15:00Z,สามเงา,698,0.0,0.0,0.0,,,True
1791530100,2026-10-09T07:15:00Z,จอมทอง,280,0.0,0.0,0.0,,,True
1791530100,2026-10-09T07:15:00Z,แก้งสนามนาง,79,0.0,0.0,0.0,,,True
1791530100,2026-10-09T07:15:00Z,สีคิ้ว,292,0.0,0.0,0.0,,,True
1791530100,2026-10-09T07:15:00Z,พระทองคำ,90,0.0,0.0,0.0,,,True
1791530100,2026-10-09T07:15:00Z,เทพารักษ์,92,0.0,0.0,0.0,,,True
1791530100,2026-10-09T07:15:00Z,สันกำแพง,65,0.0,0.0,0.0,,,True
1791530100,2026-10-09T07:15:00Z,สันป่าตอง,44,0.0,0.0,0.0,,,True
1791530100,2026-10-09T07:15:00Z,ดอยเต่า,213,0.0,0.0,0.0,,,True
1791530100,2026-10-09T07:15:00Z,อมก๋อย,704,0.0,0.0,0.0,,,True
1791530100,2026-10-09T07:15:00Z,ฮอด,378,0.0,0.0,0.0,,,True
1791530100,2026-10-09T07:15:00Z,เมืองลำพูน,117,0.0,0.0,0.0,,,True
1791530100,2026-10-09T07:15:00Z,แม่ทา,192,0.0,0.0,0.0,,,True
1791530100,2026-10-09T07:15:00Z,บ้านธิ,34,0.0,0.0,0.0,,,True
1791530100,2026-10-09T07:15:00Z,บ้านหมอ,24,0.0,0.0,0.0,,,True
1791530100,2026-10-09T07:15:00Z,เวียงหนองล่อง,14,0.0,0.0,0.0,,,True
1791530100,2026-10-09T07:15:00Z,ทุ่งหัวช้าง,113,0.0,0.0,0.0,,,True
1791530100,2026-10-09T07:15:00Z,ป่าซาง,74,0.0,0.0,0.0,,,True
1791530100,2026-10-09T07:15:00Z,บ้านโฮ่ง,124,0.0,0.0,0.0,,,True
1791530100,2026-10-09T07:15:00Z,แก่งคอย,73,0.0,0.0,0.0,,,True
1791530100,2026-10-09T07:15:00Z,ลี้,454,0.0,0.0,0.0,,,True
1791530100,2026-10-09T07:15:00Z,พระพุทธบาท,55,0.0,0.0,0.0,,,True
1791530100,2026-10-09T07:15:00Z,ดอนพุด,7,0.0,0.0,0.0,,,True
1791530100,2026-10-09T07:15:00Z,หนองโดน,31,0.0,0.0,0.0,,,True
1791530100,2026-10-09T07:15:00Z,เมืองลำปาง,300,0.0,0.0,0.0,,,True
1791530100,2026-10-09T07:15:00Z,เถิน,443,0.0,0.0,0.0,,,True
1791530100,2026-10-09T07:15:00Z,แม่พริก,167,0.0,0.0,0.0,,,True
1791530100,2026-10-09T07:15:00Z,แจ้ห่ม,274,0.0,0.0,0.0,,,True
1791530100,2026-10-09T07:15:00Z,แม่เปิน,85,0.0,0.0,0.0,,,True
1791530100,2026-10-09T07:15:00Z,เสริมงาม,185,0.0,0.0,0.0,,,True
1791530100,2026-10-09T07:15:00Z,ชุมตาบง,61,0.0,0.0,0.0,,,True
1791530100,2026-10-09T07:15:00Z,งาว,344,0.0,0.0,0.0,,,True
1791530100,2026-10-09T07:15:00Z,ตากฟ้า,125,0.0,0.0,0.0,,,True
1791530100,2026-10-09T07:15:00Z,แม่เมาะ,283,0.0,0.0,0.0,,,True
1791530100,2026-10-09T07:15:00Z,แม่วงก์,257,0.0,0.0,0.0,,,True
1791530100,2026-10-09T07:15:00Z,เกาะคา,128,0.0,0.0,0.0,,,True
1791530100,2026-10-09T07:15:00Z,พยุหะคีรี,169,0.0,0.0,0.0,,,True
1791530100,2026-10-09T07:15:00Z,ลาดยาว,187,0.0,0.0,0.0,,,True
1791530100,2026-10-09T07:15:00Z,สบปราบ,125,0.0,0.0,0.0,,,True
1791530100,2026-10-09T07:15:00Z,ห้างฉัตร,154,0.0,0.0,0.0,,,True
1791530100,2026-10-09T07:15:00Z,แม่ทะ,203,0.0,0.0,0.0,,,True
1791530100,2026-10-09T07:15:00Z,เมืองปาน,202,0.0,0.0,0.0,,,True
1791530100,2026-10-09T07:15:00Z,เมืองอ่างทอง,6,0.0,0.0,0.0,,,True
1791530100,2026-10-09T07:15:00Z,ไชโย,20,0.0,0.0,0.0,,,True
1791530100,2026-10-09T07:15:00Z,สามโก้,10,0.0,0.0,0.0,,,True
1791530100,2026-10-09T07:15:00Z,แสวงหา,43,0.0,0.0,0.0,,,True
1791530100,2026-10-09T07:15:00Z,วิเศษชัยชาญ,7,0.0,0.0,0.0,,,True
1791530100,2026-10-09T07:15:00Z,โพธิ์ทอง,48,0.0,0.0,0.0,,,True
1791530100,2026-10-09T07:15:00Z,เมืองลพบุรี,190,0.0,0.0,0.0,,,True
1791530100,2026-10-09T07:15:00Z,เดิมบางนางบวช,130,0.0,0.0,0.0,,,True
1791530100,2026-10-09T07:15:00Z,ด่านช้าง,309,0.0,0.0,0.0,,,True
1791530100,2026-10-09T07:15:00Z,หนองม่วง,111,0.0,0.0,0.0,,,True
1791530100,2026-10-09T07:15:00Z,ลำสนธิ,136,0.0,0.0,0.0,,,True
1791530100,2026-10-09T07:15:00Z,สามชุก,77,0.0,0.0,0.0,,,True
1791530100,2026-10-09T07:15:00Z,ดอนเจดีย์,72,0.0,0.0,0.0,,,True
1791530100,2026-10-09T07:15:00Z,สระโบสถ์,83,0.0,0.0,0.0,,,True
1791530100,2026-10-09T07:15:00Z,ศรีประจันต์,41,0.0,0.0,0.0,,,True
1791530100,2026-10-09T07:15:00Z,โคกเจริญ,135,0.0,0.0,0.0,,,True
1791530100,2026-10-09T07:15:00Z,บ้านหมี่,136,0.0,0.0,0.0,,,True
1791530100,2026-10-09T07:15:00Z,ท่าหลวง,100,0.0,0.0,0.0,,,True
1791530100,2026-10-09T07:15:00Z,ชัยบาดาล,280,0.0,0.0,0.0,,,True
1791530100,2026-10-09T07:15:00Z,ท่าวุ้ง,64,0.0,0.0,0.0,,,True
1791530100,2026-10-09T07:15:00Z,พัฒนานิคม,217,0.0,0.0,0.0,,,True
1791530100,2026-10-09T07:15:00Z,โคกสำโรง,180,0.0,0.0,0.0,,,True
1791530100,2026-10-09T07:15:00Z,หนองหญ้าไซ,108,0.0,0.0,0.0,,,True
1791530100,2026-10-09T07:15:00Z,ท่าช้าง,11,0.0,0.0,0.0,,,True
1791530100,2026-10-09T07:15:00Z,อินทร์บุรี,66,0.0,0.0,0.0,,,True
1791530100,2026-10-09T07:15:00Z,ค่ายบางระจัน,26,0.0,0.0,0.0,,,True
1791530100,2026-10-09T07:15:00Z,พรหมบุรี,19,0.0,0.0,0.0,,,True
1791530100,2026-10-09T07:15:00Z,เนินสง่า,65,0.0,0.0,0.0,,,True
1791530100,2026-10-09T07:15:00Z,เมืองสิงห์บุรี,31,0.0,0.0,0.0,,,True
1791530100,2026-10-09T07:15:00Z,ซับใหญ่,72,0.0,0.0,0.0,,,True
1791530100,2026-10-09T07:15:00Z,บางระจัน,46,0.0,0.0,0.0,,,True
1791530100,2026-10-09T07:15:00Z,ภูกระดึง,190,0.0,0.0,0.0,,,True
1791530100,2026-10-09T07:15:00Z,ภูหลวง,145,0.0,0.0,0.0,,,True
1791530100,2026-10-09T07:15:00Z,หนองหิน,78,0.0,0.0,0.0,,,True
1791530100,2026-10-09T07:15:00Z,ผาขาว,100,0.0,0.0,0.0,,,True
1791530100,2026-10-09T07:15:00Z,เอราวัณ,87,0.0,0.0,0.0,,,True
1791530100,2026-10-09T07:15:00Z,วังสะพุง,281,0.0,0.0,0.0,,,True
1791530100,2026-10-09T07:15:00Z,วังม่วง,70,0.0,0.0,0.0,,,True
1791530100,2026-10-09T07:15:00Z,เฉลิมพระเกียรติ,35,0.0,0.0,0.0,,,True
1791530100,2026-10-09T07:15:00Z,มวกเหล็ก,175,0.0,0.0,0.0,,,True
1791530100,2026-10-09T07:15:00Z,บ้านเขว้า,124,0.0,0.0,0.0,,,True
1791530100,2026-10-09T07:15:00Z,คอนสวรรค์,113,0.0,0.0,0.0,,,True
1791530100,2026-10-09T07:15:00Z,เมืองชัยภูมิ,358,0.0,0.0,0.0,,,True
1791530100,2026-10-09T07:15:00Z,วังทอง,425,0.0,0.0,0.0,,,True
1791530100,2026-10-09T07:15:00Z,เนินมะปราง,276,0.0,0.0,0.0,,,True
1791530100,2026-10-09T07:15:00Z,สวรรคโลก,156,0.0,0.0,0.0,,,True
1791530100,2026-10-09T07:15:00Z,ศรีนคร,46,0.0,0.0,0.0,,,True
1791530100,2026-10-09T07:15:00Z,หันคา,139,0.0,0.0,0.0,,,True
1791530100,2026-10-09T07:15:00Z,ศรีสัชนาลัย,534,0.0,0.0,0.0,,,True
1791530100,2026-10-09T07:15:00Z,หนองมะโมง,76,0.0,0.0,0.0,,,True
1791530100,2026-10-09T07:15:00Z,ศรีสำโรง,142,0.0,0.0,0.0,,,True
1791530100,2026-10-09T07:15:00Z,สรรพยา,55,0.0,0.0,0.0,,,True
1791530100,2026-10-09T07:15:00Z,คีรีมาศ,171,0.0,0.0,0.0,,,True
1791530100,2026-10-09T07:15:00Z,สรรคบุรี,89,0.0,0.0,0.0,,,True
1791530100,2026-10-09T07:15:00Z,กงไกรลาศ,108,0.0,0.0,0.0,,,True
1791530100,2026-10-09T07:15:00Z,มโนรมย์,66,0.0,0.0,0.0,,,True
1791530100,2026-10-09T07:15:00Z,เมืองสุโขทัย,136,0.0,0.0,0.0,,,True
1791530100,2026-10-09T07:15:00Z,วัดสิงห์,67,0.0,0.0,0.0,,,True
1791530100,2026-10-09T07:15:00Z,บ้านด่านลานหอย,231,0.0,0.0,0.0,,,True
1791530100,2026-10-09T07:15:00Z,เมืองชัยนาท,70,0.0,0.0,0.0,,,True
1791530100,2026-10-09T07:15:00Z,เนินขาม,65,0.0,0.0,0.0,,,True
1791530100,2026-10-09T07:15:00Z,คอนสาร,334,0.0,0.0,0.0,,,True
1791530100,2026-10-09T07:15:00Z,ภักดีชุมพล,154,0.0,0.0,0.0,,,True
1791530100,2026-10-09T07:15:00Z,บ้านแท่น,76,0.0,0.0,0.0,,,True
1791530100,2026-10-09T07:15:00Z,แก้งคร้อ,168,0.0,0.0,0.0,,,True
1791530100,2026-10-09T07:15:00Z,ภูเขียว,201,0.0,0.0,0.0,,,True
1791530100,2026-10-09T07:15:00Z,หนองบัวระเหว,179,0.0,0.0,0.0,,,True
1791530100,2026-10-09T07:15:00Z,เทพสถิต,239,0.0,0.0,0.0,,,True
1791530100,2026-10-09T07:15:00Z,จัตุรัส,172,0.0,0.0,0.0,,,True
1791530100,2026-10-09T07:15:00Z,บำเหน็จณรงค์,120,0.0,0.0,0.0,,,True
1791530100,2026-10-09T07:15:00Z,เกษตรสมบูรณ์,268,0.0,0.0,0.0,,,True
1791530100,2026-10-09T07:15:00Z,หนองบัวแดง,537,0.0,0.0,0.0,,,True
1791530100,2026-10-09T07:15:00Z,ภูเรือ,168,0.0,0.0,0.0,,,True
1791530100,2026-10-09T07:15:00Z,ท่าลี่,171,0.0,0.0,0.0,,,True
1791530100,2026-10-09T07:15:00Z,วชิรบารมี,68,0.0,0.0,0.0,,,True
1791530100,2026-10-09T07:15:00Z,ด่านซ้าย,341,0.0,0.0,0.0,,,True
1791530100,2026-10-09T07:15:00Z,นาแห้ว,153,0.0,0.0,0.0,,,True
1791530100,2026-10-09T07:15:00Z,บึงนาราง,74,0.0,0.0,0.0,,,True
1791530100,2026-10-09T07:15:00Z,เชียงคาน,213,0.0,0.0,0.0,,,True
1791530100,2026-10-09T07:15:00Z,ดงเจริญ,56,0.0,0.0,0.0,,,True
1791530100,2026-10-09T07:15:00Z,ปากชม,240,0.0,0.0,0.0,,,True
1791530100,2026-10-09T07:15:00Z,เมืองเลย,314,0.0,0.0,0.0,,,True
1791530100,2026-10-09T07:15:00Z,นาด้วง,143,0.0,0.0,0.0,,,True
1791530100,2026-10-09T07:15:00Z,สากเหล็ก,45,0.0,0.0,0.0,,,True
1791530100,2026-10-09T07:15:00Z,สามง่าม,89,0.0,0.0,0.0,,,True
1791530100,2026-10-09T07:15:00Z,ทับคล้อ,104,0.0,0.0,0.0,,,True
1791530100,2026-10-09T07:15:00Z,พรหมพิราม,206,0.0,0.0,0.0,,,True
1791530100,2026-10-09T07:15:00Z,ด่านขุนทด,344,0.0,0.0,0.0,,,True
1791530100,2026-10-09T07:15:00Z,วัดโบสถ์,226,0.0,0.0,0.0,,,True
1791530100,2026-10-09T07:15:00Z,บางระกำ,246,0.0,0.0,0.0,,,True
1791530100,2026-10-09T07:15:00Z,บางกระทุ่ม,91,0.0,0.0,0.0,,,True
1791530100,2026-10-09T07:15:00Z,นครไทย,597,0.0,0.0,0.0,,,True
1791530100,2026-10-09T07:15:00Z,ชาติตระการ,415,0.0,0.0,0.0,,,True
1791530100,2026-10-09T07:15:00Z,บ้านเหลื่อม,55,0.0,0.0,0.0,,,True
1791530100,2026-10-09T07:15:00Z,เมืองพิษณุโลก,178,0.0,0.0,0.0,,,True
1791530100,2026-10-09T07:15:00Z,ชุมแสง,145,0.0,0.0,0.0,,,True
1791530100,2026-10-09T07:15:00Z,หนองบัว,208,0.0,0.0,0.0,,,True
1791530100,2026-10-09T07:15:00Z,เมืองนครสวรรค์,183,0.0,0.0,0.0,,,True
1791530100,2026-10-09T07:15:00Z,โกรกพระ,71,0.0,0.0,0.0,,,True
1791530100,2026-10-09T07:15:00Z,ไพศาลี,244,0.0,0.0,0.0,,,True
1791530100,2026-10-09T07:15:00Z,ตาคลี,206,0.0,0.0,0.0,,,True
1791530100,2026-10-09T07:15:00Z,ท่าตะโก,211,0.0,0.0,0.0,,,True
1791530100,2026-10-09T07:15:00Z,เขาค้อ,207,0.0,0.0,0.0,,,True
1791530100,2026-10-09T07:15:00Z,บรรพตพิสัย,181,0.0,0.0,0.0,,,True
1791530100,2026-10-09T07:15:00Z,เก้าเลี้ยว,57,0.0,0.0,0.0,,,True
1791530100,2026-10-09T07:15:00Z,วังโป่ง,123,0.0,0.0,0.0,,,True
1791530100,2026-10-09T07:15:00Z,บึงสามพัน,194,0.0,0.0,0.0,,,True
1791530100,2026-10-09T07:15:00Z,น้ำหนาว,231,0.0,0.0,0.0,,,True
1791530100,2026-10-09T07:15:00Z,ศรีเทพ,204,0.0,0.0,0.0,,,True
1791530100,2026-10-09T07:15:00Z,หนองไผ่,315,0.0,0.0,0.0,,,True
1791530100,2026-10-09T07:15:00Z,มหาราช,4,0.0,0.0,0.0,,,False
1791530100,2026-10-09T07:15:00Z,บ้านแพรก,10,0.0,0.0,0.0,,,True
1791530100,2026-10-09T07:15:00Z,บางมูลนาก,99,0.001,0.098,0.0101,,120,True
1791530100,2026-10-09T07:15:00Z,โพทะเล,131,0.0,0.0,0.0,,,True
1791530100,2026-10-09T07:15:00Z,โพธิ์ประทับช้าง,102,0.0,0.0,0.0,,,True
1791530100,2026-10-09T07:15:00Z,ตะพานหิน,109,0.0,0.0,0.0,,,True
1791530100,2026-10-09T07:15:00Z,เมืองพิจิตร,138,0.0,0.0,0.0,,,True
1791530100,2026-10-09T07:15:00Z,วังทรายพูน,66,0.0,0.0,0.0,,,True
1791531000,2026-10-09T07:30:00Z,พิชัย,176,0.0,0.0,0.0,,,True
1791531000,2026-10-09T07:30:00Z,ลับแล,116,0.0,0.0,0.0,,,True
1791531000,2026-10-09T07:30:00Z,ฟากท่า,163,0.0,0.0,0.0,,,True
1791531000,2026-10-09T07:30:00Z,บ้านโคก,247,0.0,0.0,0.0,,,True
1791531000,2026-10-09T07:30:00Z,ท่าปลา,442,0.0,0.0,0.0,,,True
1791531000,2026-10-09T07:30:00Z,น้ำปาด,363,0.0,0.0,0.0,,,True
1791531000,2026-10-09T07:30:00Z,เมืองอุตรดิตถ์,202,0.0,0.0,0.0,,,True
1791531000,2026-10-09T07:30:00Z,ตรอน,80,0.0,0.0,0.0,,,True
1791531000,2026-10-09T07:30:00Z,หล่มเก่า,246,0.0,0.0,0.0,,,True
1791531000,2026-10-09T07:30:00Z,วิเชียรบุรี,377,0.0,0.0,0.0,,,True
1791531000,2026-10-09T07:30:00Z,ชนแดน,279,0.0,0.0,0.0,,,True
1791531000,2026-10-09T07:30:00Z,หล่มสัก,350,0.0,0.0,0.0,,,True
1791531000,2026-10-09T07:30:00Z,เมืองเพชรบูรณ์,571,0.0,0.0,0.0,,,True
1791531000,2026-10-09T07:30:00Z,ทองแสนขัน,185,0.0,0.0,0.0,,,True
1791531000,2026-10-09T07:30:00Z,บึงสามัคคี,71,0.0,0.0,0.0,,,True
1791531000,2026-10-09T07:30:00Z,โกสัมพีนคร,137,0.0,0.0,0.0,,,True
1791531000,2026-10-09T07:30:00Z,สอง,380,0.0,0.0,0.0,,,True
1791531000,2026-10-09T07:30:00Z,วังชิ้น,255,0.0,0.0,0.0,,,True
1791531000,2026-10-09T07:30:00Z,สูงเม่น,88,0.0,0.0,0.0,,,True
1791531000,2026-10-09T07:30:00Z,เด่นชัย,135,0.0,0.0,0.0,,,True
1791531000,2026-10-09T07:30:00Z,ร้องกวาง,221,0.0,0.0,0.0,,,True
1791531000,2026-10-09T07:30:00Z,ลอง,317,0.0,0.0,0.0,,,True
1791531000,2026-10-09T07:30:00Z,เมืองแพร่,205,0.0,0.0,0.0,,,True
1791531000,2026-10-09T07:30:00Z,ทัพทัน,94,0.0,0.0,0.0,,,True
1791531000,2026-10-09T07:30:00Z,สว่างอารมณ์,110,0.0,0.0,0.0,,,True
1791531000,2026-10-09T07:30:00Z,เมืองอุทัยธานี,59,0.0,0.0,0.0,,,True
1791531000,2026-10-09T07:30:00Z,ห้วยคต,94,0.0,0.0,0.0,,,True
1791531000,2026-10-09T07:30:00Z,ศรีสวัสดิ์,440,0.0,0.0,0.0,,,True
1791531000,2026-10-09T07:30:00Z,บ้านไร่,821,0.0,0.0,0.0,,,True
1791531000,2026-10-09T07:30:00Z,ลานสัก,360,0.0,0.098,0.0028,,120,True
1791531000,2026-10-09T07:30:00Z,หนองฉาง,89,0.0,0.0,0.0,,,True
1791531000,2026-10-09T07:30:00Z,หนองขาหย่าง,43,0.0,0.0,0.0,,,True
1791531000,2026-10-09T07:30:00Z,เชียงม่วน,82,0.0,0.0,0.0,,,True
1791531000,2026-10-09T07:30:00Z,ดอกคำใต้,37,0.0,0.0,0.0,,,True
1791531000,2026-10-09T07:30:00Z,เมืองพะเยา,6,0.0,0.0,0.0,,,True
1791531000,2026-10-09T07:30:00Z,ทองผาภูมิ,851,0.0,0.0,0.0,,,True
1791531000,2026-10-09T07:30:00Z,สังขละบุรี,793,0.0,0.0,0.0,,,True
1791531000,2026-10-09T07:30:00Z,หนองม่วงไข่,35,0.0,0.0,0.0,,,True
1791531000,2026-10-09T07:30:00Z,ภูเวียง,81,0.0,0.0,0.0,,,True
1791531000,2026-10-09T07:30:00Z,มัญจาคีรี,50,0.0,0.0,0.0,,,True
1791531000,2026-10-09T07:30:00Z,หนองปรือ,104,0.0,0.0,0.0,,,True
1791531000,2026-10-09T07:30:00Z,เลาขวัญ,123,0.0,0.0,0.0,,,True
1791531000,2026-10-09T07:30:00Z,หนองนาคำ,43,0.0,0.0,0.0,,,True
1791531000,2026-10-09T07:30:00Z,โคกโพธิ์ไชย,65,0.0,0.0,0.0,,,True
1791531000,2026-10-09T07:30:00Z,บ้านหลวง,91,0.0,0.0,0.0,,,True
1791531000,2026-10-09T07:30:00Z,นาน้อย,266,0.0,0.0,0.0,,,True
1791531000,2026-10-09T07:30:00Z,ภูผาม่าน,74,0.0,0.0,0.0,,,True
1791531000,2026-10-09T07:30:00Z,เมืองน่าน,161,0.0,0.0,0.0,,,True
1791531000,2026-10-09T07:30:00Z,แม่จริม,262,0.0,0.0,0.0,,,True
1791531000,2026-10-09T07:30:00Z,เวียงเก่า,78,0.0,0.0,0.0,,,True
1791531000,2026-10-09T07:30:00Z,เมืองกำแพงเพชร,368,0.0,0.0,0.0,,,True
1791531000,2026-10-09T07:30:00Z,ไทรงาม,133,0.0,0.0,0.0,,,True
1791531000,2026-10-09T07:30:00Z,ปางศิลาทอง,186,0.0,0.0,0.0,,,True
1791531000,2026-10-09T07:30:00Z,ลานกระบือ,103,0.0,0.0,0.0,,,True
1791531000,2026-10-09T07:30:00Z,ทรายทองวัฒนา,53,0.0,0.0,0.0,,,True
1791531000,2026-10-09T07:30:00Z,คลองขลุง,179,0.003,0.413,0.0112,,15,True
1791531000,2026-10-09T07:30:00Z,พรานกระต่าย,252,0.0,0.0,0.0,,,True
1791531000,2026-10-09T07:30:00Z,คลองลาน,363,0.0,0.0,0.0,,,True
1791531000,2026-10-09T07:30:00Z,ขาณุวรลักษบุรี,296,0.002,0.201,0.0169,,30,True
1791531000,2026-10-09T07:30:00Z,ภูเพียง,113,0.0,0.0,0.0,,,True
1791531000,2026-10-09T07:30:00Z,นาหมื่น,245,0.0,0.0,0.0,,,True
1791531000,2026-10-09T07:30:00Z,เวียงสา,543,0.0,0.0,0.0,,,True
1791531000,2026-10-09T07:30:00Z,น้ำโสม,153,0.0,0.0,0.0,,,True
1791531000,2026-10-09T07:30:00Z,นายูง,126,0.0,0.0,0.0,,,True
1791531000,2026-10-09T07:30:00Z,ชุมแพ,173,0.0,0.0,0.0,,,True
1791531000,2026-10-09T07:30:00Z,สีชมพู,132,0.0,0.0,0.0,,,True
1791531000,2026-10-09T07:30:00Z,สุวรรณคูหา,140,0.0,0.0,0.0,,,True
1791531000,2026-10-09T07:30:00Z,นาวัง,65,0.0,0.0,0.0,,,True
1791531000,2026-10-09T07:30:00Z,หนองเรือ,80,0.0,0.0,0.0,,,True
1791531000,2026-10-09T07:30:00Z,โนนสัง,51,0.0,0.0,0.0,,,True
1791531000,2026-10-09T07:30:00Z,ศรีบุญเรือง,224,0.0,0.0,0.0,,,True
1791531000,2026-10-09T07:30:00Z,เมืองหนองบัวลำภู,217,0.0,0.0,0.0,,,True
1791531000,2026-10-09T07:30:00Z,นากลาง,173,0.0,0.0,0.0,,,True
1791531000,2026-10-09T07:30:00Z,ทุ่งเสลี่ยม,144,0.0,0.0,0.0,,,True
1791531000,2026-10-09T07:30:00Z,ดอยหล่อ,56,0.0,0.0,0.0,,,True
1791531000,2026-10-09T07:30:00Z,เมืองตาก,486,0.0,0.0,0.0,,,True
1791531000,2026-10-09T07:30:00Z,แม่ออน,116,0.0,0.0,0.0,,,True
1791531000,2026-10-09T07:30:00Z,อุ้มผาง,1209,0.0,0.098,0.0025,,30,True
1791531000,2026-10-09T07:30:00Z,วังเจ้า,183,0.0,0.0,0.0,,,True
1791531000,2026-10-09T07:30:00Z,แม่สอด,398,0.0,0.0,0.0,,,True
1791531000,2026-10-09T07:30:00Z,พบพระ,249,0.0,0.0,0.0,,,True
1791531000,2026-10-09T07:30:00Z,แม่ระมาด,380,0.0,0.0,0.0,,,True
1791531000,2026-10-09T07:30:00Z,ท่าสองยาง,401,0.0,0.0,0.0,,,True
1791531000,2026-10-09T07:30:00Z,บ้านตาก,255,0.0,0.0,0.0,,,True
1791531000,2026-10-09T07:30:00Z,สามเงา,698,0.0,0.0,0.0,,,True
1791531000,2026-10-09T07:30:00Z,จอมทอง,280,0.0,0.0,0.0,,,True
1791531000,2026-10-09T07:30:00Z,แก้งสนามนาง,79,0.0,0.0,0.0,,,True
1791531000,2026-10-09T07:30:00Z,สีคิ้ว,292,0.0,0.0,0.0,,,True
1791531000,2026-10-09T07:30:00Z,พระทองคำ,90,0.0,0.0,0.0,,,True
1791531000,2026-10-09T07:30:00Z,เทพารักษ์,92,0.0,0.0,0.0,,,True
1791531000,2026-10-09T07:30:00Z,สันกำแพง,65,0.0,0.0,0.0,,,True
1791531000,2026-10-09T07:30:00Z,สันป่าตอง,44,0.0,0.0,0.0,,,True
1791531000,2026-10-09T07:30:00Z,ดอยเต่า,213,0.0,0.0,0.0,,,True
1791531000,2026-10-09T07:30:00Z,อมก๋อย,704,0.0,0.0,0.0,,,True
1791531000,2026-10-09T07:30:00Z,ฮอด,378,0.0,0.0,0.0,,,True
1791531000,2026-10-09T07:30:00Z,เมืองลำพูน,117,0.0,0.0,0.0,,,True
1791531000,2026-10-09T07:30:00Z,แม่ทา,192,0.0,0.0,0.0,,,True
1791531000,2026-10-09T07:30:00Z,บ้านธิ,34,0.0,0.0,0.0,,,True
1791531000,2026-10-09T07:30:00Z,บ้านหมอ,24,0.0,0.0,0.0,,,True
1791531000,2026-10-09T07:30:00Z,เวียงหนองล่อง,14,0.0,0.0,0.0,,,True
1791531000,2026-10-09T07:30:00Z,ทุ่งหัวช้าง,113,0.0,0.0,0.0,,,True
1791531000,2026-10-09T07:30:00Z,ป่าซาง,74,0.0,0.0,0.0,,,True
1791531000,2026-10-09T07:30:00Z,บ้านโฮ่ง,124,0.0,0.0,0.0,,,True
1791531000,2026-10-09T07:30:00Z,แก่งคอย,73,0.0,0.0,0.0,,,True
1791531000,2026-10-09T07:30:00Z,ลี้,454,0.0,0.0,0.0,,,True
1791531000,2026-10-09T07:30:00Z,พระพุทธบาท,55,0.0,0.0,0.0,,,True
1791531000,2026-10-09T07:30:00Z,ดอนพุด,7,0.0,0.0,0.0,,,True
1791531000,2026-10-09T07:30:00Z,หนองโดน,31,0.0,0.0,0.0,,,True
1791531000,2026-10-09T07:30:00Z,เมืองลำปาง,300,0.0,0.0,0.0,,,True
1791531000,2026-10-09T07:30:00Z,เถิน,443,0.0,0.0,0.0,,,True
1791531000,2026-10-09T07:30:00Z,แม่พริก,167,0.0,0.0,0.0,,,True
1791531000,2026-10-09T07:30:00Z,แจ้ห่ม,274,0.0,0.0,0.0,,,True
1791531000,2026-10-09T07:30:00Z,แม่เปิน,85,0.0,0.0,0.0,,,True
1791531000,2026-10-09T07:30:00Z,เสริมงาม,185,0.0,0.0,0.0,,,True
1791531000,2026-10-09T07:30:00Z,ชุมตาบง,61,0.013,0.413,0.0492,,105,True
1791531000,2026-10-09T07:30:00Z,งาว,344,0.0,0.0,0.0,,,True
1791531000,2026-10-09T07:30:00Z,ตากฟ้า,125,0.0,0.0,0.0,,,True
1791531000,2026-10-09T07:30:00Z,แม่เมาะ,283,0.0,0.0,0.0,,,True
1791531000,2026-10-09T07:30:00Z,แม่วงก์,257,0.001,0.098,0.0078,,75,True
1791531000,2026-10-09T07:30:00Z,เกาะคา,128,0.0,0.0,0.0,,,True
1791531000,2026-10-09T07:30:00Z,พยุหะคีรี,169,0.0,0.0,0.0,,,True
1791531000,2026-10-09T07:30:00Z,ลาดยาว,187,0.0,0.0,0.0,,,True
1791531000,2026-10-09T07:30:00Z,สบปราบ,125,0.0,0.0,0.0,,,True
1791531000,2026-10-09T07:30:00Z,ห้างฉัตร,154,0.0,0.0,0.0,,,True
1791531000,2026-10-09T07:30:00Z,แม่ทะ,203,0.0,0.0,0.0,,,True
1791531000,2026-10-09T07:30:00Z,เมืองปาน,202,0.0,0.0,0.0,,,True
1791531000,2026-10-09T07:30:00Z,เมืองอ่างทอง,6,0.0,0.0,0.0,,,True
1791531000,2026-10-09T07:30:00Z,ไชโย,20,0.0,0.0,0.0,,,True
1791531000,2026-10-09T07:30:00Z,สามโก้,10,0.0,0.0,0.0,,,True
1791531000,2026-10-09T07:30:00Z,แสวงหา,43,0.0,0.0,0.0,,,True
1791531000,2026-10-09T07:30:00Z,วิเศษชัยชาญ,7,0.0,0.0,0.0,,,True
1791531000,2026-10-09T07:30:00Z,โพธิ์ทอง,48,0.0,0.0,0.0,,,True
1791531000,2026-10-09T07:30:00Z,เมืองลพบุรี,190,0.0,0.0,0.0,,,True
1791531000,2026-10-09T07:30:00Z,เดิมบางนางบวช,130,0.0,0.0,0.0,,,True
1791531000,2026-10-09T07:30:00Z,ด่านช้าง,309,0.0,0.0,0.0,,,True
1791531000,2026-10-09T07:30:00Z,หนองม่วง,111,0.0,0.0,0.0,,,True
1791531000,2026-10-09T07:30:00Z,ลำสนธิ,136,0.0,0.0,0.0,,,True
1791531000,2026-10-09T07:30:00Z,สามชุก,77,0.0,0.0,0.0,,,True
1791531000,2026-10-09T07:30:00Z,ดอนเจดีย์,72,0.0,0.0,0.0,,,True
1791531000,2026-10-09T07:30:00Z,สระโบสถ์,83,0.0,0.0,0.0,,,True
1791531000,2026-10-09T07:30:00Z,ศรีประจันต์,41,0.0,0.0,0.0,,,True
1791531000,2026-10-09T07:30:00Z,โคกเจริญ,135,0.0,0.0,0.0,,,True
1791531000,2026-10-09T07:30:00Z,บ้านหมี่,136,0.0,0.0,0.0,,,True
1791531000,2026-10-09T07:30:00Z,ท่าหลวง,100,0.0,0.0,0.0,,,True
1791531000,2026-10-09T07:30:00Z,ชัยบาดาล,280,0.0,0.0,0.0,,,True
1791531000,2026-10-09T07:30:00Z,ท่าวุ้ง,64,0.0,0.0,0.0,,,True
1791531000,2026-10-09T07:30:00Z,พัฒนานิคม,217,0.0,0.0,0.0,,,True
1791531000,2026-10-09T07:30:00Z,โคกสำโรง,180,0.0,0.0,0.0,,,True
1791531000,2026-10-09T07:30:00Z,หนองหญ้าไซ,108,0.0,0.0,0.0,,,True
1791531000,2026-10-09T07:30:00Z,ท่าช้าง,11,0.0,0.0,0.0,,,True
1791531000,2026-10-09T07:30:00Z,อินทร์บุรี,66,0.0,0.0,0.0,,,True
1791531000,2026-10-09T07:30:00Z,ค่ายบางระจัน,26,0.0,0.0,0.0,,,True
1791531000,2026-10-09T07:30:00Z,พรหมบุรี,19,0.0,0.0,0.0,,,True
1791531000,2026-10-09T07:30:00Z,เนินสง่า,65,0.0,0.0,0.0,,,True
1791531000,2026-10-09T07:30:00Z,เมืองสิงห์บุรี,31,0.0,0.0,0.0,,,True
1791531000,2026-10-09T07:30:00Z,ซับใหญ่,72,0.0,0.0,0.0,,,True
1791531000,2026-10-09T07:30:00Z,บางระจัน,46,0.002,0.098,0.0217,,30,True
1791531000,2026-10-09T07:30:00Z,ภูกระดึง,190,0.0,0.0,0.0,,,True
1791531000,2026-10-09T07:30:00Z,ภูหลวง,145,0.0,0.0,0.0,,,True
1791531000,2026-10-09T07:30:00Z,หนองหิน,78,0.0,0.0,0.0,,,True
1791531000,2026-10-09T07:30:00Z,ผาขาว,100,0.0,0.0,0.0,,,True
1791531000,2026-10-09T07:30:00Z,เอราวัณ,87,0.0,0.0,0.0,,,True
1791531000,2026-10-09T07:30:00Z,วังสะพุง,281,0.0,0.0,0.0,,,True
1791531000,2026-10-09T07:30:00Z,วังม่วง,70,0.0,0.0,0.0,,,True
1791531000,2026-10-09T07:30:00Z,เฉลิมพระเกียรติ,35,0.0,0.0,0.0,,,True
1791531000,2026-10-09T07:30:00Z,มวกเหล็ก,175,0.0,0.0,0.0,,,True
1791531000,2026-10-09T07:30:00Z,บ้านเขว้า,124,0.0,0.0,0.0,,,True
1791531000,2026-10-09T07:30:00Z,คอนสวรรค์,113,0.0,0.0,0.0,,,True
1791531000,2026-10-09T07:30:00Z,เมืองชัยภูมิ,358,0.0,0.0,0.0,,,True
1791531000,2026-10-09T07:30:00Z,วังทอง,425,0.0,0.0,0.0,,,True
1791531000,2026-10-09T07:30:00Z,เนินมะปราง,276,0.0,0.0,0.0,,,True
1791531000,2026-10-09T07:30:00Z,สวรรคโลก,156,0.0,0.0,0.0,,,True
1791531000,2026-10-09T07:30:00Z,ศรีนคร,46,0.0,0.0,0.0,,,True
1791531000,2026-10-09T07:30:00Z,หันคา,139,0.0,0.0,0.0,,,True
1791531000,2026-10-09T07:30:00Z,ศรีสัชนาลัย,534,0.0,0.0,0.0,,,True
1791531000,2026-10-09T07:30:00Z,หนองมะโมง,76,0.0,0.0,0.0,,,True
1791531000,2026-10-09T07:30:00Z,ศรีสำโรง,142,0.0,0.0,0.0,,,True
1791531000,2026-10-09T07:30:00Z,สรรพยา,55,0.002,0.098,0.0182,,15,True
1791531000,2026-10-09T07:30:00Z,คีรีมาศ,171,0.0,0.0,0.0,,,True
1791531000,2026-10-09T07:30:00Z,สรรคบุรี,89,0.001,0.098,0.0112,,15,True
1791531000,2026-10-09T07:30:00Z,กงไกรลาศ,108,0.0,0.0,0.0,,,True
1791531000,2026-10-09T07:30:00Z,มโนรมย์,66,0.0,0.0,0.0,,,True
1791531000,2026-10-09T07:30:00Z,เมืองสุโขทัย,136,0.0,0.0,0.0,,,True
1791531000,2026-10-09T07:30:00Z,วัดสิงห์,67,0.0,0.0,0.0,,,True
1791531000,2026-10-09T07:30:00Z,บ้านด่านลานหอย,231,0.0,0.0,0.0,,,True
1791531000,2026-10-09T07:30:00Z,เมืองชัยนาท,70,0.0,0.0,0.0,,,True
1791531000,2026-10-09T07:30:00Z,เนินขาม,65,0.0,0.0,0.0,,,True
1791531000,2026-10-09T07:30:00Z,คอนสาร,334,0.0,0.0,0.0,,,True
1791531000,2026-10-09T07:30:00Z,ภักดีชุมพล,154,0.0,0.0,0.0,,,True
1791531000,2026-10-09T07:30:00Z,บ้านแท่น,76,0.0,0.0,0.0,,,True
1791531000,2026-10-09T07:30:00Z,แก้งคร้อ,168,0.0,0.0,0.0,,,True
1791531000,2026-10-09T07:30:00Z,ภูเขียว,201,0.0,0.0,0.0,,,True
1791531000,2026-10-09T07:30:00Z,หนองบัวระเหว,179,0.0,0.0,0.0,,,True
1791531000,2026-10-09T07:30:00Z,เทพสถิต,239,0.0,0.0,0.0,,,True
1791531000,2026-10-09T07:30:00Z,จัตุรัส,172,0.0,0.0,0.0,,,True
1791531000,2026-10-09T07:30:00Z,บำเหน็จณรงค์,120,0.0,0.0,0.0,,,True
1791531000,2026-10-09T07:30:00Z,เกษตรสมบูรณ์,268,0.0,0.0,0.0,,,True
1791531000,2026-10-09T07:30:00Z,หนองบัวแดง,537,0.0,0.0,0.0,,,True
1791531000,2026-10-09T07:30:00Z,ภูเรือ,168,0.0,0.0,0.0,,,True
1791531000,2026-10-09T07:30:00Z,ท่าลี่,171,0.0,0.0,0.0,,,True
1791531000,2026-10-09T07:30:00Z,วชิรบารมี,68,0.0,0.0,0.0,,,True
1791531000,2026-10-09T07:30:00Z,ด่านซ้าย,341,0.0,0.0,0.0,,,True
1791531000,2026-10-09T07:30:00Z,นาแห้ว,153,0.0,0.0,0.0,,,True
1791531000,2026-10-09T07:30:00Z,บึงนาราง,74,0.0,0.0,0.0,,,True
1791531000,2026-10-09T07:30:00Z,เชียงคาน,213,0.0,0.0,0.0,,,True
1791531000,2026-10-09T07:30:00Z,ดงเจริญ,56,0.0,0.0,0.0,,,True
1791531000,2026-10-09T07:30:00Z,ปากชม,240,0.0,0.0,0.0,,,True
1791531000,2026-10-09T07:30:00Z,เมืองเลย,314,0.0,0.0,0.0,,,True
1791531000,2026-10-09T07:30:00Z,นาด้วง,143,0.0,0.0,0.0,,,True
1791531000,2026-10-09T07:30:00Z,สากเหล็ก,45,0.0,0.0,0.0,,,True
1791531000,2026-10-09T07:30:00Z,สามง่าม,89,0.0,0.0,0.0,,,True
1791531000,2026-10-09T07:30:00Z,ทับคล้อ,104,0.0,0.0,0.0,,,True
1791531000,2026-10-09T07:30:00Z,พรหมพิราม,206,0.0,0.0,0.0,,,True
1791531000,2026-10-09T07:30:00Z,ด่านขุนทด,344,0.0,0.0,0.0,,,True
1791531000,2026-10-09T07:30:00Z,วัดโบสถ์,226,0.0,0.0,0.0,,,True
1791531000,2026-10-09T07:30:00Z,บางระกำ,246,0.0,0.0,0.0,,,True
1791531000,2026-10-09T07:30:00Z,บางกระทุ่ม,91,0.0,0.0,0.0,,,True
1791531000,2026-10-09T07:30:00Z,นครไทย,597,0.0,0.0,0.0,,,True
1791531000,2026-10-09T07:30:00Z,ชาติตระการ,415,0.0,0.0,0.0,,,True
1791531000,2026-10-09T07:30:00Z,บ้านเหลื่อม,55,0.0,0.0,0.0,,,True
1791531000,2026-10-09T07:30:00Z,เมืองพิษณุโลก,178,0.0,0.0,0.0,,,True
1791531000,2026-10-09T07:30:00Z,ชุมแสง,145,0.0,0.0,0.0,,,True
1791531000,2026-10-09T07:30:00Z,หนองบัว,208,0.0,0.0,0.0,,,True
1791531000,2026-10-09T07:30:00Z,เมืองนครสวรรค์,183,0.0,0.0,0.0,,,True
1791531000,2026-10-09T07:30:00Z,โกรกพระ,71,0.0,0.0,0.0,,,True
1791531000,2026-10-09T07:30:00Z,ไพศาลี,244,0.0,0.0,0.0,,,True
1791531000,2026-10-09T07:30:00Z,ตาคลี,206,0.0,0.0,0.0,,,True
1791531000,2026-10-09T07:30:00Z,ท่าตะโก,211,0.0,0.0,0.0,,,True
1791531000,2026-10-09T07:30:00Z,เขาค้อ,207,0.0,0.0,0.0,,,True
1791531000,2026-10-09T07:30:00Z,บรรพตพิสัย,181,0.0,0.0,0.0,,,True
1791531000,2026-10-09T07:30:00Z,เก้าเลี้ยว,57,0.0,0.0,0.0,,,True
1791531000,2026-10-09T07:30:00Z,วังโป่ง,123,0.0,0.0,0.0,,,True
1791531000,2026-10-09T07:30:00Z,บึงสามพัน,194,0.0,0.0,0.0,,,True
1791531000,2026-10-09T07:30:00Z,น้ำหนาว,231,0.0,0.0,0.0,,,True
1791531000,2026-10-09T07:30:00Z,ศรีเทพ,204,0.0,0.0,0.0,,,True
1791531000,2026-10-09T07:30:00Z,หนองไผ่,315,0.0,0.0,0.0,,,True
1791531000,2026-10-09T07:30:00Z,มหาราช,4,0.0,0.0,0.0,,,False
1791531000,2026-10-09T07:30:00Z,บ้านแพรก,10,0.0,0.0,0.0,,,True
1791531000,2026-10-09T07:30:00Z,บางมูลนาก,99,0.0,0.0,0.0,,,True
1791531000,2026-10-09T07:30:00Z,โพทะเล,131,0.0,0.0,0.0,,,True
1791531000,2026-10-09T07:30:00Z,โพธิ์ประทับช้าง,102,0.0,0.0,0.0,,,True
1791531000,2026-10-09T07:30:00Z,ตะพานหิน,109,0.0,0.0,0.0,,,True
1791531000,2026-10-09T07:30:00Z,เมืองพิจิตร,138,0.0,0.0,0.0,,,True
1791531000,2026-10-09T07:30:00Z,วังทรายพูน,66,0.0,0.0,0.0,,,True
1791531900,2026-10-09T07:45:00Z,พิชัย,176,0.0,0.0,0.0,,,True
1791531900,2026-10-09T07:45:00Z,ลับแล,116,0.0,0.0,0.0,,,True
1791531900,2026-10-09T07:45:00Z,ฟากท่า,163,0.0,0.0,0.0,,,True
1791531900,2026-10-09T07:45:00Z,บ้านโคก,247,0.0,0.0,0.0,,,True
1791531900,2026-10-09T07:45:00Z,ท่าปลา,442,0.0,0.0,0.0,,,True
1791531900,2026-10-09T07:45:00Z,น้ำปาด,363,0.0,0.0,0.0,,,True
1791531900,2026-10-09T07:45:00Z,เมืองอุตรดิตถ์,202,0.0,0.0,0.0,,,True
1791531900,2026-10-09T07:45:00Z,ตรอน,80,0.0,0.0,0.0,,,True
1791531900,2026-10-09T07:45:00Z,หล่มเก่า,246,0.0,0.0,0.0,,,True
1791531900,2026-10-09T07:45:00Z,วิเชียรบุรี,377,0.0,0.0,0.0,,,True
1791531900,2026-10-09T07:45:00Z,ชนแดน,279,0.0,0.0,0.0,,,True
1791531900,2026-10-09T07:45:00Z,หล่มสัก,350,0.0,0.0,0.0,,,True
1791531900,2026-10-09T07:45:00Z,เมืองเพชรบูรณ์,571,0.0,0.0,0.0,,,True
1791531900,2026-10-09T07:45:00Z,ทองแสนขัน,185,0.0,0.0,0.0,,,True
1791531900,2026-10-09T07:45:00Z,บึงสามัคคี,71,0.0,0.0,0.0,,,True
1791531900,2026-10-09T07:45:00Z,โกสัมพีนคร,137,0.0,0.0,0.0,,,True
1791531900,2026-10-09T07:45:00Z,สอง,380,0.0,0.0,0.0,,,True
1791531900,2026-10-09T07:45:00Z,วังชิ้น,255,0.0,0.0,0.0,,,True
1791531900,2026-10-09T07:45:00Z,สูงเม่น,88,0.0,0.0,0.0,,,True
1791531900,2026-10-09T07:45:00Z,เด่นชัย,135,0.0,0.0,0.0,,,True
1791531900,2026-10-09T07:45:00Z,ร้องกวาง,221,0.0,0.0,0.0,,,True
1791531900,2026-10-09T07:45:00Z,ลอง,317,0.0,0.0,0.0,,,True
1791531900,2026-10-09T07:45:00Z,เมืองแพร่,205,0.0,0.0,0.0,,,True
1791531900,2026-10-09T07:45:00Z,ทัพทัน,94,0.0,0.0,0.0,,,True
1791531900,2026-10-09T07:45:00Z,สว่างอารมณ์,110,0.0,0.0,0.0,,,True
1791531900,2026-10-09T07:45:00Z,เมืองอุทัยธานี,59,0.0,0.0,0.0,,,True
1791531900,2026-10-09T07:45:00Z,ห้วยคต,94,0.0,0.0,0.0,,,True
1791531900,2026-10-09T07:45:00Z,ศรีสวัสดิ์,440,0.0,0.0,0.0,,,True
1791531900,2026-10-09T07:45:00Z,บ้านไร่,821,0.0,0.0,0.0,,,True
1791531900,2026-10-09T07:45:00Z,ลานสัก,360,0.0,0.0,0.0,,,True
1791531900,2026-10-09T07:45:00Z,หนองฉาง,89,0.0,0.0,0.0,,,True
1791531900,2026-10-09T07:45:00Z,หนองขาหย่าง,43,0.0,0.0,0.0,,,True
1791531900,2026-10-09T07:45:00Z,เชียงม่วน,82,0.0,0.0,0.0,,,True
1791531900,2026-10-09T07:45:00Z,ดอกคำใต้,37,0.0,0.0,0.0,,,True
1791531900,2026-10-09T07:45:00Z,เมืองพะเยา,6,0.0,0.0,0.0,,,True
1791531900,2026-10-09T07:45:00Z,ทองผาภูมิ,851,0.0,0.0,0.0,,,True
1791531900,2026-10-09T07:45:00Z,สังขละบุรี,793,0.0,0.0,0.0,,,True
1791531900,2026-10-09T07:45:00Z,หนองม่วงไข่,35,0.0,0.0,0.0,,,True
1791531900,2026-10-09T07:45:00Z,ภูเวียง,81,0.0,0.0,0.0,,,True
1791531900,2026-10-09T07:45:00Z,มัญจาคีรี,50,0.0,0.0,0.0,,,True
1791531900,2026-10-09T07:45:00Z,หนองปรือ,104,0.0,0.0,0.0,,,True
1791531900,2026-10-09T07:45:00Z,เลาขวัญ,123,0.0,0.0,0.0,,,True
1791531900,2026-10-09T07:45:00Z,หนองนาคำ,43,0.0,0.0,0.0,,,True
1791531900,2026-10-09T07:45:00Z,โคกโพธิ์ไชย,65,0.0,0.0,0.0,,,True
1791531900,2026-10-09T07:45:00Z,บ้านหลวง,91,0.0,0.0,0.0,,,True
1791531900,2026-10-09T07:45:00Z,นาน้อย,266,0.0,0.0,0.0,,,True
1791531900,2026-10-09T07:45:00Z,ภูผาม่าน,74,0.0,0.0,0.0,,,True
1791531900,2026-10-09T07:45:00Z,เมืองน่าน,161,0.0,0.0,0.0,,,True
1791531900,2026-10-09T07:45:00Z,แม่จริม,262,0.0,0.0,0.0,,,True
1791531900,2026-10-09T07:45:00Z,เวียงเก่า,78,0.0,0.0,0.0,,,True
1791531900,2026-10-09T07:45:00Z,เมืองกำแพงเพชร,368,0.0,0.0,0.0,,,True
1791531900,2026-10-09T07:45:00Z,ไทรงาม,133,0.0,0.0,0.0,,,True
1791531900,2026-10-09T07:45:00Z,ปางศิลาทอง,186,0.0,0.0,0.0,,,True
1791531900,2026-10-09T07:45:00Z,ลานกระบือ,103,0.0,0.0,0.0,,,True
1791531900,2026-10-09T07:45:00Z,ทรายทองวัฒนา,53,0.0,0.0,0.0,,,True
1791531900,2026-10-09T07:45:00Z,คลองขลุง,179,0.0,0.0,0.0,,,True
1791531900,2026-10-09T07:45:00Z,พรานกระต่าย,252,0.0,0.0,0.0,,,True
1791531900,2026-10-09T07:45:00Z,คลองลาน,363,0.002,0.098,0.0193,,15,True
1791531900,2026-10-09T07:45:00Z,ขาณุวรลักษบุรี,296,0.0,0.0,0.0,,,True
1791531900,2026-10-09T07:45:00Z,ภูเพียง,113,0.0,0.0,0.0,,,True
1791531900,2026-10-09T07:45:00Z,นาหมื่น,245,0.0,0.0,0.0,,,True
1791531900,2026-10-09T07:45:00Z,เวียงสา,543,0.0,0.0,0.0,,,True
1791531900,2026-10-09T07:45:00Z,น้ำโสม,153,0.0,0.0,0.0,,,True
1791531900,2026-10-09T07:45:00Z,นายูง,126,0.0,0.0,0.0,,,True
1791531900,2026-10-09T07:45:00Z,ชุมแพ,173,0.0,0.0,0.0,,,True
1791531900,2026-10-09T07:45:00Z,สีชมพู,132,0.0,0.0,0.0,,,True
1791531900,2026-10-09T07:45:00Z,สุวรรณคูหา,140,0.0,0.0,0.0,,,True
1791531900,2026-10-09T07:45:00Z,นาวัง,65,0.0,0.0,0.0,,,True
1791531900,2026-10-09T07:45:00Z,หนองเรือ,80,0.0,0.0,0.0,,,True
1791531900,2026-10-09T07:45:00Z,โนนสัง,51,0.0,0.0,0.0,,,True
1791531900,2026-10-09T07:45:00Z,ศรีบุญเรือง,224,0.0,0.0,0.0,,,True
1791531900,2026-10-09T07:45:00Z,เมืองหนองบัวลำภู,217,0.0,0.0,0.0,,,True
1791531900,2026-10-09T07:45:00Z,นากลาง,173,0.0,0.0,0.0,,,True
1791531900,2026-10-09T07:45:00Z,ทุ่งเสลี่ยม,144,0.0,0.0,0.0,,,True
1791531900,2026-10-09T07:45:00Z,ดอยหล่อ,56,0.0,0.0,0.0,,,True
1791531900,2026-10-09T07:45:00Z,เมืองตาก,486,0.0,0.0,0.0,,,True
1791531900,2026-10-09T07:45:00Z,แม่ออน,116,0.0,0.0,0.0,,,True
1791531900,2026-10-09T07:45:00Z,อุ้มผาง,1209,0.0,0.0,0.0,,,True
1791531900,2026-10-09T07:45:00Z,วังเจ้า,183,0.0,0.0,0.0,,,True
1791531900,2026-10-09T07:45:00Z,แม่สอด,398,0.0,0.0,0.0,,,True
1791531900,2026-10-09T07:45:00Z,พบพระ,249,0.0,0.0,0.0,,,True
1791531900,2026-10-09T07:45:00Z,แม่ระมาด,380,0.0,0.0,0.0,,,True
1791531900,2026-10-09T07:45:00Z,ท่าสองยาง,401,0.0,0.0,0.0,,,True
1791531900,2026-10-09T07:45:00Z,บ้านตาก,255,0.0,0.0,0.0,,,True
1791531900,2026-10-09T07:45:00Z,สามเงา,698,0.0,0.0,0.0,,,True
1791531900,2026-10-09T07:45:00Z,จอมทอง,280,0.0,0.0,0.0,,,True
1791531900,2026-10-09T07:45:00Z,แก้งสนามนาง,79,0.0,0.0,0.0,,,True
1791531900,2026-10-09T07:45:00Z,สีคิ้ว,292,0.0,0.0,0.0,,,True
1791531900,2026-10-09T07:45:00Z,พระทองคำ,90,0.0,0.0,0.0,,,True
1791531900,2026-10-09T07:45:00Z,เทพารักษ์,92,0.0,0.0,0.0,,,True
1791531900,2026-10-09T07:45:00Z,สันกำแพง,65,0.0,0.0,0.0,,,True
1791531900,2026-10-09T07:45:00Z,สันป่าตอง,44,0.0,0.0,0.0,,,True
1791531900,2026-10-09T07:45:00Z,ดอยเต่า,213,0.0,0.0,0.0,,,True
1791531900,2026-10-09T07:45:00Z,อมก๋อย,704,0.0,0.0,0.0,,,True
1791531900,2026-10-09T07:45:00Z,ฮอด,378,0.0,0.0,0.0,,,True
1791531900,2026-10-09T07:45:00Z,เมืองลำพูน,117,0.074,1.005,0.1709,75,15,True
1791531900,2026-10-09T07:45:00Z,แม่ทา,192,0.0,0.0,0.0,,,True
1791531900,2026-10-09T07:45:00Z,บ้านธิ,34,0.012,0.413,0.0294,,15,True
1791531900,2026-10-09T07:45:00Z,บ้านหมอ,24,0.0,0.0,0.0,,,True
1791531900,2026-10-09T07:45:00Z,เวียงหนองล่อง,14,0.0,0.0,0.0,,,True
1791531900,2026-10-09T07:45:00Z,ทุ่งหัวช้าง,113,0.0,0.0,0.0,,,True
1791531900,2026-10-09T07:45:00Z,ป่าซาง,74,0.0,0.0,0.0,,,True
1791531900,2026-10-09T07:45:00Z,บ้านโฮ่ง,124,0.0,0.0,0.0,,,True
1791531900,2026-10-09T07:45:00Z,แก่งคอย,73,0.0,0.0,0.0,,,True
1791531900,2026-10-09T07:45:00Z,ลี้,454,0.0,0.0,0.0,,,True
1791531900,2026-10-09T07:45:00Z,พระพุทธบาท,55,0.0,0.0,0.0,,,True
1791531900,2026-10-09T07:45:00Z,ดอนพุด,7,0.0,0.0,0.0,,,True
1791531900,2026-10-09T07:45:00Z,หนองโดน,31,0.0,0.0,0.0,,,True
1791531900,2026-10-09T07:45:00Z,เมืองลำปาง,300,0.0,0.0,0.0,,,True
1791531900,2026-10-09T07:45:00Z,เถิน,443,0.0,0.0,0.0,,,True
1791531900,2026-10-09T07:45:00Z,แม่พริก,167,0.0,0.0,0.0,,,True
1791531900,2026-10-09T07:45:00Z,แจ้ห่ม,274,0.0,0.0,0.0,,,True
1791531900,2026-10-09T07:45:00Z,แม่เปิน,85,0.0,0.0,0.0,,,True
1791531900,2026-10-09T07:45:00Z,เสริมงาม,185,0.0,0.0,0.0,,,True
1791531900,2026-10-09T07:45:00Z,ชุมตาบง,61,0.0,0.0,0.0,,,True
1791531900,2026-10-09T07:45:00Z,งาว,344,0.0,0.0,0.0,,,True
1791531900,2026-10-09T07:45:00Z,ตากฟ้า,125,0.0,0.0,0.0,,,True
1791531900,2026-10-09T07:45:00Z,แม่เมาะ,283,0.0,0.0,0.0,,,True
1791531900,2026-10-09T07:45:00Z,แม่วงก์,257,0.0,0.0,0.0,,,True
1791531900,2026-10-09T07:45:00Z,เกาะคา,128,0.0,0.0,0.0,,,True
1791531900,2026-10-09T07:45:00Z,พยุหะคีรี,169,0.0,0.0,0.0,,,True
1791531900,2026-10-09T07:45:00Z,ลาดยาว,187,0.0,0.0,0.0,,,True
1791531900,2026-10-09T07:45:00Z,สบปราบ,125,0.0,0.0,0.0,,,True
1791531900,2026-10-09T07:45:00Z,ห้างฉัตร,154,0.0,0.0,0.0,,,True
1791531900,2026-10-09T07:45:00Z,แม่ทะ,203,0.0,0.0,0.0,,,True
1791531900,2026-10-09T07:45:00Z,เมืองปาน,202,0.0,0.0,0.0,,,True
1791531900,2026-10-09T07:45:00Z,เมืองอ่างทอง,6,0.0,0.0,0.0,,,True
1791531900,2026-10-09T07:45:00Z,ไชโย,20,0.0,0.0,0.0,,,True
1791531900,2026-10-09T07:45:00Z,สามโก้,10,0.0,0.0,0.0,,,True
1791531900,2026-10-09T07:45:00Z,แสวงหา,43,0.0,0.0,0.0,,,True
1791531900,2026-10-09T07:45:00Z,วิเศษชัยชาญ,7,0.0,0.0,0.0,,,True
1791531900,2026-10-09T07:45:00Z,โพธิ์ทอง,48,0.0,0.0,0.0,,,True
1791531900,2026-10-09T07:45:00Z,เมืองลพบุรี,190,0.0,0.0,0.0,,,True
1791531900,2026-10-09T07:45:00Z,เดิมบางนางบวช,130,0.0,0.0,0.0,,,True
1791531900,2026-10-09T07:45:00Z,ด่านช้าง,309,0.0,0.0,0.0,,,True
1791531900,2026-10-09T07:45:00Z,หนองม่วง,111,0.0,0.0,0.0,,,True
1791531900,2026-10-09T07:45:00Z,ลำสนธิ,136,0.0,0.0,0.0,,,True
1791531900,2026-10-09T07:45:00Z,สามชุก,77,0.0,0.0,0.0,,,True
1791531900,2026-10-09T07:45:00Z,ดอนเจดีย์,72,0.0,0.0,0.0,,,True
1791531900,2026-10-09T07:45:00Z,สระโบสถ์,83,0.0,0.0,0.0,,,True
1791531900,2026-10-09T07:45:00Z,ศรีประจันต์,41,0.0,0.0,0.0,,,True
1791531900,2026-10-09T07:45:00Z,โคกเจริญ,135,0.0,0.0,0.0,,,True
1791531900,2026-10-09T07:45:00Z,บ้านหมี่,136,0.0,0.0,0.0,,,True
1791531900,2026-10-09T07:45:00Z,ท่าหลวง,100,0.0,0.0,0.0,,,True
1791531900,2026-10-09T07:45:00Z,ชัยบาดาล,280,0.0,0.0,0.0,,,True
1791531900,2026-10-09T07:45:00Z,ท่าวุ้ง,64,0.0,0.0,0.0,,,True
1791531900,2026-10-09T07:45:00Z,พัฒนานิคม,217,0.0,0.0,0.0,,,True
1791531900,2026-10-09T07:45:00Z,โคกสำโรง,180,0.0,0.0,0.0,,,True
1791531900,2026-10-09T07:45:00Z,หนองหญ้าไซ,108,0.0,0.0,0.0,,,True
1791531900,2026-10-09T07:45:00Z,ท่าช้าง,11,0.0,0.0,0.0,,,True
1791531900,2026-10-09T07:45:00Z,อินทร์บุรี,66,0.0,0.0,0.0,,,True
1791531900,2026-10-09T07:45:00Z,ค่ายบางระจัน,26,0.0,0.0,0.0,,,True
1791531900,2026-10-09T07:45:00Z,พรหมบุรี,19,0.0,0.0,0.0,,,True
1791531900,2026-10-09T07:45:00Z,เนินสง่า,65,0.0,0.0,0.0,,,True
1791531900,2026-10-09T07:45:00Z,เมืองสิงห์บุรี,31,0.0,0.0,0.0,,,True
1791531900,2026-10-09T07:45:00Z,ซับใหญ่,72,0.0,0.0,0.0,,,True
1791531900,2026-10-09T07:45:00Z,บางระจัน,46,0.0,0.0,0.0,,,True
1791531900,2026-10-09T07:45:00Z,ภูกระดึง,190,0.0,0.0,0.0,,,True
1791531900,2026-10-09T07:45:00Z,ภูหลวง,145,0.0,0.0,0.0,,,True
1791531900,2026-10-09T07:45:00Z,หนองหิน,78,0.0,0.0,0.0,,,True
1791531900,2026-10-09T07:45:00Z,ผาขาว,100,0.0,0.0,0.0,,,True
1791531900,2026-10-09T07:45:00Z,เอราวัณ,87,0.0,0.0,0.0,,,True
1791531900,2026-10-09T07:45:00Z,วังสะพุง,281,0.0,0.0,0.0,,,True
1791531900,2026-10-09T07:45:00Z,วังม่วง,70,0.0,0.0,0.0,,,True
1791531900,2026-10-09T07:45:00Z,เฉลิมพระเกียรติ,35,0.0,0.0,0.0,,,True
1791531900,2026-10-09T07:45:00Z,มวกเหล็ก,175,0.0,0.0,0.0,,,True
1791531900,2026-10-09T07:45:00Z,บ้านเขว้า,124,0.0,0.0,0.0,,,True
1791531900,2026-10-09T07:45:00Z,คอนสวรรค์,113,0.0,0.0,0.0,,,True
1791531900,2026-10-09T07:45:00Z,เมืองชัยภูมิ,358,0.0,0.0,0.0,,,True
1791531900,2026-10-09T07:45:00Z,วังทอง,425,0.0,0.0,0.0,,,True
1791531900,2026-10-09T07:45:00Z,เนินมะปราง,276,0.0,0.0,0.0,,,True
1791531900,2026-10-09T07:45:00Z,สวรรคโลก,156,0.0,0.0,0.0,,,True
1791531900,2026-10-09T07:45:00Z,ศรีนคร,46,0.0,0.0,0.0,,,True
1791531900,2026-10-09T07:45:00Z,หันคา,139,0.0,0.0,0.0,,,True
1791531900,2026-10-09T07:45:00Z,ศรีสัชนาลัย,534,0.0,0.0,0.0,,,True
1791531900,2026-10-09T07:45:00Z,หนองมะโมง,76,0.0,0.0,0.0,,,True
1791531900,2026-10-09T07:45:00Z,ศรีสำโรง,142,0.0,0.0,0.0,,,True
1791531900,2026-10-09T07:45:00Z,สรรพยา,55,0.0,0.0,0.0,,,True
1791531900,2026-10-09T07:45:00Z,คีรีมาศ,171,0.0,0.0,0.0,,,True
1791531900,2026-10-09T07:45:00Z,สรรคบุรี,89,0.0,0.0,0.0,,,True
1791531900,2026-10-09T07:45:00Z,กงไกรลาศ,108,0.0,0.0,0.0,,,True
1791531900,2026-10-09T07:45:00Z,มโนรมย์,66,0.0,0.0,0.0,,,True
1791531900,2026-10-09T07:45:00Z,เมืองสุโขทัย,136,0.0,0.0,0.0,,,True
1791531900,2026-10-09T07:45:00Z,วัดสิงห์,67,0.0,0.0,0.0,,,True
1791531900,2026-10-09T07:45:00Z,บ้านด่านลานหอย,231,0.0,0.0,0.0,,,True
1791531900,2026-10-09T07:45:00Z,เมืองชัยนาท,70,0.0,0.0,0.0,,,True
1791531900,2026-10-09T07:45:00Z,เนินขาม,65,0.0,0.0,0.0,,,True
1791531900,2026-10-09T07:45:00Z,คอนสาร,334,0.0,0.0,0.0,,,True
1791531900,2026-10-09T07:45:00Z,ภักดีชุมพล,154,0.0,0.0,0.0,,,True
1791531900,2026-10-09T07:45:00Z,บ้านแท่น,76,0.0,0.0,0.0,,,True
1791531900,2026-10-09T07:45:00Z,แก้งคร้อ,168,0.0,0.0,0.0,,,True
1791531900,2026-10-09T07:45:00Z,ภูเขียว,201,0.0,0.0,0.0,,,True
1791531900,2026-10-09T07:45:00Z,หนองบัวระเหว,179,0.0,0.0,0.0,,,True
1791531900,2026-10-09T07:45:00Z,เทพสถิต,239,0.0,0.0,0.0,,,True
1791531900,2026-10-09T07:45:00Z,จัตุรัส,172,0.0,0.0,0.0,,,True
1791531900,2026-10-09T07:45:00Z,บำเหน็จณรงค์,120,0.0,0.0,0.0,,,True
1791531900,2026-10-09T07:45:00Z,เกษตรสมบูรณ์,268,0.0,0.0,0.0,,,True
1791531900,2026-10-09T07:45:00Z,หนองบัวแดง,537,0.0,0.0,0.0,,,True
1791531900,2026-10-09T07:45:00Z,ภูเรือ,168,0.0,0.0,0.0,,,True
1791531900,2026-10-09T07:45:00Z,ท่าลี่,171,0.0,0.0,0.0,,,True
1791531900,2026-10-09T07:45:00Z,วชิรบารมี,68,0.0,0.0,0.0,,,True
1791531900,2026-10-09T07:45:00Z,ด่านซ้าย,341,0.0,0.0,0.0,,,True
1791531900,2026-10-09T07:45:00Z,นาแห้ว,153,0.0,0.0,0.0,,,True
1791531900,2026-10-09T07:45:00Z,บึงนาราง,74,0.0,0.0,0.0,,,True
1791531900,2026-10-09T07:45:00Z,เชียงคาน,213,0.0,0.0,0.0,,,True
1791531900,2026-10-09T07:45:00Z,ดงเจริญ,56,0.0,0.0,0.0,,,True
1791531900,2026-10-09T07:45:00Z,ปากชม,240,0.0,0.0,0.0,,,True
1791531900,2026-10-09T07:45:00Z,เมืองเลย,314,0.0,0.0,0.0,,,True
1791531900,2026-10-09T07:45:00Z,นาด้วง,143,0.0,0.0,0.0,,,True
1791531900,2026-10-09T07:45:00Z,สากเหล็ก,45,0.0,0.0,0.0,,,True
1791531900,2026-10-09T07:45:00Z,สามง่าม,89,0.0,0.0,0.0,,,True
1791531900,2026-10-09T07:45:00Z,ทับคล้อ,104,0.0,0.0,0.0,,,True
1791531900,2026-10-09T07:45:00Z,พรหมพิราม,206,0.0,0.0,0.0,,,True
1791531900,2026-10-09T07:45:00Z,ด่านขุนทด,344,0.0,0.0,0.0,,,True
1791531900,2026-10-09T07:45:00Z,วัดโบสถ์,226,0.0,0.0,0.0,,,True
1791531900,2026-10-09T07:45:00Z,บางระกำ,246,0.0,0.0,0.0,,,True
1791531900,2026-10-09T07:45:00Z,บางกระทุ่ม,91,0.0,0.0,0.0,,,True
1791531900,2026-10-09T07:45:00Z,นครไทย,597,0.0,0.0,0.0,,,True
1791531900,2026-10-09T07:45:00Z,ชาติตระการ,415,0.0,0.0,0.0,,,True
1791531900,2026-10-09T07:45:00Z,บ้านเหลื่อม,55,0.0,0.0,0.0,,,True
1791531900,2026-10-09T07:45:00Z,เมืองพิษณุโลก,178,0.0,0.0,0.0,,,True
1791531900,2026-10-09T07:45:00Z,ชุมแสง,145,0.0,0.0,0.0,,,True
1791531900,2026-10-09T07:45:00Z,หนองบัว,208,0.0,0.0,0.0,,,True
1791531900,2026-10-09T07:45:00Z,เมืองนครสวรรค์,183,0.0,0.0,0.0,,,True
1791531900,2026-10-09T07:45:00Z,โกรกพระ,71,0.0,0.0,0.0,,,True
1791531900,2026-10-09T07:45:00Z,ไพศาลี,244,0.0,0.0,0.0,,,True
1791531900,2026-10-09T07:45:00Z,ตาคลี,206,0.0,0.0,0.0,,,True
1791531900,2026-10-09T07:45:00Z,ท่าตะโก,211,0.0,0.0,0.0,,,True
1791531900,2026-10-09T07:45:00Z,เขาค้อ,207,0.0,0.0,0.0,,,True
1791531900,2026-10-09T07:45:00Z,บรรพตพิสัย,181,0.0,0.0,0.0,,,True
1791531900,2026-10-09T07:45:00Z,เก้าเลี้ยว,57,0.0,0.0,0.0,,,True
1791531900,2026-10-09T07:45:00Z,วังโป่ง,123,0.0,0.0,0.0,,,True
1791531900,2026-10-09T07:45:00Z,บึงสามพัน,194,0.0,0.0,0.0,,,True
1791531900,2026-10-09T07:45:00Z,น้ำหนาว,231,0.0,0.0,0.0,,,True
1791531900,2026-10-09T07:45:00Z,ศรีเทพ,204,0.0,0.0,0.0,,,True
1791531900,2026-10-09T07:45:00Z,หนองไผ่,315,0.0,0.0,0.0,,,True
1791531900,2026-10-09T07:45:00Z,มหาราช,4,0.0,0.0,0.0,,,False
1791531900,2026-10-09T07:45:00Z,บ้านแพรก,10,0.0,0.0,0.0,,,True
1791531900,2026-10-09T07:45:00Z,บางมูลนาก,99,0.0,0.0,0.0,,,True
1791531900,2026-10-09T07:45:00Z,โพทะเล,131,0.0,0.0,0.0,,,True
1791531900,2026-10-09T07:45:00Z,โพธิ์ประทับช้าง,102,0.0,0.0,0.0,,,True
1791531900,2026-10-09T07:45:00Z,ตะพานหิน,109,0.0,0.0,0.0,,,True
1791531900,2026-10-09T07:45:00Z,เมืองพิจิตร,138,0.0,0.0,0.0,,,True
1791531900,2026-10-09T07:45:00Z,วังทรายพูน,66,0.0,0.0,0.0,,,True
1791532800,2026-10-09T08:00:00Z,พิชัย,176,0.0,0.0,0.0,,,True
1791532800,2026-10-09T08:00:00Z,ลับแล,116,0.0,0.0,0.0,,,True
1791532800,2026-10-09T08:00:00Z,ฟากท่า,163,0.0,0.0,0.0,,,True
1791532800,2026-10-09T08:00:00Z,บ้านโคก,247,0.0,0.0,0.0,,,True
1791532800,2026-10-09T08:00:00Z,ท่าปลา,442,0.0,0.0,0.0,,,True
1791532800,2026-10-09T08:00:00Z,น้ำปาด,363,0.0,0.0,0.0,,,True
1791532800,2026-10-09T08:00:00Z,เมืองอุตรดิตถ์,202,0.0,0.0,0.0,,,True
1791532800,2026-10-09T08:00:00Z,ตรอน,80,0.0,0.0,0.0,,,True
1791532800,2026-10-09T08:00:00Z,หล่มเก่า,246,0.0,0.0,0.0,,,True
1791532800,2026-10-09T08:00:00Z,วิเชียรบุรี,377,0.0,0.0,0.0,,,True
1791532800,2026-10-09T08:00:00Z,ชนแดน,279,0.0,0.0,0.0,,,True
1791532800,2026-10-09T08:00:00Z,หล่มสัก,350,0.0,0.0,0.0,,,True
1791532800,2026-10-09T08:00:00Z,เมืองเพชรบูรณ์,571,0.0,0.0,0.0,,,True
1791532800,2026-10-09T08:00:00Z,ทองแสนขัน,185,0.0,0.0,0.0,,,True
1791532800,2026-10-09T08:00:00Z,บึงสามัคคี,71,0.0,0.0,0.0,,,True
1791532800,2026-10-09T08:00:00Z,โกสัมพีนคร,137,0.0,0.0,0.0,,,True
1791532800,2026-10-09T08:00:00Z,สอง,380,0.0,0.0,0.0,,,True
1791532800,2026-10-09T08:00:00Z,วังชิ้น,255,0.0,0.0,0.0,,,True
1791532800,2026-10-09T08:00:00Z,สูงเม่น,88,0.0,0.0,0.0,,,True
1791532800,2026-10-09T08:00:00Z,เด่นชัย,135,0.0,0.0,0.0,,,True
1791532800,2026-10-09T08:00:00Z,ร้องกวาง,221,0.0,0.0,0.0,,,True
1791532800,2026-10-09T08:00:00Z,ลอง,317,0.0,0.0,0.0,,,True
1791532800,2026-10-09T08:00:00Z,เมืองแพร่,205,0.0,0.0,0.0,,,True
1791532800,2026-10-09T08:00:00Z,ทัพทัน,94,0.0,0.0,0.0,,,True
1791532800,2026-10-09T08:00:00Z,สว่างอารมณ์,110,0.0,0.0,0.0,,,True
1791532800,2026-10-09T08:00:00Z,เมืองอุทัยธานี,59,0.0,0.0,0.0,,,True
1791532800,2026-10-09T08:00:00Z,ห้วยคต,94,0.0,0.0,0.0,,,True
1791532800,2026-10-09T08:00:00Z,ศรีสวัสดิ์,440,0.0,0.0,0.0,,,True
1791532800,2026-10-09T08:00:00Z,บ้านไร่,821,0.0,0.0,0.0,,,True
1791532800,2026-10-09T08:00:00Z,ลานสัก,360,0.0,0.0,0.0,,,True
1791532800,2026-10-09T08:00:00Z,หนองฉาง,89,0.0,0.0,0.0,,,True
1791532800,2026-10-09T08:00:00Z,หนองขาหย่าง,43,0.0,0.0,0.0,,,True
1791532800,2026-10-09T08:00:00Z,เชียงม่วน,82,0.0,0.0,0.0,,,True
1791532800,2026-10-09T08:00:00Z,ดอกคำใต้,37,0.0,0.0,0.0,,,True
1791532800,2026-10-09T08:00:00Z,เมืองพะเยา,6,0.0,0.0,0.0,,,True
1791532800,2026-10-09T08:00:00Z,ทองผาภูมิ,851,0.0,0.0,0.0,,,True
1791532800,2026-10-09T08:00:00Z,สังขละบุรี,793,0.0,0.0,0.0,,,True
1791532800,2026-10-09T08:00:00Z,หนองม่วงไข่,35,0.0,0.0,0.0,,,True
1791532800,2026-10-09T08:00:00Z,ภูเวียง,81,0.0,0.0,0.0,,,True
1791532800,2026-10-09T08:00:00Z,มัญจาคีรี,50,0.0,0.0,0.0,,,True
1791532800,2026-10-09T08:00:00Z,หนองปรือ,104,0.0,0.0,0.0,,,True
1791532800,2026-10-09T08:00:00Z,เลาขวัญ,123,0.0,0.0,0.0,,,True
1791532800,2026-10-09T08:00:00Z,หนองนาคำ,43,0.0,0.0,0.0,,,True
1791532800,2026-10-09T08:00:00Z,โคกโพธิ์ไชย,65,0.0,0.0,0.0,,,True
1791532800,2026-10-09T08:00:00Z,บ้านหลวง,91,0.0,0.0,0.0,,,True
1791532800,2026-10-09T08:00:00Z,นาน้อย,266,0.0,0.0,0.0,,,True
1791532800,2026-10-09T08:00:00Z,ภูผาม่าน,74,0.0,0.0,0.0,,,True
1791532800,2026-10-09T08:00:00Z,เมืองน่าน,161,0.0,0.0,0.0,,,True
1791532800,2026-10-09T08:00:00Z,แม่จริม,262,0.0,0.0,0.0,,,True
1791532800,2026-10-09T08:00:00Z,เวียงเก่า,78,0.0,0.0,0.0,,,True
1791532800,2026-10-09T08:00:00Z,เมืองกำแพงเพชร,368,0.0,0.0,0.0,,,True
1791532800,2026-10-09T08:00:00Z,ไทรงาม,133,0.0,0.0,0.0,,,True
1791532800,2026-10-09T08:00:00Z,ปางศิลาทอง,186,0.0,0.0,0.0,,,True
1791532800,2026-10-09T08:00:00Z,ลานกระบือ,103,0.0,0.0,0.0,,,True
1791532800,2026-10-09T08:00:00Z,ทรายทองวัฒนา,53,0.0,0.0,0.0,,,True
1791532800,2026-10-09T08:00:00Z,คลองขลุง,179,0.0,0.0,0.0,,,True
1791532800,2026-10-09T08:00:00Z,พรานกระต่าย,252,0.0,0.0,0.0,,,True
1791532800,2026-10-09T08:00:00Z,คลองลาน,363,0.001,0.098,0.011,,45,True
1791532800,2026-10-09T08:00:00Z,ขาณุวรลักษบุรี,296,0.0,0.0,0.0,,,True
1791532800,2026-10-09T08:00:00Z,ภูเพียง,113,0.0,0.0,0.0,,,True
1791532800,2026-10-09T08:00:00Z,นาหมื่น,245,0.0,0.0,0.0,,,True
1791532800,2026-10-09T08:00:00Z,เวียงสา,543,0.0,0.098,0.0037,,45,True
1791532800,2026-10-09T08:00:00Z,น้ำโสม,153,0.0,0.0,0.0,,,True
1791532800,2026-10-09T08:00:00Z,นายูง,126,0.0,0.0,0.0,,,True
1791532800,2026-10-09T08:00:00Z,ชุมแพ,173,0.0,0.0,0.0,,,True
1791532800,2026-10-09T08:00:00Z,สีชมพู,132,0.0,0.0,0.0,,,True
1791532800,2026-10-09T08:00:00Z,สุวรรณคูหา,140,0.0,0.0,0.0,,,True
1791532800,2026-10-09T08:00:00Z,นาวัง,65,0.0,0.0,0.0,,,True
1791532800,2026-10-09T08:00:00Z,หนองเรือ,80,0.0,0.0,0.0,,,True
1791532800,2026-10-09T08:00:00Z,โนนสัง,51,0.0,0.0,0.0,,,True
1791532800,2026-10-09T08:00:00Z,ศรีบุญเรือง,224,0.0,0.0,0.0,,,True
1791532800,2026-10-09T08:00:00Z,เมืองหนองบัวลำภู,217,0.0,0.0,0.0,,,True
1791532800,2026-10-09T08:00:00Z,นากลาง,173,0.0,0.0,0.0,,,True
1791532800,2026-10-09T08:00:00Z,ทุ่งเสลี่ยม,144,0.0,0.0,0.0,,,True
1791532800,2026-10-09T08:00:00Z,ดอยหล่อ,56,0.0,0.0,0.0,,,True
1791532800,2026-10-09T08:00:00Z,เมืองตาก,486,0.0,0.0,0.0,,,True
1791532800,2026-10-09T08:00:00Z,แม่ออน,116,0.0,0.0,0.0,,,True
1791532800,2026-10-09T08:00:00Z,อุ้มผาง,1209,0.0,0.0,0.0,,,True
1791532800,2026-10-09T08:00:00Z,วังเจ้า,183,0.0,0.0,0.0,,,True
1791532800,2026-10-09T08:00:00Z,แม่สอด,398,0.0,0.0,0.0,,,True
1791532800,2026-10-09T08:00:00Z,พบพระ,249,0.0,0.0,0.0,,,True
1791532800,2026-10-09T08:00:00Z,แม่ระมาด,380,0.0,0.0,0.0,,,True
1791532800,2026-10-09T08:00:00Z,ท่าสองยาง,401,0.0,0.0,0.0,,,True
1791532800,2026-10-09T08:00:00Z,บ้านตาก,255,0.0,0.0,0.0,,,True
1791532800,2026-10-09T08:00:00Z,สามเงา,698,0.0,0.0,0.0,,,True
1791532800,2026-10-09T08:00:00Z,จอมทอง,280,0.0,0.0,0.0,,,True
1791532800,2026-10-09T08:00:00Z,แก้งสนามนาง,79,0.0,0.0,0.0,,,True
1791532800,2026-10-09T08:00:00Z,สีคิ้ว,292,0.0,0.0,0.0,,,True
1791532800,2026-10-09T08:00:00Z,พระทองคำ,90,0.0,0.0,0.0,,,True
1791532800,2026-10-09T08:00:00Z,เทพารักษ์,92,0.0,0.0,0.0,,,True
1791532800,2026-10-09T08:00:00Z,สันกำแพง,65,0.0,0.0,0.0,,,True
1791532800,2026-10-09T08:00:00Z,สันป่าตอง,44,0.0,0.0,0.0,,,True
1791532800,2026-10-09T08:00:00Z,ดอยเต่า,213,0.0,0.0,0.0,,,True
1791532800,2026-10-09T08:00:00Z,อมก๋อย,704,0.0,0.0,0.0,,,True
1791532800,2026-10-09T08:00:00Z,ฮอด,378,0.0,0.0,0.0,,,True
1791532800,2026-10-09T08:00:00Z,เมืองลำพูน,117,0.0,0.0,0.0,,,True
1791532800,2026-10-09T08:00:00Z,แม่ทา,192,0.0,0.0,0.0,,,True
1791532800,2026-10-09T08:00:00Z,บ้านธิ,34,0.0,0.0,0.0,,,True
1791532800,2026-10-09T08:00:00Z,บ้านหมอ,24,0.0,0.0,0.0,,,True
1791532800,2026-10-09T08:00:00Z,เวียงหนองล่อง,14,0.0,0.0,0.0,,,True
1791532800,2026-10-09T08:00:00Z,ทุ่งหัวช้าง,113,0.0,0.0,0.0,,,True
1791532800,2026-10-09T08:00:00Z,ป่าซาง,74,0.0,0.0,0.0,,,True
1791532800,2026-10-09T08:00:00Z,บ้านโฮ่ง,124,0.0,0.0,0.0,,,True
1791532800,2026-10-09T08:00:00Z,แก่งคอย,73,0.0,0.0,0.0,,,True
1791532800,2026-10-09T08:00:00Z,ลี้,454,0.0,0.0,0.0,,,True
1791532800,2026-10-09T08:00:00Z,พระพุทธบาท,55,0.0,0.0,0.0,,,True
1791532800,2026-10-09T08:00:00Z,ดอนพุด,7,0.0,0.0,0.0,,,True
1791532800,2026-10-09T08:00:00Z,หนองโดน,31,0.0,0.0,0.0,,,True
1791532800,2026-10-09T08:00:00Z,เมืองลำปาง,300,0.0,0.0,0.0,,,True
1791532800,2026-10-09T08:00:00Z,เถิน,443,0.0,0.0,0.0,,,True
1791532800,2026-10-09T08:00:00Z,แม่พริก,167,0.0,0.0,0.0,,,True
1791532800,2026-10-09T08:00:00Z,แจ้ห่ม,274,0.0,0.0,0.0,,,True
1791532800,2026-10-09T08:00:00Z,แม่เปิน,85,0.0,0.0,0.0,,,True
1791532800,2026-10-09T08:00:00Z,เสริมงาม,185,0.0,0.0,0.0,,,True
1791532800,2026-10-09T08:00:00Z,ชุมตาบง,61,0.0,0.0,0.0,,,True
1791532800,2026-10-09T08:00:00Z,งาว,344,0.0,0.0,0.0,,,True
1791532800,2026-10-09T08:00:00Z,ตากฟ้า,125,0.0,0.0,0.0,,,True
1791532800,2026-10-09T08:00:00Z,แม่เมาะ,283,0.0,0.0,0.0,,,True
1791532800,2026-10-09T08:00:00Z,แม่วงก์,257,0.0,0.0,0.0,,,True
1791532800,2026-10-09T08:00:00Z,เกาะคา,128,0.0,0.0,0.0,,,True
1791532800,2026-10-09T08:00:00Z,พยุหะคีรี,169,0.0,0.0,0.0,,,True
1791532800,2026-10-09T08:00:00Z,ลาดยาว,187,0.0,0.0,0.0,,,True
1791532800,2026-10-09T08:00:00Z,สบปราบ,125,0.0,0.0,0.0,,,True
1791532800,2026-10-09T08:00:00Z,ห้างฉัตร,154,0.0,0.0,0.0,,,True
1791532800,2026-10-09T08:00:00Z,แม่ทะ,203,0.0,0.0,0.0,,,True
1791532800,2026-10-09T08:00:00Z,เมืองปาน,202,0.0,0.0,0.0,,,True
1791532800,2026-10-09T08:00:00Z,เมืองอ่างทอง,6,0.0,0.0,0.0,,,True
1791532800,2026-10-09T08:00:00Z,ไชโย,20,0.0,0.0,0.0,,,True
1791532800,2026-10-09T08:00:00Z,สามโก้,10,0.0,0.0,0.0,,,True
1791532800,2026-10-09T08:00:00Z,แสวงหา,43,0.0,0.0,0.0,,,True
1791532800,2026-10-09T08:00:00Z,วิเศษชัยชาญ,7,0.0,0.0,0.0,,,True
1791532800,2026-10-09T08:00:00Z,โพธิ์ทอง,48,0.0,0.0,0.0,,,True
1791532800,2026-10-09T08:00:00Z,เมืองลพบุรี,190,0.0,0.0,0.0,,,True
1791532800,2026-10-09T08:00:00Z,เดิมบางนางบวช,130,0.0,0.0,0.0,,,True
1791532800,2026-10-09T08:00:00Z,ด่านช้าง,309,0.0,0.0,0.0,,,True
1791532800,2026-10-09T08:00:00Z,หนองม่วง,111,0.0,0.0,0.0,,,True
1791532800,2026-10-09T08:00:00Z,ลำสนธิ,136,0.0,0.0,0.0,,,True
1791532800,2026-10-09T08:00:00Z,สามชุก,77,0.0,0.0,0.0,,,True
1791532800,2026-10-09T08:00:00Z,ดอนเจดีย์,72,0.0,0.0,0.0,,,True
1791532800,2026-10-09T08:00:00Z,สระโบสถ์,83,0.0,0.0,0.0,,,True
1791532800,2026-10-09T08:00:00Z,ศรีประจันต์,41,0.0,0.0,0.0,,,True
1791532800,2026-10-09T08:00:00Z,โคกเจริญ,135,0.0,0.0,0.0,,,True
1791532800,2026-10-09T08:00:00Z,บ้านหมี่,136,0.0,0.0,0.0,,,True
1791532800,2026-10-09T08:00:00Z,ท่าหลวง,100,0.0,0.0,0.0,,,True
1791532800,2026-10-09T08:00:00Z,ชัยบาดาล,280,0.0,0.0,0.0,,,True
1791532800,2026-10-09T08:00:00Z,ท่าวุ้ง,64,0.0,0.0,0.0,,,True
1791532800,2026-10-09T08:00:00Z,พัฒนานิคม,217,0.0,0.0,0.0,,,True
1791532800,2026-10-09T08:00:00Z,โคกสำโรง,180,0.0,0.0,0.0,,,True
1791532800,2026-10-09T08:00:00Z,หนองหญ้าไซ,108,0.0,0.0,0.0,,,True
1791532800,2026-10-09T08:00:00Z,ท่าช้าง,11,0.0,0.0,0.0,,,True
1791532800,2026-10-09T08:00:00Z,อินทร์บุรี,66,0.0,0.0,0.0,,,True
1791532800,2026-10-09T08:00:00Z,ค่ายบางระจัน,26,0.0,0.0,0.0,,,True
1791532800,2026-10-09T08:00:00Z,พรหมบุรี,19,0.0,0.0,0.0,,,True
1791532800,2026-10-09T08:00:00Z,เนินสง่า,65,0.0,0.0,0.0,,,True
1791532800,2026-10-09T08:00:00Z,เมืองสิงห์บุรี,31,0.0,0.0,0.0,,,True
1791532800,2026-10-09T08:00:00Z,ซับใหญ่,72,0.0,0.0,0.0,,,True
1791532800,2026-10-09T08:00:00Z,บางระจัน,46,0.0,0.0,0.0,,,True
1791532800,2026-10-09T08:00:00Z,ภูกระดึง,190,0.0,0.0,0.0,,,True
1791532800,2026-10-09T08:00:00Z,ภูหลวง,145,0.0,0.0,0.0,,,True
1791532800,2026-10-09T08:00:00Z,หนองหิน,78,0.0,0.0,0.0,,,True
1791532800,2026-10-09T08:00:00Z,ผาขาว,100,0.0,0.0,0.0,,,True
1791532800,2026-10-09T08:00:00Z,เอราวัณ,87,0.0,0.0,0.0,,,True
1791532800,2026-10-09T08:00:00Z,วังสะพุง,281,0.0,0.0,0.0,,,True
1791532800,2026-10-09T08:00:00Z,วังม่วง,70,0.0,0.0,0.0,,,True
1791532800,2026-10-09T08:00:00Z,เฉลิมพระเกียรติ,35,0.0,0.0,0.0,,,True
1791532800,2026-10-09T08:00:00Z,มวกเหล็ก,175,0.0,0.0,0.0,,,True
1791532800,2026-10-09T08:00:00Z,บ้านเขว้า,124,0.0,0.0,0.0,,,True
1791532800,2026-10-09T08:00:00Z,คอนสวรรค์,113,0.0,0.0,0.0,,,True
1791532800,2026-10-09T08:00:00Z,เมืองชัยภูมิ,358,0.0,0.0,0.0,,,True
1791532800,2026-10-09T08:00:00Z,วังทอง,425,0.0,0.0,0.0,,,True
1791532800,2026-10-09T08:00:00Z,เนินมะปราง,276,0.0,0.0,0.0,,,True
1791532800,2026-10-09T08:00:00Z,สวรรคโลก,156,0.0,0.0,0.0,,,True
1791532800,2026-10-09T08:00:00Z,ศรีนคร,46,0.0,0.0,0.0,,,True
1791532800,2026-10-09T08:00:00Z,หันคา,139,0.0,0.0,0.0,,,True
1791532800,2026-10-09T08:00:00Z,ศรีสัชนาลัย,534,0.0,0.0,0.0,,,True
1791532800,2026-10-09T08:00:00Z,หนองมะโมง,76,0.0,0.0,0.0,,,True
1791532800,2026-10-09T08:00:00Z,ศรีสำโรง,142,0.0,0.0,0.0,,,True
1791532800,2026-10-09T08:00:00Z,สรรพยา,55,0.0,0.0,0.0,,,True
1791532800,2026-10-09T08:00:00Z,คีรีมาศ,171,0.0,0.0,0.0,,,True
1791532800,2026-10-09T08:00:00Z,สรรคบุรี,89,0.0,0.0,0.0,,,True
1791532800,2026-10-09T08:00:00Z,กงไกรลาศ,108,0.0,0.0,0.0,,,True
1791532800,2026-10-09T08:00:00Z,มโนรมย์,66,0.0,0.0,0.0,,,True
1791532800,2026-10-09T08:00:00Z,เมืองสุโขทัย,136,0.0,0.0,0.0,,,True
1791532800,2026-10-09T08:00:00Z,วัดสิงห์,67,0.0,0.0,0.0,,,True
1791532800,2026-10-09T08:00:00Z,บ้านด่านลานหอย,231,0.0,0.0,0.0,,,True
1791532800,2026-10-09T08:00:00Z,เมืองชัยนาท,70,0.0,0.0,0.0,,,True
1791532800,2026-10-09T08:00:00Z,เนินขาม,65,0.0,0.0,0.0,,,True
1791532800,2026-10-09T08:00:00Z,คอนสาร,334,0.0,0.0,0.0,,,True
1791532800,2026-10-09T08:00:00Z,ภักดีชุมพล,154,0.0,0.0,0.0,,,True
1791532800,2026-10-09T08:00:00Z,บ้านแท่น,76,0.0,0.0,0.0,,,True
1791532800,2026-10-09T08:00:00Z,แก้งคร้อ,168,0.0,0.0,0.0,,,True
1791532800,2026-10-09T08:00:00Z,ภูเขียว,201,0.0,0.0,0.0,,,True
1791532800,2026-10-09T08:00:00Z,หนองบัวระเหว,179,0.0,0.0,0.0,,,True
1791532800,2026-10-09T08:00:00Z,เทพสถิต,239,0.0,0.0,0.0,,,True
1791532800,2026-10-09T08:00:00Z,จัตุรัส,172,0.0,0.0,0.0,,,True
1791532800,2026-10-09T08:00:00Z,บำเหน็จณรงค์,120,0.0,0.0,0.0,,,True
1791532800,2026-10-09T08:00:00Z,เกษตรสมบูรณ์,268,0.0,0.0,0.0,,,True
1791532800,2026-10-09T08:00:00Z,หนองบัวแดง,537,0.0,0.0,0.0,,,True
1791532800,2026-10-09T08:00:00Z,ภูเรือ,168,0.0,0.0,0.0,,,True
1791532800,2026-10-09T08:00:00Z,ท่าลี่,171,0.0,0.0,0.0,,,True
1791532800,2026-10-09T08:00:00Z,วชิรบารมี,68,0.0,0.0,0.0,,,True
1791532800,2026-10-09T08:00:00Z,ด่านซ้าย,341,0.0,0.0,0.0,,,True
1791532800,2026-10-09T08:00:00Z,นาแห้ว,153,0.0,0.0,0.0,,,True
1791532800,2026-10-09T08:00:00Z,บึงนาราง,74,0.0,0.0,0.0,,,True
1791532800,2026-10-09T08:00:00Z,เชียงคาน,213,0.0,0.0,0.0,,,True
1791532800,2026-10-09T08:00:00Z,ดงเจริญ,56,0.0,0.0,0.0,,,True
1791532800,2026-10-09T08:00:00Z,ปากชม,240,0.0,0.0,0.0,,,True
1791532800,2026-10-09T08:00:00Z,เมืองเลย,314,0.0,0.0,0.0,,,True
1791532800,2026-10-09T08:00:00Z,นาด้วง,143,0.0,0.0,0.0,,,True
1791532800,2026-10-09T08:00:00Z,สากเหล็ก,45,0.0,0.0,0.0,,,True
1791532800,2026-10-09T08:00:00Z,สามง่าม,89,0.0,0.0,0.0,,,True
1791532800,2026-10-09T08:00:00Z,ทับคล้อ,104,0.0,0.0,0.0,,,True
1791532800,2026-10-09T08:00:00Z,พรหมพิราม,206,0.0,0.0,0.0,,,True
1791532800,2026-10-09T08:00:00Z,ด่านขุนทด,344,0.0,0.0,0.0,,,True
1791532800,2026-10-09T08:00:00Z,วัดโบสถ์,226,0.0,0.0,0.0,,,True
1791532800,2026-10-09T08:00:00Z,บางระกำ,246,0.0,0.0,0.0,,,True
1791532800,2026-10-09T08:00:00Z,บางกระทุ่ม,91,0.0,0.0,0.0,,,True
1791532800,2026-10-09T08:00:00Z,นครไทย,597,0.0,0.0,0.0,,,True
1791532800,2026-10-09T08:00:00Z,ชาติตระการ,415,0.0,0.0,0.0,,,True
1791532800,2026-10-09T08:00:00Z,บ้านเหลื่อม,55,0.0,0.0,0.0,,,True
1791532800,2026-10-09T08:00:00Z,เมืองพิษณุโลก,178,0.0,0.0,0.0,,,True
1791532800,2026-10-09T08:00:00Z,ชุมแสง,145,0.0,0.0,0.0,,,True
1791532800,2026-10-09T08:00:00Z,หนองบัว,208,0.0,0.0,0.0,,,True
1791532800,2026-10-09T08:00:00Z,เมืองนครสวรรค์,183,0.0,0.0,0.0,,,True
1791532800,2026-10-09T08:00:00Z,โกรกพระ,71,0.0,0.0,0.0,,,True
1791532800,2026-10-09T08:00:00Z,ไพศาลี,244,0.0,0.0,0.0,,,True
1791532800,2026-10-09T08:00:00Z,ตาคลี,206,0.0,0.0,0.0,,,True
1791532800,2026-10-09T08:00:00Z,ท่าตะโก,211,0.0,0.0,0.0,,,True
1791532800,2026-10-09T08:00:00Z,เขาค้อ,207,0.0,0.0,0.0,,,True
1791532800,2026-10-09T08:00:00Z,บรรพตพิสัย,181,0.0,0.0,0.0,,,True
1791532800,2026-10-09T08:00:00Z,เก้าเลี้ยว,57,0.0,0.0,0.0,,,True
1791532800,2026-10-09T08:00:00Z,วังโป่ง,123,0.0,0.0,0.0,,,True
1791532800,2026-10-09T08:00:00Z,บึงสามพัน,194,0.0,0.0,0.0,,,True
1791532800,2026-10-09T08:00:00Z,น้ำหนาว,231,0.0,0.0,0.0,,,True
1791532800,2026-10-09T08:00:00Z,ศรีเทพ,204,0.0,0.0,0.0,,,True
1791532800,2026-10-09T08:00:00Z,หนองไผ่,315,0.0,0.0,0.0,,,True
1791532800,2026-10-09T08:00:00Z,มหาราช,4,0.0,0.0,0.0,,,False
1791532800,2026-10-09T08:00:00Z,บ้านแพรก,10,0.0,0.0,0.0,,,True
1791532800,2026-10-09T08:00:00Z,บางมูลนาก,99,0.0,0.0,0.0,,,True
1791532800,2026-10-09T08:00:00Z,โพทะเล,131,0.0,0.0,0.0,,,True
1791532800,2026-10-09T08:00:00Z,โพธิ์ประทับช้าง,102,0.0,0.0,0.0,,,True
1791532800,2026-10-09T08:00:00Z,ตะพานหิน,109,0.0,0.0,0.0,,,True
1791532800,2026-10-09T08:00:00Z,เมืองพิจิตร,138,0.0,0.0,0.0,,,True
1791532800,2026-10-09T08:00:00Z,วังทรายพูน,66,0.0,0.0,0.0,,,True
1791533700,2026-10-09T08:15:00Z,พิชัย,176,0.0,0.0,0.0,,,True
1791533700,2026-10-09T08:15:00Z,ลับแล,116,0.0,0.0,0.0,,,True
1791533700,2026-10-09T08:15:00Z,ฟากท่า,163,0.0,0.0,0.0,,,True
1791533700,2026-10-09T08:15:00Z,บ้านโคก,247,0.0,0.0,0.0,,,True
1791533700,2026-10-09T08:15:00Z,ท่าปลา,442,0.0,0.0,0.0,,,True
1791533700,2026-10-09T08:15:00Z,น้ำปาด,363,0.0,0.0,0.0,,,True
1791533700,2026-10-09T08:15:00Z,เมืองอุตรดิตถ์,202,0.0,0.0,0.0,,,True
1791533700,2026-10-09T08:15:00Z,ตรอน,80,0.0,0.0,0.0,,,True
1791533700,2026-10-09T08:15:00Z,หล่มเก่า,246,0.0,0.0,0.0,,,True
1791533700,2026-10-09T08:15:00Z,วิเชียรบุรี,377,0.0,0.0,0.0,,,True
1791533700,2026-10-09T08:15:00Z,ชนแดน,279,0.0,0.0,0.0,,,True
1791533700,2026-10-09T08:15:00Z,หล่มสัก,350,0.0,0.0,0.0,,,True
1791533700,2026-10-09T08:15:00Z,เมืองเพชรบูรณ์,571,0.0,0.0,0.0,,,True
1791533700,2026-10-09T08:15:00Z,ทองแสนขัน,185,0.0,0.0,0.0,,,True
1791533700,2026-10-09T08:15:00Z,บึงสามัคคี,71,0.0,0.0,0.0,,,True
1791533700,2026-10-09T08:15:00Z,โกสัมพีนคร,137,0.0,0.0,0.0,,,True
1791533700,2026-10-09T08:15:00Z,สอง,380,0.0,0.0,0.0,,,True
1791533700,2026-10-09T08:15:00Z,วังชิ้น,255,0.0,0.0,0.0,,,True
1791533700,2026-10-09T08:15:00Z,สูงเม่น,88,0.0,0.0,0.0,,,True
1791533700,2026-10-09T08:15:00Z,เด่นชัย,135,0.0,0.0,0.0,,,True
1791533700,2026-10-09T08:15:00Z,ร้องกวาง,221,0.0,0.0,0.0,,,True
1791533700,2026-10-09T08:15:00Z,ลอง,317,0.0,0.0,0.0,,,True
1791533700,2026-10-09T08:15:00Z,เมืองแพร่,205,0.0,0.0,0.0,,,True
1791533700,2026-10-09T08:15:00Z,ทัพทัน,94,0.0,0.0,0.0,,,True
1791533700,2026-10-09T08:15:00Z,สว่างอารมณ์,110,0.0,0.0,0.0,,,True
1791533700,2026-10-09T08:15:00Z,เมืองอุทัยธานี,59,0.0,0.0,0.0,,,True
1791533700,2026-10-09T08:15:00Z,ห้วยคต,94,0.0,0.0,0.0,,,True
1791533700,2026-10-09T08:15:00Z,ศรีสวัสดิ์,440,0.0,0.0,0.0,,,True
1791533700,2026-10-09T08:15:00Z,บ้านไร่,821,0.0,0.0,0.0,,,True
1791533700,2026-10-09T08:15:00Z,ลานสัก,360,0.0,0.0,0.0,,,True
1791533700,2026-10-09T08:15:00Z,หนองฉาง,89,0.0,0.0,0.0,,,True
1791533700,2026-10-09T08:15:00Z,หนองขาหย่าง,43,0.0,0.0,0.0,,,True
1791533700,2026-10-09T08:15:00Z,เชียงม่วน,82,0.0,0.0,0.0,,,True
1791533700,2026-10-09T08:15:00Z,ดอกคำใต้,37,0.0,0.0,0.0,,,True
1791533700,2026-10-09T08:15:00Z,เมืองพะเยา,6,0.0,0.0,0.0,,,True
1791533700,2026-10-09T08:15:00Z,ทองผาภูมิ,851,0.0,0.0,0.0,,,True
1791533700,2026-10-09T08:15:00Z,สังขละบุรี,793,0.0,0.0,0.0,,,True
1791533700,2026-10-09T08:15:00Z,หนองม่วงไข่,35,0.0,0.0,0.0,,,True
1791533700,2026-10-09T08:15:00Z,ภูเวียง,81,0.0,0.0,0.0,,,True
1791533700,2026-10-09T08:15:00Z,มัญจาคีรี,50,0.0,0.0,0.0,,,True
1791533700,2026-10-09T08:15:00Z,หนองปรือ,104,0.0,0.0,0.0,,,True
1791533700,2026-10-09T08:15:00Z,เลาขวัญ,123,0.0,0.0,0.0,,,True
1791533700,2026-10-09T08:15:00Z,หนองนาคำ,43,0.0,0.0,0.0,,,True
1791533700,2026-10-09T08:15:00Z,โคกโพธิ์ไชย,65,0.0,0.0,0.0,,,True
1791533700,2026-10-09T08:15:00Z,บ้านหลวง,91,0.0,0.0,0.0,,,True
1791533700,2026-10-09T08:15:00Z,นาน้อย,266,0.002,0.201,0.0188,,75,True
1791533700,2026-10-09T08:15:00Z,ภูผาม่าน,74,0.0,0.0,0.0,,,True
1791533700,2026-10-09T08:15:00Z,เมืองน่าน,161,0.0,0.0,0.0,,,True
1791533700,2026-10-09T08:15:00Z,แม่จริม,262,0.0,0.0,0.0,,,True
1791533700,2026-10-09T08:15:00Z,เวียงเก่า,78,0.0,0.0,0.0,,,True
1791533700,2026-10-09T08:15:00Z,เมืองกำแพงเพชร,368,0.0,0.0,0.0,,,True
1791533700,2026-10-09T08:15:00Z,ไทรงาม,133,0.0,0.0,0.0,,,True
1791533700,2026-10-09T08:15:00Z,ปางศิลาทอง,186,0.006,0.196,0.0538,,75,True
1791533700,2026-10-09T08:15:00Z,ลานกระบือ,103,0.0,0.0,0.0,,,True
1791533700,2026-10-09T08:15:00Z,ทรายทองวัฒนา,53,0.0,0.0,0.0,,,True
1791533700,2026-10-09T08:15:00Z,คลองขลุง,179,0.0,0.0,0.0,,,True
1791533700,2026-10-09T08:15:00Z,พรานกระต่าย,252,0.0,0.0,0.0,,,True
1791533700,2026-10-09T08:15:00Z,คลองลาน,363,0.003,0.098,0.0275,,15,True
1791533700,2026-10-09T08:15:00Z,ขาณุวรลักษบุรี,296,0.0,0.0,0.0,,,True
1791533700,2026-10-09T08:15:00Z,ภูเพียง,113,0.0,0.0,0.0,,,True
1791533700,2026-10-09T08:15:00Z,นาหมื่น,245,0.0,0.0,0.0,,,True
1791533700,2026-10-09T08:15:00Z,เวียงสา,543,0.001,0.098,0.0147,,15,True
1791533700,2026-10-09T08:15:00Z,น้ำโสม,153,0.0,0.0,0.0,,,True
1791533700,2026-10-09T08:15:00Z,นายูง,126,0.0,0.0,0.0,,,True
1791533700,2026-10-09T08:15:00Z,ชุมแพ,173,0.0,0.0,0.0,,,True
1791533700,2026-10-09T08:15:00Z,สีชมพู,132,0.0,0.0,0.0,,,True
1791533700,2026-10-09T08:15:00Z,สุวรรณคูหา,140,0.0,0.0,0.0,,,True
1791533700,2026-10-09T08:15:00Z,นาวัง,65,0.0,0.0,0.0,,,True
1791533700,2026-10-09T08:15:00Z,หนองเรือ,80,0.0,0.0,0.0,,,True
1791533700,2026-10-09T08:15:00Z,โนนสัง,51,0.0,0.0,0.0,,,True
1791533700,2026-10-09T08:15:00Z,ศรีบุญเรือง,224,0.0,0.0,0.0,,,True
1791533700,2026-10-09T08:15:00Z,เมืองหนองบัวลำภู,217,0.0,0.0,0.0,,,True
1791533700,2026-10-09T08:15:00Z,นากลาง,173,0.0,0.0,0.0,,,True
1791533700,2026-10-09T08:15:00Z,ทุ่งเสลี่ยม,144,0.0,0.0,0.0,,,True
1791533700,2026-10-09T08:15:00Z,ดอยหล่อ,56,0.0,0.0,0.0,,,True
1791533700,2026-10-09T08:15:00Z,เมืองตาก,486,0.0,0.0,0.0,,,True
1791533700,2026-10-09T08:15:00Z,แม่ออน,116,0.0,0.0,0.0,,,True
1791533700,2026-10-09T08:15:00Z,อุ้มผาง,1209,0.0,0.0,0.0,,,True
1791533700,2026-10-09T08:15:00Z,วังเจ้า,183,0.0,0.0,0.0,,,True
1791533700,2026-10-09T08:15:00Z,แม่สอด,398,0.0,0.0,0.0,,,True
1791533700,2026-10-09T08:15:00Z,พบพระ,249,0.0,0.0,0.0,,,True
1791533700,2026-10-09T08:15:00Z,แม่ระมาด,380,0.0,0.0,0.0,,,True
1791533700,2026-10-09T08:15:00Z,ท่าสองยาง,401,0.0,0.0,0.0,,,True
1791533700,2026-10-09T08:15:00Z,บ้านตาก,255,0.0,0.0,0.0,,,True
1791533700,2026-10-09T08:15:00Z,สามเงา,698,0.0,0.0,0.0,,,True
1791533700,2026-10-09T08:15:00Z,จอมทอง,280,0.0,0.0,0.0,,,True
1791533700,2026-10-09T08:15:00Z,แก้งสนามนาง,79,0.0,0.0,0.0,,,True
1791533700,2026-10-09T08:15:00Z,สีคิ้ว,292,0.0,0.0,0.0,,,True
1791533700,2026-10-09T08:15:00Z,พระทองคำ,90,0.0,0.0,0.0,,,True
1791533700,2026-10-09T08:15:00Z,เทพารักษ์,92,0.0,0.0,0.0,,,True
1791533700,2026-10-09T08:15:00Z,สันกำแพง,65,0.0,0.0,0.0,,,True
1791533700,2026-10-09T08:15:00Z,สันป่าตอง,44,0.0,0.0,0.0,,,True
1791533700,2026-10-09T08:15:00Z,ดอยเต่า,213,0.0,0.0,0.0,,,True
1791533700,2026-10-09T08:15:00Z,อมก๋อย,704,0.0,0.0,0.0,,,True
1791533700,2026-10-09T08:15:00Z,ฮอด,378,0.0,0.0,0.0,,,True
1791533700,2026-10-09T08:15:00Z,เมืองลำพูน,117,0.0,0.0,0.0,,,True
1791533700,2026-10-09T08:15:00Z,แม่ทา,192,0.0,0.0,0.0,,,True
1791533700,2026-10-09T08:15:00Z,บ้านธิ,34,0.0,0.0,0.0,,,True
1791533700,2026-10-09T08:15:00Z,บ้านหมอ,24,0.0,0.0,0.0,,,True
1791533700,2026-10-09T08:15:00Z,เวียงหนองล่อง,14,0.0,0.0,0.0,,,True
1791533700,2026-10-09T08:15:00Z,ทุ่งหัวช้าง,113,0.0,0.0,0.0,,,True
1791533700,2026-10-09T08:15:00Z,ป่าซาง,74,0.0,0.0,0.0,,,True
1791533700,2026-10-09T08:15:00Z,บ้านโฮ่ง,124,0.0,0.0,0.0,,,True
1791533700,2026-10-09T08:15:00Z,แก่งคอย,73,0.0,0.0,0.0,,,True
1791533700,2026-10-09T08:15:00Z,ลี้,454,0.0,0.0,0.0,,,True
1791533700,2026-10-09T08:15:00Z,พระพุทธบาท,55,0.0,0.0,0.0,,,True
1791533700,2026-10-09T08:15:00Z,ดอนพุด,7,0.0,0.0,0.0,,,True
1791533700,2026-10-09T08:15:00Z,หนองโดน,31,0.0,0.0,0.0,,,True
1791533700,2026-10-09T08:15:00Z,เมืองลำปาง,300,0.0,0.0,0.0,,,True
1791533700,2026-10-09T08:15:00Z,เถิน,443,0.0,0.0,0.0,,,True
1791533700,2026-10-09T08:15:00Z,แม่พริก,167,0.0,0.0,0.0,,,True
1791533700,2026-10-09T08:15:00Z,แจ้ห่ม,274,0.0,0.0,0.0,,,True
1791533700,2026-10-09T08:15:00Z,แม่เปิน,85,0.0,0.0,0.0,,,True
1791533700,2026-10-09T08:15:00Z,เสริมงาม,185,0.0,0.0,0.0,,,True
1791533700,2026-10-09T08:15:00Z,ชุมตาบง,61,0.0,0.0,0.0,,,True
1791533700,2026-10-09T08:15:00Z,งาว,344,0.0,0.0,0.0,,,True
1791533700,2026-10-09T08:15:00Z,ตากฟ้า,125,0.0,0.0,0.0,,,True
1791533700,2026-10-09T08:15:00Z,แม่เมาะ,283,0.0,0.0,0.0,,,True
1791533700,2026-10-09T08:15:00Z,แม่วงก์,257,0.0,0.0,0.0,,,True
1791533700,2026-10-09T08:15:00Z,เกาะคา,128,0.0,0.0,0.0,,,True
1791533700,2026-10-09T08:15:00Z,พยุหะคีรี,169,0.0,0.0,0.0,,,True
1791533700,2026-10-09T08:15:00Z,ลาดยาว,187,0.0,0.0,0.0,,,True
1791533700,2026-10-09T08:15:00Z,สบปราบ,125,0.0,0.0,0.0,,,True
1791533700,2026-10-09T08:15:00Z,ห้างฉัตร,154,0.0,0.0,0.0,,,True
1791533700,2026-10-09T08:15:00Z,แม่ทะ,203,0.0,0.0,0.0,,,True
1791533700,2026-10-09T08:15:00Z,เมืองปาน,202,0.0,0.0,0.0,,,True
1791533700,2026-10-09T08:15:00Z,เมืองอ่างทอง,6,0.0,0.0,0.0,,,True
1791533700,2026-10-09T08:15:00Z,ไชโย,20,0.0,0.0,0.0,,,True
1791533700,2026-10-09T08:15:00Z,สามโก้,10,0.0,0.0,0.0,,,True
1791533700,2026-10-09T08:15:00Z,แสวงหา,43,0.0,0.0,0.0,,,True
1791533700,2026-10-09T08:15:00Z,วิเศษชัยชาญ,7,0.0,0.0,0.0,,,True
1791533700,2026-10-09T08:15:00Z,โพธิ์ทอง,48,0.0,0.0,0.0,,,True
1791533700,2026-10-09T08:15:00Z,เมืองลพบุรี,190,0.0,0.0,0.0,,,True
1791533700,2026-10-09T08:15:00Z,เดิมบางนางบวช,130,0.0,0.0,0.0,,,True
1791533700,2026-10-09T08:15:00Z,ด่านช้าง,309,0.0,0.0,0.0,,,True
1791533700,2026-10-09T08:15:00Z,หนองม่วง,111,0.0,0.0,0.0,,,True
1791533700,2026-10-09T08:15:00Z,ลำสนธิ,136,0.0,0.0,0.0,,,True
1791533700,2026-10-09T08:15:00Z,สามชุก,77,0.0,0.0,0.0,,,True
1791533700,2026-10-09T08:15:00Z,ดอนเจดีย์,72,0.0,0.0,0.0,,,True
1791533700,2026-10-09T08:15:00Z,สระโบสถ์,83,0.0,0.0,0.0,,,True
1791533700,2026-10-09T08:15:00Z,ศรีประจันต์,41,0.0,0.0,0.0,,,True
1791533700,2026-10-09T08:15:00Z,โคกเจริญ,135,0.0,0.0,0.0,,,True
1791533700,2026-10-09T08:15:00Z,บ้านหมี่,136,0.0,0.0,0.0,,,True
1791533700,2026-10-09T08:15:00Z,ท่าหลวง,100,0.0,0.0,0.0,,,True
1791533700,2026-10-09T08:15:00Z,ชัยบาดาล,280,0.0,0.0,0.0,,,True
1791533700,2026-10-09T08:15:00Z,ท่าวุ้ง,64,0.0,0.0,0.0,,,True
1791533700,2026-10-09T08:15:00Z,พัฒนานิคม,217,0.0,0.0,0.0,,,True
1791533700,2026-10-09T08:15:00Z,โคกสำโรง,180,0.0,0.0,0.0,,,True
1791533700,2026-10-09T08:15:00Z,หนองหญ้าไซ,108,0.0,0.0,0.0,,,True
1791533700,2026-10-09T08:15:00Z,ท่าช้าง,11,0.0,0.0,0.0,,,True
1791533700,2026-10-09T08:15:00Z,อินทร์บุรี,66,0.0,0.0,0.0,,,True
1791533700,2026-10-09T08:15:00Z,ค่ายบางระจัน,26,0.0,0.0,0.0,,,True
1791533700,2026-10-09T08:15:00Z,พรหมบุรี,19,0.0,0.0,0.0,,,True
1791533700,2026-10-09T08:15:00Z,เนินสง่า,65,0.0,0.0,0.0,,,True
1791533700,2026-10-09T08:15:00Z,เมืองสิงห์บุรี,31,0.0,0.0,0.0,,,True
1791533700,2026-10-09T08:15:00Z,ซับใหญ่,72,0.0,0.0,0.0,,,True
1791533700,2026-10-09T08:15:00Z,บางระจัน,46,0.0,0.0,0.0,,,True
1791533700,2026-10-09T08:15:00Z,ภูกระดึง,190,0.0,0.0,0.0,,,True
1791533700,2026-10-09T08:15:00Z,ภูหลวง,145,0.0,0.0,0.0,,,True
1791533700,2026-10-09T08:15:00Z,หนองหิน,78,0.0,0.0,0.0,,,True
1791533700,2026-10-09T08:15:00Z,ผาขาว,100,0.0,0.0,0.0,,,True
1791533700,2026-10-09T08:15:00Z,เอราวัณ,87,0.0,0.0,0.0,,,True
1791533700,2026-10-09T08:15:00Z,วังสะพุง,281,0.0,0.0,0.0,,,True
1791533700,2026-10-09T08:15:00Z,วังม่วง,70,0.0,0.0,0.0,,,True
1791533700,2026-10-09T08:15:00Z,เฉลิมพระเกียรติ,35,0.0,0.0,0.0,,,True
1791533700,2026-10-09T08:15:00Z,มวกเหล็ก,175,0.0,0.0,0.0,,,True
1791533700,2026-10-09T08:15:00Z,บ้านเขว้า,124,0.0,0.0,0.0,,,True
1791533700,2026-10-09T08:15:00Z,คอนสวรรค์,113,0.0,0.0,0.0,,,True
1791533700,2026-10-09T08:15:00Z,เมืองชัยภูมิ,358,0.0,0.0,0.0,,,True
1791533700,2026-10-09T08:15:00Z,วังทอง,425,0.002,0.413,0.0094,,15,True
1791533700,2026-10-09T08:15:00Z,เนินมะปราง,276,0.0,0.0,0.0,,,True
1791533700,2026-10-09T08:15:00Z,สวรรคโลก,156,0.0,0.0,0.0,,,True
1791533700,2026-10-09T08:15:00Z,ศรีนคร,46,0.0,0.0,0.0,,,True
1791533700,2026-10-09T08:15:00Z,หันคา,139,0.0,0.0,0.0,,,True
1791533700,2026-10-09T08:15:00Z,ศรีสัชนาลัย,534,0.0,0.0,0.0,,,True
1791533700,2026-10-09T08:15:00Z,หนองมะโมง,76,0.0,0.0,0.0,,,True
1791533700,2026-10-09T08:15:00Z,ศรีสำโรง,142,0.0,0.0,0.0,,,True
1791533700,2026-10-09T08:15:00Z,สรรพยา,55,0.124,0.848,0.2727,45,30,True
1791533700,2026-10-09T08:15:00Z,คีรีมาศ,171,0.0,0.0,0.0,,,True
1791533700,2026-10-09T08:15:00Z,สรรคบุรี,89,0.036,0.69,0.1011,120,90,True
1791533700,2026-10-09T08:15:00Z,กงไกรลาศ,108,0.0,0.0,0.0,,,True
1791533700,2026-10-09T08:15:00Z,มโนรมย์,66,0.0,0.0,0.0,,,True
1791533700,2026-10-09T08:15:00Z,เมืองสุโขทัย,136,0.0,0.0,0.0,,,True
1791533700,2026-10-09T08:15:00Z,วัดสิงห์,67,0.0,0.0,0.0,,,True
1791533700,2026-10-09T08:15:00Z,บ้านด่านลานหอย,231,0.0,0.0,0.0,,,True
1791533700,2026-10-09T08:15:00Z,เมืองชัยนาท,70,0.007,0.413,0.0286,,30,True
1791533700,2026-10-09T08:15:00Z,เนินขาม,65,0.0,0.0,0.0,,,True
1791533700,2026-10-09T08:15:00Z,คอนสาร,334,0.0,0.0,0.0,,,True
1791533700,2026-10-09T08:15:00Z,ภักดีชุมพล,154,0.0,0.0,0.0,,,True
1791533700,2026-10-09T08:15:00Z,บ้านแท่น,76,0.0,0.0,0.0,,,True
1791533700,2026-10-09T08:15:00Z,แก้งคร้อ,168,0.0,0.0,0.0,,,True
1791533700,2026-10-09T08:15:00Z,ภูเขียว,201,0.0,0.0,0.0,,,True
1791533700,2026-10-09T08:15:00Z,หนองบัวระเหว,179,0.0,0.0,0.0,,,True
1791533700,2026-10-09T08:15:00Z,เทพสถิต,239,0.0,0.0,0.0,,,True
1791533700,2026-10-09T08:15:00Z,จัตุรัส,172,0.0,0.0,0.0,,,True
1791533700,2026-10-09T08:15:00Z,บำเหน็จณรงค์,120,0.0,0.0,0.0,,,True
1791533700,2026-10-09T08:15:00Z,เกษตรสมบูรณ์,268,0.0,0.0,0.0,,,True
1791533700,2026-10-09T08:15:00Z,หนองบัวแดง,537,0.0,0.0,0.0,,,True
1791533700,2026-10-09T08:15:00Z,ภูเรือ,168,0.0,0.0,0.0,,,True
1791533700,2026-10-09T08:15:00Z,ท่าลี่,171,0.0,0.0,0.0,,,True
1791533700,2026-10-09T08:15:00Z,วชิรบารมี,68,0.0,0.0,0.0,,,True
1791533700,2026-10-09T08:15:00Z,ด่านซ้าย,341,0.0,0.0,0.0,,,True
1791533700,2026-10-09T08:15:00Z,นาแห้ว,153,0.0,0.0,0.0,,,True
1791533700,2026-10-09T08:15:00Z,บึงนาราง,74,0.0,0.0,0.0,,,True
1791533700,2026-10-09T08:15:00Z,เชียงคาน,213,0.0,0.0,0.0,,,True
1791533700,2026-10-09T08:15:00Z,ดงเจริญ,56,0.0,0.0,0.0,,,True
1791533700,2026-10-09T08:15:00Z,ปากชม,240,0.0,0.0,0.0,,,True
1791533700,2026-10-09T08:15:00Z,เมืองเลย,314,0.0,0.0,0.0,,,True
1791533700,2026-10-09T08:15:00Z,นาด้วง,143,0.0,0.0,0.0,,,True
1791533700,2026-10-09T08:15:00Z,สากเหล็ก,45,0.0,0.0,0.0,,,True
1791533700,2026-10-09T08:15:00Z,สามง่าม,89,0.0,0.0,0.0,,,True
1791533700,2026-10-09T08:15:00Z,ทับคล้อ,104,0.0,0.0,0.0,,,True
1791533700,2026-10-09T08:15:00Z,พรหมพิราม,206,0.0,0.0,0.0,,,True
1791533700,2026-10-09T08:15:00Z,ด่านขุนทด,344,0.0,0.0,0.0,,,True
1791533700,2026-10-09T08:15:00Z,วัดโบสถ์,226,0.0,0.0,0.0,,,True
1791533700,2026-10-09T08:15:00Z,บางระกำ,246,0.0,0.0,0.0,,,True
1791533700,2026-10-09T08:15:00Z,บางกระทุ่ม,91,0.057,0.848,0.1648,75,30,True
1791533700,2026-10-09T08:15:00Z,นครไทย,597,0.0,0.0,0.0,,,True
1791533700,2026-10-09T08:15:00Z,ชาติตระการ,415,0.0,0.0,0.0,,,True
1791533700,2026-10-09T08:15:00Z,บ้านเหลื่อม,55,0.0,0.0,0.0,,,True
1791533700,2026-10-09T08:15:00Z,เมืองพิษณุโลก,178,0.0,0.0,0.0,,,True
1791533700,2026-10-09T08:15:00Z,ชุมแสง,145,0.0,0.0,0.0,,,True
1791533700,2026-10-09T08:15:00Z,หนองบัว,208,0.0,0.0,0.0,,,True
1791533700,2026-10-09T08:15:00Z,เมืองนครสวรรค์,183,0.0,0.0,0.0,,,True
1791533700,2026-10-09T08:15:00Z,โกรกพระ,71,0.0,0.0,0.0,,,True
1791533700,2026-10-09T08:15:00Z,ไพศาลี,244,0.0,0.0,0.0,,,True
1791533700,2026-10-09T08:15:00Z,ตาคลี,206,0.007,0.592,0.0291,,15,True
1791533700,2026-10-09T08:15:00Z,ท่าตะโก,211,0.0,0.0,0.0,,,True
1791533700,2026-10-09T08:15:00Z,เขาค้อ,207,0.0,0.0,0.0,,,True
1791533700,2026-10-09T08:15:00Z,บรรพตพิสัย,181,0.0,0.0,0.0,,,True
1791533700,2026-10-09T08:15:00Z,เก้าเลี้ยว,57,0.0,0.0,0.0,,,True
1791533700,2026-10-09T08:15:00Z,วังโป่ง,123,0.0,0.0,0.0,,,True
1791533700,2026-10-09T08:15:00Z,บึงสามพัน,194,0.0,0.0,0.0,,,True
1791533700,2026-10-09T08:15:00Z,น้ำหนาว,231,0.0,0.0,0.0,,,True
1791533700,2026-10-09T08:15:00Z,ศรีเทพ,204,0.0,0.0,0.0,,,True
1791533700,2026-10-09T08:15:00Z,หนองไผ่,315,0.0,0.0,0.0,,,True
1791533700,2026-10-09T08:15:00Z,มหาราช,4,0.0,0.0,0.0,,,False
1791533700,2026-10-09T08:15:00Z,บ้านแพรก,10,0.0,0.0,0.0,,,True
1791533700,2026-10-09T08:15:00Z,บางมูลนาก,99,0.0,0.0,0.0,,,True
1791533700,2026-10-09T08:15:00Z,โพทะเล,131,0.0,0.0,0.0,,,True
1791533700,2026-10-09T08:15:00Z,โพธิ์ประทับช้าง,102,0.0,0.0,0.0,,,True
1791533700,2026-10-09T08:15:00Z,ตะพานหิน,109,0.0,0.0,0.0,,,True
1791533700,2026-10-09T08:15:00Z,เมืองพิจิตร,138,0.009,0.592,0.029,,105,True
1791533700,2026-10-09T08:15:00Z,วังทรายพูน,66,0.0,0.0,0.0,,,True
1791534600,2026-10-09T08:30:00Z,พิชัย,176,0.0,0.0,0.0,,,True
1791534600,2026-10-09T08:30:00Z,ลับแล,116,0.0,0.0,0.0,,,True
1791534600,2026-10-09T08:30:00Z,ฟากท่า,163,0.0,0.0,0.0,,,True
1791534600,2026-10-09T08:30:00Z,บ้านโคก,247,0.0,0.0,0.0,,,True
1791534600,2026-10-09T08:30:00Z,ท่าปลา,442,0.0,0.0,0.0,,,True
1791534600,2026-10-09T08:30:00Z,น้ำปาด,363,0.0,0.0,0.0,,,True
1791534600,2026-10-09T08:30:00Z,เมืองอุตรดิตถ์,202,0.0,0.0,0.0,,,True
1791534600,2026-10-09T08:30:00Z,ตรอน,80,0.0,0.0,0.0,,,True
1791534600,2026-10-09T08:30:00Z,หล่มเก่า,246,0.0,0.0,0.0,,,True
1791534600,2026-10-09T08:30:00Z,วิเชียรบุรี,377,0.0,0.0,0.0,,,True
1791534600,2026-10-09T08:30:00Z,ชนแดน,279,0.0,0.0,0.0,,,True
1791534600,2026-10-09T08:30:00Z,หล่มสัก,350,0.0,0.0,0.0,,,True
1791534600,2026-10-09T08:30:00Z,เมืองเพชรบูรณ์,571,0.0,0.0,0.0,,,True
1791534600,2026-10-09T08:30:00Z,ทองแสนขัน,185,0.0,0.0,0.0,,,True
1791534600,2026-10-09T08:30:00Z,บึงสามัคคี,71,0.0,0.0,0.0,,,True
1791534600,2026-10-09T08:30:00Z,โกสัมพีนคร,137,0.0,0.0,0.0,,,True
1791534600,2026-10-09T08:30:00Z,สอง,380,0.0,0.0,0.0,,,True
1791534600,2026-10-09T08:30:00Z,วังชิ้น,255,0.0,0.0,0.0,,,True
1791534600,2026-10-09T08:30:00Z,สูงเม่น,88,0.0,0.0,0.0,,,True
1791534600,2026-10-09T08:30:00Z,เด่นชัย,135,0.0,0.0,0.0,,,True
1791534600,2026-10-09T08:30:00Z,ร้องกวาง,221,0.0,0.0,0.0,,,True
1791534600,2026-10-09T08:30:00Z,ลอง,317,0.0,0.0,0.0,,,True
1791534600,2026-10-09T08:30:00Z,เมืองแพร่,205,0.0,0.0,0.0,,,True
1791534600,2026-10-09T08:30:00Z,ทัพทัน,94,0.0,0.0,0.0,,,True
1791534600,2026-10-09T08:30:00Z,สว่างอารมณ์,110,0.0,0.0,0.0,,,True
1791534600,2026-10-09T08:30:00Z,เมืองอุทัยธานี,59,0.0,0.0,0.0,,,True
1791534600,2026-10-09T08:30:00Z,ห้วยคต,94,0.0,0.0,0.0,,,True
1791534600,2026-10-09T08:30:00Z,ศรีสวัสดิ์,440,0.0,0.0,0.0,,,True
1791534600,2026-10-09T08:30:00Z,บ้านไร่,821,0.0,0.0,0.0,,,True
1791534600,2026-10-09T08:30:00Z,ลานสัก,360,0.0,0.0,0.0,,,True
1791534600,2026-10-09T08:30:00Z,หนองฉาง,89,0.0,0.0,0.0,,,True
1791534600,2026-10-09T08:30:00Z,หนองขาหย่าง,43,0.0,0.0,0.0,,,True
1791534600,2026-10-09T08:30:00Z,เชียงม่วน,82,0.0,0.0,0.0,,,True
1791534600,2026-10-09T08:30:00Z,ดอกคำใต้,37,0.0,0.0,0.0,,,True
1791534600,2026-10-09T08:30:00Z,เมืองพะเยา,6,0.0,0.0,0.0,,,True
1791534600,2026-10-09T08:30:00Z,ทองผาภูมิ,851,0.0,0.0,0.0,,,True
1791534600,2026-10-09T08:30:00Z,สังขละบุรี,793,0.0,0.0,0.0,,,True
1791534600,2026-10-09T08:30:00Z,หนองม่วงไข่,35,0.0,0.0,0.0,,,True
1791534600,2026-10-09T08:30:00Z,ภูเวียง,81,0.0,0.0,0.0,,,True
1791534600,2026-10-09T08:30:00Z,มัญจาคีรี,50,0.0,0.0,0.0,,,True
1791534600,2026-10-09T08:30:00Z,หนองปรือ,104,0.0,0.0,0.0,,,True
1791534600,2026-10-09T08:30:00Z,เลาขวัญ,123,0.0,0.0,0.0,,,True
1791534600,2026-10-09T08:30:00Z,หนองนาคำ,43,0.0,0.0,0.0,,,True
1791534600,2026-10-09T08:30:00Z,โคกโพธิ์ไชย,65,0.0,0.0,0.0,,,True
1791534600,2026-10-09T08:30:00Z,บ้านหลวง,91,0.0,0.0,0.0,,,True
1791534600,2026-10-09T08:30:00Z,นาน้อย,266,0.007,0.299,0.0489,,45,True
1791534600,2026-10-09T08:30:00Z,ภูผาม่าน,74,0.0,0.0,0.0,,,True
1791534600,2026-10-09T08:30:00Z,เมืองน่าน,161,0.0,0.0,0.0,,,True
1791534600,2026-10-09T08:30:00Z,แม่จริม,262,0.0,0.0,0.0,,,True
1791534600,2026-10-09T08:30:00Z,เวียงเก่า,78,0.0,0.0,0.0,,,True
1791534600,2026-10-09T08:30:00Z,เมืองกำแพงเพชร,368,0.0,0.0,0.0,,,True
1791534600,2026-10-09T08:30:00Z,ไทรงาม,133,0.0,0.0,0.0,,,True
1791534600,2026-10-09T08:30:00Z,ปางศิลาทอง,186,0.001,0.098,0.0054,,60,True
1791534600,2026-10-09T08:30:00Z,ลานกระบือ,103,0.0,0.0,0.0,,,True
1791534600,2026-10-09T08:30:00Z,ทรายทองวัฒนา,53,0.0,0.0,0.0,,,True
1791534600,2026-10-09T08:30:00Z,คลองขลุง,179,0.0,0.0,0.0,,,True
1791534600,2026-10-09T08:30:00Z,พรานกระต่าย,252,0.0,0.0,0.0,,,True
1791534600,2026-10-09T08:30:00Z,คลองลาน,363,0.0,0.0,0.0,,,True
1791534600,2026-10-09T08:30:00Z,ขาณุวรลักษบุรี,296,0.0,0.0,0.0,,,True
1791534600,2026-10-09T08:30:00Z,ภูเพียง,113,0.0,0.0,0.0,,,True
1791534600,2026-10-09T08:30:00Z,นาหมื่น,245,0.0,0.0,0.0,,,True
1791534600,2026-10-09T08:30:00Z,เวียงสา,543,0.001,0.098,0.0147,,15,True
1791534600,2026-10-09T08:30:00Z,น้ำโสม,153,0.0,0.0,0.0,,,True
1791534600,2026-10-09T08:30:00Z,นายูง,126,0.0,0.0,0.0,,,True
1791534600,2026-10-09T08:30:00Z,ชุมแพ,173,0.0,0.0,0.0,,,True
1791534600,2026-10-09T08:30:00Z,สีชมพู,132,0.0,0.0,0.0,,,True
1791534600,2026-10-09T08:30:00Z,สุวรรณคูหา,140,0.0,0.0,0.0,,,True
1791534600,2026-10-09T08:30:00Z,นาวัง,65,0.0,0.0,0.0,,,True
1791534600,2026-10-09T08:30:00Z,หนองเรือ,80,0.0,0.0,0.0,,,True
1791534600,2026-10-09T08:30:00Z,โนนสัง,51,0.0,0.0,0.0,,,True
1791534600,2026-10-09T08:30:00Z,ศรีบุญเรือง,224,0.0,0.0,0.0,,,True
1791534600,2026-10-09T08:30:00Z,เมืองหนองบัวลำภู,217,0.0,0.0,0.0,,,True
1791534600,2026-10-09T08:30:00Z,นากลาง,173,0.0,0.0,0.0,,,True
1791534600,2026-10-09T08:30:00Z,ทุ่งเสลี่ยม,144,0.0,0.0,0.0,,,True
1791534600,2026-10-09T08:30:00Z,ดอยหล่อ,56,0.0,0.0,0.0,,,True
1791534600,2026-10-09T08:30:00Z,เมืองตาก,486,0.0,0.0,0.0,,,True
1791534600,2026-10-09T08:30:00Z,แม่ออน,116,0.0,0.0,0.0,,,True
1791534600,2026-10-09T08:30:00Z,อุ้มผาง,1209,0.0,0.0,0.0,,,True
1791534600,2026-10-09T08:30:00Z,วังเจ้า,183,0.0,0.0,0.0,,,True
1791534600,2026-10-09T08:30:00Z,แม่สอด,398,0.0,0.0,0.0,,,True
1791534600,2026-10-09T08:30:00Z,พบพระ,249,0.0,0.0,0.0,,,True
1791534600,2026-10-09T08:30:00Z,แม่ระมาด,380,0.0,0.0,0.0,,,True
1791534600,2026-10-09T08:30:00Z,ท่าสองยาง,401,0.0,0.0,0.0,,,True
1791534600,2026-10-09T08:30:00Z,บ้านตาก,255,0.0,0.0,0.0,,,True
1791534600,2026-10-09T08:30:00Z,สามเงา,698,0.0,0.0,0.0,,,True
1791534600,2026-10-09T08:30:00Z,จอมทอง,280,0.0,0.0,0.0,,,True
1791534600,2026-10-09T08:30:00Z,แก้งสนามนาง,79,0.0,0.0,0.0,,,True
1791534600,2026-10-09T08:30:00Z,สีคิ้ว,292,0.0,0.0,0.0,,,True
1791534600,2026-10-09T08:30:00Z,พระทองคำ,90,0.0,0.0,0.0,,,True
1791534600,2026-10-09T08:30:00Z,เทพารักษ์,92,0.0,0.0,0.0,,,True
1791534600,2026-10-09T08:30:00Z,สันกำแพง,65,0.0,0.0,0.0,,,True
1791534600,2026-10-09T08:30:00Z,สันป่าตอง,44,0.0,0.0,0.0,,,True
1791534600,2026-10-09T08:30:00Z,ดอยเต่า,213,0.0,0.0,0.0,,,True
1791534600,2026-10-09T08:30:00Z,อมก๋อย,704,0.0,0.0,0.0,,,True
1791534600,2026-10-09T08:30:00Z,ฮอด,378,0.0,0.0,0.0,,,True
1791534600,2026-10-09T08:30:00Z,เมืองลำพูน,117,0.0,0.0,0.0,,,True
1791534600,2026-10-09T08:30:00Z,แม่ทา,192,0.0,0.0,0.0,,,True
1791534600,2026-10-09T08:30:00Z,บ้านธิ,34,0.0,0.0,0.0,,,True
1791534600,2026-10-09T08:30:00Z,บ้านหมอ,24,0.0,0.0,0.0,,,True
1791534600,2026-10-09T08:30:00Z,เวียงหนองล่อง,14,0.0,0.0,0.0,,,True
1791534600,2026-10-09T08:30:00Z,ทุ่งหัวช้าง,113,0.0,0.0,0.0,,,True
1791534600,2026-10-09T08:30:00Z,ป่าซาง,74,0.0,0.0,0.0,,,True
1791534600,2026-10-09T08:30:00Z,บ้านโฮ่ง,124,0.0,0.0,0.0,,,True
1791534600,2026-10-09T08:30:00Z,แก่งคอย,73,0.0,0.0,0.0,,,True
1791534600,2026-10-09T08:30:00Z,ลี้,454,0.0,0.0,0.0,,,True
1791534600,2026-10-09T08:30:00Z,พระพุทธบาท,55,0.0,0.0,0.0,,,True
1791534600,2026-10-09T08:30:00Z,ดอนพุด,7,0.0,0.0,0.0,,,True
1791534600,2026-10-09T08:30:00Z,หนองโดน,31,0.0,0.0,0.0,,,True
1791534600,2026-10-09T08:30:00Z,เมืองลำปาง,300,0.0,0.0,0.0,,,True
1791534600,2026-10-09T08:30:00Z,เถิน,443,0.0,0.0,0.0,,,True
1791534600,2026-10-09T08:30:00Z,แม่พริก,167,0.0,0.0,0.0,,,True
1791534600,2026-10-09T08:30:00Z,แจ้ห่ม,274,0.0,0.0,0.0,,,True
1791534600,2026-10-09T08:30:00Z,แม่เปิน,85,0.0,0.0,0.0,,,True
1791534600,2026-10-09T08:30:00Z,เสริมงาม,185,0.0,0.0,0.0,,,True
1791534600,2026-10-09T08:30:00Z,ชุมตาบง,61,0.0,0.0,0.0,,,True
1791534600,2026-10-09T08:30:00Z,งาว,344,0.0,0.0,0.0,,,True
1791534600,2026-10-09T08:30:00Z,ตากฟ้า,125,0.0,0.0,0.0,,,True
1791534600,2026-10-09T08:30:00Z,แม่เมาะ,283,0.0,0.0,0.0,,,True
1791534600,2026-10-09T08:30:00Z,แม่วงก์,257,0.0,0.0,0.0,,,True
1791534600,2026-10-09T08:30:00Z,เกาะคา,128,0.0,0.0,0.0,,,True
1791534600,2026-10-09T08:30:00Z,พยุหะคีรี,169,0.0,0.0,0.0,,,True
1791534600,2026-10-09T08:30:00Z,ลาดยาว,187,0.0,0.0,0.0,,,True
1791534600,2026-10-09T08:30:00Z,สบปราบ,125,0.0,0.0,0.0,,,True
1791534600,2026-10-09T08:30:00Z,ห้างฉัตร,154,0.0,0.0,0.0,,,True
1791534600,2026-10-09T08:30:00Z,แม่ทะ,203,0.0,0.0,0.0,,,True
1791534600,2026-10-09T08:30:00Z,เมืองปาน,202,0.0,0.0,0.0,,,True
1791534600,2026-10-09T08:30:00Z,เมืองอ่างทอง,6,0.0,0.0,0.0,,,True
1791534600,2026-10-09T08:30:00Z,ไชโย,20,0.0,0.0,0.0,,,True
1791534600,2026-10-09T08:30:00Z,สามโก้,10,0.0,0.0,0.0,,,True
1791534600,2026-10-09T08:30:00Z,แสวงหา,43,0.0,0.0,0.0,,,True
1791534600,2026-10-09T08:30:00Z,วิเศษชัยชาญ,7,0.0,0.0,0.0,,,True
1791534600,2026-10-09T08:30:00Z,โพธิ์ทอง,48,0.0,0.0,0.0,,,True
1791534600,2026-10-09T08:30:00Z,เมืองลพบุรี,190,0.0,0.0,0.0,,,True
1791534600,2026-10-09T08:30:00Z,เดิมบางนางบวช,130,0.0,0.0,0.0,,,True
1791534600,2026-10-09T08:30:00Z,ด่านช้าง,309,0.0,0.0,0.0,,,True
1791534600,2026-10-09T08:30:00Z,หนองม่วง,111,0.0,0.0,0.0,,,True
1791534600,2026-10-09T08:30:00Z,ลำสนธิ,136,0.0,0.0,0.0,,,True
1791534600,2026-10-09T08:30:00Z,สามชุก,77,0.0,0.0,0.0,,,True
1791534600,2026-10-09T08:30:00Z,ดอนเจดีย์,72,0.0,0.0,0.0,,,True
1791534600,2026-10-09T08:30:00Z,สระโบสถ์,83,0.0,0.0,0.0,,,True
1791534600,2026-10-09T08:30:00Z,ศรีประจันต์,41,0.0,0.0,0.0,,,True
1791534600,2026-10-09T08:30:00Z,โคกเจริญ,135,0.0,0.0,0.0,,,True
1791534600,2026-10-09T08:30:00Z,บ้านหมี่,136,0.0,0.0,0.0,,,True
1791534600,2026-10-09T08:30:00Z,ท่าหลวง,100,0.0,0.0,0.0,,,True
1791534600,2026-10-09T08:30:00Z,ชัยบาดาล,280,0.0,0.0,0.0,,,True
1791534600,2026-10-09T08:30:00Z,ท่าวุ้ง,64,0.0,0.0,0.0,,,True
1791534600,2026-10-09T08:30:00Z,พัฒนานิคม,217,0.0,0.0,0.0,,,True
1791534600,2026-10-09T08:30:00Z,โคกสำโรง,180,0.0,0.0,0.0,,,True
1791534600,2026-10-09T08:30:00Z,หนองหญ้าไซ,108,0.0,0.0,0.0,,,True
1791534600,2026-10-09T08:30:00Z,ท่าช้าง,11,0.0,0.0,0.0,,,True
1791534600,2026-10-09T08:30:00Z,อินทร์บุรี,66,0.0,0.0,0.0,,,True
1791534600,2026-10-09T08:30:00Z,ค่ายบางระจัน,26,0.0,0.0,0.0,,,True
1791534600,2026-10-09T08:30:00Z,พรหมบุรี,19,0.0,0.0,0.0,,,True
1791534600,2026-10-09T08:30:00Z,เนินสง่า,65,0.0,0.0,0.0,,,True
1791534600,2026-10-09T08:30:00Z,เมืองสิงห์บุรี,31,0.0,0.0,0.0,,,True
1791534600,2026-10-09T08:30:00Z,ซับใหญ่,72,0.0,0.0,0.0,,,True
1791534600,2026-10-09T08:30:00Z,บางระจัน,46,0.0,0.0,0.0,,,True
1791534600,2026-10-09T08:30:00Z,ภูกระดึง,190,0.0,0.0,0.0,,,True
1791534600,2026-10-09T08:30:00Z,ภูหลวง,145,0.0,0.0,0.0,,,True
1791534600,2026-10-09T08:30:00Z,หนองหิน,78,0.0,0.0,0.0,,,True
1791534600,2026-10-09T08:30:00Z,ผาขาว,100,0.0,0.0,0.0,,,True
1791534600,2026-10-09T08:30:00Z,เอราวัณ,87,0.0,0.0,0.0,,,True
1791534600,2026-10-09T08:30:00Z,วังสะพุง,281,0.0,0.0,0.0,,,True
1791534600,2026-10-09T08:30:00Z,วังม่วง,70,0.0,0.0,0.0,,,True
1791534600,2026-10-09T08:30:00Z,เฉลิมพระเกียรติ,35,0.0,0.0,0.0,,,True
1791534600,2026-10-09T08:30:00Z,มวกเหล็ก,175,0.0,0.0,0.0,,,True
1791534600,2026-10-09T08:30:00Z,บ้านเขว้า,124,0.0,0.0,0.0,,,True
1791534600,2026-10-09T08:30:00Z,คอนสวรรค์,113,0.0,0.0,0.0,,,True
1791534600,2026-10-09T08:30:00Z,เมืองชัยภูมิ,358,0.0,0.0,0.0,,,True
1791534600,2026-10-09T08:30:00Z,วังทอง,425,0.001,0.413,0.0047,,15,True
1791534600,2026-10-09T08:30:00Z,เนินมะปราง,276,0.0,0.0,0.0,,,True
1791534600,2026-10-09T08:30:00Z,สวรรคโลก,156,0.0,0.0,0.0,,,True
1791534600,2026-10-09T08:30:00Z,ศรีนคร,46,0.0,0.0,0.0,,,True
1791534600,2026-10-09T08:30:00Z,หันคา,139,0.0,0.0,0.0,,,True
1791534600,2026-10-09T08:30:00Z,ศรีสัชนาลัย,534,0.0,0.0,0.0,,,True
1791534600,2026-10-09T08:30:00Z,หนองมะโมง,76,0.0,0.0,0.0,,,True
1791534600,2026-10-09T08:30:00Z,ศรีสำโรง,142,0.0,0.0,0.0,,,True
1791534600,2026-10-09T08:30:00Z,สรรพยา,55,0.002,0.098,0.0182,,75,True
1791534600,2026-10-09T08:30:00Z,คีรีมาศ,171,0.0,0.0,0.0,,,True
1791534600,2026-10-09T08:30:00Z,สรรคบุรี,89,0.003,0.098,0.0337,,90,True
1791534600,2026-10-09T08:30:00Z,กงไกรลาศ,108,0.0,0.0,0.0,,,True
1791534600,2026-10-09T08:30:00Z,มโนรมย์,66,0.0,0.0,0.0,,,True
1791534600,2026-10-09T08:30:00Z,เมืองสุโขทัย,136,0.0,0.0,0.0,,,True
1791534600,2026-10-09T08:30:00Z,วัดสิงห์,67,0.0,0.0,0.0,,,True
1791534600,2026-10-09T08:30:00Z,บ้านด่านลานหอย,231,0.0,0.0,0.0,,,True
1791534600,2026-10-09T08:30:00Z,เมืองชัยนาท,70,0.003,0.098,0.0286,,15,True
1791534600,2026-10-09T08:30:00Z,เนินขาม,65,0.0,0.0,0.0,,,True
1791534600,2026-10-09T08:30:00Z,คอนสาร,334,0.0,0.0,0.0,,,True
1791534600,2026-10-09T08:30:00Z,ภักดีชุมพล,154,0.0,0.0,0.0,,,True
1791534600,2026-10-09T08:30:00Z,บ้านแท่น,76,0.0,0.0,0.0,,,True
1791534600,2026-10-09T08:30:00Z,แก้งคร้อ,168,0.0,0.0,0.0,,,True
1791534600,2026-10-09T08:30:00Z,ภูเขียว,201,0.0,0.0,0.0,,,True
1791534600,2026-10-09T08:30:00Z,หนองบัวระเหว,179,0.0,0.0,0.0,,,True
1791534600,2026-10-09T08:30:00Z,เทพสถิต,239,0.0,0.0,0.0,,,True
1791534600,2026-10-09T08:30:00Z,จัตุรัส,172,0.0,0.0,0.0,,,True
1791534600,2026-10-09T08:30:00Z,บำเหน็จณรงค์,120,0.0,0.0,0.0,,,True
1791534600,2026-10-09T08:30:00Z,เกษตรสมบูรณ์,268,0.0,0.0,0.0,,,True
1791534600,2026-10-09T08:30:00Z,หนองบัวแดง,537,0.0,0.0,0.0,,,True
1791534600,2026-10-09T08:30:00Z,ภูเรือ,168,0.0,0.0,0.0,,,True
1791534600,2026-10-09T08:30:00Z,ท่าลี่,171,0.0,0.0,0.0,,,True
1791534600,2026-10-09T08:30:00Z,วชิรบารมี,68,0.0,0.0,0.0,,,True
1791534600,2026-10-09T08:30:00Z,ด่านซ้าย,341,0.0,0.0,0.0,,,True
1791534600,2026-10-09T08:30:00Z,นาแห้ว,153,0.0,0.0,0.0,,,True
1791534600,2026-10-09T08:30:00Z,บึงนาราง,74,0.0,0.0,0.0,,,True
1791534600,2026-10-09T08:30:00Z,เชียงคาน,213,0.0,0.0,0.0,,,True
1791534600,2026-10-09T08:30:00Z,ดงเจริญ,56,0.0,0.0,0.0,,,True
1791534600,2026-10-09T08:30:00Z,ปากชม,240,0.0,0.0,0.0,,,True
1791534600,2026-10-09T08:30:00Z,เมืองเลย,314,0.0,0.0,0.0,,,True
1791534600,2026-10-09T08:30:00Z,นาด้วง,143,0.0,0.0,0.0,,,True
1791534600,2026-10-09T08:30:00Z,สากเหล็ก,45,0.0,0.0,0.0,,,True
1791534600,2026-10-09T08:30:00Z,สามง่าม,89,0.0,0.0,0.0,,,True
1791534600,2026-10-09T08:30:00Z,ทับคล้อ,104,0.0,0.0,0.0,,,True
1791534600,2026-10-09T08:30:00Z,พรหมพิราม,206,0.0,0.0,0.0,,,True
1791534600,2026-10-09T08:30:00Z,ด่านขุนทด,344,0.0,0.0,0.0,,,True
1791534600,2026-10-09T08:30:00Z,วัดโบสถ์,226,0.0,0.0,0.0,,,True
1791534600,2026-10-09T08:30:00Z,บางระกำ,246,0.0,0.0,0.0,,,True
1791534600,2026-10-09T08:30:00Z,บางกระทุ่ม,91,0.022,0.288,0.1319,90,15,True
1791534600,2026-10-09T08:30:00Z,นครไทย,597,0.0,0.0,0.0,,,True
1791534600,2026-10-09T08:30:00Z,ชาติตระการ,415,0.0,0.0,0.0,,,True
1791534600,2026-10-09T08:30:00Z,บ้านเหลื่อม,55,0.0,0.0,0.0,,,True
1791534600,2026-10-09T08:30:00Z,เมืองพิษณุโลก,178,0.0,0.0,0.0,,,True
1791534600,2026-10-09T08:30:00Z,ชุมแสง,145,0.0,0.0,0.0,,,True
1791534600,2026-10-09T08:30:00Z,หนองบัว,208,0.0,0.0,0.0,,,True
1791534600,2026-10-09T08:30:00Z,เมืองนครสวรรค์,183,0.0,0.0,0.0,,,True
1791534600,2026-10-09T08:30:00Z,โกรกพระ,71,0.0,0.0,0.0,,,True
1791534600,2026-10-09T08:30:00Z,ไพศาลี,244,0.0,0.0,0.0,,,True
1791534600,2026-10-09T08:30:00Z,ตาคลี,206,0.0,0.0,0.0,,,True
1791534600,2026-10-09T08:30:00Z,ท่าตะโก,211,0.0,0.0,0.0,,,True
1791534600,2026-10-09T08:30:00Z,เขาค้อ,207,0.0,0.0,0.0,,,True
1791534600,2026-10-09T08:30:00Z,บรรพตพิสัย,181,0.0,0.0,0.0,,,True
1791534600,2026-10-09T08:30:00Z,เก้าเลี้ยว,57,0.0,0.0,0.0,,,True
1791534600,2026-10-09T08:30:00Z,วังโป่ง,123,0.0,0.0,0.0,,,True
1791534600,2026-10-09T08:30:00Z,บึงสามพัน,194,0.0,0.0,0.0,,,True
1791534600,2026-10-09T08:30:00Z,น้ำหนาว,231,0.0,0.0,0.0,,,True
1791534600,2026-10-09T08:30:00Z,ศรีเทพ,204,0.0,0.0,0.0,,,True
1791534600,2026-10-09T08:30:00Z,หนองไผ่,315,0.0,0.0,0.0,,,True
1791534600,2026-10-09T08:30:00Z,มหาราช,4,0.0,0.0,0.0,,,False
1791534600,2026-10-09T08:30:00Z,บ้านแพรก,10,0.0,0.0,0.0,,,True
1791534600,2026-10-09T08:30:00Z,บางมูลนาก,99,0.0,0.0,0.0,,,True
1791534600,2026-10-09T08:30:00Z,โพทะเล,131,0.0,0.0,0.0,,,True
1791534600,2026-10-09T08:30:00Z,โพธิ์ประทับช้าง,102,0.0,0.0,0.0,,,True
1791534600,2026-10-09T08:30:00Z,ตะพานหิน,109,0.0,0.0,0.0,,,True
1791534600,2026-10-09T08:30:00Z,เมืองพิจิตร,138,0.006,0.201,0.0362,,105,True
1791534600,2026-10-09T08:30:00Z,วังทรายพูน,66,0.0,0.0,0.0,,,True
1791535500,2026-10-09T08:45:00Z,พิชัย,176,0.0,0.0,0.0,,,True
1791535500,2026-10-09T08:45:00Z,ลับแล,116,0.0,0.0,0.0,,,True
1791535500,2026-10-09T08:45:00Z,ฟากท่า,163,0.0,0.0,0.0,,,True
1791535500,2026-10-09T08:45:00Z,บ้านโคก,247,0.0,0.0,0.0,,,True
1791535500,2026-10-09T08:45:00Z,ท่าปลา,442,0.0,0.0,0.0,,,True
1791535500,2026-10-09T08:45:00Z,น้ำปาด,363,0.0,0.0,0.0,,,True
1791535500,2026-10-09T08:45:00Z,เมืองอุตรดิตถ์,202,0.0,0.0,0.0,,,True
1791535500,2026-10-09T08:45:00Z,ตรอน,80,0.0,0.0,0.0,,,True
1791535500,2026-10-09T08:45:00Z,หล่มเก่า,246,0.0,0.0,0.0,,,True
1791535500,2026-10-09T08:45:00Z,วิเชียรบุรี,377,0.018,0.592,0.0451,,15,True
1791535500,2026-10-09T08:45:00Z,ชนแดน,279,0.0,0.0,0.0,,,True
1791535500,2026-10-09T08:45:00Z,หล่มสัก,350,0.0,0.0,0.0,,,True
1791535500,2026-10-09T08:45:00Z,เมืองเพชรบูรณ์,571,0.0,0.0,0.0,,,True
1791535500,2026-10-09T08:45:00Z,ทองแสนขัน,185,0.0,0.0,0.0,,,True
1791535500,2026-10-09T08:45:00Z,บึงสามัคคี,71,0.0,0.0,0.0,,,True
1791535500,2026-10-09T08:45:00Z,โกสัมพีนคร,137,0.0,0.0,0.0,,,True
1791535500,2026-10-09T08:45:00Z,สอง,380,0.0,0.0,0.0,,,True
1791535500,2026-10-09T08:45:00Z,วังชิ้น,255,0.0,0.0,0.0,,,True
1791535500,2026-10-09T08:45:00Z,สูงเม่น,88,0.0,0.0,0.0,,,True
1791535500,2026-10-09T08:45:00Z,เด่นชัย,135,0.0,0.0,0.0,,,True
1791535500,2026-10-09T08:45:00Z,ร้องกวาง,221,0.0,0.0,0.0,,,True
1791535500,2026-10-09T08:45:00Z,ลอง,317,0.0,0.0,0.0,,,True
1791535500,2026-10-09T08:45:00Z,เมืองแพร่,205,0.0,0.0,0.0,,,True
1791535500,2026-10-09T08:45:00Z,ทัพทัน,94,0.0,0.0,0.0,,,True
1791535500,2026-10-09T08:45:00Z,สว่างอารมณ์,110,0.0,0.0,0.0,,,True
1791535500,2026-10-09T08:45:00Z,เมืองอุทัยธานี,59,0.0,0.0,0.0,,,True
1791535500,2026-10-09T08:45:00Z,ห้วยคต,94,0.001,0.098,0.0106,,30,True
1791535500,2026-10-09T08:45:00Z,ศรีสวัสดิ์,440,0.0,0.0,0.0,,,True
1791535500,2026-10-09T08:45:00Z,บ้านไร่,821,0.0,0.098,0.0012,,60,True
1791535500,2026-10-09T08:45:00Z,ลานสัก,360,0.0,0.0,0.0,,,True
1791535500,2026-10-09T08:45:00Z,หนองฉาง,89,0.0,0.0,0.0,,,True
1791535500,2026-10-09T08:45:00Z,หนองขาหย่าง,43,0.0,0.0,0.0,,,True
1791535500,2026-10-09T08:45:00Z,เชียงม่วน,82,0.0,0.0,0.0,,,True
1791535500,2026-10-09T08:45:00Z,ดอกคำใต้,37,0.0,0.0,0.0,,,True
1791535500,2026-10-09T08:45:00Z,เมืองพะเยา,6,0.0,0.0,0.0,,,True
1791535500,2026-10-09T08:45:00Z,ทองผาภูมิ,851,0.0,0.0,0.0,,,True
1791535500,2026-10-09T08:45:00Z,สังขละบุรี,793,0.0,0.0,0.0,,,True
1791535500,2026-10-09T08:45:00Z,หนองม่วงไข่,35,0.0,0.0,0.0,,,True
1791535500,2026-10-09T08:45:00Z,ภูเวียง,81,0.0,0.0,0.0,,,True
1791535500,2026-10-09T08:45:00Z,มัญจาคีรี,50,0.0,0.0,0.0,,,True
1791535500,2026-10-09T08:45:00Z,หนองปรือ,104,0.0,0.0,0.0,,,True
1791535500,2026-10-09T08:45:00Z,เลาขวัญ,123,0.0,0.0,0.0,,,True
1791535500,2026-10-09T08:45:00Z,หนองนาคำ,43,0.0,0.0,0.0,,,True
1791535500,2026-10-09T08:45:00Z,โคกโพธิ์ไชย,65,0.0,0.0,0.0,,,True
1791535500,2026-10-09T08:45:00Z,บ้านหลวง,91,0.0,0.0,0.0,,,True
1791535500,2026-10-09T08:45:00Z,นาน้อย,266,0.0,0.0,0.0,,,True
1791535500,2026-10-09T08:45:00Z,ภูผาม่าน,74,0.0,0.0,0.0,,,True
1791535500,2026-10-09T08:45:00Z,เมืองน่าน,161,0.0,0.0,0.0,,,True
1791535500,2026-10-09T08:45:00Z,แม่จริม,262,0.0,0.0,0.0,,,True
1791535500,2026-10-09T08:45:00Z,เวียงเก่า,78,0.0,0.0,0.0,,,True
1791535500,2026-10-09T08:45:00Z,เมืองกำแพงเพชร,368,0.0,0.0,0.0,,,True
1791535500,2026-10-09T08:45:00Z,ไทรงาม,133,0.0,0.0,0.0,,,True
1791535500,2026-10-09T08:45:00Z,ปางศิลาทอง,186,0.0,0.0,0.0,,,True
1791535500,2026-10-09T08:45:00Z,ลานกระบือ,103,0.0,0.0,0.0,,,True
1791535500,2026-10-09T08:45:00Z,ทรายทองวัฒนา,53,0.0,0.0,0.0,,,True
1791535500,2026-10-09T08:45:00Z,คลองขลุง,179,0.0,0.0,0.0,,,True
1791535500,2026-10-09T08:45:00Z,พรานกระต่าย,252,0.0,0.0,0.0,,,True
1791535500,2026-10-09T08:45:00Z,คลองลาน,363,0.0,0.0,0.0,,,True
1791535500,2026-10-09T08:45:00Z,ขาณุวรลักษบุรี,296,0.0,0.0,0.0,,,True
1791535500,2026-10-09T08:45:00Z,ภูเพียง,113,0.0,0.0,0.0,,,True
1791535500,2026-10-09T08:45:00Z,นาหมื่น,245,0.0,0.0,0.0,,,True
1791535500,2026-10-09T08:45:00Z,เวียงสา,543,0.0,0.0,0.0,,,True
1791535500,2026-10-09T08:45:00Z,น้ำโสม,153,0.0,0.0,0.0,,,True
1791535500,2026-10-09T08:45:00Z,นายูง,126,0.0,0.0,0.0,,,True
1791535500,2026-10-09T08:45:00Z,ชุมแพ,173,0.0,0.0,0.0,,,True
1791535500,2026-10-09T08:45:00Z,สีชมพู,132,0.0,0.0,0.0,,,True
1791535500,2026-10-09T08:45:00Z,สุวรรณคูหา,140,0.0,0.0,0.0,,,True
1791535500,2026-10-09T08:45:00Z,นาวัง,65,0.0,0.0,0.0,,,True
1791535500,2026-10-09T08:45:00Z,หนองเรือ,80,0.0,0.0,0.0,,,True
1791535500,2026-10-09T08:45:00Z,โนนสัง,51,0.0,0.0,0.0,,,True
1791535500,2026-10-09T08:45:00Z,ศรีบุญเรือง,224,0.0,0.0,0.0,,,True
1791535500,2026-10-09T08:45:00Z,เมืองหนองบัวลำภู,217,0.0,0.0,0.0,,,True
1791535500,2026-10-09T08:45:00Z,นากลาง,173,0.0,0.0,0.0,,,True
1791535500,2026-10-09T08:45:00Z,ทุ่งเสลี่ยม,144,0.0,0.0,0.0,,,True
1791535500,2026-10-09T08:45:00Z,ดอยหล่อ,56,0.0,0.0,0.0,,,True
1791535500,2026-10-09T08:45:00Z,เมืองตาก,486,0.0,0.0,0.0,,,True
1791535500,2026-10-09T08:45:00Z,แม่ออน,116,0.0,0.0,0.0,,,True
1791535500,2026-10-09T08:45:00Z,อุ้มผาง,1209,0.0,0.0,0.0,,,True
1791535500,2026-10-09T08:45:00Z,วังเจ้า,183,0.0,0.0,0.0,,,True
1791535500,2026-10-09T08:45:00Z,แม่สอด,398,0.0,0.0,0.0,,,True
1791535500,2026-10-09T08:45:00Z,พบพระ,249,0.0,0.0,0.0,,,True
1791535500,2026-10-09T08:45:00Z,แม่ระมาด,380,0.0,0.0,0.0,,,True
1791535500,2026-10-09T08:45:00Z,ท่าสองยาง,401,0.0,0.0,0.0,,,True
1791535500,2026-10-09T08:45:00Z,บ้านตาก,255,0.0,0.0,0.0,,,True
1791535500,2026-10-09T08:45:00Z,สามเงา,698,0.0,0.0,0.0,,,True
1791535500,2026-10-09T08:45:00Z,จอมทอง,280,0.0,0.0,0.0,,,True
1791535500,2026-10-09T08:45:00Z,แก้งสนามนาง,79,0.0,0.0,0.0,,,True
1791535500,2026-10-09T08:45:00Z,สีคิ้ว,292,0.0,0.0,0.0,,,True
1791535500,2026-10-09T08:45:00Z,พระทองคำ,90,0.0,0.0,0.0,,,True
1791535500,2026-10-09T08:45:00Z,เทพารักษ์,92,0.0,0.0,0.0,,,True
1791535500,2026-10-09T08:45:00Z,สันกำแพง,65,0.0,0.0,0.0,,,True
1791535500,2026-10-09T08:45:00Z,สันป่าตอง,44,0.0,0.0,0.0,,,True
1791535500,2026-10-09T08:45:00Z,ดอยเต่า,213,0.0,0.0,0.0,,,True
1791535500,2026-10-09T08:45:00Z,อมก๋อย,704,0.0,0.0,0.0,,,True
1791535500,2026-10-09T08:45:00Z,ฮอด,378,0.0,0.0,0.0,,,True
1791535500,2026-10-09T08:45:00Z,เมืองลำพูน,117,0.0,0.0,0.0,,,True
1791535500,2026-10-09T08:45:00Z,แม่ทา,192,0.0,0.0,0.0,,,True
1791535500,2026-10-09T08:45:00Z,บ้านธิ,34,0.0,0.0,0.0,,,True
1791535500,2026-10-09T08:45:00Z,บ้านหมอ,24,0.0,0.0,0.0,,,True
1791535500,2026-10-09T08:45:00Z,เวียงหนองล่อง,14,0.0,0.0,0.0,,,True
1791535500,2026-10-09T08:45:00Z,ทุ่งหัวช้าง,113,0.0,0.0,0.0,,,True
1791535500,2026-10-09T08:45:00Z,ป่าซาง,74,0.0,0.0,0.0,,,True
1791535500,2026-10-09T08:45:00Z,บ้านโฮ่ง,124,0.0,0.0,0.0,,,True
1791535500,2026-10-09T08:45:00Z,แก่งคอย,73,0.0,0.0,0.0,,,True
1791535500,2026-10-09T08:45:00Z,ลี้,454,0.0,0.0,0.0,,,True
1791535500,2026-10-09T08:45:00Z,พระพุทธบาท,55,0.0,0.0,0.0,,,True
1791535500,2026-10-09T08:45:00Z,ดอนพุด,7,0.0,0.0,0.0,,,True
1791535500,2026-10-09T08:45:00Z,หนองโดน,31,0.0,0.0,0.0,,,True
1791535500,2026-10-09T08:45:00Z,เมืองลำปาง,300,0.0,0.0,0.0,,,True
1791535500,2026-10-09T08:45:00Z,เถิน,443,0.0,0.0,0.0,,,True
1791535500,2026-10-09T08:45:00Z,แม่พริก,167,0.0,0.0,0.0,,,True
1791535500,2026-10-09T08:45:00Z,แจ้ห่ม,274,0.0,0.0,0.0,,,True
1791535500,2026-10-09T08:45:00Z,แม่เปิน,85,0.0,0.0,0.0,,,True
1791535500,2026-10-09T08:45:00Z,เสริมงาม,185,0.0,0.0,0.0,,,True
1791535500,2026-10-09T08:45:00Z,ชุมตาบง,61,0.0,0.0,0.0,,,True
1791535500,2026-10-09T08:45:00Z,งาว,344,0.0,0.0,0.0,,,True
1791535500,2026-10-09T08:45:00Z,ตากฟ้า,125,0.0,0.0,0.0,,,True
1791535500,2026-10-09T08:45:00Z,แม่เมาะ,283,0.0,0.0,0.0,,,True
1791535500,2026-10-09T08:45:00Z,แม่วงก์,257,0.0,0.098,0.0039,,105,True
1791535500,2026-10-09T08:45:00Z,เกาะคา,128,0.0,0.0,0.0,,,True
1791535500,2026-10-09T08:45:00Z,พยุหะคีรี,169,0.0,0.0,0.0,,,True
1791535500,2026-10-09T08:45:00Z,ลาดยาว,187,0.0,0.0,0.0,,,True
1791535500,2026-10-09T08:45:00Z,สบปราบ,125,0.0,0.0,0.0,,,True
1791535500,2026-10-09T08:45:00Z,ห้างฉัตร,154,0.0,0.0,0.0,,,True
1791535500,2026-10-09T08:45:00Z,แม่ทะ,203,0.0,0.0,0.0,,,True
1791535500,2026-10-09T08:45:00Z,เมืองปาน,202,0.0,0.0,0.0,,,True
1791535500,2026-10-09T08:45:00Z,เมืองอ่างทอง,6,0.0,0.0,0.0,,,True
1791535500,2026-10-09T08:45:00Z,ไชโย,20,0.0,0.0,0.0,,,True
1791535500,2026-10-09T08:45:00Z,สามโก้,10,0.0,0.0,0.0,,,True
1791535500,2026-10-09T08:45:00Z,แสวงหา,43,0.0,0.0,0.0,,,True
1791535500,2026-10-09T08:45:00Z,วิเศษชัยชาญ,7,0.0,0.0,0.0,,,True
1791535500,2026-10-09T08:45:00Z,โพธิ์ทอง,48,0.0,0.0,0.0,,,True
1791535500,2026-10-09T08:45:00Z,เมืองลพบุรี,190,0.0,0.0,0.0,,,True
1791535500,2026-10-09T08:45:00Z,เดิมบางนางบวช,130,0.0,0.0,0.0,,,True
1791535500,2026-10-09T08:45:00Z,ด่านช้าง,309,0.0,0.0,0.0,,,True
1791535500,2026-10-09T08:45:00Z,หนองม่วง,111,0.0,0.0,0.0,,,True
1791535500,2026-10-09T08:45:00Z,ลำสนธิ,136,0.0,0.0,0.0,,,True
1791535500,2026-10-09T08:45:00Z,สามชุก,77,0.0,0.0,0.0,,,True
1791535500,2026-10-09T08:45:00Z,ดอนเจดีย์,72,0.0,0.0,0.0,,,True
1791535500,2026-10-09T08:45:00Z,สระโบสถ์,83,0.001,0.098,0.012,,120,True
1791535500,2026-10-09T08:45:00Z,ศรีประจันต์,41,0.0,0.0,0.0,,,True
1791535500,2026-10-09T08:45:00Z,โคกเจริญ,135,0.0,0.0,0.0,,,True
1791535500,2026-10-09T08:45:00Z,บ้านหมี่,136,0.0,0.0,0.0,,,True
1791535500,2026-10-09T08:45:00Z,ท่าหลวง,100,0.0,0.0,0.0,,,True
1791535500,2026-10-09T08:45:00Z,ชัยบาดาล,280,0.001,0.098,0.0107,,75,True
1791535500,2026-10-09T08:45:00Z,ท่าวุ้ง,64,0.0,0.0,0.0,,,True
1791535500,2026-10-09T08:45:00Z,พัฒนานิคม,217,0.0,0.0,0.0,,,True
1791535500,2026-10-09T08:45:00Z,โคกสำโรง,180,0.0,0.0,0.0,,,True
1791535500,2026-10-09T08:45:00Z,หนองหญ้าไซ,108,0.0,0.0,0.0,,,True
1791535500,2026-10-09T08:45:00Z,ท่าช้าง,11,0.0,0.0,0.0,,,True
1791535500,2026-10-09T08:45:00Z,อินทร์บุรี,66,0.0,0.0,0.0,,,True
1791535500,2026-10-09T08:45:00Z,ค่ายบางระจัน,26,0.0,0.0,0.0,,,True
1791535500,2026-10-09T08:45:00Z,พรหมบุรี,19,0.0,0.0,0.0,,,True
1791535500,2026-10-09T08:45:00Z,เนินสง่า,65,0.0,0.0,0.0,,,True
1791535500,2026-10-09T08:45:00Z,เมืองสิงห์บุรี,31,0.0,0.0,0.0,,,True
1791535500,2026-10-09T08:45:00Z,ซับใหญ่,72,0.0,0.0,0.0,,,True
1791535500,2026-10-09T08:45:00Z,บางระจัน,46,0.0,0.0,0.0,,,True
1791535500,2026-10-09T08:45:00Z,ภูกระดึง,190,0.0,0.0,0.0,,,True
1791535500,2026-10-09T08:45:00Z,ภูหลวง,145,0.0,0.0,0.0,,,True
1791535500,2026-10-09T08:45:00Z,หนองหิน,78,0.0,0.0,0.0,,,True
1791535500,2026-10-09T08:45:00Z,ผาขาว,100,0.0,0.0,0.0,,,True
1791535500,2026-10-09T08:45:00Z,เอราวัณ,87,0.0,0.0,0.0,,,True
1791535500,2026-10-09T08:45:00Z,วังสะพุง,281,0.0,0.0,0.0,,,True
1791535500,2026-10-09T08:45:00Z,วังม่วง,70,0.0,0.0,0.0,,,True
1791535500,2026-10-09T08:45:00Z,เฉลิมพระเกียรติ,35,0.0,0.0,0.0,,,True
1791535500,2026-10-09T08:45:00Z,มวกเหล็ก,175,0.0,0.0,0.0,,,True
1791535500,2026-10-09T08:45:00Z,บ้านเขว้า,124,0.0,0.0,0.0,,,True
1791535500,2026-10-09T08:45:00Z,คอนสวรรค์,113,0.0,0.0,0.0,,,True
1791535500,2026-10-09T08:45:00Z,เมืองชัยภูมิ,358,0.0,0.0,0.0,,,True
1791535500,2026-10-09T08:45:00Z,วังทอง,425,0.0,0.0,0.0,,,True
1791535500,2026-10-09T08:45:00Z,เนินมะปราง,276,0.0,0.0,0.0,,,True
1791535500,2026-10-09T08:45:00Z,สวรรคโลก,156,0.0,0.0,0.0,,,True
1791535500,2026-10-09T08:45:00Z,ศรีนคร,46,0.0,0.0,0.0,,,True
1791535500,2026-10-09T08:45:00Z,หันคา,139,0.0,0.0,0.0,,,True
1791535500,2026-10-09T08:45:00Z,ศรีสัชนาลัย,534,0.0,0.0,0.0,,,True
1791535500,2026-10-09T08:45:00Z,หนองมะโมง,76,0.0,0.0,0.0,,,True
1791535500,2026-10-09T08:45:00Z,ศรีสำโรง,142,0.0,0.0,0.0,,,True
1791535500,2026-10-09T08:45:00Z,สรรพยา,55,0.0,0.0,0.0,,,True
1791535500,2026-10-09T08:45:00Z,คีรีมาศ,171,0.0,0.0,0.0,,,True
1791535500,2026-10-09T08:45:00Z,สรรคบุรี,89,0.0,0.0,0.0,,,True
1791535500,2026-10-09T08:45:00Z,กงไกรลาศ,108,0.0,0.0,0.0,,,True
1791535500,2026-10-09T08:45:00Z,มโนรมย์,66,0.0,0.0,0.0,,,True
1791535500,2026-10-09T08:45:00Z,เมืองสุโขทัย,136,0.0,0.0,0.0,,,True
1791535500,2026-10-09T08:45:00Z,วัดสิงห์,67,0.0,0.0,0.0,,,True
1791535500,2026-10-09T08:45:00Z,บ้านด่านลานหอย,231,0.0,0.0,0.0,,,True
1791535500,2026-10-09T08:45:00Z,เมืองชัยนาท,70,0.0,0.0,0.0,,,True
1791535500,2026-10-09T08:45:00Z,เนินขาม,65,0.0,0.0,0.0,,,True
1791535500,2026-10-09T08:45:00Z,คอนสาร,334,0.0,0.0,0.0,,,True
1791535500,2026-10-09T08:45:00Z,ภักดีชุมพล,154,0.0,0.0,0.0,,,True
1791535500,2026-10-09T08:45:00Z,บ้านแท่น,76,0.0,0.0,0.0,,,True
1791535500,2026-10-09T08:45:00Z,แก้งคร้อ,168,0.0,0.0,0.0,,,True
1791535500,2026-10-09T08:45:00Z,ภูเขียว,201,0.0,0.0,0.0,,,True
1791535500,2026-10-09T08:45:00Z,หนองบัวระเหว,179,0.0,0.0,0.0,,,True
1791535500,2026-10-09T08:45:00Z,เทพสถิต,239,0.0,0.0,0.0,,,True
1791535500,2026-10-09T08:45:00Z,จัตุรัส,172,0.0,0.0,0.0,,,True
1791535500,2026-10-09T08:45:00Z,บำเหน็จณรงค์,120,0.0,0.0,0.0,,,True
1791535500,2026-10-09T08:45:00Z,เกษตรสมบูรณ์,268,0.0,0.0,0.0,,,True
1791535500,2026-10-09T08:45:00Z,หนองบัวแดง,537,0.0,0.0,0.0,,,True
1791535500,2026-10-09T08:45:00Z,ภูเรือ,168,0.0,0.0,0.0,,,True
1791535500,2026-10-09T08:45:00Z,ท่าลี่,171,0.0,0.0,0.0,,,True
1791535500,2026-10-09T08:45:00Z,วชิรบารมี,68,0.0,0.0,0.0,,,True
1791535500,2026-10-09T08:45:00Z,ด่านซ้าย,341,0.0,0.0,0.0,,,True
1791535500,2026-10-09T08:45:00Z,นาแห้ว,153,0.0,0.0,0.0,,,True
1791535500,2026-10-09T08:45:00Z,บึงนาราง,74,0.0,0.0,0.0,,,True
1791535500,2026-10-09T08:45:00Z,เชียงคาน,213,0.0,0.0,0.0,,,True
1791535500,2026-10-09T08:45:00Z,ดงเจริญ,56,0.0,0.0,0.0,,,True
1791535500,2026-10-09T08:45:00Z,ปากชม,240,0.0,0.0,0.0,,,True
1791535500,2026-10-09T08:45:00Z,เมืองเลย,314,0.0,0.0,0.0,,,True
1791535500,2026-10-09T08:45:00Z,นาด้วง,143,0.0,0.0,0.0,,,True
1791535500,2026-10-09T08:45:00Z,สากเหล็ก,45,0.0,0.0,0.0,,,True
1791535500,2026-10-09T08:45:00Z,สามง่าม,89,0.0,0.0,0.0,,,True
1791535500,2026-10-09T08:45:00Z,ทับคล้อ,104,0.0,0.0,0.0,,,True
1791535500,2026-10-09T08:45:00Z,พรหมพิราม,206,0.0,0.0,0.0,,,True
1791535500,2026-10-09T08:45:00Z,ด่านขุนทด,344,0.0,0.0,0.0,,,True
1791535500,2026-10-09T08:45:00Z,วัดโบสถ์,226,0.0,0.0,0.0,,,True
1791535500,2026-10-09T08:45:00Z,บางระกำ,246,0.0,0.0,0.0,,,True
1791535500,2026-10-09T08:45:00Z,บางกระทุ่ม,91,0.0,0.0,0.0,,,True
1791535500,2026-10-09T08:45:00Z,นครไทย,597,0.0,0.0,0.0,,,True
1791535500,2026-10-09T08:45:00Z,ชาติตระการ,415,0.0,0.0,0.0,,,True
1791535500,2026-10-09T08:45:00Z,บ้านเหลื่อม,55,0.0,0.0,0.0,,,True
1791535500,2026-10-09T08:45:00Z,เมืองพิษณุโลก,178,0.0,0.0,0.0,,,True
1791535500,2026-10-09T08:45:00Z,ชุมแสง,145,0.0,0.0,0.0,,,True
1791535500,2026-10-09T08:45:00Z,หนองบัว,208,0.0,0.0,0.0,,,True
1791535500,2026-10-09T08:45:00Z,เมืองนครสวรรค์,183,0.0,0.0,0.0,,,True
1791535500,2026-10-09T08:45:00Z,โกรกพระ,71,0.0,0.0,0.0,,,True
1791535500,2026-10-09T08:45:00Z,ไพศาลี,244,0.0,0.0,0.0,,,True
1791535500,2026-10-09T08:45:00Z,ตาคลี,206,0.0,0.0,0.0,,,True
1791535500,2026-10-09T08:45:00Z,ท่าตะโก,211,0.0,0.0,0.0,,,True
1791535500,2026-10-09T08:45:00Z,เขาค้อ,207,0.0,0.0,0.0,,,True
1791535500,2026-10-09T08:45:00Z,บรรพตพิสัย,181,0.0,0.0,0.0,,,True
1791535500,2026-10-09T08:45:00Z,เก้าเลี้ยว,57,0.0,0.0,0.0,,,True
1791535500,2026-10-09T08:45:00Z,วังโป่ง,123,0.0,0.0,0.0,,,True
1791535500,2026-10-09T08:45:00Z,บึงสามพัน,194,0.0,0.0,0.0,,,True
1791535500,2026-10-09T08:45:00Z,น้ำหนาว,231,0.0,0.0,0.0,,,True
1791535500,2026-10-09T08:45:00Z,ศรีเทพ,204,0.014,0.592,0.0588,,15,True
1791535500,2026-10-09T08:45:00Z,หนองไผ่,315,0.002,0.098,0.0159,,15,True
1791535500,2026-10-09T08:45:00Z,มหาราช,4,0.0,0.0,0.0,,,False
1791535500,2026-10-09T08:45:00Z,บ้านแพรก,10,0.0,0.0,0.0,,,True
1791535500,2026-10-09T08:45:00Z,บางมูลนาก,99,0.0,0.0,0.0,,,True
1791535500,2026-10-09T08:45:00Z,โพทะเล,131,0.0,0.0,0.0,,,True
1791535500,2026-10-09T08:45:00Z,โพธิ์ประทับช้าง,102,0.0,0.0,0.0,,,True
1791535500,2026-10-09T08:45:00Z,ตะพานหิน,109,0.0,0.0,0.0,,,True
1791535500,2026-10-09T08:45:00Z,เมืองพิจิตร,138,0.0,0.0,0.0,,,True
1791535500,2026-10-09T08:45:00Z,วังทรายพูน,66,0.0,0.0,0.0,,,True
1791536400,2026-10-09T09:00:00Z,พิชัย,176,0.0,0.0,0.0,,,True
1791536400,2026-10-09T09:00:00Z,ลับแล,116,0.0,0.0,0.0,,,True
1791536400,2026-10-09T09:00:00Z,ฟากท่า,163,0.0,0.0,0.0,,,True
1791536400,2026-10-09T09:00:00Z,บ้านโคก,247,0.0,0.0,0.0,,,True
1791536400,2026-10-09T09:00:00Z,ท่าปลา,442,0.0,0.0,0.0,,,True
1791536400,2026-10-09T09:00:00Z,น้ำปาด,363,0.0,0.0,0.0,,,True
1791536400,2026-10-09T09:00:00Z,เมืองอุตรดิตถ์,202,0.0,0.0,0.0,,,True
1791536400,2026-10-09T09:00:00Z,ตรอน,80,0.0,0.0,0.0,,,True
1791536400,2026-10-09T09:00:00Z,หล่มเก่า,246,0.0,0.0,0.0,,,True
1791536400,2026-10-09T09:00:00Z,วิเชียรบุรี,377,0.039,1.463,0.0796,,15,True
1791536400,2026-10-09T09:00:00Z,ชนแดน,279,0.0,0.0,0.0,,,True
1791536400,2026-10-09T09:00:00Z,หล่มสัก,350,0.0,0.0,0.0,,,True
1791536400,2026-10-09T09:00:00Z,เมืองเพชรบูรณ์,571,0.0,0.0,0.0,,,True
1791536400,2026-10-09T09:00:00Z,ทองแสนขัน,185,0.0,0.0,0.0,,,True
1791536400,2026-10-09T09:00:00Z,บึงสามัคคี,71,0.0,0.0,0.0,,,True
1791536400,2026-10-09T09:00:00Z,โกสัมพีนคร,137,0.0,0.0,0.0,,,True
1791536400,2026-10-09T09:00:00Z,สอง,380,0.0,0.0,0.0,,,True
1791536400,2026-10-09T09:00:00Z,วังชิ้น,255,0.0,0.0,0.0,,,True
1791536400,2026-10-09T09:00:00Z,สูงเม่น,88,0.0,0.0,0.0,,,True
1791536400,2026-10-09T09:00:00Z,เด่นชัย,135,0.0,0.0,0.0,,,True
1791536400,2026-10-09T09:00:00Z,ร้องกวาง,221,0.0,0.0,0.0,,,True
1791536400,2026-10-09T09:00:00Z,ลอง,317,0.0,0.0,0.0,,,True
1791536400,2026-10-09T09:00:00Z,เมืองแพร่,205,0.0,0.0,0.0,,,True
1791536400,2026-10-09T09:00:00Z,ทัพทัน,94,0.0,0.0,0.0,,,True
1791536400,2026-10-09T09:00:00Z,สว่างอารมณ์,110,0.0,0.0,0.0,,,True
1791536400,2026-10-09T09:00:00Z,เมืองอุทัยธานี,59,0.0,0.0,0.0,,,True
1791536400,2026-10-09T09:00:00Z,ห้วยคต,94,0.0,0.0,0.0,,,True
1791536400,2026-10-09T09:00:00Z,ศรีสวัสดิ์,440,0.0,0.0,0.0,,,True
1791536400,2026-10-09T09:00:00Z,บ้านไร่,821,0.0,0.0,0.0,,,True
1791536400,2026-10-09T09:00:00Z,ลานสัก,360,0.0,0.0,0.0,,,True
1791536400,2026-10-09T09:00:00Z,หนองฉาง,89,0.0,0.0,0.0,,,True
1791536400,2026-10-09T09:00:00Z,หนองขาหย่าง,43,0.0,0.0,0.0,,,True
1791536400,2026-10-09T09:00:00Z,เชียงม่วน,82,0.0,0.0,0.0,,,True
1791536400,2026-10-09T09:00:00Z,ดอกคำใต้,37,0.0,0.0,0.0,,,True
1791536400,2026-10-09T09:00:00Z,เมืองพะเยา,6,0.0,0.0,0.0,,,True
1791536400,2026-10-09T09:00:00Z,ทองผาภูมิ,851,0.0,0.0,0.0,,,True
1791536400,2026-10-09T09:00:00Z,สังขละบุรี,793,0.0,0.0,0.0,,,True
1791536400,2026-10-09T09:00:00Z,หนองม่วงไข่,35,0.0,0.0,0.0,,,True
1791536400,2026-10-09T09:00:00Z,ภูเวียง,81,0.0,0.0,0.0,,,True
1791536400,2026-10-09T09:00:00Z,มัญจาคีรี,50,0.0,0.0,0.0,,,True
1791536400,2026-10-09T09:00:00Z,หนองปรือ,104,0.0,0.0,0.0,,,True
1791536400,2026-10-09T09:00:00Z,เลาขวัญ,123,0.0,0.0,0.0,,,True
1791536400,2026-10-09T09:00:00Z,หนองนาคำ,43,0.0,0.0,0.0,,,True
1791536400,2026-10-09T09:00:00Z,โคกโพธิ์ไชย,65,0.0,0.0,0.0,,,True
1791536400,2026-10-09T09:00:00Z,บ้านหลวง,91,0.0,0.0,0.0,,,True
1791536400,2026-10-09T09:00:00Z,นาน้อย,266,0.0,0.0,0.0,,,True
1791536400,2026-10-09T09:00:00Z,ภูผาม่าน,74,0.0,0.0,0.0,,,True
1791536400,2026-10-09T09:00:00Z,เมืองน่าน,161,0.0,0.0,0.0,,,True
1791536400,2026-10-09T09:00:00Z,แม่จริม,262,0.0,0.0,0.0,,,True
1791536400,2026-10-09T09:00:00Z,เวียงเก่า,78,0.0,0.0,0.0,,,True
1791536400,2026-10-09T09:00:00Z,เมืองกำแพงเพชร,368,0.0,0.0,0.0,,,True
1791536400,2026-10-09T09:00:00Z,ไทรงาม,133,0.0,0.0,0.0,,,True
1791536400,2026-10-09T09:00:00Z,ปางศิลาทอง,186,0.0,0.0,0.0,,,True
1791536400,2026-10-09T09:00:00Z,ลานกระบือ,103,0.0,0.0,0.0,,,True
1791536400,2026-10-09T09:00:00Z,ทรายทองวัฒนา,53,0.0,0.0,0.0,,,True
1791536400,2026-10-09T09:00:00Z,คลองขลุง,179,0.0,0.0,0.0,,,True
1791536400,2026-10-09T09:00:00Z,พรานกระต่าย,252,0.0,0.0,0.0,,,True
1791536400,2026-10-09T09:00:00Z,คลองลาน,363,0.0,0.0,0.0,,,True
1791536400,2026-10-09T09:00:00Z,ขาณุวรลักษบุรี,296,0.0,0.0,0.0,,,True
1791536400,2026-10-09T09:00:00Z,ภูเพียง,113,0.0,0.0,0.0,,,True
1791536400,2026-10-09T09:00:00Z,นาหมื่น,245,0.0,0.0,0.0,,,True
1791536400,2026-10-09T09:00:00Z,เวียงสา,543,0.0,0.0,0.0,,,True
1791536400,2026-10-09T09:00:00Z,น้ำโสม,153,0.0,0.0,0.0,,,True
1791536400,2026-10-09T09:00:00Z,นายูง,126,0.0,0.0,0.0,,,True
1791536400,2026-10-09T09:00:00Z,ชุมแพ,173,0.0,0.0,0.0,,,True
1791536400,2026-10-09T09:00:00Z,สีชมพู,132,0.0,0.0,0.0,,,True
1791536400,2026-10-09T09:00:00Z,สุวรรณคูหา,140,0.0,0.0,0.0,,,True
1791536400,2026-10-09T09:00:00Z,นาวัง,65,0.0,0.0,0.0,,,True
1791536400,2026-10-09T09:00:00Z,หนองเรือ,80,0.0,0.0,0.0,,,True
1791536400,2026-10-09T09:00:00Z,โนนสัง,51,0.0,0.0,0.0,,,True
1791536400,2026-10-09T09:00:00Z,ศรีบุญเรือง,224,0.0,0.0,0.0,,,True
1791536400,2026-10-09T09:00:00Z,เมืองหนองบัวลำภู,217,0.0,0.0,0.0,,,True
1791536400,2026-10-09T09:00:00Z,นากลาง,173,0.0,0.0,0.0,,,True
1791536400,2026-10-09T09:00:00Z,ทุ่งเสลี่ยม,144,0.0,0.0,0.0,,,True
1791536400,2026-10-09T09:00:00Z,ดอยหล่อ,56,0.0,0.0,0.0,,,True
1791536400,2026-10-09T09:00:00Z,เมืองตาก,486,0.0,0.0,0.0,,,True
1791536400,2026-10-09T09:00:00Z,แม่ออน,116,0.0,0.0,0.0,,,True
1791536400,2026-10-09T09:00:00Z,อุ้มผาง,1209,0.0,0.0,0.0,,,True
1791536400,2026-10-09T09:00:00Z,วังเจ้า,183,0.0,0.0,0.0,,,True
1791536400,2026-10-09T09:00:00Z,แม่สอด,398,0.0,0.0,0.0,,,True
1791536400,2026-10-09T09:00:00Z,พบพระ,249,0.0,0.0,0.0,,,True
1791536400,2026-10-09T09:00:00Z,แม่ระมาด,380,0.0,0.0,0.0,,,True
1791536400,2026-10-09T09:00:00Z,ท่าสองยาง,401,0.0,0.0,0.0,,,True
1791536400,2026-10-09T09:00:00Z,บ้านตาก,255,0.0,0.0,0.0,,,True
1791536400,2026-10-09T09:00:00Z,สามเงา,698,0.0,0.0,0.0,,,True
1791536400,2026-10-09T09:00:00Z,จอมทอง,280,0.0,0.0,0.0,,,True
1791536400,2026-10-09T09:00:00Z,แก้งสนามนาง,79,0.0,0.0,0.0,,,True
1791536400,2026-10-09T09:00:00Z,สีคิ้ว,292,0.0,0.0,0.0,,,True
1791536400,2026-10-09T09:00:00Z,พระทองคำ,90,0.0,0.0,0.0,,,True
1791536400,2026-10-09T09:00:00Z,เทพารักษ์,92,0.0,0.0,0.0,,,True
1791536400,2026-10-09T09:00:00Z,สันกำแพง,65,0.0,0.0,0.0,,,True
1791536400,2026-10-09T09:00:00Z,สันป่าตอง,44,0.0,0.0,0.0,,,True
1791536400,2026-10-09T09:00:00Z,ดอยเต่า,213,0.0,0.0,0.0,,,True
1791536400,2026-10-09T09:00:00Z,อมก๋อย,704,0.0,0.0,0.0,,,True
1791536400,2026-10-09T09:00:00Z,ฮอด,378,0.0,0.0,0.0,,,True
1791536400,2026-10-09T09:00:00Z,เมืองลำพูน,117,0.0,0.0,0.0,,,True
1791536400,2026-10-09T09:00:00Z,แม่ทา,192,0.0,0.0,0.0,,,True
1791536400,2026-10-09T09:00:00Z,บ้านธิ,34,0.0,0.0,0.0,,,True
1791536400,2026-10-09T09:00:00Z,บ้านหมอ,24,0.0,0.0,0.0,,,True
1791536400,2026-10-09T09:00:00Z,เวียงหนองล่อง,14,0.0,0.0,0.0,,,True
1791536400,2026-10-09T09:00:00Z,ทุ่งหัวช้าง,113,0.0,0.0,0.0,,,True
1791536400,2026-10-09T09:00:00Z,ป่าซาง,74,0.0,0.0,0.0,,,True
1791536400,2026-10-09T09:00:00Z,บ้านโฮ่ง,124,0.0,0.0,0.0,,,True
1791536400,2026-10-09T09:00:00Z,แก่งคอย,73,0.0,0.0,0.0,,,True
1791536400,2026-10-09T09:00:00Z,ลี้,454,0.0,0.0,0.0,,,True
1791536400,2026-10-09T09:00:00Z,พระพุทธบาท,55,0.0,0.0,0.0,,,True
1791536400,2026-10-09T09:00:00Z,ดอนพุด,7,0.0,0.0,0.0,,,True
1791536400,2026-10-09T09:00:00Z,หนองโดน,31,0.0,0.0,0.0,,,True
1791536400,2026-10-09T09:00:00Z,เมืองลำปาง,300,0.0,0.0,0.0,,,True
1791536400,2026-10-09T09:00:00Z,เถิน,443,0.0,0.0,0.0,,,True
1791536400,2026-10-09T09:00:00Z,แม่พริก,167,0.0,0.0,0.0,,,True
1791536400,2026-10-09T09:00:00Z,แจ้ห่ม,274,0.0,0.0,0.0,,,True
1791536400,2026-10-09T09:00:00Z,แม่เปิน,85,0.0,0.0,0.0,,,True
1791536400,2026-10-09T09:00:00Z,เสริมงาม,185,0.0,0.0,0.0,,,True
1791536400,2026-10-09T09:00:00Z,ชุมตาบง,61,0.0,0.0,0.0,,,True
1791536400,2026-10-09T09:00:00Z,งาว,344,0.0,0.0,0.0,,,True
1791536400,2026-10-09T09:00:00Z,ตากฟ้า,125,0.0,0.0,0.0,,,True
1791536400,2026-10-09T09:00:00Z,แม่เมาะ,283,0.0,0.0,0.0,,,True
1791536400,2026-10-09T09:00:00Z,แม่วงก์,257,0.0,0.0,0.0,,,True
1791536400,2026-10-09T09:00:00Z,เกาะคา,128,0.0,0.0,0.0,,,True
1791536400,2026-10-09T09:00:00Z,พยุหะคีรี,169,0.0,0.0,0.0,,,True
1791536400,2026-10-09T09:00:00Z,ลาดยาว,187,0.0,0.0,0.0,,,True
1791536400,2026-10-09T09:00:00Z,สบปราบ,125,0.0,0.0,0.0,,,True
1791536400,2026-10-09T09:00:00Z,ห้างฉัตร,154,0.0,0.0,0.0,,,True
1791536400,2026-10-09T09:00:00Z,แม่ทะ,203,0.0,0.0,0.0,,,True
1791536400,2026-10-09T09:00:00Z,เมืองปาน,202,0.0,0.0,0.0,,,True
1791536400,2026-10-09T09:00:00Z,เมืองอ่างทอง,6,0.0,0.0,0.0,,,True
1791536400,2026-10-09T09:00:00Z,ไชโย,20,0.0,0.0,0.0,,,True
1791536400,2026-10-09T09:00:00Z,สามโก้,10,0.0,0.0,0.0,,,True
1791536400,2026-10-09T09:00:00Z,แสวงหา,43,0.0,0.0,0.0,,,True
1791536400,2026-10-09T09:00:00Z,วิเศษชัยชาญ,7,0.0,0.0,0.0,,,True
1791536400,2026-10-09T09:00:00Z,โพธิ์ทอง,48,0.0,0.0,0.0,,,True
1791536400,2026-10-09T09:00:00Z,เมืองลพบุรี,190,0.0,0.0,0.0,,,True
1791536400,2026-10-09T09:00:00Z,เดิมบางนางบวช,130,0.0,0.0,0.0,,,True
1791536400,2026-10-09T09:00:00Z,ด่านช้าง,309,0.0,0.0,0.0,,,True
1791536400,2026-10-09T09:00:00Z,หนองม่วง,111,0.0,0.0,0.0,,,True
1791536400,2026-10-09T09:00:00Z,ลำสนธิ,136,0.0,0.0,0.0,,,True
1791536400,2026-10-09T09:00:00Z,สามชุก,77,0.0,0.0,0.0,,,True
1791536400,2026-10-09T09:00:00Z,ดอนเจดีย์,72,0.0,0.0,0.0,,,True
1791536400,2026-10-09T09:00:00Z,สระโบสถ์,83,0.0,0.0,0.0,,,True
1791536400,2026-10-09T09:00:00Z,ศรีประจันต์,41,0.0,0.0,0.0,,,True
1791536400,2026-10-09T09:00:00Z,โคกเจริญ,135,0.0,0.0,0.0,,,True
1791536400,2026-10-09T09:00:00Z,บ้านหมี่,136,0.0,0.0,0.0,,,True
1791536400,2026-10-09T09:00:00Z,ท่าหลวง,100,0.0,0.0,0.0,,,True
1791536400,2026-10-09T09:00:00Z,ชัยบาดาล,280,0.0,0.0,0.0,,,True
1791536400,2026-10-09T09:00:00Z,ท่าวุ้ง,64,0.0,0.0,0.0,,,True
1791536400,2026-10-09T09:00:00Z,พัฒนานิคม,217,0.0,0.0,0.0,,,True
1791536400,2026-10-09T09:00:00Z,โคกสำโรง,180,0.0,0.0,0.0,,,True
1791536400,2026-10-09T09:00:00Z,หนองหญ้าไซ,108,0.0,0.0,0.0,,,True
1791536400,2026-10-09T09:00:00Z,ท่าช้าง,11,0.0,0.0,0.0,,,True
1791536400,2026-10-09T09:00:00Z,อินทร์บุรี,66,0.0,0.0,0.0,,,True
1791536400,2026-10-09T09:00:00Z,ค่ายบางระจัน,26,0.0,0.0,0.0,,,True
1791536400,2026-10-09T09:00:00Z,พรหมบุรี,19,0.0,0.0,0.0,,,True
1791536400,2026-10-09T09:00:00Z,เนินสง่า,65,0.0,0.0,0.0,,,True
1791536400,2026-10-09T09:00:00Z,เมืองสิงห์บุรี,31,0.0,0.0,0.0,,,True
1791536400,2026-10-09T09:00:00Z,ซับใหญ่,72,0.0,0.0,0.0,,,True
1791536400,2026-10-09T09:00:00Z,บางระจัน,46,0.0,0.0,0.0,,,True
1791536400,2026-10-09T09:00:00Z,ภูกระดึง,190,0.0,0.0,0.0,,,True
1791536400,2026-10-09T09:00:00Z,ภูหลวง,145,0.0,0.0,0.0,,,True
1791536400,2026-10-09T09:00:00Z,หนองหิน,78,0.0,0.0,0.0,,,True
1791536400,2026-10-09T09:00:00Z,ผาขาว,100,0.0,0.0,0.0,,,True
1791536400,2026-10-09T09:00:00Z,เอราวัณ,87,0.0,0.0,0.0,,,True
1791536400,2026-10-09T09:00:00Z,วังสะพุง,281,0.0,0.0,0.0,,,True
1791536400,2026-10-09T09:00:00Z,วังม่วง,70,0.0,0.0,0.0,,,True
1791536400,2026-10-09T09:00:00Z,เฉลิมพระเกียรติ,35,0.0,0.0,0.0,,,True
1791536400,2026-10-09T09:00:00Z,มวกเหล็ก,175,0.0,0.0,0.0,,,True
1791536400,2026-10-09T09:00:00Z,บ้านเขว้า,124,0.0,0.0,0.0,,,True
1791536400,2026-10-09T09:00:00Z,คอนสวรรค์,113,0.0,0.0,0.0,,,True
1791536400,2026-10-09T09:00:00Z,เมืองชัยภูมิ,358,0.0,0.0,0.0,,,True
1791536400,2026-10-09T09:00:00Z,วังทอง,425,0.0,0.0,0.0,,,True
1791536400,2026-10-09T09:00:00Z,เนินมะปราง,276,0.0,0.0,0.0,,,True
1791536400,2026-10-09T09:00:00Z,สวรรคโลก,156,0.0,0.0,0.0,,,True
1791536400,2026-10-09T09:00:00Z,ศรีนคร,46,0.0,0.0,0.0,,,True
1791536400,2026-10-09T09:00:00Z,หันคา,139,0.0,0.0,0.0,,,True
1791536400,2026-10-09T09:00:00Z,ศรีสัชนาลัย,534,0.0,0.0,0.0,,,True
1791536400,2026-10-09T09:00:00Z,หนองมะโมง,76,0.0,0.0,0.0,,,True
1791536400,2026-10-09T09:00:00Z,ศรีสำโรง,142,0.0,0.0,0.0,,,True
1791536400,2026-10-09T09:00:00Z,สรรพยา,55,0.0,0.0,0.0,,,True
1791536400,2026-10-09T09:00:00Z,คีรีมาศ,171,0.0,0.0,0.0,,,True
1791536400,2026-10-09T09:00:00Z,สรรคบุรี,89,0.0,0.0,0.0,,,True
1791536400,2026-10-09T09:00:00Z,กงไกรลาศ,108,0.0,0.0,0.0,,,True
1791536400,2026-10-09T09:00:00Z,มโนรมย์,66,0.0,0.0,0.0,,,True
1791536400,2026-10-09T09:00:00Z,เมืองสุโขทัย,136,0.0,0.0,0.0,,,True
1791536400,2026-10-09T09:00:00Z,วัดสิงห์,67,0.0,0.0,0.0,,,True
1791536400,2026-10-09T09:00:00Z,บ้านด่านลานหอย,231,0.0,0.0,0.0,,,True
1791536400,2026-10-09T09:00:00Z,เมืองชัยนาท,70,0.0,0.0,0.0,,,True
1791536400,2026-10-09T09:00:00Z,เนินขาม,65,0.0,0.0,0.0,,,True
1791536400,2026-10-09T09:00:00Z,คอนสาร,334,0.0,0.0,0.0,,,True
1791536400,2026-10-09T09:00:00Z,ภักดีชุมพล,154,0.0,0.0,0.0,,,True
1791536400,2026-10-09T09:00:00Z,บ้านแท่น,76,0.0,0.0,0.0,,,True
1791536400,2026-10-09T09:00:00Z,แก้งคร้อ,168,0.0,0.0,0.0,,,True
1791536400,2026-10-09T09:00:00Z,ภูเขียว,201,0.0,0.0,0.0,,,True
1791536400,2026-10-09T09:00:00Z,หนองบัวระเหว,179,0.0,0.0,0.0,,,True
1791536400,2026-10-09T09:00:00Z,เทพสถิต,239,0.0,0.0,0.0,,,True
1791536400,2026-10-09T09:00:00Z,จัตุรัส,172,0.0,0.0,0.0,,,True
1791536400,2026-10-09T09:00:00Z,บำเหน็จณรงค์,120,0.0,0.0,0.0,,,True
1791536400,2026-10-09T09:00:00Z,เกษตรสมบูรณ์,268,0.0,0.0,0.0,,,True
1791536400,2026-10-09T09:00:00Z,หนองบัวแดง,537,0.0,0.0,0.0,,,True
1791536400,2026-10-09T09:00:00Z,ภูเรือ,168,0.0,0.0,0.0,,,True
1791536400,2026-10-09T09:00:00Z,ท่าลี่,171,0.0,0.0,0.0,,,True
1791536400,2026-10-09T09:00:00Z,วชิรบารมี,68,0.0,0.0,0.0,,,True
1791536400,2026-10-09T09:00:00Z,ด่านซ้าย,341,0.0,0.0,0.0,,,True
1791536400,2026-10-09T09:00:00Z,นาแห้ว,153,0.0,0.0,0.0,,,True
1791536400,2026-10-09T09:00:00Z,บึงนาราง,74,0.0,0.0,0.0,,,True
1791536400,2026-10-09T09:00:00Z,เชียงคาน,213,0.0,0.0,0.0,,,True
1791536400,2026-10-09T09:00:00Z,ดงเจริญ,56,0.0,0.0,0.0,,,True
1791536400,2026-10-09T09:00:00Z,ปากชม,240,0.0,0.0,0.0,,,True
1791536400,2026-10-09T09:00:00Z,เมืองเลย,314,0.0,0.0,0.0,,,True
1791536400,2026-10-09T09:00:00Z,นาด้วง,143,0.0,0.0,0.0,,,True
1791536400,2026-10-09T09:00:00Z,สากเหล็ก,45,0.0,0.0,0.0,,,True
1791536400,2026-10-09T09:00:00Z,สามง่าม,89,0.0,0.0,0.0,,,True
1791536400,2026-10-09T09:00:00Z,ทับคล้อ,104,0.0,0.0,0.0,,,True
1791536400,2026-10-09T09:00:00Z,พรหมพิราม,206,0.0,0.0,0.0,,,True
1791536400,2026-10-09T09:00:00Z,ด่านขุนทด,344,0.0,0.0,0.0,,,True
1791536400,2026-10-09T09:00:00Z,วัดโบสถ์,226,0.0,0.0,0.0,,,True
1791536400,2026-10-09T09:00:00Z,บางระกำ,246,0.0,0.0,0.0,,,True
1791536400,2026-10-09T09:00:00Z,บางกระทุ่ม,91,0.0,0.0,0.0,,,True
1791536400,2026-10-09T09:00:00Z,นครไทย,597,0.0,0.0,0.0,,,True
1791536400,2026-10-09T09:00:00Z,ชาติตระการ,415,0.0,0.0,0.0,,,True
1791536400,2026-10-09T09:00:00Z,บ้านเหลื่อม,55,0.0,0.0,0.0,,,True
1791536400,2026-10-09T09:00:00Z,เมืองพิษณุโลก,178,0.0,0.0,0.0,,,True
1791536400,2026-10-09T09:00:00Z,ชุมแสง,145,0.0,0.0,0.0,,,True
1791536400,2026-10-09T09:00:00Z,หนองบัว,208,0.0,0.0,0.0,,,True
1791536400,2026-10-09T09:00:00Z,เมืองนครสวรรค์,183,0.0,0.0,0.0,,,True
1791536400,2026-10-09T09:00:00Z,โกรกพระ,71,0.0,0.0,0.0,,,True
1791536400,2026-10-09T09:00:00Z,ไพศาลี,244,0.0,0.0,0.0,,,True
1791536400,2026-10-09T09:00:00Z,ตาคลี,206,0.0,0.0,0.0,,,True
1791536400,2026-10-09T09:00:00Z,ท่าตะโก,211,0.0,0.0,0.0,,,True
1791536400,2026-10-09T09:00:00Z,เขาค้อ,207,0.0,0.0,0.0,,,True
1791536400,2026-10-09T09:00:00Z,บรรพตพิสัย,181,0.0,0.0,0.0,,,True
1791536400,2026-10-09T09:00:00Z,เก้าเลี้ยว,57,0.0,0.0,0.0,,,True
1791536400,2026-10-09T09:00:00Z,วังโป่ง,123,0.0,0.0,0.0,,,True
1791536400,2026-10-09T09:00:00Z,บึงสามพัน,194,0.0,0.0,0.0,,,True
1791536400,2026-10-09T09:00:00Z,น้ำหนาว,231,0.0,0.0,0.0,,,True
1791536400,2026-10-09T09:00:00Z,ศรีเทพ,204,0.019,1.005,0.0637,,30,True
1791536400,2026-10-09T09:00:00Z,หนองไผ่,315,0.0,0.0,0.0,,,True
1791536400,2026-10-09T09:00:00Z,มหาราช,4,0.0,0.0,0.0,,,False
1791536400,2026-10-09T09:00:00Z,บ้านแพรก,10,0.0,0.0,0.0,,,True
1791536400,2026-10-09T09:00:00Z,บางมูลนาก,99,0.0,0.0,0.0,,,True
1791536400,2026-10-09T09:00:00Z,โพทะเล,131,0.0,0.0,0.0,,,True
1791536400,2026-10-09T09:00:00Z,โพธิ์ประทับช้าง,102,0.0,0.0,0.0,,,True
1791536400,2026-10-09T09:00:00Z,ตะพานหิน,109,0.0,0.0,0.0,,,True
1791536400,2026-10-09T09:00:00Z,เมืองพิจิตร,138,0.0,0.0,0.0,,,True
1791536400,2026-10-09T09:00:00Z,วังทรายพูน,66,0.0,0.0,0.0,,,True
1791537300,2026-10-09T09:15:00Z,พิชัย,176,0.0,0.0,0.0,,,True
1791537300,2026-10-09T09:15:00Z,ลับแล,116,0.0,0.0,0.0,,,True
1791537300,2026-10-09T09:15:00Z,ฟากท่า,163,0.0,0.0,0.0,,,True
1791537300,2026-10-09T09:15:00Z,บ้านโคก,247,0.0,0.0,0.0,,,True
1791537300,2026-10-09T09:15:00Z,ท่าปลา,442,0.0,0.0,0.0,,,True
1791537300,2026-10-09T09:15:00Z,น้ำปาด,363,0.0,0.0,0.0,,,True
1791537300,2026-10-09T09:15:00Z,เมืองอุตรดิตถ์,202,0.0,0.0,0.0,,,True
1791537300,2026-10-09T09:15:00Z,ตรอน,80,0.0,0.0,0.0,,,True
1791537300,2026-10-09T09:15:00Z,หล่มเก่า,246,0.0,0.0,0.0,,,True
1791537300,2026-10-09T09:15:00Z,วิเชียรบุรี,377,0.0,0.098,0.0027,,105,True
1791537300,2026-10-09T09:15:00Z,ชนแดน,279,0.0,0.0,0.0,,,True
1791537300,2026-10-09T09:15:00Z,หล่มสัก,350,0.0,0.0,0.0,,,True
1791537300,2026-10-09T09:15:00Z,เมืองเพชรบูรณ์,571,0.0,0.0,0.0,,,True
1791537300,2026-10-09T09:15:00Z,ทองแสนขัน,185,0.0,0.0,0.0,,,True
1791537300,2026-10-09T09:15:00Z,บึงสามัคคี,71,0.0,0.0,0.0,,,True
1791537300,2026-10-09T09:15:00Z,โกสัมพีนคร,137,0.0,0.0,0.0,,,True
1791537300,2026-10-09T09:15:00Z,สอง,380,0.0,0.0,0.0,,,True
1791537300,2026-10-09T09:15:00Z,วังชิ้น,255,0.0,0.0,0.0,,,True
1791537300,2026-10-09T09:15:00Z,สูงเม่น,88,0.0,0.0,0.0,,,True
1791537300,2026-10-09T09:15:00Z,เด่นชัย,135,0.0,0.0,0.0,,,True
1791537300,2026-10-09T09:15:00Z,ร้องกวาง,221,0.0,0.0,0.0,,,True
1791537300,2026-10-09T09:15:00Z,ลอง,317,0.0,0.0,0.0,,,True
1791537300,2026-10-09T09:15:00Z,เมืองแพร่,205,0.0,0.0,0.0,,,True
1791537300,2026-10-09T09:15:00Z,ทัพทัน,94,0.0,0.0,0.0,,,True
1791537300,2026-10-09T09:15:00Z,สว่างอารมณ์,110,0.0,0.0,0.0,,,True
1791537300,2026-10-09T09:15:00Z,เมืองอุทัยธานี,59,0.0,0.0,0.0,,,True
1791537300,2026-10-09T09:15:00Z,ห้วยคต,94,0.0,0.0,0.0,,,True
1791537300,2026-10-09T09:15:00Z,ศรีสวัสดิ์,440,0.0,0.0,0.0,,,True
1791537300,2026-10-09T09:15:00Z,บ้านไร่,821,0.0,0.0,0.0,,,True
1791537300,2026-10-09T09:15:00Z,ลานสัก,360,0.0,0.0,0.0,,,True
1791537300,2026-10-09T09:15:00Z,หนองฉาง,89,0.0,0.0,0.0,,,True
1791537300,2026-10-09T09:15:00Z,หนองขาหย่าง,43,0.0,0.0,0.0,,,True
1791537300,2026-10-09T09:15:00Z,เชียงม่วน,82,0.0,0.0,0.0,,,True
1791537300,2026-10-09T09:15:00Z,ดอกคำใต้,37,0.0,0.0,0.0,,,True
1791537300,2026-10-09T09:15:00Z,เมืองพะเยา,6,0.0,0.0,0.0,,,True
1791537300,2026-10-09T09:15:00Z,ทองผาภูมิ,851,0.0,0.0,0.0,,,True
1791537300,2026-10-09T09:15:00Z,สังขละบุรี,793,0.0,0.098,0.0025,,30,True
1791537300,2026-10-09T09:15:00Z,หนองม่วงไข่,35,0.0,0.0,0.0,,,True
1791537300,2026-10-09T09:15:00Z,ภูเวียง,81,0.0,0.0,0.0,,,True
1791537300,2026-10-09T09:15:00Z,มัญจาคีรี,50,0.0,0.0,0.0,,,True
1791537300,2026-10-09T09:15:00Z,หนองปรือ,104,0.0,0.0,0.0,,,True
1791537300,2026-10-09T09:15:00Z,เลาขวัญ,123,0.0,0.0,0.0,,,True
1791537300,2026-10-09T09:15:00Z,หนองนาคำ,43,0.0,0.0,0.0,,,True
1791537300,2026-10-09T09:15:00Z,โคกโพธิ์ไชย,65,0.0,0.0,0.0,,,True
1791537300,2026-10-09T09:15:00Z,บ้านหลวง,91,0.0,0.0,0.0,,,True
1791537300,2026-10-09T09:15:00Z,นาน้อย,266,0.0,0.0,0.0,,,True
1791537300,2026-10-09T09:15:00Z,ภูผาม่าน,74,0.0,0.0,0.0,,,True
1791537300,2026-10-09T09:15:00Z,เมืองน่าน,161,0.0,0.0,0.0,,,True
1791537300,2026-10-09T09:15:00Z,แม่จริม,262,0.0,0.0,0.0,,,True
1791537300,2026-10-09T09:15:00Z,เวียงเก่า,78,0.0,0.0,0.0,,,True
1791537300,2026-10-09T09:15:00Z,เมืองกำแพงเพชร,368,0.0,0.0,0.0,,,True
1791537300,2026-10-09T09:15:00Z,ไทรงาม,133,0.0,0.0,0.0,,,True
1791537300,2026-10-09T09:15:00Z,ปางศิลาทอง,186,0.031,0.946,0.0645,,60,True
1791537300,2026-10-09T09:15:00Z,ลานกระบือ,103,0.0,0.0,0.0,,,True
1791537300,2026-10-09T09:15:00Z,ทรายทองวัฒนา,53,0.0,0.0,0.0,,,True
1791537300,2026-10-09T09:15:00Z,คลองขลุง,179,0.0,0.0,0.0,,,True
1791537300,2026-10-09T09:15:00Z,พรานกระต่าย,252,0.0,0.0,0.0,,,True
1791537300,2026-10-09T09:15:00Z,คลองลาน,363,0.013,1.184,0.0303,,15,True
1791537300,2026-10-09T09:15:00Z,ขาณุวรลักษบุรี,296,0.0,0.0,0.0,,,True
1791537300,2026-10-09T09:15:00Z,ภูเพียง,113,0.0,0.0,0.0,,,True
1791537300,2026-10-09T09:15:00Z,นาหมื่น,245,0.0,0.0,0.0,,,True
1791537300,2026-10-09T09:15:00Z,เวียงสา,543,0.0,0.0,0.0,,,True
1791537300,2026-10-09T09:15:00Z,น้ำโสม,153,0.0,0.0,0.0,,,True
1791537300,2026-10-09T09:15:00Z,นายูง,126,0.0,0.0,0.0,,,True
1791537300,2026-10-09T09:15:00Z,ชุมแพ,173,0.0,0.0,0.0,,,True
1791537300,2026-10-09T09:15:00Z,สีชมพู,132,0.0,0.0,0.0,,,True
1791537300,2026-10-09T09:15:00Z,สุวรรณคูหา,140,0.0,0.0,0.0,,,True
1791537300,2026-10-09T09:15:00Z,นาวัง,65,0.0,0.0,0.0,,,True
1791537300,2026-10-09T09:15:00Z,หนองเรือ,80,0.0,0.0,0.0,,,True
1791537300,2026-10-09T09:15:00Z,โนนสัง,51,0.0,0.0,0.0,,,True
1791537300,2026-10-09T09:15:00Z,ศรีบุญเรือง,224,0.0,0.0,0.0,,,True
1791537300,2026-10-09T09:15:00Z,เมืองหนองบัวลำภู,217,0.0,0.0,0.0,,,True
1791537300,2026-10-09T09:15:00Z,นากลาง,173,0.0,0.0,0.0,,,True
1791537300,2026-10-09T09:15:00Z,ทุ่งเสลี่ยม,144,0.0,0.0,0.0,,,True
1791537300,2026-10-09T09:15:00Z,ดอยหล่อ,56,0.0,0.0,0.0,,,True
1791537300,2026-10-09T09:15:00Z,เมืองตาก,486,0.0,0.0,0.0,,,True
1791537300,2026-10-09T09:15:00Z,แม่ออน,116,0.0,0.0,0.0,,,True
1791537300,2026-10-09T09:15:00Z,อุ้มผาง,1209,0.0,0.0,0.0,,,True
1791537300,2026-10-09T09:15:00Z,วังเจ้า,183,0.0,0.0,0.0,,,True
1791537300,2026-10-09T09:15:00Z,แม่สอด,398,0.0,0.0,0.0,,,True
1791537300,2026-10-09T09:15:00Z,พบพระ,249,0.0,0.0,0.0,,,True
1791537300,2026-10-09T09:15:00Z,แม่ระมาด,380,0.0,0.0,0.0,,,True
1791537300,2026-10-09T09:15:00Z,ท่าสองยาง,401,0.0,0.0,0.0,,,True
1791537300,2026-10-09T09:15:00Z,บ้านตาก,255,0.0,0.0,0.0,,,True
1791537300,2026-10-09T09:15:00Z,สามเงา,698,0.0,0.0,0.0,,,True
1791537300,2026-10-09T09:15:00Z,จอมทอง,280,0.0,0.0,0.0,,,True
1791537300,2026-10-09T09:15:00Z,แก้งสนามนาง,79,0.0,0.0,0.0,,,True
1791537300,2026-10-09T09:15:00Z,สีคิ้ว,292,0.0,0.0,0.0,,,True
1791537300,2026-10-09T09:15:00Z,พระทองคำ,90,0.0,0.0,0.0,,,True
1791537300,2026-10-09T09:15:00Z,เทพารักษ์,92,0.0,0.0,0.0,,,True
1791537300,2026-10-09T09:15:00Z,สันกำแพง,65,0.0,0.0,0.0,,,True
1791537300,2026-10-09T09:15:00Z,สันป่าตอง,44,0.0,0.0,0.0,,,True
1791537300,2026-10-09T09:15:00Z,ดอยเต่า,213,0.0,0.0,0.0,,,True
1791537300,2026-10-09T09:15:00Z,อมก๋อย,704,0.0,0.0,0.0,,,True
1791537300,2026-10-09T09:15:00Z,ฮอด,378,0.0,0.0,0.0,,,True
1791537300,2026-10-09T09:15:00Z,เมืองลำพูน,117,0.0,0.0,0.0,,,True
1791537300,2026-10-09T09:15:00Z,แม่ทา,192,0.0,0.0,0.0,,,True
1791537300,2026-10-09T09:15:00Z,บ้านธิ,34,0.0,0.0,0.0,,,True
1791537300,2026-10-09T09:15:00Z,บ้านหมอ,24,0.0,0.0,0.0,,,True
1791537300,2026-10-09T09:15:00Z,เวียงหนองล่อง,14,0.0,0.0,0.0,,,True
1791537300,2026-10-09T09:15:00Z,ทุ่งหัวช้าง,113,0.0,0.0,0.0,,,True
1791537300,2026-10-09T09:15:00Z,ป่าซาง,74,0.0,0.0,0.0,,,True
1791537300,2026-10-09T09:15:00Z,บ้านโฮ่ง,124,0.0,0.0,0.0,,,True
1791537300,2026-10-09T09:15:00Z,แก่งคอย,73,0.0,0.0,0.0,,,True
1791537300,2026-10-09T09:15:00Z,ลี้,454,0.0,0.0,0.0,,,True
1791537300,2026-10-09T09:15:00Z,พระพุทธบาท,55,0.0,0.0,0.0,,,True
1791537300,2026-10-09T09:15:00Z,ดอนพุด,7,0.0,0.0,0.0,,,True
1791537300,2026-10-09T09:15:00Z,หนองโดน,31,0.0,0.0,0.0,,,True
1791537300,2026-10-09T09:15:00Z,เมืองลำปาง,300,0.0,0.0,0.0,,,True
1791537300,2026-10-09T09:15:00Z,เถิน,443,0.0,0.0,0.0,,,True
1791537300,2026-10-09T09:15:00Z,แม่พริก,167,0.0,0.0,0.0,,,True
1791537300,2026-10-09T09:15:00Z,แจ้ห่ม,274,0.0,0.0,0.0,,,True
1791537300,2026-10-09T09:15:00Z,แม่เปิน,85,0.0,0.0,0.0,,,True
1791537300,2026-10-09T09:15:00Z,เสริมงาม,185,0.0,0.0,0.0,,,True
1791537300,2026-10-09T09:15:00Z,ชุมตาบง,61,0.0,0.0,0.0,,,True
1791537300,2026-10-09T09:15:00Z,งาว,344,0.0,0.0,0.0,,,True
1791537300,2026-10-09T09:15:00Z,ตากฟ้า,125,0.0,0.0,0.0,,,True
1791537300,2026-10-09T09:15:00Z,แม่เมาะ,283,0.0,0.0,0.0,,,True
1791537300,2026-10-09T09:15:00Z,แม่วงก์,257,0.0,0.0,0.0,,,True
1791537300,2026-10-09T09:15:00Z,เกาะคา,128,0.0,0.0,0.0,,,True
1791537300,2026-10-09T09:15:00Z,พยุหะคีรี,169,0.0,0.0,0.0,,,True
1791537300,2026-10-09T09:15:00Z,ลาดยาว,187,0.0,0.0,0.0,,,True
1791537300,2026-10-09T09:15:00Z,สบปราบ,125,0.0,0.0,0.0,,,True
1791537300,2026-10-09T09:15:00Z,ห้างฉัตร,154,0.0,0.0,0.0,,,True
1791537300,2026-10-09T09:15:00Z,แม่ทะ,203,0.0,0.0,0.0,,,True
1791537300,2026-10-09T09:15:00Z,เมืองปาน,202,0.0,0.0,0.0,,,True
1791537300,2026-10-09T09:15:00Z,เมืองอ่างทอง,6,0.0,0.0,0.0,,,True
1791537300,2026-10-09T09:15:00Z,ไชโย,20,0.0,0.0,0.0,,,True
1791537300,2026-10-09T09:15:00Z,สามโก้,10,0.0,0.0,0.0,,,True
1791537300,2026-10-09T09:15:00Z,แสวงหา,43,0.0,0.0,0.0,,,True
1791537300,2026-10-09T09:15:00Z,วิเศษชัยชาญ,7,0.0,0.0,0.0,,,True
1791537300,2026-10-09T09:15:00Z,โพธิ์ทอง,48,0.0,0.0,0.0,,,True
1791537300,2026-10-09T09:15:00Z,เมืองลพบุรี,190,0.0,0.0,0.0,,,True
1791537300,2026-10-09T09:15:00Z,เดิมบางนางบวช,130,0.0,0.0,0.0,,,True
1791537300,2026-10-09T09:15:00Z,ด่านช้าง,309,0.0,0.0,0.0,,,True
1791537300,2026-10-09T09:15:00Z,หนองม่วง,111,0.0,0.0,0.0,,,True
1791537300,2026-10-09T09:15:00Z,ลำสนธิ,136,0.0,0.0,0.0,,,True
1791537300,2026-10-09T09:15:00Z,สามชุก,77,0.0,0.0,0.0,,,True
1791537300,2026-10-09T09:15:00Z,ดอนเจดีย์,72,0.0,0.0,0.0,,,True
1791537300,2026-10-09T09:15:00Z,สระโบสถ์,83,0.0,0.0,0.0,,,True
1791537300,2026-10-09T09:15:00Z,ศรีประจันต์,41,0.0,0.0,0.0,,,True
1791537300,2026-10-09T09:15:00Z,โคกเจริญ,135,0.0,0.0,0.0,,,True
1791537300,2026-10-09T09:15:00Z,บ้านหมี่,136,0.0,0.0,0.0,,,True
1791537300,2026-10-09T09:15:00Z,ท่าหลวง,100,0.0,0.0,0.0,,,True
1791537300,2026-10-09T09:15:00Z,ชัยบาดาล,280,0.0,0.0,0.0,,,True
1791537300,2026-10-09T09:15:00Z,ท่าวุ้ง,64,0.0,0.0,0.0,,,True
1791537300,2026-10-09T09:15:00Z,พัฒนานิคม,217,0.0,0.0,0.0,,,True
1791537300,2026-10-09T09:15:00Z,โคกสำโรง,180,0.0,0.0,0.0,,,True
1791537300,2026-10-09T09:15:00Z,หนองหญ้าไซ,108,0.0,0.0,0.0,,,True
1791537300,2026-10-09T09:15:00Z,ท่าช้าง,11,0.0,0.0,0.0,,,True
1791537300,2026-10-09T09:15:00Z,อินทร์บุรี,66,0.0,0.0,0.0,,,True
1791537300,2026-10-09T09:15:00Z,ค่ายบางระจัน,26,0.0,0.0,0.0,,,True
1791537300,2026-10-09T09:15:00Z,พรหมบุรี,19,0.0,0.0,0.0,,,True
1791537300,2026-10-09T09:15:00Z,เนินสง่า,65,0.0,0.0,0.0,,,True
1791537300,2026-10-09T09:15:00Z,เมืองสิงห์บุรี,31,0.0,0.0,0.0,,,True
1791537300,2026-10-09T09:15:00Z,ซับใหญ่,72,0.0,0.0,0.0,,,True
1791537300,2026-10-09T09:15:00Z,บางระจัน,46,0.0,0.0,0.0,,,True
1791537300,2026-10-09T09:15:00Z,ภูกระดึง,190,0.0,0.0,0.0,,,True
1791537300,2026-10-09T09:15:00Z,ภูหลวง,145,0.0,0.0,0.0,,,True
1791537300,2026-10-09T09:15:00Z,หนองหิน,78,0.0,0.0,0.0,,,True
1791537300,2026-10-09T09:15:00Z,ผาขาว,100,0.0,0.0,0.0,,,True
1791537300,2026-10-09T09:15:00Z,เอราวัณ,87,0.0,0.0,0.0,,,True
1791537300,2026-10-09T09:15:00Z,วังสะพุง,281,0.0,0.0,0.0,,,True
1791537300,2026-10-09T09:15:00Z,วังม่วง,70,0.0,0.0,0.0,,,True
1791537300,2026-10-09T09:15:00Z,เฉลิมพระเกียรติ,35,0.0,0.0,0.0,,,True
1791537300,2026-10-09T09:15:00Z,มวกเหล็ก,175,0.0,0.0,0.0,,,True
1791537300,2026-10-09T09:15:00Z,บ้านเขว้า,124,0.0,0.0,0.0,,,True
1791537300,2026-10-09T09:15:00Z,คอนสวรรค์,113,0.0,0.0,0.0,,,True
1791537300,2026-10-09T09:15:00Z,เมืองชัยภูมิ,358,0.0,0.0,0.0,,,True
1791537300,2026-10-09T09:15:00Z,วังทอง,425,0.0,0.0,0.0,,,True
1791537300,2026-10-09T09:15:00Z,เนินมะปราง,276,0.0,0.0,0.0,,,True
1791537300,2026-10-09T09:15:00Z,สวรรคโลก,156,0.0,0.0,0.0,,,True
1791537300,2026-10-09T09:15:00Z,ศรีนคร,46,0.0,0.0,0.0,,,True
1791537300,2026-10-09T09:15:00Z,หันคา,139,0.0,0.0,0.0,,,True
1791537300,2026-10-09T09:15:00Z,ศรีสัชนาลัย,534,0.0,0.0,0.0,,,True
1791537300,2026-10-09T09:15:00Z,หนองมะโมง,76,0.0,0.0,0.0,,,True
1791537300,2026-10-09T09:15:00Z,ศรีสำโรง,142,0.0,0.0,0.0,,,True
1791537300,2026-10-09T09:15:00Z,สรรพยา,55,0.0,0.0,0.0,,,True
1791537300,2026-10-09T09:15:00Z,คีรีมาศ,171,0.0,0.0,0.0,,,True
1791537300,2026-10-09T09:15:00Z,สรรคบุรี,89,0.0,0.0,0.0,,,True
1791537300,2026-10-09T09:15:00Z,กงไกรลาศ,108,0.0,0.0,0.0,,,True
1791537300,2026-10-09T09:15:00Z,มโนรมย์,66,0.0,0.0,0.0,,,True
1791537300,2026-10-09T09:15:00Z,เมืองสุโขทัย,136,0.0,0.0,0.0,,,True
1791537300,2026-10-09T09:15:00Z,วัดสิงห์,67,0.0,0.0,0.0,,,True
1791537300,2026-10-09T09:15:00Z,บ้านด่านลานหอย,231,0.0,0.0,0.0,,,True
1791537300,2026-10-09T09:15:00Z,เมืองชัยนาท,70,0.0,0.0,0.0,,,True
1791537300,2026-10-09T09:15:00Z,เนินขาม,65,0.0,0.0,0.0,,,True
1791537300,2026-10-09T09:15:00Z,คอนสาร,334,0.0,0.0,0.0,,,True
1791537300,2026-10-09T09:15:00Z,ภักดีชุมพล,154,0.0,0.0,0.0,,,True
1791537300,2026-10-09T09:15:00Z,บ้านแท่น,76,0.0,0.0,0.0,,,True
1791537300,2026-10-09T09:15:00Z,แก้งคร้อ,168,0.0,0.0,0.0,,,True
1791537300,2026-10-09T09:15:00Z,ภูเขียว,201,0.0,0.0,0.0,,,True
1791537300,2026-10-09T09:15:00Z,หนองบัวระเหว,179,0.0,0.0,0.0,,,True
1791537300,2026-10-09T09:15:00Z,เทพสถิต,239,0.0,0.0,0.0,,,True
1791537300,2026-10-09T09:15:00Z,จัตุรัส,172,0.0,0.0,0.0,,,True
1791537300,2026-10-09T09:15:00Z,บำเหน็จณรงค์,120,0.0,0.0,0.0,,,True
1791537300,2026-10-09T09:15:00Z,เกษตรสมบูรณ์,268,0.0,0.0,0.0,,,True
1791537300,2026-10-09T09:15:00Z,หนองบัวแดง,537,0.0,0.0,0.0,,,True
1791537300,2026-10-09T09:15:00Z,ภูเรือ,168,0.0,0.0,0.0,,,True
1791537300,2026-10-09T09:15:00Z,ท่าลี่,171,0.0,0.0,0.0,,,True
1791537300,2026-10-09T09:15:00Z,วชิรบารมี,68,0.0,0.0,0.0,,,True
1791537300,2026-10-09T09:15:00Z,ด่านซ้าย,341,0.0,0.0,0.0,,,True
1791537300,2026-10-09T09:15:00Z,นาแห้ว,153,0.0,0.0,0.0,,,True
1791537300,2026-10-09T09:15:00Z,บึงนาราง,74,0.0,0.0,0.0,,,True
1791537300,2026-10-09T09:15:00Z,เชียงคาน,213,0.0,0.0,0.0,,,True
1791537300,2026-10-09T09:15:00Z,ดงเจริญ,56,0.0,0.0,0.0,,,True
1791537300,2026-10-09T09:15:00Z,ปากชม,240,0.0,0.0,0.0,,,True
1791537300,2026-10-09T09:15:00Z,เมืองเลย,314,0.0,0.0,0.0,,,True
1791537300,2026-10-09T09:15:00Z,นาด้วง,143,0.0,0.0,0.0,,,True
1791537300,2026-10-09T09:15:00Z,สากเหล็ก,45,0.0,0.0,0.0,,,True
1791537300,2026-10-09T09:15:00Z,สามง่าม,89,0.0,0.0,0.0,,,True
1791537300,2026-10-09T09:15:00Z,ทับคล้อ,104,0.0,0.0,0.0,,,True
1791537300,2026-10-09T09:15:00Z,พรหมพิราม,206,0.0,0.0,0.0,,,True
1791537300,2026-10-09T09:15:00Z,ด่านขุนทด,344,0.0,0.0,0.0,,,True
1791537300,2026-10-09T09:15:00Z,วัดโบสถ์,226,0.0,0.0,0.0,,,True
1791537300,2026-10-09T09:15:00Z,บางระกำ,246,0.0,0.0,0.0,,,True
1791537300,2026-10-09T09:15:00Z,บางกระทุ่ม,91,0.0,0.0,0.0,,,True
1791537300,2026-10-09T09:15:00Z,นครไทย,597,0.0,0.0,0.0,,,True
1791537300,2026-10-09T09:15:00Z,ชาติตระการ,415,0.0,0.0,0.0,,,True
1791537300,2026-10-09T09:15:00Z,บ้านเหลื่อม,55,0.0,0.0,0.0,,,True
1791537300,2026-10-09T09:15:00Z,เมืองพิษณุโลก,178,0.0,0.0,0.0,,,True
1791537300,2026-10-09T09:15:00Z,ชุมแสง,145,0.0,0.0,0.0,,,True
1791537300,2026-10-09T09:15:00Z,หนองบัว,208,0.0,0.0,0.0,,,True
1791537300,2026-10-09T09:15:00Z,เมืองนครสวรรค์,183,0.0,0.0,0.0,,,True
1791537300,2026-10-09T09:15:00Z,โกรกพระ,71,0.0,0.0,0.0,,,True
1791537300,2026-10-09T09:15:00Z,ไพศาลี,244,0.0,0.0,0.0,,,True
1791537300,2026-10-09T09:15:00Z,ตาคลี,206,0.0,0.0,0.0,,,True
1791537300,2026-10-09T09:15:00Z,ท่าตะโก,211,0.0,0.0,0.0,,,True
1791537300,2026-10-09T09:15:00Z,เขาค้อ,207,0.0,0.0,0.0,,,True
1791537300,2026-10-09T09:15:00Z,บรรพตพิสัย,181,0.0,0.0,0.0,,,True
1791537300,2026-10-09T09:15:00Z,เก้าเลี้ยว,57,0.0,0.0,0.0,,,True
1791537300,2026-10-09T09:15:00Z,วังโป่ง,123,0.0,0.0,0.0,,,True
1791537300,2026-10-09T09:15:00Z,บึงสามพัน,194,0.0,0.0,0.0,,,True
1791537300,2026-10-09T09:15:00Z,น้ำหนาว,231,0.0,0.0,0.0,,,True
1791537300,2026-10-09T09:15:00Z,ศรีเทพ,204,0.0,0.0,0.0,,,True
1791537300,2026-10-09T09:15:00Z,หนองไผ่,315,0.007,0.772,0.0254,,15,True
1791537300,2026-10-09T09:15:00Z,มหาราช,4,0.0,0.0,0.0,,,False
1791537300,2026-10-09T09:15:00Z,บ้านแพรก,10,0.0,0.0,0.0,,,True
1791537300,2026-10-09T09:15:00Z,บางมูลนาก,99,0.0,0.0,0.0,,,True
1791537300,2026-10-09T09:15:00Z,โพทะเล,131,0.0,0.0,0.0,,,True
1791537300,2026-10-09T09:15:00Z,โพธิ์ประทับช้าง,102,0.0,0.0,0.0,,,True
1791537300,2026-10-09T09:15:00Z,ตะพานหิน,109,0.0,0.0,0.0,,,True
1791537300,2026-10-09T09:15:00Z,เมืองพิจิตร,138,0.0,0.0,0.0,,,True
1791537300,2026-10-09T09:15:00Z,วังทรายพูน,66,0.0,0.0,0.0,,,True
1791537300,2026-10-09T09:15:00Z,พิชัย,176,0.0,0.0,0.0,,,True
1791537300,2026-10-09T09:15:00Z,ลับแล,116,0.0,0.0,0.0,,,True
1791537300,2026-10-09T09:15:00Z,ฟากท่า,163,0.0,0.0,0.0,,,True
1791537300,2026-10-09T09:15:00Z,บ้านโคก,247,0.0,0.0,0.0,,,True
1791537300,2026-10-09T09:15:00Z,ท่าปลา,442,0.0,0.0,0.0,,,True
1791537300,2026-10-09T09:15:00Z,น้ำปาด,363,0.0,0.0,0.0,,,True
1791537300,2026-10-09T09:15:00Z,เมืองอุตรดิตถ์,202,0.0,0.0,0.0,,,True
1791537300,2026-10-09T09:15:00Z,ตรอน,80,0.0,0.0,0.0,,,True
1791537300,2026-10-09T09:15:00Z,หล่มเก่า,246,0.0,0.0,0.0,,,True
1791537300,2026-10-09T09:15:00Z,วิเชียรบุรี,377,0.0,0.098,0.0027,,105,True
1791537300,2026-10-09T09:15:00Z,ชนแดน,279,0.0,0.0,0.0,,,True
1791537300,2026-10-09T09:15:00Z,หล่มสัก,350,0.0,0.0,0.0,,,True
1791537300,2026-10-09T09:15:00Z,เมืองเพชรบูรณ์,571,0.0,0.0,0.0,,,True
1791537300,2026-10-09T09:15:00Z,ทองแสนขัน,185,0.0,0.0,0.0,,,True
1791537300,2026-10-09T09:15:00Z,บึงสามัคคี,71,0.0,0.0,0.0,,,True
1791537300,2026-10-09T09:15:00Z,โกสัมพีนคร,137,0.0,0.0,0.0,,,True
1791537300,2026-10-09T09:15:00Z,สอง,380,0.0,0.0,0.0,,,True
1791537300,2026-10-09T09:15:00Z,วังชิ้น,255,0.0,0.0,0.0,,,True
1791537300,2026-10-09T09:15:00Z,สูงเม่น,88,0.0,0.0,0.0,,,True
1791537300,2026-10-09T09:15:00Z,เด่นชัย,135,0.0,0.0,0.0,,,True
1791537300,2026-10-09T09:15:00Z,ร้องกวาง,221,0.0,0.0,0.0,,,True
1791537300,2026-10-09T09:15:00Z,ลอง,317,0.0,0.0,0.0,,,True
1791537300,2026-10-09T09:15:00Z,เมืองแพร่,205,0.0,0.0,0.0,,,True
1791537300,2026-10-09T09:15:00Z,ทัพทัน,94,0.0,0.0,0.0,,,True
1791537300,2026-10-09T09:15:00Z,สว่างอารมณ์,110,0.0,0.0,0.0,,,True
1791537300,2026-10-09T09:15:00Z,เมืองอุทัยธานี,59,0.0,0.0,0.0,,,True
1791537300,2026-10-09T09:15:00Z,ห้วยคต,94,0.0,0.0,0.0,,,True
1791537300,2026-10-09T09:15:00Z,ศรีสวัสดิ์,440,0.0,0.0,0.0,,,True
1791537300,2026-10-09T09:15:00Z,บ้านไร่,821,0.0,0.0,0.0,,,True
1791537300,2026-10-09T09:15:00Z,ลานสัก,360,0.0,0.0,0.0,,,True
1791537300,2026-10-09T09:15:00Z,หนองฉาง,89,0.0,0.0,0.0,,,True
1791537300,2026-10-09T09:15:00Z,หนองขาหย่าง,43,0.0,0.0,0.0,,,True
1791537300,2026-10-09T09:15:00Z,เชียงม่วน,82,0.0,0.0,0.0,,,True
1791537300,2026-10-09T09:15:00Z,ดอกคำใต้,37,0.0,0.0,0.0,,,True
1791537300,2026-10-09T09:15:00Z,เมืองพะเยา,6,0.0,0.0,0.0,,,True
1791537300,2026-10-09T09:15:00Z,ทองผาภูมิ,851,0.0,0.0,0.0,,,True
1791537300,2026-10-09T09:15:00Z,สังขละบุรี,793,0.0,0.098,0.0025,,30,True
1791537300,2026-10-09T09:15:00Z,หนองม่วงไข่,35,0.0,0.0,0.0,,,True
1791537300,2026-10-09T09:15:00Z,ภูเวียง,81,0.0,0.0,0.0,,,True
1791537300,2026-10-09T09:15:00Z,มัญจาคีรี,50,0.0,0.0,0.0,,,True
1791537300,2026-10-09T09:15:00Z,หนองปรือ,104,0.0,0.0,0.0,,,True
1791537300,2026-10-09T09:15:00Z,เลาขวัญ,123,0.0,0.0,0.0,,,True
1791537300,2026-10-09T09:15:00Z,หนองนาคำ,43,0.0,0.0,0.0,,,True
1791537300,2026-10-09T09:15:00Z,โคกโพธิ์ไชย,65,0.0,0.0,0.0,,,True
1791537300,2026-10-09T09:15:00Z,บ้านหลวง,91,0.0,0.0,0.0,,,True
1791537300,2026-10-09T09:15:00Z,นาน้อย,266,0.0,0.0,0.0,,,True
1791537300,2026-10-09T09:15:00Z,ภูผาม่าน,74,0.0,0.0,0.0,,,True
1791537300,2026-10-09T09:15:00Z,เมืองน่าน,161,0.0,0.0,0.0,,,True
1791537300,2026-10-09T09:15:00Z,แม่จริม,262,0.0,0.0,0.0,,,True
1791537300,2026-10-09T09:15:00Z,เวียงเก่า,78,0.0,0.0,0.0,,,True
1791537300,2026-10-09T09:15:00Z,เมืองกำแพงเพชร,368,0.0,0.0,0.0,,,True
1791537300,2026-10-09T09:15:00Z,ไทรงาม,133,0.0,0.0,0.0,,,True
1791537300,2026-10-09T09:15:00Z,ปางศิลาทอง,186,0.031,0.946,0.0645,,60,True
1791537300,2026-10-09T09:15:00Z,ลานกระบือ,103,0.0,0.0,0.0,,,True
1791537300,2026-10-09T09:15:00Z,ทรายทองวัฒนา,53,0.0,0.0,0.0,,,True
1791537300,2026-10-09T09:15:00Z,คลองขลุง,179,0.0,0.0,0.0,,,True
1791537300,2026-10-09T09:15:00Z,พรานกระต่าย,252,0.0,0.0,0.0,,,True
1791537300,2026-10-09T09:15:00Z,คลองลาน,363,0.013,1.184,0.0303,,15,True
1791537300,2026-10-09T09:15:00Z,ขาณุวรลักษบุรี,296,0.0,0.0,0.0,,,True
1791537300,2026-10-09T09:15:00Z,ภูเพียง,113,0.0,0.0,0.0,,,True
1791537300,2026-10-09T09:15:00Z,นาหมื่น,245,0.0,0.0,0.0,,,True
1791537300,2026-10-09T09:15:00Z,เวียงสา,543,0.0,0.0,0.0,,,True
1791537300,2026-10-09T09:15:00Z,น้ำโสม,153,0.0,0.0,0.0,,,True
1791537300,2026-10-09T09:15:00Z,นายูง,126,0.0,0.0,0.0,,,True
1791537300,2026-10-09T09:15:00Z,ชุมแพ,173,0.0,0.0,0.0,,,True
1791537300,2026-10-09T09:15:00Z,สีชมพู,132,0.0,0.0,0.0,,,True
1791537300,2026-10-09T09:15:00Z,สุวรรณคูหา,140,0.0,0.0,0.0,,,True
1791537300,2026-10-09T09:15:00Z,นาวัง,65,0.0,0.0,0.0,,,True
1791537300,2026-10-09T09:15:00Z,หนองเรือ,80,0.0,0.0,0.0,,,True
1791537300,2026-10-09T09:15:00Z,โนนสัง,51,0.0,0.0,0.0,,,True
1791537300,2026-10-09T09:15:00Z,ศรีบุญเรือง,224,0.0,0.0,0.0,,,True
1791537300,2026-10-09T09:15:00Z,เมืองหนองบัวลำภู,217,0.0,0.0,0.0,,,True
1791537300,2026-10-09T09:15:00Z,นากลาง,173,0.0,0.0,0.0,,,True
1791537300,2026-10-09T09:15:00Z,ทุ่งเสลี่ยม,144,0.0,0.0,0.0,,,True
1791537300,2026-10-09T09:15:00Z,ดอยหล่อ,56,0.0,0.0,0.0,,,True
1791537300,2026-10-09T09:15:00Z,เมืองตาก,486,0.0,0.0,0.0,,,True
1791537300,2026-10-09T09:15:00Z,แม่ออน,116,0.0,0.0,0.0,,,True
1791537300,2026-10-09T09:15:00Z,อุ้มผาง,1209,0.0,0.0,0.0,,,True
1791537300,2026-10-09T09:15:00Z,วังเจ้า,183,0.0,0.0,0.0,,,True
1791537300,2026-10-09T09:15:00Z,แม่สอด,398,0.0,0.0,0.0,,,True
1791537300,2026-10-09T09:15:00Z,พบพระ,249,0.0,0.0,0.0,,,True
1791537300,2026-10-09T09:15:00Z,แม่ระมาด,380,0.0,0.0,0.0,,,True
1791537300,2026-10-09T09:15:00Z,ท่าสองยาง,401,0.0,0.0,0.0,,,True
1791537300,2026-10-09T09:15:00Z,บ้านตาก,255,0.0,0.0,0.0,,,True
1791537300,2026-10-09T09:15:00Z,สามเงา,698,0.0,0.0,0.0,,,True
1791537300,2026-10-09T09:15:00Z,จอมทอง,280,0.0,0.0,0.0,,,True
1791537300,2026-10-09T09:15:00Z,แก้งสนามนาง,79,0.0,0.0,0.0,,,True
1791537300,2026-10-09T09:15:00Z,สีคิ้ว,292,0.0,0.0,0.0,,,True
1791537300,2026-10-09T09:15:00Z,พระทองคำ,90,0.0,0.0,0.0,,,True
1791537300,2026-10-09T09:15:00Z,เทพารักษ์,92,0.0,0.0,0.0,,,True
1791537300,2026-10-09T09:15:00Z,สันกำแพง,65,0.0,0.0,0.0,,,True
1791537300,2026-10-09T09:15:00Z,สันป่าตอง,44,0.0,0.0,0.0,,,True
1791537300,2026-10-09T09:15:00Z,ดอยเต่า,213,0.0,0.0,0.0,,,True
1791537300,2026-10-09T09:15:00Z,อมก๋อย,704,0.0,0.0,0.0,,,True
1791537300,2026-10-09T09:15:00Z,ฮอด,378,0.0,0.0,0.0,,,True
1791537300,2026-10-09T09:15:00Z,เมืองลำพูน,117,0.0,0.0,0.0,,,True
1791537300,2026-10-09T09:15:00Z,แม่ทา,192,0.0,0.0,0.0,,,True
1791537300,2026-10-09T09:15:00Z,บ้านธิ,34,0.0,0.0,0.0,,,True
1791537300,2026-10-09T09:15:00Z,บ้านหมอ,24,0.0,0.0,0.0,,,True
1791537300,2026-10-09T09:15:00Z,เวียงหนองล่อง,14,0.0,0.0,0.0,,,True
1791537300,2026-10-09T09:15:00Z,ทุ่งหัวช้าง,113,0.0,0.0,0.0,,,True
1791537300,2026-10-09T09:15:00Z,ป่าซาง,74,0.0,0.0,0.0,,,True
1791537300,2026-10-09T09:15:00Z,บ้านโฮ่ง,124,0.0,0.0,0.0,,,True
1791537300,2026-10-09T09:15:00Z,แก่งคอย,73,0.0,0.0,0.0,,,True
1791537300,2026-10-09T09:15:00Z,ลี้,454,0.0,0.0,0.0,,,True
1791537300,2026-10-09T09:15:00Z,พระพุทธบาท,55,0.0,0.0,0.0,,,True
1791537300,2026-10-09T09:15:00Z,ดอนพุด,7,0.0,0.0,0.0,,,True
1791537300,2026-10-09T09:15:00Z,หนองโดน,31,0.0,0.0,0.0,,,True
1791537300,2026-10-09T09:15:00Z,เมืองลำปาง,300,0.0,0.0,0.0,,,True
1791537300,2026-10-09T09:15:00Z,เถิน,443,0.0,0.0,0.0,,,True
1791537300,2026-10-09T09:15:00Z,แม่พริก,167,0.0,0.0,0.0,,,True
1791537300,2026-10-09T09:15:00Z,แจ้ห่ม,274,0.0,0.0,0.0,,,True
1791537300,2026-10-09T09:15:00Z,แม่เปิน,85,0.0,0.0,0.0,,,True
1791537300,2026-10-09T09:15:00Z,เสริมงาม,185,0.0,0.0,0.0,,,True
1791537300,2026-10-09T09:15:00Z,ชุมตาบง,61,0.0,0.0,0.0,,,True
1791537300,2026-10-09T09:15:00Z,งาว,344,0.0,0.0,0.0,,,True
1791537300,2026-10-09T09:15:00Z,ตากฟ้า,125,0.0,0.0,0.0,,,True
1791537300,2026-10-09T09:15:00Z,แม่เมาะ,283,0.0,0.0,0.0,,,True
1791537300,2026-10-09T09:15:00Z,แม่วงก์,257,0.0,0.0,0.0,,,True
1791537300,2026-10-09T09:15:00Z,เกาะคา,128,0.0,0.0,0.0,,,True
1791537300,2026-10-09T09:15:00Z,พยุหะคีรี,169,0.0,0.0,0.0,,,True
1791537300,2026-10-09T09:15:00Z,ลาดยาว,187,0.0,0.0,0.0,,,True
1791537300,2026-10-09T09:15:00Z,สบปราบ,125,0.0,0.0,0.0,,,True
1791537300,2026-10-09T09:15:00Z,ห้างฉัตร,154,0.0,0.0,0.0,,,True
1791537300,2026-10-09T09:15:00Z,แม่ทะ,203,0.0,0.0,0.0,,,True
1791537300,2026-10-09T09:15:00Z,เมืองปาน,202,0.0,0.0,0.0,,,True
1791537300,2026-10-09T09:15:00Z,เมืองอ่างทอง,6,0.0,0.0,0.0,,,True
1791537300,2026-10-09T09:15:00Z,ไชโย,20,0.0,0.0,0.0,,,True
1791537300,2026-10-09T09:15:00Z,สามโก้,10,0.0,0.0,0.0,,,True
1791537300,2026-10-09T09:15:00Z,แสวงหา,43,0.0,0.0,0.0,,,True
1791537300,2026-10-09T09:15:00Z,วิเศษชัยชาญ,7,0.0,0.0,0.0,,,True
1791537300,2026-10-09T09:15:00Z,โพธิ์ทอง,48,0.0,0.0,0.0,,,True
1791537300,2026-10-09T09:15:00Z,เมืองลพบุรี,190,0.0,0.0,0.0,,,True
1791537300,2026-10-09T09:15:00Z,เดิมบางนางบวช,130,0.0,0.0,0.0,,,True
1791537300,2026-10-09T09:15:00Z,ด่านช้าง,309,0.0,0.0,0.0,,,True
1791537300,2026-10-09T09:15:00Z,หนองม่วง,111,0.0,0.0,0.0,,,True
1791537300,2026-10-09T09:15:00Z,ลำสนธิ,136,0.0,0.0,0.0,,,True
1791537300,2026-10-09T09:15:00Z,สามชุก,77,0.0,0.0,0.0,,,True
1791537300,2026-10-09T09:15:00Z,ดอนเจดีย์,72,0.0,0.0,0.0,,,True
1791537300,2026-10-09T09:15:00Z,สระโบสถ์,83,0.0,0.0,0.0,,,True
1791537300,2026-10-09T09:15:00Z,ศรีประจันต์,41,0.0,0.0,0.0,,,True
1791537300,2026-10-09T09:15:00Z,โคกเจริญ,135,0.0,0.0,0.0,,,True
1791537300,2026-10-09T09:15:00Z,บ้านหมี่,136,0.0,0.0,0.0,,,True
1791537300,2026-10-09T09:15:00Z,ท่าหลวง,100,0.0,0.0,0.0,,,True
1791537300,2026-10-09T09:15:00Z,ชัยบาดาล,280,0.0,0.0,0.0,,,True
1791537300,2026-10-09T09:15:00Z,ท่าวุ้ง,64,0.0,0.0,0.0,,,True
1791537300,2026-10-09T09:15:00Z,พัฒนานิคม,217,0.0,0.0,0.0,,,True
1791537300,2026-10-09T09:15:00Z,โคกสำโรง,180,0.0,0.0,0.0,,,True
1791537300,2026-10-09T09:15:00Z,หนองหญ้าไซ,108,0.0,0.0,0.0,,,True
1791537300,2026-10-09T09:15:00Z,ท่าช้าง,11,0.0,0.0,0.0,,,True
1791537300,2026-10-09T09:15:00Z,อินทร์บุรี,66,0.0,0.0,0.0,,,True
1791537300,2026-10-09T09:15:00Z,ค่ายบางระจัน,26,0.0,0.0,0.0,,,True
1791537300,2026-10-09T09:15:00Z,พรหมบุรี,19,0.0,0.0,0.0,,,True
1791537300,2026-10-09T09:15:00Z,เนินสง่า,65,0.0,0.0,0.0,,,True
1791537300,2026-10-09T09:15:00Z,เมืองสิงห์บุรี,31,0.0,0.0,0.0,,,True
1791537300,2026-10-09T09:15:00Z,ซับใหญ่,72,0.0,0.0,0.0,,,True
1791537300,2026-10-09T09:15:00Z,บางระจัน,46,0.0,0.0,0.0,,,True
1791537300,2026-10-09T09:15:00Z,ภูกระดึง,190,0.0,0.0,0.0,,,True
1791537300,2026-10-09T09:15:00Z,ภูหลวง,145,0.0,0.0,0.0,,,True
1791537300,2026-10-09T09:15:00Z,หนองหิน,78,0.0,0.0,0.0,,,True
1791537300,2026-10-09T09:15:00Z,ผาขาว,100,0.0,0.0,0.0,,,True
1791537300,2026-10-09T09:15:00Z,เอราวัณ,87,0.0,0.0,0.0,,,True
1791537300,2026-10-09T09:15:00Z,วังสะพุง,281,0.0,0.0,0.0,,,True
1791537300,2026-10-09T09:15:00Z,วังม่วง,70,0.0,0.0,0.0,,,True
1791537300,2026-10-09T09:15:00Z,เฉลิมพระเกียรติ,35,0.0,0.0,0.0,,,True
1791537300,2026-10-09T09:15:00Z,มวกเหล็ก,175,0.0,0.0,0.0,,,True
1791537300,2026-10-09T09:15:00Z,บ้านเขว้า,124,0.0,0.0,0.0,,,True
1791537300,2026-10-09T09:15:00Z,คอนสวรรค์,113,0.0,0.0,0.0,,,True
1791537300,2026-10-09T09:15:00Z,เมืองชัยภูมิ,358,0.0,0.0,0.0,,,True
1791537300,2026-10-09T09:15:00Z,วังทอง,425,0.0,0.0,0.0,,,True
1791537300,2026-10-09T09:15:00Z,เนินมะปราง,276,0.0,0.0,0.0,,,True
1791537300,2026-10-09T09:15:00Z,สวรรคโลก,156,0.0,0.0,0.0,,,True
1791537300,2026-10-09T09:15:00Z,ศรีนคร,46,0.0,0.0,0.0,,,True
1791537300,2026-10-09T09:15:00Z,หันคา,139,0.0,0.0,0.0,,,True
1791537300,2026-10-09T09:15:00Z,ศรีสัชนาลัย,534,0.0,0.0,0.0,,,True
1791537300,2026-10-09T09:15:00Z,หนองมะโมง,76,0.0,0.0,0.0,,,True
1791537300,2026-10-09T09:15:00Z,ศรีสำโรง,142,0.0,0.0,0.0,,,True
1791537300,2026-10-09T09:15:00Z,สรรพยา,55,0.0,0.0,0.0,,,True
1791537300,2026-10-09T09:15:00Z,คีรีมาศ,171,0.0,0.0,0.0,,,True
1791537300,2026-10-09T09:15:00Z,สรรคบุรี,89,0.0,0.0,0.0,,,True
1791537300,2026-10-09T09:15:00Z,กงไกรลาศ,108,0.0,0.0,0.0,,,True
1791537300,2026-10-09T09:15:00Z,มโนรมย์,66,0.0,0.0,0.0,,,True
1791537300,2026-10-09T09:15:00Z,เมืองสุโขทัย,136,0.0,0.0,0.0,,,True
1791537300,2026-10-09T09:15:00Z,วัดสิงห์,67,0.0,0.0,0.0,,,True
1791537300,2026-10-09T09:15:00Z,บ้านด่านลานหอย,231,0.0,0.0,0.0,,,True
1791537300,2026-10-09T09:15:00Z,เมืองชัยนาท,70,0.0,0.0,0.0,,,True
1791537300,2026-10-09T09:15:00Z,เนินขาม,65,0.0,0.0,0.0,,,True
1791537300,2026-10-09T09:15:00Z,คอนสาร,334,0.0,0.0,0.0,,,True
1791537300,2026-10-09T09:15:00Z,ภักดีชุมพล,154,0.0,0.0,0.0,,,True
1791537300,2026-10-09T09:15:00Z,บ้านแท่น,76,0.0,0.0,0.0,,,True
1791537300,2026-10-09T09:15:00Z,แก้งคร้อ,168,0.0,0.0,0.0,,,True
1791537300,2026-10-09T09:15:00Z,ภูเขียว,201,0.0,0.0,0.0,,,True
1791537300,2026-10-09T09:15:00Z,หนองบัวระเหว,179,0.0,0.0,0.0,,,True
1791537300,2026-10-09T09:15:00Z,เทพสถิต,239,0.0,0.0,0.0,,,True
1791537300,2026-10-09T09:15:00Z,จัตุรัส,172,0.0,0.0,0.0,,,True
1791537300,2026-10-09T09:15:00Z,บำเหน็จณรงค์,120,0.0,0.0,0.0,,,True
1791537300,2026-10-09T09:15:00Z,เกษตรสมบูรณ์,268,0.0,0.0,0.0,,,True
1791537300,2026-10-09T09:15:00Z,หนองบัวแดง,537,0.0,0.0,0.0,,,True
1791537300,2026-10-09T09:15:00Z,ภูเรือ,168,0.0,0.0,0.0,,,True
1791537300,2026-10-09T09:15:00Z,ท่าลี่,171,0.0,0.0,0.0,,,True
1791537300,2026-10-09T09:15:00Z,วชิรบารมี,68,0.0,0.0,0.0,,,True
1791537300,2026-10-09T09:15:00Z,ด่านซ้าย,341,0.0,0.0,0.0,,,True
1791537300,2026-10-09T09:15:00Z,นาแห้ว,153,0.0,0.0,0.0,,,True
1791537300,2026-10-09T09:15:00Z,บึงนาราง,74,0.0,0.0,0.0,,,True
1791537300,2026-10-09T09:15:00Z,เชียงคาน,213,0.0,0.0,0.0,,,True
1791537300,2026-10-09T09:15:00Z,ดงเจริญ,56,0.0,0.0,0.0,,,True
1791537300,2026-10-09T09:15:00Z,ปากชม,240,0.0,0.0,0.0,,,True
1791537300,2026-10-09T09:15:00Z,เมืองเลย,314,0.0,0.0,0.0,,,True
1791537300,2026-10-09T09:15:00Z,นาด้วง,143,0.0,0.0,0.0,,,True
1791537300,2026-10-09T09:15:00Z,สากเหล็ก,45,0.0,0.0,0.0,,,True
1791537300,2026-10-09T09:15:00Z,สามง่าม,89,0.0,0.0,0.0,,,True
1791537300,2026-10-09T09:15:00Z,ทับคล้อ,104,0.0,0.0,0.0,,,True
1791537300,2026-10-09T09:15:00Z,พรหมพิราม,206,0.0,0.0,0.0,,,True
1791537300,2026-10-09T09:15:00Z,ด่านขุนทด,344,0.0,0.0,0.0,,,True
1791537300,2026-10-09T09:15:00Z,วัดโบสถ์,226,0.0,0.0,0.0,,,True
1791537300,2026-10-09T09:15:00Z,บางระกำ,246,0.0,0.0,0.0,,,True
1791537300,2026-10-09T09:15:00Z,บางกระทุ่ม,91,0.0,0.0,0.0,,,True
1791537300,2026-10-09T09:15:00Z,นครไทย,597,0.0,0.0,0.0,,,True
1791537300,2026-10-09T09:15:00Z,ชาติตระการ,415,0.0,0.0,0.0,,,True
1791537300,2026-10-09T09:15:00Z,บ้านเหลื่อม,55,0.0,0.0,0.0,,,True
1791537300,2026-10-09T09:15:00Z,เมืองพิษณุโลก,178,0.0,0.0,0.0,,,True
1791537300,2026-10-09T09:15:00Z,ชุมแสง,145,0.0,0.0,0.0,,,True
1791537300,2026-10-09T09:15:00Z,หนองบัว,208,0.0,0.0,0.0,,,True
1791537300,2026-10-09T09:15:00Z,เมืองนครสวรรค์,183,0.0,0.0,0.0,,,True
1791537300,2026-10-09T09:15:00Z,โกรกพระ,71,0.0,0.0,0.0,,,True
1791537300,2026-10-09T09:15:00Z,ไพศาลี,244,0.0,0.0,0.0,,,True
1791537300,2026-10-09T09:15:00Z,ตาคลี,206,0.0,0.0,0.0,,,True
1791537300,2026-10-09T09:15:00Z,ท่าตะโก,211,0.0,0.0,0.0,,,True
1791537300,2026-10-09T09:15:00Z,เขาค้อ,207,0.0,0.0,0.0,,,True
1791537300,2026-10-09T09:15:00Z,บรรพตพิสัย,181,0.0,0.0,0.0,,,True
1791537300,2026-10-09T09:15:00Z,เก้าเลี้ยว,57,0.0,0.0,0.0,,,True
1791537300,2026-10-09T09:15:00Z,วังโป่ง,123,0.0,0.0,0.0,,,True
1791537300,2026-10-09T09:15:00Z,บึงสามพัน,194,0.0,0.0,0.0,,,True
1791537300,2026-10-09T09:15:00Z,น้ำหนาว,231,0.0,0.0,0.0,,,True
1791537300,2026-10-09T09:15:00Z,ศรีเทพ,204,0.0,0.0,0.0,,,True
1791537300,2026-10-09T09:15:00Z,หนองไผ่,315,0.007,0.772,0.0254,,15,True
1791537300,2026-10-09T09:15:00Z,มหาราช,4,0.0,0.0,0.0,,,False
1791537300,2026-10-09T09:15:00Z,บ้านแพรก,10,0.0,0.0,0.0,,,True
1791537300,2026-10-09T09:15:00Z,บางมูลนาก,99,0.0,0.0,0.0,,,True
1791537300,2026-10-09T09:15:00Z,โพทะเล,131,0.0,0.0,0.0,,,True
1791537300,2026-10-09T09:15:00Z,โพธิ์ประทับช้าง,102,0.0,0.0,0.0,,,True
1791537300,2026-10-09T09:15:00Z,ตะพานหิน,109,0.0,0.0,0.0,,,True
1791537300,2026-10-09T09:15:00Z,เมืองพิจิตร,138,0.0,0.0,0.0,,,True
1791537300,2026-10-09T09:15:00Z,วังทรายพูน,66,0.0,0.0,0.0,,,True
1791539100,2026-10-09T09:45:00Z,พิชัย,176,0.0,0.0,0.0,,,True
1791539100,2026-10-09T09:45:00Z,ลับแล,116,0.0,0.0,0.0,,,True
1791539100,2026-10-09T09:45:00Z,ฟากท่า,163,0.0,0.0,0.0,,,True
1791539100,2026-10-09T09:45:00Z,บ้านโคก,247,0.0,0.0,0.0,,,True
1791539100,2026-10-09T09:45:00Z,ท่าปลา,442,0.0,0.0,0.0,,,True
1791539100,2026-10-09T09:45:00Z,น้ำปาด,363,0.0,0.0,0.0,,,True
1791539100,2026-10-09T09:45:00Z,เมืองอุตรดิตถ์,202,0.0,0.0,0.0,,,True
1791539100,2026-10-09T09:45:00Z,ตรอน,80,0.0,0.0,0.0,,,True
1791539100,2026-10-09T09:45:00Z,หล่มเก่า,246,0.0,0.0,0.0,,,True
1791539100,2026-10-09T09:45:00Z,วิเชียรบุรี,377,0.0,0.0,0.0,,,True
1791539100,2026-10-09T09:45:00Z,ชนแดน,279,0.0,0.0,0.0,,,True
1791539100,2026-10-09T09:45:00Z,หล่มสัก,350,0.0,0.0,0.0,,,True
1791539100,2026-10-09T09:45:00Z,เมืองเพชรบูรณ์,571,0.0,0.0,0.0,,,True
1791539100,2026-10-09T09:45:00Z,ทองแสนขัน,185,0.0,0.0,0.0,,,True
1791539100,2026-10-09T09:45:00Z,บึงสามัคคี,71,0.0,0.0,0.0,,,True
1791539100,2026-10-09T09:45:00Z,โกสัมพีนคร,137,0.0,0.0,0.0,,,True
1791539100,2026-10-09T09:45:00Z,สอง,380,0.0,0.0,0.0,,,True
1791539100,2026-10-09T09:45:00Z,วังชิ้น,255,0.0,0.0,0.0,,,True
1791539100,2026-10-09T09:45:00Z,สูงเม่น,88,0.0,0.0,0.0,,,True
1791539100,2026-10-09T09:45:00Z,เด่นชัย,135,0.0,0.0,0.0,,,True
1791539100,2026-10-09T09:45:00Z,ร้องกวาง,221,0.0,0.0,0.0,,,True
1791539100,2026-10-09T09:45:00Z,ลอง,317,0.0,0.0,0.0,,,True
1791539100,2026-10-09T09:45:00Z,เมืองแพร่,205,0.0,0.0,0.0,,,True
1791539100,2026-10-09T09:45:00Z,ทัพทัน,94,0.0,0.0,0.0,,,True
1791539100,2026-10-09T09:45:00Z,สว่างอารมณ์,110,0.0,0.0,0.0,,,True
1791539100,2026-10-09T09:45:00Z,เมืองอุทัยธานี,59,0.0,0.0,0.0,,,True
1791539100,2026-10-09T09:45:00Z,ห้วยคต,94,0.0,0.0,0.0,,,True
1791539100,2026-10-09T09:45:00Z,ศรีสวัสดิ์,440,0.0,0.0,0.0,,,True
1791539100,2026-10-09T09:45:00Z,บ้านไร่,821,0.007,0.592,0.0292,,45,True
1791539100,2026-10-09T09:45:00Z,ลานสัก,360,0.006,0.413,0.0222,,30,True
1791539100,2026-10-09T09:45:00Z,หนองฉาง,89,0.0,0.0,0.0,,,True
1791539100,2026-10-09T09:45:00Z,หนองขาหย่าง,43,0.0,0.0,0.0,,,True
1791539100,2026-10-09T09:45:00Z,เชียงม่วน,82,0.0,0.0,0.0,,,True
1791539100,2026-10-09T09:45:00Z,ดอกคำใต้,37,0.0,0.0,0.0,,,True
1791539100,2026-10-09T09:45:00Z,เมืองพะเยา,6,0.0,0.0,0.0,,,True
1791539100,2026-10-09T09:45:00Z,ทองผาภูมิ,851,0.0,0.0,0.0,,,True
1791539100,2026-10-09T09:45:00Z,สังขละบุรี,793,0.0,0.0,0.0,,,True
1791539100,2026-10-09T09:45:00Z,หนองม่วงไข่,35,0.0,0.0,0.0,,,True
1791539100,2026-10-09T09:45:00Z,ภูเวียง,81,0.0,0.0,0.0,,,True
1791539100,2026-10-09T09:45:00Z,มัญจาคีรี,50,0.0,0.0,0.0,,,True
1791539100,2026-10-09T09:45:00Z,หนองปรือ,104,0.0,0.0,0.0,,,True
1791539100,2026-10-09T09:45:00Z,เลาขวัญ,123,0.0,0.0,0.0,,,True
1791539100,2026-10-09T09:45:00Z,หนองนาคำ,43,0.0,0.0,0.0,,,True
1791539100,2026-10-09T09:45:00Z,โคกโพธิ์ไชย,65,0.0,0.0,0.0,,,True
1791539100,2026-10-09T09:45:00Z,บ้านหลวง,91,0.0,0.0,0.0,,,True
1791539100,2026-10-09T09:45:00Z,นาน้อย,266,0.0,0.0,0.0,,,True
1791539100,2026-10-09T09:45:00Z,ภูผาม่าน,74,0.0,0.0,0.0,,,True
1791539100,2026-10-09T09:45:00Z,เมืองน่าน,161,0.0,0.0,0.0,,,True
1791539100,2026-10-09T09:45:00Z,แม่จริม,262,0.0,0.0,0.0,,,True
1791539100,2026-10-09T09:45:00Z,เวียงเก่า,78,0.0,0.0,0.0,,,True
1791539100,2026-10-09T09:45:00Z,เมืองกำแพงเพชร,368,0.0,0.0,0.0,,,True
1791539100,2026-10-09T09:45:00Z,ไทรงาม,133,0.0,0.0,0.0,,,True
1791539100,2026-10-09T09:45:00Z,ปางศิลาทอง,186,0.0,0.0,0.0,,,True
1791539100,2026-10-09T09:45:00Z,ลานกระบือ,103,0.0,0.0,0.0,,,True
1791539100,2026-10-09T09:45:00Z,ทรายทองวัฒนา,53,0.0,0.0,0.0,,,True
1791539100,2026-10-09T09:45:00Z,คลองขลุง,179,0.0,0.0,0.0,,,True
1791539100,2026-10-09T09:45:00Z,พรานกระต่าย,252,0.0,0.0,0.0,,,True
1791539100,2026-10-09T09:45:00Z,คลองลาน,363,0.0,0.0,0.0,,,True
1791539100,2026-10-09T09:45:00Z,ขาณุวรลักษบุรี,296,0.0,0.0,0.0,,,True
1791539100,2026-10-09T09:45:00Z,ภูเพียง,113,0.0,0.0,0.0,,,True
1791539100,2026-10-09T09:45:00Z,นาหมื่น,245,0.0,0.0,0.0,,,True
1791539100,2026-10-09T09:45:00Z,เวียงสา,543,0.0,0.0,0.0,,,True
1791539100,2026-10-09T09:45:00Z,น้ำโสม,153,0.0,0.0,0.0,,,True
1791539100,2026-10-09T09:45:00Z,นายูง,126,0.0,0.0,0.0,,,True
1791539100,2026-10-09T09:45:00Z,ชุมแพ,173,0.0,0.0,0.0,,,True
1791539100,2026-10-09T09:45:00Z,สีชมพู,132,0.0,0.0,0.0,,,True
1791539100,2026-10-09T09:45:00Z,สุวรรณคูหา,140,0.0,0.0,0.0,,,True
1791539100,2026-10-09T09:45:00Z,นาวัง,65,0.0,0.0,0.0,,,True
1791539100,2026-10-09T09:45:00Z,หนองเรือ,80,0.0,0.0,0.0,,,True
1791539100,2026-10-09T09:45:00Z,โนนสัง,51,0.0,0.0,0.0,,,True
1791539100,2026-10-09T09:45:00Z,ศรีบุญเรือง,224,0.0,0.0,0.0,,,True
1791539100,2026-10-09T09:45:00Z,เมืองหนองบัวลำภู,217,0.0,0.0,0.0,,,True
1791539100,2026-10-09T09:45:00Z,นากลาง,173,0.0,0.0,0.0,,,True
1791539100,2026-10-09T09:45:00Z,ทุ่งเสลี่ยม,144,0.0,0.0,0.0,,,True
1791539100,2026-10-09T09:45:00Z,ดอยหล่อ,56,0.0,0.0,0.0,,,True
1791539100,2026-10-09T09:45:00Z,เมืองตาก,486,0.0,0.0,0.0,,,True
1791539100,2026-10-09T09:45:00Z,แม่ออน,116,0.0,0.0,0.0,,,True
1791539100,2026-10-09T09:45:00Z,อุ้มผาง,1209,0.0,0.0,0.0,,,True
1791539100,2026-10-09T09:45:00Z,วังเจ้า,183,0.0,0.0,0.0,,,True
1791539100,2026-10-09T09:45:00Z,แม่สอด,398,0.0,0.0,0.0,,,True
1791539100,2026-10-09T09:45:00Z,พบพระ,249,0.0,0.0,0.0,,,True
1791539100,2026-10-09T09:45:00Z,แม่ระมาด,380,0.0,0.0,0.0,,,True
1791539100,2026-10-09T09:45:00Z,ท่าสองยาง,401,0.0,0.0,0.0,,,True
1791539100,2026-10-09T09:45:00Z,บ้านตาก,255,0.0,0.0,0.0,,,True
1791539100,2026-10-09T09:45:00Z,สามเงา,698,0.0,0.0,0.0,,,True
1791539100,2026-10-09T09:45:00Z,จอมทอง,280,0.0,0.0,0.0,,,True
1791539100,2026-10-09T09:45:00Z,แก้งสนามนาง,79,0.0,0.0,0.0,,,True
1791539100,2026-10-09T09:45:00Z,สีคิ้ว,292,0.0,0.0,0.0,,,True
1791539100,2026-10-09T09:45:00Z,พระทองคำ,90,0.0,0.0,0.0,,,True
1791539100,2026-10-09T09:45:00Z,เทพารักษ์,92,0.0,0.0,0.0,,,True
1791539100,2026-10-09T09:45:00Z,สันกำแพง,65,0.0,0.0,0.0,,,True
1791539100,2026-10-09T09:45:00Z,สันป่าตอง,44,0.0,0.0,0.0,,,True
1791539100,2026-10-09T09:45:00Z,ดอยเต่า,213,0.0,0.0,0.0,,,True
1791539100,2026-10-09T09:45:00Z,อมก๋อย,704,0.0,0.0,0.0,,,True
1791539100,2026-10-09T09:45:00Z,ฮอด,378,0.0,0.0,0.0,,,True
1791539100,2026-10-09T09:45:00Z,เมืองลำพูน,117,0.0,0.0,0.0,,,True
1791539100,2026-10-09T09:45:00Z,แม่ทา,192,0.0,0.0,0.0,,,True
1791539100,2026-10-09T09:45:00Z,บ้านธิ,34,0.0,0.0,0.0,,,True
1791539100,2026-10-09T09:45:00Z,บ้านหมอ,24,0.0,0.0,0.0,,,True
1791539100,2026-10-09T09:45:00Z,เวียงหนองล่อง,14,0.0,0.0,0.0,,,True
1791539100,2026-10-09T09:45:00Z,ทุ่งหัวช้าง,113,0.0,0.0,0.0,,,True
1791539100,2026-10-09T09:45:00Z,ป่าซาง,74,0.0,0.0,0.0,,,True
1791539100,2026-10-09T09:45:00Z,บ้านโฮ่ง,124,0.0,0.0,0.0,,,True
1791539100,2026-10-09T09:45:00Z,แก่งคอย,73,0.0,0.0,0.0,,,True
1791539100,2026-10-09T09:45:00Z,ลี้,454,0.0,0.0,0.0,,,True
1791539100,2026-10-09T09:45:00Z,พระพุทธบาท,55,0.0,0.0,0.0,,,True
1791539100,2026-10-09T09:45:00Z,ดอนพุด,7,0.0,0.0,0.0,,,True
1791539100,2026-10-09T09:45:00Z,หนองโดน,31,0.0,0.0,0.0,,,True
1791539100,2026-10-09T09:45:00Z,เมืองลำปาง,300,0.0,0.0,0.0,,,True
1791539100,2026-10-09T09:45:00Z,เถิน,443,0.0,0.0,0.0,,,True
1791539100,2026-10-09T09:45:00Z,แม่พริก,167,0.0,0.0,0.0,,,True
1791539100,2026-10-09T09:45:00Z,แจ้ห่ม,274,0.0,0.0,0.0,,,True
1791539100,2026-10-09T09:45:00Z,แม่เปิน,85,0.014,0.413,0.0471,,15,True
1791539100,2026-10-09T09:45:00Z,เสริมงาม,185,0.0,0.0,0.0,,,True
1791539100,2026-10-09T09:45:00Z,ชุมตาบง,61,0.0,0.0,0.0,,,True
1791539100,2026-10-09T09:45:00Z,งาว,344,0.0,0.0,0.0,,,True
1791539100,2026-10-09T09:45:00Z,ตากฟ้า,125,0.0,0.0,0.0,,,True
1791539100,2026-10-09T09:45:00Z,แม่เมาะ,283,0.0,0.0,0.0,,,True
1791539100,2026-10-09T09:45:00Z,แม่วงก์,257,0.0,0.0,0.0,,,True
1791539100,2026-10-09T09:45:00Z,เกาะคา,128,0.0,0.0,0.0,,,True
1791539100,2026-10-09T09:45:00Z,พยุหะคีรี,169,0.0,0.0,0.0,,,True
1791539100,2026-10-09T09:45:00Z,ลาดยาว,187,0.0,0.0,0.0,,,True
1791539100,2026-10-09T09:45:00Z,สบปราบ,125,0.0,0.0,0.0,,,True
1791539100,2026-10-09T09:45:00Z,ห้างฉัตร,154,0.0,0.0,0.0,,,True
1791539100,2026-10-09T09:45:00Z,แม่ทะ,203,0.0,0.0,0.0,,,True
1791539100,2026-10-09T09:45:00Z,เมืองปาน,202,0.0,0.0,0.0,,,True
1791539100,2026-10-09T09:45:00Z,เมืองอ่างทอง,6,0.0,0.0,0.0,,,True
1791539100,2026-10-09T09:45:00Z,ไชโย,20,0.0,0.0,0.0,,,True
1791539100,2026-10-09T09:45:00Z,สามโก้,10,0.0,0.0,0.0,,,True
1791539100,2026-10-09T09:45:00Z,แสวงหา,43,0.0,0.0,0.0,,,True
1791539100,2026-10-09T09:45:00Z,วิเศษชัยชาญ,7,0.0,0.0,0.0,,,True
1791539100,2026-10-09T09:45:00Z,โพธิ์ทอง,48,0.0,0.0,0.0,,,True
1791539100,2026-10-09T09:45:00Z,เมืองลพบุรี,190,0.0,0.0,0.0,,,True
1791539100,2026-10-09T09:45:00Z,เดิมบางนางบวช,130,0.0,0.0,0.0,,,True
1791539100,2026-10-09T09:45:00Z,ด่านช้าง,309,0.0,0.0,0.0,,,True
1791539100,2026-10-09T09:45:00Z,หนองม่วง,111,0.0,0.0,0.0,,,True
1791539100,2026-10-09T09:45:00Z,ลำสนธิ,136,0.0,0.0,0.0,,,True
1791539100,2026-10-09T09:45:00Z,สามชุก,77,0.0,0.0,0.0,,,True
1791539100,2026-10-09T09:45:00Z,ดอนเจดีย์,72,0.0,0.0,0.0,,,True
1791539100,2026-10-09T09:45:00Z,สระโบสถ์,83,0.0,0.0,0.0,,,True
1791539100,2026-10-09T09:45:00Z,ศรีประจันต์,41,0.0,0.0,0.0,,,True
1791539100,2026-10-09T09:45:00Z,โคกเจริญ,135,0.0,0.0,0.0,,,True
1791539100,2026-10-09T09:45:00Z,บ้านหมี่,136,0.0,0.0,0.0,,,True
1791539100,2026-10-09T09:45:00Z,ท่าหลวง,100,0.0,0.0,0.0,,,True
1791539100,2026-10-09T09:45:00Z,ชัยบาดาล,280,0.019,0.592,0.0714,,30,True
1791539100,2026-10-09T09:45:00Z,ท่าวุ้ง,64,0.0,0.0,0.0,,,True
1791539100,2026-10-09T09:45:00Z,พัฒนานิคม,217,0.014,0.592,0.0553,,90,True
1791539100,2026-10-09T09:45:00Z,โคกสำโรง,180,0.0,0.0,0.0,,,True
1791539100,2026-10-09T09:45:00Z,หนองหญ้าไซ,108,0.0,0.0,0.0,,,True
1791539100,2026-10-09T09:45:00Z,ท่าช้าง,11,0.0,0.0,0.0,,,True
1791539100,2026-10-09T09:45:00Z,อินทร์บุรี,66,0.0,0.0,0.0,,,True
1791539100,2026-10-09T09:45:00Z,ค่ายบางระจัน,26,0.0,0.0,0.0,,,True
1791539100,2026-10-09T09:45:00Z,พรหมบุรี,19,0.0,0.0,0.0,,,True
1791539100,2026-10-09T09:45:00Z,เนินสง่า,65,0.0,0.0,0.0,,,True
1791539100,2026-10-09T09:45:00Z,เมืองสิงห์บุรี,31,0.0,0.0,0.0,,,True
1791539100,2026-10-09T09:45:00Z,ซับใหญ่,72,0.0,0.0,0.0,,,True
1791539100,2026-10-09T09:45:00Z,บางระจัน,46,0.0,0.0,0.0,,,True
1791539100,2026-10-09T09:45:00Z,ภูกระดึง,190,0.0,0.0,0.0,,,True
1791539100,2026-10-09T09:45:00Z,ภูหลวง,145,0.0,0.0,0.0,,,True
1791539100,2026-10-09T09:45:00Z,หนองหิน,78,0.0,0.0,0.0,,,True
1791539100,2026-10-09T09:45:00Z,ผาขาว,100,0.0,0.0,0.0,,,True
1791539100,2026-10-09T09:45:00Z,เอราวัณ,87,0.0,0.0,0.0,,,True
1791539100,2026-10-09T09:45:00Z,วังสะพุง,281,0.0,0.0,0.0,,,True
1791539100,2026-10-09T09:45:00Z,วังม่วง,70,0.0,0.0,0.0,,,True
1791539100,2026-10-09T09:45:00Z,เฉลิมพระเกียรติ,35,0.0,0.0,0.0,,,True
1791539100,2026-10-09T09:45:00Z,มวกเหล็ก,175,0.0,0.0,0.0,,,True
1791539100,2026-10-09T09:45:00Z,บ้านเขว้า,124,0.0,0.0,0.0,,,True
1791539100,2026-10-09T09:45:00Z,คอนสวรรค์,113,0.0,0.0,0.0,,,True
1791539100,2026-10-09T09:45:00Z,เมืองชัยภูมิ,358,0.0,0.0,0.0,,,True
1791539100,2026-10-09T09:45:00Z,วังทอง,425,0.0,0.0,0.0,,,True
1791539100,2026-10-09T09:45:00Z,เนินมะปราง,276,0.0,0.0,0.0,,,True
1791539100,2026-10-09T09:45:00Z,สวรรคโลก,156,0.0,0.0,0.0,,,True
1791539100,2026-10-09T09:45:00Z,ศรีนคร,46,0.0,0.0,0.0,,,True
1791539100,2026-10-09T09:45:00Z,หันคา,139,0.0,0.0,0.0,,,True
1791539100,2026-10-09T09:45:00Z,ศรีสัชนาลัย,534,0.0,0.0,0.0,,,True
1791539100,2026-10-09T09:45:00Z,หนองมะโมง,76,0.0,0.0,0.0,,,True
1791539100,2026-10-09T09:45:00Z,ศรีสำโรง,142,0.0,0.0,0.0,,,True
1791539100,2026-10-09T09:45:00Z,สรรพยา,55,0.0,0.0,0.0,,,True
1791539100,2026-10-09T09:45:00Z,คีรีมาศ,171,0.0,0.0,0.0,,,True
1791539100,2026-10-09T09:45:00Z,สรรคบุรี,89,0.0,0.0,0.0,,,True
1791539100,2026-10-09T09:45:00Z,กงไกรลาศ,108,0.0,0.0,0.0,,,True
1791539100,2026-10-09T09:45:00Z,มโนรมย์,66,0.0,0.0,0.0,,,True
1791539100,2026-10-09T09:45:00Z,เมืองสุโขทัย,136,0.0,0.0,0.0,,,True
1791539100,2026-10-09T09:45:00Z,วัดสิงห์,67,0.0,0.0,0.0,,,True
1791539100,2026-10-09T09:45:00Z,บ้านด่านลานหอย,231,0.0,0.0,0.0,,,True
1791539100,2026-10-09T09:45:00Z,เมืองชัยนาท,70,0.0,0.0,0.0,,,True
1791539100,2026-10-09T09:45:00Z,เนินขาม,65,0.0,0.0,0.0,,,True
1791539100,2026-10-09T09:45:00Z,คอนสาร,334,0.0,0.0,0.0,,,True
1791539100,2026-10-09T09:45:00Z,ภักดีชุมพล,154,0.0,0.0,0.0,,,True
1791539100,2026-10-09T09:45:00Z,บ้านแท่น,76,0.0,0.0,0.0,,,True
1791539100,2026-10-09T09:45:00Z,แก้งคร้อ,168,0.0,0.0,0.0,,,True
1791539100,2026-10-09T09:45:00Z,ภูเขียว,201,0.0,0.0,0.0,,,True
1791539100,2026-10-09T09:45:00Z,หนองบัวระเหว,179,0.0,0.0,0.0,,,True
1791539100,2026-10-09T09:45:00Z,เทพสถิต,239,0.0,0.0,0.0,,,True
1791539100,2026-10-09T09:45:00Z,จัตุรัส,172,0.0,0.0,0.0,,,True
1791539100,2026-10-09T09:45:00Z,บำเหน็จณรงค์,120,0.0,0.0,0.0,,,True
1791539100,2026-10-09T09:45:00Z,เกษตรสมบูรณ์,268,0.0,0.0,0.0,,,True
1791539100,2026-10-09T09:45:00Z,หนองบัวแดง,537,0.0,0.0,0.0,,,True
1791539100,2026-10-09T09:45:00Z,ภูเรือ,168,0.0,0.0,0.0,,,True
1791539100,2026-10-09T09:45:00Z,ท่าลี่,171,0.0,0.0,0.0,,,True
1791539100,2026-10-09T09:45:00Z,วชิรบารมี,68,0.0,0.0,0.0,,,True
1791539100,2026-10-09T09:45:00Z,ด่านซ้าย,341,0.0,0.0,0.0,,,True
1791539100,2026-10-09T09:45:00Z,นาแห้ว,153,0.0,0.0,0.0,,,True
1791539100,2026-10-09T09:45:00Z,บึงนาราง,74,0.0,0.0,0.0,,,True
1791539100,2026-10-09T09:45:00Z,เชียงคาน,213,0.0,0.0,0.0,,,True
1791539100,2026-10-09T09:45:00Z,ดงเจริญ,56,0.0,0.0,0.0,,,True
1791539100,2026-10-09T09:45:00Z,ปากชม,240,0.0,0.0,0.0,,,True
1791539100,2026-10-09T09:45:00Z,เมืองเลย,314,0.0,0.0,0.0,,,True
1791539100,2026-10-09T09:45:00Z,นาด้วง,143,0.0,0.0,0.0,,,True
1791539100,2026-10-09T09:45:00Z,สากเหล็ก,45,0.0,0.0,0.0,,,True
1791539100,2026-10-09T09:45:00Z,สามง่าม,89,0.0,0.0,0.0,,,True
1791539100,2026-10-09T09:45:00Z,ทับคล้อ,104,0.0,0.0,0.0,,,True
1791539100,2026-10-09T09:45:00Z,พรหมพิราม,206,0.0,0.0,0.0,,,True
1791539100,2026-10-09T09:45:00Z,ด่านขุนทด,344,0.0,0.0,0.0,,,True
1791539100,2026-10-09T09:45:00Z,วัดโบสถ์,226,0.0,0.0,0.0,,,True
1791539100,2026-10-09T09:45:00Z,บางระกำ,246,0.0,0.0,0.0,,,True
1791539100,2026-10-09T09:45:00Z,บางกระทุ่ม,91,0.0,0.0,0.0,,,True
1791539100,2026-10-09T09:45:00Z,นครไทย,597,0.0,0.0,0.0,,,True
1791539100,2026-10-09T09:45:00Z,ชาติตระการ,415,0.0,0.0,0.0,,,True
1791539100,2026-10-09T09:45:00Z,บ้านเหลื่อม,55,0.0,0.0,0.0,,,True
1791539100,2026-10-09T09:45:00Z,เมืองพิษณุโลก,178,0.0,0.0,0.0,,,True
1791539100,2026-10-09T09:45:00Z,ชุมแสง,145,0.0,0.0,0.0,,,True
1791539100,2026-10-09T09:45:00Z,หนองบัว,208,0.0,0.0,0.0,,,True
1791539100,2026-10-09T09:45:00Z,เมืองนครสวรรค์,183,0.0,0.0,0.0,,,True
1791539100,2026-10-09T09:45:00Z,โกรกพระ,71,0.0,0.0,0.0,,,True
1791539100,2026-10-09T09:45:00Z,ไพศาลี,244,0.0,0.0,0.0,,,True
1791539100,2026-10-09T09:45:00Z,ตาคลี,206,0.0,0.0,0.0,,,True
1791539100,2026-10-09T09:45:00Z,ท่าตะโก,211,0.0,0.0,0.0,,,True
1791539100,2026-10-09T09:45:00Z,เขาค้อ,207,0.0,0.0,0.0,,,True
1791539100,2026-10-09T09:45:00Z,บรรพตพิสัย,181,0.0,0.0,0.0,,,True
1791539100,2026-10-09T09:45:00Z,เก้าเลี้ยว,57,0.0,0.0,0.0,,,True
1791539100,2026-10-09T09:45:00Z,วังโป่ง,123,0.0,0.0,0.0,,,True
1791539100,2026-10-09T09:45:00Z,บึงสามพัน,194,0.0,0.0,0.0,,,True
1791539100,2026-10-09T09:45:00Z,น้ำหนาว,231,0.0,0.0,0.0,,,True
1791539100,2026-10-09T09:45:00Z,ศรีเทพ,204,0.006,0.413,0.0196,,15,True
1791539100,2026-10-09T09:45:00Z,หนองไผ่,315,0.0,0.0,0.0,,,True
1791539100,2026-10-09T09:45:00Z,มหาราช,4,0.0,0.0,0.0,,,False
1791539100,2026-10-09T09:45:00Z,บ้านแพรก,10,0.0,0.0,0.0,,,True
1791539100,2026-10-09T09:45:00Z,บางมูลนาก,99,0.0,0.0,0.0,,,True
1791539100,2026-10-09T09:45:00Z,โพทะเล,131,0.0,0.0,0.0,,,True
1791539100,2026-10-09T09:45:00Z,โพธิ์ประทับช้าง,102,0.0,0.0,0.0,,,True
1791539100,2026-10-09T09:45:00Z,ตะพานหิน,109,0.0,0.0,0.0,,,True
1791539100,2026-10-09T09:45:00Z,เมืองพิจิตร,138,0.0,0.0,0.0,,,True
1791539100,2026-10-09T09:45:00Z,วังทรายพูน,66,0.0,0.0,0.0,,,True
1791539100,2026-10-09T09:45:00Z,พิชัย,176,0.0,0.0,0.0,,,True
1791539100,2026-10-09T09:45:00Z,ลับแล,116,0.0,0.0,0.0,,,True
1791539100,2026-10-09T09:45:00Z,ฟากท่า,163,0.0,0.0,0.0,,,True
1791539100,2026-10-09T09:45:00Z,บ้านโคก,247,0.0,0.0,0.0,,,True
1791539100,2026-10-09T09:45:00Z,ท่าปลา,442,0.0,0.0,0.0,,,True
1791539100,2026-10-09T09:45:00Z,น้ำปาด,363,0.0,0.0,0.0,,,True
1791539100,2026-10-09T09:45:00Z,เมืองอุตรดิตถ์,202,0.0,0.0,0.0,,,True
1791539100,2026-10-09T09:45:00Z,ตรอน,80,0.0,0.0,0.0,,,True
1791539100,2026-10-09T09:45:00Z,หล่มเก่า,246,0.0,0.0,0.0,,,True
1791539100,2026-10-09T09:45:00Z,วิเชียรบุรี,377,0.0,0.0,0.0,,,True
1791539100,2026-10-09T09:45:00Z,ชนแดน,279,0.0,0.0,0.0,,,True
1791539100,2026-10-09T09:45:00Z,หล่มสัก,350,0.0,0.0,0.0,,,True
1791539100,2026-10-09T09:45:00Z,เมืองเพชรบูรณ์,571,0.0,0.0,0.0,,,True
1791539100,2026-10-09T09:45:00Z,ทองแสนขัน,185,0.0,0.0,0.0,,,True
1791539100,2026-10-09T09:45:00Z,บึงสามัคคี,71,0.0,0.0,0.0,,,True
1791539100,2026-10-09T09:45:00Z,โกสัมพีนคร,137,0.0,0.0,0.0,,,True
1791539100,2026-10-09T09:45:00Z,สอง,380,0.0,0.0,0.0,,,True
1791539100,2026-10-09T09:45:00Z,วังชิ้น,255,0.0,0.0,0.0,,,True
1791539100,2026-10-09T09:45:00Z,สูงเม่น,88,0.0,0.0,0.0,,,True
1791539100,2026-10-09T09:45:00Z,เด่นชัย,135,0.0,0.0,0.0,,,True
1791539100,2026-10-09T09:45:00Z,ร้องกวาง,221,0.0,0.0,0.0,,,True
1791539100,2026-10-09T09:45:00Z,ลอง,317,0.0,0.0,0.0,,,True
1791539100,2026-10-09T09:45:00Z,เมืองแพร่,205,0.0,0.0,0.0,,,True
1791539100,2026-10-09T09:45:00Z,ทัพทัน,94,0.0,0.0,0.0,,,True
1791539100,2026-10-09T09:45:00Z,สว่างอารมณ์,110,0.0,0.0,0.0,,,True
1791539100,2026-10-09T09:45:00Z,เมืองอุทัยธานี,59,0.0,0.0,0.0,,,True
1791539100,2026-10-09T09:45:00Z,ห้วยคต,94,0.0,0.0,0.0,,,True
1791539100,2026-10-09T09:45:00Z,ศรีสวัสดิ์,440,0.0,0.0,0.0,,,True
1791539100,2026-10-09T09:45:00Z,บ้านไร่,821,0.007,0.592,0.0292,,45,True
1791539100,2026-10-09T09:45:00Z,ลานสัก,360,0.006,0.413,0.0222,,30,True
1791539100,2026-10-09T09:45:00Z,หนองฉาง,89,0.0,0.0,0.0,,,True
1791539100,2026-10-09T09:45:00Z,หนองขาหย่าง,43,0.0,0.0,0.0,,,True
1791539100,2026-10-09T09:45:00Z,เชียงม่วน,82,0.0,0.0,0.0,,,True
1791539100,2026-10-09T09:45:00Z,ดอกคำใต้,37,0.0,0.0,0.0,,,True
1791539100,2026-10-09T09:45:00Z,เมืองพะเยา,6,0.0,0.0,0.0,,,True
1791539100,2026-10-09T09:45:00Z,ทองผาภูมิ,851,0.0,0.0,0.0,,,True
1791539100,2026-10-09T09:45:00Z,สังขละบุรี,793,0.0,0.0,0.0,,,True
1791539100,2026-10-09T09:45:00Z,หนองม่วงไข่,35,0.0,0.0,0.0,,,True
1791539100,2026-10-09T09:45:00Z,ภูเวียง,81,0.0,0.0,0.0,,,True
1791539100,2026-10-09T09:45:00Z,มัญจาคีรี,50,0.0,0.0,0.0,,,True
1791539100,2026-10-09T09:45:00Z,หนองปรือ,104,0.0,0.0,0.0,,,True
1791539100,2026-10-09T09:45:00Z,เลาขวัญ,123,0.0,0.0,0.0,,,True
1791539100,2026-10-09T09:45:00Z,หนองนาคำ,43,0.0,0.0,0.0,,,True
1791539100,2026-10-09T09:45:00Z,โคกโพธิ์ไชย,65,0.0,0.0,0.0,,,True
1791539100,2026-10-09T09:45:00Z,บ้านหลวง,91,0.0,0.0,0.0,,,True
1791539100,2026-10-09T09:45:00Z,นาน้อย,266,0.0,0.0,0.0,,,True
1791539100,2026-10-09T09:45:00Z,ภูผาม่าน,74,0.0,0.0,0.0,,,True
1791539100,2026-10-09T09:45:00Z,เมืองน่าน,161,0.0,0.0,0.0,,,True
1791539100,2026-10-09T09:45:00Z,แม่จริม,262,0.0,0.0,0.0,,,True
1791539100,2026-10-09T09:45:00Z,เวียงเก่า,78,0.0,0.0,0.0,,,True
1791539100,2026-10-09T09:45:00Z,เมืองกำแพงเพชร,368,0.0,0.0,0.0,,,True
1791539100,2026-10-09T09:45:00Z,ไทรงาม,133,0.0,0.0,0.0,,,True
1791539100,2026-10-09T09:45:00Z,ปางศิลาทอง,186,0.0,0.0,0.0,,,True
1791539100,2026-10-09T09:45:00Z,ลานกระบือ,103,0.0,0.0,0.0,,,True
1791539100,2026-10-09T09:45:00Z,ทรายทองวัฒนา,53,0.0,0.0,0.0,,,True
1791539100,2026-10-09T09:45:00Z,คลองขลุง,179,0.0,0.0,0.0,,,True
1791539100,2026-10-09T09:45:00Z,พรานกระต่าย,252,0.0,0.0,0.0,,,True
1791539100,2026-10-09T09:45:00Z,คลองลาน,363,0.0,0.0,0.0,,,True
1791539100,2026-10-09T09:45:00Z,ขาณุวรลักษบุรี,296,0.0,0.0,0.0,,,True
1791539100,2026-10-09T09:45:00Z,ภูเพียง,113,0.0,0.0,0.0,,,True
1791539100,2026-10-09T09:45:00Z,นาหมื่น,245,0.0,0.0,0.0,,,True
1791539100,2026-10-09T09:45:00Z,เวียงสา,543,0.0,0.0,0.0,,,True
1791539100,2026-10-09T09:45:00Z,น้ำโสม,153,0.0,0.0,0.0,,,True
1791539100,2026-10-09T09:45:00Z,นายูง,126,0.0,0.0,0.0,,,True
1791539100,2026-10-09T09:45:00Z,ชุมแพ,173,0.0,0.0,0.0,,,True
1791539100,2026-10-09T09:45:00Z,สีชมพู,132,0.0,0.0,0.0,,,True
1791539100,2026-10-09T09:45:00Z,สุวรรณคูหา,140,0.0,0.0,0.0,,,True
1791539100,2026-10-09T09:45:00Z,นาวัง,65,0.0,0.0,0.0,,,True
1791539100,2026-10-09T09:45:00Z,หนองเรือ,80,0.0,0.0,0.0,,,True
1791539100,2026-10-09T09:45:00Z,โนนสัง,51,0.0,0.0,0.0,,,True
1791539100,2026-10-09T09:45:00Z,ศรีบุญเรือง,224,0.0,0.0,0.0,,,True
1791539100,2026-10-09T09:45:00Z,เมืองหนองบัวลำภู,217,0.0,0.0,0.0,,,True
1791539100,2026-10-09T09:45:00Z,นากลาง,173,0.0,0.0,0.0,,,True
1791539100,2026-10-09T09:45:00Z,ทุ่งเสลี่ยม,144,0.0,0.0,0.0,,,True
1791539100,2026-10-09T09:45:00Z,ดอยหล่อ,56,0.0,0.0,0.0,,,True
1791539100,2026-10-09T09:45:00Z,เมืองตาก,486,0.0,0.0,0.0,,,True
1791539100,2026-10-09T09:45:00Z,แม่ออน,116,0.0,0.0,0.0,,,True
1791539100,2026-10-09T09:45:00Z,อุ้มผาง,1209,0.0,0.0,0.0,,,True
1791539100,2026-10-09T09:45:00Z,วังเจ้า,183,0.0,0.0,0.0,,,True
1791539100,2026-10-09T09:45:00Z,แม่สอด,398,0.0,0.0,0.0,,,True
1791539100,2026-10-09T09:45:00Z,พบพระ,249,0.0,0.0,0.0,,,True
1791539100,2026-10-09T09:45:00Z,แม่ระมาด,380,0.0,0.0,0.0,,,True
1791539100,2026-10-09T09:45:00Z,ท่าสองยาง,401,0.0,0.0,0.0,,,True
1791539100,2026-10-09T09:45:00Z,บ้านตาก,255,0.0,0.0,0.0,,,True
1791539100,2026-10-09T09:45:00Z,สามเงา,698,0.0,0.0,0.0,,,True
1791539100,2026-10-09T09:45:00Z,จอมทอง,280,0.0,0.0,0.0,,,True
1791539100,2026-10-09T09:45:00Z,แก้งสนามนาง,79,0.0,0.0,0.0,,,True
1791539100,2026-10-09T09:45:00Z,สีคิ้ว,292,0.0,0.0,0.0,,,True
1791539100,2026-10-09T09:45:00Z,พระทองคำ,90,0.0,0.0,0.0,,,True
1791539100,2026-10-09T09:45:00Z,เทพารักษ์,92,0.0,0.0,0.0,,,True
1791539100,2026-10-09T09:45:00Z,สันกำแพง,65,0.0,0.0,0.0,,,True
1791539100,2026-10-09T09:45:00Z,สันป่าตอง,44,0.0,0.0,0.0,,,True
1791539100,2026-10-09T09:45:00Z,ดอยเต่า,213,0.0,0.0,0.0,,,True
1791539100,2026-10-09T09:45:00Z,อมก๋อย,704,0.0,0.0,0.0,,,True
1791539100,2026-10-09T09:45:00Z,ฮอด,378,0.0,0.0,0.0,,,True
1791539100,2026-10-09T09:45:00Z,เมืองลำพูน,117,0.0,0.0,0.0,,,True
1791539100,2026-10-09T09:45:00Z,แม่ทา,192,0.0,0.0,0.0,,,True
1791539100,2026-10-09T09:45:00Z,บ้านธิ,34,0.0,0.0,0.0,,,True
1791539100,2026-10-09T09:45:00Z,บ้านหมอ,24,0.0,0.0,0.0,,,True
1791539100,2026-10-09T09:45:00Z,เวียงหนองล่อง,14,0.0,0.0,0.0,,,True
1791539100,2026-10-09T09:45:00Z,ทุ่งหัวช้าง,113,0.0,0.0,0.0,,,True
1791539100,2026-10-09T09:45:00Z,ป่าซาง,74,0.0,0.0,0.0,,,True
1791539100,2026-10-09T09:45:00Z,บ้านโฮ่ง,124,0.0,0.0,0.0,,,True
1791539100,2026-10-09T09:45:00Z,แก่งคอย,73,0.0,0.0,0.0,,,True
1791539100,2026-10-09T09:45:00Z,ลี้,454,0.0,0.0,0.0,,,True
1791539100,2026-10-09T09:45:00Z,พระพุทธบาท,55,0.0,0.0,0.0,,,True
1791539100,2026-10-09T09:45:00Z,ดอนพุด,7,0.0,0.0,0.0,,,True
1791539100,2026-10-09T09:45:00Z,หนองโดน,31,0.0,0.0,0.0,,,True
1791539100,2026-10-09T09:45:00Z,เมืองลำปาง,300,0.0,0.0,0.0,,,True
1791539100,2026-10-09T09:45:00Z,เถิน,443,0.0,0.0,0.0,,,True
1791539100,2026-10-09T09:45:00Z,แม่พริก,167,0.0,0.0,0.0,,,True
1791539100,2026-10-09T09:45:00Z,แจ้ห่ม,274,0.0,0.0,0.0,,,True
1791539100,2026-10-09T09:45:00Z,แม่เปิน,85,0.014,0.413,0.0471,,15,True
1791539100,2026-10-09T09:45:00Z,เสริมงาม,185,0.0,0.0,0.0,,,True
1791539100,2026-10-09T09:45:00Z,ชุมตาบง,61,0.0,0.0,0.0,,,True
1791539100,2026-10-09T09:45:00Z,งาว,344,0.0,0.0,0.0,,,True
1791539100,2026-10-09T09:45:00Z,ตากฟ้า,125,0.0,0.0,0.0,,,True
1791539100,2026-10-09T09:45:00Z,แม่เมาะ,283,0.0,0.0,0.0,,,True
1791539100,2026-10-09T09:45:00Z,แม่วงก์,257,0.0,0.0,0.0,,,True
1791539100,2026-10-09T09:45:00Z,เกาะคา,128,0.0,0.0,0.0,,,True
1791539100,2026-10-09T09:45:00Z,พยุหะคีรี,169,0.0,0.0,0.0,,,True
1791539100,2026-10-09T09:45:00Z,ลาดยาว,187,0.0,0.0,0.0,,,True
1791539100,2026-10-09T09:45:00Z,สบปราบ,125,0.0,0.0,0.0,,,True
1791539100,2026-10-09T09:45:00Z,ห้างฉัตร,154,0.0,0.0,0.0,,,True
1791539100,2026-10-09T09:45:00Z,แม่ทะ,203,0.0,0.0,0.0,,,True
1791539100,2026-10-09T09:45:00Z,เมืองปาน,202,0.0,0.0,0.0,,,True
1791539100,2026-10-09T09:45:00Z,เมืองอ่างทอง,6,0.0,0.0,0.0,,,True
1791539100,2026-10-09T09:45:00Z,ไชโย,20,0.0,0.0,0.0,,,True
1791539100,2026-10-09T09:45:00Z,สามโก้,10,0.0,0.0,0.0,,,True
1791539100,2026-10-09T09:45:00Z,แสวงหา,43,0.0,0.0,0.0,,,True
1791539100,2026-10-09T09:45:00Z,วิเศษชัยชาญ,7,0.0,0.0,0.0,,,True
1791539100,2026-10-09T09:45:00Z,โพธิ์ทอง,48,0.0,0.0,0.0,,,True
1791539100,2026-10-09T09:45:00Z,เมืองลพบุรี,190,0.0,0.0,0.0,,,True
1791539100,2026-10-09T09:45:00Z,เดิมบางนางบวช,130,0.0,0.0,0.0,,,True
1791539100,2026-10-09T09:45:00Z,ด่านช้าง,309,0.0,0.0,0.0,,,True
1791539100,2026-10-09T09:45:00Z,หนองม่วง,111,0.0,0.0,0.0,,,True
1791539100,2026-10-09T09:45:00Z,ลำสนธิ,136,0.0,0.0,0.0,,,True
1791539100,2026-10-09T09:45:00Z,สามชุก,77,0.0,0.0,0.0,,,True
1791539100,2026-10-09T09:45:00Z,ดอนเจดีย์,72,0.0,0.0,0.0,,,True
1791539100,2026-10-09T09:45:00Z,สระโบสถ์,83,0.0,0.0,0.0,,,True
1791539100,2026-10-09T09:45:00Z,ศรีประจันต์,41,0.0,0.0,0.0,,,True
1791539100,2026-10-09T09:45:00Z,โคกเจริญ,135,0.0,0.0,0.0,,,True
1791539100,2026-10-09T09:45:00Z,บ้านหมี่,136,0.0,0.0,0.0,,,True
1791539100,2026-10-09T09:45:00Z,ท่าหลวง,100,0.0,0.0,0.0,,,True
1791539100,2026-10-09T09:45:00Z,ชัยบาดาล,280,0.019,0.592,0.0714,,30,True
1791539100,2026-10-09T09:45:00Z,ท่าวุ้ง,64,0.0,0.0,0.0,,,True
1791539100,2026-10-09T09:45:00Z,พัฒนานิคม,217,0.014,0.592,0.0553,,90,True
1791539100,2026-10-09T09:45:00Z,โคกสำโรง,180,0.0,0.0,0.0,,,True
1791539100,2026-10-09T09:45:00Z,หนองหญ้าไซ,108,0.0,0.0,0.0,,,True
1791539100,2026-10-09T09:45:00Z,ท่าช้าง,11,0.0,0.0,0.0,,,True
1791539100,2026-10-09T09:45:00Z,อินทร์บุรี,66,0.0,0.0,0.0,,,True
1791539100,2026-10-09T09:45:00Z,ค่ายบางระจัน,26,0.0,0.0,0.0,,,True
1791539100,2026-10-09T09:45:00Z,พรหมบุรี,19,0.0,0.0,0.0,,,True
1791539100,2026-10-09T09:45:00Z,เนินสง่า,65,0.0,0.0,0.0,,,True
1791539100,2026-10-09T09:45:00Z,เมืองสิงห์บุรี,31,0.0,0.0,0.0,,,True
1791539100,2026-10-09T09:45:00Z,ซับใหญ่,72,0.0,0.0,0.0,,,True
1791539100,2026-10-09T09:45:00Z,บางระจัน,46,0.0,0.0,0.0,,,True
1791539100,2026-10-09T09:45:00Z,ภูกระดึง,190,0.0,0.0,0.0,,,True
1791539100,2026-10-09T09:45:00Z,ภูหลวง,145,0.0,0.0,0.0,,,True
1791539100,2026-10-09T09:45:00Z,หนองหิน,78,0.0,0.0,0.0,,,True
1791539100,2026-10-09T09:45:00Z,ผาขาว,100,0.0,0.0,0.0,,,True
1791539100,2026-10-09T09:45:00Z,เอราวัณ,87,0.0,0.0,0.0,,,True
1791539100,2026-10-09T09:45:00Z,วังสะพุง,281,0.0,0.0,0.0,,,True
1791539100,2026-10-09T09:45:00Z,วังม่วง,70,0.0,0.0,0.0,,,True
1791539100,2026-10-09T09:45:00Z,เฉลิมพระเกียรติ,35,0.0,0.0,0.0,,,True
1791539100,2026-10-09T09:45:00Z,มวกเหล็ก,175,0.0,0.0,0.0,,,True
1791539100,2026-10-09T09:45:00Z,บ้านเขว้า,124,0.0,0.0,0.0,,,True
1791539100,2026-10-09T09:45:00Z,คอนสวรรค์,113,0.0,0.0,0.0,,,True
1791539100,2026-10-09T09:45:00Z,เมืองชัยภูมิ,358,0.0,0.0,0.0,,,True
1791539100,2026-10-09T09:45:00Z,วังทอง,425,0.0,0.0,0.0,,,True
1791539100,2026-10-09T09:45:00Z,เนินมะปราง,276,0.0,0.0,0.0,,,True
1791539100,2026-10-09T09:45:00Z,สวรรคโลก,156,0.0,0.0,0.0,,,True
1791539100,2026-10-09T09:45:00Z,ศรีนคร,46,0.0,0.0,0.0,,,True
1791539100,2026-10-09T09:45:00Z,หันคา,139,0.0,0.0,0.0,,,True
1791539100,2026-10-09T09:45:00Z,ศรีสัชนาลัย,534,0.0,0.0,0.0,,,True
1791539100,2026-10-09T09:45:00Z,หนองมะโมง,76,0.0,0.0,0.0,,,True
1791539100,2026-10-09T09:45:00Z,ศรีสำโรง,142,0.0,0.0,0.0,,,True
1791539100,2026-10-09T09:45:00Z,สรรพยา,55,0.0,0.0,0.0,,,True
1791539100,2026-10-09T09:45:00Z,คีรีมาศ,171,0.0,0.0,0.0,,,True
1791539100,2026-10-09T09:45:00Z,สรรคบุรี,89,0.0,0.0,0.0,,,True
1791539100,2026-10-09T09:45:00Z,กงไกรลาศ,108,0.0,0.0,0.0,,,True
1791539100,2026-10-09T09:45:00Z,มโนรมย์,66,0.0,0.0,0.0,,,True
1791539100,2026-10-09T09:45:00Z,เมืองสุโขทัย,136,0.0,0.0,0.0,,,True
1791539100,2026-10-09T09:45:00Z,วัดสิงห์,67,0.0,0.0,0.0,,,True
1791539100,2026-10-09T09:45:00Z,บ้านด่านลานหอย,231,0.0,0.0,0.0,,,True
1791539100,2026-10-09T09:45:00Z,เมืองชัยนาท,70,0.0,0.0,0.0,,,True
1791539100,2026-10-09T09:45:00Z,เนินขาม,65,0.0,0.0,0.0,,,True
1791539100,2026-10-09T09:45:00Z,คอนสาร,334,0.0,0.0,0.0,,,True
1791539100,2026-10-09T09:45:00Z,ภักดีชุมพล,154,0.0,0.0,0.0,,,True
1791539100,2026-10-09T09:45:00Z,บ้านแท่น,76,0.0,0.0,0.0,,,True
1791539100,2026-10-09T09:45:00Z,แก้งคร้อ,168,0.0,0.0,0.0,,,True
1791539100,2026-10-09T09:45:00Z,ภูเขียว,201,0.0,0.0,0.0,,,True
1791539100,2026-10-09T09:45:00Z,หนองบัวระเหว,179,0.0,0.0,0.0,,,True
1791539100,2026-10-09T09:45:00Z,เทพสถิต,239,0.0,0.0,0.0,,,True
1791539100,2026-10-09T09:45:00Z,จัตุรัส,172,0.0,0.0,0.0,,,True
1791539100,2026-10-09T09:45:00Z,บำเหน็จณรงค์,120,0.0,0.0,0.0,,,True
1791539100,2026-10-09T09:45:00Z,เกษตรสมบูรณ์,268,0.0,0.0,0.0,,,True
1791539100,2026-10-09T09:45:00Z,หนองบัวแดง,537,0.0,0.0,0.0,,,True
1791539100,2026-10-09T09:45:00Z,ภูเรือ,168,0.0,0.0,0.0,,,True
1791539100,2026-10-09T09:45:00Z,ท่าลี่,171,0.0,0.0,0.0,,,True
1791539100,2026-10-09T09:45:00Z,วชิรบารมี,68,0.0,0.0,0.0,,,True
1791539100,2026-10-09T09:45:00Z,ด่านซ้าย,341,0.0,0.0,0.0,,,True
1791539100,2026-10-09T09:45:00Z,นาแห้ว,153,0.0,0.0,0.0,,,True
1791539100,2026-10-09T09:45:00Z,บึงนาราง,74,0.0,0.0,0.0,,,True
1791539100,2026-10-09T09:45:00Z,เชียงคาน,213,0.0,0.0,0.0,,,True
1791539100,2026-10-09T09:45:00Z,ดงเจริญ,56,0.0,0.0,0.0,,,True
1791539100,2026-10-09T09:45:00Z,ปากชม,240,0.0,0.0,0.0,,,True
1791539100,2026-10-09T09:45:00Z,เมืองเลย,314,0.0,0.0,0.0,,,True
1791539100,2026-10-09T09:45:00Z,นาด้วง,143,0.0,0.0,0.0,,,True
1791539100,2026-10-09T09:45:00Z,สากเหล็ก,45,0.0,0.0,0.0,,,True
1791539100,2026-10-09T09:45:00Z,สามง่าม,89,0.0,0.0,0.0,,,True
1791539100,2026-10-09T09:45:00Z,ทับคล้อ,104,0.0,0.0,0.0,,,True
1791539100,2026-10-09T09:45:00Z,พรหมพิราม,206,0.0,0.0,0.0,,,True
1791539100,2026-10-09T09:45:00Z,ด่านขุนทด,344,0.0,0.0,0.0,,,True
1791539100,2026-10-09T09:45:00Z,วัดโบสถ์,226,0.0,0.0,0.0,,,True
1791539100,2026-10-09T09:45:00Z,บางระกำ,246,0.0,0.0,0.0,,,True
1791539100,2026-10-09T09:45:00Z,บางกระทุ่ม,91,0.0,0.0,0.0,,,True
1791539100,2026-10-09T09:45:00Z,นครไทย,597,0.0,0.0,0.0,,,True
1791539100,2026-10-09T09:45:00Z,ชาติตระการ,415,0.0,0.0,0.0,,,True
1791539100,2026-10-09T09:45:00Z,บ้านเหลื่อม,55,0.0,0.0,0.0,,,True
1791539100,2026-10-09T09:45:00Z,เมืองพิษณุโลก,178,0.0,0.0,0.0,,,True
1791539100,2026-10-09T09:45:00Z,ชุมแสง,145,0.0,0.0,0.0,,,True
1791539100,2026-10-09T09:45:00Z,หนองบัว,208,0.0,0.0,0.0,,,True
1791539100,2026-10-09T09:45:00Z,เมืองนครสวรรค์,183,0.0,0.0,0.0,,,True
1791539100,2026-10-09T09:45:00Z,โกรกพระ,71,0.0,0.0,0.0,,,True
1791539100,2026-10-09T09:45:00Z,ไพศาลี,244,0.0,0.0,0.0,,,True
1791539100,2026-10-09T09:45:00Z,ตาคลี,206,0.0,0.0,0.0,,,True
1791539100,2026-10-09T09:45:00Z,ท่าตะโก,211,0.0,0.0,0.0,,,True
1791539100,2026-10-09T09:45:00Z,เขาค้อ,207,0.0,0.0,0.0,,,True
1791539100,2026-10-09T09:45:00Z,บรรพตพิสัย,181,0.0,0.0,0.0,,,True
1791539100,2026-10-09T09:45:00Z,เก้าเลี้ยว,57,0.0,0.0,0.0,,,True
1791539100,2026-10-09T09:45:00Z,วังโป่ง,123,0.0,0.0,0.0,,,True
1791539100,2026-10-09T09:45:00Z,บึงสามพัน,194,0.0,0.0,0.0,,,True
1791539100,2026-10-09T09:45:00Z,น้ำหนาว,231,0.0,0.0,0.0,,,True
1791539100,2026-10-09T09:45:00Z,ศรีเทพ,204,0.006,0.413,0.0196,,15,True
1791539100,2026-10-09T09:45:00Z,หนองไผ่,315,0.0,0.0,0.0,,,True
1791539100,2026-10-09T09:45:00Z,มหาราช,4,0.0,0.0,0.0,,,False
1791539100,2026-10-09T09:45:00Z,บ้านแพรก,10,0.0,0.0,0.0,,,True
1791539100,2026-10-09T09:45:00Z,บางมูลนาก,99,0.0,0.0,0.0,,,True
1791539100,2026-10-09T09:45:00Z,โพทะเล,131,0.0,0.0,0.0,,,True
1791539100,2026-10-09T09:45:00Z,โพธิ์ประทับช้าง,102,0.0,0.0,0.0,,,True
1791539100,2026-10-09T09:45:00Z,ตะพานหิน,109,0.0,0.0,0.0,,,True
1791539100,2026-10-09T09:45:00Z,เมืองพิจิตร,138,0.0,0.0,0.0,,,True
1791539100,2026-10-09T09:45:00Z,วังทรายพูน,66,0.0,0.0,0.0,,,True
1791540000,2026-10-09T10:00:00Z,พิชัย,176,0.0,0.0,0.0,,,True
1791540000,2026-10-09T10:00:00Z,ลับแล,116,0.0,0.0,0.0,,,True
1791540000,2026-10-09T10:00:00Z,ฟากท่า,163,0.0,0.0,0.0,,,True
1791540000,2026-10-09T10:00:00Z,บ้านโคก,247,0.0,0.0,0.0,,,True
1791540000,2026-10-09T10:00:00Z,ท่าปลา,442,0.0,0.0,0.0,,,True
1791540000,2026-10-09T10:00:00Z,น้ำปาด,363,0.0,0.0,0.0,,,True
1791540000,2026-10-09T10:00:00Z,เมืองอุตรดิตถ์,202,0.0,0.0,0.0,,,True
1791540000,2026-10-09T10:00:00Z,ตรอน,80,0.0,0.0,0.0,,,True
1791540000,2026-10-09T10:00:00Z,หล่มเก่า,246,0.0,0.0,0.0,,,True
1791540000,2026-10-09T10:00:00Z,วิเชียรบุรี,377,0.002,0.098,0.0239,,15,True
1791540000,2026-10-09T10:00:00Z,ชนแดน,279,0.0,0.0,0.0,,,True
1791540000,2026-10-09T10:00:00Z,หล่มสัก,350,0.0,0.0,0.0,,,True
1791540000,2026-10-09T10:00:00Z,เมืองเพชรบูรณ์,571,0.0,0.0,0.0,,,True
1791540000,2026-10-09T10:00:00Z,ทองแสนขัน,185,0.0,0.0,0.0,,,True
1791540000,2026-10-09T10:00:00Z,บึงสามัคคี,71,0.0,0.0,0.0,,,True
1791540000,2026-10-09T10:00:00Z,โกสัมพีนคร,137,0.0,0.0,0.0,,,True
1791540000,2026-10-09T10:00:00Z,สอง,380,0.0,0.0,0.0,,,True
1791540000,2026-10-09T10:00:00Z,วังชิ้น,255,0.0,0.0,0.0,,,True
1791540000,2026-10-09T10:00:00Z,สูงเม่น,88,0.0,0.0,0.0,,,True
1791540000,2026-10-09T10:00:00Z,เด่นชัย,135,0.0,0.0,0.0,,,True
1791540000,2026-10-09T10:00:00Z,ร้องกวาง,221,0.0,0.0,0.0,,,True
1791540000,2026-10-09T10:00:00Z,ลอง,317,0.0,0.0,0.0,,,True
1791540000,2026-10-09T10:00:00Z,เมืองแพร่,205,0.0,0.0,0.0,,,True
1791540000,2026-10-09T10:00:00Z,ทัพทัน,94,0.0,0.0,0.0,,,True
1791540000,2026-10-09T10:00:00Z,สว่างอารมณ์,110,0.0,0.0,0.0,,,True
1791540000,2026-10-09T10:00:00Z,เมืองอุทัยธานี,59,0.0,0.0,0.0,,,True
1791540000,2026-10-09T10:00:00Z,ห้วยคต,94,0.0,0.0,0.0,,,True
1791540000,2026-10-09T10:00:00Z,ศรีสวัสดิ์,440,0.0,0.0,0.0,,,True
1791540000,2026-10-09T10:00:00Z,บ้านไร่,821,0.001,0.098,0.0061,,90,True
1791540000,2026-10-09T10:00:00Z,ลานสัก,360,0.001,0.098,0.0083,,60,True
1791540000,2026-10-09T10:00:00Z,หนองฉาง,89,0.0,0.0,0.0,,,True
1791540000,2026-10-09T10:00:00Z,หนองขาหย่าง,43,0.0,0.0,0.0,,,True
1791540000,2026-10-09T10:00:00Z,เชียงม่วน,82,0.0,0.0,0.0,,,True
1791540000,2026-10-09T10:00:00Z,ดอกคำใต้,37,0.0,0.0,0.0,,,True
1791540000,2026-10-09T10:00:00Z,เมืองพะเยา,6,0.0,0.0,0.0,,,True
1791540000,2026-10-09T10:00:00Z,ทองผาภูมิ,851,0.0,0.0,0.0,,,True
1791540000,2026-10-09T10:00:00Z,สังขละบุรี,793,0.0,0.0,0.0,,,True
1791540000,2026-10-09T10:00:00Z,หนองม่วงไข่,35,0.0,0.0,0.0,,,True
1791540000,2026-10-09T10:00:00Z,ภูเวียง,81,0.0,0.0,0.0,,,True
1791540000,2026-10-09T10:00:00Z,มัญจาคีรี,50,0.0,0.0,0.0,,,True
1791540000,2026-10-09T10:00:00Z,หนองปรือ,104,0.0,0.0,0.0,,,True
1791540000,2026-10-09T10:00:00Z,เลาขวัญ,123,0.0,0.0,0.0,,,True
1791540000,2026-10-09T10:00:00Z,หนองนาคำ,43,0.0,0.0,0.0,,,True
1791540000,2026-10-09T10:00:00Z,โคกโพธิ์ไชย,65,0.0,0.0,0.0,,,True
1791540000,2026-10-09T10:00:00Z,บ้านหลวง,91,0.0,0.0,0.0,,,True
1791540000,2026-10-09T10:00:00Z,นาน้อย,266,0.0,0.0,0.0,,,True
1791540000,2026-10-09T10:00:00Z,ภูผาม่าน,74,0.0,0.0,0.0,,,True
1791540000,2026-10-09T10:00:00Z,เมืองน่าน,161,0.0,0.0,0.0,,,True
1791540000,2026-10-09T10:00:00Z,แม่จริม,262,0.0,0.0,0.0,,,True
1791540000,2026-10-09T10:00:00Z,เวียงเก่า,78,0.0,0.0,0.0,,,True
1791540000,2026-10-09T10:00:00Z,เมืองกำแพงเพชร,368,0.0,0.0,0.0,,,True
1791540000,2026-10-09T10:00:00Z,ไทรงาม,133,0.0,0.0,0.0,,,True
1791540000,2026-10-09T10:00:00Z,ปางศิลาทอง,186,0.0,0.0,0.0,,,True
1791540000,2026-10-09T10:00:00Z,ลานกระบือ,103,0.0,0.0,0.0,,,True
1791540000,2026-10-09T10:00:00Z,ทรายทองวัฒนา,53,0.0,0.0,0.0,,,True
1791540000,2026-10-09T10:00:00Z,คลองขลุง,179,0.0,0.0,0.0,,,True
1791540000,2026-10-09T10:00:00Z,พรานกระต่าย,252,0.0,0.0,0.0,,,True
1791540000,2026-10-09T10:00:00Z,คลองลาน,363,0.0,0.0,0.0,,,True
1791540000,2026-10-09T10:00:00Z,ขาณุวรลักษบุรี,296,0.0,0.0,0.0,,,True
1791540000,2026-10-09T10:00:00Z,ภูเพียง,113,0.0,0.0,0.0,,,True
1791540000,2026-10-09T10:00:00Z,นาหมื่น,245,0.0,0.0,0.0,,,True
1791540000,2026-10-09T10:00:00Z,เวียงสา,543,0.0,0.0,0.0,,,True
1791540000,2026-10-09T10:00:00Z,น้ำโสม,153,0.0,0.0,0.0,,,True
1791540000,2026-10-09T10:00:00Z,นายูง,126,0.0,0.0,0.0,,,True
1791540000,2026-10-09T10:00:00Z,ชุมแพ,173,0.0,0.0,0.0,,,True
1791540000,2026-10-09T10:00:00Z,สีชมพู,132,0.0,0.0,0.0,,,True
1791540000,2026-10-09T10:00:00Z,สุวรรณคูหา,140,0.0,0.0,0.0,,,True
1791540000,2026-10-09T10:00:00Z,นาวัง,65,0.0,0.0,0.0,,,True
1791540000,2026-10-09T10:00:00Z,หนองเรือ,80,0.0,0.0,0.0,,,True
1791540000,2026-10-09T10:00:00Z,โนนสัง,51,0.0,0.0,0.0,,,True
1791540000,2026-10-09T10:00:00Z,ศรีบุญเรือง,224,0.0,0.0,0.0,,,True
1791540000,2026-10-09T10:00:00Z,เมืองหนองบัวลำภู,217,0.0,0.0,0.0,,,True
1791540000,2026-10-09T10:00:00Z,นากลาง,173,0.0,0.0,0.0,,,True
1791540000,2026-10-09T10:00:00Z,ทุ่งเสลี่ยม,144,0.0,0.0,0.0,,,True
1791540000,2026-10-09T10:00:00Z,ดอยหล่อ,56,0.0,0.0,0.0,,,True
1791540000,2026-10-09T10:00:00Z,เมืองตาก,486,0.0,0.0,0.0,,,True
1791540000,2026-10-09T10:00:00Z,แม่ออน,116,0.0,0.0,0.0,,,True
1791540000,2026-10-09T10:00:00Z,อุ้มผาง,1209,0.0,0.0,0.0,,,True
1791540000,2026-10-09T10:00:00Z,วังเจ้า,183,0.0,0.0,0.0,,,True
1791540000,2026-10-09T10:00:00Z,แม่สอด,398,0.0,0.0,0.0,,,True
1791540000,2026-10-09T10:00:00Z,พบพระ,249,0.0,0.0,0.0,,,True
1791540000,2026-10-09T10:00:00Z,แม่ระมาด,380,0.0,0.0,0.0,,,True
1791540000,2026-10-09T10:00:00Z,ท่าสองยาง,401,0.0,0.0,0.0,,,True
1791540000,2026-10-09T10:00:00Z,บ้านตาก,255,0.0,0.0,0.0,,,True
1791540000,2026-10-09T10:00:00Z,สามเงา,698,0.0,0.0,0.0,,,True
1791540000,2026-10-09T10:00:00Z,จอมทอง,280,0.0,0.0,0.0,,,True
1791540000,2026-10-09T10:00:00Z,แก้งสนามนาง,79,0.0,0.0,0.0,,,True
1791540000,2026-10-09T10:00:00Z,สีคิ้ว,292,0.0,0.0,0.0,,,True
1791540000,2026-10-09T10:00:00Z,พระทองคำ,90,0.0,0.0,0.0,,,True
1791540000,2026-10-09T10:00:00Z,เทพารักษ์,92,0.0,0.0,0.0,,,True
1791540000,2026-10-09T10:00:00Z,สันกำแพง,65,0.0,0.0,0.0,,,True
1791540000,2026-10-09T10:00:00Z,สันป่าตอง,44,0.0,0.0,0.0,,,True
1791540000,2026-10-09T10:00:00Z,ดอยเต่า,213,0.0,0.0,0.0,,,True
1791540000,2026-10-09T10:00:00Z,อมก๋อย,704,0.0,0.0,0.0,,,True
1791540000,2026-10-09T10:00:00Z,ฮอด,378,0.0,0.0,0.0,,,True
1791540000,2026-10-09T10:00:00Z,เมืองลำพูน,117,0.0,0.0,0.0,,,True
1791540000,2026-10-09T10:00:00Z,แม่ทา,192,0.0,0.0,0.0,,,True
1791540000,2026-10-09T10:00:00Z,บ้านธิ,34,0.0,0.0,0.0,,,True
1791540000,2026-10-09T10:00:00Z,บ้านหมอ,24,0.0,0.0,0.0,,,True
1791540000,2026-10-09T10:00:00Z,เวียงหนองล่อง,14,0.0,0.0,0.0,,,True
1791540000,2026-10-09T10:00:00Z,ทุ่งหัวช้าง,113,0.0,0.0,0.0,,,True
1791540000,2026-10-09T10:00:00Z,ป่าซาง,74,0.0,0.0,0.0,,,True
1791540000,2026-10-09T10:00:00Z,บ้านโฮ่ง,124,0.0,0.0,0.0,,,True
1791540000,2026-10-09T10:00:00Z,แก่งคอย,73,0.0,0.0,0.0,,,True
1791540000,2026-10-09T10:00:00Z,ลี้,454,0.0,0.0,0.0,,,True
1791540000,2026-10-09T10:00:00Z,พระพุทธบาท,55,0.0,0.0,0.0,,,True
1791540000,2026-10-09T10:00:00Z,ดอนพุด,7,0.0,0.0,0.0,,,True
1791540000,2026-10-09T10:00:00Z,หนองโดน,31,0.0,0.0,0.0,,,True
1791540000,2026-10-09T10:00:00Z,เมืองลำปาง,300,0.0,0.0,0.0,,,True
1791540000,2026-10-09T10:00:00Z,เถิน,443,0.0,0.0,0.0,,,True
1791540000,2026-10-09T10:00:00Z,แม่พริก,167,0.0,0.0,0.0,,,True
1791540000,2026-10-09T10:00:00Z,แจ้ห่ม,274,0.0,0.0,0.0,,,True
1791540000,2026-10-09T10:00:00Z,แม่เปิน,85,0.005,0.098,0.0471,,45,True
1791540000,2026-10-09T10:00:00Z,เสริมงาม,185,0.0,0.0,0.0,,,True
1791540000,2026-10-09T10:00:00Z,ชุมตาบง,61,0.0,0.0,0.0,,,True
1791540000,2026-10-09T10:00:00Z,งาว,344,0.0,0.0,0.0,,,True
1791540000,2026-10-09T10:00:00Z,ตากฟ้า,125,0.0,0.0,0.0,,,True
1791540000,2026-10-09T10:00:00Z,แม่เมาะ,283,0.0,0.0,0.0,,,True
1791540000,2026-10-09T10:00:00Z,แม่วงก์,257,0.002,0.098,0.0195,,15,True
1791540000,2026-10-09T10:00:00Z,เกาะคา,128,0.0,0.0,0.0,,,True
1791540000,2026-10-09T10:00:00Z,พยุหะคีรี,169,0.0,0.0,0.0,,,True
1791540000,2026-10-09T10:00:00Z,ลาดยาว,187,0.0,0.0,0.0,,,True
1791540000,2026-10-09T10:00:00Z,สบปราบ,125,0.0,0.0,0.0,,,True
1791540000,2026-10-09T10:00:00Z,ห้างฉัตร,154,0.0,0.0,0.0,,,True
1791540000,2026-10-09T10:00:00Z,แม่ทะ,203,0.0,0.0,0.0,,,True
1791540000,2026-10-09T10:00:00Z,เมืองปาน,202,0.0,0.0,0.0,,,True
1791540000,2026-10-09T10:00:00Z,เมืองอ่างทอง,6,0.0,0.0,0.0,,,True
1791540000,2026-10-09T10:00:00Z,ไชโย,20,0.0,0.0,0.0,,,True
1791540000,2026-10-09T10:00:00Z,สามโก้,10,0.0,0.0,0.0,,,True
1791540000,2026-10-09T10:00:00Z,แสวงหา,43,0.0,0.0,0.0,,,True
1791540000,2026-10-09T10:00:00Z,วิเศษชัยชาญ,7,0.0,0.0,0.0,,,True
1791540000,2026-10-09T10:00:00Z,โพธิ์ทอง,48,0.0,0.0,0.0,,,True
1791540000,2026-10-09T10:00:00Z,เมืองลพบุรี,190,0.0,0.0,0.0,,,True
1791540000,2026-10-09T10:00:00Z,เดิมบางนางบวช,130,0.0,0.0,0.0,,,True
1791540000,2026-10-09T10:00:00Z,ด่านช้าง,309,0.0,0.0,0.0,,,True
1791540000,2026-10-09T10:00:00Z,หนองม่วง,111,0.0,0.0,0.0,,,True
1791540000,2026-10-09T10:00:00Z,ลำสนธิ,136,0.0,0.0,0.0,,,True
1791540000,2026-10-09T10:00:00Z,สามชุก,77,0.0,0.0,0.0,,,True
1791540000,2026-10-09T10:00:00Z,ดอนเจดีย์,72,0.0,0.0,0.0,,,True
1791540000,2026-10-09T10:00:00Z,สระโบสถ์,83,0.0,0.0,0.0,,,True
1791540000,2026-10-09T10:00:00Z,ศรีประจันต์,41,0.0,0.0,0.0,,,True
1791540000,2026-10-09T10:00:00Z,โคกเจริญ,135,0.0,0.0,0.0,,,True
1791540000,2026-10-09T10:00:00Z,บ้านหมี่,136,0.0,0.0,0.0,,,True
1791540000,2026-10-09T10:00:00Z,ท่าหลวง,100,0.0,0.0,0.0,,,True
1791540000,2026-10-09T10:00:00Z,ชัยบาดาล,280,0.004,0.511,0.0143,,105,True
1791540000,2026-10-09T10:00:00Z,ท่าวุ้ง,64,0.0,0.0,0.0,,,True
1791540000,2026-10-09T10:00:00Z,พัฒนานิคม,217,0.0,0.0,0.0,,,True
1791540000,2026-10-09T10:00:00Z,โคกสำโรง,180,0.0,0.0,0.0,,,True
1791540000,2026-10-09T10:00:00Z,หนองหญ้าไซ,108,0.0,0.0,0.0,,,True
1791540000,2026-10-09T10:00:00Z,ท่าช้าง,11,0.0,0.0,0.0,,,True
1791540000,2026-10-09T10:00:00Z,อินทร์บุรี,66,0.0,0.0,0.0,,,True
1791540000,2026-10-09T10:00:00Z,ค่ายบางระจัน,26,0.0,0.0,0.0,,,True
1791540000,2026-10-09T10:00:00Z,พรหมบุรี,19,0.0,0.0,0.0,,,True
1791540000,2026-10-09T10:00:00Z,เนินสง่า,65,0.0,0.0,0.0,,,True
1791540000,2026-10-09T10:00:00Z,เมืองสิงห์บุรี,31,0.0,0.0,0.0,,,True
1791540000,2026-10-09T10:00:00Z,ซับใหญ่,72,0.0,0.0,0.0,,,True
1791540000,2026-10-09T10:00:00Z,บางระจัน,46,0.0,0.0,0.0,,,True
1791540000,2026-10-09T10:00:00Z,ภูกระดึง,190,0.0,0.0,0.0,,,True
1791540000,2026-10-09T10:00:00Z,ภูหลวง,145,0.0,0.0,0.0,,,True
1791540000,2026-10-09T10:00:00Z,หนองหิน,78,0.0,0.0,0.0,,,True
1791540000,2026-10-09T10:00:00Z,ผาขาว,100,0.0,0.0,0.0,,,True
1791540000,2026-10-09T10:00:00Z,เอราวัณ,87,0.0,0.0,0.0,,,True
1791540000,2026-10-09T10:00:00Z,วังสะพุง,281,0.0,0.0,0.0,,,True
1791540000,2026-10-09T10:00:00Z,วังม่วง,70,0.0,0.0,0.0,,,True
1791540000,2026-10-09T10:00:00Z,เฉลิมพระเกียรติ,35,0.0,0.0,0.0,,,True
1791540000,2026-10-09T10:00:00Z,มวกเหล็ก,175,0.0,0.0,0.0,,,True
1791540000,2026-10-09T10:00:00Z,บ้านเขว้า,124,0.0,0.0,0.0,,,True
1791540000,2026-10-09T10:00:00Z,คอนสวรรค์,113,0.0,0.0,0.0,,,True
1791540000,2026-10-09T10:00:00Z,เมืองชัยภูมิ,358,0.0,0.0,0.0,,,True
1791540000,2026-10-09T10:00:00Z,วังทอง,425,0.0,0.0,0.0,,,True
1791540000,2026-10-09T10:00:00Z,เนินมะปราง,276,0.0,0.0,0.0,,,True
1791540000,2026-10-09T10:00:00Z,สวรรคโลก,156,0.0,0.0,0.0,,,True
1791540000,2026-10-09T10:00:00Z,ศรีนคร,46,0.0,0.0,0.0,,,True
1791540000,2026-10-09T10:00:00Z,หันคา,139,0.0,0.0,0.0,,,True
1791540000,2026-10-09T10:00:00Z,ศรีสัชนาลัย,534,0.0,0.0,0.0,,,True
1791540000,2026-10-09T10:00:00Z,หนองมะโมง,76,0.0,0.0,0.0,,,True
1791540000,2026-10-09T10:00:00Z,ศรีสำโรง,142,0.0,0.0,0.0,,,True
1791540000,2026-10-09T10:00:00Z,สรรพยา,55,0.0,0.0,0.0,,,True
1791540000,2026-10-09T10:00:00Z,คีรีมาศ,171,0.0,0.0,0.0,,,True
1791540000,2026-10-09T10:00:00Z,สรรคบุรี,89,0.0,0.0,0.0,,,True
1791540000,2026-10-09T10:00:00Z,กงไกรลาศ,108,0.0,0.0,0.0,,,True
1791540000,2026-10-09T10:00:00Z,มโนรมย์,66,0.0,0.0,0.0,,,True
1791540000,2026-10-09T10:00:00Z,เมืองสุโขทัย,136,0.0,0.0,0.0,,,True
1791540000,2026-10-09T10:00:00Z,วัดสิงห์,67,0.0,0.0,0.0,,,True
1791540000,2026-10-09T10:00:00Z,บ้านด่านลานหอย,231,0.0,0.0,0.0,,,True
1791540000,2026-10-09T10:00:00Z,เมืองชัยนาท,70,0.0,0.0,0.0,,,True
1791540000,2026-10-09T10:00:00Z,เนินขาม,65,0.0,0.0,0.0,,,True
1791540000,2026-10-09T10:00:00Z,คอนสาร,334,0.0,0.0,0.0,,,True
1791540000,2026-10-09T10:00:00Z,ภักดีชุมพล,154,0.0,0.0,0.0,,,True
1791540000,2026-10-09T10:00:00Z,บ้านแท่น,76,0.0,0.0,0.0,,,True
1791540000,2026-10-09T10:00:00Z,แก้งคร้อ,168,0.0,0.0,0.0,,,True
1791540000,2026-10-09T10:00:00Z,ภูเขียว,201,0.0,0.0,0.0,,,True
1791540000,2026-10-09T10:00:00Z,หนองบัวระเหว,179,0.0,0.0,0.0,,,True
1791540000,2026-10-09T10:00:00Z,เทพสถิต,239,0.0,0.0,0.0,,,True
1791540000,2026-10-09T10:00:00Z,จัตุรัส,172,0.0,0.0,0.0,,,True
1791540000,2026-10-09T10:00:00Z,บำเหน็จณรงค์,120,0.0,0.0,0.0,,,True
1791540000,2026-10-09T10:00:00Z,เกษตรสมบูรณ์,268,0.0,0.0,0.0,,,True
1791540000,2026-10-09T10:00:00Z,หนองบัวแดง,537,0.0,0.0,0.0,,,True
1791540000,2026-10-09T10:00:00Z,ภูเรือ,168,0.0,0.0,0.0,,,True
1791540000,2026-10-09T10:00:00Z,ท่าลี่,171,0.0,0.0,0.0,,,True
1791540000,2026-10-09T10:00:00Z,วชิรบารมี,68,0.0,0.0,0.0,,,True
1791540000,2026-10-09T10:00:00Z,ด่านซ้าย,341,0.0,0.0,0.0,,,True
1791540000,2026-10-09T10:00:00Z,นาแห้ว,153,0.0,0.0,0.0,,,True
1791540000,2026-10-09T10:00:00Z,บึงนาราง,74,0.0,0.0,0.0,,,True
1791540000,2026-10-09T10:00:00Z,เชียงคาน,213,0.0,0.0,0.0,,,True
1791540000,2026-10-09T10:00:00Z,ดงเจริญ,56,0.0,0.0,0.0,,,True
1791540000,2026-10-09T10:00:00Z,ปากชม,240,0.0,0.0,0.0,,,True
1791540000,2026-10-09T10:00:00Z,เมืองเลย,314,0.0,0.0,0.0,,,True
1791540000,2026-10-09T10:00:00Z,นาด้วง,143,0.0,0.0,0.0,,,True
1791540000,2026-10-09T10:00:00Z,สากเหล็ก,45,0.0,0.0,0.0,,,True
1791540000,2026-10-09T10:00:00Z,สามง่าม,89,0.0,0.0,0.0,,,True
1791540000,2026-10-09T10:00:00Z,ทับคล้อ,104,0.0,0.0,0.0,,,True
1791540000,2026-10-09T10:00:00Z,พรหมพิราม,206,0.0,0.0,0.0,,,True
1791540000,2026-10-09T10:00:00Z,ด่านขุนทด,344,0.0,0.0,0.0,,,True
1791540000,2026-10-09T10:00:00Z,วัดโบสถ์,226,0.0,0.0,0.0,,,True
1791540000,2026-10-09T10:00:00Z,บางระกำ,246,0.0,0.0,0.0,,,True
1791540000,2026-10-09T10:00:00Z,บางกระทุ่ม,91,0.0,0.0,0.0,,,True
1791540000,2026-10-09T10:00:00Z,นครไทย,597,0.0,0.0,0.0,,,True
1791540000,2026-10-09T10:00:00Z,ชาติตระการ,415,0.0,0.0,0.0,,,True
1791540000,2026-10-09T10:00:00Z,บ้านเหลื่อม,55,0.0,0.0,0.0,,,True
1791540000,2026-10-09T10:00:00Z,เมืองพิษณุโลก,178,0.0,0.0,0.0,,,True
1791540000,2026-10-09T10:00:00Z,ชุมแสง,145,0.0,0.0,0.0,,,True
1791540000,2026-10-09T10:00:00Z,หนองบัว,208,0.0,0.0,0.0,,,True
1791540000,2026-10-09T10:00:00Z,เมืองนครสวรรค์,183,0.0,0.0,0.0,,,True
1791540000,2026-10-09T10:00:00Z,โกรกพระ,71,0.0,0.0,0.0,,,True
1791540000,2026-10-09T10:00:00Z,ไพศาลี,244,0.0,0.0,0.0,,,True
1791540000,2026-10-09T10:00:00Z,ตาคลี,206,0.0,0.0,0.0,,,True
1791540000,2026-10-09T10:00:00Z,ท่าตะโก,211,0.0,0.0,0.0,,,True
1791540000,2026-10-09T10:00:00Z,เขาค้อ,207,0.0,0.0,0.0,,,True
1791540000,2026-10-09T10:00:00Z,บรรพตพิสัย,181,0.0,0.0,0.0,,,True
1791540000,2026-10-09T10:00:00Z,เก้าเลี้ยว,57,0.0,0.0,0.0,,,True
1791540000,2026-10-09T10:00:00Z,วังโป่ง,123,0.0,0.0,0.0,,,True
1791540000,2026-10-09T10:00:00Z,บึงสามพัน,194,0.0,0.0,0.0,,,True
1791540000,2026-10-09T10:00:00Z,น้ำหนาว,231,0.0,0.0,0.0,,,True
1791540000,2026-10-09T10:00:00Z,ศรีเทพ,204,0.112,1.93,0.1471,60,15,True
1791540000,2026-10-09T10:00:00Z,หนองไผ่,315,0.021,0.799,0.0603,,15,True
1791540000,2026-10-09T10:00:00Z,มหาราช,4,0.0,0.0,0.0,,,False
1791540000,2026-10-09T10:00:00Z,บ้านแพรก,10,0.0,0.0,0.0,,,True
1791540000,2026-10-09T10:00:00Z,บางมูลนาก,99,0.0,0.0,0.0,,,True
1791540000,2026-10-09T10:00:00Z,โพทะเล,131,0.0,0.0,0.0,,,True
1791540000,2026-10-09T10:00:00Z,โพธิ์ประทับช้าง,102,0.0,0.0,0.0,,,True
1791540000,2026-10-09T10:00:00Z,ตะพานหิน,109,0.0,0.0,0.0,,,True
1791540000,2026-10-09T10:00:00Z,เมืองพิจิตร,138,0.0,0.0,0.0,,,True
1791540000,2026-10-09T10:00:00Z,วังทรายพูน,66,0.0,0.0,0.0,,,True
1791540900,2026-10-09T10:15:00Z,พิชัย,176,0.0,0.0,0.0,,,True
1791540900,2026-10-09T10:15:00Z,ลับแล,116,0.0,0.0,0.0,,,True
1791540900,2026-10-09T10:15:00Z,ฟากท่า,163,0.0,0.0,0.0,,,True
1791540900,2026-10-09T10:15:00Z,บ้านโคก,247,0.0,0.0,0.0,,,True
1791540900,2026-10-09T10:15:00Z,ท่าปลา,442,0.0,0.0,0.0,,,True
1791540900,2026-10-09T10:15:00Z,น้ำปาด,363,0.0,0.0,0.0,,,True
1791540900,2026-10-09T10:15:00Z,เมืองอุตรดิตถ์,202,0.0,0.0,0.0,,,True
1791540900,2026-10-09T10:15:00Z,ตรอน,80,0.0,0.0,0.0,,,True
1791540900,2026-10-09T10:15:00Z,หล่มเก่า,246,0.0,0.0,0.0,,,True
1791540900,2026-10-09T10:15:00Z,วิเชียรบุรี,377,0.0,0.0,0.0,,,True
1791540900,2026-10-09T10:15:00Z,ชนแดน,279,0.0,0.0,0.0,,,True
1791540900,2026-10-09T10:15:00Z,หล่มสัก,350,0.0,0.0,0.0,,,True
1791540900,2026-10-09T10:15:00Z,เมืองเพชรบูรณ์,571,0.0,0.0,0.0,,,True
1791540900,2026-10-09T10:15:00Z,ทองแสนขัน,185,0.0,0.0,0.0,,,True
1791540900,2026-10-09T10:15:00Z,บึงสามัคคี,71,0.0,0.0,0.0,,,True
1791540900,2026-10-09T10:15:00Z,โกสัมพีนคร,137,0.0,0.0,0.0,,,True
1791540900,2026-10-09T10:15:00Z,สอง,380,0.0,0.0,0.0,,,True
1791540900,2026-10-09T10:15:00Z,วังชิ้น,255,0.0,0.0,0.0,,,True
1791540900,2026-10-09T10:15:00Z,สูงเม่น,88,0.0,0.0,0.0,,,True
1791540900,2026-10-09T10:15:00Z,เด่นชัย,135,0.0,0.0,0.0,,,True
1791540900,2026-10-09T10:15:00Z,ร้องกวาง,221,0.0,0.0,0.0,,,True
1791540900,2026-10-09T10:15:00Z,ลอง,317,0.0,0.0,0.0,,,True
1791540900,2026-10-09T10:15:00Z,เมืองแพร่,205,0.0,0.0,0.0,,,True
1791540900,2026-10-09T10:15:00Z,ทัพทัน,94,0.0,0.0,0.0,,,True
1791540900,2026-10-09T10:15:00Z,สว่างอารมณ์,110,0.0,0.0,0.0,,,True
1791540900,2026-10-09T10:15:00Z,เมืองอุทัยธานี,59,0.0,0.0,0.0,,,True
1791540900,2026-10-09T10:15:00Z,ห้วยคต,94,0.0,0.0,0.0,,,True
1791540900,2026-10-09T10:15:00Z,ศรีสวัสดิ์,440,0.0,0.0,0.0,,,True
1791540900,2026-10-09T10:15:00Z,บ้านไร่,821,0.0,0.0,0.0,,,True
1791540900,2026-10-09T10:15:00Z,ลานสัก,360,0.0,0.0,0.0,,,True
1791540900,2026-10-09T10:15:00Z,หนองฉาง,89,0.0,0.0,0.0,,,True
1791540900,2026-10-09T10:15:00Z,หนองขาหย่าง,43,0.0,0.0,0.0,,,True
1791540900,2026-10-09T10:15:00Z,เชียงม่วน,82,0.0,0.0,0.0,,,True
1791540900,2026-10-09T10:15:00Z,ดอกคำใต้,37,0.0,0.0,0.0,,,True
1791540900,2026-10-09T10:15:00Z,เมืองพะเยา,6,0.0,0.0,0.0,,,True
1791540900,2026-10-09T10:15:00Z,ทองผาภูมิ,851,0.0,0.0,0.0,,,True
1791540900,2026-10-09T10:15:00Z,สังขละบุรี,793,0.0,0.0,0.0,,,True
1791540900,2026-10-09T10:15:00Z,หนองม่วงไข่,35,0.0,0.0,0.0,,,True
1791540900,2026-10-09T10:15:00Z,ภูเวียง,81,0.0,0.0,0.0,,,True
1791540900,2026-10-09T10:15:00Z,มัญจาคีรี,50,0.0,0.0,0.0,,,True
1791540900,2026-10-09T10:15:00Z,หนองปรือ,104,0.0,0.0,0.0,,,True
1791540900,2026-10-09T10:15:00Z,เลาขวัญ,123,0.0,0.0,0.0,,,True
1791540900,2026-10-09T10:15:00Z,หนองนาคำ,43,0.0,0.0,0.0,,,True
1791540900,2026-10-09T10:15:00Z,โคกโพธิ์ไชย,65,0.0,0.0,0.0,,,True
1791540900,2026-10-09T10:15:00Z,บ้านหลวง,91,0.0,0.0,0.0,,,True
1791540900,2026-10-09T10:15:00Z,นาน้อย,266,0.0,0.0,0.0,,,True
1791540900,2026-10-09T10:15:00Z,ภูผาม่าน,74,0.0,0.0,0.0,,,True
1791540900,2026-10-09T10:15:00Z,เมืองน่าน,161,0.0,0.0,0.0,,,True
1791540900,2026-10-09T10:15:00Z,แม่จริม,262,0.0,0.0,0.0,,,True
1791540900,2026-10-09T10:15:00Z,เวียงเก่า,78,0.0,0.0,0.0,,,True
1791540900,2026-10-09T10:15:00Z,เมืองกำแพงเพชร,368,0.0,0.0,0.0,,,True
1791540900,2026-10-09T10:15:00Z,ไทรงาม,133,0.0,0.0,0.0,,,True
1791540900,2026-10-09T10:15:00Z,ปางศิลาทอง,186,0.0,0.0,0.0,,,True
1791540900,2026-10-09T10:15:00Z,ลานกระบือ,103,0.0,0.0,0.0,,,True
1791540900,2026-10-09T10:15:00Z,ทรายทองวัฒนา,53,0.0,0.0,0.0,,,True
1791540900,2026-10-09T10:15:00Z,คลองขลุง,179,0.0,0.0,0.0,,,True
1791540900,2026-10-09T10:15:00Z,พรานกระต่าย,252,0.0,0.0,0.0,,,True
1791540900,2026-10-09T10:15:00Z,คลองลาน,363,0.0,0.0,0.0,,,True
1791540900,2026-10-09T10:15:00Z,ขาณุวรลักษบุรี,296,0.0,0.0,0.0,,,True
1791540900,2026-10-09T10:15:00Z,ภูเพียง,113,0.0,0.0,0.0,,,True
1791540900,2026-10-09T10:15:00Z,นาหมื่น,245,0.0,0.0,0.0,,,True
1791540900,2026-10-09T10:15:00Z,เวียงสา,543,0.0,0.0,0.0,,,True
1791540900,2026-10-09T10:15:00Z,น้ำโสม,153,0.0,0.0,0.0,,,True
1791540900,2026-10-09T10:15:00Z,นายูง,126,0.0,0.0,0.0,,,True
1791540900,2026-10-09T10:15:00Z,ชุมแพ,173,0.0,0.0,0.0,,,True
1791540900,2026-10-09T10:15:00Z,สีชมพู,132,0.0,0.0,0.0,,,True
1791540900,2026-10-09T10:15:00Z,สุวรรณคูหา,140,0.0,0.0,0.0,,,True
1791540900,2026-10-09T10:15:00Z,นาวัง,65,0.0,0.0,0.0,,,True
1791540900,2026-10-09T10:15:00Z,หนองเรือ,80,0.0,0.0,0.0,,,True
1791540900,2026-10-09T10:15:00Z,โนนสัง,51,0.0,0.0,0.0,,,True
1791540900,2026-10-09T10:15:00Z,ศรีบุญเรือง,224,0.0,0.0,0.0,,,True
1791540900,2026-10-09T10:15:00Z,เมืองหนองบัวลำภู,217,0.0,0.0,0.0,,,True
1791540900,2026-10-09T10:15:00Z,นากลาง,173,0.0,0.0,0.0,,,True
1791540900,2026-10-09T10:15:00Z,ทุ่งเสลี่ยม,144,0.0,0.0,0.0,,,True
1791540900,2026-10-09T10:15:00Z,ดอยหล่อ,56,0.0,0.0,0.0,,,True
1791540900,2026-10-09T10:15:00Z,เมืองตาก,486,0.0,0.0,0.0,,,True
1791540900,2026-10-09T10:15:00Z,แม่ออน,116,0.0,0.0,0.0,,,True
1791540900,2026-10-09T10:15:00Z,อุ้มผาง,1209,0.0,0.0,0.0,,,True
1791540900,2026-10-09T10:15:00Z,วังเจ้า,183,0.0,0.0,0.0,,,True
1791540900,2026-10-09T10:15:00Z,แม่สอด,398,0.0,0.0,0.0,,,True
1791540900,2026-10-09T10:15:00Z,พบพระ,249,0.0,0.0,0.0,,,True
1791540900,2026-10-09T10:15:00Z,แม่ระมาด,380,0.0,0.098,0.0026,,120,True
1791540900,2026-10-09T10:15:00Z,ท่าสองยาง,401,0.0,0.0,0.0,,,True
1791540900,2026-10-09T10:15:00Z,บ้านตาก,255,0.0,0.0,0.0,,,True
1791540900,2026-10-09T10:15:00Z,สามเงา,698,0.006,0.793,0.0115,,15,True
1791540900,2026-10-09T10:15:00Z,จอมทอง,280,0.0,0.0,0.0,,,True
1791540900,2026-10-09T10:15:00Z,แก้งสนามนาง,79,0.0,0.0,0.0,,,True
1791540900,2026-10-09T10:15:00Z,สีคิ้ว,292,0.0,0.0,0.0,,,True
1791540900,2026-10-09T10:15:00Z,พระทองคำ,90,0.0,0.0,0.0,,,True
1791540900,2026-10-09T10:15:00Z,เทพารักษ์,92,0.0,0.0,0.0,,,True
1791540900,2026-10-09T10:15:00Z,สันกำแพง,65,0.0,0.0,0.0,,,True
1791540900,2026-10-09T10:15:00Z,สันป่าตอง,44,0.0,0.0,0.0,,,True
1791540900,2026-10-09T10:15:00Z,ดอยเต่า,213,0.0,0.0,0.0,,,True
1791540900,2026-10-09T10:15:00Z,อมก๋อย,704,0.004,0.712,0.0114,,45,True
1791540900,2026-10-09T10:15:00Z,ฮอด,378,0.0,0.0,0.0,,,True
1791540900,2026-10-09T10:15:00Z,เมืองลำพูน,117,0.0,0.0,0.0,,,True
1791540900,2026-10-09T10:15:00Z,แม่ทา,192,0.0,0.0,0.0,,,True
1791540900,2026-10-09T10:15:00Z,บ้านธิ,34,0.0,0.0,0.0,,,True
1791540900,2026-10-09T10:15:00Z,บ้านหมอ,24,0.0,0.0,0.0,,,True
1791540900,2026-10-09T10:15:00Z,เวียงหนองล่อง,14,0.0,0.0,0.0,,,True
1791540900,2026-10-09T10:15:00Z,ทุ่งหัวช้าง,113,0.0,0.0,0.0,,,True
1791540900,2026-10-09T10:15:00Z,ป่าซาง,74,0.0,0.0,0.0,,,True
1791540900,2026-10-09T10:15:00Z,บ้านโฮ่ง,124,0.0,0.0,0.0,,,True
1791540900,2026-10-09T10:15:00Z,แก่งคอย,73,0.0,0.0,0.0,,,True
1791540900,2026-10-09T10:15:00Z,ลี้,454,0.0,0.0,0.0,,,True
1791540900,2026-10-09T10:15:00Z,พระพุทธบาท,55,0.0,0.0,0.0,,,True
1791540900,2026-10-09T10:15:00Z,ดอนพุด,7,0.0,0.0,0.0,,,True
1791540900,2026-10-09T10:15:00Z,หนองโดน,31,0.0,0.0,0.0,,,True
1791540900,2026-10-09T10:15:00Z,เมืองลำปาง,300,0.0,0.0,0.0,,,True
1791540900,2026-10-09T10:15:00Z,เถิน,443,0.0,0.0,0.0,,,True
1791540900,2026-10-09T10:15:00Z,แม่พริก,167,0.0,0.0,0.0,,,True
1791540900,2026-10-09T10:15:00Z,แจ้ห่ม,274,0.0,0.0,0.0,,,True
1791540900,2026-10-09T10:15:00Z,แม่เปิน,85,0.0,0.0,0.0,,,True
1791540900,2026-10-09T10:15:00Z,เสริมงาม,185,0.0,0.0,0.0,,,True
1791540900,2026-10-09T10:15:00Z,ชุมตาบง,61,0.0,0.0,0.0,,,True
1791540900,2026-10-09T10:15:00Z,งาว,344,0.0,0.0,0.0,,,True
1791540900,2026-10-09T10:15:00Z,ตากฟ้า,125,0.0,0.0,0.0,,,True
1791540900,2026-10-09T10:15:00Z,แม่เมาะ,283,0.0,0.0,0.0,,,True
1791540900,2026-10-09T10:15:00Z,แม่วงก์,257,0.0,0.0,0.0,,,True
1791540900,2026-10-09T10:15:00Z,เกาะคา,128,0.0,0.0,0.0,,,True
1791540900,2026-10-09T10:15:00Z,พยุหะคีรี,169,0.0,0.0,0.0,,,True
1791540900,2026-10-09T10:15:00Z,ลาดยาว,187,0.0,0.0,0.0,,,True
1791540900,2026-10-09T10:15:00Z,สบปราบ,125,0.0,0.0,0.0,,,True
1791540900,2026-10-09T10:15:00Z,ห้างฉัตร,154,0.0,0.0,0.0,,,True
1791540900,2026-10-09T10:15:00Z,แม่ทะ,203,0.0,0.0,0.0,,,True
1791540900,2026-10-09T10:15:00Z,เมืองปาน,202,0.0,0.0,0.0,,,True
1791540900,2026-10-09T10:15:00Z,เมืองอ่างทอง,6,0.0,0.0,0.0,,,True
1791540900,2026-10-09T10:15:00Z,ไชโย,20,0.0,0.0,0.0,,,True
1791540900,2026-10-09T10:15:00Z,สามโก้,10,0.0,0.0,0.0,,,True
1791540900,2026-10-09T10:15:00Z,แสวงหา,43,0.0,0.0,0.0,,,True
1791540900,2026-10-09T10:15:00Z,วิเศษชัยชาญ,7,0.0,0.0,0.0,,,True
1791540900,2026-10-09T10:15:00Z,โพธิ์ทอง,48,0.0,0.0,0.0,,,True
1791540900,2026-10-09T10:15:00Z,เมืองลพบุรี,190,0.0,0.0,0.0,,,True
1791540900,2026-10-09T10:15:00Z,เดิมบางนางบวช,130,0.0,0.0,0.0,,,True
1791540900,2026-10-09T10:15:00Z,ด่านช้าง,309,0.0,0.0,0.0,,,True
1791540900,2026-10-09T10:15:00Z,หนองม่วง,111,0.004,0.098,0.045,,15,True
1791540900,2026-10-09T10:15:00Z,ลำสนธิ,136,0.0,0.0,0.0,,,True
1791540900,2026-10-09T10:15:00Z,สามชุก,77,0.0,0.0,0.0,,,True
1791540900,2026-10-09T10:15:00Z,ดอนเจดีย์,72,0.0,0.0,0.0,,,True
1791540900,2026-10-09T10:15:00Z,สระโบสถ์,83,0.0,0.0,0.0,,,True
1791540900,2026-10-09T10:15:00Z,ศรีประจันต์,41,0.0,0.0,0.0,,,True
1791540900,2026-10-09T10:15:00Z,โคกเจริญ,135,0.029,1.359,0.037,,90,True
1791540900,2026-10-09T10:15:00Z,บ้านหมี่,136,0.003,0.196,0.0147,,90,True
1791540900,2026-10-09T10:15:00Z,ท่าหลวง,100,0.0,0.0,0.0,,,True
1791540900,2026-10-09T10:15:00Z,ชัยบาดาล,280,0.0,0.0,0.0,,,True
1791540900,2026-10-09T10:15:00Z,ท่าวุ้ง,64,0.0,0.0,0.0,,,True
1791540900,2026-10-09T10:15:00Z,พัฒนานิคม,217,0.0,0.0,0.0,,,True
1791540900,2026-10-09T10:15:00Z,โคกสำโรง,180,0.0,0.0,0.0,,,True
1791540900,2026-10-09T10:15:00Z,หนองหญ้าไซ,108,0.0,0.0,0.0,,,True
1791540900,2026-10-09T10:15:00Z,ท่าช้าง,11,0.0,0.0,0.0,,,True
1791540900,2026-10-09T10:15:00Z,อินทร์บุรี,66,0.0,0.0,0.0,,,True
1791540900,2026-10-09T10:15:00Z,ค่ายบางระจัน,26,0.0,0.0,0.0,,,True
1791540900,2026-10-09T10:15:00Z,พรหมบุรี,19,0.0,0.0,0.0,,,True
1791540900,2026-10-09T10:15:00Z,เนินสง่า,65,0.0,0.0,0.0,,,True
1791540900,2026-10-09T10:15:00Z,เมืองสิงห์บุรี,31,0.0,0.0,0.0,,,True
1791540900,2026-10-09T10:15:00Z,ซับใหญ่,72,0.0,0.0,0.0,,,True
1791540900,2026-10-09T10:15:00Z,บางระจัน,46,0.0,0.0,0.0,,,True
1791540900,2026-10-09T10:15:00Z,ภูกระดึง,190,0.0,0.0,0.0,,,True
1791540900,2026-10-09T10:15:00Z,ภูหลวง,145,0.0,0.0,0.0,,,True
1791540900,2026-10-09T10:15:00Z,หนองหิน,78,0.0,0.0,0.0,,,True
1791540900,2026-10-09T10:15:00Z,ผาขาว,100,0.0,0.0,0.0,,,True
1791540900,2026-10-09T10:15:00Z,เอราวัณ,87,0.0,0.0,0.0,,,True
1791540900,2026-10-09T10:15:00Z,วังสะพุง,281,0.0,0.0,0.0,,,True
1791540900,2026-10-09T10:15:00Z,วังม่วง,70,0.0,0.0,0.0,,,True
1791540900,2026-10-09T10:15:00Z,เฉลิมพระเกียรติ,35,0.0,0.0,0.0,,,True
1791540900,2026-10-09T10:15:00Z,มวกเหล็ก,175,0.0,0.0,0.0,,,True
1791540900,2026-10-09T10:15:00Z,บ้านเขว้า,124,0.0,0.0,0.0,,,True
1791540900,2026-10-09T10:15:00Z,คอนสวรรค์,113,0.0,0.0,0.0,,,True
1791540900,2026-10-09T10:15:00Z,เมืองชัยภูมิ,358,0.0,0.0,0.0,,,True
1791540900,2026-10-09T10:15:00Z,วังทอง,425,0.0,0.0,0.0,,,True
1791540900,2026-10-09T10:15:00Z,เนินมะปราง,276,0.0,0.0,0.0,,,True
1791540900,2026-10-09T10:15:00Z,สวรรคโลก,156,0.0,0.0,0.0,,,True
1791540900,2026-10-09T10:15:00Z,ศรีนคร,46,0.0,0.0,0.0,,,True
1791540900,2026-10-09T10:15:00Z,หันคา,139,0.0,0.0,0.0,,,True
1791540900,2026-10-09T10:15:00Z,ศรีสัชนาลัย,534,0.0,0.0,0.0,,,True
1791540900,2026-10-09T10:15:00Z,หนองมะโมง,76,0.0,0.0,0.0,,,True
1791540900,2026-10-09T10:15:00Z,ศรีสำโรง,142,0.0,0.0,0.0,,,True
1791540900,2026-10-09T10:15:00Z,สรรพยา,55,0.0,0.0,0.0,,,True
1791540900,2026-10-09T10:15:00Z,คีรีมาศ,171,0.0,0.0,0.0,,,True
1791540900,2026-10-09T10:15:00Z,สรรคบุรี,89,0.0,0.0,0.0,,,True
1791540900,2026-10-09T10:15:00Z,กงไกรลาศ,108,0.0,0.0,0.0,,,True
1791540900,2026-10-09T10:15:00Z,มโนรมย์,66,0.0,0.0,0.0,,,True
1791540900,2026-10-09T10:15:00Z,เมืองสุโขทัย,136,0.0,0.0,0.0,,,True
1791540900,2026-10-09T10:15:00Z,วัดสิงห์,67,0.0,0.0,0.0,,,True
1791540900,2026-10-09T10:15:00Z,บ้านด่านลานหอย,231,0.0,0.0,0.0,,,True
1791540900,2026-10-09T10:15:00Z,เมืองชัยนาท,70,0.0,0.0,0.0,,,True
1791540900,2026-10-09T10:15:00Z,เนินขาม,65,0.0,0.0,0.0,,,True
1791540900,2026-10-09T10:15:00Z,คอนสาร,334,0.0,0.0,0.0,,,True
1791540900,2026-10-09T10:15:00Z,ภักดีชุมพล,154,0.0,0.0,0.0,,,True
1791540900,2026-10-09T10:15:00Z,บ้านแท่น,76,0.0,0.0,0.0,,,True
1791540900,2026-10-09T10:15:00Z,แก้งคร้อ,168,0.0,0.0,0.0,,,True
1791540900,2026-10-09T10:15:00Z,ภูเขียว,201,0.0,0.0,0.0,,,True
1791540900,2026-10-09T10:15:00Z,หนองบัวระเหว,179,0.0,0.0,0.0,,,True
1791540900,2026-10-09T10:15:00Z,เทพสถิต,239,0.0,0.0,0.0,,,True
1791540900,2026-10-09T10:15:00Z,จัตุรัส,172,0.0,0.0,0.0,,,True
1791540900,2026-10-09T10:15:00Z,บำเหน็จณรงค์,120,0.0,0.0,0.0,,,True
1791540900,2026-10-09T10:15:00Z,เกษตรสมบูรณ์,268,0.0,0.0,0.0,,,True
1791540900,2026-10-09T10:15:00Z,หนองบัวแดง,537,0.0,0.0,0.0,,,True
1791540900,2026-10-09T10:15:00Z,ภูเรือ,168,0.0,0.0,0.0,,,True
1791540900,2026-10-09T10:15:00Z,ท่าลี่,171,0.0,0.0,0.0,,,True
1791540900,2026-10-09T10:15:00Z,วชิรบารมี,68,0.0,0.0,0.0,,,True
1791540900,2026-10-09T10:15:00Z,ด่านซ้าย,341,0.0,0.0,0.0,,,True
1791540900,2026-10-09T10:15:00Z,นาแห้ว,153,0.0,0.0,0.0,,,True
1791540900,2026-10-09T10:15:00Z,บึงนาราง,74,0.0,0.0,0.0,,,True
1791540900,2026-10-09T10:15:00Z,เชียงคาน,213,0.0,0.0,0.0,,,True
1791540900,2026-10-09T10:15:00Z,ดงเจริญ,56,0.0,0.0,0.0,,,True
1791540900,2026-10-09T10:15:00Z,ปากชม,240,0.0,0.0,0.0,,,True
1791540900,2026-10-09T10:15:00Z,เมืองเลย,314,0.0,0.0,0.0,,,True
1791540900,2026-10-09T10:15:00Z,นาด้วง,143,0.0,0.0,0.0,,,True
1791540900,2026-10-09T10:15:00Z,สากเหล็ก,45,0.0,0.0,0.0,,,True
1791540900,2026-10-09T10:15:00Z,สามง่าม,89,0.0,0.0,0.0,,,True
1791540900,2026-10-09T10:15:00Z,ทับคล้อ,104,0.0,0.0,0.0,,,True
1791540900,2026-10-09T10:15:00Z,พรหมพิราม,206,0.0,0.0,0.0,,,True
1791540900,2026-10-09T10:15:00Z,ด่านขุนทด,344,0.0,0.0,0.0,,,True
1791540900,2026-10-09T10:15:00Z,วัดโบสถ์,226,0.0,0.0,0.0,,,True
1791540900,2026-10-09T10:15:00Z,บางระกำ,246,0.0,0.0,0.0,,,True
1791540900,2026-10-09T10:15:00Z,บางกระทุ่ม,91,0.0,0.0,0.0,,,True
1791540900,2026-10-09T10:15:00Z,นครไทย,597,0.0,0.0,0.0,,,True
1791540900,2026-10-09T10:15:00Z,ชาติตระการ,415,0.0,0.0,0.0,,,True
1791540900,2026-10-09T10:15:00Z,บ้านเหลื่อม,55,0.0,0.0,0.0,,,True
1791540900,2026-10-09T10:15:00Z,เมืองพิษณุโลก,178,0.0,0.0,0.0,,,True
1791540900,2026-10-09T10:15:00Z,ชุมแสง,145,0.0,0.0,0.0,,,True
1791540900,2026-10-09T10:15:00Z,หนองบัว,208,0.0,0.0,0.0,,,True
1791540900,2026-10-09T10:15:00Z,เมืองนครสวรรค์,183,0.0,0.0,0.0,,,True
1791540900,2026-10-09T10:15:00Z,โกรกพระ,71,0.0,0.0,0.0,,,True
1791540900,2026-10-09T10:15:00Z,ไพศาลี,244,0.0,0.0,0.0,,,True
1791540900,2026-10-09T10:15:00Z,ตาคลี,206,0.0,0.0,0.0,,,True
1791540900,2026-10-09T10:15:00Z,ท่าตะโก,211,0.0,0.0,0.0,,,True
1791540900,2026-10-09T10:15:00Z,เขาค้อ,207,0.0,0.0,0.0,,,True
1791540900,2026-10-09T10:15:00Z,บรรพตพิสัย,181,0.0,0.0,0.0,,,True
1791540900,2026-10-09T10:15:00Z,เก้าเลี้ยว,57,0.0,0.0,0.0,,,True
1791540900,2026-10-09T10:15:00Z,วังโป่ง,123,0.0,0.0,0.0,,,True
1791540900,2026-10-09T10:15:00Z,บึงสามพัน,194,0.0,0.0,0.0,,,True
1791540900,2026-10-09T10:15:00Z,น้ำหนาว,231,0.0,0.0,0.0,,,True
1791540900,2026-10-09T10:15:00Z,ศรีเทพ,204,0.409,4.966,0.2255,30,15,True
1791540900,2026-10-09T10:15:00Z,หนองไผ่,315,0.001,0.098,0.0063,,45,True
1791540900,2026-10-09T10:15:00Z,มหาราช,4,0.0,0.0,0.0,,,False
1791540900,2026-10-09T10:15:00Z,บ้านแพรก,10,0.0,0.0,0.0,,,True
1791540900,2026-10-09T10:15:00Z,บางมูลนาก,99,0.0,0.0,0.0,,,True
1791540900,2026-10-09T10:15:00Z,โพทะเล,131,0.0,0.0,0.0,,,True
1791540900,2026-10-09T10:15:00Z,โพธิ์ประทับช้าง,102,0.0,0.0,0.0,,,True
1791540900,2026-10-09T10:15:00Z,ตะพานหิน,109,0.0,0.0,0.0,,,True
1791540900,2026-10-09T10:15:00Z,เมืองพิจิตร,138,0.0,0.0,0.0,,,True
1791540900,2026-10-09T10:15:00Z,วังทรายพูน,66,0.0,0.0,0.0,,,True
1791541800,2026-10-09T10:30:00Z,พิชัย,176,0.0,0.0,0.0,,,True
1791541800,2026-10-09T10:30:00Z,ลับแล,116,0.0,0.0,0.0,,,True
1791541800,2026-10-09T10:30:00Z,ฟากท่า,163,0.0,0.0,0.0,,,True
1791541800,2026-10-09T10:30:00Z,บ้านโคก,247,0.0,0.0,0.0,,,True
1791541800,2026-10-09T10:30:00Z,ท่าปลา,442,0.0,0.0,0.0,,,True
1791541800,2026-10-09T10:30:00Z,น้ำปาด,363,0.0,0.0,0.0,,,True
1791541800,2026-10-09T10:30:00Z,เมืองอุตรดิตถ์,202,0.0,0.0,0.0,,,True
1791541800,2026-10-09T10:30:00Z,ตรอน,80,0.0,0.0,0.0,,,True
1791541800,2026-10-09T10:30:00Z,หล่มเก่า,246,0.0,0.0,0.0,,,True
1791541800,2026-10-09T10:30:00Z,วิเชียรบุรี,377,0.0,0.0,0.0,,,True
1791541800,2026-10-09T10:30:00Z,ชนแดน,279,0.0,0.0,0.0,,,True
1791541800,2026-10-09T10:30:00Z,หล่มสัก,350,0.0,0.0,0.0,,,True
1791541800,2026-10-09T10:30:00Z,เมืองเพชรบูรณ์,571,0.0,0.0,0.0,,,True
1791541800,2026-10-09T10:30:00Z,ทองแสนขัน,185,0.0,0.0,0.0,,,True
1791541800,2026-10-09T10:30:00Z,บึงสามัคคี,71,0.0,0.0,0.0,,,True
1791541800,2026-10-09T10:30:00Z,โกสัมพีนคร,137,0.0,0.0,0.0,,,True
1791541800,2026-10-09T10:30:00Z,สอง,380,0.0,0.0,0.0,,,True
1791541800,2026-10-09T10:30:00Z,วังชิ้น,255,0.0,0.0,0.0,,,True
1791541800,2026-10-09T10:30:00Z,สูงเม่น,88,0.0,0.0,0.0,,,True
1791541800,2026-10-09T10:30:00Z,เด่นชัย,135,0.0,0.0,0.0,,,True
1791541800,2026-10-09T10:30:00Z,ร้องกวาง,221,0.0,0.0,0.0,,,True
1791541800,2026-10-09T10:30:00Z,ลอง,317,0.0,0.0,0.0,,,True
1791541800,2026-10-09T10:30:00Z,เมืองแพร่,205,0.0,0.0,0.0,,,True
1791541800,2026-10-09T10:30:00Z,ทัพทัน,94,0.0,0.0,0.0,,,True
1791541800,2026-10-09T10:30:00Z,สว่างอารมณ์,110,0.0,0.0,0.0,,,True
1791541800,2026-10-09T10:30:00Z,เมืองอุทัยธานี,59,0.0,0.0,0.0,,,True
1791541800,2026-10-09T10:30:00Z,ห้วยคต,94,0.0,0.0,0.0,,,True
1791541800,2026-10-09T10:30:00Z,ศรีสวัสดิ์,440,0.0,0.0,0.0,,,True
1791541800,2026-10-09T10:30:00Z,บ้านไร่,821,0.0,0.0,0.0,,,True
1791541800,2026-10-09T10:30:00Z,ลานสัก,360,0.0,0.0,0.0,,,True
1791541800,2026-10-09T10:30:00Z,หนองฉาง,89,0.0,0.0,0.0,,,True
1791541800,2026-10-09T10:30:00Z,หนองขาหย่าง,43,0.0,0.0,0.0,,,True
1791541800,2026-10-09T10:30:00Z,เชียงม่วน,82,0.0,0.0,0.0,,,True
1791541800,2026-10-09T10:30:00Z,ดอกคำใต้,37,0.0,0.0,0.0,,,True
1791541800,2026-10-09T10:30:00Z,เมืองพะเยา,6,0.0,0.0,0.0,,,True
1791541800,2026-10-09T10:30:00Z,ทองผาภูมิ,851,0.0,0.0,0.0,,,True
1791541800,2026-10-09T10:30:00Z,สังขละบุรี,793,0.0,0.0,0.0,,,True
1791541800,2026-10-09T10:30:00Z,หนองม่วงไข่,35,0.0,0.0,0.0,,,True
1791541800,2026-10-09T10:30:00Z,ภูเวียง,81,0.0,0.0,0.0,,,True
1791541800,2026-10-09T10:30:00Z,มัญจาคีรี,50,0.0,0.0,0.0,,,True
1791541800,2026-10-09T10:30:00Z,หนองปรือ,104,0.0,0.0,0.0,,,True
1791541800,2026-10-09T10:30:00Z,เลาขวัญ,123,0.0,0.0,0.0,,,True
1791541800,2026-10-09T10:30:00Z,หนองนาคำ,43,0.0,0.0,0.0,,,True
1791541800,2026-10-09T10:30:00Z,โคกโพธิ์ไชย,65,0.0,0.0,0.0,,,True
1791541800,2026-10-09T10:30:00Z,บ้านหลวง,91,0.0,0.0,0.0,,,True
1791541800,2026-10-09T10:30:00Z,นาน้อย,266,0.0,0.0,0.0,,,True
1791541800,2026-10-09T10:30:00Z,ภูผาม่าน,74,0.0,0.0,0.0,,,True
1791541800,2026-10-09T10:30:00Z,เมืองน่าน,161,0.0,0.0,0.0,,,True
1791541800,2026-10-09T10:30:00Z,แม่จริม,262,0.0,0.0,0.0,,,True
1791541800,2026-10-09T10:30:00Z,เวียงเก่า,78,0.0,0.0,0.0,,,True
1791541800,2026-10-09T10:30:00Z,เมืองกำแพงเพชร,368,0.0,0.0,0.0,,,True
1791541800,2026-10-09T10:30:00Z,ไทรงาม,133,0.0,0.0,0.0,,,True
1791541800,2026-10-09T10:30:00Z,ปางศิลาทอง,186,0.0,0.0,0.0,,,True
1791541800,2026-10-09T10:30:00Z,ลานกระบือ,103,0.0,0.0,0.0,,,True
1791541800,2026-10-09T10:30:00Z,ทรายทองวัฒนา,53,0.0,0.0,0.0,,,True
1791541800,2026-10-09T10:30:00Z,คลองขลุง,179,0.0,0.0,0.0,,,True
1791541800,2026-10-09T10:30:00Z,พรานกระต่าย,252,0.0,0.0,0.0,,,True
1791541800,2026-10-09T10:30:00Z,คลองลาน,363,0.0,0.0,0.0,,,True
1791541800,2026-10-09T10:30:00Z,ขาณุวรลักษบุรี,296,0.0,0.0,0.0,,,True
1791541800,2026-10-09T10:30:00Z,ภูเพียง,113,0.0,0.0,0.0,,,True
1791541800,2026-10-09T10:30:00Z,นาหมื่น,245,0.0,0.0,0.0,,,True
1791541800,2026-10-09T10:30:00Z,เวียงสา,543,0.0,0.0,0.0,,,True
1791541800,2026-10-09T10:30:00Z,น้ำโสม,153,0.0,0.0,0.0,,,True
1791541800,2026-10-09T10:30:00Z,นายูง,126,0.0,0.0,0.0,,,True
1791541800,2026-10-09T10:30:00Z,ชุมแพ,173,0.0,0.0,0.0,,,True
1791541800,2026-10-09T10:30:00Z,สีชมพู,132,0.0,0.0,0.0,,,True
1791541800,2026-10-09T10:30:00Z,สุวรรณคูหา,140,0.0,0.0,0.0,,,True
1791541800,2026-10-09T10:30:00Z,นาวัง,65,0.0,0.0,0.0,,,True
1791541800,2026-10-09T10:30:00Z,หนองเรือ,80,0.0,0.0,0.0,,,True
1791541800,2026-10-09T10:30:00Z,โนนสัง,51,0.0,0.0,0.0,,,True
1791541800,2026-10-09T10:30:00Z,ศรีบุญเรือง,224,0.0,0.0,0.0,,,True
1791541800,2026-10-09T10:30:00Z,เมืองหนองบัวลำภู,217,0.0,0.0,0.0,,,True
1791541800,2026-10-09T10:30:00Z,นากลาง,173,0.0,0.0,0.0,,,True
1791541800,2026-10-09T10:30:00Z,ทุ่งเสลี่ยม,144,0.0,0.0,0.0,,,True
1791541800,2026-10-09T10:30:00Z,ดอยหล่อ,56,0.0,0.0,0.0,,,True
1791541800,2026-10-09T10:30:00Z,เมืองตาก,486,0.0,0.0,0.0,,,True
1791541800,2026-10-09T10:30:00Z,แม่ออน,116,0.0,0.0,0.0,,,True
1791541800,2026-10-09T10:30:00Z,อุ้มผาง,1209,0.0,0.0,0.0,,,True
1791541800,2026-10-09T10:30:00Z,วังเจ้า,183,0.0,0.0,0.0,,,True
1791541800,2026-10-09T10:30:00Z,แม่สอด,398,0.0,0.0,0.0,,,True
1791541800,2026-10-09T10:30:00Z,พบพระ,249,0.0,0.0,0.0,,,True
1791541800,2026-10-09T10:30:00Z,แม่ระมาด,380,0.01,1.472,0.0158,,75,True
1791541800,2026-10-09T10:30:00Z,ท่าสองยาง,401,0.0,0.0,0.0,,,True
1791541800,2026-10-09T10:30:00Z,บ้านตาก,255,0.0,0.0,0.0,,,True
1791541800,2026-10-09T10:30:00Z,สามเงา,698,0.003,1.201,0.0043,,15,True
1791541800,2026-10-09T10:30:00Z,จอมทอง,280,0.0,0.0,0.0,,,True
1791541800,2026-10-09T10:30:00Z,แก้งสนามนาง,79,0.0,0.0,0.0,,,True
1791541800,2026-10-09T10:30:00Z,สีคิ้ว,292,0.0,0.0,0.0,,,True
1791541800,2026-10-09T10:30:00Z,พระทองคำ,90,0.0,0.0,0.0,,,True
1791541800,2026-10-09T10:30:00Z,เทพารักษ์,92,0.0,0.0,0.0,,,True
1791541800,2026-10-09T10:30:00Z,สันกำแพง,65,0.0,0.0,0.0,,,True
1791541800,2026-10-09T10:30:00Z,สันป่าตอง,44,0.0,0.0,0.0,,,True
1791541800,2026-10-09T10:30:00Z,ดอยเต่า,213,0.0,0.0,0.0,,,True
1791541800,2026-10-09T10:30:00Z,อมก๋อย,704,0.006,1.597,0.0071,,30,True
1791541800,2026-10-09T10:30:00Z,ฮอด,378,0.035,2.155,0.0423,,30,True
1791541800,2026-10-09T10:30:00Z,เมืองลำพูน,117,0.0,0.0,0.0,,,True
1791541800,2026-10-09T10:30:00Z,แม่ทา,192,0.0,0.0,0.0,,,True
1791541800,2026-10-09T10:30:00Z,บ้านธิ,34,0.0,0.0,0.0,,,True
1791541800,2026-10-09T10:30:00Z,บ้านหมอ,24,0.0,0.0,0.0,,,True
1791541800,2026-10-09T10:30:00Z,เวียงหนองล่อง,14,0.0,0.0,0.0,,,True
1791541800,2026-10-09T10:30:00Z,ทุ่งหัวช้าง,113,0.0,0.0,0.0,,,True
1791541800,2026-10-09T10:30:00Z,ป่าซาง,74,0.0,0.0,0.0,,,True
1791541800,2026-10-09T10:30:00Z,บ้านโฮ่ง,124,0.017,1.504,0.0161,,15,True
1791541800,2026-10-09T10:30:00Z,แก่งคอย,73,0.0,0.0,0.0,,,True
1791541800,2026-10-09T10:30:00Z,ลี้,454,0.001,0.511,0.0022,,15,True
1791541800,2026-10-09T10:30:00Z,พระพุทธบาท,55,0.0,0.0,0.0,,,True
1791541800,2026-10-09T10:30:00Z,ดอนพุด,7,0.0,0.0,0.0,,,True
1791541800,2026-10-09T10:30:00Z,หนองโดน,31,0.0,0.0,0.0,,,True
1791541800,2026-10-09T10:30:00Z,เมืองลำปาง,300,0.0,0.0,0.0,,,True
1791541800,2026-10-09T10:30:00Z,เถิน,443,0.0,0.0,0.0,,,True
1791541800,2026-10-09T10:30:00Z,แม่พริก,167,0.0,0.0,0.0,,,True
1791541800,2026-10-09T10:30:00Z,แจ้ห่ม,274,0.0,0.0,0.0,,,True
1791541800,2026-10-09T10:30:00Z,แม่เปิน,85,0.0,0.0,0.0,,,True
1791541800,2026-10-09T10:30:00Z,เสริมงาม,185,0.0,0.0,0.0,,,True
1791541800,2026-10-09T10:30:00Z,ชุมตาบง,61,0.0,0.0,0.0,,,True
1791541800,2026-10-09T10:30:00Z,งาว,344,0.0,0.0,0.0,,,True
1791541800,2026-10-09T10:30:00Z,ตากฟ้า,125,0.0,0.0,0.0,,,True
1791541800,2026-10-09T10:30:00Z,แม่เมาะ,283,0.0,0.0,0.0,,,True
1791541800,2026-10-09T10:30:00Z,แม่วงก์,257,0.0,0.0,0.0,,,True
1791541800,2026-10-09T10:30:00Z,เกาะคา,128,0.0,0.0,0.0,,,True
1791541800,2026-10-09T10:30:00Z,พยุหะคีรี,169,0.0,0.0,0.0,,,True
1791541800,2026-10-09T10:30:00Z,ลาดยาว,187,0.0,0.0,0.0,,,True
1791541800,2026-10-09T10:30:00Z,สบปราบ,125,0.0,0.0,0.0,,,True
1791541800,2026-10-09T10:30:00Z,ห้างฉัตร,154,0.0,0.0,0.0,,,True
1791541800,2026-10-09T10:30:00Z,แม่ทะ,203,0.0,0.0,0.0,,,True
1791541800,2026-10-09T10:30:00Z,เมืองปาน,202,0.0,0.0,0.0,,,True
1791541800,2026-10-09T10:30:00Z,เมืองอ่างทอง,6,0.0,0.0,0.0,,,True
1791541800,2026-10-09T10:30:00Z,ไชโย,20,0.0,0.0,0.0,,,True
1791541800,2026-10-09T10:30:00Z,สามโก้,10,0.0,0.0,0.0,,,True
1791541800,2026-10-09T10:30:00Z,แสวงหา,43,0.0,0.0,0.0,,,True
1791541800,2026-10-09T10:30:00Z,วิเศษชัยชาญ,7,0.0,0.0,0.0,,,True
1791541800,2026-10-09T10:30:00Z,โพธิ์ทอง,48,0.0,0.0,0.0,,,True
1791541800,2026-10-09T10:30:00Z,เมืองลพบุรี,190,0.0,0.0,0.0,,,True
1791541800,2026-10-09T10:30:00Z,เดิมบางนางบวช,130,0.0,0.0,0.0,,,True
1791541800,2026-10-09T10:30:00Z,ด่านช้าง,309,0.0,0.0,0.0,,,True
1791541800,2026-10-09T10:30:00Z,หนองม่วง,111,0.075,2.958,0.0721,,105,True
1791541800,2026-10-09T10:30:00Z,ลำสนธิ,136,0.0,0.0,0.0,,,True
1791541800,2026-10-09T10:30:00Z,สามชุก,77,0.0,0.0,0.0,,,True
1791541800,2026-10-09T10:30:00Z,ดอนเจดีย์,72,0.0,0.0,0.0,,,True
1791541800,2026-10-09T10:30:00Z,สระโบสถ์,83,0.367,3.55,0.2892,90,75,True
1791541800,2026-10-09T10:30:00Z,ศรีประจันต์,41,0.0,0.0,0.0,,,True
1791541800,2026-10-09T10:30:00Z,โคกเจริญ,135,0.231,3.182,0.1481,60,30,True
1791541800,2026-10-09T10:30:00Z,บ้านหมี่,136,0.0,0.0,0.0,,,True
1791541800,2026-10-09T10:30:00Z,ท่าหลวง,100,0.0,0.0,0.0,,,True
1791541800,2026-10-09T10:30:00Z,ชัยบาดาล,280,0.002,0.413,0.0071,,45,True
1791541800,2026-10-09T10:30:00Z,ท่าวุ้ง,64,0.0,0.0,0.0,,,True
1791541800,2026-10-09T10:30:00Z,พัฒนานิคม,217,0.0,0.0,0.0,,,True
1791541800,2026-10-09T10:30:00Z,โคกสำโรง,180,0.0,0.0,0.0,,,True
1791541800,2026-10-09T10:30:00Z,หนองหญ้าไซ,108,0.0,0.0,0.0,,,True
1791541800,2026-10-09T10:30:00Z,ท่าช้าง,11,0.0,0.0,0.0,,,True
1791541800,2026-10-09T10:30:00Z,อินทร์บุรี,66,0.0,0.0,0.0,,,True
1791541800,2026-10-09T10:30:00Z,ค่ายบางระจัน,26,0.0,0.0,0.0,,,True
1791541800,2026-10-09T10:30:00Z,พรหมบุรี,19,0.0,0.0,0.0,,,True
1791541800,2026-10-09T10:30:00Z,เนินสง่า,65,0.0,0.0,0.0,,,True
1791541800,2026-10-09T10:30:00Z,เมืองสิงห์บุรี,31,0.0,0.0,0.0,,,True
1791541800,2026-10-09T10:30:00Z,ซับใหญ่,72,0.0,0.0,0.0,,,True
1791541800,2026-10-09T10:30:00Z,บางระจัน,46,0.0,0.0,0.0,,,True
1791541800,2026-10-09T10:30:00Z,ภูกระดึง,190,0.0,0.0,0.0,,,True
1791541800,2026-10-09T10:30:00Z,ภูหลวง,145,0.0,0.0,0.0,,,True
1791541800,2026-10-09T10:30:00Z,หนองหิน,78,0.0,0.0,0.0,,,True
1791541800,2026-10-09T10:30:00Z,ผาขาว,100,0.0,0.0,0.0,,,True
1791541800,2026-10-09T10:30:00Z,เอราวัณ,87,0.0,0.0,0.0,,,True
1791541800,2026-10-09T10:30:00Z,วังสะพุง,281,0.0,0.0,0.0,,,True
1791541800,2026-10-09T10:30:00Z,วังม่วง,70,0.0,0.0,0.0,,,True
1791541800,2026-10-09T10:30:00Z,เฉลิมพระเกียรติ,35,0.0,0.0,0.0,,,True
1791541800,2026-10-09T10:30:00Z,มวกเหล็ก,175,0.0,0.0,0.0,,,True
1791541800,2026-10-09T10:30:00Z,บ้านเขว้า,124,0.0,0.0,0.0,,,True
1791541800,2026-10-09T10:30:00Z,คอนสวรรค์,113,0.0,0.0,0.0,,,True
1791541800,2026-10-09T10:30:00Z,เมืองชัยภูมิ,358,0.0,0.0,0.0,,,True
1791541800,2026-10-09T10:30:00Z,วังทอง,425,0.0,0.0,0.0,,,True
1791541800,2026-10-09T10:30:00Z,เนินมะปราง,276,0.0,0.0,0.0,,,True
1791541800,2026-10-09T10:30:00Z,สวรรคโลก,156,0.0,0.0,0.0,,,True
1791541800,2026-10-09T10:30:00Z,ศรีนคร,46,0.0,0.0,0.0,,,True
1791541800,2026-10-09T10:30:00Z,หันคา,139,0.0,0.0,0.0,,,True
1791541800,2026-10-09T10:30:00Z,ศรีสัชนาลัย,534,0.0,0.0,0.0,,,True
1791541800,2026-10-09T10:30:00Z,หนองมะโมง,76,0.0,0.0,0.0,,,True
1791541800,2026-10-09T10:30:00Z,ศรีสำโรง,142,0.0,0.0,0.0,,,True
1791541800,2026-10-09T10:30:00Z,สรรพยา,55,0.0,0.0,0.0,,,True
1791541800,2026-10-09T10:30:00Z,คีรีมาศ,171,0.0,0.0,0.0,,,True
1791541800,2026-10-09T10:30:00Z,สรรคบุรี,89,0.0,0.0,0.0,,,True
1791541800,2026-10-09T10:30:00Z,กงไกรลาศ,108,0.0,0.0,0.0,,,True
1791541800,2026-10-09T10:30:00Z,มโนรมย์,66,0.0,0.0,0.0,,,True
1791541800,2026-10-09T10:30:00Z,เมืองสุโขทัย,136,0.0,0.0,0.0,,,True
1791541800,2026-10-09T10:30:00Z,วัดสิงห์,67,0.0,0.0,0.0,,,True
1791541800,2026-10-09T10:30:00Z,บ้านด่านลานหอย,231,0.0,0.0,0.0,,,True
1791541800,2026-10-09T10:30:00Z,เมืองชัยนาท,70,0.0,0.0,0.0,,,True
1791541800,2026-10-09T10:30:00Z,เนินขาม,65,0.0,0.0,0.0,,,True
1791541800,2026-10-09T10:30:00Z,คอนสาร,334,0.0,0.0,0.0,,,True
1791541800,2026-10-09T10:30:00Z,ภักดีชุมพล,154,0.0,0.0,0.0,,,True
1791541800,2026-10-09T10:30:00Z,บ้านแท่น,76,0.0,0.0,0.0,,,True
1791541800,2026-10-09T10:30:00Z,แก้งคร้อ,168,0.0,0.0,0.0,,,True
1791541800,2026-10-09T10:30:00Z,ภูเขียว,201,0.0,0.0,0.0,,,True
1791541800,2026-10-09T10:30:00Z,หนองบัวระเหว,179,0.0,0.0,0.0,,,True
1791541800,2026-10-09T10:30:00Z,เทพสถิต,239,0.0,0.0,0.0,,,True
1791541800,2026-10-09T10:30:00Z,จัตุรัส,172,0.0,0.0,0.0,,,True
1791541800,2026-10-09T10:30:00Z,บำเหน็จณรงค์,120,0.0,0.0,0.0,,,True
1791541800,2026-10-09T10:30:00Z,เกษตรสมบูรณ์,268,0.0,0.0,0.0,,,True
1791541800,2026-10-09T10:30:00Z,หนองบัวแดง,537,0.0,0.0,0.0,,,True
1791541800,2026-10-09T10:30:00Z,ภูเรือ,168,0.0,0.0,0.0,,,True
1791541800,2026-10-09T10:30:00Z,ท่าลี่,171,0.0,0.0,0.0,,,True
1791541800,2026-10-09T10:30:00Z,วชิรบารมี,68,0.0,0.0,0.0,,,True
1791541800,2026-10-09T10:30:00Z,ด่านซ้าย,341,0.0,0.0,0.0,,,True
1791541800,2026-10-09T10:30:00Z,นาแห้ว,153,0.0,0.0,0.0,,,True
1791541800,2026-10-09T10:30:00Z,บึงนาราง,74,0.0,0.0,0.0,,,True
1791541800,2026-10-09T10:30:00Z,เชียงคาน,213,0.0,0.0,0.0,,,True
1791541800,2026-10-09T10:30:00Z,ดงเจริญ,56,0.0,0.0,0.0,,,True
1791541800,2026-10-09T10:30:00Z,ปากชม,240,0.0,0.0,0.0,,,True
1791541800,2026-10-09T10:30:00Z,เมืองเลย,314,0.0,0.0,0.0,,,True
1791541800,2026-10-09T10:30:00Z,นาด้วง,143,0.0,0.0,0.0,,,True
1791541800,2026-10-09T10:30:00Z,สากเหล็ก,45,0.0,0.0,0.0,,,True
1791541800,2026-10-09T10:30:00Z,สามง่าม,89,0.0,0.0,0.0,,,True
1791541800,2026-10-09T10:30:00Z,ทับคล้อ,104,0.0,0.0,0.0,,,True
1791541800,2026-10-09T10:30:00Z,พรหมพิราม,206,0.0,0.0,0.0,,,True
1791541800,2026-10-09T10:30:00Z,ด่านขุนทด,344,0.0,0.0,0.0,,,True
1791541800,2026-10-09T10:30:00Z,วัดโบสถ์,226,0.0,0.0,0.0,,,True
1791541800,2026-10-09T10:30:00Z,บางระกำ,246,0.0,0.0,0.0,,,True
1791541800,2026-10-09T10:30:00Z,บางกระทุ่ม,91,0.0,0.0,0.0,,,True
1791541800,2026-10-09T10:30:00Z,นครไทย,597,0.0,0.0,0.0,,,True
1791541800,2026-10-09T10:30:00Z,ชาติตระการ,415,0.0,0.0,0.0,,,True
1791541800,2026-10-09T10:30:00Z,บ้านเหลื่อม,55,0.0,0.0,0.0,,,True
1791541800,2026-10-09T10:30:00Z,เมืองพิษณุโลก,178,0.0,0.0,0.0,,,True
1791541800,2026-10-09T10:30:00Z,ชุมแสง,145,0.0,0.0,0.0,,,True
1791541800,2026-10-09T10:30:00Z,หนองบัว,208,0.0,0.0,0.0,,,True
1791541800,2026-10-09T10:30:00Z,เมืองนครสวรรค์,183,0.0,0.0,0.0,,,True
1791541800,2026-10-09T10:30:00Z,โกรกพระ,71,0.0,0.0,0.0,,,True
1791541800,2026-10-09T10:30:00Z,ไพศาลี,244,0.0,0.0,0.0,,,True
1791541800,2026-10-09T10:30:00Z,ตาคลี,206,0.0,0.0,0.0,,,True
1791541800,2026-10-09T10:30:00Z,ท่าตะโก,211,0.0,0.0,0.0,,,True
1791541800,2026-10-09T10:30:00Z,เขาค้อ,207,0.0,0.0,0.0,,,True
1791541800,2026-10-09T10:30:00Z,บรรพตพิสัย,181,0.0,0.0,0.0,,,True
1791541800,2026-10-09T10:30:00Z,เก้าเลี้ยว,57,0.0,0.0,0.0,,,True
1791541800,2026-10-09T10:30:00Z,วังโป่ง,123,0.0,0.0,0.0,,,True
1791541800,2026-10-09T10:30:00Z,บึงสามพัน,194,0.0,0.0,0.0,,,True
1791541800,2026-10-09T10:30:00Z,น้ำหนาว,231,0.0,0.0,0.0,,,True
1791541800,2026-10-09T10:30:00Z,ศรีเทพ,204,0.137,3.439,0.1176,15,15,True
1791541800,2026-10-09T10:30:00Z,หนองไผ่,315,0.0,0.0,0.0,,,True
1791541800,2026-10-09T10:30:00Z,มหาราช,4,0.0,0.0,0.0,,,False
1791541800,2026-10-09T10:30:00Z,บ้านแพรก,10,0.0,0.0,0.0,,,True
1791541800,2026-10-09T10:30:00Z,บางมูลนาก,99,0.0,0.0,0.0,,,True
1791541800,2026-10-09T10:30:00Z,โพทะเล,131,0.0,0.0,0.0,,,True
1791541800,2026-10-09T10:30:00Z,โพธิ์ประทับช้าง,102,0.0,0.0,0.0,,,True
1791541800,2026-10-09T10:30:00Z,ตะพานหิน,109,0.0,0.0,0.0,,,True
1791541800,2026-10-09T10:30:00Z,เมืองพิจิตร,138,0.0,0.0,0.0,,,True
1791541800,2026-10-09T10:30:00Z,วังทรายพูน,66,0.0,0.0,0.0,,,True
