origin,utc,name,n_cells,mean_mm,max_mm,coverage,eta_area,eta_first,reliable
1790640000,2026-09-29T00:00:00Z,พิชัย,176,0.0,0.0,0.0,,,True
1790640000,2026-09-29T00:00:00Z,ลับแล,116,0.0,0.0,0.0,,,True
1790640000,2026-09-29T00:00:00Z,ฟากท่า,163,0.0,0.0,0.0,,,True
1790640000,2026-09-29T00:00:00Z,บ้านโคก,247,0.0,0.0,0.0,,,True
1790640000,2026-09-29T00:00:00Z,ท่าปลา,442,0.0,0.0,0.0,,,True
1790640000,2026-09-29T00:00:00Z,น้ำปาด,363,0.0,0.0,0.0,,,True
1790640000,2026-09-29T00:00:00Z,เมืองอุตรดิตถ์,202,0.0,0.0,0.0,,,True
1790640000,2026-09-29T00:00:00Z,ตรอน,80,0.0,0.0,0.0,,,True
1790640000,2026-09-29T00:00:00Z,หล่มเก่า,246,0.0,0.0,0.0,,,True
1790640000,2026-09-29T00:00:00Z,วิเชียรบุรี,377,0.0,0.0,0.0,,,True
1790640000,2026-09-29T00:00:00Z,ชนแดน,279,0.0,0.0,0.0,,,True
1790640000,2026-09-29T00:00:00Z,หล่มสัก,350,0.0,0.0,0.0,,,True
1790640000,2026-09-29T00:00:00Z,เมืองเพชรบูรณ์,571,0.0,0.0,0.0,,,True
1790640000,2026-09-29T00:00:00Z,ทองแสนขัน,185,0.0,0.0,0.0,,,True
1790640000,2026-09-29T00:00:00Z,บึงสามัคคี,71,0.0,0.0,0.0,,,True
1790640000,2026-09-29T00:00:00Z,โกสัมพีนคร,137,0.0,0.0,0.0,,,True
1790640000,2026-09-29T00:00:00Z,สอง,380,0.0,0.098,0.0026,,90,True
1790640000,2026-09-29T00:00:00Z,วังชิ้น,255,0.024,0.299,0.1765,30,15,True
1790640000,2026-09-29T00:00:00Z,สูงเม่น,88,0.001,0.098,0.0114,,30,True
1790640000,2026-09-29T00:00:00Z,เด่นชัย,135,0.001,0.098,0.0074,,15,True
1790640000,2026-09-29T00:00:00Z,ร้องกวาง,221,0.0,0.0,0.0,,,True
1790640000,2026-09-29T00:00:00Z,ลอง,317,0.008,0.196,0.0726,,30,True
1790640000,2026-09-29T00:00:00Z,เมืองแพร่,205,0.0,0.0,0.0,,,True
1790640000,2026-09-29T00:00:00Z,ทัพทัน,94,0.0,0.0,0.0,,,True
1790640000,2026-09-29T00:00:00Z,สว่างอารมณ์,110,0.0,0.0,0.0,,,True
1790640000,2026-09-29T00:00:00Z,เมืองอุทัยธานี,59,0.0,0.0,0.0,,,True
1790640000,2026-09-29T00:00:00Z,ห้วยคต,94,0.0,0.0,0.0,,,True
1790640000,2026-09-29T00:00:00Z,ศรีสวัสดิ์,440,0.0,0.0,0.0,,,True
1790640000,2026-09-29T00:00:00Z,บ้านไร่,821,0.0,0.0,0.0,,,True
1790640000,2026-09-29T00:00:00Z,ลานสัก,360,0.0,0.0,0.0,,,True
1790640000,2026-09-29T00:00:00Z,หนองฉาง,89,0.0,0.0,0.0,,,True
1790640000,2026-09-29T00:00:00Z,หนองขาหย่าง,43,0.0,0.0,0.0,,,True
1790640000,2026-09-29T00:00:00Z,เชียงม่วน,82,0.0,0.0,0.0,,,True
1790640000,2026-09-29T00:00:00Z,ดอกคำใต้,37,0.0,0.0,0.0,,,True
1790640000,2026-09-29T00:00:00Z,เมืองพะเยา,6,0.0,0.0,0.0,,,True
1790640000,2026-09-29T00:00:00Z,ทองผาภูมิ,851,0.0,0.0,0.0,,,True
1790640000,2026-09-29T00:00:00Z,สังขละบุรี,793,0.0,0.0,0.0,,,True
1790640000,2026-09-29T00:00:00Z,หนองม่วงไข่,35,0.0,0.0,0.0,,,True
1790640000,2026-09-29T00:00:00Z,ภูเวียง,81,0.0,0.0,0.0,,,True
1790640000,2026-09-29T00:00:00Z,มัญจาคีรี,50,0.0,0.0,0.0,,,True
1790640000,2026-09-29T00:00:00Z,หนองปรือ,104,0.0,0.0,0.0,,,True
1790640000,2026-09-29T00:00:00Z,เลาขวัญ,123,0.0,0.0,0.0,,,True
1790640000,2026-09-29T00:00:00Z,หนองนาคำ,43,0.0,0.0,0.0,,,True
1790640000,2026-09-29T00:00:00Z,โคกโพธิ์ไชย,65,0.0,0.0,0.0,,,True
1790640000,2026-09-29T00:00:00Z,บ้านหลวง,91,0.0,0.0,0.0,,,True
1790640000,2026-09-29T00:00:00Z,นาน้อย,266,0.0,0.0,0.0,,,True
1790640000,2026-09-29T00:00:00Z,ภูผาม่าน,74,0.0,0.0,0.0,,,True
1790640000,2026-09-29T00:00:00Z,เมืองน่าน,161,0.0,0.0,0.0,,,True
1790640000,2026-09-29T00:00:00Z,แม่จริม,262,0.0,0.0,0.0,,,True
1790640000,2026-09-29T00:00:00Z,เวียงเก่า,78,0.0,0.0,0.0,,,True
1790640000,2026-09-29T00:00:00Z,เมืองกำแพงเพชร,368,0.0,0.0,0.0,,,True
1790640000,2026-09-29T00:00:00Z,ไทรงาม,133,0.0,0.0,0.0,,,True
1790640000,2026-09-29T00:00:00Z,ปางศิลาทอง,186,0.0,0.0,0.0,,,True
1790640000,2026-09-29T00:00:00Z,ลานกระบือ,103,0.0,0.0,0.0,,,True
1790640000,2026-09-29T00:00:00Z,ทรายทองวัฒนา,53,0.0,0.0,0.0,,,True
1790640000,2026-09-29T00:00:00Z,คลองขลุง,179,0.0,0.0,0.0,,,True
1790640000,2026-09-29T00:00:00Z,พรานกระต่าย,252,0.0,0.0,0.0,,,True
1790640000,2026-09-29T00:00:00Z,คลองลาน,363,0.0,0.0,0.0,,,True
1790640000,2026-09-29T00:00:00Z,ขาณุวรลักษบุรี,296,0.0,0.0,0.0,,,True
1790640000,2026-09-29T00:00:00Z,ภูเพียง,113,0.0,0.0,0.0,,,True
1790640000,2026-09-29T00:00:00Z,นาหมื่น,245,0.0,0.0,0.0,,,True
1790640000,2026-09-29T00:00:00Z,เวียงสา,543,0.0,0.0,0.0,,,True
1790640000,2026-09-29T00:00:00Z,น้ำโสม,153,0.0,0.0,0.0,,,True
1790640000,2026-09-29T00:00:00Z,นายูง,126,0.0,0.0,0.0,,,True
1790640000,2026-09-29T00:00:00Z,ชุมแพ,173,0.0,0.0,0.0,,,True
1790640000,2026-09-29T00:00:00Z,สีชมพู,132,0.0,0.0,0.0,,,True
1790640000,2026-09-29T00:00:00Z,สุวรรณคูหา,140,0.0,0.0,0.0,,,True
1790640000,2026-09-29T00:00:00Z,นาวัง,65,0.0,0.0,0.0,,,True
1790640000,2026-09-29T00:00:00Z,หนองเรือ,80,0.0,0.0,0.0,,,True
1790640000,2026-09-29T00:00:00Z,โนนสัง,51,0.0,0.0,0.0,,,True
1790640000,2026-09-29T00:00:00Z,ศรีบุญเรือง,224,0.0,0.0,0.0,,,True
1790640000,2026-09-29T00:00:00Z,เมืองหนองบัวลำภู,217,0.0,0.0,0.0,,,True
1790640000,2026-09-29T00:00:00Z,นากลาง,173,0.0,0.0,0.0,,,True
1790640000,2026-09-29T00:00:00Z,ทุ่งเสลี่ยม,144,0.0,0.0,0.0,,,True
1790640000,2026-09-29T00:00:00Z,ดอยหล่อ,56,0.002,0.098,0.0179,,75,True
1790640000,2026-09-29T00:00:00Z,เมืองตาก,486,0.0,0.0,0.0,,,True
1790640000,2026-09-29T00:00:00Z,แม่ออน,116,0.0,0.0,0.0,,,True
1790640000,2026-09-29T00:00:00Z,อุ้มผาง,1209,0.0,0.0,0.0,,,True
1790640000,2026-09-29T00:00:00Z,วังเจ้า,183,0.0,0.0,0.0,,,True
1790640000,2026-09-29T00:00:00Z,แม่สอด,398,0.0,0.0,0.0,,,True
1790640000,2026-09-29T00:00:00Z,พบพระ,249,0.0,0.0,0.0,,,True
1790640000,2026-09-29T00:00:00Z,แม่ระมาด,380,0.0,0.0,0.0,,,True
1790640000,2026-09-29T00:00:00Z,ท่าสองยาง,401,0.001,0.098,0.01,,15,True
1790640000,2026-09-29T00:00:00Z,บ้านตาก,255,0.0,0.0,0.0,,,True
1790640000,2026-09-29T00:00:00Z,สามเงา,698,0.002,0.201,0.0172,,15,True
1790640000,2026-09-29T00:00:00Z,จอมทอง,280,0.004,0.196,0.0357,,30,True
1790640000,2026-09-29T00:00:00Z,แก้งสนามนาง,79,0.0,0.0,0.0,,,True
1790640000,2026-09-29T00:00:00Z,สีคิ้ว,292,0.0,0.0,0.0,,,True
1790640000,2026-09-29T00:00:00Z,พระทองคำ,90,0.0,0.0,0.0,,,True
1790640000,2026-09-29T00:00:00Z,เทพารักษ์,92,0.0,0.0,0.0,,,True
1790640000,2026-09-29T00:00:00Z,สันกำแพง,65,0.0,0.0,0.0,,,True
1790640000,2026-09-29T00:00:00Z,สันป่าตอง,44,0.002,0.098,0.0227,,75,True
1790640000,2026-09-29T00:00:00Z,ดอยเต่า,213,0.013,0.201,0.108,105,30,True
1790640000,2026-09-29T00:00:00Z,อมก๋อย,704,0.005,0.098,0.0554,,15,True
1790640000,2026-09-29T00:00:00Z,ฮอด,378,0.011,0.299,0.0767,,15,True
1790640000,2026-09-29T00:00:00Z,เมืองลำพูน,117,0.001,0.098,0.0085,,75,True
1790640000,2026-09-29T00:00:00Z,แม่ทา,192,0.0,0.0,0.0,,,True
1790640000,2026-09-29T00:00:00Z,บ้านธิ,34,0.0,0.0,0.0,,,True
1790640000,2026-09-29T00:00:00Z,บ้านหมอ,24,0.0,0.0,0.0,,,True
1790640000,2026-09-29T00:00:00Z,เวียงหนองล่อง,14,0.007,0.098,0.0714,,60,True
1790640000,2026-09-29T00:00:00Z,ทุ่งหัวช้าง,113,0.0,0.0,0.0,,,True
1790640000,2026-09-29T00:00:00Z,ป่าซาง,74,0.036,0.201,0.2973,60,45,True
1790640000,2026-09-29T00:00:00Z,บ้านโฮ่ง,124,0.044,0.299,0.3145,30,15,True
1790640000,2026-09-29T00:00:00Z,แก่งคอย,73,0.0,0.0,0.0,,,True
1790640000,2026-09-29T00:00:00Z,ลี้,454,0.0,0.0,0.0,,,True
1790640000,2026-09-29T00:00:00Z,พระพุทธบาท,55,0.0,0.0,0.0,,,True
1790640000,2026-09-29T00:00:00Z,ดอนพุด,7,0.0,0.0,0.0,,,True
1790640000,2026-09-29T00:00:00Z,หนองโดน,31,0.0,0.0,0.0,,,True
1790640000,2026-09-29T00:00:00Z,เมืองลำปาง,300,0.067,1.147,0.2167,45,15,True
1790640000,2026-09-29T00:00:00Z,เถิน,443,0.0,0.0,0.0,,,True
1790640000,2026-09-29T00:00:00Z,แม่พริก,167,0.0,0.0,0.0,,,True
1790640000,2026-09-29T00:00:00Z,แจ้ห่ม,274,0.077,1.147,0.2774,75,60,True
1790640000,2026-09-29T00:00:00Z,แม่เปิน,85,0.0,0.0,0.0,,,True
1790640000,2026-09-29T00:00:00Z,เสริมงาม,185,0.0,0.0,0.0,,,True
1790640000,2026-09-29T00:00:00Z,ชุมตาบง,61,0.0,0.0,0.0,,,True
1790640000,2026-09-29T00:00:00Z,งาว,344,0.005,0.201,0.0436,,75,True
1790640000,2026-09-29T00:00:00Z,ตากฟ้า,125,0.0,0.0,0.0,,,True
1790640000,2026-09-29T00:00:00Z,แม่เมาะ,283,0.053,1.147,0.2367,30,15,True
1790640000,2026-09-29T00:00:00Z,แม่วงก์,257,0.0,0.0,0.0,,,True
1790640000,2026-09-29T00:00:00Z,เกาะคา,128,0.0,0.0,0.0,,,True
1790640000,2026-09-29T00:00:00Z,พยุหะคีรี,169,0.0,0.0,0.0,,,True
1790640000,2026-09-29T00:00:00Z,ลาดยาว,187,0.0,0.0,0.0,,,True
1790640000,2026-09-29T00:00:00Z,สบปราบ,125,0.0,0.0,0.0,,,True
1790640000,2026-09-29T00:00:00Z,ห้างฉัตร,154,0.0,0.0,0.0,,,True
1790640000,2026-09-29T00:00:00Z,แม่ทะ,203,0.028,0.299,0.1823,60,15,True
1790640000,2026-09-29T00:00:00Z,เมืองปาน,202,0.0,0.0,0.0,,,True
1790640000,2026-09-29T00:00:00Z,เมืองอ่างทอง,6,0.0,0.0,0.0,,,True
1790640000,2026-09-29T00:00:00Z,ไชโย,20,0.0,0.0,0.0,,,True
1790640000,2026-09-29T00:00:00Z,สามโก้,10,0.0,0.0,0.0,,,True
1790640000,2026-09-29T00:00:00Z,แสวงหา,43,0.0,0.0,0.0,,,True
1790640000,2026-09-29T00:00:00Z,วิเศษชัยชาญ,7,0.0,0.0,0.0,,,True
1790640000,2026-09-29T00:00:00Z,โพธิ์ทอง,48,0.0,0.0,0.0,,,True
1790640000,2026-09-29T00:00:00Z,เมืองลพบุรี,190,0.0,0.0,0.0,,,True
1790640000,2026-09-29T00:00:00Z,เดิมบางนางบวช,130,0.0,0.0,0.0,,,True
1790640000,2026-09-29T00:00:00Z,ด่านช้าง,309,0.0,0.0,0.0,,,True
1790640000,2026-09-29T00:00:00Z,หนองม่วง,111,0.0,0.0,0.0,,,True
1790640000,2026-09-29T00:00:00Z,ลำสนธิ,136,0.0,0.0,0.0,,,True
1790640000,2026-09-29T00:00:00Z,สามชุก,77,0.0,0.0,0.0,,,True
1790640000,2026-09-29T00:00:00Z,ดอนเจดีย์,72,0.0,0.0,0.0,,,True
1790640000,2026-09-29T00:00:00Z,สระโบสถ์,83,0.0,0.0,0.0,,,True
1790640000,2026-09-29T00:00:00Z,ศรีประจันต์,41,0.0,0.0,0.0,,,True
1790640000,2026-09-29T00:00:00Z,โคกเจริญ,135,0.0,0.0,0.0,,,True
1790640000,2026-09-29T00:00:00Z,บ้านหมี่,136,0.0,0.0,0.0,,,True
1790640000,2026-09-29T00:00:00Z,ท่าหลวง,100,0.0,0.0,0.0,,,True
1790640000,2026-09-29T00:00:00Z,ชัยบาดาล,280,0.0,0.0,0.0,,,True
1790640000,2026-09-29T00:00:00Z,ท่าวุ้ง,64,0.0,0.0,0.0,,,True
1790640000,2026-09-29T00:00:00Z,พัฒนานิคม,217,0.0,0.0,0.0,,,True
1790640000,2026-09-29T00:00:00Z,โคกสำโรง,180,0.0,0.0,0.0,,,True
1790640000,2026-09-29T00:00:00Z,หนองหญ้าไซ,108,0.0,0.0,0.0,,,True
1790640000,2026-09-29T00:00:00Z,ท่าช้าง,11,0.0,0.0,0.0,,,True
1790640000,2026-09-29T00:00:00Z,อินทร์บุรี,66,0.0,0.0,0.0,,,True
1790640000,2026-09-29T00:00:00Z,ค่ายบางระจัน,26,0.0,0.0,0.0,,,True
1790640000,2026-09-29T00:00:00Z,พรหมบุรี,19,0.0,0.0,0.0,,,True
1790640000,2026-09-29T00:00:00Z,เนินสง่า,65,0.0,0.0,0.0,,,True
1790640000,2026-09-29T00:00:00Z,เมืองสิงห์บุรี,31,0.0,0.0,0.0,,,True
1790640000,2026-09-29T00:00:00Z,ซับใหญ่,72,0.0,0.0,0.0,,,True
1790640000,2026-09-29T00:00:00Z,บางระจัน,46,0.0,0.0,0.0,,,True
1790640000,2026-09-29T00:00:00Z,ภูกระดึง,190,0.0,0.0,0.0,,,True
1790640000,2026-09-29T00:00:00Z,ภูหลวง,145,0.0,0.0,0.0,,,True
1790640000,2026-09-29T00:00:00Z,หนองหิน,78,0.0,0.0,0.0,,,True
1790640000,2026-09-29T00:00:00Z,ผาขาว,100,0.0,0.0,0.0,,,True
1790640000,2026-09-29T00:00:00Z,เอราวัณ,87,0.0,0.0,0.0,,,True
1790640000,2026-09-29T00:00:00Z,วังสะพุง,281,0.0,0.0,0.0,,,True
1790640000,2026-09-29T00:00:00Z,วังม่วง,70,0.0,0.0,0.0,,,True
1790640000,2026-09-29T00:00:00Z,เฉลิมพระเกียรติ,35,0.0,0.0,0.0,,,True
1790640000,2026-09-29T00:00:00Z,มวกเหล็ก,175,0.0,0.0,0.0,,,True
1790640000,2026-09-29T00:00:00Z,บ้านเขว้า,124,0.0,0.0,0.0,,,True
1790640000,2026-09-29T00:00:00Z,คอนสวรรค์,113,0.0,0.0,0.0,,,True
1790640000,2026-09-29T00:00:00Z,เมืองชัยภูมิ,358,0.0,0.0,0.0,,,True
1790640000,2026-09-29T00:00:00Z,วังทอง,425,0.0,0.0,0.0,,,True
1790640000,2026-09-29T00:00:00Z,เนินมะปราง,276,0.0,0.0,0.0,,,True
1790640000,2026-09-29T00:00:00Z,สวรรคโลก,156,0.0,0.0,0.0,,,True
1790640000,2026-09-29T00:00:00Z,ศรีนคร,46,0.0,0.0,0.0,,,True
1790640000,2026-09-29T00:00:00Z,หันคา,139,0.0,0.0,0.0,,,True
1790640000,2026-09-29T00:00:00Z,ศรีสัชนาลัย,534,0.005,0.098,0.0468,,15,True
1790640000,2026-09-29T00:00:00Z,หนองมะโมง,76,0.0,0.0,0.0,,,True
1790640000,2026-09-29T00:00:00Z,ศรีสำโรง,142,0.0,0.0,0.0,,,True
1790640000,2026-09-29T00:00:00Z,สรรพยา,55,0.0,0.0,0.0,,,True
1790640000,2026-09-29T00:00:00Z,คีรีมาศ,171,0.0,0.0,0.0,,,True
1790640000,2026-09-29T00:00:00Z,สรรคบุรี,89,0.0,0.0,0.0,,,True
1790640000,2026-09-29T00:00:00Z,กงไกรลาศ,108,0.0,0.0,0.0,,,True
1790640000,2026-09-29T00:00:00Z,มโนรมย์,66,0.0,0.0,0.0,,,True
1790640000,2026-09-29T00:00:00Z,เมืองสุโขทัย,136,0.0,0.0,0.0,,,True
1790640000,2026-09-29T00:00:00Z,วัดสิงห์,67,0.0,0.0,0.0,,,True
1790640000,2026-09-29T00:00:00Z,บ้านด่านลานหอย,231,0.0,0.0,0.0,,,True
1790640000,2026-09-29T00:00:00Z,เมืองชัยนาท,70,0.0,0.0,0.0,,,True
1790640000,2026-09-29T00:00:00Z,เนินขาม,65,0.0,0.0,0.0,,,True
1790640000,2026-09-29T00:00:00Z,คอนสาร,334,0.0,0.0,0.0,,,True
1790640000,2026-09-29T00:00:00Z,ภักดีชุมพล,154,0.0,0.0,0.0,,,True
1790640000,2026-09-29T00:00:00Z,บ้านแท่น,76,0.0,0.0,0.0,,,True
1790640000,2026-09-29T00:00:00Z,แก้งคร้อ,168,0.0,0.0,0.0,,,True
1790640000,2026-09-29T00:00:00Z,ภูเขียว,201,0.0,0.0,0.0,,,True
1790640000,2026-09-29T00:00:00Z,หนองบัวระเหว,179,0.0,0.0,0.0,,,True
1790640000,2026-09-29T00:00:00Z,เทพสถิต,239,0.0,0.0,0.0,,,True
1790640000,2026-09-29T00:00:00Z,จัตุรัส,172,0.0,0.0,0.0,,,True
1790640000,2026-09-29T00:00:00Z,บำเหน็จณรงค์,120,0.0,0.0,0.0,,,True
1790640000,2026-09-29T00:00:00Z,เกษตรสมบูรณ์,268,0.0,0.0,0.0,,,True
1790640000,2026-09-29T00:00:00Z,หนองบัวแดง,537,0.0,0.0,0.0,,,True
1790640000,2026-09-29T00:00:00Z,ภูเรือ,168,0.0,0.0,0.0,,,True
1790640000,2026-09-29T00:00:00Z,ท่าลี่,171,0.0,0.0,0.0,,,True
1790640000,2026-09-29T00:00:00Z,วชิรบารมี,68,0.0,0.0,0.0,,,True
1790640000,2026-09-29T00:00:00Z,ด่านซ้าย,341,0.0,0.0,0.0,,,True
1790640000,2026-09-29T00:00:00Z,นาแห้ว,153,0.0,0.0,0.0,,,True
1790640000,2026-09-29T00:00:00Z,บึงนาราง,74,0.0,0.0,0.0,,,True
1790640000,2026-09-29T00:00:00Z,เชียงคาน,213,0.0,0.0,0.0,,,True
1790640000,2026-09-29T00:00:00Z,ดงเจริญ,56,0.0,0.0,0.0,,,True
1790640000,2026-09-29T00:00:00Z,ปากชม,240,0.0,0.0,0.0,,,True
1790640000,2026-09-29T00:00:00Z,เมืองเลย,314,0.0,0.0,0.0,,,True
1790640000,2026-09-29T00:00:00Z,นาด้วง,143,0.0,0.0,0.0,,,True
1790640000,2026-09-29T00:00:00Z,สากเหล็ก,45,0.0,0.0,0.0,,,True
1790640000,2026-09-29T00:00:00Z,สามง่าม,89,0.0,0.0,0.0,,,True
1790640000,2026-09-29T00:00:00Z,ทับคล้อ,104,0.0,0.0,0.0,,,True
1790640000,2026-09-29T00:00:00Z,พรหมพิราม,206,0.0,0.0,0.0,,,True
1790640000,2026-09-29T00:00:00Z,ด่านขุนทด,344,0.0,0.0,0.0,,,True
1790640000,2026-09-29T00:00:00Z,วัดโบสถ์,226,0.0,0.0,0.0,,,True
1790640000,2026-09-29T00:00:00Z,บางระกำ,246,0.0,0.0,0.0,,,True
1790640000,2026-09-29T00:00:00Z,บางกระทุ่ม,91,0.0,0.0,0.0,,,True
1790640000,2026-09-29T00:00:00Z,นครไทย,597,0.0,0.0,0.0,,,True
1790640000,2026-09-29T00:00:00Z,ชาติตระการ,415,0.0,0.0,0.0,,,True
1790640000,2026-09-29T00:00:00Z,บ้านเหลื่อม,55,0.0,0.0,0.0,,,True
1790640000,2026-09-29T00:00:00Z,เมืองพิษณุโลก,178,0.0,0.0,0.0,,,True
1790640000,2026-09-29T00:00:00Z,ชุมแสง,145,0.0,0.0,0.0,,,True
1790640000,2026-09-29T00:00:00Z,หนองบัว,208,0.0,0.0,0.0,,,True
1790640000,2026-09-29T00:00:00Z,เมืองนครสวรรค์,183,0.0,0.0,0.0,,,True
1790640000,2026-09-29T00:00:00Z,โกรกพระ,71,0.0,0.0,0.0,,,True
1790640000,2026-09-29T00:00:00Z,ไพศาลี,244,0.0,0.0,0.0,,,True
1790640000,2026-09-29T00:00:00Z,ตาคลี,206,0.0,0.0,0.0,,,True
1790640000,2026-09-29T00:00:00Z,ท่าตะโก,211,0.0,0.0,0.0,,,True
1790640000,2026-09-29T00:00:00Z,เขาค้อ,207,0.0,0.0,0.0,,,True
1790640000,2026-09-29T00:00:00Z,บรรพตพิสัย,181,0.0,0.0,0.0,,,True
1790640000,2026-09-29T00:00:00Z,เก้าเลี้ยว,57,0.0,0.0,0.0,,,True
1790640000,2026-09-29T00:00:00Z,วังโป่ง,123,0.0,0.0,0.0,,,True
1790640000,2026-09-29T00:00:00Z,บึงสามพัน,194,0.0,0.0,0.0,,,True
1790640000,2026-09-29T00:00:00Z,น้ำหนาว,231,0.0,0.0,0.0,,,True
1790640000,2026-09-29T00:00:00Z,ศรีเทพ,204,0.0,0.0,0.0,,,True
1790640000,2026-09-29T00:00:00Z,หนองไผ่,315,0.0,0.0,0.0,,,True
1790640000,2026-09-29T00:00:00Z,มหาราช,4,0.0,0.0,0.0,,,False
1790640000,2026-09-29T00:00:00Z,บ้านแพรก,10,0.0,0.0,0.0,,,True
1790640000,2026-09-29T00:00:00Z,บางมูลนาก,99,0.0,0.0,0.0,,,True
1790640000,2026-09-29T00:00:00Z,โพทะเล,131,0.0,0.0,0.0,,,True
1790640000,2026-09-29T00:00:00Z,โพธิ์ประทับช้าง,102,0.0,0.0,0.0,,,True
1790640000,2026-09-29T00:00:00Z,ตะพานหิน,109,0.0,0.0,0.0,,,True
1790640000,2026-09-29T00:00:00Z,เมืองพิจิตร,138,0.0,0.0,0.0,,,True
1790640000,2026-09-29T00:00:00Z,วังทรายพูน,66,0.0,0.0,0.0,,,True
1790640900,2026-09-29T00:15:00Z,พิชัย,176,0.0,0.0,0.0,,,True
1790640900,2026-09-29T00:15:00Z,ลับแล,116,0.0,0.0,0.0,,,True
1790640900,2026-09-29T00:15:00Z,ฟากท่า,163,0.0,0.0,0.0,,,True
1790640900,2026-09-29T00:15:00Z,บ้านโคก,247,0.0,0.0,0.0,,,True
1790640900,2026-09-29T00:15:00Z,ท่าปลา,442,0.0,0.0,0.0,,,True
1790640900,2026-09-29T00:15:00Z,น้ำปาด,363,0.0,0.0,0.0,,,True
1790640900,2026-09-29T00:15:00Z,เมืองอุตรดิตถ์,202,0.0,0.0,0.0,,,True
1790640900,2026-09-29T00:15:00Z,ตรอน,80,0.0,0.0,0.0,,,True
1790640900,2026-09-29T00:15:00Z,หล่มเก่า,246,0.0,0.0,0.0,,,True
1790640900,2026-09-29T00:15:00Z,วิเชียรบุรี,377,0.0,0.0,0.0,,,True
1790640900,2026-09-29T00:15:00Z,ชนแดน,279,0.0,0.0,0.0,,,True
1790640900,2026-09-29T00:15:00Z,หล่มสัก,350,0.0,0.0,0.0,,,True
1790640900,2026-09-29T00:15:00Z,เมืองเพชรบูรณ์,571,0.0,0.0,0.0,,,True
1790640900,2026-09-29T00:15:00Z,ทองแสนขัน,185,0.0,0.0,0.0,,,True
1790640900,2026-09-29T00:15:00Z,บึงสามัคคี,71,0.0,0.0,0.0,,,True
1790640900,2026-09-29T00:15:00Z,โกสัมพีนคร,137,0.0,0.0,0.0,,,True
1790640900,2026-09-29T00:15:00Z,สอง,380,0.0,0.0,0.0,,,True
1790640900,2026-09-29T00:15:00Z,วังชิ้น,255,0.03,0.299,0.2157,30,15,True
1790640900,2026-09-29T00:15:00Z,สูงเม่น,88,0.0,0.0,0.0,,,True
1790640900,2026-09-29T00:15:00Z,เด่นชัย,135,0.0,0.0,0.0,,,True
1790640900,2026-09-29T00:15:00Z,ร้องกวาง,221,0.0,0.0,0.0,,,True
1790640900,2026-09-29T00:15:00Z,ลอง,317,0.015,0.201,0.1388,90,15,True
1790640900,2026-09-29T00:15:00Z,เมืองแพร่,205,0.0,0.0,0.0,,,True
1790640900,2026-09-29T00:15:00Z,ทัพทัน,94,0.0,0.0,0.0,,,True
1790640900,2026-09-29T00:15:00Z,สว่างอารมณ์,110,0.0,0.0,0.0,,,True
1790640900,2026-09-29T00:15:00Z,เมืองอุทัยธานี,59,0.0,0.0,0.0,,,True
1790640900,2026-09-29T00:15:00Z,ห้วยคต,94,0.0,0.0,0.0,,,True
1790640900,2026-09-29T00:15:00Z,ศรีสวัสดิ์,440,0.0,0.0,0.0,,,True
1790640900,2026-09-29T00:15:00Z,บ้านไร่,821,0.0,0.0,0.0,,,True
1790640900,2026-09-29T00:15:00Z,ลานสัก,360,0.0,0.0,0.0,,,True
1790640900,2026-09-29T00:15:00Z,หนองฉาง,89,0.0,0.0,0.0,,,True
1790640900,2026-09-29T00:15:00Z,หนองขาหย่าง,43,0.0,0.0,0.0,,,True
1790640900,2026-09-29T00:15:00Z,เชียงม่วน,82,0.0,0.0,0.0,,,True
1790640900,2026-09-29T00:15:00Z,ดอกคำใต้,37,0.0,0.0,0.0,,,True
1790640900,2026-09-29T00:15:00Z,เมืองพะเยา,6,0.0,0.0,0.0,,,True
1790640900,2026-09-29T00:15:00Z,ทองผาภูมิ,851,0.0,0.0,0.0,,,True
1790640900,2026-09-29T00:15:00Z,สังขละบุรี,793,0.0,0.0,0.0,,,True
1790640900,2026-09-29T00:15:00Z,หนองม่วงไข่,35,0.0,0.0,0.0,,,True
1790640900,2026-09-29T00:15:00Z,ภูเวียง,81,0.0,0.0,0.0,,,True
1790640900,2026-09-29T00:15:00Z,มัญจาคีรี,50,0.0,0.0,0.0,,,True
1790640900,2026-09-29T00:15:00Z,หนองปรือ,104,0.0,0.0,0.0,,,True
1790640900,2026-09-29T00:15:00Z,เลาขวัญ,123,0.0,0.0,0.0,,,True
1790640900,2026-09-29T00:15:00Z,หนองนาคำ,43,0.0,0.0,0.0,,,True
1790640900,2026-09-29T00:15:00Z,โคกโพธิ์ไชย,65,0.0,0.0,0.0,,,True
1790640900,2026-09-29T00:15:00Z,บ้านหลวง,91,0.0,0.0,0.0,,,True
1790640900,2026-09-29T00:15:00Z,นาน้อย,266,0.0,0.0,0.0,,,True
1790640900,2026-09-29T00:15:00Z,ภูผาม่าน,74,0.0,0.0,0.0,,,True
1790640900,2026-09-29T00:15:00Z,เมืองน่าน,161,0.0,0.0,0.0,,,True
1790640900,2026-09-29T00:15:00Z,แม่จริม,262,0.0,0.0,0.0,,,True
1790640900,2026-09-29T00:15:00Z,เวียงเก่า,78,0.0,0.0,0.0,,,True
1790640900,2026-09-29T00:15:00Z,เมืองกำแพงเพชร,368,0.0,0.0,0.0,,,True
1790640900,2026-09-29T00:15:00Z,ไทรงาม,133,0.0,0.0,0.0,,,True
1790640900,2026-09-29T00:15:00Z,ปางศิลาทอง,186,0.0,0.0,0.0,,,True
1790640900,2026-09-29T00:15:00Z,ลานกระบือ,103,0.0,0.0,0.0,,,True
1790640900,2026-09-29T00:15:00Z,ทรายทองวัฒนา,53,0.0,0.0,0.0,,,True
1790640900,2026-09-29T00:15:00Z,คลองขลุง,179,0.0,0.0,0.0,,,True
1790640900,2026-09-29T00:15:00Z,พรานกระต่าย,252,0.0,0.0,0.0,,,True
1790640900,2026-09-29T00:15:00Z,คลองลาน,363,0.0,0.0,0.0,,,True
1790640900,2026-09-29T00:15:00Z,ขาณุวรลักษบุรี,296,0.0,0.0,0.0,,,True
1790640900,2026-09-29T00:15:00Z,ภูเพียง,113,0.0,0.0,0.0,,,True
1790640900,2026-09-29T00:15:00Z,นาหมื่น,245,0.0,0.0,0.0,,,True
1790640900,2026-09-29T00:15:00Z,เวียงสา,543,0.0,0.0,0.0,,,True
1790640900,2026-09-29T00:15:00Z,น้ำโสม,153,0.0,0.0,0.0,,,True
1790640900,2026-09-29T00:15:00Z,นายูง,126,0.0,0.0,0.0,,,True
1790640900,2026-09-29T00:15:00Z,ชุมแพ,173,0.0,0.0,0.0,,,True
1790640900,2026-09-29T00:15:00Z,สีชมพู,132,0.0,0.0,0.0,,,True
1790640900,2026-09-29T00:15:00Z,สุวรรณคูหา,140,0.0,0.0,0.0,,,True
1790640900,2026-09-29T00:15:00Z,นาวัง,65,0.0,0.0,0.0,,,True
1790640900,2026-09-29T00:15:00Z,หนองเรือ,80,0.0,0.0,0.0,,,True
1790640900,2026-09-29T00:15:00Z,โนนสัง,51,0.0,0.0,0.0,,,True
1790640900,2026-09-29T00:15:00Z,ศรีบุญเรือง,224,0.0,0.0,0.0,,,True
1790640900,2026-09-29T00:15:00Z,เมืองหนองบัวลำภู,217,0.0,0.0,0.0,,,True
1790640900,2026-09-29T00:15:00Z,นากลาง,173,0.0,0.0,0.0,,,True
1790640900,2026-09-29T00:15:00Z,ทุ่งเสลี่ยม,144,0.0,0.0,0.0,,,True
1790640900,2026-09-29T00:15:00Z,ดอยหล่อ,56,0.0,0.0,0.0,,,True
1790640900,2026-09-29T00:15:00Z,เมืองตาก,486,0.0,0.0,0.0,,,True
1790640900,2026-09-29T00:15:00Z,แม่ออน,116,0.0,0.0,0.0,,,True
1790640900,2026-09-29T00:15:00Z,อุ้มผาง,1209,0.0,0.0,0.0,,,True
1790640900,2026-09-29T00:15:00Z,วังเจ้า,183,0.0,0.0,0.0,,,True
1790640900,2026-09-29T00:15:00Z,แม่สอด,398,0.0,0.0,0.0,,,True
1790640900,2026-09-29T00:15:00Z,พบพระ,249,0.0,0.0,0.0,,,True
1790640900,2026-09-29T00:15:00Z,แม่ระมาด,380,0.0,0.0,0.0,,,True
1790640900,2026-09-29T00:15:00Z,ท่าสองยาง,401,0.0,0.0,0.0,,,True
1790640900,2026-09-29T00:15:00Z,บ้านตาก,255,0.0,0.0,0.0,,,True
1790640900,2026-09-29T00:15:00Z,สามเงา,698,0.0,0.098,0.0029,,75,True
1790640900,2026-09-29T00:15:00Z,จอมทอง,280,0.0,0.098,0.0036,,15,True
1790640900,2026-09-29T00:15:00Z,แก้งสนามนาง,79,0.0,0.0,0.0,,,True
1790640900,2026-09-29T00:15:00Z,สีคิ้ว,292,0.0,0.0,0.0,,,True
1790640900,2026-09-29T00:15:00Z,พระทองคำ,90,0.0,0.0,0.0,,,True
1790640900,2026-09-29T00:15:00Z,เทพารักษ์,92,0.0,0.0,0.0,,,True
1790640900,2026-09-29T00:15:00Z,สันกำแพง,65,0.0,0.0,0.0,,,True
1790640900,2026-09-29T00:15:00Z,สันป่าตอง,44,0.0,0.0,0.0,,,True
1790640900,2026-09-29T00:15:00Z,ดอยเต่า,213,0.008,0.201,0.0704,,15,True
1790640900,2026-09-29T00:15:00Z,อมก๋อย,704,0.001,0.098,0.0099,,15,True
1790640900,2026-09-29T00:15:00Z,ฮอด,378,0.001,0.098,0.0079,,15,True
1790640900,2026-09-29T00:15:00Z,เมืองลำพูน,117,0.015,0.299,0.1111,120,60,True
1790640900,2026-09-29T00:15:00Z,แม่ทา,192,0.007,0.196,0.0573,,30,True
1790640900,2026-09-29T00:15:00Z,บ้านธิ,34,0.0,0.0,0.0,,,True
1790640900,2026-09-29T00:15:00Z,บ้านหมอ,24,0.0,0.0,0.0,,,True
1790640900,2026-09-29T00:15:00Z,เวียงหนองล่อง,14,0.0,0.0,0.0,,,True
1790640900,2026-09-29T00:15:00Z,ทุ่งหัวช้าง,113,0.0,0.0,0.0,,,True
1790640900,2026-09-29T00:15:00Z,ป่าซาง,74,0.021,0.201,0.1892,60,45,True
1790640900,2026-09-29T00:15:00Z,บ้านโฮ่ง,124,0.022,0.201,0.1935,30,15,True
1790640900,2026-09-29T00:15:00Z,แก่งคอย,73,0.0,0.0,0.0,,,True
1790640900,2026-09-29T00:15:00Z,ลี้,454,0.004,0.299,0.033,,15,True
1790640900,2026-09-29T00:15:00Z,พระพุทธบาท,55,0.0,0.0,0.0,,,True
1790640900,2026-09-29T00:15:00Z,ดอนพุด,7,0.0,0.0,0.0,,,True
1790640900,2026-09-29T00:15:00Z,หนองโดน,31,0.0,0.0,0.0,,,True
1790640900,2026-09-29T00:15:00Z,เมืองลำปาง,300,0.023,0.397,0.1367,45,15,True
1790640900,2026-09-29T00:15:00Z,เถิน,443,0.0,0.0,0.0,,,True
1790640900,2026-09-29T00:15:00Z,แม่พริก,167,0.0,0.0,0.0,,,True
1790640900,2026-09-29T00:15:00Z,แจ้ห่ม,274,0.017,0.299,0.1204,75,45,True
1790640900,2026-09-29T00:15:00Z,แม่เปิน,85,0.0,0.0,0.0,,,True
1790640900,2026-09-29T00:15:00Z,เสริมงาม,185,0.0,0.0,0.0,,,True
1790640900,2026-09-29T00:15:00Z,ชุมตาบง,61,0.0,0.0,0.0,,,True
1790640900,2026-09-29T00:15:00Z,งาว,344,0.033,0.397,0.218,75,30,True
1790640900,2026-09-29T00:15:00Z,ตากฟ้า,125,0.0,0.0,0.0,,,True
1790640900,2026-09-29T00:15:00Z,แม่เมาะ,283,0.084,0.598,0.4558,30,15,True
1790640900,2026-09-29T00:15:00Z,แม่วงก์,257,0.0,0.0,0.0,,,True
1790640900,2026-09-29T00:15:00Z,เกาะคา,128,0.0,0.0,0.0,,,True
1790640900,2026-09-29T00:15:00Z,พยุหะคีรี,169,0.0,0.0,0.0,,,True
1790640900,2026-09-29T00:15:00Z,ลาดยาว,187,0.0,0.0,0.0,,,True
1790640900,2026-09-29T00:15:00Z,สบปราบ,125,0.0,0.0,0.0,,,True
1790640900,2026-09-29T00:15:00Z,ห้างฉัตร,154,0.0,0.0,0.0,,,True
1790640900,2026-09-29T00:15:00Z,แม่ทะ,203,0.041,0.299,0.2512,30,15,True
1790640900,2026-09-29T00:15:00Z,เมืองปาน,202,0.0,0.0,0.0,,,True
1790640900,2026-09-29T00:15:00Z,เมืองอ่างทอง,6,0.0,0.0,0.0,,,True
1790640900,2026-09-29T00:15:00Z,ไชโย,20,0.0,0.0,0.0,,,True
1790640900,2026-09-29T00:15:00Z,สามโก้,10,0.0,0.0,0.0,,,True
1790640900,2026-09-29T00:15:00Z,แสวงหา,43,0.0,0.0,0.0,,,True
1790640900,2026-09-29T00:15:00Z,วิเศษชัยชาญ,7,0.0,0.0,0.0,,,True
1790640900,2026-09-29T00:15:00Z,โพธิ์ทอง,48,0.0,0.0,0.0,,,True
1790640900,2026-09-29T00:15:00Z,เมืองลพบุรี,190,0.0,0.0,0.0,,,True
1790640900,2026-09-29T00:15:00Z,เดิมบางนางบวช,130,0.0,0.0,0.0,,,True
1790640900,2026-09-29T00:15:00Z,ด่านช้าง,309,0.0,0.0,0.0,,,True
1790640900,2026-09-29T00:15:00Z,หนองม่วง,111,0.0,0.0,0.0,,,True
1790640900,2026-09-29T00:15:00Z,ลำสนธิ,136,0.0,0.0,0.0,,,True
1790640900,2026-09-29T00:15:00Z,สามชุก,77,0.0,0.0,0.0,,,True
1790640900,2026-09-29T00:15:00Z,ดอนเจดีย์,72,0.0,0.0,0.0,,,True
1790640900,2026-09-29T00:15:00Z,สระโบสถ์,83,0.0,0.0,0.0,,,True
1790640900,2026-09-29T00:15:00Z,ศรีประจันต์,41,0.0,0.0,0.0,,,True
1790640900,2026-09-29T00:15:00Z,โคกเจริญ,135,0.0,0.0,0.0,,,True
1790640900,2026-09-29T00:15:00Z,บ้านหมี่,136,0.0,0.0,0.0,,,True
1790640900,2026-09-29T00:15:00Z,ท่าหลวง,100,0.0,0.0,0.0,,,True
1790640900,2026-09-29T00:15:00Z,ชัยบาดาล,280,0.0,0.0,0.0,,,True
1790640900,2026-09-29T00:15:00Z,ท่าวุ้ง,64,0.0,0.0,0.0,,,True
1790640900,2026-09-29T00:15:00Z,พัฒนานิคม,217,0.0,0.0,0.0,,,True
1790640900,2026-09-29T00:15:00Z,โคกสำโรง,180,0.0,0.0,0.0,,,True
1790640900,2026-09-29T00:15:00Z,หนองหญ้าไซ,108,0.0,0.0,0.0,,,True
1790640900,2026-09-29T00:15:00Z,ท่าช้าง,11,0.0,0.0,0.0,,,True
1790640900,2026-09-29T00:15:00Z,อินทร์บุรี,66,0.0,0.0,0.0,,,True
1790640900,2026-09-29T00:15:00Z,ค่ายบางระจัน,26,0.0,0.0,0.0,,,True
1790640900,2026-09-29T00:15:00Z,พรหมบุรี,19,0.0,0.0,0.0,,,True
1790640900,2026-09-29T00:15:00Z,เนินสง่า,65,0.0,0.0,0.0,,,True
1790640900,2026-09-29T00:15:00Z,เมืองสิงห์บุรี,31,0.0,0.0,0.0,,,True
1790640900,2026-09-29T00:15:00Z,ซับใหญ่,72,0.0,0.0,0.0,,,True
1790640900,2026-09-29T00:15:00Z,บางระจัน,46,0.0,0.0,0.0,,,True
1790640900,2026-09-29T00:15:00Z,ภูกระดึง,190,0.0,0.0,0.0,,,True
1790640900,2026-09-29T00:15:00Z,ภูหลวง,145,0.0,0.0,0.0,,,True
1790640900,2026-09-29T00:15:00Z,หนองหิน,78,0.0,0.0,0.0,,,True
1790640900,2026-09-29T00:15:00Z,ผาขาว,100,0.0,0.0,0.0,,,True
1790640900,2026-09-29T00:15:00Z,เอราวัณ,87,0.0,0.0,0.0,,,True
1790640900,2026-09-29T00:15:00Z,วังสะพุง,281,0.0,0.0,0.0,,,True
1790640900,2026-09-29T00:15:00Z,วังม่วง,70,0.0,0.0,0.0,,,True
1790640900,2026-09-29T00:15:00Z,เฉลิมพระเกียรติ,35,0.0,0.0,0.0,,,True
1790640900,2026-09-29T00:15:00Z,มวกเหล็ก,175,0.0,0.0,0.0,,,True
1790640900,2026-09-29T00:15:00Z,บ้านเขว้า,124,0.0,0.0,0.0,,,True
1790640900,2026-09-29T00:15:00Z,คอนสวรรค์,113,0.0,0.0,0.0,,,True
1790640900,2026-09-29T00:15:00Z,เมืองชัยภูมิ,358,0.0,0.0,0.0,,,True
1790640900,2026-09-29T00:15:00Z,วังทอง,425,0.0,0.0,0.0,,,True
1790640900,2026-09-29T00:15:00Z,เนินมะปราง,276,0.0,0.0,0.0,,,True
1790640900,2026-09-29T00:15:00Z,สวรรคโลก,156,0.0,0.0,0.0,,,True
1790640900,2026-09-29T00:15:00Z,ศรีนคร,46,0.0,0.0,0.0,,,True
1790640900,2026-09-29T00:15:00Z,หันคา,139,0.0,0.0,0.0,,,True
1790640900,2026-09-29T00:15:00Z,ศรีสัชนาลัย,534,0.006,0.201,0.0506,,15,True
1790640900,2026-09-29T00:15:00Z,หนองมะโมง,76,0.0,0.0,0.0,,,True
1790640900,2026-09-29T00:15:00Z,ศรีสำโรง,142,0.0,0.0,0.0,,,True
1790640900,2026-09-29T00:15:00Z,สรรพยา,55,0.0,0.0,0.0,,,True
1790640900,2026-09-29T00:15:00Z,คีรีมาศ,171,0.0,0.0,0.0,,,True
1790640900,2026-09-29T00:15:00Z,สรรคบุรี,89,0.0,0.0,0.0,,,True
1790640900,2026-09-29T00:15:00Z,กงไกรลาศ,108,0.0,0.0,0.0,,,True
1790640900,2026-09-29T00:15:00Z,มโนรมย์,66,0.0,0.0,0.0,,,True
1790640900,2026-09-29T00:15:00Z,เมืองสุโขทัย,136,0.0,0.0,0.0,,,True
1790640900,2026-09-29T00:15:00Z,วัดสิงห์,67,0.0,0.0,0.0,,,True
1790640900,2026-09-29T00:15:00Z,บ้านด่านลานหอย,231,0.0,0.0,0.0,,,True
1790640900,2026-09-29T00:15:00Z,เมืองชัยนาท,70,0.0,0.0,0.0,,,True
1790640900,2026-09-29T00:15:00Z,เนินขาม,65,0.0,0.0,0.0,,,True
1790640900,2026-09-29T00:15:00Z,คอนสาร,334,0.0,0.0,0.0,,,True
1790640900,2026-09-29T00:15:00Z,ภักดีชุมพล,154,0.0,0.0,0.0,,,True
1790640900,2026-09-29T00:15:00Z,บ้านแท่น,76,0.0,0.0,0.0,,,True
1790640900,2026-09-29T00:15:00Z,แก้งคร้อ,168,0.0,0.0,0.0,,,True
1790640900,2026-09-29T00:15:00Z,ภูเขียว,201,0.0,0.0,0.0,,,True
1790640900,2026-09-29T00:15:00Z,หนองบัวระเหว,179,0.0,0.0,0.0,,,True
1790640900,2026-09-29T00:15:00Z,เทพสถิต,239,0.0,0.0,0.0,,,True
1790640900,2026-09-29T00:15:00Z,จัตุรัส,172,0.0,0.0,0.0,,,True
1790640900,2026-09-29T00:15:00Z,บำเหน็จณรงค์,120,0.0,0.0,0.0,,,True
1790640900,2026-09-29T00:15:00Z,เกษตรสมบูรณ์,268,0.0,0.0,0.0,,,True
1790640900,2026-09-29T00:15:00Z,หนองบัวแดง,537,0.0,0.0,0.0,,,True
1790640900,2026-09-29T00:15:00Z,ภูเรือ,168,0.0,0.0,0.0,,,True
1790640900,2026-09-29T00:15:00Z,ท่าลี่,171,0.0,0.0,0.0,,,True
1790640900,2026-09-29T00:15:00Z,วชิรบารมี,68,0.0,0.0,0.0,,,True
1790640900,2026-09-29T00:15:00Z,ด่านซ้าย,341,0.0,0.0,0.0,,,True
1790640900,2026-09-29T00:15:00Z,นาแห้ว,153,0.0,0.0,0.0,,,True
1790640900,2026-09-29T00:15:00Z,บึงนาราง,74,0.0,0.0,0.0,,,True
1790640900,2026-09-29T00:15:00Z,เชียงคาน,213,0.0,0.0,0.0,,,True
1790640900,2026-09-29T00:15:00Z,ดงเจริญ,56,0.0,0.0,0.0,,,True
1790640900,2026-09-29T00:15:00Z,ปากชม,240,0.0,0.0,0.0,,,True
1790640900,2026-09-29T00:15:00Z,เมืองเลย,314,0.0,0.0,0.0,,,True
1790640900,2026-09-29T00:15:00Z,นาด้วง,143,0.0,0.0,0.0,,,True
1790640900,2026-09-29T00:15:00Z,สากเหล็ก,45,0.0,0.0,0.0,,,True
1790640900,2026-09-29T00:15:00Z,สามง่าม,89,0.0,0.0,0.0,,,True
1790640900,2026-09-29T00:15:00Z,ทับคล้อ,104,0.0,0.0,0.0,,,True
1790640900,2026-09-29T00:15:00Z,พรหมพิราม,206,0.0,0.0,0.0,,,True
1790640900,2026-09-29T00:15:00Z,ด่านขุนทด,344,0.0,0.0,0.0,,,True
1790640900,2026-09-29T00:15:00Z,วัดโบสถ์,226,0.0,0.0,0.0,,,True
1790640900,2026-09-29T00:15:00Z,บางระกำ,246,0.0,0.0,0.0,,,True
1790640900,2026-09-29T00:15:00Z,บางกระทุ่ม,91,0.0,0.0,0.0,,,True
1790640900,2026-09-29T00:15:00Z,นครไทย,597,0.0,0.0,0.0,,,True
1790640900,2026-09-29T00:15:00Z,ชาติตระการ,415,0.0,0.0,0.0,,,True
1790640900,2026-09-29T00:15:00Z,บ้านเหลื่อม,55,0.0,0.0,0.0,,,True
1790640900,2026-09-29T00:15:00Z,เมืองพิษณุโลก,178,0.0,0.0,0.0,,,True
1790640900,2026-09-29T00:15:00Z,ชุมแสง,145,0.0,0.0,0.0,,,True
1790640900,2026-09-29T00:15:00Z,หนองบัว,208,0.0,0.0,0.0,,,True
1790640900,2026-09-29T00:15:00Z,เมืองนครสวรรค์,183,0.0,0.0,0.0,,,True
1790640900,2026-09-29T00:15:00Z,โกรกพระ,71,0.0,0.0,0.0,,,True
1790640900,2026-09-29T00:15:00Z,ไพศาลี,244,0.0,0.0,0.0,,,True
1790640900,2026-09-29T00:15:00Z,ตาคลี,206,0.0,0.0,0.0,,,True
1790640900,2026-09-29T00:15:00Z,ท่าตะโก,211,0.0,0.0,0.0,,,True
1790640900,2026-09-29T00:15:00Z,เขาค้อ,207,0.0,0.0,0.0,,,True
1790640900,2026-09-29T00:15:00Z,บรรพตพิสัย,181,0.0,0.0,0.0,,,True
1790640900,2026-09-29T00:15:00Z,เก้าเลี้ยว,57,0.0,0.0,0.0,,,True
1790640900,2026-09-29T00:15:00Z,วังโป่ง,123,0.0,0.0,0.0,,,True
1790640900,2026-09-29T00:15:00Z,บึงสามพัน,194,0.0,0.0,0.0,,,True
1790640900,2026-09-29T00:15:00Z,น้ำหนาว,231,0.0,0.0,0.0,,,True
1790640900,2026-09-29T00:15:00Z,ศรีเทพ,204,0.0,0.0,0.0,,,True
1790640900,2026-09-29T00:15:00Z,หนองไผ่,315,0.0,0.0,0.0,,,True
1790640900,2026-09-29T00:15:00Z,มหาราช,4,0.0,0.0,0.0,,,False
1790640900,2026-09-29T00:15:00Z,บ้านแพรก,10,0.0,0.0,0.0,,,True
1790640900,2026-09-29T00:15:00Z,บางมูลนาก,99,0.0,0.0,0.0,,,True
1790640900,2026-09-29T00:15:00Z,โพทะเล,131,0.0,0.0,0.0,,,True
1790640900,2026-09-29T00:15:00Z,โพธิ์ประทับช้าง,102,0.0,0.0,0.0,,,True
1790640900,2026-09-29T00:15:00Z,ตะพานหิน,109,0.0,0.0,0.0,,,True
1790640900,2026-09-29T00:15:00Z,เมืองพิจิตร,138,0.0,0.0,0.0,,,True
1790640900,2026-09-29T00:15:00Z,วังทรายพูน,66,0.0,0.0,0.0,,,True
1790641800,2026-09-29T00:30:00Z,พิชัย,176,0.0,0.0,0.0,,,True
1790641800,2026-09-29T00:30:00Z,ลับแล,116,0.0,0.0,0.0,,,True
1790641800,2026-09-29T00:30:00Z,ฟากท่า,163,0.0,0.0,0.0,,,True
1790641800,2026-09-29T00:30:00Z,บ้านโคก,247,0.0,0.0,0.0,,,True
1790641800,2026-09-29T00:30:00Z,ท่าปลา,442,0.0,0.0,0.0,,,True
1790641800,2026-09-29T00:30:00Z,น้ำปาด,363,0.0,0.0,0.0,,,True
1790641800,2026-09-29T00:30:00Z,เมืองอุตรดิตถ์,202,0.0,0.0,0.0,,,True
1790641800,2026-09-29T00:30:00Z,ตรอน,80,0.0,0.0,0.0,,,True
1790641800,2026-09-29T00:30:00Z,หล่มเก่า,246,0.0,0.0,0.0,,,True
1790641800,2026-09-29T00:30:00Z,วิเชียรบุรี,377,0.0,0.0,0.0,,,True
1790641800,2026-09-29T00:30:00Z,ชนแดน,279,0.0,0.0,0.0,,,True
1790641800,2026-09-29T00:30:00Z,หล่มสัก,350,0.0,0.0,0.0,,,True
1790641800,2026-09-29T00:30:00Z,เมืองเพชรบูรณ์,571,0.0,0.0,0.0,,,True
1790641800,2026-09-29T00:30:00Z,ทองแสนขัน,185,0.0,0.0,0.0,,,True
1790641800,2026-09-29T00:30:00Z,บึงสามัคคี,71,0.0,0.0,0.0,,,True
1790641800,2026-09-29T00:30:00Z,โกสัมพีนคร,137,0.0,0.0,0.0,,,True
1790641800,2026-09-29T00:30:00Z,สอง,380,0.0,0.0,0.0,,,True
1790641800,2026-09-29T00:30:00Z,วังชิ้น,255,0.034,0.592,0.2471,30,15,True
1790641800,2026-09-29T00:30:00Z,สูงเม่น,88,0.0,0.0,0.0,,,True
1790641800,2026-09-29T00:30:00Z,เด่นชัย,135,0.0,0.0,0.0,,,True
1790641800,2026-09-29T00:30:00Z,ร้องกวาง,221,0.0,0.0,0.0,,,True
1790641800,2026-09-29T00:30:00Z,ลอง,317,0.03,0.592,0.164,75,45,True
1790641800,2026-09-29T00:30:00Z,เมืองแพร่,205,0.0,0.0,0.0,,,True
1790641800,2026-09-29T00:30:00Z,ทัพทัน,94,0.0,0.0,0.0,,,True
1790641800,2026-09-29T00:30:00Z,สว่างอารมณ์,110,0.0,0.0,0.0,,,True
1790641800,2026-09-29T00:30:00Z,เมืองอุทัยธานี,59,0.0,0.0,0.0,,,True
1790641800,2026-09-29T00:30:00Z,ห้วยคต,94,0.0,0.0,0.0,,,True
1790641800,2026-09-29T00:30:00Z,ศรีสวัสดิ์,440,0.0,0.0,0.0,,,True
1790641800,2026-09-29T00:30:00Z,บ้านไร่,821,0.0,0.0,0.0,,,True
1790641800,2026-09-29T00:30:00Z,ลานสัก,360,0.0,0.0,0.0,,,True
1790641800,2026-09-29T00:30:00Z,หนองฉาง,89,0.0,0.0,0.0,,,True
1790641800,2026-09-29T00:30:00Z,หนองขาหย่าง,43,0.0,0.0,0.0,,,True
1790641800,2026-09-29T00:30:00Z,เชียงม่วน,82,0.0,0.0,0.0,,,True
1790641800,2026-09-29T00:30:00Z,ดอกคำใต้,37,0.0,0.0,0.0,,,True
1790641800,2026-09-29T00:30:00Z,เมืองพะเยา,6,0.0,0.0,0.0,,,True
1790641800,2026-09-29T00:30:00Z,ทองผาภูมิ,851,0.0,0.0,0.0,,,True
1790641800,2026-09-29T00:30:00Z,สังขละบุรี,793,0.0,0.0,0.0,,,True
1790641800,2026-09-29T00:30:00Z,หนองม่วงไข่,35,0.0,0.0,0.0,,,True
1790641800,2026-09-29T00:30:00Z,ภูเวียง,81,0.0,0.0,0.0,,,True
1790641800,2026-09-29T00:30:00Z,มัญจาคีรี,50,0.0,0.0,0.0,,,True
1790641800,2026-09-29T00:30:00Z,หนองปรือ,104,0.0,0.0,0.0,,,True
1790641800,2026-09-29T00:30:00Z,เลาขวัญ,123,0.0,0.0,0.0,,,True
1790641800,2026-09-29T00:30:00Z,หนองนาคำ,43,0.0,0.0,0.0,,,True
1790641800,2026-09-29T00:30:00Z,โคกโพธิ์ไชย,65,0.0,0.0,0.0,,,True
1790641800,2026-09-29T00:30:00Z,บ้านหลวง,91,0.0,0.0,0.0,,,True
1790641800,2026-09-29T00:30:00Z,นาน้อย,266,0.0,0.0,0.0,,,True
1790641800,2026-09-29T00:30:00Z,ภูผาม่าน,74,0.0,0.0,0.0,,,True
1790641800,2026-09-29T00:30:00Z,เมืองน่าน,161,0.0,0.0,0.0,,,True
1790641800,2026-09-29T00:30:00Z,แม่จริม,262,0.0,0.0,0.0,,,True
1790641800,2026-09-29T00:30:00Z,เวียงเก่า,78,0.0,0.0,0.0,,,True
1790641800,2026-09-29T00:30:00Z,เมืองกำแพงเพชร,368,0.0,0.0,0.0,,,True
1790641800,2026-09-29T00:30:00Z,ไทรงาม,133,0.0,0.0,0.0,,,True
1790641800,2026-09-29T00:30:00Z,ปางศิลาทอง,186,0.0,0.0,0.0,,,True
1790641800,2026-09-29T00:30:00Z,ลานกระบือ,103,0.0,0.0,0.0,,,True
1790641800,2026-09-29T00:30:00Z,ทรายทองวัฒนา,53,0.0,0.0,0.0,,,True
1790641800,2026-09-29T00:30:00Z,คลองขลุง,179,0.0,0.0,0.0,,,True
1790641800,2026-09-29T00:30:00Z,พรานกระต่าย,252,0.0,0.0,0.0,,,True
1790641800,2026-09-29T00:30:00Z,คลองลาน,363,0.0,0.0,0.0,,,True
1790641800,2026-09-29T00:30:00Z,ขาณุวรลักษบุรี,296,0.0,0.0,0.0,,,True
1790641800,2026-09-29T00:30:00Z,ภูเพียง,113,0.0,0.0,0.0,,,True
1790641800,2026-09-29T00:30:00Z,นาหมื่น,245,0.0,0.0,0.0,,,True
1790641800,2026-09-29T00:30:00Z,เวียงสา,543,0.0,0.0,0.0,,,True
1790641800,2026-09-29T00:30:00Z,น้ำโสม,153,0.0,0.0,0.0,,,True
1790641800,2026-09-29T00:30:00Z,นายูง,126,0.0,0.0,0.0,,,True
1790641800,2026-09-29T00:30:00Z,ชุมแพ,173,0.0,0.0,0.0,,,True
1790641800,2026-09-29T00:30:00Z,สีชมพู,132,0.0,0.0,0.0,,,True
1790641800,2026-09-29T00:30:00Z,สุวรรณคูหา,140,0.0,0.0,0.0,,,True
1790641800,2026-09-29T00:30:00Z,นาวัง,65,0.0,0.0,0.0,,,True
1790641800,2026-09-29T00:30:00Z,หนองเรือ,80,0.0,0.0,0.0,,,True
1790641800,2026-09-29T00:30:00Z,โนนสัง,51,0.0,0.0,0.0,,,True
1790641800,2026-09-29T00:30:00Z,ศรีบุญเรือง,224,0.0,0.0,0.0,,,True
1790641800,2026-09-29T00:30:00Z,เมืองหนองบัวลำภู,217,0.0,0.0,0.0,,,True
1790641800,2026-09-29T00:30:00Z,นากลาง,173,0.0,0.0,0.0,,,True
1790641800,2026-09-29T00:30:00Z,ทุ่งเสลี่ยม,144,0.001,0.098,0.0069,,15,True
1790641800,2026-09-29T00:30:00Z,ดอยหล่อ,56,0.0,0.0,0.0,,,True
1790641800,2026-09-29T00:30:00Z,เมืองตาก,486,0.0,0.0,0.0,,,True
1790641800,2026-09-29T00:30:00Z,แม่ออน,116,0.0,0.0,0.0,,,True
1790641800,2026-09-29T00:30:00Z,อุ้มผาง,1209,0.0,0.0,0.0,,,True
1790641800,2026-09-29T00:30:00Z,วังเจ้า,183,0.0,0.0,0.0,,,True
1790641800,2026-09-29T00:30:00Z,แม่สอด,398,0.0,0.0,0.0,,,True
1790641800,2026-09-29T00:30:00Z,พบพระ,249,0.0,0.0,0.0,,,True
1790641800,2026-09-29T00:30:00Z,แม่ระมาด,380,0.0,0.0,0.0,,,True
1790641800,2026-09-29T00:30:00Z,ท่าสองยาง,401,0.0,0.0,0.0,,,True
1790641800,2026-09-29T00:30:00Z,บ้านตาก,255,0.0,0.0,0.0,,,True
1790641800,2026-09-29T00:30:00Z,สามเงา,698,0.0,0.0,0.0,,,True
1790641800,2026-09-29T00:30:00Z,จอมทอง,280,0.0,0.0,0.0,,,True
1790641800,2026-09-29T00:30:00Z,แก้งสนามนาง,79,0.0,0.0,0.0,,,True
1790641800,2026-09-29T00:30:00Z,สีคิ้ว,292,0.0,0.0,0.0,,,True
1790641800,2026-09-29T00:30:00Z,พระทองคำ,90,0.0,0.0,0.0,,,True
1790641800,2026-09-29T00:30:00Z,เทพารักษ์,92,0.0,0.0,0.0,,,True
1790641800,2026-09-29T00:30:00Z,สันกำแพง,65,0.0,0.0,0.0,,,True
1790641800,2026-09-29T00:30:00Z,สันป่าตอง,44,0.0,0.0,0.0,,,True
1790641800,2026-09-29T00:30:00Z,ดอยเต่า,213,0.005,0.201,0.0376,,15,True
1790641800,2026-09-29T00:30:00Z,อมก๋อย,704,0.0,0.0,0.0,,,True
1790641800,2026-09-29T00:30:00Z,ฮอด,378,0.0,0.0,0.0,,,True
1790641800,2026-09-29T00:30:00Z,เมืองลำพูน,117,0.053,0.299,0.2735,60,45,True
1790641800,2026-09-29T00:30:00Z,แม่ทา,192,0.034,0.397,0.1875,30,15,True
1790641800,2026-09-29T00:30:00Z,บ้านธิ,34,0.0,0.0,0.0,,,True
1790641800,2026-09-29T00:30:00Z,บ้านหมอ,24,0.0,0.0,0.0,,,True
1790641800,2026-09-29T00:30:00Z,เวียงหนองล่อง,14,0.0,0.0,0.0,,,True
1790641800,2026-09-29T00:30:00Z,ทุ่งหัวช้าง,113,0.0,0.0,0.0,,,True
1790641800,2026-09-29T00:30:00Z,ป่าซาง,74,0.021,0.397,0.0946,,15,True
1790641800,2026-09-29T00:30:00Z,บ้านโฮ่ง,124,0.023,0.299,0.1452,15,15,True
1790641800,2026-09-29T00:30:00Z,แก่งคอย,73,0.0,0.0,0.0,,,True
1790641800,2026-09-29T00:30:00Z,ลี้,454,0.004,0.201,0.0352,,15,True
1790641800,2026-09-29T00:30:00Z,พระพุทธบาท,55,0.0,0.0,0.0,,,True
1790641800,2026-09-29T00:30:00Z,ดอนพุด,7,0.0,0.0,0.0,,,True
1790641800,2026-09-29T00:30:00Z,หนองโดน,31,0.0,0.0,0.0,,,True
1790641800,2026-09-29T00:30:00Z,เมืองลำปาง,300,0.014,0.685,0.0567,,15,True
1790641800,2026-09-29T00:30:00Z,เถิน,443,0.0,0.0,0.0,,,True
1790641800,2026-09-29T00:30:00Z,แม่พริก,167,0.0,0.0,0.0,,,True
1790641800,2026-09-29T00:30:00Z,แจ้ห่ม,274,0.007,0.592,0.0292,,30,True
1790641800,2026-09-29T00:30:00Z,แม่เปิน,85,0.0,0.0,0.0,,,True
1790641800,2026-09-29T00:30:00Z,เสริมงาม,185,0.0,0.0,0.0,,,True
1790641800,2026-09-29T00:30:00Z,ชุมตาบง,61,0.0,0.0,0.0,,,True
1790641800,2026-09-29T00:30:00Z,งาว,344,0.013,0.413,0.0901,,30,True
1790641800,2026-09-29T00:30:00Z,ตากฟ้า,125,0.0,0.0,0.0,,,True
1790641800,2026-09-29T00:30:00Z,แม่เมาะ,283,0.075,0.592,0.3852,60,15,True
1790641800,2026-09-29T00:30:00Z,แม่วงก์,257,0.0,0.0,0.0,,,True
1790641800,2026-09-29T00:30:00Z,เกาะคา,128,0.0,0.0,0.0,,,True
1790641800,2026-09-29T00:30:00Z,พยุหะคีรี,169,0.0,0.0,0.0,,,True
1790641800,2026-09-29T00:30:00Z,ลาดยาว,187,0.0,0.0,0.0,,,True
1790641800,2026-09-29T00:30:00Z,สบปราบ,125,0.0,0.0,0.0,,,True
1790641800,2026-09-29T00:30:00Z,ห้างฉัตร,154,0.0,0.0,0.0,,,True
1790641800,2026-09-29T00:30:00Z,แม่ทะ,203,0.048,0.587,0.2463,30,15,True
1790641800,2026-09-29T00:30:00Z,เมืองปาน,202,0.0,0.0,0.0,,,True
1790641800,2026-09-29T00:30:00Z,เมืองอ่างทอง,6,0.0,0.0,0.0,,,True
1790641800,2026-09-29T00:30:00Z,ไชโย,20,0.0,0.0,0.0,,,True
1790641800,2026-09-29T00:30:00Z,สามโก้,10,0.0,0.0,0.0,,,True
1790641800,2026-09-29T00:30:00Z,แสวงหา,43,0.0,0.0,0.0,,,True
1790641800,2026-09-29T00:30:00Z,วิเศษชัยชาญ,7,0.0,0.0,0.0,,,True
1790641800,2026-09-29T00:30:00Z,โพธิ์ทอง,48,0.0,0.0,0.0,,,True
1790641800,2026-09-29T00:30:00Z,เมืองลพบุรี,190,0.0,0.0,0.0,,,True
1790641800,2026-09-29T00:30:00Z,เดิมบางนางบวช,130,0.0,0.0,0.0,,,True
1790641800,2026-09-29T00:30:00Z,ด่านช้าง,309,0.0,0.0,0.0,,,True
1790641800,2026-09-29T00:30:00Z,หนองม่วง,111,0.0,0.0,0.0,,,True
1790641800,2026-09-29T00:30:00Z,ลำสนธิ,136,0.0,0.0,0.0,,,True
1790641800,2026-09-29T00:30:00Z,สามชุก,77,0.0,0.0,0.0,,,True
1790641800,2026-09-29T00:30:00Z,ดอนเจดีย์,72,0.0,0.0,0.0,,,True
1790641800,2026-09-29T00:30:00Z,สระโบสถ์,83,0.0,0.0,0.0,,,True
1790641800,2026-09-29T00:30:00Z,ศรีประจันต์,41,0.0,0.0,0.0,,,True
1790641800,2026-09-29T00:30:00Z,โคกเจริญ,135,0.0,0.0,0.0,,,True
1790641800,2026-09-29T00:30:00Z,บ้านหมี่,136,0.0,0.0,0.0,,,True
1790641800,2026-09-29T00:30:00Z,ท่าหลวง,100,0.0,0.0,0.0,,,True
1790641800,2026-09-29T00:30:00Z,ชัยบาดาล,280,0.0,0.0,0.0,,,True
1790641800,2026-09-29T00:30:00Z,ท่าวุ้ง,64,0.0,0.0,0.0,,,True
1790641800,2026-09-29T00:30:00Z,พัฒนานิคม,217,0.0,0.0,0.0,,,True
1790641800,2026-09-29T00:30:00Z,โคกสำโรง,180,0.0,0.0,0.0,,,True
1790641800,2026-09-29T00:30:00Z,หนองหญ้าไซ,108,0.0,0.0,0.0,,,True
1790641800,2026-09-29T00:30:00Z,ท่าช้าง,11,0.0,0.0,0.0,,,True
1790641800,2026-09-29T00:30:00Z,อินทร์บุรี,66,0.0,0.0,0.0,,,True
1790641800,2026-09-29T00:30:00Z,ค่ายบางระจัน,26,0.0,0.0,0.0,,,True
1790641800,2026-09-29T00:30:00Z,พรหมบุรี,19,0.0,0.0,0.0,,,True
1790641800,2026-09-29T00:30:00Z,เนินสง่า,65,0.0,0.0,0.0,,,True
1790641800,2026-09-29T00:30:00Z,เมืองสิงห์บุรี,31,0.0,0.0,0.0,,,True
1790641800,2026-09-29T00:30:00Z,ซับใหญ่,72,0.0,0.0,0.0,,,True
1790641800,2026-09-29T00:30:00Z,บางระจัน,46,0.0,0.0,0.0,,,True
1790641800,2026-09-29T00:30:00Z,ภูกระดึง,190,0.0,0.0,0.0,,,True
1790641800,2026-09-29T00:30:00Z,ภูหลวง,145,0.0,0.0,0.0,,,True
1790641800,2026-09-29T00:30:00Z,หนองหิน,78,0.0,0.0,0.0,,,True
1790641800,2026-09-29T00:30:00Z,ผาขาว,100,0.0,0.0,0.0,,,True
1790641800,2026-09-29T00:30:00Z,เอราวัณ,87,0.0,0.0,0.0,,,True
1790641800,2026-09-29T00:30:00Z,วังสะพุง,281,0.0,0.0,0.0,,,True
1790641800,2026-09-29T00:30:00Z,วังม่วง,70,0.0,0.0,0.0,,,True
1790641800,2026-09-29T00:30:00Z,เฉลิมพระเกียรติ,35,0.0,0.0,0.0,,,True
1790641800,2026-09-29T00:30:00Z,มวกเหล็ก,175,0.0,0.0,0.0,,,True
1790641800,2026-09-29T00:30:00Z,บ้านเขว้า,124,0.0,0.0,0.0,,,True
1790641800,2026-09-29T00:30:00Z,คอนสวรรค์,113,0.0,0.0,0.0,,,True
1790641800,2026-09-29T00:30:00Z,เมืองชัยภูมิ,358,0.0,0.0,0.0,,,True
1790641800,2026-09-29T00:30:00Z,วังทอง,425,0.0,0.0,0.0,,,True
1790641800,2026-09-29T00:30:00Z,เนินมะปราง,276,0.0,0.0,0.0,,,True
1790641800,2026-09-29T00:30:00Z,สวรรคโลก,156,0.0,0.0,0.0,,,True
1790641800,2026-09-29T00:30:00Z,ศรีนคร,46,0.0,0.0,0.0,,,True
1790641800,2026-09-29T00:30:00Z,หันคา,139,0.0,0.0,0.0,,,True
1790641800,2026-09-29T00:30:00Z,ศรีสัชนาลัย,534,0.014,0.592,0.0899,,15,True
1790641800,2026-09-29T00:30:00Z,หนองมะโมง,76,0.0,0.0,0.0,,,True
1790641800,2026-09-29T00:30:00Z,ศรีสำโรง,142,0.0,0.0,0.0,,,True
1790641800,2026-09-29T00:30:00Z,สรรพยา,55,0.0,0.0,0.0,,,True
1790641800,2026-09-29T00:30:00Z,คีรีมาศ,171,0.0,0.0,0.0,,,True
1790641800,2026-09-29T00:30:00Z,สรรคบุรี,89,0.0,0.0,0.0,,,True
1790641800,2026-09-29T00:30:00Z,กงไกรลาศ,108,0.0,0.0,0.0,,,True
1790641800,2026-09-29T00:30:00Z,มโนรมย์,66,0.0,0.0,0.0,,,True
1790641800,2026-09-29T00:30:00Z,เมืองสุโขทัย,136,0.0,0.0,0.0,,,True
1790641800,2026-09-29T00:30:00Z,วัดสิงห์,67,0.0,0.0,0.0,,,True
1790641800,2026-09-29T00:30:00Z,บ้านด่านลานหอย,231,0.0,0.0,0.0,,,True
1790641800,2026-09-29T00:30:00Z,เมืองชัยนาท,70,0.0,0.0,0.0,,,True
1790641800,2026-09-29T00:30:00Z,เนินขาม,65,0.0,0.0,0.0,,,True
1790641800,2026-09-29T00:30:00Z,คอนสาร,334,0.0,0.0,0.0,,,True
1790641800,2026-09-29T00:30:00Z,ภักดีชุมพล,154,0.0,0.0,0.0,,,True
1790641800,2026-09-29T00:30:00Z,บ้านแท่น,76,0.0,0.0,0.0,,,True
1790641800,2026-09-29T00:30:00Z,แก้งคร้อ,168,0.0,0.0,0.0,,,True
1790641800,2026-09-29T00:30:00Z,ภูเขียว,201,0.0,0.0,0.0,,,True
1790641800,2026-09-29T00:30:00Z,หนองบัวระเหว,179,0.0,0.0,0.0,,,True
1790641800,2026-09-29T00:30:00Z,เทพสถิต,239,0.0,0.0,0.0,,,True
1790641800,2026-09-29T00:30:00Z,จัตุรัส,172,0.0,0.0,0.0,,,True
1790641800,2026-09-29T00:30:00Z,บำเหน็จณรงค์,120,0.0,0.0,0.0,,,True
1790641800,2026-09-29T00:30:00Z,เกษตรสมบูรณ์,268,0.0,0.0,0.0,,,True
1790641800,2026-09-29T00:30:00Z,หนองบัวแดง,537,0.0,0.0,0.0,,,True
1790641800,2026-09-29T00:30:00Z,ภูเรือ,168,0.0,0.0,0.0,,,True
1790641800,2026-09-29T00:30:00Z,ท่าลี่,171,0.0,0.0,0.0,,,True
1790641800,2026-09-29T00:30:00Z,วชิรบารมี,68,0.0,0.0,0.0,,,True
1790641800,2026-09-29T00:30:00Z,ด่านซ้าย,341,0.0,0.0,0.0,,,True
1790641800,2026-09-29T00:30:00Z,นาแห้ว,153,0.0,0.0,0.0,,,True
1790641800,2026-09-29T00:30:00Z,บึงนาราง,74,0.0,0.0,0.0,,,True
1790641800,2026-09-29T00:30:00Z,เชียงคาน,213,0.0,0.0,0.0,,,True
1790641800,2026-09-29T00:30:00Z,ดงเจริญ,56,0.0,0.0,0.0,,,True
1790641800,2026-09-29T00:30:00Z,ปากชม,240,0.0,0.0,0.0,,,True
1790641800,2026-09-29T00:30:00Z,เมืองเลย,314,0.0,0.0,0.0,,,True
1790641800,2026-09-29T00:30:00Z,นาด้วง,143,0.0,0.0,0.0,,,True
1790641800,2026-09-29T00:30:00Z,สากเหล็ก,45,0.0,0.0,0.0,,,True
1790641800,2026-09-29T00:30:00Z,สามง่าม,89,0.0,0.0,0.0,,,True
1790641800,2026-09-29T00:30:00Z,ทับคล้อ,104,0.0,0.0,0.0,,,True
1790641800,2026-09-29T00:30:00Z,พรหมพิราม,206,0.0,0.0,0.0,,,True
1790641800,2026-09-29T00:30:00Z,ด่านขุนทด,344,0.0,0.0,0.0,,,True
1790641800,2026-09-29T00:30:00Z,วัดโบสถ์,226,0.0,0.0,0.0,,,True
1790641800,2026-09-29T00:30:00Z,บางระกำ,246,0.0,0.0,0.0,,,True
1790641800,2026-09-29T00:30:00Z,บางกระทุ่ม,91,0.0,0.0,0.0,,,True
1790641800,2026-09-29T00:30:00Z,นครไทย,597,0.0,0.0,0.0,,,True
1790641800,2026-09-29T00:30:00Z,ชาติตระการ,415,0.0,0.0,0.0,,,True
1790641800,2026-09-29T00:30:00Z,บ้านเหลื่อม,55,0.0,0.0,0.0,,,True
1790641800,2026-09-29T00:30:00Z,เมืองพิษณุโลก,178,0.0,0.0,0.0,,,True
1790641800,2026-09-29T00:30:00Z,ชุมแสง,145,0.0,0.0,0.0,,,True
1790641800,2026-09-29T00:30:00Z,หนองบัว,208,0.0,0.0,0.0,,,True
1790641800,2026-09-29T00:30:00Z,เมืองนครสวรรค์,183,0.0,0.0,0.0,,,True
1790641800,2026-09-29T00:30:00Z,โกรกพระ,71,0.0,0.0,0.0,,,True
1790641800,2026-09-29T00:30:00Z,ไพศาลี,244,0.0,0.0,0.0,,,True
1790641800,2026-09-29T00:30:00Z,ตาคลี,206,0.0,0.0,0.0,,,True
1790641800,2026-09-29T00:30:00Z,ท่าตะโก,211,0.0,0.0,0.0,,,True
1790641800,2026-09-29T00:30:00Z,เขาค้อ,207,0.0,0.0,0.0,,,True
1790641800,2026-09-29T00:30:00Z,บรรพตพิสัย,181,0.0,0.0,0.0,,,True
1790641800,2026-09-29T00:30:00Z,เก้าเลี้ยว,57,0.0,0.0,0.0,,,True
1790641800,2026-09-29T00:30:00Z,วังโป่ง,123,0.0,0.0,0.0,,,True
1790641800,2026-09-29T00:30:00Z,บึงสามพัน,194,0.0,0.0,0.0,,,True
1790641800,2026-09-29T00:30:00Z,น้ำหนาว,231,0.0,0.0,0.0,,,True
1790641800,2026-09-29T00:30:00Z,ศรีเทพ,204,0.0,0.0,0.0,,,True
1790641800,2026-09-29T00:30:00Z,หนองไผ่,315,0.0,0.0,0.0,,,True
1790641800,2026-09-29T00:30:00Z,มหาราช,4,0.0,0.0,0.0,,,False
1790641800,2026-09-29T00:30:00Z,บ้านแพรก,10,0.0,0.0,0.0,,,True
1790641800,2026-09-29T00:30:00Z,บางมูลนาก,99,0.0,0.0,0.0,,,True
1790641800,2026-09-29T00:30:00Z,โพทะเล,131,0.0,0.0,0.0,,,True
1790641800,2026-09-29T00:30:00Z,โพธิ์ประทับช้าง,102,0.0,0.0,0.0,,,True
1790641800,2026-09-29T00:30:00Z,ตะพานหิน,109,0.0,0.0,0.0,,,True
1790641800,2026-09-29T00:30:00Z,เมืองพิจิตร,138,0.0,0.0,0.0,,,True
1790641800,2026-09-29T00:30:00Z,วังทรายพูน,66,0.0,0.0,0.0,,,True
1790642700,2026-09-29T00:45:00Z,พิชัย,176,0.0,0.0,0.0,,,True
1790642700,2026-09-29T00:45:00Z,ลับแล,116,0.0,0.0,0.0,,,True
1790642700,2026-09-29T00:45:00Z,ฟากท่า,163,0.0,0.0,0.0,,,True
1790642700,2026-09-29T00:45:00Z,บ้านโคก,247,0.0,0.0,0.0,,,True
1790642700,2026-09-29T00:45:00Z,ท่าปลา,442,0.0,0.0,0.0,,,True
1790642700,2026-09-29T00:45:00Z,น้ำปาด,363,0.0,0.0,0.0,,,True
1790642700,2026-09-29T00:45:00Z,เมืองอุตรดิตถ์,202,0.0,0.0,0.0,,,True
1790642700,2026-09-29T00:45:00Z,ตรอน,80,0.0,0.0,0.0,,,True
1790642700,2026-09-29T00:45:00Z,หล่มเก่า,246,0.0,0.0,0.0,,,True
1790642700,2026-09-29T00:45:00Z,วิเชียรบุรี,377,0.0,0.0,0.0,,,True
1790642700,2026-09-29T00:45:00Z,ชนแดน,279,0.0,0.0,0.0,,,True
1790642700,2026-09-29T00:45:00Z,หล่มสัก,350,0.0,0.0,0.0,,,True
1790642700,2026-09-29T00:45:00Z,เมืองเพชรบูรณ์,571,0.0,0.0,0.0,,,True
1790642700,2026-09-29T00:45:00Z,ทองแสนขัน,185,0.0,0.0,0.0,,,True
1790642700,2026-09-29T00:45:00Z,บึงสามัคคี,71,0.0,0.0,0.0,,,True
1790642700,2026-09-29T00:45:00Z,โกสัมพีนคร,137,0.0,0.0,0.0,,,True
1790642700,2026-09-29T00:45:00Z,สอง,380,0.0,0.0,0.0,,,True
1790642700,2026-09-29T00:45:00Z,วังชิ้น,255,0.026,0.288,0.2196,30,15,True
1790642700,2026-09-29T00:45:00Z,สูงเม่น,88,0.0,0.0,0.0,,,True
1790642700,2026-09-29T00:45:00Z,เด่นชัย,135,0.0,0.0,0.0,,,True
1790642700,2026-09-29T00:45:00Z,ร้องกวาง,221,0.0,0.0,0.0,,,True
1790642700,2026-09-29T00:45:00Z,ลอง,317,0.021,0.288,0.1798,60,30,True
1790642700,2026-09-29T00:45:00Z,เมืองแพร่,205,0.0,0.0,0.0,,,True
1790642700,2026-09-29T00:45:00Z,ทัพทัน,94,0.0,0.0,0.0,,,True
1790642700,2026-09-29T00:45:00Z,สว่างอารมณ์,110,0.0,0.0,0.0,,,True
1790642700,2026-09-29T00:45:00Z,เมืองอุทัยธานี,59,0.0,0.0,0.0,,,True
1790642700,2026-09-29T00:45:00Z,ห้วยคต,94,0.0,0.0,0.0,,,True
1790642700,2026-09-29T00:45:00Z,ศรีสวัสดิ์,440,0.0,0.0,0.0,,,True
1790642700,2026-09-29T00:45:00Z,บ้านไร่,821,0.0,0.0,0.0,,,True
1790642700,2026-09-29T00:45:00Z,ลานสัก,360,0.0,0.0,0.0,,,True
1790642700,2026-09-29T00:45:00Z,หนองฉาง,89,0.0,0.0,0.0,,,True
1790642700,2026-09-29T00:45:00Z,หนองขาหย่าง,43,0.0,0.0,0.0,,,True
1790642700,2026-09-29T00:45:00Z,เชียงม่วน,82,0.0,0.0,0.0,,,True
1790642700,2026-09-29T00:45:00Z,ดอกคำใต้,37,0.0,0.0,0.0,,,True
1790642700,2026-09-29T00:45:00Z,เมืองพะเยา,6,0.0,0.0,0.0,,,True
1790642700,2026-09-29T00:45:00Z,ทองผาภูมิ,851,0.0,0.0,0.0,,,True
1790642700,2026-09-29T00:45:00Z,สังขละบุรี,793,0.0,0.0,0.0,,,True
1790642700,2026-09-29T00:45:00Z,หนองม่วงไข่,35,0.0,0.0,0.0,,,True
1790642700,2026-09-29T00:45:00Z,ภูเวียง,81,0.0,0.0,0.0,,,True
1790642700,2026-09-29T00:45:00Z,มัญจาคีรี,50,0.0,0.0,0.0,,,True
1790642700,2026-09-29T00:45:00Z,หนองปรือ,104,0.0,0.0,0.0,,,True
1790642700,2026-09-29T00:45:00Z,เลาขวัญ,123,0.0,0.0,0.0,,,True
1790642700,2026-09-29T00:45:00Z,หนองนาคำ,43,0.0,0.0,0.0,,,True
1790642700,2026-09-29T00:45:00Z,โคกโพธิ์ไชย,65,0.0,0.0,0.0,,,True
1790642700,2026-09-29T00:45:00Z,บ้านหลวง,91,0.0,0.0,0.0,,,True
1790642700,2026-09-29T00:45:00Z,นาน้อย,266,0.0,0.0,0.0,,,True
1790642700,2026-09-29T00:45:00Z,ภูผาม่าน,74,0.0,0.0,0.0,,,True
1790642700,2026-09-29T00:45:00Z,เมืองน่าน,161,0.0,0.0,0.0,,,True
1790642700,2026-09-29T00:45:00Z,แม่จริม,262,0.0,0.0,0.0,,,True
1790642700,2026-09-29T00:45:00Z,เวียงเก่า,78,0.0,0.0,0.0,,,True
1790642700,2026-09-29T00:45:00Z,เมืองกำแพงเพชร,368,0.0,0.0,0.0,,,True
1790642700,2026-09-29T00:45:00Z,ไทรงาม,133,0.0,0.0,0.0,,,True
1790642700,2026-09-29T00:45:00Z,ปางศิลาทอง,186,0.0,0.0,0.0,,,True
1790642700,2026-09-29T00:45:00Z,ลานกระบือ,103,0.0,0.0,0.0,,,True
1790642700,2026-09-29T00:45:00Z,ทรายทองวัฒนา,53,0.0,0.0,0.0,,,True
1790642700,2026-09-29T00:45:00Z,คลองขลุง,179,0.0,0.0,0.0,,,True
1790642700,2026-09-29T00:45:00Z,พรานกระต่าย,252,0.0,0.0,0.0,,,True
1790642700,2026-09-29T00:45:00Z,คลองลาน,363,0.0,0.0,0.0,,,True
1790642700,2026-09-29T00:45:00Z,ขาณุวรลักษบุรี,296,0.0,0.0,0.0,,,True
1790642700,2026-09-29T00:45:00Z,ภูเพียง,113,0.0,0.0,0.0,,,True
1790642700,2026-09-29T00:45:00Z,นาหมื่น,245,0.0,0.0,0.0,,,True
1790642700,2026-09-29T00:45:00Z,เวียงสา,543,0.0,0.0,0.0,,,True
1790642700,2026-09-29T00:45:00Z,น้ำโสม,153,0.0,0.0,0.0,,,True
1790642700,2026-09-29T00:45:00Z,นายูง,126,0.0,0.0,0.0,,,True
1790642700,2026-09-29T00:45:00Z,ชุมแพ,173,0.0,0.0,0.0,,,True
1790642700,2026-09-29T00:45:00Z,สีชมพู,132,0.0,0.0,0.0,,,True
1790642700,2026-09-29T00:45:00Z,สุวรรณคูหา,140,0.0,0.0,0.0,,,True
1790642700,2026-09-29T00:45:00Z,นาวัง,65,0.0,0.0,0.0,,,True
1790642700,2026-09-29T00:45:00Z,หนองเรือ,80,0.0,0.0,0.0,,,True
1790642700,2026-09-29T00:45:00Z,โนนสัง,51,0.0,0.0,0.0,,,True
1790642700,2026-09-29T00:45:00Z,ศรีบุญเรือง,224,0.0,0.0,0.0,,,True
1790642700,2026-09-29T00:45:00Z,เมืองหนองบัวลำภู,217,0.0,0.0,0.0,,,True
1790642700,2026-09-29T00:45:00Z,นากลาง,173,0.0,0.0,0.0,,,True
1790642700,2026-09-29T00:45:00Z,ทุ่งเสลี่ยม,144,0.0,0.0,0.0,,,True
1790642700,2026-09-29T00:45:00Z,ดอยหล่อ,56,0.0,0.0,0.0,,,True
1790642700,2026-09-29T00:45:00Z,เมืองตาก,486,0.0,0.0,0.0,,,True
1790642700,2026-09-29T00:45:00Z,แม่ออน,116,0.0,0.0,0.0,,,True
1790642700,2026-09-29T00:45:00Z,อุ้มผาง,1209,0.0,0.0,0.0,,,True
1790642700,2026-09-29T00:45:00Z,วังเจ้า,183,0.0,0.0,0.0,,,True
1790642700,2026-09-29T00:45:00Z,แม่สอด,398,0.0,0.0,0.0,,,True
1790642700,2026-09-29T00:45:00Z,พบพระ,249,0.0,0.0,0.0,,,True
1790642700,2026-09-29T00:45:00Z,แม่ระมาด,380,0.0,0.0,0.0,,,True
1790642700,2026-09-29T00:45:00Z,ท่าสองยาง,401,0.0,0.0,0.0,,,True
1790642700,2026-09-29T00:45:00Z,บ้านตาก,255,0.0,0.0,0.0,,,True
1790642700,2026-09-29T00:45:00Z,สามเงา,698,0.0,0.0,0.0,,,True
1790642700,2026-09-29T00:45:00Z,จอมทอง,280,0.0,0.0,0.0,,,True
1790642700,2026-09-29T00:45:00Z,แก้งสนามนาง,79,0.0,0.0,0.0,,,True
1790642700,2026-09-29T00:45:00Z,สีคิ้ว,292,0.0,0.0,0.0,,,True
1790642700,2026-09-29T00:45:00Z,พระทองคำ,90,0.0,0.0,0.0,,,True
1790642700,2026-09-29T00:45:00Z,เทพารักษ์,92,0.0,0.0,0.0,,,True
1790642700,2026-09-29T00:45:00Z,สันกำแพง,65,0.0,0.0,0.0,,,True
1790642700,2026-09-29T00:45:00Z,สันป่าตอง,44,0.0,0.0,0.0,,,True
1790642700,2026-09-29T00:45:00Z,ดอยเต่า,213,0.0,0.098,0.0047,,15,True
1790642700,2026-09-29T00:45:00Z,อมก๋อย,704,0.0,0.0,0.0,,,True
1790642700,2026-09-29T00:45:00Z,ฮอด,378,0.0,0.0,0.0,,,True
1790642700,2026-09-29T00:45:00Z,เมืองลำพูน,117,0.018,0.299,0.1368,60,30,True
1790642700,2026-09-29T00:45:00Z,แม่ทา,192,0.016,0.294,0.1302,45,15,True
1790642700,2026-09-29T00:45:00Z,บ้านธิ,34,0.006,0.098,0.0588,,75,True
1790642700,2026-09-29T00:45:00Z,บ้านหมอ,24,0.0,0.0,0.0,,,True
1790642700,2026-09-29T00:45:00Z,เวียงหนองล่อง,14,0.0,0.0,0.0,,,True
1790642700,2026-09-29T00:45:00Z,ทุ่งหัวช้าง,113,0.0,0.0,0.0,,,True
1790642700,2026-09-29T00:45:00Z,ป่าซาง,74,0.0,0.0,0.0,,,True
1790642700,2026-09-29T00:45:00Z,บ้านโฮ่ง,124,0.002,0.098,0.0161,,45,True
1790642700,2026-09-29T00:45:00Z,แก่งคอย,73,0.0,0.0,0.0,,,True
1790642700,2026-09-29T00:45:00Z,ลี้,454,0.002,0.098,0.0176,,15,True
1790642700,2026-09-29T00:45:00Z,พระพุทธบาท,55,0.0,0.0,0.0,,,True
1790642700,2026-09-29T00:45:00Z,ดอนพุด,7,0.0,0.0,0.0,,,True
1790642700,2026-09-29T00:45:00Z,หนองโดน,31,0.0,0.0,0.0,,,True
1790642700,2026-09-29T00:45:00Z,เมืองลำปาง,300,0.014,0.299,0.0833,,30,True
1790642700,2026-09-29T00:45:00Z,เถิน,443,0.0,0.0,0.0,,,True
1790642700,2026-09-29T00:45:00Z,แม่พริก,167,0.0,0.0,0.0,,,True
1790642700,2026-09-29T00:45:00Z,แจ้ห่ม,274,0.008,0.5,0.0474,,90,True
1790642700,2026-09-29T00:45:00Z,แม่เปิน,85,0.0,0.0,0.0,,,True
1790642700,2026-09-29T00:45:00Z,เสริมงาม,185,0.0,0.0,0.0,,,True
1790642700,2026-09-29T00:45:00Z,ชุมตาบง,61,0.0,0.0,0.0,,,True
1790642700,2026-09-29T00:45:00Z,งาว,344,0.02,0.299,0.1599,105,15,True
1790642700,2026-09-29T00:45:00Z,ตากฟ้า,125,0.0,0.0,0.0,,,True
1790642700,2026-09-29T00:45:00Z,แม่เมาะ,283,0.069,0.397,0.4735,45,15,True
1790642700,2026-09-29T00:45:00Z,แม่วงก์,257,0.0,0.0,0.0,,,True
1790642700,2026-09-29T00:45:00Z,เกาะคา,128,0.0,0.0,0.0,,,True
1790642700,2026-09-29T00:45:00Z,พยุหะคีรี,169,0.0,0.0,0.0,,,True
1790642700,2026-09-29T00:45:00Z,ลาดยาว,187,0.0,0.0,0.0,,,True
1790642700,2026-09-29T00:45:00Z,สบปราบ,125,0.0,0.0,0.0,,,True
1790642700,2026-09-29T00:45:00Z,ห้างฉัตร,154,0.0,0.0,0.0,,,True
1790642700,2026-09-29T00:45:00Z,แม่ทะ,203,0.039,0.397,0.2562,15,15,True
1790642700,2026-09-29T00:45:00Z,เมืองปาน,202,0.0,0.0,0.0,,,True
1790642700,2026-09-29T00:45:00Z,เมืองอ่างทอง,6,0.0,0.0,0.0,,,True
1790642700,2026-09-29T00:45:00Z,ไชโย,20,0.0,0.0,0.0,,,True
1790642700,2026-09-29T00:45:00Z,สามโก้,10,0.0,0.0,0.0,,,True
1790642700,2026-09-29T00:45:00Z,แสวงหา,43,0.0,0.0,0.0,,,True
1790642700,2026-09-29T00:45:00Z,วิเศษชัยชาญ,7,0.0,0.0,0.0,,,True
1790642700,2026-09-29T00:45:00Z,โพธิ์ทอง,48,0.0,0.0,0.0,,,True
1790642700,2026-09-29T00:45:00Z,เมืองลพบุรี,190,0.0,0.0,0.0,,,True
1790642700,2026-09-29T00:45:00Z,เดิมบางนางบวช,130,0.0,0.0,0.0,,,True
1790642700,2026-09-29T00:45:00Z,ด่านช้าง,309,0.0,0.0,0.0,,,True
1790642700,2026-09-29T00:45:00Z,หนองม่วง,111,0.0,0.0,0.0,,,True
1790642700,2026-09-29T00:45:00Z,ลำสนธิ,136,0.0,0.0,0.0,,,True
1790642700,2026-09-29T00:45:00Z,สามชุก,77,0.0,0.0,0.0,,,True
1790642700,2026-09-29T00:45:00Z,ดอนเจดีย์,72,0.0,0.0,0.0,,,True
1790642700,2026-09-29T00:45:00Z,สระโบสถ์,83,0.0,0.0,0.0,,,True
1790642700,2026-09-29T00:45:00Z,ศรีประจันต์,41,0.0,0.0,0.0,,,True
1790642700,2026-09-29T00:45:00Z,โคกเจริญ,135,0.0,0.0,0.0,,,True
1790642700,2026-09-29T00:45:00Z,บ้านหมี่,136,0.0,0.0,0.0,,,True
1790642700,2026-09-29T00:45:00Z,ท่าหลวง,100,0.0,0.0,0.0,,,True
1790642700,2026-09-29T00:45:00Z,ชัยบาดาล,280,0.0,0.0,0.0,,,True
1790642700,2026-09-29T00:45:00Z,ท่าวุ้ง,64,0.0,0.0,0.0,,,True
1790642700,2026-09-29T00:45:00Z,พัฒนานิคม,217,0.0,0.0,0.0,,,True
1790642700,2026-09-29T00:45:00Z,โคกสำโรง,180,0.0,0.0,0.0,,,True
1790642700,2026-09-29T00:45:00Z,หนองหญ้าไซ,108,0.0,0.0,0.0,,,True
1790642700,2026-09-29T00:45:00Z,ท่าช้าง,11,0.0,0.0,0.0,,,True
1790642700,2026-09-29T00:45:00Z,อินทร์บุรี,66,0.0,0.0,0.0,,,True
1790642700,2026-09-29T00:45:00Z,ค่ายบางระจัน,26,0.0,0.0,0.0,,,True
1790642700,2026-09-29T00:45:00Z,พรหมบุรี,19,0.0,0.0,0.0,,,True
1790642700,2026-09-29T00:45:00Z,เนินสง่า,65,0.0,0.0,0.0,,,True
1790642700,2026-09-29T00:45:00Z,เมืองสิงห์บุรี,31,0.0,0.0,0.0,,,True
1790642700,2026-09-29T00:45:00Z,ซับใหญ่,72,0.0,0.0,0.0,,,True
1790642700,2026-09-29T00:45:00Z,บางระจัน,46,0.0,0.0,0.0,,,True
1790642700,2026-09-29T00:45:00Z,ภูกระดึง,190,0.0,0.0,0.0,,,True
1790642700,2026-09-29T00:45:00Z,ภูหลวง,145,0.0,0.0,0.0,,,True
1790642700,2026-09-29T00:45:00Z,หนองหิน,78,0.0,0.0,0.0,,,True
1790642700,2026-09-29T00:45:00Z,ผาขาว,100,0.0,0.0,0.0,,,True
1790642700,2026-09-29T00:45:00Z,เอราวัณ,87,0.0,0.0,0.0,,,True
1790642700,2026-09-29T00:45:00Z,วังสะพุง,281,0.0,0.0,0.0,,,True
1790642700,2026-09-29T00:45:00Z,วังม่วง,70,0.0,0.0,0.0,,,True
1790642700,2026-09-29T00:45:00Z,เฉลิมพระเกียรติ,35,0.0,0.0,0.0,,,True
1790642700,2026-09-29T00:45:00Z,มวกเหล็ก,175,0.0,0.0,0.0,,,True
1790642700,2026-09-29T00:45:00Z,บ้านเขว้า,124,0.0,0.0,0.0,,,True
1790642700,2026-09-29T00:45:00Z,คอนสวรรค์,113,0.0,0.0,0.0,,,True
1790642700,2026-09-29T00:45:00Z,เมืองชัยภูมิ,358,0.0,0.0,0.0,,,True
1790642700,2026-09-29T00:45:00Z,วังทอง,425,0.0,0.0,0.0,,,True
1790642700,2026-09-29T00:45:00Z,เนินมะปราง,276,0.0,0.0,0.0,,,True
1790642700,2026-09-29T00:45:00Z,สวรรคโลก,156,0.0,0.0,0.0,,,True
1790642700,2026-09-29T00:45:00Z,ศรีนคร,46,0.0,0.0,0.0,,,True
1790642700,2026-09-29T00:45:00Z,หันคา,139,0.0,0.0,0.0,,,True
1790642700,2026-09-29T00:45:00Z,ศรีสัชนาลัย,534,0.006,0.201,0.0524,,15,True
1790642700,2026-09-29T00:45:00Z,หนองมะโมง,76,0.0,0.0,0.0,,,True
1790642700,2026-09-29T00:45:00Z,ศรีสำโรง,142,0.0,0.0,0.0,,,True
1790642700,2026-09-29T00:45:00Z,สรรพยา,55,0.0,0.0,0.0,,,True
1790642700,2026-09-29T00:45:00Z,คีรีมาศ,171,0.0,0.0,0.0,,,True
1790642700,2026-09-29T00:45:00Z,สรรคบุรี,89,0.0,0.0,0.0,,,True
1790642700,2026-09-29T00:45:00Z,กงไกรลาศ,108,0.0,0.0,0.0,,,True
1790642700,2026-09-29T00:45:00Z,มโนรมย์,66,0.0,0.0,0.0,,,True
1790642700,2026-09-29T00:45:00Z,เมืองสุโขทัย,136,0.0,0.0,0.0,,,True
1790642700,2026-09-29T00:45:00Z,วัดสิงห์,67,0.0,0.0,0.0,,,True
1790642700,2026-09-29T00:45:00Z,บ้านด่านลานหอย,231,0.0,0.0,0.0,,,True
1790642700,2026-09-29T00:45:00Z,เมืองชัยนาท,70,0.0,0.0,0.0,,,True
1790642700,2026-09-29T00:45:00Z,เนินขาม,65,0.0,0.0,0.0,,,True
1790642700,2026-09-29T00:45:00Z,คอนสาร,334,0.0,0.0,0.0,,,True
1790642700,2026-09-29T00:45:00Z,ภักดีชุมพล,154,0.0,0.0,0.0,,,True
1790642700,2026-09-29T00:45:00Z,บ้านแท่น,76,0.0,0.0,0.0,,,True
1790642700,2026-09-29T00:45:00Z,แก้งคร้อ,168,0.0,0.0,0.0,,,True
1790642700,2026-09-29T00:45:00Z,ภูเขียว,201,0.0,0.0,0.0,,,True
1790642700,2026-09-29T00:45:00Z,หนองบัวระเหว,179,0.0,0.0,0.0,,,True
1790642700,2026-09-29T00:45:00Z,เทพสถิต,239,0.0,0.0,0.0,,,True
1790642700,2026-09-29T00:45:00Z,จัตุรัส,172,0.0,0.0,0.0,,,True
1790642700,2026-09-29T00:45:00Z,บำเหน็จณรงค์,120,0.0,0.0,0.0,,,True
1790642700,2026-09-29T00:45:00Z,เกษตรสมบูรณ์,268,0.0,0.0,0.0,,,True
1790642700,2026-09-29T00:45:00Z,หนองบัวแดง,537,0.0,0.0,0.0,,,True
1790642700,2026-09-29T00:45:00Z,ภูเรือ,168,0.0,0.0,0.0,,,True
1790642700,2026-09-29T00:45:00Z,ท่าลี่,171,0.0,0.0,0.0,,,True
1790642700,2026-09-29T00:45:00Z,วชิรบารมี,68,0.0,0.0,0.0,,,True
1790642700,2026-09-29T00:45:00Z,ด่านซ้าย,341,0.0,0.0,0.0,,,True
1790642700,2026-09-29T00:45:00Z,นาแห้ว,153,0.0,0.0,0.0,,,True
1790642700,2026-09-29T00:45:00Z,บึงนาราง,74,0.0,0.0,0.0,,,True
1790642700,2026-09-29T00:45:00Z,เชียงคาน,213,0.0,0.0,0.0,,,True
1790642700,2026-09-29T00:45:00Z,ดงเจริญ,56,0.0,0.0,0.0,,,True
1790642700,2026-09-29T00:45:00Z,ปากชม,240,0.0,0.0,0.0,,,True
1790642700,2026-09-29T00:45:00Z,เมืองเลย,314,0.0,0.0,0.0,,,True
1790642700,2026-09-29T00:45:00Z,นาด้วง,143,0.0,0.0,0.0,,,True
1790642700,2026-09-29T00:45:00Z,สากเหล็ก,45,0.0,0.0,0.0,,,True
1790642700,2026-09-29T00:45:00Z,สามง่าม,89,0.0,0.0,0.0,,,True
1790642700,2026-09-29T00:45:00Z,ทับคล้อ,104,0.0,0.0,0.0,,,True
1790642700,2026-09-29T00:45:00Z,พรหมพิราม,206,0.0,0.0,0.0,,,True
1790642700,2026-09-29T00:45:00Z,ด่านขุนทด,344,0.0,0.0,0.0,,,True
1790642700,2026-09-29T00:45:00Z,วัดโบสถ์,226,0.0,0.0,0.0,,,True
1790642700,2026-09-29T00:45:00Z,บางระกำ,246,0.0,0.0,0.0,,,True
1790642700,2026-09-29T00:45:00Z,บางกระทุ่ม,91,0.0,0.0,0.0,,,True
1790642700,2026-09-29T00:45:00Z,นครไทย,597,0.0,0.0,0.0,,,True
1790642700,2026-09-29T00:45:00Z,ชาติตระการ,415,0.0,0.0,0.0,,,True
1790642700,2026-09-29T00:45:00Z,บ้านเหลื่อม,55,0.0,0.0,0.0,,,True
1790642700,2026-09-29T00:45:00Z,เมืองพิษณุโลก,178,0.0,0.0,0.0,,,True
1790642700,2026-09-29T00:45:00Z,ชุมแสง,145,0.0,0.0,0.0,,,True
1790642700,2026-09-29T00:45:00Z,หนองบัว,208,0.0,0.0,0.0,,,True
1790642700,2026-09-29T00:45:00Z,เมืองนครสวรรค์,183,0.0,0.0,0.0,,,True
1790642700,2026-09-29T00:45:00Z,โกรกพระ,71,0.0,0.0,0.0,,,True
1790642700,2026-09-29T00:45:00Z,ไพศาลี,244,0.0,0.0,0.0,,,True
1790642700,2026-09-29T00:45:00Z,ตาคลี,206,0.0,0.0,0.0,,,True
1790642700,2026-09-29T00:45:00Z,ท่าตะโก,211,0.0,0.0,0.0,,,True
1790642700,2026-09-29T00:45:00Z,เขาค้อ,207,0.0,0.0,0.0,,,True
1790642700,2026-09-29T00:45:00Z,บรรพตพิสัย,181,0.0,0.0,0.0,,,True
1790642700,2026-09-29T00:45:00Z,เก้าเลี้ยว,57,0.0,0.0,0.0,,,True
1790642700,2026-09-29T00:45:00Z,วังโป่ง,123,0.0,0.0,0.0,,,True
1790642700,2026-09-29T00:45:00Z,บึงสามพัน,194,0.0,0.0,0.0,,,True
1790642700,2026-09-29T00:45:00Z,น้ำหนาว,231,0.0,0.0,0.0,,,True
1790642700,2026-09-29T00:45:00Z,ศรีเทพ,204,0.0,0.0,0.0,,,True
1790642700,2026-09-29T00:45:00Z,หนองไผ่,315,0.0,0.0,0.0,,,True
1790642700,2026-09-29T00:45:00Z,มหาราช,4,0.0,0.0,0.0,,,False
1790642700,2026-09-29T00:45:00Z,บ้านแพรก,10,0.0,0.0,0.0,,,True
1790642700,2026-09-29T00:45:00Z,บางมูลนาก,99,0.0,0.0,0.0,,,True
1790642700,2026-09-29T00:45:00Z,โพทะเล,131,0.0,0.0,0.0,,,True
1790642700,2026-09-29T00:45:00Z,โพธิ์ประทับช้าง,102,0.0,0.0,0.0,,,True
1790642700,2026-09-29T00:45:00Z,ตะพานหิน,109,0.0,0.0,0.0,,,True
1790642700,2026-09-29T00:45:00Z,เมืองพิจิตร,138,0.0,0.0,0.0,,,True
1790642700,2026-09-29T00:45:00Z,วังทรายพูน,66,0.0,0.0,0.0,,,True
1790643600,2026-09-29T01:00:00Z,พิชัย,176,0.0,0.0,0.0,,,True
1790643600,2026-09-29T01:00:00Z,ลับแล,116,0.0,0.0,0.0,,,True
1790643600,2026-09-29T01:00:00Z,ฟากท่า,163,0.0,0.0,0.0,,,True
1790643600,2026-09-29T01:00:00Z,บ้านโคก,247,0.0,0.0,0.0,,,True
1790643600,2026-09-29T01:00:00Z,ท่าปลา,442,0.0,0.0,0.0,,,True
1790643600,2026-09-29T01:00:00Z,น้ำปาด,363,0.0,0.0,0.0,,,True
1790643600,2026-09-29T01:00:00Z,เมืองอุตรดิตถ์,202,0.0,0.0,0.0,,,True
1790643600,2026-09-29T01:00:00Z,ตรอน,80,0.0,0.0,0.0,,,True
1790643600,2026-09-29T01:00:00Z,หล่มเก่า,246,0.0,0.0,0.0,,,True
1790643600,2026-09-29T01:00:00Z,วิเชียรบุรี,377,0.0,0.0,0.0,,,True
1790643600,2026-09-29T01:00:00Z,ชนแดน,279,0.0,0.0,0.0,,,True
1790643600,2026-09-29T01:00:00Z,หล่มสัก,350,0.0,0.0,0.0,,,True
1790643600,2026-09-29T01:00:00Z,เมืองเพชรบูรณ์,571,0.0,0.0,0.0,,,True
1790643600,2026-09-29T01:00:00Z,ทองแสนขัน,185,0.0,0.0,0.0,,,True
1790643600,2026-09-29T01:00:00Z,บึงสามัคคี,71,0.0,0.0,0.0,,,True
1790643600,2026-09-29T01:00:00Z,โกสัมพีนคร,137,0.0,0.0,0.0,,,True
1790643600,2026-09-29T01:00:00Z,สอง,380,0.0,0.0,0.0,,,True
1790643600,2026-09-29T01:00:00Z,วังชิ้น,255,0.017,0.201,0.149,45,15,True
1790643600,2026-09-29T01:00:00Z,สูงเม่น,88,0.0,0.0,0.0,,,True
1790643600,2026-09-29T01:00:00Z,เด่นชัย,135,0.0,0.0,0.0,,,True
1790643600,2026-09-29T01:00:00Z,ร้องกวาง,221,0.0,0.0,0.0,,,True
1790643600,2026-09-29T01:00:00Z,ลอง,317,0.011,0.098,0.1104,75,30,True
1790643600,2026-09-29T01:00:00Z,เมืองแพร่,205,0.0,0.0,0.0,,,True
1790643600,2026-09-29T01:00:00Z,ทัพทัน,94,0.0,0.0,0.0,,,True
1790643600,2026-09-29T01:00:00Z,สว่างอารมณ์,110,0.0,0.0,0.0,,,True
1790643600,2026-09-29T01:00:00Z,เมืองอุทัยธานี,59,0.0,0.0,0.0,,,True
1790643600,2026-09-29T01:00:00Z,ห้วยคต,94,0.0,0.0,0.0,,,True
1790643600,2026-09-29T01:00:00Z,ศรีสวัสดิ์,440,0.0,0.0,0.0,,,True
1790643600,2026-09-29T01:00:00Z,บ้านไร่,821,0.0,0.0,0.0,,,True
1790643600,2026-09-29T01:00:00Z,ลานสัก,360,0.0,0.0,0.0,,,True
1790643600,2026-09-29T01:00:00Z,หนองฉาง,89,0.0,0.0,0.0,,,True
1790643600,2026-09-29T01:00:00Z,หนองขาหย่าง,43,0.0,0.0,0.0,,,True
1790643600,2026-09-29T01:00:00Z,เชียงม่วน,82,0.0,0.0,0.0,,,True
1790643600,2026-09-29T01:00:00Z,ดอกคำใต้,37,0.0,0.0,0.0,,,True
1790643600,2026-09-29T01:00:00Z,เมืองพะเยา,6,0.0,0.0,0.0,,,True
1790643600,2026-09-29T01:00:00Z,ทองผาภูมิ,851,0.0,0.0,0.0,,,True
1790643600,2026-09-29T01:00:00Z,สังขละบุรี,793,0.0,0.0,0.0,,,True
1790643600,2026-09-29T01:00:00Z,หนองม่วงไข่,35,0.0,0.0,0.0,,,True
1790643600,2026-09-29T01:00:00Z,ภูเวียง,81,0.0,0.0,0.0,,,True
1790643600,2026-09-29T01:00:00Z,มัญจาคีรี,50,0.0,0.0,0.0,,,True
1790643600,2026-09-29T01:00:00Z,หนองปรือ,104,0.0,0.0,0.0,,,True
1790643600,2026-09-29T01:00:00Z,เลาขวัญ,123,0.0,0.0,0.0,,,True
1790643600,2026-09-29T01:00:00Z,หนองนาคำ,43,0.0,0.0,0.0,,,True
1790643600,2026-09-29T01:00:00Z,โคกโพธิ์ไชย,65,0.0,0.0,0.0,,,True
1790643600,2026-09-29T01:00:00Z,บ้านหลวง,91,0.0,0.0,0.0,,,True
1790643600,2026-09-29T01:00:00Z,นาน้อย,266,0.0,0.0,0.0,,,True
1790643600,2026-09-29T01:00:00Z,ภูผาม่าน,74,0.0,0.0,0.0,,,True
1790643600,2026-09-29T01:00:00Z,เมืองน่าน,161,0.0,0.0,0.0,,,True
1790643600,2026-09-29T01:00:00Z,แม่จริม,262,0.0,0.0,0.0,,,True
1790643600,2026-09-29T01:00:00Z,เวียงเก่า,78,0.0,0.0,0.0,,,True
1790643600,2026-09-29T01:00:00Z,เมืองกำแพงเพชร,368,0.0,0.0,0.0,,,True
1790643600,2026-09-29T01:00:00Z,ไทรงาม,133,0.0,0.0,0.0,,,True
1790643600,2026-09-29T01:00:00Z,ปางศิลาทอง,186,0.0,0.0,0.0,,,True
1790643600,2026-09-29T01:00:00Z,ลานกระบือ,103,0.0,0.0,0.0,,,True
1790643600,2026-09-29T01:00:00Z,ทรายทองวัฒนา,53,0.0,0.0,0.0,,,True
1790643600,2026-09-29T01:00:00Z,คลองขลุง,179,0.0,0.0,0.0,,,True
1790643600,2026-09-29T01:00:00Z,พรานกระต่าย,252,0.0,0.0,0.0,,,True
1790643600,2026-09-29T01:00:00Z,คลองลาน,363,0.0,0.0,0.0,,,True
1790643600,2026-09-29T01:00:00Z,ขาณุวรลักษบุรี,296,0.0,0.0,0.0,,,True
1790643600,2026-09-29T01:00:00Z,ภูเพียง,113,0.0,0.0,0.0,,,True
1790643600,2026-09-29T01:00:00Z,นาหมื่น,245,0.0,0.0,0.0,,,True
1790643600,2026-09-29T01:00:00Z,เวียงสา,543,0.0,0.0,0.0,,,True
1790643600,2026-09-29T01:00:00Z,น้ำโสม,153,0.0,0.0,0.0,,,True
1790643600,2026-09-29T01:00:00Z,นายูง,126,0.0,0.0,0.0,,,True
1790643600,2026-09-29T01:00:00Z,ชุมแพ,173,0.0,0.0,0.0,,,True
1790643600,2026-09-29T01:00:00Z,สีชมพู,132,0.0,0.0,0.0,,,True
1790643600,2026-09-29T01:00:00Z,สุวรรณคูหา,140,0.0,0.0,0.0,,,True
1790643600,2026-09-29T01:00:00Z,นาวัง,65,0.0,0.0,0.0,,,True
1790643600,2026-09-29T01:00:00Z,หนองเรือ,80,0.0,0.0,0.0,,,True
1790643600,2026-09-29T01:00:00Z,โนนสัง,51,0.0,0.0,0.0,,,True
1790643600,2026-09-29T01:00:00Z,ศรีบุญเรือง,224,0.0,0.0,0.0,,,True
1790643600,2026-09-29T01:00:00Z,เมืองหนองบัวลำภู,217,0.0,0.0,0.0,,,True
1790643600,2026-09-29T01:00:00Z,นากลาง,173,0.0,0.0,0.0,,,True
1790643600,2026-09-29T01:00:00Z,ทุ่งเสลี่ยม,144,0.0,0.0,0.0,,,True
1790643600,2026-09-29T01:00:00Z,ดอยหล่อ,56,0.0,0.0,0.0,,,True
1790643600,2026-09-29T01:00:00Z,เมืองตาก,486,0.0,0.0,0.0,,,True
1790643600,2026-09-29T01:00:00Z,แม่ออน,116,0.0,0.0,0.0,,,True
1790643600,2026-09-29T01:00:00Z,อุ้มผาง,1209,0.0,0.0,0.0,,,True
1790643600,2026-09-29T01:00:00Z,วังเจ้า,183,0.0,0.0,0.0,,,True
1790643600,2026-09-29T01:00:00Z,แม่สอด,398,0.0,0.0,0.0,,,True
1790643600,2026-09-29T01:00:00Z,พบพระ,249,0.0,0.0,0.0,,,True
1790643600,2026-09-29T01:00:00Z,แม่ระมาด,380,0.0,0.0,0.0,,,True
1790643600,2026-09-29T01:00:00Z,ท่าสองยาง,401,0.0,0.0,0.0,,,True
1790643600,2026-09-29T01:00:00Z,บ้านตาก,255,0.0,0.0,0.0,,,True
1790643600,2026-09-29T01:00:00Z,สามเงา,698,0.0,0.0,0.0,,,True
1790643600,2026-09-29T01:00:00Z,จอมทอง,280,0.0,0.0,0.0,,,True
1790643600,2026-09-29T01:00:00Z,แก้งสนามนาง,79,0.0,0.0,0.0,,,True
1790643600,2026-09-29T01:00:00Z,สีคิ้ว,292,0.0,0.0,0.0,,,True
1790643600,2026-09-29T01:00:00Z,พระทองคำ,90,0.0,0.0,0.0,,,True
1790643600,2026-09-29T01:00:00Z,เทพารักษ์,92,0.0,0.0,0.0,,,True
1790643600,2026-09-29T01:00:00Z,สันกำแพง,65,0.0,0.0,0.0,,,True
1790643600,2026-09-29T01:00:00Z,สันป่าตอง,44,0.0,0.0,0.0,,,True
1790643600,2026-09-29T01:00:00Z,ดอยเต่า,213,0.0,0.0,0.0,,,True
1790643600,2026-09-29T01:00:00Z,อมก๋อย,704,0.0,0.0,0.0,,,True
1790643600,2026-09-29T01:00:00Z,ฮอด,378,0.0,0.0,0.0,,,True
1790643600,2026-09-29T01:00:00Z,เมืองลำพูน,117,0.026,0.201,0.2479,30,15,True
1790643600,2026-09-29T01:00:00Z,แม่ทา,192,0.01,0.201,0.0938,,15,True
1790643600,2026-09-29T01:00:00Z,บ้านธิ,34,0.006,0.098,0.0588,,45,True
1790643600,2026-09-29T01:00:00Z,บ้านหมอ,24,0.0,0.0,0.0,,,True
1790643600,2026-09-29T01:00:00Z,เวียงหนองล่อง,14,0.0,0.0,0.0,,,True
1790643600,2026-09-29T01:00:00Z,ทุ่งหัวช้าง,113,0.0,0.0,0.0,,,True
1790643600,2026-09-29T01:00:00Z,ป่าซาง,74,0.005,0.201,0.0405,,30,True
1790643600,2026-09-29T01:00:00Z,บ้านโฮ่ง,124,0.007,0.201,0.0645,,15,True
1790643600,2026-09-29T01:00:00Z,แก่งคอย,73,0.0,0.0,0.0,,,True
1790643600,2026-09-29T01:00:00Z,ลี้,454,0.0,0.098,0.0044,,15,True
1790643600,2026-09-29T01:00:00Z,พระพุทธบาท,55,0.0,0.0,0.0,,,True
1790643600,2026-09-29T01:00:00Z,ดอนพุด,7,0.0,0.0,0.0,,,True
1790643600,2026-09-29T01:00:00Z,หนองโดน,31,0.0,0.0,0.0,,,True
1790643600,2026-09-29T01:00:00Z,เมืองลำปาง,300,0.011,0.299,0.0867,,30,True
1790643600,2026-09-29T01:00:00Z,เถิน,443,0.0,0.0,0.0,,,True
1790643600,2026-09-29T01:00:00Z,แม่พริก,167,0.0,0.0,0.0,,,True
1790643600,2026-09-29T01:00:00Z,แจ้ห่ม,274,0.005,0.196,0.0474,,60,True
1790643600,2026-09-29T01:00:00Z,แม่เปิน,85,0.0,0.0,0.0,,,True
1790643600,2026-09-29T01:00:00Z,เสริมงาม,185,0.0,0.0,0.0,,,True
1790643600,2026-09-29T01:00:00Z,ชุมตาบง,61,0.0,0.0,0.0,,,True
1790643600,2026-09-29T01:00:00Z,งาว,344,0.022,0.288,0.1657,105,15,True
1790643600,2026-09-29T01:00:00Z,ตากฟ้า,125,0.0,0.0,0.0,,,True
1790643600,2026-09-29T01:00:00Z,แม่เมาะ,283,0.042,0.299,0.3286,60,15,True
1790643600,2026-09-29T01:00:00Z,แม่วงก์,257,0.0,0.0,0.0,,,True
1790643600,2026-09-29T01:00:00Z,เกาะคา,128,0.0,0.0,0.0,,,True
1790643600,2026-09-29T01:00:00Z,พยุหะคีรี,169,0.0,0.0,0.0,,,True
1790643600,2026-09-29T01:00:00Z,ลาดยาว,187,0.0,0.0,0.0,,,True
1790643600,2026-09-29T01:00:00Z,สบปราบ,125,0.0,0.0,0.0,,,True
1790643600,2026-09-29T01:00:00Z,ห้างฉัตร,154,0.0,0.0,0.0,,,True
1790643600,2026-09-29T01:00:00Z,แม่ทะ,203,0.019,0.294,0.1478,75,15,True
1790643600,2026-09-29T01:00:00Z,เมืองปาน,202,0.0,0.0,0.0,,,True
1790643600,2026-09-29T01:00:00Z,เมืองอ่างทอง,6,0.0,0.0,0.0,,,True
1790643600,2026-09-29T01:00:00Z,ไชโย,20,0.0,0.0,0.0,,,True
1790643600,2026-09-29T01:00:00Z,สามโก้,10,0.0,0.0,0.0,,,True
1790643600,2026-09-29T01:00:00Z,แสวงหา,43,0.0,0.0,0.0,,,True
1790643600,2026-09-29T01:00:00Z,วิเศษชัยชาญ,7,0.0,0.0,0.0,,,True
1790643600,2026-09-29T01:00:00Z,โพธิ์ทอง,48,0.0,0.0,0.0,,,True
1790643600,2026-09-29T01:00:00Z,เมืองลพบุรี,190,0.0,0.0,0.0,,,True
1790643600,2026-09-29T01:00:00Z,เดิมบางนางบวช,130,0.0,0.0,0.0,,,True
1790643600,2026-09-29T01:00:00Z,ด่านช้าง,309,0.0,0.0,0.0,,,True
1790643600,2026-09-29T01:00:00Z,หนองม่วง,111,0.0,0.0,0.0,,,True
1790643600,2026-09-29T01:00:00Z,ลำสนธิ,136,0.0,0.0,0.0,,,True
1790643600,2026-09-29T01:00:00Z,สามชุก,77,0.0,0.0,0.0,,,True
1790643600,2026-09-29T01:00:00Z,ดอนเจดีย์,72,0.0,0.0,0.0,,,True
1790643600,2026-09-29T01:00:00Z,สระโบสถ์,83,0.0,0.0,0.0,,,True
1790643600,2026-09-29T01:00:00Z,ศรีประจันต์,41,0.0,0.0,0.0,,,True
1790643600,2026-09-29T01:00:00Z,โคกเจริญ,135,0.0,0.0,0.0,,,True
1790643600,2026-09-29T01:00:00Z,บ้านหมี่,136,0.0,0.0,0.0,,,True
1790643600,2026-09-29T01:00:00Z,ท่าหลวง,100,0.0,0.0,0.0,,,True
1790643600,2026-09-29T01:00:00Z,ชัยบาดาล,280,0.0,0.0,0.0,,,True
1790643600,2026-09-29T01:00:00Z,ท่าวุ้ง,64,0.0,0.0,0.0,,,True
1790643600,2026-09-29T01:00:00Z,พัฒนานิคม,217,0.0,0.0,0.0,,,True
1790643600,2026-09-29T01:00:00Z,โคกสำโรง,180,0.0,0.0,0.0,,,True
1790643600,2026-09-29T01:00:00Z,หนองหญ้าไซ,108,0.0,0.0,0.0,,,True
1790643600,2026-09-29T01:00:00Z,ท่าช้าง,11,0.0,0.0,0.0,,,True
1790643600,2026-09-29T01:00:00Z,อินทร์บุรี,66,0.0,0.0,0.0,,,True
1790643600,2026-09-29T01:00:00Z,ค่ายบางระจัน,26,0.0,0.0,0.0,,,True
1790643600,2026-09-29T01:00:00Z,พรหมบุรี,19,0.0,0.0,0.0,,,True
1790643600,2026-09-29T01:00:00Z,เนินสง่า,65,0.0,0.0,0.0,,,True
1790643600,2026-09-29T01:00:00Z,เมืองสิงห์บุรี,31,0.0,0.0,0.0,,,True
1790643600,2026-09-29T01:00:00Z,ซับใหญ่,72,0.0,0.0,0.0,,,True
1790643600,2026-09-29T01:00:00Z,บางระจัน,46,0.0,0.0,0.0,,,True
1790643600,2026-09-29T01:00:00Z,ภูกระดึง,190,0.0,0.0,0.0,,,True
1790643600,2026-09-29T01:00:00Z,ภูหลวง,145,0.0,0.0,0.0,,,True
1790643600,2026-09-29T01:00:00Z,หนองหิน,78,0.0,0.0,0.0,,,True
1790643600,2026-09-29T01:00:00Z,ผาขาว,100,0.0,0.0,0.0,,,True
1790643600,2026-09-29T01:00:00Z,เอราวัณ,87,0.0,0.0,0.0,,,True
1790643600,2026-09-29T01:00:00Z,วังสะพุง,281,0.0,0.0,0.0,,,True
1790643600,2026-09-29T01:00:00Z,วังม่วง,70,0.0,0.0,0.0,,,True
1790643600,2026-09-29T01:00:00Z,เฉลิมพระเกียรติ,35,0.0,0.0,0.0,,,True
1790643600,2026-09-29T01:00:00Z,มวกเหล็ก,175,0.0,0.0,0.0,,,True
1790643600,2026-09-29T01:00:00Z,บ้านเขว้า,124,0.0,0.0,0.0,,,True
1790643600,2026-09-29T01:00:00Z,คอนสวรรค์,113,0.0,0.0,0.0,,,True
1790643600,2026-09-29T01:00:00Z,เมืองชัยภูมิ,358,0.0,0.0,0.0,,,True
1790643600,2026-09-29T01:00:00Z,วังทอง,425,0.0,0.0,0.0,,,True
1790643600,2026-09-29T01:00:00Z,เนินมะปราง,276,0.0,0.0,0.0,,,True
1790643600,2026-09-29T01:00:00Z,สวรรคโลก,156,0.0,0.0,0.0,,,True
1790643600,2026-09-29T01:00:00Z,ศรีนคร,46,0.0,0.0,0.0,,,True
1790643600,2026-09-29T01:00:00Z,หันคา,139,0.0,0.0,0.0,,,True
1790643600,2026-09-29T01:00:00Z,ศรีสัชนาลัย,534,0.002,0.201,0.015,,15,True
1790643600,2026-09-29T01:00:00Z,หนองมะโมง,76,0.0,0.0,0.0,,,True
1790643600,2026-09-29T01:00:00Z,ศรีสำโรง,142,0.0,0.0,0.0,,,True
1790643600,2026-09-29T01:00:00Z,สรรพยา,55,0.0,0.0,0.0,,,True
1790643600,2026-09-29T01:00:00Z,คีรีมาศ,171,0.0,0.0,0.0,,,True
1790643600,2026-09-29T01:00:00Z,สรรคบุรี,89,0.0,0.0,0.0,,,True
1790643600,2026-09-29T01:00:00Z,กงไกรลาศ,108,0.0,0.0,0.0,,,True
1790643600,2026-09-29T01:00:00Z,มโนรมย์,66,0.0,0.0,0.0,,,True
1790643600,2026-09-29T01:00:00Z,เมืองสุโขทัย,136,0.0,0.0,0.0,,,True
1790643600,2026-09-29T01:00:00Z,วัดสิงห์,67,0.0,0.0,0.0,,,True
1790643600,2026-09-29T01:00:00Z,บ้านด่านลานหอย,231,0.0,0.0,0.0,,,True
1790643600,2026-09-29T01:00:00Z,เมืองชัยนาท,70,0.0,0.0,0.0,,,True
1790643600,2026-09-29T01:00:00Z,เนินขาม,65,0.0,0.0,0.0,,,True
1790643600,2026-09-29T01:00:00Z,คอนสาร,334,0.0,0.0,0.0,,,True
1790643600,2026-09-29T01:00:00Z,ภักดีชุมพล,154,0.0,0.0,0.0,,,True
1790643600,2026-09-29T01:00:00Z,บ้านแท่น,76,0.0,0.0,0.0,,,True
1790643600,2026-09-29T01:00:00Z,แก้งคร้อ,168,0.0,0.0,0.0,,,True
1790643600,2026-09-29T01:00:00Z,ภูเขียว,201,0.0,0.0,0.0,,,True
1790643600,2026-09-29T01:00:00Z,หนองบัวระเหว,179,0.0,0.0,0.0,,,True
1790643600,2026-09-29T01:00:00Z,เทพสถิต,239,0.0,0.0,0.0,,,True
1790643600,2026-09-29T01:00:00Z,จัตุรัส,172,0.0,0.0,0.0,,,True
1790643600,2026-09-29T01:00:00Z,บำเหน็จณรงค์,120,0.0,0.0,0.0,,,True
1790643600,2026-09-29T01:00:00Z,เกษตรสมบูรณ์,268,0.0,0.0,0.0,,,True
1790643600,2026-09-29T01:00:00Z,หนองบัวแดง,537,0.0,0.0,0.0,,,True
1790643600,2026-09-29T01:00:00Z,ภูเรือ,168,0.0,0.0,0.0,,,True
1790643600,2026-09-29T01:00:00Z,ท่าลี่,171,0.0,0.0,0.0,,,True
1790643600,2026-09-29T01:00:00Z,วชิรบารมี,68,0.0,0.0,0.0,,,True
1790643600,2026-09-29T01:00:00Z,ด่านซ้าย,341,0.0,0.0,0.0,,,True
1790643600,2026-09-29T01:00:00Z,นาแห้ว,153,0.0,0.0,0.0,,,True
1790643600,2026-09-29T01:00:00Z,บึงนาราง,74,0.0,0.0,0.0,,,True
1790643600,2026-09-29T01:00:00Z,เชียงคาน,213,0.0,0.0,0.0,,,True
1790643600,2026-09-29T01:00:00Z,ดงเจริญ,56,0.0,0.0,0.0,,,True
1790643600,2026-09-29T01:00:00Z,ปากชม,240,0.0,0.0,0.0,,,True
1790643600,2026-09-29T01:00:00Z,เมืองเลย,314,0.0,0.0,0.0,,,True
1790643600,2026-09-29T01:00:00Z,นาด้วง,143,0.0,0.0,0.0,,,True
1790643600,2026-09-29T01:00:00Z,สากเหล็ก,45,0.0,0.0,0.0,,,True
1790643600,2026-09-29T01:00:00Z,สามง่าม,89,0.0,0.0,0.0,,,True
1790643600,2026-09-29T01:00:00Z,ทับคล้อ,104,0.0,0.0,0.0,,,True
1790643600,2026-09-29T01:00:00Z,พรหมพิราม,206,0.0,0.0,0.0,,,True
1790643600,2026-09-29T01:00:00Z,ด่านขุนทด,344,0.0,0.0,0.0,,,True
1790643600,2026-09-29T01:00:00Z,วัดโบสถ์,226,0.0,0.0,0.0,,,True
1790643600,2026-09-29T01:00:00Z,บางระกำ,246,0.0,0.0,0.0,,,True
1790643600,2026-09-29T01:00:00Z,บางกระทุ่ม,91,0.0,0.0,0.0,,,True
1790643600,2026-09-29T01:00:00Z,นครไทย,597,0.0,0.0,0.0,,,True
1790643600,2026-09-29T01:00:00Z,ชาติตระการ,415,0.0,0.0,0.0,,,True
1790643600,2026-09-29T01:00:00Z,บ้านเหลื่อม,55,0.0,0.0,0.0,,,True
1790643600,2026-09-29T01:00:00Z,เมืองพิษณุโลก,178,0.0,0.0,0.0,,,True
1790643600,2026-09-29T01:00:00Z,ชุมแสง,145,0.0,0.0,0.0,,,True
1790643600,2026-09-29T01:00:00Z,หนองบัว,208,0.0,0.0,0.0,,,True
1790643600,2026-09-29T01:00:00Z,เมืองนครสวรรค์,183,0.0,0.0,0.0,,,True
1790643600,2026-09-29T01:00:00Z,โกรกพระ,71,0.0,0.0,0.0,,,True
1790643600,2026-09-29T01:00:00Z,ไพศาลี,244,0.0,0.0,0.0,,,True
1790643600,2026-09-29T01:00:00Z,ตาคลี,206,0.0,0.0,0.0,,,True
1790643600,2026-09-29T01:00:00Z,ท่าตะโก,211,0.0,0.0,0.0,,,True
1790643600,2026-09-29T01:00:00Z,เขาค้อ,207,0.0,0.0,0.0,,,True
1790643600,2026-09-29T01:00:00Z,บรรพตพิสัย,181,0.0,0.0,0.0,,,True
1790643600,2026-09-29T01:00:00Z,เก้าเลี้ยว,57,0.0,0.0,0.0,,,True
1790643600,2026-09-29T01:00:00Z,วังโป่ง,123,0.0,0.0,0.0,,,True
1790643600,2026-09-29T01:00:00Z,บึงสามพัน,194,0.0,0.0,0.0,,,True
1790643600,2026-09-29T01:00:00Z,น้ำหนาว,231,0.0,0.0,0.0,,,True
1790643600,2026-09-29T01:00:00Z,ศรีเทพ,204,0.0,0.0,0.0,,,True
1790643600,2026-09-29T01:00:00Z,หนองไผ่,315,0.0,0.0,0.0,,,True
1790643600,2026-09-29T01:00:00Z,มหาราช,4,0.0,0.0,0.0,,,False
1790643600,2026-09-29T01:00:00Z,บ้านแพรก,10,0.0,0.0,0.0,,,True
1790643600,2026-09-29T01:00:00Z,บางมูลนาก,99,0.0,0.0,0.0,,,True
1790643600,2026-09-29T01:00:00Z,โพทะเล,131,0.0,0.0,0.0,,,True
1790643600,2026-09-29T01:00:00Z,โพธิ์ประทับช้าง,102,0.0,0.0,0.0,,,True
1790643600,2026-09-29T01:00:00Z,ตะพานหิน,109,0.0,0.0,0.0,,,True
1790643600,2026-09-29T01:00:00Z,เมืองพิจิตร,138,0.0,0.0,0.0,,,True
1790643600,2026-09-29T01:00:00Z,วังทรายพูน,66,0.0,0.0,0.0,,,True
1790644500,2026-09-29T01:15:00Z,พิชัย,176,0.0,0.0,0.0,,,True
1790644500,2026-09-29T01:15:00Z,ลับแล,116,0.0,0.0,0.0,,,True
1790644500,2026-09-29T01:15:00Z,ฟากท่า,163,0.0,0.0,0.0,,,True
1790644500,2026-09-29T01:15:00Z,บ้านโคก,247,0.0,0.0,0.0,,,True
1790644500,2026-09-29T01:15:00Z,ท่าปลา,442,0.0,0.0,0.0,,,True
1790644500,2026-09-29T01:15:00Z,น้ำปาด,363,0.0,0.0,0.0,,,True
1790644500,2026-09-29T01:15:00Z,เมืองอุตรดิตถ์,202,0.0,0.0,0.0,,,True
1790644500,2026-09-29T01:15:00Z,ตรอน,80,0.0,0.0,0.0,,,True
1790644500,2026-09-29T01:15:00Z,หล่มเก่า,246,0.0,0.0,0.0,,,True
1790644500,2026-09-29T01:15:00Z,วิเชียรบุรี,377,0.0,0.0,0.0,,,True
1790644500,2026-09-29T01:15:00Z,ชนแดน,279,0.0,0.0,0.0,,,True
1790644500,2026-09-29T01:15:00Z,หล่มสัก,350,0.0,0.0,0.0,,,True
1790644500,2026-09-29T01:15:00Z,เมืองเพชรบูรณ์,571,0.0,0.0,0.0,,,True
1790644500,2026-09-29T01:15:00Z,ทองแสนขัน,185,0.0,0.0,0.0,,,True
1790644500,2026-09-29T01:15:00Z,บึงสามัคคี,71,0.0,0.0,0.0,,,True
1790644500,2026-09-29T01:15:00Z,โกสัมพีนคร,137,0.0,0.0,0.0,,,True
1790644500,2026-09-29T01:15:00Z,สอง,380,0.001,0.098,0.0105,,75,True
1790644500,2026-09-29T01:15:00Z,วังชิ้น,255,0.024,0.288,0.2118,30,15,True
1790644500,2026-09-29T01:15:00Z,สูงเม่น,88,0.0,0.0,0.0,,,True
1790644500,2026-09-29T01:15:00Z,เด่นชัย,135,0.0,0.0,0.0,,,True
1790644500,2026-09-29T01:15:00Z,ร้องกวาง,221,0.0,0.0,0.0,,,True
1790644500,2026-09-29T01:15:00Z,ลอง,317,0.019,0.288,0.1546,45,15,True
1790644500,2026-09-29T01:15:00Z,เมืองแพร่,205,0.0,0.0,0.0,,,True
1790644500,2026-09-29T01:15:00Z,ทัพทัน,94,0.0,0.0,0.0,,,True
1790644500,2026-09-29T01:15:00Z,สว่างอารมณ์,110,0.0,0.0,0.0,,,True
1790644500,2026-09-29T01:15:00Z,เมืองอุทัยธานี,59,0.0,0.0,0.0,,,True
1790644500,2026-09-29T01:15:00Z,ห้วยคต,94,0.0,0.0,0.0,,,True
1790644500,2026-09-29T01:15:00Z,ศรีสวัสดิ์,440,0.0,0.0,0.0,,,True
1790644500,2026-09-29T01:15:00Z,บ้านไร่,821,0.0,0.0,0.0,,,True
1790644500,2026-09-29T01:15:00Z,ลานสัก,360,0.0,0.0,0.0,,,True
1790644500,2026-09-29T01:15:00Z,หนองฉาง,89,0.0,0.0,0.0,,,True
1790644500,2026-09-29T01:15:00Z,หนองขาหย่าง,43,0.0,0.0,0.0,,,True
1790644500,2026-09-29T01:15:00Z,เชียงม่วน,82,0.0,0.0,0.0,,,True
1790644500,2026-09-29T01:15:00Z,ดอกคำใต้,37,0.0,0.0,0.0,,,True
1790644500,2026-09-29T01:15:00Z,เมืองพะเยา,6,0.0,0.0,0.0,,,True
1790644500,2026-09-29T01:15:00Z,ทองผาภูมิ,851,0.0,0.0,0.0,,,True
1790644500,2026-09-29T01:15:00Z,สังขละบุรี,793,0.0,0.0,0.0,,,True
1790644500,2026-09-29T01:15:00Z,หนองม่วงไข่,35,0.0,0.0,0.0,,,True
1790644500,2026-09-29T01:15:00Z,ภูเวียง,81,0.0,0.0,0.0,,,True
1790644500,2026-09-29T01:15:00Z,มัญจาคีรี,50,0.0,0.0,0.0,,,True
1790644500,2026-09-29T01:15:00Z,หนองปรือ,104,0.0,0.0,0.0,,,True
1790644500,2026-09-29T01:15:00Z,เลาขวัญ,123,0.0,0.0,0.0,,,True
1790644500,2026-09-29T01:15:00Z,หนองนาคำ,43,0.0,0.0,0.0,,,True
1790644500,2026-09-29T01:15:00Z,โคกโพธิ์ไชย,65,0.0,0.0,0.0,,,True
1790644500,2026-09-29T01:15:00Z,บ้านหลวง,91,0.0,0.0,0.0,,,True
1790644500,2026-09-29T01:15:00Z,นาน้อย,266,0.0,0.0,0.0,,,True
1790644500,2026-09-29T01:15:00Z,ภูผาม่าน,74,0.0,0.0,0.0,,,True
1790644500,2026-09-29T01:15:00Z,เมืองน่าน,161,0.0,0.0,0.0,,,True
1790644500,2026-09-29T01:15:00Z,แม่จริม,262,0.0,0.0,0.0,,,True
1790644500,2026-09-29T01:15:00Z,เวียงเก่า,78,0.0,0.0,0.0,,,True
1790644500,2026-09-29T01:15:00Z,เมืองกำแพงเพชร,368,0.0,0.0,0.0,,,True
1790644500,2026-09-29T01:15:00Z,ไทรงาม,133,0.0,0.0,0.0,,,True
1790644500,2026-09-29T01:15:00Z,ปางศิลาทอง,186,0.0,0.0,0.0,,,True
1790644500,2026-09-29T01:15:00Z,ลานกระบือ,103,0.0,0.0,0.0,,,True
1790644500,2026-09-29T01:15:00Z,ทรายทองวัฒนา,53,0.0,0.0,0.0,,,True
1790644500,2026-09-29T01:15:00Z,คลองขลุง,179,0.0,0.0,0.0,,,True
1790644500,2026-09-29T01:15:00Z,พรานกระต่าย,252,0.0,0.0,0.0,,,True
1790644500,2026-09-29T01:15:00Z,คลองลาน,363,0.0,0.0,0.0,,,True
1790644500,2026-09-29T01:15:00Z,ขาณุวรลักษบุรี,296,0.0,0.0,0.0,,,True
1790644500,2026-09-29T01:15:00Z,ภูเพียง,113,0.0,0.0,0.0,,,True
1790644500,2026-09-29T01:15:00Z,นาหมื่น,245,0.0,0.0,0.0,,,True
1790644500,2026-09-29T01:15:00Z,เวียงสา,543,0.0,0.0,0.0,,,True
1790644500,2026-09-29T01:15:00Z,น้ำโสม,153,0.0,0.0,0.0,,,True
1790644500,2026-09-29T01:15:00Z,นายูง,126,0.0,0.0,0.0,,,True
1790644500,2026-09-29T01:15:00Z,ชุมแพ,173,0.0,0.0,0.0,,,True
1790644500,2026-09-29T01:15:00Z,สีชมพู,132,0.0,0.0,0.0,,,True
1790644500,2026-09-29T01:15:00Z,สุวรรณคูหา,140,0.0,0.0,0.0,,,True
1790644500,2026-09-29T01:15:00Z,นาวัง,65,0.0,0.0,0.0,,,True
1790644500,2026-09-29T01:15:00Z,หนองเรือ,80,0.0,0.0,0.0,,,True
1790644500,2026-09-29T01:15:00Z,โนนสัง,51,0.0,0.0,0.0,,,True
1790644500,2026-09-29T01:15:00Z,ศรีบุญเรือง,224,0.0,0.0,0.0,,,True
1790644500,2026-09-29T01:15:00Z,เมืองหนองบัวลำภู,217,0.0,0.0,0.0,,,True
1790644500,2026-09-29T01:15:00Z,นากลาง,173,0.0,0.0,0.0,,,True
1790644500,2026-09-29T01:15:00Z,ทุ่งเสลี่ยม,144,0.0,0.0,0.0,,,True
1790644500,2026-09-29T01:15:00Z,ดอยหล่อ,56,0.0,0.0,0.0,,,True
1790644500,2026-09-29T01:15:00Z,เมืองตาก,486,0.0,0.0,0.0,,,True
1790644500,2026-09-29T01:15:00Z,แม่ออน,116,0.0,0.0,0.0,,,True
1790644500,2026-09-29T01:15:00Z,อุ้มผาง,1209,0.0,0.0,0.0,,,True
1790644500,2026-09-29T01:15:00Z,วังเจ้า,183,0.0,0.0,0.0,,,True
1790644500,2026-09-29T01:15:00Z,แม่สอด,398,0.0,0.0,0.0,,,True
1790644500,2026-09-29T01:15:00Z,พบพระ,249,0.0,0.0,0.0,,,True
1790644500,2026-09-29T01:15:00Z,แม่ระมาด,380,0.0,0.0,0.0,,,True
1790644500,2026-09-29T01:15:00Z,ท่าสองยาง,401,0.0,0.0,0.0,,,True
1790644500,2026-09-29T01:15:00Z,บ้านตาก,255,0.0,0.0,0.0,,,True
1790644500,2026-09-29T01:15:00Z,สามเงา,698,0.0,0.0,0.0,,,True
1790644500,2026-09-29T01:15:00Z,จอมทอง,280,0.0,0.0,0.0,,,True
1790644500,2026-09-29T01:15:00Z,แก้งสนามนาง,79,0.0,0.0,0.0,,,True
1790644500,2026-09-29T01:15:00Z,สีคิ้ว,292,0.0,0.0,0.0,,,True
1790644500,2026-09-29T01:15:00Z,พระทองคำ,90,0.0,0.0,0.0,,,True
1790644500,2026-09-29T01:15:00Z,เทพารักษ์,92,0.0,0.0,0.0,,,True
1790644500,2026-09-29T01:15:00Z,สันกำแพง,65,0.0,0.0,0.0,,,True
1790644500,2026-09-29T01:15:00Z,สันป่าตอง,44,0.0,0.0,0.0,,,True
1790644500,2026-09-29T01:15:00Z,ดอยเต่า,213,0.0,0.0,0.0,,,True
1790644500,2026-09-29T01:15:00Z,อมก๋อย,704,0.0,0.0,0.0,,,True
1790644500,2026-09-29T01:15:00Z,ฮอด,378,0.0,0.0,0.0,,,True
1790644500,2026-09-29T01:15:00Z,เมืองลำพูน,117,0.004,0.098,0.0427,,15,True
1790644500,2026-09-29T01:15:00Z,แม่ทา,192,0.002,0.098,0.0208,,15,True
1790644500,2026-09-29T01:15:00Z,บ้านธิ,34,0.0,0.0,0.0,,,True
1790644500,2026-09-29T01:15:00Z,บ้านหมอ,24,0.0,0.0,0.0,,,True
1790644500,2026-09-29T01:15:00Z,เวียงหนองล่อง,14,0.0,0.0,0.0,,,True
1790644500,2026-09-29T01:15:00Z,ทุ่งหัวช้าง,113,0.0,0.0,0.0,,,True
1790644500,2026-09-29T01:15:00Z,ป่าซาง,74,0.004,0.098,0.0405,,15,True
1790644500,2026-09-29T01:15:00Z,บ้านโฮ่ง,124,0.0,0.0,0.0,,,True
1790644500,2026-09-29T01:15:00Z,แก่งคอย,73,0.0,0.0,0.0,,,True
1790644500,2026-09-29T01:15:00Z,ลี้,454,0.0,0.0,0.0,,,True
1790644500,2026-09-29T01:15:00Z,พระพุทธบาท,55,0.0,0.0,0.0,,,True
1790644500,2026-09-29T01:15:00Z,ดอนพุด,7,0.0,0.0,0.0,,,True
1790644500,2026-09-29T01:15:00Z,หนองโดน,31,0.0,0.0,0.0,,,True
1790644500,2026-09-29T01:15:00Z,เมืองลำปาง,300,0.015,0.299,0.0967,,15,True
1790644500,2026-09-29T01:15:00Z,เถิน,443,0.0,0.0,0.0,,,True
1790644500,2026-09-29T01:15:00Z,แม่พริก,167,0.0,0.0,0.0,,,True
1790644500,2026-09-29T01:15:00Z,แจ้ห่ม,274,0.005,0.201,0.0365,,60,True
1790644500,2026-09-29T01:15:00Z,แม่เปิน,85,0.0,0.0,0.0,,,True
1790644500,2026-09-29T01:15:00Z,เสริมงาม,185,0.0,0.0,0.0,,,True
1790644500,2026-09-29T01:15:00Z,ชุมตาบง,61,0.0,0.0,0.0,,,True
1790644500,2026-09-29T01:15:00Z,งาว,344,0.014,0.201,0.1163,120,60,True
1790644500,2026-09-29T01:15:00Z,ตากฟ้า,125,0.0,0.0,0.0,,,True
1790644500,2026-09-29T01:15:00Z,แม่เมาะ,283,0.049,0.299,0.371,75,15,True
1790644500,2026-09-29T01:15:00Z,แม่วงก์,257,0.0,0.0,0.0,,,True
1790644500,2026-09-29T01:15:00Z,เกาะคา,128,0.0,0.0,0.0,,,True
1790644500,2026-09-29T01:15:00Z,พยุหะคีรี,169,0.0,0.0,0.0,,,True
1790644500,2026-09-29T01:15:00Z,ลาดยาว,187,0.0,0.0,0.0,,,True
1790644500,2026-09-29T01:15:00Z,สบปราบ,125,0.0,0.0,0.0,,,True
1790644500,2026-09-29T01:15:00Z,ห้างฉัตร,154,0.0,0.0,0.0,,,True
1790644500,2026-09-29T01:15:00Z,แม่ทะ,203,0.026,0.299,0.2217,60,15,True
1790644500,2026-09-29T01:15:00Z,เมืองปาน,202,0.0,0.0,0.0,,,True
1790644500,2026-09-29T01:15:00Z,เมืองอ่างทอง,6,0.0,0.0,0.0,,,True
1790644500,2026-09-29T01:15:00Z,ไชโย,20,0.0,0.0,0.0,,,True
1790644500,2026-09-29T01:15:00Z,สามโก้,10,0.0,0.0,0.0,,,True
1790644500,2026-09-29T01:15:00Z,แสวงหา,43,0.0,0.0,0.0,,,True
1790644500,2026-09-29T01:15:00Z,วิเศษชัยชาญ,7,0.0,0.0,0.0,,,True
1790644500,2026-09-29T01:15:00Z,โพธิ์ทอง,48,0.0,0.0,0.0,,,True
1790644500,2026-09-29T01:15:00Z,เมืองลพบุรี,190,0.0,0.0,0.0,,,True
1790644500,2026-09-29T01:15:00Z,เดิมบางนางบวช,130,0.0,0.0,0.0,,,True
1790644500,2026-09-29T01:15:00Z,ด่านช้าง,309,0.0,0.0,0.0,,,True
1790644500,2026-09-29T01:15:00Z,หนองม่วง,111,0.0,0.0,0.0,,,True
1790644500,2026-09-29T01:15:00Z,ลำสนธิ,136,0.0,0.0,0.0,,,True
1790644500,2026-09-29T01:15:00Z,สามชุก,77,0.0,0.0,0.0,,,True
1790644500,2026-09-29T01:15:00Z,ดอนเจดีย์,72,0.0,0.0,0.0,,,True
1790644500,2026-09-29T01:15:00Z,สระโบสถ์,83,0.0,0.0,0.0,,,True
1790644500,2026-09-29T01:15:00Z,ศรีประจันต์,41,0.0,0.0,0.0,,,True
1790644500,2026-09-29T01:15:00Z,โคกเจริญ,135,0.0,0.0,0.0,,,True
1790644500,2026-09-29T01:15:00Z,บ้านหมี่,136,0.0,0.0,0.0,,,True
1790644500,2026-09-29T01:15:00Z,ท่าหลวง,100,0.0,0.0,0.0,,,True
1790644500,2026-09-29T01:15:00Z,ชัยบาดาล,280,0.0,0.0,0.0,,,True
1790644500,2026-09-29T01:15:00Z,ท่าวุ้ง,64,0.0,0.0,0.0,,,True
1790644500,2026-09-29T01:15:00Z,พัฒนานิคม,217,0.0,0.0,0.0,,,True
1790644500,2026-09-29T01:15:00Z,โคกสำโรง,180,0.0,0.0,0.0,,,True
1790644500,2026-09-29T01:15:00Z,หนองหญ้าไซ,108,0.0,0.0,0.0,,,True
1790644500,2026-09-29T01:15:00Z,ท่าช้าง,11,0.0,0.0,0.0,,,True
1790644500,2026-09-29T01:15:00Z,อินทร์บุรี,66,0.0,0.0,0.0,,,True
1790644500,2026-09-29T01:15:00Z,ค่ายบางระจัน,26,0.0,0.0,0.0,,,True
1790644500,2026-09-29T01:15:00Z,พรหมบุรี,19,0.0,0.0,0.0,,,True
1790644500,2026-09-29T01:15:00Z,เนินสง่า,65,0.0,0.0,0.0,,,True
1790644500,2026-09-29T01:15:00Z,เมืองสิงห์บุรี,31,0.0,0.0,0.0,,,True
1790644500,2026-09-29T01:15:00Z,ซับใหญ่,72,0.0,0.0,0.0,,,True
1790644500,2026-09-29T01:15:00Z,บางระจัน,46,0.0,0.0,0.0,,,True
1790644500,2026-09-29T01:15:00Z,ภูกระดึง,190,0.0,0.0,0.0,,,True
1790644500,2026-09-29T01:15:00Z,ภูหลวง,145,0.0,0.0,0.0,,,True
1790644500,2026-09-29T01:15:00Z,หนองหิน,78,0.0,0.0,0.0,,,True
1790644500,2026-09-29T01:15:00Z,ผาขาว,100,0.0,0.0,0.0,,,True
1790644500,2026-09-29T01:15:00Z,เอราวัณ,87,0.0,0.0,0.0,,,True
1790644500,2026-09-29T01:15:00Z,วังสะพุง,281,0.0,0.0,0.0,,,True
1790644500,2026-09-29T01:15:00Z,วังม่วง,70,0.0,0.0,0.0,,,True
1790644500,2026-09-29T01:15:00Z,เฉลิมพระเกียรติ,35,0.0,0.0,0.0,,,True
1790644500,2026-09-29T01:15:00Z,มวกเหล็ก,175,0.0,0.0,0.0,,,True
1790644500,2026-09-29T01:15:00Z,บ้านเขว้า,124,0.0,0.0,0.0,,,True
1790644500,2026-09-29T01:15:00Z,คอนสวรรค์,113,0.0,0.0,0.0,,,True
1790644500,2026-09-29T01:15:00Z,เมืองชัยภูมิ,358,0.0,0.0,0.0,,,True
1790644500,2026-09-29T01:15:00Z,วังทอง,425,0.0,0.0,0.0,,,True
1790644500,2026-09-29T01:15:00Z,เนินมะปราง,276,0.0,0.0,0.0,,,True
1790644500,2026-09-29T01:15:00Z,สวรรคโลก,156,0.0,0.0,0.0,,,True
1790644500,2026-09-29T01:15:00Z,ศรีนคร,46,0.0,0.0,0.0,,,True
1790644500,2026-09-29T01:15:00Z,หันคา,139,0.0,0.0,0.0,,,True
1790644500,2026-09-29T01:15:00Z,ศรีสัชนาลัย,534,0.003,0.201,0.0262,,15,True
1790644500,2026-09-29T01:15:00Z,หนองมะโมง,76,0.0,0.0,0.0,,,True
1790644500,2026-09-29T01:15:00Z,ศรีสำโรง,142,0.0,0.0,0.0,,,True
1790644500,2026-09-29T01:15:00Z,สรรพยา,55,0.0,0.0,0.0,,,True
1790644500,2026-09-29T01:15:00Z,คีรีมาศ,171,0.0,0.0,0.0,,,True
1790644500,2026-09-29T01:15:00Z,สรรคบุรี,89,0.0,0.0,0.0,,,True
1790644500,2026-09-29T01:15:00Z,กงไกรลาศ,108,0.0,0.0,0.0,,,True
1790644500,2026-09-29T01:15:00Z,มโนรมย์,66,0.0,0.0,0.0,,,True
1790644500,2026-09-29T01:15:00Z,เมืองสุโขทัย,136,0.0,0.0,0.0,,,True
1790644500,2026-09-29T01:15:00Z,วัดสิงห์,67,0.0,0.0,0.0,,,True
1790644500,2026-09-29T01:15:00Z,บ้านด่านลานหอย,231,0.0,0.0,0.0,,,True
1790644500,2026-09-29T01:15:00Z,เมืองชัยนาท,70,0.0,0.0,0.0,,,True
1790644500,2026-09-29T01:15:00Z,เนินขาม,65,0.0,0.0,0.0,,,True
1790644500,2026-09-29T01:15:00Z,คอนสาร,334,0.0,0.0,0.0,,,True
1790644500,2026-09-29T01:15:00Z,ภักดีชุมพล,154,0.0,0.0,0.0,,,True
1790644500,2026-09-29T01:15:00Z,บ้านแท่น,76,0.0,0.0,0.0,,,True
1790644500,2026-09-29T01:15:00Z,แก้งคร้อ,168,0.0,0.0,0.0,,,True
1790644500,2026-09-29T01:15:00Z,ภูเขียว,201,0.0,0.0,0.0,,,True
1790644500,2026-09-29T01:15:00Z,หนองบัวระเหว,179,0.0,0.0,0.0,,,True
1790644500,2026-09-29T01:15:00Z,เทพสถิต,239,0.0,0.0,0.0,,,True
1790644500,2026-09-29T01:15:00Z,จัตุรัส,172,0.0,0.0,0.0,,,True
1790644500,2026-09-29T01:15:00Z,บำเหน็จณรงค์,120,0.0,0.0,0.0,,,True
1790644500,2026-09-29T01:15:00Z,เกษตรสมบูรณ์,268,0.0,0.0,0.0,,,True
1790644500,2026-09-29T01:15:00Z,หนองบัวแดง,537,0.0,0.0,0.0,,,True
1790644500,2026-09-29T01:15:00Z,ภูเรือ,168,0.0,0.0,0.0,,,True
1790644500,2026-09-29T01:15:00Z,ท่าลี่,171,0.0,0.0,0.0,,,True
1790644500,2026-09-29T01:15:00Z,วชิรบารมี,68,0.0,0.0,0.0,,,True
1790644500,2026-09-29T01:15:00Z,ด่านซ้าย,341,0.0,0.0,0.0,,,True
1790644500,2026-09-29T01:15:00Z,นาแห้ว,153,0.0,0.0,0.0,,,True
1790644500,2026-09-29T01:15:00Z,บึงนาราง,74,0.0,0.0,0.0,,,True
1790644500,2026-09-29T01:15:00Z,เชียงคาน,213,0.0,0.0,0.0,,,True
1790644500,2026-09-29T01:15:00Z,ดงเจริญ,56,0.0,0.0,0.0,,,True
1790644500,2026-09-29T01:15:00Z,ปากชม,240,0.0,0.0,0.0,,,True
1790644500,2026-09-29T01:15:00Z,เมืองเลย,314,0.0,0.0,0.0,,,True
1790644500,2026-09-29T01:15:00Z,นาด้วง,143,0.0,0.0,0.0,,,True
1790644500,2026-09-29T01:15:00Z,สากเหล็ก,45,0.0,0.0,0.0,,,True
1790644500,2026-09-29T01:15:00Z,สามง่าม,89,0.0,0.0,0.0,,,True
1790644500,2026-09-29T01:15:00Z,ทับคล้อ,104,0.0,0.0,0.0,,,True
1790644500,2026-09-29T01:15:00Z,พรหมพิราม,206,0.0,0.0,0.0,,,True
1790644500,2026-09-29T01:15:00Z,ด่านขุนทด,344,0.0,0.0,0.0,,,True
1790644500,2026-09-29T01:15:00Z,วัดโบสถ์,226,0.0,0.0,0.0,,,True
1790644500,2026-09-29T01:15:00Z,บางระกำ,246,0.0,0.0,0.0,,,True
1790644500,2026-09-29T01:15:00Z,บางกระทุ่ม,91,0.0,0.0,0.0,,,True
1790644500,2026-09-29T01:15:00Z,นครไทย,597,0.0,0.0,0.0,,,True
1790644500,2026-09-29T01:15:00Z,ชาติตระการ,415,0.0,0.0,0.0,,,True
1790644500,2026-09-29T01:15:00Z,บ้านเหลื่อม,55,0.0,0.0,0.0,,,True
1790644500,2026-09-29T01:15:00Z,เมืองพิษณุโลก,178,0.0,0.0,0.0,,,True
1790644500,2026-09-29T01:15:00Z,ชุมแสง,145,0.0,0.0,0.0,,,True
1790644500,2026-09-29T01:15:00Z,หนองบัว,208,0.0,0.0,0.0,,,True
1790644500,2026-09-29T01:15:00Z,เมืองนครสวรรค์,183,0.0,0.0,0.0,,,True
1790644500,2026-09-29T01:15:00Z,โกรกพระ,71,0.0,0.0,0.0,,,True
1790644500,2026-09-29T01:15:00Z,ไพศาลี,244,0.0,0.0,0.0,,,True
1790644500,2026-09-29T01:15:00Z,ตาคลี,206,0.0,0.0,0.0,,,True
1790644500,2026-09-29T01:15:00Z,ท่าตะโก,211,0.0,0.0,0.0,,,True
1790644500,2026-09-29T01:15:00Z,เขาค้อ,207,0.0,0.0,0.0,,,True
1790644500,2026-09-29T01:15:00Z,บรรพตพิสัย,181,0.0,0.0,0.0,,,True
1790644500,2026-09-29T01:15:00Z,เก้าเลี้ยว,57,0.0,0.0,0.0,,,True
1790644500,2026-09-29T01:15:00Z,วังโป่ง,123,0.0,0.0,0.0,,,True
1790644500,2026-09-29T01:15:00Z,บึงสามพัน,194,0.0,0.0,0.0,,,True
1790644500,2026-09-29T01:15:00Z,น้ำหนาว,231,0.0,0.0,0.0,,,True
1790644500,2026-09-29T01:15:00Z,ศรีเทพ,204,0.0,0.0,0.0,,,True
1790644500,2026-09-29T01:15:00Z,หนองไผ่,315,0.0,0.0,0.0,,,True
1790644500,2026-09-29T01:15:00Z,มหาราช,4,0.0,0.0,0.0,,,False
1790644500,2026-09-29T01:15:00Z,บ้านแพรก,10,0.0,0.0,0.0,,,True
1790644500,2026-09-29T01:15:00Z,บางมูลนาก,99,0.0,0.0,0.0,,,True
1790644500,2026-09-29T01:15:00Z,โพทะเล,131,0.0,0.0,0.0,,,True
1790644500,2026-09-29T01:15:00Z,โพธิ์ประทับช้าง,102,0.0,0.0,0.0,,,True
1790644500,2026-09-29T01:15:00Z,ตะพานหิน,109,0.0,0.0,0.0,,,True
1790644500,2026-09-29T01:15:00Z,เมืองพิจิตร,138,0.0,0.0,0.0,,,True
1790644500,2026-09-29T01:15:00Z,วังทรายพูน,66,0.0,0.0,0.0,,,True
1790645400,2026-09-29T01:30:00Z,พิชัย,176,0.0,0.0,0.0,,,True
1790645400,2026-09-29T01:30:00Z,ลับแล,116,0.0,0.0,0.0,,,True
1790645400,2026-09-29T01:30:00Z,ฟากท่า,163,0.0,0.0,0.0,,,True
1790645400,2026-09-29T01:30:00Z,บ้านโคก,247,0.0,0.0,0.0,,,True
1790645400,2026-09-29T01:30:00Z,ท่าปลา,442,0.0,0.0,0.0,,,True
1790645400,2026-09-29T01:30:00Z,น้ำปาด,363,0.0,0.0,0.0,,,True
1790645400,2026-09-29T01:30:00Z,เมืองอุตรดิตถ์,202,0.0,0.0,0.0,,,True
1790645400,2026-09-29T01:30:00Z,ตรอน,80,0.0,0.0,0.0,,,True
1790645400,2026-09-29T01:30:00Z,หล่มเก่า,246,0.0,0.0,0.0,,,True
1790645400,2026-09-29T01:30:00Z,วิเชียรบุรี,377,0.0,0.0,0.0,,,True
1790645400,2026-09-29T01:30:00Z,ชนแดน,279,0.0,0.0,0.0,,,True
1790645400,2026-09-29T01:30:00Z,หล่มสัก,350,0.0,0.0,0.0,,,True
1790645400,2026-09-29T01:30:00Z,เมืองเพชรบูรณ์,571,0.0,0.0,0.0,,,True
1790645400,2026-09-29T01:30:00Z,ทองแสนขัน,185,0.0,0.0,0.0,,,True
1790645400,2026-09-29T01:30:00Z,บึงสามัคคี,71,0.0,0.0,0.0,,,True
1790645400,2026-09-29T01:30:00Z,โกสัมพีนคร,137,0.0,0.0,0.0,,,True
1790645400,2026-09-29T01:30:00Z,สอง,380,0.0,0.0,0.0,,,True
1790645400,2026-09-29T01:30:00Z,วังชิ้น,255,0.008,0.201,0.0706,,15,True
1790645400,2026-09-29T01:30:00Z,สูงเม่น,88,0.0,0.0,0.0,,,True
1790645400,2026-09-29T01:30:00Z,เด่นชัย,135,0.0,0.0,0.0,,,True
1790645400,2026-09-29T01:30:00Z,ร้องกวาง,221,0.0,0.0,0.0,,,True
1790645400,2026-09-29T01:30:00Z,ลอง,317,0.0,0.098,0.0032,,30,True
1790645400,2026-09-29T01:30:00Z,เมืองแพร่,205,0.0,0.0,0.0,,,True
1790645400,2026-09-29T01:30:00Z,ทัพทัน,94,0.0,0.0,0.0,,,True
1790645400,2026-09-29T01:30:00Z,สว่างอารมณ์,110,0.0,0.0,0.0,,,True
1790645400,2026-09-29T01:30:00Z,เมืองอุทัยธานี,59,0.0,0.0,0.0,,,True
1790645400,2026-09-29T01:30:00Z,ห้วยคต,94,0.0,0.0,0.0,,,True
1790645400,2026-09-29T01:30:00Z,ศรีสวัสดิ์,440,0.0,0.0,0.0,,,True
1790645400,2026-09-29T01:30:00Z,บ้านไร่,821,0.0,0.0,0.0,,,True
1790645400,2026-09-29T01:30:00Z,ลานสัก,360,0.0,0.0,0.0,,,True
1790645400,2026-09-29T01:30:00Z,หนองฉาง,89,0.0,0.0,0.0,,,True
1790645400,2026-09-29T01:30:00Z,หนองขาหย่าง,43,0.0,0.0,0.0,,,True
1790645400,2026-09-29T01:30:00Z,เชียงม่วน,82,0.0,0.0,0.0,,,True
1790645400,2026-09-29T01:30:00Z,ดอกคำใต้,37,0.0,0.0,0.0,,,True
1790645400,2026-09-29T01:30:00Z,เมืองพะเยา,6,0.0,0.0,0.0,,,True
1790645400,2026-09-29T01:30:00Z,ทองผาภูมิ,851,0.0,0.0,0.0,,,True
1790645400,2026-09-29T01:30:00Z,สังขละบุรี,793,0.0,0.0,0.0,,,True
1790645400,2026-09-29T01:30:00Z,หนองม่วงไข่,35,0.0,0.0,0.0,,,True
1790645400,2026-09-29T01:30:00Z,ภูเวียง,81,0.0,0.0,0.0,,,True
1790645400,2026-09-29T01:30:00Z,มัญจาคีรี,50,0.0,0.0,0.0,,,True
1790645400,2026-09-29T01:30:00Z,หนองปรือ,104,0.0,0.0,0.0,,,True
1790645400,2026-09-29T01:30:00Z,เลาขวัญ,123,0.0,0.0,0.0,,,True
1790645400,2026-09-29T01:30:00Z,หนองนาคำ,43,0.0,0.0,0.0,,,True
1790645400,2026-09-29T01:30:00Z,โคกโพธิ์ไชย,65,0.0,0.0,0.0,,,True
1790645400,2026-09-29T01:30:00Z,บ้านหลวง,91,0.0,0.0,0.0,,,True
1790645400,2026-09-29T01:30:00Z,นาน้อย,266,0.0,0.0,0.0,,,True
1790645400,2026-09-29T01:30:00Z,ภูผาม่าน,74,0.0,0.0,0.0,,,True
1790645400,2026-09-29T01:30:00Z,เมืองน่าน,161,0.0,0.0,0.0,,,True
1790645400,2026-09-29T01:30:00Z,แม่จริม,262,0.0,0.0,0.0,,,True
1790645400,2026-09-29T01:30:00Z,เวียงเก่า,78,0.0,0.0,0.0,,,True
1790645400,2026-09-29T01:30:00Z,เมืองกำแพงเพชร,368,0.0,0.0,0.0,,,True
1790645400,2026-09-29T01:30:00Z,ไทรงาม,133,0.0,0.0,0.0,,,True
1790645400,2026-09-29T01:30:00Z,ปางศิลาทอง,186,0.0,0.0,0.0,,,True
1790645400,2026-09-29T01:30:00Z,ลานกระบือ,103,0.0,0.0,0.0,,,True
1790645400,2026-09-29T01:30:00Z,ทรายทองวัฒนา,53,0.0,0.0,0.0,,,True
1790645400,2026-09-29T01:30:00Z,คลองขลุง,179,0.0,0.0,0.0,,,True
1790645400,2026-09-29T01:30:00Z,พรานกระต่าย,252,0.0,0.0,0.0,,,True
1790645400,2026-09-29T01:30:00Z,คลองลาน,363,0.0,0.0,0.0,,,True
1790645400,2026-09-29T01:30:00Z,ขาณุวรลักษบุรี,296,0.0,0.0,0.0,,,True
1790645400,2026-09-29T01:30:00Z,ภูเพียง,113,0.0,0.0,0.0,,,True
1790645400,2026-09-29T01:30:00Z,นาหมื่น,245,0.0,0.0,0.0,,,True
1790645400,2026-09-29T01:30:00Z,เวียงสา,543,0.0,0.0,0.0,,,True
1790645400,2026-09-29T01:30:00Z,น้ำโสม,153,0.0,0.0,0.0,,,True
1790645400,2026-09-29T01:30:00Z,นายูง,126,0.0,0.0,0.0,,,True
1790645400,2026-09-29T01:30:00Z,ชุมแพ,173,0.0,0.0,0.0,,,True
1790645400,2026-09-29T01:30:00Z,สีชมพู,132,0.0,0.0,0.0,,,True
1790645400,2026-09-29T01:30:00Z,สุวรรณคูหา,140,0.0,0.0,0.0,,,True
1790645400,2026-09-29T01:30:00Z,นาวัง,65,0.0,0.0,0.0,,,True
1790645400,2026-09-29T01:30:00Z,หนองเรือ,80,0.0,0.0,0.0,,,True
1790645400,2026-09-29T01:30:00Z,โนนสัง,51,0.0,0.0,0.0,,,True
1790645400,2026-09-29T01:30:00Z,ศรีบุญเรือง,224,0.0,0.0,0.0,,,True
1790645400,2026-09-29T01:30:00Z,เมืองหนองบัวลำภู,217,0.0,0.0,0.0,,,True
1790645400,2026-09-29T01:30:00Z,นากลาง,173,0.0,0.0,0.0,,,True
1790645400,2026-09-29T01:30:00Z,ทุ่งเสลี่ยม,144,0.0,0.0,0.0,,,True
1790645400,2026-09-29T01:30:00Z,ดอยหล่อ,56,0.0,0.0,0.0,,,True
1790645400,2026-09-29T01:30:00Z,เมืองตาก,486,0.0,0.0,0.0,,,True
1790645400,2026-09-29T01:30:00Z,แม่ออน,116,0.0,0.0,0.0,,,True
1790645400,2026-09-29T01:30:00Z,อุ้มผาง,1209,0.0,0.0,0.0,,,True
1790645400,2026-09-29T01:30:00Z,วังเจ้า,183,0.0,0.0,0.0,,,True
1790645400,2026-09-29T01:30:00Z,แม่สอด,398,0.0,0.0,0.0,,,True
1790645400,2026-09-29T01:30:00Z,พบพระ,249,0.0,0.0,0.0,,,True
1790645400,2026-09-29T01:30:00Z,แม่ระมาด,380,0.0,0.0,0.0,,,True
1790645400,2026-09-29T01:30:00Z,ท่าสองยาง,401,0.0,0.0,0.0,,,True
1790645400,2026-09-29T01:30:00Z,บ้านตาก,255,0.0,0.0,0.0,,,True
1790645400,2026-09-29T01:30:00Z,สามเงา,698,0.0,0.0,0.0,,,True
1790645400,2026-09-29T01:30:00Z,จอมทอง,280,0.001,0.201,0.0107,,30,True
1790645400,2026-09-29T01:30:00Z,แก้งสนามนาง,79,0.0,0.0,0.0,,,True
1790645400,2026-09-29T01:30:00Z,สีคิ้ว,292,0.0,0.0,0.0,,,True
1790645400,2026-09-29T01:30:00Z,พระทองคำ,90,0.0,0.0,0.0,,,True
1790645400,2026-09-29T01:30:00Z,เทพารักษ์,92,0.0,0.0,0.0,,,True
1790645400,2026-09-29T01:30:00Z,สันกำแพง,65,0.0,0.0,0.0,,,True
1790645400,2026-09-29T01:30:00Z,สันป่าตอง,44,0.0,0.0,0.0,,,True
1790645400,2026-09-29T01:30:00Z,ดอยเต่า,213,0.0,0.0,0.0,,,True
1790645400,2026-09-29T01:30:00Z,อมก๋อย,704,0.0,0.0,0.0,,,True
1790645400,2026-09-29T01:30:00Z,ฮอด,378,0.001,0.201,0.0079,,15,True
1790645400,2026-09-29T01:30:00Z,เมืองลำพูน,117,0.0,0.0,0.0,,,True
1790645400,2026-09-29T01:30:00Z,แม่ทา,192,0.001,0.098,0.0052,,15,True
1790645400,2026-09-29T01:30:00Z,บ้านธิ,34,0.0,0.0,0.0,,,True
1790645400,2026-09-29T01:30:00Z,บ้านหมอ,24,0.0,0.0,0.0,,,True
1790645400,2026-09-29T01:30:00Z,เวียงหนองล่อง,14,0.014,0.098,0.1429,60,60,True
1790645400,2026-09-29T01:30:00Z,ทุ่งหัวช้าง,113,0.0,0.0,0.0,,,True
1790645400,2026-09-29T01:30:00Z,ป่าซาง,74,0.001,0.098,0.0135,,60,True
1790645400,2026-09-29T01:30:00Z,บ้านโฮ่ง,124,0.005,0.201,0.0403,,45,True
1790645400,2026-09-29T01:30:00Z,แก่งคอย,73,0.0,0.0,0.0,,,True
1790645400,2026-09-29T01:30:00Z,ลี้,454,0.0,0.0,0.0,,,True
1790645400,2026-09-29T01:30:00Z,พระพุทธบาท,55,0.0,0.0,0.0,,,True
1790645400,2026-09-29T01:30:00Z,ดอนพุด,7,0.0,0.0,0.0,,,True
1790645400,2026-09-29T01:30:00Z,หนองโดน,31,0.0,0.0,0.0,,,True
1790645400,2026-09-29T01:30:00Z,เมืองลำปาง,300,0.017,0.299,0.1333,105,15,True
1790645400,2026-09-29T01:30:00Z,เถิน,443,0.0,0.0,0.0,,,True
1790645400,2026-09-29T01:30:00Z,แม่พริก,167,0.0,0.0,0.0,,,True
1790645400,2026-09-29T01:30:00Z,แจ้ห่ม,274,0.007,0.294,0.0511,,45,True
1790645400,2026-09-29T01:30:00Z,แม่เปิน,85,0.0,0.0,0.0,,,True
1790645400,2026-09-29T01:30:00Z,เสริมงาม,185,0.0,0.0,0.0,,,True
1790645400,2026-09-29T01:30:00Z,ชุมตาบง,61,0.0,0.0,0.0,,,True
1790645400,2026-09-29T01:30:00Z,งาว,344,0.001,0.098,0.0116,,75,True
1790645400,2026-09-29T01:30:00Z,ตากฟ้า,125,0.0,0.0,0.0,,,True
1790645400,2026-09-29T01:30:00Z,แม่เมาะ,283,0.009,0.201,0.0813,,60,True
1790645400,2026-09-29T01:30:00Z,แม่วงก์,257,0.0,0.0,0.0,,,True
1790645400,2026-09-29T01:30:00Z,เกาะคา,128,0.0,0.0,0.0,,,True
1790645400,2026-09-29T01:30:00Z,พยุหะคีรี,169,0.0,0.0,0.0,,,True
1790645400,2026-09-29T01:30:00Z,ลาดยาว,187,0.0,0.0,0.0,,,True
1790645400,2026-09-29T01:30:00Z,สบปราบ,125,0.0,0.0,0.0,,,True
1790645400,2026-09-29T01:30:00Z,ห้างฉัตร,154,0.0,0.0,0.0,,,True
1790645400,2026-09-29T01:30:00Z,แม่ทะ,203,0.024,0.299,0.202,45,15,True
1790645400,2026-09-29T01:30:00Z,เมืองปาน,202,0.0,0.0,0.0,,,True
1790645400,2026-09-29T01:30:00Z,เมืองอ่างทอง,6,0.0,0.0,0.0,,,True
1790645400,2026-09-29T01:30:00Z,ไชโย,20,0.0,0.0,0.0,,,True
1790645400,2026-09-29T01:30:00Z,สามโก้,10,0.0,0.0,0.0,,,True
1790645400,2026-09-29T01:30:00Z,แสวงหา,43,0.0,0.0,0.0,,,True
1790645400,2026-09-29T01:30:00Z,วิเศษชัยชาญ,7,0.0,0.0,0.0,,,True
1790645400,2026-09-29T01:30:00Z,โพธิ์ทอง,48,0.0,0.0,0.0,,,True
1790645400,2026-09-29T01:30:00Z,เมืองลพบุรี,190,0.0,0.0,0.0,,,True
1790645400,2026-09-29T01:30:00Z,เดิมบางนางบวช,130,0.0,0.0,0.0,,,True
1790645400,2026-09-29T01:30:00Z,ด่านช้าง,309,0.0,0.0,0.0,,,True
1790645400,2026-09-29T01:30:00Z,หนองม่วง,111,0.0,0.0,0.0,,,True
1790645400,2026-09-29T01:30:00Z,ลำสนธิ,136,0.0,0.0,0.0,,,True
1790645400,2026-09-29T01:30:00Z,สามชุก,77,0.0,0.0,0.0,,,True
1790645400,2026-09-29T01:30:00Z,ดอนเจดีย์,72,0.0,0.0,0.0,,,True
1790645400,2026-09-29T01:30:00Z,สระโบสถ์,83,0.0,0.0,0.0,,,True
1790645400,2026-09-29T01:30:00Z,ศรีประจันต์,41,0.0,0.0,0.0,,,True
1790645400,2026-09-29T01:30:00Z,โคกเจริญ,135,0.0,0.0,0.0,,,True
1790645400,2026-09-29T01:30:00Z,บ้านหมี่,136,0.0,0.0,0.0,,,True
1790645400,2026-09-29T01:30:00Z,ท่าหลวง,100,0.0,0.0,0.0,,,True
1790645400,2026-09-29T01:30:00Z,ชัยบาดาล,280,0.0,0.0,0.0,,,True
1790645400,2026-09-29T01:30:00Z,ท่าวุ้ง,64,0.0,0.0,0.0,,,True
1790645400,2026-09-29T01:30:00Z,พัฒนานิคม,217,0.0,0.0,0.0,,,True
1790645400,2026-09-29T01:30:00Z,โคกสำโรง,180,0.0,0.0,0.0,,,True
1790645400,2026-09-29T01:30:00Z,หนองหญ้าไซ,108,0.0,0.0,0.0,,,True
1790645400,2026-09-29T01:30:00Z,ท่าช้าง,11,0.0,0.0,0.0,,,True
1790645400,2026-09-29T01:30:00Z,อินทร์บุรี,66,0.0,0.0,0.0,,,True
1790645400,2026-09-29T01:30:00Z,ค่ายบางระจัน,26,0.0,0.0,0.0,,,True
1790645400,2026-09-29T01:30:00Z,พรหมบุรี,19,0.0,0.0,0.0,,,True
1790645400,2026-09-29T01:30:00Z,เนินสง่า,65,0.0,0.0,0.0,,,True
1790645400,2026-09-29T01:30:00Z,เมืองสิงห์บุรี,31,0.0,0.0,0.0,,,True
1790645400,2026-09-29T01:30:00Z,ซับใหญ่,72,0.0,0.0,0.0,,,True
1790645400,2026-09-29T01:30:00Z,บางระจัน,46,0.0,0.0,0.0,,,True
1790645400,2026-09-29T01:30:00Z,ภูกระดึง,190,0.0,0.0,0.0,,,True
1790645400,2026-09-29T01:30:00Z,ภูหลวง,145,0.0,0.0,0.0,,,True
1790645400,2026-09-29T01:30:00Z,หนองหิน,78,0.0,0.0,0.0,,,True
1790645400,2026-09-29T01:30:00Z,ผาขาว,100,0.0,0.0,0.0,,,True
1790645400,2026-09-29T01:30:00Z,เอราวัณ,87,0.0,0.0,0.0,,,True
1790645400,2026-09-29T01:30:00Z,วังสะพุง,281,0.0,0.0,0.0,,,True
1790645400,2026-09-29T01:30:00Z,วังม่วง,70,0.0,0.0,0.0,,,True
1790645400,2026-09-29T01:30:00Z,เฉลิมพระเกียรติ,35,0.0,0.0,0.0,,,True
1790645400,2026-09-29T01:30:00Z,มวกเหล็ก,175,0.0,0.0,0.0,,,True
1790645400,2026-09-29T01:30:00Z,บ้านเขว้า,124,0.0,0.0,0.0,,,True
1790645400,2026-09-29T01:30:00Z,คอนสวรรค์,113,0.0,0.0,0.0,,,True
1790645400,2026-09-29T01:30:00Z,เมืองชัยภูมิ,358,0.0,0.0,0.0,,,True
1790645400,2026-09-29T01:30:00Z,วังทอง,425,0.0,0.0,0.0,,,True
1790645400,2026-09-29T01:30:00Z,เนินมะปราง,276,0.0,0.0,0.0,,,True
1790645400,2026-09-29T01:30:00Z,สวรรคโลก,156,0.0,0.0,0.0,,,True
1790645400,2026-09-29T01:30:00Z,ศรีนคร,46,0.0,0.0,0.0,,,True
1790645400,2026-09-29T01:30:00Z,หันคา,139,0.0,0.0,0.0,,,True
1790645400,2026-09-29T01:30:00Z,ศรีสัชนาลัย,534,0.0,0.0,0.0,,,True
1790645400,2026-09-29T01:30:00Z,หนองมะโมง,76,0.0,0.0,0.0,,,True
1790645400,2026-09-29T01:30:00Z,ศรีสำโรง,142,0.0,0.0,0.0,,,True
1790645400,2026-09-29T01:30:00Z,สรรพยา,55,0.0,0.0,0.0,,,True
1790645400,2026-09-29T01:30:00Z,คีรีมาศ,171,0.0,0.0,0.0,,,True
1790645400,2026-09-29T01:30:00Z,สรรคบุรี,89,0.0,0.0,0.0,,,True
1790645400,2026-09-29T01:30:00Z,กงไกรลาศ,108,0.0,0.0,0.0,,,True
1790645400,2026-09-29T01:30:00Z,มโนรมย์,66,0.0,0.0,0.0,,,True
1790645400,2026-09-29T01:30:00Z,เมืองสุโขทัย,136,0.0,0.0,0.0,,,True
1790645400,2026-09-29T01:30:00Z,วัดสิงห์,67,0.0,0.0,0.0,,,True
1790645400,2026-09-29T01:30:00Z,บ้านด่านลานหอย,231,0.0,0.0,0.0,,,True
1790645400,2026-09-29T01:30:00Z,เมืองชัยนาท,70,0.0,0.0,0.0,,,True
1790645400,2026-09-29T01:30:00Z,เนินขาม,65,0.0,0.0,0.0,,,True
1790645400,2026-09-29T01:30:00Z,คอนสาร,334,0.0,0.0,0.0,,,True
1790645400,2026-09-29T01:30:00Z,ภักดีชุมพล,154,0.0,0.0,0.0,,,True
1790645400,2026-09-29T01:30:00Z,บ้านแท่น,76,0.0,0.0,0.0,,,True
1790645400,2026-09-29T01:30:00Z,แก้งคร้อ,168,0.0,0.0,0.0,,,True
1790645400,2026-09-29T01:30:00Z,ภูเขียว,201,0.0,0.0,0.0,,,True
1790645400,2026-09-29T01:30:00Z,หนองบัวระเหว,179,0.0,0.0,0.0,,,True
1790645400,2026-09-29T01:30:00Z,เทพสถิต,239,0.0,0.0,0.0,,,True
1790645400,2026-09-29T01:30:00Z,จัตุรัส,172,0.0,0.0,0.0,,,True
1790645400,2026-09-29T01:30:00Z,บำเหน็จณรงค์,120,0.0,0.0,0.0,,,True
1790645400,2026-09-29T01:30:00Z,เกษตรสมบูรณ์,268,0.0,0.0,0.0,,,True
1790645400,2026-09-29T01:30:00Z,หนองบัวแดง,537,0.0,0.0,0.0,,,True
1790645400,2026-09-29T01:30:00Z,ภูเรือ,168,0.0,0.0,0.0,,,True
1790645400,2026-09-29T01:30:00Z,ท่าลี่,171,0.0,0.0,0.0,,,True
1790645400,2026-09-29T01:30:00Z,วชิรบารมี,68,0.0,0.0,0.0,,,True
1790645400,2026-09-29T01:30:00Z,ด่านซ้าย,341,0.0,0.0,0.0,,,True
1790645400,2026-09-29T01:30:00Z,นาแห้ว,153,0.0,0.0,0.0,,,True
1790645400,2026-09-29T01:30:00Z,บึงนาราง,74,0.0,0.0,0.0,,,True
1790645400,2026-09-29T01:30:00Z,เชียงคาน,213,0.0,0.0,0.0,,,True
1790645400,2026-09-29T01:30:00Z,ดงเจริญ,56,0.0,0.0,0.0,,,True
1790645400,2026-09-29T01:30:00Z,ปากชม,240,0.0,0.0,0.0,,,True
1790645400,2026-09-29T01:30:00Z,เมืองเลย,314,0.0,0.0,0.0,,,True
1790645400,2026-09-29T01:30:00Z,นาด้วง,143,0.0,0.0,0.0,,,True
1790645400,2026-09-29T01:30:00Z,สากเหล็ก,45,0.0,0.0,0.0,,,True
1790645400,2026-09-29T01:30:00Z,สามง่าม,89,0.0,0.0,0.0,,,True
1790645400,2026-09-29T01:30:00Z,ทับคล้อ,104,0.0,0.0,0.0,,,True
1790645400,2026-09-29T01:30:00Z,พรหมพิราม,206,0.0,0.0,0.0,,,True
1790645400,2026-09-29T01:30:00Z,ด่านขุนทด,344,0.0,0.0,0.0,,,True
1790645400,2026-09-29T01:30:00Z,วัดโบสถ์,226,0.0,0.0,0.0,,,True
1790645400,2026-09-29T01:30:00Z,บางระกำ,246,0.0,0.0,0.0,,,True
1790645400,2026-09-29T01:30:00Z,บางกระทุ่ม,91,0.0,0.0,0.0,,,True
1790645400,2026-09-29T01:30:00Z,นครไทย,597,0.0,0.0,0.0,,,True
1790645400,2026-09-29T01:30:00Z,ชาติตระการ,415,0.0,0.0,0.0,,,True
1790645400,2026-09-29T01:30:00Z,บ้านเหลื่อม,55,0.0,0.0,0.0,,,True
1790645400,2026-09-29T01:30:00Z,เมืองพิษณุโลก,178,0.0,0.0,0.0,,,True
1790645400,2026-09-29T01:30:00Z,ชุมแสง,145,0.0,0.0,0.0,,,True
1790645400,2026-09-29T01:30:00Z,หนองบัว,208,0.0,0.0,0.0,,,True
1790645400,2026-09-29T01:30:00Z,เมืองนครสวรรค์,183,0.0,0.0,0.0,,,True
1790645400,2026-09-29T01:30:00Z,โกรกพระ,71,0.0,0.0,0.0,,,True
1790645400,2026-09-29T01:30:00Z,ไพศาลี,244,0.0,0.0,0.0,,,True
1790645400,2026-09-29T01:30:00Z,ตาคลี,206,0.0,0.0,0.0,,,True
1790645400,2026-09-29T01:30:00Z,ท่าตะโก,211,0.0,0.0,0.0,,,True
1790645400,2026-09-29T01:30:00Z,เขาค้อ,207,0.0,0.0,0.0,,,True
1790645400,2026-09-29T01:30:00Z,บรรพตพิสัย,181,0.0,0.0,0.0,,,True
1790645400,2026-09-29T01:30:00Z,เก้าเลี้ยว,57,0.0,0.0,0.0,,,True
1790645400,2026-09-29T01:30:00Z,วังโป่ง,123,0.0,0.0,0.0,,,True
1790645400,2026-09-29T01:30:00Z,บึงสามพัน,194,0.0,0.0,0.0,,,True
1790645400,2026-09-29T01:30:00Z,น้ำหนาว,231,0.0,0.0,0.0,,,True
1790645400,2026-09-29T01:30:00Z,ศรีเทพ,204,0.0,0.0,0.0,,,True
1790645400,2026-09-29T01:30:00Z,หนองไผ่,315,0.0,0.0,0.0,,,True
1790645400,2026-09-29T01:30:00Z,มหาราช,4,0.0,0.0,0.0,,,False
1790645400,2026-09-29T01:30:00Z,บ้านแพรก,10,0.0,0.0,0.0,,,True
1790645400,2026-09-29T01:30:00Z,บางมูลนาก,99,0.0,0.0,0.0,,,True
1790645400,2026-09-29T01:30:00Z,โพทะเล,131,0.0,0.0,0.0,,,True
1790645400,2026-09-29T01:30:00Z,โพธิ์ประทับช้าง,102,0.0,0.0,0.0,,,True
1790645400,2026-09-29T01:30:00Z,ตะพานหิน,109,0.0,0.0,0.0,,,True
1790645400,2026-09-29T01:30:00Z,เมืองพิจิตร,138,0.0,0.0,0.0,,,True
1790645400,2026-09-29T01:30:00Z,วังทรายพูน,66,0.0,0.0,0.0,,,True
1790646300,2026-09-29T01:45:00Z,พิชัย,176,0.0,0.0,0.0,,,True
1790646300,2026-09-29T01:45:00Z,ลับแล,116,0.0,0.0,0.0,,,True
1790646300,2026-09-29T01:45:00Z,ฟากท่า,163,0.0,0.0,0.0,,,True
1790646300,2026-09-29T01:45:00Z,บ้านโคก,247,0.0,0.0,0.0,,,True
1790646300,2026-09-29T01:45:00Z,ท่าปลา,442,0.0,0.0,0.0,,,True
1790646300,2026-09-29T01:45:00Z,น้ำปาด,363,0.0,0.0,0.0,,,True
1790646300,2026-09-29T01:45:00Z,เมืองอุตรดิตถ์,202,0.0,0.0,0.0,,,True
1790646300,2026-09-29T01:45:00Z,ตรอน,80,0.0,0.0,0.0,,,True
1790646300,2026-09-29T01:45:00Z,หล่มเก่า,246,0.0,0.0,0.0,,,True
1790646300,2026-09-29T01:45:00Z,วิเชียรบุรี,377,0.0,0.0,0.0,,,True
1790646300,2026-09-29T01:45:00Z,ชนแดน,279,0.0,0.0,0.0,,,True
1790646300,2026-09-29T01:45:00Z,หล่มสัก,350,0.0,0.0,0.0,,,True
1790646300,2026-09-29T01:45:00Z,เมืองเพชรบูรณ์,571,0.0,0.0,0.0,,,True
1790646300,2026-09-29T01:45:00Z,ทองแสนขัน,185,0.0,0.0,0.0,,,True
1790646300,2026-09-29T01:45:00Z,บึงสามัคคี,71,0.0,0.0,0.0,,,True
1790646300,2026-09-29T01:45:00Z,โกสัมพีนคร,137,0.0,0.0,0.0,,,True
1790646300,2026-09-29T01:45:00Z,สอง,380,0.001,0.098,0.0053,,105,True
1790646300,2026-09-29T01:45:00Z,วังชิ้น,255,0.002,0.288,0.0118,,15,True
1790646300,2026-09-29T01:45:00Z,สูงเม่น,88,0.0,0.0,0.0,,,True
1790646300,2026-09-29T01:45:00Z,เด่นชัย,135,0.001,0.098,0.0074,,30,True
1790646300,2026-09-29T01:45:00Z,ร้องกวาง,221,0.0,0.0,0.0,,,True
1790646300,2026-09-29T01:45:00Z,ลอง,317,0.001,0.098,0.0095,,45,True
1790646300,2026-09-29T01:45:00Z,เมืองแพร่,205,0.0,0.0,0.0,,,True
1790646300,2026-09-29T01:45:00Z,ทัพทัน,94,0.0,0.0,0.0,,,True
1790646300,2026-09-29T01:45:00Z,สว่างอารมณ์,110,0.0,0.0,0.0,,,True
1790646300,2026-09-29T01:45:00Z,เมืองอุทัยธานี,59,0.0,0.0,0.0,,,True
1790646300,2026-09-29T01:45:00Z,ห้วยคต,94,0.0,0.0,0.0,,,True
1790646300,2026-09-29T01:45:00Z,ศรีสวัสดิ์,440,0.0,0.0,0.0,,,True
1790646300,2026-09-29T01:45:00Z,บ้านไร่,821,0.0,0.0,0.0,,,True
1790646300,2026-09-29T01:45:00Z,ลานสัก,360,0.0,0.0,0.0,,,True
1790646300,2026-09-29T01:45:00Z,หนองฉาง,89,0.0,0.0,0.0,,,True
1790646300,2026-09-29T01:45:00Z,หนองขาหย่าง,43,0.0,0.0,0.0,,,True
1790646300,2026-09-29T01:45:00Z,เชียงม่วน,82,0.0,0.0,0.0,,,True
1790646300,2026-09-29T01:45:00Z,ดอกคำใต้,37,0.0,0.0,0.0,,,True
1790646300,2026-09-29T01:45:00Z,เมืองพะเยา,6,0.0,0.0,0.0,,,True
1790646300,2026-09-29T01:45:00Z,ทองผาภูมิ,851,0.0,0.0,0.0,,,True
1790646300,2026-09-29T01:45:00Z,สังขละบุรี,793,0.0,0.0,0.0,,,True
1790646300,2026-09-29T01:45:00Z,หนองม่วงไข่,35,0.0,0.0,0.0,,,True
1790646300,2026-09-29T01:45:00Z,ภูเวียง,81,0.0,0.0,0.0,,,True
1790646300,2026-09-29T01:45:00Z,มัญจาคีรี,50,0.0,0.0,0.0,,,True
1790646300,2026-09-29T01:45:00Z,หนองปรือ,104,0.0,0.0,0.0,,,True
1790646300,2026-09-29T01:45:00Z,เลาขวัญ,123,0.0,0.0,0.0,,,True
1790646300,2026-09-29T01:45:00Z,หนองนาคำ,43,0.0,0.0,0.0,,,True
1790646300,2026-09-29T01:45:00Z,โคกโพธิ์ไชย,65,0.0,0.0,0.0,,,True
1790646300,2026-09-29T01:45:00Z,บ้านหลวง,91,0.0,0.0,0.0,,,True
1790646300,2026-09-29T01:45:00Z,นาน้อย,266,0.0,0.0,0.0,,,True
1790646300,2026-09-29T01:45:00Z,ภูผาม่าน,74,0.0,0.0,0.0,,,True
1790646300,2026-09-29T01:45:00Z,เมืองน่าน,161,0.0,0.0,0.0,,,True
1790646300,2026-09-29T01:45:00Z,แม่จริม,262,0.0,0.0,0.0,,,True
1790646300,2026-09-29T01:45:00Z,เวียงเก่า,78,0.0,0.0,0.0,,,True
1790646300,2026-09-29T01:45:00Z,เมืองกำแพงเพชร,368,0.0,0.0,0.0,,,True
1790646300,2026-09-29T01:45:00Z,ไทรงาม,133,0.0,0.0,0.0,,,True
1790646300,2026-09-29T01:45:00Z,ปางศิลาทอง,186,0.0,0.0,0.0,,,True
1790646300,2026-09-29T01:45:00Z,ลานกระบือ,103,0.0,0.0,0.0,,,True
1790646300,2026-09-29T01:45:00Z,ทรายทองวัฒนา,53,0.0,0.0,0.0,,,True
1790646300,2026-09-29T01:45:00Z,คลองขลุง,179,0.0,0.0,0.0,,,True
1790646300,2026-09-29T01:45:00Z,พรานกระต่าย,252,0.0,0.0,0.0,,,True
1790646300,2026-09-29T01:45:00Z,คลองลาน,363,0.0,0.0,0.0,,,True
1790646300,2026-09-29T01:45:00Z,ขาณุวรลักษบุรี,296,0.0,0.0,0.0,,,True
1790646300,2026-09-29T01:45:00Z,ภูเพียง,113,0.0,0.0,0.0,,,True
1790646300,2026-09-29T01:45:00Z,นาหมื่น,245,0.0,0.0,0.0,,,True
1790646300,2026-09-29T01:45:00Z,เวียงสา,543,0.0,0.0,0.0,,,True
1790646300,2026-09-29T01:45:00Z,น้ำโสม,153,0.0,0.0,0.0,,,True
1790646300,2026-09-29T01:45:00Z,นายูง,126,0.0,0.0,0.0,,,True
1790646300,2026-09-29T01:45:00Z,ชุมแพ,173,0.0,0.0,0.0,,,True
1790646300,2026-09-29T01:45:00Z,สีชมพู,132,0.0,0.0,0.0,,,True
1790646300,2026-09-29T01:45:00Z,สุวรรณคูหา,140,0.0,0.0,0.0,,,True
1790646300,2026-09-29T01:45:00Z,นาวัง,65,0.0,0.0,0.0,,,True
1790646300,2026-09-29T01:45:00Z,หนองเรือ,80,0.0,0.0,0.0,,,True
1790646300,2026-09-29T01:45:00Z,โนนสัง,51,0.0,0.0,0.0,,,True
1790646300,2026-09-29T01:45:00Z,ศรีบุญเรือง,224,0.0,0.0,0.0,,,True
1790646300,2026-09-29T01:45:00Z,เมืองหนองบัวลำภู,217,0.0,0.0,0.0,,,True
1790646300,2026-09-29T01:45:00Z,นากลาง,173,0.0,0.0,0.0,,,True
1790646300,2026-09-29T01:45:00Z,ทุ่งเสลี่ยม,144,0.0,0.0,0.0,,,True
1790646300,2026-09-29T01:45:00Z,ดอยหล่อ,56,0.0,0.0,0.0,,,True
1790646300,2026-09-29T01:45:00Z,เมืองตาก,486,0.0,0.0,0.0,,,True
1790646300,2026-09-29T01:45:00Z,แม่ออน,116,0.0,0.0,0.0,,,True
1790646300,2026-09-29T01:45:00Z,อุ้มผาง,1209,0.0,0.0,0.0,,,True
1790646300,2026-09-29T01:45:00Z,วังเจ้า,183,0.0,0.0,0.0,,,True
1790646300,2026-09-29T01:45:00Z,แม่สอด,398,0.0,0.0,0.0,,,True
1790646300,2026-09-29T01:45:00Z,พบพระ,249,0.0,0.0,0.0,,,True
1790646300,2026-09-29T01:45:00Z,แม่ระมาด,380,0.0,0.0,0.0,,,True
1790646300,2026-09-29T01:45:00Z,ท่าสองยาง,401,0.0,0.098,0.0025,,15,True
1790646300,2026-09-29T01:45:00Z,บ้านตาก,255,0.0,0.0,0.0,,,True
1790646300,2026-09-29T01:45:00Z,สามเงา,698,0.001,0.098,0.0072,,75,True
1790646300,2026-09-29T01:45:00Z,จอมทอง,280,0.002,0.098,0.0214,,15,True
1790646300,2026-09-29T01:45:00Z,แก้งสนามนาง,79,0.0,0.0,0.0,,,True
1790646300,2026-09-29T01:45:00Z,สีคิ้ว,292,0.0,0.0,0.0,,,True
1790646300,2026-09-29T01:45:00Z,พระทองคำ,90,0.0,0.0,0.0,,,True
1790646300,2026-09-29T01:45:00Z,เทพารักษ์,92,0.0,0.0,0.0,,,True
1790646300,2026-09-29T01:45:00Z,สันกำแพง,65,0.0,0.0,0.0,,,True
1790646300,2026-09-29T01:45:00Z,สันป่าตอง,44,0.0,0.0,0.0,,,True
1790646300,2026-09-29T01:45:00Z,ดอยเต่า,213,0.004,0.098,0.0376,,15,True
1790646300,2026-09-29T01:45:00Z,อมก๋อย,704,0.003,0.098,0.0312,,15,True
1790646300,2026-09-29T01:45:00Z,ฮอด,378,0.001,0.098,0.0106,,30,True
1790646300,2026-09-29T01:45:00Z,เมืองลำพูน,117,0.0,0.0,0.0,,,True
1790646300,2026-09-29T01:45:00Z,แม่ทา,192,0.0,0.0,0.0,,,True
1790646300,2026-09-29T01:45:00Z,บ้านธิ,34,0.0,0.0,0.0,,,True
1790646300,2026-09-29T01:45:00Z,บ้านหมอ,24,0.0,0.0,0.0,,,True
1790646300,2026-09-29T01:45:00Z,เวียงหนองล่อง,14,0.028,0.098,0.2857,45,45,True
1790646300,2026-09-29T01:45:00Z,ทุ่งหัวช้าง,113,0.0,0.0,0.0,,,True
1790646300,2026-09-29T01:45:00Z,ป่าซาง,74,0.001,0.098,0.0135,,75,True
1790646300,2026-09-29T01:45:00Z,บ้านโฮ่ง,124,0.006,0.098,0.0565,,30,True
1790646300,2026-09-29T01:45:00Z,แก่งคอย,73,0.0,0.0,0.0,,,True
1790646300,2026-09-29T01:45:00Z,ลี้,454,0.0,0.0,0.0,,,True
1790646300,2026-09-29T01:45:00Z,พระพุทธบาท,55,0.0,0.0,0.0,,,True
1790646300,2026-09-29T01:45:00Z,ดอนพุด,7,0.0,0.0,0.0,,,True
1790646300,2026-09-29T01:45:00Z,หนองโดน,31,0.0,0.0,0.0,,,True
1790646300,2026-09-29T01:45:00Z,เมืองลำปาง,300,0.03,0.592,0.1433,90,45,True
1790646300,2026-09-29T01:45:00Z,เถิน,443,0.0,0.0,0.0,,,True
1790646300,2026-09-29T01:45:00Z,แม่พริก,167,0.0,0.0,0.0,,,True
1790646300,2026-09-29T01:45:00Z,แจ้ห่ม,274,0.008,0.592,0.0511,,105,True
1790646300,2026-09-29T01:45:00Z,แม่เปิน,85,0.0,0.0,0.0,,,True
1790646300,2026-09-29T01:45:00Z,เสริมงาม,185,0.0,0.0,0.0,,,True
1790646300,2026-09-29T01:45:00Z,ชุมตาบง,61,0.0,0.0,0.0,,,True
1790646300,2026-09-29T01:45:00Z,งาว,344,0.0,0.0,0.0,,,True
1790646300,2026-09-29T01:45:00Z,ตากฟ้า,125,0.0,0.0,0.0,,,True
1790646300,2026-09-29T01:45:00Z,แม่เมาะ,283,0.001,0.201,0.0106,,60,True
1790646300,2026-09-29T01:45:00Z,แม่วงก์,257,0.0,0.0,0.0,,,True
1790646300,2026-09-29T01:45:00Z,เกาะคา,128,0.0,0.0,0.0,,,True
1790646300,2026-09-29T01:45:00Z,พยุหะคีรี,169,0.0,0.0,0.0,,,True
1790646300,2026-09-29T01:45:00Z,ลาดยาว,187,0.0,0.0,0.0,,,True
1790646300,2026-09-29T01:45:00Z,สบปราบ,125,0.0,0.0,0.0,,,True
1790646300,2026-09-29T01:45:00Z,ห้างฉัตร,154,0.0,0.0,0.0,,,True
1790646300,2026-09-29T01:45:00Z,แม่ทะ,203,0.032,0.592,0.1823,30,15,True
1790646300,2026-09-29T01:45:00Z,เมืองปาน,202,0.0,0.0,0.0,,,True
1790646300,2026-09-29T01:45:00Z,เมืองอ่างทอง,6,0.0,0.0,0.0,,,True
1790646300,2026-09-29T01:45:00Z,ไชโย,20,0.0,0.0,0.0,,,True
1790646300,2026-09-29T01:45:00Z,สามโก้,10,0.0,0.0,0.0,,,True
1790646300,2026-09-29T01:45:00Z,แสวงหา,43,0.0,0.0,0.0,,,True
1790646300,2026-09-29T01:45:00Z,วิเศษชัยชาญ,7,0.0,0.0,0.0,,,True
1790646300,2026-09-29T01:45:00Z,โพธิ์ทอง,48,0.0,0.0,0.0,,,True
1790646300,2026-09-29T01:45:00Z,เมืองลพบุรี,190,0.0,0.0,0.0,,,True
1790646300,2026-09-29T01:45:00Z,เดิมบางนางบวช,130,0.0,0.0,0.0,,,True
1790646300,2026-09-29T01:45:00Z,ด่านช้าง,309,0.0,0.0,0.0,,,True
1790646300,2026-09-29T01:45:00Z,หนองม่วง,111,0.0,0.0,0.0,,,True
1790646300,2026-09-29T01:45:00Z,ลำสนธิ,136,0.0,0.0,0.0,,,True
1790646300,2026-09-29T01:45:00Z,สามชุก,77,0.0,0.0,0.0,,,True
1790646300,2026-09-29T01:45:00Z,ดอนเจดีย์,72,0.0,0.0,0.0,,,True
1790646300,2026-09-29T01:45:00Z,สระโบสถ์,83,0.0,0.0,0.0,,,True
1790646300,2026-09-29T01:45:00Z,ศรีประจันต์,41,0.0,0.0,0.0,,,True
1790646300,2026-09-29T01:45:00Z,โคกเจริญ,135,0.0,0.0,0.0,,,True
1790646300,2026-09-29T01:45:00Z,บ้านหมี่,136,0.0,0.0,0.0,,,True
1790646300,2026-09-29T01:45:00Z,ท่าหลวง,100,0.0,0.0,0.0,,,True
1790646300,2026-09-29T01:45:00Z,ชัยบาดาล,280,0.0,0.0,0.0,,,True
1790646300,2026-09-29T01:45:00Z,ท่าวุ้ง,64,0.0,0.0,0.0,,,True
1790646300,2026-09-29T01:45:00Z,พัฒนานิคม,217,0.0,0.0,0.0,,,True
1790646300,2026-09-29T01:45:00Z,โคกสำโรง,180,0.0,0.0,0.0,,,True
1790646300,2026-09-29T01:45:00Z,หนองหญ้าไซ,108,0.0,0.0,0.0,,,True
1790646300,2026-09-29T01:45:00Z,ท่าช้าง,11,0.0,0.0,0.0,,,True
1790646300,2026-09-29T01:45:00Z,อินทร์บุรี,66,0.0,0.0,0.0,,,True
1790646300,2026-09-29T01:45:00Z,ค่ายบางระจัน,26,0.0,0.0,0.0,,,True
1790646300,2026-09-29T01:45:00Z,พรหมบุรี,19,0.0,0.0,0.0,,,True
1790646300,2026-09-29T01:45:00Z,เนินสง่า,65,0.0,0.0,0.0,,,True
1790646300,2026-09-29T01:45:00Z,เมืองสิงห์บุรี,31,0.0,0.0,0.0,,,True
1790646300,2026-09-29T01:45:00Z,ซับใหญ่,72,0.0,0.0,0.0,,,True
1790646300,2026-09-29T01:45:00Z,บางระจัน,46,0.0,0.0,0.0,,,True
1790646300,2026-09-29T01:45:00Z,ภูกระดึง,190,0.0,0.0,0.0,,,True
1790646300,2026-09-29T01:45:00Z,ภูหลวง,145,0.0,0.0,0.0,,,True
1790646300,2026-09-29T01:45:00Z,หนองหิน,78,0.0,0.0,0.0,,,True
1790646300,2026-09-29T01:45:00Z,ผาขาว,100,0.0,0.0,0.0,,,True
1790646300,2026-09-29T01:45:00Z,เอราวัณ,87,0.0,0.0,0.0,,,True
1790646300,2026-09-29T01:45:00Z,วังสะพุง,281,0.0,0.0,0.0,,,True
1790646300,2026-09-29T01:45:00Z,วังม่วง,70,0.0,0.0,0.0,,,True
1790646300,2026-09-29T01:45:00Z,เฉลิมพระเกียรติ,35,0.0,0.0,0.0,,,True
1790646300,2026-09-29T01:45:00Z,มวกเหล็ก,175,0.0,0.0,0.0,,,True
1790646300,2026-09-29T01:45:00Z,บ้านเขว้า,124,0.0,0.0,0.0,,,True
1790646300,2026-09-29T01:45:00Z,คอนสวรรค์,113,0.0,0.0,0.0,,,True
1790646300,2026-09-29T01:45:00Z,เมืองชัยภูมิ,358,0.0,0.0,0.0,,,True
1790646300,2026-09-29T01:45:00Z,วังทอง,425,0.0,0.0,0.0,,,True
1790646300,2026-09-29T01:45:00Z,เนินมะปราง,276,0.0,0.0,0.0,,,True
1790646300,2026-09-29T01:45:00Z,สวรรคโลก,156,0.0,0.0,0.0,,,True
1790646300,2026-09-29T01:45:00Z,ศรีนคร,46,0.0,0.0,0.0,,,True
1790646300,2026-09-29T01:45:00Z,หันคา,139,0.0,0.0,0.0,,,True
1790646300,2026-09-29T01:45:00Z,ศรีสัชนาลัย,534,0.0,0.0,0.0,,,True
1790646300,2026-09-29T01:45:00Z,หนองมะโมง,76,0.0,0.0,0.0,,,True
1790646300,2026-09-29T01:45:00Z,ศรีสำโรง,142,0.0,0.0,0.0,,,True
1790646300,2026-09-29T01:45:00Z,สรรพยา,55,0.0,0.0,0.0,,,True
1790646300,2026-09-29T01:45:00Z,คีรีมาศ,171,0.0,0.0,0.0,,,True
1790646300,2026-09-29T01:45:00Z,สรรคบุรี,89,0.0,0.0,0.0,,,True
1790646300,2026-09-29T01:45:00Z,กงไกรลาศ,108,0.0,0.0,0.0,,,True
1790646300,2026-09-29T01:45:00Z,มโนรมย์,66,0.0,0.0,0.0,,,True
1790646300,2026-09-29T01:45:00Z,เมืองสุโขทัย,136,0.0,0.0,0.0,,,True
1790646300,2026-09-29T01:45:00Z,วัดสิงห์,67,0.0,0.0,0.0,,,True
1790646300,2026-09-29T01:45:00Z,บ้านด่านลานหอย,231,0.0,0.0,0.0,,,True
1790646300,2026-09-29T01:45:00Z,เมืองชัยนาท,70,0.0,0.0,0.0,,,True
1790646300,2026-09-29T01:45:00Z,เนินขาม,65,0.0,0.0,0.0,,,True
1790646300,2026-09-29T01:45:00Z,คอนสาร,334,0.0,0.0,0.0,,,True
1790646300,2026-09-29T01:45:00Z,ภักดีชุมพล,154,0.0,0.0,0.0,,,True
1790646300,2026-09-29T01:45:00Z,บ้านแท่น,76,0.0,0.0,0.0,,,True
1790646300,2026-09-29T01:45:00Z,แก้งคร้อ,168,0.0,0.0,0.0,,,True
1790646300,2026-09-29T01:45:00Z,ภูเขียว,201,0.0,0.0,0.0,,,True
1790646300,2026-09-29T01:45:00Z,หนองบัวระเหว,179,0.0,0.0,0.0,,,True
1790646300,2026-09-29T01:45:00Z,เทพสถิต,239,0.0,0.0,0.0,,,True
1790646300,2026-09-29T01:45:00Z,จัตุรัส,172,0.0,0.0,0.0,,,True
1790646300,2026-09-29T01:45:00Z,บำเหน็จณรงค์,120,0.0,0.0,0.0,,,True
1790646300,2026-09-29T01:45:00Z,เกษตรสมบูรณ์,268,0.0,0.0,0.0,,,True
1790646300,2026-09-29T01:45:00Z,หนองบัวแดง,537,0.0,0.0,0.0,,,True
1790646300,2026-09-29T01:45:00Z,ภูเรือ,168,0.0,0.0,0.0,,,True
1790646300,2026-09-29T01:45:00Z,ท่าลี่,171,0.0,0.0,0.0,,,True
1790646300,2026-09-29T01:45:00Z,วชิรบารมี,68,0.0,0.0,0.0,,,True
1790646300,2026-09-29T01:45:00Z,ด่านซ้าย,341,0.0,0.0,0.0,,,True
1790646300,2026-09-29T01:45:00Z,นาแห้ว,153,0.0,0.0,0.0,,,True
1790646300,2026-09-29T01:45:00Z,บึงนาราง,74,0.0,0.0,0.0,,,True
1790646300,2026-09-29T01:45:00Z,เชียงคาน,213,0.0,0.0,0.0,,,True
1790646300,2026-09-29T01:45:00Z,ดงเจริญ,56,0.0,0.0,0.0,,,True
1790646300,2026-09-29T01:45:00Z,ปากชม,240,0.0,0.0,0.0,,,True
1790646300,2026-09-29T01:45:00Z,เมืองเลย,314,0.0,0.0,0.0,,,True
1790646300,2026-09-29T01:45:00Z,นาด้วง,143,0.0,0.0,0.0,,,True
1790646300,2026-09-29T01:45:00Z,สากเหล็ก,45,0.0,0.0,0.0,,,True
1790646300,2026-09-29T01:45:00Z,สามง่าม,89,0.0,0.0,0.0,,,True
1790646300,2026-09-29T01:45:00Z,ทับคล้อ,104,0.0,0.0,0.0,,,True
1790646300,2026-09-29T01:45:00Z,พรหมพิราม,206,0.0,0.0,0.0,,,True
1790646300,2026-09-29T01:45:00Z,ด่านขุนทด,344,0.0,0.0,0.0,,,True
1790646300,2026-09-29T01:45:00Z,วัดโบสถ์,226,0.0,0.0,0.0,,,True
1790646300,2026-09-29T01:45:00Z,บางระกำ,246,0.0,0.0,0.0,,,True
1790646300,2026-09-29T01:45:00Z,บางกระทุ่ม,91,0.0,0.0,0.0,,,True
1790646300,2026-09-29T01:45:00Z,นครไทย,597,0.0,0.0,0.0,,,True
1790646300,2026-09-29T01:45:00Z,ชาติตระการ,415,0.0,0.0,0.0,,,True
1790646300,2026-09-29T01:45:00Z,บ้านเหลื่อม,55,0.0,0.0,0.0,,,True
1790646300,2026-09-29T01:45:00Z,เมืองพิษณุโลก,178,0.0,0.0,0.0,,,True
1790646300,2026-09-29T01:45:00Z,ชุมแสง,145,0.0,0.0,0.0,,,True
1790646300,2026-09-29T01:45:00Z,หนองบัว,208,0.0,0.0,0.0,,,True
1790646300,2026-09-29T01:45:00Z,เมืองนครสวรรค์,183,0.0,0.0,0.0,,,True
1790646300,2026-09-29T01:45:00Z,โกรกพระ,71,0.0,0.0,0.0,,,True
1790646300,2026-09-29T01:45:00Z,ไพศาลี,244,0.0,0.0,0.0,,,True
1790646300,2026-09-29T01:45:00Z,ตาคลี,206,0.0,0.0,0.0,,,True
1790646300,2026-09-29T01:45:00Z,ท่าตะโก,211,0.0,0.0,0.0,,,True
1790646300,2026-09-29T01:45:00Z,เขาค้อ,207,0.0,0.0,0.0,,,True
1790646300,2026-09-29T01:45:00Z,บรรพตพิสัย,181,0.0,0.0,0.0,,,True
1790646300,2026-09-29T01:45:00Z,เก้าเลี้ยว,57,0.0,0.0,0.0,,,True
1790646300,2026-09-29T01:45:00Z,วังโป่ง,123,0.0,0.0,0.0,,,True
1790646300,2026-09-29T01:45:00Z,บึงสามพัน,194,0.0,0.0,0.0,,,True
1790646300,2026-09-29T01:45:00Z,น้ำหนาว,231,0.0,0.0,0.0,,,True
1790646300,2026-09-29T01:45:00Z,ศรีเทพ,204,0.0,0.0,0.0,,,True
1790646300,2026-09-29T01:45:00Z,หนองไผ่,315,0.0,0.0,0.0,,,True
1790646300,2026-09-29T01:45:00Z,มหาราช,4,0.0,0.0,0.0,,,False
1790646300,2026-09-29T01:45:00Z,บ้านแพรก,10,0.0,0.0,0.0,,,True
1790646300,2026-09-29T01:45:00Z,บางมูลนาก,99,0.0,0.0,0.0,,,True
1790646300,2026-09-29T01:45:00Z,โพทะเล,131,0.0,0.0,0.0,,,True
1790646300,2026-09-29T01:45:00Z,โพธิ์ประทับช้าง,102,0.0,0.0,0.0,,,True
1790646300,2026-09-29T01:45:00Z,ตะพานหิน,109,0.0,0.0,0.0,,,True
1790646300,2026-09-29T01:45:00Z,เมืองพิจิตร,138,0.0,0.0,0.0,,,True
1790646300,2026-09-29T01:45:00Z,วังทรายพูน,66,0.0,0.0,0.0,,,True
1790647200,2026-09-29T02:00:00Z,พิชัย,176,0.0,0.0,0.0,,,True
1790647200,2026-09-29T02:00:00Z,ลับแล,116,0.0,0.0,0.0,,,True
1790647200,2026-09-29T02:00:00Z,ฟากท่า,163,0.0,0.0,0.0,,,True
1790647200,2026-09-29T02:00:00Z,บ้านโคก,247,0.0,0.0,0.0,,,True
1790647200,2026-09-29T02:00:00Z,ท่าปลา,442,0.0,0.0,0.0,,,True
1790647200,2026-09-29T02:00:00Z,น้ำปาด,363,0.0,0.0,0.0,,,True
1790647200,2026-09-29T02:00:00Z,เมืองอุตรดิตถ์,202,0.0,0.0,0.0,,,True
1790647200,2026-09-29T02:00:00Z,ตรอน,80,0.0,0.0,0.0,,,True
1790647200,2026-09-29T02:00:00Z,หล่มเก่า,246,0.0,0.0,0.0,,,True
1790647200,2026-09-29T02:00:00Z,วิเชียรบุรี,377,0.0,0.0,0.0,,,True
1790647200,2026-09-29T02:00:00Z,ชนแดน,279,0.0,0.0,0.0,,,True
1790647200,2026-09-29T02:00:00Z,หล่มสัก,350,0.0,0.0,0.0,,,True
1790647200,2026-09-29T02:00:00Z,เมืองเพชรบูรณ์,571,0.0,0.0,0.0,,,True
1790647200,2026-09-29T02:00:00Z,ทองแสนขัน,185,0.006,0.592,0.0216,,105,True
1790647200,2026-09-29T02:00:00Z,บึงสามัคคี,71,0.0,0.0,0.0,,,True
1790647200,2026-09-29T02:00:00Z,โกสัมพีนคร,137,0.0,0.0,0.0,,,True
1790647200,2026-09-29T02:00:00Z,สอง,380,0.0,0.0,0.0,,,True
1790647200,2026-09-29T02:00:00Z,วังชิ้น,255,0.002,0.201,0.0157,,105,True
1790647200,2026-09-29T02:00:00Z,สูงเม่น,88,0.0,0.0,0.0,,,True
1790647200,2026-09-29T02:00:00Z,เด่นชัย,135,0.0,0.0,0.0,,,True
1790647200,2026-09-29T02:00:00Z,ร้องกวาง,221,0.0,0.0,0.0,,,True
1790647200,2026-09-29T02:00:00Z,ลอง,317,0.0,0.0,0.0,,,True
1790647200,2026-09-29T02:00:00Z,เมืองแพร่,205,0.0,0.0,0.0,,,True
1790647200,2026-09-29T02:00:00Z,ทัพทัน,94,0.0,0.0,0.0,,,True
1790647200,2026-09-29T02:00:00Z,สว่างอารมณ์,110,0.0,0.0,0.0,,,True
1790647200,2026-09-29T02:00:00Z,เมืองอุทัยธานี,59,0.0,0.0,0.0,,,True
1790647200,2026-09-29T02:00:00Z,ห้วยคต,94,0.0,0.0,0.0,,,True
1790647200,2026-09-29T02:00:00Z,ศรีสวัสดิ์,440,0.0,0.0,0.0,,,True
1790647200,2026-09-29T02:00:00Z,บ้านไร่,821,0.0,0.0,0.0,,,True
1790647200,2026-09-29T02:00:00Z,ลานสัก,360,0.0,0.0,0.0,,,True
1790647200,2026-09-29T02:00:00Z,หนองฉาง,89,0.0,0.0,0.0,,,True
1790647200,2026-09-29T02:00:00Z,หนองขาหย่าง,43,0.0,0.0,0.0,,,True
1790647200,2026-09-29T02:00:00Z,เชียงม่วน,82,0.0,0.0,0.0,,,True
1790647200,2026-09-29T02:00:00Z,ดอกคำใต้,37,0.0,0.0,0.0,,,True
1790647200,2026-09-29T02:00:00Z,เมืองพะเยา,6,0.0,0.0,0.0,,,True
1790647200,2026-09-29T02:00:00Z,ทองผาภูมิ,851,0.0,0.0,0.0,,,True
1790647200,2026-09-29T02:00:00Z,สังขละบุรี,793,0.0,0.0,0.0,,,True
1790647200,2026-09-29T02:00:00Z,หนองม่วงไข่,35,0.0,0.0,0.0,,,True
1790647200,2026-09-29T02:00:00Z,ภูเวียง,81,0.0,0.0,0.0,,,True
1790647200,2026-09-29T02:00:00Z,มัญจาคีรี,50,0.0,0.0,0.0,,,True
1790647200,2026-09-29T02:00:00Z,หนองปรือ,104,0.0,0.0,0.0,,,True
1790647200,2026-09-29T02:00:00Z,เลาขวัญ,123,0.0,0.0,0.0,,,True
1790647200,2026-09-29T02:00:00Z,หนองนาคำ,43,0.0,0.0,0.0,,,True
1790647200,2026-09-29T02:00:00Z,โคกโพธิ์ไชย,65,0.0,0.0,0.0,,,True
1790647200,2026-09-29T02:00:00Z,บ้านหลวง,91,0.0,0.0,0.0,,,True
1790647200,2026-09-29T02:00:00Z,นาน้อย,266,0.0,0.0,0.0,,,True
1790647200,2026-09-29T02:00:00Z,ภูผาม่าน,74,0.0,0.0,0.0,,,True
1790647200,2026-09-29T02:00:00Z,เมืองน่าน,161,0.0,0.0,0.0,,,True
1790647200,2026-09-29T02:00:00Z,แม่จริม,262,0.0,0.0,0.0,,,True
1790647200,2026-09-29T02:00:00Z,เวียงเก่า,78,0.0,0.0,0.0,,,True
1790647200,2026-09-29T02:00:00Z,เมืองกำแพงเพชร,368,0.0,0.0,0.0,,,True
1790647200,2026-09-29T02:00:00Z,ไทรงาม,133,0.0,0.0,0.0,,,True
1790647200,2026-09-29T02:00:00Z,ปางศิลาทอง,186,0.0,0.0,0.0,,,True
1790647200,2026-09-29T02:00:00Z,ลานกระบือ,103,0.0,0.0,0.0,,,True
1790647200,2026-09-29T02:00:00Z,ทรายทองวัฒนา,53,0.0,0.0,0.0,,,True
1790647200,2026-09-29T02:00:00Z,คลองขลุง,179,0.0,0.0,0.0,,,True
1790647200,2026-09-29T02:00:00Z,พรานกระต่าย,252,0.0,0.0,0.0,,,True
1790647200,2026-09-29T02:00:00Z,คลองลาน,363,0.0,0.0,0.0,,,True
1790647200,2026-09-29T02:00:00Z,ขาณุวรลักษบุรี,296,0.0,0.0,0.0,,,True
1790647200,2026-09-29T02:00:00Z,ภูเพียง,113,0.0,0.0,0.0,,,True
1790647200,2026-09-29T02:00:00Z,นาหมื่น,245,0.0,0.0,0.0,,,True
1790647200,2026-09-29T02:00:00Z,เวียงสา,543,0.0,0.0,0.0,,,True
1790647200,2026-09-29T02:00:00Z,น้ำโสม,153,0.0,0.0,0.0,,,True
1790647200,2026-09-29T02:00:00Z,นายูง,126,0.0,0.0,0.0,,,True
1790647200,2026-09-29T02:00:00Z,ชุมแพ,173,0.0,0.0,0.0,,,True
1790647200,2026-09-29T02:00:00Z,สีชมพู,132,0.0,0.0,0.0,,,True
1790647200,2026-09-29T02:00:00Z,สุวรรณคูหา,140,0.0,0.0,0.0,,,True
1790647200,2026-09-29T02:00:00Z,นาวัง,65,0.0,0.0,0.0,,,True
1790647200,2026-09-29T02:00:00Z,หนองเรือ,80,0.0,0.0,0.0,,,True
1790647200,2026-09-29T02:00:00Z,โนนสัง,51,0.0,0.0,0.0,,,True
1790647200,2026-09-29T02:00:00Z,ศรีบุญเรือง,224,0.0,0.0,0.0,,,True
1790647200,2026-09-29T02:00:00Z,เมืองหนองบัวลำภู,217,0.0,0.0,0.0,,,True
1790647200,2026-09-29T02:00:00Z,นากลาง,173,0.0,0.0,0.0,,,True
1790647200,2026-09-29T02:00:00Z,ทุ่งเสลี่ยม,144,0.002,0.098,0.0208,,15,True
1790647200,2026-09-29T02:00:00Z,ดอยหล่อ,56,0.0,0.0,0.0,,,True
1790647200,2026-09-29T02:00:00Z,เมืองตาก,486,0.0,0.0,0.0,,,True
1790647200,2026-09-29T02:00:00Z,แม่ออน,116,0.0,0.0,0.0,,,True
1790647200,2026-09-29T02:00:00Z,อุ้มผาง,1209,0.0,0.0,0.0,,,True
1790647200,2026-09-29T02:00:00Z,วังเจ้า,183,0.0,0.0,0.0,,,True
1790647200,2026-09-29T02:00:00Z,แม่สอด,398,0.0,0.0,0.0,,,True
1790647200,2026-09-29T02:00:00Z,พบพระ,249,0.0,0.0,0.0,,,True
1790647200,2026-09-29T02:00:00Z,แม่ระมาด,380,0.0,0.0,0.0,,,True
1790647200,2026-09-29T02:00:00Z,ท่าสองยาง,401,0.0,0.0,0.0,,,True
1790647200,2026-09-29T02:00:00Z,บ้านตาก,255,0.0,0.0,0.0,,,True
1790647200,2026-09-29T02:00:00Z,สามเงา,698,0.002,0.201,0.0143,,45,True
1790647200,2026-09-29T02:00:00Z,จอมทอง,280,0.0,0.0,0.0,,,True
1790647200,2026-09-29T02:00:00Z,แก้งสนามนาง,79,0.0,0.0,0.0,,,True
1790647200,2026-09-29T02:00:00Z,สีคิ้ว,292,0.0,0.0,0.0,,,True
1790647200,2026-09-29T02:00:00Z,พระทองคำ,90,0.0,0.0,0.0,,,True
1790647200,2026-09-29T02:00:00Z,เทพารักษ์,92,0.0,0.0,0.0,,,True
1790647200,2026-09-29T02:00:00Z,สันกำแพง,65,0.0,0.0,0.0,,,True
1790647200,2026-09-29T02:00:00Z,สันป่าตอง,44,0.0,0.0,0.0,,,True
1790647200,2026-09-29T02:00:00Z,ดอยเต่า,213,0.007,0.201,0.0516,,90,True
1790647200,2026-09-29T02:00:00Z,อมก๋อย,704,0.005,0.201,0.0369,,15,True
1790647200,2026-09-29T02:00:00Z,ฮอด,378,0.003,0.201,0.0212,,105,True
1790647200,2026-09-29T02:00:00Z,เมืองลำพูน,117,0.0,0.0,0.0,,,True
1790647200,2026-09-29T02:00:00Z,แม่ทา,192,0.0,0.0,0.0,,,True
1790647200,2026-09-29T02:00:00Z,บ้านธิ,34,0.0,0.0,0.0,,,True
1790647200,2026-09-29T02:00:00Z,บ้านหมอ,24,0.0,0.0,0.0,,,True
1790647200,2026-09-29T02:00:00Z,เวียงหนองล่อง,14,0.0,0.0,0.0,,,True
1790647200,2026-09-29T02:00:00Z,ทุ่งหัวช้าง,113,0.0,0.0,0.0,,,True
1790647200,2026-09-29T02:00:00Z,ป่าซาง,74,0.0,0.0,0.0,,,True
1790647200,2026-09-29T02:00:00Z,บ้านโฮ่ง,124,0.0,0.0,0.0,,,True
1790647200,2026-09-29T02:00:00Z,แก่งคอย,73,0.0,0.0,0.0,,,True
1790647200,2026-09-29T02:00:00Z,ลี้,454,0.0,0.0,0.0,,,True
1790647200,2026-09-29T02:00:00Z,พระพุทธบาท,55,0.0,0.0,0.0,,,True
1790647200,2026-09-29T02:00:00Z,ดอนพุด,7,0.0,0.0,0.0,,,True
1790647200,2026-09-29T02:00:00Z,หนองโดน,31,0.0,0.0,0.0,,,True
1790647200,2026-09-29T02:00:00Z,เมืองลำปาง,300,0.01,0.201,0.1033,105,30,True
1790647200,2026-09-29T02:00:00Z,เถิน,443,0.001,0.098,0.009,,15,True
1790647200,2026-09-29T02:00:00Z,แม่พริก,167,0.0,0.0,0.0,,,True
1790647200,2026-09-29T02:00:00Z,แจ้ห่ม,274,0.008,0.201,0.073,,90,True
1790647200,2026-09-29T02:00:00Z,แม่เปิน,85,0.0,0.0,0.0,,,True
1790647200,2026-09-29T02:00:00Z,เสริมงาม,185,0.0,0.0,0.0,,,True
1790647200,2026-09-29T02:00:00Z,ชุมตาบง,61,0.0,0.0,0.0,,,True
1790647200,2026-09-29T02:00:00Z,งาว,344,0.0,0.0,0.0,,,True
1790647200,2026-09-29T02:00:00Z,ตากฟ้า,125,0.0,0.0,0.0,,,True
1790647200,2026-09-29T02:00:00Z,แม่เมาะ,283,0.0,0.098,0.0035,,90,True
1790647200,2026-09-29T02:00:00Z,แม่วงก์,257,0.0,0.0,0.0,,,True
1790647200,2026-09-29T02:00:00Z,เกาะคา,128,0.0,0.0,0.0,,,True
1790647200,2026-09-29T02:00:00Z,พยุหะคีรี,169,0.0,0.0,0.0,,,True
1790647200,2026-09-29T02:00:00Z,ลาดยาว,187,0.0,0.0,0.0,,,True
1790647200,2026-09-29T02:00:00Z,สบปราบ,125,0.0,0.0,0.0,,,True
1790647200,2026-09-29T02:00:00Z,ห้างฉัตร,154,0.0,0.0,0.0,,,True
1790647200,2026-09-29T02:00:00Z,แม่ทะ,203,0.01,0.098,0.0985,,15,True
1790647200,2026-09-29T02:00:00Z,เมืองปาน,202,0.0,0.0,0.0,,,True
1790647200,2026-09-29T02:00:00Z,เมืองอ่างทอง,6,0.0,0.0,0.0,,,True
1790647200,2026-09-29T02:00:00Z,ไชโย,20,0.0,0.0,0.0,,,True
1790647200,2026-09-29T02:00:00Z,สามโก้,10,0.0,0.0,0.0,,,True
1790647200,2026-09-29T02:00:00Z,แสวงหา,43,0.0,0.0,0.0,,,True
1790647200,2026-09-29T02:00:00Z,วิเศษชัยชาญ,7,0.0,0.0,0.0,,,True
1790647200,2026-09-29T02:00:00Z,โพธิ์ทอง,48,0.0,0.0,0.0,,,True
1790647200,2026-09-29T02:00:00Z,เมืองลพบุรี,190,0.0,0.0,0.0,,,True
1790647200,2026-09-29T02:00:00Z,เดิมบางนางบวช,130,0.0,0.0,0.0,,,True
1790647200,2026-09-29T02:00:00Z,ด่านช้าง,309,0.0,0.0,0.0,,,True
1790647200,2026-09-29T02:00:00Z,หนองม่วง,111,0.0,0.0,0.0,,,True
1790647200,2026-09-29T02:00:00Z,ลำสนธิ,136,0.0,0.0,0.0,,,True
1790647200,2026-09-29T02:00:00Z,สามชุก,77,0.0,0.0,0.0,,,True
1790647200,2026-09-29T02:00:00Z,ดอนเจดีย์,72,0.0,0.0,0.0,,,True
1790647200,2026-09-29T02:00:00Z,สระโบสถ์,83,0.0,0.0,0.0,,,True
1790647200,2026-09-29T02:00:00Z,ศรีประจันต์,41,0.0,0.0,0.0,,,True
1790647200,2026-09-29T02:00:00Z,โคกเจริญ,135,0.0,0.0,0.0,,,True
1790647200,2026-09-29T02:00:00Z,บ้านหมี่,136,0.0,0.0,0.0,,,True
1790647200,2026-09-29T02:00:00Z,ท่าหลวง,100,0.0,0.0,0.0,,,True
1790647200,2026-09-29T02:00:00Z,ชัยบาดาล,280,0.0,0.0,0.0,,,True
1790647200,2026-09-29T02:00:00Z,ท่าวุ้ง,64,0.0,0.0,0.0,,,True
1790647200,2026-09-29T02:00:00Z,พัฒนานิคม,217,0.0,0.0,0.0,,,True
1790647200,2026-09-29T02:00:00Z,โคกสำโรง,180,0.0,0.0,0.0,,,True
1790647200,2026-09-29T02:00:00Z,หนองหญ้าไซ,108,0.0,0.0,0.0,,,True
1790647200,2026-09-29T02:00:00Z,ท่าช้าง,11,0.0,0.0,0.0,,,True
1790647200,2026-09-29T02:00:00Z,อินทร์บุรี,66,0.0,0.0,0.0,,,True
1790647200,2026-09-29T02:00:00Z,ค่ายบางระจัน,26,0.0,0.0,0.0,,,True
1790647200,2026-09-29T02:00:00Z,พรหมบุรี,19,0.0,0.0,0.0,,,True
1790647200,2026-09-29T02:00:00Z,เนินสง่า,65,0.0,0.0,0.0,,,True
1790647200,2026-09-29T02:00:00Z,เมืองสิงห์บุรี,31,0.0,0.0,0.0,,,True
1790647200,2026-09-29T02:00:00Z,ซับใหญ่,72,0.0,0.0,0.0,,,True
1790647200,2026-09-29T02:00:00Z,บางระจัน,46,0.0,0.0,0.0,,,True
1790647200,2026-09-29T02:00:00Z,ภูกระดึง,190,0.0,0.0,0.0,,,True
1790647200,2026-09-29T02:00:00Z,ภูหลวง,145,0.0,0.0,0.0,,,True
1790647200,2026-09-29T02:00:00Z,หนองหิน,78,0.0,0.0,0.0,,,True
1790647200,2026-09-29T02:00:00Z,ผาขาว,100,0.0,0.0,0.0,,,True
1790647200,2026-09-29T02:00:00Z,เอราวัณ,87,0.0,0.0,0.0,,,True
1790647200,2026-09-29T02:00:00Z,วังสะพุง,281,0.0,0.0,0.0,,,True
1790647200,2026-09-29T02:00:00Z,วังม่วง,70,0.0,0.0,0.0,,,True
1790647200,2026-09-29T02:00:00Z,เฉลิมพระเกียรติ,35,0.0,0.0,0.0,,,True
1790647200,2026-09-29T02:00:00Z,มวกเหล็ก,175,0.0,0.0,0.0,,,True
1790647200,2026-09-29T02:00:00Z,บ้านเขว้า,124,0.0,0.0,0.0,,,True
1790647200,2026-09-29T02:00:00Z,คอนสวรรค์,113,0.0,0.0,0.0,,,True
1790647200,2026-09-29T02:00:00Z,เมืองชัยภูมิ,358,0.0,0.0,0.0,,,True
1790647200,2026-09-29T02:00:00Z,วังทอง,425,0.0,0.0,0.0,,,True
1790647200,2026-09-29T02:00:00Z,เนินมะปราง,276,0.0,0.0,0.0,,,True
1790647200,2026-09-29T02:00:00Z,สวรรคโลก,156,0.0,0.0,0.0,,,True
1790647200,2026-09-29T02:00:00Z,ศรีนคร,46,0.0,0.0,0.0,,,True
1790647200,2026-09-29T02:00:00Z,หันคา,139,0.0,0.0,0.0,,,True
1790647200,2026-09-29T02:00:00Z,ศรีสัชนาลัย,534,0.001,0.098,0.0094,,60,True
1790647200,2026-09-29T02:00:00Z,หนองมะโมง,76,0.0,0.0,0.0,,,True
1790647200,2026-09-29T02:00:00Z,ศรีสำโรง,142,0.0,0.0,0.0,,,True
1790647200,2026-09-29T02:00:00Z,สรรพยา,55,0.0,0.0,0.0,,,True
1790647200,2026-09-29T02:00:00Z,คีรีมาศ,171,0.0,0.0,0.0,,,True
1790647200,2026-09-29T02:00:00Z,สรรคบุรี,89,0.0,0.0,0.0,,,True
1790647200,2026-09-29T02:00:00Z,กงไกรลาศ,108,0.0,0.0,0.0,,,True
1790647200,2026-09-29T02:00:00Z,มโนรมย์,66,0.0,0.0,0.0,,,True
1790647200,2026-09-29T02:00:00Z,เมืองสุโขทัย,136,0.0,0.0,0.0,,,True
1790647200,2026-09-29T02:00:00Z,วัดสิงห์,67,0.0,0.0,0.0,,,True
1790647200,2026-09-29T02:00:00Z,บ้านด่านลานหอย,231,0.0,0.0,0.0,,,True
1790647200,2026-09-29T02:00:00Z,เมืองชัยนาท,70,0.0,0.0,0.0,,,True
1790647200,2026-09-29T02:00:00Z,เนินขาม,65,0.0,0.0,0.0,,,True
1790647200,2026-09-29T02:00:00Z,คอนสาร,334,0.0,0.0,0.0,,,True
1790647200,2026-09-29T02:00:00Z,ภักดีชุมพล,154,0.0,0.0,0.0,,,True
1790647200,2026-09-29T02:00:00Z,บ้านแท่น,76,0.0,0.0,0.0,,,True
1790647200,2026-09-29T02:00:00Z,แก้งคร้อ,168,0.0,0.0,0.0,,,True
1790647200,2026-09-29T02:00:00Z,ภูเขียว,201,0.0,0.0,0.0,,,True
1790647200,2026-09-29T02:00:00Z,หนองบัวระเหว,179,0.0,0.0,0.0,,,True
1790647200,2026-09-29T02:00:00Z,เทพสถิต,239,0.0,0.0,0.0,,,True
1790647200,2026-09-29T02:00:00Z,จัตุรัส,172,0.0,0.0,0.0,,,True
1790647200,2026-09-29T02:00:00Z,บำเหน็จณรงค์,120,0.0,0.0,0.0,,,True
1790647200,2026-09-29T02:00:00Z,เกษตรสมบูรณ์,268,0.0,0.0,0.0,,,True
1790647200,2026-09-29T02:00:00Z,หนองบัวแดง,537,0.0,0.0,0.0,,,True
1790647200,2026-09-29T02:00:00Z,ภูเรือ,168,0.0,0.0,0.0,,,True
1790647200,2026-09-29T02:00:00Z,ท่าลี่,171,0.0,0.0,0.0,,,True
1790647200,2026-09-29T02:00:00Z,วชิรบารมี,68,0.0,0.0,0.0,,,True
1790647200,2026-09-29T02:00:00Z,ด่านซ้าย,341,0.0,0.0,0.0,,,True
1790647200,2026-09-29T02:00:00Z,นาแห้ว,153,0.0,0.0,0.0,,,True
1790647200,2026-09-29T02:00:00Z,บึงนาราง,74,0.0,0.0,0.0,,,True
1790647200,2026-09-29T02:00:00Z,เชียงคาน,213,0.0,0.0,0.0,,,True
1790647200,2026-09-29T02:00:00Z,ดงเจริญ,56,0.0,0.0,0.0,,,True
1790647200,2026-09-29T02:00:00Z,ปากชม,240,0.0,0.0,0.0,,,True
1790647200,2026-09-29T02:00:00Z,เมืองเลย,314,0.0,0.0,0.0,,,True
1790647200,2026-09-29T02:00:00Z,นาด้วง,143,0.0,0.0,0.0,,,True
1790647200,2026-09-29T02:00:00Z,สากเหล็ก,45,0.0,0.0,0.0,,,True
1790647200,2026-09-29T02:00:00Z,สามง่าม,89,0.0,0.0,0.0,,,True
1790647200,2026-09-29T02:00:00Z,ทับคล้อ,104,0.0,0.0,0.0,,,True
1790647200,2026-09-29T02:00:00Z,พรหมพิราม,206,0.013,1.216,0.0243,,30,True
1790647200,2026-09-29T02:00:00Z,ด่านขุนทด,344,0.0,0.0,0.0,,,True
1790647200,2026-09-29T02:00:00Z,วัดโบสถ์,226,0.004,0.288,0.031,,75,True
1790647200,2026-09-29T02:00:00Z,บางระกำ,246,0.0,0.0,0.0,,,True
1790647200,2026-09-29T02:00:00Z,บางกระทุ่ม,91,0.0,0.0,0.0,,,True
1790647200,2026-09-29T02:00:00Z,นครไทย,597,0.0,0.0,0.0,,,True
1790647200,2026-09-29T02:00:00Z,ชาติตระการ,415,0.0,0.0,0.0,,,True
1790647200,2026-09-29T02:00:00Z,บ้านเหลื่อม,55,0.0,0.0,0.0,,,True
1790647200,2026-09-29T02:00:00Z,เมืองพิษณุโลก,178,0.014,1.742,0.0169,,15,True
1790647200,2026-09-29T02:00:00Z,ชุมแสง,145,0.0,0.0,0.0,,,True
1790647200,2026-09-29T02:00:00Z,หนองบัว,208,0.0,0.0,0.0,,,True
1790647200,2026-09-29T02:00:00Z,เมืองนครสวรรค์,183,0.0,0.0,0.0,,,True
1790647200,2026-09-29T02:00:00Z,โกรกพระ,71,0.0,0.0,0.0,,,True
1790647200,2026-09-29T02:00:00Z,ไพศาลี,244,0.0,0.0,0.0,,,True
1790647200,2026-09-29T02:00:00Z,ตาคลี,206,0.0,0.0,0.0,,,True
1790647200,2026-09-29T02:00:00Z,ท่าตะโก,211,0.0,0.0,0.0,,,True
1790647200,2026-09-29T02:00:00Z,เขาค้อ,207,0.0,0.0,0.0,,,True
1790647200,2026-09-29T02:00:00Z,บรรพตพิสัย,181,0.0,0.0,0.0,,,True
1790647200,2026-09-29T02:00:00Z,เก้าเลี้ยว,57,0.0,0.0,0.0,,,True
1790647200,2026-09-29T02:00:00Z,วังโป่ง,123,0.0,0.0,0.0,,,True
1790647200,2026-09-29T02:00:00Z,บึงสามพัน,194,0.0,0.0,0.0,,,True
1790647200,2026-09-29T02:00:00Z,น้ำหนาว,231,0.0,0.0,0.0,,,True
1790647200,2026-09-29T02:00:00Z,ศรีเทพ,204,0.0,0.0,0.0,,,True
1790647200,2026-09-29T02:00:00Z,หนองไผ่,315,0.0,0.0,0.0,,,True
1790647200,2026-09-29T02:00:00Z,มหาราช,4,0.0,0.0,0.0,,,False
1790647200,2026-09-29T02:00:00Z,บ้านแพรก,10,0.0,0.0,0.0,,,True
1790647200,2026-09-29T02:00:00Z,บางมูลนาก,99,0.0,0.0,0.0,,,True
1790647200,2026-09-29T02:00:00Z,โพทะเล,131,0.0,0.0,0.0,,,True
1790647200,2026-09-29T02:00:00Z,โพธิ์ประทับช้าง,102,0.0,0.0,0.0,,,True
1790647200,2026-09-29T02:00:00Z,ตะพานหิน,109,0.0,0.0,0.0,,,True
1790647200,2026-09-29T02:00:00Z,เมืองพิจิตร,138,0.0,0.0,0.0,,,True
1790647200,2026-09-29T02:00:00Z,วังทรายพูน,66,0.0,0.0,0.0,,,True
1790648100,2026-09-29T02:15:00Z,พิชัย,176,0.0,0.0,0.0,,,True
1790648100,2026-09-29T02:15:00Z,ลับแล,116,0.0,0.0,0.0,,,True
1790648100,2026-09-29T02:15:00Z,ฟากท่า,163,0.0,0.0,0.0,,,True
1790648100,2026-09-29T02:15:00Z,บ้านโคก,247,0.0,0.0,0.0,,,True
1790648100,2026-09-29T02:15:00Z,ท่าปลา,442,0.0,0.0,0.0,,,True
1790648100,2026-09-29T02:15:00Z,น้ำปาด,363,0.0,0.0,0.0,,,True
1790648100,2026-09-29T02:15:00Z,เมืองอุตรดิตถ์,202,0.0,0.0,0.0,,,True
1790648100,2026-09-29T02:15:00Z,ตรอน,80,0.0,0.0,0.0,,,True
1790648100,2026-09-29T02:15:00Z,หล่มเก่า,246,0.0,0.0,0.0,,,True
1790648100,2026-09-29T02:15:00Z,วิเชียรบุรี,377,0.0,0.0,0.0,,,True
1790648100,2026-09-29T02:15:00Z,ชนแดน,279,0.0,0.0,0.0,,,True
1790648100,2026-09-29T02:15:00Z,หล่มสัก,350,0.0,0.0,0.0,,,True
1790648100,2026-09-29T02:15:00Z,เมืองเพชรบูรณ์,571,0.0,0.0,0.0,,,True
1790648100,2026-09-29T02:15:00Z,ทองแสนขัน,185,0.0,0.0,0.0,,,True
1790648100,2026-09-29T02:15:00Z,บึงสามัคคี,71,0.0,0.0,0.0,,,True
1790648100,2026-09-29T02:15:00Z,โกสัมพีนคร,137,0.0,0.0,0.0,,,True
1790648100,2026-09-29T02:15:00Z,สอง,380,0.001,0.098,0.0079,,105,True
1790648100,2026-09-29T02:15:00Z,วังชิ้น,255,0.003,0.098,0.0275,,30,True
1790648100,2026-09-29T02:15:00Z,สูงเม่น,88,0.002,0.098,0.0227,,45,True
1790648100,2026-09-29T02:15:00Z,เด่นชัย,135,0.004,0.098,0.037,,15,True
1790648100,2026-09-29T02:15:00Z,ร้องกวาง,221,0.0,0.0,0.0,,,True
1790648100,2026-09-29T02:15:00Z,ลอง,317,0.002,0.098,0.0221,,60,True
1790648100,2026-09-29T02:15:00Z,เมืองแพร่,205,0.0,0.0,0.0,,,True
1790648100,2026-09-29T02:15:00Z,ทัพทัน,94,0.0,0.0,0.0,,,True
1790648100,2026-09-29T02:15:00Z,สว่างอารมณ์,110,0.0,0.0,0.0,,,True
1790648100,2026-09-29T02:15:00Z,เมืองอุทัยธานี,59,0.0,0.0,0.0,,,True
1790648100,2026-09-29T02:15:00Z,ห้วยคต,94,0.0,0.0,0.0,,,True
1790648100,2026-09-29T02:15:00Z,ศรีสวัสดิ์,440,0.0,0.0,0.0,,,True
1790648100,2026-09-29T02:15:00Z,บ้านไร่,821,0.0,0.0,0.0,,,True
1790648100,2026-09-29T02:15:00Z,ลานสัก,360,0.0,0.0,0.0,,,True
1790648100,2026-09-29T02:15:00Z,หนองฉาง,89,0.0,0.0,0.0,,,True
1790648100,2026-09-29T02:15:00Z,หนองขาหย่าง,43,0.0,0.0,0.0,,,True
1790648100,2026-09-29T02:15:00Z,เชียงม่วน,82,0.0,0.0,0.0,,,True
1790648100,2026-09-29T02:15:00Z,ดอกคำใต้,37,0.0,0.0,0.0,,,True
1790648100,2026-09-29T02:15:00Z,เมืองพะเยา,6,0.0,0.0,0.0,,,True
1790648100,2026-09-29T02:15:00Z,ทองผาภูมิ,851,0.0,0.0,0.0,,,True
1790648100,2026-09-29T02:15:00Z,สังขละบุรี,793,0.0,0.0,0.0,,,True
1790648100,2026-09-29T02:15:00Z,หนองม่วงไข่,35,0.0,0.0,0.0,,,True
1790648100,2026-09-29T02:15:00Z,ภูเวียง,81,0.0,0.0,0.0,,,True
1790648100,2026-09-29T02:15:00Z,มัญจาคีรี,50,0.0,0.0,0.0,,,True
1790648100,2026-09-29T02:15:00Z,หนองปรือ,104,0.0,0.0,0.0,,,True
1790648100,2026-09-29T02:15:00Z,เลาขวัญ,123,0.0,0.0,0.0,,,True
1790648100,2026-09-29T02:15:00Z,หนองนาคำ,43,0.0,0.0,0.0,,,True
1790648100,2026-09-29T02:15:00Z,โคกโพธิ์ไชย,65,0.0,0.0,0.0,,,True
1790648100,2026-09-29T02:15:00Z,บ้านหลวง,91,0.0,0.0,0.0,,,True
1790648100,2026-09-29T02:15:00Z,นาน้อย,266,0.0,0.0,0.0,,,True
1790648100,2026-09-29T02:15:00Z,ภูผาม่าน,74,0.0,0.0,0.0,,,True
1790648100,2026-09-29T02:15:00Z,เมืองน่าน,161,0.0,0.0,0.0,,,True
1790648100,2026-09-29T02:15:00Z,แม่จริม,262,0.0,0.0,0.0,,,True
1790648100,2026-09-29T02:15:00Z,เวียงเก่า,78,0.0,0.0,0.0,,,True
1790648100,2026-09-29T02:15:00Z,เมืองกำแพงเพชร,368,0.0,0.0,0.0,,,True
1790648100,2026-09-29T02:15:00Z,ไทรงาม,133,0.0,0.0,0.0,,,True
1790648100,2026-09-29T02:15:00Z,ปางศิลาทอง,186,0.0,0.0,0.0,,,True
1790648100,2026-09-29T02:15:00Z,ลานกระบือ,103,0.0,0.0,0.0,,,True
1790648100,2026-09-29T02:15:00Z,ทรายทองวัฒนา,53,0.0,0.0,0.0,,,True
1790648100,2026-09-29T02:15:00Z,คลองขลุง,179,0.0,0.0,0.0,,,True
1790648100,2026-09-29T02:15:00Z,พรานกระต่าย,252,0.0,0.0,0.0,,,True
1790648100,2026-09-29T02:15:00Z,คลองลาน,363,0.0,0.0,0.0,,,True
1790648100,2026-09-29T02:15:00Z,ขาณุวรลักษบุรี,296,0.0,0.0,0.0,,,True
1790648100,2026-09-29T02:15:00Z,ภูเพียง,113,0.0,0.0,0.0,,,True
1790648100,2026-09-29T02:15:00Z,นาหมื่น,245,0.0,0.0,0.0,,,True
1790648100,2026-09-29T02:15:00Z,เวียงสา,543,0.0,0.0,0.0,,,True
1790648100,2026-09-29T02:15:00Z,น้ำโสม,153,0.0,0.0,0.0,,,True
1790648100,2026-09-29T02:15:00Z,นายูง,126,0.0,0.0,0.0,,,True
1790648100,2026-09-29T02:15:00Z,ชุมแพ,173,0.0,0.0,0.0,,,True
1790648100,2026-09-29T02:15:00Z,สีชมพู,132,0.0,0.0,0.0,,,True
1790648100,2026-09-29T02:15:00Z,สุวรรณคูหา,140,0.0,0.0,0.0,,,True
1790648100,2026-09-29T02:15:00Z,นาวัง,65,0.0,0.0,0.0,,,True
1790648100,2026-09-29T02:15:00Z,หนองเรือ,80,0.0,0.0,0.0,,,True
1790648100,2026-09-29T02:15:00Z,โนนสัง,51,0.0,0.0,0.0,,,True
1790648100,2026-09-29T02:15:00Z,ศรีบุญเรือง,224,0.0,0.0,0.0,,,True
1790648100,2026-09-29T02:15:00Z,เมืองหนองบัวลำภู,217,0.0,0.0,0.0,,,True
1790648100,2026-09-29T02:15:00Z,นากลาง,173,0.0,0.0,0.0,,,True
1790648100,2026-09-29T02:15:00Z,ทุ่งเสลี่ยม,144,0.0,0.0,0.0,,,True
1790648100,2026-09-29T02:15:00Z,ดอยหล่อ,56,0.0,0.0,0.0,,,True
1790648100,2026-09-29T02:15:00Z,เมืองตาก,486,0.0,0.0,0.0,,,True
1790648100,2026-09-29T02:15:00Z,แม่ออน,116,0.0,0.0,0.0,,,True
1790648100,2026-09-29T02:15:00Z,อุ้มผาง,1209,0.0,0.0,0.0,,,True
1790648100,2026-09-29T02:15:00Z,วังเจ้า,183,0.0,0.0,0.0,,,True
1790648100,2026-09-29T02:15:00Z,แม่สอด,398,0.0,0.0,0.0,,,True
1790648100,2026-09-29T02:15:00Z,พบพระ,249,0.0,0.0,0.0,,,True
1790648100,2026-09-29T02:15:00Z,แม่ระมาด,380,0.0,0.0,0.0,,,True
1790648100,2026-09-29T02:15:00Z,ท่าสองยาง,401,0.0,0.0,0.0,,,True
1790648100,2026-09-29T02:15:00Z,บ้านตาก,255,0.0,0.0,0.0,,,True
1790648100,2026-09-29T02:15:00Z,สามเงา,698,0.0,0.0,0.0,,,True
1790648100,2026-09-29T02:15:00Z,จอมทอง,280,0.0,0.0,0.0,,,True
1790648100,2026-09-29T02:15:00Z,แก้งสนามนาง,79,0.0,0.0,0.0,,,True
1790648100,2026-09-29T02:15:00Z,สีคิ้ว,292,0.0,0.0,0.0,,,True
1790648100,2026-09-29T02:15:00Z,พระทองคำ,90,0.0,0.0,0.0,,,True
1790648100,2026-09-29T02:15:00Z,เทพารักษ์,92,0.0,0.0,0.0,,,True
1790648100,2026-09-29T02:15:00Z,สันกำแพง,65,0.0,0.0,0.0,,,True
1790648100,2026-09-29T02:15:00Z,สันป่าตอง,44,0.0,0.0,0.0,,,True
1790648100,2026-09-29T02:15:00Z,ดอยเต่า,213,0.001,0.098,0.0094,,90,True
1790648100,2026-09-29T02:15:00Z,อมก๋อย,704,0.0,0.0,0.0,,,True
1790648100,2026-09-29T02:15:00Z,ฮอด,378,0.0,0.0,0.0,,,True
1790648100,2026-09-29T02:15:00Z,เมืองลำพูน,117,0.0,0.0,0.0,,,True
1790648100,2026-09-29T02:15:00Z,แม่ทา,192,0.0,0.0,0.0,,,True
1790648100,2026-09-29T02:15:00Z,บ้านธิ,34,0.0,0.0,0.0,,,True
1790648100,2026-09-29T02:15:00Z,บ้านหมอ,24,0.0,0.0,0.0,,,True
1790648100,2026-09-29T02:15:00Z,เวียงหนองล่อง,14,0.0,0.0,0.0,,,True
1790648100,2026-09-29T02:15:00Z,ทุ่งหัวช้าง,113,0.0,0.0,0.0,,,True
1790648100,2026-09-29T02:15:00Z,ป่าซาง,74,0.0,0.0,0.0,,,True
1790648100,2026-09-29T02:15:00Z,บ้านโฮ่ง,124,0.0,0.0,0.0,,,True
1790648100,2026-09-29T02:15:00Z,แก่งคอย,73,0.0,0.0,0.0,,,True
1790648100,2026-09-29T02:15:00Z,ลี้,454,0.0,0.0,0.0,,,True
1790648100,2026-09-29T02:15:00Z,พระพุทธบาท,55,0.0,0.0,0.0,,,True
1790648100,2026-09-29T02:15:00Z,ดอนพุด,7,0.0,0.0,0.0,,,True
1790648100,2026-09-29T02:15:00Z,หนองโดน,31,0.0,0.0,0.0,,,True
1790648100,2026-09-29T02:15:00Z,เมืองลำปาง,300,0.024,0.484,0.1533,75,30,True
1790648100,2026-09-29T02:15:00Z,เถิน,443,0.0,0.0,0.0,,,True
1790648100,2026-09-29T02:15:00Z,แม่พริก,167,0.0,0.0,0.0,,,True
1790648100,2026-09-29T02:15:00Z,แจ้ห่ม,274,0.011,0.386,0.073,,90,True
1790648100,2026-09-29T02:15:00Z,แม่เปิน,85,0.0,0.0,0.0,,,True
1790648100,2026-09-29T02:15:00Z,เสริมงาม,185,0.0,0.0,0.0,,,True
1790648100,2026-09-29T02:15:00Z,ชุมตาบง,61,0.0,0.0,0.0,,,True
1790648100,2026-09-29T02:15:00Z,งาว,344,0.0,0.0,0.0,,,True
1790648100,2026-09-29T02:15:00Z,ตากฟ้า,125,0.0,0.0,0.0,,,True
1790648100,2026-09-29T02:15:00Z,แม่เมาะ,283,0.0,0.098,0.0035,,105,True
1790648100,2026-09-29T02:15:00Z,แม่วงก์,257,0.0,0.0,0.0,,,True
1790648100,2026-09-29T02:15:00Z,เกาะคา,128,0.0,0.0,0.0,,,True
1790648100,2026-09-29T02:15:00Z,พยุหะคีรี,169,0.0,0.0,0.0,,,True
1790648100,2026-09-29T02:15:00Z,ลาดยาว,187,0.0,0.0,0.0,,,True
1790648100,2026-09-29T02:15:00Z,สบปราบ,125,0.0,0.0,0.0,,,True
1790648100,2026-09-29T02:15:00Z,ห้างฉัตร,154,0.0,0.0,0.0,,,True
1790648100,2026-09-29T02:15:00Z,แม่ทะ,203,0.018,0.484,0.1232,90,15,True
1790648100,2026-09-29T02:15:00Z,เมืองปาน,202,0.0,0.0,0.0,,,True
1790648100,2026-09-29T02:15:00Z,เมืองอ่างทอง,6,0.0,0.0,0.0,,,True
1790648100,2026-09-29T02:15:00Z,ไชโย,20,0.0,0.0,0.0,,,True
1790648100,2026-09-29T02:15:00Z,สามโก้,10,0.0,0.0,0.0,,,True
1790648100,2026-09-29T02:15:00Z,แสวงหา,43,0.0,0.0,0.0,,,True
1790648100,2026-09-29T02:15:00Z,วิเศษชัยชาญ,7,0.0,0.0,0.0,,,True
1790648100,2026-09-29T02:15:00Z,โพธิ์ทอง,48,0.0,0.0,0.0,,,True
1790648100,2026-09-29T02:15:00Z,เมืองลพบุรี,190,0.0,0.0,0.0,,,True
1790648100,2026-09-29T02:15:00Z,เดิมบางนางบวช,130,0.0,0.0,0.0,,,True
1790648100,2026-09-29T02:15:00Z,ด่านช้าง,309,0.0,0.0,0.0,,,True
1790648100,2026-09-29T02:15:00Z,หนองม่วง,111,0.0,0.0,0.0,,,True
1790648100,2026-09-29T02:15:00Z,ลำสนธิ,136,0.0,0.0,0.0,,,True
1790648100,2026-09-29T02:15:00Z,สามชุก,77,0.0,0.0,0.0,,,True
1790648100,2026-09-29T02:15:00Z,ดอนเจดีย์,72,0.0,0.0,0.0,,,True
1790648100,2026-09-29T02:15:00Z,สระโบสถ์,83,0.0,0.0,0.0,,,True
1790648100,2026-09-29T02:15:00Z,ศรีประจันต์,41,0.0,0.0,0.0,,,True
1790648100,2026-09-29T02:15:00Z,โคกเจริญ,135,0.0,0.0,0.0,,,True
1790648100,2026-09-29T02:15:00Z,บ้านหมี่,136,0.0,0.0,0.0,,,True
1790648100,2026-09-29T02:15:00Z,ท่าหลวง,100,0.0,0.0,0.0,,,True
1790648100,2026-09-29T02:15:00Z,ชัยบาดาล,280,0.0,0.0,0.0,,,True
1790648100,2026-09-29T02:15:00Z,ท่าวุ้ง,64,0.0,0.0,0.0,,,True
1790648100,2026-09-29T02:15:00Z,พัฒนานิคม,217,0.0,0.0,0.0,,,True
1790648100,2026-09-29T02:15:00Z,โคกสำโรง,180,0.0,0.0,0.0,,,True
1790648100,2026-09-29T02:15:00Z,หนองหญ้าไซ,108,0.0,0.0,0.0,,,True
1790648100,2026-09-29T02:15:00Z,ท่าช้าง,11,0.0,0.0,0.0,,,True
1790648100,2026-09-29T02:15:00Z,อินทร์บุรี,66,0.0,0.0,0.0,,,True
1790648100,2026-09-29T02:15:00Z,ค่ายบางระจัน,26,0.0,0.0,0.0,,,True
1790648100,2026-09-29T02:15:00Z,พรหมบุรี,19,0.0,0.0,0.0,,,True
1790648100,2026-09-29T02:15:00Z,เนินสง่า,65,0.0,0.0,0.0,,,True
1790648100,2026-09-29T02:15:00Z,เมืองสิงห์บุรี,31,0.0,0.0,0.0,,,True
1790648100,2026-09-29T02:15:00Z,ซับใหญ่,72,0.0,0.0,0.0,,,True
1790648100,2026-09-29T02:15:00Z,บางระจัน,46,0.0,0.0,0.0,,,True
1790648100,2026-09-29T02:15:00Z,ภูกระดึง,190,0.0,0.0,0.0,,,True
1790648100,2026-09-29T02:15:00Z,ภูหลวง,145,0.0,0.0,0.0,,,True
1790648100,2026-09-29T02:15:00Z,หนองหิน,78,0.0,0.0,0.0,,,True
1790648100,2026-09-29T02:15:00Z,ผาขาว,100,0.0,0.0,0.0,,,True
1790648100,2026-09-29T02:15:00Z,เอราวัณ,87,0.0,0.0,0.0,,,True
1790648100,2026-09-29T02:15:00Z,วังสะพุง,281,0.0,0.0,0.0,,,True
1790648100,2026-09-29T02:15:00Z,วังม่วง,70,0.0,0.0,0.0,,,True
1790648100,2026-09-29T02:15:00Z,เฉลิมพระเกียรติ,35,0.0,0.0,0.0,,,True
1790648100,2026-09-29T02:15:00Z,มวกเหล็ก,175,0.0,0.0,0.0,,,True
1790648100,2026-09-29T02:15:00Z,บ้านเขว้า,124,0.0,0.0,0.0,,,True
1790648100,2026-09-29T02:15:00Z,คอนสวรรค์,113,0.0,0.0,0.0,,,True
1790648100,2026-09-29T02:15:00Z,เมืองชัยภูมิ,358,0.0,0.0,0.0,,,True
1790648100,2026-09-29T02:15:00Z,วังทอง,425,0.0,0.0,0.0,,,True
1790648100,2026-09-29T02:15:00Z,เนินมะปราง,276,0.0,0.0,0.0,,,True
1790648100,2026-09-29T02:15:00Z,สวรรคโลก,156,0.0,0.0,0.0,,,True
1790648100,2026-09-29T02:15:00Z,ศรีนคร,46,0.0,0.0,0.0,,,True
1790648100,2026-09-29T02:15:00Z,หันคา,139,0.0,0.0,0.0,,,True
1790648100,2026-09-29T02:15:00Z,ศรีสัชนาลัย,534,0.001,0.098,0.0094,,15,True
1790648100,2026-09-29T02:15:00Z,หนองมะโมง,76,0.0,0.0,0.0,,,True
1790648100,2026-09-29T02:15:00Z,ศรีสำโรง,142,0.0,0.0,0.0,,,True
1790648100,2026-09-29T02:15:00Z,สรรพยา,55,0.0,0.0,0.0,,,True
1790648100,2026-09-29T02:15:00Z,คีรีมาศ,171,0.0,0.0,0.0,,,True
1790648100,2026-09-29T02:15:00Z,สรรคบุรี,89,0.0,0.0,0.0,,,True
1790648100,2026-09-29T02:15:00Z,กงไกรลาศ,108,0.0,0.0,0.0,,,True
1790648100,2026-09-29T02:15:00Z,มโนรมย์,66,0.0,0.0,0.0,,,True
1790648100,2026-09-29T02:15:00Z,เมืองสุโขทัย,136,0.0,0.0,0.0,,,True
1790648100,2026-09-29T02:15:00Z,วัดสิงห์,67,0.0,0.0,0.0,,,True
1790648100,2026-09-29T02:15:00Z,บ้านด่านลานหอย,231,0.0,0.0,0.0,,,True
1790648100,2026-09-29T02:15:00Z,เมืองชัยนาท,70,0.0,0.0,0.0,,,True
1790648100,2026-09-29T02:15:00Z,เนินขาม,65,0.0,0.0,0.0,,,True
1790648100,2026-09-29T02:15:00Z,คอนสาร,334,0.0,0.0,0.0,,,True
1790648100,2026-09-29T02:15:00Z,ภักดีชุมพล,154,0.0,0.0,0.0,,,True
1790648100,2026-09-29T02:15:00Z,บ้านแท่น,76,0.0,0.0,0.0,,,True
1790648100,2026-09-29T02:15:00Z,แก้งคร้อ,168,0.0,0.0,0.0,,,True
1790648100,2026-09-29T02:15:00Z,ภูเขียว,201,0.0,0.0,0.0,,,True
1790648100,2026-09-29T02:15:00Z,หนองบัวระเหว,179,0.0,0.0,0.0,,,True
1790648100,2026-09-29T02:15:00Z,เทพสถิต,239,0.0,0.0,0.0,,,True
1790648100,2026-09-29T02:15:00Z,จัตุรัส,172,0.0,0.0,0.0,,,True
1790648100,2026-09-29T02:15:00Z,บำเหน็จณรงค์,120,0.0,0.0,0.0,,,True
1790648100,2026-09-29T02:15:00Z,เกษตรสมบูรณ์,268,0.0,0.0,0.0,,,True
1790648100,2026-09-29T02:15:00Z,หนองบัวแดง,537,0.0,0.0,0.0,,,True
1790648100,2026-09-29T02:15:00Z,ภูเรือ,168,0.0,0.0,0.0,,,True
1790648100,2026-09-29T02:15:00Z,ท่าลี่,171,0.0,0.0,0.0,,,True
1790648100,2026-09-29T02:15:00Z,วชิรบารมี,68,0.0,0.0,0.0,,,True
1790648100,2026-09-29T02:15:00Z,ด่านซ้าย,341,0.0,0.0,0.0,,,True
1790648100,2026-09-29T02:15:00Z,นาแห้ว,153,0.0,0.0,0.0,,,True
1790648100,2026-09-29T02:15:00Z,บึงนาราง,74,0.0,0.0,0.0,,,True
1790648100,2026-09-29T02:15:00Z,เชียงคาน,213,0.0,0.0,0.0,,,True
1790648100,2026-09-29T02:15:00Z,ดงเจริญ,56,0.0,0.0,0.0,,,True
1790648100,2026-09-29T02:15:00Z,ปากชม,240,0.0,0.0,0.0,,,True
1790648100,2026-09-29T02:15:00Z,เมืองเลย,314,0.0,0.0,0.0,,,True
1790648100,2026-09-29T02:15:00Z,นาด้วง,143,0.0,0.0,0.0,,,True
1790648100,2026-09-29T02:15:00Z,สากเหล็ก,45,0.0,0.0,0.0,,,True
1790648100,2026-09-29T02:15:00Z,สามง่าม,89,0.0,0.0,0.0,,,True
1790648100,2026-09-29T02:15:00Z,ทับคล้อ,104,0.0,0.0,0.0,,,True
1790648100,2026-09-29T02:15:00Z,พรหมพิราม,206,0.0,0.0,0.0,,,True
1790648100,2026-09-29T02:15:00Z,ด่านขุนทด,344,0.0,0.0,0.0,,,True
1790648100,2026-09-29T02:15:00Z,วัดโบสถ์,226,0.0,0.0,0.0,,,True
1790648100,2026-09-29T02:15:00Z,บางระกำ,246,0.0,0.0,0.0,,,True
1790648100,2026-09-29T02:15:00Z,บางกระทุ่ม,91,0.0,0.0,0.0,,,True
1790648100,2026-09-29T02:15:00Z,นครไทย,597,0.0,0.0,0.0,,,True
1790648100,2026-09-29T02:15:00Z,ชาติตระการ,415,0.0,0.0,0.0,,,True
1790648100,2026-09-29T02:15:00Z,บ้านเหลื่อม,55,0.0,0.0,0.0,,,True
1790648100,2026-09-29T02:15:00Z,เมืองพิษณุโลก,178,0.0,0.0,0.0,,,True
1790648100,2026-09-29T02:15:00Z,ชุมแสง,145,0.0,0.0,0.0,,,True
1790648100,2026-09-29T02:15:00Z,หนองบัว,208,0.0,0.0,0.0,,,True
1790648100,2026-09-29T02:15:00Z,เมืองนครสวรรค์,183,0.0,0.0,0.0,,,True
1790648100,2026-09-29T02:15:00Z,โกรกพระ,71,0.0,0.0,0.0,,,True
1790648100,2026-09-29T02:15:00Z,ไพศาลี,244,0.0,0.0,0.0,,,True
1790648100,2026-09-29T02:15:00Z,ตาคลี,206,0.0,0.0,0.0,,,True
1790648100,2026-09-29T02:15:00Z,ท่าตะโก,211,0.0,0.0,0.0,,,True
1790648100,2026-09-29T02:15:00Z,เขาค้อ,207,0.0,0.0,0.0,,,True
1790648100,2026-09-29T02:15:00Z,บรรพตพิสัย,181,0.0,0.0,0.0,,,True
1790648100,2026-09-29T02:15:00Z,เก้าเลี้ยว,57,0.0,0.0,0.0,,,True
1790648100,2026-09-29T02:15:00Z,วังโป่ง,123,0.0,0.0,0.0,,,True
1790648100,2026-09-29T02:15:00Z,บึงสามพัน,194,0.0,0.0,0.0,,,True
1790648100,2026-09-29T02:15:00Z,น้ำหนาว,231,0.0,0.0,0.0,,,True
1790648100,2026-09-29T02:15:00Z,ศรีเทพ,204,0.0,0.0,0.0,,,True
1790648100,2026-09-29T02:15:00Z,หนองไผ่,315,0.0,0.0,0.0,,,True
1790648100,2026-09-29T02:15:00Z,มหาราช,4,0.0,0.0,0.0,,,False
1790648100,2026-09-29T02:15:00Z,บ้านแพรก,10,0.0,0.0,0.0,,,True
1790648100,2026-09-29T02:15:00Z,บางมูลนาก,99,0.0,0.0,0.0,,,True
1790648100,2026-09-29T02:15:00Z,โพทะเล,131,0.0,0.0,0.0,,,True
1790648100,2026-09-29T02:15:00Z,โพธิ์ประทับช้าง,102,0.0,0.0,0.0,,,True
1790648100,2026-09-29T02:15:00Z,ตะพานหิน,109,0.0,0.0,0.0,,,True
1790648100,2026-09-29T02:15:00Z,เมืองพิจิตร,138,0.0,0.0,0.0,,,True
1790648100,2026-09-29T02:15:00Z,วังทรายพูน,66,0.0,0.0,0.0,,,True
1790649000,2026-09-29T02:30:00Z,พิชัย,176,0.0,0.0,0.0,,,True
1790649000,2026-09-29T02:30:00Z,ลับแล,116,0.0,0.0,0.0,,,True
1790649000,2026-09-29T02:30:00Z,ฟากท่า,163,0.0,0.0,0.0,,,True
1790649000,2026-09-29T02:30:00Z,บ้านโคก,247,0.0,0.0,0.0,,,True
1790649000,2026-09-29T02:30:00Z,ท่าปลา,442,0.0,0.098,0.0045,,30,True
1790649000,2026-09-29T02:30:00Z,น้ำปาด,363,0.0,0.0,0.0,,,True
1790649000,2026-09-29T02:30:00Z,เมืองอุตรดิตถ์,202,0.001,0.201,0.005,,15,True
1790649000,2026-09-29T02:30:00Z,ตรอน,80,0.0,0.0,0.0,,,True
1790649000,2026-09-29T02:30:00Z,หล่มเก่า,246,0.0,0.0,0.0,,,True
1790649000,2026-09-29T02:30:00Z,วิเชียรบุรี,377,0.0,0.0,0.0,,,True
1790649000,2026-09-29T02:30:00Z,ชนแดน,279,0.0,0.0,0.0,,,True
1790649000,2026-09-29T02:30:00Z,หล่มสัก,350,0.0,0.0,0.0,,,True
1790649000,2026-09-29T02:30:00Z,เมืองเพชรบูรณ์,571,0.0,0.0,0.0,,,True
1790649000,2026-09-29T02:30:00Z,ทองแสนขัน,185,0.0,0.0,0.0,,,True
1790649000,2026-09-29T02:30:00Z,บึงสามัคคี,71,0.0,0.0,0.0,,,True
1790649000,2026-09-29T02:30:00Z,โกสัมพีนคร,137,0.0,0.0,0.0,,,True
1790649000,2026-09-29T02:30:00Z,สอง,380,0.0,0.0,0.0,,,True
1790649000,2026-09-29T02:30:00Z,วังชิ้น,255,0.003,0.098,0.0275,,15,True
1790649000,2026-09-29T02:30:00Z,สูงเม่น,88,0.002,0.098,0.0227,,45,True
1790649000,2026-09-29T02:30:00Z,เด่นชัย,135,0.0,0.0,0.0,,,True
1790649000,2026-09-29T02:30:00Z,ร้องกวาง,221,0.001,0.098,0.009,,105,True
1790649000,2026-09-29T02:30:00Z,ลอง,317,0.0,0.0,0.0,,,True
1790649000,2026-09-29T02:30:00Z,เมืองแพร่,205,0.003,0.098,0.0293,,60,True
1790649000,2026-09-29T02:30:00Z,ทัพทัน,94,0.0,0.0,0.0,,,True
1790649000,2026-09-29T02:30:00Z,สว่างอารมณ์,110,0.0,0.0,0.0,,,True
1790649000,2026-09-29T02:30:00Z,เมืองอุทัยธานี,59,0.0,0.0,0.0,,,True
1790649000,2026-09-29T02:30:00Z,ห้วยคต,94,0.0,0.0,0.0,,,True
1790649000,2026-09-29T02:30:00Z,ศรีสวัสดิ์,440,0.0,0.0,0.0,,,True
1790649000,2026-09-29T02:30:00Z,บ้านไร่,821,0.0,0.0,0.0,,,True
1790649000,2026-09-29T02:30:00Z,ลานสัก,360,0.0,0.0,0.0,,,True
1790649000,2026-09-29T02:30:00Z,หนองฉาง,89,0.0,0.0,0.0,,,True
1790649000,2026-09-29T02:30:00Z,หนองขาหย่าง,43,0.0,0.0,0.0,,,True
1790649000,2026-09-29T02:30:00Z,เชียงม่วน,82,0.0,0.0,0.0,,,True
1790649000,2026-09-29T02:30:00Z,ดอกคำใต้,37,0.0,0.0,0.0,,,True
1790649000,2026-09-29T02:30:00Z,เมืองพะเยา,6,0.0,0.0,0.0,,,True
1790649000,2026-09-29T02:30:00Z,ทองผาภูมิ,851,0.0,0.0,0.0,,,True
1790649000,2026-09-29T02:30:00Z,สังขละบุรี,793,0.0,0.0,0.0,,,True
1790649000,2026-09-29T02:30:00Z,หนองม่วงไข่,35,0.0,0.0,0.0,,,True
1790649000,2026-09-29T02:30:00Z,ภูเวียง,81,0.0,0.0,0.0,,,True
1790649000,2026-09-29T02:30:00Z,มัญจาคีรี,50,0.0,0.0,0.0,,,True
1790649000,2026-09-29T02:30:00Z,หนองปรือ,104,0.0,0.0,0.0,,,True
1790649000,2026-09-29T02:30:00Z,เลาขวัญ,123,0.0,0.0,0.0,,,True
1790649000,2026-09-29T02:30:00Z,หนองนาคำ,43,0.0,0.0,0.0,,,True
1790649000,2026-09-29T02:30:00Z,โคกโพธิ์ไชย,65,0.0,0.0,0.0,,,True
1790649000,2026-09-29T02:30:00Z,บ้านหลวง,91,0.0,0.0,0.0,,,True
1790649000,2026-09-29T02:30:00Z,นาน้อย,266,0.0,0.0,0.0,,,True
1790649000,2026-09-29T02:30:00Z,ภูผาม่าน,74,0.0,0.0,0.0,,,True
1790649000,2026-09-29T02:30:00Z,เมืองน่าน,161,0.0,0.0,0.0,,,True
1790649000,2026-09-29T02:30:00Z,แม่จริม,262,0.0,0.0,0.0,,,True
1790649000,2026-09-29T02:30:00Z,เวียงเก่า,78,0.0,0.0,0.0,,,True
1790649000,2026-09-29T02:30:00Z,เมืองกำแพงเพชร,368,0.0,0.0,0.0,,,True
1790649000,2026-09-29T02:30:00Z,ไทรงาม,133,0.0,0.0,0.0,,,True
1790649000,2026-09-29T02:30:00Z,ปางศิลาทอง,186,0.0,0.0,0.0,,,True
1790649000,2026-09-29T02:30:00Z,ลานกระบือ,103,0.0,0.0,0.0,,,True
1790649000,2026-09-29T02:30:00Z,ทรายทองวัฒนา,53,0.0,0.0,0.0,,,True
1790649000,2026-09-29T02:30:00Z,คลองขลุง,179,0.0,0.0,0.0,,,True
1790649000,2026-09-29T02:30:00Z,พรานกระต่าย,252,0.0,0.0,0.0,,,True
1790649000,2026-09-29T02:30:00Z,คลองลาน,363,0.0,0.0,0.0,,,True
1790649000,2026-09-29T02:30:00Z,ขาณุวรลักษบุรี,296,0.0,0.0,0.0,,,True
1790649000,2026-09-29T02:30:00Z,ภูเพียง,113,0.0,0.0,0.0,,,True
1790649000,2026-09-29T02:30:00Z,นาหมื่น,245,0.0,0.0,0.0,,,True
1790649000,2026-09-29T02:30:00Z,เวียงสา,543,0.0,0.0,0.0,,,True
1790649000,2026-09-29T02:30:00Z,น้ำโสม,153,0.0,0.0,0.0,,,True
1790649000,2026-09-29T02:30:00Z,นายูง,126,0.0,0.0,0.0,,,True
1790649000,2026-09-29T02:30:00Z,ชุมแพ,173,0.0,0.0,0.0,,,True
1790649000,2026-09-29T02:30:00Z,สีชมพู,132,0.0,0.0,0.0,,,True
1790649000,2026-09-29T02:30:00Z,สุวรรณคูหา,140,0.0,0.0,0.0,,,True
1790649000,2026-09-29T02:30:00Z,นาวัง,65,0.0,0.0,0.0,,,True
1790649000,2026-09-29T02:30:00Z,หนองเรือ,80,0.0,0.0,0.0,,,True
1790649000,2026-09-29T02:30:00Z,โนนสัง,51,0.0,0.0,0.0,,,True
1790649000,2026-09-29T02:30:00Z,ศรีบุญเรือง,224,0.0,0.0,0.0,,,True
1790649000,2026-09-29T02:30:00Z,เมืองหนองบัวลำภู,217,0.0,0.0,0.0,,,True
1790649000,2026-09-29T02:30:00Z,นากลาง,173,0.0,0.0,0.0,,,True
1790649000,2026-09-29T02:30:00Z,ทุ่งเสลี่ยม,144,0.0,0.0,0.0,,,True
1790649000,2026-09-29T02:30:00Z,ดอยหล่อ,56,0.0,0.0,0.0,,,True
1790649000,2026-09-29T02:30:00Z,เมืองตาก,486,0.0,0.0,0.0,,,True
1790649000,2026-09-29T02:30:00Z,แม่ออน,116,0.0,0.0,0.0,,,True
1790649000,2026-09-29T02:30:00Z,อุ้มผาง,1209,0.0,0.0,0.0,,,True
1790649000,2026-09-29T02:30:00Z,วังเจ้า,183,0.0,0.0,0.0,,,True
1790649000,2026-09-29T02:30:00Z,แม่สอด,398,0.0,0.0,0.0,,,True
1790649000,2026-09-29T02:30:00Z,พบพระ,249,0.0,0.0,0.0,,,True
1790649000,2026-09-29T02:30:00Z,แม่ระมาด,380,0.0,0.0,0.0,,,True
1790649000,2026-09-29T02:30:00Z,ท่าสองยาง,401,0.0,0.0,0.0,,,True
1790649000,2026-09-29T02:30:00Z,บ้านตาก,255,0.0,0.0,0.0,,,True
1790649000,2026-09-29T02:30:00Z,สามเงา,698,0.001,0.098,0.0072,,30,True
1790649000,2026-09-29T02:30:00Z,จอมทอง,280,0.0,0.0,0.0,,,True
1790649000,2026-09-29T02:30:00Z,แก้งสนามนาง,79,0.0,0.0,0.0,,,True
1790649000,2026-09-29T02:30:00Z,สีคิ้ว,292,0.0,0.0,0.0,,,True
1790649000,2026-09-29T02:30:00Z,พระทองคำ,90,0.0,0.0,0.0,,,True
1790649000,2026-09-29T02:30:00Z,เทพารักษ์,92,0.0,0.0,0.0,,,True
1790649000,2026-09-29T02:30:00Z,สันกำแพง,65,0.0,0.0,0.0,,,True
1790649000,2026-09-29T02:30:00Z,สันป่าตอง,44,0.0,0.0,0.0,,,True
1790649000,2026-09-29T02:30:00Z,ดอยเต่า,213,0.003,0.098,0.0282,,60,True
1790649000,2026-09-29T02:30:00Z,อมก๋อย,704,0.001,0.098,0.0099,,15,True
1790649000,2026-09-29T02:30:00Z,ฮอด,378,0.004,0.098,0.0397,,75,True
1790649000,2026-09-29T02:30:00Z,เมืองลำพูน,117,0.0,0.0,0.0,,,True
1790649000,2026-09-29T02:30:00Z,แม่ทา,192,0.0,0.0,0.0,,,True
1790649000,2026-09-29T02:30:00Z,บ้านธิ,34,0.0,0.0,0.0,,,True
1790649000,2026-09-29T02:30:00Z,บ้านหมอ,24,0.0,0.0,0.0,,,True
1790649000,2026-09-29T02:30:00Z,เวียงหนองล่อง,14,0.0,0.0,0.0,,,True
1790649000,2026-09-29T02:30:00Z,ทุ่งหัวช้าง,113,0.0,0.0,0.0,,,True
1790649000,2026-09-29T02:30:00Z,ป่าซาง,74,0.0,0.0,0.0,,,True
1790649000,2026-09-29T02:30:00Z,บ้านโฮ่ง,124,0.0,0.0,0.0,,,True
1790649000,2026-09-29T02:30:00Z,แก่งคอย,73,0.0,0.0,0.0,,,True
1790649000,2026-09-29T02:30:00Z,ลี้,454,0.0,0.0,0.0,,,True
1790649000,2026-09-29T02:30:00Z,พระพุทธบาท,55,0.0,0.0,0.0,,,True
1790649000,2026-09-29T02:30:00Z,ดอนพุด,7,0.0,0.0,0.0,,,True
1790649000,2026-09-29T02:30:00Z,หนองโดน,31,0.0,0.0,0.0,,,True
1790649000,2026-09-29T02:30:00Z,เมืองลำปาง,300,0.011,0.196,0.11,90,15,True
1790649000,2026-09-29T02:30:00Z,เถิน,443,0.0,0.0,0.0,,,True
1790649000,2026-09-29T02:30:00Z,แม่พริก,167,0.0,0.0,0.0,,,True
1790649000,2026-09-29T02:30:00Z,แจ้ห่ม,274,0.008,0.196,0.0693,,90,True
1790649000,2026-09-29T02:30:00Z,แม่เปิน,85,0.0,0.0,0.0,,,True
1790649000,2026-09-29T02:30:00Z,เสริมงาม,185,0.0,0.0,0.0,,,True
1790649000,2026-09-29T02:30:00Z,ชุมตาบง,61,0.0,0.0,0.0,,,True
1790649000,2026-09-29T02:30:00Z,งาว,344,0.001,0.098,0.0058,,120,True
1790649000,2026-09-29T02:30:00Z,ตากฟ้า,125,0.0,0.0,0.0,,,True
1790649000,2026-09-29T02:30:00Z,แม่เมาะ,283,0.009,0.098,0.0883,,15,True
1790649000,2026-09-29T02:30:00Z,แม่วงก์,257,0.0,0.0,0.0,,,True
1790649000,2026-09-29T02:30:00Z,เกาะคา,128,0.0,0.0,0.0,,,True
1790649000,2026-09-29T02:30:00Z,พยุหะคีรี,169,0.0,0.0,0.0,,,True
1790649000,2026-09-29T02:30:00Z,ลาดยาว,187,0.0,0.0,0.0,,,True
1790649000,2026-09-29T02:30:00Z,สบปราบ,125,0.0,0.0,0.0,,,True
1790649000,2026-09-29T02:30:00Z,ห้างฉัตร,154,0.0,0.0,0.0,,,True
1790649000,2026-09-29T02:30:00Z,แม่ทะ,203,0.007,0.098,0.0739,,15,True
1790649000,2026-09-29T02:30:00Z,เมืองปาน,202,0.0,0.0,0.0,,,True
1790649000,2026-09-29T02:30:00Z,เมืองอ่างทอง,6,0.0,0.0,0.0,,,True
1790649000,2026-09-29T02:30:00Z,ไชโย,20,0.0,0.0,0.0,,,True
1790649000,2026-09-29T02:30:00Z,สามโก้,10,0.0,0.0,0.0,,,True
1790649000,2026-09-29T02:30:00Z,แสวงหา,43,0.0,0.0,0.0,,,True
1790649000,2026-09-29T02:30:00Z,วิเศษชัยชาญ,7,0.0,0.0,0.0,,,True
1790649000,2026-09-29T02:30:00Z,โพธิ์ทอง,48,0.0,0.0,0.0,,,True
1790649000,2026-09-29T02:30:00Z,เมืองลพบุรี,190,0.0,0.0,0.0,,,True
1790649000,2026-09-29T02:30:00Z,เดิมบางนางบวช,130,0.0,0.0,0.0,,,True
1790649000,2026-09-29T02:30:00Z,ด่านช้าง,309,0.0,0.0,0.0,,,True
1790649000,2026-09-29T02:30:00Z,หนองม่วง,111,0.0,0.0,0.0,,,True
1790649000,2026-09-29T02:30:00Z,ลำสนธิ,136,0.0,0.0,0.0,,,True
1790649000,2026-09-29T02:30:00Z,สามชุก,77,0.0,0.0,0.0,,,True
1790649000,2026-09-29T02:30:00Z,ดอนเจดีย์,72,0.0,0.0,0.0,,,True
1790649000,2026-09-29T02:30:00Z,สระโบสถ์,83,0.0,0.0,0.0,,,True
1790649000,2026-09-29T02:30:00Z,ศรีประจันต์,41,0.0,0.0,0.0,,,True
1790649000,2026-09-29T02:30:00Z,โคกเจริญ,135,0.0,0.0,0.0,,,True
1790649000,2026-09-29T02:30:00Z,บ้านหมี่,136,0.0,0.0,0.0,,,True
1790649000,2026-09-29T02:30:00Z,ท่าหลวง,100,0.0,0.0,0.0,,,True
1790649000,2026-09-29T02:30:00Z,ชัยบาดาล,280,0.0,0.0,0.0,,,True
1790649000,2026-09-29T02:30:00Z,ท่าวุ้ง,64,0.0,0.0,0.0,,,True
1790649000,2026-09-29T02:30:00Z,พัฒนานิคม,217,0.0,0.0,0.0,,,True
1790649000,2026-09-29T02:30:00Z,โคกสำโรง,180,0.0,0.0,0.0,,,True
1790649000,2026-09-29T02:30:00Z,หนองหญ้าไซ,108,0.0,0.0,0.0,,,True
1790649000,2026-09-29T02:30:00Z,ท่าช้าง,11,0.0,0.0,0.0,,,True
1790649000,2026-09-29T02:30:00Z,อินทร์บุรี,66,0.0,0.0,0.0,,,True
1790649000,2026-09-29T02:30:00Z,ค่ายบางระจัน,26,0.0,0.0,0.0,,,True
1790649000,2026-09-29T02:30:00Z,พรหมบุรี,19,0.0,0.0,0.0,,,True
1790649000,2026-09-29T02:30:00Z,เนินสง่า,65,0.0,0.0,0.0,,,True
1790649000,2026-09-29T02:30:00Z,เมืองสิงห์บุรี,31,0.0,0.0,0.0,,,True
1790649000,2026-09-29T02:30:00Z,ซับใหญ่,72,0.0,0.0,0.0,,,True
1790649000,2026-09-29T02:30:00Z,บางระจัน,46,0.0,0.0,0.0,,,True
1790649000,2026-09-29T02:30:00Z,ภูกระดึง,190,0.0,0.0,0.0,,,True
1790649000,2026-09-29T02:30:00Z,ภูหลวง,145,0.0,0.0,0.0,,,True
1790649000,2026-09-29T02:30:00Z,หนองหิน,78,0.0,0.0,0.0,,,True
1790649000,2026-09-29T02:30:00Z,ผาขาว,100,0.0,0.0,0.0,,,True
1790649000,2026-09-29T02:30:00Z,เอราวัณ,87,0.0,0.0,0.0,,,True
1790649000,2026-09-29T02:30:00Z,วังสะพุง,281,0.0,0.0,0.0,,,True
1790649000,2026-09-29T02:30:00Z,วังม่วง,70,0.0,0.0,0.0,,,True
1790649000,2026-09-29T02:30:00Z,เฉลิมพระเกียรติ,35,0.0,0.0,0.0,,,True
1790649000,2026-09-29T02:30:00Z,มวกเหล็ก,175,0.0,0.0,0.0,,,True
1790649000,2026-09-29T02:30:00Z,บ้านเขว้า,124,0.0,0.0,0.0,,,True
1790649000,2026-09-29T02:30:00Z,คอนสวรรค์,113,0.0,0.0,0.0,,,True
1790649000,2026-09-29T02:30:00Z,เมืองชัยภูมิ,358,0.0,0.0,0.0,,,True
1790649000,2026-09-29T02:30:00Z,วังทอง,425,0.0,0.0,0.0,,,True
1790649000,2026-09-29T02:30:00Z,เนินมะปราง,276,0.0,0.0,0.0,,,True
1790649000,2026-09-29T02:30:00Z,สวรรคโลก,156,0.0,0.0,0.0,,,True
1790649000,2026-09-29T02:30:00Z,ศรีนคร,46,0.0,0.0,0.0,,,True
1790649000,2026-09-29T02:30:00Z,หันคา,139,0.0,0.0,0.0,,,True
1790649000,2026-09-29T02:30:00Z,ศรีสัชนาลัย,534,0.0,0.098,0.0037,,15,True
1790649000,2026-09-29T02:30:00Z,หนองมะโมง,76,0.0,0.0,0.0,,,True
1790649000,2026-09-29T02:30:00Z,ศรีสำโรง,142,0.0,0.0,0.0,,,True
1790649000,2026-09-29T02:30:00Z,สรรพยา,55,0.0,0.0,0.0,,,True
1790649000,2026-09-29T02:30:00Z,คีรีมาศ,171,0.0,0.0,0.0,,,True
1790649000,2026-09-29T02:30:00Z,สรรคบุรี,89,0.0,0.0,0.0,,,True
1790649000,2026-09-29T02:30:00Z,กงไกรลาศ,108,0.0,0.0,0.0,,,True
1790649000,2026-09-29T02:30:00Z,มโนรมย์,66,0.0,0.0,0.0,,,True
1790649000,2026-09-29T02:30:00Z,เมืองสุโขทัย,136,0.0,0.0,0.0,,,True
1790649000,2026-09-29T02:30:00Z,วัดสิงห์,67,0.0,0.0,0.0,,,True
1790649000,2026-09-29T02:30:00Z,บ้านด่านลานหอย,231,0.0,0.0,0.0,,,True
1790649000,2026-09-29T02:30:00Z,เมืองชัยนาท,70,0.0,0.0,0.0,,,True
1790649000,2026-09-29T02:30:00Z,เนินขาม,65,0.0,0.0,0.0,,,True
1790649000,2026-09-29T02:30:00Z,คอนสาร,334,0.0,0.0,0.0,,,True
1790649000,2026-09-29T02:30:00Z,ภักดีชุมพล,154,0.0,0.0,0.0,,,True
1790649000,2026-09-29T02:30:00Z,บ้านแท่น,76,0.0,0.0,0.0,,,True
1790649000,2026-09-29T02:30:00Z,แก้งคร้อ,168,0.0,0.0,0.0,,,True
1790649000,2026-09-29T02:30:00Z,ภูเขียว,201,0.0,0.0,0.0,,,True
1790649000,2026-09-29T02:30:00Z,หนองบัวระเหว,179,0.0,0.0,0.0,,,True
1790649000,2026-09-29T02:30:00Z,เทพสถิต,239,0.0,0.0,0.0,,,True
1790649000,2026-09-29T02:30:00Z,จัตุรัส,172,0.0,0.0,0.0,,,True
1790649000,2026-09-29T02:30:00Z,บำเหน็จณรงค์,120,0.0,0.0,0.0,,,True
1790649000,2026-09-29T02:30:00Z,เกษตรสมบูรณ์,268,0.0,0.0,0.0,,,True
1790649000,2026-09-29T02:30:00Z,หนองบัวแดง,537,0.0,0.0,0.0,,,True
1790649000,2026-09-29T02:30:00Z,ภูเรือ,168,0.0,0.0,0.0,,,True
1790649000,2026-09-29T02:30:00Z,ท่าลี่,171,0.0,0.0,0.0,,,True
1790649000,2026-09-29T02:30:00Z,วชิรบารมี,68,0.0,0.0,0.0,,,True
1790649000,2026-09-29T02:30:00Z,ด่านซ้าย,341,0.0,0.0,0.0,,,True
1790649000,2026-09-29T02:30:00Z,นาแห้ว,153,0.0,0.0,0.0,,,True
1790649000,2026-09-29T02:30:00Z,บึงนาราง,74,0.0,0.0,0.0,,,True
1790649000,2026-09-29T02:30:00Z,เชียงคาน,213,0.0,0.0,0.0,,,True
1790649000,2026-09-29T02:30:00Z,ดงเจริญ,56,0.0,0.0,0.0,,,True
1790649000,2026-09-29T02:30:00Z,ปากชม,240,0.0,0.0,0.0,,,True
1790649000,2026-09-29T02:30:00Z,เมืองเลย,314,0.0,0.0,0.0,,,True
1790649000,2026-09-29T02:30:00Z,นาด้วง,143,0.0,0.0,0.0,,,True
1790649000,2026-09-29T02:30:00Z,สากเหล็ก,45,0.0,0.0,0.0,,,True
1790649000,2026-09-29T02:30:00Z,สามง่าม,89,0.0,0.0,0.0,,,True
1790649000,2026-09-29T02:30:00Z,ทับคล้อ,104,0.0,0.0,0.0,,,True
1790649000,2026-09-29T02:30:00Z,พรหมพิราม,206,0.0,0.0,0.0,,,True
1790649000,2026-09-29T02:30:00Z,ด่านขุนทด,344,0.0,0.0,0.0,,,True
1790649000,2026-09-29T02:30:00Z,วัดโบสถ์,226,0.0,0.0,0.0,,,True
1790649000,2026-09-29T02:30:00Z,บางระกำ,246,0.0,0.0,0.0,,,True
1790649000,2026-09-29T02:30:00Z,บางกระทุ่ม,91,0.0,0.0,0.0,,,True
1790649000,2026-09-29T02:30:00Z,นครไทย,597,0.0,0.0,0.0,,,True
1790649000,2026-09-29T02:30:00Z,ชาติตระการ,415,0.0,0.0,0.0,,,True
1790649000,2026-09-29T02:30:00Z,บ้านเหลื่อม,55,0.0,0.0,0.0,,,True
1790649000,2026-09-29T02:30:00Z,เมืองพิษณุโลก,178,0.0,0.0,0.0,,,True
1790649000,2026-09-29T02:30:00Z,ชุมแสง,145,0.0,0.0,0.0,,,True
1790649000,2026-09-29T02:30:00Z,หนองบัว,208,0.0,0.0,0.0,,,True
1790649000,2026-09-29T02:30:00Z,เมืองนครสวรรค์,183,0.0,0.0,0.0,,,True
1790649000,2026-09-29T02:30:00Z,โกรกพระ,71,0.0,0.0,0.0,,,True
1790649000,2026-09-29T02:30:00Z,ไพศาลี,244,0.0,0.0,0.0,,,True
1790649000,2026-09-29T02:30:00Z,ตาคลี,206,0.0,0.0,0.0,,,True
1790649000,2026-09-29T02:30:00Z,ท่าตะโก,211,0.0,0.0,0.0,,,True
1790649000,2026-09-29T02:30:00Z,เขาค้อ,207,0.0,0.0,0.0,,,True
1790649000,2026-09-29T02:30:00Z,บรรพตพิสัย,181,0.0,0.0,0.0,,,True
1790649000,2026-09-29T02:30:00Z,เก้าเลี้ยว,57,0.0,0.0,0.0,,,True
1790649000,2026-09-29T02:30:00Z,วังโป่ง,123,0.0,0.0,0.0,,,True
1790649000,2026-09-29T02:30:00Z,บึงสามพัน,194,0.0,0.0,0.0,,,True
1790649000,2026-09-29T02:30:00Z,น้ำหนาว,231,0.0,0.0,0.0,,,True
1790649000,2026-09-29T02:30:00Z,ศรีเทพ,204,0.0,0.0,0.0,,,True
1790649000,2026-09-29T02:30:00Z,หนองไผ่,315,0.0,0.0,0.0,,,True
1790649000,2026-09-29T02:30:00Z,มหาราช,4,0.0,0.0,0.0,,,False
1790649000,2026-09-29T02:30:00Z,บ้านแพรก,10,0.0,0.0,0.0,,,True
1790649000,2026-09-29T02:30:00Z,บางมูลนาก,99,0.0,0.0,0.0,,,True
1790649000,2026-09-29T02:30:00Z,โพทะเล,131,0.0,0.0,0.0,,,True
1790649000,2026-09-29T02:30:00Z,โพธิ์ประทับช้าง,102,0.0,0.0,0.0,,,True
1790649000,2026-09-29T02:30:00Z,ตะพานหิน,109,0.0,0.0,0.0,,,True
1790649000,2026-09-29T02:30:00Z,เมืองพิจิตร,138,0.0,0.0,0.0,,,True
1790649000,2026-09-29T02:30:00Z,วังทรายพูน,66,0.0,0.0,0.0,,,True
1790649900,2026-09-29T02:45:00Z,พิชัย,176,0.0,0.0,0.0,,,True
1790649900,2026-09-29T02:45:00Z,ลับแล,116,0.0,0.0,0.0,,,True
1790649900,2026-09-29T02:45:00Z,ฟากท่า,163,0.0,0.0,0.0,,,True
1790649900,2026-09-29T02:45:00Z,บ้านโคก,247,0.0,0.0,0.0,,,True
1790649900,2026-09-29T02:45:00Z,ท่าปลา,442,0.0,0.098,0.0045,,15,True
1790649900,2026-09-29T02:45:00Z,น้ำปาด,363,0.0,0.0,0.0,,,True
1790649900,2026-09-29T02:45:00Z,เมืองอุตรดิตถ์,202,0.0,0.0,0.0,,,True
1790649900,2026-09-29T02:45:00Z,ตรอน,80,0.0,0.0,0.0,,,True
1790649900,2026-09-29T02:45:00Z,หล่มเก่า,246,0.0,0.0,0.0,,,True
1790649900,2026-09-29T02:45:00Z,วิเชียรบุรี,377,0.0,0.0,0.0,,,True
1790649900,2026-09-29T02:45:00Z,ชนแดน,279,0.0,0.0,0.0,,,True
1790649900,2026-09-29T02:45:00Z,หล่มสัก,350,0.0,0.0,0.0,,,True
1790649900,2026-09-29T02:45:00Z,เมืองเพชรบูรณ์,571,0.0,0.0,0.0,,,True
1790649900,2026-09-29T02:45:00Z,ทองแสนขัน,185,0.0,0.0,0.0,,,True
1790649900,2026-09-29T02:45:00Z,บึงสามัคคี,71,0.0,0.0,0.0,,,True
1790649900,2026-09-29T02:45:00Z,โกสัมพีนคร,137,0.0,0.0,0.0,,,True
1790649900,2026-09-29T02:45:00Z,สอง,380,0.0,0.0,0.0,,,True
1790649900,2026-09-29T02:45:00Z,วังชิ้น,255,0.008,0.196,0.0824,,15,True
1790649900,2026-09-29T02:45:00Z,สูงเม่น,88,0.007,0.098,0.0682,,30,True
1790649900,2026-09-29T02:45:00Z,เด่นชัย,135,0.003,0.098,0.0296,,15,True
1790649900,2026-09-29T02:45:00Z,ร้องกวาง,221,0.003,0.098,0.0317,,90,True
1790649900,2026-09-29T02:45:00Z,ลอง,317,0.0,0.0,0.0,,,True
1790649900,2026-09-29T02:45:00Z,เมืองแพร่,205,0.003,0.098,0.0341,,60,True
1790649900,2026-09-29T02:45:00Z,ทัพทัน,94,0.0,0.0,0.0,,,True
1790649900,2026-09-29T02:45:00Z,สว่างอารมณ์,110,0.0,0.0,0.0,,,True
1790649900,2026-09-29T02:45:00Z,เมืองอุทัยธานี,59,0.0,0.0,0.0,,,True
1790649900,2026-09-29T02:45:00Z,ห้วยคต,94,0.0,0.0,0.0,,,True
1790649900,2026-09-29T02:45:00Z,ศรีสวัสดิ์,440,0.0,0.0,0.0,,,True
1790649900,2026-09-29T02:45:00Z,บ้านไร่,821,0.0,0.0,0.0,,,True
1790649900,2026-09-29T02:45:00Z,ลานสัก,360,0.0,0.0,0.0,,,True
1790649900,2026-09-29T02:45:00Z,หนองฉาง,89,0.0,0.0,0.0,,,True
1790649900,2026-09-29T02:45:00Z,หนองขาหย่าง,43,0.0,0.0,0.0,,,True
1790649900,2026-09-29T02:45:00Z,เชียงม่วน,82,0.0,0.0,0.0,,,True
1790649900,2026-09-29T02:45:00Z,ดอกคำใต้,37,0.0,0.0,0.0,,,True
1790649900,2026-09-29T02:45:00Z,เมืองพะเยา,6,0.0,0.0,0.0,,,True
1790649900,2026-09-29T02:45:00Z,ทองผาภูมิ,851,0.0,0.0,0.0,,,True
1790649900,2026-09-29T02:45:00Z,สังขละบุรี,793,0.0,0.0,0.0,,,True
1790649900,2026-09-29T02:45:00Z,หนองม่วงไข่,35,0.003,0.098,0.0286,,90,True
1790649900,2026-09-29T02:45:00Z,ภูเวียง,81,0.0,0.0,0.0,,,True
1790649900,2026-09-29T02:45:00Z,มัญจาคีรี,50,0.0,0.0,0.0,,,True
1790649900,2026-09-29T02:45:00Z,หนองปรือ,104,0.0,0.0,0.0,,,True
1790649900,2026-09-29T02:45:00Z,เลาขวัญ,123,0.0,0.0,0.0,,,True
1790649900,2026-09-29T02:45:00Z,หนองนาคำ,43,0.0,0.0,0.0,,,True
1790649900,2026-09-29T02:45:00Z,โคกโพธิ์ไชย,65,0.0,0.0,0.0,,,True
1790649900,2026-09-29T02:45:00Z,บ้านหลวง,91,0.0,0.0,0.0,,,True
1790649900,2026-09-29T02:45:00Z,นาน้อย,266,0.0,0.0,0.0,,,True
1790649900,2026-09-29T02:45:00Z,ภูผาม่าน,74,0.0,0.0,0.0,,,True
1790649900,2026-09-29T02:45:00Z,เมืองน่าน,161,0.0,0.0,0.0,,,True
1790649900,2026-09-29T02:45:00Z,แม่จริม,262,0.0,0.0,0.0,,,True
1790649900,2026-09-29T02:45:00Z,เวียงเก่า,78,0.0,0.0,0.0,,,True
1790649900,2026-09-29T02:45:00Z,เมืองกำแพงเพชร,368,0.0,0.0,0.0,,,True
1790649900,2026-09-29T02:45:00Z,ไทรงาม,133,0.0,0.0,0.0,,,True
1790649900,2026-09-29T02:45:00Z,ปางศิลาทอง,186,0.0,0.0,0.0,,,True
1790649900,2026-09-29T02:45:00Z,ลานกระบือ,103,0.0,0.0,0.0,,,True
1790649900,2026-09-29T02:45:00Z,ทรายทองวัฒนา,53,0.0,0.0,0.0,,,True
1790649900,2026-09-29T02:45:00Z,คลองขลุง,179,0.0,0.0,0.0,,,True
1790649900,2026-09-29T02:45:00Z,พรานกระต่าย,252,0.0,0.0,0.0,,,True
1790649900,2026-09-29T02:45:00Z,คลองลาน,363,0.0,0.0,0.0,,,True
1790649900,2026-09-29T02:45:00Z,ขาณุวรลักษบุรี,296,0.0,0.0,0.0,,,True
1790649900,2026-09-29T02:45:00Z,ภูเพียง,113,0.0,0.0,0.0,,,True
1790649900,2026-09-29T02:45:00Z,นาหมื่น,245,0.0,0.0,0.0,,,True
1790649900,2026-09-29T02:45:00Z,เวียงสา,543,0.0,0.0,0.0,,,True
1790649900,2026-09-29T02:45:00Z,น้ำโสม,153,0.0,0.0,0.0,,,True
1790649900,2026-09-29T02:45:00Z,นายูง,126,0.0,0.0,0.0,,,True
1790649900,2026-09-29T02:45:00Z,ชุมแพ,173,0.0,0.0,0.0,,,True
1790649900,2026-09-29T02:45:00Z,สีชมพู,132,0.0,0.0,0.0,,,True
1790649900,2026-09-29T02:45:00Z,สุวรรณคูหา,140,0.0,0.0,0.0,,,True
1790649900,2026-09-29T02:45:00Z,นาวัง,65,0.0,0.0,0.0,,,True
1790649900,2026-09-29T02:45:00Z,หนองเรือ,80,0.0,0.0,0.0,,,True
1790649900,2026-09-29T02:45:00Z,โนนสัง,51,0.0,0.0,0.0,,,True
1790649900,2026-09-29T02:45:00Z,ศรีบุญเรือง,224,0.0,0.0,0.0,,,True
1790649900,2026-09-29T02:45:00Z,เมืองหนองบัวลำภู,217,0.0,0.0,0.0,,,True
1790649900,2026-09-29T02:45:00Z,นากลาง,173,0.0,0.0,0.0,,,True
1790649900,2026-09-29T02:45:00Z,ทุ่งเสลี่ยม,144,0.0,0.0,0.0,,,True
1790649900,2026-09-29T02:45:00Z,ดอยหล่อ,56,0.0,0.0,0.0,,,True
1790649900,2026-09-29T02:45:00Z,เมืองตาก,486,0.0,0.0,0.0,,,True
1790649900,2026-09-29T02:45:00Z,แม่ออน,116,0.0,0.0,0.0,,,True
1790649900,2026-09-29T02:45:00Z,อุ้มผาง,1209,0.0,0.0,0.0,,,True
1790649900,2026-09-29T02:45:00Z,วังเจ้า,183,0.0,0.0,0.0,,,True
1790649900,2026-09-29T02:45:00Z,แม่สอด,398,0.0,0.0,0.0,,,True
1790649900,2026-09-29T02:45:00Z,พบพระ,249,0.0,0.0,0.0,,,True
1790649900,2026-09-29T02:45:00Z,แม่ระมาด,380,0.0,0.0,0.0,,,True
1790649900,2026-09-29T02:45:00Z,ท่าสองยาง,401,0.0,0.0,0.0,,,True
1790649900,2026-09-29T02:45:00Z,บ้านตาก,255,0.0,0.0,0.0,,,True
1790649900,2026-09-29T02:45:00Z,สามเงา,698,0.001,0.098,0.0086,,15,True
1790649900,2026-09-29T02:45:00Z,จอมทอง,280,0.003,0.098,0.0286,,105,True
1790649900,2026-09-29T02:45:00Z,แก้งสนามนาง,79,0.0,0.0,0.0,,,True
1790649900,2026-09-29T02:45:00Z,สีคิ้ว,292,0.0,0.0,0.0,,,True
1790649900,2026-09-29T02:45:00Z,พระทองคำ,90,0.0,0.0,0.0,,,True
1790649900,2026-09-29T02:45:00Z,เทพารักษ์,92,0.0,0.0,0.0,,,True
1790649900,2026-09-29T02:45:00Z,สันกำแพง,65,0.0,0.0,0.0,,,True
1790649900,2026-09-29T02:45:00Z,สันป่าตอง,44,0.0,0.0,0.0,,,True
1790649900,2026-09-29T02:45:00Z,ดอยเต่า,213,0.006,0.098,0.0657,,30,True
1790649900,2026-09-29T02:45:00Z,อมก๋อย,704,0.0,0.098,0.0014,,15,True
1790649900,2026-09-29T02:45:00Z,ฮอด,378,0.004,0.098,0.0397,,60,True
1790649900,2026-09-29T02:45:00Z,เมืองลำพูน,117,0.0,0.0,0.0,,,True
1790649900,2026-09-29T02:45:00Z,แม่ทา,192,0.0,0.0,0.0,,,True
1790649900,2026-09-29T02:45:00Z,บ้านธิ,34,0.0,0.0,0.0,,,True
1790649900,2026-09-29T02:45:00Z,บ้านหมอ,24,0.0,0.0,0.0,,,True
1790649900,2026-09-29T02:45:00Z,เวียงหนองล่อง,14,0.0,0.0,0.0,,,True
1790649900,2026-09-29T02:45:00Z,ทุ่งหัวช้าง,113,0.0,0.0,0.0,,,True
1790649900,2026-09-29T02:45:00Z,ป่าซาง,74,0.0,0.0,0.0,,,True
1790649900,2026-09-29T02:45:00Z,บ้านโฮ่ง,124,0.0,0.0,0.0,,,True
1790649900,2026-09-29T02:45:00Z,แก่งคอย,73,0.0,0.0,0.0,,,True
1790649900,2026-09-29T02:45:00Z,ลี้,454,0.0,0.0,0.0,,,True
1790649900,2026-09-29T02:45:00Z,พระพุทธบาท,55,0.0,0.0,0.0,,,True
1790649900,2026-09-29T02:45:00Z,ดอนพุด,7,0.0,0.0,0.0,,,True
1790649900,2026-09-29T02:45:00Z,หนองโดน,31,0.0,0.0,0.0,,,True
1790649900,2026-09-29T02:45:00Z,เมืองลำปาง,300,0.004,0.196,0.0367,,15,True
1790649900,2026-09-29T02:45:00Z,เถิน,443,0.0,0.0,0.0,,,True
1790649900,2026-09-29T02:45:00Z,แม่พริก,167,0.0,0.0,0.0,,,True
1790649900,2026-09-29T02:45:00Z,แจ้ห่ม,274,0.001,0.098,0.0109,,105,True
1790649900,2026-09-29T02:45:00Z,แม่เปิน,85,0.0,0.0,0.0,,,True
1790649900,2026-09-29T02:45:00Z,เสริมงาม,185,0.0,0.0,0.0,,,True
1790649900,2026-09-29T02:45:00Z,ชุมตาบง,61,0.0,0.0,0.0,,,True
1790649900,2026-09-29T02:45:00Z,งาว,344,0.0,0.0,0.0,,,True
1790649900,2026-09-29T02:45:00Z,ตากฟ้า,125,0.0,0.0,0.0,,,True
1790649900,2026-09-29T02:45:00Z,แม่เมาะ,283,0.005,0.098,0.053,,30,True
1790649900,2026-09-29T02:45:00Z,แม่วงก์,257,0.0,0.0,0.0,,,True
1790649900,2026-09-29T02:45:00Z,เกาะคา,128,0.0,0.0,0.0,,,True
1790649900,2026-09-29T02:45:00Z,พยุหะคีรี,169,0.0,0.0,0.0,,,True
1790649900,2026-09-29T02:45:00Z,ลาดยาว,187,0.0,0.0,0.0,,,True
1790649900,2026-09-29T02:45:00Z,สบปราบ,125,0.0,0.0,0.0,,,True
1790649900,2026-09-29T02:45:00Z,ห้างฉัตร,154,0.0,0.0,0.0,,,True
1790649900,2026-09-29T02:45:00Z,แม่ทะ,203,0.01,0.098,0.1034,120,15,True
1790649900,2026-09-29T02:45:00Z,เมืองปาน,202,0.0,0.0,0.0,,,True
1790649900,2026-09-29T02:45:00Z,เมืองอ่างทอง,6,0.0,0.0,0.0,,,True
1790649900,2026-09-29T02:45:00Z,ไชโย,20,0.0,0.0,0.0,,,True
1790649900,2026-09-29T02:45:00Z,สามโก้,10,0.0,0.0,0.0,,,True
1790649900,2026-09-29T02:45:00Z,แสวงหา,43,0.0,0.0,0.0,,,True
1790649900,2026-09-29T02:45:00Z,วิเศษชัยชาญ,7,0.0,0.0,0.0,,,True
1790649900,2026-09-29T02:45:00Z,โพธิ์ทอง,48,0.0,0.0,0.0,,,True
1790649900,2026-09-29T02:45:00Z,เมืองลพบุรี,190,0.0,0.0,0.0,,,True
1790649900,2026-09-29T02:45:00Z,เดิมบางนางบวช,130,0.0,0.0,0.0,,,True
1790649900,2026-09-29T02:45:00Z,ด่านช้าง,309,0.0,0.0,0.0,,,True
1790649900,2026-09-29T02:45:00Z,หนองม่วง,111,0.0,0.0,0.0,,,True
1790649900,2026-09-29T02:45:00Z,ลำสนธิ,136,0.0,0.0,0.0,,,True
1790649900,2026-09-29T02:45:00Z,สามชุก,77,0.0,0.0,0.0,,,True
1790649900,2026-09-29T02:45:00Z,ดอนเจดีย์,72,0.0,0.0,0.0,,,True
1790649900,2026-09-29T02:45:00Z,สระโบสถ์,83,0.0,0.0,0.0,,,True
1790649900,2026-09-29T02:45:00Z,ศรีประจันต์,41,0.0,0.0,0.0,,,True
1790649900,2026-09-29T02:45:00Z,โคกเจริญ,135,0.0,0.0,0.0,,,True
1790649900,2026-09-29T02:45:00Z,บ้านหมี่,136,0.0,0.0,0.0,,,True
1790649900,2026-09-29T02:45:00Z,ท่าหลวง,100,0.0,0.0,0.0,,,True
1790649900,2026-09-29T02:45:00Z,ชัยบาดาล,280,0.0,0.0,0.0,,,True
1790649900,2026-09-29T02:45:00Z,ท่าวุ้ง,64,0.0,0.0,0.0,,,True
1790649900,2026-09-29T02:45:00Z,พัฒนานิคม,217,0.0,0.0,0.0,,,True
1790649900,2026-09-29T02:45:00Z,โคกสำโรง,180,0.0,0.0,0.0,,,True
1790649900,2026-09-29T02:45:00Z,หนองหญ้าไซ,108,0.0,0.0,0.0,,,True
1790649900,2026-09-29T02:45:00Z,ท่าช้าง,11,0.0,0.0,0.0,,,True
1790649900,2026-09-29T02:45:00Z,อินทร์บุรี,66,0.0,0.0,0.0,,,True
1790649900,2026-09-29T02:45:00Z,ค่ายบางระจัน,26,0.0,0.0,0.0,,,True
1790649900,2026-09-29T02:45:00Z,พรหมบุรี,19,0.0,0.0,0.0,,,True
1790649900,2026-09-29T02:45:00Z,เนินสง่า,65,0.0,0.0,0.0,,,True
1790649900,2026-09-29T02:45:00Z,เมืองสิงห์บุรี,31,0.0,0.0,0.0,,,True
1790649900,2026-09-29T02:45:00Z,ซับใหญ่,72,0.0,0.0,0.0,,,True
1790649900,2026-09-29T02:45:00Z,บางระจัน,46,0.0,0.0,0.0,,,True
1790649900,2026-09-29T02:45:00Z,ภูกระดึง,190,0.0,0.0,0.0,,,True
1790649900,2026-09-29T02:45:00Z,ภูหลวง,145,0.0,0.0,0.0,,,True
1790649900,2026-09-29T02:45:00Z,หนองหิน,78,0.0,0.0,0.0,,,True
1790649900,2026-09-29T02:45:00Z,ผาขาว,100,0.0,0.0,0.0,,,True
1790649900,2026-09-29T02:45:00Z,เอราวัณ,87,0.0,0.0,0.0,,,True
1790649900,2026-09-29T02:45:00Z,วังสะพุง,281,0.0,0.0,0.0,,,True
1790649900,2026-09-29T02:45:00Z,วังม่วง,70,0.0,0.0,0.0,,,True
1790649900,2026-09-29T02:45:00Z,เฉลิมพระเกียรติ,35,0.0,0.0,0.0,,,True
1790649900,2026-09-29T02:45:00Z,มวกเหล็ก,175,0.0,0.0,0.0,,,True
1790649900,2026-09-29T02:45:00Z,บ้านเขว้า,124,0.0,0.0,0.0,,,True
1790649900,2026-09-29T02:45:00Z,คอนสวรรค์,113,0.0,0.0,0.0,,,True
1790649900,2026-09-29T02:45:00Z,เมืองชัยภูมิ,358,0.0,0.0,0.0,,,True
1790649900,2026-09-29T02:45:00Z,วังทอง,425,0.0,0.0,0.0,,,True
1790649900,2026-09-29T02:45:00Z,เนินมะปราง,276,0.0,0.0,0.0,,,True
1790649900,2026-09-29T02:45:00Z,สวรรคโลก,156,0.0,0.0,0.0,,,True
1790649900,2026-09-29T02:45:00Z,ศรีนคร,46,0.0,0.0,0.0,,,True
1790649900,2026-09-29T02:45:00Z,หันคา,139,0.0,0.0,0.0,,,True
1790649900,2026-09-29T02:45:00Z,ศรีสัชนาลัย,534,0.003,0.201,0.0318,,15,True
1790649900,2026-09-29T02:45:00Z,หนองมะโมง,76,0.0,0.0,0.0,,,True
1790649900,2026-09-29T02:45:00Z,ศรีสำโรง,142,0.0,0.0,0.0,,,True
1790649900,2026-09-29T02:45:00Z,สรรพยา,55,0.0,0.0,0.0,,,True
1790649900,2026-09-29T02:45:00Z,คีรีมาศ,171,0.0,0.0,0.0,,,True
1790649900,2026-09-29T02:45:00Z,สรรคบุรี,89,0.0,0.0,0.0,,,True
1790649900,2026-09-29T02:45:00Z,กงไกรลาศ,108,0.0,0.0,0.0,,,True
1790649900,2026-09-29T02:45:00Z,มโนรมย์,66,0.0,0.0,0.0,,,True
1790649900,2026-09-29T02:45:00Z,เมืองสุโขทัย,136,0.0,0.0,0.0,,,True
1790649900,2026-09-29T02:45:00Z,วัดสิงห์,67,0.0,0.0,0.0,,,True
1790649900,2026-09-29T02:45:00Z,บ้านด่านลานหอย,231,0.0,0.0,0.0,,,True
1790649900,2026-09-29T02:45:00Z,เมืองชัยนาท,70,0.0,0.0,0.0,,,True
1790649900,2026-09-29T02:45:00Z,เนินขาม,65,0.0,0.0,0.0,,,True
1790649900,2026-09-29T02:45:00Z,คอนสาร,334,0.0,0.0,0.0,,,True
1790649900,2026-09-29T02:45:00Z,ภักดีชุมพล,154,0.0,0.0,0.0,,,True
1790649900,2026-09-29T02:45:00Z,บ้านแท่น,76,0.0,0.0,0.0,,,True
1790649900,2026-09-29T02:45:00Z,แก้งคร้อ,168,0.0,0.0,0.0,,,True
1790649900,2026-09-29T02:45:00Z,ภูเขียว,201,0.0,0.0,0.0,,,True
1790649900,2026-09-29T02:45:00Z,หนองบัวระเหว,179,0.0,0.0,0.0,,,True
1790649900,2026-09-29T02:45:00Z,เทพสถิต,239,0.0,0.0,0.0,,,True
1790649900,2026-09-29T02:45:00Z,จัตุรัส,172,0.0,0.0,0.0,,,True
1790649900,2026-09-29T02:45:00Z,บำเหน็จณรงค์,120,0.0,0.0,0.0,,,True
1790649900,2026-09-29T02:45:00Z,เกษตรสมบูรณ์,268,0.0,0.0,0.0,,,True
1790649900,2026-09-29T02:45:00Z,หนองบัวแดง,537,0.0,0.0,0.0,,,True
1790649900,2026-09-29T02:45:00Z,ภูเรือ,168,0.0,0.0,0.0,,,True
1790649900,2026-09-29T02:45:00Z,ท่าลี่,171,0.0,0.0,0.0,,,True
1790649900,2026-09-29T02:45:00Z,วชิรบารมี,68,0.0,0.0,0.0,,,True
1790649900,2026-09-29T02:45:00Z,ด่านซ้าย,341,0.0,0.0,0.0,,,True
1790649900,2026-09-29T02:45:00Z,นาแห้ว,153,0.0,0.0,0.0,,,True
1790649900,2026-09-29T02:45:00Z,บึงนาราง,74,0.0,0.0,0.0,,,True
1790649900,2026-09-29T02:45:00Z,เชียงคาน,213,0.0,0.0,0.0,,,True
1790649900,2026-09-29T02:45:00Z,ดงเจริญ,56,0.0,0.0,0.0,,,True
1790649900,2026-09-29T02:45:00Z,ปากชม,240,0.0,0.0,0.0,,,True
1790649900,2026-09-29T02:45:00Z,เมืองเลย,314,0.0,0.0,0.0,,,True
1790649900,2026-09-29T02:45:00Z,นาด้วง,143,0.0,0.0,0.0,,,True
1790649900,2026-09-29T02:45:00Z,สากเหล็ก,45,0.0,0.0,0.0,,,True
1790649900,2026-09-29T02:45:00Z,สามง่าม,89,0.0,0.0,0.0,,,True
1790649900,2026-09-29T02:45:00Z,ทับคล้อ,104,0.0,0.0,0.0,,,True
1790649900,2026-09-29T02:45:00Z,พรหมพิราม,206,0.0,0.0,0.0,,,True
1790649900,2026-09-29T02:45:00Z,ด่านขุนทด,344,0.0,0.0,0.0,,,True
1790649900,2026-09-29T02:45:00Z,วัดโบสถ์,226,0.0,0.0,0.0,,,True
1790649900,2026-09-29T02:45:00Z,บางระกำ,246,0.0,0.0,0.0,,,True
1790649900,2026-09-29T02:45:00Z,บางกระทุ่ม,91,0.0,0.0,0.0,,,True
1790649900,2026-09-29T02:45:00Z,นครไทย,597,0.0,0.0,0.0,,,True
1790649900,2026-09-29T02:45:00Z,ชาติตระการ,415,0.0,0.0,0.0,,,True
1790649900,2026-09-29T02:45:00Z,บ้านเหลื่อม,55,0.0,0.0,0.0,,,True
1790649900,2026-09-29T02:45:00Z,เมืองพิษณุโลก,178,0.0,0.0,0.0,,,True
1790649900,2026-09-29T02:45:00Z,ชุมแสง,145,0.0,0.0,0.0,,,True
1790649900,2026-09-29T02:45:00Z,หนองบัว,208,0.0,0.0,0.0,,,True
1790649900,2026-09-29T02:45:00Z,เมืองนครสวรรค์,183,0.0,0.0,0.0,,,True
1790649900,2026-09-29T02:45:00Z,โกรกพระ,71,0.0,0.0,0.0,,,True
1790649900,2026-09-29T02:45:00Z,ไพศาลี,244,0.0,0.0,0.0,,,True
1790649900,2026-09-29T02:45:00Z,ตาคลี,206,0.0,0.0,0.0,,,True
1790649900,2026-09-29T02:45:00Z,ท่าตะโก,211,0.0,0.0,0.0,,,True
1790649900,2026-09-29T02:45:00Z,เขาค้อ,207,0.0,0.0,0.0,,,True
1790649900,2026-09-29T02:45:00Z,บรรพตพิสัย,181,0.0,0.0,0.0,,,True
1790649900,2026-09-29T02:45:00Z,เก้าเลี้ยว,57,0.0,0.0,0.0,,,True
1790649900,2026-09-29T02:45:00Z,วังโป่ง,123,0.0,0.0,0.0,,,True
1790649900,2026-09-29T02:45:00Z,บึงสามพัน,194,0.0,0.0,0.0,,,True
1790649900,2026-09-29T02:45:00Z,น้ำหนาว,231,0.0,0.0,0.0,,,True
1790649900,2026-09-29T02:45:00Z,ศรีเทพ,204,0.0,0.0,0.0,,,True
1790649900,2026-09-29T02:45:00Z,หนองไผ่,315,0.0,0.0,0.0,,,True
1790649900,2026-09-29T02:45:00Z,มหาราช,4,0.0,0.0,0.0,,,False
1790649900,2026-09-29T02:45:00Z,บ้านแพรก,10,0.0,0.0,0.0,,,True
1790649900,2026-09-29T02:45:00Z,บางมูลนาก,99,0.0,0.0,0.0,,,True
1790649900,2026-09-29T02:45:00Z,โพทะเล,131,0.0,0.0,0.0,,,True
1790649900,2026-09-29T02:45:00Z,โพธิ์ประทับช้าง,102,0.0,0.0,0.0,,,True
1790649900,2026-09-29T02:45:00Z,ตะพานหิน,109,0.0,0.0,0.0,,,True
1790649900,2026-09-29T02:45:00Z,เมืองพิจิตร,138,0.0,0.0,0.0,,,True
1790649900,2026-09-29T02:45:00Z,วังทรายพูน,66,0.0,0.0,0.0,,,True
1790650800,2026-09-29T03:00:00Z,พิชัย,176,0.0,0.0,0.0,,,True
1790650800,2026-09-29T03:00:00Z,ลับแล,116,0.0,0.0,0.0,,,True
1790650800,2026-09-29T03:00:00Z,ฟากท่า,163,0.0,0.0,0.0,,,True
1790650800,2026-09-29T03:00:00Z,บ้านโคก,247,0.0,0.0,0.0,,,True
1790650800,2026-09-29T03:00:00Z,ท่าปลา,442,0.0,0.098,0.0045,,15,True
1790650800,2026-09-29T03:00:00Z,น้ำปาด,363,0.0,0.0,0.0,,,True
1790650800,2026-09-29T03:00:00Z,เมืองอุตรดิตถ์,202,0.0,0.0,0.0,,,True
1790650800,2026-09-29T03:00:00Z,ตรอน,80,0.0,0.0,0.0,,,True
1790650800,2026-09-29T03:00:00Z,หล่มเก่า,246,0.0,0.0,0.0,,,True
1790650800,2026-09-29T03:00:00Z,วิเชียรบุรี,377,0.0,0.0,0.0,,,True
1790650800,2026-09-29T03:00:00Z,ชนแดน,279,0.0,0.0,0.0,,,True
1790650800,2026-09-29T03:00:00Z,หล่มสัก,350,0.0,0.0,0.0,,,True
1790650800,2026-09-29T03:00:00Z,เมืองเพชรบูรณ์,571,0.0,0.0,0.0,,,True
1790650800,2026-09-29T03:00:00Z,ทองแสนขัน,185,0.0,0.0,0.0,,,True
1790650800,2026-09-29T03:00:00Z,บึงสามัคคี,71,0.0,0.0,0.0,,,True
1790650800,2026-09-29T03:00:00Z,โกสัมพีนคร,137,0.0,0.0,0.0,,,True
1790650800,2026-09-29T03:00:00Z,สอง,380,0.001,0.098,0.0105,,120,True
1790650800,2026-09-29T03:00:00Z,วังชิ้น,255,0.008,0.201,0.0627,,15,True
1790650800,2026-09-29T03:00:00Z,สูงเม่น,88,0.013,0.196,0.0909,,15,True
1790650800,2026-09-29T03:00:00Z,เด่นชัย,135,0.001,0.098,0.0074,,15,True
1790650800,2026-09-29T03:00:00Z,ร้องกวาง,221,0.008,0.299,0.0588,,90,True
1790650800,2026-09-29T03:00:00Z,ลอง,317,0.001,0.098,0.0095,,60,True
1790650800,2026-09-29T03:00:00Z,เมืองแพร่,205,0.009,0.196,0.0683,,45,True
1790650800,2026-09-29T03:00:00Z,ทัพทัน,94,0.0,0.0,0.0,,,True
1790650800,2026-09-29T03:00:00Z,สว่างอารมณ์,110,0.0,0.0,0.0,,,True
1790650800,2026-09-29T03:00:00Z,เมืองอุทัยธานี,59,0.0,0.0,0.0,,,True
1790650800,2026-09-29T03:00:00Z,ห้วยคต,94,0.0,0.0,0.0,,,True
1790650800,2026-09-29T03:00:00Z,ศรีสวัสดิ์,440,0.0,0.0,0.0,,,True
1790650800,2026-09-29T03:00:00Z,บ้านไร่,821,0.0,0.0,0.0,,,True
1790650800,2026-09-29T03:00:00Z,ลานสัก,360,0.0,0.0,0.0,,,True
1790650800,2026-09-29T03:00:00Z,หนองฉาง,89,0.0,0.0,0.0,,,True
1790650800,2026-09-29T03:00:00Z,หนองขาหย่าง,43,0.0,0.0,0.0,,,True
1790650800,2026-09-29T03:00:00Z,เชียงม่วน,82,0.0,0.0,0.0,,,True
1790650800,2026-09-29T03:00:00Z,ดอกคำใต้,37,0.0,0.0,0.0,,,True
1790650800,2026-09-29T03:00:00Z,เมืองพะเยา,6,0.0,0.0,0.0,,,True
1790650800,2026-09-29T03:00:00Z,ทองผาภูมิ,851,0.0,0.0,0.0,,,True
1790650800,2026-09-29T03:00:00Z,สังขละบุรี,793,0.0,0.0,0.0,,,True
1790650800,2026-09-29T03:00:00Z,หนองม่วงไข่,35,0.006,0.098,0.0571,,75,True
1790650800,2026-09-29T03:00:00Z,ภูเวียง,81,0.0,0.0,0.0,,,True
1790650800,2026-09-29T03:00:00Z,มัญจาคีรี,50,0.0,0.0,0.0,,,True
1790650800,2026-09-29T03:00:00Z,หนองปรือ,104,0.0,0.0,0.0,,,True
1790650800,2026-09-29T03:00:00Z,เลาขวัญ,123,0.0,0.0,0.0,,,True
1790650800,2026-09-29T03:00:00Z,หนองนาคำ,43,0.0,0.0,0.0,,,True
1790650800,2026-09-29T03:00:00Z,โคกโพธิ์ไชย,65,0.0,0.0,0.0,,,True
1790650800,2026-09-29T03:00:00Z,บ้านหลวง,91,0.0,0.0,0.0,,,True
1790650800,2026-09-29T03:00:00Z,นาน้อย,266,0.0,0.0,0.0,,,True
1790650800,2026-09-29T03:00:00Z,ภูผาม่าน,74,0.0,0.0,0.0,,,True
1790650800,2026-09-29T03:00:00Z,เมืองน่าน,161,0.0,0.0,0.0,,,True
1790650800,2026-09-29T03:00:00Z,แม่จริม,262,0.0,0.0,0.0,,,True
1790650800,2026-09-29T03:00:00Z,เวียงเก่า,78,0.0,0.0,0.0,,,True
1790650800,2026-09-29T03:00:00Z,เมืองกำแพงเพชร,368,0.0,0.0,0.0,,,True
1790650800,2026-09-29T03:00:00Z,ไทรงาม,133,0.0,0.0,0.0,,,True
1790650800,2026-09-29T03:00:00Z,ปางศิลาทอง,186,0.0,0.0,0.0,,,True
1790650800,2026-09-29T03:00:00Z,ลานกระบือ,103,0.0,0.0,0.0,,,True
1790650800,2026-09-29T03:00:00Z,ทรายทองวัฒนา,53,0.0,0.0,0.0,,,True
1790650800,2026-09-29T03:00:00Z,คลองขลุง,179,0.0,0.0,0.0,,,True
1790650800,2026-09-29T03:00:00Z,พรานกระต่าย,252,0.0,0.0,0.0,,,True
1790650800,2026-09-29T03:00:00Z,คลองลาน,363,0.0,0.0,0.0,,,True
1790650800,2026-09-29T03:00:00Z,ขาณุวรลักษบุรี,296,0.0,0.0,0.0,,,True
1790650800,2026-09-29T03:00:00Z,ภูเพียง,113,0.0,0.0,0.0,,,True
1790650800,2026-09-29T03:00:00Z,นาหมื่น,245,0.0,0.0,0.0,,,True
1790650800,2026-09-29T03:00:00Z,เวียงสา,543,0.0,0.0,0.0,,,True
1790650800,2026-09-29T03:00:00Z,น้ำโสม,153,0.0,0.0,0.0,,,True
1790650800,2026-09-29T03:00:00Z,นายูง,126,0.0,0.0,0.0,,,True
1790650800,2026-09-29T03:00:00Z,ชุมแพ,173,0.0,0.0,0.0,,,True
1790650800,2026-09-29T03:00:00Z,สีชมพู,132,0.0,0.0,0.0,,,True
1790650800,2026-09-29T03:00:00Z,สุวรรณคูหา,140,0.0,0.0,0.0,,,True
1790650800,2026-09-29T03:00:00Z,นาวัง,65,0.0,0.0,0.0,,,True
1790650800,2026-09-29T03:00:00Z,หนองเรือ,80,0.0,0.0,0.0,,,True
1790650800,2026-09-29T03:00:00Z,โนนสัง,51,0.0,0.0,0.0,,,True
1790650800,2026-09-29T03:00:00Z,ศรีบุญเรือง,224,0.0,0.0,0.0,,,True
1790650800,2026-09-29T03:00:00Z,เมืองหนองบัวลำภู,217,0.0,0.0,0.0,,,True
1790650800,2026-09-29T03:00:00Z,นากลาง,173,0.0,0.0,0.0,,,True
1790650800,2026-09-29T03:00:00Z,ทุ่งเสลี่ยม,144,0.0,0.0,0.0,,,True
1790650800,2026-09-29T03:00:00Z,ดอยหล่อ,56,0.0,0.0,0.0,,,True
1790650800,2026-09-29T03:00:00Z,เมืองตาก,486,0.0,0.0,0.0,,,True
1790650800,2026-09-29T03:00:00Z,แม่ออน,116,0.0,0.0,0.0,,,True
1790650800,2026-09-29T03:00:00Z,อุ้มผาง,1209,0.0,0.0,0.0,,,True
1790650800,2026-09-29T03:00:00Z,วังเจ้า,183,0.0,0.0,0.0,,,True
1790650800,2026-09-29T03:00:00Z,แม่สอด,398,0.0,0.0,0.0,,,True
1790650800,2026-09-29T03:00:00Z,พบพระ,249,0.0,0.0,0.0,,,True
1790650800,2026-09-29T03:00:00Z,แม่ระมาด,380,0.0,0.0,0.0,,,True
1790650800,2026-09-29T03:00:00Z,ท่าสองยาง,401,0.0,0.0,0.0,,,True
1790650800,2026-09-29T03:00:00Z,บ้านตาก,255,0.0,0.0,0.0,,,True
1790650800,2026-09-29T03:00:00Z,สามเงา,698,0.0,0.0,0.0,,,True
1790650800,2026-09-29T03:00:00Z,จอมทอง,280,0.0,0.098,0.0036,,75,True
1790650800,2026-09-29T03:00:00Z,แก้งสนามนาง,79,0.0,0.0,0.0,,,True
1790650800,2026-09-29T03:00:00Z,สีคิ้ว,292,0.0,0.0,0.0,,,True
1790650800,2026-09-29T03:00:00Z,พระทองคำ,90,0.0,0.0,0.0,,,True
1790650800,2026-09-29T03:00:00Z,เทพารักษ์,92,0.0,0.0,0.0,,,True
1790650800,2026-09-29T03:00:00Z,สันกำแพง,65,0.0,0.0,0.0,,,True
1790650800,2026-09-29T03:00:00Z,สันป่าตอง,44,0.0,0.0,0.0,,,True
1790650800,2026-09-29T03:00:00Z,ดอยเต่า,213,0.001,0.098,0.0094,,15,True
1790650800,2026-09-29T03:00:00Z,อมก๋อย,704,0.0,0.0,0.0,,,True
1790650800,2026-09-29T03:00:00Z,ฮอด,378,0.001,0.098,0.0106,,30,True
1790650800,2026-09-29T03:00:00Z,เมืองลำพูน,117,0.0,0.0,0.0,,,True
1790650800,2026-09-29T03:00:00Z,แม่ทา,192,0.0,0.0,0.0,,,True
1790650800,2026-09-29T03:00:00Z,บ้านธิ,34,0.0,0.0,0.0,,,True
1790650800,2026-09-29T03:00:00Z,บ้านหมอ,24,0.0,0.0,0.0,,,True
1790650800,2026-09-29T03:00:00Z,เวียงหนองล่อง,14,0.0,0.0,0.0,,,True
1790650800,2026-09-29T03:00:00Z,ทุ่งหัวช้าง,113,0.0,0.0,0.0,,,True
1790650800,2026-09-29T03:00:00Z,ป่าซาง,74,0.0,0.0,0.0,,,True
1790650800,2026-09-29T03:00:00Z,บ้านโฮ่ง,124,0.0,0.0,0.0,,,True
1790650800,2026-09-29T03:00:00Z,แก่งคอย,73,0.0,0.0,0.0,,,True
1790650800,2026-09-29T03:00:00Z,ลี้,454,0.0,0.0,0.0,,,True
1790650800,2026-09-29T03:00:00Z,พระพุทธบาท,55,0.0,0.0,0.0,,,True
1790650800,2026-09-29T03:00:00Z,ดอนพุด,7,0.0,0.0,0.0,,,True
1790650800,2026-09-29T03:00:00Z,หนองโดน,31,0.0,0.0,0.0,,,True
1790650800,2026-09-29T03:00:00Z,เมืองลำปาง,300,0.005,0.201,0.05,,75,True
1790650800,2026-09-29T03:00:00Z,เถิน,443,0.0,0.0,0.0,,,True
1790650800,2026-09-29T03:00:00Z,แม่พริก,167,0.0,0.0,0.0,,,True
1790650800,2026-09-29T03:00:00Z,แจ้ห่ม,274,0.001,0.098,0.0073,,120,True
1790650800,2026-09-29T03:00:00Z,แม่เปิน,85,0.0,0.0,0.0,,,True
1790650800,2026-09-29T03:00:00Z,เสริมงาม,185,0.0,0.0,0.0,,,True
1790650800,2026-09-29T03:00:00Z,ชุมตาบง,61,0.0,0.0,0.0,,,True
1790650800,2026-09-29T03:00:00Z,งาว,344,0.0,0.0,0.0,,,True
1790650800,2026-09-29T03:00:00Z,ตากฟ้า,125,0.0,0.0,0.0,,,True
1790650800,2026-09-29T03:00:00Z,แม่เมาะ,283,0.005,0.299,0.0318,,45,True
1790650800,2026-09-29T03:00:00Z,แม่วงก์,257,0.0,0.0,0.0,,,True
1790650800,2026-09-29T03:00:00Z,เกาะคา,128,0.0,0.0,0.0,,,True
1790650800,2026-09-29T03:00:00Z,พยุหะคีรี,169,0.0,0.0,0.0,,,True
1790650800,2026-09-29T03:00:00Z,ลาดยาว,187,0.0,0.0,0.0,,,True
1790650800,2026-09-29T03:00:00Z,สบปราบ,125,0.0,0.0,0.0,,,True
1790650800,2026-09-29T03:00:00Z,ห้างฉัตร,154,0.0,0.0,0.0,,,True
1790650800,2026-09-29T03:00:00Z,แม่ทะ,203,0.014,0.201,0.1084,105,15,True
1790650800,2026-09-29T03:00:00Z,เมืองปาน,202,0.0,0.0,0.0,,,True
1790650800,2026-09-29T03:00:00Z,เมืองอ่างทอง,6,0.0,0.0,0.0,,,True
1790650800,2026-09-29T03:00:00Z,ไชโย,20,0.0,0.0,0.0,,,True
1790650800,2026-09-29T03:00:00Z,สามโก้,10,0.0,0.0,0.0,,,True
1790650800,2026-09-29T03:00:00Z,แสวงหา,43,0.0,0.0,0.0,,,True
1790650800,2026-09-29T03:00:00Z,วิเศษชัยชาญ,7,0.0,0.0,0.0,,,True
1790650800,2026-09-29T03:00:00Z,โพธิ์ทอง,48,0.0,0.0,0.0,,,True
1790650800,2026-09-29T03:00:00Z,เมืองลพบุรี,190,0.0,0.0,0.0,,,True
1790650800,2026-09-29T03:00:00Z,เดิมบางนางบวช,130,0.0,0.0,0.0,,,True
1790650800,2026-09-29T03:00:00Z,ด่านช้าง,309,0.0,0.0,0.0,,,True
1790650800,2026-09-29T03:00:00Z,หนองม่วง,111,0.0,0.0,0.0,,,True
1790650800,2026-09-29T03:00:00Z,ลำสนธิ,136,0.0,0.0,0.0,,,True
1790650800,2026-09-29T03:00:00Z,สามชุก,77,0.0,0.0,0.0,,,True
1790650800,2026-09-29T03:00:00Z,ดอนเจดีย์,72,0.0,0.0,0.0,,,True
1790650800,2026-09-29T03:00:00Z,สระโบสถ์,83,0.0,0.0,0.0,,,True
1790650800,2026-09-29T03:00:00Z,ศรีประจันต์,41,0.0,0.0,0.0,,,True
1790650800,2026-09-29T03:00:00Z,โคกเจริญ,135,0.0,0.0,0.0,,,True
1790650800,2026-09-29T03:00:00Z,บ้านหมี่,136,0.0,0.0,0.0,,,True
1790650800,2026-09-29T03:00:00Z,ท่าหลวง,100,0.0,0.0,0.0,,,True
1790650800,2026-09-29T03:00:00Z,ชัยบาดาล,280,0.0,0.0,0.0,,,True
1790650800,2026-09-29T03:00:00Z,ท่าวุ้ง,64,0.0,0.0,0.0,,,True
1790650800,2026-09-29T03:00:00Z,พัฒนานิคม,217,0.0,0.0,0.0,,,True
1790650800,2026-09-29T03:00:00Z,โคกสำโรง,180,0.0,0.0,0.0,,,True
1790650800,2026-09-29T03:00:00Z,หนองหญ้าไซ,108,0.0,0.0,0.0,,,True
1790650800,2026-09-29T03:00:00Z,ท่าช้าง,11,0.0,0.0,0.0,,,True
1790650800,2026-09-29T03:00:00Z,อินทร์บุรี,66,0.0,0.0,0.0,,,True
1790650800,2026-09-29T03:00:00Z,ค่ายบางระจัน,26,0.0,0.0,0.0,,,True
1790650800,2026-09-29T03:00:00Z,พรหมบุรี,19,0.0,0.0,0.0,,,True
1790650800,2026-09-29T03:00:00Z,เนินสง่า,65,0.0,0.0,0.0,,,True
1790650800,2026-09-29T03:00:00Z,เมืองสิงห์บุรี,31,0.0,0.0,0.0,,,True
1790650800,2026-09-29T03:00:00Z,ซับใหญ่,72,0.0,0.0,0.0,,,True
1790650800,2026-09-29T03:00:00Z,บางระจัน,46,0.0,0.0,0.0,,,True
1790650800,2026-09-29T03:00:00Z,ภูกระดึง,190,0.0,0.0,0.0,,,True
1790650800,2026-09-29T03:00:00Z,ภูหลวง,145,0.0,0.0,0.0,,,True
1790650800,2026-09-29T03:00:00Z,หนองหิน,78,0.0,0.0,0.0,,,True
1790650800,2026-09-29T03:00:00Z,ผาขาว,100,0.0,0.0,0.0,,,True
1790650800,2026-09-29T03:00:00Z,เอราวัณ,87,0.0,0.0,0.0,,,True
1790650800,2026-09-29T03:00:00Z,วังสะพุง,281,0.0,0.0,0.0,,,True
1790650800,2026-09-29T03:00:00Z,วังม่วง,70,0.0,0.0,0.0,,,True
1790650800,2026-09-29T03:00:00Z,เฉลิมพระเกียรติ,35,0.0,0.0,0.0,,,True
1790650800,2026-09-29T03:00:00Z,มวกเหล็ก,175,0.0,0.0,0.0,,,True
1790650800,2026-09-29T03:00:00Z,บ้านเขว้า,124,0.0,0.0,0.0,,,True
1790650800,2026-09-29T03:00:00Z,คอนสวรรค์,113,0.0,0.0,0.0,,,True
1790650800,2026-09-29T03:00:00Z,เมืองชัยภูมิ,358,0.0,0.0,0.0,,,True
1790650800,2026-09-29T03:00:00Z,วังทอง,425,0.0,0.0,0.0,,,True
1790650800,2026-09-29T03:00:00Z,เนินมะปราง,276,0.0,0.0,0.0,,,True
1790650800,2026-09-29T03:00:00Z,สวรรคโลก,156,0.0,0.0,0.0,,,True
1790650800,2026-09-29T03:00:00Z,ศรีนคร,46,0.0,0.0,0.0,,,True
1790650800,2026-09-29T03:00:00Z,หันคา,139,0.0,0.0,0.0,,,True
1790650800,2026-09-29T03:00:00Z,ศรีสัชนาลัย,534,0.002,0.201,0.015,,15,True
1790650800,2026-09-29T03:00:00Z,หนองมะโมง,76,0.0,0.0,0.0,,,True
1790650800,2026-09-29T03:00:00Z,ศรีสำโรง,142,0.0,0.0,0.0,,,True
1790650800,2026-09-29T03:00:00Z,สรรพยา,55,0.0,0.0,0.0,,,True
1790650800,2026-09-29T03:00:00Z,คีรีมาศ,171,0.0,0.0,0.0,,,True
1790650800,2026-09-29T03:00:00Z,สรรคบุรี,89,0.0,0.0,0.0,,,True
1790650800,2026-09-29T03:00:00Z,กงไกรลาศ,108,0.0,0.0,0.0,,,True
1790650800,2026-09-29T03:00:00Z,มโนรมย์,66,0.0,0.0,0.0,,,True
1790650800,2026-09-29T03:00:00Z,เมืองสุโขทัย,136,0.0,0.0,0.0,,,True
1790650800,2026-09-29T03:00:00Z,วัดสิงห์,67,0.0,0.0,0.0,,,True
1790650800,2026-09-29T03:00:00Z,บ้านด่านลานหอย,231,0.0,0.0,0.0,,,True
1790650800,2026-09-29T03:00:00Z,เมืองชัยนาท,70,0.0,0.0,0.0,,,True
1790650800,2026-09-29T03:00:00Z,เนินขาม,65,0.0,0.0,0.0,,,True
1790650800,2026-09-29T03:00:00Z,คอนสาร,334,0.0,0.0,0.0,,,True
1790650800,2026-09-29T03:00:00Z,ภักดีชุมพล,154,0.0,0.0,0.0,,,True
1790650800,2026-09-29T03:00:00Z,บ้านแท่น,76,0.0,0.0,0.0,,,True
1790650800,2026-09-29T03:00:00Z,แก้งคร้อ,168,0.0,0.0,0.0,,,True
1790650800,2026-09-29T03:00:00Z,ภูเขียว,201,0.0,0.0,0.0,,,True
1790650800,2026-09-29T03:00:00Z,หนองบัวระเหว,179,0.0,0.0,0.0,,,True
1790650800,2026-09-29T03:00:00Z,เทพสถิต,239,0.0,0.0,0.0,,,True
1790650800,2026-09-29T03:00:00Z,จัตุรัส,172,0.0,0.0,0.0,,,True
1790650800,2026-09-29T03:00:00Z,บำเหน็จณรงค์,120,0.0,0.0,0.0,,,True
1790650800,2026-09-29T03:00:00Z,เกษตรสมบูรณ์,268,0.0,0.0,0.0,,,True
1790650800,2026-09-29T03:00:00Z,หนองบัวแดง,537,0.0,0.0,0.0,,,True
1790650800,2026-09-29T03:00:00Z,ภูเรือ,168,0.0,0.0,0.0,,,True
1790650800,2026-09-29T03:00:00Z,ท่าลี่,171,0.0,0.0,0.0,,,True
1790650800,2026-09-29T03:00:00Z,วชิรบารมี,68,0.0,0.0,0.0,,,True
1790650800,2026-09-29T03:00:00Z,ด่านซ้าย,341,0.0,0.0,0.0,,,True
1790650800,2026-09-29T03:00:00Z,นาแห้ว,153,0.0,0.0,0.0,,,True
1790650800,2026-09-29T03:00:00Z,บึงนาราง,74,0.0,0.0,0.0,,,True
1790650800,2026-09-29T03:00:00Z,เชียงคาน,213,0.0,0.0,0.0,,,True
1790650800,2026-09-29T03:00:00Z,ดงเจริญ,56,0.0,0.0,0.0,,,True
1790650800,2026-09-29T03:00:00Z,ปากชม,240,0.0,0.0,0.0,,,True
1790650800,2026-09-29T03:00:00Z,เมืองเลย,314,0.0,0.0,0.0,,,True
1790650800,2026-09-29T03:00:00Z,นาด้วง,143,0.0,0.0,0.0,,,True
1790650800,2026-09-29T03:00:00Z,สากเหล็ก,45,0.0,0.0,0.0,,,True
1790650800,2026-09-29T03:00:00Z,สามง่าม,89,0.0,0.0,0.0,,,True
1790650800,2026-09-29T03:00:00Z,ทับคล้อ,104,0.0,0.0,0.0,,,True
1790650800,2026-09-29T03:00:00Z,พรหมพิราม,206,0.0,0.0,0.0,,,True
1790650800,2026-09-29T03:00:00Z,ด่านขุนทด,344,0.0,0.0,0.0,,,True
1790650800,2026-09-29T03:00:00Z,วัดโบสถ์,226,0.0,0.0,0.0,,,True
1790650800,2026-09-29T03:00:00Z,บางระกำ,246,0.0,0.0,0.0,,,True
1790650800,2026-09-29T03:00:00Z,บางกระทุ่ม,91,0.0,0.0,0.0,,,True
1790650800,2026-09-29T03:00:00Z,นครไทย,597,0.0,0.0,0.0,,,True
1790650800,2026-09-29T03:00:00Z,ชาติตระการ,415,0.0,0.0,0.0,,,True
1790650800,2026-09-29T03:00:00Z,บ้านเหลื่อม,55,0.0,0.0,0.0,,,True
1790650800,2026-09-29T03:00:00Z,เมืองพิษณุโลก,178,0.0,0.0,0.0,,,True
1790650800,2026-09-29T03:00:00Z,ชุมแสง,145,0.0,0.0,0.0,,,True
1790650800,2026-09-29T03:00:00Z,หนองบัว,208,0.0,0.0,0.0,,,True
1790650800,2026-09-29T03:00:00Z,เมืองนครสวรรค์,183,0.0,0.0,0.0,,,True
1790650800,2026-09-29T03:00:00Z,โกรกพระ,71,0.0,0.0,0.0,,,True
1790650800,2026-09-29T03:00:00Z,ไพศาลี,244,0.0,0.0,0.0,,,True
1790650800,2026-09-29T03:00:00Z,ตาคลี,206,0.0,0.0,0.0,,,True
1790650800,2026-09-29T03:00:00Z,ท่าตะโก,211,0.0,0.0,0.0,,,True
1790650800,2026-09-29T03:00:00Z,เขาค้อ,207,0.0,0.0,0.0,,,True
1790650800,2026-09-29T03:00:00Z,บรรพตพิสัย,181,0.0,0.0,0.0,,,True
1790650800,2026-09-29T03:00:00Z,เก้าเลี้ยว,57,0.0,0.0,0.0,,,True
1790650800,2026-09-29T03:00:00Z,วังโป่ง,123,0.0,0.0,0.0,,,True
1790650800,2026-09-29T03:00:00Z,บึงสามพัน,194,0.0,0.0,0.0,,,True
1790650800,2026-09-29T03:00:00Z,น้ำหนาว,231,0.0,0.0,0.0,,,True
1790650800,2026-09-29T03:00:00Z,ศรีเทพ,204,0.0,0.0,0.0,,,True
1790650800,2026-09-29T03:00:00Z,หนองไผ่,315,0.0,0.0,0.0,,,True
1790650800,2026-09-29T03:00:00Z,มหาราช,4,0.0,0.0,0.0,,,False
1790650800,2026-09-29T03:00:00Z,บ้านแพรก,10,0.0,0.0,0.0,,,True
1790650800,2026-09-29T03:00:00Z,บางมูลนาก,99,0.0,0.0,0.0,,,True
1790650800,2026-09-29T03:00:00Z,โพทะเล,131,0.0,0.0,0.0,,,True
1790650800,2026-09-29T03:00:00Z,โพธิ์ประทับช้าง,102,0.0,0.0,0.0,,,True
1790650800,2026-09-29T03:00:00Z,ตะพานหิน,109,0.0,0.0,0.0,,,True
1790650800,2026-09-29T03:00:00Z,เมืองพิจิตร,138,0.0,0.0,0.0,,,True
1790650800,2026-09-29T03:00:00Z,วังทรายพูน,66,0.0,0.0,0.0,,,True
1790651700,2026-09-29T03:15:00Z,พิชัย,176,0.0,0.0,0.0,,,True
1790651700,2026-09-29T03:15:00Z,ลับแล,116,0.001,0.098,0.0086,,15,True
1790651700,2026-09-29T03:15:00Z,ฟากท่า,163,0.0,0.0,0.0,,,True
1790651700,2026-09-29T03:15:00Z,บ้านโคก,247,0.0,0.0,0.0,,,True
1790651700,2026-09-29T03:15:00Z,ท่าปลา,442,0.0,0.0,0.0,,,True
1790651700,2026-09-29T03:15:00Z,น้ำปาด,363,0.0,0.0,0.0,,,True
1790651700,2026-09-29T03:15:00Z,เมืองอุตรดิตถ์,202,0.0,0.098,0.005,,15,True
1790651700,2026-09-29T03:15:00Z,ตรอน,80,0.0,0.0,0.0,,,True
1790651700,2026-09-29T03:15:00Z,หล่มเก่า,246,0.0,0.0,0.0,,,True
1790651700,2026-09-29T03:15:00Z,วิเชียรบุรี,377,0.0,0.0,0.0,,,True
1790651700,2026-09-29T03:15:00Z,ชนแดน,279,0.0,0.0,0.0,,,True
1790651700,2026-09-29T03:15:00Z,หล่มสัก,350,0.0,0.0,0.0,,,True
1790651700,2026-09-29T03:15:00Z,เมืองเพชรบูรณ์,571,0.0,0.0,0.0,,,True
1790651700,2026-09-29T03:15:00Z,ทองแสนขัน,185,0.0,0.0,0.0,,,True
1790651700,2026-09-29T03:15:00Z,บึงสามัคคี,71,0.0,0.0,0.0,,,True
1790651700,2026-09-29T03:15:00Z,โกสัมพีนคร,137,0.0,0.0,0.0,,,True
1790651700,2026-09-29T03:15:00Z,สอง,380,0.0,0.0,0.0,,,True
1790651700,2026-09-29T03:15:00Z,วังชิ้น,255,0.031,1.216,0.1255,90,15,True
1790651700,2026-09-29T03:15:00Z,สูงเม่น,88,0.013,0.098,0.1364,60,30,True
1790651700,2026-09-29T03:15:00Z,เด่นชัย,135,0.009,0.098,0.0963,,15,True
1790651700,2026-09-29T03:15:00Z,ร้องกวาง,221,0.002,0.098,0.0226,,105,True
1790651700,2026-09-29T03:15:00Z,ลอง,317,0.002,0.098,0.0221,,90,True
1790651700,2026-09-29T03:15:00Z,เมืองแพร่,205,0.006,0.098,0.0634,,60,True
1790651700,2026-09-29T03:15:00Z,ทัพทัน,94,0.0,0.0,0.0,,,True
1790651700,2026-09-29T03:15:00Z,สว่างอารมณ์,110,0.0,0.0,0.0,,,True
1790651700,2026-09-29T03:15:00Z,เมืองอุทัยธานี,59,0.0,0.0,0.0,,,True
1790651700,2026-09-29T03:15:00Z,ห้วยคต,94,0.0,0.0,0.0,,,True
1790651700,2026-09-29T03:15:00Z,ศรีสวัสดิ์,440,0.0,0.0,0.0,,,True
1790651700,2026-09-29T03:15:00Z,บ้านไร่,821,0.0,0.0,0.0,,,True
1790651700,2026-09-29T03:15:00Z,ลานสัก,360,0.0,0.0,0.0,,,True
1790651700,2026-09-29T03:15:00Z,หนองฉาง,89,0.0,0.0,0.0,,,True
1790651700,2026-09-29T03:15:00Z,หนองขาหย่าง,43,0.0,0.0,0.0,,,True
1790651700,2026-09-29T03:15:00Z,เชียงม่วน,82,0.0,0.0,0.0,,,True
1790651700,2026-09-29T03:15:00Z,ดอกคำใต้,37,0.0,0.0,0.0,,,True
1790651700,2026-09-29T03:15:00Z,เมืองพะเยา,6,0.0,0.0,0.0,,,True
1790651700,2026-09-29T03:15:00Z,ทองผาภูมิ,851,0.0,0.0,0.0,,,True
1790651700,2026-09-29T03:15:00Z,สังขละบุรี,793,0.0,0.0,0.0,,,True
1790651700,2026-09-29T03:15:00Z,หนองม่วงไข่,35,0.017,0.098,0.1714,120,90,True
1790651700,2026-09-29T03:15:00Z,ภูเวียง,81,0.0,0.0,0.0,,,True
1790651700,2026-09-29T03:15:00Z,มัญจาคีรี,50,0.0,0.0,0.0,,,True
1790651700,2026-09-29T03:15:00Z,หนองปรือ,104,0.0,0.0,0.0,,,True
1790651700,2026-09-29T03:15:00Z,เลาขวัญ,123,0.0,0.0,0.0,,,True
1790651700,2026-09-29T03:15:00Z,หนองนาคำ,43,0.0,0.0,0.0,,,True
1790651700,2026-09-29T03:15:00Z,โคกโพธิ์ไชย,65,0.0,0.0,0.0,,,True
1790651700,2026-09-29T03:15:00Z,บ้านหลวง,91,0.0,0.0,0.0,,,True
1790651700,2026-09-29T03:15:00Z,นาน้อย,266,0.0,0.0,0.0,,,True
1790651700,2026-09-29T03:15:00Z,ภูผาม่าน,74,0.0,0.0,0.0,,,True
1790651700,2026-09-29T03:15:00Z,เมืองน่าน,161,0.0,0.0,0.0,,,True
1790651700,2026-09-29T03:15:00Z,แม่จริม,262,0.0,0.0,0.0,,,True
1790651700,2026-09-29T03:15:00Z,เวียงเก่า,78,0.0,0.0,0.0,,,True
1790651700,2026-09-29T03:15:00Z,เมืองกำแพงเพชร,368,0.0,0.0,0.0,,,True
1790651700,2026-09-29T03:15:00Z,ไทรงาม,133,0.0,0.0,0.0,,,True
1790651700,2026-09-29T03:15:00Z,ปางศิลาทอง,186,0.0,0.0,0.0,,,True
1790651700,2026-09-29T03:15:00Z,ลานกระบือ,103,0.0,0.0,0.0,,,True
1790651700,2026-09-29T03:15:00Z,ทรายทองวัฒนา,53,0.0,0.0,0.0,,,True
1790651700,2026-09-29T03:15:00Z,คลองขลุง,179,0.0,0.0,0.0,,,True
1790651700,2026-09-29T03:15:00Z,พรานกระต่าย,252,0.0,0.0,0.0,,,True
1790651700,2026-09-29T03:15:00Z,คลองลาน,363,0.0,0.0,0.0,,,True
1790651700,2026-09-29T03:15:00Z,ขาณุวรลักษบุรี,296,0.0,0.0,0.0,,,True
1790651700,2026-09-29T03:15:00Z,ภูเพียง,113,0.0,0.0,0.0,,,True
1790651700,2026-09-29T03:15:00Z,นาหมื่น,245,0.0,0.0,0.0,,,True
1790651700,2026-09-29T03:15:00Z,เวียงสา,543,0.0,0.0,0.0,,,True
1790651700,2026-09-29T03:15:00Z,น้ำโสม,153,0.0,0.0,0.0,,,True
1790651700,2026-09-29T03:15:00Z,นายูง,126,0.0,0.0,0.0,,,True
1790651700,2026-09-29T03:15:00Z,ชุมแพ,173,0.0,0.0,0.0,,,True
1790651700,2026-09-29T03:15:00Z,สีชมพู,132,0.0,0.0,0.0,,,True
1790651700,2026-09-29T03:15:00Z,สุวรรณคูหา,140,0.0,0.0,0.0,,,True
1790651700,2026-09-29T03:15:00Z,นาวัง,65,0.0,0.0,0.0,,,True
1790651700,2026-09-29T03:15:00Z,หนองเรือ,80,0.0,0.0,0.0,,,True
1790651700,2026-09-29T03:15:00Z,โนนสัง,51,0.0,0.0,0.0,,,True
1790651700,2026-09-29T03:15:00Z,ศรีบุญเรือง,224,0.0,0.0,0.0,,,True
1790651700,2026-09-29T03:15:00Z,เมืองหนองบัวลำภู,217,0.0,0.0,0.0,,,True
1790651700,2026-09-29T03:15:00Z,นากลาง,173,0.0,0.0,0.0,,,True
1790651700,2026-09-29T03:15:00Z,ทุ่งเสลี่ยม,144,0.0,0.0,0.0,,,True
1790651700,2026-09-29T03:15:00Z,ดอยหล่อ,56,0.0,0.0,0.0,,,True
1790651700,2026-09-29T03:15:00Z,เมืองตาก,486,0.0,0.0,0.0,,,True
1790651700,2026-09-29T03:15:00Z,แม่ออน,116,0.0,0.0,0.0,,,True
1790651700,2026-09-29T03:15:00Z,อุ้มผาง,1209,0.0,0.0,0.0,,,True
1790651700,2026-09-29T03:15:00Z,วังเจ้า,183,0.0,0.0,0.0,,,True
1790651700,2026-09-29T03:15:00Z,แม่สอด,398,0.0,0.0,0.0,,,True
1790651700,2026-09-29T03:15:00Z,พบพระ,249,0.0,0.0,0.0,,,True
1790651700,2026-09-29T03:15:00Z,แม่ระมาด,380,0.0,0.0,0.0,,,True
1790651700,2026-09-29T03:15:00Z,ท่าสองยาง,401,0.0,0.0,0.0,,,True
1790651700,2026-09-29T03:15:00Z,บ้านตาก,255,0.0,0.0,0.0,,,True
1790651700,2026-09-29T03:15:00Z,สามเงา,698,0.0,0.0,0.0,,,True
1790651700,2026-09-29T03:15:00Z,จอมทอง,280,0.0,0.0,0.0,,,True
1790651700,2026-09-29T03:15:00Z,แก้งสนามนาง,79,0.0,0.0,0.0,,,True
1790651700,2026-09-29T03:15:00Z,สีคิ้ว,292,0.0,0.0,0.0,,,True
1790651700,2026-09-29T03:15:00Z,พระทองคำ,90,0.0,0.0,0.0,,,True
1790651700,2026-09-29T03:15:00Z,เทพารักษ์,92,0.0,0.0,0.0,,,True
1790651700,2026-09-29T03:15:00Z,สันกำแพง,65,0.0,0.0,0.0,,,True
1790651700,2026-09-29T03:15:00Z,สันป่าตอง,44,0.0,0.0,0.0,,,True
1790651700,2026-09-29T03:15:00Z,ดอยเต่า,213,0.0,0.0,0.0,,,True
1790651700,2026-09-29T03:15:00Z,อมก๋อย,704,0.0,0.0,0.0,,,True
1790651700,2026-09-29T03:15:00Z,ฮอด,378,0.001,0.098,0.0053,,15,True
1790651700,2026-09-29T03:15:00Z,เมืองลำพูน,117,0.0,0.0,0.0,,,True
1790651700,2026-09-29T03:15:00Z,แม่ทา,192,0.0,0.0,0.0,,,True
1790651700,2026-09-29T03:15:00Z,บ้านธิ,34,0.0,0.0,0.0,,,True
1790651700,2026-09-29T03:15:00Z,บ้านหมอ,24,0.0,0.0,0.0,,,True
1790651700,2026-09-29T03:15:00Z,เวียงหนองล่อง,14,0.0,0.0,0.0,,,True
1790651700,2026-09-29T03:15:00Z,ทุ่งหัวช้าง,113,0.0,0.0,0.0,,,True
1790651700,2026-09-29T03:15:00Z,ป่าซาง,74,0.0,0.0,0.0,,,True
1790651700,2026-09-29T03:15:00Z,บ้านโฮ่ง,124,0.0,0.0,0.0,,,True
1790651700,2026-09-29T03:15:00Z,แก่งคอย,73,0.0,0.0,0.0,,,True
1790651700,2026-09-29T03:15:00Z,ลี้,454,0.0,0.0,0.0,,,True
1790651700,2026-09-29T03:15:00Z,พระพุทธบาท,55,0.0,0.0,0.0,,,True
1790651700,2026-09-29T03:15:00Z,ดอนพุด,7,0.0,0.0,0.0,,,True
1790651700,2026-09-29T03:15:00Z,หนองโดน,31,0.0,0.0,0.0,,,True
1790651700,2026-09-29T03:15:00Z,เมืองลำปาง,300,0.011,0.294,0.0767,,30,True
1790651700,2026-09-29T03:15:00Z,เถิน,443,0.0,0.0,0.0,,,True
1790651700,2026-09-29T03:15:00Z,แม่พริก,167,0.0,0.0,0.0,,,True
1790651700,2026-09-29T03:15:00Z,แจ้ห่ม,274,0.002,0.196,0.0146,,105,True
1790651700,2026-09-29T03:15:00Z,แม่เปิน,85,0.0,0.0,0.0,,,True
1790651700,2026-09-29T03:15:00Z,เสริมงาม,185,0.0,0.0,0.0,,,True
1790651700,2026-09-29T03:15:00Z,ชุมตาบง,61,0.0,0.0,0.0,,,True
1790651700,2026-09-29T03:15:00Z,งาว,344,0.0,0.0,0.0,,,True
1790651700,2026-09-29T03:15:00Z,ตากฟ้า,125,0.0,0.0,0.0,,,True
1790651700,2026-09-29T03:15:00Z,แม่เมาะ,283,0.002,0.196,0.0106,,45,True
1790651700,2026-09-29T03:15:00Z,แม่วงก์,257,0.0,0.0,0.0,,,True
1790651700,2026-09-29T03:15:00Z,เกาะคา,128,0.0,0.0,0.0,,,True
1790651700,2026-09-29T03:15:00Z,พยุหะคีรี,169,0.0,0.0,0.0,,,True
1790651700,2026-09-29T03:15:00Z,ลาดยาว,187,0.0,0.0,0.0,,,True
1790651700,2026-09-29T03:15:00Z,สบปราบ,125,0.0,0.0,0.0,,,True
1790651700,2026-09-29T03:15:00Z,ห้างฉัตร,154,0.0,0.0,0.0,,,True
1790651700,2026-09-29T03:15:00Z,แม่ทะ,203,0.036,1.742,0.1478,90,15,True
1790651700,2026-09-29T03:15:00Z,เมืองปาน,202,0.0,0.0,0.0,,,True
1790651700,2026-09-29T03:15:00Z,เมืองอ่างทอง,6,0.0,0.0,0.0,,,True
1790651700,2026-09-29T03:15:00Z,ไชโย,20,0.0,0.0,0.0,,,True
1790651700,2026-09-29T03:15:00Z,สามโก้,10,0.0,0.0,0.0,,,True
1790651700,2026-09-29T03:15:00Z,แสวงหา,43,0.0,0.0,0.0,,,True
1790651700,2026-09-29T03:15:00Z,วิเศษชัยชาญ,7,0.0,0.0,0.0,,,True
1790651700,2026-09-29T03:15:00Z,โพธิ์ทอง,48,0.0,0.0,0.0,,,True
1790651700,2026-09-29T03:15:00Z,เมืองลพบุรี,190,0.0,0.0,0.0,,,True
1790651700,2026-09-29T03:15:00Z,เดิมบางนางบวช,130,0.0,0.0,0.0,,,True
1790651700,2026-09-29T03:15:00Z,ด่านช้าง,309,0.0,0.0,0.0,,,True
1790651700,2026-09-29T03:15:00Z,หนองม่วง,111,0.0,0.0,0.0,,,True
1790651700,2026-09-29T03:15:00Z,ลำสนธิ,136,0.0,0.0,0.0,,,True
1790651700,2026-09-29T03:15:00Z,สามชุก,77,0.0,0.0,0.0,,,True
1790651700,2026-09-29T03:15:00Z,ดอนเจดีย์,72,0.0,0.0,0.0,,,True
1790651700,2026-09-29T03:15:00Z,สระโบสถ์,83,0.0,0.0,0.0,,,True
1790651700,2026-09-29T03:15:00Z,ศรีประจันต์,41,0.0,0.0,0.0,,,True
1790651700,2026-09-29T03:15:00Z,โคกเจริญ,135,0.0,0.0,0.0,,,True
1790651700,2026-09-29T03:15:00Z,บ้านหมี่,136,0.0,0.0,0.0,,,True
1790651700,2026-09-29T03:15:00Z,ท่าหลวง,100,0.0,0.0,0.0,,,True
1790651700,2026-09-29T03:15:00Z,ชัยบาดาล,280,0.0,0.0,0.0,,,True
1790651700,2026-09-29T03:15:00Z,ท่าวุ้ง,64,0.0,0.0,0.0,,,True
1790651700,2026-09-29T03:15:00Z,พัฒนานิคม,217,0.0,0.0,0.0,,,True
1790651700,2026-09-29T03:15:00Z,โคกสำโรง,180,0.0,0.0,0.0,,,True
1790651700,2026-09-29T03:15:00Z,หนองหญ้าไซ,108,0.0,0.0,0.0,,,True
1790651700,2026-09-29T03:15:00Z,ท่าช้าง,11,0.0,0.0,0.0,,,True
1790651700,2026-09-29T03:15:00Z,อินทร์บุรี,66,0.0,0.0,0.0,,,True
1790651700,2026-09-29T03:15:00Z,ค่ายบางระจัน,26,0.0,0.0,0.0,,,True
1790651700,2026-09-29T03:15:00Z,พรหมบุรี,19,0.0,0.0,0.0,,,True
1790651700,2026-09-29T03:15:00Z,เนินสง่า,65,0.0,0.0,0.0,,,True
1790651700,2026-09-29T03:15:00Z,เมืองสิงห์บุรี,31,0.0,0.0,0.0,,,True
1790651700,2026-09-29T03:15:00Z,ซับใหญ่,72,0.0,0.0,0.0,,,True
1790651700,2026-09-29T03:15:00Z,บางระจัน,46,0.0,0.0,0.0,,,True
1790651700,2026-09-29T03:15:00Z,ภูกระดึง,190,0.0,0.0,0.0,,,True
1790651700,2026-09-29T03:15:00Z,ภูหลวง,145,0.0,0.0,0.0,,,True
1790651700,2026-09-29T03:15:00Z,หนองหิน,78,0.0,0.0,0.0,,,True
1790651700,2026-09-29T03:15:00Z,ผาขาว,100,0.0,0.0,0.0,,,True
1790651700,2026-09-29T03:15:00Z,เอราวัณ,87,0.0,0.0,0.0,,,True
1790651700,2026-09-29T03:15:00Z,วังสะพุง,281,0.0,0.0,0.0,,,True
1790651700,2026-09-29T03:15:00Z,วังม่วง,70,0.0,0.0,0.0,,,True
1790651700,2026-09-29T03:15:00Z,เฉลิมพระเกียรติ,35,0.0,0.0,0.0,,,True
1790651700,2026-09-29T03:15:00Z,มวกเหล็ก,175,0.0,0.0,0.0,,,True
1790651700,2026-09-29T03:15:00Z,บ้านเขว้า,124,0.0,0.0,0.0,,,True
1790651700,2026-09-29T03:15:00Z,คอนสวรรค์,113,0.0,0.0,0.0,,,True
1790651700,2026-09-29T03:15:00Z,เมืองชัยภูมิ,358,0.0,0.0,0.0,,,True
1790651700,2026-09-29T03:15:00Z,วังทอง,425,0.0,0.0,0.0,,,True
1790651700,2026-09-29T03:15:00Z,เนินมะปราง,276,0.0,0.0,0.0,,,True
1790651700,2026-09-29T03:15:00Z,สวรรคโลก,156,0.0,0.0,0.0,,,True
1790651700,2026-09-29T03:15:00Z,ศรีนคร,46,0.0,0.0,0.0,,,True
1790651700,2026-09-29T03:15:00Z,หันคา,139,0.0,0.0,0.0,,,True
1790651700,2026-09-29T03:15:00Z,ศรีสัชนาลัย,534,0.016,1.216,0.0599,,15,True
1790651700,2026-09-29T03:15:00Z,หนองมะโมง,76,0.0,0.0,0.0,,,True
1790651700,2026-09-29T03:15:00Z,ศรีสำโรง,142,0.0,0.0,0.0,,,True
1790651700,2026-09-29T03:15:00Z,สรรพยา,55,0.0,0.0,0.0,,,True
1790651700,2026-09-29T03:15:00Z,คีรีมาศ,171,0.0,0.0,0.0,,,True
1790651700,2026-09-29T03:15:00Z,สรรคบุรี,89,0.0,0.0,0.0,,,True
1790651700,2026-09-29T03:15:00Z,กงไกรลาศ,108,0.0,0.0,0.0,,,True
1790651700,2026-09-29T03:15:00Z,มโนรมย์,66,0.0,0.0,0.0,,,True
1790651700,2026-09-29T03:15:00Z,เมืองสุโขทัย,136,0.0,0.0,0.0,,,True
1790651700,2026-09-29T03:15:00Z,วัดสิงห์,67,0.0,0.0,0.0,,,True
1790651700,2026-09-29T03:15:00Z,บ้านด่านลานหอย,231,0.0,0.0,0.0,,,True
1790651700,2026-09-29T03:15:00Z,เมืองชัยนาท,70,0.0,0.0,0.0,,,True
1790651700,2026-09-29T03:15:00Z,เนินขาม,65,0.0,0.0,0.0,,,True
1790651700,2026-09-29T03:15:00Z,คอนสาร,334,0.0,0.0,0.0,,,True
1790651700,2026-09-29T03:15:00Z,ภักดีชุมพล,154,0.0,0.0,0.0,,,True
1790651700,2026-09-29T03:15:00Z,บ้านแท่น,76,0.0,0.0,0.0,,,True
1790651700,2026-09-29T03:15:00Z,แก้งคร้อ,168,0.0,0.0,0.0,,,True
1790651700,2026-09-29T03:15:00Z,ภูเขียว,201,0.0,0.0,0.0,,,True
1790651700,2026-09-29T03:15:00Z,หนองบัวระเหว,179,0.0,0.0,0.0,,,True
1790651700,2026-09-29T03:15:00Z,เทพสถิต,239,0.0,0.0,0.0,,,True
1790651700,2026-09-29T03:15:00Z,จัตุรัส,172,0.0,0.0,0.0,,,True
1790651700,2026-09-29T03:15:00Z,บำเหน็จณรงค์,120,0.0,0.0,0.0,,,True
1790651700,2026-09-29T03:15:00Z,เกษตรสมบูรณ์,268,0.0,0.0,0.0,,,True
1790651700,2026-09-29T03:15:00Z,หนองบัวแดง,537,0.0,0.0,0.0,,,True
1790651700,2026-09-29T03:15:00Z,ภูเรือ,168,0.0,0.0,0.0,,,True
1790651700,2026-09-29T03:15:00Z,ท่าลี่,171,0.0,0.0,0.0,,,True
1790651700,2026-09-29T03:15:00Z,วชิรบารมี,68,0.0,0.0,0.0,,,True
1790651700,2026-09-29T03:15:00Z,ด่านซ้าย,341,0.0,0.0,0.0,,,True
1790651700,2026-09-29T03:15:00Z,นาแห้ว,153,0.0,0.0,0.0,,,True
1790651700,2026-09-29T03:15:00Z,บึงนาราง,74,0.0,0.0,0.0,,,True
1790651700,2026-09-29T03:15:00Z,เชียงคาน,213,0.0,0.0,0.0,,,True
1790651700,2026-09-29T03:15:00Z,ดงเจริญ,56,0.0,0.0,0.0,,,True
1790651700,2026-09-29T03:15:00Z,ปากชม,240,0.0,0.0,0.0,,,True
1790651700,2026-09-29T03:15:00Z,เมืองเลย,314,0.0,0.0,0.0,,,True
1790651700,2026-09-29T03:15:00Z,นาด้วง,143,0.0,0.0,0.0,,,True
1790651700,2026-09-29T03:15:00Z,สากเหล็ก,45,0.0,0.0,0.0,,,True
1790651700,2026-09-29T03:15:00Z,สามง่าม,89,0.0,0.0,0.0,,,True
1790651700,2026-09-29T03:15:00Z,ทับคล้อ,104,0.0,0.0,0.0,,,True
1790651700,2026-09-29T03:15:00Z,พรหมพิราม,206,0.0,0.0,0.0,,,True
1790651700,2026-09-29T03:15:00Z,ด่านขุนทด,344,0.0,0.0,0.0,,,True
1790651700,2026-09-29T03:15:00Z,วัดโบสถ์,226,0.0,0.0,0.0,,,True
1790651700,2026-09-29T03:15:00Z,บางระกำ,246,0.0,0.0,0.0,,,True
1790651700,2026-09-29T03:15:00Z,บางกระทุ่ม,91,0.0,0.0,0.0,,,True
1790651700,2026-09-29T03:15:00Z,นครไทย,597,0.0,0.0,0.0,,,True
1790651700,2026-09-29T03:15:00Z,ชาติตระการ,415,0.0,0.0,0.0,,,True
1790651700,2026-09-29T03:15:00Z,บ้านเหลื่อม,55,0.0,0.0,0.0,,,True
1790651700,2026-09-29T03:15:00Z,เมืองพิษณุโลก,178,0.0,0.0,0.0,,,True
1790651700,2026-09-29T03:15:00Z,ชุมแสง,145,0.0,0.0,0.0,,,True
1790651700,2026-09-29T03:15:00Z,หนองบัว,208,0.0,0.0,0.0,,,True
1790651700,2026-09-29T03:15:00Z,เมืองนครสวรรค์,183,0.0,0.0,0.0,,,True
1790651700,2026-09-29T03:15:00Z,โกรกพระ,71,0.0,0.0,0.0,,,True
1790651700,2026-09-29T03:15:00Z,ไพศาลี,244,0.0,0.0,0.0,,,True
1790651700,2026-09-29T03:15:00Z,ตาคลี,206,0.0,0.0,0.0,,,True
1790651700,2026-09-29T03:15:00Z,ท่าตะโก,211,0.0,0.0,0.0,,,True
1790651700,2026-09-29T03:15:00Z,เขาค้อ,207,0.0,0.0,0.0,,,True
1790651700,2026-09-29T03:15:00Z,บรรพตพิสัย,181,0.0,0.0,0.0,,,True
1790651700,2026-09-29T03:15:00Z,เก้าเลี้ยว,57,0.0,0.0,0.0,,,True
1790651700,2026-09-29T03:15:00Z,วังโป่ง,123,0.0,0.0,0.0,,,True
1790651700,2026-09-29T03:15:00Z,บึงสามพัน,194,0.0,0.0,0.0,,,True
1790651700,2026-09-29T03:15:00Z,น้ำหนาว,231,0.0,0.0,0.0,,,True
1790651700,2026-09-29T03:15:00Z,ศรีเทพ,204,0.0,0.0,0.0,,,True
1790651700,2026-09-29T03:15:00Z,หนองไผ่,315,0.0,0.0,0.0,,,True
1790651700,2026-09-29T03:15:00Z,มหาราช,4,0.0,0.0,0.0,,,False
1790651700,2026-09-29T03:15:00Z,บ้านแพรก,10,0.0,0.0,0.0,,,True
1790651700,2026-09-29T03:15:00Z,บางมูลนาก,99,0.0,0.0,0.0,,,True
1790651700,2026-09-29T03:15:00Z,โพทะเล,131,0.0,0.0,0.0,,,True
1790651700,2026-09-29T03:15:00Z,โพธิ์ประทับช้าง,102,0.0,0.0,0.0,,,True
1790651700,2026-09-29T03:15:00Z,ตะพานหิน,109,0.0,0.0,0.0,,,True
1790651700,2026-09-29T03:15:00Z,เมืองพิจิตร,138,0.0,0.0,0.0,,,True
1790651700,2026-09-29T03:15:00Z,วังทรายพูน,66,0.0,0.0,0.0,,,True
1790652600,2026-09-29T03:30:00Z,พิชัย,176,0.0,0.0,0.0,,,True
1790652600,2026-09-29T03:30:00Z,ลับแล,116,0.0,0.0,0.0,,,True
1790652600,2026-09-29T03:30:00Z,ฟากท่า,163,0.0,0.0,0.0,,,True
1790652600,2026-09-29T03:30:00Z,บ้านโคก,247,0.0,0.0,0.0,,,True
1790652600,2026-09-29T03:30:00Z,ท่าปลา,442,0.0,0.0,0.0,,,True
1790652600,2026-09-29T03:30:00Z,น้ำปาด,363,0.0,0.0,0.0,,,True
1790652600,2026-09-29T03:30:00Z,เมืองอุตรดิตถ์,202,0.0,0.0,0.0,,,True
1790652600,2026-09-29T03:30:00Z,ตรอน,80,0.0,0.0,0.0,,,True
1790652600,2026-09-29T03:30:00Z,หล่มเก่า,246,0.0,0.0,0.0,,,True
1790652600,2026-09-29T03:30:00Z,วิเชียรบุรี,377,0.0,0.0,0.0,,,True
1790652600,2026-09-29T03:30:00Z,ชนแดน,279,0.0,0.0,0.0,,,True
1790652600,2026-09-29T03:30:00Z,หล่มสัก,350,0.0,0.0,0.0,,,True
1790652600,2026-09-29T03:30:00Z,เมืองเพชรบูรณ์,571,0.0,0.0,0.0,,,True
1790652600,2026-09-29T03:30:00Z,ทองแสนขัน,185,0.0,0.0,0.0,,,True
1790652600,2026-09-29T03:30:00Z,บึงสามัคคี,71,0.0,0.0,0.0,,,True
1790652600,2026-09-29T03:30:00Z,โกสัมพีนคร,137,0.0,0.0,0.0,,,True
1790652600,2026-09-29T03:30:00Z,สอง,380,0.001,0.098,0.0132,,90,True
1790652600,2026-09-29T03:30:00Z,วังชิ้น,255,0.018,0.201,0.1569,60,15,True
1790652600,2026-09-29T03:30:00Z,สูงเม่น,88,0.002,0.098,0.0227,,15,True
1790652600,2026-09-29T03:30:00Z,เด่นชัย,135,0.0,0.0,0.0,,,True
1790652600,2026-09-29T03:30:00Z,ร้องกวาง,221,0.001,0.098,0.0136,,75,True
1790652600,2026-09-29T03:30:00Z,ลอง,317,0.001,0.098,0.0095,,15,True
1790652600,2026-09-29T03:30:00Z,เมืองแพร่,205,0.002,0.098,0.0244,,30,True
1790652600,2026-09-29T03:30:00Z,ทัพทัน,94,0.0,0.0,0.0,,,True
1790652600,2026-09-29T03:30:00Z,สว่างอารมณ์,110,0.0,0.0,0.0,,,True
1790652600,2026-09-29T03:30:00Z,เมืองอุทัยธานี,59,0.0,0.0,0.0,,,True
1790652600,2026-09-29T03:30:00Z,ห้วยคต,94,0.0,0.0,0.0,,,True
1790652600,2026-09-29T03:30:00Z,ศรีสวัสดิ์,440,0.0,0.0,0.0,,,True
1790652600,2026-09-29T03:30:00Z,บ้านไร่,821,0.0,0.0,0.0,,,True
1790652600,2026-09-29T03:30:00Z,ลานสัก,360,0.0,0.0,0.0,,,True
1790652600,2026-09-29T03:30:00Z,หนองฉาง,89,0.0,0.0,0.0,,,True
1790652600,2026-09-29T03:30:00Z,หนองขาหย่าง,43,0.0,0.0,0.0,,,True
1790652600,2026-09-29T03:30:00Z,เชียงม่วน,82,0.0,0.0,0.0,,,True
1790652600,2026-09-29T03:30:00Z,ดอกคำใต้,37,0.0,0.0,0.0,,,True
1790652600,2026-09-29T03:30:00Z,เมืองพะเยา,6,0.0,0.0,0.0,,,True
1790652600,2026-09-29T03:30:00Z,ทองผาภูมิ,851,0.0,0.0,0.0,,,True
1790652600,2026-09-29T03:30:00Z,สังขละบุรี,793,0.0,0.0,0.0,,,True
1790652600,2026-09-29T03:30:00Z,หนองม่วงไข่,35,0.006,0.098,0.0571,,75,True
1790652600,2026-09-29T03:30:00Z,ภูเวียง,81,0.0,0.0,0.0,,,True
1790652600,2026-09-29T03:30:00Z,มัญจาคีรี,50,0.0,0.0,0.0,,,True
1790652600,2026-09-29T03:30:00Z,หนองปรือ,104,0.0,0.0,0.0,,,True
1790652600,2026-09-29T03:30:00Z,เลาขวัญ,123,0.0,0.0,0.0,,,True
1790652600,2026-09-29T03:30:00Z,หนองนาคำ,43,0.0,0.0,0.0,,,True
1790652600,2026-09-29T03:30:00Z,โคกโพธิ์ไชย,65,0.0,0.0,0.0,,,True
1790652600,2026-09-29T03:30:00Z,บ้านหลวง,91,0.0,0.0,0.0,,,True
1790652600,2026-09-29T03:30:00Z,นาน้อย,266,0.0,0.0,0.0,,,True
1790652600,2026-09-29T03:30:00Z,ภูผาม่าน,74,0.0,0.0,0.0,,,True
1790652600,2026-09-29T03:30:00Z,เมืองน่าน,161,0.0,0.0,0.0,,,True
1790652600,2026-09-29T03:30:00Z,แม่จริม,262,0.0,0.0,0.0,,,True
1790652600,2026-09-29T03:30:00Z,เวียงเก่า,78,0.0,0.0,0.0,,,True
1790652600,2026-09-29T03:30:00Z,เมืองกำแพงเพชร,368,0.0,0.0,0.0,,,True
1790652600,2026-09-29T03:30:00Z,ไทรงาม,133,0.0,0.0,0.0,,,True
1790652600,2026-09-29T03:30:00Z,ปางศิลาทอง,186,0.0,0.0,0.0,,,True
1790652600,2026-09-29T03:30:00Z,ลานกระบือ,103,0.0,0.0,0.0,,,True
1790652600,2026-09-29T03:30:00Z,ทรายทองวัฒนา,53,0.0,0.0,0.0,,,True
1790652600,2026-09-29T03:30:00Z,คลองขลุง,179,0.0,0.0,0.0,,,True
1790652600,2026-09-29T03:30:00Z,พรานกระต่าย,252,0.0,0.0,0.0,,,True
1790652600,2026-09-29T03:30:00Z,คลองลาน,363,0.0,0.0,0.0,,,True
1790652600,2026-09-29T03:30:00Z,ขาณุวรลักษบุรี,296,0.0,0.0,0.0,,,True
1790652600,2026-09-29T03:30:00Z,ภูเพียง,113,0.0,0.0,0.0,,,True
1790652600,2026-09-29T03:30:00Z,นาหมื่น,245,0.0,0.0,0.0,,,True
1790652600,2026-09-29T03:30:00Z,เวียงสา,543,0.0,0.0,0.0,,,True
1790652600,2026-09-29T03:30:00Z,น้ำโสม,153,0.0,0.0,0.0,,,True
1790652600,2026-09-29T03:30:00Z,นายูง,126,0.0,0.0,0.0,,,True
1790652600,2026-09-29T03:30:00Z,ชุมแพ,173,0.0,0.0,0.0,,,True
1790652600,2026-09-29T03:30:00Z,สีชมพู,132,0.0,0.0,0.0,,,True
1790652600,2026-09-29T03:30:00Z,สุวรรณคูหา,140,0.0,0.0,0.0,,,True
1790652600,2026-09-29T03:30:00Z,นาวัง,65,0.0,0.0,0.0,,,True
1790652600,2026-09-29T03:30:00Z,หนองเรือ,80,0.0,0.0,0.0,,,True
1790652600,2026-09-29T03:30:00Z,โนนสัง,51,0.0,0.0,0.0,,,True
1790652600,2026-09-29T03:30:00Z,ศรีบุญเรือง,224,0.0,0.0,0.0,,,True
1790652600,2026-09-29T03:30:00Z,เมืองหนองบัวลำภู,217,0.0,0.0,0.0,,,True
1790652600,2026-09-29T03:30:00Z,นากลาง,173,0.0,0.0,0.0,,,True
1790652600,2026-09-29T03:30:00Z,ทุ่งเสลี่ยม,144,0.0,0.0,0.0,,,True
1790652600,2026-09-29T03:30:00Z,ดอยหล่อ,56,0.0,0.0,0.0,,,True
1790652600,2026-09-29T03:30:00Z,เมืองตาก,486,0.0,0.0,0.0,,,True
1790652600,2026-09-29T03:30:00Z,แม่ออน,116,0.0,0.0,0.0,,,True
1790652600,2026-09-29T03:30:00Z,อุ้มผาง,1209,0.0,0.0,0.0,,,True
1790652600,2026-09-29T03:30:00Z,วังเจ้า,183,0.0,0.0,0.0,,,True
1790652600,2026-09-29T03:30:00Z,แม่สอด,398,0.0,0.0,0.0,,,True
1790652600,2026-09-29T03:30:00Z,พบพระ,249,0.0,0.0,0.0,,,True
1790652600,2026-09-29T03:30:00Z,แม่ระมาด,380,0.0,0.0,0.0,,,True
1790652600,2026-09-29T03:30:00Z,ท่าสองยาง,401,0.0,0.0,0.0,,,True
1790652600,2026-09-29T03:30:00Z,บ้านตาก,255,0.0,0.0,0.0,,,True
1790652600,2026-09-29T03:30:00Z,สามเงา,698,0.0,0.0,0.0,,,True
1790652600,2026-09-29T03:30:00Z,จอมทอง,280,0.0,0.0,0.0,,,True
1790652600,2026-09-29T03:30:00Z,แก้งสนามนาง,79,0.0,0.0,0.0,,,True
1790652600,2026-09-29T03:30:00Z,สีคิ้ว,292,0.0,0.0,0.0,,,True
1790652600,2026-09-29T03:30:00Z,พระทองคำ,90,0.0,0.0,0.0,,,True
1790652600,2026-09-29T03:30:00Z,เทพารักษ์,92,0.0,0.0,0.0,,,True
1790652600,2026-09-29T03:30:00Z,สันกำแพง,65,0.0,0.0,0.0,,,True
1790652600,2026-09-29T03:30:00Z,สันป่าตอง,44,0.0,0.0,0.0,,,True
1790652600,2026-09-29T03:30:00Z,ดอยเต่า,213,0.0,0.0,0.0,,,True
1790652600,2026-09-29T03:30:00Z,อมก๋อย,704,0.0,0.0,0.0,,,True
1790652600,2026-09-29T03:30:00Z,ฮอด,378,0.0,0.0,0.0,,,True
1790652600,2026-09-29T03:30:00Z,เมืองลำพูน,117,0.0,0.0,0.0,,,True
1790652600,2026-09-29T03:30:00Z,แม่ทา,192,0.0,0.0,0.0,,,True
1790652600,2026-09-29T03:30:00Z,บ้านธิ,34,0.0,0.0,0.0,,,True
1790652600,2026-09-29T03:30:00Z,บ้านหมอ,24,0.0,0.0,0.0,,,True
1790652600,2026-09-29T03:30:00Z,เวียงหนองล่อง,14,0.0,0.0,0.0,,,True
1790652600,2026-09-29T03:30:00Z,ทุ่งหัวช้าง,113,0.0,0.0,0.0,,,True
1790652600,2026-09-29T03:30:00Z,ป่าซาง,74,0.0,0.0,0.0,,,True
1790652600,2026-09-29T03:30:00Z,บ้านโฮ่ง,124,0.0,0.0,0.0,,,True
1790652600,2026-09-29T03:30:00Z,แก่งคอย,73,0.0,0.0,0.0,,,True
1790652600,2026-09-29T03:30:00Z,ลี้,454,0.0,0.0,0.0,,,True
1790652600,2026-09-29T03:30:00Z,พระพุทธบาท,55,0.0,0.0,0.0,,,True
1790652600,2026-09-29T03:30:00Z,ดอนพุด,7,0.0,0.0,0.0,,,True
1790652600,2026-09-29T03:30:00Z,หนองโดน,31,0.0,0.0,0.0,,,True
1790652600,2026-09-29T03:30:00Z,เมืองลำปาง,300,0.043,0.592,0.2333,75,30,True
1790652600,2026-09-29T03:30:00Z,เถิน,443,0.0,0.0,0.0,,,True
1790652600,2026-09-29T03:30:00Z,แม่พริก,167,0.0,0.0,0.0,,,True
1790652600,2026-09-29T03:30:00Z,แจ้ห่ม,274,0.016,0.592,0.0912,,90,True
1790652600,2026-09-29T03:30:00Z,แม่เปิน,85,0.0,0.0,0.0,,,True
1790652600,2026-09-29T03:30:00Z,เสริมงาม,185,0.0,0.0,0.0,,,True
1790652600,2026-09-29T03:30:00Z,ชุมตาบง,61,0.0,0.0,0.0,,,True
1790652600,2026-09-29T03:30:00Z,งาว,344,0.0,0.0,0.0,,,True
1790652600,2026-09-29T03:30:00Z,ตากฟ้า,125,0.0,0.0,0.0,,,True
1790652600,2026-09-29T03:30:00Z,แม่เมาะ,283,0.008,0.69,0.0353,,30,True
1790652600,2026-09-29T03:30:00Z,แม่วงก์,257,0.0,0.0,0.0,,,True
1790652600,2026-09-29T03:30:00Z,เกาะคา,128,0.0,0.0,0.0,,,True
1790652600,2026-09-29T03:30:00Z,พยุหะคีรี,169,0.0,0.0,0.0,,,True
1790652600,2026-09-29T03:30:00Z,ลาดยาว,187,0.0,0.0,0.0,,,True
1790652600,2026-09-29T03:30:00Z,สบปราบ,125,0.0,0.0,0.0,,,True
1790652600,2026-09-29T03:30:00Z,ห้างฉัตร,154,0.0,0.0,0.0,,,True
1790652600,2026-09-29T03:30:00Z,แม่ทะ,203,0.044,0.511,0.3251,15,15,True
1790652600,2026-09-29T03:30:00Z,เมืองปาน,202,0.0,0.0,0.0,,,True
1790652600,2026-09-29T03:30:00Z,เมืองอ่างทอง,6,0.0,0.0,0.0,,,True
1790652600,2026-09-29T03:30:00Z,ไชโย,20,0.0,0.0,0.0,,,True
1790652600,2026-09-29T03:30:00Z,สามโก้,10,0.0,0.0,0.0,,,True
1790652600,2026-09-29T03:30:00Z,แสวงหา,43,0.0,0.0,0.0,,,True
1790652600,2026-09-29T03:30:00Z,วิเศษชัยชาญ,7,0.0,0.0,0.0,,,True
1790652600,2026-09-29T03:30:00Z,โพธิ์ทอง,48,0.0,0.0,0.0,,,True
1790652600,2026-09-29T03:30:00Z,เมืองลพบุรี,190,0.0,0.0,0.0,,,True
1790652600,2026-09-29T03:30:00Z,เดิมบางนางบวช,130,0.0,0.0,0.0,,,True
1790652600,2026-09-29T03:30:00Z,ด่านช้าง,309,0.0,0.0,0.0,,,True
1790652600,2026-09-29T03:30:00Z,หนองม่วง,111,0.0,0.0,0.0,,,True
1790652600,2026-09-29T03:30:00Z,ลำสนธิ,136,0.0,0.0,0.0,,,True
1790652600,2026-09-29T03:30:00Z,สามชุก,77,0.0,0.0,0.0,,,True
1790652600,2026-09-29T03:30:00Z,ดอนเจดีย์,72,0.0,0.0,0.0,,,True
1790652600,2026-09-29T03:30:00Z,สระโบสถ์,83,0.0,0.0,0.0,,,True
1790652600,2026-09-29T03:30:00Z,ศรีประจันต์,41,0.0,0.0,0.0,,,True
1790652600,2026-09-29T03:30:00Z,โคกเจริญ,135,0.0,0.0,0.0,,,True
1790652600,2026-09-29T03:30:00Z,บ้านหมี่,136,0.0,0.0,0.0,,,True
1790652600,2026-09-29T03:30:00Z,ท่าหลวง,100,0.0,0.0,0.0,,,True
1790652600,2026-09-29T03:30:00Z,ชัยบาดาล,280,0.0,0.0,0.0,,,True
1790652600,2026-09-29T03:30:00Z,ท่าวุ้ง,64,0.0,0.0,0.0,,,True
1790652600,2026-09-29T03:30:00Z,พัฒนานิคม,217,0.0,0.0,0.0,,,True
1790652600,2026-09-29T03:30:00Z,โคกสำโรง,180,0.0,0.0,0.0,,,True
1790652600,2026-09-29T03:30:00Z,หนองหญ้าไซ,108,0.0,0.0,0.0,,,True
1790652600,2026-09-29T03:30:00Z,ท่าช้าง,11,0.0,0.0,0.0,,,True
1790652600,2026-09-29T03:30:00Z,อินทร์บุรี,66,0.0,0.0,0.0,,,True
1790652600,2026-09-29T03:30:00Z,ค่ายบางระจัน,26,0.0,0.0,0.0,,,True
1790652600,2026-09-29T03:30:00Z,พรหมบุรี,19,0.0,0.0,0.0,,,True
1790652600,2026-09-29T03:30:00Z,เนินสง่า,65,0.0,0.0,0.0,,,True
1790652600,2026-09-29T03:30:00Z,เมืองสิงห์บุรี,31,0.0,0.0,0.0,,,True
1790652600,2026-09-29T03:30:00Z,ซับใหญ่,72,0.0,0.0,0.0,,,True
1790652600,2026-09-29T03:30:00Z,บางระจัน,46,0.0,0.0,0.0,,,True
1790652600,2026-09-29T03:30:00Z,ภูกระดึง,190,0.0,0.0,0.0,,,True
1790652600,2026-09-29T03:30:00Z,ภูหลวง,145,0.0,0.0,0.0,,,True
1790652600,2026-09-29T03:30:00Z,หนองหิน,78,0.0,0.0,0.0,,,True
1790652600,2026-09-29T03:30:00Z,ผาขาว,100,0.0,0.0,0.0,,,True
1790652600,2026-09-29T03:30:00Z,เอราวัณ,87,0.0,0.0,0.0,,,True
1790652600,2026-09-29T03:30:00Z,วังสะพุง,281,0.0,0.0,0.0,,,True
1790652600,2026-09-29T03:30:00Z,วังม่วง,70,0.0,0.0,0.0,,,True
1790652600,2026-09-29T03:30:00Z,เฉลิมพระเกียรติ,35,0.0,0.0,0.0,,,True
1790652600,2026-09-29T03:30:00Z,มวกเหล็ก,175,0.0,0.0,0.0,,,True
1790652600,2026-09-29T03:30:00Z,บ้านเขว้า,124,0.0,0.0,0.0,,,True
1790652600,2026-09-29T03:30:00Z,คอนสวรรค์,113,0.0,0.0,0.0,,,True
1790652600,2026-09-29T03:30:00Z,เมืองชัยภูมิ,358,0.0,0.0,0.0,,,True
1790652600,2026-09-29T03:30:00Z,วังทอง,425,0.0,0.0,0.0,,,True
1790652600,2026-09-29T03:30:00Z,เนินมะปราง,276,0.0,0.0,0.0,,,True
1790652600,2026-09-29T03:30:00Z,สวรรคโลก,156,0.0,0.0,0.0,,,True
1790652600,2026-09-29T03:30:00Z,ศรีนคร,46,0.0,0.0,0.0,,,True
1790652600,2026-09-29T03:30:00Z,หันคา,139,0.0,0.0,0.0,,,True
1790652600,2026-09-29T03:30:00Z,ศรีสัชนาลัย,534,0.004,0.201,0.0356,,15,True
1790652600,2026-09-29T03:30:00Z,หนองมะโมง,76,0.0,0.0,0.0,,,True
1790652600,2026-09-29T03:30:00Z,ศรีสำโรง,142,0.0,0.0,0.0,,,True
1790652600,2026-09-29T03:30:00Z,สรรพยา,55,0.0,0.0,0.0,,,True
1790652600,2026-09-29T03:30:00Z,คีรีมาศ,171,0.0,0.0,0.0,,,True
1790652600,2026-09-29T03:30:00Z,สรรคบุรี,89,0.0,0.0,0.0,,,True
1790652600,2026-09-29T03:30:00Z,กงไกรลาศ,108,0.0,0.0,0.0,,,True
1790652600,2026-09-29T03:30:00Z,มโนรมย์,66,0.0,0.0,0.0,,,True
1790652600,2026-09-29T03:30:00Z,เมืองสุโขทัย,136,0.0,0.0,0.0,,,True
1790652600,2026-09-29T03:30:00Z,วัดสิงห์,67,0.0,0.0,0.0,,,True
1790652600,2026-09-29T03:30:00Z,บ้านด่านลานหอย,231,0.0,0.0,0.0,,,True
1790652600,2026-09-29T03:30:00Z,เมืองชัยนาท,70,0.0,0.0,0.0,,,True
1790652600,2026-09-29T03:30:00Z,เนินขาม,65,0.0,0.0,0.0,,,True
1790652600,2026-09-29T03:30:00Z,คอนสาร,334,0.0,0.0,0.0,,,True
1790652600,2026-09-29T03:30:00Z,ภักดีชุมพล,154,0.0,0.0,0.0,,,True
1790652600,2026-09-29T03:30:00Z,บ้านแท่น,76,0.0,0.0,0.0,,,True
1790652600,2026-09-29T03:30:00Z,แก้งคร้อ,168,0.0,0.0,0.0,,,True
1790652600,2026-09-29T03:30:00Z,ภูเขียว,201,0.0,0.0,0.0,,,True
1790652600,2026-09-29T03:30:00Z,หนองบัวระเหว,179,0.0,0.0,0.0,,,True
1790652600,2026-09-29T03:30:00Z,เทพสถิต,239,0.0,0.0,0.0,,,True
1790652600,2026-09-29T03:30:00Z,จัตุรัส,172,0.0,0.0,0.0,,,True
1790652600,2026-09-29T03:30:00Z,บำเหน็จณรงค์,120,0.0,0.0,0.0,,,True
1790652600,2026-09-29T03:30:00Z,เกษตรสมบูรณ์,268,0.0,0.0,0.0,,,True
1790652600,2026-09-29T03:30:00Z,หนองบัวแดง,537,0.0,0.0,0.0,,,True
1790652600,2026-09-29T03:30:00Z,ภูเรือ,168,0.0,0.0,0.0,,,True
1790652600,2026-09-29T03:30:00Z,ท่าลี่,171,0.0,0.0,0.0,,,True
1790652600,2026-09-29T03:30:00Z,วชิรบารมี,68,0.0,0.0,0.0,,,True
1790652600,2026-09-29T03:30:00Z,ด่านซ้าย,341,0.0,0.0,0.0,,,True
1790652600,2026-09-29T03:30:00Z,นาแห้ว,153,0.0,0.0,0.0,,,True
1790652600,2026-09-29T03:30:00Z,บึงนาราง,74,0.0,0.0,0.0,,,True
1790652600,2026-09-29T03:30:00Z,เชียงคาน,213,0.0,0.0,0.0,,,True
1790652600,2026-09-29T03:30:00Z,ดงเจริญ,56,0.0,0.0,0.0,,,True
1790652600,2026-09-29T03:30:00Z,ปากชม,240,0.0,0.0,0.0,,,True
1790652600,2026-09-29T03:30:00Z,เมืองเลย,314,0.0,0.0,0.0,,,True
1790652600,2026-09-29T03:30:00Z,นาด้วง,143,0.0,0.0,0.0,,,True
1790652600,2026-09-29T03:30:00Z,สากเหล็ก,45,0.0,0.0,0.0,,,True
1790652600,2026-09-29T03:30:00Z,สามง่าม,89,0.0,0.0,0.0,,,True
1790652600,2026-09-29T03:30:00Z,ทับคล้อ,104,0.0,0.0,0.0,,,True
1790652600,2026-09-29T03:30:00Z,พรหมพิราม,206,0.0,0.0,0.0,,,True
1790652600,2026-09-29T03:30:00Z,ด่านขุนทด,344,0.0,0.0,0.0,,,True
1790652600,2026-09-29T03:30:00Z,วัดโบสถ์,226,0.0,0.0,0.0,,,True
1790652600,2026-09-29T03:30:00Z,บางระกำ,246,0.0,0.0,0.0,,,True
1790652600,2026-09-29T03:30:00Z,บางกระทุ่ม,91,0.0,0.0,0.0,,,True
1790652600,2026-09-29T03:30:00Z,นครไทย,597,0.0,0.0,0.0,,,True
1790652600,2026-09-29T03:30:00Z,ชาติตระการ,415,0.0,0.0,0.0,,,True
1790652600,2026-09-29T03:30:00Z,บ้านเหลื่อม,55,0.0,0.0,0.0,,,True
1790652600,2026-09-29T03:30:00Z,เมืองพิษณุโลก,178,0.0,0.0,0.0,,,True
1790652600,2026-09-29T03:30:00Z,ชุมแสง,145,0.0,0.0,0.0,,,True
1790652600,2026-09-29T03:30:00Z,หนองบัว,208,0.0,0.0,0.0,,,True
1790652600,2026-09-29T03:30:00Z,เมืองนครสวรรค์,183,0.0,0.0,0.0,,,True
1790652600,2026-09-29T03:30:00Z,โกรกพระ,71,0.0,0.0,0.0,,,True
1790652600,2026-09-29T03:30:00Z,ไพศาลี,244,0.0,0.0,0.0,,,True
1790652600,2026-09-29T03:30:00Z,ตาคลี,206,0.0,0.0,0.0,,,True
1790652600,2026-09-29T03:30:00Z,ท่าตะโก,211,0.0,0.0,0.0,,,True
1790652600,2026-09-29T03:30:00Z,เขาค้อ,207,0.0,0.0,0.0,,,True
1790652600,2026-09-29T03:30:00Z,บรรพตพิสัย,181,0.0,0.0,0.0,,,True
1790652600,2026-09-29T03:30:00Z,เก้าเลี้ยว,57,0.0,0.0,0.0,,,True
1790652600,2026-09-29T03:30:00Z,วังโป่ง,123,0.0,0.0,0.0,,,True
1790652600,2026-09-29T03:30:00Z,บึงสามพัน,194,0.0,0.0,0.0,,,True
1790652600,2026-09-29T03:30:00Z,น้ำหนาว,231,0.0,0.0,0.0,,,True
1790652600,2026-09-29T03:30:00Z,ศรีเทพ,204,0.0,0.0,0.0,,,True
1790652600,2026-09-29T03:30:00Z,หนองไผ่,315,0.0,0.0,0.0,,,True
1790652600,2026-09-29T03:30:00Z,มหาราช,4,0.0,0.0,0.0,,,False
1790652600,2026-09-29T03:30:00Z,บ้านแพรก,10,0.0,0.0,0.0,,,True
1790652600,2026-09-29T03:30:00Z,บางมูลนาก,99,0.0,0.0,0.0,,,True
1790652600,2026-09-29T03:30:00Z,โพทะเล,131,0.0,0.0,0.0,,,True
1790652600,2026-09-29T03:30:00Z,โพธิ์ประทับช้าง,102,0.0,0.0,0.0,,,True
1790652600,2026-09-29T03:30:00Z,ตะพานหิน,109,0.0,0.0,0.0,,,True
1790652600,2026-09-29T03:30:00Z,เมืองพิจิตร,138,0.0,0.0,0.0,,,True
1790652600,2026-09-29T03:30:00Z,วังทรายพูน,66,0.0,0.0,0.0,,,True
1790653500,2026-09-29T03:45:00Z,พิชัย,176,0.0,0.0,0.0,,,True
1790653500,2026-09-29T03:45:00Z,ลับแล,116,0.0,0.0,0.0,,,True
1790653500,2026-09-29T03:45:00Z,ฟากท่า,163,0.0,0.0,0.0,,,True
1790653500,2026-09-29T03:45:00Z,บ้านโคก,247,0.0,0.0,0.0,,,True
1790653500,2026-09-29T03:45:00Z,ท่าปลา,442,0.006,0.299,0.043,,30,True
1790653500,2026-09-29T03:45:00Z,น้ำปาด,363,0.0,0.0,0.0,,,True
1790653500,2026-09-29T03:45:00Z,เมืองอุตรดิตถ์,202,0.02,0.299,0.1634,30,15,True
1790653500,2026-09-29T03:45:00Z,ตรอน,80,0.0,0.0,0.0,,,True
1790653500,2026-09-29T03:45:00Z,หล่มเก่า,246,0.0,0.0,0.0,,,True
1790653500,2026-09-29T03:45:00Z,วิเชียรบุรี,377,0.0,0.0,0.0,,,True
1790653500,2026-09-29T03:45:00Z,ชนแดน,279,0.0,0.0,0.0,,,True
1790653500,2026-09-29T03:45:00Z,หล่มสัก,350,0.0,0.0,0.0,,,True
1790653500,2026-09-29T03:45:00Z,เมืองเพชรบูรณ์,571,0.0,0.0,0.0,,,True
1790653500,2026-09-29T03:45:00Z,ทองแสนขัน,185,0.0,0.0,0.0,,,True
1790653500,2026-09-29T03:45:00Z,บึงสามัคคี,71,0.0,0.0,0.0,,,True
1790653500,2026-09-29T03:45:00Z,โกสัมพีนคร,137,0.0,0.0,0.0,,,True
1790653500,2026-09-29T03:45:00Z,สอง,380,0.001,0.098,0.0079,,90,True
1790653500,2026-09-29T03:45:00Z,วังชิ้น,255,0.018,0.201,0.1451,60,15,True
1790653500,2026-09-29T03:45:00Z,สูงเม่น,88,0.02,0.201,0.1818,90,30,True
1790653500,2026-09-29T03:45:00Z,เด่นชัย,135,0.005,0.201,0.0444,,15,True
1790653500,2026-09-29T03:45:00Z,ร้องกวาง,221,0.003,0.098,0.0317,,105,True
1790653500,2026-09-29T03:45:00Z,ลอง,317,0.0,0.0,0.0,,,True
1790653500,2026-09-29T03:45:00Z,เมืองแพร่,205,0.021,0.299,0.1659,90,45,True
1790653500,2026-09-29T03:45:00Z,ทัพทัน,94,0.0,0.0,0.0,,,True
1790653500,2026-09-29T03:45:00Z,สว่างอารมณ์,110,0.0,0.0,0.0,,,True
1790653500,2026-09-29T03:45:00Z,เมืองอุทัยธานี,59,0.0,0.0,0.0,,,True
1790653500,2026-09-29T03:45:00Z,ห้วยคต,94,0.0,0.0,0.0,,,True
1790653500,2026-09-29T03:45:00Z,ศรีสวัสดิ์,440,0.0,0.0,0.0,,,True
1790653500,2026-09-29T03:45:00Z,บ้านไร่,821,0.0,0.0,0.0,,,True
1790653500,2026-09-29T03:45:00Z,ลานสัก,360,0.0,0.0,0.0,,,True
1790653500,2026-09-29T03:45:00Z,หนองฉาง,89,0.0,0.0,0.0,,,True
1790653500,2026-09-29T03:45:00Z,หนองขาหย่าง,43,0.0,0.0,0.0,,,True
1790653500,2026-09-29T03:45:00Z,เชียงม่วน,82,0.0,0.0,0.0,,,True
1790653500,2026-09-29T03:45:00Z,ดอกคำใต้,37,0.0,0.0,0.0,,,True
1790653500,2026-09-29T03:45:00Z,เมืองพะเยา,6,0.0,0.0,0.0,,,True
1790653500,2026-09-29T03:45:00Z,ทองผาภูมิ,851,0.0,0.0,0.0,,,True
1790653500,2026-09-29T03:45:00Z,สังขละบุรี,793,0.0,0.0,0.0,,,True
1790653500,2026-09-29T03:45:00Z,หนองม่วงไข่,35,0.0,0.0,0.0,,,True
1790653500,2026-09-29T03:45:00Z,ภูเวียง,81,0.0,0.0,0.0,,,True
1790653500,2026-09-29T03:45:00Z,มัญจาคีรี,50,0.0,0.0,0.0,,,True
1790653500,2026-09-29T03:45:00Z,หนองปรือ,104,0.0,0.0,0.0,,,True
1790653500,2026-09-29T03:45:00Z,เลาขวัญ,123,0.0,0.0,0.0,,,True
1790653500,2026-09-29T03:45:00Z,หนองนาคำ,43,0.0,0.0,0.0,,,True
1790653500,2026-09-29T03:45:00Z,โคกโพธิ์ไชย,65,0.0,0.0,0.0,,,True
1790653500,2026-09-29T03:45:00Z,บ้านหลวง,91,0.0,0.0,0.0,,,True
1790653500,2026-09-29T03:45:00Z,นาน้อย,266,0.0,0.0,0.0,,,True
1790653500,2026-09-29T03:45:00Z,ภูผาม่าน,74,0.0,0.0,0.0,,,True
1790653500,2026-09-29T03:45:00Z,เมืองน่าน,161,0.0,0.0,0.0,,,True
1790653500,2026-09-29T03:45:00Z,แม่จริม,262,0.0,0.0,0.0,,,True
1790653500,2026-09-29T03:45:00Z,เวียงเก่า,78,0.0,0.0,0.0,,,True
1790653500,2026-09-29T03:45:00Z,เมืองกำแพงเพชร,368,0.0,0.0,0.0,,,True
1790653500,2026-09-29T03:45:00Z,ไทรงาม,133,0.0,0.0,0.0,,,True
1790653500,2026-09-29T03:45:00Z,ปางศิลาทอง,186,0.0,0.0,0.0,,,True
1790653500,2026-09-29T03:45:00Z,ลานกระบือ,103,0.0,0.0,0.0,,,True
1790653500,2026-09-29T03:45:00Z,ทรายทองวัฒนา,53,0.0,0.0,0.0,,,True
1790653500,2026-09-29T03:45:00Z,คลองขลุง,179,0.0,0.0,0.0,,,True
1790653500,2026-09-29T03:45:00Z,พรานกระต่าย,252,0.0,0.0,0.0,,,True
1790653500,2026-09-29T03:45:00Z,คลองลาน,363,0.0,0.0,0.0,,,True
1790653500,2026-09-29T03:45:00Z,ขาณุวรลักษบุรี,296,0.0,0.0,0.0,,,True
1790653500,2026-09-29T03:45:00Z,ภูเพียง,113,0.0,0.0,0.0,,,True
1790653500,2026-09-29T03:45:00Z,นาหมื่น,245,0.0,0.0,0.0,,,True
1790653500,2026-09-29T03:45:00Z,เวียงสา,543,0.0,0.0,0.0,,,True
1790653500,2026-09-29T03:45:00Z,น้ำโสม,153,0.0,0.0,0.0,,,True
1790653500,2026-09-29T03:45:00Z,นายูง,126,0.0,0.0,0.0,,,True
1790653500,2026-09-29T03:45:00Z,ชุมแพ,173,0.0,0.0,0.0,,,True
1790653500,2026-09-29T03:45:00Z,สีชมพู,132,0.0,0.0,0.0,,,True
1790653500,2026-09-29T03:45:00Z,สุวรรณคูหา,140,0.0,0.0,0.0,,,True
1790653500,2026-09-29T03:45:00Z,นาวัง,65,0.0,0.0,0.0,,,True
1790653500,2026-09-29T03:45:00Z,หนองเรือ,80,0.0,0.0,0.0,,,True
1790653500,2026-09-29T03:45:00Z,โนนสัง,51,0.0,0.0,0.0,,,True
1790653500,2026-09-29T03:45:00Z,ศรีบุญเรือง,224,0.0,0.0,0.0,,,True
1790653500,2026-09-29T03:45:00Z,เมืองหนองบัวลำภู,217,0.0,0.0,0.0,,,True
1790653500,2026-09-29T03:45:00Z,นากลาง,173,0.0,0.0,0.0,,,True
1790653500,2026-09-29T03:45:00Z,ทุ่งเสลี่ยม,144,0.0,0.0,0.0,,,True
1790653500,2026-09-29T03:45:00Z,ดอยหล่อ,56,0.0,0.0,0.0,,,True
1790653500,2026-09-29T03:45:00Z,เมืองตาก,486,0.0,0.0,0.0,,,True
1790653500,2026-09-29T03:45:00Z,แม่ออน,116,0.0,0.0,0.0,,,True
1790653500,2026-09-29T03:45:00Z,อุ้มผาง,1209,0.0,0.0,0.0,,,True
1790653500,2026-09-29T03:45:00Z,วังเจ้า,183,0.0,0.0,0.0,,,True
1790653500,2026-09-29T03:45:00Z,แม่สอด,398,0.0,0.0,0.0,,,True
1790653500,2026-09-29T03:45:00Z,พบพระ,249,0.0,0.0,0.0,,,True
1790653500,2026-09-29T03:45:00Z,แม่ระมาด,380,0.0,0.0,0.0,,,True
1790653500,2026-09-29T03:45:00Z,ท่าสองยาง,401,0.0,0.0,0.0,,,True
1790653500,2026-09-29T03:45:00Z,บ้านตาก,255,0.0,0.0,0.0,,,True
1790653500,2026-09-29T03:45:00Z,สามเงา,698,0.0,0.0,0.0,,,True
1790653500,2026-09-29T03:45:00Z,จอมทอง,280,0.0,0.0,0.0,,,True
1790653500,2026-09-29T03:45:00Z,แก้งสนามนาง,79,0.0,0.0,0.0,,,True
1790653500,2026-09-29T03:45:00Z,สีคิ้ว,292,0.0,0.0,0.0,,,True
1790653500,2026-09-29T03:45:00Z,พระทองคำ,90,0.0,0.0,0.0,,,True
1790653500,2026-09-29T03:45:00Z,เทพารักษ์,92,0.0,0.0,0.0,,,True
1790653500,2026-09-29T03:45:00Z,สันกำแพง,65,0.0,0.0,0.0,,,True
1790653500,2026-09-29T03:45:00Z,สันป่าตอง,44,0.0,0.0,0.0,,,True
1790653500,2026-09-29T03:45:00Z,ดอยเต่า,213,0.0,0.0,0.0,,,True
1790653500,2026-09-29T03:45:00Z,อมก๋อย,704,0.0,0.0,0.0,,,True
1790653500,2026-09-29T03:45:00Z,ฮอด,378,0.0,0.0,0.0,,,True
1790653500,2026-09-29T03:45:00Z,เมืองลำพูน,117,0.0,0.0,0.0,,,True
1790653500,2026-09-29T03:45:00Z,แม่ทา,192,0.0,0.0,0.0,,,True
1790653500,2026-09-29T03:45:00Z,บ้านธิ,34,0.0,0.0,0.0,,,True
1790653500,2026-09-29T03:45:00Z,บ้านหมอ,24,0.0,0.0,0.0,,,True
1790653500,2026-09-29T03:45:00Z,เวียงหนองล่อง,14,0.0,0.0,0.0,,,True
1790653500,2026-09-29T03:45:00Z,ทุ่งหัวช้าง,113,0.0,0.0,0.0,,,True
1790653500,2026-09-29T03:45:00Z,ป่าซาง,74,0.0,0.0,0.0,,,True
1790653500,2026-09-29T03:45:00Z,บ้านโฮ่ง,124,0.0,0.0,0.0,,,True
1790653500,2026-09-29T03:45:00Z,แก่งคอย,73,0.0,0.0,0.0,,,True
1790653500,2026-09-29T03:45:00Z,ลี้,454,0.0,0.0,0.0,,,True
1790653500,2026-09-29T03:45:00Z,พระพุทธบาท,55,0.0,0.0,0.0,,,True
1790653500,2026-09-29T03:45:00Z,ดอนพุด,7,0.0,0.0,0.0,,,True
1790653500,2026-09-29T03:45:00Z,หนองโดน,31,0.0,0.0,0.0,,,True
1790653500,2026-09-29T03:45:00Z,เมืองลำปาง,300,0.035,0.5,0.19,60,15,True
1790653500,2026-09-29T03:45:00Z,เถิน,443,0.0,0.0,0.0,,,True
1790653500,2026-09-29T03:45:00Z,แม่พริก,167,0.0,0.0,0.0,,,True
1790653500,2026-09-29T03:45:00Z,แจ้ห่ม,274,0.02,0.201,0.1533,120,75,True
1790653500,2026-09-29T03:45:00Z,แม่เปิน,85,0.0,0.0,0.0,,,True
1790653500,2026-09-29T03:45:00Z,เสริมงาม,185,0.0,0.0,0.0,,,True
1790653500,2026-09-29T03:45:00Z,ชุมตาบง,61,0.0,0.0,0.0,,,True
1790653500,2026-09-29T03:45:00Z,งาว,344,0.0,0.0,0.0,,,True
1790653500,2026-09-29T03:45:00Z,ตากฟ้า,125,0.0,0.0,0.0,,,True
1790653500,2026-09-29T03:45:00Z,แม่เมาะ,283,0.007,0.397,0.053,,15,True
1790653500,2026-09-29T03:45:00Z,แม่วงก์,257,0.0,0.0,0.0,,,True
1790653500,2026-09-29T03:45:00Z,เกาะคา,128,0.0,0.0,0.0,,,True
1790653500,2026-09-29T03:45:00Z,พยุหะคีรี,169,0.0,0.0,0.0,,,True
1790653500,2026-09-29T03:45:00Z,ลาดยาว,187,0.0,0.0,0.0,,,True
1790653500,2026-09-29T03:45:00Z,สบปราบ,125,0.0,0.0,0.0,,,True
1790653500,2026-09-29T03:45:00Z,ห้างฉัตร,154,0.0,0.0,0.0,,,True
1790653500,2026-09-29T03:45:00Z,แม่ทะ,203,0.024,0.299,0.1872,75,15,True
1790653500,2026-09-29T03:45:00Z,เมืองปาน,202,0.0,0.0,0.0,,,True
1790653500,2026-09-29T03:45:00Z,เมืองอ่างทอง,6,0.0,0.0,0.0,,,True
1790653500,2026-09-29T03:45:00Z,ไชโย,20,0.0,0.0,0.0,,,True
1790653500,2026-09-29T03:45:00Z,สามโก้,10,0.0,0.0,0.0,,,True
1790653500,2026-09-29T03:45:00Z,แสวงหา,43,0.0,0.0,0.0,,,True
1790653500,2026-09-29T03:45:00Z,วิเศษชัยชาญ,7,0.0,0.0,0.0,,,True
1790653500,2026-09-29T03:45:00Z,โพธิ์ทอง,48,0.0,0.0,0.0,,,True
1790653500,2026-09-29T03:45:00Z,เมืองลพบุรี,190,0.0,0.0,0.0,,,True
1790653500,2026-09-29T03:45:00Z,เดิมบางนางบวช,130,0.0,0.0,0.0,,,True
1790653500,2026-09-29T03:45:00Z,ด่านช้าง,309,0.0,0.0,0.0,,,True
1790653500,2026-09-29T03:45:00Z,หนองม่วง,111,0.0,0.0,0.0,,,True
1790653500,2026-09-29T03:45:00Z,ลำสนธิ,136,0.0,0.0,0.0,,,True
1790653500,2026-09-29T03:45:00Z,สามชุก,77,0.0,0.0,0.0,,,True
1790653500,2026-09-29T03:45:00Z,ดอนเจดีย์,72,0.0,0.0,0.0,,,True
1790653500,2026-09-29T03:45:00Z,สระโบสถ์,83,0.0,0.0,0.0,,,True
1790653500,2026-09-29T03:45:00Z,ศรีประจันต์,41,0.0,0.0,0.0,,,True
1790653500,2026-09-29T03:45:00Z,โคกเจริญ,135,0.0,0.0,0.0,,,True
1790653500,2026-09-29T03:45:00Z,บ้านหมี่,136,0.0,0.0,0.0,,,True
1790653500,2026-09-29T03:45:00Z,ท่าหลวง,100,0.0,0.0,0.0,,,True
1790653500,2026-09-29T03:45:00Z,ชัยบาดาล,280,0.0,0.0,0.0,,,True
1790653500,2026-09-29T03:45:00Z,ท่าวุ้ง,64,0.0,0.0,0.0,,,True
1790653500,2026-09-29T03:45:00Z,พัฒนานิคม,217,0.0,0.0,0.0,,,True
1790653500,2026-09-29T03:45:00Z,โคกสำโรง,180,0.0,0.0,0.0,,,True
1790653500,2026-09-29T03:45:00Z,หนองหญ้าไซ,108,0.0,0.0,0.0,,,True
1790653500,2026-09-29T03:45:00Z,ท่าช้าง,11,0.0,0.0,0.0,,,True
1790653500,2026-09-29T03:45:00Z,อินทร์บุรี,66,0.0,0.0,0.0,,,True
1790653500,2026-09-29T03:45:00Z,ค่ายบางระจัน,26,0.0,0.0,0.0,,,True
1790653500,2026-09-29T03:45:00Z,พรหมบุรี,19,0.0,0.0,0.0,,,True
1790653500,2026-09-29T03:45:00Z,เนินสง่า,65,0.0,0.0,0.0,,,True
1790653500,2026-09-29T03:45:00Z,เมืองสิงห์บุรี,31,0.0,0.0,0.0,,,True
1790653500,2026-09-29T03:45:00Z,ซับใหญ่,72,0.0,0.0,0.0,,,True
1790653500,2026-09-29T03:45:00Z,บางระจัน,46,0.0,0.0,0.0,,,True
1790653500,2026-09-29T03:45:00Z,ภูกระดึง,190,0.0,0.0,0.0,,,True
1790653500,2026-09-29T03:45:00Z,ภูหลวง,145,0.0,0.0,0.0,,,True
1790653500,2026-09-29T03:45:00Z,หนองหิน,78,0.0,0.0,0.0,,,True
1790653500,2026-09-29T03:45:00Z,ผาขาว,100,0.0,0.0,0.0,,,True
1790653500,2026-09-29T03:45:00Z,เอราวัณ,87,0.0,0.0,0.0,,,True
1790653500,2026-09-29T03:45:00Z,วังสะพุง,281,0.0,0.0,0.0,,,True
1790653500,2026-09-29T03:45:00Z,วังม่วง,70,0.0,0.0,0.0,,,True
1790653500,2026-09-29T03:45:00Z,เฉลิมพระเกียรติ,35,0.0,0.0,0.0,,,True
1790653500,2026-09-29T03:45:00Z,มวกเหล็ก,175,0.0,0.0,0.0,,,True
1790653500,2026-09-29T03:45:00Z,บ้านเขว้า,124,0.0,0.0,0.0,,,True
1790653500,2026-09-29T03:45:00Z,คอนสวรรค์,113,0.0,0.0,0.0,,,True
1790653500,2026-09-29T03:45:00Z,เมืองชัยภูมิ,358,0.0,0.0,0.0,,,True
1790653500,2026-09-29T03:45:00Z,วังทอง,425,0.0,0.0,0.0,,,True
1790653500,2026-09-29T03:45:00Z,เนินมะปราง,276,0.0,0.0,0.0,,,True
1790653500,2026-09-29T03:45:00Z,สวรรคโลก,156,0.0,0.0,0.0,,,True
1790653500,2026-09-29T03:45:00Z,ศรีนคร,46,0.0,0.0,0.0,,,True
1790653500,2026-09-29T03:45:00Z,หันคา,139,0.0,0.0,0.0,,,True
1790653500,2026-09-29T03:45:00Z,ศรีสัชนาลัย,534,0.002,0.196,0.0187,,15,True
1790653500,2026-09-29T03:45:00Z,หนองมะโมง,76,0.0,0.0,0.0,,,True
1790653500,2026-09-29T03:45:00Z,ศรีสำโรง,142,0.0,0.0,0.0,,,True
1790653500,2026-09-29T03:45:00Z,สรรพยา,55,0.0,0.0,0.0,,,True
1790653500,2026-09-29T03:45:00Z,คีรีมาศ,171,0.0,0.0,0.0,,,True
1790653500,2026-09-29T03:45:00Z,สรรคบุรี,89,0.0,0.0,0.0,,,True
1790653500,2026-09-29T03:45:00Z,กงไกรลาศ,108,0.0,0.0,0.0,,,True
1790653500,2026-09-29T03:45:00Z,มโนรมย์,66,0.0,0.0,0.0,,,True
1790653500,2026-09-29T03:45:00Z,เมืองสุโขทัย,136,0.0,0.0,0.0,,,True
1790653500,2026-09-29T03:45:00Z,วัดสิงห์,67,0.0,0.0,0.0,,,True
1790653500,2026-09-29T03:45:00Z,บ้านด่านลานหอย,231,0.0,0.0,0.0,,,True
1790653500,2026-09-29T03:45:00Z,เมืองชัยนาท,70,0.0,0.0,0.0,,,True
1790653500,2026-09-29T03:45:00Z,เนินขาม,65,0.0,0.0,0.0,,,True
1790653500,2026-09-29T03:45:00Z,คอนสาร,334,0.0,0.0,0.0,,,True
1790653500,2026-09-29T03:45:00Z,ภักดีชุมพล,154,0.0,0.0,0.0,,,True
1790653500,2026-09-29T03:45:00Z,บ้านแท่น,76,0.0,0.0,0.0,,,True
1790653500,2026-09-29T03:45:00Z,แก้งคร้อ,168,0.0,0.0,0.0,,,True
1790653500,2026-09-29T03:45:00Z,ภูเขียว,201,0.0,0.0,0.0,,,True
1790653500,2026-09-29T03:45:00Z,หนองบัวระเหว,179,0.0,0.0,0.0,,,True
1790653500,2026-09-29T03:45:00Z,เทพสถิต,239,0.0,0.0,0.0,,,True
1790653500,2026-09-29T03:45:00Z,จัตุรัส,172,0.0,0.0,0.0,,,True
1790653500,2026-09-29T03:45:00Z,บำเหน็จณรงค์,120,0.0,0.0,0.0,,,True
1790653500,2026-09-29T03:45:00Z,เกษตรสมบูรณ์,268,0.0,0.0,0.0,,,True
1790653500,2026-09-29T03:45:00Z,หนองบัวแดง,537,0.0,0.0,0.0,,,True
1790653500,2026-09-29T03:45:00Z,ภูเรือ,168,0.0,0.0,0.0,,,True
1790653500,2026-09-29T03:45:00Z,ท่าลี่,171,0.0,0.0,0.0,,,True
1790653500,2026-09-29T03:45:00Z,วชิรบารมี,68,0.0,0.0,0.0,,,True
1790653500,2026-09-29T03:45:00Z,ด่านซ้าย,341,0.0,0.0,0.0,,,True
1790653500,2026-09-29T03:45:00Z,นาแห้ว,153,0.0,0.0,0.0,,,True
1790653500,2026-09-29T03:45:00Z,บึงนาราง,74,0.0,0.0,0.0,,,True
1790653500,2026-09-29T03:45:00Z,เชียงคาน,213,0.0,0.0,0.0,,,True
1790653500,2026-09-29T03:45:00Z,ดงเจริญ,56,0.0,0.0,0.0,,,True
1790653500,2026-09-29T03:45:00Z,ปากชม,240,0.0,0.0,0.0,,,True
1790653500,2026-09-29T03:45:00Z,เมืองเลย,314,0.0,0.0,0.0,,,True
1790653500,2026-09-29T03:45:00Z,นาด้วง,143,0.0,0.0,0.0,,,True
1790653500,2026-09-29T03:45:00Z,สากเหล็ก,45,0.0,0.0,0.0,,,True
1790653500,2026-09-29T03:45:00Z,สามง่าม,89,0.0,0.0,0.0,,,True
1790653500,2026-09-29T03:45:00Z,ทับคล้อ,104,0.0,0.0,0.0,,,True
1790653500,2026-09-29T03:45:00Z,พรหมพิราม,206,0.0,0.0,0.0,,,True
1790653500,2026-09-29T03:45:00Z,ด่านขุนทด,344,0.0,0.0,0.0,,,True
1790653500,2026-09-29T03:45:00Z,วัดโบสถ์,226,0.0,0.0,0.0,,,True
1790653500,2026-09-29T03:45:00Z,บางระกำ,246,0.0,0.0,0.0,,,True
1790653500,2026-09-29T03:45:00Z,บางกระทุ่ม,91,0.0,0.0,0.0,,,True
1790653500,2026-09-29T03:45:00Z,นครไทย,597,0.0,0.0,0.0,,,True
1790653500,2026-09-29T03:45:00Z,ชาติตระการ,415,0.0,0.0,0.0,,,True
1790653500,2026-09-29T03:45:00Z,บ้านเหลื่อม,55,0.0,0.0,0.0,,,True
1790653500,2026-09-29T03:45:00Z,เมืองพิษณุโลก,178,0.0,0.0,0.0,,,True
1790653500,2026-09-29T03:45:00Z,ชุมแสง,145,0.0,0.0,0.0,,,True
1790653500,2026-09-29T03:45:00Z,หนองบัว,208,0.0,0.0,0.0,,,True
1790653500,2026-09-29T03:45:00Z,เมืองนครสวรรค์,183,0.0,0.0,0.0,,,True
1790653500,2026-09-29T03:45:00Z,โกรกพระ,71,0.0,0.0,0.0,,,True
1790653500,2026-09-29T03:45:00Z,ไพศาลี,244,0.0,0.0,0.0,,,True
1790653500,2026-09-29T03:45:00Z,ตาคลี,206,0.0,0.0,0.0,,,True
1790653500,2026-09-29T03:45:00Z,ท่าตะโก,211,0.0,0.0,0.0,,,True
1790653500,2026-09-29T03:45:00Z,เขาค้อ,207,0.0,0.0,0.0,,,True
1790653500,2026-09-29T03:45:00Z,บรรพตพิสัย,181,0.0,0.0,0.0,,,True
1790653500,2026-09-29T03:45:00Z,เก้าเลี้ยว,57,0.0,0.0,0.0,,,True
1790653500,2026-09-29T03:45:00Z,วังโป่ง,123,0.0,0.0,0.0,,,True
1790653500,2026-09-29T03:45:00Z,บึงสามพัน,194,0.0,0.0,0.0,,,True
1790653500,2026-09-29T03:45:00Z,น้ำหนาว,231,0.0,0.0,0.0,,,True
1790653500,2026-09-29T03:45:00Z,ศรีเทพ,204,0.0,0.0,0.0,,,True
1790653500,2026-09-29T03:45:00Z,หนองไผ่,315,0.0,0.0,0.0,,,True
1790653500,2026-09-29T03:45:00Z,มหาราช,4,0.0,0.0,0.0,,,False
1790653500,2026-09-29T03:45:00Z,บ้านแพรก,10,0.0,0.0,0.0,,,True
1790653500,2026-09-29T03:45:00Z,บางมูลนาก,99,0.0,0.0,0.0,,,True
1790653500,2026-09-29T03:45:00Z,โพทะเล,131,0.0,0.0,0.0,,,True
1790653500,2026-09-29T03:45:00Z,โพธิ์ประทับช้าง,102,0.0,0.0,0.0,,,True
1790653500,2026-09-29T03:45:00Z,ตะพานหิน,109,0.0,0.0,0.0,,,True
1790653500,2026-09-29T03:45:00Z,เมืองพิจิตร,138,0.0,0.0,0.0,,,True
1790653500,2026-09-29T03:45:00Z,วังทรายพูน,66,0.0,0.0,0.0,,,True
1790654400,2026-09-29T04:00:00Z,พิชัย,176,0.0,0.0,0.0,,,True
1790654400,2026-09-29T04:00:00Z,ลับแล,116,0.0,0.0,0.0,,,True
1790654400,2026-09-29T04:00:00Z,ฟากท่า,163,0.0,0.0,0.0,,,True
1790654400,2026-09-29T04:00:00Z,บ้านโคก,247,0.0,0.0,0.0,,,True
1790654400,2026-09-29T04:00:00Z,ท่าปลา,442,0.009,0.511,0.0543,,15,True
1790654400,2026-09-29T04:00:00Z,น้ำปาด,363,0.0,0.0,0.0,,,True
1790654400,2026-09-29T04:00:00Z,เมืองอุตรดิตถ์,202,0.01,0.413,0.0644,,15,True
1790654400,2026-09-29T04:00:00Z,ตรอน,80,0.0,0.0,0.0,,,True
1790654400,2026-09-29T04:00:00Z,หล่มเก่า,246,0.0,0.0,0.0,,,True
1790654400,2026-09-29T04:00:00Z,วิเชียรบุรี,377,0.0,0.0,0.0,,,True
1790654400,2026-09-29T04:00:00Z,ชนแดน,279,0.0,0.0,0.0,,,True
1790654400,2026-09-29T04:00:00Z,หล่มสัก,350,0.0,0.0,0.0,,,True
1790654400,2026-09-29T04:00:00Z,เมืองเพชรบูรณ์,571,0.0,0.0,0.0,,,True
1790654400,2026-09-29T04:00:00Z,ทองแสนขัน,185,0.0,0.0,0.0,,,True
1790654400,2026-09-29T04:00:00Z,บึงสามัคคี,71,0.0,0.0,0.0,,,True
1790654400,2026-09-29T04:00:00Z,โกสัมพีนคร,137,0.0,0.0,0.0,,,True
1790654400,2026-09-29T04:00:00Z,สอง,380,0.001,0.098,0.0079,,120,True
1790654400,2026-09-29T04:00:00Z,วังชิ้น,255,0.007,0.201,0.0627,,15,True
1790654400,2026-09-29T04:00:00Z,สูงเม่น,88,0.009,0.098,0.0909,,15,True
1790654400,2026-09-29T04:00:00Z,เด่นชัย,135,0.002,0.098,0.0222,,45,True
1790654400,2026-09-29T04:00:00Z,ร้องกวาง,221,0.023,0.592,0.1086,120,75,True
1790654400,2026-09-29T04:00:00Z,ลอง,317,0.0,0.098,0.0032,,75,True
1790654400,2026-09-29T04:00:00Z,เมืองแพร่,205,0.033,0.592,0.2146,75,30,True
1790654400,2026-09-29T04:00:00Z,ทัพทัน,94,0.0,0.0,0.0,,,True
1790654400,2026-09-29T04:00:00Z,สว่างอารมณ์,110,0.0,0.0,0.0,,,True
1790654400,2026-09-29T04:00:00Z,เมืองอุทัยธานี,59,0.0,0.0,0.0,,,True
1790654400,2026-09-29T04:00:00Z,ห้วยคต,94,0.0,0.0,0.0,,,True
1790654400,2026-09-29T04:00:00Z,ศรีสวัสดิ์,440,0.0,0.0,0.0,,,True
1790654400,2026-09-29T04:00:00Z,บ้านไร่,821,0.0,0.0,0.0,,,True
1790654400,2026-09-29T04:00:00Z,ลานสัก,360,0.0,0.0,0.0,,,True
1790654400,2026-09-29T04:00:00Z,หนองฉาง,89,0.0,0.0,0.0,,,True
1790654400,2026-09-29T04:00:00Z,หนองขาหย่าง,43,0.0,0.0,0.0,,,True
1790654400,2026-09-29T04:00:00Z,เชียงม่วน,82,0.0,0.0,0.0,,,True
1790654400,2026-09-29T04:00:00Z,ดอกคำใต้,37,0.0,0.0,0.0,,,True
1790654400,2026-09-29T04:00:00Z,เมืองพะเยา,6,0.0,0.0,0.0,,,True
1790654400,2026-09-29T04:00:00Z,ทองผาภูมิ,851,0.0,0.0,0.0,,,True
1790654400,2026-09-29T04:00:00Z,สังขละบุรี,793,0.0,0.0,0.0,,,True
1790654400,2026-09-29T04:00:00Z,หนองม่วงไข่,35,0.006,0.098,0.0571,,120,True
1790654400,2026-09-29T04:00:00Z,ภูเวียง,81,0.0,0.0,0.0,,,True
1790654400,2026-09-29T04:00:00Z,มัญจาคีรี,50,0.0,0.0,0.0,,,True
1790654400,2026-09-29T04:00:00Z,หนองปรือ,104,0.0,0.0,0.0,,,True
1790654400,2026-09-29T04:00:00Z,เลาขวัญ,123,0.0,0.0,0.0,,,True
1790654400,2026-09-29T04:00:00Z,หนองนาคำ,43,0.0,0.0,0.0,,,True
1790654400,2026-09-29T04:00:00Z,โคกโพธิ์ไชย,65,0.0,0.0,0.0,,,True
1790654400,2026-09-29T04:00:00Z,บ้านหลวง,91,0.0,0.0,0.0,,,True
1790654400,2026-09-29T04:00:00Z,นาน้อย,266,0.0,0.0,0.0,,,True
1790654400,2026-09-29T04:00:00Z,ภูผาม่าน,74,0.0,0.0,0.0,,,True
1790654400,2026-09-29T04:00:00Z,เมืองน่าน,161,0.0,0.0,0.0,,,True
1790654400,2026-09-29T04:00:00Z,แม่จริม,262,0.0,0.0,0.0,,,True
1790654400,2026-09-29T04:00:00Z,เวียงเก่า,78,0.0,0.0,0.0,,,True
1790654400,2026-09-29T04:00:00Z,เมืองกำแพงเพชร,368,0.0,0.0,0.0,,,True
1790654400,2026-09-29T04:00:00Z,ไทรงาม,133,0.0,0.0,0.0,,,True
1790654400,2026-09-29T04:00:00Z,ปางศิลาทอง,186,0.0,0.0,0.0,,,True
1790654400,2026-09-29T04:00:00Z,ลานกระบือ,103,0.0,0.0,0.0,,,True
1790654400,2026-09-29T04:00:00Z,ทรายทองวัฒนา,53,0.0,0.0,0.0,,,True
1790654400,2026-09-29T04:00:00Z,คลองขลุง,179,0.0,0.0,0.0,,,True
1790654400,2026-09-29T04:00:00Z,พรานกระต่าย,252,0.0,0.0,0.0,,,True
1790654400,2026-09-29T04:00:00Z,คลองลาน,363,0.0,0.0,0.0,,,True
1790654400,2026-09-29T04:00:00Z,ขาณุวรลักษบุรี,296,0.0,0.0,0.0,,,True
1790654400,2026-09-29T04:00:00Z,ภูเพียง,113,0.0,0.0,0.0,,,True
1790654400,2026-09-29T04:00:00Z,นาหมื่น,245,0.0,0.0,0.0,,,True
1790654400,2026-09-29T04:00:00Z,เวียงสา,543,0.0,0.0,0.0,,,True
1790654400,2026-09-29T04:00:00Z,น้ำโสม,153,0.0,0.0,0.0,,,True
1790654400,2026-09-29T04:00:00Z,นายูง,126,0.0,0.0,0.0,,,True
1790654400,2026-09-29T04:00:00Z,ชุมแพ,173,0.0,0.0,0.0,,,True
1790654400,2026-09-29T04:00:00Z,สีชมพู,132,0.0,0.0,0.0,,,True
1790654400,2026-09-29T04:00:00Z,สุวรรณคูหา,140,0.0,0.0,0.0,,,True
1790654400,2026-09-29T04:00:00Z,นาวัง,65,0.0,0.0,0.0,,,True
1790654400,2026-09-29T04:00:00Z,หนองเรือ,80,0.0,0.0,0.0,,,True
1790654400,2026-09-29T04:00:00Z,โนนสัง,51,0.0,0.0,0.0,,,True
1790654400,2026-09-29T04:00:00Z,ศรีบุญเรือง,224,0.0,0.0,0.0,,,True
1790654400,2026-09-29T04:00:00Z,เมืองหนองบัวลำภู,217,0.0,0.0,0.0,,,True
1790654400,2026-09-29T04:00:00Z,นากลาง,173,0.0,0.0,0.0,,,True
1790654400,2026-09-29T04:00:00Z,ทุ่งเสลี่ยม,144,0.0,0.0,0.0,,,True
1790654400,2026-09-29T04:00:00Z,ดอยหล่อ,56,0.0,0.0,0.0,,,True
1790654400,2026-09-29T04:00:00Z,เมืองตาก,486,0.0,0.0,0.0,,,True
1790654400,2026-09-29T04:00:00Z,แม่ออน,116,0.0,0.0,0.0,,,True
1790654400,2026-09-29T04:00:00Z,อุ้มผาง,1209,0.0,0.0,0.0,,,True
1790654400,2026-09-29T04:00:00Z,วังเจ้า,183,0.0,0.0,0.0,,,True
1790654400,2026-09-29T04:00:00Z,แม่สอด,398,0.0,0.0,0.0,,,True
1790654400,2026-09-29T04:00:00Z,พบพระ,249,0.0,0.0,0.0,,,True
1790654400,2026-09-29T04:00:00Z,แม่ระมาด,380,0.0,0.0,0.0,,,True
1790654400,2026-09-29T04:00:00Z,ท่าสองยาง,401,0.0,0.098,0.0025,,30,True
1790654400,2026-09-29T04:00:00Z,บ้านตาก,255,0.0,0.0,0.0,,,True
1790654400,2026-09-29T04:00:00Z,สามเงา,698,0.0,0.0,0.0,,,True
1790654400,2026-09-29T04:00:00Z,จอมทอง,280,0.0,0.0,0.0,,,True
1790654400,2026-09-29T04:00:00Z,แก้งสนามนาง,79,0.0,0.0,0.0,,,True
1790654400,2026-09-29T04:00:00Z,สีคิ้ว,292,0.0,0.0,0.0,,,True
1790654400,2026-09-29T04:00:00Z,พระทองคำ,90,0.0,0.0,0.0,,,True
1790654400,2026-09-29T04:00:00Z,เทพารักษ์,92,0.0,0.0,0.0,,,True
1790654400,2026-09-29T04:00:00Z,สันกำแพง,65,0.0,0.0,0.0,,,True
1790654400,2026-09-29T04:00:00Z,สันป่าตอง,44,0.0,0.0,0.0,,,True
1790654400,2026-09-29T04:00:00Z,ดอยเต่า,213,0.0,0.0,0.0,,,True
1790654400,2026-09-29T04:00:00Z,อมก๋อย,704,0.0,0.098,0.0028,,60,True
1790654400,2026-09-29T04:00:00Z,ฮอด,378,0.0,0.0,0.0,,,True
1790654400,2026-09-29T04:00:00Z,เมืองลำพูน,117,0.0,0.0,0.0,,,True
1790654400,2026-09-29T04:00:00Z,แม่ทา,192,0.0,0.0,0.0,,,True
1790654400,2026-09-29T04:00:00Z,บ้านธิ,34,0.0,0.0,0.0,,,True
1790654400,2026-09-29T04:00:00Z,บ้านหมอ,24,0.0,0.0,0.0,,,True
1790654400,2026-09-29T04:00:00Z,เวียงหนองล่อง,14,0.0,0.0,0.0,,,True
1790654400,2026-09-29T04:00:00Z,ทุ่งหัวช้าง,113,0.0,0.0,0.0,,,True
1790654400,2026-09-29T04:00:00Z,ป่าซาง,74,0.0,0.0,0.0,,,True
1790654400,2026-09-29T04:00:00Z,บ้านโฮ่ง,124,0.0,0.0,0.0,,,True
1790654400,2026-09-29T04:00:00Z,แก่งคอย,73,0.0,0.0,0.0,,,True
1790654400,2026-09-29T04:00:00Z,ลี้,454,0.0,0.0,0.0,,,True
1790654400,2026-09-29T04:00:00Z,พระพุทธบาท,55,0.0,0.0,0.0,,,True
1790654400,2026-09-29T04:00:00Z,ดอนพุด,7,0.0,0.0,0.0,,,True
1790654400,2026-09-29T04:00:00Z,หนองโดน,31,0.0,0.0,0.0,,,True
1790654400,2026-09-29T04:00:00Z,เมืองลำปาง,300,0.024,0.294,0.1667,45,15,True
1790654400,2026-09-29T04:00:00Z,เถิน,443,0.0,0.0,0.0,,,True
1790654400,2026-09-29T04:00:00Z,แม่พริก,167,0.0,0.0,0.0,,,True
1790654400,2026-09-29T04:00:00Z,แจ้ห่ม,274,0.025,0.201,0.2117,75,45,True
1790654400,2026-09-29T04:00:00Z,แม่เปิน,85,0.0,0.0,0.0,,,True
1790654400,2026-09-29T04:00:00Z,เสริมงาม,185,0.0,0.0,0.0,,,True
1790654400,2026-09-29T04:00:00Z,ชุมตาบง,61,0.0,0.0,0.0,,,True
1790654400,2026-09-29T04:00:00Z,งาว,344,0.0,0.0,0.0,,,True
1790654400,2026-09-29T04:00:00Z,ตากฟ้า,125,0.0,0.0,0.0,,,True
1790654400,2026-09-29T04:00:00Z,แม่เมาะ,283,0.005,0.098,0.0495,,15,True
1790654400,2026-09-29T04:00:00Z,แม่วงก์,257,0.0,0.0,0.0,,,True
1790654400,2026-09-29T04:00:00Z,เกาะคา,128,0.0,0.0,0.0,,,True
1790654400,2026-09-29T04:00:00Z,พยุหะคีรี,169,0.0,0.0,0.0,,,True
1790654400,2026-09-29T04:00:00Z,ลาดยาว,187,0.0,0.0,0.0,,,True
1790654400,2026-09-29T04:00:00Z,สบปราบ,125,0.0,0.0,0.0,,,True
1790654400,2026-09-29T04:00:00Z,ห้างฉัตร,154,0.0,0.0,0.0,,,True
1790654400,2026-09-29T04:00:00Z,แม่ทะ,203,0.014,0.196,0.1232,105,15,True
1790654400,2026-09-29T04:00:00Z,เมืองปาน,202,0.0,0.0,0.0,,,True
1790654400,2026-09-29T04:00:00Z,เมืองอ่างทอง,6,0.0,0.0,0.0,,,True
1790654400,2026-09-29T04:00:00Z,ไชโย,20,0.0,0.0,0.0,,,True
1790654400,2026-09-29T04:00:00Z,สามโก้,10,0.0,0.0,0.0,,,True
1790654400,2026-09-29T04:00:00Z,แสวงหา,43,0.0,0.0,0.0,,,True
1790654400,2026-09-29T04:00:00Z,วิเศษชัยชาญ,7,0.0,0.0,0.0,,,True
1790654400,2026-09-29T04:00:00Z,โพธิ์ทอง,48,0.0,0.0,0.0,,,True
1790654400,2026-09-29T04:00:00Z,เมืองลพบุรี,190,0.0,0.0,0.0,,,True
1790654400,2026-09-29T04:00:00Z,เดิมบางนางบวช,130,0.0,0.0,0.0,,,True
1790654400,2026-09-29T04:00:00Z,ด่านช้าง,309,0.0,0.0,0.0,,,True
1790654400,2026-09-29T04:00:00Z,หนองม่วง,111,0.0,0.0,0.0,,,True
1790654400,2026-09-29T04:00:00Z,ลำสนธิ,136,0.0,0.0,0.0,,,True
1790654400,2026-09-29T04:00:00Z,สามชุก,77,0.0,0.0,0.0,,,True
1790654400,2026-09-29T04:00:00Z,ดอนเจดีย์,72,0.0,0.0,0.0,,,True
1790654400,2026-09-29T04:00:00Z,สระโบสถ์,83,0.0,0.0,0.0,,,True
1790654400,2026-09-29T04:00:00Z,ศรีประจันต์,41,0.0,0.0,0.0,,,True
1790654400,2026-09-29T04:00:00Z,โคกเจริญ,135,0.0,0.0,0.0,,,True
1790654400,2026-09-29T04:00:00Z,บ้านหมี่,136,0.0,0.0,0.0,,,True
1790654400,2026-09-29T04:00:00Z,ท่าหลวง,100,0.0,0.0,0.0,,,True
1790654400,2026-09-29T04:00:00Z,ชัยบาดาล,280,0.0,0.0,0.0,,,True
1790654400,2026-09-29T04:00:00Z,ท่าวุ้ง,64,0.0,0.0,0.0,,,True
1790654400,2026-09-29T04:00:00Z,พัฒนานิคม,217,0.0,0.0,0.0,,,True
1790654400,2026-09-29T04:00:00Z,โคกสำโรง,180,0.0,0.0,0.0,,,True
1790654400,2026-09-29T04:00:00Z,หนองหญ้าไซ,108,0.0,0.0,0.0,,,True
1790654400,2026-09-29T04:00:00Z,ท่าช้าง,11,0.0,0.0,0.0,,,True
1790654400,2026-09-29T04:00:00Z,อินทร์บุรี,66,0.0,0.0,0.0,,,True
1790654400,2026-09-29T04:00:00Z,ค่ายบางระจัน,26,0.0,0.0,0.0,,,True
1790654400,2026-09-29T04:00:00Z,พรหมบุรี,19,0.0,0.0,0.0,,,True
1790654400,2026-09-29T04:00:00Z,เนินสง่า,65,0.0,0.0,0.0,,,True
1790654400,2026-09-29T04:00:00Z,เมืองสิงห์บุรี,31,0.0,0.0,0.0,,,True
1790654400,2026-09-29T04:00:00Z,ซับใหญ่,72,0.0,0.0,0.0,,,True
1790654400,2026-09-29T04:00:00Z,บางระจัน,46,0.0,0.0,0.0,,,True
1790654400,2026-09-29T04:00:00Z,ภูกระดึง,190,0.0,0.0,0.0,,,True
1790654400,2026-09-29T04:00:00Z,ภูหลวง,145,0.0,0.0,0.0,,,True
1790654400,2026-09-29T04:00:00Z,หนองหิน,78,0.0,0.0,0.0,,,True
1790654400,2026-09-29T04:00:00Z,ผาขาว,100,0.0,0.0,0.0,,,True
1790654400,2026-09-29T04:00:00Z,เอราวัณ,87,0.0,0.0,0.0,,,True
1790654400,2026-09-29T04:00:00Z,วังสะพุง,281,0.0,0.0,0.0,,,True
1790654400,2026-09-29T04:00:00Z,วังม่วง,70,0.0,0.0,0.0,,,True
1790654400,2026-09-29T04:00:00Z,เฉลิมพระเกียรติ,35,0.0,0.0,0.0,,,True
1790654400,2026-09-29T04:00:00Z,มวกเหล็ก,175,0.0,0.0,0.0,,,True
1790654400,2026-09-29T04:00:00Z,บ้านเขว้า,124,0.0,0.0,0.0,,,True
1790654400,2026-09-29T04:00:00Z,คอนสวรรค์,113,0.0,0.0,0.0,,,True
1790654400,2026-09-29T04:00:00Z,เมืองชัยภูมิ,358,0.0,0.0,0.0,,,True
1790654400,2026-09-29T04:00:00Z,วังทอง,425,0.0,0.0,0.0,,,True
1790654400,2026-09-29T04:00:00Z,เนินมะปราง,276,0.0,0.0,0.0,,,True
1790654400,2026-09-29T04:00:00Z,สวรรคโลก,156,0.0,0.0,0.0,,,True
1790654400,2026-09-29T04:00:00Z,ศรีนคร,46,0.0,0.0,0.0,,,True
1790654400,2026-09-29T04:00:00Z,หันคา,139,0.0,0.0,0.0,,,True
1790654400,2026-09-29T04:00:00Z,ศรีสัชนาลัย,534,0.001,0.098,0.0056,,15,True
1790654400,2026-09-29T04:00:00Z,หนองมะโมง,76,0.0,0.0,0.0,,,True
1790654400,2026-09-29T04:00:00Z,ศรีสำโรง,142,0.0,0.0,0.0,,,True
1790654400,2026-09-29T04:00:00Z,สรรพยา,55,0.0,0.0,0.0,,,True
1790654400,2026-09-29T04:00:00Z,คีรีมาศ,171,0.0,0.0,0.0,,,True
1790654400,2026-09-29T04:00:00Z,สรรคบุรี,89,0.0,0.0,0.0,,,True
1790654400,2026-09-29T04:00:00Z,กงไกรลาศ,108,0.0,0.0,0.0,,,True
1790654400,2026-09-29T04:00:00Z,มโนรมย์,66,0.0,0.0,0.0,,,True
1790654400,2026-09-29T04:00:00Z,เมืองสุโขทัย,136,0.0,0.0,0.0,,,True
1790654400,2026-09-29T04:00:00Z,วัดสิงห์,67,0.0,0.0,0.0,,,True
1790654400,2026-09-29T04:00:00Z,บ้านด่านลานหอย,231,0.0,0.0,0.0,,,True
1790654400,2026-09-29T04:00:00Z,เมืองชัยนาท,70,0.0,0.0,0.0,,,True
1790654400,2026-09-29T04:00:00Z,เนินขาม,65,0.0,0.0,0.0,,,True
1790654400,2026-09-29T04:00:00Z,คอนสาร,334,0.0,0.0,0.0,,,True
1790654400,2026-09-29T04:00:00Z,ภักดีชุมพล,154,0.0,0.0,0.0,,,True
1790654400,2026-09-29T04:00:00Z,บ้านแท่น,76,0.0,0.0,0.0,,,True
1790654400,2026-09-29T04:00:00Z,แก้งคร้อ,168,0.0,0.0,0.0,,,True
1790654400,2026-09-29T04:00:00Z,ภูเขียว,201,0.0,0.0,0.0,,,True
1790654400,2026-09-29T04:00:00Z,หนองบัวระเหว,179,0.0,0.0,0.0,,,True
1790654400,2026-09-29T04:00:00Z,เทพสถิต,239,0.0,0.0,0.0,,,True
1790654400,2026-09-29T04:00:00Z,จัตุรัส,172,0.0,0.0,0.0,,,True
1790654400,2026-09-29T04:00:00Z,บำเหน็จณรงค์,120,0.0,0.0,0.0,,,True
1790654400,2026-09-29T04:00:00Z,เกษตรสมบูรณ์,268,0.0,0.0,0.0,,,True
1790654400,2026-09-29T04:00:00Z,หนองบัวแดง,537,0.0,0.0,0.0,,,True
1790654400,2026-09-29T04:00:00Z,ภูเรือ,168,0.0,0.0,0.0,,,True
1790654400,2026-09-29T04:00:00Z,ท่าลี่,171,0.0,0.0,0.0,,,True
1790654400,2026-09-29T04:00:00Z,วชิรบารมี,68,0.0,0.0,0.0,,,True
1790654400,2026-09-29T04:00:00Z,ด่านซ้าย,341,0.0,0.0,0.0,,,True
1790654400,2026-09-29T04:00:00Z,นาแห้ว,153,0.0,0.0,0.0,,,True
1790654400,2026-09-29T04:00:00Z,บึงนาราง,74,0.0,0.0,0.0,,,True
1790654400,2026-09-29T04:00:00Z,เชียงคาน,213,0.0,0.0,0.0,,,True
1790654400,2026-09-29T04:00:00Z,ดงเจริญ,56,0.0,0.0,0.0,,,True
1790654400,2026-09-29T04:00:00Z,ปากชม,240,0.0,0.0,0.0,,,True
1790654400,2026-09-29T04:00:00Z,เมืองเลย,314,0.0,0.0,0.0,,,True
1790654400,2026-09-29T04:00:00Z,นาด้วง,143,0.0,0.0,0.0,,,True
1790654400,2026-09-29T04:00:00Z,สากเหล็ก,45,0.0,0.0,0.0,,,True
1790654400,2026-09-29T04:00:00Z,สามง่าม,89,0.0,0.0,0.0,,,True
1790654400,2026-09-29T04:00:00Z,ทับคล้อ,104,0.0,0.0,0.0,,,True
1790654400,2026-09-29T04:00:00Z,พรหมพิราม,206,0.0,0.0,0.0,,,True
1790654400,2026-09-29T04:00:00Z,ด่านขุนทด,344,0.0,0.0,0.0,,,True
1790654400,2026-09-29T04:00:00Z,วัดโบสถ์,226,0.0,0.0,0.0,,,True
1790654400,2026-09-29T04:00:00Z,บางระกำ,246,0.0,0.0,0.0,,,True
1790654400,2026-09-29T04:00:00Z,บางกระทุ่ม,91,0.0,0.0,0.0,,,True
1790654400,2026-09-29T04:00:00Z,นครไทย,597,0.0,0.0,0.0,,,True
1790654400,2026-09-29T04:00:00Z,ชาติตระการ,415,0.0,0.0,0.0,,,True
1790654400,2026-09-29T04:00:00Z,บ้านเหลื่อม,55,0.0,0.0,0.0,,,True
1790654400,2026-09-29T04:00:00Z,เมืองพิษณุโลก,178,0.0,0.0,0.0,,,True
1790654400,2026-09-29T04:00:00Z,ชุมแสง,145,0.0,0.0,0.0,,,True
1790654400,2026-09-29T04:00:00Z,หนองบัว,208,0.0,0.0,0.0,,,True
1790654400,2026-09-29T04:00:00Z,เมืองนครสวรรค์,183,0.0,0.0,0.0,,,True
1790654400,2026-09-29T04:00:00Z,โกรกพระ,71,0.0,0.0,0.0,,,True
1790654400,2026-09-29T04:00:00Z,ไพศาลี,244,0.0,0.0,0.0,,,True
1790654400,2026-09-29T04:00:00Z,ตาคลี,206,0.0,0.0,0.0,,,True
1790654400,2026-09-29T04:00:00Z,ท่าตะโก,211,0.0,0.0,0.0,,,True
1790654400,2026-09-29T04:00:00Z,เขาค้อ,207,0.0,0.0,0.0,,,True
1790654400,2026-09-29T04:00:00Z,บรรพตพิสัย,181,0.0,0.0,0.0,,,True
1790654400,2026-09-29T04:00:00Z,เก้าเลี้ยว,57,0.0,0.0,0.0,,,True
1790654400,2026-09-29T04:00:00Z,วังโป่ง,123,0.0,0.0,0.0,,,True
1790654400,2026-09-29T04:00:00Z,บึงสามพัน,194,0.0,0.0,0.0,,,True
1790654400,2026-09-29T04:00:00Z,น้ำหนาว,231,0.0,0.0,0.0,,,True
1790654400,2026-09-29T04:00:00Z,ศรีเทพ,204,0.0,0.0,0.0,,,True
1790654400,2026-09-29T04:00:00Z,หนองไผ่,315,0.0,0.0,0.0,,,True
1790654400,2026-09-29T04:00:00Z,มหาราช,4,0.0,0.0,0.0,,,False
1790654400,2026-09-29T04:00:00Z,บ้านแพรก,10,0.0,0.0,0.0,,,True
1790654400,2026-09-29T04:00:00Z,บางมูลนาก,99,0.0,0.0,0.0,,,True
1790654400,2026-09-29T04:00:00Z,โพทะเล,131,0.0,0.0,0.0,,,True
1790654400,2026-09-29T04:00:00Z,โพธิ์ประทับช้าง,102,0.0,0.0,0.0,,,True
1790654400,2026-09-29T04:00:00Z,ตะพานหิน,109,0.0,0.0,0.0,,,True
1790654400,2026-09-29T04:00:00Z,เมืองพิจิตร,138,0.0,0.0,0.0,,,True
1790654400,2026-09-29T04:00:00Z,วังทรายพูน,66,0.0,0.0,0.0,,,True
1790655300,2026-09-29T04:15:00Z,พิชัย,176,0.0,0.0,0.0,,,True
1790655300,2026-09-29T04:15:00Z,ลับแล,116,0.0,0.0,0.0,,,True
1790655300,2026-09-29T04:15:00Z,ฟากท่า,163,0.0,0.0,0.0,,,True
1790655300,2026-09-29T04:15:00Z,บ้านโคก,247,0.0,0.0,0.0,,,True
1790655300,2026-09-29T04:15:00Z,ท่าปลา,442,0.005,0.201,0.043,,15,True
1790655300,2026-09-29T04:15:00Z,น้ำปาด,363,0.0,0.0,0.0,,,True
1790655300,2026-09-29T04:15:00Z,เมืองอุตรดิตถ์,202,0.003,0.201,0.0248,,15,True
1790655300,2026-09-29T04:15:00Z,ตรอน,80,0.0,0.0,0.0,,,True
1790655300,2026-09-29T04:15:00Z,หล่มเก่า,246,0.0,0.0,0.0,,,True
1790655300,2026-09-29T04:15:00Z,วิเชียรบุรี,377,0.0,0.0,0.0,,,True
1790655300,2026-09-29T04:15:00Z,ชนแดน,279,0.0,0.0,0.0,,,True
1790655300,2026-09-29T04:15:00Z,หล่มสัก,350,0.0,0.0,0.0,,,True
1790655300,2026-09-29T04:15:00Z,เมืองเพชรบูรณ์,571,0.0,0.0,0.0,,,True
1790655300,2026-09-29T04:15:00Z,ทองแสนขัน,185,0.0,0.0,0.0,,,True
1790655300,2026-09-29T04:15:00Z,บึงสามัคคี,71,0.0,0.0,0.0,,,True
1790655300,2026-09-29T04:15:00Z,โกสัมพีนคร,137,0.0,0.0,0.0,,,True
1790655300,2026-09-29T04:15:00Z,สอง,380,0.0,0.098,0.0026,,90,True
1790655300,2026-09-29T04:15:00Z,วังชิ้น,255,0.003,0.098,0.0275,,15,True
1790655300,2026-09-29T04:15:00Z,สูงเม่น,88,0.016,0.201,0.1364,45,45,True
1790655300,2026-09-29T04:15:00Z,เด่นชัย,135,0.001,0.098,0.0074,,30,True
1790655300,2026-09-29T04:15:00Z,ร้องกวาง,221,0.014,0.201,0.1312,120,60,True
1790655300,2026-09-29T04:15:00Z,ลอง,317,0.002,0.098,0.0221,,15,True
1790655300,2026-09-29T04:15:00Z,เมืองแพร่,205,0.022,0.201,0.2,75,15,True
1790655300,2026-09-29T04:15:00Z,ทัพทัน,94,0.0,0.0,0.0,,,True
1790655300,2026-09-29T04:15:00Z,สว่างอารมณ์,110,0.0,0.0,0.0,,,True
1790655300,2026-09-29T04:15:00Z,เมืองอุทัยธานี,59,0.0,0.0,0.0,,,True
1790655300,2026-09-29T04:15:00Z,ห้วยคต,94,0.0,0.0,0.0,,,True
1790655300,2026-09-29T04:15:00Z,ศรีสวัสดิ์,440,0.0,0.0,0.0,,,True
1790655300,2026-09-29T04:15:00Z,บ้านไร่,821,0.0,0.0,0.0,,,True
1790655300,2026-09-29T04:15:00Z,ลานสัก,360,0.0,0.0,0.0,,,True
1790655300,2026-09-29T04:15:00Z,หนองฉาง,89,0.0,0.0,0.0,,,True
1790655300,2026-09-29T04:15:00Z,หนองขาหย่าง,43,0.0,0.0,0.0,,,True
1790655300,2026-09-29T04:15:00Z,เชียงม่วน,82,0.0,0.0,0.0,,,True
1790655300,2026-09-29T04:15:00Z,ดอกคำใต้,37,0.0,0.0,0.0,,,True
1790655300,2026-09-29T04:15:00Z,เมืองพะเยา,6,0.0,0.0,0.0,,,True
1790655300,2026-09-29T04:15:00Z,ทองผาภูมิ,851,0.0,0.0,0.0,,,True
1790655300,2026-09-29T04:15:00Z,สังขละบุรี,793,0.0,0.0,0.0,,,True
1790655300,2026-09-29T04:15:00Z,หนองม่วงไข่,35,0.006,0.098,0.0571,,105,True
1790655300,2026-09-29T04:15:00Z,ภูเวียง,81,0.0,0.0,0.0,,,True
1790655300,2026-09-29T04:15:00Z,มัญจาคีรี,50,0.0,0.0,0.0,,,True
1790655300,2026-09-29T04:15:00Z,หนองปรือ,104,0.0,0.0,0.0,,,True
1790655300,2026-09-29T04:15:00Z,เลาขวัญ,123,0.0,0.0,0.0,,,True
1790655300,2026-09-29T04:15:00Z,หนองนาคำ,43,0.0,0.0,0.0,,,True
1790655300,2026-09-29T04:15:00Z,โคกโพธิ์ไชย,65,0.0,0.0,0.0,,,True
1790655300,2026-09-29T04:15:00Z,บ้านหลวง,91,0.0,0.0,0.0,,,True
1790655300,2026-09-29T04:15:00Z,นาน้อย,266,0.0,0.0,0.0,,,True
1790655300,2026-09-29T04:15:00Z,ภูผาม่าน,74,0.0,0.0,0.0,,,True
1790655300,2026-09-29T04:15:00Z,เมืองน่าน,161,0.0,0.0,0.0,,,True
1790655300,2026-09-29T04:15:00Z,แม่จริม,262,0.0,0.0,0.0,,,True
1790655300,2026-09-29T04:15:00Z,เวียงเก่า,78,0.0,0.0,0.0,,,True
1790655300,2026-09-29T04:15:00Z,เมืองกำแพงเพชร,368,0.0,0.0,0.0,,,True
1790655300,2026-09-29T04:15:00Z,ไทรงาม,133,0.0,0.0,0.0,,,True
1790655300,2026-09-29T04:15:00Z,ปางศิลาทอง,186,0.0,0.0,0.0,,,True
1790655300,2026-09-29T04:15:00Z,ลานกระบือ,103,0.0,0.0,0.0,,,True
1790655300,2026-09-29T04:15:00Z,ทรายทองวัฒนา,53,0.0,0.0,0.0,,,True
1790655300,2026-09-29T04:15:00Z,คลองขลุง,179,0.0,0.0,0.0,,,True
1790655300,2026-09-29T04:15:00Z,พรานกระต่าย,252,0.0,0.0,0.0,,,True
1790655300,2026-09-29T04:15:00Z,คลองลาน,363,0.0,0.0,0.0,,,True
1790655300,2026-09-29T04:15:00Z,ขาณุวรลักษบุรี,296,0.0,0.0,0.0,,,True
1790655300,2026-09-29T04:15:00Z,ภูเพียง,113,0.0,0.0,0.0,,,True
1790655300,2026-09-29T04:15:00Z,นาหมื่น,245,0.0,0.0,0.0,,,True
1790655300,2026-09-29T04:15:00Z,เวียงสา,543,0.0,0.098,0.0018,,120,True
1790655300,2026-09-29T04:15:00Z,น้ำโสม,153,0.0,0.0,0.0,,,True
1790655300,2026-09-29T04:15:00Z,นายูง,126,0.0,0.0,0.0,,,True
1790655300,2026-09-29T04:15:00Z,ชุมแพ,173,0.0,0.0,0.0,,,True
1790655300,2026-09-29T04:15:00Z,สีชมพู,132,0.0,0.0,0.0,,,True
1790655300,2026-09-29T04:15:00Z,สุวรรณคูหา,140,0.0,0.0,0.0,,,True
1790655300,2026-09-29T04:15:00Z,นาวัง,65,0.0,0.0,0.0,,,True
1790655300,2026-09-29T04:15:00Z,หนองเรือ,80,0.0,0.0,0.0,,,True
1790655300,2026-09-29T04:15:00Z,โนนสัง,51,0.0,0.0,0.0,,,True
1790655300,2026-09-29T04:15:00Z,ศรีบุญเรือง,224,0.0,0.0,0.0,,,True
1790655300,2026-09-29T04:15:00Z,เมืองหนองบัวลำภู,217,0.0,0.0,0.0,,,True
1790655300,2026-09-29T04:15:00Z,นากลาง,173,0.0,0.0,0.0,,,True
1790655300,2026-09-29T04:15:00Z,ทุ่งเสลี่ยม,144,0.0,0.0,0.0,,,True
1790655300,2026-09-29T04:15:00Z,ดอยหล่อ,56,0.0,0.0,0.0,,,True
1790655300,2026-09-29T04:15:00Z,เมืองตาก,486,0.0,0.0,0.0,,,True
1790655300,2026-09-29T04:15:00Z,แม่ออน,116,0.0,0.0,0.0,,,True
1790655300,2026-09-29T04:15:00Z,อุ้มผาง,1209,0.0,0.0,0.0,,,True
1790655300,2026-09-29T04:15:00Z,วังเจ้า,183,0.0,0.0,0.0,,,True
1790655300,2026-09-29T04:15:00Z,แม่สอด,398,0.0,0.0,0.0,,,True
1790655300,2026-09-29T04:15:00Z,พบพระ,249,0.0,0.0,0.0,,,True
1790655300,2026-09-29T04:15:00Z,แม่ระมาด,380,0.0,0.0,0.0,,,True
1790655300,2026-09-29T04:15:00Z,ท่าสองยาง,401,0.0,0.0,0.0,,,True
1790655300,2026-09-29T04:15:00Z,บ้านตาก,255,0.0,0.0,0.0,,,True
1790655300,2026-09-29T04:15:00Z,สามเงา,698,0.0,0.0,0.0,,,True
1790655300,2026-09-29T04:15:00Z,จอมทอง,280,0.0,0.0,0.0,,,True
1790655300,2026-09-29T04:15:00Z,แก้งสนามนาง,79,0.0,0.0,0.0,,,True
1790655300,2026-09-29T04:15:00Z,สีคิ้ว,292,0.0,0.0,0.0,,,True
1790655300,2026-09-29T04:15:00Z,พระทองคำ,90,0.0,0.0,0.0,,,True
1790655300,2026-09-29T04:15:00Z,เทพารักษ์,92,0.0,0.0,0.0,,,True
1790655300,2026-09-29T04:15:00Z,สันกำแพง,65,0.0,0.0,0.0,,,True
1790655300,2026-09-29T04:15:00Z,สันป่าตอง,44,0.0,0.0,0.0,,,True
1790655300,2026-09-29T04:15:00Z,ดอยเต่า,213,0.0,0.0,0.0,,,True
1790655300,2026-09-29T04:15:00Z,อมก๋อย,704,0.0,0.0,0.0,,,True
1790655300,2026-09-29T04:15:00Z,ฮอด,378,0.0,0.0,0.0,,,True
1790655300,2026-09-29T04:15:00Z,เมืองลำพูน,117,0.0,0.0,0.0,,,True
1790655300,2026-09-29T04:15:00Z,แม่ทา,192,0.0,0.0,0.0,,,True
1790655300,2026-09-29T04:15:00Z,บ้านธิ,34,0.0,0.0,0.0,,,True
1790655300,2026-09-29T04:15:00Z,บ้านหมอ,24,0.0,0.0,0.0,,,True
1790655300,2026-09-29T04:15:00Z,เวียงหนองล่อง,14,0.0,0.0,0.0,,,True
1790655300,2026-09-29T04:15:00Z,ทุ่งหัวช้าง,113,0.0,0.0,0.0,,,True
1790655300,2026-09-29T04:15:00Z,ป่าซาง,74,0.0,0.0,0.0,,,True
1790655300,2026-09-29T04:15:00Z,บ้านโฮ่ง,124,0.0,0.0,0.0,,,True
1790655300,2026-09-29T04:15:00Z,แก่งคอย,73,0.0,0.0,0.0,,,True
1790655300,2026-09-29T04:15:00Z,ลี้,454,0.0,0.0,0.0,,,True
1790655300,2026-09-29T04:15:00Z,พระพุทธบาท,55,0.0,0.0,0.0,,,True
1790655300,2026-09-29T04:15:00Z,ดอนพุด,7,0.0,0.0,0.0,,,True
1790655300,2026-09-29T04:15:00Z,หนองโดน,31,0.0,0.0,0.0,,,True
1790655300,2026-09-29T04:15:00Z,เมืองลำปาง,300,0.009,0.201,0.0633,,15,True
1790655300,2026-09-29T04:15:00Z,เถิน,443,0.0,0.0,0.0,,,True
1790655300,2026-09-29T04:15:00Z,แม่พริก,167,0.0,0.0,0.0,,,True
1790655300,2026-09-29T04:15:00Z,แจ้ห่ม,274,0.019,0.201,0.1423,75,30,True
1790655300,2026-09-29T04:15:00Z,แม่เปิน,85,0.0,0.0,0.0,,,True
1790655300,2026-09-29T04:15:00Z,เสริมงาม,185,0.0,0.0,0.0,,,True
1790655300,2026-09-29T04:15:00Z,ชุมตาบง,61,0.0,0.0,0.0,,,True
1790655300,2026-09-29T04:15:00Z,งาว,344,0.001,0.098,0.0058,,120,True
1790655300,2026-09-29T04:15:00Z,ตากฟ้า,125,0.0,0.0,0.0,,,True
1790655300,2026-09-29T04:15:00Z,แม่เมาะ,283,0.006,0.098,0.0565,,30,True
1790655300,2026-09-29T04:15:00Z,แม่วงก์,257,0.0,0.0,0.0,,,True
1790655300,2026-09-29T04:15:00Z,เกาะคา,128,0.0,0.0,0.0,,,True
1790655300,2026-09-29T04:15:00Z,พยุหะคีรี,169,0.0,0.0,0.0,,,True
1790655300,2026-09-29T04:15:00Z,ลาดยาว,187,0.0,0.0,0.0,,,True
1790655300,2026-09-29T04:15:00Z,สบปราบ,125,0.0,0.0,0.0,,,True
1790655300,2026-09-29T04:15:00Z,ห้างฉัตร,154,0.0,0.0,0.0,,,True
1790655300,2026-09-29T04:15:00Z,แม่ทะ,203,0.002,0.098,0.0246,,45,True
1790655300,2026-09-29T04:15:00Z,เมืองปาน,202,0.0,0.0,0.0,,,True
1790655300,2026-09-29T04:15:00Z,เมืองอ่างทอง,6,0.0,0.0,0.0,,,True
1790655300,2026-09-29T04:15:00Z,ไชโย,20,0.0,0.0,0.0,,,True
1790655300,2026-09-29T04:15:00Z,สามโก้,10,0.0,0.0,0.0,,,True
1790655300,2026-09-29T04:15:00Z,แสวงหา,43,0.0,0.0,0.0,,,True
1790655300,2026-09-29T04:15:00Z,วิเศษชัยชาญ,7,0.0,0.0,0.0,,,True
1790655300,2026-09-29T04:15:00Z,โพธิ์ทอง,48,0.0,0.0,0.0,,,True
1790655300,2026-09-29T04:15:00Z,เมืองลพบุรี,190,0.0,0.0,0.0,,,True
1790655300,2026-09-29T04:15:00Z,เดิมบางนางบวช,130,0.0,0.0,0.0,,,True
1790655300,2026-09-29T04:15:00Z,ด่านช้าง,309,0.0,0.0,0.0,,,True
1790655300,2026-09-29T04:15:00Z,หนองม่วง,111,0.0,0.0,0.0,,,True
1790655300,2026-09-29T04:15:00Z,ลำสนธิ,136,0.0,0.0,0.0,,,True
1790655300,2026-09-29T04:15:00Z,สามชุก,77,0.0,0.0,0.0,,,True
1790655300,2026-09-29T04:15:00Z,ดอนเจดีย์,72,0.0,0.0,0.0,,,True
1790655300,2026-09-29T04:15:00Z,สระโบสถ์,83,0.0,0.0,0.0,,,True
1790655300,2026-09-29T04:15:00Z,ศรีประจันต์,41,0.0,0.0,0.0,,,True
1790655300,2026-09-29T04:15:00Z,โคกเจริญ,135,0.0,0.0,0.0,,,True
1790655300,2026-09-29T04:15:00Z,บ้านหมี่,136,0.0,0.0,0.0,,,True
1790655300,2026-09-29T04:15:00Z,ท่าหลวง,100,0.0,0.0,0.0,,,True
1790655300,2026-09-29T04:15:00Z,ชัยบาดาล,280,0.0,0.0,0.0,,,True
1790655300,2026-09-29T04:15:00Z,ท่าวุ้ง,64,0.0,0.0,0.0,,,True
1790655300,2026-09-29T04:15:00Z,พัฒนานิคม,217,0.0,0.0,0.0,,,True
1790655300,2026-09-29T04:15:00Z,โคกสำโรง,180,0.0,0.0,0.0,,,True
1790655300,2026-09-29T04:15:00Z,หนองหญ้าไซ,108,0.0,0.0,0.0,,,True
1790655300,2026-09-29T04:15:00Z,ท่าช้าง,11,0.0,0.0,0.0,,,True
1790655300,2026-09-29T04:15:00Z,อินทร์บุรี,66,0.0,0.0,0.0,,,True
1790655300,2026-09-29T04:15:00Z,ค่ายบางระจัน,26,0.0,0.0,0.0,,,True
1790655300,2026-09-29T04:15:00Z,พรหมบุรี,19,0.0,0.0,0.0,,,True
1790655300,2026-09-29T04:15:00Z,เนินสง่า,65,0.0,0.0,0.0,,,True
1790655300,2026-09-29T04:15:00Z,เมืองสิงห์บุรี,31,0.0,0.0,0.0,,,True
1790655300,2026-09-29T04:15:00Z,ซับใหญ่,72,0.0,0.0,0.0,,,True
1790655300,2026-09-29T04:15:00Z,บางระจัน,46,0.0,0.0,0.0,,,True
1790655300,2026-09-29T04:15:00Z,ภูกระดึง,190,0.0,0.0,0.0,,,True
1790655300,2026-09-29T04:15:00Z,ภูหลวง,145,0.0,0.0,0.0,,,True
1790655300,2026-09-29T04:15:00Z,หนองหิน,78,0.0,0.0,0.0,,,True
1790655300,2026-09-29T04:15:00Z,ผาขาว,100,0.0,0.0,0.0,,,True
1790655300,2026-09-29T04:15:00Z,เอราวัณ,87,0.0,0.0,0.0,,,True
1790655300,2026-09-29T04:15:00Z,วังสะพุง,281,0.0,0.0,0.0,,,True
1790655300,2026-09-29T04:15:00Z,วังม่วง,70,0.0,0.0,0.0,,,True
1790655300,2026-09-29T04:15:00Z,เฉลิมพระเกียรติ,35,0.0,0.0,0.0,,,True
1790655300,2026-09-29T04:15:00Z,มวกเหล็ก,175,0.0,0.0,0.0,,,True
1790655300,2026-09-29T04:15:00Z,บ้านเขว้า,124,0.0,0.0,0.0,,,True
1790655300,2026-09-29T04:15:00Z,คอนสวรรค์,113,0.0,0.0,0.0,,,True
1790655300,2026-09-29T04:15:00Z,เมืองชัยภูมิ,358,0.0,0.0,0.0,,,True
1790655300,2026-09-29T04:15:00Z,วังทอง,425,0.0,0.0,0.0,,,True
1790655300,2026-09-29T04:15:00Z,เนินมะปราง,276,0.0,0.0,0.0,,,True
1790655300,2026-09-29T04:15:00Z,สวรรคโลก,156,0.0,0.0,0.0,,,True
1790655300,2026-09-29T04:15:00Z,ศรีนคร,46,0.0,0.0,0.0,,,True
1790655300,2026-09-29T04:15:00Z,หันคา,139,0.0,0.0,0.0,,,True
1790655300,2026-09-29T04:15:00Z,ศรีสัชนาลัย,534,0.0,0.098,0.0037,,15,True
1790655300,2026-09-29T04:15:00Z,หนองมะโมง,76,0.0,0.0,0.0,,,True
1790655300,2026-09-29T04:15:00Z,ศรีสำโรง,142,0.0,0.0,0.0,,,True
1790655300,2026-09-29T04:15:00Z,สรรพยา,55,0.0,0.0,0.0,,,True
1790655300,2026-09-29T04:15:00Z,คีรีมาศ,171,0.0,0.0,0.0,,,True
1790655300,2026-09-29T04:15:00Z,สรรคบุรี,89,0.0,0.0,0.0,,,True
1790655300,2026-09-29T04:15:00Z,กงไกรลาศ,108,0.0,0.0,0.0,,,True
1790655300,2026-09-29T04:15:00Z,มโนรมย์,66,0.0,0.0,0.0,,,True
1790655300,2026-09-29T04:15:00Z,เมืองสุโขทัย,136,0.0,0.0,0.0,,,True
1790655300,2026-09-29T04:15:00Z,วัดสิงห์,67,0.0,0.0,0.0,,,True
1790655300,2026-09-29T04:15:00Z,บ้านด่านลานหอย,231,0.0,0.0,0.0,,,True
1790655300,2026-09-29T04:15:00Z,เมืองชัยนาท,70,0.0,0.0,0.0,,,True
1790655300,2026-09-29T04:15:00Z,เนินขาม,65,0.0,0.0,0.0,,,True
1790655300,2026-09-29T04:15:00Z,คอนสาร,334,0.0,0.0,0.0,,,True
1790655300,2026-09-29T04:15:00Z,ภักดีชุมพล,154,0.0,0.0,0.0,,,True
1790655300,2026-09-29T04:15:00Z,บ้านแท่น,76,0.0,0.0,0.0,,,True
1790655300,2026-09-29T04:15:00Z,แก้งคร้อ,168,0.0,0.0,0.0,,,True
1790655300,2026-09-29T04:15:00Z,ภูเขียว,201,0.0,0.0,0.0,,,True
1790655300,2026-09-29T04:15:00Z,หนองบัวระเหว,179,0.0,0.0,0.0,,,True
1790655300,2026-09-29T04:15:00Z,เทพสถิต,239,0.0,0.0,0.0,,,True
1790655300,2026-09-29T04:15:00Z,จัตุรัส,172,0.0,0.0,0.0,,,True
1790655300,2026-09-29T04:15:00Z,บำเหน็จณรงค์,120,0.0,0.0,0.0,,,True
1790655300,2026-09-29T04:15:00Z,เกษตรสมบูรณ์,268,0.0,0.0,0.0,,,True
1790655300,2026-09-29T04:15:00Z,หนองบัวแดง,537,0.0,0.0,0.0,,,True
1790655300,2026-09-29T04:15:00Z,ภูเรือ,168,0.0,0.0,0.0,,,True
1790655300,2026-09-29T04:15:00Z,ท่าลี่,171,0.0,0.0,0.0,,,True
1790655300,2026-09-29T04:15:00Z,วชิรบารมี,68,0.0,0.0,0.0,,,True
1790655300,2026-09-29T04:15:00Z,ด่านซ้าย,341,0.0,0.0,0.0,,,True
1790655300,2026-09-29T04:15:00Z,นาแห้ว,153,0.0,0.0,0.0,,,True
1790655300,2026-09-29T04:15:00Z,บึงนาราง,74,0.0,0.0,0.0,,,True
1790655300,2026-09-29T04:15:00Z,เชียงคาน,213,0.0,0.0,0.0,,,True
1790655300,2026-09-29T04:15:00Z,ดงเจริญ,56,0.0,0.0,0.0,,,True
1790655300,2026-09-29T04:15:00Z,ปากชม,240,0.0,0.0,0.0,,,True
1790655300,2026-09-29T04:15:00Z,เมืองเลย,314,0.0,0.0,0.0,,,True
1790655300,2026-09-29T04:15:00Z,นาด้วง,143,0.0,0.0,0.0,,,True
1790655300,2026-09-29T04:15:00Z,สากเหล็ก,45,0.0,0.0,0.0,,,True
1790655300,2026-09-29T04:15:00Z,สามง่าม,89,0.0,0.0,0.0,,,True
1790655300,2026-09-29T04:15:00Z,ทับคล้อ,104,0.0,0.0,0.0,,,True
1790655300,2026-09-29T04:15:00Z,พรหมพิราม,206,0.0,0.0,0.0,,,True
1790655300,2026-09-29T04:15:00Z,ด่านขุนทด,344,0.0,0.0,0.0,,,True
1790655300,2026-09-29T04:15:00Z,วัดโบสถ์,226,0.0,0.0,0.0,,,True
1790655300,2026-09-29T04:15:00Z,บางระกำ,246,0.0,0.0,0.0,,,True
1790655300,2026-09-29T04:15:00Z,บางกระทุ่ม,91,0.0,0.0,0.0,,,True
1790655300,2026-09-29T04:15:00Z,นครไทย,597,0.0,0.0,0.0,,,True
1790655300,2026-09-29T04:15:00Z,ชาติตระการ,415,0.0,0.0,0.0,,,True
1790655300,2026-09-29T04:15:00Z,บ้านเหลื่อม,55,0.0,0.0,0.0,,,True
1790655300,2026-09-29T04:15:00Z,เมืองพิษณุโลก,178,0.0,0.0,0.0,,,True
1790655300,2026-09-29T04:15:00Z,ชุมแสง,145,0.0,0.0,0.0,,,True
1790655300,2026-09-29T04:15:00Z,หนองบัว,208,0.0,0.0,0.0,,,True
1790655300,2026-09-29T04:15:00Z,เมืองนครสวรรค์,183,0.0,0.0,0.0,,,True
1790655300,2026-09-29T04:15:00Z,โกรกพระ,71,0.0,0.0,0.0,,,True
1790655300,2026-09-29T04:15:00Z,ไพศาลี,244,0.0,0.0,0.0,,,True
1790655300,2026-09-29T04:15:00Z,ตาคลี,206,0.0,0.0,0.0,,,True
1790655300,2026-09-29T04:15:00Z,ท่าตะโก,211,0.0,0.0,0.0,,,True
1790655300,2026-09-29T04:15:00Z,เขาค้อ,207,0.0,0.0,0.0,,,True
1790655300,2026-09-29T04:15:00Z,บรรพตพิสัย,181,0.0,0.0,0.0,,,True
1790655300,2026-09-29T04:15:00Z,เก้าเลี้ยว,57,0.0,0.0,0.0,,,True
1790655300,2026-09-29T04:15:00Z,วังโป่ง,123,0.0,0.0,0.0,,,True
1790655300,2026-09-29T04:15:00Z,บึงสามพัน,194,0.0,0.0,0.0,,,True
1790655300,2026-09-29T04:15:00Z,น้ำหนาว,231,0.0,0.0,0.0,,,True
1790655300,2026-09-29T04:15:00Z,ศรีเทพ,204,0.0,0.0,0.0,,,True
1790655300,2026-09-29T04:15:00Z,หนองไผ่,315,0.0,0.0,0.0,,,True
1790655300,2026-09-29T04:15:00Z,มหาราช,4,0.0,0.0,0.0,,,False
1790655300,2026-09-29T04:15:00Z,บ้านแพรก,10,0.0,0.0,0.0,,,True
1790655300,2026-09-29T04:15:00Z,บางมูลนาก,99,0.0,0.0,0.0,,,True
1790655300,2026-09-29T04:15:00Z,โพทะเล,131,0.0,0.0,0.0,,,True
1790655300,2026-09-29T04:15:00Z,โพธิ์ประทับช้าง,102,0.0,0.0,0.0,,,True
1790655300,2026-09-29T04:15:00Z,ตะพานหิน,109,0.0,0.0,0.0,,,True
1790655300,2026-09-29T04:15:00Z,เมืองพิจิตร,138,0.0,0.0,0.0,,,True
1790655300,2026-09-29T04:15:00Z,วังทรายพูน,66,0.0,0.0,0.0,,,True
1790656200,2026-09-29T04:30:00Z,พิชัย,176,0.007,0.288,0.0455,,15,True
1790656200,2026-09-29T04:30:00Z,ลับแล,116,0.003,0.288,0.0172,,45,True
1790656200,2026-09-29T04:30:00Z,ฟากท่า,163,0.0,0.0,0.0,,,True
1790656200,2026-09-29T04:30:00Z,บ้านโคก,247,0.0,0.0,0.0,,,True
1790656200,2026-09-29T04:30:00Z,ท่าปลา,442,0.019,1.216,0.0566,,15,True
1790656200,2026-09-29T04:30:00Z,น้ำปาด,363,0.001,0.098,0.0083,,45,True
1790656200,2026-09-29T04:30:00Z,เมืองอุตรดิตถ์,202,0.012,0.288,0.0743,,45,True
1790656200,2026-09-29T04:30:00Z,ตรอน,80,0.004,0.201,0.025,,45,True
1790656200,2026-09-29T04:30:00Z,หล่มเก่า,246,0.0,0.0,0.0,,,True
1790656200,2026-09-29T04:30:00Z,วิเชียรบุรี,377,0.0,0.0,0.0,,,True
1790656200,2026-09-29T04:30:00Z,ชนแดน,279,0.0,0.0,0.0,,,True
1790656200,2026-09-29T04:30:00Z,หล่มสัก,350,0.0,0.0,0.0,,,True
1790656200,2026-09-29T04:30:00Z,เมืองเพชรบูรณ์,571,0.0,0.0,0.0,,,True
1790656200,2026-09-29T04:30:00Z,ทองแสนขัน,185,0.001,0.098,0.0054,,30,True
1790656200,2026-09-29T04:30:00Z,บึงสามัคคี,71,0.0,0.0,0.0,,,True
1790656200,2026-09-29T04:30:00Z,โกสัมพีนคร,137,0.0,0.0,0.0,,,True
1790656200,2026-09-29T04:30:00Z,สอง,380,0.016,1.216,0.0237,,105,True
1790656200,2026-09-29T04:30:00Z,วังชิ้น,255,0.0,0.0,0.0,,,True
1790656200,2026-09-29T04:30:00Z,สูงเม่น,88,0.037,1.216,0.1136,45,15,True
1790656200,2026-09-29T04:30:00Z,เด่นชัย,135,0.005,0.288,0.0296,,15,True
1790656200,2026-09-29T04:30:00Z,ร้องกวาง,221,0.077,1.216,0.2308,90,45,True
1790656200,2026-09-29T04:30:00Z,ลอง,317,0.004,0.201,0.0221,,15,True
1790656200,2026-09-29T04:30:00Z,เมืองแพร่,205,0.056,1.216,0.1805,60,30,True
1790656200,2026-09-29T04:30:00Z,ทัพทัน,94,0.0,0.0,0.0,,,True
1790656200,2026-09-29T04:30:00Z,สว่างอารมณ์,110,0.0,0.0,0.0,,,True
1790656200,2026-09-29T04:30:00Z,เมืองอุทัยธานี,59,0.0,0.0,0.0,,,True
1790656200,2026-09-29T04:30:00Z,ห้วยคต,94,0.0,0.0,0.0,,,True
1790656200,2026-09-29T04:30:00Z,ศรีสวัสดิ์,440,0.0,0.0,0.0,,,True
1790656200,2026-09-29T04:30:00Z,บ้านไร่,821,0.0,0.0,0.0,,,True
1790656200,2026-09-29T04:30:00Z,ลานสัก,360,0.0,0.0,0.0,,,True
1790656200,2026-09-29T04:30:00Z,หนองฉาง,89,0.0,0.0,0.0,,,True
1790656200,2026-09-29T04:30:00Z,หนองขาหย่าง,43,0.0,0.0,0.0,,,True
1790656200,2026-09-29T04:30:00Z,เชียงม่วน,82,0.0,0.0,0.0,,,True
1790656200,2026-09-29T04:30:00Z,ดอกคำใต้,37,0.003,0.098,0.027,,90,True
1790656200,2026-09-29T04:30:00Z,เมืองพะเยา,6,0.0,0.0,0.0,,,True
1790656200,2026-09-29T04:30:00Z,ทองผาภูมิ,851,0.0,0.0,0.0,,,True
1790656200,2026-09-29T04:30:00Z,สังขละบุรี,793,0.0,0.0,0.0,,,True
1790656200,2026-09-29T04:30:00Z,หนองม่วงไข่,35,0.003,0.098,0.0286,,75,True
1790656200,2026-09-29T04:30:00Z,ภูเวียง,81,0.0,0.0,0.0,,,True
1790656200,2026-09-29T04:30:00Z,มัญจาคีรี,50,0.0,0.0,0.0,,,True
1790656200,2026-09-29T04:30:00Z,หนองปรือ,104,0.0,0.0,0.0,,,True
1790656200,2026-09-29T04:30:00Z,เลาขวัญ,123,0.0,0.0,0.0,,,True
1790656200,2026-09-29T04:30:00Z,หนองนาคำ,43,0.0,0.0,0.0,,,True
1790656200,2026-09-29T04:30:00Z,โคกโพธิ์ไชย,65,0.0,0.0,0.0,,,True
1790656200,2026-09-29T04:30:00Z,บ้านหลวง,91,0.0,0.0,0.0,,,True
1790656200,2026-09-29T04:30:00Z,นาน้อย,266,0.0,0.0,0.0,,,True
1790656200,2026-09-29T04:30:00Z,ภูผาม่าน,74,0.0,0.0,0.0,,,True
1790656200,2026-09-29T04:30:00Z,เมืองน่าน,161,0.0,0.0,0.0,,,True
1790656200,2026-09-29T04:30:00Z,แม่จริม,262,0.0,0.0,0.0,,,True
1790656200,2026-09-29T04:30:00Z,เวียงเก่า,78,0.0,0.0,0.0,,,True
1790656200,2026-09-29T04:30:00Z,เมืองกำแพงเพชร,368,0.0,0.0,0.0,,,True
1790656200,2026-09-29T04:30:00Z,ไทรงาม,133,0.0,0.0,0.0,,,True
1790656200,2026-09-29T04:30:00Z,ปางศิลาทอง,186,0.0,0.0,0.0,,,True
1790656200,2026-09-29T04:30:00Z,ลานกระบือ,103,0.0,0.0,0.0,,,True
1790656200,2026-09-29T04:30:00Z,ทรายทองวัฒนา,53,0.0,0.0,0.0,,,True
1790656200,2026-09-29T04:30:00Z,คลองขลุง,179,0.0,0.0,0.0,,,True
1790656200,2026-09-29T04:30:00Z,พรานกระต่าย,252,0.0,0.0,0.0,,,True
1790656200,2026-09-29T04:30:00Z,คลองลาน,363,0.0,0.0,0.0,,,True
1790656200,2026-09-29T04:30:00Z,ขาณุวรลักษบุรี,296,0.0,0.0,0.0,,,True
1790656200,2026-09-29T04:30:00Z,ภูเพียง,113,0.0,0.0,0.0,,,True
1790656200,2026-09-29T04:30:00Z,นาหมื่น,245,0.0,0.098,0.0041,,60,True
1790656200,2026-09-29T04:30:00Z,เวียงสา,543,0.001,0.098,0.0074,,105,True
1790656200,2026-09-29T04:30:00Z,น้ำโสม,153,0.0,0.0,0.0,,,True
1790656200,2026-09-29T04:30:00Z,นายูง,126,0.0,0.0,0.0,,,True
1790656200,2026-09-29T04:30:00Z,ชุมแพ,173,0.0,0.0,0.0,,,True
1790656200,2026-09-29T04:30:00Z,สีชมพู,132,0.0,0.0,0.0,,,True
1790656200,2026-09-29T04:30:00Z,สุวรรณคูหา,140,0.0,0.0,0.0,,,True
1790656200,2026-09-29T04:30:00Z,นาวัง,65,0.0,0.0,0.0,,,True
1790656200,2026-09-29T04:30:00Z,หนองเรือ,80,0.0,0.0,0.0,,,True
1790656200,2026-09-29T04:30:00Z,โนนสัง,51,0.0,0.0,0.0,,,True
1790656200,2026-09-29T04:30:00Z,ศรีบุญเรือง,224,0.0,0.0,0.0,,,True
1790656200,2026-09-29T04:30:00Z,เมืองหนองบัวลำภู,217,0.0,0.0,0.0,,,True
1790656200,2026-09-29T04:30:00Z,นากลาง,173,0.0,0.0,0.0,,,True
1790656200,2026-09-29T04:30:00Z,ทุ่งเสลี่ยม,144,0.0,0.0,0.0,,,True
1790656200,2026-09-29T04:30:00Z,ดอยหล่อ,56,0.0,0.0,0.0,,,True
1790656200,2026-09-29T04:30:00Z,เมืองตาก,486,0.0,0.0,0.0,,,True
1790656200,2026-09-29T04:30:00Z,แม่ออน,116,0.0,0.0,0.0,,,True
1790656200,2026-09-29T04:30:00Z,อุ้มผาง,1209,0.0,0.0,0.0,,,True
1790656200,2026-09-29T04:30:00Z,วังเจ้า,183,0.0,0.0,0.0,,,True
1790656200,2026-09-29T04:30:00Z,แม่สอด,398,0.0,0.0,0.0,,,True
1790656200,2026-09-29T04:30:00Z,พบพระ,249,0.0,0.0,0.0,,,True
1790656200,2026-09-29T04:30:00Z,แม่ระมาด,380,0.0,0.0,0.0,,,True
1790656200,2026-09-29T04:30:00Z,ท่าสองยาง,401,0.0,0.0,0.0,,,True
1790656200,2026-09-29T04:30:00Z,บ้านตาก,255,0.0,0.0,0.0,,,True
1790656200,2026-09-29T04:30:00Z,สามเงา,698,0.0,0.0,0.0,,,True
1790656200,2026-09-29T04:30:00Z,จอมทอง,280,0.0,0.0,0.0,,,True
1790656200,2026-09-29T04:30:00Z,แก้งสนามนาง,79,0.0,0.0,0.0,,,True
1790656200,2026-09-29T04:30:00Z,สีคิ้ว,292,0.0,0.0,0.0,,,True
1790656200,2026-09-29T04:30:00Z,พระทองคำ,90,0.0,0.0,0.0,,,True
1790656200,2026-09-29T04:30:00Z,เทพารักษ์,92,0.0,0.0,0.0,,,True
1790656200,2026-09-29T04:30:00Z,สันกำแพง,65,0.0,0.0,0.0,,,True
1790656200,2026-09-29T04:30:00Z,สันป่าตอง,44,0.0,0.0,0.0,,,True
1790656200,2026-09-29T04:30:00Z,ดอยเต่า,213,0.0,0.0,0.0,,,True
1790656200,2026-09-29T04:30:00Z,อมก๋อย,704,0.0,0.0,0.0,,,True
1790656200,2026-09-29T04:30:00Z,ฮอด,378,0.0,0.0,0.0,,,True
1790656200,2026-09-29T04:30:00Z,เมืองลำพูน,117,0.0,0.0,0.0,,,True
1790656200,2026-09-29T04:30:00Z,แม่ทา,192,0.0,0.0,0.0,,,True
1790656200,2026-09-29T04:30:00Z,บ้านธิ,34,0.0,0.0,0.0,,,True
1790656200,2026-09-29T04:30:00Z,บ้านหมอ,24,0.0,0.0,0.0,,,True
1790656200,2026-09-29T04:30:00Z,เวียงหนองล่อง,14,0.0,0.0,0.0,,,True
1790656200,2026-09-29T04:30:00Z,ทุ่งหัวช้าง,113,0.0,0.0,0.0,,,True
1790656200,2026-09-29T04:30:00Z,ป่าซาง,74,0.0,0.0,0.0,,,True
1790656200,2026-09-29T04:30:00Z,บ้านโฮ่ง,124,0.0,0.0,0.0,,,True
1790656200,2026-09-29T04:30:00Z,แก่งคอย,73,0.0,0.0,0.0,,,True
1790656200,2026-09-29T04:30:00Z,ลี้,454,0.0,0.0,0.0,,,True
1790656200,2026-09-29T04:30:00Z,พระพุทธบาท,55,0.0,0.0,0.0,,,True
1790656200,2026-09-29T04:30:00Z,ดอนพุด,7,0.0,0.0,0.0,,,True
1790656200,2026-09-29T04:30:00Z,หนองโดน,31,0.0,0.0,0.0,,,True
1790656200,2026-09-29T04:30:00Z,เมืองลำปาง,300,0.001,0.201,0.01,,15,True
1790656200,2026-09-29T04:30:00Z,เถิน,443,0.0,0.0,0.0,,,True
1790656200,2026-09-29T04:30:00Z,แม่พริก,167,0.0,0.0,0.0,,,True
1790656200,2026-09-29T04:30:00Z,แจ้ห่ม,274,0.021,0.288,0.1277,45,15,True
1790656200,2026-09-29T04:30:00Z,แม่เปิน,85,0.0,0.0,0.0,,,True
1790656200,2026-09-29T04:30:00Z,เสริมงาม,185,0.0,0.0,0.0,,,True
1790656200,2026-09-29T04:30:00Z,ชุมตาบง,61,0.0,0.0,0.0,,,True
1790656200,2026-09-29T04:30:00Z,งาว,344,0.009,0.201,0.0581,,30,True
1790656200,2026-09-29T04:30:00Z,ตากฟ้า,125,0.0,0.0,0.0,,,True
1790656200,2026-09-29T04:30:00Z,แม่เมาะ,283,0.011,0.201,0.0919,,15,True
1790656200,2026-09-29T04:30:00Z,แม่วงก์,257,0.0,0.0,0.0,,,True
1790656200,2026-09-29T04:30:00Z,เกาะคา,128,0.0,0.0,0.0,,,True
1790656200,2026-09-29T04:30:00Z,พยุหะคีรี,169,0.0,0.0,0.0,,,True
1790656200,2026-09-29T04:30:00Z,ลาดยาว,187,0.0,0.0,0.0,,,True
1790656200,2026-09-29T04:30:00Z,สบปราบ,125,0.0,0.0,0.0,,,True
1790656200,2026-09-29T04:30:00Z,ห้างฉัตร,154,0.0,0.0,0.0,,,True
1790656200,2026-09-29T04:30:00Z,แม่ทะ,203,0.002,0.201,0.0148,,30,True
1790656200,2026-09-29T04:30:00Z,เมืองปาน,202,0.0,0.0,0.0,,,True
1790656200,2026-09-29T04:30:00Z,เมืองอ่างทอง,6,0.0,0.0,0.0,,,True
1790656200,2026-09-29T04:30:00Z,ไชโย,20,0.0,0.0,0.0,,,True
1790656200,2026-09-29T04:30:00Z,สามโก้,10,0.0,0.0,0.0,,,True
1790656200,2026-09-29T04:30:00Z,แสวงหา,43,0.0,0.0,0.0,,,True
1790656200,2026-09-29T04:30:00Z,วิเศษชัยชาญ,7,0.0,0.0,0.0,,,True
1790656200,2026-09-29T04:30:00Z,โพธิ์ทอง,48,0.0,0.0,0.0,,,True
1790656200,2026-09-29T04:30:00Z,เมืองลพบุรี,190,0.0,0.0,0.0,,,True
1790656200,2026-09-29T04:30:00Z,เดิมบางนางบวช,130,0.0,0.0,0.0,,,True
1790656200,2026-09-29T04:30:00Z,ด่านช้าง,309,0.0,0.0,0.0,,,True
1790656200,2026-09-29T04:30:00Z,หนองม่วง,111,0.0,0.0,0.0,,,True
1790656200,2026-09-29T04:30:00Z,ลำสนธิ,136,0.0,0.0,0.0,,,True
1790656200,2026-09-29T04:30:00Z,สามชุก,77,0.0,0.0,0.0,,,True
1790656200,2026-09-29T04:30:00Z,ดอนเจดีย์,72,0.0,0.0,0.0,,,True
1790656200,2026-09-29T04:30:00Z,สระโบสถ์,83,0.0,0.0,0.0,,,True
1790656200,2026-09-29T04:30:00Z,ศรีประจันต์,41,0.0,0.0,0.0,,,True
1790656200,2026-09-29T04:30:00Z,โคกเจริญ,135,0.0,0.0,0.0,,,True
1790656200,2026-09-29T04:30:00Z,บ้านหมี่,136,0.0,0.0,0.0,,,True
1790656200,2026-09-29T04:30:00Z,ท่าหลวง,100,0.0,0.0,0.0,,,True
1790656200,2026-09-29T04:30:00Z,ชัยบาดาล,280,0.0,0.0,0.0,,,True
1790656200,2026-09-29T04:30:00Z,ท่าวุ้ง,64,0.0,0.0,0.0,,,True
1790656200,2026-09-29T04:30:00Z,พัฒนานิคม,217,0.0,0.0,0.0,,,True
1790656200,2026-09-29T04:30:00Z,โคกสำโรง,180,0.0,0.0,0.0,,,True
1790656200,2026-09-29T04:30:00Z,หนองหญ้าไซ,108,0.0,0.0,0.0,,,True
1790656200,2026-09-29T04:30:00Z,ท่าช้าง,11,0.0,0.0,0.0,,,True
1790656200,2026-09-29T04:30:00Z,อินทร์บุรี,66,0.0,0.0,0.0,,,True
1790656200,2026-09-29T04:30:00Z,ค่ายบางระจัน,26,0.0,0.0,0.0,,,True
1790656200,2026-09-29T04:30:00Z,พรหมบุรี,19,0.0,0.0,0.0,,,True
1790656200,2026-09-29T04:30:00Z,เนินสง่า,65,0.0,0.0,0.0,,,True
1790656200,2026-09-29T04:30:00Z,เมืองสิงห์บุรี,31,0.0,0.0,0.0,,,True
1790656200,2026-09-29T04:30:00Z,ซับใหญ่,72,0.0,0.0,0.0,,,True
1790656200,2026-09-29T04:30:00Z,บางระจัน,46,0.0,0.0,0.0,,,True
1790656200,2026-09-29T04:30:00Z,ภูกระดึง,190,0.0,0.0,0.0,,,True
1790656200,2026-09-29T04:30:00Z,ภูหลวง,145,0.0,0.0,0.0,,,True
1790656200,2026-09-29T04:30:00Z,หนองหิน,78,0.0,0.0,0.0,,,True
1790656200,2026-09-29T04:30:00Z,ผาขาว,100,0.0,0.0,0.0,,,True
1790656200,2026-09-29T04:30:00Z,เอราวัณ,87,0.0,0.0,0.0,,,True
1790656200,2026-09-29T04:30:00Z,วังสะพุง,281,0.0,0.0,0.0,,,True
1790656200,2026-09-29T04:30:00Z,วังม่วง,70,0.0,0.0,0.0,,,True
1790656200,2026-09-29T04:30:00Z,เฉลิมพระเกียรติ,35,0.0,0.0,0.0,,,True
1790656200,2026-09-29T04:30:00Z,มวกเหล็ก,175,0.0,0.0,0.0,,,True
1790656200,2026-09-29T04:30:00Z,บ้านเขว้า,124,0.0,0.0,0.0,,,True
1790656200,2026-09-29T04:30:00Z,คอนสวรรค์,113,0.0,0.0,0.0,,,True
1790656200,2026-09-29T04:30:00Z,เมืองชัยภูมิ,358,0.0,0.0,0.0,,,True
1790656200,2026-09-29T04:30:00Z,วังทอง,425,0.0,0.0,0.0,,,True
1790656200,2026-09-29T04:30:00Z,เนินมะปราง,276,0.0,0.0,0.0,,,True
1790656200,2026-09-29T04:30:00Z,สวรรคโลก,156,0.0,0.0,0.0,,,True
1790656200,2026-09-29T04:30:00Z,ศรีนคร,46,0.004,0.201,0.0217,,15,True
1790656200,2026-09-29T04:30:00Z,หันคา,139,0.0,0.0,0.0,,,True
1790656200,2026-09-29T04:30:00Z,ศรีสัชนาลัย,534,0.0,0.0,0.0,,,True
1790656200,2026-09-29T04:30:00Z,หนองมะโมง,76,0.0,0.0,0.0,,,True
1790656200,2026-09-29T04:30:00Z,ศรีสำโรง,142,0.0,0.0,0.0,,,True
1790656200,2026-09-29T04:30:00Z,สรรพยา,55,0.0,0.0,0.0,,,True
1790656200,2026-09-29T04:30:00Z,คีรีมาศ,171,0.0,0.0,0.0,,,True
1790656200,2026-09-29T04:30:00Z,สรรคบุรี,89,0.0,0.0,0.0,,,True
1790656200,2026-09-29T04:30:00Z,กงไกรลาศ,108,0.0,0.0,0.0,,,True
1790656200,2026-09-29T04:30:00Z,มโนรมย์,66,0.0,0.0,0.0,,,True
1790656200,2026-09-29T04:30:00Z,เมืองสุโขทัย,136,0.0,0.0,0.0,,,True
1790656200,2026-09-29T04:30:00Z,วัดสิงห์,67,0.0,0.0,0.0,,,True
1790656200,2026-09-29T04:30:00Z,บ้านด่านลานหอย,231,0.0,0.0,0.0,,,True
1790656200,2026-09-29T04:30:00Z,เมืองชัยนาท,70,0.0,0.0,0.0,,,True
1790656200,2026-09-29T04:30:00Z,เนินขาม,65,0.0,0.0,0.0,,,True
1790656200,2026-09-29T04:30:00Z,คอนสาร,334,0.0,0.0,0.0,,,True
1790656200,2026-09-29T04:30:00Z,ภักดีชุมพล,154,0.0,0.0,0.0,,,True
1790656200,2026-09-29T04:30:00Z,บ้านแท่น,76,0.0,0.0,0.0,,,True
1790656200,2026-09-29T04:30:00Z,แก้งคร้อ,168,0.0,0.0,0.0,,,True
1790656200,2026-09-29T04:30:00Z,ภูเขียว,201,0.0,0.0,0.0,,,True
1790656200,2026-09-29T04:30:00Z,หนองบัวระเหว,179,0.0,0.0,0.0,,,True
1790656200,2026-09-29T04:30:00Z,เทพสถิต,239,0.0,0.0,0.0,,,True
1790656200,2026-09-29T04:30:00Z,จัตุรัส,172,0.0,0.0,0.0,,,True
1790656200,2026-09-29T04:30:00Z,บำเหน็จณรงค์,120,0.0,0.0,0.0,,,True
1790656200,2026-09-29T04:30:00Z,เกษตรสมบูรณ์,268,0.0,0.0,0.0,,,True
1790656200,2026-09-29T04:30:00Z,หนองบัวแดง,537,0.0,0.0,0.0,,,True
1790656200,2026-09-29T04:30:00Z,ภูเรือ,168,0.0,0.0,0.0,,,True
1790656200,2026-09-29T04:30:00Z,ท่าลี่,171,0.0,0.0,0.0,,,True
1790656200,2026-09-29T04:30:00Z,วชิรบารมี,68,0.0,0.0,0.0,,,True
1790656200,2026-09-29T04:30:00Z,ด่านซ้าย,341,0.0,0.0,0.0,,,True
1790656200,2026-09-29T04:30:00Z,นาแห้ว,153,0.0,0.0,0.0,,,True
1790656200,2026-09-29T04:30:00Z,บึงนาราง,74,0.0,0.0,0.0,,,True
1790656200,2026-09-29T04:30:00Z,เชียงคาน,213,0.0,0.0,0.0,,,True
1790656200,2026-09-29T04:30:00Z,ดงเจริญ,56,0.0,0.0,0.0,,,True
1790656200,2026-09-29T04:30:00Z,ปากชม,240,0.0,0.0,0.0,,,True
1790656200,2026-09-29T04:30:00Z,เมืองเลย,314,0.0,0.0,0.0,,,True
1790656200,2026-09-29T04:30:00Z,นาด้วง,143,0.0,0.0,0.0,,,True
1790656200,2026-09-29T04:30:00Z,สากเหล็ก,45,0.0,0.0,0.0,,,True
1790656200,2026-09-29T04:30:00Z,สามง่าม,89,0.0,0.0,0.0,,,True
1790656200,2026-09-29T04:30:00Z,ทับคล้อ,104,0.0,0.0,0.0,,,True
1790656200,2026-09-29T04:30:00Z,พรหมพิราม,206,0.0,0.0,0.0,,,True
1790656200,2026-09-29T04:30:00Z,ด่านขุนทด,344,0.0,0.0,0.0,,,True
1790656200,2026-09-29T04:30:00Z,วัดโบสถ์,226,0.0,0.0,0.0,,,True
1790656200,2026-09-29T04:30:00Z,บางระกำ,246,0.0,0.0,0.0,,,True
1790656200,2026-09-29T04:30:00Z,บางกระทุ่ม,91,0.0,0.0,0.0,,,True
1790656200,2026-09-29T04:30:00Z,นครไทย,597,0.0,0.0,0.0,,,True
1790656200,2026-09-29T04:30:00Z,ชาติตระการ,415,0.0,0.098,0.0024,,15,True
1790656200,2026-09-29T04:30:00Z,บ้านเหลื่อม,55,0.0,0.0,0.0,,,True
1790656200,2026-09-29T04:30:00Z,เมืองพิษณุโลก,178,0.0,0.0,0.0,,,True
1790656200,2026-09-29T04:30:00Z,ชุมแสง,145,0.0,0.0,0.0,,,True
1790656200,2026-09-29T04:30:00Z,หนองบัว,208,0.0,0.0,0.0,,,True
1790656200,2026-09-29T04:30:00Z,เมืองนครสวรรค์,183,0.0,0.0,0.0,,,True
1790656200,2026-09-29T04:30:00Z,โกรกพระ,71,0.0,0.0,0.0,,,True
1790656200,2026-09-29T04:30:00Z,ไพศาลี,244,0.0,0.0,0.0,,,True
1790656200,2026-09-29T04:30:00Z,ตาคลี,206,0.0,0.0,0.0,,,True
1790656200,2026-09-29T04:30:00Z,ท่าตะโก,211,0.0,0.0,0.0,,,True
1790656200,2026-09-29T04:30:00Z,เขาค้อ,207,0.0,0.0,0.0,,,True
1790656200,2026-09-29T04:30:00Z,บรรพตพิสัย,181,0.0,0.0,0.0,,,True
1790656200,2026-09-29T04:30:00Z,เก้าเลี้ยว,57,0.0,0.0,0.0,,,True
1790656200,2026-09-29T04:30:00Z,วังโป่ง,123,0.0,0.0,0.0,,,True
1790656200,2026-09-29T04:30:00Z,บึงสามพัน,194,0.0,0.0,0.0,,,True
1790656200,2026-09-29T04:30:00Z,น้ำหนาว,231,0.0,0.0,0.0,,,True
1790656200,2026-09-29T04:30:00Z,ศรีเทพ,204,0.0,0.0,0.0,,,True
1790656200,2026-09-29T04:30:00Z,หนองไผ่,315,0.0,0.0,0.0,,,True
1790656200,2026-09-29T04:30:00Z,มหาราช,4,0.0,0.0,0.0,,,False
1790656200,2026-09-29T04:30:00Z,บ้านแพรก,10,0.0,0.0,0.0,,,True
1790656200,2026-09-29T04:30:00Z,บางมูลนาก,99,0.0,0.0,0.0,,,True
1790656200,2026-09-29T04:30:00Z,โพทะเล,131,0.0,0.0,0.0,,,True
1790656200,2026-09-29T04:30:00Z,โพธิ์ประทับช้าง,102,0.0,0.0,0.0,,,True
1790656200,2026-09-29T04:30:00Z,ตะพานหิน,109,0.0,0.0,0.0,,,True
1790656200,2026-09-29T04:30:00Z,เมืองพิจิตร,138,0.0,0.0,0.0,,,True
1790656200,2026-09-29T04:30:00Z,วังทรายพูน,66,0.0,0.0,0.0,,,True
1790657100,2026-09-29T04:45:00Z,พิชัย,176,0.01,0.201,0.0795,,15,True
1790657100,2026-09-29T04:45:00Z,ลับแล,116,0.0,0.0,0.0,,,True
1790657100,2026-09-29T04:45:00Z,ฟากท่า,163,0.0,0.0,0.0,,,True
1790657100,2026-09-29T04:45:00Z,บ้านโคก,247,0.0,0.0,0.0,,,True
1790657100,2026-09-29T04:45:00Z,ท่าปลา,442,0.002,0.196,0.0181,,15,True
1790657100,2026-09-29T04:45:00Z,น้ำปาด,363,0.0,0.0,0.0,,,True
1790657100,2026-09-29T04:45:00Z,เมืองอุตรดิตถ์,202,0.006,0.098,0.0644,,30,True
1790657100,2026-09-29T04:45:00Z,ตรอน,80,0.014,0.201,0.1,105,15,True
1790657100,2026-09-29T04:45:00Z,หล่มเก่า,246,0.0,0.0,0.0,,,True
1790657100,2026-09-29T04:45:00Z,วิเชียรบุรี,377,0.0,0.0,0.0,,,True
1790657100,2026-09-29T04:45:00Z,ชนแดน,279,0.0,0.0,0.0,,,True
1790657100,2026-09-29T04:45:00Z,หล่มสัก,350,0.0,0.0,0.0,,,True
1790657100,2026-09-29T04:45:00Z,เมืองเพชรบูรณ์,571,0.0,0.0,0.0,,,True
1790657100,2026-09-29T04:45:00Z,ทองแสนขัน,185,0.0,0.0,0.0,,,True
1790657100,2026-09-29T04:45:00Z,บึงสามัคคี,71,0.0,0.0,0.0,,,True
1790657100,2026-09-29T04:45:00Z,โกสัมพีนคร,137,0.0,0.0,0.0,,,True
1790657100,2026-09-29T04:45:00Z,สอง,380,0.001,0.098,0.0132,,90,True
1790657100,2026-09-29T04:45:00Z,วังชิ้น,255,0.0,0.0,0.0,,,True
1790657100,2026-09-29T04:45:00Z,สูงเม่น,88,0.001,0.098,0.0114,,15,True
1790657100,2026-09-29T04:45:00Z,เด่นชัย,135,0.0,0.0,0.0,,,True
1790657100,2026-09-29T04:45:00Z,ร้องกวาง,221,0.016,0.098,0.1674,75,30,True
1790657100,2026-09-29T04:45:00Z,ลอง,317,0.004,0.201,0.0284,,15,True
1790657100,2026-09-29T04:45:00Z,เมืองแพร่,205,0.009,0.098,0.0878,,15,True
1790657100,2026-09-29T04:45:00Z,ทัพทัน,94,0.0,0.0,0.0,,,True
1790657100,2026-09-29T04:45:00Z,สว่างอารมณ์,110,0.0,0.0,0.0,,,True
1790657100,2026-09-29T04:45:00Z,เมืองอุทัยธานี,59,0.0,0.0,0.0,,,True
1790657100,2026-09-29T04:45:00Z,ห้วยคต,94,0.0,0.0,0.0,,,True
1790657100,2026-09-29T04:45:00Z,ศรีสวัสดิ์,440,0.0,0.0,0.0,,,True
1790657100,2026-09-29T04:45:00Z,บ้านไร่,821,0.0,0.0,0.0,,,True
1790657100,2026-09-29T04:45:00Z,ลานสัก,360,0.0,0.0,0.0,,,True
1790657100,2026-09-29T04:45:00Z,หนองฉาง,89,0.0,0.0,0.0,,,True
1790657100,2026-09-29T04:45:00Z,หนองขาหย่าง,43,0.0,0.0,0.0,,,True
1790657100,2026-09-29T04:45:00Z,เชียงม่วน,82,0.0,0.0,0.0,,,True
1790657100,2026-09-29T04:45:00Z,ดอกคำใต้,37,0.0,0.0,0.0,,,True
1790657100,2026-09-29T04:45:00Z,เมืองพะเยา,6,0.0,0.0,0.0,,,True
1790657100,2026-09-29T04:45:00Z,ทองผาภูมิ,851,0.0,0.0,0.0,,,True
1790657100,2026-09-29T04:45:00Z,สังขละบุรี,793,0.0,0.0,0.0,,,True
1790657100,2026-09-29T04:45:00Z,หนองม่วงไข่,35,0.0,0.0,0.0,,,True
1790657100,2026-09-29T04:45:00Z,ภูเวียง,81,0.0,0.0,0.0,,,True
1790657100,2026-09-29T04:45:00Z,มัญจาคีรี,50,0.0,0.0,0.0,,,True
1790657100,2026-09-29T04:45:00Z,หนองปรือ,104,0.0,0.0,0.0,,,True
1790657100,2026-09-29T04:45:00Z,เลาขวัญ,123,0.0,0.0,0.0,,,True
1790657100,2026-09-29T04:45:00Z,หนองนาคำ,43,0.0,0.0,0.0,,,True
1790657100,2026-09-29T04:45:00Z,โคกโพธิ์ไชย,65,0.0,0.0,0.0,,,True
1790657100,2026-09-29T04:45:00Z,บ้านหลวง,91,0.0,0.0,0.0,,,True
1790657100,2026-09-29T04:45:00Z,นาน้อย,266,0.0,0.0,0.0,,,True
1790657100,2026-09-29T04:45:00Z,ภูผาม่าน,74,0.0,0.0,0.0,,,True
1790657100,2026-09-29T04:45:00Z,เมืองน่าน,161,0.0,0.0,0.0,,,True
1790657100,2026-09-29T04:45:00Z,แม่จริม,262,0.0,0.0,0.0,,,True
1790657100,2026-09-29T04:45:00Z,เวียงเก่า,78,0.0,0.0,0.0,,,True
1790657100,2026-09-29T04:45:00Z,เมืองกำแพงเพชร,368,0.0,0.0,0.0,,,True
1790657100,2026-09-29T04:45:00Z,ไทรงาม,133,0.0,0.0,0.0,,,True
1790657100,2026-09-29T04:45:00Z,ปางศิลาทอง,186,0.0,0.0,0.0,,,True
1790657100,2026-09-29T04:45:00Z,ลานกระบือ,103,0.0,0.0,0.0,,,True
1790657100,2026-09-29T04:45:00Z,ทรายทองวัฒนา,53,0.0,0.0,0.0,,,True
1790657100,2026-09-29T04:45:00Z,คลองขลุง,179,0.0,0.0,0.0,,,True
1790657100,2026-09-29T04:45:00Z,พรานกระต่าย,252,0.0,0.0,0.0,,,True
1790657100,2026-09-29T04:45:00Z,คลองลาน,363,0.0,0.0,0.0,,,True
1790657100,2026-09-29T04:45:00Z,ขาณุวรลักษบุรี,296,0.0,0.0,0.0,,,True
1790657100,2026-09-29T04:45:00Z,ภูเพียง,113,0.0,0.0,0.0,,,True
1790657100,2026-09-29T04:45:00Z,นาหมื่น,245,0.0,0.0,0.0,,,True
1790657100,2026-09-29T04:45:00Z,เวียงสา,543,0.003,0.098,0.035,,90,True
1790657100,2026-09-29T04:45:00Z,น้ำโสม,153,0.0,0.0,0.0,,,True
1790657100,2026-09-29T04:45:00Z,นายูง,126,0.0,0.0,0.0,,,True
1790657100,2026-09-29T04:45:00Z,ชุมแพ,173,0.0,0.0,0.0,,,True
1790657100,2026-09-29T04:45:00Z,สีชมพู,132,0.0,0.0,0.0,,,True
1790657100,2026-09-29T04:45:00Z,สุวรรณคูหา,140,0.0,0.0,0.0,,,True
1790657100,2026-09-29T04:45:00Z,นาวัง,65,0.0,0.0,0.0,,,True
1790657100,2026-09-29T04:45:00Z,หนองเรือ,80,0.0,0.0,0.0,,,True
1790657100,2026-09-29T04:45:00Z,โนนสัง,51,0.0,0.0,0.0,,,True
1790657100,2026-09-29T04:45:00Z,ศรีบุญเรือง,224,0.0,0.0,0.0,,,True
1790657100,2026-09-29T04:45:00Z,เมืองหนองบัวลำภู,217,0.0,0.0,0.0,,,True
1790657100,2026-09-29T04:45:00Z,นากลาง,173,0.0,0.0,0.0,,,True
1790657100,2026-09-29T04:45:00Z,ทุ่งเสลี่ยม,144,0.0,0.0,0.0,,,True
1790657100,2026-09-29T04:45:00Z,ดอยหล่อ,56,0.0,0.0,0.0,,,True
1790657100,2026-09-29T04:45:00Z,เมืองตาก,486,0.0,0.0,0.0,,,True
1790657100,2026-09-29T04:45:00Z,แม่ออน,116,0.0,0.0,0.0,,,True
1790657100,2026-09-29T04:45:00Z,อุ้มผาง,1209,0.0,0.0,0.0,,,True
1790657100,2026-09-29T04:45:00Z,วังเจ้า,183,0.0,0.0,0.0,,,True
1790657100,2026-09-29T04:45:00Z,แม่สอด,398,0.0,0.0,0.0,,,True
1790657100,2026-09-29T04:45:00Z,พบพระ,249,0.0,0.0,0.0,,,True
1790657100,2026-09-29T04:45:00Z,แม่ระมาด,380,0.0,0.0,0.0,,,True
1790657100,2026-09-29T04:45:00Z,ท่าสองยาง,401,0.0,0.0,0.0,,,True
1790657100,2026-09-29T04:45:00Z,บ้านตาก,255,0.0,0.0,0.0,,,True
1790657100,2026-09-29T04:45:00Z,สามเงา,698,0.0,0.0,0.0,,,True
1790657100,2026-09-29T04:45:00Z,จอมทอง,280,0.0,0.0,0.0,,,True
1790657100,2026-09-29T04:45:00Z,แก้งสนามนาง,79,0.0,0.0,0.0,,,True
1790657100,2026-09-29T04:45:00Z,สีคิ้ว,292,0.0,0.0,0.0,,,True
1790657100,2026-09-29T04:45:00Z,พระทองคำ,90,0.0,0.0,0.0,,,True
1790657100,2026-09-29T04:45:00Z,เทพารักษ์,92,0.0,0.0,0.0,,,True
1790657100,2026-09-29T04:45:00Z,สันกำแพง,65,0.0,0.0,0.0,,,True
1790657100,2026-09-29T04:45:00Z,สันป่าตอง,44,0.0,0.0,0.0,,,True
1790657100,2026-09-29T04:45:00Z,ดอยเต่า,213,0.0,0.0,0.0,,,True
1790657100,2026-09-29T04:45:00Z,อมก๋อย,704,0.0,0.0,0.0,,,True
1790657100,2026-09-29T04:45:00Z,ฮอด,378,0.0,0.0,0.0,,,True
1790657100,2026-09-29T04:45:00Z,เมืองลำพูน,117,0.0,0.0,0.0,,,True
1790657100,2026-09-29T04:45:00Z,แม่ทา,192,0.0,0.0,0.0,,,True
1790657100,2026-09-29T04:45:00Z,บ้านธิ,34,0.0,0.0,0.0,,,True
1790657100,2026-09-29T04:45:00Z,บ้านหมอ,24,0.0,0.0,0.0,,,True
1790657100,2026-09-29T04:45:00Z,เวียงหนองล่อง,14,0.0,0.0,0.0,,,True
1790657100,2026-09-29T04:45:00Z,ทุ่งหัวช้าง,113,0.0,0.0,0.0,,,True
1790657100,2026-09-29T04:45:00Z,ป่าซาง,74,0.0,0.0,0.0,,,True
1790657100,2026-09-29T04:45:00Z,บ้านโฮ่ง,124,0.0,0.0,0.0,,,True
1790657100,2026-09-29T04:45:00Z,แก่งคอย,73,0.0,0.0,0.0,,,True
1790657100,2026-09-29T04:45:00Z,ลี้,454,0.0,0.0,0.0,,,True
1790657100,2026-09-29T04:45:00Z,พระพุทธบาท,55,0.0,0.0,0.0,,,True
1790657100,2026-09-29T04:45:00Z,ดอนพุด,7,0.0,0.0,0.0,,,True
1790657100,2026-09-29T04:45:00Z,หนองโดน,31,0.0,0.0,0.0,,,True
1790657100,2026-09-29T04:45:00Z,เมืองลำปาง,300,0.0,0.0,0.0,,,True
1790657100,2026-09-29T04:45:00Z,เถิน,443,0.0,0.0,0.0,,,True
1790657100,2026-09-29T04:45:00Z,แม่พริก,167,0.0,0.0,0.0,,,True
1790657100,2026-09-29T04:45:00Z,แจ้ห่ม,274,0.007,0.201,0.0584,,15,True
1790657100,2026-09-29T04:45:00Z,แม่เปิน,85,0.0,0.0,0.0,,,True
1790657100,2026-09-29T04:45:00Z,เสริมงาม,185,0.0,0.0,0.0,,,True
1790657100,2026-09-29T04:45:00Z,ชุมตาบง,61,0.0,0.0,0.0,,,True
1790657100,2026-09-29T04:45:00Z,งาว,344,0.022,0.386,0.1395,120,60,True
1790657100,2026-09-29T04:45:00Z,ตากฟ้า,125,0.0,0.0,0.0,,,True
1790657100,2026-09-29T04:45:00Z,แม่เมาะ,283,0.024,0.386,0.1449,60,30,True
1790657100,2026-09-29T04:45:00Z,แม่วงก์,257,0.0,0.0,0.0,,,True
1790657100,2026-09-29T04:45:00Z,เกาะคา,128,0.0,0.0,0.0,,,True
1790657100,2026-09-29T04:45:00Z,พยุหะคีรี,169,0.0,0.0,0.0,,,True
1790657100,2026-09-29T04:45:00Z,ลาดยาว,187,0.0,0.0,0.0,,,True
1790657100,2026-09-29T04:45:00Z,สบปราบ,125,0.0,0.0,0.0,,,True
1790657100,2026-09-29T04:45:00Z,ห้างฉัตร,154,0.0,0.0,0.0,,,True
1790657100,2026-09-29T04:45:00Z,แม่ทะ,203,0.01,0.386,0.0542,,15,True
1790657100,2026-09-29T04:45:00Z,เมืองปาน,202,0.0,0.0,0.0,,,True
1790657100,2026-09-29T04:45:00Z,เมืองอ่างทอง,6,0.0,0.0,0.0,,,True
1790657100,2026-09-29T04:45:00Z,ไชโย,20,0.0,0.0,0.0,,,True
1790657100,2026-09-29T04:45:00Z,สามโก้,10,0.0,0.0,0.0,,,True
1790657100,2026-09-29T04:45:00Z,แสวงหา,43,0.0,0.0,0.0,,,True
1790657100,2026-09-29T04:45:00Z,วิเศษชัยชาญ,7,0.0,0.0,0.0,,,True
1790657100,2026-09-29T04:45:00Z,โพธิ์ทอง,48,0.0,0.0,0.0,,,True
1790657100,2026-09-29T04:45:00Z,เมืองลพบุรี,190,0.0,0.0,0.0,,,True
1790657100,2026-09-29T04:45:00Z,เดิมบางนางบวช,130,0.0,0.0,0.0,,,True
1790657100,2026-09-29T04:45:00Z,ด่านช้าง,309,0.0,0.0,0.0,,,True
1790657100,2026-09-29T04:45:00Z,หนองม่วง,111,0.0,0.0,0.0,,,True
1790657100,2026-09-29T04:45:00Z,ลำสนธิ,136,0.0,0.0,0.0,,,True
1790657100,2026-09-29T04:45:00Z,สามชุก,77,0.0,0.0,0.0,,,True
1790657100,2026-09-29T04:45:00Z,ดอนเจดีย์,72,0.0,0.0,0.0,,,True
1790657100,2026-09-29T04:45:00Z,สระโบสถ์,83,0.0,0.0,0.0,,,True
1790657100,2026-09-29T04:45:00Z,ศรีประจันต์,41,0.0,0.0,0.0,,,True
1790657100,2026-09-29T04:45:00Z,โคกเจริญ,135,0.0,0.0,0.0,,,True
1790657100,2026-09-29T04:45:00Z,บ้านหมี่,136,0.0,0.0,0.0,,,True
1790657100,2026-09-29T04:45:00Z,ท่าหลวง,100,0.0,0.0,0.0,,,True
1790657100,2026-09-29T04:45:00Z,ชัยบาดาล,280,0.0,0.0,0.0,,,True
1790657100,2026-09-29T04:45:00Z,ท่าวุ้ง,64,0.0,0.0,0.0,,,True
1790657100,2026-09-29T04:45:00Z,พัฒนานิคม,217,0.0,0.0,0.0,,,True
1790657100,2026-09-29T04:45:00Z,โคกสำโรง,180,0.0,0.0,0.0,,,True
1790657100,2026-09-29T04:45:00Z,หนองหญ้าไซ,108,0.0,0.0,0.0,,,True
1790657100,2026-09-29T04:45:00Z,ท่าช้าง,11,0.0,0.0,0.0,,,True
1790657100,2026-09-29T04:45:00Z,อินทร์บุรี,66,0.0,0.0,0.0,,,True
1790657100,2026-09-29T04:45:00Z,ค่ายบางระจัน,26,0.0,0.0,0.0,,,True
1790657100,2026-09-29T04:45:00Z,พรหมบุรี,19,0.0,0.0,0.0,,,True
1790657100,2026-09-29T04:45:00Z,เนินสง่า,65,0.0,0.0,0.0,,,True
1790657100,2026-09-29T04:45:00Z,เมืองสิงห์บุรี,31,0.0,0.0,0.0,,,True
1790657100,2026-09-29T04:45:00Z,ซับใหญ่,72,0.0,0.0,0.0,,,True
1790657100,2026-09-29T04:45:00Z,บางระจัน,46,0.0,0.0,0.0,,,True
1790657100,2026-09-29T04:45:00Z,ภูกระดึง,190,0.0,0.0,0.0,,,True
1790657100,2026-09-29T04:45:00Z,ภูหลวง,145,0.0,0.0,0.0,,,True
1790657100,2026-09-29T04:45:00Z,หนองหิน,78,0.0,0.0,0.0,,,True
1790657100,2026-09-29T04:45:00Z,ผาขาว,100,0.0,0.0,0.0,,,True
1790657100,2026-09-29T04:45:00Z,เอราวัณ,87,0.0,0.0,0.0,,,True
1790657100,2026-09-29T04:45:00Z,วังสะพุง,281,0.0,0.0,0.0,,,True
1790657100,2026-09-29T04:45:00Z,วังม่วง,70,0.0,0.0,0.0,,,True
1790657100,2026-09-29T04:45:00Z,เฉลิมพระเกียรติ,35,0.0,0.0,0.0,,,True
1790657100,2026-09-29T04:45:00Z,มวกเหล็ก,175,0.0,0.0,0.0,,,True
1790657100,2026-09-29T04:45:00Z,บ้านเขว้า,124,0.0,0.0,0.0,,,True
1790657100,2026-09-29T04:45:00Z,คอนสวรรค์,113,0.0,0.0,0.0,,,True
1790657100,2026-09-29T04:45:00Z,เมืองชัยภูมิ,358,0.0,0.0,0.0,,,True
1790657100,2026-09-29T04:45:00Z,วังทอง,425,0.0,0.0,0.0,,,True
1790657100,2026-09-29T04:45:00Z,เนินมะปราง,276,0.0,0.0,0.0,,,True
1790657100,2026-09-29T04:45:00Z,สวรรคโลก,156,0.0,0.0,0.0,,,True
1790657100,2026-09-29T04:45:00Z,ศรีนคร,46,0.0,0.0,0.0,,,True
1790657100,2026-09-29T04:45:00Z,หันคา,139,0.0,0.0,0.0,,,True
1790657100,2026-09-29T04:45:00Z,ศรีสัชนาลัย,534,0.0,0.0,0.0,,,True
1790657100,2026-09-29T04:45:00Z,หนองมะโมง,76,0.0,0.0,0.0,,,True
1790657100,2026-09-29T04:45:00Z,ศรีสำโรง,142,0.0,0.0,0.0,,,True
1790657100,2026-09-29T04:45:00Z,สรรพยา,55,0.0,0.0,0.0,,,True
1790657100,2026-09-29T04:45:00Z,คีรีมาศ,171,0.0,0.0,0.0,,,True
1790657100,2026-09-29T04:45:00Z,สรรคบุรี,89,0.0,0.0,0.0,,,True
1790657100,2026-09-29T04:45:00Z,กงไกรลาศ,108,0.006,0.201,0.0556,,15,True
1790657100,2026-09-29T04:45:00Z,มโนรมย์,66,0.0,0.0,0.0,,,True
1790657100,2026-09-29T04:45:00Z,เมืองสุโขทัย,136,0.0,0.0,0.0,,,True
1790657100,2026-09-29T04:45:00Z,วัดสิงห์,67,0.0,0.0,0.0,,,True
1790657100,2026-09-29T04:45:00Z,บ้านด่านลานหอย,231,0.0,0.0,0.0,,,True
1790657100,2026-09-29T04:45:00Z,เมืองชัยนาท,70,0.0,0.0,0.0,,,True
1790657100,2026-09-29T04:45:00Z,เนินขาม,65,0.0,0.0,0.0,,,True
1790657100,2026-09-29T04:45:00Z,คอนสาร,334,0.0,0.098,0.003,,105,True
1790657100,2026-09-29T04:45:00Z,ภักดีชุมพล,154,0.0,0.0,0.0,,,True
1790657100,2026-09-29T04:45:00Z,บ้านแท่น,76,0.0,0.0,0.0,,,True
1790657100,2026-09-29T04:45:00Z,แก้งคร้อ,168,0.0,0.0,0.0,,,True
1790657100,2026-09-29T04:45:00Z,ภูเขียว,201,0.0,0.0,0.0,,,True
1790657100,2026-09-29T04:45:00Z,หนองบัวระเหว,179,0.0,0.0,0.0,,,True
1790657100,2026-09-29T04:45:00Z,เทพสถิต,239,0.0,0.0,0.0,,,True
1790657100,2026-09-29T04:45:00Z,จัตุรัส,172,0.0,0.0,0.0,,,True
1790657100,2026-09-29T04:45:00Z,บำเหน็จณรงค์,120,0.0,0.0,0.0,,,True
1790657100,2026-09-29T04:45:00Z,เกษตรสมบูรณ์,268,0.0,0.0,0.0,,,True
1790657100,2026-09-29T04:45:00Z,หนองบัวแดง,537,0.0,0.098,0.0019,,30,True
1790657100,2026-09-29T04:45:00Z,ภูเรือ,168,0.0,0.0,0.0,,,True
1790657100,2026-09-29T04:45:00Z,ท่าลี่,171,0.0,0.0,0.0,,,True
1790657100,2026-09-29T04:45:00Z,วชิรบารมี,68,0.0,0.0,0.0,,,True
1790657100,2026-09-29T04:45:00Z,ด่านซ้าย,341,0.0,0.0,0.0,,,True
1790657100,2026-09-29T04:45:00Z,นาแห้ว,153,0.0,0.0,0.0,,,True
1790657100,2026-09-29T04:45:00Z,บึงนาราง,74,0.0,0.0,0.0,,,True
1790657100,2026-09-29T04:45:00Z,เชียงคาน,213,0.0,0.0,0.0,,,True
1790657100,2026-09-29T04:45:00Z,ดงเจริญ,56,0.0,0.0,0.0,,,True
1790657100,2026-09-29T04:45:00Z,ปากชม,240,0.0,0.0,0.0,,,True
1790657100,2026-09-29T04:45:00Z,เมืองเลย,314,0.0,0.0,0.0,,,True
1790657100,2026-09-29T04:45:00Z,นาด้วง,143,0.0,0.0,0.0,,,True
1790657100,2026-09-29T04:45:00Z,สากเหล็ก,45,0.0,0.0,0.0,,,True
1790657100,2026-09-29T04:45:00Z,สามง่าม,89,0.0,0.0,0.0,,,True
1790657100,2026-09-29T04:45:00Z,ทับคล้อ,104,0.0,0.0,0.0,,,True
1790657100,2026-09-29T04:45:00Z,พรหมพิราม,206,0.003,0.201,0.0243,,30,True
1790657100,2026-09-29T04:45:00Z,ด่านขุนทด,344,0.0,0.0,0.0,,,True
1790657100,2026-09-29T04:45:00Z,วัดโบสถ์,226,0.0,0.0,0.0,,,True
1790657100,2026-09-29T04:45:00Z,บางระกำ,246,0.0,0.0,0.0,,,True
1790657100,2026-09-29T04:45:00Z,บางกระทุ่ม,91,0.0,0.0,0.0,,,True
1790657100,2026-09-29T04:45:00Z,นครไทย,597,0.0,0.0,0.0,,,True
1790657100,2026-09-29T04:45:00Z,ชาติตระการ,415,0.0,0.0,0.0,,,True
1790657100,2026-09-29T04:45:00Z,บ้านเหลื่อม,55,0.0,0.0,0.0,,,True
1790657100,2026-09-29T04:45:00Z,เมืองพิษณุโลก,178,0.0,0.0,0.0,,,True
1790657100,2026-09-29T04:45:00Z,ชุมแสง,145,0.0,0.0,0.0,,,True
1790657100,2026-09-29T04:45:00Z,หนองบัว,208,0.0,0.0,0.0,,,True
1790657100,2026-09-29T04:45:00Z,เมืองนครสวรรค์,183,0.0,0.0,0.0,,,True
1790657100,2026-09-29T04:45:00Z,โกรกพระ,71,0.0,0.0,0.0,,,True
1790657100,2026-09-29T04:45:00Z,ไพศาลี,244,0.0,0.0,0.0,,,True
1790657100,2026-09-29T04:45:00Z,ตาคลี,206,0.0,0.0,0.0,,,True
1790657100,2026-09-29T04:45:00Z,ท่าตะโก,211,0.0,0.0,0.0,,,True
1790657100,2026-09-29T04:45:00Z,เขาค้อ,207,0.0,0.0,0.0,,,True
1790657100,2026-09-29T04:45:00Z,บรรพตพิสัย,181,0.0,0.0,0.0,,,True
1790657100,2026-09-29T04:45:00Z,เก้าเลี้ยว,57,0.0,0.0,0.0,,,True
1790657100,2026-09-29T04:45:00Z,วังโป่ง,123,0.0,0.0,0.0,,,True
1790657100,2026-09-29T04:45:00Z,บึงสามพัน,194,0.0,0.0,0.0,,,True
1790657100,2026-09-29T04:45:00Z,น้ำหนาว,231,0.0,0.0,0.0,,,True
1790657100,2026-09-29T04:45:00Z,ศรีเทพ,204,0.0,0.0,0.0,,,True
1790657100,2026-09-29T04:45:00Z,หนองไผ่,315,0.0,0.0,0.0,,,True
1790657100,2026-09-29T04:45:00Z,มหาราช,4,0.0,0.0,0.0,,,False
1790657100,2026-09-29T04:45:00Z,บ้านแพรก,10,0.0,0.0,0.0,,,True
1790657100,2026-09-29T04:45:00Z,บางมูลนาก,99,0.0,0.0,0.0,,,True
1790657100,2026-09-29T04:45:00Z,โพทะเล,131,0.0,0.0,0.0,,,True
1790657100,2026-09-29T04:45:00Z,โพธิ์ประทับช้าง,102,0.0,0.0,0.0,,,True
1790657100,2026-09-29T04:45:00Z,ตะพานหิน,109,0.0,0.0,0.0,,,True
1790657100,2026-09-29T04:45:00Z,เมืองพิจิตร,138,0.0,0.0,0.0,,,True
1790657100,2026-09-29T04:45:00Z,วังทรายพูน,66,0.0,0.0,0.0,,,True
1790658000,2026-09-29T05:00:00Z,พิชัย,176,0.008,0.196,0.0739,,30,True
1790658000,2026-09-29T05:00:00Z,ลับแล,116,0.001,0.098,0.0086,,15,True
1790658000,2026-09-29T05:00:00Z,ฟากท่า,163,0.0,0.0,0.0,,,True
1790658000,2026-09-29T05:00:00Z,บ้านโคก,247,0.0,0.0,0.0,,,True
1790658000,2026-09-29T05:00:00Z,ท่าปลา,442,0.008,0.848,0.0452,,15,True
1790658000,2026-09-29T05:00:00Z,น้ำปาด,363,0.0,0.0,0.0,,,True
1790658000,2026-09-29T05:00:00Z,เมืองอุตรดิตถ์,202,0.016,0.196,0.1386,60,15,True
1790658000,2026-09-29T05:00:00Z,ตรอน,80,0.015,0.196,0.1375,90,15,True
1790658000,2026-09-29T05:00:00Z,หล่มเก่า,246,0.0,0.0,0.0,,,True
1790658000,2026-09-29T05:00:00Z,วิเชียรบุรี,377,0.0,0.0,0.0,,,True
1790658000,2026-09-29T05:00:00Z,ชนแดน,279,0.0,0.0,0.0,,,True
1790658000,2026-09-29T05:00:00Z,หล่มสัก,350,0.0,0.0,0.0,,,True
1790658000,2026-09-29T05:00:00Z,เมืองเพชรบูรณ์,571,0.0,0.0,0.0,,,True
1790658000,2026-09-29T05:00:00Z,ทองแสนขัน,185,0.0,0.0,0.0,,,True
1790658000,2026-09-29T05:00:00Z,บึงสามัคคี,71,0.0,0.0,0.0,,,True
1790658000,2026-09-29T05:00:00Z,โกสัมพีนคร,137,0.001,0.098,0.0146,,30,True
1790658000,2026-09-29T05:00:00Z,สอง,380,0.014,0.69,0.1053,120,15,True
1790658000,2026-09-29T05:00:00Z,วังชิ้น,255,0.0,0.0,0.0,,,True
1790658000,2026-09-29T05:00:00Z,สูงเม่น,88,0.015,0.402,0.1023,105,15,True
1790658000,2026-09-29T05:00:00Z,เด่นชัย,135,0.004,0.098,0.0444,,45,True
1790658000,2026-09-29T05:00:00Z,ร้องกวาง,221,0.069,1.137,0.3167,60,30,True
1790658000,2026-09-29T05:00:00Z,ลอง,317,0.0,0.0,0.0,,,True
1790658000,2026-09-29T05:00:00Z,เมืองแพร่,205,0.052,1.049,0.2732,30,15,True
1790658000,2026-09-29T05:00:00Z,ทัพทัน,94,0.0,0.0,0.0,,,True
1790658000,2026-09-29T05:00:00Z,สว่างอารมณ์,110,0.0,0.0,0.0,,,True
1790658000,2026-09-29T05:00:00Z,เมืองอุทัยธานี,59,0.0,0.0,0.0,,,True
1790658000,2026-09-29T05:00:00Z,ห้วยคต,94,0.0,0.0,0.0,,,True
1790658000,2026-09-29T05:00:00Z,ศรีสวัสดิ์,440,0.0,0.0,0.0,,,True
1790658000,2026-09-29T05:00:00Z,บ้านไร่,821,0.0,0.0,0.0,,,True
1790658000,2026-09-29T05:00:00Z,ลานสัก,360,0.0,0.0,0.0,,,True
1790658000,2026-09-29T05:00:00Z,หนองฉาง,89,0.0,0.0,0.0,,,True
1790658000,2026-09-29T05:00:00Z,หนองขาหย่าง,43,0.0,0.0,0.0,,,True
1790658000,2026-09-29T05:00:00Z,เชียงม่วน,82,0.005,0.098,0.0488,,75,True
1790658000,2026-09-29T05:00:00Z,ดอกคำใต้,37,0.0,0.0,0.0,,,True
1790658000,2026-09-29T05:00:00Z,เมืองพะเยา,6,0.0,0.0,0.0,,,True
1790658000,2026-09-29T05:00:00Z,ทองผาภูมิ,851,0.0,0.0,0.0,,,True
1790658000,2026-09-29T05:00:00Z,สังขละบุรี,793,0.0,0.0,0.0,,,True
1790658000,2026-09-29T05:00:00Z,หนองม่วงไข่,35,0.003,0.098,0.0286,,105,True
1790658000,2026-09-29T05:00:00Z,ภูเวียง,81,0.0,0.0,0.0,,,True
1790658000,2026-09-29T05:00:00Z,มัญจาคีรี,50,0.0,0.0,0.0,,,True
1790658000,2026-09-29T05:00:00Z,หนองปรือ,104,0.0,0.0,0.0,,,True
1790658000,2026-09-29T05:00:00Z,เลาขวัญ,123,0.0,0.0,0.0,,,True
1790658000,2026-09-29T05:00:00Z,หนองนาคำ,43,0.0,0.0,0.0,,,True
1790658000,2026-09-29T05:00:00Z,โคกโพธิ์ไชย,65,0.0,0.0,0.0,,,True
1790658000,2026-09-29T05:00:00Z,บ้านหลวง,91,0.003,0.201,0.022,,120,True
1790658000,2026-09-29T05:00:00Z,นาน้อย,266,0.001,0.098,0.0075,,90,True
1790658000,2026-09-29T05:00:00Z,ภูผาม่าน,74,0.001,0.098,0.0135,,120,True
1790658000,2026-09-29T05:00:00Z,เมืองน่าน,161,0.0,0.0,0.0,,,True
1790658000,2026-09-29T05:00:00Z,แม่จริม,262,0.0,0.0,0.0,,,True
1790658000,2026-09-29T05:00:00Z,เวียงเก่า,78,0.0,0.0,0.0,,,True
1790658000,2026-09-29T05:00:00Z,เมืองกำแพงเพชร,368,0.0,0.0,0.0,,,True
1790658000,2026-09-29T05:00:00Z,ไทรงาม,133,0.0,0.0,0.0,,,True
1790658000,2026-09-29T05:00:00Z,ปางศิลาทอง,186,0.0,0.0,0.0,,,True
1790658000,2026-09-29T05:00:00Z,ลานกระบือ,103,0.0,0.0,0.0,,,True
1790658000,2026-09-29T05:00:00Z,ทรายทองวัฒนา,53,0.0,0.0,0.0,,,True
1790658000,2026-09-29T05:00:00Z,คลองขลุง,179,0.0,0.0,0.0,,,True
1790658000,2026-09-29T05:00:00Z,พรานกระต่าย,252,0.0,0.098,0.004,,90,True
1790658000,2026-09-29T05:00:00Z,คลองลาน,363,0.002,0.196,0.0193,,15,True
1790658000,2026-09-29T05:00:00Z,ขาณุวรลักษบุรี,296,0.0,0.0,0.0,,,True
1790658000,2026-09-29T05:00:00Z,ภูเพียง,113,0.0,0.0,0.0,,,True
1790658000,2026-09-29T05:00:00Z,นาหมื่น,245,0.001,0.098,0.0082,,60,True
1790658000,2026-09-29T05:00:00Z,เวียงสา,543,0.011,1.147,0.0718,,75,True
1790658000,2026-09-29T05:00:00Z,น้ำโสม,153,0.0,0.0,0.0,,,True
1790658000,2026-09-29T05:00:00Z,นายูง,126,0.0,0.0,0.0,,,True
1790658000,2026-09-29T05:00:00Z,ชุมแพ,173,0.0,0.0,0.0,,,True
1790658000,2026-09-29T05:00:00Z,สีชมพู,132,0.0,0.0,0.0,,,True
1790658000,2026-09-29T05:00:00Z,สุวรรณคูหา,140,0.0,0.0,0.0,,,True
1790658000,2026-09-29T05:00:00Z,นาวัง,65,0.0,0.0,0.0,,,True
1790658000,2026-09-29T05:00:00Z,หนองเรือ,80,0.0,0.0,0.0,,,True
1790658000,2026-09-29T05:00:00Z,โนนสัง,51,0.0,0.0,0.0,,,True
1790658000,2026-09-29T05:00:00Z,ศรีบุญเรือง,224,0.0,0.0,0.0,,,True
1790658000,2026-09-29T05:00:00Z,เมืองหนองบัวลำภู,217,0.0,0.0,0.0,,,True
1790658000,2026-09-29T05:00:00Z,นากลาง,173,0.0,0.0,0.0,,,True
1790658000,2026-09-29T05:00:00Z,ทุ่งเสลี่ยม,144,0.0,0.0,0.0,,,True
1790658000,2026-09-29T05:00:00Z,ดอยหล่อ,56,0.0,0.0,0.0,,,True
1790658000,2026-09-29T05:00:00Z,เมืองตาก,486,0.004,0.201,0.037,,75,True
1790658000,2026-09-29T05:00:00Z,แม่ออน,116,0.0,0.0,0.0,,,True
1790658000,2026-09-29T05:00:00Z,อุ้มผาง,1209,0.0,0.0,0.0,,,True
1790658000,2026-09-29T05:00:00Z,วังเจ้า,183,0.006,0.196,0.0492,,45,True
1790658000,2026-09-29T05:00:00Z,แม่สอด,398,0.0,0.0,0.0,,,True
1790658000,2026-09-29T05:00:00Z,พบพระ,249,0.0,0.0,0.0,,,True
1790658000,2026-09-29T05:00:00Z,แม่ระมาด,380,0.0,0.0,0.0,,,True
1790658000,2026-09-29T05:00:00Z,ท่าสองยาง,401,0.0,0.0,0.0,,,True
1790658000,2026-09-29T05:00:00Z,บ้านตาก,255,0.0,0.0,0.0,,,True
1790658000,2026-09-29T05:00:00Z,สามเงา,698,0.0,0.0,0.0,,,True
1790658000,2026-09-29T05:00:00Z,จอมทอง,280,0.0,0.0,0.0,,,True
1790658000,2026-09-29T05:00:00Z,แก้งสนามนาง,79,0.0,0.0,0.0,,,True
1790658000,2026-09-29T05:00:00Z,สีคิ้ว,292,0.0,0.0,0.0,,,True
1790658000,2026-09-29T05:00:00Z,พระทองคำ,90,0.0,0.0,0.0,,,True
1790658000,2026-09-29T05:00:00Z,เทพารักษ์,92,0.0,0.0,0.0,,,True
1790658000,2026-09-29T05:00:00Z,สันกำแพง,65,0.0,0.0,0.0,,,True
1790658000,2026-09-29T05:00:00Z,สันป่าตอง,44,0.0,0.0,0.0,,,True
1790658000,2026-09-29T05:00:00Z,ดอยเต่า,213,0.0,0.0,0.0,,,True
1790658000,2026-09-29T05:00:00Z,อมก๋อย,704,0.0,0.0,0.0,,,True
1790658000,2026-09-29T05:00:00Z,ฮอด,378,0.0,0.0,0.0,,,True
1790658000,2026-09-29T05:00:00Z,เมืองลำพูน,117,0.0,0.0,0.0,,,True
1790658000,2026-09-29T05:00:00Z,แม่ทา,192,0.0,0.0,0.0,,,True
1790658000,2026-09-29T05:00:00Z,บ้านธิ,34,0.0,0.0,0.0,,,True
1790658000,2026-09-29T05:00:00Z,บ้านหมอ,24,0.0,0.0,0.0,,,True
1790658000,2026-09-29T05:00:00Z,เวียงหนองล่อง,14,0.0,0.0,0.0,,,True
1790658000,2026-09-29T05:00:00Z,ทุ่งหัวช้าง,113,0.0,0.0,0.0,,,True
1790658000,2026-09-29T05:00:00Z,ป่าซาง,74,0.0,0.0,0.0,,,True
1790658000,2026-09-29T05:00:00Z,บ้านโฮ่ง,124,0.0,0.0,0.0,,,True
1790658000,2026-09-29T05:00:00Z,แก่งคอย,73,0.0,0.0,0.0,,,True
1790658000,2026-09-29T05:00:00Z,ลี้,454,0.0,0.0,0.0,,,True
1790658000,2026-09-29T05:00:00Z,พระพุทธบาท,55,0.0,0.0,0.0,,,True
1790658000,2026-09-29T05:00:00Z,ดอนพุด,7,0.0,0.0,0.0,,,True
1790658000,2026-09-29T05:00:00Z,หนองโดน,31,0.0,0.0,0.0,,,True
1790658000,2026-09-29T05:00:00Z,เมืองลำปาง,300,0.0,0.0,0.0,,,True
1790658000,2026-09-29T05:00:00Z,เถิน,443,0.0,0.0,0.0,,,True
1790658000,2026-09-29T05:00:00Z,แม่พริก,167,0.0,0.0,0.0,,,True
1790658000,2026-09-29T05:00:00Z,แจ้ห่ม,274,0.004,0.201,0.0255,,15,True
1790658000,2026-09-29T05:00:00Z,แม่เปิน,85,0.0,0.0,0.0,,,True
1790658000,2026-09-29T05:00:00Z,เสริมงาม,185,0.0,0.0,0.0,,,True
1790658000,2026-09-29T05:00:00Z,ชุมตาบง,61,0.0,0.0,0.0,,,True
1790658000,2026-09-29T05:00:00Z,งาว,344,0.002,0.098,0.0174,,75,True
1790658000,2026-09-29T05:00:00Z,ตากฟ้า,125,0.0,0.0,0.0,,,True
1790658000,2026-09-29T05:00:00Z,แม่เมาะ,283,0.001,0.098,0.0106,,15,True
1790658000,2026-09-29T05:00:00Z,แม่วงก์,257,0.0,0.0,0.0,,,True
1790658000,2026-09-29T05:00:00Z,เกาะคา,128,0.0,0.0,0.0,,,True
1790658000,2026-09-29T05:00:00Z,พยุหะคีรี,169,0.0,0.0,0.0,,,True
1790658000,2026-09-29T05:00:00Z,ลาดยาว,187,0.0,0.0,0.0,,,True
1790658000,2026-09-29T05:00:00Z,สบปราบ,125,0.0,0.0,0.0,,,True
1790658000,2026-09-29T05:00:00Z,ห้างฉัตร,154,0.0,0.0,0.0,,,True
1790658000,2026-09-29T05:00:00Z,แม่ทะ,203,0.0,0.098,0.0049,,15,True
1790658000,2026-09-29T05:00:00Z,เมืองปาน,202,0.0,0.0,0.0,,,True
1790658000,2026-09-29T05:00:00Z,เมืองอ่างทอง,6,0.0,0.0,0.0,,,True
1790658000,2026-09-29T05:00:00Z,ไชโย,20,0.0,0.0,0.0,,,True
1790658000,2026-09-29T05:00:00Z,สามโก้,10,0.0,0.0,0.0,,,True
1790658000,2026-09-29T05:00:00Z,แสวงหา,43,0.0,0.0,0.0,,,True
1790658000,2026-09-29T05:00:00Z,วิเศษชัยชาญ,7,0.0,0.0,0.0,,,True
1790658000,2026-09-29T05:00:00Z,โพธิ์ทอง,48,0.0,0.0,0.0,,,True
1790658000,2026-09-29T05:00:00Z,เมืองลพบุรี,190,0.0,0.0,0.0,,,True
1790658000,2026-09-29T05:00:00Z,เดิมบางนางบวช,130,0.0,0.0,0.0,,,True
1790658000,2026-09-29T05:00:00Z,ด่านช้าง,309,0.0,0.0,0.0,,,True
1790658000,2026-09-29T05:00:00Z,หนองม่วง,111,0.0,0.0,0.0,,,True
1790658000,2026-09-29T05:00:00Z,ลำสนธิ,136,0.0,0.0,0.0,,,True
1790658000,2026-09-29T05:00:00Z,สามชุก,77,0.0,0.0,0.0,,,True
1790658000,2026-09-29T05:00:00Z,ดอนเจดีย์,72,0.0,0.0,0.0,,,True
1790658000,2026-09-29T05:00:00Z,สระโบสถ์,83,0.0,0.0,0.0,,,True
1790658000,2026-09-29T05:00:00Z,ศรีประจันต์,41,0.0,0.0,0.0,,,True
1790658000,2026-09-29T05:00:00Z,โคกเจริญ,135,0.0,0.0,0.0,,,True
1790658000,2026-09-29T05:00:00Z,บ้านหมี่,136,0.0,0.0,0.0,,,True
1790658000,2026-09-29T05:00:00Z,ท่าหลวง,100,0.0,0.0,0.0,,,True
1790658000,2026-09-29T05:00:00Z,ชัยบาดาล,280,0.0,0.0,0.0,,,True
1790658000,2026-09-29T05:00:00Z,ท่าวุ้ง,64,0.0,0.0,0.0,,,True
1790658000,2026-09-29T05:00:00Z,พัฒนานิคม,217,0.0,0.0,0.0,,,True
1790658000,2026-09-29T05:00:00Z,โคกสำโรง,180,0.0,0.0,0.0,,,True
1790658000,2026-09-29T05:00:00Z,หนองหญ้าไซ,108,0.0,0.0,0.0,,,True
1790658000,2026-09-29T05:00:00Z,ท่าช้าง,11,0.0,0.0,0.0,,,True
1790658000,2026-09-29T05:00:00Z,อินทร์บุรี,66,0.0,0.0,0.0,,,True
1790658000,2026-09-29T05:00:00Z,ค่ายบางระจัน,26,0.0,0.0,0.0,,,True
1790658000,2026-09-29T05:00:00Z,พรหมบุรี,19,0.0,0.0,0.0,,,True
1790658000,2026-09-29T05:00:00Z,เนินสง่า,65,0.0,0.0,0.0,,,True
1790658000,2026-09-29T05:00:00Z,เมืองสิงห์บุรี,31,0.0,0.0,0.0,,,True
1790658000,2026-09-29T05:00:00Z,ซับใหญ่,72,0.0,0.0,0.0,,,True
1790658000,2026-09-29T05:00:00Z,บางระจัน,46,0.0,0.0,0.0,,,True
1790658000,2026-09-29T05:00:00Z,ภูกระดึง,190,0.0,0.0,0.0,,,True
1790658000,2026-09-29T05:00:00Z,ภูหลวง,145,0.0,0.0,0.0,,,True
1790658000,2026-09-29T05:00:00Z,หนองหิน,78,0.0,0.0,0.0,,,True
1790658000,2026-09-29T05:00:00Z,ผาขาว,100,0.0,0.0,0.0,,,True
1790658000,2026-09-29T05:00:00Z,เอราวัณ,87,0.0,0.0,0.0,,,True
1790658000,2026-09-29T05:00:00Z,วังสะพุง,281,0.0,0.0,0.0,,,True
1790658000,2026-09-29T05:00:00Z,วังม่วง,70,0.0,0.0,0.0,,,True
1790658000,2026-09-29T05:00:00Z,เฉลิมพระเกียรติ,35,0.0,0.0,0.0,,,True
1790658000,2026-09-29T05:00:00Z,มวกเหล็ก,175,0.0,0.0,0.0,,,True
1790658000,2026-09-29T05:00:00Z,บ้านเขว้า,124,0.0,0.0,0.0,,,True
1790658000,2026-09-29T05:00:00Z,คอนสวรรค์,113,0.0,0.0,0.0,,,True
1790658000,2026-09-29T05:00:00Z,เมืองชัยภูมิ,358,0.0,0.0,0.0,,,True
1790658000,2026-09-29T05:00:00Z,วังทอง,425,0.0,0.0,0.0,,,True
1790658000,2026-09-29T05:00:00Z,เนินมะปราง,276,0.0,0.0,0.0,,,True
1790658000,2026-09-29T05:00:00Z,สวรรคโลก,156,0.0,0.0,0.0,,,True
1790658000,2026-09-29T05:00:00Z,ศรีนคร,46,0.0,0.0,0.0,,,True
1790658000,2026-09-29T05:00:00Z,หันคา,139,0.0,0.0,0.0,,,True
1790658000,2026-09-29T05:00:00Z,ศรีสัชนาลัย,534,0.0,0.0,0.0,,,True
1790658000,2026-09-29T05:00:00Z,หนองมะโมง,76,0.0,0.0,0.0,,,True
1790658000,2026-09-29T05:00:00Z,ศรีสำโรง,142,0.0,0.0,0.0,,,True
1790658000,2026-09-29T05:00:00Z,สรรพยา,55,0.0,0.0,0.0,,,True
1790658000,2026-09-29T05:00:00Z,คีรีมาศ,171,0.0,0.0,0.0,,,True
1790658000,2026-09-29T05:00:00Z,สรรคบุรี,89,0.0,0.0,0.0,,,True
1790658000,2026-09-29T05:00:00Z,กงไกรลาศ,108,0.002,0.098,0.0185,,15,True
1790658000,2026-09-29T05:00:00Z,มโนรมย์,66,0.0,0.0,0.0,,,True
1790658000,2026-09-29T05:00:00Z,เมืองสุโขทัย,136,0.001,0.098,0.0074,,15,True
1790658000,2026-09-29T05:00:00Z,วัดสิงห์,67,0.0,0.0,0.0,,,True
1790658000,2026-09-29T05:00:00Z,บ้านด่านลานหอย,231,0.0,0.0,0.0,,,True
1790658000,2026-09-29T05:00:00Z,เมืองชัยนาท,70,0.0,0.0,0.0,,,True
1790658000,2026-09-29T05:00:00Z,เนินขาม,65,0.0,0.0,0.0,,,True
1790658000,2026-09-29T05:00:00Z,คอนสาร,334,0.001,0.098,0.009,,90,True
1790658000,2026-09-29T05:00:00Z,ภักดีชุมพล,154,0.0,0.0,0.0,,,True
1790658000,2026-09-29T05:00:00Z,บ้านแท่น,76,0.0,0.0,0.0,,,True
1790658000,2026-09-29T05:00:00Z,แก้งคร้อ,168,0.0,0.0,0.0,,,True
1790658000,2026-09-29T05:00:00Z,ภูเขียว,201,0.0,0.0,0.0,,,True
1790658000,2026-09-29T05:00:00Z,หนองบัวระเหว,179,0.0,0.0,0.0,,,True
1790658000,2026-09-29T05:00:00Z,เทพสถิต,239,0.0,0.0,0.0,,,True
1790658000,2026-09-29T05:00:00Z,จัตุรัส,172,0.0,0.0,0.0,,,True
1790658000,2026-09-29T05:00:00Z,บำเหน็จณรงค์,120,0.0,0.0,0.0,,,True
1790658000,2026-09-29T05:00:00Z,เกษตรสมบูรณ์,268,0.001,0.098,0.0075,,75,True
1790658000,2026-09-29T05:00:00Z,หนองบัวแดง,537,0.001,0.098,0.0112,,15,True
1790658000,2026-09-29T05:00:00Z,ภูเรือ,168,0.0,0.0,0.0,,,True
1790658000,2026-09-29T05:00:00Z,ท่าลี่,171,0.0,0.0,0.0,,,True
1790658000,2026-09-29T05:00:00Z,วชิรบารมี,68,0.0,0.0,0.0,,,True
1790658000,2026-09-29T05:00:00Z,ด่านซ้าย,341,0.0,0.0,0.0,,,True
1790658000,2026-09-29T05:00:00Z,นาแห้ว,153,0.0,0.0,0.0,,,True
1790658000,2026-09-29T05:00:00Z,บึงนาราง,74,0.0,0.0,0.0,,,True
1790658000,2026-09-29T05:00:00Z,เชียงคาน,213,0.0,0.0,0.0,,,True
1790658000,2026-09-29T05:00:00Z,ดงเจริญ,56,0.0,0.0,0.0,,,True
1790658000,2026-09-29T05:00:00Z,ปากชม,240,0.0,0.0,0.0,,,True
1790658000,2026-09-29T05:00:00Z,เมืองเลย,314,0.0,0.0,0.0,,,True
1790658000,2026-09-29T05:00:00Z,นาด้วง,143,0.0,0.0,0.0,,,True
1790658000,2026-09-29T05:00:00Z,สากเหล็ก,45,0.0,0.0,0.0,,,True
1790658000,2026-09-29T05:00:00Z,สามง่าม,89,0.0,0.0,0.0,,,True
1790658000,2026-09-29T05:00:00Z,ทับคล้อ,104,0.0,0.0,0.0,,,True
1790658000,2026-09-29T05:00:00Z,พรหมพิราม,206,0.001,0.098,0.0097,,30,True
1790658000,2026-09-29T05:00:00Z,ด่านขุนทด,344,0.0,0.0,0.0,,,True
1790658000,2026-09-29T05:00:00Z,วัดโบสถ์,226,0.0,0.0,0.0,,,True
1790658000,2026-09-29T05:00:00Z,บางระกำ,246,0.0,0.0,0.0,,,True
1790658000,2026-09-29T05:00:00Z,บางกระทุ่ม,91,0.0,0.0,0.0,,,True
1790658000,2026-09-29T05:00:00Z,นครไทย,597,0.0,0.0,0.0,,,True
1790658000,2026-09-29T05:00:00Z,ชาติตระการ,415,0.0,0.0,0.0,,,True
1790658000,2026-09-29T05:00:00Z,บ้านเหลื่อม,55,0.0,0.0,0.0,,,True
1790658000,2026-09-29T05:00:00Z,เมืองพิษณุโลก,178,0.0,0.0,0.0,,,True
1790658000,2026-09-29T05:00:00Z,ชุมแสง,145,0.0,0.0,0.0,,,True
1790658000,2026-09-29T05:00:00Z,หนองบัว,208,0.0,0.0,0.0,,,True
1790658000,2026-09-29T05:00:00Z,เมืองนครสวรรค์,183,0.0,0.0,0.0,,,True
1790658000,2026-09-29T05:00:00Z,โกรกพระ,71,0.0,0.0,0.0,,,True
1790658000,2026-09-29T05:00:00Z,ไพศาลี,244,0.0,0.0,0.0,,,True
1790658000,2026-09-29T05:00:00Z,ตาคลี,206,0.0,0.0,0.0,,,True
1790658000,2026-09-29T05:00:00Z,ท่าตะโก,211,0.0,0.0,0.0,,,True
1790658000,2026-09-29T05:00:00Z,เขาค้อ,207,0.0,0.0,0.0,,,True
1790658000,2026-09-29T05:00:00Z,บรรพตพิสัย,181,0.0,0.0,0.0,,,True
1790658000,2026-09-29T05:00:00Z,เก้าเลี้ยว,57,0.0,0.0,0.0,,,True
1790658000,2026-09-29T05:00:00Z,วังโป่ง,123,0.0,0.0,0.0,,,True
1790658000,2026-09-29T05:00:00Z,บึงสามพัน,194,0.001,0.098,0.0052,,75,True
1790658000,2026-09-29T05:00:00Z,น้ำหนาว,231,0.0,0.0,0.0,,,True
1790658000,2026-09-29T05:00:00Z,ศรีเทพ,204,0.0,0.0,0.0,,,True
1790658000,2026-09-29T05:00:00Z,หนองไผ่,315,0.0,0.098,0.0032,,90,True
1790658000,2026-09-29T05:00:00Z,มหาราช,4,0.0,0.0,0.0,,,False
1790658000,2026-09-29T05:00:00Z,บ้านแพรก,10,0.0,0.0,0.0,,,True
1790658000,2026-09-29T05:00:00Z,บางมูลนาก,99,0.0,0.0,0.0,,,True
1790658000,2026-09-29T05:00:00Z,โพทะเล,131,0.0,0.0,0.0,,,True
1790658000,2026-09-29T05:00:00Z,โพธิ์ประทับช้าง,102,0.0,0.0,0.0,,,True
1790658000,2026-09-29T05:00:00Z,ตะพานหิน,109,0.0,0.0,0.0,,,True
1790658000,2026-09-29T05:00:00Z,เมืองพิจิตร,138,0.0,0.0,0.0,,,True
1790658000,2026-09-29T05:00:00Z,วังทรายพูน,66,0.0,0.0,0.0,,,True
1790658900,2026-09-29T05:15:00Z,พิชัย,176,0.0,0.0,0.0,,,True
1790658900,2026-09-29T05:15:00Z,ลับแล,116,0.0,0.0,0.0,,,True
1790658900,2026-09-29T05:15:00Z,ฟากท่า,163,0.0,0.0,0.0,,,True
1790658900,2026-09-29T05:15:00Z,บ้านโคก,247,0.0,0.0,0.0,,,True
1790658900,2026-09-29T05:15:00Z,ท่าปลา,442,0.003,0.592,0.0113,,15,True
1790658900,2026-09-29T05:15:00Z,น้ำปาด,363,0.0,0.0,0.0,,,True
1790658900,2026-09-29T05:15:00Z,เมืองอุตรดิตถ์,202,0.002,0.098,0.0248,,15,True
1790658900,2026-09-29T05:15:00Z,ตรอน,80,0.0,0.0,0.0,,,True
1790658900,2026-09-29T05:15:00Z,หล่มเก่า,246,0.0,0.0,0.0,,,True
1790658900,2026-09-29T05:15:00Z,วิเชียรบุรี,377,0.0,0.0,0.0,,,True
1790658900,2026-09-29T05:15:00Z,ชนแดน,279,0.0,0.0,0.0,,,True
1790658900,2026-09-29T05:15:00Z,หล่มสัก,350,0.0,0.0,0.0,,,True
1790658900,2026-09-29T05:15:00Z,เมืองเพชรบูรณ์,571,0.0,0.0,0.0,,,True
1790658900,2026-09-29T05:15:00Z,ทองแสนขัน,185,0.0,0.0,0.0,,,True
1790658900,2026-09-29T05:15:00Z,บึงสามัคคี,71,0.0,0.0,0.0,,,True
1790658900,2026-09-29T05:15:00Z,โกสัมพีนคร,137,0.024,0.299,0.1679,45,15,True
1790658900,2026-09-29T05:15:00Z,สอง,380,0.007,0.69,0.0342,,60,True
1790658900,2026-09-29T05:15:00Z,วังชิ้น,255,0.0,0.0,0.0,,,True
1790658900,2026-09-29T05:15:00Z,สูงเม่น,88,0.015,0.592,0.0682,,15,True
1790658900,2026-09-29T05:15:00Z,เด่นชัย,135,0.002,0.098,0.0222,,30,True
1790658900,2026-09-29T05:15:00Z,ร้องกวาง,221,0.047,0.788,0.2127,45,15,True
1790658900,2026-09-29T05:15:00Z,ลอง,317,0.0,0.098,0.0032,,15,True
1790658900,2026-09-29T05:15:00Z,เมืองแพร่,205,0.026,0.946,0.1317,45,15,True
1790658900,2026-09-29T05:15:00Z,ทัพทัน,94,0.0,0.0,0.0,,,True
1790658900,2026-09-29T05:15:00Z,สว่างอารมณ์,110,0.0,0.0,0.0,,,True
1790658900,2026-09-29T05:15:00Z,เมืองอุทัยธานี,59,0.0,0.0,0.0,,,True
1790658900,2026-09-29T05:15:00Z,ห้วยคต,94,0.0,0.0,0.0,,,True
1790658900,2026-09-29T05:15:00Z,ศรีสวัสดิ์,440,0.0,0.0,0.0,,,True
1790658900,2026-09-29T05:15:00Z,บ้านไร่,821,0.0,0.0,0.0,,,True
1790658900,2026-09-29T05:15:00Z,ลานสัก,360,0.0,0.0,0.0,,,True
1790658900,2026-09-29T05:15:00Z,หนองฉาง,89,0.0,0.0,0.0,,,True
1790658900,2026-09-29T05:15:00Z,หนองขาหย่าง,43,0.0,0.0,0.0,,,True
1790658900,2026-09-29T05:15:00Z,เชียงม่วน,82,0.0,0.0,0.0,,,True
1790658900,2026-09-29T05:15:00Z,ดอกคำใต้,37,0.0,0.0,0.0,,,True
1790658900,2026-09-29T05:15:00Z,เมืองพะเยา,6,0.0,0.0,0.0,,,True
1790658900,2026-09-29T05:15:00Z,ทองผาภูมิ,851,0.0,0.0,0.0,,,True
1790658900,2026-09-29T05:15:00Z,สังขละบุรี,793,0.0,0.0,0.0,,,True
1790658900,2026-09-29T05:15:00Z,หนองม่วงไข่,35,0.0,0.0,0.0,,,True
1790658900,2026-09-29T05:15:00Z,ภูเวียง,81,0.0,0.0,0.0,,,True
1790658900,2026-09-29T05:15:00Z,มัญจาคีรี,50,0.0,0.0,0.0,,,True
1790658900,2026-09-29T05:15:00Z,หนองปรือ,104,0.0,0.0,0.0,,,True
1790658900,2026-09-29T05:15:00Z,เลาขวัญ,123,0.0,0.0,0.0,,,True
1790658900,2026-09-29T05:15:00Z,หนองนาคำ,43,0.0,0.0,0.0,,,True
1790658900,2026-09-29T05:15:00Z,โคกโพธิ์ไชย,65,0.0,0.0,0.0,,,True
1790658900,2026-09-29T05:15:00Z,บ้านหลวง,91,0.01,0.098,0.0989,,105,True
1790658900,2026-09-29T05:15:00Z,นาน้อย,266,0.001,0.098,0.0113,,60,True
1790658900,2026-09-29T05:15:00Z,ภูผาม่าน,74,0.0,0.0,0.0,,,True
1790658900,2026-09-29T05:15:00Z,เมืองน่าน,161,0.0,0.0,0.0,,,True
1790658900,2026-09-29T05:15:00Z,แม่จริม,262,0.0,0.0,0.0,,,True
1790658900,2026-09-29T05:15:00Z,เวียงเก่า,78,0.0,0.0,0.0,,,True
1790658900,2026-09-29T05:15:00Z,เมืองกำแพงเพชร,368,0.0,0.098,0.0027,,45,True
1790658900,2026-09-29T05:15:00Z,ไทรงาม,133,0.0,0.0,0.0,,,True
1790658900,2026-09-29T05:15:00Z,ปางศิลาทอง,186,0.0,0.0,0.0,,,True
1790658900,2026-09-29T05:15:00Z,ลานกระบือ,103,0.0,0.0,0.0,,,True
1790658900,2026-09-29T05:15:00Z,ทรายทองวัฒนา,53,0.0,0.0,0.0,,,True
1790658900,2026-09-29T05:15:00Z,คลองขลุง,179,0.0,0.0,0.0,,,True
1790658900,2026-09-29T05:15:00Z,พรานกระต่าย,252,0.002,0.201,0.0159,,75,True
1790658900,2026-09-29T05:15:00Z,คลองลาน,363,0.004,0.201,0.0358,,15,True
1790658900,2026-09-29T05:15:00Z,ขาณุวรลักษบุรี,296,0.0,0.0,0.0,,,True
1790658900,2026-09-29T05:15:00Z,ภูเพียง,113,0.0,0.0,0.0,,,True
1790658900,2026-09-29T05:15:00Z,นาหมื่น,245,0.0,0.0,0.0,,,True
1790658900,2026-09-29T05:15:00Z,เวียงสา,543,0.011,0.848,0.0497,,60,True
1790658900,2026-09-29T05:15:00Z,น้ำโสม,153,0.0,0.0,0.0,,,True
1790658900,2026-09-29T05:15:00Z,นายูง,126,0.0,0.0,0.0,,,True
1790658900,2026-09-29T05:15:00Z,ชุมแพ,173,0.0,0.0,0.0,,,True
1790658900,2026-09-29T05:15:00Z,สีชมพู,132,0.0,0.0,0.0,,,True
1790658900,2026-09-29T05:15:00Z,สุวรรณคูหา,140,0.0,0.0,0.0,,,True
1790658900,2026-09-29T05:15:00Z,นาวัง,65,0.0,0.0,0.0,,,True
1790658900,2026-09-29T05:15:00Z,หนองเรือ,80,0.0,0.0,0.0,,,True
1790658900,2026-09-29T05:15:00Z,โนนสัง,51,0.0,0.0,0.0,,,True
1790658900,2026-09-29T05:15:00Z,ศรีบุญเรือง,224,0.0,0.0,0.0,,,True
1790658900,2026-09-29T05:15:00Z,เมืองหนองบัวลำภู,217,0.0,0.0,0.0,,,True
1790658900,2026-09-29T05:15:00Z,นากลาง,173,0.0,0.0,0.0,,,True
1790658900,2026-09-29T05:15:00Z,ทุ่งเสลี่ยม,144,0.0,0.0,0.0,,,True
1790658900,2026-09-29T05:15:00Z,ดอยหล่อ,56,0.0,0.0,0.0,,,True
1790658900,2026-09-29T05:15:00Z,เมืองตาก,486,0.02,0.299,0.1296,105,60,True
1790658900,2026-09-29T05:15:00Z,แม่ออน,116,0.0,0.0,0.0,,,True
1790658900,2026-09-29T05:15:00Z,อุ้มผาง,1209,0.0,0.0,0.0,,,True
1790658900,2026-09-29T05:15:00Z,วังเจ้า,183,0.027,0.299,0.1639,45,15,True
1790658900,2026-09-29T05:15:00Z,แม่สอด,398,0.0,0.0,0.0,,,True
1790658900,2026-09-29T05:15:00Z,พบพระ,249,0.0,0.0,0.0,,,True
1790658900,2026-09-29T05:15:00Z,แม่ระมาด,380,0.0,0.0,0.0,,,True
1790658900,2026-09-29T05:15:00Z,ท่าสองยาง,401,0.0,0.0,0.0,,,True
1790658900,2026-09-29T05:15:00Z,บ้านตาก,255,0.0,0.0,0.0,,,True
1790658900,2026-09-29T05:15:00Z,สามเงา,698,0.0,0.0,0.0,,,True
1790658900,2026-09-29T05:15:00Z,จอมทอง,280,0.0,0.0,0.0,,,True
1790658900,2026-09-29T05:15:00Z,แก้งสนามนาง,79,0.0,0.0,0.0,,,True
1790658900,2026-09-29T05:15:00Z,สีคิ้ว,292,0.0,0.0,0.0,,,True
1790658900,2026-09-29T05:15:00Z,พระทองคำ,90,0.0,0.0,0.0,,,True
1790658900,2026-09-29T05:15:00Z,เทพารักษ์,92,0.0,0.0,0.0,,,True
1790658900,2026-09-29T05:15:00Z,สันกำแพง,65,0.0,0.0,0.0,,,True
1790658900,2026-09-29T05:15:00Z,สันป่าตอง,44,0.0,0.0,0.0,,,True
1790658900,2026-09-29T05:15:00Z,ดอยเต่า,213,0.0,0.0,0.0,,,True
1790658900,2026-09-29T05:15:00Z,อมก๋อย,704,0.0,0.0,0.0,,,True
1790658900,2026-09-29T05:15:00Z,ฮอด,378,0.0,0.0,0.0,,,True
1790658900,2026-09-29T05:15:00Z,เมืองลำพูน,117,0.0,0.0,0.0,,,True
1790658900,2026-09-29T05:15:00Z,แม่ทา,192,0.0,0.0,0.0,,,True
1790658900,2026-09-29T05:15:00Z,บ้านธิ,34,0.0,0.0,0.0,,,True
1790658900,2026-09-29T05:15:00Z,บ้านหมอ,24,0.0,0.0,0.0,,,True
1790658900,2026-09-29T05:15:00Z,เวียงหนองล่อง,14,0.0,0.0,0.0,,,True
1790658900,2026-09-29T05:15:00Z,ทุ่งหัวช้าง,113,0.0,0.0,0.0,,,True
1790658900,2026-09-29T05:15:00Z,ป่าซาง,74,0.0,0.0,0.0,,,True
1790658900,2026-09-29T05:15:00Z,บ้านโฮ่ง,124,0.0,0.0,0.0,,,True
1790658900,2026-09-29T05:15:00Z,แก่งคอย,73,0.0,0.0,0.0,,,True
1790658900,2026-09-29T05:15:00Z,ลี้,454,0.0,0.0,0.0,,,True
1790658900,2026-09-29T05:15:00Z,พระพุทธบาท,55,0.0,0.0,0.0,,,True
1790658900,2026-09-29T05:15:00Z,ดอนพุด,7,0.0,0.0,0.0,,,True
1790658900,2026-09-29T05:15:00Z,หนองโดน,31,0.0,0.0,0.0,,,True
1790658900,2026-09-29T05:15:00Z,เมืองลำปาง,300,0.0,0.0,0.0,,,True
1790658900,2026-09-29T05:15:00Z,เถิน,443,0.0,0.0,0.0,,,True
1790658900,2026-09-29T05:15:00Z,แม่พริก,167,0.0,0.0,0.0,,,True
1790658900,2026-09-29T05:15:00Z,แจ้ห่ม,274,0.0,0.0,0.0,,,True
1790658900,2026-09-29T05:15:00Z,แม่เปิน,85,0.0,0.0,0.0,,,True
1790658900,2026-09-29T05:15:00Z,เสริมงาม,185,0.0,0.0,0.0,,,True
1790658900,2026-09-29T05:15:00Z,ชุมตาบง,61,0.0,0.0,0.0,,,True
1790658900,2026-09-29T05:15:00Z,งาว,344,0.024,0.592,0.125,105,15,True
1790658900,2026-09-29T05:15:00Z,ตากฟ้า,125,0.0,0.0,0.0,,,True
1790658900,2026-09-29T05:15:00Z,แม่เมาะ,283,0.019,0.592,0.0919,,15,True
1790658900,2026-09-29T05:15:00Z,แม่วงก์,257,0.0,0.0,0.0,,,True
1790658900,2026-09-29T05:15:00Z,เกาะคา,128,0.0,0.0,0.0,,,True
1790658900,2026-09-29T05:15:00Z,พยุหะคีรี,169,0.0,0.0,0.0,,,True
1790658900,2026-09-29T05:15:00Z,ลาดยาว,187,0.0,0.0,0.0,,,True
1790658900,2026-09-29T05:15:00Z,สบปราบ,125,0.0,0.0,0.0,,,True
1790658900,2026-09-29T05:15:00Z,ห้างฉัตร,154,0.0,0.0,0.0,,,True
1790658900,2026-09-29T05:15:00Z,แม่ทะ,203,0.0,0.0,0.0,,,True
1790658900,2026-09-29T05:15:00Z,เมืองปาน,202,0.0,0.0,0.0,,,True
1790658900,2026-09-29T05:15:00Z,เมืองอ่างทอง,6,0.0,0.0,0.0,,,True
1790658900,2026-09-29T05:15:00Z,ไชโย,20,0.0,0.0,0.0,,,True
1790658900,2026-09-29T05:15:00Z,สามโก้,10,0.0,0.0,0.0,,,True
1790658900,2026-09-29T05:15:00Z,แสวงหา,43,0.0,0.0,0.0,,,True
1790658900,2026-09-29T05:15:00Z,วิเศษชัยชาญ,7,0.0,0.0,0.0,,,True
1790658900,2026-09-29T05:15:00Z,โพธิ์ทอง,48,0.0,0.0,0.0,,,True
1790658900,2026-09-29T05:15:00Z,เมืองลพบุรี,190,0.0,0.0,0.0,,,True
1790658900,2026-09-29T05:15:00Z,เดิมบางนางบวช,130,0.0,0.0,0.0,,,True
1790658900,2026-09-29T05:15:00Z,ด่านช้าง,309,0.0,0.0,0.0,,,True
1790658900,2026-09-29T05:15:00Z,หนองม่วง,111,0.0,0.0,0.0,,,True
1790658900,2026-09-29T05:15:00Z,ลำสนธิ,136,0.0,0.0,0.0,,,True
1790658900,2026-09-29T05:15:00Z,สามชุก,77,0.0,0.0,0.0,,,True
1790658900,2026-09-29T05:15:00Z,ดอนเจดีย์,72,0.0,0.0,0.0,,,True
1790658900,2026-09-29T05:15:00Z,สระโบสถ์,83,0.0,0.0,0.0,,,True
1790658900,2026-09-29T05:15:00Z,ศรีประจันต์,41,0.0,0.0,0.0,,,True
1790658900,2026-09-29T05:15:00Z,โคกเจริญ,135,0.0,0.0,0.0,,,True
1790658900,2026-09-29T05:15:00Z,บ้านหมี่,136,0.0,0.0,0.0,,,True
1790658900,2026-09-29T05:15:00Z,ท่าหลวง,100,0.0,0.0,0.0,,,True
1790658900,2026-09-29T05:15:00Z,ชัยบาดาล,280,0.0,0.0,0.0,,,True
1790658900,2026-09-29T05:15:00Z,ท่าวุ้ง,64,0.0,0.0,0.0,,,True
1790658900,2026-09-29T05:15:00Z,พัฒนานิคม,217,0.0,0.0,0.0,,,True
1790658900,2026-09-29T05:15:00Z,โคกสำโรง,180,0.0,0.0,0.0,,,True
1790658900,2026-09-29T05:15:00Z,หนองหญ้าไซ,108,0.0,0.0,0.0,,,True
1790658900,2026-09-29T05:15:00Z,ท่าช้าง,11,0.0,0.0,0.0,,,True
1790658900,2026-09-29T05:15:00Z,อินทร์บุรี,66,0.0,0.0,0.0,,,True
1790658900,2026-09-29T05:15:00Z,ค่ายบางระจัน,26,0.0,0.0,0.0,,,True
1790658900,2026-09-29T05:15:00Z,พรหมบุรี,19,0.0,0.0,0.0,,,True
1790658900,2026-09-29T05:15:00Z,เนินสง่า,65,0.0,0.0,0.0,,,True
1790658900,2026-09-29T05:15:00Z,เมืองสิงห์บุรี,31,0.0,0.0,0.0,,,True
1790658900,2026-09-29T05:15:00Z,ซับใหญ่,72,0.0,0.0,0.0,,,True
1790658900,2026-09-29T05:15:00Z,บางระจัน,46,0.0,0.0,0.0,,,True
1790658900,2026-09-29T05:15:00Z,ภูกระดึง,190,0.0,0.0,0.0,,,True
1790658900,2026-09-29T05:15:00Z,ภูหลวง,145,0.0,0.0,0.0,,,True
1790658900,2026-09-29T05:15:00Z,หนองหิน,78,0.0,0.0,0.0,,,True
1790658900,2026-09-29T05:15:00Z,ผาขาว,100,0.0,0.0,0.0,,,True
1790658900,2026-09-29T05:15:00Z,เอราวัณ,87,0.0,0.0,0.0,,,True
1790658900,2026-09-29T05:15:00Z,วังสะพุง,281,0.0,0.0,0.0,,,True
1790658900,2026-09-29T05:15:00Z,วังม่วง,70,0.0,0.0,0.0,,,True
1790658900,2026-09-29T05:15:00Z,เฉลิมพระเกียรติ,35,0.0,0.0,0.0,,,True
1790658900,2026-09-29T05:15:00Z,มวกเหล็ก,175,0.0,0.0,0.0,,,True
1790658900,2026-09-29T05:15:00Z,บ้านเขว้า,124,0.0,0.0,0.0,,,True
1790658900,2026-09-29T05:15:00Z,คอนสวรรค์,113,0.0,0.0,0.0,,,True
1790658900,2026-09-29T05:15:00Z,เมืองชัยภูมิ,358,0.0,0.0,0.0,,,True
1790658900,2026-09-29T05:15:00Z,วังทอง,425,0.0,0.0,0.0,,,True
1790658900,2026-09-29T05:15:00Z,เนินมะปราง,276,0.0,0.0,0.0,,,True
1790658900,2026-09-29T05:15:00Z,สวรรคโลก,156,0.0,0.0,0.0,,,True
1790658900,2026-09-29T05:15:00Z,ศรีนคร,46,0.0,0.0,0.0,,,True
1790658900,2026-09-29T05:15:00Z,หันคา,139,0.0,0.0,0.0,,,True
1790658900,2026-09-29T05:15:00Z,ศรีสัชนาลัย,534,0.0,0.0,0.0,,,True
1790658900,2026-09-29T05:15:00Z,หนองมะโมง,76,0.0,0.0,0.0,,,True
1790658900,2026-09-29T05:15:00Z,ศรีสำโรง,142,0.0,0.0,0.0,,,True
1790658900,2026-09-29T05:15:00Z,สรรพยา,55,0.0,0.0,0.0,,,True
1790658900,2026-09-29T05:15:00Z,คีรีมาศ,171,0.0,0.0,0.0,,,True
1790658900,2026-09-29T05:15:00Z,สรรคบุรี,89,0.0,0.0,0.0,,,True
1790658900,2026-09-29T05:15:00Z,กงไกรลาศ,108,0.0,0.0,0.0,,,True
1790658900,2026-09-29T05:15:00Z,มโนรมย์,66,0.0,0.0,0.0,,,True
1790658900,2026-09-29T05:15:00Z,เมืองสุโขทัย,136,0.0,0.0,0.0,,,True
1790658900,2026-09-29T05:15:00Z,วัดสิงห์,67,0.0,0.0,0.0,,,True
1790658900,2026-09-29T05:15:00Z,บ้านด่านลานหอย,231,0.003,0.201,0.0303,,120,True
1790658900,2026-09-29T05:15:00Z,เมืองชัยนาท,70,0.0,0.0,0.0,,,True
1790658900,2026-09-29T05:15:00Z,เนินขาม,65,0.0,0.0,0.0,,,True
1790658900,2026-09-29T05:15:00Z,คอนสาร,334,0.0,0.0,0.0,,,True
1790658900,2026-09-29T05:15:00Z,ภักดีชุมพล,154,0.0,0.0,0.0,,,True
1790658900,2026-09-29T05:15:00Z,บ้านแท่น,76,0.0,0.0,0.0,,,True
1790658900,2026-09-29T05:15:00Z,แก้งคร้อ,168,0.0,0.0,0.0,,,True
1790658900,2026-09-29T05:15:00Z,ภูเขียว,201,0.0,0.0,0.0,,,True
1790658900,2026-09-29T05:15:00Z,หนองบัวระเหว,179,0.0,0.0,0.0,,,True
1790658900,2026-09-29T05:15:00Z,เทพสถิต,239,0.0,0.0,0.0,,,True
1790658900,2026-09-29T05:15:00Z,จัตุรัส,172,0.0,0.0,0.0,,,True
1790658900,2026-09-29T05:15:00Z,บำเหน็จณรงค์,120,0.0,0.0,0.0,,,True
1790658900,2026-09-29T05:15:00Z,เกษตรสมบูรณ์,268,0.0,0.0,0.0,,,True
1790658900,2026-09-29T05:15:00Z,หนองบัวแดง,537,0.0,0.0,0.0,,,True
1790658900,2026-09-29T05:15:00Z,ภูเรือ,168,0.0,0.0,0.0,,,True
1790658900,2026-09-29T05:15:00Z,ท่าลี่,171,0.0,0.0,0.0,,,True
1790658900,2026-09-29T05:15:00Z,วชิรบารมี,68,0.0,0.0,0.0,,,True
1790658900,2026-09-29T05:15:00Z,ด่านซ้าย,341,0.0,0.0,0.0,,,True
1790658900,2026-09-29T05:15:00Z,นาแห้ว,153,0.0,0.0,0.0,,,True
1790658900,2026-09-29T05:15:00Z,บึงนาราง,74,0.0,0.0,0.0,,,True
1790658900,2026-09-29T05:15:00Z,เชียงคาน,213,0.0,0.0,0.0,,,True
1790658900,2026-09-29T05:15:00Z,ดงเจริญ,56,0.0,0.0,0.0,,,True
1790658900,2026-09-29T05:15:00Z,ปากชม,240,0.0,0.0,0.0,,,True
1790658900,2026-09-29T05:15:00Z,เมืองเลย,314,0.0,0.0,0.0,,,True
1790658900,2026-09-29T05:15:00Z,นาด้วง,143,0.0,0.0,0.0,,,True
1790658900,2026-09-29T05:15:00Z,สากเหล็ก,45,0.0,0.0,0.0,,,True
1790658900,2026-09-29T05:15:00Z,สามง่าม,89,0.0,0.0,0.0,,,True
1790658900,2026-09-29T05:15:00Z,ทับคล้อ,104,0.0,0.0,0.0,,,True
1790658900,2026-09-29T05:15:00Z,พรหมพิราม,206,0.0,0.0,0.0,,,True
1790658900,2026-09-29T05:15:00Z,ด่านขุนทด,344,0.0,0.0,0.0,,,True
1790658900,2026-09-29T05:15:00Z,วัดโบสถ์,226,0.0,0.0,0.0,,,True
1790658900,2026-09-29T05:15:00Z,บางระกำ,246,0.0,0.0,0.0,,,True
1790658900,2026-09-29T05:15:00Z,บางกระทุ่ม,91,0.0,0.0,0.0,,,True
1790658900,2026-09-29T05:15:00Z,นครไทย,597,0.0,0.0,0.0,,,True
1790658900,2026-09-29T05:15:00Z,ชาติตระการ,415,0.0,0.0,0.0,,,True
1790658900,2026-09-29T05:15:00Z,บ้านเหลื่อม,55,0.0,0.0,0.0,,,True
1790658900,2026-09-29T05:15:00Z,เมืองพิษณุโลก,178,0.0,0.0,0.0,,,True
1790658900,2026-09-29T05:15:00Z,ชุมแสง,145,0.0,0.0,0.0,,,True
1790658900,2026-09-29T05:15:00Z,หนองบัว,208,0.0,0.0,0.0,,,True
1790658900,2026-09-29T05:15:00Z,เมืองนครสวรรค์,183,0.0,0.0,0.0,,,True
1790658900,2026-09-29T05:15:00Z,โกรกพระ,71,0.0,0.0,0.0,,,True
1790658900,2026-09-29T05:15:00Z,ไพศาลี,244,0.0,0.0,0.0,,,True
1790658900,2026-09-29T05:15:00Z,ตาคลี,206,0.0,0.0,0.0,,,True
1790658900,2026-09-29T05:15:00Z,ท่าตะโก,211,0.0,0.0,0.0,,,True
1790658900,2026-09-29T05:15:00Z,เขาค้อ,207,0.0,0.0,0.0,,,True
1790658900,2026-09-29T05:15:00Z,บรรพตพิสัย,181,0.0,0.0,0.0,,,True
1790658900,2026-09-29T05:15:00Z,เก้าเลี้ยว,57,0.0,0.0,0.0,,,True
1790658900,2026-09-29T05:15:00Z,วังโป่ง,123,0.0,0.0,0.0,,,True
1790658900,2026-09-29T05:15:00Z,บึงสามพัน,194,0.0,0.0,0.0,,,True
1790658900,2026-09-29T05:15:00Z,น้ำหนาว,231,0.0,0.0,0.0,,,True
1790658900,2026-09-29T05:15:00Z,ศรีเทพ,204,0.0,0.0,0.0,,,True
1790658900,2026-09-29T05:15:00Z,หนองไผ่,315,0.0,0.0,0.0,,,True
1790658900,2026-09-29T05:15:00Z,มหาราช,4,0.0,0.0,0.0,,,False
1790658900,2026-09-29T05:15:00Z,บ้านแพรก,10,0.0,0.0,0.0,,,True
1790658900,2026-09-29T05:15:00Z,บางมูลนาก,99,0.0,0.0,0.0,,,True
1790658900,2026-09-29T05:15:00Z,โพทะเล,131,0.0,0.0,0.0,,,True
1790658900,2026-09-29T05:15:00Z,โพธิ์ประทับช้าง,102,0.0,0.0,0.0,,,True
1790658900,2026-09-29T05:15:00Z,ตะพานหิน,109,0.0,0.0,0.0,,,True
1790658900,2026-09-29T05:15:00Z,เมืองพิจิตร,138,0.0,0.0,0.0,,,True
1790658900,2026-09-29T05:15:00Z,วังทรายพูน,66,0.0,0.0,0.0,,,True
1790659800,2026-09-29T05:30:00Z,พิชัย,176,0.006,0.201,0.0511,,30,True
1790659800,2026-09-29T05:30:00Z,ลับแล,116,0.005,0.098,0.0517,,15,True
1790659800,2026-09-29T05:30:00Z,ฟากท่า,163,0.0,0.0,0.0,,,True
1790659800,2026-09-29T05:30:00Z,บ้านโคก,247,0.0,0.0,0.0,,,True
1790659800,2026-09-29T05:30:00Z,ท่าปลา,442,0.006,0.413,0.0475,,15,True
1790659800,2026-09-29T05:30:00Z,น้ำปาด,363,0.0,0.0,0.0,,,True
1790659800,2026-09-29T05:30:00Z,เมืองอุตรดิตถ์,202,0.008,0.098,0.0792,,15,True
1790659800,2026-09-29T05:30:00Z,ตรอน,80,0.007,0.201,0.0625,,60,True
1790659800,2026-09-29T05:30:00Z,หล่มเก่า,246,0.0,0.0,0.0,,,True
1790659800,2026-09-29T05:30:00Z,วิเชียรบุรี,377,0.0,0.0,0.0,,,True
1790659800,2026-09-29T05:30:00Z,ชนแดน,279,0.0,0.0,0.0,,,True
1790659800,2026-09-29T05:30:00Z,หล่มสัก,350,0.0,0.0,0.0,,,True
1790659800,2026-09-29T05:30:00Z,เมืองเพชรบูรณ์,571,0.0,0.0,0.0,,,True
1790659800,2026-09-29T05:30:00Z,ทองแสนขัน,185,0.0,0.0,0.0,,,True
1790659800,2026-09-29T05:30:00Z,บึงสามัคคี,71,0.0,0.0,0.0,,,True
1790659800,2026-09-29T05:30:00Z,โกสัมพีนคร,137,0.064,0.386,0.4599,30,15,True
1790659800,2026-09-29T05:30:00Z,สอง,380,0.005,0.201,0.0421,,30,True
1790659800,2026-09-29T05:30:00Z,วังชิ้น,255,0.0,0.0,0.0,,,True
1790659800,2026-09-29T05:30:00Z,สูงเม่น,88,0.006,0.201,0.0455,,75,True
1790659800,2026-09-29T05:30:00Z,เด่นชัย,135,0.004,0.098,0.037,,15,True
1790659800,2026-09-29T05:30:00Z,ร้องกวาง,221,0.003,0.201,0.0226,,15,True
1790659800,2026-09-29T05:30:00Z,ลอง,317,0.0,0.0,0.0,,,True
1790659800,2026-09-29T05:30:00Z,เมืองแพร่,205,0.008,0.201,0.0683,,60,True
1790659800,2026-09-29T05:30:00Z,ทัพทัน,94,0.0,0.0,0.0,,,True
1790659800,2026-09-29T05:30:00Z,สว่างอารมณ์,110,0.0,0.0,0.0,,,True
1790659800,2026-09-29T05:30:00Z,เมืองอุทัยธานี,59,0.0,0.0,0.0,,,True
1790659800,2026-09-29T05:30:00Z,ห้วยคต,94,0.0,0.0,0.0,,,True
1790659800,2026-09-29T05:30:00Z,ศรีสวัสดิ์,440,0.0,0.0,0.0,,,True
1790659800,2026-09-29T05:30:00Z,บ้านไร่,821,0.0,0.0,0.0,,,True
1790659800,2026-09-29T05:30:00Z,ลานสัก,360,0.0,0.0,0.0,,,True
1790659800,2026-09-29T05:30:00Z,หนองฉาง,89,0.0,0.0,0.0,,,True
1790659800,2026-09-29T05:30:00Z,หนองขาหย่าง,43,0.0,0.0,0.0,,,True
1790659800,2026-09-29T05:30:00Z,เชียงม่วน,82,0.001,0.098,0.0122,,120,True
1790659800,2026-09-29T05:30:00Z,ดอกคำใต้,37,0.0,0.0,0.0,,,True
1790659800,2026-09-29T05:30:00Z,เมืองพะเยา,6,0.05,0.201,0.3333,120,120,True
1790659800,2026-09-29T05:30:00Z,ทองผาภูมิ,851,0.0,0.0,0.0,,,True
1790659800,2026-09-29T05:30:00Z,สังขละบุรี,793,0.0,0.0,0.0,,,True
1790659800,2026-09-29T05:30:00Z,หนองม่วงไข่,35,0.011,0.098,0.1143,120,15,True
1790659800,2026-09-29T05:30:00Z,ภูเวียง,81,0.0,0.0,0.0,,,True
1790659800,2026-09-29T05:30:00Z,มัญจาคีรี,50,0.0,0.0,0.0,,,True
1790659800,2026-09-29T05:30:00Z,หนองปรือ,104,0.0,0.0,0.0,,,True
1790659800,2026-09-29T05:30:00Z,เลาขวัญ,123,0.0,0.0,0.0,,,True
1790659800,2026-09-29T05:30:00Z,หนองนาคำ,43,0.0,0.0,0.0,,,True
1790659800,2026-09-29T05:30:00Z,โคกโพธิ์ไชย,65,0.0,0.0,0.0,,,True
1790659800,2026-09-29T05:30:00Z,บ้านหลวง,91,0.0,0.0,0.0,,,True
1790659800,2026-09-29T05:30:00Z,นาน้อย,266,0.019,0.592,0.094,,60,True
1790659800,2026-09-29T05:30:00Z,ภูผาม่าน,74,0.0,0.0,0.0,,,True
1790659800,2026-09-29T05:30:00Z,เมืองน่าน,161,0.001,0.098,0.0062,,120,True
1790659800,2026-09-29T05:30:00Z,แม่จริม,262,0.0,0.0,0.0,,,True
1790659800,2026-09-29T05:30:00Z,เวียงเก่า,78,0.0,0.0,0.0,,,True
1790659800,2026-09-29T05:30:00Z,เมืองกำแพงเพชร,368,0.002,0.196,0.0163,,15,True
1790659800,2026-09-29T05:30:00Z,ไทรงาม,133,0.0,0.0,0.0,,,True
1790659800,2026-09-29T05:30:00Z,ปางศิลาทอง,186,0.0,0.0,0.0,,,True
1790659800,2026-09-29T05:30:00Z,ลานกระบือ,103,0.0,0.0,0.0,,,True
1790659800,2026-09-29T05:30:00Z,ทรายทองวัฒนา,53,0.0,0.0,0.0,,,True
1790659800,2026-09-29T05:30:00Z,คลองขลุง,179,0.0,0.0,0.0,,,True
1790659800,2026-09-29T05:30:00Z,พรานกระต่าย,252,0.012,0.386,0.0873,,60,True
1790659800,2026-09-29T05:30:00Z,คลองลาน,363,0.004,0.196,0.0386,,15,True
1790659800,2026-09-29T05:30:00Z,ขาณุวรลักษบุรี,296,0.0,0.0,0.0,,,True
1790659800,2026-09-29T05:30:00Z,ภูเพียง,113,0.0,0.0,0.0,,,True
1790659800,2026-09-29T05:30:00Z,นาหมื่น,245,0.013,0.288,0.0939,,15,True
1790659800,2026-09-29T05:30:00Z,เวียงสา,543,0.007,0.592,0.046,,90,True
1790659800,2026-09-29T05:30:00Z,น้ำโสม,153,0.0,0.0,0.0,,,True
1790659800,2026-09-29T05:30:00Z,นายูง,126,0.0,0.0,0.0,,,True
1790659800,2026-09-29T05:30:00Z,ชุมแพ,173,0.0,0.0,0.0,,,True
1790659800,2026-09-29T05:30:00Z,สีชมพู,132,0.0,0.0,0.0,,,True
1790659800,2026-09-29T05:30:00Z,สุวรรณคูหา,140,0.0,0.0,0.0,,,True
1790659800,2026-09-29T05:30:00Z,นาวัง,65,0.0,0.0,0.0,,,True
1790659800,2026-09-29T05:30:00Z,หนองเรือ,80,0.0,0.0,0.0,,,True
1790659800,2026-09-29T05:30:00Z,โนนสัง,51,0.0,0.0,0.0,,,True
1790659800,2026-09-29T05:30:00Z,ศรีบุญเรือง,224,0.0,0.0,0.0,,,True
1790659800,2026-09-29T05:30:00Z,เมืองหนองบัวลำภู,217,0.0,0.0,0.0,,,True
1790659800,2026-09-29T05:30:00Z,นากลาง,173,0.0,0.0,0.0,,,True
1790659800,2026-09-29T05:30:00Z,ทุ่งเสลี่ยม,144,0.0,0.0,0.0,,,True
1790659800,2026-09-29T05:30:00Z,ดอยหล่อ,56,0.0,0.0,0.0,,,True
1790659800,2026-09-29T05:30:00Z,เมืองตาก,486,0.014,0.511,0.0926,,60,True
1790659800,2026-09-29T05:30:00Z,แม่ออน,116,0.0,0.0,0.0,,,True
1790659800,2026-09-29T05:30:00Z,อุ้มผาง,1209,0.0,0.0,0.0,,,True
1790659800,2026-09-29T05:30:00Z,วังเจ้า,183,0.007,0.288,0.0492,,15,True
1790659800,2026-09-29T05:30:00Z,แม่สอด,398,0.0,0.0,0.0,,,True
1790659800,2026-09-29T05:30:00Z,พบพระ,249,0.0,0.0,0.0,,,True
1790659800,2026-09-29T05:30:00Z,แม่ระมาด,380,0.0,0.0,0.0,,,True
1790659800,2026-09-29T05:30:00Z,ท่าสองยาง,401,0.0,0.0,0.0,,,True
1790659800,2026-09-29T05:30:00Z,บ้านตาก,255,0.0,0.098,0.0039,,15,True
1790659800,2026-09-29T05:30:00Z,สามเงา,698,0.001,0.098,0.0057,,30,True
1790659800,2026-09-29T05:30:00Z,จอมทอง,280,0.0,0.0,0.0,,,True
1790659800,2026-09-29T05:30:00Z,แก้งสนามนาง,79,0.0,0.0,0.0,,,True
1790659800,2026-09-29T05:30:00Z,สีคิ้ว,292,0.0,0.0,0.0,,,True
1790659800,2026-09-29T05:30:00Z,พระทองคำ,90,0.0,0.0,0.0,,,True
1790659800,2026-09-29T05:30:00Z,เทพารักษ์,92,0.0,0.0,0.0,,,True
1790659800,2026-09-29T05:30:00Z,สันกำแพง,65,0.0,0.0,0.0,,,True
1790659800,2026-09-29T05:30:00Z,สันป่าตอง,44,0.0,0.0,0.0,,,True
1790659800,2026-09-29T05:30:00Z,ดอยเต่า,213,0.0,0.0,0.0,,,True
1790659800,2026-09-29T05:30:00Z,อมก๋อย,704,0.0,0.0,0.0,,,True
1790659800,2026-09-29T05:30:00Z,ฮอด,378,0.0,0.0,0.0,,,True
1790659800,2026-09-29T05:30:00Z,เมืองลำพูน,117,0.0,0.0,0.0,,,True
1790659800,2026-09-29T05:30:00Z,แม่ทา,192,0.0,0.0,0.0,,,True
1790659800,2026-09-29T05:30:00Z,บ้านธิ,34,0.0,0.0,0.0,,,True
1790659800,2026-09-29T05:30:00Z,บ้านหมอ,24,0.0,0.0,0.0,,,True
1790659800,2026-09-29T05:30:00Z,เวียงหนองล่อง,14,0.0,0.0,0.0,,,True
1790659800,2026-09-29T05:30:00Z,ทุ่งหัวช้าง,113,0.0,0.0,0.0,,,True
1790659800,2026-09-29T05:30:00Z,ป่าซาง,74,0.0,0.0,0.0,,,True
1790659800,2026-09-29T05:30:00Z,บ้านโฮ่ง,124,0.0,0.0,0.0,,,True
1790659800,2026-09-29T05:30:00Z,แก่งคอย,73,0.0,0.0,0.0,,,True
1790659800,2026-09-29T05:30:00Z,ลี้,454,0.0,0.0,0.0,,,True
1790659800,2026-09-29T05:30:00Z,พระพุทธบาท,55,0.0,0.0,0.0,,,True
1790659800,2026-09-29T05:30:00Z,ดอนพุด,7,0.0,0.0,0.0,,,True
1790659800,2026-09-29T05:30:00Z,หนองโดน,31,0.0,0.0,0.0,,,True
1790659800,2026-09-29T05:30:00Z,เมืองลำปาง,300,0.0,0.0,0.0,,,True
1790659800,2026-09-29T05:30:00Z,เถิน,443,0.001,0.098,0.0068,,15,True
1790659800,2026-09-29T05:30:00Z,แม่พริก,167,0.001,0.098,0.012,,75,True
1790659800,2026-09-29T05:30:00Z,แจ้ห่ม,274,0.0,0.0,0.0,,,True
1790659800,2026-09-29T05:30:00Z,แม่เปิน,85,0.0,0.0,0.0,,,True
1790659800,2026-09-29T05:30:00Z,เสริมงาม,185,0.0,0.0,0.0,,,True
1790659800,2026-09-29T05:30:00Z,ชุมตาบง,61,0.0,0.0,0.0,,,True
1790659800,2026-09-29T05:30:00Z,งาว,344,0.035,0.592,0.1686,90,45,True
1790659800,2026-09-29T05:30:00Z,ตากฟ้า,125,0.0,0.0,0.0,,,True
1790659800,2026-09-29T05:30:00Z,แม่เมาะ,283,0.017,0.592,0.0954,,15,True
1790659800,2026-09-29T05:30:00Z,แม่วงก์,257,0.0,0.0,0.0,,,True
1790659800,2026-09-29T05:30:00Z,เกาะคา,128,0.001,0.098,0.0078,,90,True
1790659800,2026-09-29T05:30:00Z,พยุหะคีรี,169,0.0,0.0,0.0,,,True
1790659800,2026-09-29T05:30:00Z,ลาดยาว,187,0.0,0.0,0.0,,,True
1790659800,2026-09-29T05:30:00Z,สบปราบ,125,0.001,0.098,0.008,,60,True
1790659800,2026-09-29T05:30:00Z,ห้างฉัตร,154,0.0,0.0,0.0,,,True
1790659800,2026-09-29T05:30:00Z,แม่ทะ,203,0.001,0.098,0.0099,,105,True
1790659800,2026-09-29T05:30:00Z,เมืองปาน,202,0.0,0.0,0.0,,,True
1790659800,2026-09-29T05:30:00Z,เมืองอ่างทอง,6,0.0,0.0,0.0,,,True
1790659800,2026-09-29T05:30:00Z,ไชโย,20,0.0,0.0,0.0,,,True
1790659800,2026-09-29T05:30:00Z,สามโก้,10,0.0,0.0,0.0,,,True
1790659800,2026-09-29T05:30:00Z,แสวงหา,43,0.0,0.0,0.0,,,True
1790659800,2026-09-29T05:30:00Z,วิเศษชัยชาญ,7,0.0,0.0,0.0,,,True
1790659800,2026-09-29T05:30:00Z,โพธิ์ทอง,48,0.0,0.0,0.0,,,True
1790659800,2026-09-29T05:30:00Z,เมืองลพบุรี,190,0.0,0.0,0.0,,,True
1790659800,2026-09-29T05:30:00Z,เดิมบางนางบวช,130,0.0,0.0,0.0,,,True
1790659800,2026-09-29T05:30:00Z,ด่านช้าง,309,0.0,0.0,0.0,,,True
1790659800,2026-09-29T05:30:00Z,หนองม่วง,111,0.0,0.0,0.0,,,True
1790659800,2026-09-29T05:30:00Z,ลำสนธิ,136,0.0,0.0,0.0,,,True
1790659800,2026-09-29T05:30:00Z,สามชุก,77,0.0,0.0,0.0,,,True
1790659800,2026-09-29T05:30:00Z,ดอนเจดีย์,72,0.0,0.0,0.0,,,True
1790659800,2026-09-29T05:30:00Z,สระโบสถ์,83,0.0,0.0,0.0,,,True
1790659800,2026-09-29T05:30:00Z,ศรีประจันต์,41,0.0,0.0,0.0,,,True
1790659800,2026-09-29T05:30:00Z,โคกเจริญ,135,0.0,0.0,0.0,,,True
1790659800,2026-09-29T05:30:00Z,บ้านหมี่,136,0.0,0.0,0.0,,,True
1790659800,2026-09-29T05:30:00Z,ท่าหลวง,100,0.0,0.0,0.0,,,True
1790659800,2026-09-29T05:30:00Z,ชัยบาดาล,280,0.0,0.0,0.0,,,True
1790659800,2026-09-29T05:30:00Z,ท่าวุ้ง,64,0.0,0.0,0.0,,,True
1790659800,2026-09-29T05:30:00Z,พัฒนานิคม,217,0.0,0.0,0.0,,,True
1790659800,2026-09-29T05:30:00Z,โคกสำโรง,180,0.0,0.0,0.0,,,True
1790659800,2026-09-29T05:30:00Z,หนองหญ้าไซ,108,0.0,0.0,0.0,,,True
1790659800,2026-09-29T05:30:00Z,ท่าช้าง,11,0.0,0.0,0.0,,,True
1790659800,2026-09-29T05:30:00Z,อินทร์บุรี,66,0.0,0.0,0.0,,,True
1790659800,2026-09-29T05:30:00Z,ค่ายบางระจัน,26,0.0,0.0,0.0,,,True
1790659800,2026-09-29T05:30:00Z,พรหมบุรี,19,0.0,0.0,0.0,,,True
1790659800,2026-09-29T05:30:00Z,เนินสง่า,65,0.0,0.0,0.0,,,True
1790659800,2026-09-29T05:30:00Z,เมืองสิงห์บุรี,31,0.0,0.0,0.0,,,True
1790659800,2026-09-29T05:30:00Z,ซับใหญ่,72,0.0,0.0,0.0,,,True
1790659800,2026-09-29T05:30:00Z,บางระจัน,46,0.0,0.0,0.0,,,True
1790659800,2026-09-29T05:30:00Z,ภูกระดึง,190,0.0,0.0,0.0,,,True
1790659800,2026-09-29T05:30:00Z,ภูหลวง,145,0.0,0.0,0.0,,,True
1790659800,2026-09-29T05:30:00Z,หนองหิน,78,0.0,0.0,0.0,,,True
1790659800,2026-09-29T05:30:00Z,ผาขาว,100,0.0,0.0,0.0,,,True
1790659800,2026-09-29T05:30:00Z,เอราวัณ,87,0.0,0.0,0.0,,,True
1790659800,2026-09-29T05:30:00Z,วังสะพุง,281,0.0,0.098,0.0036,,15,True
1790659800,2026-09-29T05:30:00Z,วังม่วง,70,0.0,0.0,0.0,,,True
1790659800,2026-09-29T05:30:00Z,เฉลิมพระเกียรติ,35,0.0,0.0,0.0,,,True
1790659800,2026-09-29T05:30:00Z,มวกเหล็ก,175,0.0,0.0,0.0,,,True
1790659800,2026-09-29T05:30:00Z,บ้านเขว้า,124,0.0,0.0,0.0,,,True
1790659800,2026-09-29T05:30:00Z,คอนสวรรค์,113,0.0,0.0,0.0,,,True
1790659800,2026-09-29T05:30:00Z,เมืองชัยภูมิ,358,0.0,0.0,0.0,,,True
1790659800,2026-09-29T05:30:00Z,วังทอง,425,0.0,0.0,0.0,,,True
1790659800,2026-09-29T05:30:00Z,เนินมะปราง,276,0.0,0.0,0.0,,,True
1790659800,2026-09-29T05:30:00Z,สวรรคโลก,156,0.0,0.0,0.0,,,True
1790659800,2026-09-29T05:30:00Z,ศรีนคร,46,0.0,0.0,0.0,,,True
1790659800,2026-09-29T05:30:00Z,หันคา,139,0.0,0.0,0.0,,,True
1790659800,2026-09-29T05:30:00Z,ศรีสัชนาลัย,534,0.001,0.098,0.0056,,15,True
1790659800,2026-09-29T05:30:00Z,หนองมะโมง,76,0.0,0.0,0.0,,,True
1790659800,2026-09-29T05:30:00Z,ศรีสำโรง,142,0.0,0.0,0.0,,,True
1790659800,2026-09-29T05:30:00Z,สรรพยา,55,0.0,0.0,0.0,,,True
1790659800,2026-09-29T05:30:00Z,คีรีมาศ,171,0.0,0.0,0.0,,,True
1790659800,2026-09-29T05:30:00Z,สรรคบุรี,89,0.0,0.0,0.0,,,True
1790659800,2026-09-29T05:30:00Z,กงไกรลาศ,108,0.0,0.0,0.0,,,True
1790659800,2026-09-29T05:30:00Z,มโนรมย์,66,0.0,0.0,0.0,,,True
1790659800,2026-09-29T05:30:00Z,เมืองสุโขทัย,136,0.0,0.0,0.0,,,True
1790659800,2026-09-29T05:30:00Z,วัดสิงห์,67,0.0,0.0,0.0,,,True
1790659800,2026-09-29T05:30:00Z,บ้านด่านลานหอย,231,0.003,0.098,0.026,,120,True
1790659800,2026-09-29T05:30:00Z,เมืองชัยนาท,70,0.0,0.0,0.0,,,True
1790659800,2026-09-29T05:30:00Z,เนินขาม,65,0.0,0.0,0.0,,,True
1790659800,2026-09-29T05:30:00Z,คอนสาร,334,0.0,0.0,0.0,,,True
1790659800,2026-09-29T05:30:00Z,ภักดีชุมพล,154,0.0,0.0,0.0,,,True
1790659800,2026-09-29T05:30:00Z,บ้านแท่น,76,0.0,0.0,0.0,,,True
1790659800,2026-09-29T05:30:00Z,แก้งคร้อ,168,0.0,0.0,0.0,,,True
1790659800,2026-09-29T05:30:00Z,ภูเขียว,201,0.0,0.0,0.0,,,True
1790659800,2026-09-29T05:30:00Z,หนองบัวระเหว,179,0.0,0.0,0.0,,,True
1790659800,2026-09-29T05:30:00Z,เทพสถิต,239,0.0,0.0,0.0,,,True
1790659800,2026-09-29T05:30:00Z,จัตุรัส,172,0.0,0.0,0.0,,,True
1790659800,2026-09-29T05:30:00Z,บำเหน็จณรงค์,120,0.0,0.0,0.0,,,True
1790659800,2026-09-29T05:30:00Z,เกษตรสมบูรณ์,268,0.001,0.098,0.0075,,90,True
1790659800,2026-09-29T05:30:00Z,หนองบัวแดง,537,0.0,0.098,0.0037,,30,True
1790659800,2026-09-29T05:30:00Z,ภูเรือ,168,0.0,0.0,0.0,,,True
1790659800,2026-09-29T05:30:00Z,ท่าลี่,171,0.0,0.0,0.0,,,True
1790659800,2026-09-29T05:30:00Z,วชิรบารมี,68,0.0,0.0,0.0,,,True
1790659800,2026-09-29T05:30:00Z,ด่านซ้าย,341,0.0,0.0,0.0,,,True
1790659800,2026-09-29T05:30:00Z,นาแห้ว,153,0.0,0.0,0.0,,,True
1790659800,2026-09-29T05:30:00Z,บึงนาราง,74,0.0,0.0,0.0,,,True
1790659800,2026-09-29T05:30:00Z,เชียงคาน,213,0.0,0.0,0.0,,,True
1790659800,2026-09-29T05:30:00Z,ดงเจริญ,56,0.0,0.0,0.0,,,True
1790659800,2026-09-29T05:30:00Z,ปากชม,240,0.0,0.098,0.0042,,105,True
1790659800,2026-09-29T05:30:00Z,เมืองเลย,314,0.002,0.098,0.0159,,30,True
1790659800,2026-09-29T05:30:00Z,นาด้วง,143,0.0,0.0,0.0,,,True
1790659800,2026-09-29T05:30:00Z,สากเหล็ก,45,0.0,0.0,0.0,,,True
1790659800,2026-09-29T05:30:00Z,สามง่าม,89,0.0,0.0,0.0,,,True
1790659800,2026-09-29T05:30:00Z,ทับคล้อ,104,0.0,0.0,0.0,,,True
1790659800,2026-09-29T05:30:00Z,พรหมพิราม,206,0.001,0.098,0.0146,,15,True
1790659800,2026-09-29T05:30:00Z,ด่านขุนทด,344,0.0,0.0,0.0,,,True
1790659800,2026-09-29T05:30:00Z,วัดโบสถ์,226,0.0,0.0,0.0,,,True
1790659800,2026-09-29T05:30:00Z,บางระกำ,246,0.0,0.0,0.0,,,True
1790659800,2026-09-29T05:30:00Z,บางกระทุ่ม,91,0.0,0.0,0.0,,,True
1790659800,2026-09-29T05:30:00Z,นครไทย,597,0.0,0.0,0.0,,,True
1790659800,2026-09-29T05:30:00Z,ชาติตระการ,415,0.0,0.0,0.0,,,True
1790659800,2026-09-29T05:30:00Z,บ้านเหลื่อม,55,0.0,0.0,0.0,,,True
1790659800,2026-09-29T05:30:00Z,เมืองพิษณุโลก,178,0.0,0.0,0.0,,,True
1790659800,2026-09-29T05:30:00Z,ชุมแสง,145,0.0,0.0,0.0,,,True
1790659800,2026-09-29T05:30:00Z,หนองบัว,208,0.0,0.0,0.0,,,True
1790659800,2026-09-29T05:30:00Z,เมืองนครสวรรค์,183,0.0,0.0,0.0,,,True
1790659800,2026-09-29T05:30:00Z,โกรกพระ,71,0.0,0.0,0.0,,,True
1790659800,2026-09-29T05:30:00Z,ไพศาลี,244,0.0,0.0,0.0,,,True
1790659800,2026-09-29T05:30:00Z,ตาคลี,206,0.0,0.0,0.0,,,True
1790659800,2026-09-29T05:30:00Z,ท่าตะโก,211,0.0,0.0,0.0,,,True
1790659800,2026-09-29T05:30:00Z,เขาค้อ,207,0.0,0.0,0.0,,,True
1790659800,2026-09-29T05:30:00Z,บรรพตพิสัย,181,0.0,0.0,0.0,,,True
1790659800,2026-09-29T05:30:00Z,เก้าเลี้ยว,57,0.0,0.0,0.0,,,True
1790659800,2026-09-29T05:30:00Z,วังโป่ง,123,0.0,0.0,0.0,,,True
1790659800,2026-09-29T05:30:00Z,บึงสามพัน,194,0.0,0.0,0.0,,,True
1790659800,2026-09-29T05:30:00Z,น้ำหนาว,231,0.0,0.0,0.0,,,True
1790659800,2026-09-29T05:30:00Z,ศรีเทพ,204,0.0,0.0,0.0,,,True
1790659800,2026-09-29T05:30:00Z,หนองไผ่,315,0.0,0.0,0.0,,,True
1790659800,2026-09-29T05:30:00Z,มหาราช,4,0.0,0.0,0.0,,,False
1790659800,2026-09-29T05:30:00Z,บ้านแพรก,10,0.0,0.0,0.0,,,True
1790659800,2026-09-29T05:30:00Z,บางมูลนาก,99,0.0,0.0,0.0,,,True
1790659800,2026-09-29T05:30:00Z,โพทะเล,131,0.0,0.0,0.0,,,True
1790659800,2026-09-29T05:30:00Z,โพธิ์ประทับช้าง,102,0.0,0.0,0.0,,,True
1790659800,2026-09-29T05:30:00Z,ตะพานหิน,109,0.0,0.0,0.0,,,True
1790659800,2026-09-29T05:30:00Z,เมืองพิจิตร,138,0.0,0.0,0.0,,,True
1790659800,2026-09-29T05:30:00Z,วังทรายพูน,66,0.0,0.0,0.0,,,True
1790660700,2026-09-29T05:45:00Z,พิชัย,176,0.004,0.098,0.0398,,15,True
1790660700,2026-09-29T05:45:00Z,ลับแล,116,0.012,0.413,0.0431,,15,True
1790660700,2026-09-29T05:45:00Z,ฟากท่า,163,0.0,0.0,0.0,,,True
1790660700,2026-09-29T05:45:00Z,บ้านโคก,247,0.0,0.0,0.0,,,True
1790660700,2026-09-29T05:45:00Z,ท่าปลา,442,0.005,0.288,0.043,,15,True
1790660700,2026-09-29T05:45:00Z,น้ำปาด,363,0.0,0.0,0.0,,,True
1790660700,2026-09-29T05:45:00Z,เมืองอุตรดิตถ์,202,0.006,0.098,0.0594,,15,True
1790660700,2026-09-29T05:45:00Z,ตรอน,80,0.006,0.098,0.0625,,30,True
1790660700,2026-09-29T05:45:00Z,หล่มเก่า,246,0.0,0.0,0.0,,,True
1790660700,2026-09-29T05:45:00Z,วิเชียรบุรี,377,0.0,0.0,0.0,,,True
1790660700,2026-09-29T05:45:00Z,ชนแดน,279,0.0,0.0,0.0,,,True
1790660700,2026-09-29T05:45:00Z,หล่มสัก,350,0.0,0.0,0.0,,,True
1790660700,2026-09-29T05:45:00Z,เมืองเพชรบูรณ์,571,0.0,0.0,0.0,,,True
1790660700,2026-09-29T05:45:00Z,ทองแสนขัน,185,0.001,0.098,0.0108,,60,True
1790660700,2026-09-29T05:45:00Z,บึงสามัคคี,71,0.0,0.0,0.0,,,True
1790660700,2026-09-29T05:45:00Z,โกสัมพีนคร,137,0.168,1.216,0.5109,15,15,True
1790660700,2026-09-29T05:45:00Z,สอง,380,0.027,1.005,0.1421,105,15,True
1790660700,2026-09-29T05:45:00Z,วังชิ้น,255,0.002,0.098,0.0196,,30,True
1790660700,2026-09-29T05:45:00Z,สูงเม่น,88,0.044,1.005,0.1705,60,30,True
1790660700,2026-09-29T05:45:00Z,เด่นชัย,135,0.054,0.69,0.1926,30,15,True
1790660700,2026-09-29T05:45:00Z,ร้องกวาง,221,0.012,1.049,0.0724,,75,True
1790660700,2026-09-29T05:45:00Z,ลอง,317,0.0,0.098,0.0032,,120,True
1790660700,2026-09-29T05:45:00Z,เมืองแพร่,205,0.039,1.005,0.1415,90,45,True
1790660700,2026-09-29T05:45:00Z,ทัพทัน,94,0.0,0.0,0.0,,,True
1790660700,2026-09-29T05:45:00Z,สว่างอารมณ์,110,0.0,0.0,0.0,,,True
1790660700,2026-09-29T05:45:00Z,เมืองอุทัยธานี,59,0.0,0.0,0.0,,,True
1790660700,2026-09-29T05:45:00Z,ห้วยคต,94,0.0,0.0,0.0,,,True
1790660700,2026-09-29T05:45:00Z,ศรีสวัสดิ์,440,0.0,0.0,0.0,,,True
1790660700,2026-09-29T05:45:00Z,บ้านไร่,821,0.0,0.0,0.0,,,True
1790660700,2026-09-29T05:45:00Z,ลานสัก,360,0.0,0.0,0.0,,,True
1790660700,2026-09-29T05:45:00Z,หนองฉาง,89,0.0,0.0,0.0,,,True
1790660700,2026-09-29T05:45:00Z,หนองขาหย่าง,43,0.0,0.0,0.0,,,True
1790660700,2026-09-29T05:45:00Z,เชียงม่วน,82,0.008,0.201,0.061,,105,True
1790660700,2026-09-29T05:45:00Z,ดอกคำใต้,37,0.0,0.0,0.0,,,True
1790660700,2026-09-29T05:45:00Z,เมืองพะเยา,6,0.033,0.098,0.3333,90,90,True
1790660700,2026-09-29T05:45:00Z,ทองผาภูมิ,851,0.0,0.0,0.0,,,True
1790660700,2026-09-29T05:45:00Z,สังขละบุรี,793,0.0,0.0,0.0,,,True
1790660700,2026-09-29T05:45:00Z,หนองม่วงไข่,35,0.064,1.005,0.1714,105,75,True
1790660700,2026-09-29T05:45:00Z,ภูเวียง,81,0.0,0.0,0.0,,,True
1790660700,2026-09-29T05:45:00Z,มัญจาคีรี,50,0.0,0.0,0.0,,,True
1790660700,2026-09-29T05:45:00Z,หนองปรือ,104,0.0,0.0,0.0,,,True
1790660700,2026-09-29T05:45:00Z,เลาขวัญ,123,0.0,0.0,0.0,,,True
1790660700,2026-09-29T05:45:00Z,หนองนาคำ,43,0.0,0.0,0.0,,,True
1790660700,2026-09-29T05:45:00Z,โคกโพธิ์ไชย,65,0.0,0.0,0.0,,,True
1790660700,2026-09-29T05:45:00Z,บ้านหลวง,91,0.0,0.0,0.0,,,True
1790660700,2026-09-29T05:45:00Z,นาน้อย,266,0.008,0.413,0.0489,,60,True
1790660700,2026-09-29T05:45:00Z,ภูผาม่าน,74,0.0,0.0,0.0,,,True
1790660700,2026-09-29T05:45:00Z,เมืองน่าน,161,0.0,0.0,0.0,,,True
1790660700,2026-09-29T05:45:00Z,แม่จริม,262,0.0,0.0,0.0,,,True
1790660700,2026-09-29T05:45:00Z,เวียงเก่า,78,0.0,0.0,0.0,,,True
1790660700,2026-09-29T05:45:00Z,เมืองกำแพงเพชร,368,0.018,1.216,0.0625,,15,True
1790660700,2026-09-29T05:45:00Z,ไทรงาม,133,0.0,0.0,0.0,,,True
1790660700,2026-09-29T05:45:00Z,ปางศิลาทอง,186,0.0,0.0,0.0,,,True
1790660700,2026-09-29T05:45:00Z,ลานกระบือ,103,0.0,0.0,0.0,,,True
1790660700,2026-09-29T05:45:00Z,ทรายทองวัฒนา,53,0.0,0.0,0.0,,,True
1790660700,2026-09-29T05:45:00Z,คลองขลุง,179,0.0,0.0,0.0,,,True
1790660700,2026-09-29T05:45:00Z,พรานกระต่าย,252,0.094,1.216,0.2659,60,45,True
1790660700,2026-09-29T05:45:00Z,คลองลาน,363,0.001,0.098,0.0055,,15,True
1790660700,2026-09-29T05:45:00Z,ขาณุวรลักษบุรี,296,0.001,0.098,0.0068,,60,True
1790660700,2026-09-29T05:45:00Z,ภูเพียง,113,0.0,0.0,0.0,,,True
1790660700,2026-09-29T05:45:00Z,นาหมื่น,245,0.01,0.413,0.0612,,30,True
1790660700,2026-09-29T05:45:00Z,เวียงสา,543,0.003,0.288,0.0203,,90,True
1790660700,2026-09-29T05:45:00Z,น้ำโสม,153,0.0,0.0,0.0,,,True
1790660700,2026-09-29T05:45:00Z,นายูง,126,0.003,0.098,0.0317,,105,True
1790660700,2026-09-29T05:45:00Z,ชุมแพ,173,0.001,0.098,0.0058,,120,True
1790660700,2026-09-29T05:45:00Z,สีชมพู,132,0.0,0.0,0.0,,,True
1790660700,2026-09-29T05:45:00Z,สุวรรณคูหา,140,0.0,0.0,0.0,,,True
1790660700,2026-09-29T05:45:00Z,นาวัง,65,0.0,0.0,0.0,,,True
1790660700,2026-09-29T05:45:00Z,หนองเรือ,80,0.0,0.0,0.0,,,True
1790660700,2026-09-29T05:45:00Z,โนนสัง,51,0.0,0.0,0.0,,,True
1790660700,2026-09-29T05:45:00Z,ศรีบุญเรือง,224,0.0,0.0,0.0,,,True
1790660700,2026-09-29T05:45:00Z,เมืองหนองบัวลำภู,217,0.0,0.0,0.0,,,True
1790660700,2026-09-29T05:45:00Z,นากลาง,173,0.0,0.0,0.0,,,True
1790660700,2026-09-29T05:45:00Z,ทุ่งเสลี่ยม,144,0.006,0.201,0.0347,,120,True
1790660700,2026-09-29T05:45:00Z,ดอยหล่อ,56,0.0,0.0,0.0,,,True
1790660700,2026-09-29T05:45:00Z,เมืองตาก,486,0.027,0.848,0.1399,75,30,True
1790660700,2026-09-29T05:45:00Z,แม่ออน,116,0.0,0.0,0.0,,,True
1790660700,2026-09-29T05:45:00Z,อุ้มผาง,1209,0.0,0.0,0.0,,,True
1790660700,2026-09-29T05:45:00Z,วังเจ้า,183,0.006,0.196,0.0546,,15,True
1790660700,2026-09-29T05:45:00Z,แม่สอด,398,0.0,0.0,0.0,,,True
1790660700,2026-09-29T05:45:00Z,พบพระ,249,0.0,0.0,0.0,,,True
1790660700,2026-09-29T05:45:00Z,แม่ระมาด,380,0.0,0.0,0.0,,,True
1790660700,2026-09-29T05:45:00Z,ท่าสองยาง,401,0.0,0.0,0.0,,,True
1790660700,2026-09-29T05:45:00Z,บ้านตาก,255,0.0,0.0,0.0,,,True
1790660700,2026-09-29T05:45:00Z,สามเงา,698,0.0,0.098,0.0014,,15,True
1790660700,2026-09-29T05:45:00Z,จอมทอง,280,0.0,0.0,0.0,,,True
1790660700,2026-09-29T05:45:00Z,แก้งสนามนาง,79,0.0,0.0,0.0,,,True
1790660700,2026-09-29T05:45:00Z,สีคิ้ว,292,0.0,0.0,0.0,,,True
1790660700,2026-09-29T05:45:00Z,พระทองคำ,90,0.0,0.0,0.0,,,True
1790660700,2026-09-29T05:45:00Z,เทพารักษ์,92,0.0,0.0,0.0,,,True
1790660700,2026-09-29T05:45:00Z,สันกำแพง,65,0.0,0.0,0.0,,,True
1790660700,2026-09-29T05:45:00Z,สันป่าตอง,44,0.0,0.0,0.0,,,True
1790660700,2026-09-29T05:45:00Z,ดอยเต่า,213,0.0,0.0,0.0,,,True
1790660700,2026-09-29T05:45:00Z,อมก๋อย,704,0.0,0.0,0.0,,,True
1790660700,2026-09-29T05:45:00Z,ฮอด,378,0.0,0.0,0.0,,,True
1790660700,2026-09-29T05:45:00Z,เมืองลำพูน,117,0.0,0.0,0.0,,,True
1790660700,2026-09-29T05:45:00Z,แม่ทา,192,0.0,0.0,0.0,,,True
1790660700,2026-09-29T05:45:00Z,บ้านธิ,34,0.0,0.0,0.0,,,True
1790660700,2026-09-29T05:45:00Z,บ้านหมอ,24,0.0,0.0,0.0,,,True
1790660700,2026-09-29T05:45:00Z,เวียงหนองล่อง,14,0.0,0.0,0.0,,,True
1790660700,2026-09-29T05:45:00Z,ทุ่งหัวช้าง,113,0.0,0.0,0.0,,,True
1790660700,2026-09-29T05:45:00Z,ป่าซาง,74,0.0,0.0,0.0,,,True
1790660700,2026-09-29T05:45:00Z,บ้านโฮ่ง,124,0.0,0.0,0.0,,,True
1790660700,2026-09-29T05:45:00Z,แก่งคอย,73,0.0,0.0,0.0,,,True
1790660700,2026-09-29T05:45:00Z,ลี้,454,0.0,0.0,0.0,,,True
1790660700,2026-09-29T05:45:00Z,พระพุทธบาท,55,0.0,0.0,0.0,,,True
1790660700,2026-09-29T05:45:00Z,ดอนพุด,7,0.0,0.0,0.0,,,True
1790660700,2026-09-29T05:45:00Z,หนองโดน,31,0.0,0.0,0.0,,,True
1790660700,2026-09-29T05:45:00Z,เมืองลำปาง,300,0.0,0.0,0.0,,,True
1790660700,2026-09-29T05:45:00Z,เถิน,443,0.001,0.098,0.0068,,75,True
1790660700,2026-09-29T05:45:00Z,แม่พริก,167,0.001,0.098,0.012,,45,True
1790660700,2026-09-29T05:45:00Z,แจ้ห่ม,274,0.0,0.0,0.0,,,True
1790660700,2026-09-29T05:45:00Z,แม่เปิน,85,0.0,0.0,0.0,,,True
1790660700,2026-09-29T05:45:00Z,เสริมงาม,185,0.0,0.0,0.0,,,True
1790660700,2026-09-29T05:45:00Z,ชุมตาบง,61,0.0,0.0,0.0,,,True
1790660700,2026-09-29T05:45:00Z,งาว,344,0.022,0.201,0.1831,60,15,True
1790660700,2026-09-29T05:45:00Z,ตากฟ้า,125,0.0,0.0,0.0,,,True
1790660700,2026-09-29T05:45:00Z,แม่เมาะ,283,0.008,0.201,0.0742,,15,True
1790660700,2026-09-29T05:45:00Z,แม่วงก์,257,0.0,0.098,0.0039,,30,True
1790660700,2026-09-29T05:45:00Z,เกาะคา,128,0.0,0.0,0.0,,,True
1790660700,2026-09-29T05:45:00Z,พยุหะคีรี,169,0.0,0.0,0.0,,,True
1790660700,2026-09-29T05:45:00Z,ลาดยาว,187,0.0,0.0,0.0,,,True
1790660700,2026-09-29T05:45:00Z,สบปราบ,125,0.001,0.098,0.008,,120,True
1790660700,2026-09-29T05:45:00Z,ห้างฉัตร,154,0.0,0.0,0.0,,,True
1790660700,2026-09-29T05:45:00Z,แม่ทะ,203,0.001,0.098,0.0148,,75,True
1790660700,2026-09-29T05:45:00Z,เมืองปาน,202,0.0,0.0,0.0,,,True
1790660700,2026-09-29T05:45:00Z,เมืองอ่างทอง,6,0.0,0.0,0.0,,,True
1790660700,2026-09-29T05:45:00Z,ไชโย,20,0.0,0.0,0.0,,,True
1790660700,2026-09-29T05:45:00Z,สามโก้,10,0.0,0.0,0.0,,,True
1790660700,2026-09-29T05:45:00Z,แสวงหา,43,0.0,0.0,0.0,,,True
1790660700,2026-09-29T05:45:00Z,วิเศษชัยชาญ,7,0.0,0.0,0.0,,,True
1790660700,2026-09-29T05:45:00Z,โพธิ์ทอง,48,0.0,0.0,0.0,,,True
1790660700,2026-09-29T05:45:00Z,เมืองลพบุรี,190,0.0,0.0,0.0,,,True
1790660700,2026-09-29T05:45:00Z,เดิมบางนางบวช,130,0.0,0.0,0.0,,,True
1790660700,2026-09-29T05:45:00Z,ด่านช้าง,309,0.0,0.0,0.0,,,True
1790660700,2026-09-29T05:45:00Z,หนองม่วง,111,0.0,0.0,0.0,,,True
1790660700,2026-09-29T05:45:00Z,ลำสนธิ,136,0.0,0.0,0.0,,,True
1790660700,2026-09-29T05:45:00Z,สามชุก,77,0.0,0.0,0.0,,,True
1790660700,2026-09-29T05:45:00Z,ดอนเจดีย์,72,0.0,0.0,0.0,,,True
1790660700,2026-09-29T05:45:00Z,สระโบสถ์,83,0.0,0.0,0.0,,,True
1790660700,2026-09-29T05:45:00Z,ศรีประจันต์,41,0.0,0.0,0.0,,,True
1790660700,2026-09-29T05:45:00Z,โคกเจริญ,135,0.0,0.0,0.0,,,True
1790660700,2026-09-29T05:45:00Z,บ้านหมี่,136,0.0,0.0,0.0,,,True
1790660700,2026-09-29T05:45:00Z,ท่าหลวง,100,0.0,0.0,0.0,,,True
1790660700,2026-09-29T05:45:00Z,ชัยบาดาล,280,0.0,0.0,0.0,,,True
1790660700,2026-09-29T05:45:00Z,ท่าวุ้ง,64,0.0,0.0,0.0,,,True
1790660700,2026-09-29T05:45:00Z,พัฒนานิคม,217,0.0,0.0,0.0,,,True
1790660700,2026-09-29T05:45:00Z,โคกสำโรง,180,0.0,0.0,0.0,,,True
1790660700,2026-09-29T05:45:00Z,หนองหญ้าไซ,108,0.0,0.0,0.0,,,True
1790660700,2026-09-29T05:45:00Z,ท่าช้าง,11,0.0,0.0,0.0,,,True
1790660700,2026-09-29T05:45:00Z,อินทร์บุรี,66,0.0,0.0,0.0,,,True
1790660700,2026-09-29T05:45:00Z,ค่ายบางระจัน,26,0.0,0.0,0.0,,,True
1790660700,2026-09-29T05:45:00Z,พรหมบุรี,19,0.0,0.0,0.0,,,True
1790660700,2026-09-29T05:45:00Z,เนินสง่า,65,0.0,0.0,0.0,,,True
1790660700,2026-09-29T05:45:00Z,เมืองสิงห์บุรี,31,0.0,0.0,0.0,,,True
1790660700,2026-09-29T05:45:00Z,ซับใหญ่,72,0.0,0.0,0.0,,,True
1790660700,2026-09-29T05:45:00Z,บางระจัน,46,0.0,0.0,0.0,,,True
1790660700,2026-09-29T05:45:00Z,ภูกระดึง,190,0.0,0.0,0.0,,,True
1790660700,2026-09-29T05:45:00Z,ภูหลวง,145,0.0,0.0,0.0,,,True
1790660700,2026-09-29T05:45:00Z,หนองหิน,78,0.0,0.0,0.0,,,True
1790660700,2026-09-29T05:45:00Z,ผาขาว,100,0.0,0.0,0.0,,,True
1790660700,2026-09-29T05:45:00Z,เอราวัณ,87,0.001,0.098,0.0115,,30,True
1790660700,2026-09-29T05:45:00Z,วังสะพุง,281,0.001,0.098,0.0071,,15,True
1790660700,2026-09-29T05:45:00Z,วังม่วง,70,0.0,0.0,0.0,,,True
1790660700,2026-09-29T05:45:00Z,เฉลิมพระเกียรติ,35,0.0,0.0,0.0,,,True
1790660700,2026-09-29T05:45:00Z,มวกเหล็ก,175,0.0,0.0,0.0,,,True
1790660700,2026-09-29T05:45:00Z,บ้านเขว้า,124,0.0,0.0,0.0,,,True
1790660700,2026-09-29T05:45:00Z,คอนสวรรค์,113,0.0,0.0,0.0,,,True
1790660700,2026-09-29T05:45:00Z,เมืองชัยภูมิ,358,0.0,0.0,0.0,,,True
1790660700,2026-09-29T05:45:00Z,วังทอง,425,0.0,0.0,0.0,,,True
1790660700,2026-09-29T05:45:00Z,เนินมะปราง,276,0.0,0.0,0.0,,,True
1790660700,2026-09-29T05:45:00Z,สวรรคโลก,156,0.0,0.0,0.0,,,True
1790660700,2026-09-29T05:45:00Z,ศรีนคร,46,0.0,0.0,0.0,,,True
1790660700,2026-09-29T05:45:00Z,หันคา,139,0.0,0.0,0.0,,,True
1790660700,2026-09-29T05:45:00Z,ศรีสัชนาลัย,534,0.001,0.098,0.0112,,15,True
1790660700,2026-09-29T05:45:00Z,หนองมะโมง,76,0.0,0.0,0.0,,,True
1790660700,2026-09-29T05:45:00Z,ศรีสำโรง,142,0.008,0.201,0.0563,,120,True
1790660700,2026-09-29T05:45:00Z,สรรพยา,55,0.0,0.0,0.0,,,True
1790660700,2026-09-29T05:45:00Z,คีรีมาศ,171,0.0,0.0,0.0,,,True
1790660700,2026-09-29T05:45:00Z,สรรคบุรี,89,0.0,0.0,0.0,,,True
1790660700,2026-09-29T05:45:00Z,กงไกรลาศ,108,0.0,0.0,0.0,,,True
1790660700,2026-09-29T05:45:00Z,มโนรมย์,66,0.0,0.0,0.0,,,True
1790660700,2026-09-29T05:45:00Z,เมืองสุโขทัย,136,0.0,0.0,0.0,,,True
1790660700,2026-09-29T05:45:00Z,วัดสิงห์,67,0.0,0.0,0.0,,,True
1790660700,2026-09-29T05:45:00Z,บ้านด่านลานหอย,231,0.133,1.216,0.4199,90,90,True
1790660700,2026-09-29T05:45:00Z,เมืองชัยนาท,70,0.0,0.0,0.0,,,True
1790660700,2026-09-29T05:45:00Z,เนินขาม,65,0.0,0.0,0.0,,,True
1790660700,2026-09-29T05:45:00Z,คอนสาร,334,0.0,0.098,0.003,,75,True
1790660700,2026-09-29T05:45:00Z,ภักดีชุมพล,154,0.0,0.0,0.0,,,True
1790660700,2026-09-29T05:45:00Z,บ้านแท่น,76,0.0,0.0,0.0,,,True
1790660700,2026-09-29T05:45:00Z,แก้งคร้อ,168,0.0,0.0,0.0,,,True
1790660700,2026-09-29T05:45:00Z,ภูเขียว,201,0.0,0.0,0.0,,,True
1790660700,2026-09-29T05:45:00Z,หนองบัวระเหว,179,0.0,0.0,0.0,,,True
1790660700,2026-09-29T05:45:00Z,เทพสถิต,239,0.0,0.0,0.0,,,True
1790660700,2026-09-29T05:45:00Z,จัตุรัส,172,0.0,0.0,0.0,,,True
1790660700,2026-09-29T05:45:00Z,บำเหน็จณรงค์,120,0.0,0.0,0.0,,,True
1790660700,2026-09-29T05:45:00Z,เกษตรสมบูรณ์,268,0.001,0.098,0.0075,,60,True
1790660700,2026-09-29T05:45:00Z,หนองบัวแดง,537,0.0,0.098,0.0019,,45,True
1790660700,2026-09-29T05:45:00Z,ภูเรือ,168,0.0,0.0,0.0,,,True
1790660700,2026-09-29T05:45:00Z,ท่าลี่,171,0.0,0.0,0.0,,,True
1790660700,2026-09-29T05:45:00Z,วชิรบารมี,68,0.0,0.0,0.0,,,True
1790660700,2026-09-29T05:45:00Z,ด่านซ้าย,341,0.0,0.098,0.0029,,30,True
1790660700,2026-09-29T05:45:00Z,นาแห้ว,153,0.001,0.098,0.0065,,15,True
1790660700,2026-09-29T05:45:00Z,บึงนาราง,74,0.0,0.0,0.0,,,True
1790660700,2026-09-29T05:45:00Z,เชียงคาน,213,0.0,0.0,0.0,,,True
1790660700,2026-09-29T05:45:00Z,ดงเจริญ,56,0.0,0.0,0.0,,,True
1790660700,2026-09-29T05:45:00Z,ปากชม,240,0.002,0.098,0.0208,,75,True
1790660700,2026-09-29T05:45:00Z,เมืองเลย,314,0.0,0.098,0.0032,,30,True
1790660700,2026-09-29T05:45:00Z,นาด้วง,143,0.002,0.098,0.021,,45,True
1790660700,2026-09-29T05:45:00Z,สากเหล็ก,45,0.0,0.0,0.0,,,True
1790660700,2026-09-29T05:45:00Z,สามง่าม,89,0.0,0.0,0.0,,,True
1790660700,2026-09-29T05:45:00Z,ทับคล้อ,104,0.0,0.0,0.0,,,True
1790660700,2026-09-29T05:45:00Z,พรหมพิราม,206,0.0,0.0,0.0,,,True
1790660700,2026-09-29T05:45:00Z,ด่านขุนทด,344,0.0,0.0,0.0,,,True
1790660700,2026-09-29T05:45:00Z,วัดโบสถ์,226,0.0,0.0,0.0,,,True
1790660700,2026-09-29T05:45:00Z,บางระกำ,246,0.0,0.0,0.0,,,True
1790660700,2026-09-29T05:45:00Z,บางกระทุ่ม,91,0.0,0.0,0.0,,,True
1790660700,2026-09-29T05:45:00Z,นครไทย,597,0.0,0.0,0.0,,,True
1790660700,2026-09-29T05:45:00Z,ชาติตระการ,415,0.0,0.0,0.0,,,True
1790660700,2026-09-29T05:45:00Z,บ้านเหลื่อม,55,0.0,0.0,0.0,,,True
1790660700,2026-09-29T05:45:00Z,เมืองพิษณุโลก,178,0.0,0.0,0.0,,,True
1790660700,2026-09-29T05:45:00Z,ชุมแสง,145,0.0,0.0,0.0,,,True
1790660700,2026-09-29T05:45:00Z,หนองบัว,208,0.0,0.0,0.0,,,True
1790660700,2026-09-29T05:45:00Z,เมืองนครสวรรค์,183,0.0,0.0,0.0,,,True
1790660700,2026-09-29T05:45:00Z,โกรกพระ,71,0.0,0.0,0.0,,,True
1790660700,2026-09-29T05:45:00Z,ไพศาลี,244,0.0,0.0,0.0,,,True
1790660700,2026-09-29T05:45:00Z,ตาคลี,206,0.0,0.0,0.0,,,True
1790660700,2026-09-29T05:45:00Z,ท่าตะโก,211,0.0,0.0,0.0,,,True
1790660700,2026-09-29T05:45:00Z,เขาค้อ,207,0.0,0.0,0.0,,,True
1790660700,2026-09-29T05:45:00Z,บรรพตพิสัย,181,0.0,0.0,0.0,,,True
1790660700,2026-09-29T05:45:00Z,เก้าเลี้ยว,57,0.0,0.0,0.0,,,True
1790660700,2026-09-29T05:45:00Z,วังโป่ง,123,0.0,0.0,0.0,,,True
1790660700,2026-09-29T05:45:00Z,บึงสามพัน,194,0.0,0.0,0.0,,,True
1790660700,2026-09-29T05:45:00Z,น้ำหนาว,231,0.0,0.098,0.0043,,60,True
1790660700,2026-09-29T05:45:00Z,ศรีเทพ,204,0.0,0.0,0.0,,,True
1790660700,2026-09-29T05:45:00Z,หนองไผ่,315,0.0,0.0,0.0,,,True
1790660700,2026-09-29T05:45:00Z,มหาราช,4,0.0,0.0,0.0,,,False
1790660700,2026-09-29T05:45:00Z,บ้านแพรก,10,0.0,0.0,0.0,,,True
1790660700,2026-09-29T05:45:00Z,บางมูลนาก,99,0.0,0.0,0.0,,,True
1790660700,2026-09-29T05:45:00Z,โพทะเล,131,0.0,0.0,0.0,,,True
1790660700,2026-09-29T05:45:00Z,โพธิ์ประทับช้าง,102,0.0,0.0,0.0,,,True
1790660700,2026-09-29T05:45:00Z,ตะพานหิน,109,0.0,0.0,0.0,,,True
1790660700,2026-09-29T05:45:00Z,เมืองพิจิตร,138,0.0,0.0,0.0,,,True
1790660700,2026-09-29T05:45:00Z,วังทรายพูน,66,0.0,0.0,0.0,,,True
1790661600,2026-09-29T06:00:00Z,พิชัย,176,0.0,0.0,0.0,,,True
1790661600,2026-09-29T06:00:00Z,ลับแล,116,0.0,0.0,0.0,,,True
1790661600,2026-09-29T06:00:00Z,ฟากท่า,163,0.0,0.0,0.0,,,True
1790661600,2026-09-29T06:00:00Z,บ้านโคก,247,0.0,0.098,0.004,,30,True
1790661600,2026-09-29T06:00:00Z,ท่าปลา,442,0.0,0.0,0.0,,,True
1790661600,2026-09-29T06:00:00Z,น้ำปาด,363,0.0,0.0,0.0,,,True
1790661600,2026-09-29T06:00:00Z,เมืองอุตรดิตถ์,202,0.0,0.0,0.0,,,True
1790661600,2026-09-29T06:00:00Z,ตรอน,80,0.0,0.0,0.0,,,True
1790661600,2026-09-29T06:00:00Z,หล่มเก่า,246,0.0,0.0,0.0,,,True
1790661600,2026-09-29T06:00:00Z,วิเชียรบุรี,377,0.0,0.0,0.0,,,True
1790661600,2026-09-29T06:00:00Z,ชนแดน,279,0.0,0.0,0.0,,,True
1790661600,2026-09-29T06:00:00Z,หล่มสัก,350,0.0,0.0,0.0,,,True
1790661600,2026-09-29T06:00:00Z,เมืองเพชรบูรณ์,571,0.0,0.0,0.0,,,True
1790661600,2026-09-29T06:00:00Z,ทองแสนขัน,185,0.0,0.0,0.0,,,True
1790661600,2026-09-29T06:00:00Z,บึงสามัคคี,71,0.0,0.0,0.0,,,True
1790661600,2026-09-29T06:00:00Z,โกสัมพีนคร,137,0.231,1.216,0.5182,15,15,True
1790661600,2026-09-29T06:00:00Z,สอง,380,0.005,0.288,0.0368,,75,True
1790661600,2026-09-29T06:00:00Z,วังชิ้น,255,0.003,0.201,0.0314,,15,True
1790661600,2026-09-29T06:00:00Z,สูงเม่น,88,0.027,0.592,0.1364,45,15,True
1790661600,2026-09-29T06:00:00Z,เด่นชัย,135,0.009,0.288,0.0667,,15,True
1790661600,2026-09-29T06:00:00Z,ร้องกวาง,221,0.006,0.592,0.0271,,90,True
1790661600,2026-09-29T06:00:00Z,ลอง,317,0.002,0.288,0.0095,,90,True
1790661600,2026-09-29T06:00:00Z,เมืองแพร่,205,0.009,0.413,0.0585,,30,True
1790661600,2026-09-29T06:00:00Z,ทัพทัน,94,0.0,0.0,0.0,,,True
1790661600,2026-09-29T06:00:00Z,สว่างอารมณ์,110,0.0,0.0,0.0,,,True
1790661600,2026-09-29T06:00:00Z,เมืองอุทัยธานี,59,0.0,0.0,0.0,,,True
1790661600,2026-09-29T06:00:00Z,ห้วยคต,94,0.0,0.0,0.0,,,True
1790661600,2026-09-29T06:00:00Z,ศรีสวัสดิ์,440,0.0,0.0,0.0,,,True
1790661600,2026-09-29T06:00:00Z,บ้านไร่,821,0.0,0.0,0.0,,,True
1790661600,2026-09-29T06:00:00Z,ลานสัก,360,0.0,0.0,0.0,,,True
1790661600,2026-09-29T06:00:00Z,หนองฉาง,89,0.0,0.0,0.0,,,True
1790661600,2026-09-29T06:00:00Z,หนองขาหย่าง,43,0.0,0.0,0.0,,,True
1790661600,2026-09-29T06:00:00Z,เชียงม่วน,82,0.0,0.0,0.0,,,True
1790661600,2026-09-29T06:00:00Z,ดอกคำใต้,37,0.0,0.0,0.0,,,True
1790661600,2026-09-29T06:00:00Z,เมืองพะเยา,6,0.0,0.0,0.0,,,True
1790661600,2026-09-29T06:00:00Z,ทองผาภูมิ,851,0.0,0.0,0.0,,,True
1790661600,2026-09-29T06:00:00Z,สังขละบุรี,793,0.0,0.0,0.0,,,True
1790661600,2026-09-29T06:00:00Z,หนองม่วงไข่,35,0.042,0.592,0.2,90,60,True
1790661600,2026-09-29T06:00:00Z,ภูเวียง,81,0.0,0.0,0.0,,,True
1790661600,2026-09-29T06:00:00Z,มัญจาคีรี,50,0.0,0.0,0.0,,,True
1790661600,2026-09-29T06:00:00Z,หนองปรือ,104,0.0,0.0,0.0,,,True
1790661600,2026-09-29T06:00:00Z,เลาขวัญ,123,0.0,0.0,0.0,,,True
1790661600,2026-09-29T06:00:00Z,หนองนาคำ,43,0.0,0.0,0.0,,,True
1790661600,2026-09-29T06:00:00Z,โคกโพธิ์ไชย,65,0.0,0.0,0.0,,,True
1790661600,2026-09-29T06:00:00Z,บ้านหลวง,91,0.0,0.0,0.0,,,True
1790661600,2026-09-29T06:00:00Z,นาน้อย,266,0.0,0.0,0.0,,,True
1790661600,2026-09-29T06:00:00Z,ภูผาม่าน,74,0.0,0.0,0.0,,,True
1790661600,2026-09-29T06:00:00Z,เมืองน่าน,161,0.0,0.0,0.0,,,True
1790661600,2026-09-29T06:00:00Z,แม่จริม,262,0.0,0.0,0.0,,,True
1790661600,2026-09-29T06:00:00Z,เวียงเก่า,78,0.0,0.0,0.0,,,True
1790661600,2026-09-29T06:00:00Z,เมืองกำแพงเพชร,368,0.011,0.848,0.0516,,15,True
1790661600,2026-09-29T06:00:00Z,ไทรงาม,133,0.001,0.098,0.015,,120,True
1790661600,2026-09-29T06:00:00Z,ปางศิลาทอง,186,0.0,0.0,0.0,,,True
1790661600,2026-09-29T06:00:00Z,ลานกระบือ,103,0.0,0.0,0.0,,,True
1790661600,2026-09-29T06:00:00Z,ทรายทองวัฒนา,53,0.002,0.098,0.0189,,105,True
1790661600,2026-09-29T06:00:00Z,คลองขลุง,179,0.0,0.0,0.0,,,True
1790661600,2026-09-29T06:00:00Z,พรานกระต่าย,252,0.162,1.742,0.3373,45,30,True
1790661600,2026-09-29T06:00:00Z,คลองลาน,363,0.0,0.0,0.0,,,True
1790661600,2026-09-29T06:00:00Z,ขาณุวรลักษบุรี,296,0.0,0.098,0.0034,,15,True
1790661600,2026-09-29T06:00:00Z,ภูเพียง,113,0.0,0.0,0.0,,,True
1790661600,2026-09-29T06:00:00Z,นาหมื่น,245,0.0,0.0,0.0,,,True
1790661600,2026-09-29T06:00:00Z,เวียงสา,543,0.0,0.0,0.0,,,True
1790661600,2026-09-29T06:00:00Z,น้ำโสม,153,0.002,0.098,0.0196,,90,True
1790661600,2026-09-29T06:00:00Z,นายูง,126,0.016,0.299,0.127,120,105,True
1790661600,2026-09-29T06:00:00Z,ชุมแพ,173,0.0,0.0,0.0,,,True
1790661600,2026-09-29T06:00:00Z,สีชมพู,132,0.0,0.0,0.0,,,True
1790661600,2026-09-29T06:00:00Z,สุวรรณคูหา,140,0.0,0.0,0.0,,,True
1790661600,2026-09-29T06:00:00Z,นาวัง,65,0.0,0.0,0.0,,,True
1790661600,2026-09-29T06:00:00Z,หนองเรือ,80,0.0,0.0,0.0,,,True
1790661600,2026-09-29T06:00:00Z,โนนสัง,51,0.0,0.0,0.0,,,True
1790661600,2026-09-29T06:00:00Z,ศรีบุญเรือง,224,0.0,0.0,0.0,,,True
1790661600,2026-09-29T06:00:00Z,เมืองหนองบัวลำภู,217,0.0,0.0,0.0,,,True
1790661600,2026-09-29T06:00:00Z,นากลาง,173,0.0,0.0,0.0,,,True
1790661600,2026-09-29T06:00:00Z,ทุ่งเสลี่ยม,144,0.014,0.592,0.0764,,120,True
1790661600,2026-09-29T06:00:00Z,ดอยหล่อ,56,0.0,0.0,0.0,,,True
1790661600,2026-09-29T06:00:00Z,เมืองตาก,486,0.055,0.946,0.2078,60,15,True
1790661600,2026-09-29T06:00:00Z,แม่ออน,116,0.0,0.0,0.0,,,True
1790661600,2026-09-29T06:00:00Z,อุ้มผาง,1209,0.0,0.0,0.0,,,True
1790661600,2026-09-29T06:00:00Z,วังเจ้า,183,0.009,0.413,0.0546,,15,True
1790661600,2026-09-29T06:00:00Z,แม่สอด,398,0.001,0.098,0.0151,,15,True
1790661600,2026-09-29T06:00:00Z,พบพระ,249,0.0,0.0,0.0,,,True
1790661600,2026-09-29T06:00:00Z,แม่ระมาด,380,0.002,0.098,0.0211,,30,True
1790661600,2026-09-29T06:00:00Z,ท่าสองยาง,401,0.0,0.0,0.0,,,True
1790661600,2026-09-29T06:00:00Z,บ้านตาก,255,0.0,0.0,0.0,,,True
1790661600,2026-09-29T06:00:00Z,สามเงา,698,0.003,0.098,0.0258,,75,True
1790661600,2026-09-29T06:00:00Z,จอมทอง,280,0.0,0.0,0.0,,,True
1790661600,2026-09-29T06:00:00Z,แก้งสนามนาง,79,0.0,0.0,0.0,,,True
1790661600,2026-09-29T06:00:00Z,สีคิ้ว,292,0.0,0.0,0.0,,,True
1790661600,2026-09-29T06:00:00Z,พระทองคำ,90,0.0,0.0,0.0,,,True
1790661600,2026-09-29T06:00:00Z,เทพารักษ์,92,0.0,0.0,0.0,,,True
1790661600,2026-09-29T06:00:00Z,สันกำแพง,65,0.0,0.0,0.0,,,True
1790661600,2026-09-29T06:00:00Z,สันป่าตอง,44,0.0,0.0,0.0,,,True
1790661600,2026-09-29T06:00:00Z,ดอยเต่า,213,0.0,0.0,0.0,,,True
1790661600,2026-09-29T06:00:00Z,อมก๋อย,704,0.0,0.0,0.0,,,True
1790661600,2026-09-29T06:00:00Z,ฮอด,378,0.0,0.0,0.0,,,True
1790661600,2026-09-29T06:00:00Z,เมืองลำพูน,117,0.0,0.0,0.0,,,True
1790661600,2026-09-29T06:00:00Z,แม่ทา,192,0.0,0.0,0.0,,,True
1790661600,2026-09-29T06:00:00Z,บ้านธิ,34,0.0,0.0,0.0,,,True
1790661600,2026-09-29T06:00:00Z,บ้านหมอ,24,0.0,0.0,0.0,,,True
1790661600,2026-09-29T06:00:00Z,เวียงหนองล่อง,14,0.0,0.0,0.0,,,True
1790661600,2026-09-29T06:00:00Z,ทุ่งหัวช้าง,113,0.0,0.0,0.0,,,True
1790661600,2026-09-29T06:00:00Z,ป่าซาง,74,0.0,0.0,0.0,,,True
1790661600,2026-09-29T06:00:00Z,บ้านโฮ่ง,124,0.0,0.0,0.0,,,True
1790661600,2026-09-29T06:00:00Z,แก่งคอย,73,0.0,0.0,0.0,,,True
1790661600,2026-09-29T06:00:00Z,ลี้,454,0.0,0.0,0.0,,,True
1790661600,2026-09-29T06:00:00Z,พระพุทธบาท,55,0.0,0.0,0.0,,,True
1790661600,2026-09-29T06:00:00Z,ดอนพุด,7,0.0,0.0,0.0,,,True
1790661600,2026-09-29T06:00:00Z,หนองโดน,31,0.0,0.0,0.0,,,True
1790661600,2026-09-29T06:00:00Z,เมืองลำปาง,300,0.0,0.0,0.0,,,True
1790661600,2026-09-29T06:00:00Z,เถิน,443,0.0,0.098,0.0045,,105,True
1790661600,2026-09-29T06:00:00Z,แม่พริก,167,0.0,0.0,0.0,,,True
1790661600,2026-09-29T06:00:00Z,แจ้ห่ม,274,0.0,0.0,0.0,,,True
1790661600,2026-09-29T06:00:00Z,แม่เปิน,85,0.0,0.0,0.0,,,True
1790661600,2026-09-29T06:00:00Z,เสริมงาม,185,0.0,0.0,0.0,,,True
1790661600,2026-09-29T06:00:00Z,ชุมตาบง,61,0.0,0.0,0.0,,,True
1790661600,2026-09-29T06:00:00Z,งาว,344,0.009,0.098,0.093,,15,True
1790661600,2026-09-29T06:00:00Z,ตากฟ้า,125,0.0,0.0,0.0,,,True
1790661600,2026-09-29T06:00:00Z,แม่เมาะ,283,0.003,0.201,0.0247,,75,True
1790661600,2026-09-29T06:00:00Z,แม่วงก์,257,0.0,0.0,0.0,,,True
1790661600,2026-09-29T06:00:00Z,เกาะคา,128,0.0,0.0,0.0,,,True
1790661600,2026-09-29T06:00:00Z,พยุหะคีรี,169,0.0,0.0,0.0,,,True
1790661600,2026-09-29T06:00:00Z,ลาดยาว,187,0.0,0.0,0.0,,,True
1790661600,2026-09-29T06:00:00Z,สบปราบ,125,0.0,0.0,0.0,,,True
1790661600,2026-09-29T06:00:00Z,ห้างฉัตร,154,0.0,0.0,0.0,,,True
1790661600,2026-09-29T06:00:00Z,แม่ทะ,203,0.002,0.201,0.0197,,30,True
1790661600,2026-09-29T06:00:00Z,เมืองปาน,202,0.0,0.0,0.0,,,True
1790661600,2026-09-29T06:00:00Z,เมืองอ่างทอง,6,0.0,0.0,0.0,,,True
1790661600,2026-09-29T06:00:00Z,ไชโย,20,0.0,0.0,0.0,,,True
1790661600,2026-09-29T06:00:00Z,สามโก้,10,0.0,0.0,0.0,,,True
1790661600,2026-09-29T06:00:00Z,แสวงหา,43,0.0,0.0,0.0,,,True
1790661600,2026-09-29T06:00:00Z,วิเศษชัยชาญ,7,0.0,0.0,0.0,,,True
1790661600,2026-09-29T06:00:00Z,โพธิ์ทอง,48,0.0,0.0,0.0,,,True
1790661600,2026-09-29T06:00:00Z,เมืองลพบุรี,190,0.0,0.0,0.0,,,True
1790661600,2026-09-29T06:00:00Z,เดิมบางนางบวช,130,0.0,0.0,0.0,,,True
1790661600,2026-09-29T06:00:00Z,ด่านช้าง,309,0.0,0.0,0.0,,,True
1790661600,2026-09-29T06:00:00Z,หนองม่วง,111,0.0,0.0,0.0,,,True
1790661600,2026-09-29T06:00:00Z,ลำสนธิ,136,0.0,0.0,0.0,,,True
1790661600,2026-09-29T06:00:00Z,สามชุก,77,0.0,0.0,0.0,,,True
1790661600,2026-09-29T06:00:00Z,ดอนเจดีย์,72,0.0,0.0,0.0,,,True
1790661600,2026-09-29T06:00:00Z,สระโบสถ์,83,0.0,0.0,0.0,,,True
1790661600,2026-09-29T06:00:00Z,ศรีประจันต์,41,0.0,0.0,0.0,,,True
1790661600,2026-09-29T06:00:00Z,โคกเจริญ,135,0.0,0.0,0.0,,,True
1790661600,2026-09-29T06:00:00Z,บ้านหมี่,136,0.0,0.0,0.0,,,True
1790661600,2026-09-29T06:00:00Z,ท่าหลวง,100,0.0,0.0,0.0,,,True
1790661600,2026-09-29T06:00:00Z,ชัยบาดาล,280,0.0,0.0,0.0,,,True
1790661600,2026-09-29T06:00:00Z,ท่าวุ้ง,64,0.0,0.0,0.0,,,True
1790661600,2026-09-29T06:00:00Z,พัฒนานิคม,217,0.0,0.0,0.0,,,True
1790661600,2026-09-29T06:00:00Z,โคกสำโรง,180,0.0,0.0,0.0,,,True
1790661600,2026-09-29T06:00:00Z,หนองหญ้าไซ,108,0.0,0.0,0.0,,,True
1790661600,2026-09-29T06:00:00Z,ท่าช้าง,11,0.0,0.0,0.0,,,True
1790661600,2026-09-29T06:00:00Z,อินทร์บุรี,66,0.0,0.0,0.0,,,True
1790661600,2026-09-29T06:00:00Z,ค่ายบางระจัน,26,0.0,0.0,0.0,,,True
1790661600,2026-09-29T06:00:00Z,พรหมบุรี,19,0.0,0.0,0.0,,,True
1790661600,2026-09-29T06:00:00Z,เนินสง่า,65,0.0,0.0,0.0,,,True
1790661600,2026-09-29T06:00:00Z,เมืองสิงห์บุรี,31,0.0,0.0,0.0,,,True
1790661600,2026-09-29T06:00:00Z,ซับใหญ่,72,0.0,0.0,0.0,,,True
1790661600,2026-09-29T06:00:00Z,บางระจัน,46,0.0,0.0,0.0,,,True
1790661600,2026-09-29T06:00:00Z,ภูกระดึง,190,0.0,0.0,0.0,,,True
1790661600,2026-09-29T06:00:00Z,ภูหลวง,145,0.004,0.098,0.0414,,15,True
1790661600,2026-09-29T06:00:00Z,หนองหิน,78,0.0,0.0,0.0,,,True
1790661600,2026-09-29T06:00:00Z,ผาขาว,100,0.0,0.0,0.0,,,True
1790661600,2026-09-29T06:00:00Z,เอราวัณ,87,0.003,0.098,0.0345,,15,True
1790661600,2026-09-29T06:00:00Z,วังสะพุง,281,0.004,0.201,0.0391,,15,True
1790661600,2026-09-29T06:00:00Z,วังม่วง,70,0.0,0.0,0.0,,,True
1790661600,2026-09-29T06:00:00Z,เฉลิมพระเกียรติ,35,0.0,0.0,0.0,,,True
1790661600,2026-09-29T06:00:00Z,มวกเหล็ก,175,0.0,0.0,0.0,,,True
1790661600,2026-09-29T06:00:00Z,บ้านเขว้า,124,0.0,0.0,0.0,,,True
1790661600,2026-09-29T06:00:00Z,คอนสวรรค์,113,0.0,0.0,0.0,,,True
1790661600,2026-09-29T06:00:00Z,เมืองชัยภูมิ,358,0.0,0.0,0.0,,,True
1790661600,2026-09-29T06:00:00Z,วังทอง,425,0.0,0.0,0.0,,,True
1790661600,2026-09-29T06:00:00Z,เนินมะปราง,276,0.0,0.0,0.0,,,True
1790661600,2026-09-29T06:00:00Z,สวรรคโลก,156,0.0,0.0,0.0,,,True
1790661600,2026-09-29T06:00:00Z,ศรีนคร,46,0.0,0.0,0.0,,,True
1790661600,2026-09-29T06:00:00Z,หันคา,139,0.0,0.0,0.0,,,True
1790661600,2026-09-29T06:00:00Z,ศรีสัชนาลัย,534,0.001,0.098,0.0075,,30,True
1790661600,2026-09-29T06:00:00Z,หนองมะโมง,76,0.0,0.0,0.0,,,True
1790661600,2026-09-29T06:00:00Z,ศรีสำโรง,142,0.043,0.848,0.1408,120,105,True
1790661600,2026-09-29T06:00:00Z,สรรพยา,55,0.0,0.0,0.0,,,True
1790661600,2026-09-29T06:00:00Z,คีรีมาศ,171,0.0,0.0,0.0,,,True
1790661600,2026-09-29T06:00:00Z,สรรคบุรี,89,0.0,0.0,0.0,,,True
1790661600,2026-09-29T06:00:00Z,กงไกรลาศ,108,0.0,0.0,0.0,,,True
1790661600,2026-09-29T06:00:00Z,มโนรมย์,66,0.0,0.0,0.0,,,True
1790661600,2026-09-29T06:00:00Z,เมืองสุโขทัย,136,0.0,0.0,0.0,,,True
1790661600,2026-09-29T06:00:00Z,วัดสิงห์,67,0.0,0.0,0.0,,,True
1790661600,2026-09-29T06:00:00Z,บ้านด่านลานหอย,231,0.242,1.742,0.6364,90,75,True
1790661600,2026-09-29T06:00:00Z,เมืองชัยนาท,70,0.0,0.0,0.0,,,True
1790661600,2026-09-29T06:00:00Z,เนินขาม,65,0.0,0.0,0.0,,,True
1790661600,2026-09-29T06:00:00Z,คอนสาร,334,0.0,0.0,0.0,,,True
1790661600,2026-09-29T06:00:00Z,ภักดีชุมพล,154,0.0,0.0,0.0,,,True
1790661600,2026-09-29T06:00:00Z,บ้านแท่น,76,0.0,0.0,0.0,,,True
1790661600,2026-09-29T06:00:00Z,แก้งคร้อ,168,0.0,0.0,0.0,,,True
1790661600,2026-09-29T06:00:00Z,ภูเขียว,201,0.0,0.0,0.0,,,True
1790661600,2026-09-29T06:00:00Z,หนองบัวระเหว,179,0.0,0.0,0.0,,,True
1790661600,2026-09-29T06:00:00Z,เทพสถิต,239,0.0,0.0,0.0,,,True
1790661600,2026-09-29T06:00:00Z,จัตุรัส,172,0.0,0.0,0.0,,,True
1790661600,2026-09-29T06:00:00Z,บำเหน็จณรงค์,120,0.0,0.0,0.0,,,True
1790661600,2026-09-29T06:00:00Z,เกษตรสมบูรณ์,268,0.0,0.098,0.0037,,45,True
1790661600,2026-09-29T06:00:00Z,หนองบัวแดง,537,0.0,0.098,0.0019,,30,True
1790661600,2026-09-29T06:00:00Z,ภูเรือ,168,0.0,0.0,0.0,,,True
1790661600,2026-09-29T06:00:00Z,ท่าลี่,171,0.0,0.0,0.0,,,True
1790661600,2026-09-29T06:00:00Z,วชิรบารมี,68,0.0,0.0,0.0,,,True
1790661600,2026-09-29T06:00:00Z,ด่านซ้าย,341,0.0,0.0,0.0,,,True
1790661600,2026-09-29T06:00:00Z,นาแห้ว,153,0.0,0.0,0.0,,,True
1790661600,2026-09-29T06:00:00Z,บึงนาราง,74,0.0,0.0,0.0,,,True
1790661600,2026-09-29T06:00:00Z,เชียงคาน,213,0.0,0.0,0.0,,,True
1790661600,2026-09-29T06:00:00Z,ดงเจริญ,56,0.0,0.0,0.0,,,True
1790661600,2026-09-29T06:00:00Z,ปากชม,240,0.014,0.201,0.1208,105,75,True
1790661600,2026-09-29T06:00:00Z,เมืองเลย,314,0.005,0.201,0.0382,,15,True
1790661600,2026-09-29T06:00:00Z,นาด้วง,143,0.025,0.201,0.2098,45,30,True
1790661600,2026-09-29T06:00:00Z,สากเหล็ก,45,0.0,0.0,0.0,,,True
1790661600,2026-09-29T06:00:00Z,สามง่าม,89,0.0,0.0,0.0,,,True
1790661600,2026-09-29T06:00:00Z,ทับคล้อ,104,0.0,0.0,0.0,,,True
1790661600,2026-09-29T06:00:00Z,พรหมพิราม,206,0.002,0.413,0.0049,,30,True
1790661600,2026-09-29T06:00:00Z,ด่านขุนทด,344,0.0,0.0,0.0,,,True
1790661600,2026-09-29T06:00:00Z,วัดโบสถ์,226,0.03,2.496,0.0398,,45,True
1790661600,2026-09-29T06:00:00Z,บางระกำ,246,0.0,0.0,0.0,,,True
1790661600,2026-09-29T06:00:00Z,บางกระทุ่ม,91,0.0,0.0,0.0,,,True
1790661600,2026-09-29T06:00:00Z,นครไทย,597,0.0,0.0,0.0,,,True
1790661600,2026-09-29T06:00:00Z,ชาติตระการ,415,0.007,1.742,0.012,,105,True
1790661600,2026-09-29T06:00:00Z,บ้านเหลื่อม,55,0.0,0.0,0.0,,,True
1790661600,2026-09-29T06:00:00Z,เมืองพิษณุโลก,178,0.006,0.592,0.0169,,15,True
1790661600,2026-09-29T06:00:00Z,ชุมแสง,145,0.0,0.0,0.0,,,True
1790661600,2026-09-29T06:00:00Z,หนองบัว,208,0.0,0.0,0.0,,,True
1790661600,2026-09-29T06:00:00Z,เมืองนครสวรรค์,183,0.0,0.0,0.0,,,True
1790661600,2026-09-29T06:00:00Z,โกรกพระ,71,0.0,0.0,0.0,,,True
1790661600,2026-09-29T06:00:00Z,ไพศาลี,244,0.0,0.0,0.0,,,True
1790661600,2026-09-29T06:00:00Z,ตาคลี,206,0.0,0.0,0.0,,,True
1790661600,2026-09-29T06:00:00Z,ท่าตะโก,211,0.0,0.0,0.0,,,True
1790661600,2026-09-29T06:00:00Z,เขาค้อ,207,0.0,0.0,0.0,,,True
1790661600,2026-09-29T06:00:00Z,บรรพตพิสัย,181,0.0,0.0,0.0,,,True
1790661600,2026-09-29T06:00:00Z,เก้าเลี้ยว,57,0.0,0.0,0.0,,,True
1790661600,2026-09-29T06:00:00Z,วังโป่ง,123,0.0,0.0,0.0,,,True
1790661600,2026-09-29T06:00:00Z,บึงสามพัน,194,0.0,0.0,0.0,,,True
1790661600,2026-09-29T06:00:00Z,น้ำหนาว,231,0.0,0.098,0.0043,,75,True
1790661600,2026-09-29T06:00:00Z,ศรีเทพ,204,0.0,0.0,0.0,,,True
1790661600,2026-09-29T06:00:00Z,หนองไผ่,315,0.0,0.0,0.0,,,True
1790661600,2026-09-29T06:00:00Z,มหาราช,4,0.0,0.0,0.0,,,False
1790661600,2026-09-29T06:00:00Z,บ้านแพรก,10,0.0,0.0,0.0,,,True
1790661600,2026-09-29T06:00:00Z,บางมูลนาก,99,0.0,0.0,0.0,,,True
1790661600,2026-09-29T06:00:00Z,โพทะเล,131,0.0,0.0,0.0,,,True
1790661600,2026-09-29T06:00:00Z,โพธิ์ประทับช้าง,102,0.0,0.0,0.0,,,True
1790661600,2026-09-29T06:00:00Z,ตะพานหิน,109,0.0,0.0,0.0,,,True
1790661600,2026-09-29T06:00:00Z,เมืองพิจิตร,138,0.0,0.0,0.0,,,True
1790661600,2026-09-29T06:00:00Z,วังทรายพูน,66,0.0,0.0,0.0,,,True
1790662500,2026-09-29T06:15:00Z,พิชัย,176,0.0,0.0,0.0,,,True
1790662500,2026-09-29T06:15:00Z,ลับแล,116,0.0,0.0,0.0,,,True
1790662500,2026-09-29T06:15:00Z,ฟากท่า,163,0.0,0.0,0.0,,,True
1790662500,2026-09-29T06:15:00Z,บ้านโคก,247,0.0,0.0,0.0,,,True
1790662500,2026-09-29T06:15:00Z,ท่าปลา,442,0.002,0.098,0.0226,,15,True
1790662500,2026-09-29T06:15:00Z,น้ำปาด,363,0.0,0.0,0.0,,,True
1790662500,2026-09-29T06:15:00Z,เมืองอุตรดิตถ์,202,0.0,0.0,0.0,,,True
1790662500,2026-09-29T06:15:00Z,ตรอน,80,0.0,0.0,0.0,,,True
1790662500,2026-09-29T06:15:00Z,หล่มเก่า,246,0.0,0.0,0.0,,,True
1790662500,2026-09-29T06:15:00Z,วิเชียรบุรี,377,0.0,0.0,0.0,,,True
1790662500,2026-09-29T06:15:00Z,ชนแดน,279,0.0,0.0,0.0,,,True
1790662500,2026-09-29T06:15:00Z,หล่มสัก,350,0.0,0.0,0.0,,,True
1790662500,2026-09-29T06:15:00Z,เมืองเพชรบูรณ์,571,0.0,0.0,0.0,,,True
1790662500,2026-09-29T06:15:00Z,ทองแสนขัน,185,0.0,0.0,0.0,,,True
1790662500,2026-09-29T06:15:00Z,บึงสามัคคี,71,0.0,0.0,0.0,,,True
1790662500,2026-09-29T06:15:00Z,โกสัมพีนคร,137,0.238,1.742,0.3796,15,15,True
1790662500,2026-09-29T06:15:00Z,สอง,380,0.023,0.848,0.0947,,15,True
1790662500,2026-09-29T06:15:00Z,วังชิ้น,255,0.003,0.098,0.0275,,15,True
1790662500,2026-09-29T06:15:00Z,สูงเม่น,88,0.055,0.592,0.2273,30,15,True
1790662500,2026-09-29T06:15:00Z,เด่นชัย,135,0.04,0.592,0.163,30,15,True
1790662500,2026-09-29T06:15:00Z,ร้องกวาง,221,0.026,0.592,0.1629,105,60,True
1790662500,2026-09-29T06:15:00Z,ลอง,317,0.007,0.592,0.0442,,15,True
1790662500,2026-09-29T06:15:00Z,เมืองแพร่,205,0.036,0.592,0.1561,60,15,True
1790662500,2026-09-29T06:15:00Z,ทัพทัน,94,0.0,0.0,0.0,,,True
1790662500,2026-09-29T06:15:00Z,สว่างอารมณ์,110,0.0,0.0,0.0,,,True
1790662500,2026-09-29T06:15:00Z,เมืองอุทัยธานี,59,0.0,0.0,0.0,,,True
1790662500,2026-09-29T06:15:00Z,ห้วยคต,94,0.0,0.0,0.0,,,True
1790662500,2026-09-29T06:15:00Z,ศรีสวัสดิ์,440,0.0,0.0,0.0,,,True
1790662500,2026-09-29T06:15:00Z,บ้านไร่,821,0.0,0.0,0.0,,,True
1790662500,2026-09-29T06:15:00Z,ลานสัก,360,0.0,0.0,0.0,,,True
1790662500,2026-09-29T06:15:00Z,หนองฉาง,89,0.0,0.0,0.0,,,True
1790662500,2026-09-29T06:15:00Z,หนองขาหย่าง,43,0.0,0.0,0.0,,,True
1790662500,2026-09-29T06:15:00Z,เชียงม่วน,82,0.004,0.098,0.0366,,90,True
1790662500,2026-09-29T06:15:00Z,ดอกคำใต้,37,0.0,0.0,0.0,,,True
1790662500,2026-09-29T06:15:00Z,เมืองพะเยา,6,0.0,0.0,0.0,,,True
1790662500,2026-09-29T06:15:00Z,ทองผาภูมิ,851,0.0,0.0,0.0,,,True
1790662500,2026-09-29T06:15:00Z,สังขละบุรี,793,0.0,0.0,0.0,,,True
1790662500,2026-09-29T06:15:00Z,หนองม่วงไข่,35,0.077,0.592,0.3143,75,75,True
1790662500,2026-09-29T06:15:00Z,ภูเวียง,81,0.0,0.0,0.0,,,True
1790662500,2026-09-29T06:15:00Z,มัญจาคีรี,50,0.0,0.0,0.0,,,True
1790662500,2026-09-29T06:15:00Z,หนองปรือ,104,0.0,0.0,0.0,,,True
1790662500,2026-09-29T06:15:00Z,เลาขวัญ,123,0.0,0.0,0.0,,,True
1790662500,2026-09-29T06:15:00Z,หนองนาคำ,43,0.0,0.0,0.0,,,True
1790662500,2026-09-29T06:15:00Z,โคกโพธิ์ไชย,65,0.0,0.0,0.0,,,True
1790662500,2026-09-29T06:15:00Z,บ้านหลวง,91,0.0,0.0,0.0,,,True
1790662500,2026-09-29T06:15:00Z,นาน้อย,266,0.0,0.0,0.0,,,True
1790662500,2026-09-29T06:15:00Z,ภูผาม่าน,74,0.0,0.0,0.0,,,True
1790662500,2026-09-29T06:15:00Z,เมืองน่าน,161,0.0,0.0,0.0,,,True
1790662500,2026-09-29T06:15:00Z,แม่จริม,262,0.0,0.0,0.0,,,True
1790662500,2026-09-29T06:15:00Z,เวียงเก่า,78,0.0,0.0,0.0,,,True
1790662500,2026-09-29T06:15:00Z,เมืองกำแพงเพชร,368,0.025,1.84,0.0326,,15,True
1790662500,2026-09-29T06:15:00Z,ไทรงาม,133,0.034,0.848,0.1128,120,105,True
1790662500,2026-09-29T06:15:00Z,ปางศิลาทอง,186,0.0,0.0,0.0,,,True
1790662500,2026-09-29T06:15:00Z,ลานกระบือ,103,0.0,0.0,0.0,,,True
1790662500,2026-09-29T06:15:00Z,ทรายทองวัฒนา,53,0.06,0.793,0.2075,90,75,True
1790662500,2026-09-29T06:15:00Z,คลองขลุง,179,0.04,0.826,0.0838,,60,True
1790662500,2026-09-29T06:15:00Z,พรานกระต่าย,252,0.304,2.155,0.3532,30,15,True
1790662500,2026-09-29T06:15:00Z,คลองลาน,363,0.0,0.0,0.0,,,True
1790662500,2026-09-29T06:15:00Z,ขาณุวรลักษบุรี,296,0.068,1.261,0.1284,60,15,True
1790662500,2026-09-29T06:15:00Z,ภูเพียง,113,0.0,0.0,0.0,,,True
1790662500,2026-09-29T06:15:00Z,นาหมื่น,245,0.001,0.098,0.0122,,60,True
1790662500,2026-09-29T06:15:00Z,เวียงสา,543,0.0,0.098,0.0018,,120,True
1790662500,2026-09-29T06:15:00Z,น้ำโสม,153,0.006,0.201,0.0523,,90,True
1790662500,2026-09-29T06:15:00Z,นายูง,126,0.009,0.201,0.0794,,105,True
1790662500,2026-09-29T06:15:00Z,ชุมแพ,173,0.001,0.098,0.0116,,105,True
1790662500,2026-09-29T06:15:00Z,สีชมพู,132,0.0,0.0,0.0,,,True
1790662500,2026-09-29T06:15:00Z,สุวรรณคูหา,140,0.0,0.0,0.0,,,True
1790662500,2026-09-29T06:15:00Z,นาวัง,65,0.0,0.0,0.0,,,True
1790662500,2026-09-29T06:15:00Z,หนองเรือ,80,0.0,0.0,0.0,,,True
1790662500,2026-09-29T06:15:00Z,โนนสัง,51,0.0,0.0,0.0,,,True
1790662500,2026-09-29T06:15:00Z,ศรีบุญเรือง,224,0.0,0.0,0.0,,,True
1790662500,2026-09-29T06:15:00Z,เมืองหนองบัวลำภู,217,0.0,0.0,0.0,,,True
1790662500,2026-09-29T06:15:00Z,นากลาง,173,0.0,0.0,0.0,,,True
1790662500,2026-09-29T06:15:00Z,ทุ่งเสลี่ยม,144,0.048,1.216,0.1181,120,105,True
1790662500,2026-09-29T06:15:00Z,ดอยหล่อ,56,0.0,0.0,0.0,,,True
1790662500,2026-09-29T06:15:00Z,เมืองตาก,486,0.066,1.216,0.2695,45,15,True
1790662500,2026-09-29T06:15:00Z,แม่ออน,116,0.0,0.0,0.0,,,True
1790662500,2026-09-29T06:15:00Z,อุ้มผาง,1209,0.0,0.0,0.0,,,True
1790662500,2026-09-29T06:15:00Z,วังเจ้า,183,0.0,0.0,0.0,,,True
1790662500,2026-09-29T06:15:00Z,แม่สอด,398,0.003,0.201,0.0276,,15,True
1790662500,2026-09-29T06:15:00Z,พบพระ,249,0.0,0.0,0.0,,,True
1790662500,2026-09-29T06:15:00Z,แม่ระมาด,380,0.005,0.201,0.0421,,45,True
1790662500,2026-09-29T06:15:00Z,ท่าสองยาง,401,0.0,0.0,0.0,,,True
1790662500,2026-09-29T06:15:00Z,บ้านตาก,255,0.009,0.201,0.0627,,45,True
1790662500,2026-09-29T06:15:00Z,สามเงา,698,0.003,0.201,0.0301,,75,True
1790662500,2026-09-29T06:15:00Z,จอมทอง,280,0.0,0.0,0.0,,,True
1790662500,2026-09-29T06:15:00Z,แก้งสนามนาง,79,0.0,0.0,0.0,,,True
1790662500,2026-09-29T06:15:00Z,สีคิ้ว,292,0.0,0.0,0.0,,,True
1790662500,2026-09-29T06:15:00Z,พระทองคำ,90,0.0,0.0,0.0,,,True
1790662500,2026-09-29T06:15:00Z,เทพารักษ์,92,0.0,0.0,0.0,,,True
1790662500,2026-09-29T06:15:00Z,สันกำแพง,65,0.0,0.0,0.0,,,True
1790662500,2026-09-29T06:15:00Z,สันป่าตอง,44,0.0,0.0,0.0,,,True
1790662500,2026-09-29T06:15:00Z,ดอยเต่า,213,0.0,0.0,0.0,,,True
1790662500,2026-09-29T06:15:00Z,อมก๋อย,704,0.0,0.0,0.0,,,True
1790662500,2026-09-29T06:15:00Z,ฮอด,378,0.0,0.0,0.0,,,True
1790662500,2026-09-29T06:15:00Z,เมืองลำพูน,117,0.0,0.0,0.0,,,True
1790662500,2026-09-29T06:15:00Z,แม่ทา,192,0.0,0.0,0.0,,,True
1790662500,2026-09-29T06:15:00Z,บ้านธิ,34,0.0,0.0,0.0,,,True
1790662500,2026-09-29T06:15:00Z,บ้านหมอ,24,0.0,0.0,0.0,,,True
1790662500,2026-09-29T06:15:00Z,เวียงหนองล่อง,14,0.0,0.0,0.0,,,True
1790662500,2026-09-29T06:15:00Z,ทุ่งหัวช้าง,113,0.0,0.0,0.0,,,True
1790662500,2026-09-29T06:15:00Z,ป่าซาง,74,0.0,0.0,0.0,,,True
1790662500,2026-09-29T06:15:00Z,บ้านโฮ่ง,124,0.0,0.0,0.0,,,True
1790662500,2026-09-29T06:15:00Z,แก่งคอย,73,0.0,0.0,0.0,,,True
1790662500,2026-09-29T06:15:00Z,ลี้,454,0.0,0.0,0.0,,,True
1790662500,2026-09-29T06:15:00Z,พระพุทธบาท,55,0.0,0.0,0.0,,,True
1790662500,2026-09-29T06:15:00Z,ดอนพุด,7,0.0,0.0,0.0,,,True
1790662500,2026-09-29T06:15:00Z,หนองโดน,31,0.0,0.0,0.0,,,True
1790662500,2026-09-29T06:15:00Z,เมืองลำปาง,300,0.0,0.098,0.0033,,105,True
1790662500,2026-09-29T06:15:00Z,เถิน,443,0.006,0.201,0.0564,,105,True
1790662500,2026-09-29T06:15:00Z,แม่พริก,167,0.0,0.0,0.0,,,True
1790662500,2026-09-29T06:15:00Z,แจ้ห่ม,274,0.0,0.0,0.0,,,True
1790662500,2026-09-29T06:15:00Z,แม่เปิน,85,0.0,0.0,0.0,,,True
1790662500,2026-09-29T06:15:00Z,เสริมงาม,185,0.0,0.0,0.0,,,True
1790662500,2026-09-29T06:15:00Z,ชุมตาบง,61,0.018,0.592,0.0492,,15,True
1790662500,2026-09-29T06:15:00Z,งาว,344,0.017,0.413,0.1076,120,15,True
1790662500,2026-09-29T06:15:00Z,ตากฟ้า,125,0.0,0.0,0.0,,,True
1790662500,2026-09-29T06:15:00Z,แม่เมาะ,283,0.027,0.299,0.1802,75,30,True
1790662500,2026-09-29T06:15:00Z,แม่วงก์,257,0.009,0.511,0.035,,15,True
1790662500,2026-09-29T06:15:00Z,เกาะคา,128,0.0,0.0,0.0,,,True
1790662500,2026-09-29T06:15:00Z,พยุหะคีรี,169,0.0,0.0,0.0,,,True
1790662500,2026-09-29T06:15:00Z,ลาดยาว,187,0.02,0.69,0.0588,,15,True
1790662500,2026-09-29T06:15:00Z,สบปราบ,125,0.0,0.0,0.0,,,True
1790662500,2026-09-29T06:15:00Z,ห้างฉัตร,154,0.0,0.0,0.0,,,True
1790662500,2026-09-29T06:15:00Z,แม่ทะ,203,0.013,0.413,0.0887,,15,True
1790662500,2026-09-29T06:15:00Z,เมืองปาน,202,0.0,0.0,0.0,,,True
1790662500,2026-09-29T06:15:00Z,เมืองอ่างทอง,6,0.0,0.0,0.0,,,True
1790662500,2026-09-29T06:15:00Z,ไชโย,20,0.0,0.0,0.0,,,True
1790662500,2026-09-29T06:15:00Z,สามโก้,10,0.0,0.0,0.0,,,True
1790662500,2026-09-29T06:15:00Z,แสวงหา,43,0.0,0.0,0.0,,,True
1790662500,2026-09-29T06:15:00Z,วิเศษชัยชาญ,7,0.0,0.0,0.0,,,True
1790662500,2026-09-29T06:15:00Z,โพธิ์ทอง,48,0.0,0.0,0.0,,,True
1790662500,2026-09-29T06:15:00Z,เมืองลพบุรี,190,0.0,0.0,0.0,,,True
1790662500,2026-09-29T06:15:00Z,เดิมบางนางบวช,130,0.0,0.0,0.0,,,True
1790662500,2026-09-29T06:15:00Z,ด่านช้าง,309,0.0,0.0,0.0,,,True
1790662500,2026-09-29T06:15:00Z,หนองม่วง,111,0.0,0.0,0.0,,,True
1790662500,2026-09-29T06:15:00Z,ลำสนธิ,136,0.0,0.0,0.0,,,True
1790662500,2026-09-29T06:15:00Z,สามชุก,77,0.0,0.0,0.0,,,True
1790662500,2026-09-29T06:15:00Z,ดอนเจดีย์,72,0.0,0.0,0.0,,,True
1790662500,2026-09-29T06:15:00Z,สระโบสถ์,83,0.0,0.0,0.0,,,True
1790662500,2026-09-29T06:15:00Z,ศรีประจันต์,41,0.0,0.0,0.0,,,True
1790662500,2026-09-29T06:15:00Z,โคกเจริญ,135,0.0,0.0,0.0,,,True
1790662500,2026-09-29T06:15:00Z,บ้านหมี่,136,0.0,0.0,0.0,,,True
1790662500,2026-09-29T06:15:00Z,ท่าหลวง,100,0.0,0.0,0.0,,,True
1790662500,2026-09-29T06:15:00Z,ชัยบาดาล,280,0.0,0.0,0.0,,,True
1790662500,2026-09-29T06:15:00Z,ท่าวุ้ง,64,0.0,0.0,0.0,,,True
1790662500,2026-09-29T06:15:00Z,พัฒนานิคม,217,0.0,0.0,0.0,,,True
1790662500,2026-09-29T06:15:00Z,โคกสำโรง,180,0.0,0.0,0.0,,,True
1790662500,2026-09-29T06:15:00Z,หนองหญ้าไซ,108,0.0,0.0,0.0,,,True
1790662500,2026-09-29T06:15:00Z,ท่าช้าง,11,0.0,0.0,0.0,,,True
1790662500,2026-09-29T06:15:00Z,อินทร์บุรี,66,0.0,0.0,0.0,,,True
1790662500,2026-09-29T06:15:00Z,ค่ายบางระจัน,26,0.0,0.0,0.0,,,True
1790662500,2026-09-29T06:15:00Z,พรหมบุรี,19,0.0,0.0,0.0,,,True
1790662500,2026-09-29T06:15:00Z,เนินสง่า,65,0.0,0.0,0.0,,,True
1790662500,2026-09-29T06:15:00Z,เมืองสิงห์บุรี,31,0.0,0.0,0.0,,,True
1790662500,2026-09-29T06:15:00Z,ซับใหญ่,72,0.0,0.0,0.0,,,True
1790662500,2026-09-29T06:15:00Z,บางระจัน,46,0.0,0.0,0.0,,,True
1790662500,2026-09-29T06:15:00Z,ภูกระดึง,190,0.0,0.0,0.0,,,True
1790662500,2026-09-29T06:15:00Z,ภูหลวง,145,0.0,0.0,0.0,,,True
1790662500,2026-09-29T06:15:00Z,หนองหิน,78,0.0,0.0,0.0,,,True
1790662500,2026-09-29T06:15:00Z,ผาขาว,100,0.0,0.0,0.0,,,True
1790662500,2026-09-29T06:15:00Z,เอราวัณ,87,0.013,0.201,0.1034,15,15,True
1790662500,2026-09-29T06:15:00Z,วังสะพุง,281,0.0,0.0,0.0,,,True
1790662500,2026-09-29T06:15:00Z,วังม่วง,70,0.0,0.0,0.0,,,True
1790662500,2026-09-29T06:15:00Z,เฉลิมพระเกียรติ,35,0.0,0.0,0.0,,,True
1790662500,2026-09-29T06:15:00Z,มวกเหล็ก,175,0.0,0.0,0.0,,,True
1790662500,2026-09-29T06:15:00Z,บ้านเขว้า,124,0.0,0.0,0.0,,,True
1790662500,2026-09-29T06:15:00Z,คอนสวรรค์,113,0.0,0.0,0.0,,,True
1790662500,2026-09-29T06:15:00Z,เมืองชัยภูมิ,358,0.0,0.0,0.0,,,True
1790662500,2026-09-29T06:15:00Z,วังทอง,425,0.0,0.0,0.0,,,True
1790662500,2026-09-29T06:15:00Z,เนินมะปราง,276,0.0,0.0,0.0,,,True
1790662500,2026-09-29T06:15:00Z,สวรรคโลก,156,0.0,0.0,0.0,,,True
1790662500,2026-09-29T06:15:00Z,ศรีนคร,46,0.0,0.0,0.0,,,True
1790662500,2026-09-29T06:15:00Z,หันคา,139,0.0,0.0,0.0,,,True
1790662500,2026-09-29T06:15:00Z,ศรีสัชนาลัย,534,0.002,0.098,0.0169,,15,True
1790662500,2026-09-29T06:15:00Z,หนองมะโมง,76,0.0,0.0,0.0,,,True
1790662500,2026-09-29T06:15:00Z,ศรีสำโรง,142,0.113,1.216,0.2042,120,105,True
1790662500,2026-09-29T06:15:00Z,สรรพยา,55,0.0,0.0,0.0,,,True
1790662500,2026-09-29T06:15:00Z,คีรีมาศ,171,0.0,0.0,0.0,,,True
1790662500,2026-09-29T06:15:00Z,สรรคบุรี,89,0.0,0.0,0.0,,,True
1790662500,2026-09-29T06:15:00Z,กงไกรลาศ,108,0.0,0.0,0.0,,,True
1790662500,2026-09-29T06:15:00Z,มโนรมย์,66,0.0,0.0,0.0,,,True
1790662500,2026-09-29T06:15:00Z,เมืองสุโขทัย,136,0.0,0.0,0.0,,,True
1790662500,2026-09-29T06:15:00Z,วัดสิงห์,67,0.0,0.0,0.0,,,True
1790662500,2026-09-29T06:15:00Z,บ้านด่านลานหอย,231,0.466,1.943,0.6537,75,60,True
1790662500,2026-09-29T06:15:00Z,เมืองชัยนาท,70,0.0,0.0,0.0,,,True
1790662500,2026-09-29T06:15:00Z,เนินขาม,65,0.0,0.0,0.0,,,True
1790662500,2026-09-29T06:15:00Z,คอนสาร,334,0.001,0.098,0.012,,75,True
1790662500,2026-09-29T06:15:00Z,ภักดีชุมพล,154,0.0,0.0,0.0,,,True
1790662500,2026-09-29T06:15:00Z,บ้านแท่น,76,0.0,0.0,0.0,,,True
1790662500,2026-09-29T06:15:00Z,แก้งคร้อ,168,0.0,0.0,0.0,,,True
1790662500,2026-09-29T06:15:00Z,ภูเขียว,201,0.0,0.0,0.0,,,True
1790662500,2026-09-29T06:15:00Z,หนองบัวระเหว,179,0.0,0.0,0.0,,,True
1790662500,2026-09-29T06:15:00Z,เทพสถิต,239,0.0,0.0,0.0,,,True
1790662500,2026-09-29T06:15:00Z,จัตุรัส,172,0.0,0.0,0.0,,,True
1790662500,2026-09-29T06:15:00Z,บำเหน็จณรงค์,120,0.0,0.0,0.0,,,True
1790662500,2026-09-29T06:15:00Z,เกษตรสมบูรณ์,268,0.002,0.098,0.0224,,30,True
1790662500,2026-09-29T06:15:00Z,หนองบัวแดง,537,0.0,0.098,0.0019,,15,True
1790662500,2026-09-29T06:15:00Z,ภูเรือ,168,0.0,0.0,0.0,,,True
1790662500,2026-09-29T06:15:00Z,ท่าลี่,171,0.0,0.0,0.0,,,True
1790662500,2026-09-29T06:15:00Z,วชิรบารมี,68,0.0,0.0,0.0,,,True
1790662500,2026-09-29T06:15:00Z,ด่านซ้าย,341,0.001,0.098,0.0059,,15,True
1790662500,2026-09-29T06:15:00Z,นาแห้ว,153,0.0,0.0,0.0,,,True
1790662500,2026-09-29T06:15:00Z,บึงนาราง,74,0.0,0.0,0.0,,,True
1790662500,2026-09-29T06:15:00Z,เชียงคาน,213,0.0,0.0,0.0,,,True
1790662500,2026-09-29T06:15:00Z,ดงเจริญ,56,0.0,0.0,0.0,,,True
1790662500,2026-09-29T06:15:00Z,ปากชม,240,0.014,0.201,0.1333,105,75,True
1790662500,2026-09-29T06:15:00Z,เมืองเลย,314,0.002,0.098,0.0191,,15,True
1790662500,2026-09-29T06:15:00Z,นาด้วง,143,0.034,0.201,0.3077,45,30,True
1790662500,2026-09-29T06:15:00Z,สากเหล็ก,45,0.0,0.0,0.0,,,True
1790662500,2026-09-29T06:15:00Z,สามง่าม,89,0.0,0.0,0.0,,,True
1790662500,2026-09-29T06:15:00Z,ทับคล้อ,104,0.0,0.0,0.0,,,True
1790662500,2026-09-29T06:15:00Z,พรหมพิราม,206,0.0,0.0,0.0,,,True
1790662500,2026-09-29T06:15:00Z,ด่านขุนทด,344,0.0,0.0,0.0,,,True
1790662500,2026-09-29T06:15:00Z,วัดโบสถ์,226,0.0,0.0,0.0,,,True
1790662500,2026-09-29T06:15:00Z,บางระกำ,246,0.0,0.0,0.0,,,True
1790662500,2026-09-29T06:15:00Z,บางกระทุ่ม,91,0.0,0.0,0.0,,,True
1790662500,2026-09-29T06:15:00Z,นครไทย,597,0.0,0.0,0.0,,,True
1790662500,2026-09-29T06:15:00Z,ชาติตระการ,415,0.0,0.0,0.0,,,True
1790662500,2026-09-29T06:15:00Z,บ้านเหลื่อม,55,0.0,0.0,0.0,,,True
1790662500,2026-09-29T06:15:00Z,เมืองพิษณุโลก,178,0.0,0.0,0.0,,,True
1790662500,2026-09-29T06:15:00Z,ชุมแสง,145,0.0,0.0,0.0,,,True
1790662500,2026-09-29T06:15:00Z,หนองบัว,208,0.0,0.0,0.0,,,True
1790662500,2026-09-29T06:15:00Z,เมืองนครสวรรค์,183,0.0,0.0,0.0,,,True
1790662500,2026-09-29T06:15:00Z,โกรกพระ,71,0.0,0.0,0.0,,,True
1790662500,2026-09-29T06:15:00Z,ไพศาลี,244,0.0,0.0,0.0,,,True
1790662500,2026-09-29T06:15:00Z,ตาคลี,206,0.0,0.0,0.0,,,True
1790662500,2026-09-29T06:15:00Z,ท่าตะโก,211,0.0,0.0,0.0,,,True
1790662500,2026-09-29T06:15:00Z,เขาค้อ,207,0.0,0.0,0.0,,,True
1790662500,2026-09-29T06:15:00Z,บรรพตพิสัย,181,0.0,0.0,0.0,,,True
1790662500,2026-09-29T06:15:00Z,เก้าเลี้ยว,57,0.0,0.0,0.0,,,True
1790662500,2026-09-29T06:15:00Z,วังโป่ง,123,0.0,0.0,0.0,,,True
1790662500,2026-09-29T06:15:00Z,บึงสามพัน,194,0.0,0.0,0.0,,,True
1790662500,2026-09-29T06:15:00Z,น้ำหนาว,231,0.0,0.098,0.0043,,60,True
1790662500,2026-09-29T06:15:00Z,ศรีเทพ,204,0.0,0.0,0.0,,,True
1790662500,2026-09-29T06:15:00Z,หนองไผ่,315,0.0,0.0,0.0,,,True
1790662500,2026-09-29T06:15:00Z,มหาราช,4,0.0,0.0,0.0,,,False
1790662500,2026-09-29T06:15:00Z,บ้านแพรก,10,0.0,0.0,0.0,,,True
1790662500,2026-09-29T06:15:00Z,บางมูลนาก,99,0.0,0.0,0.0,,,True
1790662500,2026-09-29T06:15:00Z,โพทะเล,131,0.0,0.0,0.0,,,True
1790662500,2026-09-29T06:15:00Z,โพธิ์ประทับช้าง,102,0.0,0.0,0.0,,,True
1790662500,2026-09-29T06:15:00Z,ตะพานหิน,109,0.0,0.0,0.0,,,True
1790662500,2026-09-29T06:15:00Z,เมืองพิจิตร,138,0.0,0.0,0.0,,,True
1790662500,2026-09-29T06:15:00Z,วังทรายพูน,66,0.0,0.0,0.0,,,True
1790662500,2026-09-29T06:15:00Z,พิชัย,176,0.0,0.0,0.0,,,True
1790662500,2026-09-29T06:15:00Z,ลับแล,116,0.0,0.0,0.0,,,True
1790662500,2026-09-29T06:15:00Z,ฟากท่า,163,0.0,0.0,0.0,,,True
1790662500,2026-09-29T06:15:00Z,บ้านโคก,247,0.0,0.0,0.0,,,True
1790662500,2026-09-29T06:15:00Z,ท่าปลา,442,0.002,0.098,0.0226,,15,True
1790662500,2026-09-29T06:15:00Z,น้ำปาด,363,0.0,0.0,0.0,,,True
1790662500,2026-09-29T06:15:00Z,เมืองอุตรดิตถ์,202,0.0,0.0,0.0,,,True
1790662500,2026-09-29T06:15:00Z,ตรอน,80,0.0,0.0,0.0,,,True
1790662500,2026-09-29T06:15:00Z,หล่มเก่า,246,0.0,0.0,0.0,,,True
1790662500,2026-09-29T06:15:00Z,วิเชียรบุรี,377,0.0,0.0,0.0,,,True
1790662500,2026-09-29T06:15:00Z,ชนแดน,279,0.0,0.0,0.0,,,True
1790662500,2026-09-29T06:15:00Z,หล่มสัก,350,0.0,0.0,0.0,,,True
1790662500,2026-09-29T06:15:00Z,เมืองเพชรบูรณ์,571,0.0,0.0,0.0,,,True
1790662500,2026-09-29T06:15:00Z,ทองแสนขัน,185,0.0,0.0,0.0,,,True
1790662500,2026-09-29T06:15:00Z,บึงสามัคคี,71,0.0,0.0,0.0,,,True
1790662500,2026-09-29T06:15:00Z,โกสัมพีนคร,137,0.238,1.742,0.3796,15,15,True
1790662500,2026-09-29T06:15:00Z,สอง,380,0.023,0.848,0.0947,,15,True
1790662500,2026-09-29T06:15:00Z,วังชิ้น,255,0.003,0.098,0.0275,,15,True
1790662500,2026-09-29T06:15:00Z,สูงเม่น,88,0.055,0.592,0.2273,30,15,True
1790662500,2026-09-29T06:15:00Z,เด่นชัย,135,0.04,0.592,0.163,30,15,True
1790662500,2026-09-29T06:15:00Z,ร้องกวาง,221,0.026,0.592,0.1629,105,60,True
1790662500,2026-09-29T06:15:00Z,ลอง,317,0.007,0.592,0.0442,,15,True
1790662500,2026-09-29T06:15:00Z,เมืองแพร่,205,0.036,0.592,0.1561,60,15,True
1790662500,2026-09-29T06:15:00Z,ทัพทัน,94,0.0,0.0,0.0,,,True
1790662500,2026-09-29T06:15:00Z,สว่างอารมณ์,110,0.0,0.0,0.0,,,True
1790662500,2026-09-29T06:15:00Z,เมืองอุทัยธานี,59,0.0,0.0,0.0,,,True
1790662500,2026-09-29T06:15:00Z,ห้วยคต,94,0.0,0.0,0.0,,,True
1790662500,2026-09-29T06:15:00Z,ศรีสวัสดิ์,440,0.0,0.0,0.0,,,True
1790662500,2026-09-29T06:15:00Z,บ้านไร่,821,0.0,0.0,0.0,,,True
1790662500,2026-09-29T06:15:00Z,ลานสัก,360,0.0,0.0,0.0,,,True
1790662500,2026-09-29T06:15:00Z,หนองฉาง,89,0.0,0.0,0.0,,,True
1790662500,2026-09-29T06:15:00Z,หนองขาหย่าง,43,0.0,0.0,0.0,,,True
1790662500,2026-09-29T06:15:00Z,เชียงม่วน,82,0.004,0.098,0.0366,,90,True
1790662500,2026-09-29T06:15:00Z,ดอกคำใต้,37,0.0,0.0,0.0,,,True
1790662500,2026-09-29T06:15:00Z,เมืองพะเยา,6,0.0,0.0,0.0,,,True
1790662500,2026-09-29T06:15:00Z,ทองผาภูมิ,851,0.0,0.0,0.0,,,True
1790662500,2026-09-29T06:15:00Z,สังขละบุรี,793,0.0,0.0,0.0,,,True
1790662500,2026-09-29T06:15:00Z,หนองม่วงไข่,35,0.077,0.592,0.3143,75,75,True
1790662500,2026-09-29T06:15:00Z,ภูเวียง,81,0.0,0.0,0.0,,,True
1790662500,2026-09-29T06:15:00Z,มัญจาคีรี,50,0.0,0.0,0.0,,,True
1790662500,2026-09-29T06:15:00Z,หนองปรือ,104,0.0,0.0,0.0,,,True
1790662500,2026-09-29T06:15:00Z,เลาขวัญ,123,0.0,0.0,0.0,,,True
1790662500,2026-09-29T06:15:00Z,หนองนาคำ,43,0.0,0.0,0.0,,,True
1790662500,2026-09-29T06:15:00Z,โคกโพธิ์ไชย,65,0.0,0.0,0.0,,,True
1790662500,2026-09-29T06:15:00Z,บ้านหลวง,91,0.0,0.0,0.0,,,True
1790662500,2026-09-29T06:15:00Z,นาน้อย,266,0.0,0.0,0.0,,,True
1790662500,2026-09-29T06:15:00Z,ภูผาม่าน,74,0.0,0.0,0.0,,,True
1790662500,2026-09-29T06:15:00Z,เมืองน่าน,161,0.0,0.0,0.0,,,True
1790662500,2026-09-29T06:15:00Z,แม่จริม,262,0.0,0.0,0.0,,,True
1790662500,2026-09-29T06:15:00Z,เวียงเก่า,78,0.0,0.0,0.0,,,True
1790662500,2026-09-29T06:15:00Z,เมืองกำแพงเพชร,368,0.025,1.84,0.0326,,15,True
1790662500,2026-09-29T06:15:00Z,ไทรงาม,133,0.034,0.848,0.1128,120,105,True
1790662500,2026-09-29T06:15:00Z,ปางศิลาทอง,186,0.0,0.0,0.0,,,True
1790662500,2026-09-29T06:15:00Z,ลานกระบือ,103,0.0,0.0,0.0,,,True
1790662500,2026-09-29T06:15:00Z,ทรายทองวัฒนา,53,0.06,0.793,0.2075,90,75,True
1790662500,2026-09-29T06:15:00Z,คลองขลุง,179,0.04,0.826,0.0838,,60,True
1790662500,2026-09-29T06:15:00Z,พรานกระต่าย,252,0.304,2.155,0.3532,30,15,True
1790662500,2026-09-29T06:15:00Z,คลองลาน,363,0.0,0.0,0.0,,,True
1790662500,2026-09-29T06:15:00Z,ขาณุวรลักษบุรี,296,0.068,1.261,0.1284,60,15,True
1790662500,2026-09-29T06:15:00Z,ภูเพียง,113,0.0,0.0,0.0,,,True
1790662500,2026-09-29T06:15:00Z,นาหมื่น,245,0.001,0.098,0.0122,,60,True
1790662500,2026-09-29T06:15:00Z,เวียงสา,543,0.0,0.098,0.0018,,120,True
1790662500,2026-09-29T06:15:00Z,น้ำโสม,153,0.006,0.201,0.0523,,90,True
1790662500,2026-09-29T06:15:00Z,นายูง,126,0.009,0.201,0.0794,,105,True
1790662500,2026-09-29T06:15:00Z,ชุมแพ,173,0.001,0.098,0.0116,,105,True
1790662500,2026-09-29T06:15:00Z,สีชมพู,132,0.0,0.0,0.0,,,True
1790662500,2026-09-29T06:15:00Z,สุวรรณคูหา,140,0.0,0.0,0.0,,,True
1790662500,2026-09-29T06:15:00Z,นาวัง,65,0.0,0.0,0.0,,,True
1790662500,2026-09-29T06:15:00Z,หนองเรือ,80,0.0,0.0,0.0,,,True
1790662500,2026-09-29T06:15:00Z,โนนสัง,51,0.0,0.0,0.0,,,True
1790662500,2026-09-29T06:15:00Z,ศรีบุญเรือง,224,0.0,0.0,0.0,,,True
1790662500,2026-09-29T06:15:00Z,เมืองหนองบัวลำภู,217,0.0,0.0,0.0,,,True
1790662500,2026-09-29T06:15:00Z,นากลาง,173,0.0,0.0,0.0,,,True
1790662500,2026-09-29T06:15:00Z,ทุ่งเสลี่ยม,144,0.048,1.216,0.1181,120,105,True
1790662500,2026-09-29T06:15:00Z,ดอยหล่อ,56,0.0,0.0,0.0,,,True
1790662500,2026-09-29T06:15:00Z,เมืองตาก,486,0.066,1.216,0.2695,45,15,True
1790662500,2026-09-29T06:15:00Z,แม่ออน,116,0.0,0.0,0.0,,,True
1790662500,2026-09-29T06:15:00Z,อุ้มผาง,1209,0.0,0.0,0.0,,,True
1790662500,2026-09-29T06:15:00Z,วังเจ้า,183,0.0,0.0,0.0,,,True
1790662500,2026-09-29T06:15:00Z,แม่สอด,398,0.003,0.201,0.0276,,15,True
1790662500,2026-09-29T06:15:00Z,พบพระ,249,0.0,0.0,0.0,,,True
1790662500,2026-09-29T06:15:00Z,แม่ระมาด,380,0.005,0.201,0.0421,,45,True
1790662500,2026-09-29T06:15:00Z,ท่าสองยาง,401,0.0,0.0,0.0,,,True
1790662500,2026-09-29T06:15:00Z,บ้านตาก,255,0.009,0.201,0.0627,,45,True
1790662500,2026-09-29T06:15:00Z,สามเงา,698,0.003,0.201,0.0301,,75,True
1790662500,2026-09-29T06:15:00Z,จอมทอง,280,0.0,0.0,0.0,,,True
1790662500,2026-09-29T06:15:00Z,แก้งสนามนาง,79,0.0,0.0,0.0,,,True
1790662500,2026-09-29T06:15:00Z,สีคิ้ว,292,0.0,0.0,0.0,,,True
1790662500,2026-09-29T06:15:00Z,พระทองคำ,90,0.0,0.0,0.0,,,True
1790662500,2026-09-29T06:15:00Z,เทพารักษ์,92,0.0,0.0,0.0,,,True
1790662500,2026-09-29T06:15:00Z,สันกำแพง,65,0.0,0.0,0.0,,,True
1790662500,2026-09-29T06:15:00Z,สันป่าตอง,44,0.0,0.0,0.0,,,True
1790662500,2026-09-29T06:15:00Z,ดอยเต่า,213,0.0,0.0,0.0,,,True
1790662500,2026-09-29T06:15:00Z,อมก๋อย,704,0.0,0.0,0.0,,,True
1790662500,2026-09-29T06:15:00Z,ฮอด,378,0.0,0.0,0.0,,,True
1790662500,2026-09-29T06:15:00Z,เมืองลำพูน,117,0.0,0.0,0.0,,,True
1790662500,2026-09-29T06:15:00Z,แม่ทา,192,0.0,0.0,0.0,,,True
1790662500,2026-09-29T06:15:00Z,บ้านธิ,34,0.0,0.0,0.0,,,True
1790662500,2026-09-29T06:15:00Z,บ้านหมอ,24,0.0,0.0,0.0,,,True
1790662500,2026-09-29T06:15:00Z,เวียงหนองล่อง,14,0.0,0.0,0.0,,,True
1790662500,2026-09-29T06:15:00Z,ทุ่งหัวช้าง,113,0.0,0.0,0.0,,,True
1790662500,2026-09-29T06:15:00Z,ป่าซาง,74,0.0,0.0,0.0,,,True
1790662500,2026-09-29T06:15:00Z,บ้านโฮ่ง,124,0.0,0.0,0.0,,,True
1790662500,2026-09-29T06:15:00Z,แก่งคอย,73,0.0,0.0,0.0,,,True
1790662500,2026-09-29T06:15:00Z,ลี้,454,0.0,0.0,0.0,,,True
1790662500,2026-09-29T06:15:00Z,พระพุทธบาท,55,0.0,0.0,0.0,,,True
1790662500,2026-09-29T06:15:00Z,ดอนพุด,7,0.0,0.0,0.0,,,True
1790662500,2026-09-29T06:15:00Z,หนองโดน,31,0.0,0.0,0.0,,,True
1790662500,2026-09-29T06:15:00Z,เมืองลำปาง,300,0.0,0.098,0.0033,,105,True
1790662500,2026-09-29T06:15:00Z,เถิน,443,0.006,0.201,0.0564,,105,True
1790662500,2026-09-29T06:15:00Z,แม่พริก,167,0.0,0.0,0.0,,,True
1790662500,2026-09-29T06:15:00Z,แจ้ห่ม,274,0.0,0.0,0.0,,,True
1790662500,2026-09-29T06:15:00Z,แม่เปิน,85,0.0,0.0,0.0,,,True
1790662500,2026-09-29T06:15:00Z,เสริมงาม,185,0.0,0.0,0.0,,,True
1790662500,2026-09-29T06:15:00Z,ชุมตาบง,61,0.018,0.592,0.0492,,15,True
1790662500,2026-09-29T06:15:00Z,งาว,344,0.017,0.413,0.1076,120,15,True
1790662500,2026-09-29T06:15:00Z,ตากฟ้า,125,0.0,0.0,0.0,,,True
1790662500,2026-09-29T06:15:00Z,แม่เมาะ,283,0.027,0.299,0.1802,75,30,True
1790662500,2026-09-29T06:15:00Z,แม่วงก์,257,0.009,0.511,0.035,,15,True
1790662500,2026-09-29T06:15:00Z,เกาะคา,128,0.0,0.0,0.0,,,True
1790662500,2026-09-29T06:15:00Z,พยุหะคีรี,169,0.0,0.0,0.0,,,True
1790662500,2026-09-29T06:15:00Z,ลาดยาว,187,0.02,0.69,0.0588,,15,True
1790662500,2026-09-29T06:15:00Z,สบปราบ,125,0.0,0.0,0.0,,,True
1790662500,2026-09-29T06:15:00Z,ห้างฉัตร,154,0.0,0.0,0.0,,,True
1790662500,2026-09-29T06:15:00Z,แม่ทะ,203,0.013,0.413,0.0887,,15,True
1790662500,2026-09-29T06:15:00Z,เมืองปาน,202,0.0,0.0,0.0,,,True
1790662500,2026-09-29T06:15:00Z,เมืองอ่างทอง,6,0.0,0.0,0.0,,,True
1790662500,2026-09-29T06:15:00Z,ไชโย,20,0.0,0.0,0.0,,,True
1790662500,2026-09-29T06:15:00Z,สามโก้,10,0.0,0.0,0.0,,,True
1790662500,2026-09-29T06:15:00Z,แสวงหา,43,0.0,0.0,0.0,,,True
1790662500,2026-09-29T06:15:00Z,วิเศษชัยชาญ,7,0.0,0.0,0.0,,,True
1790662500,2026-09-29T06:15:00Z,โพธิ์ทอง,48,0.0,0.0,0.0,,,True
1790662500,2026-09-29T06:15:00Z,เมืองลพบุรี,190,0.0,0.0,0.0,,,True
1790662500,2026-09-29T06:15:00Z,เดิมบางนางบวช,130,0.0,0.0,0.0,,,True
1790662500,2026-09-29T06:15:00Z,ด่านช้าง,309,0.0,0.0,0.0,,,True
1790662500,2026-09-29T06:15:00Z,หนองม่วง,111,0.0,0.0,0.0,,,True
1790662500,2026-09-29T06:15:00Z,ลำสนธิ,136,0.0,0.0,0.0,,,True
1790662500,2026-09-29T06:15:00Z,สามชุก,77,0.0,0.0,0.0,,,True
1790662500,2026-09-29T06:15:00Z,ดอนเจดีย์,72,0.0,0.0,0.0,,,True
1790662500,2026-09-29T06:15:00Z,สระโบสถ์,83,0.0,0.0,0.0,,,True
1790662500,2026-09-29T06:15:00Z,ศรีประจันต์,41,0.0,0.0,0.0,,,True
1790662500,2026-09-29T06:15:00Z,โคกเจริญ,135,0.0,0.0,0.0,,,True
1790662500,2026-09-29T06:15:00Z,บ้านหมี่,136,0.0,0.0,0.0,,,True
1790662500,2026-09-29T06:15:00Z,ท่าหลวง,100,0.0,0.0,0.0,,,True
1790662500,2026-09-29T06:15:00Z,ชัยบาดาล,280,0.0,0.0,0.0,,,True
1790662500,2026-09-29T06:15:00Z,ท่าวุ้ง,64,0.0,0.0,0.0,,,True
1790662500,2026-09-29T06:15:00Z,พัฒนานิคม,217,0.0,0.0,0.0,,,True
1790662500,2026-09-29T06:15:00Z,โคกสำโรง,180,0.0,0.0,0.0,,,True
1790662500,2026-09-29T06:15:00Z,หนองหญ้าไซ,108,0.0,0.0,0.0,,,True
1790662500,2026-09-29T06:15:00Z,ท่าช้าง,11,0.0,0.0,0.0,,,True
1790662500,2026-09-29T06:15:00Z,อินทร์บุรี,66,0.0,0.0,0.0,,,True
1790662500,2026-09-29T06:15:00Z,ค่ายบางระจัน,26,0.0,0.0,0.0,,,True
1790662500,2026-09-29T06:15:00Z,พรหมบุรี,19,0.0,0.0,0.0,,,True
1790662500,2026-09-29T06:15:00Z,เนินสง่า,65,0.0,0.0,0.0,,,True
1790662500,2026-09-29T06:15:00Z,เมืองสิงห์บุรี,31,0.0,0.0,0.0,,,True
1790662500,2026-09-29T06:15:00Z,ซับใหญ่,72,0.0,0.0,0.0,,,True
1790662500,2026-09-29T06:15:00Z,บางระจัน,46,0.0,0.0,0.0,,,True
1790662500,2026-09-29T06:15:00Z,ภูกระดึง,190,0.0,0.0,0.0,,,True
1790662500,2026-09-29T06:15:00Z,ภูหลวง,145,0.0,0.0,0.0,,,True
1790662500,2026-09-29T06:15:00Z,หนองหิน,78,0.0,0.0,0.0,,,True
1790662500,2026-09-29T06:15:00Z,ผาขาว,100,0.0,0.0,0.0,,,True
1790662500,2026-09-29T06:15:00Z,เอราวัณ,87,0.013,0.201,0.1034,15,15,True
1790662500,2026-09-29T06:15:00Z,วังสะพุง,281,0.0,0.0,0.0,,,True
1790662500,2026-09-29T06:15:00Z,วังม่วง,70,0.0,0.0,0.0,,,True
1790662500,2026-09-29T06:15:00Z,เฉลิมพระเกียรติ,35,0.0,0.0,0.0,,,True
1790662500,2026-09-29T06:15:00Z,มวกเหล็ก,175,0.0,0.0,0.0,,,True
1790662500,2026-09-29T06:15:00Z,บ้านเขว้า,124,0.0,0.0,0.0,,,True
1790662500,2026-09-29T06:15:00Z,คอนสวรรค์,113,0.0,0.0,0.0,,,True
1790662500,2026-09-29T06:15:00Z,เมืองชัยภูมิ,358,0.0,0.0,0.0,,,True
1790662500,2026-09-29T06:15:00Z,วังทอง,425,0.0,0.0,0.0,,,True
1790662500,2026-09-29T06:15:00Z,เนินมะปราง,276,0.0,0.0,0.0,,,True
1790662500,2026-09-29T06:15:00Z,สวรรคโลก,156,0.0,0.0,0.0,,,True
1790662500,2026-09-29T06:15:00Z,ศรีนคร,46,0.0,0.0,0.0,,,True
1790662500,2026-09-29T06:15:00Z,หันคา,139,0.0,0.0,0.0,,,True
1790662500,2026-09-29T06:15:00Z,ศรีสัชนาลัย,534,0.002,0.098,0.0169,,15,True
1790662500,2026-09-29T06:15:00Z,หนองมะโมง,76,0.0,0.0,0.0,,,True
1790662500,2026-09-29T06:15:00Z,ศรีสำโรง,142,0.113,1.216,0.2042,120,105,True
1790662500,2026-09-29T06:15:00Z,สรรพยา,55,0.0,0.0,0.0,,,True
1790662500,2026-09-29T06:15:00Z,คีรีมาศ,171,0.0,0.0,0.0,,,True
1790662500,2026-09-29T06:15:00Z,สรรคบุรี,89,0.0,0.0,0.0,,,True
1790662500,2026-09-29T06:15:00Z,กงไกรลาศ,108,0.0,0.0,0.0,,,True
1790662500,2026-09-29T06:15:00Z,มโนรมย์,66,0.0,0.0,0.0,,,True
1790662500,2026-09-29T06:15:00Z,เมืองสุโขทัย,136,0.0,0.0,0.0,,,True
1790662500,2026-09-29T06:15:00Z,วัดสิงห์,67,0.0,0.0,0.0,,,True
1790662500,2026-09-29T06:15:00Z,บ้านด่านลานหอย,231,0.466,1.943,0.6537,75,60,True
1790662500,2026-09-29T06:15:00Z,เมืองชัยนาท,70,0.0,0.0,0.0,,,True
1790662500,2026-09-29T06:15:00Z,เนินขาม,65,0.0,0.0,0.0,,,True
1790662500,2026-09-29T06:15:00Z,คอนสาร,334,0.001,0.098,0.012,,75,True
1790662500,2026-09-29T06:15:00Z,ภักดีชุมพล,154,0.0,0.0,0.0,,,True
1790662500,2026-09-29T06:15:00Z,บ้านแท่น,76,0.0,0.0,0.0,,,True
1790662500,2026-09-29T06:15:00Z,แก้งคร้อ,168,0.0,0.0,0.0,,,True
1790662500,2026-09-29T06:15:00Z,ภูเขียว,201,0.0,0.0,0.0,,,True
1790662500,2026-09-29T06:15:00Z,หนองบัวระเหว,179,0.0,0.0,0.0,,,True
1790662500,2026-09-29T06:15:00Z,เทพสถิต,239,0.0,0.0,0.0,,,True
1790662500,2026-09-29T06:15:00Z,จัตุรัส,172,0.0,0.0,0.0,,,True
1790662500,2026-09-29T06:15:00Z,บำเหน็จณรงค์,120,0.0,0.0,0.0,,,True
1790662500,2026-09-29T06:15:00Z,เกษตรสมบูรณ์,268,0.002,0.098,0.0224,,30,True
1790662500,2026-09-29T06:15:00Z,หนองบัวแดง,537,0.0,0.098,0.0019,,15,True
1790662500,2026-09-29T06:15:00Z,ภูเรือ,168,0.0,0.0,0.0,,,True
1790662500,2026-09-29T06:15:00Z,ท่าลี่,171,0.0,0.0,0.0,,,True
1790662500,2026-09-29T06:15:00Z,วชิรบารมี,68,0.0,0.0,0.0,,,True
1790662500,2026-09-29T06:15:00Z,ด่านซ้าย,341,0.001,0.098,0.0059,,15,True
1790662500,2026-09-29T06:15:00Z,นาแห้ว,153,0.0,0.0,0.0,,,True
1790662500,2026-09-29T06:15:00Z,บึงนาราง,74,0.0,0.0,0.0,,,True
1790662500,2026-09-29T06:15:00Z,เชียงคาน,213,0.0,0.0,0.0,,,True
1790662500,2026-09-29T06:15:00Z,ดงเจริญ,56,0.0,0.0,0.0,,,True
1790662500,2026-09-29T06:15:00Z,ปากชม,240,0.014,0.201,0.1333,105,75,True
1790662500,2026-09-29T06:15:00Z,เมืองเลย,314,0.002,0.098,0.0191,,15,True
1790662500,2026-09-29T06:15:00Z,นาด้วง,143,0.034,0.201,0.3077,45,30,True
1790662500,2026-09-29T06:15:00Z,สากเหล็ก,45,0.0,0.0,0.0,,,True
1790662500,2026-09-29T06:15:00Z,สามง่าม,89,0.0,0.0,0.0,,,True
1790662500,2026-09-29T06:15:00Z,ทับคล้อ,104,0.0,0.0,0.0,,,True
1790662500,2026-09-29T06:15:00Z,พรหมพิราม,206,0.0,0.0,0.0,,,True
1790662500,2026-09-29T06:15:00Z,ด่านขุนทด,344,0.0,0.0,0.0,,,True
1790662500,2026-09-29T06:15:00Z,วัดโบสถ์,226,0.0,0.0,0.0,,,True
1790662500,2026-09-29T06:15:00Z,บางระกำ,246,0.0,0.0,0.0,,,True
1790662500,2026-09-29T06:15:00Z,บางกระทุ่ม,91,0.0,0.0,0.0,,,True
1790662500,2026-09-29T06:15:00Z,นครไทย,597,0.0,0.0,0.0,,,True
1790662500,2026-09-29T06:15:00Z,ชาติตระการ,415,0.0,0.0,0.0,,,True
1790662500,2026-09-29T06:15:00Z,บ้านเหลื่อม,55,0.0,0.0,0.0,,,True
1790662500,2026-09-29T06:15:00Z,เมืองพิษณุโลก,178,0.0,0.0,0.0,,,True
1790662500,2026-09-29T06:15:00Z,ชุมแสง,145,0.0,0.0,0.0,,,True
1790662500,2026-09-29T06:15:00Z,หนองบัว,208,0.0,0.0,0.0,,,True
1790662500,2026-09-29T06:15:00Z,เมืองนครสวรรค์,183,0.0,0.0,0.0,,,True
1790662500,2026-09-29T06:15:00Z,โกรกพระ,71,0.0,0.0,0.0,,,True
1790662500,2026-09-29T06:15:00Z,ไพศาลี,244,0.0,0.0,0.0,,,True
1790662500,2026-09-29T06:15:00Z,ตาคลี,206,0.0,0.0,0.0,,,True
1790662500,2026-09-29T06:15:00Z,ท่าตะโก,211,0.0,0.0,0.0,,,True
1790662500,2026-09-29T06:15:00Z,เขาค้อ,207,0.0,0.0,0.0,,,True
1790662500,2026-09-29T06:15:00Z,บรรพตพิสัย,181,0.0,0.0,0.0,,,True
1790662500,2026-09-29T06:15:00Z,เก้าเลี้ยว,57,0.0,0.0,0.0,,,True
1790662500,2026-09-29T06:15:00Z,วังโป่ง,123,0.0,0.0,0.0,,,True
1790662500,2026-09-29T06:15:00Z,บึงสามพัน,194,0.0,0.0,0.0,,,True
1790662500,2026-09-29T06:15:00Z,น้ำหนาว,231,0.0,0.098,0.0043,,60,True
1790662500,2026-09-29T06:15:00Z,ศรีเทพ,204,0.0,0.0,0.0,,,True
1790662500,2026-09-29T06:15:00Z,หนองไผ่,315,0.0,0.0,0.0,,,True
1790662500,2026-09-29T06:15:00Z,มหาราช,4,0.0,0.0,0.0,,,False
1790662500,2026-09-29T06:15:00Z,บ้านแพรก,10,0.0,0.0,0.0,,,True
1790662500,2026-09-29T06:15:00Z,บางมูลนาก,99,0.0,0.0,0.0,,,True
1790662500,2026-09-29T06:15:00Z,โพทะเล,131,0.0,0.0,0.0,,,True
1790662500,2026-09-29T06:15:00Z,โพธิ์ประทับช้าง,102,0.0,0.0,0.0,,,True
1790662500,2026-09-29T06:15:00Z,ตะพานหิน,109,0.0,0.0,0.0,,,True
1790662500,2026-09-29T06:15:00Z,เมืองพิจิตร,138,0.0,0.0,0.0,,,True
1790662500,2026-09-29T06:15:00Z,วังทรายพูน,66,0.0,0.0,0.0,,,True
1790663400,2026-09-29T06:30:00Z,พิชัย,176,0.0,0.0,0.0,,,True
1790663400,2026-09-29T06:30:00Z,ลับแล,116,0.002,0.098,0.0172,,15,True
1790663400,2026-09-29T06:30:00Z,ฟากท่า,163,0.0,0.0,0.0,,,True
1790663400,2026-09-29T06:30:00Z,บ้านโคก,247,0.0,0.0,0.0,,,True
1790663400,2026-09-29T06:30:00Z,ท่าปลา,442,0.004,0.201,0.0294,,15,True
1790663400,2026-09-29T06:30:00Z,น้ำปาด,363,0.0,0.0,0.0,,,True
1790663400,2026-09-29T06:30:00Z,เมืองอุตรดิตถ์,202,0.0,0.0,0.0,,,True
1790663400,2026-09-29T06:30:00Z,ตรอน,80,0.0,0.0,0.0,,,True
1790663400,2026-09-29T06:30:00Z,หล่มเก่า,246,0.0,0.0,0.0,,,True
1790663400,2026-09-29T06:30:00Z,วิเชียรบุรี,377,0.0,0.0,0.0,,,True
1790663400,2026-09-29T06:30:00Z,ชนแดน,279,0.0,0.0,0.0,,,True
1790663400,2026-09-29T06:30:00Z,หล่มสัก,350,0.0,0.0,0.0,,,True
1790663400,2026-09-29T06:30:00Z,เมืองเพชรบูรณ์,571,0.0,0.0,0.0,,,True
1790663400,2026-09-29T06:30:00Z,ทองแสนขัน,185,0.0,0.0,0.0,,,True
1790663400,2026-09-29T06:30:00Z,บึงสามัคคี,71,0.006,0.196,0.0423,,75,True
1790663400,2026-09-29T06:30:00Z,โกสัมพีนคร,137,0.005,0.288,0.0292,,15,True
1790663400,2026-09-29T06:30:00Z,สอง,380,0.02,0.201,0.1658,105,75,True
1790663400,2026-09-29T06:30:00Z,วังชิ้น,255,0.0,0.0,0.0,,,True
1790663400,2026-09-29T06:30:00Z,สูงเม่น,88,0.05,0.201,0.3295,15,15,True
1790663400,2026-09-29T06:30:00Z,เด่นชัย,135,0.017,0.201,0.1259,30,15,True
1790663400,2026-09-29T06:30:00Z,ร้องกวาง,221,0.012,0.201,0.0995,,75,True
1790663400,2026-09-29T06:30:00Z,ลอง,317,0.001,0.098,0.0126,,45,True
1790663400,2026-09-29T06:30:00Z,เมืองแพร่,205,0.028,0.201,0.2098,45,15,True
1790663400,2026-09-29T06:30:00Z,ทัพทัน,94,0.0,0.0,0.0,,,True
1790663400,2026-09-29T06:30:00Z,สว่างอารมณ์,110,0.0,0.0,0.0,,,True
1790663400,2026-09-29T06:30:00Z,เมืองอุทัยธานี,59,0.0,0.0,0.0,,,True
1790663400,2026-09-29T06:30:00Z,ห้วยคต,94,0.0,0.0,0.0,,,True
1790663400,2026-09-29T06:30:00Z,ศรีสวัสดิ์,440,0.0,0.0,0.0,,,True
1790663400,2026-09-29T06:30:00Z,บ้านไร่,821,0.0,0.0,0.0,,,True
1790663400,2026-09-29T06:30:00Z,ลานสัก,360,0.0,0.0,0.0,,,True
1790663400,2026-09-29T06:30:00Z,หนองฉาง,89,0.0,0.0,0.0,,,True
1790663400,2026-09-29T06:30:00Z,หนองขาหย่าง,43,0.0,0.0,0.0,,,True
1790663400,2026-09-29T06:30:00Z,เชียงม่วน,82,0.0,0.0,0.0,,,True
1790663400,2026-09-29T06:30:00Z,ดอกคำใต้,37,0.0,0.0,0.0,,,True
1790663400,2026-09-29T06:30:00Z,เมืองพะเยา,6,0.0,0.0,0.0,,,True
1790663400,2026-09-29T06:30:00Z,ทองผาภูมิ,851,0.0,0.0,0.0,,,True
1790663400,2026-09-29T06:30:00Z,สังขละบุรี,793,0.0,0.0,0.0,,,True
1790663400,2026-09-29T06:30:00Z,หนองม่วงไข่,35,0.062,0.201,0.4571,75,60,True
1790663400,2026-09-29T06:30:00Z,ภูเวียง,81,0.0,0.0,0.0,,,True
1790663400,2026-09-29T06:30:00Z,มัญจาคีรี,50,0.0,0.0,0.0,,,True
1790663400,2026-09-29T06:30:00Z,หนองปรือ,104,0.0,0.0,0.0,,,True
1790663400,2026-09-29T06:30:00Z,เลาขวัญ,123,0.0,0.0,0.0,,,True
1790663400,2026-09-29T06:30:00Z,หนองนาคำ,43,0.0,0.0,0.0,,,True
1790663400,2026-09-29T06:30:00Z,โคกโพธิ์ไชย,65,0.0,0.0,0.0,,,True
1790663400,2026-09-29T06:30:00Z,บ้านหลวง,91,0.0,0.0,0.0,,,True
1790663400,2026-09-29T06:30:00Z,นาน้อย,266,0.001,0.098,0.0075,,105,True
1790663400,2026-09-29T06:30:00Z,ภูผาม่าน,74,0.0,0.0,0.0,,,True
1790663400,2026-09-29T06:30:00Z,เมืองน่าน,161,0.0,0.0,0.0,,,True
1790663400,2026-09-29T06:30:00Z,แม่จริม,262,0.0,0.0,0.0,,,True
1790663400,2026-09-29T06:30:00Z,เวียงเก่า,78,0.0,0.0,0.0,,,True
1790663400,2026-09-29T06:30:00Z,เมืองกำแพงเพชร,368,0.019,1.216,0.0272,,15,True
1790663400,2026-09-29T06:30:00Z,ไทรงาม,133,0.056,0.848,0.203,105,90,True
1790663400,2026-09-29T06:30:00Z,ปางศิลาทอง,186,0.002,0.098,0.0215,,90,True
1790663400,2026-09-29T06:30:00Z,ลานกระบือ,103,0.032,0.848,0.0971,,120,True
1790663400,2026-09-29T06:30:00Z,ทรายทองวัฒนา,53,0.154,0.946,0.5094,60,60,True
1790663400,2026-09-29T06:30:00Z,คลองขลุง,179,0.047,1.216,0.1285,60,30,True
1790663400,2026-09-29T06:30:00Z,พรานกระต่าย,252,0.246,1.742,0.369,15,15,True
1790663400,2026-09-29T06:30:00Z,คลองลาน,363,0.002,0.098,0.0248,,120,True
1790663400,2026-09-29T06:30:00Z,ขาณุวรลักษบุรี,296,0.056,1.216,0.1723,30,15,True
1790663400,2026-09-29T06:30:00Z,ภูเพียง,113,0.0,0.0,0.0,,,True
1790663400,2026-09-29T06:30:00Z,นาหมื่น,245,0.005,0.201,0.0449,,45,True
1790663400,2026-09-29T06:30:00Z,เวียงสา,543,0.0,0.0,0.0,,,True
1790663400,2026-09-29T06:30:00Z,น้ำโสม,153,0.031,0.288,0.2026,90,75,True
1790663400,2026-09-29T06:30:00Z,นายูง,126,0.035,0.288,0.2143,120,105,True
1790663400,2026-09-29T06:30:00Z,ชุมแพ,173,0.0,0.0,0.0,,,True
1790663400,2026-09-29T06:30:00Z,สีชมพู,132,0.0,0.0,0.0,,,True
1790663400,2026-09-29T06:30:00Z,สุวรรณคูหา,140,0.0,0.0,0.0,,,True
1790663400,2026-09-29T06:30:00Z,นาวัง,65,0.003,0.098,0.0308,,15,True
1790663400,2026-09-29T06:30:00Z,หนองเรือ,80,0.0,0.0,0.0,,,True
1790663400,2026-09-29T06:30:00Z,โนนสัง,51,0.0,0.0,0.0,,,True
1790663400,2026-09-29T06:30:00Z,ศรีบุญเรือง,224,0.0,0.0,0.0,,,True
1790663400,2026-09-29T06:30:00Z,เมืองหนองบัวลำภู,217,0.0,0.0,0.0,,,True
1790663400,2026-09-29T06:30:00Z,นากลาง,173,0.0,0.0,0.0,,,True
1790663400,2026-09-29T06:30:00Z,ทุ่งเสลี่ยม,144,0.112,0.848,0.3611,105,90,True
1790663400,2026-09-29T06:30:00Z,ดอยหล่อ,56,0.0,0.0,0.0,,,True
1790663400,2026-09-29T06:30:00Z,เมืองตาก,486,0.112,0.946,0.3457,30,15,True
1790663400,2026-09-29T06:30:00Z,แม่ออน,116,0.0,0.0,0.0,,,True
1790663400,2026-09-29T06:30:00Z,อุ้มผาง,1209,0.006,0.098,0.0637,,15,True
1790663400,2026-09-29T06:30:00Z,วังเจ้า,183,0.0,0.0,0.0,,,True
1790663400,2026-09-29T06:30:00Z,แม่สอด,398,0.006,0.288,0.0402,,15,True
1790663400,2026-09-29T06:30:00Z,พบพระ,249,0.0,0.0,0.0,,,True
1790663400,2026-09-29T06:30:00Z,แม่ระมาด,380,0.018,0.413,0.1342,45,15,True
1790663400,2026-09-29T06:30:00Z,ท่าสองยาง,401,0.0,0.098,0.0025,,60,True
1790663400,2026-09-29T06:30:00Z,บ้านตาก,255,0.053,0.592,0.1882,60,15,True
1790663400,2026-09-29T06:30:00Z,สามเงา,698,0.018,0.592,0.1232,105,60,True
1790663400,2026-09-29T06:30:00Z,จอมทอง,280,0.0,0.0,0.0,,,True
1790663400,2026-09-29T06:30:00Z,แก้งสนามนาง,79,0.0,0.0,0.0,,,True
1790663400,2026-09-29T06:30:00Z,สีคิ้ว,292,0.0,0.0,0.0,,,True
1790663400,2026-09-29T06:30:00Z,พระทองคำ,90,0.0,0.0,0.0,,,True
1790663400,2026-09-29T06:30:00Z,เทพารักษ์,92,0.0,0.0,0.0,,,True
1790663400,2026-09-29T06:30:00Z,สันกำแพง,65,0.0,0.0,0.0,,,True
1790663400,2026-09-29T06:30:00Z,สันป่าตอง,44,0.0,0.0,0.0,,,True
1790663400,2026-09-29T06:30:00Z,ดอยเต่า,213,0.0,0.0,0.0,,,True
1790663400,2026-09-29T06:30:00Z,อมก๋อย,704,0.001,0.098,0.0071,,90,True
1790663400,2026-09-29T06:30:00Z,ฮอด,378,0.0,0.0,0.0,,,True
1790663400,2026-09-29T06:30:00Z,เมืองลำพูน,117,0.0,0.0,0.0,,,True
1790663400,2026-09-29T06:30:00Z,แม่ทา,192,0.0,0.0,0.0,,,True
1790663400,2026-09-29T06:30:00Z,บ้านธิ,34,0.0,0.0,0.0,,,True
1790663400,2026-09-29T06:30:00Z,บ้านหมอ,24,0.0,0.0,0.0,,,True
1790663400,2026-09-29T06:30:00Z,เวียงหนองล่อง,14,0.0,0.0,0.0,,,True
1790663400,2026-09-29T06:30:00Z,ทุ่งหัวช้าง,113,0.0,0.0,0.0,,,True
1790663400,2026-09-29T06:30:00Z,ป่าซาง,74,0.0,0.0,0.0,,,True
1790663400,2026-09-29T06:30:00Z,บ้านโฮ่ง,124,0.0,0.0,0.0,,,True
1790663400,2026-09-29T06:30:00Z,แก่งคอย,73,0.0,0.0,0.0,,,True
1790663400,2026-09-29T06:30:00Z,ลี้,454,0.0,0.0,0.0,,,True
1790663400,2026-09-29T06:30:00Z,พระพุทธบาท,55,0.0,0.0,0.0,,,True
1790663400,2026-09-29T06:30:00Z,ดอนพุด,7,0.0,0.0,0.0,,,True
1790663400,2026-09-29T06:30:00Z,หนองโดน,31,0.0,0.0,0.0,,,True
1790663400,2026-09-29T06:30:00Z,เมืองลำปาง,300,0.001,0.098,0.0133,,60,True
1790663400,2026-09-29T06:30:00Z,เถิน,443,0.052,0.946,0.1828,105,15,True
1790663400,2026-09-29T06:30:00Z,แม่พริก,167,0.014,0.413,0.0898,,105,True
1790663400,2026-09-29T06:30:00Z,แจ้ห่ม,274,0.0,0.0,0.0,,,True
1790663400,2026-09-29T06:30:00Z,แม่เปิน,85,0.0,0.0,0.0,,,True
1790663400,2026-09-29T06:30:00Z,เสริมงาม,185,0.0,0.0,0.0,,,True
1790663400,2026-09-29T06:30:00Z,ชุมตาบง,61,0.0,0.0,0.0,,,True
1790663400,2026-09-29T06:30:00Z,งาว,344,0.017,0.848,0.0756,,60,True
1790663400,2026-09-29T06:30:00Z,ตากฟ้า,125,0.0,0.0,0.0,,,True
1790663400,2026-09-29T06:30:00Z,แม่เมาะ,283,0.017,0.592,0.0919,,15,True
1790663400,2026-09-29T06:30:00Z,แม่วงก์,257,0.001,0.201,0.0039,,30,True
1790663400,2026-09-29T06:30:00Z,เกาะคา,128,0.027,0.848,0.1172,105,60,True
1790663400,2026-09-29T06:30:00Z,พยุหะคีรี,169,0.0,0.0,0.0,,,True
1790663400,2026-09-29T06:30:00Z,ลาดยาว,187,0.016,0.413,0.0749,,15,True
1790663400,2026-09-29T06:30:00Z,สบปราบ,125,0.015,0.413,0.08,,30,True
1790663400,2026-09-29T06:30:00Z,ห้างฉัตร,154,0.0,0.0,0.0,,,True
1790663400,2026-09-29T06:30:00Z,แม่ทะ,203,0.001,0.098,0.0099,,15,True
1790663400,2026-09-29T06:30:00Z,เมืองปาน,202,0.0,0.0,0.0,,,True
1790663400,2026-09-29T06:30:00Z,เมืองอ่างทอง,6,0.0,0.0,0.0,,,True
1790663400,2026-09-29T06:30:00Z,ไชโย,20,0.0,0.0,0.0,,,True
1790663400,2026-09-29T06:30:00Z,สามโก้,10,0.0,0.0,0.0,,,True
1790663400,2026-09-29T06:30:00Z,แสวงหา,43,0.0,0.0,0.0,,,True
1790663400,2026-09-29T06:30:00Z,วิเศษชัยชาญ,7,0.0,0.0,0.0,,,True
1790663400,2026-09-29T06:30:00Z,โพธิ์ทอง,48,0.0,0.0,0.0,,,True
1790663400,2026-09-29T06:30:00Z,เมืองลพบุรี,190,0.0,0.0,0.0,,,True
1790663400,2026-09-29T06:30:00Z,เดิมบางนางบวช,130,0.0,0.0,0.0,,,True
1790663400,2026-09-29T06:30:00Z,ด่านช้าง,309,0.0,0.0,0.0,,,True
1790663400,2026-09-29T06:30:00Z,หนองม่วง,111,0.0,0.0,0.0,,,True
1790663400,2026-09-29T06:30:00Z,ลำสนธิ,136,0.0,0.0,0.0,,,True
1790663400,2026-09-29T06:30:00Z,สามชุก,77,0.0,0.0,0.0,,,True
1790663400,2026-09-29T06:30:00Z,ดอนเจดีย์,72,0.0,0.0,0.0,,,True
1790663400,2026-09-29T06:30:00Z,สระโบสถ์,83,0.0,0.0,0.0,,,True
1790663400,2026-09-29T06:30:00Z,ศรีประจันต์,41,0.0,0.0,0.0,,,True
1790663400,2026-09-29T06:30:00Z,โคกเจริญ,135,0.0,0.0,0.0,,,True
1790663400,2026-09-29T06:30:00Z,บ้านหมี่,136,0.0,0.0,0.0,,,True
1790663400,2026-09-29T06:30:00Z,ท่าหลวง,100,0.0,0.0,0.0,,,True
1790663400,2026-09-29T06:30:00Z,ชัยบาดาล,280,0.0,0.0,0.0,,,True
1790663400,2026-09-29T06:30:00Z,ท่าวุ้ง,64,0.0,0.0,0.0,,,True
1790663400,2026-09-29T06:30:00Z,พัฒนานิคม,217,0.0,0.0,0.0,,,True
1790663400,2026-09-29T06:30:00Z,โคกสำโรง,180,0.0,0.0,0.0,,,True
1790663400,2026-09-29T06:30:00Z,หนองหญ้าไซ,108,0.0,0.0,0.0,,,True
1790663400,2026-09-29T06:30:00Z,ท่าช้าง,11,0.0,0.0,0.0,,,True
1790663400,2026-09-29T06:30:00Z,อินทร์บุรี,66,0.0,0.0,0.0,,,True
1790663400,2026-09-29T06:30:00Z,ค่ายบางระจัน,26,0.0,0.0,0.0,,,True
1790663400,2026-09-29T06:30:00Z,พรหมบุรี,19,0.0,0.0,0.0,,,True
1790663400,2026-09-29T06:30:00Z,เนินสง่า,65,0.0,0.0,0.0,,,True
1790663400,2026-09-29T06:30:00Z,เมืองสิงห์บุรี,31,0.0,0.0,0.0,,,True
1790663400,2026-09-29T06:30:00Z,ซับใหญ่,72,0.0,0.0,0.0,,,True
1790663400,2026-09-29T06:30:00Z,บางระจัน,46,0.0,0.0,0.0,,,True
1790663400,2026-09-29T06:30:00Z,ภูกระดึง,190,0.0,0.0,0.0,,,True
1790663400,2026-09-29T06:30:00Z,ภูหลวง,145,0.001,0.098,0.0069,,75,True
1790663400,2026-09-29T06:30:00Z,หนองหิน,78,0.0,0.0,0.0,,,True
1790663400,2026-09-29T06:30:00Z,ผาขาว,100,0.0,0.0,0.0,,,True
1790663400,2026-09-29T06:30:00Z,เอราวัณ,87,0.003,0.098,0.0345,,15,True
1790663400,2026-09-29T06:30:00Z,วังสะพุง,281,0.0,0.0,0.0,,,True
1790663400,2026-09-29T06:30:00Z,วังม่วง,70,0.0,0.0,0.0,,,True
1790663400,2026-09-29T06:30:00Z,เฉลิมพระเกียรติ,35,0.0,0.0,0.0,,,True
1790663400,2026-09-29T06:30:00Z,มวกเหล็ก,175,0.0,0.0,0.0,,,True
1790663400,2026-09-29T06:30:00Z,บ้านเขว้า,124,0.0,0.0,0.0,,,True
1790663400,2026-09-29T06:30:00Z,คอนสวรรค์,113,0.0,0.0,0.0,,,True
1790663400,2026-09-29T06:30:00Z,เมืองชัยภูมิ,358,0.0,0.0,0.0,,,True
1790663400,2026-09-29T06:30:00Z,วังทอง,425,0.0,0.0,0.0,,,True
1790663400,2026-09-29T06:30:00Z,เนินมะปราง,276,0.0,0.0,0.0,,,True
1790663400,2026-09-29T06:30:00Z,สวรรคโลก,156,0.0,0.0,0.0,,,True
1790663400,2026-09-29T06:30:00Z,ศรีนคร,46,0.0,0.0,0.0,,,True
1790663400,2026-09-29T06:30:00Z,หันคา,139,0.0,0.0,0.0,,,True
1790663400,2026-09-29T06:30:00Z,ศรีสัชนาลัย,534,0.0,0.0,0.0,,,True
1790663400,2026-09-29T06:30:00Z,หนองมะโมง,76,0.0,0.0,0.0,,,True
1790663400,2026-09-29T06:30:00Z,ศรีสำโรง,142,0.225,1.742,0.331,105,90,True
1790663400,2026-09-29T06:30:00Z,สรรพยา,55,0.0,0.0,0.0,,,True
1790663400,2026-09-29T06:30:00Z,คีรีมาศ,171,0.0,0.0,0.0,,,True
1790663400,2026-09-29T06:30:00Z,สรรคบุรี,89,0.0,0.0,0.0,,,True
1790663400,2026-09-29T06:30:00Z,กงไกรลาศ,108,0.0,0.0,0.0,,,True
1790663400,2026-09-29T06:30:00Z,มโนรมย์,66,0.0,0.0,0.0,,,True
1790663400,2026-09-29T06:30:00Z,เมืองสุโขทัย,136,0.0,0.0,0.0,,,True
1790663400,2026-09-29T06:30:00Z,วัดสิงห์,67,0.0,0.0,0.0,,,True
1790663400,2026-09-29T06:30:00Z,บ้านด่านลานหอย,231,0.435,1.742,0.7316,60,45,True
1790663400,2026-09-29T06:30:00Z,เมืองชัยนาท,70,0.0,0.0,0.0,,,True
1790663400,2026-09-29T06:30:00Z,เนินขาม,65,0.0,0.0,0.0,,,True
1790663400,2026-09-29T06:30:00Z,คอนสาร,334,0.0,0.0,0.0,,,True
1790663400,2026-09-29T06:30:00Z,ภักดีชุมพล,154,0.0,0.0,0.0,,,True
1790663400,2026-09-29T06:30:00Z,บ้านแท่น,76,0.0,0.0,0.0,,,True
1790663400,2026-09-29T06:30:00Z,แก้งคร้อ,168,0.0,0.0,0.0,,,True
1790663400,2026-09-29T06:30:00Z,ภูเขียว,201,0.0,0.0,0.0,,,True
1790663400,2026-09-29T06:30:00Z,หนองบัวระเหว,179,0.0,0.0,0.0,,,True
1790663400,2026-09-29T06:30:00Z,เทพสถิต,239,0.0,0.0,0.0,,,True
1790663400,2026-09-29T06:30:00Z,จัตุรัส,172,0.0,0.0,0.0,,,True
1790663400,2026-09-29T06:30:00Z,บำเหน็จณรงค์,120,0.0,0.0,0.0,,,True
1790663400,2026-09-29T06:30:00Z,เกษตรสมบูรณ์,268,0.0,0.0,0.0,,,True
1790663400,2026-09-29T06:30:00Z,หนองบัวแดง,537,0.0,0.0,0.0,,,True
1790663400,2026-09-29T06:30:00Z,ภูเรือ,168,0.0,0.0,0.0,,,True
1790663400,2026-09-29T06:30:00Z,ท่าลี่,171,0.0,0.0,0.0,,,True
1790663400,2026-09-29T06:30:00Z,วชิรบารมี,68,0.0,0.0,0.0,,,True
1790663400,2026-09-29T06:30:00Z,ด่านซ้าย,341,0.0,0.0,0.0,,,True
1790663400,2026-09-29T06:30:00Z,นาแห้ว,153,0.0,0.0,0.0,,,True
1790663400,2026-09-29T06:30:00Z,บึงนาราง,74,0.0,0.0,0.0,,,True
1790663400,2026-09-29T06:30:00Z,เชียงคาน,213,0.0,0.0,0.0,,,True
1790663400,2026-09-29T06:30:00Z,ดงเจริญ,56,0.0,0.0,0.0,,,True
1790663400,2026-09-29T06:30:00Z,ปากชม,240,0.011,0.201,0.0708,,75,True
1790663400,2026-09-29T06:30:00Z,เมืองเลย,314,0.002,0.201,0.0096,,15,True
1790663400,2026-09-29T06:30:00Z,นาด้วง,143,0.076,0.288,0.4825,30,15,True
1790663400,2026-09-29T06:30:00Z,สากเหล็ก,45,0.0,0.0,0.0,,,True
1790663400,2026-09-29T06:30:00Z,สามง่าม,89,0.0,0.0,0.0,,,True
1790663400,2026-09-29T06:30:00Z,ทับคล้อ,104,0.0,0.0,0.0,,,True
1790663400,2026-09-29T06:30:00Z,พรหมพิราม,206,0.0,0.0,0.0,,,True
1790663400,2026-09-29T06:30:00Z,ด่านขุนทด,344,0.0,0.0,0.0,,,True
1790663400,2026-09-29T06:30:00Z,วัดโบสถ์,226,0.0,0.0,0.0,,,True
1790663400,2026-09-29T06:30:00Z,บางระกำ,246,0.001,0.098,0.0122,,120,True
1790663400,2026-09-29T06:30:00Z,บางกระทุ่ม,91,0.0,0.0,0.0,,,True
1790663400,2026-09-29T06:30:00Z,นครไทย,597,0.0,0.0,0.0,,,True
1790663400,2026-09-29T06:30:00Z,ชาติตระการ,415,0.0,0.0,0.0,,,True
1790663400,2026-09-29T06:30:00Z,บ้านเหลื่อม,55,0.0,0.0,0.0,,,True
1790663400,2026-09-29T06:30:00Z,เมืองพิษณุโลก,178,0.0,0.0,0.0,,,True
1790663400,2026-09-29T06:30:00Z,ชุมแสง,145,0.0,0.0,0.0,,,True
1790663400,2026-09-29T06:30:00Z,หนองบัว,208,0.0,0.0,0.0,,,True
1790663400,2026-09-29T06:30:00Z,เมืองนครสวรรค์,183,0.0,0.0,0.0,,,True
1790663400,2026-09-29T06:30:00Z,โกรกพระ,71,0.0,0.0,0.0,,,True
1790663400,2026-09-29T06:30:00Z,ไพศาลี,244,0.0,0.0,0.0,,,True
1790663400,2026-09-29T06:30:00Z,ตาคลี,206,0.0,0.0,0.0,,,True
1790663400,2026-09-29T06:30:00Z,ท่าตะโก,211,0.0,0.0,0.0,,,True
1790663400,2026-09-29T06:30:00Z,เขาค้อ,207,0.0,0.0,0.0,,,True
1790663400,2026-09-29T06:30:00Z,บรรพตพิสัย,181,0.0,0.0,0.0,,,True
1790663400,2026-09-29T06:30:00Z,เก้าเลี้ยว,57,0.0,0.0,0.0,,,True
1790663400,2026-09-29T06:30:00Z,วังโป่ง,123,0.0,0.0,0.0,,,True
1790663400,2026-09-29T06:30:00Z,บึงสามพัน,194,0.0,0.0,0.0,,,True
1790663400,2026-09-29T06:30:00Z,น้ำหนาว,231,0.0,0.0,0.0,,,True
1790663400,2026-09-29T06:30:00Z,ศรีเทพ,204,0.0,0.0,0.0,,,True
1790663400,2026-09-29T06:30:00Z,หนองไผ่,315,0.0,0.0,0.0,,,True
1790663400,2026-09-29T06:30:00Z,มหาราช,4,0.0,0.0,0.0,,,False
1790663400,2026-09-29T06:30:00Z,บ้านแพรก,10,0.0,0.0,0.0,,,True
1790663400,2026-09-29T06:30:00Z,บางมูลนาก,99,0.0,0.0,0.0,,,True
1790663400,2026-09-29T06:30:00Z,โพทะเล,131,0.0,0.0,0.0,,,True
1790663400,2026-09-29T06:30:00Z,โพธิ์ประทับช้าง,102,0.0,0.0,0.0,,,True
1790663400,2026-09-29T06:30:00Z,ตะพานหิน,109,0.0,0.0,0.0,,,True
1790663400,2026-09-29T06:30:00Z,เมืองพิจิตร,138,0.0,0.0,0.0,,,True
1790663400,2026-09-29T06:30:00Z,วังทรายพูน,66,0.0,0.0,0.0,,,True
1790664300,2026-09-29T06:45:00Z,พิชัย,176,0.0,0.0,0.0,,,True
1790664300,2026-09-29T06:45:00Z,ลับแล,116,0.0,0.0,0.0,,,True
1790664300,2026-09-29T06:45:00Z,ฟากท่า,163,0.0,0.0,0.0,,,True
1790664300,2026-09-29T06:45:00Z,บ้านโคก,247,0.0,0.0,0.0,,,True
1790664300,2026-09-29T06:45:00Z,ท่าปลา,442,0.001,0.098,0.0068,,15,True
1790664300,2026-09-29T06:45:00Z,น้ำปาด,363,0.0,0.0,0.0,,,True
1790664300,2026-09-29T06:45:00Z,เมืองอุตรดิตถ์,202,0.0,0.0,0.0,,,True
1790664300,2026-09-29T06:45:00Z,ตรอน,80,0.0,0.0,0.0,,,True
1790664300,2026-09-29T06:45:00Z,หล่มเก่า,246,0.0,0.0,0.0,,,True
1790664300,2026-09-29T06:45:00Z,วิเชียรบุรี,377,0.0,0.0,0.0,,,True
1790664300,2026-09-29T06:45:00Z,ชนแดน,279,0.0,0.0,0.0,,,True
1790664300,2026-09-29T06:45:00Z,หล่มสัก,350,0.0,0.0,0.0,,,True
1790664300,2026-09-29T06:45:00Z,เมืองเพชรบูรณ์,571,0.0,0.0,0.0,,,True
1790664300,2026-09-29T06:45:00Z,ทองแสนขัน,185,0.0,0.0,0.0,,,True
1790664300,2026-09-29T06:45:00Z,บึงสามัคคี,71,0.198,1.84,0.338,90,90,True
1790664300,2026-09-29T06:45:00Z,โกสัมพีนคร,137,0.0,0.0,0.0,,,True
1790664300,2026-09-29T06:45:00Z,สอง,380,0.002,0.098,0.0158,,105,True
1790664300,2026-09-29T06:45:00Z,วังชิ้น,255,0.002,0.098,0.0196,,30,True
1790664300,2026-09-29T06:45:00Z,สูงเม่น,88,0.0,0.0,0.0,,,True
1790664300,2026-09-29T06:45:00Z,เด่นชัย,135,0.0,0.0,0.0,,,True
1790664300,2026-09-29T06:45:00Z,ร้องกวาง,221,0.005,0.098,0.0498,,45,True
1790664300,2026-09-29T06:45:00Z,ลอง,317,0.0,0.0,0.0,,,True
1790664300,2026-09-29T06:45:00Z,เมืองแพร่,205,0.002,0.098,0.0244,,15,True
1790664300,2026-09-29T06:45:00Z,ทัพทัน,94,0.0,0.0,0.0,,,True
1790664300,2026-09-29T06:45:00Z,สว่างอารมณ์,110,0.0,0.0,0.0,,,True
1790664300,2026-09-29T06:45:00Z,เมืองอุทัยธานี,59,0.0,0.0,0.0,,,True
1790664300,2026-09-29T06:45:00Z,ห้วยคต,94,0.0,0.0,0.0,,,True
1790664300,2026-09-29T06:45:00Z,ศรีสวัสดิ์,440,0.0,0.0,0.0,,,True
1790664300,2026-09-29T06:45:00Z,บ้านไร่,821,0.0,0.0,0.0,,,True
1790664300,2026-09-29T06:45:00Z,ลานสัก,360,0.0,0.0,0.0,,,True
1790664300,2026-09-29T06:45:00Z,หนองฉาง,89,0.0,0.0,0.0,,,True
1790664300,2026-09-29T06:45:00Z,หนองขาหย่าง,43,0.0,0.0,0.0,,,True
1790664300,2026-09-29T06:45:00Z,เชียงม่วน,82,0.0,0.0,0.0,,,True
1790664300,2026-09-29T06:45:00Z,ดอกคำใต้,37,0.011,0.098,0.1081,120,105,True
1790664300,2026-09-29T06:45:00Z,เมืองพะเยา,6,0.0,0.0,0.0,,,True
1790664300,2026-09-29T06:45:00Z,ทองผาภูมิ,851,0.0,0.0,0.0,,,True
1790664300,2026-09-29T06:45:00Z,สังขละบุรี,793,0.0,0.0,0.0,,,True
1790664300,2026-09-29T06:45:00Z,หนองม่วงไข่,35,0.0,0.0,0.0,,,True
1790664300,2026-09-29T06:45:00Z,ภูเวียง,81,0.0,0.0,0.0,,,True
1790664300,2026-09-29T06:45:00Z,มัญจาคีรี,50,0.0,0.0,0.0,,,True
1790664300,2026-09-29T06:45:00Z,หนองปรือ,104,0.0,0.0,0.0,,,True
1790664300,2026-09-29T06:45:00Z,เลาขวัญ,123,0.0,0.0,0.0,,,True
1790664300,2026-09-29T06:45:00Z,หนองนาคำ,43,0.0,0.0,0.0,,,True
1790664300,2026-09-29T06:45:00Z,โคกโพธิ์ไชย,65,0.0,0.0,0.0,,,True
1790664300,2026-09-29T06:45:00Z,บ้านหลวง,91,0.0,0.0,0.0,,,True
1790664300,2026-09-29T06:45:00Z,นาน้อย,266,0.002,0.098,0.0226,,15,True
1790664300,2026-09-29T06:45:00Z,ภูผาม่าน,74,0.0,0.0,0.0,,,True
1790664300,2026-09-29T06:45:00Z,เมืองน่าน,161,0.0,0.0,0.0,,,True
1790664300,2026-09-29T06:45:00Z,แม่จริม,262,0.001,0.098,0.0076,,105,True
1790664300,2026-09-29T06:45:00Z,เวียงเก่า,78,0.0,0.0,0.0,,,True
1790664300,2026-09-29T06:45:00Z,เมืองกำแพงเพชร,368,0.0,0.0,0.0,,,True
1790664300,2026-09-29T06:45:00Z,ไทรงาม,133,0.01,0.196,0.0902,,75,True
1790664300,2026-09-29T06:45:00Z,ปางศิลาทอง,186,0.013,0.201,0.1237,105,75,True
1790664300,2026-09-29T06:45:00Z,ลานกระบือ,103,0.007,0.196,0.0583,,105,True
1790664300,2026-09-29T06:45:00Z,ทรายทองวัฒนา,53,0.039,0.592,0.2453,60,60,True
1790664300,2026-09-29T06:45:00Z,คลองขลุง,179,0.008,0.196,0.067,,30,True
1790664300,2026-09-29T06:45:00Z,พรานกระต่าย,252,0.151,1.314,0.2579,15,15,True
1790664300,2026-09-29T06:45:00Z,คลองลาน,363,0.01,0.201,0.0854,,105,True
1790664300,2026-09-29T06:45:00Z,ขาณุวรลักษบุรี,296,0.09,1.84,0.1689,60,15,True
1790664300,2026-09-29T06:45:00Z,ภูเพียง,113,0.0,0.0,0.0,,,True
1790664300,2026-09-29T06:45:00Z,นาหมื่น,245,0.002,0.098,0.0204,,30,True
1790664300,2026-09-29T06:45:00Z,เวียงสา,543,0.001,0.098,0.011,,45,True
1790664300,2026-09-29T06:45:00Z,น้ำโสม,153,0.014,0.201,0.1242,90,60,True
1790664300,2026-09-29T06:45:00Z,นายูง,126,0.006,0.098,0.0635,,90,True
1790664300,2026-09-29T06:45:00Z,ชุมแพ,173,0.0,0.0,0.0,,,True
1790664300,2026-09-29T06:45:00Z,สีชมพู,132,0.0,0.0,0.0,,,True
1790664300,2026-09-29T06:45:00Z,สุวรรณคูหา,140,0.0,0.0,0.0,,,True
1790664300,2026-09-29T06:45:00Z,นาวัง,65,0.002,0.098,0.0154,,15,True
1790664300,2026-09-29T06:45:00Z,หนองเรือ,80,0.0,0.0,0.0,,,True
1790664300,2026-09-29T06:45:00Z,โนนสัง,51,0.0,0.0,0.0,,,True
1790664300,2026-09-29T06:45:00Z,ศรีบุญเรือง,224,0.0,0.0,0.0,,,True
1790664300,2026-09-29T06:45:00Z,เมืองหนองบัวลำภู,217,0.0,0.0,0.0,,,True
1790664300,2026-09-29T06:45:00Z,นากลาง,173,0.0,0.0,0.0,,,True
1790664300,2026-09-29T06:45:00Z,ทุ่งเสลี่ยม,144,0.234,1.314,0.5556,105,90,True
1790664300,2026-09-29T06:45:00Z,ดอยหล่อ,56,0.0,0.0,0.0,,,True
1790664300,2026-09-29T06:45:00Z,เมืองตาก,486,0.193,1.83,0.3477,15,15,True
1790664300,2026-09-29T06:45:00Z,แม่ออน,116,0.0,0.0,0.0,,,True
1790664300,2026-09-29T06:45:00Z,อุ้มผาง,1209,0.012,0.201,0.0959,,15,True
1790664300,2026-09-29T06:45:00Z,วังเจ้า,183,0.0,0.0,0.0,,,True
1790664300,2026-09-29T06:45:00Z,แม่สอด,398,0.007,0.098,0.0704,,90,True
1790664300,2026-09-29T06:45:00Z,พบพระ,249,0.004,0.201,0.0321,,75,True
1790664300,2026-09-29T06:45:00Z,แม่ระมาด,380,0.023,0.592,0.1553,90,15,True
1790664300,2026-09-29T06:45:00Z,ท่าสองยาง,401,0.0,0.098,0.005,,45,True
1790664300,2026-09-29T06:45:00Z,บ้านตาก,255,0.095,1.417,0.2667,30,15,True
1790664300,2026-09-29T06:45:00Z,สามเงา,698,0.018,0.592,0.1032,120,30,True
1790664300,2026-09-29T06:45:00Z,จอมทอง,280,0.0,0.0,0.0,,,True
1790664300,2026-09-29T06:45:00Z,แก้งสนามนาง,79,0.0,0.0,0.0,,,True
1790664300,2026-09-29T06:45:00Z,สีคิ้ว,292,0.0,0.0,0.0,,,True
1790664300,2026-09-29T06:45:00Z,พระทองคำ,90,0.0,0.0,0.0,,,True
1790664300,2026-09-29T06:45:00Z,เทพารักษ์,92,0.0,0.0,0.0,,,True
1790664300,2026-09-29T06:45:00Z,สันกำแพง,65,0.0,0.0,0.0,,,True
1790664300,2026-09-29T06:45:00Z,สันป่าตอง,44,0.0,0.0,0.0,,,True
1790664300,2026-09-29T06:45:00Z,ดอยเต่า,213,0.0,0.0,0.0,,,True
1790664300,2026-09-29T06:45:00Z,อมก๋อย,704,0.002,0.201,0.0142,,75,True
1790664300,2026-09-29T06:45:00Z,ฮอด,378,0.0,0.0,0.0,,,True
1790664300,2026-09-29T06:45:00Z,เมืองลำพูน,117,0.0,0.0,0.0,,,True
1790664300,2026-09-29T06:45:00Z,แม่ทา,192,0.0,0.0,0.0,,,True
1790664300,2026-09-29T06:45:00Z,บ้านธิ,34,0.0,0.0,0.0,,,True
1790664300,2026-09-29T06:45:00Z,บ้านหมอ,24,0.0,0.0,0.0,,,True
1790664300,2026-09-29T06:45:00Z,เวียงหนองล่อง,14,0.0,0.0,0.0,,,True
1790664300,2026-09-29T06:45:00Z,ทุ่งหัวช้าง,113,0.0,0.0,0.0,,,True
1790664300,2026-09-29T06:45:00Z,ป่าซาง,74,0.0,0.0,0.0,,,True
1790664300,2026-09-29T06:45:00Z,บ้านโฮ่ง,124,0.0,0.0,0.0,,,True
1790664300,2026-09-29T06:45:00Z,แก่งคอย,73,0.0,0.0,0.0,,,True
1790664300,2026-09-29T06:45:00Z,ลี้,454,0.001,0.098,0.0088,,90,True
1790664300,2026-09-29T06:45:00Z,พระพุทธบาท,55,0.0,0.0,0.0,,,True
1790664300,2026-09-29T06:45:00Z,ดอนพุด,7,0.0,0.0,0.0,,,True
1790664300,2026-09-29T06:45:00Z,หนองโดน,31,0.0,0.0,0.0,,,True
1790664300,2026-09-29T06:45:00Z,เมืองลำปาง,300,0.018,0.288,0.1633,75,45,True
1790664300,2026-09-29T06:45:00Z,เถิน,443,0.129,1.906,0.2528,90,60,True
1790664300,2026-09-29T06:45:00Z,แม่พริก,167,0.026,0.592,0.1856,105,75,True
1790664300,2026-09-29T06:45:00Z,แจ้ห่ม,274,0.005,0.098,0.0511,,105,True
1790664300,2026-09-29T06:45:00Z,แม่เปิน,85,0.0,0.0,0.0,,,True
1790664300,2026-09-29T06:45:00Z,เสริมงาม,185,0.0,0.0,0.0,,,True
1790664300,2026-09-29T06:45:00Z,ชุมตาบง,61,0.0,0.0,0.0,,,True
1790664300,2026-09-29T06:45:00Z,งาว,344,0.001,0.098,0.0087,,60,True
1790664300,2026-09-29T06:45:00Z,ตากฟ้า,125,0.0,0.0,0.0,,,True
1790664300,2026-09-29T06:45:00Z,แม่เมาะ,283,0.002,0.098,0.0247,,15,True
1790664300,2026-09-29T06:45:00Z,แม่วงก์,257,0.002,0.098,0.0195,,60,True
1790664300,2026-09-29T06:45:00Z,เกาะคา,128,0.003,0.201,0.0234,,15,True
1790664300,2026-09-29T06:45:00Z,พยุหะคีรี,169,0.0,0.0,0.0,,,True
1790664300,2026-09-29T06:45:00Z,ลาดยาว,187,0.055,1.216,0.107,30,15,True
1790664300,2026-09-29T06:45:00Z,สบปราบ,125,0.0,0.0,0.0,,,True
1790664300,2026-09-29T06:45:00Z,ห้างฉัตร,154,0.0,0.0,0.0,,,True
1790664300,2026-09-29T06:45:00Z,แม่ทะ,203,0.012,0.288,0.1034,105,15,True
1790664300,2026-09-29T06:45:00Z,เมืองปาน,202,0.0,0.0,0.0,,,True
1790664300,2026-09-29T06:45:00Z,เมืองอ่างทอง,6,0.0,0.0,0.0,,,True
1790664300,2026-09-29T06:45:00Z,ไชโย,20,0.0,0.0,0.0,,,True
1790664300,2026-09-29T06:45:00Z,สามโก้,10,0.0,0.0,0.0,,,True
1790664300,2026-09-29T06:45:00Z,แสวงหา,43,0.0,0.0,0.0,,,True
1790664300,2026-09-29T06:45:00Z,วิเศษชัยชาญ,7,0.0,0.0,0.0,,,True
1790664300,2026-09-29T06:45:00Z,โพธิ์ทอง,48,0.0,0.0,0.0,,,True
1790664300,2026-09-29T06:45:00Z,เมืองลพบุรี,190,0.0,0.0,0.0,,,True
1790664300,2026-09-29T06:45:00Z,เดิมบางนางบวช,130,0.0,0.0,0.0,,,True
1790664300,2026-09-29T06:45:00Z,ด่านช้าง,309,0.0,0.0,0.0,,,True
1790664300,2026-09-29T06:45:00Z,หนองม่วง,111,0.0,0.0,0.0,,,True
1790664300,2026-09-29T06:45:00Z,ลำสนธิ,136,0.0,0.0,0.0,,,True
1790664300,2026-09-29T06:45:00Z,สามชุก,77,0.0,0.0,0.0,,,True
1790664300,2026-09-29T06:45:00Z,ดอนเจดีย์,72,0.0,0.0,0.0,,,True
1790664300,2026-09-29T06:45:00Z,สระโบสถ์,83,0.0,0.0,0.0,,,True
1790664300,2026-09-29T06:45:00Z,ศรีประจันต์,41,0.0,0.0,0.0,,,True
1790664300,2026-09-29T06:45:00Z,โคกเจริญ,135,0.0,0.0,0.0,,,True
1790664300,2026-09-29T06:45:00Z,บ้านหมี่,136,0.0,0.0,0.0,,,True
1790664300,2026-09-29T06:45:00Z,ท่าหลวง,100,0.0,0.0,0.0,,,True
1790664300,2026-09-29T06:45:00Z,ชัยบาดาล,280,0.0,0.0,0.0,,,True
1790664300,2026-09-29T06:45:00Z,ท่าวุ้ง,64,0.0,0.0,0.0,,,True
1790664300,2026-09-29T06:45:00Z,พัฒนานิคม,217,0.0,0.0,0.0,,,True
1790664300,2026-09-29T06:45:00Z,โคกสำโรง,180,0.0,0.0,0.0,,,True
1790664300,2026-09-29T06:45:00Z,หนองหญ้าไซ,108,0.0,0.0,0.0,,,True
1790664300,2026-09-29T06:45:00Z,ท่าช้าง,11,0.0,0.0,0.0,,,True
1790664300,2026-09-29T06:45:00Z,อินทร์บุรี,66,0.0,0.0,0.0,,,True
1790664300,2026-09-29T06:45:00Z,ค่ายบางระจัน,26,0.0,0.0,0.0,,,True
1790664300,2026-09-29T06:45:00Z,พรหมบุรี,19,0.0,0.0,0.0,,,True
1790664300,2026-09-29T06:45:00Z,เนินสง่า,65,0.0,0.0,0.0,,,True
1790664300,2026-09-29T06:45:00Z,เมืองสิงห์บุรี,31,0.0,0.0,0.0,,,True
1790664300,2026-09-29T06:45:00Z,ซับใหญ่,72,0.0,0.0,0.0,,,True
1790664300,2026-09-29T06:45:00Z,บางระจัน,46,0.0,0.0,0.0,,,True
1790664300,2026-09-29T06:45:00Z,ภูกระดึง,190,0.002,0.098,0.0158,,15,True
1790664300,2026-09-29T06:45:00Z,ภูหลวง,145,0.0,0.0,0.0,,,True
1790664300,2026-09-29T06:45:00Z,หนองหิน,78,0.005,0.098,0.0513,,45,True
1790664300,2026-09-29T06:45:00Z,ผาขาว,100,0.0,0.0,0.0,,,True
1790664300,2026-09-29T06:45:00Z,เอราวัณ,87,0.0,0.0,0.0,,,True
1790664300,2026-09-29T06:45:00Z,วังสะพุง,281,0.0,0.098,0.0036,,105,True
1790664300,2026-09-29T06:45:00Z,วังม่วง,70,0.0,0.0,0.0,,,True
1790664300,2026-09-29T06:45:00Z,เฉลิมพระเกียรติ,35,0.0,0.0,0.0,,,True
1790664300,2026-09-29T06:45:00Z,มวกเหล็ก,175,0.0,0.0,0.0,,,True
1790664300,2026-09-29T06:45:00Z,บ้านเขว้า,124,0.0,0.0,0.0,,,True
1790664300,2026-09-29T06:45:00Z,คอนสวรรค์,113,0.0,0.0,0.0,,,True
1790664300,2026-09-29T06:45:00Z,เมืองชัยภูมิ,358,0.0,0.0,0.0,,,True
1790664300,2026-09-29T06:45:00Z,วังทอง,425,0.0,0.0,0.0,,,True
1790664300,2026-09-29T06:45:00Z,เนินมะปราง,276,0.0,0.0,0.0,,,True
1790664300,2026-09-29T06:45:00Z,สวรรคโลก,156,0.03,1.216,0.0449,,120,True
1790664300,2026-09-29T06:45:00Z,ศรีนคร,46,0.0,0.0,0.0,,,True
1790664300,2026-09-29T06:45:00Z,หันคา,139,0.0,0.0,0.0,,,True
1790664300,2026-09-29T06:45:00Z,ศรีสัชนาลัย,534,0.001,0.098,0.0112,,15,True
1790664300,2026-09-29T06:45:00Z,หนองมะโมง,76,0.0,0.0,0.0,,,True
1790664300,2026-09-29T06:45:00Z,ศรีสำโรง,142,0.208,1.314,0.3732,90,75,True
1790664300,2026-09-29T06:45:00Z,สรรพยา,55,0.0,0.0,0.0,,,True
1790664300,2026-09-29T06:45:00Z,คีรีมาศ,171,0.0,0.0,0.0,,,True
1790664300,2026-09-29T06:45:00Z,สรรคบุรี,89,0.0,0.0,0.0,,,True
1790664300,2026-09-29T06:45:00Z,กงไกรลาศ,108,0.0,0.0,0.0,,,True
1790664300,2026-09-29T06:45:00Z,มโนรมย์,66,0.0,0.0,0.0,,,True
1790664300,2026-09-29T06:45:00Z,เมืองสุโขทัย,136,0.013,0.413,0.0588,,90,True
1790664300,2026-09-29T06:45:00Z,วัดสิงห์,67,0.0,0.0,0.0,,,True
1790664300,2026-09-29T06:45:00Z,บ้านด่านลานหอย,231,0.456,1.618,0.7879,45,30,True
1790664300,2026-09-29T06:45:00Z,เมืองชัยนาท,70,0.0,0.0,0.0,,,True
1790664300,2026-09-29T06:45:00Z,เนินขาม,65,0.0,0.0,0.0,,,True
1790664300,2026-09-29T06:45:00Z,คอนสาร,334,0.0,0.0,0.0,,,True
1790664300,2026-09-29T06:45:00Z,ภักดีชุมพล,154,0.0,0.0,0.0,,,True
1790664300,2026-09-29T06:45:00Z,บ้านแท่น,76,0.0,0.0,0.0,,,True
1790664300,2026-09-29T06:45:00Z,แก้งคร้อ,168,0.0,0.0,0.0,,,True
1790664300,2026-09-29T06:45:00Z,ภูเขียว,201,0.0,0.0,0.0,,,True
1790664300,2026-09-29T06:45:00Z,หนองบัวระเหว,179,0.0,0.0,0.0,,,True
1790664300,2026-09-29T06:45:00Z,เทพสถิต,239,0.0,0.0,0.0,,,True
1790664300,2026-09-29T06:45:00Z,จัตุรัส,172,0.0,0.0,0.0,,,True
1790664300,2026-09-29T06:45:00Z,บำเหน็จณรงค์,120,0.0,0.0,0.0,,,True
1790664300,2026-09-29T06:45:00Z,เกษตรสมบูรณ์,268,0.0,0.0,0.0,,,True
1790664300,2026-09-29T06:45:00Z,หนองบัวแดง,537,0.0,0.0,0.0,,,True
1790664300,2026-09-29T06:45:00Z,ภูเรือ,168,0.0,0.0,0.0,,,True
1790664300,2026-09-29T06:45:00Z,ท่าลี่,171,0.001,0.098,0.0058,,120,True
1790664300,2026-09-29T06:45:00Z,วชิรบารมี,68,0.001,0.098,0.0147,,120,True
1790664300,2026-09-29T06:45:00Z,ด่านซ้าย,341,0.001,0.098,0.0088,,30,True
1790664300,2026-09-29T06:45:00Z,นาแห้ว,153,0.0,0.0,0.0,,,True
1790664300,2026-09-29T06:45:00Z,บึงนาราง,74,0.0,0.0,0.0,,,True
1790664300,2026-09-29T06:45:00Z,เชียงคาน,213,0.0,0.0,0.0,,,True
1790664300,2026-09-29T06:45:00Z,ดงเจริญ,56,0.0,0.0,0.0,,,True
1790664300,2026-09-29T06:45:00Z,ปากชม,240,0.0,0.098,0.0042,,60,True
1790664300,2026-09-29T06:45:00Z,เมืองเลย,314,0.0,0.0,0.0,,,True
1790664300,2026-09-29T06:45:00Z,นาด้วง,143,0.019,0.201,0.1748,45,15,True
1790664300,2026-09-29T06:45:00Z,สากเหล็ก,45,0.0,0.0,0.0,,,True
1790664300,2026-09-29T06:45:00Z,สามง่าม,89,0.0,0.0,0.0,,,True
1790664300,2026-09-29T06:45:00Z,ทับคล้อ,104,0.0,0.0,0.0,,,True
1790664300,2026-09-29T06:45:00Z,พรหมพิราม,206,0.0,0.0,0.0,,,True
1790664300,2026-09-29T06:45:00Z,ด่านขุนทด,344,0.0,0.0,0.0,,,True
1790664300,2026-09-29T06:45:00Z,วัดโบสถ์,226,0.0,0.0,0.0,,,True
1790664300,2026-09-29T06:45:00Z,บางระกำ,246,0.001,0.098,0.0081,,120,True
1790664300,2026-09-29T06:45:00Z,บางกระทุ่ม,91,0.0,0.0,0.0,,,True
1790664300,2026-09-29T06:45:00Z,นครไทย,597,0.0,0.0,0.0,,,True
1790664300,2026-09-29T06:45:00Z,ชาติตระการ,415,0.0,0.0,0.0,,,True
1790664300,2026-09-29T06:45:00Z,บ้านเหลื่อม,55,0.0,0.0,0.0,,,True
1790664300,2026-09-29T06:45:00Z,เมืองพิษณุโลก,178,0.0,0.0,0.0,,,True
1790664300,2026-09-29T06:45:00Z,ชุมแสง,145,0.0,0.0,0.0,,,True
1790664300,2026-09-29T06:45:00Z,หนองบัว,208,0.0,0.0,0.0,,,True
1790664300,2026-09-29T06:45:00Z,เมืองนครสวรรค์,183,0.0,0.0,0.0,,,True
1790664300,2026-09-29T06:45:00Z,โกรกพระ,71,0.0,0.0,0.0,,,True
1790664300,2026-09-29T06:45:00Z,ไพศาลี,244,0.0,0.0,0.0,,,True
1790664300,2026-09-29T06:45:00Z,ตาคลี,206,0.0,0.0,0.0,,,True
1790664300,2026-09-29T06:45:00Z,ท่าตะโก,211,0.0,0.0,0.0,,,True
1790664300,2026-09-29T06:45:00Z,เขาค้อ,207,0.0,0.0,0.0,,,True
1790664300,2026-09-29T06:45:00Z,บรรพตพิสัย,181,0.001,0.098,0.0055,,45,True
1790664300,2026-09-29T06:45:00Z,เก้าเลี้ยว,57,0.0,0.0,0.0,,,True
1790664300,2026-09-29T06:45:00Z,วังโป่ง,123,0.0,0.0,0.0,,,True
1790664300,2026-09-29T06:45:00Z,บึงสามพัน,194,0.0,0.0,0.0,,,True
1790664300,2026-09-29T06:45:00Z,น้ำหนาว,231,0.0,0.0,0.0,,,True
1790664300,2026-09-29T06:45:00Z,ศรีเทพ,204,0.0,0.0,0.0,,,True
1790664300,2026-09-29T06:45:00Z,หนองไผ่,315,0.0,0.0,0.0,,,True
1790664300,2026-09-29T06:45:00Z,มหาราช,4,0.0,0.0,0.0,,,False
1790664300,2026-09-29T06:45:00Z,บ้านแพรก,10,0.0,0.0,0.0,,,True
1790664300,2026-09-29T06:45:00Z,บางมูลนาก,99,0.0,0.0,0.0,,,True
1790664300,2026-09-29T06:45:00Z,โพทะเล,131,0.0,0.0,0.0,,,True
1790664300,2026-09-29T06:45:00Z,โพธิ์ประทับช้าง,102,0.0,0.0,0.0,,,True
1790664300,2026-09-29T06:45:00Z,ตะพานหิน,109,0.0,0.0,0.0,,,True
1790664300,2026-09-29T06:45:00Z,เมืองพิจิตร,138,0.0,0.0,0.0,,,True
1790664300,2026-09-29T06:45:00Z,วังทรายพูน,66,0.0,0.0,0.0,,,True
1790665200,2026-09-29T07:00:00Z,พิชัย,176,0.0,0.0,0.0,,,True
1790665200,2026-09-29T07:00:00Z,ลับแล,116,0.0,0.0,0.0,,,True
1790665200,2026-09-29T07:00:00Z,ฟากท่า,163,0.0,0.0,0.0,,,True
1790665200,2026-09-29T07:00:00Z,บ้านโคก,247,0.0,0.0,0.0,,,True
1790665200,2026-09-29T07:00:00Z,ท่าปลา,442,0.004,0.592,0.0158,,15,True
1790665200,2026-09-29T07:00:00Z,น้ำปาด,363,0.0,0.0,0.0,,,True
1790665200,2026-09-29T07:00:00Z,เมืองอุตรดิตถ์,202,0.0,0.0,0.0,,,True
1790665200,2026-09-29T07:00:00Z,ตรอน,80,0.0,0.0,0.0,,,True
1790665200,2026-09-29T07:00:00Z,หล่มเก่า,246,0.0,0.0,0.0,,,True
1790665200,2026-09-29T07:00:00Z,วิเชียรบุรี,377,0.0,0.0,0.0,,,True
1790665200,2026-09-29T07:00:00Z,ชนแดน,279,0.0,0.0,0.0,,,True
1790665200,2026-09-29T07:00:00Z,หล่มสัก,350,0.0,0.0,0.0,,,True
1790665200,2026-09-29T07:00:00Z,เมืองเพชรบูรณ์,571,0.0,0.0,0.0,,,True
1790665200,2026-09-29T07:00:00Z,ทองแสนขัน,185,0.0,0.0,0.0,,,True
1790665200,2026-09-29T07:00:00Z,บึงสามัคคี,71,0.233,0.946,0.507,75,75,True
1790665200,2026-09-29T07:00:00Z,โกสัมพีนคร,137,0.0,0.0,0.0,,,True
1790665200,2026-09-29T07:00:00Z,สอง,380,0.011,0.413,0.0789,,30,True
1790665200,2026-09-29T07:00:00Z,วังชิ้น,255,0.0,0.0,0.0,,,True
1790665200,2026-09-29T07:00:00Z,สูงเม่น,88,0.001,0.098,0.0114,,90,True
1790665200,2026-09-29T07:00:00Z,เด่นชัย,135,0.001,0.098,0.0148,,45,True
1790665200,2026-09-29T07:00:00Z,ร้องกวาง,221,0.0,0.0,0.0,,,True
1790665200,2026-09-29T07:00:00Z,ลอง,317,0.018,0.592,0.0852,,15,True
1790665200,2026-09-29T07:00:00Z,เมืองแพร่,205,0.0,0.098,0.0049,,105,True
1790665200,2026-09-29T07:00:00Z,ทัพทัน,94,0.0,0.0,0.0,,,True
1790665200,2026-09-29T07:00:00Z,สว่างอารมณ์,110,0.0,0.0,0.0,,,True
1790665200,2026-09-29T07:00:00Z,เมืองอุทัยธานี,59,0.0,0.0,0.0,,,True
1790665200,2026-09-29T07:00:00Z,ห้วยคต,94,0.0,0.0,0.0,,,True
1790665200,2026-09-29T07:00:00Z,ศรีสวัสดิ์,440,0.0,0.0,0.0,,,True
1790665200,2026-09-29T07:00:00Z,บ้านไร่,821,0.0,0.0,0.0,,,True
1790665200,2026-09-29T07:00:00Z,ลานสัก,360,0.0,0.0,0.0,,,True
1790665200,2026-09-29T07:00:00Z,หนองฉาง,89,0.0,0.0,0.0,,,True
1790665200,2026-09-29T07:00:00Z,หนองขาหย่าง,43,0.0,0.0,0.0,,,True
1790665200,2026-09-29T07:00:00Z,เชียงม่วน,82,0.001,0.098,0.0122,,120,True
1790665200,2026-09-29T07:00:00Z,ดอกคำใต้,37,0.005,0.098,0.0541,,120,True
1790665200,2026-09-29T07:00:00Z,เมืองพะเยา,6,0.0,0.0,0.0,,,True
1790665200,2026-09-29T07:00:00Z,ทองผาภูมิ,851,0.0,0.0,0.0,,,True
1790665200,2026-09-29T07:00:00Z,สังขละบุรี,793,0.0,0.0,0.0,,,True
1790665200,2026-09-29T07:00:00Z,หนองม่วงไข่,35,0.0,0.0,0.0,,,True
1790665200,2026-09-29T07:00:00Z,ภูเวียง,81,0.0,0.0,0.0,,,True
1790665200,2026-09-29T07:00:00Z,มัญจาคีรี,50,0.0,0.0,0.0,,,True
1790665200,2026-09-29T07:00:00Z,หนองปรือ,104,0.0,0.0,0.0,,,True
1790665200,2026-09-29T07:00:00Z,เลาขวัญ,123,0.0,0.0,0.0,,,True
1790665200,2026-09-29T07:00:00Z,หนองนาคำ,43,0.0,0.0,0.0,,,True
1790665200,2026-09-29T07:00:00Z,โคกโพธิ์ไชย,65,0.0,0.0,0.0,,,True
1790665200,2026-09-29T07:00:00Z,บ้านหลวง,91,0.0,0.0,0.0,,,True
1790665200,2026-09-29T07:00:00Z,นาน้อย,266,0.026,0.848,0.0789,,75,True
1790665200,2026-09-29T07:00:00Z,ภูผาม่าน,74,0.0,0.0,0.0,,,True
1790665200,2026-09-29T07:00:00Z,เมืองน่าน,161,0.0,0.0,0.0,,,True
1790665200,2026-09-29T07:00:00Z,แม่จริม,262,0.0,0.0,0.0,,,True
1790665200,2026-09-29T07:00:00Z,เวียงเก่า,78,0.0,0.0,0.0,,,True
1790665200,2026-09-29T07:00:00Z,เมืองกำแพงเพชร,368,0.002,0.201,0.0163,,15,True
1790665200,2026-09-29T07:00:00Z,ไทรงาม,133,0.0,0.0,0.0,,,True
1790665200,2026-09-29T07:00:00Z,ปางศิลาทอง,186,0.043,0.201,0.3118,75,45,True
1790665200,2026-09-29T07:00:00Z,ลานกระบือ,103,0.0,0.0,0.0,,,True
1790665200,2026-09-29T07:00:00Z,ทรายทองวัฒนา,53,0.002,0.098,0.0189,,45,True
1790665200,2026-09-29T07:00:00Z,คลองขลุง,179,0.001,0.098,0.0112,,15,True
1790665200,2026-09-29T07:00:00Z,พรานกระต่าย,252,0.11,1.742,0.2063,15,15,True
1790665200,2026-09-29T07:00:00Z,คลองลาน,363,0.025,0.201,0.1928,105,90,True
1790665200,2026-09-29T07:00:00Z,ขาณุวรลักษบุรี,296,0.06,0.946,0.1351,60,15,True
1790665200,2026-09-29T07:00:00Z,ภูเพียง,113,0.0,0.0,0.0,,,True
1790665200,2026-09-29T07:00:00Z,นาหมื่น,245,0.029,0.848,0.0898,,30,True
1790665200,2026-09-29T07:00:00Z,เวียงสา,543,0.004,0.592,0.0166,,105,True
1790665200,2026-09-29T07:00:00Z,น้ำโสม,153,0.0,0.0,0.0,,,True
1790665200,2026-09-29T07:00:00Z,นายูง,126,0.0,0.0,0.0,,,True
1790665200,2026-09-29T07:00:00Z,ชุมแพ,173,0.0,0.0,0.0,,,True
1790665200,2026-09-29T07:00:00Z,สีชมพู,132,0.0,0.0,0.0,,,True
1790665200,2026-09-29T07:00:00Z,สุวรรณคูหา,140,0.0,0.0,0.0,,,True
1790665200,2026-09-29T07:00:00Z,นาวัง,65,0.0,0.0,0.0,,,True
1790665200,2026-09-29T07:00:00Z,หนองเรือ,80,0.0,0.0,0.0,,,True
1790665200,2026-09-29T07:00:00Z,โนนสัง,51,0.0,0.0,0.0,,,True
1790665200,2026-09-29T07:00:00Z,ศรีบุญเรือง,224,0.0,0.0,0.0,,,True
1790665200,2026-09-29T07:00:00Z,เมืองหนองบัวลำภู,217,0.0,0.0,0.0,,,True
1790665200,2026-09-29T07:00:00Z,นากลาง,173,0.0,0.0,0.0,,,True
1790665200,2026-09-29T07:00:00Z,ทุ่งเสลี่ยม,144,0.151,0.946,0.6181,90,75,True
1790665200,2026-09-29T07:00:00Z,ดอยหล่อ,56,0.0,0.0,0.0,,,True
1790665200,2026-09-29T07:00:00Z,เมืองตาก,486,0.148,1.417,0.2551,15,15,True
1790665200,2026-09-29T07:00:00Z,แม่ออน,116,0.0,0.0,0.0,,,True
1790665200,2026-09-29T07:00:00Z,อุ้มผาง,1209,0.012,0.201,0.0893,,15,True
1790665200,2026-09-29T07:00:00Z,วังเจ้า,183,0.0,0.0,0.0,,,True
1790665200,2026-09-29T07:00:00Z,แม่สอด,398,0.021,0.386,0.1432,105,60,True
1790665200,2026-09-29T07:00:00Z,พบพระ,249,0.002,0.098,0.0161,,60,True
1790665200,2026-09-29T07:00:00Z,แม่ระมาด,380,0.009,0.098,0.0921,,15,True
1790665200,2026-09-29T07:00:00Z,ท่าสองยาง,401,0.0,0.098,0.0025,,60,True
1790665200,2026-09-29T07:00:00Z,บ้านตาก,255,0.143,1.417,0.2431,30,15,True
1790665200,2026-09-29T07:00:00Z,สามเงา,698,0.012,0.299,0.1032,120,15,True
1790665200,2026-09-29T07:00:00Z,จอมทอง,280,0.0,0.0,0.0,,,True
1790665200,2026-09-29T07:00:00Z,แก้งสนามนาง,79,0.0,0.0,0.0,,,True
1790665200,2026-09-29T07:00:00Z,สีคิ้ว,292,0.0,0.0,0.0,,,True
1790665200,2026-09-29T07:00:00Z,พระทองคำ,90,0.0,0.0,0.0,,,True
1790665200,2026-09-29T07:00:00Z,เทพารักษ์,92,0.0,0.0,0.0,,,True
1790665200,2026-09-29T07:00:00Z,สันกำแพง,65,0.0,0.0,0.0,,,True
1790665200,2026-09-29T07:00:00Z,สันป่าตอง,44,0.0,0.0,0.0,,,True
1790665200,2026-09-29T07:00:00Z,ดอยเต่า,213,0.0,0.098,0.0047,,15,True
1790665200,2026-09-29T07:00:00Z,อมก๋อย,704,0.0,0.098,0.0014,,90,True
1790665200,2026-09-29T07:00:00Z,ฮอด,378,0.0,0.0,0.0,,,True
1790665200,2026-09-29T07:00:00Z,เมืองลำพูน,117,0.0,0.0,0.0,,,True
1790665200,2026-09-29T07:00:00Z,แม่ทา,192,0.001,0.098,0.0104,,90,True
1790665200,2026-09-29T07:00:00Z,บ้านธิ,34,0.0,0.0,0.0,,,True
1790665200,2026-09-29T07:00:00Z,บ้านหมอ,24,0.0,0.0,0.0,,,True
1790665200,2026-09-29T07:00:00Z,เวียงหนองล่อง,14,0.0,0.0,0.0,,,True
1790665200,2026-09-29T07:00:00Z,ทุ่งหัวช้าง,113,0.0,0.0,0.0,,,True
1790665200,2026-09-29T07:00:00Z,ป่าซาง,74,0.0,0.0,0.0,,,True
1790665200,2026-09-29T07:00:00Z,บ้านโฮ่ง,124,0.001,0.098,0.0081,,75,True
1790665200,2026-09-29T07:00:00Z,แก่งคอย,73,0.0,0.0,0.0,,,True
1790665200,2026-09-29T07:00:00Z,ลี้,454,0.002,0.098,0.0198,,30,True
1790665200,2026-09-29T07:00:00Z,พระพุทธบาท,55,0.0,0.0,0.0,,,True
1790665200,2026-09-29T07:00:00Z,ดอนพุด,7,0.0,0.0,0.0,,,True
1790665200,2026-09-29T07:00:00Z,หนองโดน,31,0.0,0.0,0.0,,,True
1790665200,2026-09-29T07:00:00Z,เมืองลำปาง,300,0.016,0.288,0.1167,120,30,True
1790665200,2026-09-29T07:00:00Z,เถิน,443,0.22,1.417,0.3589,75,15,True
1790665200,2026-09-29T07:00:00Z,แม่พริก,167,0.028,0.299,0.2156,75,60,True
1790665200,2026-09-29T07:00:00Z,แจ้ห่ม,274,0.006,0.201,0.0547,,90,True
1790665200,2026-09-29T07:00:00Z,แม่เปิน,85,0.0,0.0,0.0,,,True
1790665200,2026-09-29T07:00:00Z,เสริมงาม,185,0.0,0.0,0.0,,,True
1790665200,2026-09-29T07:00:00Z,ชุมตาบง,61,0.0,0.0,0.0,,,True
1790665200,2026-09-29T07:00:00Z,งาว,344,0.028,0.592,0.1017,120,60,True
1790665200,2026-09-29T07:00:00Z,ตากฟ้า,125,0.0,0.0,0.0,,,True
1790665200,2026-09-29T07:00:00Z,แม่เมาะ,283,0.028,0.592,0.106,90,15,True
1790665200,2026-09-29T07:00:00Z,แม่วงก์,257,0.008,0.196,0.0623,,45,True
1790665200,2026-09-29T07:00:00Z,เกาะคา,128,0.038,0.288,0.2656,75,60,True
1790665200,2026-09-29T07:00:00Z,พยุหะคีรี,169,0.0,0.0,0.0,,,True
1790665200,2026-09-29T07:00:00Z,ลาดยาว,187,0.027,0.848,0.0588,,15,True
1790665200,2026-09-29T07:00:00Z,สบปราบ,125,0.035,0.413,0.208,30,15,True
1790665200,2026-09-29T07:00:00Z,ห้างฉัตร,154,0.001,0.098,0.013,,15,True
1790665200,2026-09-29T07:00:00Z,แม่ทะ,203,0.002,0.201,0.0148,,15,True
1790665200,2026-09-29T07:00:00Z,เมืองปาน,202,0.001,0.098,0.0149,,60,True
1790665200,2026-09-29T07:00:00Z,เมืองอ่างทอง,6,0.0,0.0,0.0,,,True
1790665200,2026-09-29T07:00:00Z,ไชโย,20,0.0,0.0,0.0,,,True
1790665200,2026-09-29T07:00:00Z,สามโก้,10,0.0,0.0,0.0,,,True
1790665200,2026-09-29T07:00:00Z,แสวงหา,43,0.0,0.0,0.0,,,True
1790665200,2026-09-29T07:00:00Z,วิเศษชัยชาญ,7,0.0,0.0,0.0,,,True
1790665200,2026-09-29T07:00:00Z,โพธิ์ทอง,48,0.0,0.0,0.0,,,True
1790665200,2026-09-29T07:00:00Z,เมืองลพบุรี,190,0.0,0.0,0.0,,,True
1790665200,2026-09-29T07:00:00Z,เดิมบางนางบวช,130,0.0,0.0,0.0,,,True
1790665200,2026-09-29T07:00:00Z,ด่านช้าง,309,0.0,0.0,0.0,,,True
1790665200,2026-09-29T07:00:00Z,หนองม่วง,111,0.0,0.0,0.0,,,True
1790665200,2026-09-29T07:00:00Z,ลำสนธิ,136,0.0,0.0,0.0,,,True
1790665200,2026-09-29T07:00:00Z,สามชุก,77,0.0,0.0,0.0,,,True
1790665200,2026-09-29T07:00:00Z,ดอนเจดีย์,72,0.0,0.0,0.0,,,True
1790665200,2026-09-29T07:00:00Z,สระโบสถ์,83,0.0,0.0,0.0,,,True
1790665200,2026-09-29T07:00:00Z,ศรีประจันต์,41,0.0,0.0,0.0,,,True
1790665200,2026-09-29T07:00:00Z,โคกเจริญ,135,0.0,0.0,0.0,,,True
1790665200,2026-09-29T07:00:00Z,บ้านหมี่,136,0.0,0.0,0.0,,,True
1790665200,2026-09-29T07:00:00Z,ท่าหลวง,100,0.0,0.0,0.0,,,True
1790665200,2026-09-29T07:00:00Z,ชัยบาดาล,280,0.0,0.0,0.0,,,True
1790665200,2026-09-29T07:00:00Z,ท่าวุ้ง,64,0.0,0.0,0.0,,,True
1790665200,2026-09-29T07:00:00Z,พัฒนานิคม,217,0.0,0.0,0.0,,,True
1790665200,2026-09-29T07:00:00Z,โคกสำโรง,180,0.0,0.0,0.0,,,True
1790665200,2026-09-29T07:00:00Z,หนองหญ้าไซ,108,0.0,0.0,0.0,,,True
1790665200,2026-09-29T07:00:00Z,ท่าช้าง,11,0.0,0.0,0.0,,,True
1790665200,2026-09-29T07:00:00Z,อินทร์บุรี,66,0.0,0.0,0.0,,,True
1790665200,2026-09-29T07:00:00Z,ค่ายบางระจัน,26,0.0,0.0,0.0,,,True
1790665200,2026-09-29T07:00:00Z,พรหมบุรี,19,0.0,0.0,0.0,,,True
1790665200,2026-09-29T07:00:00Z,เนินสง่า,65,0.0,0.0,0.0,,,True
1790665200,2026-09-29T07:00:00Z,เมืองสิงห์บุรี,31,0.0,0.0,0.0,,,True
1790665200,2026-09-29T07:00:00Z,ซับใหญ่,72,0.0,0.0,0.0,,,True
1790665200,2026-09-29T07:00:00Z,บางระจัน,46,0.0,0.0,0.0,,,True
1790665200,2026-09-29T07:00:00Z,ภูกระดึง,190,0.004,0.098,0.0368,,15,True
1790665200,2026-09-29T07:00:00Z,ภูหลวง,145,0.0,0.0,0.0,,,True
1790665200,2026-09-29T07:00:00Z,หนองหิน,78,0.01,0.098,0.1026,60,30,True
1790665200,2026-09-29T07:00:00Z,ผาขาว,100,0.0,0.0,0.0,,,True
1790665200,2026-09-29T07:00:00Z,เอราวัณ,87,0.008,0.098,0.0805,,105,True
1790665200,2026-09-29T07:00:00Z,วังสะพุง,281,0.002,0.098,0.0214,,75,True
1790665200,2026-09-29T07:00:00Z,วังม่วง,70,0.0,0.0,0.0,,,True
1790665200,2026-09-29T07:00:00Z,เฉลิมพระเกียรติ,35,0.0,0.0,0.0,,,True
1790665200,2026-09-29T07:00:00Z,มวกเหล็ก,175,0.0,0.0,0.0,,,True
1790665200,2026-09-29T07:00:00Z,บ้านเขว้า,124,0.0,0.0,0.0,,,True
1790665200,2026-09-29T07:00:00Z,คอนสวรรค์,113,0.0,0.0,0.0,,,True
1790665200,2026-09-29T07:00:00Z,เมืองชัยภูมิ,358,0.0,0.0,0.0,,,True
1790665200,2026-09-29T07:00:00Z,วังทอง,425,0.0,0.0,0.0,,,True
1790665200,2026-09-29T07:00:00Z,เนินมะปราง,276,0.0,0.0,0.0,,,True
1790665200,2026-09-29T07:00:00Z,สวรรคโลก,156,0.156,1.742,0.2244,105,90,True
1790665200,2026-09-29T07:00:00Z,ศรีนคร,46,0.0,0.0,0.0,,,True
1790665200,2026-09-29T07:00:00Z,หันคา,139,0.0,0.0,0.0,,,True
1790665200,2026-09-29T07:00:00Z,ศรีสัชนาลัย,534,0.018,1.216,0.0936,,15,True
1790665200,2026-09-29T07:00:00Z,หนองมะโมง,76,0.0,0.0,0.0,,,True
1790665200,2026-09-29T07:00:00Z,ศรีสำโรง,142,0.149,1.742,0.3732,75,60,True
1790665200,2026-09-29T07:00:00Z,สรรพยา,55,0.0,0.0,0.0,,,True
1790665200,2026-09-29T07:00:00Z,คีรีมาศ,171,0.009,1.216,0.0175,,60,True
1790665200,2026-09-29T07:00:00Z,สรรคบุรี,89,0.0,0.0,0.0,,,True
1790665200,2026-09-29T07:00:00Z,กงไกรลาศ,108,0.0,0.0,0.0,,,True
1790665200,2026-09-29T07:00:00Z,มโนรมย์,66,0.0,0.0,0.0,,,True
1790665200,2026-09-29T07:00:00Z,เมืองสุโขทัย,136,0.138,1.742,0.1912,75,60,True
1790665200,2026-09-29T07:00:00Z,วัดสิงห์,67,0.0,0.0,0.0,,,True
1790665200,2026-09-29T07:00:00Z,บ้านด่านลานหอย,231,0.351,1.742,0.7922,30,15,True
1790665200,2026-09-29T07:00:00Z,เมืองชัยนาท,70,0.0,0.0,0.0,,,True
1790665200,2026-09-29T07:00:00Z,เนินขาม,65,0.0,0.0,0.0,,,True
1790665200,2026-09-29T07:00:00Z,คอนสาร,334,0.0,0.0,0.0,,,True
1790665200,2026-09-29T07:00:00Z,ภักดีชุมพล,154,0.0,0.0,0.0,,,True
1790665200,2026-09-29T07:00:00Z,บ้านแท่น,76,0.0,0.0,0.0,,,True
1790665200,2026-09-29T07:00:00Z,แก้งคร้อ,168,0.0,0.0,0.0,,,True
1790665200,2026-09-29T07:00:00Z,ภูเขียว,201,0.0,0.0,0.0,,,True
1790665200,2026-09-29T07:00:00Z,หนองบัวระเหว,179,0.0,0.0,0.0,,,True
1790665200,2026-09-29T07:00:00Z,เทพสถิต,239,0.0,0.0,0.0,,,True
1790665200,2026-09-29T07:00:00Z,จัตุรัส,172,0.0,0.0,0.0,,,True
1790665200,2026-09-29T07:00:00Z,บำเหน็จณรงค์,120,0.0,0.0,0.0,,,True
1790665200,2026-09-29T07:00:00Z,เกษตรสมบูรณ์,268,0.0,0.0,0.0,,,True
1790665200,2026-09-29T07:00:00Z,หนองบัวแดง,537,0.0,0.0,0.0,,,True
1790665200,2026-09-29T07:00:00Z,ภูเรือ,168,0.0,0.0,0.0,,,True
1790665200,2026-09-29T07:00:00Z,ท่าลี่,171,0.0,0.0,0.0,,,True
1790665200,2026-09-29T07:00:00Z,วชิรบารมี,68,0.0,0.0,0.0,,,True
1790665200,2026-09-29T07:00:00Z,ด่านซ้าย,341,0.0,0.0,0.0,,,True
1790665200,2026-09-29T07:00:00Z,นาแห้ว,153,0.0,0.0,0.0,,,True
1790665200,2026-09-29T07:00:00Z,บึงนาราง,74,0.0,0.0,0.0,,,True
1790665200,2026-09-29T07:00:00Z,เชียงคาน,213,0.0,0.0,0.0,,,True
1790665200,2026-09-29T07:00:00Z,ดงเจริญ,56,0.0,0.0,0.0,,,True
1790665200,2026-09-29T07:00:00Z,ปากชม,240,0.0,0.0,0.0,,,True
1790665200,2026-09-29T07:00:00Z,เมืองเลย,314,0.0,0.0,0.0,,,True
1790665200,2026-09-29T07:00:00Z,นาด้วง,143,0.0,0.0,0.0,,,True
1790665200,2026-09-29T07:00:00Z,สากเหล็ก,45,0.0,0.0,0.0,,,True
1790665200,2026-09-29T07:00:00Z,สามง่าม,89,0.024,0.592,0.1011,120,120,True
1790665200,2026-09-29T07:00:00Z,ทับคล้อ,104,0.0,0.0,0.0,,,True
1790665200,2026-09-29T07:00:00Z,พรหมพิราม,206,0.0,0.0,0.0,,,True
1790665200,2026-09-29T07:00:00Z,ด่านขุนทด,344,0.0,0.0,0.0,,,True
1790665200,2026-09-29T07:00:00Z,วัดโบสถ์,226,0.0,0.0,0.0,,,True
1790665200,2026-09-29T07:00:00Z,บางระกำ,246,0.0,0.098,0.0041,,105,True
1790665200,2026-09-29T07:00:00Z,บางกระทุ่ม,91,0.0,0.0,0.0,,,True
1790665200,2026-09-29T07:00:00Z,นครไทย,597,0.0,0.0,0.0,,,True
1790665200,2026-09-29T07:00:00Z,ชาติตระการ,415,0.0,0.0,0.0,,,True
1790665200,2026-09-29T07:00:00Z,บ้านเหลื่อม,55,0.0,0.0,0.0,,,True
1790665200,2026-09-29T07:00:00Z,เมืองพิษณุโลก,178,0.0,0.0,0.0,,,True
1790665200,2026-09-29T07:00:00Z,ชุมแสง,145,0.0,0.0,0.0,,,True
1790665200,2026-09-29T07:00:00Z,หนองบัว,208,0.0,0.0,0.0,,,True
1790665200,2026-09-29T07:00:00Z,เมืองนครสวรรค์,183,0.0,0.0,0.0,,,True
1790665200,2026-09-29T07:00:00Z,โกรกพระ,71,0.0,0.0,0.0,,,True
1790665200,2026-09-29T07:00:00Z,ไพศาลี,244,0.0,0.0,0.0,,,True
1790665200,2026-09-29T07:00:00Z,ตาคลี,206,0.0,0.0,0.0,,,True
1790665200,2026-09-29T07:00:00Z,ท่าตะโก,211,0.0,0.0,0.0,,,True
1790665200,2026-09-29T07:00:00Z,เขาค้อ,207,0.0,0.0,0.0,,,True
1790665200,2026-09-29T07:00:00Z,บรรพตพิสัย,181,0.012,0.592,0.0331,,30,True
1790665200,2026-09-29T07:00:00Z,เก้าเลี้ยว,57,0.0,0.0,0.0,,,True
1790665200,2026-09-29T07:00:00Z,วังโป่ง,123,0.0,0.0,0.0,,,True
1790665200,2026-09-29T07:00:00Z,บึงสามพัน,194,0.0,0.0,0.0,,,True
1790665200,2026-09-29T07:00:00Z,น้ำหนาว,231,0.0,0.0,0.0,,,True
1790665200,2026-09-29T07:00:00Z,ศรีเทพ,204,0.0,0.0,0.0,,,True
1790665200,2026-09-29T07:00:00Z,หนองไผ่,315,0.0,0.0,0.0,,,True
1790665200,2026-09-29T07:00:00Z,มหาราช,4,0.0,0.0,0.0,,,False
1790665200,2026-09-29T07:00:00Z,บ้านแพรก,10,0.0,0.0,0.0,,,True
1790665200,2026-09-29T07:00:00Z,บางมูลนาก,99,0.0,0.0,0.0,,,True
1790665200,2026-09-29T07:00:00Z,โพทะเล,131,0.0,0.0,0.0,,,True
1790665200,2026-09-29T07:00:00Z,โพธิ์ประทับช้าง,102,0.01,0.946,0.0196,,105,True
1790665200,2026-09-29T07:00:00Z,ตะพานหิน,109,0.0,0.0,0.0,,,True
1790665200,2026-09-29T07:00:00Z,เมืองพิจิตร,138,0.0,0.0,0.0,,,True
1790665200,2026-09-29T07:00:00Z,วังทรายพูน,66,0.0,0.0,0.0,,,True
1790666100,2026-09-29T07:15:00Z,พิชัย,176,0.0,0.0,0.0,,,True
1790666100,2026-09-29T07:15:00Z,ลับแล,116,0.02,0.848,0.0517,,15,True
1790666100,2026-09-29T07:15:00Z,ฟากท่า,163,0.0,0.0,0.0,,,True
1790666100,2026-09-29T07:15:00Z,บ้านโคก,247,0.0,0.0,0.0,,,True
1790666100,2026-09-29T07:15:00Z,ท่าปลา,442,0.0,0.0,0.0,,,True
1790666100,2026-09-29T07:15:00Z,น้ำปาด,363,0.0,0.0,0.0,,,True
1790666100,2026-09-29T07:15:00Z,เมืองอุตรดิตถ์,202,0.003,0.413,0.0099,,15,True
1790666100,2026-09-29T07:15:00Z,ตรอน,80,0.0,0.0,0.0,,,True
1790666100,2026-09-29T07:15:00Z,หล่มเก่า,246,0.0,0.0,0.0,,,True
1790666100,2026-09-29T07:15:00Z,วิเชียรบุรี,377,0.0,0.0,0.0,,,True
1790666100,2026-09-29T07:15:00Z,ชนแดน,279,0.0,0.0,0.0,,,True
1790666100,2026-09-29T07:15:00Z,หล่มสัก,350,0.002,0.098,0.0171,,60,True
1790666100,2026-09-29T07:15:00Z,เมืองเพชรบูรณ์,571,0.001,0.098,0.007,,15,True
1790666100,2026-09-29T07:15:00Z,ทองแสนขัน,185,0.0,0.0,0.0,,,True
1790666100,2026-09-29T07:15:00Z,บึงสามัคคี,71,0.142,1.216,0.3099,75,60,True
1790666100,2026-09-29T07:15:00Z,โกสัมพีนคร,137,0.002,0.196,0.0146,,15,True
1790666100,2026-09-29T07:15:00Z,สอง,380,0.029,2.594,0.0553,,15,True
1790666100,2026-09-29T07:15:00Z,วังชิ้น,255,0.008,0.614,0.051,,45,True
1790666100,2026-09-29T07:15:00Z,สูงเม่น,88,0.051,0.848,0.1818,75,60,True
1790666100,2026-09-29T07:15:00Z,เด่นชัย,135,0.048,0.848,0.1926,45,30,True
1790666100,2026-09-29T07:15:00Z,ร้องกวาง,221,0.0,0.0,0.0,,,True
1790666100,2026-09-29T07:15:00Z,ลอง,317,0.106,2.496,0.1798,30,15,True
1790666100,2026-09-29T07:15:00Z,เมืองแพร่,205,0.026,0.848,0.0732,,90,True
1790666100,2026-09-29T07:15:00Z,ทัพทัน,94,0.0,0.0,0.0,,,True
1790666100,2026-09-29T07:15:00Z,สว่างอารมณ์,110,0.0,0.0,0.0,,,True
1790666100,2026-09-29T07:15:00Z,เมืองอุทัยธานี,59,0.0,0.0,0.0,,,True
1790666100,2026-09-29T07:15:00Z,ห้วยคต,94,0.0,0.0,0.0,,,True
1790666100,2026-09-29T07:15:00Z,ศรีสวัสดิ์,440,0.0,0.0,0.0,,,True
1790666100,2026-09-29T07:15:00Z,บ้านไร่,821,0.0,0.0,0.0,,,True
1790666100,2026-09-29T07:15:00Z,ลานสัก,360,0.0,0.0,0.0,,,True
1790666100,2026-09-29T07:15:00Z,หนองฉาง,89,0.0,0.0,0.0,,,True
1790666100,2026-09-29T07:15:00Z,หนองขาหย่าง,43,0.0,0.0,0.0,,,True
1790666100,2026-09-29T07:15:00Z,เชียงม่วน,82,0.007,0.413,0.0366,,120,True
1790666100,2026-09-29T07:15:00Z,ดอกคำใต้,37,0.018,0.288,0.1351,120,105,True
1790666100,2026-09-29T07:15:00Z,เมืองพะเยา,6,0.0,0.0,0.0,,,True
1790666100,2026-09-29T07:15:00Z,ทองผาภูมิ,851,0.0,0.0,0.0,,,True
1790666100,2026-09-29T07:15:00Z,สังขละบุรี,793,0.0,0.0,0.0,,,True
1790666100,2026-09-29T07:15:00Z,หนองม่วงไข่,35,0.062,0.592,0.2571,120,120,True
1790666100,2026-09-29T07:15:00Z,ภูเวียง,81,0.0,0.0,0.0,,,True
1790666100,2026-09-29T07:15:00Z,มัญจาคีรี,50,0.0,0.0,0.0,,,True
1790666100,2026-09-29T07:15:00Z,หนองปรือ,104,0.0,0.0,0.0,,,True
1790666100,2026-09-29T07:15:00Z,เลาขวัญ,123,0.0,0.0,0.0,,,True
1790666100,2026-09-29T07:15:00Z,หนองนาคำ,43,0.0,0.0,0.0,,,True
1790666100,2026-09-29T07:15:00Z,โคกโพธิ์ไชย,65,0.0,0.0,0.0,,,True
1790666100,2026-09-29T07:15:00Z,บ้านหลวง,91,0.0,0.0,0.0,,,True
1790666100,2026-09-29T07:15:00Z,นาน้อย,266,0.001,0.098,0.0113,,60,True
1790666100,2026-09-29T07:15:00Z,ภูผาม่าน,74,0.0,0.0,0.0,,,True
1790666100,2026-09-29T07:15:00Z,เมืองน่าน,161,0.0,0.0,0.0,,,True
1790666100,2026-09-29T07:15:00Z,แม่จริม,262,0.0,0.0,0.0,,,True
1790666100,2026-09-29T07:15:00Z,เวียงเก่า,78,0.0,0.0,0.0,,,True
1790666100,2026-09-29T07:15:00Z,เมืองกำแพงเพชร,368,0.01,0.201,0.087,,15,True
1790666100,2026-09-29T07:15:00Z,ไทรงาม,133,0.0,0.0,0.0,,,True
1790666100,2026-09-29T07:15:00Z,ปางศิลาทอง,186,0.064,0.386,0.414,45,30,True
1790666100,2026-09-29T07:15:00Z,ลานกระบือ,103,0.0,0.0,0.0,,,True
1790666100,2026-09-29T07:15:00Z,ทรายทองวัฒนา,53,0.0,0.0,0.0,,,True
1790666100,2026-09-29T07:15:00Z,คลองขลุง,179,0.0,0.0,0.0,,,True
1790666100,2026-09-29T07:15:00Z,พรานกระต่าย,252,0.027,1.314,0.0952,,15,True
1790666100,2026-09-29T07:15:00Z,คลองลาน,363,0.056,0.386,0.3719,90,60,True
1790666100,2026-09-29T07:15:00Z,ขาณุวรลักษบุรี,296,0.032,1.216,0.0845,,15,True
1790666100,2026-09-29T07:15:00Z,ภูเพียง,113,0.0,0.0,0.0,,,True
1790666100,2026-09-29T07:15:00Z,นาหมื่น,245,0.001,0.098,0.0082,,15,True
1790666100,2026-09-29T07:15:00Z,เวียงสา,543,0.0,0.098,0.0037,,105,True
1790666100,2026-09-29T07:15:00Z,น้ำโสม,153,0.0,0.0,0.0,,,True
1790666100,2026-09-29T07:15:00Z,นายูง,126,0.0,0.0,0.0,,,True
1790666100,2026-09-29T07:15:00Z,ชุมแพ,173,0.0,0.0,0.0,,,True
1790666100,2026-09-29T07:15:00Z,สีชมพู,132,0.0,0.0,0.0,,,True
1790666100,2026-09-29T07:15:00Z,สุวรรณคูหา,140,0.0,0.0,0.0,,,True
1790666100,2026-09-29T07:15:00Z,นาวัง,65,0.0,0.0,0.0,,,True
1790666100,2026-09-29T07:15:00Z,หนองเรือ,80,0.0,0.0,0.0,,,True
1790666100,2026-09-29T07:15:00Z,โนนสัง,51,0.0,0.0,0.0,,,True
1790666100,2026-09-29T07:15:00Z,ศรีบุญเรือง,224,0.0,0.0,0.0,,,True
1790666100,2026-09-29T07:15:00Z,เมืองหนองบัวลำภู,217,0.0,0.0,0.0,,,True
1790666100,2026-09-29T07:15:00Z,นากลาง,173,0.0,0.0,0.0,,,True
1790666100,2026-09-29T07:15:00Z,ทุ่งเสลี่ยม,144,0.11,1.261,0.4097,75,60,True
1790666100,2026-09-29T07:15:00Z,ดอยหล่อ,56,0.0,0.0,0.0,,,True
1790666100,2026-09-29T07:15:00Z,เมืองตาก,486,0.147,2.431,0.214,15,15,True
1790666100,2026-09-29T07:15:00Z,แม่ออน,116,0.0,0.0,0.0,,,True
1790666100,2026-09-29T07:15:00Z,อุ้มผาง,1209,0.013,0.386,0.1017,75,15,True
1790666100,2026-09-29T07:15:00Z,วังเจ้า,183,0.013,0.413,0.0601,,60,True
1790666100,2026-09-29T07:15:00Z,แม่สอด,398,0.003,0.098,0.0352,,15,True
1790666100,2026-09-29T07:15:00Z,พบพระ,249,0.029,0.511,0.1968,105,30,True
1790666100,2026-09-29T07:15:00Z,แม่ระมาด,380,0.008,0.098,0.0816,,90,True
1790666100,2026-09-29T07:15:00Z,ท่าสองยาง,401,0.0,0.0,0.0,,,True
1790666100,2026-09-29T07:15:00Z,บ้านตาก,255,0.261,3.257,0.2863,15,15,True
1790666100,2026-09-29T07:15:00Z,สามเงา,698,0.007,0.288,0.0559,,15,True
1790666100,2026-09-29T07:15:00Z,จอมทอง,280,0.0,0.0,0.0,,,True
1790666100,2026-09-29T07:15:00Z,แก้งสนามนาง,79,0.0,0.0,0.0,,,True
1790666100,2026-09-29T07:15:00Z,สีคิ้ว,292,0.0,0.0,0.0,,,True
1790666100,2026-09-29T07:15:00Z,พระทองคำ,90,0.0,0.0,0.0,,,True
1790666100,2026-09-29T07:15:00Z,เทพารักษ์,92,0.0,0.0,0.0,,,True
1790666100,2026-09-29T07:15:00Z,สันกำแพง,65,0.0,0.0,0.0,,,True
1790666100,2026-09-29T07:15:00Z,สันป่าตอง,44,0.0,0.0,0.0,,,True
1790666100,2026-09-29T07:15:00Z,ดอยเต่า,213,0.0,0.0,0.0,,,True
1790666100,2026-09-29T07:15:00Z,อมก๋อย,704,0.0,0.0,0.0,,,True
1790666100,2026-09-29T07:15:00Z,ฮอด,378,0.0,0.0,0.0,,,True
1790666100,2026-09-29T07:15:00Z,เมืองลำพูน,117,0.0,0.0,0.0,,,True
1790666100,2026-09-29T07:15:00Z,แม่ทา,192,0.0,0.0,0.0,,,True
1790666100,2026-09-29T07:15:00Z,บ้านธิ,34,0.0,0.0,0.0,,,True
1790666100,2026-09-29T07:15:00Z,บ้านหมอ,24,0.0,0.0,0.0,,,True
1790666100,2026-09-29T07:15:00Z,เวียงหนองล่อง,14,0.0,0.0,0.0,,,True
1790666100,2026-09-29T07:15:00Z,ทุ่งหัวช้าง,113,0.0,0.0,0.0,,,True
1790666100,2026-09-29T07:15:00Z,ป่าซาง,74,0.0,0.0,0.0,,,True
1790666100,2026-09-29T07:15:00Z,บ้านโฮ่ง,124,0.0,0.0,0.0,,,True
1790666100,2026-09-29T07:15:00Z,แก่งคอย,73,0.0,0.0,0.0,,,True
1790666100,2026-09-29T07:15:00Z,ลี้,454,0.0,0.0,0.0,,,True
1790666100,2026-09-29T07:15:00Z,พระพุทธบาท,55,0.0,0.0,0.0,,,True
1790666100,2026-09-29T07:15:00Z,ดอนพุด,7,0.0,0.0,0.0,,,True
1790666100,2026-09-29T07:15:00Z,หนองโดน,31,0.0,0.0,0.0,,,True
1790666100,2026-09-29T07:15:00Z,เมืองลำปาง,300,0.014,0.288,0.09,,30,True
1790666100,2026-09-29T07:15:00Z,เถิน,443,0.448,2.889,0.4876,60,30,True
1790666100,2026-09-29T07:15:00Z,แม่พริก,167,0.018,0.196,0.1497,90,45,True
1790666100,2026-09-29T07:15:00Z,แจ้ห่ม,274,0.001,0.098,0.0146,,90,True
1790666100,2026-09-29T07:15:00Z,แม่เปิน,85,0.0,0.0,0.0,,,True
1790666100,2026-09-29T07:15:00Z,เสริมงาม,185,0.0,0.0,0.0,,,True
1790666100,2026-09-29T07:15:00Z,ชุมตาบง,61,0.0,0.0,0.0,,,True
1790666100,2026-09-29T07:15:00Z,งาว,344,0.075,2.785,0.0988,,45,True
1790666100,2026-09-29T07:15:00Z,ตากฟ้า,125,0.002,0.098,0.016,,60,True
1790666100,2026-09-29T07:15:00Z,แม่เมาะ,283,0.092,2.697,0.1378,90,15,True
1790666100,2026-09-29T07:15:00Z,แม่วงก์,257,0.015,0.386,0.1089,45,15,True
1790666100,2026-09-29T07:15:00Z,เกาะคา,128,0.028,0.288,0.1797,60,30,True
1790666100,2026-09-29T07:15:00Z,พยุหะคีรี,169,0.0,0.0,0.0,,,True
1790666100,2026-09-29T07:15:00Z,ลาดยาว,187,0.02,1.216,0.0214,,15,True
1790666100,2026-09-29T07:15:00Z,สบปราบ,125,0.017,0.288,0.112,30,15,True
1790666100,2026-09-29T07:15:00Z,ห้างฉัตร,154,0.004,0.098,0.0455,,15,True
1790666100,2026-09-29T07:15:00Z,แม่ทะ,203,0.001,0.098,0.0099,,75,True
1790666100,2026-09-29T07:15:00Z,เมืองปาน,202,0.007,0.201,0.0693,,60,True
1790666100,2026-09-29T07:15:00Z,เมืองอ่างทอง,6,0.0,0.0,0.0,,,True
1790666100,2026-09-29T07:15:00Z,ไชโย,20,0.0,0.0,0.0,,,True
1790666100,2026-09-29T07:15:00Z,สามโก้,10,0.0,0.0,0.0,,,True
1790666100,2026-09-29T07:15:00Z,แสวงหา,43,0.0,0.0,0.0,,,True
1790666100,2026-09-29T07:15:00Z,วิเศษชัยชาญ,7,0.0,0.0,0.0,,,True
1790666100,2026-09-29T07:15:00Z,โพธิ์ทอง,48,0.0,0.0,0.0,,,True
1790666100,2026-09-29T07:15:00Z,เมืองลพบุรี,190,0.0,0.0,0.0,,,True
1790666100,2026-09-29T07:15:00Z,เดิมบางนางบวช,130,0.0,0.0,0.0,,,True
1790666100,2026-09-29T07:15:00Z,ด่านช้าง,309,0.0,0.0,0.0,,,True
1790666100,2026-09-29T07:15:00Z,หนองม่วง,111,0.0,0.0,0.0,,,True
1790666100,2026-09-29T07:15:00Z,ลำสนธิ,136,0.0,0.0,0.0,,,True
1790666100,2026-09-29T07:15:00Z,สามชุก,77,0.0,0.0,0.0,,,True
1790666100,2026-09-29T07:15:00Z,ดอนเจดีย์,72,0.0,0.0,0.0,,,True
1790666100,2026-09-29T07:15:00Z,สระโบสถ์,83,0.0,0.0,0.0,,,True
1790666100,2026-09-29T07:15:00Z,ศรีประจันต์,41,0.0,0.0,0.0,,,True
1790666100,2026-09-29T07:15:00Z,โคกเจริญ,135,0.0,0.0,0.0,,,True
1790666100,2026-09-29T07:15:00Z,บ้านหมี่,136,0.0,0.0,0.0,,,True
1790666100,2026-09-29T07:15:00Z,ท่าหลวง,100,0.0,0.0,0.0,,,True
1790666100,2026-09-29T07:15:00Z,ชัยบาดาล,280,0.0,0.0,0.0,,,True
1790666100,2026-09-29T07:15:00Z,ท่าวุ้ง,64,0.0,0.0,0.0,,,True
1790666100,2026-09-29T07:15:00Z,พัฒนานิคม,217,0.0,0.0,0.0,,,True
1790666100,2026-09-29T07:15:00Z,โคกสำโรง,180,0.0,0.0,0.0,,,True
1790666100,2026-09-29T07:15:00Z,หนองหญ้าไซ,108,0.0,0.0,0.0,,,True
1790666100,2026-09-29T07:15:00Z,ท่าช้าง,11,0.0,0.0,0.0,,,True
1790666100,2026-09-29T07:15:00Z,อินทร์บุรี,66,0.0,0.0,0.0,,,True
1790666100,2026-09-29T07:15:00Z,ค่ายบางระจัน,26,0.0,0.0,0.0,,,True
1790666100,2026-09-29T07:15:00Z,พรหมบุรี,19,0.0,0.0,0.0,,,True
1790666100,2026-09-29T07:15:00Z,เนินสง่า,65,0.0,0.0,0.0,,,True
1790666100,2026-09-29T07:15:00Z,เมืองสิงห์บุรี,31,0.0,0.0,0.0,,,True
1790666100,2026-09-29T07:15:00Z,ซับใหญ่,72,0.0,0.0,0.0,,,True
1790666100,2026-09-29T07:15:00Z,บางระจัน,46,0.0,0.0,0.0,,,True
1790666100,2026-09-29T07:15:00Z,ภูกระดึง,190,0.0,0.0,0.0,,,True
1790666100,2026-09-29T07:15:00Z,ภูหลวง,145,0.0,0.0,0.0,,,True
1790666100,2026-09-29T07:15:00Z,หนองหิน,78,0.001,0.098,0.0128,,45,True
1790666100,2026-09-29T07:15:00Z,ผาขาว,100,0.0,0.0,0.0,,,True
1790666100,2026-09-29T07:15:00Z,เอราวัณ,87,0.001,0.098,0.0115,,90,True
1790666100,2026-09-29T07:15:00Z,วังสะพุง,281,0.0,0.0,0.0,,,True
1790666100,2026-09-29T07:15:00Z,วังม่วง,70,0.0,0.0,0.0,,,True
1790666100,2026-09-29T07:15:00Z,เฉลิมพระเกียรติ,35,0.0,0.0,0.0,,,True
1790666100,2026-09-29T07:15:00Z,มวกเหล็ก,175,0.0,0.0,0.0,,,True
1790666100,2026-09-29T07:15:00Z,บ้านเขว้า,124,0.0,0.0,0.0,,,True
1790666100,2026-09-29T07:15:00Z,คอนสวรรค์,113,0.0,0.0,0.0,,,True
1790666100,2026-09-29T07:15:00Z,เมืองชัยภูมิ,358,0.0,0.0,0.0,,,True
1790666100,2026-09-29T07:15:00Z,วังทอง,425,0.0,0.0,0.0,,,True
1790666100,2026-09-29T07:15:00Z,เนินมะปราง,276,0.0,0.0,0.0,,,True
1790666100,2026-09-29T07:15:00Z,สวรรคโลก,156,0.117,1.417,0.2628,90,75,True
1790666100,2026-09-29T07:15:00Z,ศรีนคร,46,0.0,0.0,0.0,,,True
1790666100,2026-09-29T07:15:00Z,หันคา,139,0.0,0.0,0.0,,,True
1790666100,2026-09-29T07:15:00Z,ศรีสัชนาลัย,534,0.057,1.906,0.1667,120,15,True
1790666100,2026-09-29T07:15:00Z,หนองมะโมง,76,0.0,0.0,0.0,,,True
1790666100,2026-09-29T07:15:00Z,ศรีสำโรง,142,0.08,1.137,0.3028,60,45,True
1790666100,2026-09-29T07:15:00Z,สรรพยา,55,0.0,0.0,0.0,,,True
1790666100,2026-09-29T07:15:00Z,คีรีมาศ,171,0.008,0.592,0.0468,,15,True
1790666100,2026-09-29T07:15:00Z,สรรคบุรี,89,0.0,0.0,0.0,,,True
1790666100,2026-09-29T07:15:00Z,กงไกรลาศ,108,0.0,0.0,0.0,,,True
1790666100,2026-09-29T07:15:00Z,มโนรมย์,66,0.0,0.0,0.0,,,True
1790666100,2026-09-29T07:15:00Z,เมืองสุโขทัย,136,0.136,1.417,0.2279,60,45,True
1790666100,2026-09-29T07:15:00Z,วัดสิงห์,67,0.0,0.0,0.0,,,True
1790666100,2026-09-29T07:15:00Z,บ้านด่านลานหอย,231,0.193,1.44,0.5714,15,15,True
1790666100,2026-09-29T07:15:00Z,เมืองชัยนาท,70,0.0,0.0,0.0,,,True
1790666100,2026-09-29T07:15:00Z,เนินขาม,65,0.0,0.0,0.0,,,True
1790666100,2026-09-29T07:15:00Z,คอนสาร,334,0.001,0.098,0.009,,105,True
1790666100,2026-09-29T07:15:00Z,ภักดีชุมพล,154,0.0,0.0,0.0,,,True
1790666100,2026-09-29T07:15:00Z,บ้านแท่น,76,0.0,0.0,0.0,,,True
1790666100,2026-09-29T07:15:00Z,แก้งคร้อ,168,0.0,0.0,0.0,,,True
1790666100,2026-09-29T07:15:00Z,ภูเขียว,201,0.0,0.0,0.0,,,True
1790666100,2026-09-29T07:15:00Z,หนองบัวระเหว,179,0.0,0.0,0.0,,,True
1790666100,2026-09-29T07:15:00Z,เทพสถิต,239,0.0,0.0,0.0,,,True
1790666100,2026-09-29T07:15:00Z,จัตุรัส,172,0.0,0.0,0.0,,,True
1790666100,2026-09-29T07:15:00Z,บำเหน็จณรงค์,120,0.0,0.0,0.0,,,True
1790666100,2026-09-29T07:15:00Z,เกษตรสมบูรณ์,268,0.001,0.098,0.0149,,60,True
1790666100,2026-09-29T07:15:00Z,หนองบัวแดง,537,0.001,0.098,0.0112,,15,True
1790666100,2026-09-29T07:15:00Z,ภูเรือ,168,0.001,0.098,0.006,,60,True
1790666100,2026-09-29T07:15:00Z,ท่าลี่,171,0.002,0.098,0.0234,,75,True
1790666100,2026-09-29T07:15:00Z,วชิรบารมี,68,0.0,0.0,0.0,,,True
1790666100,2026-09-29T07:15:00Z,ด่านซ้าย,341,0.001,0.098,0.0088,,15,True
1790666100,2026-09-29T07:15:00Z,นาแห้ว,153,0.0,0.0,0.0,,,True
1790666100,2026-09-29T07:15:00Z,บึงนาราง,74,0.0,0.0,0.0,,,True
1790666100,2026-09-29T07:15:00Z,เชียงคาน,213,0.0,0.0,0.0,,,True
1790666100,2026-09-29T07:15:00Z,ดงเจริญ,56,0.0,0.0,0.0,,,True
1790666100,2026-09-29T07:15:00Z,ปากชม,240,0.0,0.0,0.0,,,True
1790666100,2026-09-29T07:15:00Z,เมืองเลย,314,0.0,0.0,0.0,,,True
1790666100,2026-09-29T07:15:00Z,นาด้วง,143,0.0,0.0,0.0,,,True
1790666100,2026-09-29T07:15:00Z,สากเหล็ก,45,0.0,0.0,0.0,,,True
1790666100,2026-09-29T07:15:00Z,สามง่าม,89,0.041,0.848,0.1236,120,105,True
1790666100,2026-09-29T07:15:00Z,ทับคล้อ,104,0.0,0.0,0.0,,,True
1790666100,2026-09-29T07:15:00Z,พรหมพิราม,206,0.0,0.0,0.0,,,True
1790666100,2026-09-29T07:15:00Z,ด่านขุนทด,344,0.0,0.0,0.0,,,True
1790666100,2026-09-29T07:15:00Z,วัดโบสถ์,226,0.0,0.0,0.0,,,True
1790666100,2026-09-29T07:15:00Z,บางระกำ,246,0.0,0.0,0.0,,,True
1790666100,2026-09-29T07:15:00Z,บางกระทุ่ม,91,0.0,0.0,0.0,,,True
1790666100,2026-09-29T07:15:00Z,นครไทย,597,0.0,0.0,0.0,,,True
1790666100,2026-09-29T07:15:00Z,ชาติตระการ,415,0.0,0.0,0.0,,,True
1790666100,2026-09-29T07:15:00Z,บ้านเหลื่อม,55,0.0,0.0,0.0,,,True
1790666100,2026-09-29T07:15:00Z,เมืองพิษณุโลก,178,0.0,0.0,0.0,,,True
1790666100,2026-09-29T07:15:00Z,ชุมแสง,145,0.0,0.0,0.0,,,True
1790666100,2026-09-29T07:15:00Z,หนองบัว,208,0.0,0.0,0.0,,,True
1790666100,2026-09-29T07:15:00Z,เมืองนครสวรรค์,183,0.0,0.0,0.0,,,True
1790666100,2026-09-29T07:15:00Z,โกรกพระ,71,0.0,0.0,0.0,,,True
1790666100,2026-09-29T07:15:00Z,ไพศาลี,244,0.0,0.0,0.0,,,True
1790666100,2026-09-29T07:15:00Z,ตาคลี,206,0.0,0.0,0.0,,,True
1790666100,2026-09-29T07:15:00Z,ท่าตะโก,211,0.0,0.0,0.0,,,True
1790666100,2026-09-29T07:15:00Z,เขาค้อ,207,0.0,0.0,0.0,,,True
1790666100,2026-09-29T07:15:00Z,บรรพตพิสัย,181,0.015,1.216,0.0387,,15,True
1790666100,2026-09-29T07:15:00Z,เก้าเลี้ยว,57,0.0,0.0,0.0,,,True
1790666100,2026-09-29T07:15:00Z,วังโป่ง,123,0.0,0.0,0.0,,,True
1790666100,2026-09-29T07:15:00Z,บึงสามพัน,194,0.0,0.0,0.0,,,True
1790666100,2026-09-29T07:15:00Z,น้ำหนาว,231,0.0,0.0,0.0,,,True
1790666100,2026-09-29T07:15:00Z,ศรีเทพ,204,0.0,0.0,0.0,,,True
1790666100,2026-09-29T07:15:00Z,หนองไผ่,315,0.0,0.0,0.0,,,True
1790666100,2026-09-29T07:15:00Z,มหาราช,4,0.0,0.0,0.0,,,False
1790666100,2026-09-29T07:15:00Z,บ้านแพรก,10,0.0,0.0,0.0,,,True
1790666100,2026-09-29T07:15:00Z,บางมูลนาก,99,0.0,0.0,0.0,,,True
1790666100,2026-09-29T07:15:00Z,โพทะเล,131,0.0,0.0,0.0,,,True
1790666100,2026-09-29T07:15:00Z,โพธิ์ประทับช้าง,102,0.01,0.592,0.0196,,105,True
1790666100,2026-09-29T07:15:00Z,ตะพานหิน,109,0.0,0.0,0.0,,,True
1790666100,2026-09-29T07:15:00Z,เมืองพิจิตร,138,0.0,0.0,0.0,,,True
1790666100,2026-09-29T07:15:00Z,วังทรายพูน,66,0.0,0.0,0.0,,,True
1790667000,2026-09-29T07:30:00Z,พิชัย,176,0.0,0.0,0.0,,,True
1790667000,2026-09-29T07:30:00Z,ลับแล,116,0.0,0.0,0.0,,,True
1790667000,2026-09-29T07:30:00Z,ฟากท่า,163,0.0,0.0,0.0,,,True
1790667000,2026-09-29T07:30:00Z,บ้านโคก,247,0.0,0.0,0.0,,,True
1790667000,2026-09-29T07:30:00Z,ท่าปลา,442,0.0,0.0,0.0,,,True
1790667000,2026-09-29T07:30:00Z,น้ำปาด,363,0.0,0.0,0.0,,,True
1790667000,2026-09-29T07:30:00Z,เมืองอุตรดิตถ์,202,0.0,0.0,0.0,,,True
1790667000,2026-09-29T07:30:00Z,ตรอน,80,0.0,0.0,0.0,,,True
1790667000,2026-09-29T07:30:00Z,หล่มเก่า,246,0.0,0.0,0.0,,,True
1790667000,2026-09-29T07:30:00Z,วิเชียรบุรี,377,0.0,0.0,0.0,,,True
1790667000,2026-09-29T07:30:00Z,ชนแดน,279,0.0,0.0,0.0,,,True
1790667000,2026-09-29T07:30:00Z,หล่มสัก,350,0.0,0.0,0.0,,,True
1790667000,2026-09-29T07:30:00Z,เมืองเพชรบูรณ์,571,0.0,0.0,0.0,,,True
1790667000,2026-09-29T07:30:00Z,ทองแสนขัน,185,0.0,0.0,0.0,,,True
1790667000,2026-09-29T07:30:00Z,บึงสามัคคี,71,0.112,0.848,0.338,60,45,True
1790667000,2026-09-29T07:30:00Z,โกสัมพีนคร,137,0.0,0.0,0.0,,,True
1790667000,2026-09-29T07:30:00Z,สอง,380,0.013,0.848,0.05,,45,True
1790667000,2026-09-29T07:30:00Z,วังชิ้น,255,0.074,1.84,0.1412,120,45,True
1790667000,2026-09-29T07:30:00Z,สูงเม่น,88,0.016,0.592,0.0455,,45,True
1790667000,2026-09-29T07:30:00Z,เด่นชัย,135,0.026,1.216,0.0667,,15,True
1790667000,2026-09-29T07:30:00Z,ร้องกวาง,221,0.0,0.098,0.0045,,120,True
1790667000,2026-09-29T07:30:00Z,ลอง,317,0.07,0.946,0.183,30,15,True
1790667000,2026-09-29T07:30:00Z,เมืองแพร่,205,0.017,1.216,0.0341,,75,True
1790667000,2026-09-29T07:30:00Z,ทัพทัน,94,0.0,0.0,0.0,,,True
1790667000,2026-09-29T07:30:00Z,สว่างอารมณ์,110,0.0,0.0,0.0,,,True
1790667000,2026-09-29T07:30:00Z,เมืองอุทัยธานี,59,0.0,0.0,0.0,,,True
1790667000,2026-09-29T07:30:00Z,ห้วยคต,94,0.0,0.0,0.0,,,True
1790667000,2026-09-29T07:30:00Z,ศรีสวัสดิ์,440,0.0,0.0,0.0,,,True
1790667000,2026-09-29T07:30:00Z,บ้านไร่,821,0.0,0.0,0.0,,,True
1790667000,2026-09-29T07:30:00Z,ลานสัก,360,0.0,0.0,0.0,,,True
1790667000,2026-09-29T07:30:00Z,หนองฉาง,89,0.0,0.0,0.0,,,True
1790667000,2026-09-29T07:30:00Z,หนองขาหย่าง,43,0.0,0.0,0.0,,,True
1790667000,2026-09-29T07:30:00Z,เชียงม่วน,82,0.0,0.0,0.0,,,True
1790667000,2026-09-29T07:30:00Z,ดอกคำใต้,37,0.008,0.201,0.0541,,105,True
1790667000,2026-09-29T07:30:00Z,เมืองพะเยา,6,0.0,0.0,0.0,,,True
1790667000,2026-09-29T07:30:00Z,ทองผาภูมิ,851,0.0,0.0,0.0,,,True
1790667000,2026-09-29T07:30:00Z,สังขละบุรี,793,0.0,0.0,0.0,,,True
1790667000,2026-09-29T07:30:00Z,หนองม่วงไข่,35,0.04,1.216,0.0857,,105,True
1790667000,2026-09-29T07:30:00Z,ภูเวียง,81,0.0,0.0,0.0,,,True
1790667000,2026-09-29T07:30:00Z,มัญจาคีรี,50,0.0,0.0,0.0,,,True
1790667000,2026-09-29T07:30:00Z,หนองปรือ,104,0.0,0.0,0.0,,,True
1790667000,2026-09-29T07:30:00Z,เลาขวัญ,123,0.0,0.0,0.0,,,True
1790667000,2026-09-29T07:30:00Z,หนองนาคำ,43,0.0,0.0,0.0,,,True
1790667000,2026-09-29T07:30:00Z,โคกโพธิ์ไชย,65,0.0,0.0,0.0,,,True
1790667000,2026-09-29T07:30:00Z,บ้านหลวง,91,0.0,0.0,0.0,,,True
1790667000,2026-09-29T07:30:00Z,นาน้อย,266,0.004,0.201,0.0414,,45,True
1790667000,2026-09-29T07:30:00Z,ภูผาม่าน,74,0.0,0.0,0.0,,,True
1790667000,2026-09-29T07:30:00Z,เมืองน่าน,161,0.0,0.0,0.0,,,True
1790667000,2026-09-29T07:30:00Z,แม่จริม,262,0.0,0.0,0.0,,,True
1790667000,2026-09-29T07:30:00Z,เวียงเก่า,78,0.0,0.0,0.0,,,True
1790667000,2026-09-29T07:30:00Z,เมืองกำแพงเพชร,368,0.031,0.592,0.2174,105,15,True
1790667000,2026-09-29T07:30:00Z,ไทรงาม,133,0.001,0.098,0.0075,,90,True
1790667000,2026-09-29T07:30:00Z,ปางศิลาทอง,186,0.091,0.397,0.5376,30,15,True
1790667000,2026-09-29T07:30:00Z,ลานกระบือ,103,0.0,0.0,0.0,,,True
1790667000,2026-09-29T07:30:00Z,ทรายทองวัฒนา,53,0.0,0.0,0.0,,,True
1790667000,2026-09-29T07:30:00Z,คลองขลุง,179,0.0,0.0,0.0,,,True
1790667000,2026-09-29T07:30:00Z,พรานกระต่าย,252,0.018,0.614,0.0635,,15,True
1790667000,2026-09-29T07:30:00Z,คลองลาน,363,0.079,0.397,0.4931,75,30,True
1790667000,2026-09-29T07:30:00Z,ขาณุวรลักษบุรี,296,0.017,0.592,0.0608,,15,True
1790667000,2026-09-29T07:30:00Z,ภูเพียง,113,0.0,0.0,0.0,,,True
1790667000,2026-09-29T07:30:00Z,นาหมื่น,245,0.002,0.098,0.0245,,15,True
1790667000,2026-09-29T07:30:00Z,เวียงสา,543,0.002,0.201,0.0166,,90,True
1790667000,2026-09-29T07:30:00Z,น้ำโสม,153,0.0,0.0,0.0,,,True
1790667000,2026-09-29T07:30:00Z,นายูง,126,0.0,0.0,0.0,,,True
1790667000,2026-09-29T07:30:00Z,ชุมแพ,173,0.0,0.0,0.0,,,True
1790667000,2026-09-29T07:30:00Z,สีชมพู,132,0.0,0.0,0.0,,,True
1790667000,2026-09-29T07:30:00Z,สุวรรณคูหา,140,0.0,0.0,0.0,,,True
1790667000,2026-09-29T07:30:00Z,นาวัง,65,0.012,0.098,0.1231,120,90,True
1790667000,2026-09-29T07:30:00Z,หนองเรือ,80,0.0,0.0,0.0,,,True
1790667000,2026-09-29T07:30:00Z,โนนสัง,51,0.0,0.0,0.0,,,True
1790667000,2026-09-29T07:30:00Z,ศรีบุญเรือง,224,0.0,0.0,0.0,,,True
1790667000,2026-09-29T07:30:00Z,เมืองหนองบัวลำภู,217,0.0,0.0,0.0,,,True
1790667000,2026-09-29T07:30:00Z,นากลาง,173,0.0,0.0,0.0,,,True
1790667000,2026-09-29T07:30:00Z,ทุ่งเสลี่ยม,144,0.118,1.137,0.3611,60,45,True
1790667000,2026-09-29T07:30:00Z,ดอยหล่อ,56,0.0,0.0,0.0,,,True
1790667000,2026-09-29T07:30:00Z,เมืองตาก,486,0.062,1.261,0.1626,15,15,True
1790667000,2026-09-29T07:30:00Z,แม่ออน,116,0.0,0.0,0.0,,,True
1790667000,2026-09-29T07:30:00Z,อุ้มผาง,1209,0.013,0.402,0.0993,,15,True
1790667000,2026-09-29T07:30:00Z,วังเจ้า,183,0.012,0.299,0.0765,,15,True
1790667000,2026-09-29T07:30:00Z,แม่สอด,398,0.017,0.592,0.1206,120,15,True
1790667000,2026-09-29T07:30:00Z,พบพระ,249,0.142,0.848,0.4819,60,15,True
1790667000,2026-09-29T07:30:00Z,แม่ระมาด,380,0.012,0.299,0.1211,120,60,True
1790667000,2026-09-29T07:30:00Z,ท่าสองยาง,401,0.0,0.0,0.0,,,True
1790667000,2026-09-29T07:30:00Z,บ้านตาก,255,0.285,2.496,0.4196,15,15,True
1790667000,2026-09-29T07:30:00Z,สามเงา,698,0.028,1.216,0.106,75,15,True
1790667000,2026-09-29T07:30:00Z,จอมทอง,280,0.0,0.0,0.0,,,True
1790667000,2026-09-29T07:30:00Z,แก้งสนามนาง,79,0.0,0.0,0.0,,,True
1790667000,2026-09-29T07:30:00Z,สีคิ้ว,292,0.0,0.0,0.0,,,True
1790667000,2026-09-29T07:30:00Z,พระทองคำ,90,0.0,0.0,0.0,,,True
1790667000,2026-09-29T07:30:00Z,เทพารักษ์,92,0.0,0.0,0.0,,,True
1790667000,2026-09-29T07:30:00Z,สันกำแพง,65,0.0,0.0,0.0,,,True
1790667000,2026-09-29T07:30:00Z,สันป่าตอง,44,0.0,0.0,0.0,,,True
1790667000,2026-09-29T07:30:00Z,ดอยเต่า,213,0.0,0.0,0.0,,,True
1790667000,2026-09-29T07:30:00Z,อมก๋อย,704,0.0,0.0,0.0,,,True
1790667000,2026-09-29T07:30:00Z,ฮอด,378,0.0,0.0,0.0,,,True
1790667000,2026-09-29T07:30:00Z,เมืองลำพูน,117,0.0,0.0,0.0,,,True
1790667000,2026-09-29T07:30:00Z,แม่ทา,192,0.0,0.0,0.0,,,True
1790667000,2026-09-29T07:30:00Z,บ้านธิ,34,0.0,0.0,0.0,,,True
1790667000,2026-09-29T07:30:00Z,บ้านหมอ,24,0.0,0.0,0.0,,,True
1790667000,2026-09-29T07:30:00Z,เวียงหนองล่อง,14,0.0,0.0,0.0,,,True
1790667000,2026-09-29T07:30:00Z,ทุ่งหัวช้าง,113,0.0,0.0,0.0,,,True
1790667000,2026-09-29T07:30:00Z,ป่าซาง,74,0.0,0.0,0.0,,,True
1790667000,2026-09-29T07:30:00Z,บ้านโฮ่ง,124,0.0,0.0,0.0,,,True
1790667000,2026-09-29T07:30:00Z,แก่งคอย,73,0.0,0.0,0.0,,,True
1790667000,2026-09-29T07:30:00Z,ลี้,454,0.0,0.0,0.0,,,True
1790667000,2026-09-29T07:30:00Z,พระพุทธบาท,55,0.0,0.0,0.0,,,True
1790667000,2026-09-29T07:30:00Z,ดอนพุด,7,0.0,0.0,0.0,,,True
1790667000,2026-09-29T07:30:00Z,หนองโดน,31,0.0,0.0,0.0,,,True
1790667000,2026-09-29T07:30:00Z,เมืองลำปาง,300,0.014,0.848,0.0733,,15,True
1790667000,2026-09-29T07:30:00Z,เถิน,443,0.51,2.697,0.6298,45,15,True
1790667000,2026-09-29T07:30:00Z,แม่พริก,167,0.017,0.299,0.1377,90,15,True
1790667000,2026-09-29T07:30:00Z,แจ้ห่ม,274,0.0,0.0,0.0,,,True
1790667000,2026-09-29T07:30:00Z,แม่เปิน,85,0.0,0.0,0.0,,,True
1790667000,2026-09-29T07:30:00Z,เสริมงาม,185,0.0,0.0,0.0,,,True
1790667000,2026-09-29T07:30:00Z,ชุมตาบง,61,0.0,0.0,0.0,,,True
1790667000,2026-09-29T07:30:00Z,งาว,344,0.063,0.946,0.1279,120,30,True
1790667000,2026-09-29T07:30:00Z,ตากฟ้า,125,0.0,0.0,0.0,,,True
1790667000,2026-09-29T07:30:00Z,แม่เมาะ,283,0.101,1.216,0.2155,60,15,True
1790667000,2026-09-29T07:30:00Z,แม่วงก์,257,0.022,0.201,0.144,30,15,True
1790667000,2026-09-29T07:30:00Z,เกาะคา,128,0.007,0.098,0.0703,,15,True
1790667000,2026-09-29T07:30:00Z,พยุหะคีรี,169,0.0,0.0,0.0,,,True
1790667000,2026-09-29T07:30:00Z,ลาดยาว,187,0.0,0.0,0.0,,,True
1790667000,2026-09-29T07:30:00Z,สบปราบ,125,0.013,0.201,0.12,120,75,True
1790667000,2026-09-29T07:30:00Z,ห้างฉัตร,154,0.0,0.0,0.0,,,True
1790667000,2026-09-29T07:30:00Z,แม่ทะ,203,0.002,0.201,0.0099,,30,True
1790667000,2026-09-29T07:30:00Z,เมืองปาน,202,0.032,0.848,0.099,,45,True
1790667000,2026-09-29T07:30:00Z,เมืองอ่างทอง,6,0.0,0.0,0.0,,,True
1790667000,2026-09-29T07:30:00Z,ไชโย,20,0.0,0.0,0.0,,,True
1790667000,2026-09-29T07:30:00Z,สามโก้,10,0.0,0.0,0.0,,,True
1790667000,2026-09-29T07:30:00Z,แสวงหา,43,0.0,0.0,0.0,,,True
1790667000,2026-09-29T07:30:00Z,วิเศษชัยชาญ,7,0.0,0.0,0.0,,,True
1790667000,2026-09-29T07:30:00Z,โพธิ์ทอง,48,0.0,0.0,0.0,,,True
1790667000,2026-09-29T07:30:00Z,เมืองลพบุรี,190,0.0,0.0,0.0,,,True
1790667000,2026-09-29T07:30:00Z,เดิมบางนางบวช,130,0.0,0.0,0.0,,,True
1790667000,2026-09-29T07:30:00Z,ด่านช้าง,309,0.0,0.0,0.0,,,True
1790667000,2026-09-29T07:30:00Z,หนองม่วง,111,0.0,0.0,0.0,,,True
1790667000,2026-09-29T07:30:00Z,ลำสนธิ,136,0.0,0.0,0.0,,,True
1790667000,2026-09-29T07:30:00Z,สามชุก,77,0.0,0.0,0.0,,,True
1790667000,2026-09-29T07:30:00Z,ดอนเจดีย์,72,0.0,0.0,0.0,,,True
1790667000,2026-09-29T07:30:00Z,สระโบสถ์,83,0.0,0.0,0.0,,,True
1790667000,2026-09-29T07:30:00Z,ศรีประจันต์,41,0.0,0.0,0.0,,,True
1790667000,2026-09-29T07:30:00Z,โคกเจริญ,135,0.0,0.0,0.0,,,True
1790667000,2026-09-29T07:30:00Z,บ้านหมี่,136,0.0,0.0,0.0,,,True
1790667000,2026-09-29T07:30:00Z,ท่าหลวง,100,0.0,0.0,0.0,,,True
1790667000,2026-09-29T07:30:00Z,ชัยบาดาล,280,0.0,0.0,0.0,,,True
1790667000,2026-09-29T07:30:00Z,ท่าวุ้ง,64,0.0,0.0,0.0,,,True
1790667000,2026-09-29T07:30:00Z,พัฒนานิคม,217,0.0,0.0,0.0,,,True
1790667000,2026-09-29T07:30:00Z,โคกสำโรง,180,0.0,0.0,0.0,,,True
1790667000,2026-09-29T07:30:00Z,หนองหญ้าไซ,108,0.0,0.0,0.0,,,True
1790667000,2026-09-29T07:30:00Z,ท่าช้าง,11,0.0,0.0,0.0,,,True
1790667000,2026-09-29T07:30:00Z,อินทร์บุรี,66,0.0,0.0,0.0,,,True
1790667000,2026-09-29T07:30:00Z,ค่ายบางระจัน,26,0.0,0.0,0.0,,,True
1790667000,2026-09-29T07:30:00Z,พรหมบุรี,19,0.0,0.0,0.0,,,True
1790667000,2026-09-29T07:30:00Z,เนินสง่า,65,0.0,0.0,0.0,,,True
1790667000,2026-09-29T07:30:00Z,เมืองสิงห์บุรี,31,0.0,0.0,0.0,,,True
1790667000,2026-09-29T07:30:00Z,ซับใหญ่,72,0.0,0.0,0.0,,,True
1790667000,2026-09-29T07:30:00Z,บางระจัน,46,0.0,0.0,0.0,,,True
1790667000,2026-09-29T07:30:00Z,ภูกระดึง,190,0.0,0.0,0.0,,,True
1790667000,2026-09-29T07:30:00Z,ภูหลวง,145,0.0,0.0,0.0,,,True
1790667000,2026-09-29T07:30:00Z,หนองหิน,78,0.005,0.098,0.0513,,15,True
1790667000,2026-09-29T07:30:00Z,ผาขาว,100,0.0,0.0,0.0,,,True
1790667000,2026-09-29T07:30:00Z,เอราวัณ,87,0.003,0.098,0.0345,,60,True
1790667000,2026-09-29T07:30:00Z,วังสะพุง,281,0.002,0.098,0.0249,,45,True
1790667000,2026-09-29T07:30:00Z,วังม่วง,70,0.0,0.0,0.0,,,True
1790667000,2026-09-29T07:30:00Z,เฉลิมพระเกียรติ,35,0.0,0.0,0.0,,,True
1790667000,2026-09-29T07:30:00Z,มวกเหล็ก,175,0.0,0.0,0.0,,,True
1790667000,2026-09-29T07:30:00Z,บ้านเขว้า,124,0.0,0.0,0.0,,,True
1790667000,2026-09-29T07:30:00Z,คอนสวรรค์,113,0.0,0.0,0.0,,,True
1790667000,2026-09-29T07:30:00Z,เมืองชัยภูมิ,358,0.0,0.0,0.0,,,True
1790667000,2026-09-29T07:30:00Z,วังทอง,425,0.0,0.0,0.0,,,True
1790667000,2026-09-29T07:30:00Z,เนินมะปราง,276,0.0,0.0,0.0,,,True
1790667000,2026-09-29T07:30:00Z,สวรรคโลก,156,0.031,0.299,0.2244,75,60,True
1790667000,2026-09-29T07:30:00Z,ศรีนคร,46,0.0,0.0,0.0,,,True
1790667000,2026-09-29T07:30:00Z,หันคา,139,0.0,0.0,0.0,,,True
1790667000,2026-09-29T07:30:00Z,ศรีสัชนาลัย,534,0.114,2.265,0.2491,105,15,True
1790667000,2026-09-29T07:30:00Z,หนองมะโมง,76,0.0,0.0,0.0,,,True
1790667000,2026-09-29T07:30:00Z,ศรีสำโรง,142,0.02,0.299,0.1479,60,30,True
1790667000,2026-09-29T07:30:00Z,สรรพยา,55,0.0,0.0,0.0,,,True
1790667000,2026-09-29T07:30:00Z,คีรีมาศ,171,0.018,0.511,0.0877,,15,True
1790667000,2026-09-29T07:30:00Z,สรรคบุรี,89,0.0,0.0,0.0,,,True
1790667000,2026-09-29T07:30:00Z,กงไกรลาศ,108,0.0,0.0,0.0,,,True
1790667000,2026-09-29T07:30:00Z,มโนรมย์,66,0.0,0.0,0.0,,,True
1790667000,2026-09-29T07:30:00Z,เมืองสุโขทัย,136,0.038,0.69,0.2132,45,15,True
1790667000,2026-09-29T07:30:00Z,วัดสิงห์,67,0.0,0.0,0.0,,,True
1790667000,2026-09-29T07:30:00Z,บ้านด่านลานหอย,231,0.084,1.049,0.329,15,15,True
1790667000,2026-09-29T07:30:00Z,เมืองชัยนาท,70,0.0,0.0,0.0,,,True
1790667000,2026-09-29T07:30:00Z,เนินขาม,65,0.0,0.0,0.0,,,True
1790667000,2026-09-29T07:30:00Z,คอนสาร,334,0.0,0.0,0.0,,,True
1790667000,2026-09-29T07:30:00Z,ภักดีชุมพล,154,0.0,0.0,0.0,,,True
1790667000,2026-09-29T07:30:00Z,บ้านแท่น,76,0.0,0.0,0.0,,,True
1790667000,2026-09-29T07:30:00Z,แก้งคร้อ,168,0.0,0.0,0.0,,,True
1790667000,2026-09-29T07:30:00Z,ภูเขียว,201,0.0,0.0,0.0,,,True
1790667000,2026-09-29T07:30:00Z,หนองบัวระเหว,179,0.0,0.0,0.0,,,True
1790667000,2026-09-29T07:30:00Z,เทพสถิต,239,0.0,0.0,0.0,,,True
1790667000,2026-09-29T07:30:00Z,จัตุรัส,172,0.0,0.0,0.0,,,True
1790667000,2026-09-29T07:30:00Z,บำเหน็จณรงค์,120,0.0,0.0,0.0,,,True
1790667000,2026-09-29T07:30:00Z,เกษตรสมบูรณ์,268,0.001,0.098,0.0075,,75,True
1790667000,2026-09-29T07:30:00Z,หนองบัวแดง,537,0.0,0.098,0.0019,,15,True
1790667000,2026-09-29T07:30:00Z,ภูเรือ,168,0.001,0.098,0.0119,,45,True
1790667000,2026-09-29T07:30:00Z,ท่าลี่,171,0.003,0.098,0.0292,,60,True
1790667000,2026-09-29T07:30:00Z,วชิรบารมี,68,0.016,0.413,0.0735,,120,True
1790667000,2026-09-29T07:30:00Z,ด่านซ้าย,341,0.001,0.098,0.0059,,30,True
1790667000,2026-09-29T07:30:00Z,นาแห้ว,153,0.0,0.0,0.0,,,True
1790667000,2026-09-29T07:30:00Z,บึงนาราง,74,0.0,0.0,0.0,,,True
1790667000,2026-09-29T07:30:00Z,เชียงคาน,213,0.0,0.0,0.0,,,True
1790667000,2026-09-29T07:30:00Z,ดงเจริญ,56,0.0,0.0,0.0,,,True
1790667000,2026-09-29T07:30:00Z,ปากชม,240,0.0,0.0,0.0,,,True
1790667000,2026-09-29T07:30:00Z,เมืองเลย,314,0.0,0.0,0.0,,,True
1790667000,2026-09-29T07:30:00Z,นาด้วง,143,0.001,0.098,0.007,,120,True
1790667000,2026-09-29T07:30:00Z,สากเหล็ก,45,0.0,0.0,0.0,,,True
1790667000,2026-09-29T07:30:00Z,สามง่าม,89,0.045,0.848,0.1798,105,90,True
1790667000,2026-09-29T07:30:00Z,ทับคล้อ,104,0.0,0.0,0.0,,,True
1790667000,2026-09-29T07:30:00Z,พรหมพิราม,206,0.0,0.0,0.0,,,True
1790667000,2026-09-29T07:30:00Z,ด่านขุนทด,344,0.0,0.0,0.0,,,True
1790667000,2026-09-29T07:30:00Z,วัดโบสถ์,226,0.0,0.0,0.0,,,True
1790667000,2026-09-29T07:30:00Z,บางระกำ,246,0.0,0.0,0.0,,,True
1790667000,2026-09-29T07:30:00Z,บางกระทุ่ม,91,0.0,0.0,0.0,,,True
1790667000,2026-09-29T07:30:00Z,นครไทย,597,0.0,0.0,0.0,,,True
1790667000,2026-09-29T07:30:00Z,ชาติตระการ,415,0.0,0.0,0.0,,,True
1790667000,2026-09-29T07:30:00Z,บ้านเหลื่อม,55,0.0,0.0,0.0,,,True
1790667000,2026-09-29T07:30:00Z,เมืองพิษณุโลก,178,0.0,0.0,0.0,,,True
1790667000,2026-09-29T07:30:00Z,ชุมแสง,145,0.0,0.0,0.0,,,True
1790667000,2026-09-29T07:30:00Z,หนองบัว,208,0.0,0.0,0.0,,,True
1790667000,2026-09-29T07:30:00Z,เมืองนครสวรรค์,183,0.0,0.0,0.0,,,True
1790667000,2026-09-29T07:30:00Z,โกรกพระ,71,0.0,0.0,0.0,,,True
1790667000,2026-09-29T07:30:00Z,ไพศาลี,244,0.0,0.0,0.0,,,True
1790667000,2026-09-29T07:30:00Z,ตาคลี,206,0.0,0.0,0.0,,,True
1790667000,2026-09-29T07:30:00Z,ท่าตะโก,211,0.0,0.0,0.0,,,True
1790667000,2026-09-29T07:30:00Z,เขาค้อ,207,0.0,0.0,0.0,,,True
1790667000,2026-09-29T07:30:00Z,บรรพตพิสัย,181,0.005,0.413,0.0221,,15,True
1790667000,2026-09-29T07:30:00Z,เก้าเลี้ยว,57,0.0,0.0,0.0,,,True
1790667000,2026-09-29T07:30:00Z,วังโป่ง,123,0.0,0.0,0.0,,,True
1790667000,2026-09-29T07:30:00Z,บึงสามพัน,194,0.0,0.0,0.0,,,True
1790667000,2026-09-29T07:30:00Z,น้ำหนาว,231,0.0,0.0,0.0,,,True
1790667000,2026-09-29T07:30:00Z,ศรีเทพ,204,0.0,0.0,0.0,,,True
1790667000,2026-09-29T07:30:00Z,หนองไผ่,315,0.0,0.0,0.0,,,True
1790667000,2026-09-29T07:30:00Z,มหาราช,4,0.0,0.0,0.0,,,False
1790667000,2026-09-29T07:30:00Z,บ้านแพรก,10,0.0,0.0,0.0,,,True
1790667000,2026-09-29T07:30:00Z,บางมูลนาก,99,0.0,0.0,0.0,,,True
1790667000,2026-09-29T07:30:00Z,โพทะเล,131,0.0,0.0,0.0,,,True
1790667000,2026-09-29T07:30:00Z,โพธิ์ประทับช้าง,102,0.005,0.288,0.0196,,90,True
1790667000,2026-09-29T07:30:00Z,ตะพานหิน,109,0.0,0.0,0.0,,,True
1790667000,2026-09-29T07:30:00Z,เมืองพิจิตร,138,0.0,0.0,0.0,,,True
1790667000,2026-09-29T07:30:00Z,วังทรายพูน,66,0.0,0.0,0.0,,,True
1790667900,2026-09-29T07:45:00Z,พิชัย,176,0.0,0.0,0.0,,,True
1790667900,2026-09-29T07:45:00Z,ลับแล,116,0.0,0.0,0.0,,,True
1790667900,2026-09-29T07:45:00Z,ฟากท่า,163,0.0,0.0,0.0,,,True
1790667900,2026-09-29T07:45:00Z,บ้านโคก,247,0.0,0.0,0.0,,,True
1790667900,2026-09-29T07:45:00Z,ท่าปลา,442,0.0,0.0,0.0,,,True
1790667900,2026-09-29T07:45:00Z,น้ำปาด,363,0.0,0.0,0.0,,,True
1790667900,2026-09-29T07:45:00Z,เมืองอุตรดิตถ์,202,0.0,0.0,0.0,,,True
1790667900,2026-09-29T07:45:00Z,ตรอน,80,0.0,0.0,0.0,,,True
1790667900,2026-09-29T07:45:00Z,หล่มเก่า,246,0.0,0.0,0.0,,,True
1790667900,2026-09-29T07:45:00Z,วิเชียรบุรี,377,0.0,0.0,0.0,,,True
1790667900,2026-09-29T07:45:00Z,ชนแดน,279,0.0,0.0,0.0,,,True
1790667900,2026-09-29T07:45:00Z,หล่มสัก,350,0.0,0.0,0.0,,,True
1790667900,2026-09-29T07:45:00Z,เมืองเพชรบูรณ์,571,0.0,0.0,0.0,,,True
1790667900,2026-09-29T07:45:00Z,ทองแสนขัน,185,0.0,0.0,0.0,,,True
1790667900,2026-09-29T07:45:00Z,บึงสามัคคี,71,0.089,0.592,0.3099,45,30,True
1790667900,2026-09-29T07:45:00Z,โกสัมพีนคร,137,0.001,0.098,0.0073,,120,True
1790667900,2026-09-29T07:45:00Z,สอง,380,0.028,1.742,0.0868,,30,True
1790667900,2026-09-29T07:45:00Z,วังชิ้น,255,0.217,1.742,0.2588,105,30,True
1790667900,2026-09-29T07:45:00Z,สูงเม่น,88,0.08,1.742,0.1932,45,30,True
1790667900,2026-09-29T07:45:00Z,เด่นชัย,135,0.072,1.742,0.1481,30,15,True
1790667900,2026-09-29T07:45:00Z,ร้องกวาง,221,0.02,2.496,0.0317,,105,True
1790667900,2026-09-29T07:45:00Z,ลอง,317,0.065,1.44,0.1609,30,15,True
1790667900,2026-09-29T07:45:00Z,เมืองแพร่,205,0.056,1.742,0.1171,75,60,True
1790667900,2026-09-29T07:45:00Z,ทัพทัน,94,0.0,0.0,0.0,,,True
1790667900,2026-09-29T07:45:00Z,สว่างอารมณ์,110,0.0,0.0,0.0,,,True
1790667900,2026-09-29T07:45:00Z,เมืองอุทัยธานี,59,0.0,0.0,0.0,,,True
1790667900,2026-09-29T07:45:00Z,ห้วยคต,94,0.0,0.0,0.0,,,True
1790667900,2026-09-29T07:45:00Z,ศรีสวัสดิ์,440,0.0,0.0,0.0,,,True
1790667900,2026-09-29T07:45:00Z,บ้านไร่,821,0.0,0.0,0.0,,,True
1790667900,2026-09-29T07:45:00Z,ลานสัก,360,0.0,0.0,0.0,,,True
1790667900,2026-09-29T07:45:00Z,หนองฉาง,89,0.0,0.0,0.0,,,True
1790667900,2026-09-29T07:45:00Z,หนองขาหย่าง,43,0.0,0.0,0.0,,,True
1790667900,2026-09-29T07:45:00Z,เชียงม่วน,82,0.0,0.0,0.0,,,True
1790667900,2026-09-29T07:45:00Z,ดอกคำใต้,37,0.024,0.098,0.2432,90,75,True
1790667900,2026-09-29T07:45:00Z,เมืองพะเยา,6,0.0,0.0,0.0,,,True
1790667900,2026-09-29T07:45:00Z,ทองผาภูมิ,851,0.0,0.0,0.0,,,True
1790667900,2026-09-29T07:45:00Z,สังขละบุรี,793,0.0,0.0,0.0,,,True
1790667900,2026-09-29T07:45:00Z,หนองม่วงไข่,35,0.12,1.742,0.2857,90,90,True
1790667900,2026-09-29T07:45:00Z,ภูเวียง,81,0.0,0.0,0.0,,,True
1790667900,2026-09-29T07:45:00Z,มัญจาคีรี,50,0.0,0.0,0.0,,,True
1790667900,2026-09-29T07:45:00Z,หนองปรือ,104,0.0,0.0,0.0,,,True
1790667900,2026-09-29T07:45:00Z,เลาขวัญ,123,0.0,0.0,0.0,,,True
1790667900,2026-09-29T07:45:00Z,หนองนาคำ,43,0.0,0.0,0.0,,,True
1790667900,2026-09-29T07:45:00Z,โคกโพธิ์ไชย,65,0.0,0.0,0.0,,,True
1790667900,2026-09-29T07:45:00Z,บ้านหลวง,91,0.0,0.0,0.0,,,True
1790667900,2026-09-29T07:45:00Z,นาน้อย,266,0.0,0.0,0.0,,,True
1790667900,2026-09-29T07:45:00Z,ภูผาม่าน,74,0.0,0.0,0.0,,,True
1790667900,2026-09-29T07:45:00Z,เมืองน่าน,161,0.0,0.0,0.0,,,True
1790667900,2026-09-29T07:45:00Z,แม่จริม,262,0.0,0.0,0.0,,,True
1790667900,2026-09-29T07:45:00Z,เวียงเก่า,78,0.0,0.0,0.0,,,True
1790667900,2026-09-29T07:45:00Z,เมืองกำแพงเพชร,368,0.044,0.299,0.3234,90,60,True
1790667900,2026-09-29T07:45:00Z,ไทรงาม,133,0.0,0.0,0.0,,,True
1790667900,2026-09-29T07:45:00Z,ปางศิลาทอง,186,0.114,0.484,0.586,15,15,True
1790667900,2026-09-29T07:45:00Z,ลานกระบือ,103,0.0,0.0,0.0,,,True
1790667900,2026-09-29T07:45:00Z,ทรายทองวัฒนา,53,0.0,0.0,0.0,,,True
1790667900,2026-09-29T07:45:00Z,คลองขลุง,179,0.0,0.0,0.0,,,True
1790667900,2026-09-29T07:45:00Z,พรานกระต่าย,252,0.011,0.413,0.0437,,15,True
1790667900,2026-09-29T07:45:00Z,คลองลาน,363,0.112,0.582,0.5234,45,15,True
1790667900,2026-09-29T07:45:00Z,ขาณุวรลักษบุรี,296,0.011,0.592,0.0372,,15,True
1790667900,2026-09-29T07:45:00Z,ภูเพียง,113,0.0,0.0,0.0,,,True
1790667900,2026-09-29T07:45:00Z,นาหมื่น,245,0.0,0.0,0.0,,,True
1790667900,2026-09-29T07:45:00Z,เวียงสา,543,0.0,0.0,0.0,,,True
1790667900,2026-09-29T07:45:00Z,น้ำโสม,153,0.0,0.0,0.0,,,True
1790667900,2026-09-29T07:45:00Z,นายูง,126,0.0,0.0,0.0,,,True
1790667900,2026-09-29T07:45:00Z,ชุมแพ,173,0.001,0.098,0.0058,,120,True
1790667900,2026-09-29T07:45:00Z,สีชมพู,132,0.0,0.0,0.0,,,True
1790667900,2026-09-29T07:45:00Z,สุวรรณคูหา,140,0.0,0.0,0.0,,,True
1790667900,2026-09-29T07:45:00Z,นาวัง,65,0.006,0.098,0.0615,,75,True
1790667900,2026-09-29T07:45:00Z,หนองเรือ,80,0.0,0.0,0.0,,,True
1790667900,2026-09-29T07:45:00Z,โนนสัง,51,0.0,0.0,0.0,,,True
1790667900,2026-09-29T07:45:00Z,ศรีบุญเรือง,224,0.0,0.0,0.0,,,True
1790667900,2026-09-29T07:45:00Z,เมืองหนองบัวลำภู,217,0.0,0.0,0.0,,,True
1790667900,2026-09-29T07:45:00Z,นากลาง,173,0.0,0.0,0.0,,,True
1790667900,2026-09-29T07:45:00Z,ทุ่งเสลี่ยม,144,0.052,0.848,0.2153,60,45,True
1790667900,2026-09-29T07:45:00Z,ดอยหล่อ,56,0.0,0.0,0.0,,,True
1790667900,2026-09-29T07:45:00Z,เมืองตาก,486,0.019,0.848,0.0617,,15,True
1790667900,2026-09-29T07:45:00Z,แม่ออน,116,0.0,0.0,0.0,,,True
1790667900,2026-09-29T07:45:00Z,อุ้มผาง,1209,0.008,0.386,0.0538,,15,True
1790667900,2026-09-29T07:45:00Z,วังเจ้า,183,0.006,0.098,0.0601,,90,True
1790667900,2026-09-29T07:45:00Z,แม่สอด,398,0.033,0.413,0.2286,90,30,True
1790667900,2026-09-29T07:45:00Z,พบพระ,249,0.145,0.69,0.494,60,45,True
1790667900,2026-09-29T07:45:00Z,แม่ระมาด,380,0.015,0.098,0.1526,105,60,True
1790667900,2026-09-29T07:45:00Z,ท่าสองยาง,401,0.0,0.098,0.0025,,90,True
1790667900,2026-09-29T07:45:00Z,บ้านตาก,255,0.253,1.906,0.3843,15,15,True
1790667900,2026-09-29T07:45:00Z,สามเงา,698,0.038,2.096,0.1046,120,15,True
1790667900,2026-09-29T07:45:00Z,จอมทอง,280,0.0,0.0,0.0,,,True
1790667900,2026-09-29T07:45:00Z,แก้งสนามนาง,79,0.0,0.0,0.0,,,True
1790667900,2026-09-29T07:45:00Z,สีคิ้ว,292,0.0,0.0,0.0,,,True
1790667900,2026-09-29T07:45:00Z,พระทองคำ,90,0.0,0.0,0.0,,,True
1790667900,2026-09-29T07:45:00Z,เทพารักษ์,92,0.0,0.0,0.0,,,True
1790667900,2026-09-29T07:45:00Z,สันกำแพง,65,0.0,0.0,0.0,,,True
1790667900,2026-09-29T07:45:00Z,สันป่าตอง,44,0.0,0.0,0.0,,,True
1790667900,2026-09-29T07:45:00Z,ดอยเต่า,213,0.0,0.0,0.0,,,True
1790667900,2026-09-29T07:45:00Z,อมก๋อย,704,0.0,0.098,0.0043,,15,True
1790667900,2026-09-29T07:45:00Z,ฮอด,378,0.0,0.0,0.0,,,True
1790667900,2026-09-29T07:45:00Z,เมืองลำพูน,117,0.0,0.0,0.0,,,True
1790667900,2026-09-29T07:45:00Z,แม่ทา,192,0.0,0.0,0.0,,,True
1790667900,2026-09-29T07:45:00Z,บ้านธิ,34,0.0,0.0,0.0,,,True
1790667900,2026-09-29T07:45:00Z,บ้านหมอ,24,0.0,0.0,0.0,,,True
1790667900,2026-09-29T07:45:00Z,เวียงหนองล่อง,14,0.0,0.0,0.0,,,True
1790667900,2026-09-29T07:45:00Z,ทุ่งหัวช้าง,113,0.006,0.098,0.0619,,75,True
1790667900,2026-09-29T07:45:00Z,ป่าซาง,74,0.0,0.0,0.0,,,True
1790667900,2026-09-29T07:45:00Z,บ้านโฮ่ง,124,0.0,0.0,0.0,,,True
1790667900,2026-09-29T07:45:00Z,แก่งคอย,73,0.0,0.0,0.0,,,True
1790667900,2026-09-29T07:45:00Z,ลี้,454,0.004,0.201,0.0352,,30,True
1790667900,2026-09-29T07:45:00Z,พระพุทธบาท,55,0.0,0.0,0.0,,,True
1790667900,2026-09-29T07:45:00Z,ดอนพุด,7,0.0,0.0,0.0,,,True
1790667900,2026-09-29T07:45:00Z,หนองโดน,31,0.0,0.0,0.0,,,True
1790667900,2026-09-29T07:45:00Z,เมืองลำปาง,300,0.002,0.098,0.02,,15,True
1790667900,2026-09-29T07:45:00Z,เถิน,443,0.607,2.162,0.6343,30,15,True
1790667900,2026-09-29T07:45:00Z,แม่พริก,167,0.032,1.798,0.1377,75,15,True
1790667900,2026-09-29T07:45:00Z,แจ้ห่ม,274,0.0,0.0,0.0,,,True
1790667900,2026-09-29T07:45:00Z,แม่เปิน,85,0.0,0.0,0.0,,,True
1790667900,2026-09-29T07:45:00Z,เสริมงาม,185,0.008,0.201,0.0703,,90,True
1790667900,2026-09-29T07:45:00Z,ชุมตาบง,61,0.0,0.0,0.0,,,True
1790667900,2026-09-29T07:45:00Z,งาว,344,0.101,0.946,0.2645,90,15,True
1790667900,2026-09-29T07:45:00Z,ตากฟ้า,125,0.0,0.0,0.0,,,True
1790667900,2026-09-29T07:45:00Z,แม่เมาะ,283,0.156,1.629,0.4134,30,15,True
1790667900,2026-09-29T07:45:00Z,แม่วงก์,257,0.011,0.386,0.0778,,15,True
1790667900,2026-09-29T07:45:00Z,เกาะคา,128,0.006,0.288,0.0469,,15,True
1790667900,2026-09-29T07:45:00Z,พยุหะคีรี,169,0.0,0.0,0.0,,,True
1790667900,2026-09-29T07:45:00Z,ลาดยาว,187,0.0,0.0,0.0,,,True
1790667900,2026-09-29T07:45:00Z,สบปราบ,125,0.096,1.44,0.2,105,60,True
1790667900,2026-09-29T07:45:00Z,ห้างฉัตร,154,0.002,0.098,0.0195,,60,True
1790667900,2026-09-29T07:45:00Z,แม่ทะ,203,0.005,0.592,0.0197,,15,True
1790667900,2026-09-29T07:45:00Z,เมืองปาน,202,0.006,0.201,0.0545,,30,True
1790667900,2026-09-29T07:45:00Z,เมืองอ่างทอง,6,0.0,0.0,0.0,,,True
1790667900,2026-09-29T07:45:00Z,ไชโย,20,0.0,0.0,0.0,,,True
1790667900,2026-09-29T07:45:00Z,สามโก้,10,0.0,0.0,0.0,,,True
1790667900,2026-09-29T07:45:00Z,แสวงหา,43,0.0,0.0,0.0,,,True
1790667900,2026-09-29T07:45:00Z,วิเศษชัยชาญ,7,0.0,0.0,0.0,,,True
1790667900,2026-09-29T07:45:00Z,โพธิ์ทอง,48,0.0,0.0,0.0,,,True
1790667900,2026-09-29T07:45:00Z,เมืองลพบุรี,190,0.0,0.0,0.0,,,True
1790667900,2026-09-29T07:45:00Z,เดิมบางนางบวช,130,0.0,0.0,0.0,,,True
1790667900,2026-09-29T07:45:00Z,ด่านช้าง,309,0.0,0.0,0.0,,,True
1790667900,2026-09-29T07:45:00Z,หนองม่วง,111,0.0,0.0,0.0,,,True
1790667900,2026-09-29T07:45:00Z,ลำสนธิ,136,0.0,0.0,0.0,,,True
1790667900,2026-09-29T07:45:00Z,สามชุก,77,0.0,0.0,0.0,,,True
1790667900,2026-09-29T07:45:00Z,ดอนเจดีย์,72,0.0,0.0,0.0,,,True
1790667900,2026-09-29T07:45:00Z,สระโบสถ์,83,0.0,0.0,0.0,,,True
1790667900,2026-09-29T07:45:00Z,ศรีประจันต์,41,0.0,0.0,0.0,,,True
1790667900,2026-09-29T07:45:00Z,โคกเจริญ,135,0.0,0.0,0.0,,,True
1790667900,2026-09-29T07:45:00Z,บ้านหมี่,136,0.0,0.0,0.0,,,True
1790667900,2026-09-29T07:45:00Z,ท่าหลวง,100,0.0,0.0,0.0,,,True
1790667900,2026-09-29T07:45:00Z,ชัยบาดาล,280,0.0,0.0,0.0,,,True
1790667900,2026-09-29T07:45:00Z,ท่าวุ้ง,64,0.0,0.0,0.0,,,True
1790667900,2026-09-29T07:45:00Z,พัฒนานิคม,217,0.0,0.0,0.0,,,True
1790667900,2026-09-29T07:45:00Z,โคกสำโรง,180,0.0,0.0,0.0,,,True
1790667900,2026-09-29T07:45:00Z,หนองหญ้าไซ,108,0.0,0.0,0.0,,,True
1790667900,2026-09-29T07:45:00Z,ท่าช้าง,11,0.0,0.0,0.0,,,True
1790667900,2026-09-29T07:45:00Z,อินทร์บุรี,66,0.0,0.0,0.0,,,True
1790667900,2026-09-29T07:45:00Z,ค่ายบางระจัน,26,0.0,0.0,0.0,,,True
1790667900,2026-09-29T07:45:00Z,พรหมบุรี,19,0.0,0.0,0.0,,,True
1790667900,2026-09-29T07:45:00Z,เนินสง่า,65,0.0,0.0,0.0,,,True
1790667900,2026-09-29T07:45:00Z,เมืองสิงห์บุรี,31,0.0,0.0,0.0,,,True
1790667900,2026-09-29T07:45:00Z,ซับใหญ่,72,0.0,0.0,0.0,,,True
1790667900,2026-09-29T07:45:00Z,บางระจัน,46,0.0,0.0,0.0,,,True
1790667900,2026-09-29T07:45:00Z,ภูกระดึง,190,0.0,0.0,0.0,,,True
1790667900,2026-09-29T07:45:00Z,ภูหลวง,145,0.0,0.0,0.0,,,True
1790667900,2026-09-29T07:45:00Z,หนองหิน,78,0.001,0.098,0.0128,,15,True
1790667900,2026-09-29T07:45:00Z,ผาขาว,100,0.001,0.098,0.01,,30,True
1790667900,2026-09-29T07:45:00Z,เอราวัณ,87,0.002,0.098,0.023,,60,True
1790667900,2026-09-29T07:45:00Z,วังสะพุง,281,0.0,0.098,0.0036,,45,True
1790667900,2026-09-29T07:45:00Z,วังม่วง,70,0.0,0.0,0.0,,,True
1790667900,2026-09-29T07:45:00Z,เฉลิมพระเกียรติ,35,0.0,0.0,0.0,,,True
1790667900,2026-09-29T07:45:00Z,มวกเหล็ก,175,0.0,0.0,0.0,,,True
1790667900,2026-09-29T07:45:00Z,บ้านเขว้า,124,0.0,0.0,0.0,,,True
1790667900,2026-09-29T07:45:00Z,คอนสวรรค์,113,0.0,0.0,0.0,,,True
1790667900,2026-09-29T07:45:00Z,เมืองชัยภูมิ,358,0.0,0.0,0.0,,,True
1790667900,2026-09-29T07:45:00Z,วังทอง,425,0.0,0.0,0.0,,,True
1790667900,2026-09-29T07:45:00Z,เนินมะปราง,276,0.0,0.0,0.0,,,True
1790667900,2026-09-29T07:45:00Z,สวรรคโลก,156,0.027,0.201,0.2436,75,45,True
1790667900,2026-09-29T07:45:00Z,ศรีนคร,46,0.0,0.0,0.0,,,True
1790667900,2026-09-29T07:45:00Z,หันคา,139,0.0,0.0,0.0,,,True
1790667900,2026-09-29T07:45:00Z,ศรีสัชนาลัย,534,0.106,1.538,0.2509,90,15,True
1790667900,2026-09-29T07:45:00Z,หนองมะโมง,76,0.0,0.0,0.0,,,True
1790667900,2026-09-29T07:45:00Z,ศรีสำโรง,142,0.019,0.413,0.1408,60,15,True
1790667900,2026-09-29T07:45:00Z,สรรพยา,55,0.0,0.0,0.0,,,True
1790667900,2026-09-29T07:45:00Z,คีรีมาศ,171,0.013,0.413,0.0819,,15,True
1790667900,2026-09-29T07:45:00Z,สรรคบุรี,89,0.0,0.0,0.0,,,True
1790667900,2026-09-29T07:45:00Z,กงไกรลาศ,108,0.0,0.0,0.0,,,True
1790667900,2026-09-29T07:45:00Z,มโนรมย์,66,0.0,0.0,0.0,,,True
1790667900,2026-09-29T07:45:00Z,เมืองสุโขทัย,136,0.03,0.413,0.2132,30,15,True
1790667900,2026-09-29T07:45:00Z,วัดสิงห์,67,0.0,0.0,0.0,,,True
1790667900,2026-09-29T07:45:00Z,บ้านด่านลานหอย,231,0.034,1.005,0.1472,15,15,True
1790667900,2026-09-29T07:45:00Z,เมืองชัยนาท,70,0.0,0.0,0.0,,,True
1790667900,2026-09-29T07:45:00Z,เนินขาม,65,0.0,0.0,0.0,,,True
1790667900,2026-09-29T07:45:00Z,คอนสาร,334,0.0,0.098,0.003,,90,True
1790667900,2026-09-29T07:45:00Z,ภักดีชุมพล,154,0.0,0.0,0.0,,,True
1790667900,2026-09-29T07:45:00Z,บ้านแท่น,76,0.0,0.0,0.0,,,True
1790667900,2026-09-29T07:45:00Z,แก้งคร้อ,168,0.0,0.0,0.0,,,True
1790667900,2026-09-29T07:45:00Z,ภูเขียว,201,0.0,0.0,0.0,,,True
1790667900,2026-09-29T07:45:00Z,หนองบัวระเหว,179,0.0,0.0,0.0,,,True
1790667900,2026-09-29T07:45:00Z,เทพสถิต,239,0.0,0.0,0.0,,,True
1790667900,2026-09-29T07:45:00Z,จัตุรัส,172,0.0,0.0,0.0,,,True
1790667900,2026-09-29T07:45:00Z,บำเหน็จณรงค์,120,0.0,0.0,0.0,,,True
1790667900,2026-09-29T07:45:00Z,เกษตรสมบูรณ์,268,0.001,0.098,0.0075,,45,True
1790667900,2026-09-29T07:45:00Z,หนองบัวแดง,537,0.0,0.098,0.0037,,15,True
1790667900,2026-09-29T07:45:00Z,ภูเรือ,168,0.0,0.0,0.0,,,True
1790667900,2026-09-29T07:45:00Z,ท่าลี่,171,0.0,0.0,0.0,,,True
1790667900,2026-09-29T07:45:00Z,วชิรบารมี,68,0.044,0.592,0.1618,120,105,True
1790667900,2026-09-29T07:45:00Z,ด่านซ้าย,341,0.0,0.0,0.0,,,True
1790667900,2026-09-29T07:45:00Z,นาแห้ว,153,0.0,0.0,0.0,,,True
1790667900,2026-09-29T07:45:00Z,บึงนาราง,74,0.026,1.216,0.0405,,75,True
1790667900,2026-09-29T07:45:00Z,เชียงคาน,213,0.0,0.0,0.0,,,True
1790667900,2026-09-29T07:45:00Z,ดงเจริญ,56,0.0,0.0,0.0,,,True
1790667900,2026-09-29T07:45:00Z,ปากชม,240,0.0,0.0,0.0,,,True
1790667900,2026-09-29T07:45:00Z,เมืองเลย,314,0.0,0.0,0.0,,,True
1790667900,2026-09-29T07:45:00Z,นาด้วง,143,0.001,0.098,0.007,,120,True
1790667900,2026-09-29T07:45:00Z,สากเหล็ก,45,0.0,0.0,0.0,,,True
1790667900,2026-09-29T07:45:00Z,สามง่าม,89,0.05,0.848,0.1798,105,75,True
1790667900,2026-09-29T07:45:00Z,ทับคล้อ,104,0.0,0.0,0.0,,,True
1790667900,2026-09-29T07:45:00Z,พรหมพิราม,206,0.0,0.0,0.0,,,True
1790667900,2026-09-29T07:45:00Z,ด่านขุนทด,344,0.0,0.0,0.0,,,True
1790667900,2026-09-29T07:45:00Z,วัดโบสถ์,226,0.0,0.0,0.0,,,True
1790667900,2026-09-29T07:45:00Z,บางระกำ,246,0.0,0.0,0.0,,,True
1790667900,2026-09-29T07:45:00Z,บางกระทุ่ม,91,0.0,0.0,0.0,,,True
1790667900,2026-09-29T07:45:00Z,นครไทย,597,0.0,0.0,0.0,,,True
1790667900,2026-09-29T07:45:00Z,ชาติตระการ,415,0.0,0.0,0.0,,,True
1790667900,2026-09-29T07:45:00Z,บ้านเหลื่อม,55,0.0,0.0,0.0,,,True
1790667900,2026-09-29T07:45:00Z,เมืองพิษณุโลก,178,0.0,0.0,0.0,,,True
1790667900,2026-09-29T07:45:00Z,ชุมแสง,145,0.0,0.0,0.0,,,True
1790667900,2026-09-29T07:45:00Z,หนองบัว,208,0.0,0.0,0.0,,,True
1790667900,2026-09-29T07:45:00Z,เมืองนครสวรรค์,183,0.0,0.0,0.0,,,True
1790667900,2026-09-29T07:45:00Z,โกรกพระ,71,0.0,0.0,0.0,,,True
1790667900,2026-09-29T07:45:00Z,ไพศาลี,244,0.0,0.0,0.0,,,True
1790667900,2026-09-29T07:45:00Z,ตาคลี,206,0.0,0.0,0.0,,,True
1790667900,2026-09-29T07:45:00Z,ท่าตะโก,211,0.0,0.0,0.0,,,True
1790667900,2026-09-29T07:45:00Z,เขาค้อ,207,0.0,0.0,0.0,,,True
1790667900,2026-09-29T07:45:00Z,บรรพตพิสัย,181,0.036,1.216,0.0718,,15,True
1790667900,2026-09-29T07:45:00Z,เก้าเลี้ยว,57,0.0,0.0,0.0,,,True
1790667900,2026-09-29T07:45:00Z,วังโป่ง,123,0.0,0.0,0.0,,,True
1790667900,2026-09-29T07:45:00Z,บึงสามพัน,194,0.0,0.0,0.0,,,True
1790667900,2026-09-29T07:45:00Z,น้ำหนาว,231,0.0,0.0,0.0,,,True
1790667900,2026-09-29T07:45:00Z,ศรีเทพ,204,0.0,0.0,0.0,,,True
1790667900,2026-09-29T07:45:00Z,หนองไผ่,315,0.0,0.0,0.0,,,True
1790667900,2026-09-29T07:45:00Z,มหาราช,4,0.0,0.0,0.0,,,False
1790667900,2026-09-29T07:45:00Z,บ้านแพรก,10,0.0,0.0,0.0,,,True
1790667900,2026-09-29T07:45:00Z,บางมูลนาก,99,0.0,0.0,0.0,,,True
1790667900,2026-09-29T07:45:00Z,โพทะเล,131,0.0,0.0,0.0,,,True
1790667900,2026-09-29T07:45:00Z,โพธิ์ประทับช้าง,102,0.038,1.216,0.0588,,75,True
1790667900,2026-09-29T07:45:00Z,ตะพานหิน,109,0.0,0.0,0.0,,,True
1790667900,2026-09-29T07:45:00Z,เมืองพิจิตร,138,0.0,0.0,0.0,,,True
1790667900,2026-09-29T07:45:00Z,วังทรายพูน,66,0.0,0.0,0.0,,,True
1790668800,2026-09-29T08:00:00Z,พิชัย,176,0.0,0.0,0.0,,,True
1790668800,2026-09-29T08:00:00Z,ลับแล,116,0.0,0.0,0.0,,,True
1790668800,2026-09-29T08:00:00Z,ฟากท่า,163,0.0,0.0,0.0,,,True
1790668800,2026-09-29T08:00:00Z,บ้านโคก,247,0.0,0.0,0.0,,,True
1790668800,2026-09-29T08:00:00Z,ท่าปลา,442,0.0,0.0,0.0,,,True
1790668800,2026-09-29T08:00:00Z,น้ำปาด,363,0.0,0.0,0.0,,,True
1790668800,2026-09-29T08:00:00Z,เมืองอุตรดิตถ์,202,0.0,0.0,0.0,,,True
1790668800,2026-09-29T08:00:00Z,ตรอน,80,0.0,0.0,0.0,,,True
1790668800,2026-09-29T08:00:00Z,หล่มเก่า,246,0.0,0.0,0.0,,,True
1790668800,2026-09-29T08:00:00Z,วิเชียรบุรี,377,0.0,0.0,0.0,,,True
1790668800,2026-09-29T08:00:00Z,ชนแดน,279,0.0,0.0,0.0,,,True
1790668800,2026-09-29T08:00:00Z,หล่มสัก,350,0.0,0.0,0.0,,,True
1790668800,2026-09-29T08:00:00Z,เมืองเพชรบูรณ์,571,0.0,0.0,0.0,,,True
1790668800,2026-09-29T08:00:00Z,ทองแสนขัน,185,0.0,0.0,0.0,,,True
1790668800,2026-09-29T08:00:00Z,บึงสามัคคี,71,0.049,0.201,0.4085,30,15,True
1790668800,2026-09-29T08:00:00Z,โกสัมพีนคร,137,0.001,0.098,0.0146,,75,True
1790668800,2026-09-29T08:00:00Z,สอง,380,0.011,0.848,0.0658,,15,True
1790668800,2026-09-29T08:00:00Z,วังชิ้น,255,0.279,1.697,0.4157,90,15,True
1790668800,2026-09-29T08:00:00Z,สูงเม่น,88,0.04,0.592,0.1705,30,15,True
1790668800,2026-09-29T08:00:00Z,เด่นชัย,135,0.015,0.592,0.0519,,15,True
1790668800,2026-09-29T08:00:00Z,ร้องกวาง,221,0.026,0.848,0.0814,,90,True
1790668800,2026-09-29T08:00:00Z,ลอง,317,0.044,1.216,0.164,75,15,True
1790668800,2026-09-29T08:00:00Z,เมืองแพร่,205,0.026,0.848,0.0878,,45,True
1790668800,2026-09-29T08:00:00Z,ทัพทัน,94,0.0,0.0,0.0,,,True
1790668800,2026-09-29T08:00:00Z,สว่างอารมณ์,110,0.0,0.0,0.0,,,True
1790668800,2026-09-29T08:00:00Z,เมืองอุทัยธานี,59,0.0,0.0,0.0,,,True
1790668800,2026-09-29T08:00:00Z,ห้วยคต,94,0.0,0.0,0.0,,,True
1790668800,2026-09-29T08:00:00Z,ศรีสวัสดิ์,440,0.0,0.0,0.0,,,True
1790668800,2026-09-29T08:00:00Z,บ้านไร่,821,0.0,0.0,0.0,,,True
1790668800,2026-09-29T08:00:00Z,ลานสัก,360,0.0,0.0,0.0,,,True
1790668800,2026-09-29T08:00:00Z,หนองฉาง,89,0.0,0.0,0.0,,,True
1790668800,2026-09-29T08:00:00Z,หนองขาหย่าง,43,0.0,0.0,0.0,,,True
1790668800,2026-09-29T08:00:00Z,เชียงม่วน,82,0.005,0.098,0.0488,,120,True
1790668800,2026-09-29T08:00:00Z,ดอกคำใต้,37,0.005,0.098,0.0541,,120,True
1790668800,2026-09-29T08:00:00Z,เมืองพะเยา,6,0.0,0.0,0.0,,,True
1790668800,2026-09-29T08:00:00Z,ทองผาภูมิ,851,0.0,0.0,0.0,,,True
1790668800,2026-09-29T08:00:00Z,สังขละบุรี,793,0.0,0.0,0.0,,,True
1790668800,2026-09-29T08:00:00Z,หนองม่วงไข่,35,0.091,0.592,0.2857,75,75,True
1790668800,2026-09-29T08:00:00Z,ภูเวียง,81,0.0,0.0,0.0,,,True
1790668800,2026-09-29T08:00:00Z,มัญจาคีรี,50,0.0,0.0,0.0,,,True
1790668800,2026-09-29T08:00:00Z,หนองปรือ,104,0.0,0.0,0.0,,,True
1790668800,2026-09-29T08:00:00Z,เลาขวัญ,123,0.0,0.0,0.0,,,True
1790668800,2026-09-29T08:00:00Z,หนองนาคำ,43,0.0,0.0,0.0,,,True
1790668800,2026-09-29T08:00:00Z,โคกโพธิ์ไชย,65,0.0,0.0,0.0,,,True
1790668800,2026-09-29T08:00:00Z,บ้านหลวง,91,0.0,0.0,0.0,,,True
1790668800,2026-09-29T08:00:00Z,นาน้อย,266,0.0,0.0,0.0,,,True
1790668800,2026-09-29T08:00:00Z,ภูผาม่าน,74,0.0,0.0,0.0,,,True
1790668800,2026-09-29T08:00:00Z,เมืองน่าน,161,0.0,0.0,0.0,,,True
1790668800,2026-09-29T08:00:00Z,แม่จริม,262,0.0,0.0,0.0,,,True
1790668800,2026-09-29T08:00:00Z,เวียงเก่า,78,0.0,0.0,0.0,,,True
1790668800,2026-09-29T08:00:00Z,เมืองกำแพงเพชร,368,0.074,0.609,0.4728,60,15,True
1790668800,2026-09-29T08:00:00Z,ไทรงาม,133,0.001,0.098,0.0075,,120,True
1790668800,2026-09-29T08:00:00Z,ปางศิลาทอง,186,0.066,0.397,0.4086,15,15,True
1790668800,2026-09-29T08:00:00Z,ลานกระบือ,103,0.0,0.0,0.0,,,True
1790668800,2026-09-29T08:00:00Z,ทรายทองวัฒนา,53,0.0,0.0,0.0,,,True
1790668800,2026-09-29T08:00:00Z,คลองขลุง,179,0.012,0.592,0.0447,,75,True
1790668800,2026-09-29T08:00:00Z,พรานกระต่าย,252,0.015,0.413,0.0873,,15,True
1790668800,2026-09-29T08:00:00Z,คลองลาน,363,0.098,0.397,0.551,30,15,True
1790668800,2026-09-29T08:00:00Z,ขาณุวรลักษบุรี,296,0.023,0.592,0.1047,105,15,True
1790668800,2026-09-29T08:00:00Z,ภูเพียง,113,0.0,0.0,0.0,,,True
1790668800,2026-09-29T08:00:00Z,นาหมื่น,245,0.0,0.0,0.0,,,True
1790668800,2026-09-29T08:00:00Z,เวียงสา,543,0.0,0.0,0.0,,,True
1790668800,2026-09-29T08:00:00Z,น้ำโสม,153,0.0,0.0,0.0,,,True
1790668800,2026-09-29T08:00:00Z,นายูง,126,0.0,0.0,0.0,,,True
1790668800,2026-09-29T08:00:00Z,ชุมแพ,173,0.0,0.0,0.0,,,True
1790668800,2026-09-29T08:00:00Z,สีชมพู,132,0.0,0.0,0.0,,,True
1790668800,2026-09-29T08:00:00Z,สุวรรณคูหา,140,0.0,0.0,0.0,,,True
1790668800,2026-09-29T08:00:00Z,นาวัง,65,0.0,0.0,0.0,,,True
1790668800,2026-09-29T08:00:00Z,หนองเรือ,80,0.0,0.0,0.0,,,True
1790668800,2026-09-29T08:00:00Z,โนนสัง,51,0.0,0.0,0.0,,,True
1790668800,2026-09-29T08:00:00Z,ศรีบุญเรือง,224,0.0,0.0,0.0,,,True
1790668800,2026-09-29T08:00:00Z,เมืองหนองบัวลำภู,217,0.0,0.0,0.0,,,True
1790668800,2026-09-29T08:00:00Z,นากลาง,173,0.0,0.0,0.0,,,True
1790668800,2026-09-29T08:00:00Z,ทุ่งเสลี่ยม,144,0.026,0.592,0.1736,45,15,True
1790668800,2026-09-29T08:00:00Z,ดอยหล่อ,56,0.0,0.0,0.0,,,True
1790668800,2026-09-29T08:00:00Z,เมืองตาก,486,0.026,1.216,0.1152,120,15,True
1790668800,2026-09-29T08:00:00Z,แม่ออน,116,0.015,0.201,0.1034,90,45,True
1790668800,2026-09-29T08:00:00Z,อุ้มผาง,1209,0.004,0.413,0.0306,,15,True
1790668800,2026-09-29T08:00:00Z,วังเจ้า,183,0.011,0.413,0.082,,75,True
1790668800,2026-09-29T08:00:00Z,แม่สอด,398,0.086,1.417,0.4497,60,30,True
1790668800,2026-09-29T08:00:00Z,พบพระ,249,0.115,1.417,0.498,30,15,True
1790668800,2026-09-29T08:00:00Z,แม่ระมาด,380,0.051,0.294,0.4105,75,45,True
1790668800,2026-09-29T08:00:00Z,ท่าสองยาง,401,0.001,0.098,0.0075,,75,True
1790668800,2026-09-29T08:00:00Z,บ้านตาก,255,0.093,1.417,0.3333,15,15,True
1790668800,2026-09-29T08:00:00Z,สามเงา,698,0.019,0.788,0.1275,120,15,True
1790668800,2026-09-29T08:00:00Z,จอมทอง,280,0.0,0.0,0.0,,,True
1790668800,2026-09-29T08:00:00Z,แก้งสนามนาง,79,0.0,0.0,0.0,,,True
1790668800,2026-09-29T08:00:00Z,สีคิ้ว,292,0.0,0.0,0.0,,,True
1790668800,2026-09-29T08:00:00Z,พระทองคำ,90,0.0,0.0,0.0,,,True
1790668800,2026-09-29T08:00:00Z,เทพารักษ์,92,0.0,0.0,0.0,,,True
1790668800,2026-09-29T08:00:00Z,สันกำแพง,65,0.0,0.0,0.0,,,True
1790668800,2026-09-29T08:00:00Z,สันป่าตอง,44,0.0,0.0,0.0,,,True
1790668800,2026-09-29T08:00:00Z,ดอยเต่า,213,0.0,0.0,0.0,,,True
1790668800,2026-09-29T08:00:00Z,อมก๋อย,704,0.001,0.201,0.0114,,105,True
1790668800,2026-09-29T08:00:00Z,ฮอด,378,0.0,0.0,0.0,,,True
1790668800,2026-09-29T08:00:00Z,เมืองลำพูน,117,0.0,0.0,0.0,,,True
1790668800,2026-09-29T08:00:00Z,แม่ทา,192,0.004,0.288,0.0208,,45,True
1790668800,2026-09-29T08:00:00Z,บ้านธิ,34,0.0,0.0,0.0,,,True
1790668800,2026-09-29T08:00:00Z,บ้านหมอ,24,0.0,0.0,0.0,,,True
1790668800,2026-09-29T08:00:00Z,เวียงหนองล่อง,14,0.0,0.0,0.0,,,True
1790668800,2026-09-29T08:00:00Z,ทุ่งหัวช้าง,113,0.003,0.098,0.0265,,60,True
1790668800,2026-09-29T08:00:00Z,ป่าซาง,74,0.0,0.0,0.0,,,True
1790668800,2026-09-29T08:00:00Z,บ้านโฮ่ง,124,0.0,0.0,0.0,,,True
1790668800,2026-09-29T08:00:00Z,แก่งคอย,73,0.0,0.0,0.0,,,True
1790668800,2026-09-29T08:00:00Z,ลี้,454,0.001,0.098,0.0088,,15,True
1790668800,2026-09-29T08:00:00Z,พระพุทธบาท,55,0.0,0.0,0.0,,,True
1790668800,2026-09-29T08:00:00Z,ดอนพุด,7,0.0,0.0,0.0,,,True
1790668800,2026-09-29T08:00:00Z,หนองโดน,31,0.0,0.0,0.0,,,True
1790668800,2026-09-29T08:00:00Z,เมืองลำปาง,300,0.001,0.098,0.0067,,75,True
1790668800,2026-09-29T08:00:00Z,เถิน,443,0.429,2.496,0.6411,15,15,True
1790668800,2026-09-29T08:00:00Z,แม่พริก,167,0.013,0.386,0.0778,,15,True
1790668800,2026-09-29T08:00:00Z,แจ้ห่ม,274,0.0,0.098,0.0036,,120,True
1790668800,2026-09-29T08:00:00Z,แม่เปิน,85,0.001,0.098,0.0118,,15,True
1790668800,2026-09-29T08:00:00Z,เสริมงาม,185,0.003,0.098,0.0324,,75,True
1790668800,2026-09-29T08:00:00Z,ชุมตาบง,61,0.028,0.592,0.0984,,15,True
1790668800,2026-09-29T08:00:00Z,งาว,344,0.056,1.742,0.2064,90,45,True
1790668800,2026-09-29T08:00:00Z,ตากฟ้า,125,0.0,0.0,0.0,,,True
1790668800,2026-09-29T08:00:00Z,แม่เมาะ,283,0.096,1.216,0.3357,45,15,True
1790668800,2026-09-29T08:00:00Z,แม่วงก์,257,0.022,0.592,0.1012,60,15,True
1790668800,2026-09-29T08:00:00Z,เกาะคา,128,0.107,2.496,0.125,120,15,True
1790668800,2026-09-29T08:00:00Z,พยุหะคีรี,169,0.0,0.0,0.0,,,True
1790668800,2026-09-29T08:00:00Z,ลาดยาว,187,0.001,0.098,0.0107,,15,True
1790668800,2026-09-29T08:00:00Z,สบปราบ,125,0.346,2.496,0.472,60,45,True
1790668800,2026-09-29T08:00:00Z,ห้างฉัตร,154,0.012,0.201,0.0844,,15,True
1790668800,2026-09-29T08:00:00Z,แม่ทะ,203,0.052,1.742,0.1182,120,15,True
1790668800,2026-09-29T08:00:00Z,เมืองปาน,202,0.009,0.288,0.0693,,15,True
1790668800,2026-09-29T08:00:00Z,เมืองอ่างทอง,6,0.0,0.0,0.0,,,True
1790668800,2026-09-29T08:00:00Z,ไชโย,20,0.0,0.0,0.0,,,True
1790668800,2026-09-29T08:00:00Z,สามโก้,10,0.0,0.0,0.0,,,True
1790668800,2026-09-29T08:00:00Z,แสวงหา,43,0.0,0.0,0.0,,,True
1790668800,2026-09-29T08:00:00Z,วิเศษชัยชาญ,7,0.0,0.0,0.0,,,True
1790668800,2026-09-29T08:00:00Z,โพธิ์ทอง,48,0.0,0.0,0.0,,,True
1790668800,2026-09-29T08:00:00Z,เมืองลพบุรี,190,0.0,0.0,0.0,,,True
1790668800,2026-09-29T08:00:00Z,เดิมบางนางบวช,130,0.0,0.0,0.0,,,True
1790668800,2026-09-29T08:00:00Z,ด่านช้าง,309,0.0,0.0,0.0,,,True
1790668800,2026-09-29T08:00:00Z,หนองม่วง,111,0.0,0.0,0.0,,,True
1790668800,2026-09-29T08:00:00Z,ลำสนธิ,136,0.0,0.0,0.0,,,True
1790668800,2026-09-29T08:00:00Z,สามชุก,77,0.0,0.0,0.0,,,True
1790668800,2026-09-29T08:00:00Z,ดอนเจดีย์,72,0.0,0.0,0.0,,,True
1790668800,2026-09-29T08:00:00Z,สระโบสถ์,83,0.0,0.0,0.0,,,True
1790668800,2026-09-29T08:00:00Z,ศรีประจันต์,41,0.0,0.0,0.0,,,True
1790668800,2026-09-29T08:00:00Z,โคกเจริญ,135,0.0,0.0,0.0,,,True
1790668800,2026-09-29T08:00:00Z,บ้านหมี่,136,0.0,0.0,0.0,,,True
1790668800,2026-09-29T08:00:00Z,ท่าหลวง,100,0.0,0.0,0.0,,,True
1790668800,2026-09-29T08:00:00Z,ชัยบาดาล,280,0.0,0.0,0.0,,,True
1790668800,2026-09-29T08:00:00Z,ท่าวุ้ง,64,0.0,0.0,0.0,,,True
1790668800,2026-09-29T08:00:00Z,พัฒนานิคม,217,0.0,0.0,0.0,,,True
1790668800,2026-09-29T08:00:00Z,โคกสำโรง,180,0.0,0.0,0.0,,,True
1790668800,2026-09-29T08:00:00Z,หนองหญ้าไซ,108,0.0,0.0,0.0,,,True
1790668800,2026-09-29T08:00:00Z,ท่าช้าง,11,0.0,0.0,0.0,,,True
1790668800,2026-09-29T08:00:00Z,อินทร์บุรี,66,0.0,0.0,0.0,,,True
1790668800,2026-09-29T08:00:00Z,ค่ายบางระจัน,26,0.0,0.0,0.0,,,True
1790668800,2026-09-29T08:00:00Z,พรหมบุรี,19,0.0,0.0,0.0,,,True
1790668800,2026-09-29T08:00:00Z,เนินสง่า,65,0.0,0.0,0.0,,,True
1790668800,2026-09-29T08:00:00Z,เมืองสิงห์บุรี,31,0.0,0.0,0.0,,,True
1790668800,2026-09-29T08:00:00Z,ซับใหญ่,72,0.0,0.0,0.0,,,True
1790668800,2026-09-29T08:00:00Z,บางระจัน,46,0.0,0.0,0.0,,,True
1790668800,2026-09-29T08:00:00Z,ภูกระดึง,190,0.0,0.0,0.0,,,True
1790668800,2026-09-29T08:00:00Z,ภูหลวง,145,0.0,0.0,0.0,,,True
1790668800,2026-09-29T08:00:00Z,หนองหิน,78,0.0,0.0,0.0,,,True
1790668800,2026-09-29T08:00:00Z,ผาขาว,100,0.0,0.0,0.0,,,True
1790668800,2026-09-29T08:00:00Z,เอราวัณ,87,0.0,0.0,0.0,,,True
1790668800,2026-09-29T08:00:00Z,วังสะพุง,281,0.0,0.0,0.0,,,True
1790668800,2026-09-29T08:00:00Z,วังม่วง,70,0.0,0.0,0.0,,,True
1790668800,2026-09-29T08:00:00Z,เฉลิมพระเกียรติ,35,0.0,0.0,0.0,,,True
1790668800,2026-09-29T08:00:00Z,มวกเหล็ก,175,0.0,0.0,0.0,,,True
1790668800,2026-09-29T08:00:00Z,บ้านเขว้า,124,0.0,0.0,0.0,,,True
1790668800,2026-09-29T08:00:00Z,คอนสวรรค์,113,0.0,0.0,0.0,,,True
1790668800,2026-09-29T08:00:00Z,เมืองชัยภูมิ,358,0.0,0.0,0.0,,,True
1790668800,2026-09-29T08:00:00Z,วังทอง,425,0.0,0.0,0.0,,,True
1790668800,2026-09-29T08:00:00Z,เนินมะปราง,276,0.0,0.0,0.0,,,True
1790668800,2026-09-29T08:00:00Z,สวรรคโลก,156,0.004,0.098,0.0449,,60,True
1790668800,2026-09-29T08:00:00Z,ศรีนคร,46,0.0,0.0,0.0,,,True
1790668800,2026-09-29T08:00:00Z,หันคา,139,0.0,0.0,0.0,,,True
1790668800,2026-09-29T08:00:00Z,ศรีสัชนาลัย,534,0.078,1.618,0.2228,75,15,True
1790668800,2026-09-29T08:00:00Z,หนองมะโมง,76,0.0,0.0,0.0,,,True
1790668800,2026-09-29T08:00:00Z,ศรีสำโรง,142,0.01,0.201,0.0845,,45,True
1790668800,2026-09-29T08:00:00Z,สรรพยา,55,0.0,0.0,0.0,,,True
1790668800,2026-09-29T08:00:00Z,คีรีมาศ,171,0.01,0.201,0.0819,,30,True
1790668800,2026-09-29T08:00:00Z,สรรคบุรี,89,0.0,0.0,0.0,,,True
1790668800,2026-09-29T08:00:00Z,กงไกรลาศ,108,0.0,0.0,0.0,,,True
1790668800,2026-09-29T08:00:00Z,มโนรมย์,66,0.0,0.0,0.0,,,True
1790668800,2026-09-29T08:00:00Z,เมืองสุโขทัย,136,0.013,0.201,0.0956,,15,True
1790668800,2026-09-29T08:00:00Z,วัดสิงห์,67,0.0,0.0,0.0,,,True
1790668800,2026-09-29T08:00:00Z,บ้านด่านลานหอย,231,0.003,0.098,0.0346,,15,True
1790668800,2026-09-29T08:00:00Z,เมืองชัยนาท,70,0.0,0.0,0.0,,,True
1790668800,2026-09-29T08:00:00Z,เนินขาม,65,0.0,0.0,0.0,,,True
1790668800,2026-09-29T08:00:00Z,คอนสาร,334,0.0,0.0,0.0,,,True
1790668800,2026-09-29T08:00:00Z,ภักดีชุมพล,154,0.0,0.0,0.0,,,True
1790668800,2026-09-29T08:00:00Z,บ้านแท่น,76,0.0,0.0,0.0,,,True
1790668800,2026-09-29T08:00:00Z,แก้งคร้อ,168,0.0,0.0,0.0,,,True
1790668800,2026-09-29T08:00:00Z,ภูเขียว,201,0.0,0.0,0.0,,,True
1790668800,2026-09-29T08:00:00Z,หนองบัวระเหว,179,0.0,0.0,0.0,,,True
1790668800,2026-09-29T08:00:00Z,เทพสถิต,239,0.0,0.0,0.0,,,True
1790668800,2026-09-29T08:00:00Z,จัตุรัส,172,0.0,0.0,0.0,,,True
1790668800,2026-09-29T08:00:00Z,บำเหน็จณรงค์,120,0.0,0.0,0.0,,,True
1790668800,2026-09-29T08:00:00Z,เกษตรสมบูรณ์,268,0.0,0.0,0.0,,,True
1790668800,2026-09-29T08:00:00Z,หนองบัวแดง,537,0.0,0.0,0.0,,,True
1790668800,2026-09-29T08:00:00Z,ภูเรือ,168,0.0,0.0,0.0,,,True
1790668800,2026-09-29T08:00:00Z,ท่าลี่,171,0.0,0.0,0.0,,,True
1790668800,2026-09-29T08:00:00Z,วชิรบารมี,68,0.023,0.201,0.2206,105,90,True
1790668800,2026-09-29T08:00:00Z,ด่านซ้าย,341,0.0,0.0,0.0,,,True
1790668800,2026-09-29T08:00:00Z,นาแห้ว,153,0.0,0.0,0.0,,,True
1790668800,2026-09-29T08:00:00Z,บึงนาราง,74,0.003,0.098,0.027,,60,True
1790668800,2026-09-29T08:00:00Z,เชียงคาน,213,0.0,0.0,0.0,,,True
1790668800,2026-09-29T08:00:00Z,ดงเจริญ,56,0.0,0.0,0.0,,,True
1790668800,2026-09-29T08:00:00Z,ปากชม,240,0.0,0.0,0.0,,,True
1790668800,2026-09-29T08:00:00Z,เมืองเลย,314,0.0,0.0,0.0,,,True
1790668800,2026-09-29T08:00:00Z,นาด้วง,143,0.0,0.0,0.0,,,True
1790668800,2026-09-29T08:00:00Z,สากเหล็ก,45,0.0,0.0,0.0,,,True
1790668800,2026-09-29T08:00:00Z,สามง่าม,89,0.012,0.201,0.1124,105,60,True
1790668800,2026-09-29T08:00:00Z,ทับคล้อ,104,0.0,0.0,0.0,,,True
1790668800,2026-09-29T08:00:00Z,พรหมพิราม,206,0.0,0.0,0.0,,,True
1790668800,2026-09-29T08:00:00Z,ด่านขุนทด,344,0.0,0.0,0.0,,,True
1790668800,2026-09-29T08:00:00Z,วัดโบสถ์,226,0.0,0.0,0.0,,,True
1790668800,2026-09-29T08:00:00Z,บางระกำ,246,0.001,0.201,0.0081,,120,True
1790668800,2026-09-29T08:00:00Z,บางกระทุ่ม,91,0.0,0.0,0.0,,,True
1790668800,2026-09-29T08:00:00Z,นครไทย,597,0.0,0.0,0.0,,,True
1790668800,2026-09-29T08:00:00Z,ชาติตระการ,415,0.0,0.0,0.0,,,True
1790668800,2026-09-29T08:00:00Z,บ้านเหลื่อม,55,0.0,0.0,0.0,,,True
1790668800,2026-09-29T08:00:00Z,เมืองพิษณุโลก,178,0.0,0.0,0.0,,,True
1790668800,2026-09-29T08:00:00Z,ชุมแสง,145,0.0,0.0,0.0,,,True
1790668800,2026-09-29T08:00:00Z,หนองบัว,208,0.0,0.0,0.0,,,True
1790668800,2026-09-29T08:00:00Z,เมืองนครสวรรค์,183,0.0,0.0,0.0,,,True
1790668800,2026-09-29T08:00:00Z,โกรกพระ,71,0.0,0.0,0.0,,,True
1790668800,2026-09-29T08:00:00Z,ไพศาลี,244,0.0,0.0,0.0,,,True
1790668800,2026-09-29T08:00:00Z,ตาคลี,206,0.0,0.0,0.0,,,True
1790668800,2026-09-29T08:00:00Z,ท่าตะโก,211,0.0,0.0,0.0,,,True
1790668800,2026-09-29T08:00:00Z,เขาค้อ,207,0.0,0.0,0.0,,,True
1790668800,2026-09-29T08:00:00Z,บรรพตพิสัย,181,0.002,0.098,0.0221,,15,True
1790668800,2026-09-29T08:00:00Z,เก้าเลี้ยว,57,0.0,0.0,0.0,,,True
1790668800,2026-09-29T08:00:00Z,วังโป่ง,123,0.0,0.0,0.0,,,True
1790668800,2026-09-29T08:00:00Z,บึงสามพัน,194,0.0,0.0,0.0,,,True
1790668800,2026-09-29T08:00:00Z,น้ำหนาว,231,0.0,0.0,0.0,,,True
1790668800,2026-09-29T08:00:00Z,ศรีเทพ,204,0.0,0.0,0.0,,,True
1790668800,2026-09-29T08:00:00Z,หนองไผ่,315,0.0,0.0,0.0,,,True
1790668800,2026-09-29T08:00:00Z,มหาราช,4,0.0,0.0,0.0,,,False
1790668800,2026-09-29T08:00:00Z,บ้านแพรก,10,0.0,0.0,0.0,,,True
1790668800,2026-09-29T08:00:00Z,บางมูลนาก,99,0.0,0.0,0.0,,,True
1790668800,2026-09-29T08:00:00Z,โพทะเล,131,0.0,0.0,0.0,,,True
1790668800,2026-09-29T08:00:00Z,โพธิ์ประทับช้าง,102,0.005,0.098,0.049,,60,True
1790668800,2026-09-29T08:00:00Z,ตะพานหิน,109,0.0,0.0,0.0,,,True
1790668800,2026-09-29T08:00:00Z,เมืองพิจิตร,138,0.0,0.0,0.0,,,True
1790668800,2026-09-29T08:00:00Z,วังทรายพูน,66,0.0,0.0,0.0,,,True
1790669700,2026-09-29T08:15:00Z,พิชัย,176,0.0,0.0,0.0,,,True
1790669700,2026-09-29T08:15:00Z,ลับแล,116,0.003,0.098,0.0259,,120,True
1790669700,2026-09-29T08:15:00Z,ฟากท่า,163,0.0,0.0,0.0,,,True
1790669700,2026-09-29T08:15:00Z,บ้านโคก,247,0.0,0.0,0.0,,,True
1790669700,2026-09-29T08:15:00Z,ท่าปลา,442,0.0,0.0,0.0,,,True
1790669700,2026-09-29T08:15:00Z,น้ำปาด,363,0.0,0.0,0.0,,,True
1790669700,2026-09-29T08:15:00Z,เมืองอุตรดิตถ์,202,0.0,0.0,0.0,,,True
1790669700,2026-09-29T08:15:00Z,ตรอน,80,0.0,0.0,0.0,,,True
1790669700,2026-09-29T08:15:00Z,หล่มเก่า,246,0.0,0.0,0.0,,,True
1790669700,2026-09-29T08:15:00Z,วิเชียรบุรี,377,0.0,0.0,0.0,,,True
1790669700,2026-09-29T08:15:00Z,ชนแดน,279,0.0,0.0,0.0,,,True
1790669700,2026-09-29T08:15:00Z,หล่มสัก,350,0.0,0.0,0.0,,,True
1790669700,2026-09-29T08:15:00Z,เมืองเพชรบูรณ์,571,0.0,0.0,0.0,,,True
1790669700,2026-09-29T08:15:00Z,ทองแสนขัน,185,0.0,0.0,0.0,,,True
1790669700,2026-09-29T08:15:00Z,บึงสามัคคี,71,0.0,0.0,0.0,,,True
1790669700,2026-09-29T08:15:00Z,โกสัมพีนคร,137,0.006,0.201,0.0438,,45,True
1790669700,2026-09-29T08:15:00Z,สอง,380,0.0,0.098,0.0026,,120,True
1790669700,2026-09-29T08:15:00Z,วังชิ้น,255,0.253,1.808,0.5529,75,15,True
1790669700,2026-09-29T08:15:00Z,สูงเม่น,88,0.0,0.0,0.0,,,True
1790669700,2026-09-29T08:15:00Z,เด่นชัย,135,0.0,0.0,0.0,,,True
1790669700,2026-09-29T08:15:00Z,ร้องกวาง,221,0.001,0.098,0.0136,,75,True
1790669700,2026-09-29T08:15:00Z,ลอง,317,0.049,0.848,0.205,60,15,True
1790669700,2026-09-29T08:15:00Z,เมืองแพร่,205,0.0,0.098,0.0049,,45,True
1790669700,2026-09-29T08:15:00Z,ทัพทัน,94,0.0,0.0,0.0,,,True
1790669700,2026-09-29T08:15:00Z,สว่างอารมณ์,110,0.0,0.0,0.0,,,True
1790669700,2026-09-29T08:15:00Z,เมืองอุทัยธานี,59,0.0,0.0,0.0,,,True
1790669700,2026-09-29T08:15:00Z,ห้วยคต,94,0.0,0.0,0.0,,,True
1790669700,2026-09-29T08:15:00Z,ศรีสวัสดิ์,440,0.0,0.0,0.0,,,True
1790669700,2026-09-29T08:15:00Z,บ้านไร่,821,0.0,0.0,0.0,,,True
1790669700,2026-09-29T08:15:00Z,ลานสัก,360,0.0,0.0,0.0,,,True
1790669700,2026-09-29T08:15:00Z,หนองฉาง,89,0.0,0.0,0.0,,,True
1790669700,2026-09-29T08:15:00Z,หนองขาหย่าง,43,0.0,0.0,0.0,,,True
1790669700,2026-09-29T08:15:00Z,เชียงม่วน,82,0.0,0.0,0.0,,,True
1790669700,2026-09-29T08:15:00Z,ดอกคำใต้,37,0.028,0.848,0.0811,,120,True
1790669700,2026-09-29T08:15:00Z,เมืองพะเยา,6,0.0,0.0,0.0,,,True
1790669700,2026-09-29T08:15:00Z,ทองผาภูมิ,851,0.0,0.0,0.0,,,True
1790669700,2026-09-29T08:15:00Z,สังขละบุรี,793,0.0,0.0,0.0,,,True
1790669700,2026-09-29T08:15:00Z,หนองม่วงไข่,35,0.0,0.0,0.0,,,True
1790669700,2026-09-29T08:15:00Z,ภูเวียง,81,0.0,0.0,0.0,,,True
1790669700,2026-09-29T08:15:00Z,มัญจาคีรี,50,0.0,0.0,0.0,,,True
1790669700,2026-09-29T08:15:00Z,หนองปรือ,104,0.0,0.0,0.0,,,True
1790669700,2026-09-29T08:15:00Z,เลาขวัญ,123,0.0,0.0,0.0,,,True
1790669700,2026-09-29T08:15:00Z,หนองนาคำ,43,0.0,0.0,0.0,,,True
1790669700,2026-09-29T08:15:00Z,โคกโพธิ์ไชย,65,0.0,0.0,0.0,,,True
1790669700,2026-09-29T08:15:00Z,บ้านหลวง,91,0.0,0.0,0.0,,,True
1790669700,2026-09-29T08:15:00Z,นาน้อย,266,0.0,0.0,0.0,,,True
1790669700,2026-09-29T08:15:00Z,ภูผาม่าน,74,0.0,0.0,0.0,,,True
1790669700,2026-09-29T08:15:00Z,เมืองน่าน,161,0.0,0.0,0.0,,,True
1790669700,2026-09-29T08:15:00Z,แม่จริม,262,0.0,0.0,0.0,,,True
1790669700,2026-09-29T08:15:00Z,เวียงเก่า,78,0.0,0.0,0.0,,,True
1790669700,2026-09-29T08:15:00Z,เมืองกำแพงเพชร,368,0.216,1.613,0.6223,30,15,True
1790669700,2026-09-29T08:15:00Z,ไทรงาม,133,0.001,0.098,0.0075,,120,True
1790669700,2026-09-29T08:15:00Z,ปางศิลาทอง,186,0.021,0.201,0.1774,15,15,True
1790669700,2026-09-29T08:15:00Z,ลานกระบือ,103,0.0,0.0,0.0,,,True
1790669700,2026-09-29T08:15:00Z,ทรายทองวัฒนา,53,0.0,0.0,0.0,,,True
1790669700,2026-09-29T08:15:00Z,คลองขลุง,179,0.046,0.848,0.1341,120,45,True
1790669700,2026-09-29T08:15:00Z,พรานกระต่าย,252,0.074,1.515,0.2778,105,75,True
1790669700,2026-09-29T08:15:00Z,คลองลาน,363,0.091,0.788,0.4738,15,15,True
1790669700,2026-09-29T08:15:00Z,ขาณุวรลักษบุรี,296,0.038,0.848,0.1182,90,45,True
1790669700,2026-09-29T08:15:00Z,ภูเพียง,113,0.0,0.0,0.0,,,True
1790669700,2026-09-29T08:15:00Z,นาหมื่น,245,0.0,0.0,0.0,,,True
1790669700,2026-09-29T08:15:00Z,เวียงสา,543,0.0,0.0,0.0,,,True
1790669700,2026-09-29T08:15:00Z,น้ำโสม,153,0.0,0.0,0.0,,,True
1790669700,2026-09-29T08:15:00Z,นายูง,126,0.0,0.0,0.0,,,True
1790669700,2026-09-29T08:15:00Z,ชุมแพ,173,0.0,0.0,0.0,,,True
1790669700,2026-09-29T08:15:00Z,สีชมพู,132,0.0,0.0,0.0,,,True
1790669700,2026-09-29T08:15:00Z,สุวรรณคูหา,140,0.0,0.0,0.0,,,True
1790669700,2026-09-29T08:15:00Z,นาวัง,65,0.0,0.0,0.0,,,True
1790669700,2026-09-29T08:15:00Z,หนองเรือ,80,0.0,0.0,0.0,,,True
1790669700,2026-09-29T08:15:00Z,โนนสัง,51,0.0,0.0,0.0,,,True
1790669700,2026-09-29T08:15:00Z,ศรีบุญเรือง,224,0.0,0.0,0.0,,,True
1790669700,2026-09-29T08:15:00Z,เมืองหนองบัวลำภู,217,0.0,0.0,0.0,,,True
1790669700,2026-09-29T08:15:00Z,นากลาง,173,0.0,0.0,0.0,,,True
1790669700,2026-09-29T08:15:00Z,ทุ่งเสลี่ยม,144,0.036,0.793,0.1528,30,15,True
1790669700,2026-09-29T08:15:00Z,ดอยหล่อ,56,0.0,0.0,0.0,,,True
1790669700,2026-09-29T08:15:00Z,เมืองตาก,486,0.045,0.848,0.1523,105,15,True
1790669700,2026-09-29T08:15:00Z,แม่ออน,116,0.008,0.098,0.0862,,30,True
1790669700,2026-09-29T08:15:00Z,อุ้มผาง,1209,0.004,0.201,0.0273,,15,True
1790669700,2026-09-29T08:15:00Z,วังเจ้า,183,0.04,0.201,0.3005,75,45,True
1790669700,2026-09-29T08:15:00Z,แม่สอด,398,0.049,0.848,0.3141,60,30,True
1790669700,2026-09-29T08:15:00Z,พบพระ,249,0.079,1.216,0.3855,30,15,True
1790669700,2026-09-29T08:15:00Z,แม่ระมาด,380,0.021,0.201,0.1395,120,60,True
1790669700,2026-09-29T08:15:00Z,ท่าสองยาง,401,0.0,0.0,0.0,,,True
1790669700,2026-09-29T08:15:00Z,บ้านตาก,255,0.069,0.946,0.3804,15,15,True
1790669700,2026-09-29T08:15:00Z,สามเงา,698,0.014,0.397,0.0774,,15,True
1790669700,2026-09-29T08:15:00Z,จอมทอง,280,0.0,0.0,0.0,,,True
1790669700,2026-09-29T08:15:00Z,แก้งสนามนาง,79,0.0,0.0,0.0,,,True
1790669700,2026-09-29T08:15:00Z,สีคิ้ว,292,0.0,0.0,0.0,,,True
1790669700,2026-09-29T08:15:00Z,พระทองคำ,90,0.0,0.0,0.0,,,True
1790669700,2026-09-29T08:15:00Z,เทพารักษ์,92,0.0,0.0,0.0,,,True
1790669700,2026-09-29T08:15:00Z,สันกำแพง,65,0.0,0.0,0.0,,,True
1790669700,2026-09-29T08:15:00Z,สันป่าตอง,44,0.0,0.0,0.0,,,True
1790669700,2026-09-29T08:15:00Z,ดอยเต่า,213,0.0,0.0,0.0,,,True
1790669700,2026-09-29T08:15:00Z,อมก๋อย,704,0.0,0.0,0.0,,,True
1790669700,2026-09-29T08:15:00Z,ฮอด,378,0.0,0.0,0.0,,,True
1790669700,2026-09-29T08:15:00Z,เมืองลำพูน,117,0.0,0.0,0.0,,,True
1790669700,2026-09-29T08:15:00Z,แม่ทา,192,0.002,0.098,0.0156,,15,True
1790669700,2026-09-29T08:15:00Z,บ้านธิ,34,0.0,0.0,0.0,,,True
1790669700,2026-09-29T08:15:00Z,บ้านหมอ,24,0.0,0.0,0.0,,,True
1790669700,2026-09-29T08:15:00Z,เวียงหนองล่อง,14,0.0,0.0,0.0,,,True
1790669700,2026-09-29T08:15:00Z,ทุ่งหัวช้าง,113,0.001,0.098,0.0088,,60,True
1790669700,2026-09-29T08:15:00Z,ป่าซาง,74,0.0,0.0,0.0,,,True
1790669700,2026-09-29T08:15:00Z,บ้านโฮ่ง,124,0.0,0.0,0.0,,,True
1790669700,2026-09-29T08:15:00Z,แก่งคอย,73,0.0,0.0,0.0,,,True
1790669700,2026-09-29T08:15:00Z,ลี้,454,0.0,0.0,0.0,,,True
1790669700,2026-09-29T08:15:00Z,พระพุทธบาท,55,0.0,0.0,0.0,,,True
1790669700,2026-09-29T08:15:00Z,ดอนพุด,7,0.0,0.0,0.0,,,True
1790669700,2026-09-29T08:15:00Z,หนองโดน,31,0.0,0.0,0.0,,,True
1790669700,2026-09-29T08:15:00Z,เมืองลำปาง,300,0.005,0.592,0.0167,,120,True
1790669700,2026-09-29T08:15:00Z,เถิน,443,0.236,1.742,0.5418,15,15,True
1790669700,2026-09-29T08:15:00Z,แม่พริก,167,0.014,0.495,0.0898,,15,True
1790669700,2026-09-29T08:15:00Z,แจ้ห่ม,274,0.0,0.0,0.0,,,True
1790669700,2026-09-29T08:15:00Z,แม่เปิน,85,0.0,0.0,0.0,,,True
1790669700,2026-09-29T08:15:00Z,เสริมงาม,185,0.002,0.098,0.0216,,75,True
1790669700,2026-09-29T08:15:00Z,ชุมตาบง,61,0.007,0.413,0.0164,,15,True
1790669700,2026-09-29T08:15:00Z,งาว,344,0.082,1.216,0.2587,90,15,True
1790669700,2026-09-29T08:15:00Z,ตากฟ้า,125,0.0,0.0,0.0,,,True
1790669700,2026-09-29T08:15:00Z,แม่เมาะ,283,0.127,1.216,0.371,30,15,True
1790669700,2026-09-29T08:15:00Z,แม่วงก์,257,0.04,0.848,0.1167,45,15,True
1790669700,2026-09-29T08:15:00Z,เกาะคา,128,0.091,1.216,0.1562,90,75,True
1790669700,2026-09-29T08:15:00Z,พยุหะคีรี,169,0.0,0.0,0.0,,,True
1790669700,2026-09-29T08:15:00Z,ลาดยาว,187,0.0,0.0,0.0,,,True
1790669700,2026-09-29T08:15:00Z,สบปราบ,125,0.33,1.742,0.608,45,30,True
1790669700,2026-09-29T08:15:00Z,ห้างฉัตร,154,0.002,0.098,0.0195,,15,True
1790669700,2026-09-29T08:15:00Z,แม่ทะ,203,0.128,1.742,0.2956,105,15,True
1790669700,2026-09-29T08:15:00Z,เมืองปาน,202,0.001,0.098,0.0149,,60,True
1790669700,2026-09-29T08:15:00Z,เมืองอ่างทอง,6,0.0,0.0,0.0,,,True
1790669700,2026-09-29T08:15:00Z,ไชโย,20,0.0,0.0,0.0,,,True
1790669700,2026-09-29T08:15:00Z,สามโก้,10,0.0,0.0,0.0,,,True
1790669700,2026-09-29T08:15:00Z,แสวงหา,43,0.0,0.0,0.0,,,True
1790669700,2026-09-29T08:15:00Z,วิเศษชัยชาญ,7,0.0,0.0,0.0,,,True
1790669700,2026-09-29T08:15:00Z,โพธิ์ทอง,48,0.0,0.0,0.0,,,True
1790669700,2026-09-29T08:15:00Z,เมืองลพบุรี,190,0.0,0.0,0.0,,,True
1790669700,2026-09-29T08:15:00Z,เดิมบางนางบวช,130,0.0,0.0,0.0,,,True
1790669700,2026-09-29T08:15:00Z,ด่านช้าง,309,0.0,0.0,0.0,,,True
1790669700,2026-09-29T08:15:00Z,หนองม่วง,111,0.0,0.0,0.0,,,True
1790669700,2026-09-29T08:15:00Z,ลำสนธิ,136,0.0,0.0,0.0,,,True
1790669700,2026-09-29T08:15:00Z,สามชุก,77,0.0,0.0,0.0,,,True
1790669700,2026-09-29T08:15:00Z,ดอนเจดีย์,72,0.0,0.0,0.0,,,True
1790669700,2026-09-29T08:15:00Z,สระโบสถ์,83,0.0,0.0,0.0,,,True
1790669700,2026-09-29T08:15:00Z,ศรีประจันต์,41,0.0,0.0,0.0,,,True
1790669700,2026-09-29T08:15:00Z,โคกเจริญ,135,0.0,0.0,0.0,,,True
1790669700,2026-09-29T08:15:00Z,บ้านหมี่,136,0.0,0.0,0.0,,,True
1790669700,2026-09-29T08:15:00Z,ท่าหลวง,100,0.0,0.0,0.0,,,True
1790669700,2026-09-29T08:15:00Z,ชัยบาดาล,280,0.0,0.0,0.0,,,True
1790669700,2026-09-29T08:15:00Z,ท่าวุ้ง,64,0.0,0.0,0.0,,,True
1790669700,2026-09-29T08:15:00Z,พัฒนานิคม,217,0.0,0.0,0.0,,,True
1790669700,2026-09-29T08:15:00Z,โคกสำโรง,180,0.0,0.0,0.0,,,True
1790669700,2026-09-29T08:15:00Z,หนองหญ้าไซ,108,0.0,0.0,0.0,,,True
1790669700,2026-09-29T08:15:00Z,ท่าช้าง,11,0.0,0.0,0.0,,,True
1790669700,2026-09-29T08:15:00Z,อินทร์บุรี,66,0.0,0.0,0.0,,,True
1790669700,2026-09-29T08:15:00Z,ค่ายบางระจัน,26,0.0,0.0,0.0,,,True
1790669700,2026-09-29T08:15:00Z,พรหมบุรี,19,0.0,0.0,0.0,,,True
1790669700,2026-09-29T08:15:00Z,เนินสง่า,65,0.0,0.0,0.0,,,True
1790669700,2026-09-29T08:15:00Z,เมืองสิงห์บุรี,31,0.0,0.0,0.0,,,True
1790669700,2026-09-29T08:15:00Z,ซับใหญ่,72,0.0,0.0,0.0,,,True
1790669700,2026-09-29T08:15:00Z,บางระจัน,46,0.0,0.0,0.0,,,True
1790669700,2026-09-29T08:15:00Z,ภูกระดึง,190,0.0,0.0,0.0,,,True
1790669700,2026-09-29T08:15:00Z,ภูหลวง,145,0.0,0.0,0.0,,,True
1790669700,2026-09-29T08:15:00Z,หนองหิน,78,0.0,0.0,0.0,,,True
1790669700,2026-09-29T08:15:00Z,ผาขาว,100,0.0,0.0,0.0,,,True
1790669700,2026-09-29T08:15:00Z,เอราวัณ,87,0.0,0.0,0.0,,,True
1790669700,2026-09-29T08:15:00Z,วังสะพุง,281,0.0,0.0,0.0,,,True
1790669700,2026-09-29T08:15:00Z,วังม่วง,70,0.0,0.0,0.0,,,True
1790669700,2026-09-29T08:15:00Z,เฉลิมพระเกียรติ,35,0.0,0.0,0.0,,,True
1790669700,2026-09-29T08:15:00Z,มวกเหล็ก,175,0.0,0.0,0.0,,,True
1790669700,2026-09-29T08:15:00Z,บ้านเขว้า,124,0.0,0.0,0.0,,,True
1790669700,2026-09-29T08:15:00Z,คอนสวรรค์,113,0.0,0.0,0.0,,,True
1790669700,2026-09-29T08:15:00Z,เมืองชัยภูมิ,358,0.0,0.0,0.0,,,True
1790669700,2026-09-29T08:15:00Z,วังทอง,425,0.0,0.0,0.0,,,True
1790669700,2026-09-29T08:15:00Z,เนินมะปราง,276,0.0,0.0,0.0,,,True
1790669700,2026-09-29T08:15:00Z,สวรรคโลก,156,0.006,0.098,0.0577,,45,True
1790669700,2026-09-29T08:15:00Z,ศรีนคร,46,0.002,0.098,0.0217,,105,True
1790669700,2026-09-29T08:15:00Z,หันคา,139,0.0,0.0,0.0,,,True
1790669700,2026-09-29T08:15:00Z,ศรีสัชนาลัย,534,0.122,1.906,0.206,60,15,True
1790669700,2026-09-29T08:15:00Z,หนองมะโมง,76,0.0,0.0,0.0,,,True
1790669700,2026-09-29T08:15:00Z,ศรีสำโรง,142,0.002,0.098,0.0211,,30,True
1790669700,2026-09-29T08:15:00Z,สรรพยา,55,0.0,0.0,0.0,,,True
1790669700,2026-09-29T08:15:00Z,คีรีมาศ,171,0.026,0.69,0.0877,,45,True
1790669700,2026-09-29T08:15:00Z,สรรคบุรี,89,0.0,0.0,0.0,,,True
1790669700,2026-09-29T08:15:00Z,กงไกรลาศ,108,0.0,0.0,0.0,,,True
1790669700,2026-09-29T08:15:00Z,มโนรมย์,66,0.0,0.0,0.0,,,True
1790669700,2026-09-29T08:15:00Z,เมืองสุโขทัย,136,0.002,0.098,0.0221,,15,True
1790669700,2026-09-29T08:15:00Z,วัดสิงห์,67,0.0,0.0,0.0,,,True
1790669700,2026-09-29T08:15:00Z,บ้านด่านลานหอย,231,0.0,0.0,0.0,,,True
1790669700,2026-09-29T08:15:00Z,เมืองชัยนาท,70,0.0,0.0,0.0,,,True
1790669700,2026-09-29T08:15:00Z,เนินขาม,65,0.0,0.0,0.0,,,True
1790669700,2026-09-29T08:15:00Z,คอนสาร,334,0.0,0.0,0.0,,,True
1790669700,2026-09-29T08:15:00Z,ภักดีชุมพล,154,0.0,0.0,0.0,,,True
1790669700,2026-09-29T08:15:00Z,บ้านแท่น,76,0.0,0.0,0.0,,,True
1790669700,2026-09-29T08:15:00Z,แก้งคร้อ,168,0.0,0.0,0.0,,,True
1790669700,2026-09-29T08:15:00Z,ภูเขียว,201,0.0,0.0,0.0,,,True
1790669700,2026-09-29T08:15:00Z,หนองบัวระเหว,179,0.0,0.0,0.0,,,True
1790669700,2026-09-29T08:15:00Z,เทพสถิต,239,0.0,0.0,0.0,,,True
1790669700,2026-09-29T08:15:00Z,จัตุรัส,172,0.0,0.0,0.0,,,True
1790669700,2026-09-29T08:15:00Z,บำเหน็จณรงค์,120,0.0,0.0,0.0,,,True
1790669700,2026-09-29T08:15:00Z,เกษตรสมบูรณ์,268,0.0,0.0,0.0,,,True
1790669700,2026-09-29T08:15:00Z,หนองบัวแดง,537,0.0,0.0,0.0,,,True
1790669700,2026-09-29T08:15:00Z,ภูเรือ,168,0.0,0.0,0.0,,,True
1790669700,2026-09-29T08:15:00Z,ท่าลี่,171,0.0,0.0,0.0,,,True
1790669700,2026-09-29T08:15:00Z,วชิรบารมี,68,0.0,0.0,0.0,,,True
1790669700,2026-09-29T08:15:00Z,ด่านซ้าย,341,0.0,0.0,0.0,,,True
1790669700,2026-09-29T08:15:00Z,นาแห้ว,153,0.0,0.0,0.0,,,True
1790669700,2026-09-29T08:15:00Z,บึงนาราง,74,0.022,1.216,0.0405,,60,True
1790669700,2026-09-29T08:15:00Z,เชียงคาน,213,0.0,0.0,0.0,,,True
1790669700,2026-09-29T08:15:00Z,ดงเจริญ,56,0.0,0.0,0.0,,,True
1790669700,2026-09-29T08:15:00Z,ปากชม,240,0.0,0.0,0.0,,,True
1790669700,2026-09-29T08:15:00Z,เมืองเลย,314,0.0,0.0,0.0,,,True
1790669700,2026-09-29T08:15:00Z,นาด้วง,143,0.0,0.0,0.0,,,True
1790669700,2026-09-29T08:15:00Z,สากเหล็ก,45,0.0,0.0,0.0,,,True
1790669700,2026-09-29T08:15:00Z,สามง่าม,89,0.034,1.216,0.0562,,105,True
1790669700,2026-09-29T08:15:00Z,ทับคล้อ,104,0.0,0.0,0.0,,,True
1790669700,2026-09-29T08:15:00Z,พรหมพิราม,206,0.0,0.0,0.0,,,True
1790669700,2026-09-29T08:15:00Z,ด่านขุนทด,344,0.0,0.0,0.0,,,True
1790669700,2026-09-29T08:15:00Z,วัดโบสถ์,226,0.0,0.0,0.0,,,True
1790669700,2026-09-29T08:15:00Z,บางระกำ,246,0.0,0.0,0.0,,,True
1790669700,2026-09-29T08:15:00Z,บางกระทุ่ม,91,0.0,0.0,0.0,,,True
1790669700,2026-09-29T08:15:00Z,นครไทย,597,0.0,0.0,0.0,,,True
1790669700,2026-09-29T08:15:00Z,ชาติตระการ,415,0.0,0.0,0.0,,,True
1790669700,2026-09-29T08:15:00Z,บ้านเหลื่อม,55,0.0,0.0,0.0,,,True
1790669700,2026-09-29T08:15:00Z,เมืองพิษณุโลก,178,0.0,0.0,0.0,,,True
1790669700,2026-09-29T08:15:00Z,ชุมแสง,145,0.0,0.0,0.0,,,True
1790669700,2026-09-29T08:15:00Z,หนองบัว,208,0.0,0.0,0.0,,,True
1790669700,2026-09-29T08:15:00Z,เมืองนครสวรรค์,183,0.0,0.0,0.0,,,True
1790669700,2026-09-29T08:15:00Z,โกรกพระ,71,0.0,0.0,0.0,,,True
1790669700,2026-09-29T08:15:00Z,ไพศาลี,244,0.0,0.0,0.0,,,True
1790669700,2026-09-29T08:15:00Z,ตาคลี,206,0.0,0.0,0.0,,,True
1790669700,2026-09-29T08:15:00Z,ท่าตะโก,211,0.0,0.0,0.0,,,True
1790669700,2026-09-29T08:15:00Z,เขาค้อ,207,0.0,0.0,0.0,,,True
1790669700,2026-09-29T08:15:00Z,บรรพตพิสัย,181,0.032,1.216,0.0663,,15,True
1790669700,2026-09-29T08:15:00Z,เก้าเลี้ยว,57,0.0,0.0,0.0,,,True
1790669700,2026-09-29T08:15:00Z,วังโป่ง,123,0.0,0.0,0.0,,,True
1790669700,2026-09-29T08:15:00Z,บึงสามพัน,194,0.0,0.0,0.0,,,True
1790669700,2026-09-29T08:15:00Z,น้ำหนาว,231,0.0,0.0,0.0,,,True
1790669700,2026-09-29T08:15:00Z,ศรีเทพ,204,0.0,0.0,0.0,,,True
1790669700,2026-09-29T08:15:00Z,หนองไผ่,315,0.0,0.0,0.0,,,True
1790669700,2026-09-29T08:15:00Z,มหาราช,4,0.0,0.0,0.0,,,False
1790669700,2026-09-29T08:15:00Z,บ้านแพรก,10,0.0,0.0,0.0,,,True
1790669700,2026-09-29T08:15:00Z,บางมูลนาก,99,0.0,0.0,0.0,,,True
1790669700,2026-09-29T08:15:00Z,โพทะเล,131,0.0,0.0,0.0,,,True
1790669700,2026-09-29T08:15:00Z,โพธิ์ประทับช้าง,102,0.029,0.848,0.0686,,75,True
1790669700,2026-09-29T08:15:00Z,ตะพานหิน,109,0.0,0.0,0.0,,,True
1790669700,2026-09-29T08:15:00Z,เมืองพิจิตร,138,0.0,0.0,0.0,,,True
1790669700,2026-09-29T08:15:00Z,วังทรายพูน,66,0.0,0.0,0.0,,,True
1790670600,2026-09-29T08:30:00Z,พิชัย,176,0.0,0.0,0.0,,,True
1790670600,2026-09-29T08:30:00Z,ลับแล,116,0.004,0.201,0.0345,,90,True
1790670600,2026-09-29T08:30:00Z,ฟากท่า,163,0.0,0.0,0.0,,,True
1790670600,2026-09-29T08:30:00Z,บ้านโคก,247,0.0,0.0,0.0,,,True
1790670600,2026-09-29T08:30:00Z,ท่าปลา,442,0.0,0.0,0.0,,,True
1790670600,2026-09-29T08:30:00Z,น้ำปาด,363,0.0,0.0,0.0,,,True
1790670600,2026-09-29T08:30:00Z,เมืองอุตรดิตถ์,202,0.0,0.0,0.0,,,True
1790670600,2026-09-29T08:30:00Z,ตรอน,80,0.0,0.0,0.0,,,True
1790670600,2026-09-29T08:30:00Z,หล่มเก่า,246,0.0,0.0,0.0,,,True
1790670600,2026-09-29T08:30:00Z,วิเชียรบุรี,377,0.0,0.0,0.0,,,True
1790670600,2026-09-29T08:30:00Z,ชนแดน,279,0.0,0.0,0.0,,,True
1790670600,2026-09-29T08:30:00Z,หล่มสัก,350,0.0,0.0,0.0,,,True
1790670600,2026-09-29T08:30:00Z,เมืองเพชรบูรณ์,571,0.0,0.0,0.0,,,True
1790670600,2026-09-29T08:30:00Z,ทองแสนขัน,185,0.0,0.0,0.0,,,True
1790670600,2026-09-29T08:30:00Z,บึงสามัคคี,71,0.0,0.0,0.0,,,True
1790670600,2026-09-29T08:30:00Z,โกสัมพีนคร,137,0.009,0.299,0.073,,30,True
1790670600,2026-09-29T08:30:00Z,สอง,380,0.0,0.0,0.0,,,True
1790670600,2026-09-29T08:30:00Z,วังชิ้น,255,0.231,1.44,0.5451,60,15,True
1790670600,2026-09-29T08:30:00Z,สูงเม่น,88,0.0,0.0,0.0,,,True
1790670600,2026-09-29T08:30:00Z,เด่นชัย,135,0.0,0.0,0.0,,,True
1790670600,2026-09-29T08:30:00Z,ร้องกวาง,221,0.0,0.0,0.0,,,True
1790670600,2026-09-29T08:30:00Z,ลอง,317,0.126,1.314,0.2303,45,15,True
1790670600,2026-09-29T08:30:00Z,เมืองแพร่,205,0.0,0.0,0.0,,,True
1790670600,2026-09-29T08:30:00Z,ทัพทัน,94,0.0,0.0,0.0,,,True
1790670600,2026-09-29T08:30:00Z,สว่างอารมณ์,110,0.0,0.0,0.0,,,True
1790670600,2026-09-29T08:30:00Z,เมืองอุทัยธานี,59,0.0,0.0,0.0,,,True
1790670600,2026-09-29T08:30:00Z,ห้วยคต,94,0.0,0.0,0.0,,,True
1790670600,2026-09-29T08:30:00Z,ศรีสวัสดิ์,440,0.0,0.0,0.0,,,True
1790670600,2026-09-29T08:30:00Z,บ้านไร่,821,0.002,0.201,0.0183,,60,True
1790670600,2026-09-29T08:30:00Z,ลานสัก,360,0.001,0.098,0.0056,,120,True
1790670600,2026-09-29T08:30:00Z,หนองฉาง,89,0.0,0.0,0.0,,,True
1790670600,2026-09-29T08:30:00Z,หนองขาหย่าง,43,0.0,0.0,0.0,,,True
1790670600,2026-09-29T08:30:00Z,เชียงม่วน,82,0.0,0.0,0.0,,,True
1790670600,2026-09-29T08:30:00Z,ดอกคำใต้,37,0.048,0.201,0.3243,105,105,True
1790670600,2026-09-29T08:30:00Z,เมืองพะเยา,6,0.0,0.0,0.0,,,True
1790670600,2026-09-29T08:30:00Z,ทองผาภูมิ,851,0.001,0.201,0.0071,,15,True
1790670600,2026-09-29T08:30:00Z,สังขละบุรี,793,0.0,0.0,0.0,,,True
1790670600,2026-09-29T08:30:00Z,หนองม่วงไข่,35,0.0,0.0,0.0,,,True
1790670600,2026-09-29T08:30:00Z,ภูเวียง,81,0.0,0.0,0.0,,,True
1790670600,2026-09-29T08:30:00Z,มัญจาคีรี,50,0.0,0.0,0.0,,,True
1790670600,2026-09-29T08:30:00Z,หนองปรือ,104,0.0,0.0,0.0,,,True
1790670600,2026-09-29T08:30:00Z,เลาขวัญ,123,0.0,0.0,0.0,,,True
1790670600,2026-09-29T08:30:00Z,หนองนาคำ,43,0.0,0.0,0.0,,,True
1790670600,2026-09-29T08:30:00Z,โคกโพธิ์ไชย,65,0.0,0.0,0.0,,,True
1790670600,2026-09-29T08:30:00Z,บ้านหลวง,91,0.0,0.0,0.0,,,True
1790670600,2026-09-29T08:30:00Z,นาน้อย,266,0.0,0.0,0.0,,,True
1790670600,2026-09-29T08:30:00Z,ภูผาม่าน,74,0.0,0.0,0.0,,,True
1790670600,2026-09-29T08:30:00Z,เมืองน่าน,161,0.0,0.0,0.0,,,True
1790670600,2026-09-29T08:30:00Z,แม่จริม,262,0.0,0.0,0.0,,,True
1790670600,2026-09-29T08:30:00Z,เวียงเก่า,78,0.0,0.0,0.0,,,True
1790670600,2026-09-29T08:30:00Z,เมืองกำแพงเพชร,368,0.306,2.329,0.5924,15,15,True
1790670600,2026-09-29T08:30:00Z,ไทรงาม,133,0.005,0.201,0.0451,,90,True
1790670600,2026-09-29T08:30:00Z,ปางศิลาทอง,186,0.018,0.592,0.0968,,15,True
1790670600,2026-09-29T08:30:00Z,ลานกระบือ,103,0.033,0.848,0.1845,120,105,True
1790670600,2026-09-29T08:30:00Z,ทรายทองวัฒนา,53,0.226,1.742,0.3585,120,105,True
1790670600,2026-09-29T08:30:00Z,คลองขลุง,179,0.24,1.84,0.419,45,30,True
1790670600,2026-09-29T08:30:00Z,พรานกระต่าย,252,0.207,2.162,0.2857,75,60,True
1790670600,2026-09-29T08:30:00Z,คลองลาน,363,0.032,0.592,0.1928,30,15,True
1790670600,2026-09-29T08:30:00Z,ขาณุวรลักษบุรี,296,0.226,1.943,0.2872,45,30,True
1790670600,2026-09-29T08:30:00Z,ภูเพียง,113,0.0,0.0,0.0,,,True
1790670600,2026-09-29T08:30:00Z,นาหมื่น,245,0.0,0.0,0.0,,,True
1790670600,2026-09-29T08:30:00Z,เวียงสา,543,0.0,0.0,0.0,,,True
1790670600,2026-09-29T08:30:00Z,น้ำโสม,153,0.0,0.0,0.0,,,True
1790670600,2026-09-29T08:30:00Z,นายูง,126,0.0,0.0,0.0,,,True
1790670600,2026-09-29T08:30:00Z,ชุมแพ,173,0.0,0.0,0.0,,,True
1790670600,2026-09-29T08:30:00Z,สีชมพู,132,0.0,0.0,0.0,,,True
1790670600,2026-09-29T08:30:00Z,สุวรรณคูหา,140,0.0,0.0,0.0,,,True
1790670600,2026-09-29T08:30:00Z,นาวัง,65,0.0,0.0,0.0,,,True
1790670600,2026-09-29T08:30:00Z,หนองเรือ,80,0.0,0.0,0.0,,,True
1790670600,2026-09-29T08:30:00Z,โนนสัง,51,0.0,0.0,0.0,,,True
1790670600,2026-09-29T08:30:00Z,ศรีบุญเรือง,224,0.0,0.0,0.0,,,True
1790670600,2026-09-29T08:30:00Z,เมืองหนองบัวลำภู,217,0.0,0.0,0.0,,,True
1790670600,2026-09-29T08:30:00Z,นากลาง,173,0.0,0.0,0.0,,,True
1790670600,2026-09-29T08:30:00Z,ทุ่งเสลี่ยม,144,0.015,0.288,0.1042,30,15,True
1790670600,2026-09-29T08:30:00Z,ดอยหล่อ,56,0.0,0.0,0.0,,,True
1790670600,2026-09-29T08:30:00Z,เมืองตาก,486,0.04,0.299,0.323,75,15,True
1790670600,2026-09-29T08:30:00Z,แม่ออน,116,0.0,0.0,0.0,,,True
1790670600,2026-09-29T08:30:00Z,อุ้มผาง,1209,0.003,0.201,0.0215,,15,True
1790670600,2026-09-29T08:30:00Z,วังเจ้า,183,0.059,0.299,0.4044,60,30,True
1790670600,2026-09-29T08:30:00Z,แม่สอด,398,0.019,0.201,0.1734,75,30,True
1790670600,2026-09-29T08:30:00Z,พบพระ,249,0.034,0.299,0.3052,15,15,True
1790670600,2026-09-29T08:30:00Z,แม่ระมาด,380,0.001,0.098,0.0079,,120,True
1790670600,2026-09-29T08:30:00Z,ท่าสองยาง,401,0.0,0.0,0.0,,,True
1790670600,2026-09-29T08:30:00Z,บ้านตาก,255,0.029,0.299,0.2196,30,15,True
1790670600,2026-09-29T08:30:00Z,สามเงา,698,0.009,0.299,0.0573,,15,True
1790670600,2026-09-29T08:30:00Z,จอมทอง,280,0.0,0.0,0.0,,,True
1790670600,2026-09-29T08:30:00Z,แก้งสนามนาง,79,0.0,0.0,0.0,,,True
1790670600,2026-09-29T08:30:00Z,สีคิ้ว,292,0.0,0.0,0.0,,,True
1790670600,2026-09-29T08:30:00Z,พระทองคำ,90,0.0,0.0,0.0,,,True
1790670600,2026-09-29T08:30:00Z,เทพารักษ์,92,0.0,0.0,0.0,,,True
1790670600,2026-09-29T08:30:00Z,สันกำแพง,65,0.0,0.0,0.0,,,True
1790670600,2026-09-29T08:30:00Z,สันป่าตอง,44,0.0,0.0,0.0,,,True
1790670600,2026-09-29T08:30:00Z,ดอยเต่า,213,0.0,0.0,0.0,,,True
1790670600,2026-09-29T08:30:00Z,อมก๋อย,704,0.0,0.0,0.0,,,True
1790670600,2026-09-29T08:30:00Z,ฮอด,378,0.0,0.0,0.0,,,True
1790670600,2026-09-29T08:30:00Z,เมืองลำพูน,117,0.0,0.0,0.0,,,True
1790670600,2026-09-29T08:30:00Z,แม่ทา,192,0.0,0.0,0.0,,,True
1790670600,2026-09-29T08:30:00Z,บ้านธิ,34,0.0,0.0,0.0,,,True
1790670600,2026-09-29T08:30:00Z,บ้านหมอ,24,0.0,0.0,0.0,,,True
1790670600,2026-09-29T08:30:00Z,เวียงหนองล่อง,14,0.0,0.0,0.0,,,True
1790670600,2026-09-29T08:30:00Z,ทุ่งหัวช้าง,113,0.016,0.848,0.0354,,30,True
1790670600,2026-09-29T08:30:00Z,ป่าซาง,74,0.0,0.0,0.0,,,True
1790670600,2026-09-29T08:30:00Z,บ้านโฮ่ง,124,0.0,0.0,0.0,,,True
1790670600,2026-09-29T08:30:00Z,แก่งคอย,73,0.0,0.0,0.0,,,True
1790670600,2026-09-29T08:30:00Z,ลี้,454,0.0,0.098,0.0022,,15,True
1790670600,2026-09-29T08:30:00Z,พระพุทธบาท,55,0.0,0.0,0.0,,,True
1790670600,2026-09-29T08:30:00Z,ดอนพุด,7,0.0,0.0,0.0,,,True
1790670600,2026-09-29T08:30:00Z,หนองโดน,31,0.0,0.0,0.0,,,True
1790670600,2026-09-29T08:30:00Z,เมืองลำปาง,300,0.036,0.848,0.1533,120,90,True
1790670600,2026-09-29T08:30:00Z,เถิน,443,0.157,1.44,0.5124,15,15,True
1790670600,2026-09-29T08:30:00Z,แม่พริก,167,0.019,0.299,0.1317,75,15,True
1790670600,2026-09-29T08:30:00Z,แจ้ห่ม,274,0.0,0.0,0.0,,,True
1790670600,2026-09-29T08:30:00Z,แม่เปิน,85,0.0,0.0,0.0,,,True
1790670600,2026-09-29T08:30:00Z,เสริมงาม,185,0.096,1.216,0.1622,75,45,True
1790670600,2026-09-29T08:30:00Z,ชุมตาบง,61,0.041,0.592,0.0984,,15,True
1790670600,2026-09-29T08:30:00Z,งาว,344,0.027,0.294,0.157,75,45,True
1790670600,2026-09-29T08:30:00Z,ตากฟ้า,125,0.0,0.0,0.0,,,True
1790670600,2026-09-29T08:30:00Z,แม่เมาะ,283,0.135,1.314,0.3604,30,15,True
1790670600,2026-09-29T08:30:00Z,แม่วงก์,257,0.145,2.03,0.1829,15,15,True
1790670600,2026-09-29T08:30:00Z,เกาะคา,128,0.229,1.216,0.6016,60,45,True
1790670600,2026-09-29T08:30:00Z,พยุหะคีรี,169,0.0,0.0,0.0,,,True
1790670600,2026-09-29T08:30:00Z,ลาดยาว,187,0.0,0.0,0.0,,,True
1790670600,2026-09-29T08:30:00Z,สบปราบ,125,0.281,0.946,0.88,30,15,True
1790670600,2026-09-29T08:30:00Z,ห้างฉัตร,154,0.0,0.0,0.0,,,True
1790670600,2026-09-29T08:30:00Z,แม่ทะ,203,0.119,0.946,0.5517,60,30,True
1790670600,2026-09-29T08:30:00Z,เมืองปาน,202,0.0,0.0,0.0,,,True
1790670600,2026-09-29T08:30:00Z,เมืองอ่างทอง,6,0.0,0.0,0.0,,,True
1790670600,2026-09-29T08:30:00Z,ไชโย,20,0.0,0.0,0.0,,,True
1790670600,2026-09-29T08:30:00Z,สามโก้,10,0.0,0.0,0.0,,,True
1790670600,2026-09-29T08:30:00Z,แสวงหา,43,0.0,0.0,0.0,,,True
1790670600,2026-09-29T08:30:00Z,วิเศษชัยชาญ,7,0.0,0.0,0.0,,,True
1790670600,2026-09-29T08:30:00Z,โพธิ์ทอง,48,0.0,0.0,0.0,,,True
1790670600,2026-09-29T08:30:00Z,เมืองลพบุรี,190,0.0,0.0,0.0,,,True
1790670600,2026-09-29T08:30:00Z,เดิมบางนางบวช,130,0.0,0.0,0.0,,,True
1790670600,2026-09-29T08:30:00Z,ด่านช้าง,309,0.0,0.0,0.0,,,True
1790670600,2026-09-29T08:30:00Z,หนองม่วง,111,0.0,0.0,0.0,,,True
1790670600,2026-09-29T08:30:00Z,ลำสนธิ,136,0.0,0.0,0.0,,,True
1790670600,2026-09-29T08:30:00Z,สามชุก,77,0.0,0.0,0.0,,,True
1790670600,2026-09-29T08:30:00Z,ดอนเจดีย์,72,0.0,0.0,0.0,,,True
1790670600,2026-09-29T08:30:00Z,สระโบสถ์,83,0.0,0.0,0.0,,,True
1790670600,2026-09-29T08:30:00Z,ศรีประจันต์,41,0.0,0.0,0.0,,,True
1790670600,2026-09-29T08:30:00Z,โคกเจริญ,135,0.0,0.0,0.0,,,True
1790670600,2026-09-29T08:30:00Z,บ้านหมี่,136,0.0,0.0,0.0,,,True
1790670600,2026-09-29T08:30:00Z,ท่าหลวง,100,0.0,0.0,0.0,,,True
1790670600,2026-09-29T08:30:00Z,ชัยบาดาล,280,0.0,0.0,0.0,,,True
1790670600,2026-09-29T08:30:00Z,ท่าวุ้ง,64,0.0,0.0,0.0,,,True
1790670600,2026-09-29T08:30:00Z,พัฒนานิคม,217,0.0,0.0,0.0,,,True
1790670600,2026-09-29T08:30:00Z,โคกสำโรง,180,0.0,0.0,0.0,,,True
1790670600,2026-09-29T08:30:00Z,หนองหญ้าไซ,108,0.0,0.0,0.0,,,True
1790670600,2026-09-29T08:30:00Z,ท่าช้าง,11,0.0,0.0,0.0,,,True
1790670600,2026-09-29T08:30:00Z,อินทร์บุรี,66,0.0,0.0,0.0,,,True
1790670600,2026-09-29T08:30:00Z,ค่ายบางระจัน,26,0.0,0.0,0.0,,,True
1790670600,2026-09-29T08:30:00Z,พรหมบุรี,19,0.0,0.0,0.0,,,True
1790670600,2026-09-29T08:30:00Z,เนินสง่า,65,0.0,0.0,0.0,,,True
1790670600,2026-09-29T08:30:00Z,เมืองสิงห์บุรี,31,0.0,0.0,0.0,,,True
1790670600,2026-09-29T08:30:00Z,ซับใหญ่,72,0.0,0.0,0.0,,,True
1790670600,2026-09-29T08:30:00Z,บางระจัน,46,0.0,0.0,0.0,,,True
1790670600,2026-09-29T08:30:00Z,ภูกระดึง,190,0.0,0.0,0.0,,,True
1790670600,2026-09-29T08:30:00Z,ภูหลวง,145,0.0,0.0,0.0,,,True
1790670600,2026-09-29T08:30:00Z,หนองหิน,78,0.0,0.0,0.0,,,True
1790670600,2026-09-29T08:30:00Z,ผาขาว,100,0.0,0.0,0.0,,,True
1790670600,2026-09-29T08:30:00Z,เอราวัณ,87,0.0,0.0,0.0,,,True
1790670600,2026-09-29T08:30:00Z,วังสะพุง,281,0.0,0.0,0.0,,,True
1790670600,2026-09-29T08:30:00Z,วังม่วง,70,0.0,0.0,0.0,,,True
1790670600,2026-09-29T08:30:00Z,เฉลิมพระเกียรติ,35,0.0,0.0,0.0,,,True
1790670600,2026-09-29T08:30:00Z,มวกเหล็ก,175,0.0,0.0,0.0,,,True
1790670600,2026-09-29T08:30:00Z,บ้านเขว้า,124,0.0,0.0,0.0,,,True
1790670600,2026-09-29T08:30:00Z,คอนสวรรค์,113,0.0,0.0,0.0,,,True
1790670600,2026-09-29T08:30:00Z,เมืองชัยภูมิ,358,0.0,0.0,0.0,,,True
1790670600,2026-09-29T08:30:00Z,วังทอง,425,0.0,0.0,0.0,,,True
1790670600,2026-09-29T08:30:00Z,เนินมะปราง,276,0.0,0.0,0.0,,,True
1790670600,2026-09-29T08:30:00Z,สวรรคโลก,156,0.005,0.201,0.0449,,15,True
1790670600,2026-09-29T08:30:00Z,ศรีนคร,46,0.002,0.098,0.0217,,75,True
1790670600,2026-09-29T08:30:00Z,หันคา,139,0.0,0.0,0.0,,,True
1790670600,2026-09-29T08:30:00Z,ศรีสัชนาลัย,534,0.089,1.44,0.2228,45,15,True
1790670600,2026-09-29T08:30:00Z,หนองมะโมง,76,0.0,0.0,0.0,,,True
1790670600,2026-09-29T08:30:00Z,ศรีสำโรง,142,0.001,0.098,0.0141,,15,True
1790670600,2026-09-29T08:30:00Z,สรรพยา,55,0.0,0.0,0.0,,,True
1790670600,2026-09-29T08:30:00Z,คีรีมาศ,171,0.109,1.216,0.2281,105,15,True
1790670600,2026-09-29T08:30:00Z,สรรคบุรี,89,0.0,0.0,0.0,,,True
1790670600,2026-09-29T08:30:00Z,กงไกรลาศ,108,0.0,0.0,0.0,,,True
1790670600,2026-09-29T08:30:00Z,มโนรมย์,66,0.0,0.0,0.0,,,True
1790670600,2026-09-29T08:30:00Z,เมืองสุโขทัย,136,0.001,0.098,0.0074,,15,True
1790670600,2026-09-29T08:30:00Z,วัดสิงห์,67,0.0,0.0,0.0,,,True
1790670600,2026-09-29T08:30:00Z,บ้านด่านลานหอย,231,0.0,0.098,0.0043,,105,True
1790670600,2026-09-29T08:30:00Z,เมืองชัยนาท,70,0.0,0.0,0.0,,,True
1790670600,2026-09-29T08:30:00Z,เนินขาม,65,0.0,0.0,0.0,,,True
1790670600,2026-09-29T08:30:00Z,คอนสาร,334,0.0,0.0,0.0,,,True
1790670600,2026-09-29T08:30:00Z,ภักดีชุมพล,154,0.0,0.0,0.0,,,True
1790670600,2026-09-29T08:30:00Z,บ้านแท่น,76,0.0,0.0,0.0,,,True
1790670600,2026-09-29T08:30:00Z,แก้งคร้อ,168,0.0,0.0,0.0,,,True
1790670600,2026-09-29T08:30:00Z,ภูเขียว,201,0.0,0.0,0.0,,,True
1790670600,2026-09-29T08:30:00Z,หนองบัวระเหว,179,0.0,0.0,0.0,,,True
1790670600,2026-09-29T08:30:00Z,เทพสถิต,239,0.0,0.0,0.0,,,True
1790670600,2026-09-29T08:30:00Z,จัตุรัส,172,0.0,0.0,0.0,,,True
1790670600,2026-09-29T08:30:00Z,บำเหน็จณรงค์,120,0.0,0.0,0.0,,,True
1790670600,2026-09-29T08:30:00Z,เกษตรสมบูรณ์,268,0.0,0.0,0.0,,,True
1790670600,2026-09-29T08:30:00Z,หนองบัวแดง,537,0.0,0.0,0.0,,,True
1790670600,2026-09-29T08:30:00Z,ภูเรือ,168,0.0,0.0,0.0,,,True
1790670600,2026-09-29T08:30:00Z,ท่าลี่,171,0.0,0.0,0.0,,,True
1790670600,2026-09-29T08:30:00Z,วชิรบารมี,68,0.0,0.0,0.0,,,True
1790670600,2026-09-29T08:30:00Z,ด่านซ้าย,341,0.0,0.0,0.0,,,True
1790670600,2026-09-29T08:30:00Z,นาแห้ว,153,0.0,0.0,0.0,,,True
1790670600,2026-09-29T08:30:00Z,บึงนาราง,74,0.0,0.0,0.0,,,True
1790670600,2026-09-29T08:30:00Z,เชียงคาน,213,0.0,0.0,0.0,,,True
1790670600,2026-09-29T08:30:00Z,ดงเจริญ,56,0.0,0.0,0.0,,,True
1790670600,2026-09-29T08:30:00Z,ปากชม,240,0.0,0.0,0.0,,,True
1790670600,2026-09-29T08:30:00Z,เมืองเลย,314,0.0,0.0,0.0,,,True
1790670600,2026-09-29T08:30:00Z,นาด้วง,143,0.0,0.0,0.0,,,True
1790670600,2026-09-29T08:30:00Z,สากเหล็ก,45,0.0,0.0,0.0,,,True
1790670600,2026-09-29T08:30:00Z,สามง่าม,89,0.0,0.0,0.0,,,True
1790670600,2026-09-29T08:30:00Z,ทับคล้อ,104,0.0,0.0,0.0,,,True
1790670600,2026-09-29T08:30:00Z,พรหมพิราม,206,0.0,0.0,0.0,,,True
1790670600,2026-09-29T08:30:00Z,ด่านขุนทด,344,0.0,0.0,0.0,,,True
1790670600,2026-09-29T08:30:00Z,วัดโบสถ์,226,0.0,0.0,0.0,,,True
1790670600,2026-09-29T08:30:00Z,บางระกำ,246,0.0,0.0,0.0,,,True
1790670600,2026-09-29T08:30:00Z,บางกระทุ่ม,91,0.0,0.0,0.0,,,True
1790670600,2026-09-29T08:30:00Z,นครไทย,597,0.0,0.0,0.0,,,True
1790670600,2026-09-29T08:30:00Z,ชาติตระการ,415,0.0,0.0,0.0,,,True
1790670600,2026-09-29T08:30:00Z,บ้านเหลื่อม,55,0.0,0.0,0.0,,,True
1790670600,2026-09-29T08:30:00Z,เมืองพิษณุโลก,178,0.0,0.0,0.0,,,True
1790670600,2026-09-29T08:30:00Z,ชุมแสง,145,0.0,0.0,0.0,,,True
1790670600,2026-09-29T08:30:00Z,หนองบัว,208,0.0,0.0,0.0,,,True
1790670600,2026-09-29T08:30:00Z,เมืองนครสวรรค์,183,0.0,0.0,0.0,,,True
1790670600,2026-09-29T08:30:00Z,โกรกพระ,71,0.0,0.0,0.0,,,True
1790670600,2026-09-29T08:30:00Z,ไพศาลี,244,0.0,0.0,0.0,,,True
1790670600,2026-09-29T08:30:00Z,ตาคลี,206,0.0,0.0,0.0,,,True
1790670600,2026-09-29T08:30:00Z,ท่าตะโก,211,0.0,0.0,0.0,,,True
1790670600,2026-09-29T08:30:00Z,เขาค้อ,207,0.0,0.0,0.0,,,True
1790670600,2026-09-29T08:30:00Z,บรรพตพิสัย,181,0.0,0.0,0.0,,,True
1790670600,2026-09-29T08:30:00Z,เก้าเลี้ยว,57,0.0,0.0,0.0,,,True
1790670600,2026-09-29T08:30:00Z,วังโป่ง,123,0.0,0.0,0.0,,,True
1790670600,2026-09-29T08:30:00Z,บึงสามพัน,194,0.0,0.0,0.0,,,True
1790670600,2026-09-29T08:30:00Z,น้ำหนาว,231,0.0,0.0,0.0,,,True
1790670600,2026-09-29T08:30:00Z,ศรีเทพ,204,0.0,0.0,0.0,,,True
1790670600,2026-09-29T08:30:00Z,หนองไผ่,315,0.0,0.0,0.0,,,True
1790670600,2026-09-29T08:30:00Z,มหาราช,4,0.0,0.0,0.0,,,False
1790670600,2026-09-29T08:30:00Z,บ้านแพรก,10,0.0,0.0,0.0,,,True
1790670600,2026-09-29T08:30:00Z,บางมูลนาก,99,0.0,0.0,0.0,,,True
1790670600,2026-09-29T08:30:00Z,โพทะเล,131,0.0,0.0,0.0,,,True
1790670600,2026-09-29T08:30:00Z,โพธิ์ประทับช้าง,102,0.0,0.0,0.0,,,True
1790670600,2026-09-29T08:30:00Z,ตะพานหิน,109,0.0,0.0,0.0,,,True
1790670600,2026-09-29T08:30:00Z,เมืองพิจิตร,138,0.0,0.0,0.0,,,True
1790670600,2026-09-29T08:30:00Z,วังทรายพูน,66,0.0,0.0,0.0,,,True
1790671500,2026-09-29T08:45:00Z,พิชัย,176,0.0,0.0,0.0,,,True
1790671500,2026-09-29T08:45:00Z,ลับแล,116,0.012,0.201,0.1034,120,90,True
1790671500,2026-09-29T08:45:00Z,ฟากท่า,163,0.0,0.0,0.0,,,True
1790671500,2026-09-29T08:45:00Z,บ้านโคก,247,0.0,0.0,0.0,,,True
1790671500,2026-09-29T08:45:00Z,ท่าปลา,442,0.0,0.0,0.0,,,True
1790671500,2026-09-29T08:45:00Z,น้ำปาด,363,0.0,0.0,0.0,,,True
1790671500,2026-09-29T08:45:00Z,เมืองอุตรดิตถ์,202,0.0,0.0,0.0,,,True
1790671500,2026-09-29T08:45:00Z,ตรอน,80,0.0,0.0,0.0,,,True
1790671500,2026-09-29T08:45:00Z,หล่มเก่า,246,0.0,0.0,0.0,,,True
1790671500,2026-09-29T08:45:00Z,วิเชียรบุรี,377,0.0,0.0,0.0,,,True
1790671500,2026-09-29T08:45:00Z,ชนแดน,279,0.0,0.0,0.0,,,True
1790671500,2026-09-29T08:45:00Z,หล่มสัก,350,0.0,0.0,0.0,,,True
1790671500,2026-09-29T08:45:00Z,เมืองเพชรบูรณ์,571,0.0,0.0,0.0,,,True
1790671500,2026-09-29T08:45:00Z,ทองแสนขัน,185,0.0,0.0,0.0,,,True
1790671500,2026-09-29T08:45:00Z,บึงสามัคคี,71,0.001,0.098,0.0141,,120,True
1790671500,2026-09-29T08:45:00Z,โกสัมพีนคร,137,0.001,0.098,0.0146,,15,True
1790671500,2026-09-29T08:45:00Z,สอง,380,0.0,0.0,0.0,,,True
1790671500,2026-09-29T08:45:00Z,วังชิ้น,255,0.172,1.515,0.4235,45,15,True
1790671500,2026-09-29T08:45:00Z,สูงเม่น,88,0.0,0.0,0.0,,,True
1790671500,2026-09-29T08:45:00Z,เด่นชัย,135,0.0,0.0,0.0,,,True
1790671500,2026-09-29T08:45:00Z,ร้องกวาง,221,0.0,0.0,0.0,,,True
1790671500,2026-09-29T08:45:00Z,ลอง,317,0.089,1.216,0.2366,30,15,True
1790671500,2026-09-29T08:45:00Z,เมืองแพร่,205,0.0,0.0,0.0,,,True
1790671500,2026-09-29T08:45:00Z,ทัพทัน,94,0.0,0.0,0.0,,,True
1790671500,2026-09-29T08:45:00Z,สว่างอารมณ์,110,0.0,0.0,0.0,,,True
1790671500,2026-09-29T08:45:00Z,เมืองอุทัยธานี,59,0.0,0.0,0.0,,,True
1790671500,2026-09-29T08:45:00Z,ห้วยคต,94,0.0,0.0,0.0,,,True
1790671500,2026-09-29T08:45:00Z,ศรีสวัสดิ์,440,0.0,0.0,0.0,,,True
1790671500,2026-09-29T08:45:00Z,บ้านไร่,821,0.002,0.098,0.0171,,30,True
1790671500,2026-09-29T08:45:00Z,ลานสัก,360,0.001,0.098,0.0083,,120,True
1790671500,2026-09-29T08:45:00Z,หนองฉาง,89,0.0,0.0,0.0,,,True
1790671500,2026-09-29T08:45:00Z,หนองขาหย่าง,43,0.0,0.0,0.0,,,True
1790671500,2026-09-29T08:45:00Z,เชียงม่วน,82,0.0,0.0,0.0,,,True
1790671500,2026-09-29T08:45:00Z,ดอกคำใต้,37,0.0,0.0,0.0,,,True
1790671500,2026-09-29T08:45:00Z,เมืองพะเยา,6,0.0,0.0,0.0,,,True
1790671500,2026-09-29T08:45:00Z,ทองผาภูมิ,851,0.0,0.098,0.0035,,15,True
1790671500,2026-09-29T08:45:00Z,สังขละบุรี,793,0.0,0.0,0.0,,,True
1790671500,2026-09-29T08:45:00Z,หนองม่วงไข่,35,0.0,0.0,0.0,,,True
1790671500,2026-09-29T08:45:00Z,ภูเวียง,81,0.0,0.0,0.0,,,True
1790671500,2026-09-29T08:45:00Z,มัญจาคีรี,50,0.0,0.0,0.0,,,True
1790671500,2026-09-29T08:45:00Z,หนองปรือ,104,0.0,0.0,0.0,,,True
1790671500,2026-09-29T08:45:00Z,เลาขวัญ,123,0.0,0.0,0.0,,,True
1790671500,2026-09-29T08:45:00Z,หนองนาคำ,43,0.0,0.0,0.0,,,True
1790671500,2026-09-29T08:45:00Z,โคกโพธิ์ไชย,65,0.0,0.0,0.0,,,True
1790671500,2026-09-29T08:45:00Z,บ้านหลวง,91,0.0,0.0,0.0,,,True
1790671500,2026-09-29T08:45:00Z,นาน้อย,266,0.0,0.0,0.0,,,True
1790671500,2026-09-29T08:45:00Z,ภูผาม่าน,74,0.0,0.0,0.0,,,True
1790671500,2026-09-29T08:45:00Z,เมืองน่าน,161,0.0,0.0,0.0,,,True
1790671500,2026-09-29T08:45:00Z,แม่จริม,262,0.0,0.0,0.0,,,True
1790671500,2026-09-29T08:45:00Z,เวียงเก่า,78,0.0,0.0,0.0,,,True
1790671500,2026-09-29T08:45:00Z,เมืองกำแพงเพชร,368,0.499,3.474,0.6386,15,15,True
1790671500,2026-09-29T08:45:00Z,ไทรงาม,133,0.008,0.288,0.0451,,105,True
1790671500,2026-09-29T08:45:00Z,ปางศิลาทอง,186,0.031,1.742,0.0376,,15,True
1790671500,2026-09-29T08:45:00Z,ลานกระบือ,103,0.104,2.496,0.1068,120,105,True
1790671500,2026-09-29T08:45:00Z,ทรายทองวัฒนา,53,0.422,2.59,0.6038,105,105,True
1790671500,2026-09-29T08:45:00Z,คลองขลุง,179,0.561,3.182,0.5475,30,15,True
1790671500,2026-09-29T08:45:00Z,พรานกระต่าย,252,0.421,4.035,0.4127,60,45,True
1790671500,2026-09-29T08:45:00Z,คลองลาน,363,0.018,0.489,0.0937,,15,True
1790671500,2026-09-29T08:45:00Z,ขาณุวรลักษบุรี,296,0.388,3.68,0.3919,45,15,True
1790671500,2026-09-29T08:45:00Z,ภูเพียง,113,0.0,0.0,0.0,,,True
1790671500,2026-09-29T08:45:00Z,นาหมื่น,245,0.0,0.0,0.0,,,True
1790671500,2026-09-29T08:45:00Z,เวียงสา,543,0.0,0.0,0.0,,,True
1790671500,2026-09-29T08:45:00Z,น้ำโสม,153,0.0,0.0,0.0,,,True
1790671500,2026-09-29T08:45:00Z,นายูง,126,0.0,0.0,0.0,,,True
1790671500,2026-09-29T08:45:00Z,ชุมแพ,173,0.0,0.0,0.0,,,True
1790671500,2026-09-29T08:45:00Z,สีชมพู,132,0.0,0.0,0.0,,,True
1790671500,2026-09-29T08:45:00Z,สุวรรณคูหา,140,0.0,0.0,0.0,,,True
1790671500,2026-09-29T08:45:00Z,นาวัง,65,0.0,0.0,0.0,,,True
1790671500,2026-09-29T08:45:00Z,หนองเรือ,80,0.0,0.0,0.0,,,True
1790671500,2026-09-29T08:45:00Z,โนนสัง,51,0.0,0.0,0.0,,,True
1790671500,2026-09-29T08:45:00Z,ศรีบุญเรือง,224,0.0,0.0,0.0,,,True
1790671500,2026-09-29T08:45:00Z,เมืองหนองบัวลำภู,217,0.0,0.0,0.0,,,True
1790671500,2026-09-29T08:45:00Z,นากลาง,173,0.0,0.0,0.0,,,True
1790671500,2026-09-29T08:45:00Z,ทุ่งเสลี่ยม,144,0.003,0.201,0.0278,,15,True
1790671500,2026-09-29T08:45:00Z,ดอยหล่อ,56,0.0,0.0,0.0,,,True
1790671500,2026-09-29T08:45:00Z,เมืองตาก,486,0.036,0.592,0.2263,90,30,True
1790671500,2026-09-29T08:45:00Z,แม่ออน,116,0.0,0.0,0.0,,,True
1790671500,2026-09-29T08:45:00Z,อุ้มผาง,1209,0.001,0.098,0.0058,,15,True
1790671500,2026-09-29T08:45:00Z,วังเจ้า,183,0.045,0.592,0.2514,45,30,True
1790671500,2026-09-29T08:45:00Z,แม่สอด,398,0.022,0.288,0.1533,75,30,True
1790671500,2026-09-29T08:45:00Z,พบพระ,249,0.043,0.592,0.261,15,15,True
1790671500,2026-09-29T08:45:00Z,แม่ระมาด,380,0.0,0.098,0.0026,,120,True
1790671500,2026-09-29T08:45:00Z,ท่าสองยาง,401,0.0,0.0,0.0,,,True
1790671500,2026-09-29T08:45:00Z,บ้านตาก,255,0.014,0.288,0.0824,,15,True
1790671500,2026-09-29T08:45:00Z,สามเงา,698,0.005,0.288,0.0344,,15,True
1790671500,2026-09-29T08:45:00Z,จอมทอง,280,0.0,0.0,0.0,,,True
1790671500,2026-09-29T08:45:00Z,แก้งสนามนาง,79,0.0,0.0,0.0,,,True
1790671500,2026-09-29T08:45:00Z,สีคิ้ว,292,0.0,0.0,0.0,,,True
1790671500,2026-09-29T08:45:00Z,พระทองคำ,90,0.0,0.0,0.0,,,True
1790671500,2026-09-29T08:45:00Z,เทพารักษ์,92,0.0,0.0,0.0,,,True
1790671500,2026-09-29T08:45:00Z,สันกำแพง,65,0.0,0.0,0.0,,,True
1790671500,2026-09-29T08:45:00Z,สันป่าตอง,44,0.0,0.0,0.0,,,True
1790671500,2026-09-29T08:45:00Z,ดอยเต่า,213,0.0,0.0,0.0,,,True
1790671500,2026-09-29T08:45:00Z,อมก๋อย,704,0.0,0.0,0.0,,,True
1790671500,2026-09-29T08:45:00Z,ฮอด,378,0.0,0.0,0.0,,,True
1790671500,2026-09-29T08:45:00Z,เมืองลำพูน,117,0.0,0.0,0.0,,,True
1790671500,2026-09-29T08:45:00Z,แม่ทา,192,0.0,0.0,0.0,,,True
1790671500,2026-09-29T08:45:00Z,บ้านธิ,34,0.0,0.0,0.0,,,True
1790671500,2026-09-29T08:45:00Z,บ้านหมอ,24,0.0,0.0,0.0,,,True
1790671500,2026-09-29T08:45:00Z,เวียงหนองล่อง,14,0.0,0.0,0.0,,,True
1790671500,2026-09-29T08:45:00Z,ทุ่งหัวช้าง,113,0.008,0.788,0.0177,,15,True
1790671500,2026-09-29T08:45:00Z,ป่าซาง,74,0.0,0.0,0.0,,,True
1790671500,2026-09-29T08:45:00Z,บ้านโฮ่ง,124,0.0,0.0,0.0,,,True
1790671500,2026-09-29T08:45:00Z,แก่งคอย,73,0.0,0.0,0.0,,,True
1790671500,2026-09-29T08:45:00Z,ลี้,454,0.0,0.0,0.0,,,True
1790671500,2026-09-29T08:45:00Z,พระพุทธบาท,55,0.0,0.0,0.0,,,True
1790671500,2026-09-29T08:45:00Z,ดอนพุด,7,0.0,0.0,0.0,,,True
1790671500,2026-09-29T08:45:00Z,หนองโดน,31,0.0,0.0,0.0,,,True
1790671500,2026-09-29T08:45:00Z,เมืองลำปาง,300,0.033,0.826,0.1867,105,75,True
1790671500,2026-09-29T08:45:00Z,เถิน,443,0.133,2.334,0.3002,15,15,True
1790671500,2026-09-29T08:45:00Z,แม่พริก,167,0.015,0.299,0.1138,60,15,True
1790671500,2026-09-29T08:45:00Z,แจ้ห่ม,274,0.0,0.0,0.0,,,True
1790671500,2026-09-29T08:45:00Z,แม่เปิน,85,0.0,0.0,0.0,,,True
1790671500,2026-09-29T08:45:00Z,เสริมงาม,185,0.103,2.334,0.1135,75,30,True
1790671500,2026-09-29T08:45:00Z,ชุมตาบง,61,0.0,0.0,0.0,,,True
1790671500,2026-09-29T08:45:00Z,งาว,344,0.016,1.216,0.061,,60,True
1790671500,2026-09-29T08:45:00Z,ตากฟ้า,125,0.0,0.0,0.0,,,True
1790671500,2026-09-29T08:45:00Z,แม่เมาะ,283,0.118,1.216,0.3887,60,30,True
1790671500,2026-09-29T08:45:00Z,แม่วงก์,257,0.216,3.937,0.1907,15,15,True
1790671500,2026-09-29T08:45:00Z,เกาะคา,128,0.608,2.334,0.7422,45,30,True
1790671500,2026-09-29T08:45:00Z,พยุหะคีรี,169,0.0,0.0,0.0,,,True
1790671500,2026-09-29T08:45:00Z,ลาดยาว,187,0.002,0.288,0.0053,,30,True
1790671500,2026-09-29T08:45:00Z,สบปราบ,125,0.368,2.59,0.664,15,15,True
1790671500,2026-09-29T08:45:00Z,ห้างฉัตร,154,0.096,1.84,0.1169,120,90,True
1790671500,2026-09-29T08:45:00Z,แม่ทะ,203,0.08,1.147,0.3842,45,15,True
1790671500,2026-09-29T08:45:00Z,เมืองปาน,202,0.0,0.0,0.0,,,True
1790671500,2026-09-29T08:45:00Z,เมืองอ่างทอง,6,0.0,0.0,0.0,,,True
1790671500,2026-09-29T08:45:00Z,ไชโย,20,0.0,0.0,0.0,,,True
1790671500,2026-09-29T08:45:00Z,สามโก้,10,0.0,0.0,0.0,,,True
1790671500,2026-09-29T08:45:00Z,แสวงหา,43,0.0,0.0,0.0,,,True
1790671500,2026-09-29T08:45:00Z,วิเศษชัยชาญ,7,0.0,0.0,0.0,,,True
1790671500,2026-09-29T08:45:00Z,โพธิ์ทอง,48,0.0,0.0,0.0,,,True
1790671500,2026-09-29T08:45:00Z,เมืองลพบุรี,190,0.0,0.0,0.0,,,True
1790671500,2026-09-29T08:45:00Z,เดิมบางนางบวช,130,0.012,0.413,0.0538,,45,True
1790671500,2026-09-29T08:45:00Z,ด่านช้าง,309,0.0,0.0,0.0,,,True
1790671500,2026-09-29T08:45:00Z,หนองม่วง,111,0.0,0.0,0.0,,,True
1790671500,2026-09-29T08:45:00Z,ลำสนธิ,136,0.0,0.0,0.0,,,True
1790671500,2026-09-29T08:45:00Z,สามชุก,77,0.01,0.288,0.0649,,15,True
1790671500,2026-09-29T08:45:00Z,ดอนเจดีย์,72,0.0,0.0,0.0,,,True
1790671500,2026-09-29T08:45:00Z,สระโบสถ์,83,0.0,0.0,0.0,,,True
1790671500,2026-09-29T08:45:00Z,ศรีประจันต์,41,0.0,0.0,0.0,,,True
1790671500,2026-09-29T08:45:00Z,โคกเจริญ,135,0.0,0.0,0.0,,,True
1790671500,2026-09-29T08:45:00Z,บ้านหมี่,136,0.0,0.0,0.0,,,True
1790671500,2026-09-29T08:45:00Z,ท่าหลวง,100,0.0,0.0,0.0,,,True
1790671500,2026-09-29T08:45:00Z,ชัยบาดาล,280,0.0,0.0,0.0,,,True
1790671500,2026-09-29T08:45:00Z,ท่าวุ้ง,64,0.0,0.0,0.0,,,True
1790671500,2026-09-29T08:45:00Z,พัฒนานิคม,217,0.0,0.0,0.0,,,True
1790671500,2026-09-29T08:45:00Z,โคกสำโรง,180,0.0,0.0,0.0,,,True
1790671500,2026-09-29T08:45:00Z,หนองหญ้าไซ,108,0.005,0.413,0.0185,,15,True
1790671500,2026-09-29T08:45:00Z,ท่าช้าง,11,0.0,0.0,0.0,,,True
1790671500,2026-09-29T08:45:00Z,อินทร์บุรี,66,0.0,0.0,0.0,,,True
1790671500,2026-09-29T08:45:00Z,ค่ายบางระจัน,26,0.0,0.0,0.0,,,True
1790671500,2026-09-29T08:45:00Z,พรหมบุรี,19,0.0,0.0,0.0,,,True
1790671500,2026-09-29T08:45:00Z,เนินสง่า,65,0.0,0.0,0.0,,,True
1790671500,2026-09-29T08:45:00Z,เมืองสิงห์บุรี,31,0.0,0.0,0.0,,,True
1790671500,2026-09-29T08:45:00Z,ซับใหญ่,72,0.0,0.0,0.0,,,True
1790671500,2026-09-29T08:45:00Z,บางระจัน,46,0.0,0.0,0.0,,,True
1790671500,2026-09-29T08:45:00Z,ภูกระดึง,190,0.0,0.0,0.0,,,True
1790671500,2026-09-29T08:45:00Z,ภูหลวง,145,0.0,0.0,0.0,,,True
1790671500,2026-09-29T08:45:00Z,หนองหิน,78,0.0,0.0,0.0,,,True
1790671500,2026-09-29T08:45:00Z,ผาขาว,100,0.0,0.0,0.0,,,True
1790671500,2026-09-29T08:45:00Z,เอราวัณ,87,0.0,0.0,0.0,,,True
1790671500,2026-09-29T08:45:00Z,วังสะพุง,281,0.0,0.0,0.0,,,True
1790671500,2026-09-29T08:45:00Z,วังม่วง,70,0.0,0.0,0.0,,,True
1790671500,2026-09-29T08:45:00Z,เฉลิมพระเกียรติ,35,0.0,0.0,0.0,,,True
1790671500,2026-09-29T08:45:00Z,มวกเหล็ก,175,0.0,0.0,0.0,,,True
1790671500,2026-09-29T08:45:00Z,บ้านเขว้า,124,0.0,0.0,0.0,,,True
1790671500,2026-09-29T08:45:00Z,คอนสวรรค์,113,0.0,0.0,0.0,,,True
1790671500,2026-09-29T08:45:00Z,เมืองชัยภูมิ,358,0.0,0.0,0.0,,,True
1790671500,2026-09-29T08:45:00Z,วังทอง,425,0.0,0.0,0.0,,,True
1790671500,2026-09-29T08:45:00Z,เนินมะปราง,276,0.0,0.0,0.0,,,True
1790671500,2026-09-29T08:45:00Z,สวรรคโลก,156,0.011,0.201,0.0962,,15,True
1790671500,2026-09-29T08:45:00Z,ศรีนคร,46,0.006,0.098,0.0652,,75,True
1790671500,2026-09-29T08:45:00Z,หันคา,139,0.0,0.0,0.0,,,True
1790671500,2026-09-29T08:45:00Z,ศรีสัชนาลัย,534,0.073,1.417,0.221,30,15,True
1790671500,2026-09-29T08:45:00Z,หนองมะโมง,76,0.0,0.0,0.0,,,True
1790671500,2026-09-29T08:45:00Z,ศรีสำโรง,142,0.001,0.098,0.0141,,15,True
1790671500,2026-09-29T08:45:00Z,สรรพยา,55,0.01,0.288,0.0364,,120,True
1790671500,2026-09-29T08:45:00Z,คีรีมาศ,171,0.367,3.806,0.3977,90,75,True
1790671500,2026-09-29T08:45:00Z,สรรคบุรี,89,0.018,0.413,0.0787,,75,True
1790671500,2026-09-29T08:45:00Z,กงไกรลาศ,108,0.0,0.0,0.0,,,True
1790671500,2026-09-29T08:45:00Z,มโนรมย์,66,0.0,0.0,0.0,,,True
1790671500,2026-09-29T08:45:00Z,เมืองสุโขทัย,136,0.0,0.0,0.0,,,True
1790671500,2026-09-29T08:45:00Z,วัดสิงห์,67,0.0,0.0,0.0,,,True
1790671500,2026-09-29T08:45:00Z,บ้านด่านลานหอย,231,0.0,0.0,0.0,,,True
1790671500,2026-09-29T08:45:00Z,เมืองชัยนาท,70,0.0,0.0,0.0,,,True
1790671500,2026-09-29T08:45:00Z,เนินขาม,65,0.0,0.0,0.0,,,True
1790671500,2026-09-29T08:45:00Z,คอนสาร,334,0.0,0.0,0.0,,,True
1790671500,2026-09-29T08:45:00Z,ภักดีชุมพล,154,0.0,0.0,0.0,,,True
1790671500,2026-09-29T08:45:00Z,บ้านแท่น,76,0.0,0.0,0.0,,,True
1790671500,2026-09-29T08:45:00Z,แก้งคร้อ,168,0.0,0.0,0.0,,,True
1790671500,2026-09-29T08:45:00Z,ภูเขียว,201,0.0,0.0,0.0,,,True
1790671500,2026-09-29T08:45:00Z,หนองบัวระเหว,179,0.0,0.0,0.0,,,True
1790671500,2026-09-29T08:45:00Z,เทพสถิต,239,0.0,0.0,0.0,,,True
1790671500,2026-09-29T08:45:00Z,จัตุรัส,172,0.0,0.0,0.0,,,True
1790671500,2026-09-29T08:45:00Z,บำเหน็จณรงค์,120,0.0,0.0,0.0,,,True
1790671500,2026-09-29T08:45:00Z,เกษตรสมบูรณ์,268,0.0,0.0,0.0,,,True
1790671500,2026-09-29T08:45:00Z,หนองบัวแดง,537,0.0,0.0,0.0,,,True
1790671500,2026-09-29T08:45:00Z,ภูเรือ,168,0.0,0.0,0.0,,,True
1790671500,2026-09-29T08:45:00Z,ท่าลี่,171,0.0,0.0,0.0,,,True
1790671500,2026-09-29T08:45:00Z,วชิรบารมี,68,0.0,0.0,0.0,,,True
1790671500,2026-09-29T08:45:00Z,ด่านซ้าย,341,0.0,0.0,0.0,,,True
1790671500,2026-09-29T08:45:00Z,นาแห้ว,153,0.0,0.0,0.0,,,True
1790671500,2026-09-29T08:45:00Z,บึงนาราง,74,0.0,0.0,0.0,,,True
1790671500,2026-09-29T08:45:00Z,เชียงคาน,213,0.0,0.0,0.0,,,True
1790671500,2026-09-29T08:45:00Z,ดงเจริญ,56,0.0,0.0,0.0,,,True
1790671500,2026-09-29T08:45:00Z,ปากชม,240,0.0,0.0,0.0,,,True
1790671500,2026-09-29T08:45:00Z,เมืองเลย,314,0.0,0.0,0.0,,,True
1790671500,2026-09-29T08:45:00Z,นาด้วง,143,0.0,0.0,0.0,,,True
1790671500,2026-09-29T08:45:00Z,สากเหล็ก,45,0.0,0.0,0.0,,,True
1790671500,2026-09-29T08:45:00Z,สามง่าม,89,0.0,0.0,0.0,,,True
1790671500,2026-09-29T08:45:00Z,ทับคล้อ,104,0.0,0.0,0.0,,,True
1790671500,2026-09-29T08:45:00Z,พรหมพิราม,206,0.0,0.0,0.0,,,True
1790671500,2026-09-29T08:45:00Z,ด่านขุนทด,344,0.0,0.0,0.0,,,True
1790671500,2026-09-29T08:45:00Z,วัดโบสถ์,226,0.0,0.0,0.0,,,True
1790671500,2026-09-29T08:45:00Z,บางระกำ,246,0.0,0.0,0.0,,,True
1790671500,2026-09-29T08:45:00Z,บางกระทุ่ม,91,0.0,0.0,0.0,,,True
1790671500,2026-09-29T08:45:00Z,นครไทย,597,0.0,0.0,0.0,,,True
1790671500,2026-09-29T08:45:00Z,ชาติตระการ,415,0.0,0.0,0.0,,,True
1790671500,2026-09-29T08:45:00Z,บ้านเหลื่อม,55,0.0,0.0,0.0,,,True
1790671500,2026-09-29T08:45:00Z,เมืองพิษณุโลก,178,0.0,0.0,0.0,,,True
1790671500,2026-09-29T08:45:00Z,ชุมแสง,145,0.0,0.0,0.0,,,True
1790671500,2026-09-29T08:45:00Z,หนองบัว,208,0.0,0.0,0.0,,,True
1790671500,2026-09-29T08:45:00Z,เมืองนครสวรรค์,183,0.0,0.0,0.0,,,True
1790671500,2026-09-29T08:45:00Z,โกรกพระ,71,0.0,0.0,0.0,,,True
1790671500,2026-09-29T08:45:00Z,ไพศาลี,244,0.0,0.0,0.0,,,True
1790671500,2026-09-29T08:45:00Z,ตาคลี,206,0.0,0.0,0.0,,,True
1790671500,2026-09-29T08:45:00Z,ท่าตะโก,211,0.0,0.0,0.0,,,True
1790671500,2026-09-29T08:45:00Z,เขาค้อ,207,0.0,0.0,0.0,,,True
1790671500,2026-09-29T08:45:00Z,บรรพตพิสัย,181,0.0,0.0,0.0,,,True
1790671500,2026-09-29T08:45:00Z,เก้าเลี้ยว,57,0.0,0.0,0.0,,,True
1790671500,2026-09-29T08:45:00Z,วังโป่ง,123,0.0,0.0,0.0,,,True
1790671500,2026-09-29T08:45:00Z,บึงสามพัน,194,0.0,0.0,0.0,,,True
1790671500,2026-09-29T08:45:00Z,น้ำหนาว,231,0.0,0.0,0.0,,,True
1790671500,2026-09-29T08:45:00Z,ศรีเทพ,204,0.0,0.0,0.0,,,True
1790671500,2026-09-29T08:45:00Z,หนองไผ่,315,0.0,0.0,0.0,,,True
1790671500,2026-09-29T08:45:00Z,มหาราช,4,0.0,0.0,0.0,,,False
1790671500,2026-09-29T08:45:00Z,บ้านแพรก,10,0.0,0.0,0.0,,,True
1790671500,2026-09-29T08:45:00Z,บางมูลนาก,99,0.0,0.0,0.0,,,True
1790671500,2026-09-29T08:45:00Z,โพทะเล,131,0.0,0.0,0.0,,,True
1790671500,2026-09-29T08:45:00Z,โพธิ์ประทับช้าง,102,0.0,0.0,0.0,,,True
1790671500,2026-09-29T08:45:00Z,ตะพานหิน,109,0.0,0.0,0.0,,,True
1790671500,2026-09-29T08:45:00Z,เมืองพิจิตร,138,0.0,0.0,0.0,,,True
1790671500,2026-09-29T08:45:00Z,วังทรายพูน,66,0.0,0.0,0.0,,,True
